record_type,game,patch,steam_build_id,race,race_slug,subculture_key,character_name,character_slug,character_class,agent_subtype_key,primary_agent_type,permitted_agent_types,permitted_faction_keys,is_legendary_lord,is_unique_agent,is_recruitable,show_in_ui,auto_generate,is_caster,magic_lore,recruitment_category,node_set_key,node_set_name,node_set_index,node_set_agent_key,node_set_for_army,node_set_for_navy,node_set_faction_key,node_set_campaign_key,node_set_subculture_key,node_key,skill_key,skill_name,skill_description,skill_icon_path,node_tier,node_indent,points_on_creation,required_num_parents,visible_in_ui,skill_unlocked_at_rank,skill_max_level,skill_level,level_name,level_description,level_unlocked_at_rank,level_image_path,level_campaign_key,level_faction_key,level_subculture_key,effect_key,effect_description,effect_additional_tooltip,effect_scope,effect_value,effect_category,effect_priority,effect_is_positive_value_good,effect_icon,effect_icon_negative,parent_node_key,parent_skill_key,parent_skill_name,child_node_key,child_skill_key,child_skill_name,link_type,initial_descent_tiers,parent_link_position,child_link_position,parent_link_position_offset,child_link_position_offset,locked_skill_key,locked_skill_name,locked_skill_level,ancillary_key,ancillary_name,ancillary_type,ancillary_category,dilemma_key,dilemma_title,dilemma_random_selection,source_table,source_key
character,warhammer_3,8.1.1,24237342,Lizardmen,lizardmen,wh2_main_sc_lzd_lizardmen,Lord Kroak,Lord_Kroak,hero,wh2_dlc12_lzd_lord_kroak,wizard,wizard,wh2_dlc12_lzd_cult_of_sotek|wh2_dlc13_lzd_spirits_of_the_jungle|wh2_dlc17_lzd_oxyotl|wh2_main_lzd_hexoatl|wh2_main_lzd_itza|wh2_main_lzd_last_defenders|wh2_main_lzd_tlaqua,false,true,true,false,false,true,,,,,,,,,,,,,,,,,,,,,,,,,,,,,,,,,,,,,,,,,,,,,,,,,,,,,,,,,,,,,,,,agent_subtypes_tables,wh2_dlc12_lzd_lord_kroak
node_set,warhammer_3,8.1.1,24237342,Lizardmen,lizardmen,wh2_main_sc_lzd_lizardmen,Lord Kroak,Lord_Kroak,hero,wh2_dlc12_lzd_lord_kroak,wizard,wizard,wh2_dlc12_lzd_cult_of_sotek|wh2_dlc13_lzd_spirits_of_the_jungle|wh2_dlc17_lzd_oxyotl|wh2_main_lzd_hexoatl|wh2_main_lzd_itza|wh2_main_lzd_last_defenders|wh2_main_lzd_tlaqua,false,true,true,false,false,true,,,wh2_dlc12_skill_node_set_lzd_lord_kroak,,1,wizard,false,false,,,,,,,,,,,,,,,,,,,,,,,,,,,,,,,,,,,,,,,,,,,,,,,,,,,,,,,,character_skill_node_sets_tables,wh2_dlc12_skill_node_set_lzd_lord_kroak
node,warhammer_3,8.1.1,24237342,Lizardmen,lizardmen,wh2_main_sc_lzd_lizardmen,Lord Kroak,Lord_Kroak,hero,wh2_dlc12_lzd_lord_kroak,wizard,wizard,wh2_dlc12_lzd_cult_of_sotek|wh2_dlc13_lzd_spirits_of_the_jungle|wh2_dlc17_lzd_oxyotl|wh2_main_lzd_hexoatl|wh2_main_lzd_itza|wh2_main_lzd_last_defenders|wh2_main_lzd_tlaqua,false,true,true,false,false,true,,,wh2_dlc12_skill_node_set_lzd_lord_kroak,,1,wizard,false,false,,,,wh2_main_skill_node_lzd_lord_kroak_unique_0,wh2_dlc12_skill_lzd_kroak_supreme_shield_of_the_old_ones,Supreme Shield of the Old Ones,"More than just a shield, this one channels the visceral power of the Old Ones to protect its bearer from magical attack.",wh2_dlc12_character_abilities_supreme_shield_of_the_old_ones.png,0,0,1,0,true,0,3,,,,,,,,,,,,,,,,,,,,,,,,,,,,,,,,,,,,,,,,,character_skill_nodes_tables,wh2_main_skill_node_lzd_lord_kroak_unique_0
effect,warhammer_3,8.1.1,24237342,Lizardmen,lizardmen,wh2_main_sc_lzd_lizardmen,Lord Kroak,Lord_Kroak,hero,wh2_dlc12_lzd_lord_kroak,wizard,wizard,wh2_dlc12_lzd_cult_of_sotek|wh2_dlc13_lzd_spirits_of_the_jungle|wh2_dlc17_lzd_oxyotl|wh2_main_lzd_hexoatl|wh2_main_lzd_itza|wh2_main_lzd_last_defenders|wh2_main_lzd_tlaqua,false,true,true,false,false,true,,,wh2_dlc12_skill_node_set_lzd_lord_kroak,,1,wizard,false,false,,,,wh2_main_skill_node_lzd_lord_kroak_unique_0,wh2_dlc12_skill_lzd_kroak_supreme_shield_of_the_old_ones,Supreme Shield of the Old Ones,"More than just a shield, this one channels the visceral power of the Old Ones to protect its bearer from magical attack.",wh2_dlc12_character_abilities_supreme_shield_of_the_old_ones.png,0,0,1,0,true,0,3,1,Supreme Shield of the Old Ones,"More than just a shield, this one channels the visceral power of the Old Ones to protect its bearer from magical attack.",,,,,,wh2_dlc12_effect_ability_enable_supreme_shield_of_the_old_ones,"Ability: ""Supreme Shield of the Old Ones""",,character_to_character_own,1,battle,300,true,general_ability.png,general_ability.png,,,,,,,,,,,,,,,,,,,,,,,character_skill_level_to_effects_junctions_tables,wh2_dlc12_skill_lzd_kroak_supreme_shield_of_the_old_ones|wh2_dlc12_effect_ability_enable_supreme_shield_of_the_old_ones|1|character_to_character_own
effect,warhammer_3,8.1.1,24237342,Lizardmen,lizardmen,wh2_main_sc_lzd_lizardmen,Lord Kroak,Lord_Kroak,hero,wh2_dlc12_lzd_lord_kroak,wizard,wizard,wh2_dlc12_lzd_cult_of_sotek|wh2_dlc13_lzd_spirits_of_the_jungle|wh2_dlc17_lzd_oxyotl|wh2_main_lzd_hexoatl|wh2_main_lzd_itza|wh2_main_lzd_last_defenders|wh2_main_lzd_tlaqua,false,true,true,false,false,true,,,wh2_dlc12_skill_node_set_lzd_lord_kroak,,1,wizard,false,false,,,,wh2_main_skill_node_lzd_lord_kroak_unique_0,wh2_dlc12_skill_lzd_kroak_supreme_shield_of_the_old_ones,Supreme Shield of the Old Ones,"More than just a shield, this one channels the visceral power of the Old Ones to protect its bearer from magical attack.",wh2_dlc12_character_abilities_supreme_shield_of_the_old_ones.png,0,0,1,0,true,0,3,2,Supreme Shield of the Old Ones,"More than just a shield, this one channels the visceral power of the Old Ones to protect its bearer from magical attack.",,,,,,wh2_dlc12_effect_ability_cooldown_supreme_shield_of_the_old_ones,"Cooldown: %+n% to ""Supreme Shield of the Old Ones""",,character_to_character_own,-25,both,293,false,magic_cooldown_character.png,magic_cooldown_character.png,,,,,,,,,,,,,,,,,,,,,,,character_skill_level_to_effects_junctions_tables,wh2_dlc12_skill_lzd_kroak_supreme_shield_of_the_old_ones|wh2_dlc12_effect_ability_cooldown_supreme_shield_of_the_old_ones|2|character_to_character_own
effect,warhammer_3,8.1.1,24237342,Lizardmen,lizardmen,wh2_main_sc_lzd_lizardmen,Lord Kroak,Lord_Kroak,hero,wh2_dlc12_lzd_lord_kroak,wizard,wizard,wh2_dlc12_lzd_cult_of_sotek|wh2_dlc13_lzd_spirits_of_the_jungle|wh2_dlc17_lzd_oxyotl|wh2_main_lzd_hexoatl|wh2_main_lzd_itza|wh2_main_lzd_last_defenders|wh2_main_lzd_tlaqua,false,true,true,false,false,true,,,wh2_dlc12_skill_node_set_lzd_lord_kroak,,1,wizard,false,false,,,,wh2_main_skill_node_lzd_lord_kroak_unique_0,wh2_dlc12_skill_lzd_kroak_supreme_shield_of_the_old_ones,Supreme Shield of the Old Ones,"More than just a shield, this one channels the visceral power of the Old Ones to protect its bearer from magical attack.",wh2_dlc12_character_abilities_supreme_shield_of_the_old_ones.png,0,0,1,0,true,0,3,2,Supreme Shield of the Old Ones,"More than just a shield, this one channels the visceral power of the Old Ones to protect its bearer from magical attack.",,,,,,wh2_dlc12_effect_ability_enable_supreme_shield_of_the_old_ones,"Ability: ""Supreme Shield of the Old Ones""",,character_to_character_own,1,battle,300,true,general_ability.png,general_ability.png,,,,,,,,,,,,,,,,,,,,,,,character_skill_level_to_effects_junctions_tables,wh2_dlc12_skill_lzd_kroak_supreme_shield_of_the_old_ones|wh2_dlc12_effect_ability_enable_supreme_shield_of_the_old_ones|2|character_to_character_own
effect,warhammer_3,8.1.1,24237342,Lizardmen,lizardmen,wh2_main_sc_lzd_lizardmen,Lord Kroak,Lord_Kroak,hero,wh2_dlc12_lzd_lord_kroak,wizard,wizard,wh2_dlc12_lzd_cult_of_sotek|wh2_dlc13_lzd_spirits_of_the_jungle|wh2_dlc17_lzd_oxyotl|wh2_main_lzd_hexoatl|wh2_main_lzd_itza|wh2_main_lzd_last_defenders|wh2_main_lzd_tlaqua,false,true,true,false,false,true,,,wh2_dlc12_skill_node_set_lzd_lord_kroak,,1,wizard,false,false,,,,wh2_main_skill_node_lzd_lord_kroak_unique_0,wh2_dlc12_skill_lzd_kroak_supreme_shield_of_the_old_ones,Supreme Shield of the Old Ones,"More than just a shield, this one channels the visceral power of the Old Ones to protect its bearer from magical attack.",wh2_dlc12_character_abilities_supreme_shield_of_the_old_ones.png,0,0,1,0,true,0,3,3,Supreme Shield of the Old Ones,"More than just a shield, this one channels the visceral power of the Old Ones to protect its bearer from magical attack.",,,,,,wh2_dlc12_effect_ability_cooldown_supreme_shield_of_the_old_ones,"Cooldown: %+n% to ""Supreme Shield of the Old Ones""",,character_to_character_own,-50,both,293,false,magic_cooldown_character.png,magic_cooldown_character.png,,,,,,,,,,,,,,,,,,,,,,,character_skill_level_to_effects_junctions_tables,wh2_dlc12_skill_lzd_kroak_supreme_shield_of_the_old_ones|wh2_dlc12_effect_ability_cooldown_supreme_shield_of_the_old_ones|3|character_to_character_own
effect,warhammer_3,8.1.1,24237342,Lizardmen,lizardmen,wh2_main_sc_lzd_lizardmen,Lord Kroak,Lord_Kroak,hero,wh2_dlc12_lzd_lord_kroak,wizard,wizard,wh2_dlc12_lzd_cult_of_sotek|wh2_dlc13_lzd_spirits_of_the_jungle|wh2_dlc17_lzd_oxyotl|wh2_main_lzd_hexoatl|wh2_main_lzd_itza|wh2_main_lzd_last_defenders|wh2_main_lzd_tlaqua,false,true,true,false,false,true,,,wh2_dlc12_skill_node_set_lzd_lord_kroak,,1,wizard,false,false,,,,wh2_main_skill_node_lzd_lord_kroak_unique_0,wh2_dlc12_skill_lzd_kroak_supreme_shield_of_the_old_ones,Supreme Shield of the Old Ones,"More than just a shield, this one channels the visceral power of the Old Ones to protect its bearer from magical attack.",wh2_dlc12_character_abilities_supreme_shield_of_the_old_ones.png,0,0,1,0,true,0,3,3,Supreme Shield of the Old Ones,"More than just a shield, this one channels the visceral power of the Old Ones to protect its bearer from magical attack.",,,,,,wh2_dlc12_effect_ability_enable_supreme_shield_of_the_old_ones,"Ability: ""Supreme Shield of the Old Ones""",,character_to_character_own,1,battle,300,true,general_ability.png,general_ability.png,,,,,,,,,,,,,,,,,,,,,,,character_skill_level_to_effects_junctions_tables,wh2_dlc12_skill_lzd_kroak_supreme_shield_of_the_old_ones|wh2_dlc12_effect_ability_enable_supreme_shield_of_the_old_ones|3|character_to_character_own
node,warhammer_3,8.1.1,24237342,Lizardmen,lizardmen,wh2_main_sc_lzd_lizardmen,Lord Kroak,Lord_Kroak,hero,wh2_dlc12_lzd_lord_kroak,wizard,wizard,wh2_dlc12_lzd_cult_of_sotek|wh2_dlc13_lzd_spirits_of_the_jungle|wh2_dlc17_lzd_oxyotl|wh2_main_lzd_hexoatl|wh2_main_lzd_itza|wh2_main_lzd_last_defenders|wh2_main_lzd_tlaqua,false,true,true,false,false,true,,,wh2_dlc12_skill_node_set_lzd_lord_kroak,,1,wizard,false,false,,,,wh2_main_skill_node_lzd_lord_kroak_discipline_1_0,wh2_main_skill_lzd_disciplines_reservoir,Reserves of Eldritch Energy,"The power of the Old Ones, stored for future use so that - at precisely the right time - the Great Plan may be advanced.",character_magic.png,0,1,0,0,true,3,1,,,,,,,,,,,,,,,,,,,,,,,,,,,,,,,,,,,,,,,,,character_skill_nodes_tables,wh2_main_skill_node_lzd_lord_kroak_discipline_1_0
skill_level,warhammer_3,8.1.1,24237342,Lizardmen,lizardmen,wh2_main_sc_lzd_lizardmen,Lord Kroak,Lord_Kroak,hero,wh2_dlc12_lzd_lord_kroak,wizard,wizard,wh2_dlc12_lzd_cult_of_sotek|wh2_dlc13_lzd_spirits_of_the_jungle|wh2_dlc17_lzd_oxyotl|wh2_main_lzd_hexoatl|wh2_main_lzd_itza|wh2_main_lzd_last_defenders|wh2_main_lzd_tlaqua,false,true,true,false,false,true,,,wh2_dlc12_skill_node_set_lzd_lord_kroak,,1,wizard,false,false,,,,wh2_main_skill_node_lzd_lord_kroak_discipline_1_0,wh2_main_skill_lzd_disciplines_reservoir,Reserves of Eldritch Energy,"The power of the Old Ones, stored for future use so that - at precisely the right time - the Great Plan may be advanced.",character_magic.png,0,1,0,0,true,3,1,1,Reserves of Eldritch Energy,"The power of the Old Ones, stored for future use so that - at precisely the right time - the Great Plan may be advanced.",3,x,,,,,,,,,,,,,,,,,,,,,,,,,,,,,,,,,,,,character_skill_level_details_tables,wh2_main_skill_lzd_disciplines_reservoir|1|||
effect,warhammer_3,8.1.1,24237342,Lizardmen,lizardmen,wh2_main_sc_lzd_lizardmen,Lord Kroak,Lord_Kroak,hero,wh2_dlc12_lzd_lord_kroak,wizard,wizard,wh2_dlc12_lzd_cult_of_sotek|wh2_dlc13_lzd_spirits_of_the_jungle|wh2_dlc17_lzd_oxyotl|wh2_main_lzd_hexoatl|wh2_main_lzd_itza|wh2_main_lzd_last_defenders|wh2_main_lzd_tlaqua,false,true,true,false,false,true,,,wh2_dlc12_skill_node_set_lzd_lord_kroak,,1,wizard,false,false,,,,wh2_main_skill_node_lzd_lord_kroak_discipline_1_0,wh2_main_skill_lzd_disciplines_reservoir,Reserves of Eldritch Energy,"The power of the Old Ones, stored for future use so that - at precisely the right time - the Great Plan may be advanced.",character_magic.png,0,1,0,0,true,3,1,1,Reserves of Eldritch Energy,"The power of the Old Ones, stored for future use so that - at precisely the right time - the Great Plan may be advanced.",,,,,,wh3_main_effect_winds_of_magic_pool_min,Winds of Magic power reserve minimum: %+n,,character_to_force_own_unseen,10,campaign,4,true,magic_campaign.png,magic_campaign.png,,,,,,,,,,,,,,,,,,,,,,,character_skill_level_to_effects_junctions_tables,wh2_main_skill_lzd_disciplines_reservoir|wh3_main_effect_winds_of_magic_pool_min|1|character_to_force_own_unseen
node,warhammer_3,8.1.1,24237342,Lizardmen,lizardmen,wh2_main_sc_lzd_lizardmen,Lord Kroak,Lord_Kroak,hero,wh2_dlc12_lzd_lord_kroak,wizard,wizard,wh2_dlc12_lzd_cult_of_sotek|wh2_dlc13_lzd_spirits_of_the_jungle|wh2_dlc17_lzd_oxyotl|wh2_main_lzd_hexoatl|wh2_main_lzd_itza|wh2_main_lzd_last_defenders|wh2_main_lzd_tlaqua,false,true,true,false,false,true,,,wh2_dlc12_skill_node_set_lzd_lord_kroak,,1,wizard,false,false,,,,wh2_main_skill_node_lzd_lord_kroak_discipline_2_0,wh2_main_skill_lzd_disciplines_unfathomable_presence,Unfathomable Presence,The Mage-Priest's thought patterns are so alien that they are even beyond the perception of enemy Wizards.,character_barrier.png,0,2,0,0,true,3,1,,,,,,,,,,,,,,,,,,,,,,,,,,,,,,,,,,,,,,,,,character_skill_nodes_tables,wh2_main_skill_node_lzd_lord_kroak_discipline_2_0
skill_level,warhammer_3,8.1.1,24237342,Lizardmen,lizardmen,wh2_main_sc_lzd_lizardmen,Lord Kroak,Lord_Kroak,hero,wh2_dlc12_lzd_lord_kroak,wizard,wizard,wh2_dlc12_lzd_cult_of_sotek|wh2_dlc13_lzd_spirits_of_the_jungle|wh2_dlc17_lzd_oxyotl|wh2_main_lzd_hexoatl|wh2_main_lzd_itza|wh2_main_lzd_last_defenders|wh2_main_lzd_tlaqua,false,true,true,false,false,true,,,wh2_dlc12_skill_node_set_lzd_lord_kroak,,1,wizard,false,false,,,,wh2_main_skill_node_lzd_lord_kroak_discipline_2_0,wh2_main_skill_lzd_disciplines_unfathomable_presence,Unfathomable Presence,The Mage-Priest's thought patterns are so alien that they are even beyond the perception of enemy Wizards.,character_barrier.png,0,2,0,0,true,3,1,1,Unfathomable Presence,The Mage-Priest's thought patterns are so alien that they are even beyond the perception of enemy Wizards.,3,x,,,,,,,,,,,,,,,,,,,,,,,,,,,,,,,,,,,,character_skill_level_details_tables,wh2_main_skill_lzd_disciplines_unfathomable_presence|1|||
effect,warhammer_3,8.1.1,24237342,Lizardmen,lizardmen,wh2_main_sc_lzd_lizardmen,Lord Kroak,Lord_Kroak,hero,wh2_dlc12_lzd_lord_kroak,wizard,wizard,wh2_dlc12_lzd_cult_of_sotek|wh2_dlc13_lzd_spirits_of_the_jungle|wh2_dlc17_lzd_oxyotl|wh2_main_lzd_hexoatl|wh2_main_lzd_itza|wh2_main_lzd_last_defenders|wh2_main_lzd_tlaqua,false,true,true,false,false,true,,,wh2_dlc12_skill_node_set_lzd_lord_kroak,,1,wizard,false,false,,,,wh2_main_skill_node_lzd_lord_kroak_discipline_2_0,wh2_main_skill_lzd_disciplines_unfathomable_presence,Unfathomable Presence,The Mage-Priest's thought patterns are so alien that they are even beyond the perception of enemy Wizards.,character_barrier.png,0,2,0,0,true,3,1,1,Unfathomable Presence,The Mage-Priest's thought patterns are so alien that they are even beyond the perception of enemy Wizards.,,,,,,wh3_main_effect_battle_barrier_health_add,Barrier hit points: %+n,,character_to_character_own,800,battle,320,true,barrier.png,barrier.png,,,,,,,,,,,,,,,,,,,,,,,character_skill_level_to_effects_junctions_tables,wh2_main_skill_lzd_disciplines_unfathomable_presence|wh3_main_effect_battle_barrier_health_add|1|character_to_character_own
node,warhammer_3,8.1.1,24237342,Lizardmen,lizardmen,wh2_main_sc_lzd_lizardmen,Lord Kroak,Lord_Kroak,hero,wh2_dlc12_lzd_lord_kroak,wizard,wizard,wh2_dlc12_lzd_cult_of_sotek|wh2_dlc13_lzd_spirits_of_the_jungle|wh2_dlc17_lzd_oxyotl|wh2_main_lzd_hexoatl|wh2_main_lzd_itza|wh2_main_lzd_last_defenders|wh2_main_lzd_tlaqua,false,true,true,false,false,true,,,wh2_dlc12_skill_node_set_lzd_lord_kroak,,1,wizard,false,false,,,,wh2_main_skill_node_lzd_lord_kroak_magic_0,wh2_dlc12_skill_lzd_magic_kroak_deliverance_of_itza_1,Deliverance of Itza 1,"Mighty Lord Kroak spawns a small sun that, when it explodes, causes abject devastation… funnily enough.",wh2_dlc12_spell_kroak_magic_deliverance_of_itza.png,0,3,0,0,true,0,2,,,,,,,,,,,,,,,,,,,,,,,,,,,,,,,,,,,,,,,,,character_skill_nodes_tables,wh2_main_skill_node_lzd_lord_kroak_magic_0
effect,warhammer_3,8.1.1,24237342,Lizardmen,lizardmen,wh2_main_sc_lzd_lizardmen,Lord Kroak,Lord_Kroak,hero,wh2_dlc12_lzd_lord_kroak,wizard,wizard,wh2_dlc12_lzd_cult_of_sotek|wh2_dlc13_lzd_spirits_of_the_jungle|wh2_dlc17_lzd_oxyotl|wh2_main_lzd_hexoatl|wh2_main_lzd_itza|wh2_main_lzd_last_defenders|wh2_main_lzd_tlaqua,false,true,true,false,false,true,,,wh2_dlc12_skill_node_set_lzd_lord_kroak,,1,wizard,false,false,,,,wh2_main_skill_node_lzd_lord_kroak_magic_0,wh2_dlc12_skill_lzd_magic_kroak_deliverance_of_itza_1,Deliverance of Itza 1,"Mighty Lord Kroak spawns a small sun that, when it explodes, causes abject devastation… funnily enough.",wh2_dlc12_spell_kroak_magic_deliverance_of_itza.png,0,3,0,0,true,0,2,1,Deliverance of Itza 1,"Mighty Lord Kroak spawns a small sun that, when it explodes, causes abject devastation… funnily enough.",,,,,,wh2_dlc12_effect_ability_enable_deliverance_of_itza_1,"Spell: ""Deliverance of Itza I""",,character_to_character_own,1,battle,290,true,magic_character.png,magic_character.png,,,,,,,,,,,,,,,,,,,,,,,character_skill_level_to_effects_junctions_tables,wh2_dlc12_skill_lzd_magic_kroak_deliverance_of_itza_1|wh2_dlc12_effect_ability_enable_deliverance_of_itza_1|1|character_to_character_own
effect,warhammer_3,8.1.1,24237342,Lizardmen,lizardmen,wh2_main_sc_lzd_lizardmen,Lord Kroak,Lord_Kroak,hero,wh2_dlc12_lzd_lord_kroak,wizard,wizard,wh2_dlc12_lzd_cult_of_sotek|wh2_dlc13_lzd_spirits_of_the_jungle|wh2_dlc17_lzd_oxyotl|wh2_main_lzd_hexoatl|wh2_main_lzd_itza|wh2_main_lzd_last_defenders|wh2_main_lzd_tlaqua,false,true,true,false,false,true,,,wh2_dlc12_skill_node_set_lzd_lord_kroak,,1,wizard,false,false,,,,wh2_main_skill_node_lzd_lord_kroak_magic_0,wh2_dlc12_skill_lzd_magic_kroak_deliverance_of_itza_1,Deliverance of Itza 1,"Mighty Lord Kroak spawns a small sun that, when it explodes, causes abject devastation… funnily enough.",wh2_dlc12_spell_kroak_magic_deliverance_of_itza.png,0,3,0,0,true,0,2,1,Deliverance of Itza 1,"Mighty Lord Kroak spawns a small sun that, when it explodes, causes abject devastation… funnily enough.",,,,,,wh2_dlc12_effect_ability_wom_cost_deliverance_of_itza_1,"Winds of Magic cost: %n for ""Deliverance of Itza I""",,character_to_character_own,-1,both,294,false,magic_character.png,magic_character.png,,,,,,,,,,,,,,,,,,,,,,,character_skill_level_to_effects_junctions_tables,wh2_dlc12_skill_lzd_magic_kroak_deliverance_of_itza_1|wh2_dlc12_effect_ability_wom_cost_deliverance_of_itza_1|1|character_to_character_own
effect,warhammer_3,8.1.1,24237342,Lizardmen,lizardmen,wh2_main_sc_lzd_lizardmen,Lord Kroak,Lord_Kroak,hero,wh2_dlc12_lzd_lord_kroak,wizard,wizard,wh2_dlc12_lzd_cult_of_sotek|wh2_dlc13_lzd_spirits_of_the_jungle|wh2_dlc17_lzd_oxyotl|wh2_main_lzd_hexoatl|wh2_main_lzd_itza|wh2_main_lzd_last_defenders|wh2_main_lzd_tlaqua,false,true,true,false,false,true,,,wh2_dlc12_skill_node_set_lzd_lord_kroak,,1,wizard,false,false,,,,wh2_main_skill_node_lzd_lord_kroak_magic_0,wh2_dlc12_skill_lzd_magic_kroak_deliverance_of_itza_1,Deliverance of Itza 1,"Mighty Lord Kroak spawns a small sun that, when it explodes, causes abject devastation… funnily enough.",wh2_dlc12_spell_kroak_magic_deliverance_of_itza.png,0,3,0,0,true,0,2,2,Deliverance of Itza 1,"Mighty Lord Kroak spawns a small sun that, when it explodes, causes abject devastation… funnily enough.",,,,,,wh2_dlc12_effect_ability_enable_deliverance_of_itza_1,"Spell: ""Deliverance of Itza I""",,character_to_character_own,1,battle,290,true,magic_character.png,magic_character.png,,,,,,,,,,,,,,,,,,,,,,,character_skill_level_to_effects_junctions_tables,wh2_dlc12_skill_lzd_magic_kroak_deliverance_of_itza_1|wh2_dlc12_effect_ability_enable_deliverance_of_itza_1|2|character_to_character_own
effect,warhammer_3,8.1.1,24237342,Lizardmen,lizardmen,wh2_main_sc_lzd_lizardmen,Lord Kroak,Lord_Kroak,hero,wh2_dlc12_lzd_lord_kroak,wizard,wizard,wh2_dlc12_lzd_cult_of_sotek|wh2_dlc13_lzd_spirits_of_the_jungle|wh2_dlc17_lzd_oxyotl|wh2_main_lzd_hexoatl|wh2_main_lzd_itza|wh2_main_lzd_last_defenders|wh2_main_lzd_tlaqua,false,true,true,false,false,true,,,wh2_dlc12_skill_node_set_lzd_lord_kroak,,1,wizard,false,false,,,,wh2_main_skill_node_lzd_lord_kroak_magic_0,wh2_dlc12_skill_lzd_magic_kroak_deliverance_of_itza_1,Deliverance of Itza 1,"Mighty Lord Kroak spawns a small sun that, when it explodes, causes abject devastation… funnily enough.",wh2_dlc12_spell_kroak_magic_deliverance_of_itza.png,0,3,0,0,true,0,2,2,Deliverance of Itza 1,"Mighty Lord Kroak spawns a small sun that, when it explodes, causes abject devastation… funnily enough.",,,,,,wh2_dlc12_effect_ability_wom_cost_deliverance_of_itza_1,"Winds of Magic cost: %n for ""Deliverance of Itza I""",,character_to_character_own,-2,both,294,false,magic_character.png,magic_character.png,,,,,,,,,,,,,,,,,,,,,,,character_skill_level_to_effects_junctions_tables,wh2_dlc12_skill_lzd_magic_kroak_deliverance_of_itza_1|wh2_dlc12_effect_ability_wom_cost_deliverance_of_itza_1|2|character_to_character_own
node,warhammer_3,8.1.1,24237342,Lizardmen,lizardmen,wh2_main_sc_lzd_lizardmen,Lord Kroak,Lord_Kroak,hero,wh2_dlc12_lzd_lord_kroak,wizard,wizard,wh2_dlc12_lzd_cult_of_sotek|wh2_dlc13_lzd_spirits_of_the_jungle|wh2_dlc17_lzd_oxyotl|wh2_main_lzd_hexoatl|wh2_main_lzd_itza|wh2_main_lzd_last_defenders|wh2_main_lzd_tlaqua,false,true,true,false,false,true,,,wh2_dlc12_skill_node_set_lzd_lord_kroak,,1,wizard,false,false,,,,wh2_main_skill_node_lzd_lord_kroak_campaign_0,wh2_main_skill_all_hero_assist_army_training,{{tr:agent_action_name_training}},This champion extols discipline and fear away from the battlefield as much as on it.,campaign_experience.png,0,5,0,0,true,0,3,,,,,,,,,,,,,,,,,,,,,,,,,,,,,,,,,,,,,,,,,character_skill_nodes_tables,wh2_main_skill_node_lzd_lord_kroak_campaign_0
skill_level,warhammer_3,8.1.1,24237342,Lizardmen,lizardmen,wh2_main_sc_lzd_lizardmen,Lord Kroak,Lord_Kroak,hero,wh2_dlc12_lzd_lord_kroak,wizard,wizard,wh2_dlc12_lzd_cult_of_sotek|wh2_dlc13_lzd_spirits_of_the_jungle|wh2_dlc17_lzd_oxyotl|wh2_main_lzd_hexoatl|wh2_main_lzd_itza|wh2_main_lzd_last_defenders|wh2_main_lzd_tlaqua,false,true,true,false,false,true,,,wh2_dlc12_skill_node_set_lzd_lord_kroak,,1,wizard,false,false,,,,wh2_main_skill_node_lzd_lord_kroak_campaign_0,wh2_main_skill_all_hero_assist_army_training,{{tr:agent_action_name_training}},This champion extols discipline and fear away from the battlefield as much as on it.,campaign_experience.png,0,5,0,0,true,0,3,2,{{tr:agent_action_name_training}},This champion extols discipline and fear away from the battlefield as much as on it.,4,x,,,,,,,,,,,,,,,,,,,,,,,,,,,,,,,,,,,,character_skill_level_details_tables,wh2_main_skill_all_hero_assist_army_training|2|||
skill_level,warhammer_3,8.1.1,24237342,Lizardmen,lizardmen,wh2_main_sc_lzd_lizardmen,Lord Kroak,Lord_Kroak,hero,wh2_dlc12_lzd_lord_kroak,wizard,wizard,wh2_dlc12_lzd_cult_of_sotek|wh2_dlc13_lzd_spirits_of_the_jungle|wh2_dlc17_lzd_oxyotl|wh2_main_lzd_hexoatl|wh2_main_lzd_itza|wh2_main_lzd_last_defenders|wh2_main_lzd_tlaqua,false,true,true,false,false,true,,,wh2_dlc12_skill_node_set_lzd_lord_kroak,,1,wizard,false,false,,,,wh2_main_skill_node_lzd_lord_kroak_campaign_0,wh2_main_skill_all_hero_assist_army_training,{{tr:agent_action_name_training}},This champion extols discipline and fear away from the battlefield as much as on it.,campaign_experience.png,0,5,0,0,true,0,3,3,{{tr:agent_action_name_training}},This champion extols discipline and fear away from the battlefield as much as on it.,9,x,,,,,,,,,,,,,,,,,,,,,,,,,,,,,,,,,,,,character_skill_level_details_tables,wh2_main_skill_all_hero_assist_army_training|3|||
effect,warhammer_3,8.1.1,24237342,Lizardmen,lizardmen,wh2_main_sc_lzd_lizardmen,Lord Kroak,Lord_Kroak,hero,wh2_dlc12_lzd_lord_kroak,wizard,wizard,wh2_dlc12_lzd_cult_of_sotek|wh2_dlc13_lzd_spirits_of_the_jungle|wh2_dlc17_lzd_oxyotl|wh2_main_lzd_hexoatl|wh2_main_lzd_itza|wh2_main_lzd_last_defenders|wh2_main_lzd_tlaqua,false,true,true,false,false,true,,,wh2_dlc12_skill_node_set_lzd_lord_kroak,,1,wizard,false,false,,,,wh2_main_skill_node_lzd_lord_kroak_campaign_0,wh2_main_skill_all_hero_assist_army_training,{{tr:agent_action_name_training}},This champion extols discipline and fear away from the battlefield as much as on it.,campaign_experience.png,0,5,0,0,true,0,3,1,{{tr:agent_action_name_training}},This champion extols discipline and fear away from the battlefield as much as on it.,,,,,,wh2_main_effect_agent_action_assist_army_training_buff,[[col:yellow]]{{tr:agent_action_name_training}}[[/col]] action: Unit experience gain is increased by an additional %n%,[[col:yellow]]{{tr:agent_action_name_training}}[[/col]] (Assist Army)\\nIncreases experience gain for units serving in the parent army.,character_to_character_own,10,campaign,7,true,experience.png,experience.png,,,,,,,,,,,,,,,,,,,,,,,character_skill_level_to_effects_junctions_tables,wh2_main_skill_all_hero_assist_army_training|wh2_main_effect_agent_action_assist_army_training_buff|1|character_to_character_own
effect,warhammer_3,8.1.1,24237342,Lizardmen,lizardmen,wh2_main_sc_lzd_lizardmen,Lord Kroak,Lord_Kroak,hero,wh2_dlc12_lzd_lord_kroak,wizard,wizard,wh2_dlc12_lzd_cult_of_sotek|wh2_dlc13_lzd_spirits_of_the_jungle|wh2_dlc17_lzd_oxyotl|wh2_main_lzd_hexoatl|wh2_main_lzd_itza|wh2_main_lzd_last_defenders|wh2_main_lzd_tlaqua,false,true,true,false,false,true,,,wh2_dlc12_skill_node_set_lzd_lord_kroak,,1,wizard,false,false,,,,wh2_main_skill_node_lzd_lord_kroak_campaign_0,wh2_main_skill_all_hero_assist_army_training,{{tr:agent_action_name_training}},This champion extols discipline and fear away from the battlefield as much as on it.,campaign_experience.png,0,5,0,0,true,0,3,2,{{tr:agent_action_name_training}},This champion extols discipline and fear away from the battlefield as much as on it.,,,,,,wh2_main_effect_agent_action_assist_army_training_buff,[[col:yellow]]{{tr:agent_action_name_training}}[[/col]] action: Unit experience gain is increased by an additional %n%,[[col:yellow]]{{tr:agent_action_name_training}}[[/col]] (Assist Army)\\nIncreases experience gain for units serving in the parent army.,character_to_character_own,20,campaign,7,true,experience.png,experience.png,,,,,,,,,,,,,,,,,,,,,,,character_skill_level_to_effects_junctions_tables,wh2_main_skill_all_hero_assist_army_training|wh2_main_effect_agent_action_assist_army_training_buff|2|character_to_character_own
effect,warhammer_3,8.1.1,24237342,Lizardmen,lizardmen,wh2_main_sc_lzd_lizardmen,Lord Kroak,Lord_Kroak,hero,wh2_dlc12_lzd_lord_kroak,wizard,wizard,wh2_dlc12_lzd_cult_of_sotek|wh2_dlc13_lzd_spirits_of_the_jungle|wh2_dlc17_lzd_oxyotl|wh2_main_lzd_hexoatl|wh2_main_lzd_itza|wh2_main_lzd_last_defenders|wh2_main_lzd_tlaqua,false,true,true,false,false,true,,,wh2_dlc12_skill_node_set_lzd_lord_kroak,,1,wizard,false,false,,,,wh2_main_skill_node_lzd_lord_kroak_campaign_0,wh2_main_skill_all_hero_assist_army_training,{{tr:agent_action_name_training}},This champion extols discipline and fear away from the battlefield as much as on it.,campaign_experience.png,0,5,0,0,true,0,3,3,{{tr:agent_action_name_training}},This champion extols discipline and fear away from the battlefield as much as on it.,,,,,,wh2_main_effect_agent_action_assist_army_training_buff,[[col:yellow]]{{tr:agent_action_name_training}}[[/col]] action: Unit experience gain is increased by an additional %n%,[[col:yellow]]{{tr:agent_action_name_training}}[[/col]] (Assist Army)\\nIncreases experience gain for units serving in the parent army.,character_to_character_own,30,campaign,7,true,experience.png,experience.png,,,,,,,,,,,,,,,,,,,,,,,character_skill_level_to_effects_junctions_tables,wh2_main_skill_all_hero_assist_army_training|wh2_main_effect_agent_action_assist_army_training_buff|3|character_to_character_own
node,warhammer_3,8.1.1,24237342,Lizardmen,lizardmen,wh2_main_sc_lzd_lizardmen,Lord Kroak,Lord_Kroak,hero,wh2_dlc12_lzd_lord_kroak,wizard,wizard,wh2_dlc12_lzd_cult_of_sotek|wh2_dlc13_lzd_spirits_of_the_jungle|wh2_dlc17_lzd_oxyotl|wh2_main_lzd_hexoatl|wh2_main_lzd_itza|wh2_main_lzd_last_defenders|wh2_main_lzd_tlaqua,false,true,true,false,false,true,,,wh2_dlc12_skill_node_set_lzd_lord_kroak,,1,wizard,false,false,,,,wh2_dlc12_skill_node_lzd_lord_kroak_innate,wh2_dlc12_skill_lzd_innate_lord_kroak,The Spirit of the Venerable Lord Kroak,"Lord Kroak's power is that of a First Generation Slann, his connection with the Old Ones far greater than any of his living kin.",trait_lizardmen.png,0,6,0,0,false,0,1,,,,,,,,,,,,,,,,,,,,,,,,,,,,,,,,,,,,,,,,,character_skill_nodes_tables,wh2_dlc12_skill_node_lzd_lord_kroak_innate
effect,warhammer_3,8.1.1,24237342,Lizardmen,lizardmen,wh2_main_sc_lzd_lizardmen,Lord Kroak,Lord_Kroak,hero,wh2_dlc12_lzd_lord_kroak,wizard,wizard,wh2_dlc12_lzd_cult_of_sotek|wh2_dlc13_lzd_spirits_of_the_jungle|wh2_dlc17_lzd_oxyotl|wh2_main_lzd_hexoatl|wh2_main_lzd_itza|wh2_main_lzd_last_defenders|wh2_main_lzd_tlaqua,false,true,true,false,false,true,,,wh2_dlc12_skill_node_set_lzd_lord_kroak,,1,wizard,false,false,,,,wh2_dlc12_skill_node_lzd_lord_kroak_innate,wh2_dlc12_skill_lzd_innate_lord_kroak,The Spirit of the Venerable Lord Kroak,"Lord Kroak's power is that of a First Generation Slann, his connection with the Old Ones far greater than any of his living kin.",trait_lizardmen.png,0,6,0,0,false,0,1,1,The Spirit of the Venerable Lord Kroak,"Lord Kroak's power is that of a First Generation Slann, his connection with the Old Ones far greater than any of his living kin.",,,,,,wh_main_effect_force_stat_leadership,Leadership: %+n,,agent_to_parent_army_own,5,battle,410,true,morale.png,morale.png,,,,,,,,,,,,,,,,,,,,,,,character_skill_level_to_effects_junctions_tables,wh2_dlc12_skill_lzd_innate_lord_kroak|wh_main_effect_force_stat_leadership|1|agent_to_parent_army_own
effect,warhammer_3,8.1.1,24237342,Lizardmen,lizardmen,wh2_main_sc_lzd_lizardmen,Lord Kroak,Lord_Kroak,hero,wh2_dlc12_lzd_lord_kroak,wizard,wizard,wh2_dlc12_lzd_cult_of_sotek|wh2_dlc13_lzd_spirits_of_the_jungle|wh2_dlc17_lzd_oxyotl|wh2_main_lzd_hexoatl|wh2_main_lzd_itza|wh2_main_lzd_last_defenders|wh2_main_lzd_tlaqua,false,true,true,false,false,true,,,wh2_dlc12_skill_node_set_lzd_lord_kroak,,1,wizard,false,false,,,,wh2_dlc12_skill_node_lzd_lord_kroak_innate,wh2_dlc12_skill_lzd_innate_lord_kroak,The Spirit of the Venerable Lord Kroak,"Lord Kroak's power is that of a First Generation Slann, his connection with the Old Ones far greater than any of his living kin.",trait_lizardmen.png,0,6,0,0,false,0,1,1,The Spirit of the Venerable Lord Kroak,"Lord Kroak's power is that of a First Generation Slann, his connection with the Old Ones far greater than any of his living kin.",,,,,,wh_main_effect_province_growth_characters,Growth: %+n,,character_to_province_own,20,campaign,30,true,growth.png,growth.png,,,,,,,,,,,,,,,,,,,,,,,character_skill_level_to_effects_junctions_tables,wh2_dlc12_skill_lzd_innate_lord_kroak|wh_main_effect_province_growth_characters|1|character_to_province_own
effect,warhammer_3,8.1.1,24237342,Lizardmen,lizardmen,wh2_main_sc_lzd_lizardmen,Lord Kroak,Lord_Kroak,hero,wh2_dlc12_lzd_lord_kroak,wizard,wizard,wh2_dlc12_lzd_cult_of_sotek|wh2_dlc13_lzd_spirits_of_the_jungle|wh2_dlc17_lzd_oxyotl|wh2_main_lzd_hexoatl|wh2_main_lzd_itza|wh2_main_lzd_last_defenders|wh2_main_lzd_tlaqua,false,true,true,false,false,true,,,wh2_dlc12_skill_node_set_lzd_lord_kroak,,1,wizard,false,false,,,,wh2_dlc12_skill_node_lzd_lord_kroak_innate,wh2_dlc12_skill_lzd_innate_lord_kroak,The Spirit of the Venerable Lord Kroak,"Lord Kroak's power is that of a First Generation Slann, his connection with the Old Ones far greater than any of his living kin.",trait_lizardmen.png,0,6,0,0,false,0,1,1,The Spirit of the Venerable Lord Kroak,"Lord Kroak's power is that of a First Generation Slann, his connection with the Old Ones far greater than any of his living kin.",,,,,,wh3_main_effect_corruption_reduction_characters,Corruption: %+n,,character_to_province_any,-3,campaign,104,false,corruption.png,corruption.png,,,,,,,,,,,,,,,,,,,,,,,character_skill_level_to_effects_junctions_tables,wh2_dlc12_skill_lzd_innate_lord_kroak|wh3_main_effect_corruption_reduction_characters|1|character_to_province_any
node,warhammer_3,8.1.1,24237342,Lizardmen,lizardmen,wh2_main_sc_lzd_lizardmen,Lord Kroak,Lord_Kroak,hero,wh2_dlc12_lzd_lord_kroak,wizard,wizard,wh2_dlc12_lzd_cult_of_sotek|wh2_dlc13_lzd_spirits_of_the_jungle|wh2_dlc17_lzd_oxyotl|wh2_main_lzd_hexoatl|wh2_main_lzd_itza|wh2_main_lzd_last_defenders|wh2_main_lzd_tlaqua,false,true,true,false,false,true,,,wh2_dlc12_skill_node_set_lzd_lord_kroak,,1,wizard,false,false,,,,wh3_main_agent_action_scaling,wh3_main_skill_agent_action_success_scaling,Agent action success modifer,Hidden skill that scales action success/defence chance,mount_hellsteed.png,0,99,0,0,false,0,49,,,,,,,,,,,,,,,,,,,,,,,,,,,,,,,,,,,,,,,,,character_skill_nodes_tables,wh3_main_agent_action_scaling
effect,warhammer_3,8.1.1,24237342,Lizardmen,lizardmen,wh2_main_sc_lzd_lizardmen,Lord Kroak,Lord_Kroak,hero,wh2_dlc12_lzd_lord_kroak,wizard,wizard,wh2_dlc12_lzd_cult_of_sotek|wh2_dlc13_lzd_spirits_of_the_jungle|wh2_dlc17_lzd_oxyotl|wh2_main_lzd_hexoatl|wh2_main_lzd_itza|wh2_main_lzd_last_defenders|wh2_main_lzd_tlaqua,false,true,true,false,false,true,,,wh2_dlc12_skill_node_set_lzd_lord_kroak,,1,wizard,false,false,,,,wh3_main_agent_action_scaling,wh3_main_skill_agent_action_success_scaling,Agent action success modifer,Hidden skill that scales action success/defence chance,mount_hellsteed.png,0,99,0,0,false,0,49,1,Agent action success modifer,Hidden skill that scales action success/defence chance,,,,,,wh_main_effect_agent_action_success_chance_enemy_skill,[HIDDEN] Enemy Hero action success chance: %+n% (from skill),,character_to_character_own,-1,campaign,0,true,,,,,,,,,,,,,,,,,,,,,,,,,character_skill_level_to_effects_junctions_tables,wh3_main_skill_agent_action_success_scaling|wh_main_effect_agent_action_success_chance_enemy_skill|1|character_to_character_own
effect,warhammer_3,8.1.1,24237342,Lizardmen,lizardmen,wh2_main_sc_lzd_lizardmen,Lord Kroak,Lord_Kroak,hero,wh2_dlc12_lzd_lord_kroak,wizard,wizard,wh2_dlc12_lzd_cult_of_sotek|wh2_dlc13_lzd_spirits_of_the_jungle|wh2_dlc17_lzd_oxyotl|wh2_main_lzd_hexoatl|wh2_main_lzd_itza|wh2_main_lzd_last_defenders|wh2_main_lzd_tlaqua,false,true,true,false,false,true,,,wh2_dlc12_skill_node_set_lzd_lord_kroak,,1,wizard,false,false,,,,wh3_main_agent_action_scaling,wh3_main_skill_agent_action_success_scaling,Agent action success modifer,Hidden skill that scales action success/defence chance,mount_hellsteed.png,0,99,0,0,false,0,49,1,Agent action success modifer,Hidden skill that scales action success/defence chance,,,,,,wh_main_effect_agent_action_success_chance_skill,[HIDDEN] Hero action success chance: %+n% (from skill),,character_to_character_own,1,campaign,0,true,,,,,,,,,,,,,,,,,,,,,,,,,character_skill_level_to_effects_junctions_tables,wh3_main_skill_agent_action_success_scaling|wh_main_effect_agent_action_success_chance_skill|1|character_to_character_own
effect,warhammer_3,8.1.1,24237342,Lizardmen,lizardmen,wh2_main_sc_lzd_lizardmen,Lord Kroak,Lord_Kroak,hero,wh2_dlc12_lzd_lord_kroak,wizard,wizard,wh2_dlc12_lzd_cult_of_sotek|wh2_dlc13_lzd_spirits_of_the_jungle|wh2_dlc17_lzd_oxyotl|wh2_main_lzd_hexoatl|wh2_main_lzd_itza|wh2_main_lzd_last_defenders|wh2_main_lzd_tlaqua,false,true,true,false,false,true,,,wh2_dlc12_skill_node_set_lzd_lord_kroak,,1,wizard,false,false,,,,wh3_main_agent_action_scaling,wh3_main_skill_agent_action_success_scaling,Agent action success modifer,Hidden skill that scales action success/defence chance,mount_hellsteed.png,0,99,0,0,false,0,49,2,Agent action success modifer,Hidden skill that scales action success/defence chance,,,,,,wh_main_effect_agent_action_success_chance_enemy_skill,[HIDDEN] Enemy Hero action success chance: %+n% (from skill),,character_to_character_own,-2,campaign,0,true,,,,,,,,,,,,,,,,,,,,,,,,,character_skill_level_to_effects_junctions_tables,wh3_main_skill_agent_action_success_scaling|wh_main_effect_agent_action_success_chance_enemy_skill|2|character_to_character_own
effect,warhammer_3,8.1.1,24237342,Lizardmen,lizardmen,wh2_main_sc_lzd_lizardmen,Lord Kroak,Lord_Kroak,hero,wh2_dlc12_lzd_lord_kroak,wizard,wizard,wh2_dlc12_lzd_cult_of_sotek|wh2_dlc13_lzd_spirits_of_the_jungle|wh2_dlc17_lzd_oxyotl|wh2_main_lzd_hexoatl|wh2_main_lzd_itza|wh2_main_lzd_last_defenders|wh2_main_lzd_tlaqua,false,true,true,false,false,true,,,wh2_dlc12_skill_node_set_lzd_lord_kroak,,1,wizard,false,false,,,,wh3_main_agent_action_scaling,wh3_main_skill_agent_action_success_scaling,Agent action success modifer,Hidden skill that scales action success/defence chance,mount_hellsteed.png,0,99,0,0,false,0,49,2,Agent action success modifer,Hidden skill that scales action success/defence chance,,,,,,wh_main_effect_agent_action_success_chance_skill,[HIDDEN] Hero action success chance: %+n% (from skill),,character_to_character_own,2,campaign,0,true,,,,,,,,,,,,,,,,,,,,,,,,,character_skill_level_to_effects_junctions_tables,wh3_main_skill_agent_action_success_scaling|wh_main_effect_agent_action_success_chance_skill|2|character_to_character_own
effect,warhammer_3,8.1.1,24237342,Lizardmen,lizardmen,wh2_main_sc_lzd_lizardmen,Lord Kroak,Lord_Kroak,hero,wh2_dlc12_lzd_lord_kroak,wizard,wizard,wh2_dlc12_lzd_cult_of_sotek|wh2_dlc13_lzd_spirits_of_the_jungle|wh2_dlc17_lzd_oxyotl|wh2_main_lzd_hexoatl|wh2_main_lzd_itza|wh2_main_lzd_last_defenders|wh2_main_lzd_tlaqua,false,true,true,false,false,true,,,wh2_dlc12_skill_node_set_lzd_lord_kroak,,1,wizard,false,false,,,,wh3_main_agent_action_scaling,wh3_main_skill_agent_action_success_scaling,Agent action success modifer,Hidden skill that scales action success/defence chance,mount_hellsteed.png,0,99,0,0,false,0,49,3,Agent action success modifer,Hidden skill that scales action success/defence chance,,,,,,wh_main_effect_agent_action_success_chance_enemy_skill,[HIDDEN] Enemy Hero action success chance: %+n% (from skill),,character_to_character_own,-3,campaign,0,true,,,,,,,,,,,,,,,,,,,,,,,,,character_skill_level_to_effects_junctions_tables,wh3_main_skill_agent_action_success_scaling|wh_main_effect_agent_action_success_chance_enemy_skill|3|character_to_character_own
effect,warhammer_3,8.1.1,24237342,Lizardmen,lizardmen,wh2_main_sc_lzd_lizardmen,Lord Kroak,Lord_Kroak,hero,wh2_dlc12_lzd_lord_kroak,wizard,wizard,wh2_dlc12_lzd_cult_of_sotek|wh2_dlc13_lzd_spirits_of_the_jungle|wh2_dlc17_lzd_oxyotl|wh2_main_lzd_hexoatl|wh2_main_lzd_itza|wh2_main_lzd_last_defenders|wh2_main_lzd_tlaqua,false,true,true,false,false,true,,,wh2_dlc12_skill_node_set_lzd_lord_kroak,,1,wizard,false,false,,,,wh3_main_agent_action_scaling,wh3_main_skill_agent_action_success_scaling,Agent action success modifer,Hidden skill that scales action success/defence chance,mount_hellsteed.png,0,99,0,0,false,0,49,3,Agent action success modifer,Hidden skill that scales action success/defence chance,,,,,,wh_main_effect_agent_action_success_chance_skill,[HIDDEN] Hero action success chance: %+n% (from skill),,character_to_character_own,3,campaign,0,true,,,,,,,,,,,,,,,,,,,,,,,,,character_skill_level_to_effects_junctions_tables,wh3_main_skill_agent_action_success_scaling|wh_main_effect_agent_action_success_chance_skill|3|character_to_character_own
effect,warhammer_3,8.1.1,24237342,Lizardmen,lizardmen,wh2_main_sc_lzd_lizardmen,Lord Kroak,Lord_Kroak,hero,wh2_dlc12_lzd_lord_kroak,wizard,wizard,wh2_dlc12_lzd_cult_of_sotek|wh2_dlc13_lzd_spirits_of_the_jungle|wh2_dlc17_lzd_oxyotl|wh2_main_lzd_hexoatl|wh2_main_lzd_itza|wh2_main_lzd_last_defenders|wh2_main_lzd_tlaqua,false,true,true,false,false,true,,,wh2_dlc12_skill_node_set_lzd_lord_kroak,,1,wizard,false,false,,,,wh3_main_agent_action_scaling,wh3_main_skill_agent_action_success_scaling,Agent action success modifer,Hidden skill that scales action success/defence chance,mount_hellsteed.png,0,99,0,0,false,0,49,4,Agent action success modifer,Hidden skill that scales action success/defence chance,,,,,,wh_main_effect_agent_action_success_chance_enemy_skill,[HIDDEN] Enemy Hero action success chance: %+n% (from skill),,character_to_character_own,-4,campaign,0,true,,,,,,,,,,,,,,,,,,,,,,,,,character_skill_level_to_effects_junctions_tables,wh3_main_skill_agent_action_success_scaling|wh_main_effect_agent_action_success_chance_enemy_skill|4|character_to_character_own
effect,warhammer_3,8.1.1,24237342,Lizardmen,lizardmen,wh2_main_sc_lzd_lizardmen,Lord Kroak,Lord_Kroak,hero,wh2_dlc12_lzd_lord_kroak,wizard,wizard,wh2_dlc12_lzd_cult_of_sotek|wh2_dlc13_lzd_spirits_of_the_jungle|wh2_dlc17_lzd_oxyotl|wh2_main_lzd_hexoatl|wh2_main_lzd_itza|wh2_main_lzd_last_defenders|wh2_main_lzd_tlaqua,false,true,true,false,false,true,,,wh2_dlc12_skill_node_set_lzd_lord_kroak,,1,wizard,false,false,,,,wh3_main_agent_action_scaling,wh3_main_skill_agent_action_success_scaling,Agent action success modifer,Hidden skill that scales action success/defence chance,mount_hellsteed.png,0,99,0,0,false,0,49,4,Agent action success modifer,Hidden skill that scales action success/defence chance,,,,,,wh_main_effect_agent_action_success_chance_skill,[HIDDEN] Hero action success chance: %+n% (from skill),,character_to_character_own,4,campaign,0,true,,,,,,,,,,,,,,,,,,,,,,,,,character_skill_level_to_effects_junctions_tables,wh3_main_skill_agent_action_success_scaling|wh_main_effect_agent_action_success_chance_skill|4|character_to_character_own
effect,warhammer_3,8.1.1,24237342,Lizardmen,lizardmen,wh2_main_sc_lzd_lizardmen,Lord Kroak,Lord_Kroak,hero,wh2_dlc12_lzd_lord_kroak,wizard,wizard,wh2_dlc12_lzd_cult_of_sotek|wh2_dlc13_lzd_spirits_of_the_jungle|wh2_dlc17_lzd_oxyotl|wh2_main_lzd_hexoatl|wh2_main_lzd_itza|wh2_main_lzd_last_defenders|wh2_main_lzd_tlaqua,false,true,true,false,false,true,,,wh2_dlc12_skill_node_set_lzd_lord_kroak,,1,wizard,false,false,,,,wh3_main_agent_action_scaling,wh3_main_skill_agent_action_success_scaling,Agent action success modifer,Hidden skill that scales action success/defence chance,mount_hellsteed.png,0,99,0,0,false,0,49,5,Agent action success modifer,Hidden skill that scales action success/defence chance,,,,,,wh_main_effect_agent_action_success_chance_enemy_skill,[HIDDEN] Enemy Hero action success chance: %+n% (from skill),,character_to_character_own,-5,campaign,0,true,,,,,,,,,,,,,,,,,,,,,,,,,character_skill_level_to_effects_junctions_tables,wh3_main_skill_agent_action_success_scaling|wh_main_effect_agent_action_success_chance_enemy_skill|5|character_to_character_own
effect,warhammer_3,8.1.1,24237342,Lizardmen,lizardmen,wh2_main_sc_lzd_lizardmen,Lord Kroak,Lord_Kroak,hero,wh2_dlc12_lzd_lord_kroak,wizard,wizard,wh2_dlc12_lzd_cult_of_sotek|wh2_dlc13_lzd_spirits_of_the_jungle|wh2_dlc17_lzd_oxyotl|wh2_main_lzd_hexoatl|wh2_main_lzd_itza|wh2_main_lzd_last_defenders|wh2_main_lzd_tlaqua,false,true,true,false,false,true,,,wh2_dlc12_skill_node_set_lzd_lord_kroak,,1,wizard,false,false,,,,wh3_main_agent_action_scaling,wh3_main_skill_agent_action_success_scaling,Agent action success modifer,Hidden skill that scales action success/defence chance,mount_hellsteed.png,0,99,0,0,false,0,49,5,Agent action success modifer,Hidden skill that scales action success/defence chance,,,,,,wh_main_effect_agent_action_success_chance_skill,[HIDDEN] Hero action success chance: %+n% (from skill),,character_to_character_own,5,campaign,0,true,,,,,,,,,,,,,,,,,,,,,,,,,character_skill_level_to_effects_junctions_tables,wh3_main_skill_agent_action_success_scaling|wh_main_effect_agent_action_success_chance_skill|5|character_to_character_own
effect,warhammer_3,8.1.1,24237342,Lizardmen,lizardmen,wh2_main_sc_lzd_lizardmen,Lord Kroak,Lord_Kroak,hero,wh2_dlc12_lzd_lord_kroak,wizard,wizard,wh2_dlc12_lzd_cult_of_sotek|wh2_dlc13_lzd_spirits_of_the_jungle|wh2_dlc17_lzd_oxyotl|wh2_main_lzd_hexoatl|wh2_main_lzd_itza|wh2_main_lzd_last_defenders|wh2_main_lzd_tlaqua,false,true,true,false,false,true,,,wh2_dlc12_skill_node_set_lzd_lord_kroak,,1,wizard,false,false,,,,wh3_main_agent_action_scaling,wh3_main_skill_agent_action_success_scaling,Agent action success modifer,Hidden skill that scales action success/defence chance,mount_hellsteed.png,0,99,0,0,false,0,49,6,Agent action success modifer,Hidden skill that scales action success/defence chance,,,,,,wh_main_effect_agent_action_success_chance_enemy_skill,[HIDDEN] Enemy Hero action success chance: %+n% (from skill),,character_to_character_own,-6,campaign,0,true,,,,,,,,,,,,,,,,,,,,,,,,,character_skill_level_to_effects_junctions_tables,wh3_main_skill_agent_action_success_scaling|wh_main_effect_agent_action_success_chance_enemy_skill|6|character_to_character_own
effect,warhammer_3,8.1.1,24237342,Lizardmen,lizardmen,wh2_main_sc_lzd_lizardmen,Lord Kroak,Lord_Kroak,hero,wh2_dlc12_lzd_lord_kroak,wizard,wizard,wh2_dlc12_lzd_cult_of_sotek|wh2_dlc13_lzd_spirits_of_the_jungle|wh2_dlc17_lzd_oxyotl|wh2_main_lzd_hexoatl|wh2_main_lzd_itza|wh2_main_lzd_last_defenders|wh2_main_lzd_tlaqua,false,true,true,false,false,true,,,wh2_dlc12_skill_node_set_lzd_lord_kroak,,1,wizard,false,false,,,,wh3_main_agent_action_scaling,wh3_main_skill_agent_action_success_scaling,Agent action success modifer,Hidden skill that scales action success/defence chance,mount_hellsteed.png,0,99,0,0,false,0,49,6,Agent action success modifer,Hidden skill that scales action success/defence chance,,,,,,wh_main_effect_agent_action_success_chance_skill,[HIDDEN] Hero action success chance: %+n% (from skill),,character_to_character_own,6,campaign,0,true,,,,,,,,,,,,,,,,,,,,,,,,,character_skill_level_to_effects_junctions_tables,wh3_main_skill_agent_action_success_scaling|wh_main_effect_agent_action_success_chance_skill|6|character_to_character_own
effect,warhammer_3,8.1.1,24237342,Lizardmen,lizardmen,wh2_main_sc_lzd_lizardmen,Lord Kroak,Lord_Kroak,hero,wh2_dlc12_lzd_lord_kroak,wizard,wizard,wh2_dlc12_lzd_cult_of_sotek|wh2_dlc13_lzd_spirits_of_the_jungle|wh2_dlc17_lzd_oxyotl|wh2_main_lzd_hexoatl|wh2_main_lzd_itza|wh2_main_lzd_last_defenders|wh2_main_lzd_tlaqua,false,true,true,false,false,true,,,wh2_dlc12_skill_node_set_lzd_lord_kroak,,1,wizard,false,false,,,,wh3_main_agent_action_scaling,wh3_main_skill_agent_action_success_scaling,Agent action success modifer,Hidden skill that scales action success/defence chance,mount_hellsteed.png,0,99,0,0,false,0,49,7,Agent action success modifer,Hidden skill that scales action success/defence chance,,,,,,wh_main_effect_agent_action_success_chance_enemy_skill,[HIDDEN] Enemy Hero action success chance: %+n% (from skill),,character_to_character_own,-7,campaign,0,true,,,,,,,,,,,,,,,,,,,,,,,,,character_skill_level_to_effects_junctions_tables,wh3_main_skill_agent_action_success_scaling|wh_main_effect_agent_action_success_chance_enemy_skill|7|character_to_character_own
effect,warhammer_3,8.1.1,24237342,Lizardmen,lizardmen,wh2_main_sc_lzd_lizardmen,Lord Kroak,Lord_Kroak,hero,wh2_dlc12_lzd_lord_kroak,wizard,wizard,wh2_dlc12_lzd_cult_of_sotek|wh2_dlc13_lzd_spirits_of_the_jungle|wh2_dlc17_lzd_oxyotl|wh2_main_lzd_hexoatl|wh2_main_lzd_itza|wh2_main_lzd_last_defenders|wh2_main_lzd_tlaqua,false,true,true,false,false,true,,,wh2_dlc12_skill_node_set_lzd_lord_kroak,,1,wizard,false,false,,,,wh3_main_agent_action_scaling,wh3_main_skill_agent_action_success_scaling,Agent action success modifer,Hidden skill that scales action success/defence chance,mount_hellsteed.png,0,99,0,0,false,0,49,7,Agent action success modifer,Hidden skill that scales action success/defence chance,,,,,,wh_main_effect_agent_action_success_chance_skill,[HIDDEN] Hero action success chance: %+n% (from skill),,character_to_character_own,7,campaign,0,true,,,,,,,,,,,,,,,,,,,,,,,,,character_skill_level_to_effects_junctions_tables,wh3_main_skill_agent_action_success_scaling|wh_main_effect_agent_action_success_chance_skill|7|character_to_character_own
effect,warhammer_3,8.1.1,24237342,Lizardmen,lizardmen,wh2_main_sc_lzd_lizardmen,Lord Kroak,Lord_Kroak,hero,wh2_dlc12_lzd_lord_kroak,wizard,wizard,wh2_dlc12_lzd_cult_of_sotek|wh2_dlc13_lzd_spirits_of_the_jungle|wh2_dlc17_lzd_oxyotl|wh2_main_lzd_hexoatl|wh2_main_lzd_itza|wh2_main_lzd_last_defenders|wh2_main_lzd_tlaqua,false,true,true,false,false,true,,,wh2_dlc12_skill_node_set_lzd_lord_kroak,,1,wizard,false,false,,,,wh3_main_agent_action_scaling,wh3_main_skill_agent_action_success_scaling,Agent action success modifer,Hidden skill that scales action success/defence chance,mount_hellsteed.png,0,99,0,0,false,0,49,8,Agent action success modifer,Hidden skill that scales action success/defence chance,,,,,,wh_main_effect_agent_action_success_chance_enemy_skill,[HIDDEN] Enemy Hero action success chance: %+n% (from skill),,character_to_character_own,-8,campaign,0,true,,,,,,,,,,,,,,,,,,,,,,,,,character_skill_level_to_effects_junctions_tables,wh3_main_skill_agent_action_success_scaling|wh_main_effect_agent_action_success_chance_enemy_skill|8|character_to_character_own
effect,warhammer_3,8.1.1,24237342,Lizardmen,lizardmen,wh2_main_sc_lzd_lizardmen,Lord Kroak,Lord_Kroak,hero,wh2_dlc12_lzd_lord_kroak,wizard,wizard,wh2_dlc12_lzd_cult_of_sotek|wh2_dlc13_lzd_spirits_of_the_jungle|wh2_dlc17_lzd_oxyotl|wh2_main_lzd_hexoatl|wh2_main_lzd_itza|wh2_main_lzd_last_defenders|wh2_main_lzd_tlaqua,false,true,true,false,false,true,,,wh2_dlc12_skill_node_set_lzd_lord_kroak,,1,wizard,false,false,,,,wh3_main_agent_action_scaling,wh3_main_skill_agent_action_success_scaling,Agent action success modifer,Hidden skill that scales action success/defence chance,mount_hellsteed.png,0,99,0,0,false,0,49,8,Agent action success modifer,Hidden skill that scales action success/defence chance,,,,,,wh_main_effect_agent_action_success_chance_skill,[HIDDEN] Hero action success chance: %+n% (from skill),,character_to_character_own,8,campaign,0,true,,,,,,,,,,,,,,,,,,,,,,,,,character_skill_level_to_effects_junctions_tables,wh3_main_skill_agent_action_success_scaling|wh_main_effect_agent_action_success_chance_skill|8|character_to_character_own
effect,warhammer_3,8.1.1,24237342,Lizardmen,lizardmen,wh2_main_sc_lzd_lizardmen,Lord Kroak,Lord_Kroak,hero,wh2_dlc12_lzd_lord_kroak,wizard,wizard,wh2_dlc12_lzd_cult_of_sotek|wh2_dlc13_lzd_spirits_of_the_jungle|wh2_dlc17_lzd_oxyotl|wh2_main_lzd_hexoatl|wh2_main_lzd_itza|wh2_main_lzd_last_defenders|wh2_main_lzd_tlaqua,false,true,true,false,false,true,,,wh2_dlc12_skill_node_set_lzd_lord_kroak,,1,wizard,false,false,,,,wh3_main_agent_action_scaling,wh3_main_skill_agent_action_success_scaling,Agent action success modifer,Hidden skill that scales action success/defence chance,mount_hellsteed.png,0,99,0,0,false,0,49,9,Agent action success modifer,Hidden skill that scales action success/defence chance,,,,,,wh_main_effect_agent_action_success_chance_enemy_skill,[HIDDEN] Enemy Hero action success chance: %+n% (from skill),,character_to_character_own,-9,campaign,0,true,,,,,,,,,,,,,,,,,,,,,,,,,character_skill_level_to_effects_junctions_tables,wh3_main_skill_agent_action_success_scaling|wh_main_effect_agent_action_success_chance_enemy_skill|9|character_to_character_own
effect,warhammer_3,8.1.1,24237342,Lizardmen,lizardmen,wh2_main_sc_lzd_lizardmen,Lord Kroak,Lord_Kroak,hero,wh2_dlc12_lzd_lord_kroak,wizard,wizard,wh2_dlc12_lzd_cult_of_sotek|wh2_dlc13_lzd_spirits_of_the_jungle|wh2_dlc17_lzd_oxyotl|wh2_main_lzd_hexoatl|wh2_main_lzd_itza|wh2_main_lzd_last_defenders|wh2_main_lzd_tlaqua,false,true,true,false,false,true,,,wh2_dlc12_skill_node_set_lzd_lord_kroak,,1,wizard,false,false,,,,wh3_main_agent_action_scaling,wh3_main_skill_agent_action_success_scaling,Agent action success modifer,Hidden skill that scales action success/defence chance,mount_hellsteed.png,0,99,0,0,false,0,49,9,Agent action success modifer,Hidden skill that scales action success/defence chance,,,,,,wh_main_effect_agent_action_success_chance_skill,[HIDDEN] Hero action success chance: %+n% (from skill),,character_to_character_own,9,campaign,0,true,,,,,,,,,,,,,,,,,,,,,,,,,character_skill_level_to_effects_junctions_tables,wh3_main_skill_agent_action_success_scaling|wh_main_effect_agent_action_success_chance_skill|9|character_to_character_own
effect,warhammer_3,8.1.1,24237342,Lizardmen,lizardmen,wh2_main_sc_lzd_lizardmen,Lord Kroak,Lord_Kroak,hero,wh2_dlc12_lzd_lord_kroak,wizard,wizard,wh2_dlc12_lzd_cult_of_sotek|wh2_dlc13_lzd_spirits_of_the_jungle|wh2_dlc17_lzd_oxyotl|wh2_main_lzd_hexoatl|wh2_main_lzd_itza|wh2_main_lzd_last_defenders|wh2_main_lzd_tlaqua,false,true,true,false,false,true,,,wh2_dlc12_skill_node_set_lzd_lord_kroak,,1,wizard,false,false,,,,wh3_main_agent_action_scaling,wh3_main_skill_agent_action_success_scaling,Agent action success modifer,Hidden skill that scales action success/defence chance,mount_hellsteed.png,0,99,0,0,false,0,49,10,Agent action success modifer,Hidden skill that scales action success/defence chance,,,,,,wh_main_effect_agent_action_success_chance_enemy_skill,[HIDDEN] Enemy Hero action success chance: %+n% (from skill),,character_to_character_own,-10,campaign,0,true,,,,,,,,,,,,,,,,,,,,,,,,,character_skill_level_to_effects_junctions_tables,wh3_main_skill_agent_action_success_scaling|wh_main_effect_agent_action_success_chance_enemy_skill|10|character_to_character_own
effect,warhammer_3,8.1.1,24237342,Lizardmen,lizardmen,wh2_main_sc_lzd_lizardmen,Lord Kroak,Lord_Kroak,hero,wh2_dlc12_lzd_lord_kroak,wizard,wizard,wh2_dlc12_lzd_cult_of_sotek|wh2_dlc13_lzd_spirits_of_the_jungle|wh2_dlc17_lzd_oxyotl|wh2_main_lzd_hexoatl|wh2_main_lzd_itza|wh2_main_lzd_last_defenders|wh2_main_lzd_tlaqua,false,true,true,false,false,true,,,wh2_dlc12_skill_node_set_lzd_lord_kroak,,1,wizard,false,false,,,,wh3_main_agent_action_scaling,wh3_main_skill_agent_action_success_scaling,Agent action success modifer,Hidden skill that scales action success/defence chance,mount_hellsteed.png,0,99,0,0,false,0,49,10,Agent action success modifer,Hidden skill that scales action success/defence chance,,,,,,wh_main_effect_agent_action_success_chance_skill,[HIDDEN] Hero action success chance: %+n% (from skill),,character_to_character_own,10,campaign,0,true,,,,,,,,,,,,,,,,,,,,,,,,,character_skill_level_to_effects_junctions_tables,wh3_main_skill_agent_action_success_scaling|wh_main_effect_agent_action_success_chance_skill|10|character_to_character_own
effect,warhammer_3,8.1.1,24237342,Lizardmen,lizardmen,wh2_main_sc_lzd_lizardmen,Lord Kroak,Lord_Kroak,hero,wh2_dlc12_lzd_lord_kroak,wizard,wizard,wh2_dlc12_lzd_cult_of_sotek|wh2_dlc13_lzd_spirits_of_the_jungle|wh2_dlc17_lzd_oxyotl|wh2_main_lzd_hexoatl|wh2_main_lzd_itza|wh2_main_lzd_last_defenders|wh2_main_lzd_tlaqua,false,true,true,false,false,true,,,wh2_dlc12_skill_node_set_lzd_lord_kroak,,1,wizard,false,false,,,,wh3_main_agent_action_scaling,wh3_main_skill_agent_action_success_scaling,Agent action success modifer,Hidden skill that scales action success/defence chance,mount_hellsteed.png,0,99,0,0,false,0,49,11,Agent action success modifer,Hidden skill that scales action success/defence chance,,,,,,wh_main_effect_agent_action_success_chance_enemy_skill,[HIDDEN] Enemy Hero action success chance: %+n% (from skill),,character_to_character_own,-11,campaign,0,true,,,,,,,,,,,,,,,,,,,,,,,,,character_skill_level_to_effects_junctions_tables,wh3_main_skill_agent_action_success_scaling|wh_main_effect_agent_action_success_chance_enemy_skill|11|character_to_character_own
effect,warhammer_3,8.1.1,24237342,Lizardmen,lizardmen,wh2_main_sc_lzd_lizardmen,Lord Kroak,Lord_Kroak,hero,wh2_dlc12_lzd_lord_kroak,wizard,wizard,wh2_dlc12_lzd_cult_of_sotek|wh2_dlc13_lzd_spirits_of_the_jungle|wh2_dlc17_lzd_oxyotl|wh2_main_lzd_hexoatl|wh2_main_lzd_itza|wh2_main_lzd_last_defenders|wh2_main_lzd_tlaqua,false,true,true,false,false,true,,,wh2_dlc12_skill_node_set_lzd_lord_kroak,,1,wizard,false,false,,,,wh3_main_agent_action_scaling,wh3_main_skill_agent_action_success_scaling,Agent action success modifer,Hidden skill that scales action success/defence chance,mount_hellsteed.png,0,99,0,0,false,0,49,11,Agent action success modifer,Hidden skill that scales action success/defence chance,,,,,,wh_main_effect_agent_action_success_chance_skill,[HIDDEN] Hero action success chance: %+n% (from skill),,character_to_character_own,11,campaign,0,true,,,,,,,,,,,,,,,,,,,,,,,,,character_skill_level_to_effects_junctions_tables,wh3_main_skill_agent_action_success_scaling|wh_main_effect_agent_action_success_chance_skill|11|character_to_character_own
effect,warhammer_3,8.1.1,24237342,Lizardmen,lizardmen,wh2_main_sc_lzd_lizardmen,Lord Kroak,Lord_Kroak,hero,wh2_dlc12_lzd_lord_kroak,wizard,wizard,wh2_dlc12_lzd_cult_of_sotek|wh2_dlc13_lzd_spirits_of_the_jungle|wh2_dlc17_lzd_oxyotl|wh2_main_lzd_hexoatl|wh2_main_lzd_itza|wh2_main_lzd_last_defenders|wh2_main_lzd_tlaqua,false,true,true,false,false,true,,,wh2_dlc12_skill_node_set_lzd_lord_kroak,,1,wizard,false,false,,,,wh3_main_agent_action_scaling,wh3_main_skill_agent_action_success_scaling,Agent action success modifer,Hidden skill that scales action success/defence chance,mount_hellsteed.png,0,99,0,0,false,0,49,12,Agent action success modifer,Hidden skill that scales action success/defence chance,,,,,,wh_main_effect_agent_action_success_chance_enemy_skill,[HIDDEN] Enemy Hero action success chance: %+n% (from skill),,character_to_character_own,-12,campaign,0,true,,,,,,,,,,,,,,,,,,,,,,,,,character_skill_level_to_effects_junctions_tables,wh3_main_skill_agent_action_success_scaling|wh_main_effect_agent_action_success_chance_enemy_skill|12|character_to_character_own
effect,warhammer_3,8.1.1,24237342,Lizardmen,lizardmen,wh2_main_sc_lzd_lizardmen,Lord Kroak,Lord_Kroak,hero,wh2_dlc12_lzd_lord_kroak,wizard,wizard,wh2_dlc12_lzd_cult_of_sotek|wh2_dlc13_lzd_spirits_of_the_jungle|wh2_dlc17_lzd_oxyotl|wh2_main_lzd_hexoatl|wh2_main_lzd_itza|wh2_main_lzd_last_defenders|wh2_main_lzd_tlaqua,false,true,true,false,false,true,,,wh2_dlc12_skill_node_set_lzd_lord_kroak,,1,wizard,false,false,,,,wh3_main_agent_action_scaling,wh3_main_skill_agent_action_success_scaling,Agent action success modifer,Hidden skill that scales action success/defence chance,mount_hellsteed.png,0,99,0,0,false,0,49,12,Agent action success modifer,Hidden skill that scales action success/defence chance,,,,,,wh_main_effect_agent_action_success_chance_skill,[HIDDEN] Hero action success chance: %+n% (from skill),,character_to_character_own,12,campaign,0,true,,,,,,,,,,,,,,,,,,,,,,,,,character_skill_level_to_effects_junctions_tables,wh3_main_skill_agent_action_success_scaling|wh_main_effect_agent_action_success_chance_skill|12|character_to_character_own
effect,warhammer_3,8.1.1,24237342,Lizardmen,lizardmen,wh2_main_sc_lzd_lizardmen,Lord Kroak,Lord_Kroak,hero,wh2_dlc12_lzd_lord_kroak,wizard,wizard,wh2_dlc12_lzd_cult_of_sotek|wh2_dlc13_lzd_spirits_of_the_jungle|wh2_dlc17_lzd_oxyotl|wh2_main_lzd_hexoatl|wh2_main_lzd_itza|wh2_main_lzd_last_defenders|wh2_main_lzd_tlaqua,false,true,true,false,false,true,,,wh2_dlc12_skill_node_set_lzd_lord_kroak,,1,wizard,false,false,,,,wh3_main_agent_action_scaling,wh3_main_skill_agent_action_success_scaling,Agent action success modifer,Hidden skill that scales action success/defence chance,mount_hellsteed.png,0,99,0,0,false,0,49,13,Agent action success modifer,Hidden skill that scales action success/defence chance,,,,,,wh_main_effect_agent_action_success_chance_enemy_skill,[HIDDEN] Enemy Hero action success chance: %+n% (from skill),,character_to_character_own,-13,campaign,0,true,,,,,,,,,,,,,,,,,,,,,,,,,character_skill_level_to_effects_junctions_tables,wh3_main_skill_agent_action_success_scaling|wh_main_effect_agent_action_success_chance_enemy_skill|13|character_to_character_own
effect,warhammer_3,8.1.1,24237342,Lizardmen,lizardmen,wh2_main_sc_lzd_lizardmen,Lord Kroak,Lord_Kroak,hero,wh2_dlc12_lzd_lord_kroak,wizard,wizard,wh2_dlc12_lzd_cult_of_sotek|wh2_dlc13_lzd_spirits_of_the_jungle|wh2_dlc17_lzd_oxyotl|wh2_main_lzd_hexoatl|wh2_main_lzd_itza|wh2_main_lzd_last_defenders|wh2_main_lzd_tlaqua,false,true,true,false,false,true,,,wh2_dlc12_skill_node_set_lzd_lord_kroak,,1,wizard,false,false,,,,wh3_main_agent_action_scaling,wh3_main_skill_agent_action_success_scaling,Agent action success modifer,Hidden skill that scales action success/defence chance,mount_hellsteed.png,0,99,0,0,false,0,49,13,Agent action success modifer,Hidden skill that scales action success/defence chance,,,,,,wh_main_effect_agent_action_success_chance_skill,[HIDDEN] Hero action success chance: %+n% (from skill),,character_to_character_own,13,campaign,0,true,,,,,,,,,,,,,,,,,,,,,,,,,character_skill_level_to_effects_junctions_tables,wh3_main_skill_agent_action_success_scaling|wh_main_effect_agent_action_success_chance_skill|13|character_to_character_own
effect,warhammer_3,8.1.1,24237342,Lizardmen,lizardmen,wh2_main_sc_lzd_lizardmen,Lord Kroak,Lord_Kroak,hero,wh2_dlc12_lzd_lord_kroak,wizard,wizard,wh2_dlc12_lzd_cult_of_sotek|wh2_dlc13_lzd_spirits_of_the_jungle|wh2_dlc17_lzd_oxyotl|wh2_main_lzd_hexoatl|wh2_main_lzd_itza|wh2_main_lzd_last_defenders|wh2_main_lzd_tlaqua,false,true,true,false,false,true,,,wh2_dlc12_skill_node_set_lzd_lord_kroak,,1,wizard,false,false,,,,wh3_main_agent_action_scaling,wh3_main_skill_agent_action_success_scaling,Agent action success modifer,Hidden skill that scales action success/defence chance,mount_hellsteed.png,0,99,0,0,false,0,49,14,Agent action success modifer,Hidden skill that scales action success/defence chance,,,,,,wh_main_effect_agent_action_success_chance_enemy_skill,[HIDDEN] Enemy Hero action success chance: %+n% (from skill),,character_to_character_own,-14,campaign,0,true,,,,,,,,,,,,,,,,,,,,,,,,,character_skill_level_to_effects_junctions_tables,wh3_main_skill_agent_action_success_scaling|wh_main_effect_agent_action_success_chance_enemy_skill|14|character_to_character_own
effect,warhammer_3,8.1.1,24237342,Lizardmen,lizardmen,wh2_main_sc_lzd_lizardmen,Lord Kroak,Lord_Kroak,hero,wh2_dlc12_lzd_lord_kroak,wizard,wizard,wh2_dlc12_lzd_cult_of_sotek|wh2_dlc13_lzd_spirits_of_the_jungle|wh2_dlc17_lzd_oxyotl|wh2_main_lzd_hexoatl|wh2_main_lzd_itza|wh2_main_lzd_last_defenders|wh2_main_lzd_tlaqua,false,true,true,false,false,true,,,wh2_dlc12_skill_node_set_lzd_lord_kroak,,1,wizard,false,false,,,,wh3_main_agent_action_scaling,wh3_main_skill_agent_action_success_scaling,Agent action success modifer,Hidden skill that scales action success/defence chance,mount_hellsteed.png,0,99,0,0,false,0,49,14,Agent action success modifer,Hidden skill that scales action success/defence chance,,,,,,wh_main_effect_agent_action_success_chance_skill,[HIDDEN] Hero action success chance: %+n% (from skill),,character_to_character_own,14,campaign,0,true,,,,,,,,,,,,,,,,,,,,,,,,,character_skill_level_to_effects_junctions_tables,wh3_main_skill_agent_action_success_scaling|wh_main_effect_agent_action_success_chance_skill|14|character_to_character_own
effect,warhammer_3,8.1.1,24237342,Lizardmen,lizardmen,wh2_main_sc_lzd_lizardmen,Lord Kroak,Lord_Kroak,hero,wh2_dlc12_lzd_lord_kroak,wizard,wizard,wh2_dlc12_lzd_cult_of_sotek|wh2_dlc13_lzd_spirits_of_the_jungle|wh2_dlc17_lzd_oxyotl|wh2_main_lzd_hexoatl|wh2_main_lzd_itza|wh2_main_lzd_last_defenders|wh2_main_lzd_tlaqua,false,true,true,false,false,true,,,wh2_dlc12_skill_node_set_lzd_lord_kroak,,1,wizard,false,false,,,,wh3_main_agent_action_scaling,wh3_main_skill_agent_action_success_scaling,Agent action success modifer,Hidden skill that scales action success/defence chance,mount_hellsteed.png,0,99,0,0,false,0,49,15,Agent action success modifer,Hidden skill that scales action success/defence chance,,,,,,wh_main_effect_agent_action_success_chance_enemy_skill,[HIDDEN] Enemy Hero action success chance: %+n% (from skill),,character_to_character_own,-15,campaign,0,true,,,,,,,,,,,,,,,,,,,,,,,,,character_skill_level_to_effects_junctions_tables,wh3_main_skill_agent_action_success_scaling|wh_main_effect_agent_action_success_chance_enemy_skill|15|character_to_character_own
effect,warhammer_3,8.1.1,24237342,Lizardmen,lizardmen,wh2_main_sc_lzd_lizardmen,Lord Kroak,Lord_Kroak,hero,wh2_dlc12_lzd_lord_kroak,wizard,wizard,wh2_dlc12_lzd_cult_of_sotek|wh2_dlc13_lzd_spirits_of_the_jungle|wh2_dlc17_lzd_oxyotl|wh2_main_lzd_hexoatl|wh2_main_lzd_itza|wh2_main_lzd_last_defenders|wh2_main_lzd_tlaqua,false,true,true,false,false,true,,,wh2_dlc12_skill_node_set_lzd_lord_kroak,,1,wizard,false,false,,,,wh3_main_agent_action_scaling,wh3_main_skill_agent_action_success_scaling,Agent action success modifer,Hidden skill that scales action success/defence chance,mount_hellsteed.png,0,99,0,0,false,0,49,15,Agent action success modifer,Hidden skill that scales action success/defence chance,,,,,,wh_main_effect_agent_action_success_chance_skill,[HIDDEN] Hero action success chance: %+n% (from skill),,character_to_character_own,15,campaign,0,true,,,,,,,,,,,,,,,,,,,,,,,,,character_skill_level_to_effects_junctions_tables,wh3_main_skill_agent_action_success_scaling|wh_main_effect_agent_action_success_chance_skill|15|character_to_character_own
effect,warhammer_3,8.1.1,24237342,Lizardmen,lizardmen,wh2_main_sc_lzd_lizardmen,Lord Kroak,Lord_Kroak,hero,wh2_dlc12_lzd_lord_kroak,wizard,wizard,wh2_dlc12_lzd_cult_of_sotek|wh2_dlc13_lzd_spirits_of_the_jungle|wh2_dlc17_lzd_oxyotl|wh2_main_lzd_hexoatl|wh2_main_lzd_itza|wh2_main_lzd_last_defenders|wh2_main_lzd_tlaqua,false,true,true,false,false,true,,,wh2_dlc12_skill_node_set_lzd_lord_kroak,,1,wizard,false,false,,,,wh3_main_agent_action_scaling,wh3_main_skill_agent_action_success_scaling,Agent action success modifer,Hidden skill that scales action success/defence chance,mount_hellsteed.png,0,99,0,0,false,0,49,16,Agent action success modifer,Hidden skill that scales action success/defence chance,,,,,,wh_main_effect_agent_action_success_chance_enemy_skill,[HIDDEN] Enemy Hero action success chance: %+n% (from skill),,character_to_character_own,-16,campaign,0,true,,,,,,,,,,,,,,,,,,,,,,,,,character_skill_level_to_effects_junctions_tables,wh3_main_skill_agent_action_success_scaling|wh_main_effect_agent_action_success_chance_enemy_skill|16|character_to_character_own
effect,warhammer_3,8.1.1,24237342,Lizardmen,lizardmen,wh2_main_sc_lzd_lizardmen,Lord Kroak,Lord_Kroak,hero,wh2_dlc12_lzd_lord_kroak,wizard,wizard,wh2_dlc12_lzd_cult_of_sotek|wh2_dlc13_lzd_spirits_of_the_jungle|wh2_dlc17_lzd_oxyotl|wh2_main_lzd_hexoatl|wh2_main_lzd_itza|wh2_main_lzd_last_defenders|wh2_main_lzd_tlaqua,false,true,true,false,false,true,,,wh2_dlc12_skill_node_set_lzd_lord_kroak,,1,wizard,false,false,,,,wh3_main_agent_action_scaling,wh3_main_skill_agent_action_success_scaling,Agent action success modifer,Hidden skill that scales action success/defence chance,mount_hellsteed.png,0,99,0,0,false,0,49,16,Agent action success modifer,Hidden skill that scales action success/defence chance,,,,,,wh_main_effect_agent_action_success_chance_skill,[HIDDEN] Hero action success chance: %+n% (from skill),,character_to_character_own,16,campaign,0,true,,,,,,,,,,,,,,,,,,,,,,,,,character_skill_level_to_effects_junctions_tables,wh3_main_skill_agent_action_success_scaling|wh_main_effect_agent_action_success_chance_skill|16|character_to_character_own
effect,warhammer_3,8.1.1,24237342,Lizardmen,lizardmen,wh2_main_sc_lzd_lizardmen,Lord Kroak,Lord_Kroak,hero,wh2_dlc12_lzd_lord_kroak,wizard,wizard,wh2_dlc12_lzd_cult_of_sotek|wh2_dlc13_lzd_spirits_of_the_jungle|wh2_dlc17_lzd_oxyotl|wh2_main_lzd_hexoatl|wh2_main_lzd_itza|wh2_main_lzd_last_defenders|wh2_main_lzd_tlaqua,false,true,true,false,false,true,,,wh2_dlc12_skill_node_set_lzd_lord_kroak,,1,wizard,false,false,,,,wh3_main_agent_action_scaling,wh3_main_skill_agent_action_success_scaling,Agent action success modifer,Hidden skill that scales action success/defence chance,mount_hellsteed.png,0,99,0,0,false,0,49,17,Agent action success modifer,Hidden skill that scales action success/defence chance,,,,,,wh_main_effect_agent_action_success_chance_enemy_skill,[HIDDEN] Enemy Hero action success chance: %+n% (from skill),,character_to_character_own,-17,campaign,0,true,,,,,,,,,,,,,,,,,,,,,,,,,character_skill_level_to_effects_junctions_tables,wh3_main_skill_agent_action_success_scaling|wh_main_effect_agent_action_success_chance_enemy_skill|17|character_to_character_own
effect,warhammer_3,8.1.1,24237342,Lizardmen,lizardmen,wh2_main_sc_lzd_lizardmen,Lord Kroak,Lord_Kroak,hero,wh2_dlc12_lzd_lord_kroak,wizard,wizard,wh2_dlc12_lzd_cult_of_sotek|wh2_dlc13_lzd_spirits_of_the_jungle|wh2_dlc17_lzd_oxyotl|wh2_main_lzd_hexoatl|wh2_main_lzd_itza|wh2_main_lzd_last_defenders|wh2_main_lzd_tlaqua,false,true,true,false,false,true,,,wh2_dlc12_skill_node_set_lzd_lord_kroak,,1,wizard,false,false,,,,wh3_main_agent_action_scaling,wh3_main_skill_agent_action_success_scaling,Agent action success modifer,Hidden skill that scales action success/defence chance,mount_hellsteed.png,0,99,0,0,false,0,49,17,Agent action success modifer,Hidden skill that scales action success/defence chance,,,,,,wh_main_effect_agent_action_success_chance_skill,[HIDDEN] Hero action success chance: %+n% (from skill),,character_to_character_own,17,campaign,0,true,,,,,,,,,,,,,,,,,,,,,,,,,character_skill_level_to_effects_junctions_tables,wh3_main_skill_agent_action_success_scaling|wh_main_effect_agent_action_success_chance_skill|17|character_to_character_own
effect,warhammer_3,8.1.1,24237342,Lizardmen,lizardmen,wh2_main_sc_lzd_lizardmen,Lord Kroak,Lord_Kroak,hero,wh2_dlc12_lzd_lord_kroak,wizard,wizard,wh2_dlc12_lzd_cult_of_sotek|wh2_dlc13_lzd_spirits_of_the_jungle|wh2_dlc17_lzd_oxyotl|wh2_main_lzd_hexoatl|wh2_main_lzd_itza|wh2_main_lzd_last_defenders|wh2_main_lzd_tlaqua,false,true,true,false,false,true,,,wh2_dlc12_skill_node_set_lzd_lord_kroak,,1,wizard,false,false,,,,wh3_main_agent_action_scaling,wh3_main_skill_agent_action_success_scaling,Agent action success modifer,Hidden skill that scales action success/defence chance,mount_hellsteed.png,0,99,0,0,false,0,49,18,Agent action success modifer,Hidden skill that scales action success/defence chance,,,,,,wh_main_effect_agent_action_success_chance_enemy_skill,[HIDDEN] Enemy Hero action success chance: %+n% (from skill),,character_to_character_own,-18,campaign,0,true,,,,,,,,,,,,,,,,,,,,,,,,,character_skill_level_to_effects_junctions_tables,wh3_main_skill_agent_action_success_scaling|wh_main_effect_agent_action_success_chance_enemy_skill|18|character_to_character_own
effect,warhammer_3,8.1.1,24237342,Lizardmen,lizardmen,wh2_main_sc_lzd_lizardmen,Lord Kroak,Lord_Kroak,hero,wh2_dlc12_lzd_lord_kroak,wizard,wizard,wh2_dlc12_lzd_cult_of_sotek|wh2_dlc13_lzd_spirits_of_the_jungle|wh2_dlc17_lzd_oxyotl|wh2_main_lzd_hexoatl|wh2_main_lzd_itza|wh2_main_lzd_last_defenders|wh2_main_lzd_tlaqua,false,true,true,false,false,true,,,wh2_dlc12_skill_node_set_lzd_lord_kroak,,1,wizard,false,false,,,,wh3_main_agent_action_scaling,wh3_main_skill_agent_action_success_scaling,Agent action success modifer,Hidden skill that scales action success/defence chance,mount_hellsteed.png,0,99,0,0,false,0,49,18,Agent action success modifer,Hidden skill that scales action success/defence chance,,,,,,wh_main_effect_agent_action_success_chance_skill,[HIDDEN] Hero action success chance: %+n% (from skill),,character_to_character_own,18,campaign,0,true,,,,,,,,,,,,,,,,,,,,,,,,,character_skill_level_to_effects_junctions_tables,wh3_main_skill_agent_action_success_scaling|wh_main_effect_agent_action_success_chance_skill|18|character_to_character_own
effect,warhammer_3,8.1.1,24237342,Lizardmen,lizardmen,wh2_main_sc_lzd_lizardmen,Lord Kroak,Lord_Kroak,hero,wh2_dlc12_lzd_lord_kroak,wizard,wizard,wh2_dlc12_lzd_cult_of_sotek|wh2_dlc13_lzd_spirits_of_the_jungle|wh2_dlc17_lzd_oxyotl|wh2_main_lzd_hexoatl|wh2_main_lzd_itza|wh2_main_lzd_last_defenders|wh2_main_lzd_tlaqua,false,true,true,false,false,true,,,wh2_dlc12_skill_node_set_lzd_lord_kroak,,1,wizard,false,false,,,,wh3_main_agent_action_scaling,wh3_main_skill_agent_action_success_scaling,Agent action success modifer,Hidden skill that scales action success/defence chance,mount_hellsteed.png,0,99,0,0,false,0,49,19,Agent action success modifer,Hidden skill that scales action success/defence chance,,,,,,wh_main_effect_agent_action_success_chance_enemy_skill,[HIDDEN] Enemy Hero action success chance: %+n% (from skill),,character_to_character_own,-19,campaign,0,true,,,,,,,,,,,,,,,,,,,,,,,,,character_skill_level_to_effects_junctions_tables,wh3_main_skill_agent_action_success_scaling|wh_main_effect_agent_action_success_chance_enemy_skill|19|character_to_character_own
effect,warhammer_3,8.1.1,24237342,Lizardmen,lizardmen,wh2_main_sc_lzd_lizardmen,Lord Kroak,Lord_Kroak,hero,wh2_dlc12_lzd_lord_kroak,wizard,wizard,wh2_dlc12_lzd_cult_of_sotek|wh2_dlc13_lzd_spirits_of_the_jungle|wh2_dlc17_lzd_oxyotl|wh2_main_lzd_hexoatl|wh2_main_lzd_itza|wh2_main_lzd_last_defenders|wh2_main_lzd_tlaqua,false,true,true,false,false,true,,,wh2_dlc12_skill_node_set_lzd_lord_kroak,,1,wizard,false,false,,,,wh3_main_agent_action_scaling,wh3_main_skill_agent_action_success_scaling,Agent action success modifer,Hidden skill that scales action success/defence chance,mount_hellsteed.png,0,99,0,0,false,0,49,19,Agent action success modifer,Hidden skill that scales action success/defence chance,,,,,,wh_main_effect_agent_action_success_chance_skill,[HIDDEN] Hero action success chance: %+n% (from skill),,character_to_character_own,19,campaign,0,true,,,,,,,,,,,,,,,,,,,,,,,,,character_skill_level_to_effects_junctions_tables,wh3_main_skill_agent_action_success_scaling|wh_main_effect_agent_action_success_chance_skill|19|character_to_character_own
effect,warhammer_3,8.1.1,24237342,Lizardmen,lizardmen,wh2_main_sc_lzd_lizardmen,Lord Kroak,Lord_Kroak,hero,wh2_dlc12_lzd_lord_kroak,wizard,wizard,wh2_dlc12_lzd_cult_of_sotek|wh2_dlc13_lzd_spirits_of_the_jungle|wh2_dlc17_lzd_oxyotl|wh2_main_lzd_hexoatl|wh2_main_lzd_itza|wh2_main_lzd_last_defenders|wh2_main_lzd_tlaqua,false,true,true,false,false,true,,,wh2_dlc12_skill_node_set_lzd_lord_kroak,,1,wizard,false,false,,,,wh3_main_agent_action_scaling,wh3_main_skill_agent_action_success_scaling,Agent action success modifer,Hidden skill that scales action success/defence chance,mount_hellsteed.png,0,99,0,0,false,0,49,20,Agent action success modifer,Hidden skill that scales action success/defence chance,,,,,,wh_main_effect_agent_action_success_chance_enemy_skill,[HIDDEN] Enemy Hero action success chance: %+n% (from skill),,character_to_character_own,-20,campaign,0,true,,,,,,,,,,,,,,,,,,,,,,,,,character_skill_level_to_effects_junctions_tables,wh3_main_skill_agent_action_success_scaling|wh_main_effect_agent_action_success_chance_enemy_skill|20|character_to_character_own
effect,warhammer_3,8.1.1,24237342,Lizardmen,lizardmen,wh2_main_sc_lzd_lizardmen,Lord Kroak,Lord_Kroak,hero,wh2_dlc12_lzd_lord_kroak,wizard,wizard,wh2_dlc12_lzd_cult_of_sotek|wh2_dlc13_lzd_spirits_of_the_jungle|wh2_dlc17_lzd_oxyotl|wh2_main_lzd_hexoatl|wh2_main_lzd_itza|wh2_main_lzd_last_defenders|wh2_main_lzd_tlaqua,false,true,true,false,false,true,,,wh2_dlc12_skill_node_set_lzd_lord_kroak,,1,wizard,false,false,,,,wh3_main_agent_action_scaling,wh3_main_skill_agent_action_success_scaling,Agent action success modifer,Hidden skill that scales action success/defence chance,mount_hellsteed.png,0,99,0,0,false,0,49,20,Agent action success modifer,Hidden skill that scales action success/defence chance,,,,,,wh_main_effect_agent_action_success_chance_skill,[HIDDEN] Hero action success chance: %+n% (from skill),,character_to_character_own,20,campaign,0,true,,,,,,,,,,,,,,,,,,,,,,,,,character_skill_level_to_effects_junctions_tables,wh3_main_skill_agent_action_success_scaling|wh_main_effect_agent_action_success_chance_skill|20|character_to_character_own
effect,warhammer_3,8.1.1,24237342,Lizardmen,lizardmen,wh2_main_sc_lzd_lizardmen,Lord Kroak,Lord_Kroak,hero,wh2_dlc12_lzd_lord_kroak,wizard,wizard,wh2_dlc12_lzd_cult_of_sotek|wh2_dlc13_lzd_spirits_of_the_jungle|wh2_dlc17_lzd_oxyotl|wh2_main_lzd_hexoatl|wh2_main_lzd_itza|wh2_main_lzd_last_defenders|wh2_main_lzd_tlaqua,false,true,true,false,false,true,,,wh2_dlc12_skill_node_set_lzd_lord_kroak,,1,wizard,false,false,,,,wh3_main_agent_action_scaling,wh3_main_skill_agent_action_success_scaling,Agent action success modifer,Hidden skill that scales action success/defence chance,mount_hellsteed.png,0,99,0,0,false,0,49,21,Agent action success modifer,Hidden skill that scales action success/defence chance,,,,,,wh_main_effect_agent_action_success_chance_enemy_skill,[HIDDEN] Enemy Hero action success chance: %+n% (from skill),,character_to_character_own,-21,campaign,0,true,,,,,,,,,,,,,,,,,,,,,,,,,character_skill_level_to_effects_junctions_tables,wh3_main_skill_agent_action_success_scaling|wh_main_effect_agent_action_success_chance_enemy_skill|21|character_to_character_own
effect,warhammer_3,8.1.1,24237342,Lizardmen,lizardmen,wh2_main_sc_lzd_lizardmen,Lord Kroak,Lord_Kroak,hero,wh2_dlc12_lzd_lord_kroak,wizard,wizard,wh2_dlc12_lzd_cult_of_sotek|wh2_dlc13_lzd_spirits_of_the_jungle|wh2_dlc17_lzd_oxyotl|wh2_main_lzd_hexoatl|wh2_main_lzd_itza|wh2_main_lzd_last_defenders|wh2_main_lzd_tlaqua,false,true,true,false,false,true,,,wh2_dlc12_skill_node_set_lzd_lord_kroak,,1,wizard,false,false,,,,wh3_main_agent_action_scaling,wh3_main_skill_agent_action_success_scaling,Agent action success modifer,Hidden skill that scales action success/defence chance,mount_hellsteed.png,0,99,0,0,false,0,49,21,Agent action success modifer,Hidden skill that scales action success/defence chance,,,,,,wh_main_effect_agent_action_success_chance_skill,[HIDDEN] Hero action success chance: %+n% (from skill),,character_to_character_own,21,campaign,0,true,,,,,,,,,,,,,,,,,,,,,,,,,character_skill_level_to_effects_junctions_tables,wh3_main_skill_agent_action_success_scaling|wh_main_effect_agent_action_success_chance_skill|21|character_to_character_own
effect,warhammer_3,8.1.1,24237342,Lizardmen,lizardmen,wh2_main_sc_lzd_lizardmen,Lord Kroak,Lord_Kroak,hero,wh2_dlc12_lzd_lord_kroak,wizard,wizard,wh2_dlc12_lzd_cult_of_sotek|wh2_dlc13_lzd_spirits_of_the_jungle|wh2_dlc17_lzd_oxyotl|wh2_main_lzd_hexoatl|wh2_main_lzd_itza|wh2_main_lzd_last_defenders|wh2_main_lzd_tlaqua,false,true,true,false,false,true,,,wh2_dlc12_skill_node_set_lzd_lord_kroak,,1,wizard,false,false,,,,wh3_main_agent_action_scaling,wh3_main_skill_agent_action_success_scaling,Agent action success modifer,Hidden skill that scales action success/defence chance,mount_hellsteed.png,0,99,0,0,false,0,49,22,Agent action success modifer,Hidden skill that scales action success/defence chance,,,,,,wh_main_effect_agent_action_success_chance_enemy_skill,[HIDDEN] Enemy Hero action success chance: %+n% (from skill),,character_to_character_own,-22,campaign,0,true,,,,,,,,,,,,,,,,,,,,,,,,,character_skill_level_to_effects_junctions_tables,wh3_main_skill_agent_action_success_scaling|wh_main_effect_agent_action_success_chance_enemy_skill|22|character_to_character_own
effect,warhammer_3,8.1.1,24237342,Lizardmen,lizardmen,wh2_main_sc_lzd_lizardmen,Lord Kroak,Lord_Kroak,hero,wh2_dlc12_lzd_lord_kroak,wizard,wizard,wh2_dlc12_lzd_cult_of_sotek|wh2_dlc13_lzd_spirits_of_the_jungle|wh2_dlc17_lzd_oxyotl|wh2_main_lzd_hexoatl|wh2_main_lzd_itza|wh2_main_lzd_last_defenders|wh2_main_lzd_tlaqua,false,true,true,false,false,true,,,wh2_dlc12_skill_node_set_lzd_lord_kroak,,1,wizard,false,false,,,,wh3_main_agent_action_scaling,wh3_main_skill_agent_action_success_scaling,Agent action success modifer,Hidden skill that scales action success/defence chance,mount_hellsteed.png,0,99,0,0,false,0,49,22,Agent action success modifer,Hidden skill that scales action success/defence chance,,,,,,wh_main_effect_agent_action_success_chance_skill,[HIDDEN] Hero action success chance: %+n% (from skill),,character_to_character_own,22,campaign,0,true,,,,,,,,,,,,,,,,,,,,,,,,,character_skill_level_to_effects_junctions_tables,wh3_main_skill_agent_action_success_scaling|wh_main_effect_agent_action_success_chance_skill|22|character_to_character_own
effect,warhammer_3,8.1.1,24237342,Lizardmen,lizardmen,wh2_main_sc_lzd_lizardmen,Lord Kroak,Lord_Kroak,hero,wh2_dlc12_lzd_lord_kroak,wizard,wizard,wh2_dlc12_lzd_cult_of_sotek|wh2_dlc13_lzd_spirits_of_the_jungle|wh2_dlc17_lzd_oxyotl|wh2_main_lzd_hexoatl|wh2_main_lzd_itza|wh2_main_lzd_last_defenders|wh2_main_lzd_tlaqua,false,true,true,false,false,true,,,wh2_dlc12_skill_node_set_lzd_lord_kroak,,1,wizard,false,false,,,,wh3_main_agent_action_scaling,wh3_main_skill_agent_action_success_scaling,Agent action success modifer,Hidden skill that scales action success/defence chance,mount_hellsteed.png,0,99,0,0,false,0,49,23,Agent action success modifer,Hidden skill that scales action success/defence chance,,,,,,wh_main_effect_agent_action_success_chance_enemy_skill,[HIDDEN] Enemy Hero action success chance: %+n% (from skill),,character_to_character_own,-23,campaign,0,true,,,,,,,,,,,,,,,,,,,,,,,,,character_skill_level_to_effects_junctions_tables,wh3_main_skill_agent_action_success_scaling|wh_main_effect_agent_action_success_chance_enemy_skill|23|character_to_character_own
effect,warhammer_3,8.1.1,24237342,Lizardmen,lizardmen,wh2_main_sc_lzd_lizardmen,Lord Kroak,Lord_Kroak,hero,wh2_dlc12_lzd_lord_kroak,wizard,wizard,wh2_dlc12_lzd_cult_of_sotek|wh2_dlc13_lzd_spirits_of_the_jungle|wh2_dlc17_lzd_oxyotl|wh2_main_lzd_hexoatl|wh2_main_lzd_itza|wh2_main_lzd_last_defenders|wh2_main_lzd_tlaqua,false,true,true,false,false,true,,,wh2_dlc12_skill_node_set_lzd_lord_kroak,,1,wizard,false,false,,,,wh3_main_agent_action_scaling,wh3_main_skill_agent_action_success_scaling,Agent action success modifer,Hidden skill that scales action success/defence chance,mount_hellsteed.png,0,99,0,0,false,0,49,23,Agent action success modifer,Hidden skill that scales action success/defence chance,,,,,,wh_main_effect_agent_action_success_chance_skill,[HIDDEN] Hero action success chance: %+n% (from skill),,character_to_character_own,23,campaign,0,true,,,,,,,,,,,,,,,,,,,,,,,,,character_skill_level_to_effects_junctions_tables,wh3_main_skill_agent_action_success_scaling|wh_main_effect_agent_action_success_chance_skill|23|character_to_character_own
effect,warhammer_3,8.1.1,24237342,Lizardmen,lizardmen,wh2_main_sc_lzd_lizardmen,Lord Kroak,Lord_Kroak,hero,wh2_dlc12_lzd_lord_kroak,wizard,wizard,wh2_dlc12_lzd_cult_of_sotek|wh2_dlc13_lzd_spirits_of_the_jungle|wh2_dlc17_lzd_oxyotl|wh2_main_lzd_hexoatl|wh2_main_lzd_itza|wh2_main_lzd_last_defenders|wh2_main_lzd_tlaqua,false,true,true,false,false,true,,,wh2_dlc12_skill_node_set_lzd_lord_kroak,,1,wizard,false,false,,,,wh3_main_agent_action_scaling,wh3_main_skill_agent_action_success_scaling,Agent action success modifer,Hidden skill that scales action success/defence chance,mount_hellsteed.png,0,99,0,0,false,0,49,24,Agent action success modifer,Hidden skill that scales action success/defence chance,,,,,,wh_main_effect_agent_action_success_chance_enemy_skill,[HIDDEN] Enemy Hero action success chance: %+n% (from skill),,character_to_character_own,-24,campaign,0,true,,,,,,,,,,,,,,,,,,,,,,,,,character_skill_level_to_effects_junctions_tables,wh3_main_skill_agent_action_success_scaling|wh_main_effect_agent_action_success_chance_enemy_skill|24|character_to_character_own
effect,warhammer_3,8.1.1,24237342,Lizardmen,lizardmen,wh2_main_sc_lzd_lizardmen,Lord Kroak,Lord_Kroak,hero,wh2_dlc12_lzd_lord_kroak,wizard,wizard,wh2_dlc12_lzd_cult_of_sotek|wh2_dlc13_lzd_spirits_of_the_jungle|wh2_dlc17_lzd_oxyotl|wh2_main_lzd_hexoatl|wh2_main_lzd_itza|wh2_main_lzd_last_defenders|wh2_main_lzd_tlaqua,false,true,true,false,false,true,,,wh2_dlc12_skill_node_set_lzd_lord_kroak,,1,wizard,false,false,,,,wh3_main_agent_action_scaling,wh3_main_skill_agent_action_success_scaling,Agent action success modifer,Hidden skill that scales action success/defence chance,mount_hellsteed.png,0,99,0,0,false,0,49,24,Agent action success modifer,Hidden skill that scales action success/defence chance,,,,,,wh_main_effect_agent_action_success_chance_skill,[HIDDEN] Hero action success chance: %+n% (from skill),,character_to_character_own,24,campaign,0,true,,,,,,,,,,,,,,,,,,,,,,,,,character_skill_level_to_effects_junctions_tables,wh3_main_skill_agent_action_success_scaling|wh_main_effect_agent_action_success_chance_skill|24|character_to_character_own
effect,warhammer_3,8.1.1,24237342,Lizardmen,lizardmen,wh2_main_sc_lzd_lizardmen,Lord Kroak,Lord_Kroak,hero,wh2_dlc12_lzd_lord_kroak,wizard,wizard,wh2_dlc12_lzd_cult_of_sotek|wh2_dlc13_lzd_spirits_of_the_jungle|wh2_dlc17_lzd_oxyotl|wh2_main_lzd_hexoatl|wh2_main_lzd_itza|wh2_main_lzd_last_defenders|wh2_main_lzd_tlaqua,false,true,true,false,false,true,,,wh2_dlc12_skill_node_set_lzd_lord_kroak,,1,wizard,false,false,,,,wh3_main_agent_action_scaling,wh3_main_skill_agent_action_success_scaling,Agent action success modifer,Hidden skill that scales action success/defence chance,mount_hellsteed.png,0,99,0,0,false,0,49,25,Agent action success modifer,Hidden skill that scales action success/defence chance,,,,,,wh_main_effect_agent_action_success_chance_enemy_skill,[HIDDEN] Enemy Hero action success chance: %+n% (from skill),,character_to_character_own,-25,campaign,0,true,,,,,,,,,,,,,,,,,,,,,,,,,character_skill_level_to_effects_junctions_tables,wh3_main_skill_agent_action_success_scaling|wh_main_effect_agent_action_success_chance_enemy_skill|25|character_to_character_own
effect,warhammer_3,8.1.1,24237342,Lizardmen,lizardmen,wh2_main_sc_lzd_lizardmen,Lord Kroak,Lord_Kroak,hero,wh2_dlc12_lzd_lord_kroak,wizard,wizard,wh2_dlc12_lzd_cult_of_sotek|wh2_dlc13_lzd_spirits_of_the_jungle|wh2_dlc17_lzd_oxyotl|wh2_main_lzd_hexoatl|wh2_main_lzd_itza|wh2_main_lzd_last_defenders|wh2_main_lzd_tlaqua,false,true,true,false,false,true,,,wh2_dlc12_skill_node_set_lzd_lord_kroak,,1,wizard,false,false,,,,wh3_main_agent_action_scaling,wh3_main_skill_agent_action_success_scaling,Agent action success modifer,Hidden skill that scales action success/defence chance,mount_hellsteed.png,0,99,0,0,false,0,49,25,Agent action success modifer,Hidden skill that scales action success/defence chance,,,,,,wh_main_effect_agent_action_success_chance_skill,[HIDDEN] Hero action success chance: %+n% (from skill),,character_to_character_own,25,campaign,0,true,,,,,,,,,,,,,,,,,,,,,,,,,character_skill_level_to_effects_junctions_tables,wh3_main_skill_agent_action_success_scaling|wh_main_effect_agent_action_success_chance_skill|25|character_to_character_own
effect,warhammer_3,8.1.1,24237342,Lizardmen,lizardmen,wh2_main_sc_lzd_lizardmen,Lord Kroak,Lord_Kroak,hero,wh2_dlc12_lzd_lord_kroak,wizard,wizard,wh2_dlc12_lzd_cult_of_sotek|wh2_dlc13_lzd_spirits_of_the_jungle|wh2_dlc17_lzd_oxyotl|wh2_main_lzd_hexoatl|wh2_main_lzd_itza|wh2_main_lzd_last_defenders|wh2_main_lzd_tlaqua,false,true,true,false,false,true,,,wh2_dlc12_skill_node_set_lzd_lord_kroak,,1,wizard,false,false,,,,wh3_main_agent_action_scaling,wh3_main_skill_agent_action_success_scaling,Agent action success modifer,Hidden skill that scales action success/defence chance,mount_hellsteed.png,0,99,0,0,false,0,49,26,Agent action success modifer,Hidden skill that scales action success/defence chance,,,,,,wh_main_effect_agent_action_success_chance_enemy_skill,[HIDDEN] Enemy Hero action success chance: %+n% (from skill),,character_to_character_own,-26,campaign,0,true,,,,,,,,,,,,,,,,,,,,,,,,,character_skill_level_to_effects_junctions_tables,wh3_main_skill_agent_action_success_scaling|wh_main_effect_agent_action_success_chance_enemy_skill|26|character_to_character_own
effect,warhammer_3,8.1.1,24237342,Lizardmen,lizardmen,wh2_main_sc_lzd_lizardmen,Lord Kroak,Lord_Kroak,hero,wh2_dlc12_lzd_lord_kroak,wizard,wizard,wh2_dlc12_lzd_cult_of_sotek|wh2_dlc13_lzd_spirits_of_the_jungle|wh2_dlc17_lzd_oxyotl|wh2_main_lzd_hexoatl|wh2_main_lzd_itza|wh2_main_lzd_last_defenders|wh2_main_lzd_tlaqua,false,true,true,false,false,true,,,wh2_dlc12_skill_node_set_lzd_lord_kroak,,1,wizard,false,false,,,,wh3_main_agent_action_scaling,wh3_main_skill_agent_action_success_scaling,Agent action success modifer,Hidden skill that scales action success/defence chance,mount_hellsteed.png,0,99,0,0,false,0,49,26,Agent action success modifer,Hidden skill that scales action success/defence chance,,,,,,wh_main_effect_agent_action_success_chance_skill,[HIDDEN] Hero action success chance: %+n% (from skill),,character_to_character_own,26,campaign,0,true,,,,,,,,,,,,,,,,,,,,,,,,,character_skill_level_to_effects_junctions_tables,wh3_main_skill_agent_action_success_scaling|wh_main_effect_agent_action_success_chance_skill|26|character_to_character_own
effect,warhammer_3,8.1.1,24237342,Lizardmen,lizardmen,wh2_main_sc_lzd_lizardmen,Lord Kroak,Lord_Kroak,hero,wh2_dlc12_lzd_lord_kroak,wizard,wizard,wh2_dlc12_lzd_cult_of_sotek|wh2_dlc13_lzd_spirits_of_the_jungle|wh2_dlc17_lzd_oxyotl|wh2_main_lzd_hexoatl|wh2_main_lzd_itza|wh2_main_lzd_last_defenders|wh2_main_lzd_tlaqua,false,true,true,false,false,true,,,wh2_dlc12_skill_node_set_lzd_lord_kroak,,1,wizard,false,false,,,,wh3_main_agent_action_scaling,wh3_main_skill_agent_action_success_scaling,Agent action success modifer,Hidden skill that scales action success/defence chance,mount_hellsteed.png,0,99,0,0,false,0,49,27,Agent action success modifer,Hidden skill that scales action success/defence chance,,,,,,wh_main_effect_agent_action_success_chance_enemy_skill,[HIDDEN] Enemy Hero action success chance: %+n% (from skill),,character_to_character_own,-27,campaign,0,true,,,,,,,,,,,,,,,,,,,,,,,,,character_skill_level_to_effects_junctions_tables,wh3_main_skill_agent_action_success_scaling|wh_main_effect_agent_action_success_chance_enemy_skill|27|character_to_character_own
effect,warhammer_3,8.1.1,24237342,Lizardmen,lizardmen,wh2_main_sc_lzd_lizardmen,Lord Kroak,Lord_Kroak,hero,wh2_dlc12_lzd_lord_kroak,wizard,wizard,wh2_dlc12_lzd_cult_of_sotek|wh2_dlc13_lzd_spirits_of_the_jungle|wh2_dlc17_lzd_oxyotl|wh2_main_lzd_hexoatl|wh2_main_lzd_itza|wh2_main_lzd_last_defenders|wh2_main_lzd_tlaqua,false,true,true,false,false,true,,,wh2_dlc12_skill_node_set_lzd_lord_kroak,,1,wizard,false,false,,,,wh3_main_agent_action_scaling,wh3_main_skill_agent_action_success_scaling,Agent action success modifer,Hidden skill that scales action success/defence chance,mount_hellsteed.png,0,99,0,0,false,0,49,27,Agent action success modifer,Hidden skill that scales action success/defence chance,,,,,,wh_main_effect_agent_action_success_chance_skill,[HIDDEN] Hero action success chance: %+n% (from skill),,character_to_character_own,27,campaign,0,true,,,,,,,,,,,,,,,,,,,,,,,,,character_skill_level_to_effects_junctions_tables,wh3_main_skill_agent_action_success_scaling|wh_main_effect_agent_action_success_chance_skill|27|character_to_character_own
effect,warhammer_3,8.1.1,24237342,Lizardmen,lizardmen,wh2_main_sc_lzd_lizardmen,Lord Kroak,Lord_Kroak,hero,wh2_dlc12_lzd_lord_kroak,wizard,wizard,wh2_dlc12_lzd_cult_of_sotek|wh2_dlc13_lzd_spirits_of_the_jungle|wh2_dlc17_lzd_oxyotl|wh2_main_lzd_hexoatl|wh2_main_lzd_itza|wh2_main_lzd_last_defenders|wh2_main_lzd_tlaqua,false,true,true,false,false,true,,,wh2_dlc12_skill_node_set_lzd_lord_kroak,,1,wizard,false,false,,,,wh3_main_agent_action_scaling,wh3_main_skill_agent_action_success_scaling,Agent action success modifer,Hidden skill that scales action success/defence chance,mount_hellsteed.png,0,99,0,0,false,0,49,28,Agent action success modifer,Hidden skill that scales action success/defence chance,,,,,,wh_main_effect_agent_action_success_chance_enemy_skill,[HIDDEN] Enemy Hero action success chance: %+n% (from skill),,character_to_character_own,-28,campaign,0,true,,,,,,,,,,,,,,,,,,,,,,,,,character_skill_level_to_effects_junctions_tables,wh3_main_skill_agent_action_success_scaling|wh_main_effect_agent_action_success_chance_enemy_skill|28|character_to_character_own
effect,warhammer_3,8.1.1,24237342,Lizardmen,lizardmen,wh2_main_sc_lzd_lizardmen,Lord Kroak,Lord_Kroak,hero,wh2_dlc12_lzd_lord_kroak,wizard,wizard,wh2_dlc12_lzd_cult_of_sotek|wh2_dlc13_lzd_spirits_of_the_jungle|wh2_dlc17_lzd_oxyotl|wh2_main_lzd_hexoatl|wh2_main_lzd_itza|wh2_main_lzd_last_defenders|wh2_main_lzd_tlaqua,false,true,true,false,false,true,,,wh2_dlc12_skill_node_set_lzd_lord_kroak,,1,wizard,false,false,,,,wh3_main_agent_action_scaling,wh3_main_skill_agent_action_success_scaling,Agent action success modifer,Hidden skill that scales action success/defence chance,mount_hellsteed.png,0,99,0,0,false,0,49,28,Agent action success modifer,Hidden skill that scales action success/defence chance,,,,,,wh_main_effect_agent_action_success_chance_skill,[HIDDEN] Hero action success chance: %+n% (from skill),,character_to_character_own,28,campaign,0,true,,,,,,,,,,,,,,,,,,,,,,,,,character_skill_level_to_effects_junctions_tables,wh3_main_skill_agent_action_success_scaling|wh_main_effect_agent_action_success_chance_skill|28|character_to_character_own
effect,warhammer_3,8.1.1,24237342,Lizardmen,lizardmen,wh2_main_sc_lzd_lizardmen,Lord Kroak,Lord_Kroak,hero,wh2_dlc12_lzd_lord_kroak,wizard,wizard,wh2_dlc12_lzd_cult_of_sotek|wh2_dlc13_lzd_spirits_of_the_jungle|wh2_dlc17_lzd_oxyotl|wh2_main_lzd_hexoatl|wh2_main_lzd_itza|wh2_main_lzd_last_defenders|wh2_main_lzd_tlaqua,false,true,true,false,false,true,,,wh2_dlc12_skill_node_set_lzd_lord_kroak,,1,wizard,false,false,,,,wh3_main_agent_action_scaling,wh3_main_skill_agent_action_success_scaling,Agent action success modifer,Hidden skill that scales action success/defence chance,mount_hellsteed.png,0,99,0,0,false,0,49,29,Agent action success modifer,Hidden skill that scales action success/defence chance,,,,,,wh_main_effect_agent_action_success_chance_enemy_skill,[HIDDEN] Enemy Hero action success chance: %+n% (from skill),,character_to_character_own,-29,campaign,0,true,,,,,,,,,,,,,,,,,,,,,,,,,character_skill_level_to_effects_junctions_tables,wh3_main_skill_agent_action_success_scaling|wh_main_effect_agent_action_success_chance_enemy_skill|29|character_to_character_own
effect,warhammer_3,8.1.1,24237342,Lizardmen,lizardmen,wh2_main_sc_lzd_lizardmen,Lord Kroak,Lord_Kroak,hero,wh2_dlc12_lzd_lord_kroak,wizard,wizard,wh2_dlc12_lzd_cult_of_sotek|wh2_dlc13_lzd_spirits_of_the_jungle|wh2_dlc17_lzd_oxyotl|wh2_main_lzd_hexoatl|wh2_main_lzd_itza|wh2_main_lzd_last_defenders|wh2_main_lzd_tlaqua,false,true,true,false,false,true,,,wh2_dlc12_skill_node_set_lzd_lord_kroak,,1,wizard,false,false,,,,wh3_main_agent_action_scaling,wh3_main_skill_agent_action_success_scaling,Agent action success modifer,Hidden skill that scales action success/defence chance,mount_hellsteed.png,0,99,0,0,false,0,49,29,Agent action success modifer,Hidden skill that scales action success/defence chance,,,,,,wh_main_effect_agent_action_success_chance_skill,[HIDDEN] Hero action success chance: %+n% (from skill),,character_to_character_own,29,campaign,0,true,,,,,,,,,,,,,,,,,,,,,,,,,character_skill_level_to_effects_junctions_tables,wh3_main_skill_agent_action_success_scaling|wh_main_effect_agent_action_success_chance_skill|29|character_to_character_own
effect,warhammer_3,8.1.1,24237342,Lizardmen,lizardmen,wh2_main_sc_lzd_lizardmen,Lord Kroak,Lord_Kroak,hero,wh2_dlc12_lzd_lord_kroak,wizard,wizard,wh2_dlc12_lzd_cult_of_sotek|wh2_dlc13_lzd_spirits_of_the_jungle|wh2_dlc17_lzd_oxyotl|wh2_main_lzd_hexoatl|wh2_main_lzd_itza|wh2_main_lzd_last_defenders|wh2_main_lzd_tlaqua,false,true,true,false,false,true,,,wh2_dlc12_skill_node_set_lzd_lord_kroak,,1,wizard,false,false,,,,wh3_main_agent_action_scaling,wh3_main_skill_agent_action_success_scaling,Agent action success modifer,Hidden skill that scales action success/defence chance,mount_hellsteed.png,0,99,0,0,false,0,49,30,Agent action success modifer,Hidden skill that scales action success/defence chance,,,,,,wh_main_effect_agent_action_success_chance_enemy_skill,[HIDDEN] Enemy Hero action success chance: %+n% (from skill),,character_to_character_own,-30,campaign,0,true,,,,,,,,,,,,,,,,,,,,,,,,,character_skill_level_to_effects_junctions_tables,wh3_main_skill_agent_action_success_scaling|wh_main_effect_agent_action_success_chance_enemy_skill|30|character_to_character_own
effect,warhammer_3,8.1.1,24237342,Lizardmen,lizardmen,wh2_main_sc_lzd_lizardmen,Lord Kroak,Lord_Kroak,hero,wh2_dlc12_lzd_lord_kroak,wizard,wizard,wh2_dlc12_lzd_cult_of_sotek|wh2_dlc13_lzd_spirits_of_the_jungle|wh2_dlc17_lzd_oxyotl|wh2_main_lzd_hexoatl|wh2_main_lzd_itza|wh2_main_lzd_last_defenders|wh2_main_lzd_tlaqua,false,true,true,false,false,true,,,wh2_dlc12_skill_node_set_lzd_lord_kroak,,1,wizard,false,false,,,,wh3_main_agent_action_scaling,wh3_main_skill_agent_action_success_scaling,Agent action success modifer,Hidden skill that scales action success/defence chance,mount_hellsteed.png,0,99,0,0,false,0,49,30,Agent action success modifer,Hidden skill that scales action success/defence chance,,,,,,wh_main_effect_agent_action_success_chance_skill,[HIDDEN] Hero action success chance: %+n% (from skill),,character_to_character_own,30,campaign,0,true,,,,,,,,,,,,,,,,,,,,,,,,,character_skill_level_to_effects_junctions_tables,wh3_main_skill_agent_action_success_scaling|wh_main_effect_agent_action_success_chance_skill|30|character_to_character_own
effect,warhammer_3,8.1.1,24237342,Lizardmen,lizardmen,wh2_main_sc_lzd_lizardmen,Lord Kroak,Lord_Kroak,hero,wh2_dlc12_lzd_lord_kroak,wizard,wizard,wh2_dlc12_lzd_cult_of_sotek|wh2_dlc13_lzd_spirits_of_the_jungle|wh2_dlc17_lzd_oxyotl|wh2_main_lzd_hexoatl|wh2_main_lzd_itza|wh2_main_lzd_last_defenders|wh2_main_lzd_tlaqua,false,true,true,false,false,true,,,wh2_dlc12_skill_node_set_lzd_lord_kroak,,1,wizard,false,false,,,,wh3_main_agent_action_scaling,wh3_main_skill_agent_action_success_scaling,Agent action success modifer,Hidden skill that scales action success/defence chance,mount_hellsteed.png,0,99,0,0,false,0,49,31,Agent action success modifer,Hidden skill that scales action success/defence chance,,,,,,wh_main_effect_agent_action_success_chance_enemy_skill,[HIDDEN] Enemy Hero action success chance: %+n% (from skill),,character_to_character_own,-31,campaign,0,true,,,,,,,,,,,,,,,,,,,,,,,,,character_skill_level_to_effects_junctions_tables,wh3_main_skill_agent_action_success_scaling|wh_main_effect_agent_action_success_chance_enemy_skill|31|character_to_character_own
effect,warhammer_3,8.1.1,24237342,Lizardmen,lizardmen,wh2_main_sc_lzd_lizardmen,Lord Kroak,Lord_Kroak,hero,wh2_dlc12_lzd_lord_kroak,wizard,wizard,wh2_dlc12_lzd_cult_of_sotek|wh2_dlc13_lzd_spirits_of_the_jungle|wh2_dlc17_lzd_oxyotl|wh2_main_lzd_hexoatl|wh2_main_lzd_itza|wh2_main_lzd_last_defenders|wh2_main_lzd_tlaqua,false,true,true,false,false,true,,,wh2_dlc12_skill_node_set_lzd_lord_kroak,,1,wizard,false,false,,,,wh3_main_agent_action_scaling,wh3_main_skill_agent_action_success_scaling,Agent action success modifer,Hidden skill that scales action success/defence chance,mount_hellsteed.png,0,99,0,0,false,0,49,31,Agent action success modifer,Hidden skill that scales action success/defence chance,,,,,,wh_main_effect_agent_action_success_chance_skill,[HIDDEN] Hero action success chance: %+n% (from skill),,character_to_character_own,31,campaign,0,true,,,,,,,,,,,,,,,,,,,,,,,,,character_skill_level_to_effects_junctions_tables,wh3_main_skill_agent_action_success_scaling|wh_main_effect_agent_action_success_chance_skill|31|character_to_character_own
effect,warhammer_3,8.1.1,24237342,Lizardmen,lizardmen,wh2_main_sc_lzd_lizardmen,Lord Kroak,Lord_Kroak,hero,wh2_dlc12_lzd_lord_kroak,wizard,wizard,wh2_dlc12_lzd_cult_of_sotek|wh2_dlc13_lzd_spirits_of_the_jungle|wh2_dlc17_lzd_oxyotl|wh2_main_lzd_hexoatl|wh2_main_lzd_itza|wh2_main_lzd_last_defenders|wh2_main_lzd_tlaqua,false,true,true,false,false,true,,,wh2_dlc12_skill_node_set_lzd_lord_kroak,,1,wizard,false,false,,,,wh3_main_agent_action_scaling,wh3_main_skill_agent_action_success_scaling,Agent action success modifer,Hidden skill that scales action success/defence chance,mount_hellsteed.png,0,99,0,0,false,0,49,32,Agent action success modifer,Hidden skill that scales action success/defence chance,,,,,,wh_main_effect_agent_action_success_chance_enemy_skill,[HIDDEN] Enemy Hero action success chance: %+n% (from skill),,character_to_character_own,-32,campaign,0,true,,,,,,,,,,,,,,,,,,,,,,,,,character_skill_level_to_effects_junctions_tables,wh3_main_skill_agent_action_success_scaling|wh_main_effect_agent_action_success_chance_enemy_skill|32|character_to_character_own
effect,warhammer_3,8.1.1,24237342,Lizardmen,lizardmen,wh2_main_sc_lzd_lizardmen,Lord Kroak,Lord_Kroak,hero,wh2_dlc12_lzd_lord_kroak,wizard,wizard,wh2_dlc12_lzd_cult_of_sotek|wh2_dlc13_lzd_spirits_of_the_jungle|wh2_dlc17_lzd_oxyotl|wh2_main_lzd_hexoatl|wh2_main_lzd_itza|wh2_main_lzd_last_defenders|wh2_main_lzd_tlaqua,false,true,true,false,false,true,,,wh2_dlc12_skill_node_set_lzd_lord_kroak,,1,wizard,false,false,,,,wh3_main_agent_action_scaling,wh3_main_skill_agent_action_success_scaling,Agent action success modifer,Hidden skill that scales action success/defence chance,mount_hellsteed.png,0,99,0,0,false,0,49,32,Agent action success modifer,Hidden skill that scales action success/defence chance,,,,,,wh_main_effect_agent_action_success_chance_skill,[HIDDEN] Hero action success chance: %+n% (from skill),,character_to_character_own,32,campaign,0,true,,,,,,,,,,,,,,,,,,,,,,,,,character_skill_level_to_effects_junctions_tables,wh3_main_skill_agent_action_success_scaling|wh_main_effect_agent_action_success_chance_skill|32|character_to_character_own
effect,warhammer_3,8.1.1,24237342,Lizardmen,lizardmen,wh2_main_sc_lzd_lizardmen,Lord Kroak,Lord_Kroak,hero,wh2_dlc12_lzd_lord_kroak,wizard,wizard,wh2_dlc12_lzd_cult_of_sotek|wh2_dlc13_lzd_spirits_of_the_jungle|wh2_dlc17_lzd_oxyotl|wh2_main_lzd_hexoatl|wh2_main_lzd_itza|wh2_main_lzd_last_defenders|wh2_main_lzd_tlaqua,false,true,true,false,false,true,,,wh2_dlc12_skill_node_set_lzd_lord_kroak,,1,wizard,false,false,,,,wh3_main_agent_action_scaling,wh3_main_skill_agent_action_success_scaling,Agent action success modifer,Hidden skill that scales action success/defence chance,mount_hellsteed.png,0,99,0,0,false,0,49,33,Agent action success modifer,Hidden skill that scales action success/defence chance,,,,,,wh_main_effect_agent_action_success_chance_enemy_skill,[HIDDEN] Enemy Hero action success chance: %+n% (from skill),,character_to_character_own,-33,campaign,0,true,,,,,,,,,,,,,,,,,,,,,,,,,character_skill_level_to_effects_junctions_tables,wh3_main_skill_agent_action_success_scaling|wh_main_effect_agent_action_success_chance_enemy_skill|33|character_to_character_own
effect,warhammer_3,8.1.1,24237342,Lizardmen,lizardmen,wh2_main_sc_lzd_lizardmen,Lord Kroak,Lord_Kroak,hero,wh2_dlc12_lzd_lord_kroak,wizard,wizard,wh2_dlc12_lzd_cult_of_sotek|wh2_dlc13_lzd_spirits_of_the_jungle|wh2_dlc17_lzd_oxyotl|wh2_main_lzd_hexoatl|wh2_main_lzd_itza|wh2_main_lzd_last_defenders|wh2_main_lzd_tlaqua,false,true,true,false,false,true,,,wh2_dlc12_skill_node_set_lzd_lord_kroak,,1,wizard,false,false,,,,wh3_main_agent_action_scaling,wh3_main_skill_agent_action_success_scaling,Agent action success modifer,Hidden skill that scales action success/defence chance,mount_hellsteed.png,0,99,0,0,false,0,49,33,Agent action success modifer,Hidden skill that scales action success/defence chance,,,,,,wh_main_effect_agent_action_success_chance_skill,[HIDDEN] Hero action success chance: %+n% (from skill),,character_to_character_own,33,campaign,0,true,,,,,,,,,,,,,,,,,,,,,,,,,character_skill_level_to_effects_junctions_tables,wh3_main_skill_agent_action_success_scaling|wh_main_effect_agent_action_success_chance_skill|33|character_to_character_own
effect,warhammer_3,8.1.1,24237342,Lizardmen,lizardmen,wh2_main_sc_lzd_lizardmen,Lord Kroak,Lord_Kroak,hero,wh2_dlc12_lzd_lord_kroak,wizard,wizard,wh2_dlc12_lzd_cult_of_sotek|wh2_dlc13_lzd_spirits_of_the_jungle|wh2_dlc17_lzd_oxyotl|wh2_main_lzd_hexoatl|wh2_main_lzd_itza|wh2_main_lzd_last_defenders|wh2_main_lzd_tlaqua,false,true,true,false,false,true,,,wh2_dlc12_skill_node_set_lzd_lord_kroak,,1,wizard,false,false,,,,wh3_main_agent_action_scaling,wh3_main_skill_agent_action_success_scaling,Agent action success modifer,Hidden skill that scales action success/defence chance,mount_hellsteed.png,0,99,0,0,false,0,49,34,Agent action success modifer,Hidden skill that scales action success/defence chance,,,,,,wh_main_effect_agent_action_success_chance_enemy_skill,[HIDDEN] Enemy Hero action success chance: %+n% (from skill),,character_to_character_own,-34,campaign,0,true,,,,,,,,,,,,,,,,,,,,,,,,,character_skill_level_to_effects_junctions_tables,wh3_main_skill_agent_action_success_scaling|wh_main_effect_agent_action_success_chance_enemy_skill|34|character_to_character_own
effect,warhammer_3,8.1.1,24237342,Lizardmen,lizardmen,wh2_main_sc_lzd_lizardmen,Lord Kroak,Lord_Kroak,hero,wh2_dlc12_lzd_lord_kroak,wizard,wizard,wh2_dlc12_lzd_cult_of_sotek|wh2_dlc13_lzd_spirits_of_the_jungle|wh2_dlc17_lzd_oxyotl|wh2_main_lzd_hexoatl|wh2_main_lzd_itza|wh2_main_lzd_last_defenders|wh2_main_lzd_tlaqua,false,true,true,false,false,true,,,wh2_dlc12_skill_node_set_lzd_lord_kroak,,1,wizard,false,false,,,,wh3_main_agent_action_scaling,wh3_main_skill_agent_action_success_scaling,Agent action success modifer,Hidden skill that scales action success/defence chance,mount_hellsteed.png,0,99,0,0,false,0,49,34,Agent action success modifer,Hidden skill that scales action success/defence chance,,,,,,wh_main_effect_agent_action_success_chance_skill,[HIDDEN] Hero action success chance: %+n% (from skill),,character_to_character_own,34,campaign,0,true,,,,,,,,,,,,,,,,,,,,,,,,,character_skill_level_to_effects_junctions_tables,wh3_main_skill_agent_action_success_scaling|wh_main_effect_agent_action_success_chance_skill|34|character_to_character_own
effect,warhammer_3,8.1.1,24237342,Lizardmen,lizardmen,wh2_main_sc_lzd_lizardmen,Lord Kroak,Lord_Kroak,hero,wh2_dlc12_lzd_lord_kroak,wizard,wizard,wh2_dlc12_lzd_cult_of_sotek|wh2_dlc13_lzd_spirits_of_the_jungle|wh2_dlc17_lzd_oxyotl|wh2_main_lzd_hexoatl|wh2_main_lzd_itza|wh2_main_lzd_last_defenders|wh2_main_lzd_tlaqua,false,true,true,false,false,true,,,wh2_dlc12_skill_node_set_lzd_lord_kroak,,1,wizard,false,false,,,,wh3_main_agent_action_scaling,wh3_main_skill_agent_action_success_scaling,Agent action success modifer,Hidden skill that scales action success/defence chance,mount_hellsteed.png,0,99,0,0,false,0,49,35,Agent action success modifer,Hidden skill that scales action success/defence chance,,,,,,wh_main_effect_agent_action_success_chance_enemy_skill,[HIDDEN] Enemy Hero action success chance: %+n% (from skill),,character_to_character_own,-35,campaign,0,true,,,,,,,,,,,,,,,,,,,,,,,,,character_skill_level_to_effects_junctions_tables,wh3_main_skill_agent_action_success_scaling|wh_main_effect_agent_action_success_chance_enemy_skill|35|character_to_character_own
effect,warhammer_3,8.1.1,24237342,Lizardmen,lizardmen,wh2_main_sc_lzd_lizardmen,Lord Kroak,Lord_Kroak,hero,wh2_dlc12_lzd_lord_kroak,wizard,wizard,wh2_dlc12_lzd_cult_of_sotek|wh2_dlc13_lzd_spirits_of_the_jungle|wh2_dlc17_lzd_oxyotl|wh2_main_lzd_hexoatl|wh2_main_lzd_itza|wh2_main_lzd_last_defenders|wh2_main_lzd_tlaqua,false,true,true,false,false,true,,,wh2_dlc12_skill_node_set_lzd_lord_kroak,,1,wizard,false,false,,,,wh3_main_agent_action_scaling,wh3_main_skill_agent_action_success_scaling,Agent action success modifer,Hidden skill that scales action success/defence chance,mount_hellsteed.png,0,99,0,0,false,0,49,35,Agent action success modifer,Hidden skill that scales action success/defence chance,,,,,,wh_main_effect_agent_action_success_chance_skill,[HIDDEN] Hero action success chance: %+n% (from skill),,character_to_character_own,35,campaign,0,true,,,,,,,,,,,,,,,,,,,,,,,,,character_skill_level_to_effects_junctions_tables,wh3_main_skill_agent_action_success_scaling|wh_main_effect_agent_action_success_chance_skill|35|character_to_character_own
effect,warhammer_3,8.1.1,24237342,Lizardmen,lizardmen,wh2_main_sc_lzd_lizardmen,Lord Kroak,Lord_Kroak,hero,wh2_dlc12_lzd_lord_kroak,wizard,wizard,wh2_dlc12_lzd_cult_of_sotek|wh2_dlc13_lzd_spirits_of_the_jungle|wh2_dlc17_lzd_oxyotl|wh2_main_lzd_hexoatl|wh2_main_lzd_itza|wh2_main_lzd_last_defenders|wh2_main_lzd_tlaqua,false,true,true,false,false,true,,,wh2_dlc12_skill_node_set_lzd_lord_kroak,,1,wizard,false,false,,,,wh3_main_agent_action_scaling,wh3_main_skill_agent_action_success_scaling,Agent action success modifer,Hidden skill that scales action success/defence chance,mount_hellsteed.png,0,99,0,0,false,0,49,36,Agent action success modifer,Hidden skill that scales action success/defence chance,,,,,,wh_main_effect_agent_action_success_chance_enemy_skill,[HIDDEN] Enemy Hero action success chance: %+n% (from skill),,character_to_character_own,-36,campaign,0,true,,,,,,,,,,,,,,,,,,,,,,,,,character_skill_level_to_effects_junctions_tables,wh3_main_skill_agent_action_success_scaling|wh_main_effect_agent_action_success_chance_enemy_skill|36|character_to_character_own
effect,warhammer_3,8.1.1,24237342,Lizardmen,lizardmen,wh2_main_sc_lzd_lizardmen,Lord Kroak,Lord_Kroak,hero,wh2_dlc12_lzd_lord_kroak,wizard,wizard,wh2_dlc12_lzd_cult_of_sotek|wh2_dlc13_lzd_spirits_of_the_jungle|wh2_dlc17_lzd_oxyotl|wh2_main_lzd_hexoatl|wh2_main_lzd_itza|wh2_main_lzd_last_defenders|wh2_main_lzd_tlaqua,false,true,true,false,false,true,,,wh2_dlc12_skill_node_set_lzd_lord_kroak,,1,wizard,false,false,,,,wh3_main_agent_action_scaling,wh3_main_skill_agent_action_success_scaling,Agent action success modifer,Hidden skill that scales action success/defence chance,mount_hellsteed.png,0,99,0,0,false,0,49,36,Agent action success modifer,Hidden skill that scales action success/defence chance,,,,,,wh_main_effect_agent_action_success_chance_skill,[HIDDEN] Hero action success chance: %+n% (from skill),,character_to_character_own,36,campaign,0,true,,,,,,,,,,,,,,,,,,,,,,,,,character_skill_level_to_effects_junctions_tables,wh3_main_skill_agent_action_success_scaling|wh_main_effect_agent_action_success_chance_skill|36|character_to_character_own
effect,warhammer_3,8.1.1,24237342,Lizardmen,lizardmen,wh2_main_sc_lzd_lizardmen,Lord Kroak,Lord_Kroak,hero,wh2_dlc12_lzd_lord_kroak,wizard,wizard,wh2_dlc12_lzd_cult_of_sotek|wh2_dlc13_lzd_spirits_of_the_jungle|wh2_dlc17_lzd_oxyotl|wh2_main_lzd_hexoatl|wh2_main_lzd_itza|wh2_main_lzd_last_defenders|wh2_main_lzd_tlaqua,false,true,true,false,false,true,,,wh2_dlc12_skill_node_set_lzd_lord_kroak,,1,wizard,false,false,,,,wh3_main_agent_action_scaling,wh3_main_skill_agent_action_success_scaling,Agent action success modifer,Hidden skill that scales action success/defence chance,mount_hellsteed.png,0,99,0,0,false,0,49,37,Agent action success modifer,Hidden skill that scales action success/defence chance,,,,,,wh_main_effect_agent_action_success_chance_enemy_skill,[HIDDEN] Enemy Hero action success chance: %+n% (from skill),,character_to_character_own,-37,campaign,0,true,,,,,,,,,,,,,,,,,,,,,,,,,character_skill_level_to_effects_junctions_tables,wh3_main_skill_agent_action_success_scaling|wh_main_effect_agent_action_success_chance_enemy_skill|37|character_to_character_own
effect,warhammer_3,8.1.1,24237342,Lizardmen,lizardmen,wh2_main_sc_lzd_lizardmen,Lord Kroak,Lord_Kroak,hero,wh2_dlc12_lzd_lord_kroak,wizard,wizard,wh2_dlc12_lzd_cult_of_sotek|wh2_dlc13_lzd_spirits_of_the_jungle|wh2_dlc17_lzd_oxyotl|wh2_main_lzd_hexoatl|wh2_main_lzd_itza|wh2_main_lzd_last_defenders|wh2_main_lzd_tlaqua,false,true,true,false,false,true,,,wh2_dlc12_skill_node_set_lzd_lord_kroak,,1,wizard,false,false,,,,wh3_main_agent_action_scaling,wh3_main_skill_agent_action_success_scaling,Agent action success modifer,Hidden skill that scales action success/defence chance,mount_hellsteed.png,0,99,0,0,false,0,49,37,Agent action success modifer,Hidden skill that scales action success/defence chance,,,,,,wh_main_effect_agent_action_success_chance_skill,[HIDDEN] Hero action success chance: %+n% (from skill),,character_to_character_own,37,campaign,0,true,,,,,,,,,,,,,,,,,,,,,,,,,character_skill_level_to_effects_junctions_tables,wh3_main_skill_agent_action_success_scaling|wh_main_effect_agent_action_success_chance_skill|37|character_to_character_own
effect,warhammer_3,8.1.1,24237342,Lizardmen,lizardmen,wh2_main_sc_lzd_lizardmen,Lord Kroak,Lord_Kroak,hero,wh2_dlc12_lzd_lord_kroak,wizard,wizard,wh2_dlc12_lzd_cult_of_sotek|wh2_dlc13_lzd_spirits_of_the_jungle|wh2_dlc17_lzd_oxyotl|wh2_main_lzd_hexoatl|wh2_main_lzd_itza|wh2_main_lzd_last_defenders|wh2_main_lzd_tlaqua,false,true,true,false,false,true,,,wh2_dlc12_skill_node_set_lzd_lord_kroak,,1,wizard,false,false,,,,wh3_main_agent_action_scaling,wh3_main_skill_agent_action_success_scaling,Agent action success modifer,Hidden skill that scales action success/defence chance,mount_hellsteed.png,0,99,0,0,false,0,49,38,Agent action success modifer,Hidden skill that scales action success/defence chance,,,,,,wh_main_effect_agent_action_success_chance_enemy_skill,[HIDDEN] Enemy Hero action success chance: %+n% (from skill),,character_to_character_own,-38,campaign,0,true,,,,,,,,,,,,,,,,,,,,,,,,,character_skill_level_to_effects_junctions_tables,wh3_main_skill_agent_action_success_scaling|wh_main_effect_agent_action_success_chance_enemy_skill|38|character_to_character_own
effect,warhammer_3,8.1.1,24237342,Lizardmen,lizardmen,wh2_main_sc_lzd_lizardmen,Lord Kroak,Lord_Kroak,hero,wh2_dlc12_lzd_lord_kroak,wizard,wizard,wh2_dlc12_lzd_cult_of_sotek|wh2_dlc13_lzd_spirits_of_the_jungle|wh2_dlc17_lzd_oxyotl|wh2_main_lzd_hexoatl|wh2_main_lzd_itza|wh2_main_lzd_last_defenders|wh2_main_lzd_tlaqua,false,true,true,false,false,true,,,wh2_dlc12_skill_node_set_lzd_lord_kroak,,1,wizard,false,false,,,,wh3_main_agent_action_scaling,wh3_main_skill_agent_action_success_scaling,Agent action success modifer,Hidden skill that scales action success/defence chance,mount_hellsteed.png,0,99,0,0,false,0,49,38,Agent action success modifer,Hidden skill that scales action success/defence chance,,,,,,wh_main_effect_agent_action_success_chance_skill,[HIDDEN] Hero action success chance: %+n% (from skill),,character_to_character_own,38,campaign,0,true,,,,,,,,,,,,,,,,,,,,,,,,,character_skill_level_to_effects_junctions_tables,wh3_main_skill_agent_action_success_scaling|wh_main_effect_agent_action_success_chance_skill|38|character_to_character_own
effect,warhammer_3,8.1.1,24237342,Lizardmen,lizardmen,wh2_main_sc_lzd_lizardmen,Lord Kroak,Lord_Kroak,hero,wh2_dlc12_lzd_lord_kroak,wizard,wizard,wh2_dlc12_lzd_cult_of_sotek|wh2_dlc13_lzd_spirits_of_the_jungle|wh2_dlc17_lzd_oxyotl|wh2_main_lzd_hexoatl|wh2_main_lzd_itza|wh2_main_lzd_last_defenders|wh2_main_lzd_tlaqua,false,true,true,false,false,true,,,wh2_dlc12_skill_node_set_lzd_lord_kroak,,1,wizard,false,false,,,,wh3_main_agent_action_scaling,wh3_main_skill_agent_action_success_scaling,Agent action success modifer,Hidden skill that scales action success/defence chance,mount_hellsteed.png,0,99,0,0,false,0,49,39,Agent action success modifer,Hidden skill that scales action success/defence chance,,,,,,wh_main_effect_agent_action_success_chance_enemy_skill,[HIDDEN] Enemy Hero action success chance: %+n% (from skill),,character_to_character_own,-39,campaign,0,true,,,,,,,,,,,,,,,,,,,,,,,,,character_skill_level_to_effects_junctions_tables,wh3_main_skill_agent_action_success_scaling|wh_main_effect_agent_action_success_chance_enemy_skill|39|character_to_character_own
effect,warhammer_3,8.1.1,24237342,Lizardmen,lizardmen,wh2_main_sc_lzd_lizardmen,Lord Kroak,Lord_Kroak,hero,wh2_dlc12_lzd_lord_kroak,wizard,wizard,wh2_dlc12_lzd_cult_of_sotek|wh2_dlc13_lzd_spirits_of_the_jungle|wh2_dlc17_lzd_oxyotl|wh2_main_lzd_hexoatl|wh2_main_lzd_itza|wh2_main_lzd_last_defenders|wh2_main_lzd_tlaqua,false,true,true,false,false,true,,,wh2_dlc12_skill_node_set_lzd_lord_kroak,,1,wizard,false,false,,,,wh3_main_agent_action_scaling,wh3_main_skill_agent_action_success_scaling,Agent action success modifer,Hidden skill that scales action success/defence chance,mount_hellsteed.png,0,99,0,0,false,0,49,39,Agent action success modifer,Hidden skill that scales action success/defence chance,,,,,,wh_main_effect_agent_action_success_chance_skill,[HIDDEN] Hero action success chance: %+n% (from skill),,character_to_character_own,39,campaign,0,true,,,,,,,,,,,,,,,,,,,,,,,,,character_skill_level_to_effects_junctions_tables,wh3_main_skill_agent_action_success_scaling|wh_main_effect_agent_action_success_chance_skill|39|character_to_character_own
effect,warhammer_3,8.1.1,24237342,Lizardmen,lizardmen,wh2_main_sc_lzd_lizardmen,Lord Kroak,Lord_Kroak,hero,wh2_dlc12_lzd_lord_kroak,wizard,wizard,wh2_dlc12_lzd_cult_of_sotek|wh2_dlc13_lzd_spirits_of_the_jungle|wh2_dlc17_lzd_oxyotl|wh2_main_lzd_hexoatl|wh2_main_lzd_itza|wh2_main_lzd_last_defenders|wh2_main_lzd_tlaqua,false,true,true,false,false,true,,,wh2_dlc12_skill_node_set_lzd_lord_kroak,,1,wizard,false,false,,,,wh3_main_agent_action_scaling,wh3_main_skill_agent_action_success_scaling,Agent action success modifer,Hidden skill that scales action success/defence chance,mount_hellsteed.png,0,99,0,0,false,0,49,40,Agent action success modifer,Hidden skill that scales action success/defence chance,,,,,,wh_main_effect_agent_action_success_chance_enemy_skill,[HIDDEN] Enemy Hero action success chance: %+n% (from skill),,character_to_character_own,-40,campaign,0,true,,,,,,,,,,,,,,,,,,,,,,,,,character_skill_level_to_effects_junctions_tables,wh3_main_skill_agent_action_success_scaling|wh_main_effect_agent_action_success_chance_enemy_skill|40|character_to_character_own
effect,warhammer_3,8.1.1,24237342,Lizardmen,lizardmen,wh2_main_sc_lzd_lizardmen,Lord Kroak,Lord_Kroak,hero,wh2_dlc12_lzd_lord_kroak,wizard,wizard,wh2_dlc12_lzd_cult_of_sotek|wh2_dlc13_lzd_spirits_of_the_jungle|wh2_dlc17_lzd_oxyotl|wh2_main_lzd_hexoatl|wh2_main_lzd_itza|wh2_main_lzd_last_defenders|wh2_main_lzd_tlaqua,false,true,true,false,false,true,,,wh2_dlc12_skill_node_set_lzd_lord_kroak,,1,wizard,false,false,,,,wh3_main_agent_action_scaling,wh3_main_skill_agent_action_success_scaling,Agent action success modifer,Hidden skill that scales action success/defence chance,mount_hellsteed.png,0,99,0,0,false,0,49,40,Agent action success modifer,Hidden skill that scales action success/defence chance,,,,,,wh_main_effect_agent_action_success_chance_skill,[HIDDEN] Hero action success chance: %+n% (from skill),,character_to_character_own,40,campaign,0,true,,,,,,,,,,,,,,,,,,,,,,,,,character_skill_level_to_effects_junctions_tables,wh3_main_skill_agent_action_success_scaling|wh_main_effect_agent_action_success_chance_skill|40|character_to_character_own
effect,warhammer_3,8.1.1,24237342,Lizardmen,lizardmen,wh2_main_sc_lzd_lizardmen,Lord Kroak,Lord_Kroak,hero,wh2_dlc12_lzd_lord_kroak,wizard,wizard,wh2_dlc12_lzd_cult_of_sotek|wh2_dlc13_lzd_spirits_of_the_jungle|wh2_dlc17_lzd_oxyotl|wh2_main_lzd_hexoatl|wh2_main_lzd_itza|wh2_main_lzd_last_defenders|wh2_main_lzd_tlaqua,false,true,true,false,false,true,,,wh2_dlc12_skill_node_set_lzd_lord_kroak,,1,wizard,false,false,,,,wh3_main_agent_action_scaling,wh3_main_skill_agent_action_success_scaling,Agent action success modifer,Hidden skill that scales action success/defence chance,mount_hellsteed.png,0,99,0,0,false,0,49,41,Agent action success modifer,Hidden skill that scales action success/defence chance,,,,,,wh_main_effect_agent_action_success_chance_enemy_skill,[HIDDEN] Enemy Hero action success chance: %+n% (from skill),,character_to_character_own,-41,campaign,0,true,,,,,,,,,,,,,,,,,,,,,,,,,character_skill_level_to_effects_junctions_tables,wh3_main_skill_agent_action_success_scaling|wh_main_effect_agent_action_success_chance_enemy_skill|41|character_to_character_own
effect,warhammer_3,8.1.1,24237342,Lizardmen,lizardmen,wh2_main_sc_lzd_lizardmen,Lord Kroak,Lord_Kroak,hero,wh2_dlc12_lzd_lord_kroak,wizard,wizard,wh2_dlc12_lzd_cult_of_sotek|wh2_dlc13_lzd_spirits_of_the_jungle|wh2_dlc17_lzd_oxyotl|wh2_main_lzd_hexoatl|wh2_main_lzd_itza|wh2_main_lzd_last_defenders|wh2_main_lzd_tlaqua,false,true,true,false,false,true,,,wh2_dlc12_skill_node_set_lzd_lord_kroak,,1,wizard,false,false,,,,wh3_main_agent_action_scaling,wh3_main_skill_agent_action_success_scaling,Agent action success modifer,Hidden skill that scales action success/defence chance,mount_hellsteed.png,0,99,0,0,false,0,49,41,Agent action success modifer,Hidden skill that scales action success/defence chance,,,,,,wh_main_effect_agent_action_success_chance_skill,[HIDDEN] Hero action success chance: %+n% (from skill),,character_to_character_own,41,campaign,0,true,,,,,,,,,,,,,,,,,,,,,,,,,character_skill_level_to_effects_junctions_tables,wh3_main_skill_agent_action_success_scaling|wh_main_effect_agent_action_success_chance_skill|41|character_to_character_own
effect,warhammer_3,8.1.1,24237342,Lizardmen,lizardmen,wh2_main_sc_lzd_lizardmen,Lord Kroak,Lord_Kroak,hero,wh2_dlc12_lzd_lord_kroak,wizard,wizard,wh2_dlc12_lzd_cult_of_sotek|wh2_dlc13_lzd_spirits_of_the_jungle|wh2_dlc17_lzd_oxyotl|wh2_main_lzd_hexoatl|wh2_main_lzd_itza|wh2_main_lzd_last_defenders|wh2_main_lzd_tlaqua,false,true,true,false,false,true,,,wh2_dlc12_skill_node_set_lzd_lord_kroak,,1,wizard,false,false,,,,wh3_main_agent_action_scaling,wh3_main_skill_agent_action_success_scaling,Agent action success modifer,Hidden skill that scales action success/defence chance,mount_hellsteed.png,0,99,0,0,false,0,49,42,Agent action success modifer,Hidden skill that scales action success/defence chance,,,,,,wh_main_effect_agent_action_success_chance_enemy_skill,[HIDDEN] Enemy Hero action success chance: %+n% (from skill),,character_to_character_own,-42,campaign,0,true,,,,,,,,,,,,,,,,,,,,,,,,,character_skill_level_to_effects_junctions_tables,wh3_main_skill_agent_action_success_scaling|wh_main_effect_agent_action_success_chance_enemy_skill|42|character_to_character_own
effect,warhammer_3,8.1.1,24237342,Lizardmen,lizardmen,wh2_main_sc_lzd_lizardmen,Lord Kroak,Lord_Kroak,hero,wh2_dlc12_lzd_lord_kroak,wizard,wizard,wh2_dlc12_lzd_cult_of_sotek|wh2_dlc13_lzd_spirits_of_the_jungle|wh2_dlc17_lzd_oxyotl|wh2_main_lzd_hexoatl|wh2_main_lzd_itza|wh2_main_lzd_last_defenders|wh2_main_lzd_tlaqua,false,true,true,false,false,true,,,wh2_dlc12_skill_node_set_lzd_lord_kroak,,1,wizard,false,false,,,,wh3_main_agent_action_scaling,wh3_main_skill_agent_action_success_scaling,Agent action success modifer,Hidden skill that scales action success/defence chance,mount_hellsteed.png,0,99,0,0,false,0,49,42,Agent action success modifer,Hidden skill that scales action success/defence chance,,,,,,wh_main_effect_agent_action_success_chance_skill,[HIDDEN] Hero action success chance: %+n% (from skill),,character_to_character_own,42,campaign,0,true,,,,,,,,,,,,,,,,,,,,,,,,,character_skill_level_to_effects_junctions_tables,wh3_main_skill_agent_action_success_scaling|wh_main_effect_agent_action_success_chance_skill|42|character_to_character_own
effect,warhammer_3,8.1.1,24237342,Lizardmen,lizardmen,wh2_main_sc_lzd_lizardmen,Lord Kroak,Lord_Kroak,hero,wh2_dlc12_lzd_lord_kroak,wizard,wizard,wh2_dlc12_lzd_cult_of_sotek|wh2_dlc13_lzd_spirits_of_the_jungle|wh2_dlc17_lzd_oxyotl|wh2_main_lzd_hexoatl|wh2_main_lzd_itza|wh2_main_lzd_last_defenders|wh2_main_lzd_tlaqua,false,true,true,false,false,true,,,wh2_dlc12_skill_node_set_lzd_lord_kroak,,1,wizard,false,false,,,,wh3_main_agent_action_scaling,wh3_main_skill_agent_action_success_scaling,Agent action success modifer,Hidden skill that scales action success/defence chance,mount_hellsteed.png,0,99,0,0,false,0,49,43,Agent action success modifer,Hidden skill that scales action success/defence chance,,,,,,wh_main_effect_agent_action_success_chance_enemy_skill,[HIDDEN] Enemy Hero action success chance: %+n% (from skill),,character_to_character_own,-43,campaign,0,true,,,,,,,,,,,,,,,,,,,,,,,,,character_skill_level_to_effects_junctions_tables,wh3_main_skill_agent_action_success_scaling|wh_main_effect_agent_action_success_chance_enemy_skill|43|character_to_character_own
effect,warhammer_3,8.1.1,24237342,Lizardmen,lizardmen,wh2_main_sc_lzd_lizardmen,Lord Kroak,Lord_Kroak,hero,wh2_dlc12_lzd_lord_kroak,wizard,wizard,wh2_dlc12_lzd_cult_of_sotek|wh2_dlc13_lzd_spirits_of_the_jungle|wh2_dlc17_lzd_oxyotl|wh2_main_lzd_hexoatl|wh2_main_lzd_itza|wh2_main_lzd_last_defenders|wh2_main_lzd_tlaqua,false,true,true,false,false,true,,,wh2_dlc12_skill_node_set_lzd_lord_kroak,,1,wizard,false,false,,,,wh3_main_agent_action_scaling,wh3_main_skill_agent_action_success_scaling,Agent action success modifer,Hidden skill that scales action success/defence chance,mount_hellsteed.png,0,99,0,0,false,0,49,43,Agent action success modifer,Hidden skill that scales action success/defence chance,,,,,,wh_main_effect_agent_action_success_chance_skill,[HIDDEN] Hero action success chance: %+n% (from skill),,character_to_character_own,43,campaign,0,true,,,,,,,,,,,,,,,,,,,,,,,,,character_skill_level_to_effects_junctions_tables,wh3_main_skill_agent_action_success_scaling|wh_main_effect_agent_action_success_chance_skill|43|character_to_character_own
effect,warhammer_3,8.1.1,24237342,Lizardmen,lizardmen,wh2_main_sc_lzd_lizardmen,Lord Kroak,Lord_Kroak,hero,wh2_dlc12_lzd_lord_kroak,wizard,wizard,wh2_dlc12_lzd_cult_of_sotek|wh2_dlc13_lzd_spirits_of_the_jungle|wh2_dlc17_lzd_oxyotl|wh2_main_lzd_hexoatl|wh2_main_lzd_itza|wh2_main_lzd_last_defenders|wh2_main_lzd_tlaqua,false,true,true,false,false,true,,,wh2_dlc12_skill_node_set_lzd_lord_kroak,,1,wizard,false,false,,,,wh3_main_agent_action_scaling,wh3_main_skill_agent_action_success_scaling,Agent action success modifer,Hidden skill that scales action success/defence chance,mount_hellsteed.png,0,99,0,0,false,0,49,44,Agent action success modifer,Hidden skill that scales action success/defence chance,,,,,,wh_main_effect_agent_action_success_chance_enemy_skill,[HIDDEN] Enemy Hero action success chance: %+n% (from skill),,character_to_character_own,-44,campaign,0,true,,,,,,,,,,,,,,,,,,,,,,,,,character_skill_level_to_effects_junctions_tables,wh3_main_skill_agent_action_success_scaling|wh_main_effect_agent_action_success_chance_enemy_skill|44|character_to_character_own
effect,warhammer_3,8.1.1,24237342,Lizardmen,lizardmen,wh2_main_sc_lzd_lizardmen,Lord Kroak,Lord_Kroak,hero,wh2_dlc12_lzd_lord_kroak,wizard,wizard,wh2_dlc12_lzd_cult_of_sotek|wh2_dlc13_lzd_spirits_of_the_jungle|wh2_dlc17_lzd_oxyotl|wh2_main_lzd_hexoatl|wh2_main_lzd_itza|wh2_main_lzd_last_defenders|wh2_main_lzd_tlaqua,false,true,true,false,false,true,,,wh2_dlc12_skill_node_set_lzd_lord_kroak,,1,wizard,false,false,,,,wh3_main_agent_action_scaling,wh3_main_skill_agent_action_success_scaling,Agent action success modifer,Hidden skill that scales action success/defence chance,mount_hellsteed.png,0,99,0,0,false,0,49,44,Agent action success modifer,Hidden skill that scales action success/defence chance,,,,,,wh_main_effect_agent_action_success_chance_skill,[HIDDEN] Hero action success chance: %+n% (from skill),,character_to_character_own,44,campaign,0,true,,,,,,,,,,,,,,,,,,,,,,,,,character_skill_level_to_effects_junctions_tables,wh3_main_skill_agent_action_success_scaling|wh_main_effect_agent_action_success_chance_skill|44|character_to_character_own
effect,warhammer_3,8.1.1,24237342,Lizardmen,lizardmen,wh2_main_sc_lzd_lizardmen,Lord Kroak,Lord_Kroak,hero,wh2_dlc12_lzd_lord_kroak,wizard,wizard,wh2_dlc12_lzd_cult_of_sotek|wh2_dlc13_lzd_spirits_of_the_jungle|wh2_dlc17_lzd_oxyotl|wh2_main_lzd_hexoatl|wh2_main_lzd_itza|wh2_main_lzd_last_defenders|wh2_main_lzd_tlaqua,false,true,true,false,false,true,,,wh2_dlc12_skill_node_set_lzd_lord_kroak,,1,wizard,false,false,,,,wh3_main_agent_action_scaling,wh3_main_skill_agent_action_success_scaling,Agent action success modifer,Hidden skill that scales action success/defence chance,mount_hellsteed.png,0,99,0,0,false,0,49,45,Agent action success modifer,Hidden skill that scales action success/defence chance,,,,,,wh_main_effect_agent_action_success_chance_enemy_skill,[HIDDEN] Enemy Hero action success chance: %+n% (from skill),,character_to_character_own,-45,campaign,0,true,,,,,,,,,,,,,,,,,,,,,,,,,character_skill_level_to_effects_junctions_tables,wh3_main_skill_agent_action_success_scaling|wh_main_effect_agent_action_success_chance_enemy_skill|45|character_to_character_own
effect,warhammer_3,8.1.1,24237342,Lizardmen,lizardmen,wh2_main_sc_lzd_lizardmen,Lord Kroak,Lord_Kroak,hero,wh2_dlc12_lzd_lord_kroak,wizard,wizard,wh2_dlc12_lzd_cult_of_sotek|wh2_dlc13_lzd_spirits_of_the_jungle|wh2_dlc17_lzd_oxyotl|wh2_main_lzd_hexoatl|wh2_main_lzd_itza|wh2_main_lzd_last_defenders|wh2_main_lzd_tlaqua,false,true,true,false,false,true,,,wh2_dlc12_skill_node_set_lzd_lord_kroak,,1,wizard,false,false,,,,wh3_main_agent_action_scaling,wh3_main_skill_agent_action_success_scaling,Agent action success modifer,Hidden skill that scales action success/defence chance,mount_hellsteed.png,0,99,0,0,false,0,49,45,Agent action success modifer,Hidden skill that scales action success/defence chance,,,,,,wh_main_effect_agent_action_success_chance_skill,[HIDDEN] Hero action success chance: %+n% (from skill),,character_to_character_own,45,campaign,0,true,,,,,,,,,,,,,,,,,,,,,,,,,character_skill_level_to_effects_junctions_tables,wh3_main_skill_agent_action_success_scaling|wh_main_effect_agent_action_success_chance_skill|45|character_to_character_own
effect,warhammer_3,8.1.1,24237342,Lizardmen,lizardmen,wh2_main_sc_lzd_lizardmen,Lord Kroak,Lord_Kroak,hero,wh2_dlc12_lzd_lord_kroak,wizard,wizard,wh2_dlc12_lzd_cult_of_sotek|wh2_dlc13_lzd_spirits_of_the_jungle|wh2_dlc17_lzd_oxyotl|wh2_main_lzd_hexoatl|wh2_main_lzd_itza|wh2_main_lzd_last_defenders|wh2_main_lzd_tlaqua,false,true,true,false,false,true,,,wh2_dlc12_skill_node_set_lzd_lord_kroak,,1,wizard,false,false,,,,wh3_main_agent_action_scaling,wh3_main_skill_agent_action_success_scaling,Agent action success modifer,Hidden skill that scales action success/defence chance,mount_hellsteed.png,0,99,0,0,false,0,49,46,Agent action success modifer,Hidden skill that scales action success/defence chance,,,,,,wh_main_effect_agent_action_success_chance_enemy_skill,[HIDDEN] Enemy Hero action success chance: %+n% (from skill),,character_to_character_own,-46,campaign,0,true,,,,,,,,,,,,,,,,,,,,,,,,,character_skill_level_to_effects_junctions_tables,wh3_main_skill_agent_action_success_scaling|wh_main_effect_agent_action_success_chance_enemy_skill|46|character_to_character_own
effect,warhammer_3,8.1.1,24237342,Lizardmen,lizardmen,wh2_main_sc_lzd_lizardmen,Lord Kroak,Lord_Kroak,hero,wh2_dlc12_lzd_lord_kroak,wizard,wizard,wh2_dlc12_lzd_cult_of_sotek|wh2_dlc13_lzd_spirits_of_the_jungle|wh2_dlc17_lzd_oxyotl|wh2_main_lzd_hexoatl|wh2_main_lzd_itza|wh2_main_lzd_last_defenders|wh2_main_lzd_tlaqua,false,true,true,false,false,true,,,wh2_dlc12_skill_node_set_lzd_lord_kroak,,1,wizard,false,false,,,,wh3_main_agent_action_scaling,wh3_main_skill_agent_action_success_scaling,Agent action success modifer,Hidden skill that scales action success/defence chance,mount_hellsteed.png,0,99,0,0,false,0,49,46,Agent action success modifer,Hidden skill that scales action success/defence chance,,,,,,wh_main_effect_agent_action_success_chance_skill,[HIDDEN] Hero action success chance: %+n% (from skill),,character_to_character_own,46,campaign,0,true,,,,,,,,,,,,,,,,,,,,,,,,,character_skill_level_to_effects_junctions_tables,wh3_main_skill_agent_action_success_scaling|wh_main_effect_agent_action_success_chance_skill|46|character_to_character_own
effect,warhammer_3,8.1.1,24237342,Lizardmen,lizardmen,wh2_main_sc_lzd_lizardmen,Lord Kroak,Lord_Kroak,hero,wh2_dlc12_lzd_lord_kroak,wizard,wizard,wh2_dlc12_lzd_cult_of_sotek|wh2_dlc13_lzd_spirits_of_the_jungle|wh2_dlc17_lzd_oxyotl|wh2_main_lzd_hexoatl|wh2_main_lzd_itza|wh2_main_lzd_last_defenders|wh2_main_lzd_tlaqua,false,true,true,false,false,true,,,wh2_dlc12_skill_node_set_lzd_lord_kroak,,1,wizard,false,false,,,,wh3_main_agent_action_scaling,wh3_main_skill_agent_action_success_scaling,Agent action success modifer,Hidden skill that scales action success/defence chance,mount_hellsteed.png,0,99,0,0,false,0,49,47,Agent action success modifer,Hidden skill that scales action success/defence chance,,,,,,wh_main_effect_agent_action_success_chance_enemy_skill,[HIDDEN] Enemy Hero action success chance: %+n% (from skill),,character_to_character_own,-47,campaign,0,true,,,,,,,,,,,,,,,,,,,,,,,,,character_skill_level_to_effects_junctions_tables,wh3_main_skill_agent_action_success_scaling|wh_main_effect_agent_action_success_chance_enemy_skill|47|character_to_character_own
effect,warhammer_3,8.1.1,24237342,Lizardmen,lizardmen,wh2_main_sc_lzd_lizardmen,Lord Kroak,Lord_Kroak,hero,wh2_dlc12_lzd_lord_kroak,wizard,wizard,wh2_dlc12_lzd_cult_of_sotek|wh2_dlc13_lzd_spirits_of_the_jungle|wh2_dlc17_lzd_oxyotl|wh2_main_lzd_hexoatl|wh2_main_lzd_itza|wh2_main_lzd_last_defenders|wh2_main_lzd_tlaqua,false,true,true,false,false,true,,,wh2_dlc12_skill_node_set_lzd_lord_kroak,,1,wizard,false,false,,,,wh3_main_agent_action_scaling,wh3_main_skill_agent_action_success_scaling,Agent action success modifer,Hidden skill that scales action success/defence chance,mount_hellsteed.png,0,99,0,0,false,0,49,47,Agent action success modifer,Hidden skill that scales action success/defence chance,,,,,,wh_main_effect_agent_action_success_chance_skill,[HIDDEN] Hero action success chance: %+n% (from skill),,character_to_character_own,47,campaign,0,true,,,,,,,,,,,,,,,,,,,,,,,,,character_skill_level_to_effects_junctions_tables,wh3_main_skill_agent_action_success_scaling|wh_main_effect_agent_action_success_chance_skill|47|character_to_character_own
effect,warhammer_3,8.1.1,24237342,Lizardmen,lizardmen,wh2_main_sc_lzd_lizardmen,Lord Kroak,Lord_Kroak,hero,wh2_dlc12_lzd_lord_kroak,wizard,wizard,wh2_dlc12_lzd_cult_of_sotek|wh2_dlc13_lzd_spirits_of_the_jungle|wh2_dlc17_lzd_oxyotl|wh2_main_lzd_hexoatl|wh2_main_lzd_itza|wh2_main_lzd_last_defenders|wh2_main_lzd_tlaqua,false,true,true,false,false,true,,,wh2_dlc12_skill_node_set_lzd_lord_kroak,,1,wizard,false,false,,,,wh3_main_agent_action_scaling,wh3_main_skill_agent_action_success_scaling,Agent action success modifer,Hidden skill that scales action success/defence chance,mount_hellsteed.png,0,99,0,0,false,0,49,48,Agent action success modifer,Hidden skill that scales action success/defence chance,,,,,,wh_main_effect_agent_action_success_chance_enemy_skill,[HIDDEN] Enemy Hero action success chance: %+n% (from skill),,character_to_character_own,-48,campaign,0,true,,,,,,,,,,,,,,,,,,,,,,,,,character_skill_level_to_effects_junctions_tables,wh3_main_skill_agent_action_success_scaling|wh_main_effect_agent_action_success_chance_enemy_skill|48|character_to_character_own
effect,warhammer_3,8.1.1,24237342,Lizardmen,lizardmen,wh2_main_sc_lzd_lizardmen,Lord Kroak,Lord_Kroak,hero,wh2_dlc12_lzd_lord_kroak,wizard,wizard,wh2_dlc12_lzd_cult_of_sotek|wh2_dlc13_lzd_spirits_of_the_jungle|wh2_dlc17_lzd_oxyotl|wh2_main_lzd_hexoatl|wh2_main_lzd_itza|wh2_main_lzd_last_defenders|wh2_main_lzd_tlaqua,false,true,true,false,false,true,,,wh2_dlc12_skill_node_set_lzd_lord_kroak,,1,wizard,false,false,,,,wh3_main_agent_action_scaling,wh3_main_skill_agent_action_success_scaling,Agent action success modifer,Hidden skill that scales action success/defence chance,mount_hellsteed.png,0,99,0,0,false,0,49,48,Agent action success modifer,Hidden skill that scales action success/defence chance,,,,,,wh_main_effect_agent_action_success_chance_skill,[HIDDEN] Hero action success chance: %+n% (from skill),,character_to_character_own,48,campaign,0,true,,,,,,,,,,,,,,,,,,,,,,,,,character_skill_level_to_effects_junctions_tables,wh3_main_skill_agent_action_success_scaling|wh_main_effect_agent_action_success_chance_skill|48|character_to_character_own
effect,warhammer_3,8.1.1,24237342,Lizardmen,lizardmen,wh2_main_sc_lzd_lizardmen,Lord Kroak,Lord_Kroak,hero,wh2_dlc12_lzd_lord_kroak,wizard,wizard,wh2_dlc12_lzd_cult_of_sotek|wh2_dlc13_lzd_spirits_of_the_jungle|wh2_dlc17_lzd_oxyotl|wh2_main_lzd_hexoatl|wh2_main_lzd_itza|wh2_main_lzd_last_defenders|wh2_main_lzd_tlaqua,false,true,true,false,false,true,,,wh2_dlc12_skill_node_set_lzd_lord_kroak,,1,wizard,false,false,,,,wh3_main_agent_action_scaling,wh3_main_skill_agent_action_success_scaling,Agent action success modifer,Hidden skill that scales action success/defence chance,mount_hellsteed.png,0,99,0,0,false,0,49,49,Agent action success modifer,Hidden skill that scales action success/defence chance,,,,,,wh_main_effect_agent_action_success_chance_enemy_skill,[HIDDEN] Enemy Hero action success chance: %+n% (from skill),,character_to_character_own,-49,campaign,0,true,,,,,,,,,,,,,,,,,,,,,,,,,character_skill_level_to_effects_junctions_tables,wh3_main_skill_agent_action_success_scaling|wh_main_effect_agent_action_success_chance_enemy_skill|49|character_to_character_own
effect,warhammer_3,8.1.1,24237342,Lizardmen,lizardmen,wh2_main_sc_lzd_lizardmen,Lord Kroak,Lord_Kroak,hero,wh2_dlc12_lzd_lord_kroak,wizard,wizard,wh2_dlc12_lzd_cult_of_sotek|wh2_dlc13_lzd_spirits_of_the_jungle|wh2_dlc17_lzd_oxyotl|wh2_main_lzd_hexoatl|wh2_main_lzd_itza|wh2_main_lzd_last_defenders|wh2_main_lzd_tlaqua,false,true,true,false,false,true,,,wh2_dlc12_skill_node_set_lzd_lord_kroak,,1,wizard,false,false,,,,wh3_main_agent_action_scaling,wh3_main_skill_agent_action_success_scaling,Agent action success modifer,Hidden skill that scales action success/defence chance,mount_hellsteed.png,0,99,0,0,false,0,49,49,Agent action success modifer,Hidden skill that scales action success/defence chance,,,,,,wh_main_effect_agent_action_success_chance_skill,[HIDDEN] Hero action success chance: %+n% (from skill),,character_to_character_own,49,campaign,0,true,,,,,,,,,,,,,,,,,,,,,,,,,character_skill_level_to_effects_junctions_tables,wh3_main_skill_agent_action_success_scaling|wh_main_effect_agent_action_success_chance_skill|49|character_to_character_own
node,warhammer_3,8.1.1,24237342,Lizardmen,lizardmen,wh2_main_sc_lzd_lizardmen,Lord Kroak,Lord_Kroak,hero,wh2_dlc12_lzd_lord_kroak,wizard,wizard,wh2_dlc12_lzd_cult_of_sotek|wh2_dlc13_lzd_spirits_of_the_jungle|wh2_dlc17_lzd_oxyotl|wh2_main_lzd_hexoatl|wh2_main_lzd_itza|wh2_main_lzd_last_defenders|wh2_main_lzd_tlaqua,false,true,true,false,false,true,,,wh2_dlc12_skill_node_set_lzd_lord_kroak,,1,wizard,false,false,,,,wh2_main_skill_node_lzd_lord_kroak_unique_1,wh2_dlc12_skill_lzd_lord_kroak_greater_ward_of_the_old_ones,Greater Ward of the Old Ones,Those who serve the Great Plan are afforded the Old Ones' protection via ancient incantations and bygone utterances.,battle_ward_save.png,1,0,0,0,true,11,1,,,,,,,,,,,,,,,,,,,,,,,,,,,,,,,,,,,,,,,,,character_skill_nodes_tables,wh2_main_skill_node_lzd_lord_kroak_unique_1
skill_level,warhammer_3,8.1.1,24237342,Lizardmen,lizardmen,wh2_main_sc_lzd_lizardmen,Lord Kroak,Lord_Kroak,hero,wh2_dlc12_lzd_lord_kroak,wizard,wizard,wh2_dlc12_lzd_cult_of_sotek|wh2_dlc13_lzd_spirits_of_the_jungle|wh2_dlc17_lzd_oxyotl|wh2_main_lzd_hexoatl|wh2_main_lzd_itza|wh2_main_lzd_last_defenders|wh2_main_lzd_tlaqua,false,true,true,false,false,true,,,wh2_dlc12_skill_node_set_lzd_lord_kroak,,1,wizard,false,false,,,,wh2_main_skill_node_lzd_lord_kroak_unique_1,wh2_dlc12_skill_lzd_lord_kroak_greater_ward_of_the_old_ones,Greater Ward of the Old Ones,Those who serve the Great Plan are afforded the Old Ones' protection via ancient incantations and bygone utterances.,battle_ward_save.png,1,0,0,0,true,11,1,1,Greater Ward of the Old Ones,Those who serve the Great Plan are afforded the Old Ones' protection via ancient incantations and bygone utterances.,11,x,,,,,,,,,,,,,,,,,,,,,,,,,,,,,,,,,,,,character_skill_level_details_tables,wh2_dlc12_skill_lzd_lord_kroak_greater_ward_of_the_old_ones|1|||
effect,warhammer_3,8.1.1,24237342,Lizardmen,lizardmen,wh2_main_sc_lzd_lizardmen,Lord Kroak,Lord_Kroak,hero,wh2_dlc12_lzd_lord_kroak,wizard,wizard,wh2_dlc12_lzd_cult_of_sotek|wh2_dlc13_lzd_spirits_of_the_jungle|wh2_dlc17_lzd_oxyotl|wh2_main_lzd_hexoatl|wh2_main_lzd_itza|wh2_main_lzd_last_defenders|wh2_main_lzd_tlaqua,false,true,true,false,false,true,,,wh2_dlc12_skill_node_set_lzd_lord_kroak,,1,wizard,false,false,,,,wh2_main_skill_node_lzd_lord_kroak_unique_1,wh2_dlc12_skill_lzd_lord_kroak_greater_ward_of_the_old_ones,Greater Ward of the Old Ones,Those who serve the Great Plan are afforded the Old Ones' protection via ancient incantations and bygone utterances.,battle_ward_save.png,1,0,0,0,true,11,1,1,Greater Ward of the Old Ones,Those who serve the Great Plan are afforded the Old Ones' protection via ancient incantations and bygone utterances.,,,,,,wh_main_effect_force_stat_ward_save,Ward save: %n%,"Ward Save. Any type of damage is reduced by this amount, up to a maximum of 90%",agent_to_parent_army_own,5,battle,580,true,resistance_ward_save.png,resistance_ward_save.png,,,,,,,,,,,,,,,,,,,,,,,character_skill_level_to_effects_junctions_tables,wh2_dlc12_skill_lzd_lord_kroak_greater_ward_of_the_old_ones|wh_main_effect_force_stat_ward_save|1|agent_to_parent_army_own
effect,warhammer_3,8.1.1,24237342,Lizardmen,lizardmen,wh2_main_sc_lzd_lizardmen,Lord Kroak,Lord_Kroak,hero,wh2_dlc12_lzd_lord_kroak,wizard,wizard,wh2_dlc12_lzd_cult_of_sotek|wh2_dlc13_lzd_spirits_of_the_jungle|wh2_dlc17_lzd_oxyotl|wh2_main_lzd_hexoatl|wh2_main_lzd_itza|wh2_main_lzd_last_defenders|wh2_main_lzd_tlaqua,false,true,true,false,false,true,,,wh2_dlc12_skill_node_set_lzd_lord_kroak,,1,wizard,false,false,,,,wh2_main_skill_node_lzd_lord_kroak_unique_1,wh2_dlc12_skill_lzd_lord_kroak_greater_ward_of_the_old_ones,Greater Ward of the Old Ones,Those who serve the Great Plan are afforded the Old Ones' protection via ancient incantations and bygone utterances.,battle_ward_save.png,1,0,0,0,true,11,1,1,Greater Ward of the Old Ones,Those who serve the Great Plan are afforded the Old Ones' protection via ancient incantations and bygone utterances.,,,,,,wh3_main_effect_corruption_reduction_characters,Corruption: %+n,,character_to_province_any,-2,campaign,104,false,corruption.png,corruption.png,,,,,,,,,,,,,,,,,,,,,,,character_skill_level_to_effects_junctions_tables,wh2_dlc12_skill_lzd_lord_kroak_greater_ward_of_the_old_ones|wh3_main_effect_corruption_reduction_characters|1|character_to_province_any
node,warhammer_3,8.1.1,24237342,Lizardmen,lizardmen,wh2_main_sc_lzd_lizardmen,Lord Kroak,Lord_Kroak,hero,wh2_dlc12_lzd_lord_kroak,wizard,wizard,wh2_dlc12_lzd_cult_of_sotek|wh2_dlc13_lzd_spirits_of_the_jungle|wh2_dlc17_lzd_oxyotl|wh2_main_lzd_hexoatl|wh2_main_lzd_itza|wh2_main_lzd_last_defenders|wh2_main_lzd_tlaqua,false,true,true,false,false,true,,,wh2_dlc12_skill_node_set_lzd_lord_kroak,,1,wizard,false,false,,,,wh2_main_skill_node_lzd_lord_kroak_discipline_1_1,wh2_main_skill_lzd_disciplines_becalming_cogitation,Becalming Cogitation,"Contemplation is the path to alignment, to the correct interpretation of the Great Plan.",character_magic.png,1,1,0,0,true,7,1,,,,,,,,,,,,,,,,,,,,,,,,,,,,,,,,,,,,,,,,,character_skill_nodes_tables,wh2_main_skill_node_lzd_lord_kroak_discipline_1_1
skill_level,warhammer_3,8.1.1,24237342,Lizardmen,lizardmen,wh2_main_sc_lzd_lizardmen,Lord Kroak,Lord_Kroak,hero,wh2_dlc12_lzd_lord_kroak,wizard,wizard,wh2_dlc12_lzd_cult_of_sotek|wh2_dlc13_lzd_spirits_of_the_jungle|wh2_dlc17_lzd_oxyotl|wh2_main_lzd_hexoatl|wh2_main_lzd_itza|wh2_main_lzd_last_defenders|wh2_main_lzd_tlaqua,false,true,true,false,false,true,,,wh2_dlc12_skill_node_set_lzd_lord_kroak,,1,wizard,false,false,,,,wh2_main_skill_node_lzd_lord_kroak_discipline_1_1,wh2_main_skill_lzd_disciplines_becalming_cogitation,Becalming Cogitation,"Contemplation is the path to alignment, to the correct interpretation of the Great Plan.",character_magic.png,1,1,0,0,true,7,1,1,Becalming Cogitation,"Contemplation is the path to alignment, to the correct interpretation of the Great Plan.",7,x,,,,,,,,,,,,,,,,,,,,,,,,,,,,,,,,,,,,character_skill_level_details_tables,wh2_main_skill_lzd_disciplines_becalming_cogitation|1|||
effect,warhammer_3,8.1.1,24237342,Lizardmen,lizardmen,wh2_main_sc_lzd_lizardmen,Lord Kroak,Lord_Kroak,hero,wh2_dlc12_lzd_lord_kroak,wizard,wizard,wh2_dlc12_lzd_cult_of_sotek|wh2_dlc13_lzd_spirits_of_the_jungle|wh2_dlc17_lzd_oxyotl|wh2_main_lzd_hexoatl|wh2_main_lzd_itza|wh2_main_lzd_last_defenders|wh2_main_lzd_tlaqua,false,true,true,false,false,true,,,wh2_dlc12_skill_node_set_lzd_lord_kroak,,1,wizard,false,false,,,,wh2_main_skill_node_lzd_lord_kroak_discipline_1_1,wh2_main_skill_lzd_disciplines_becalming_cogitation,Becalming Cogitation,"Contemplation is the path to alignment, to the correct interpretation of the Great Plan.",character_magic.png,1,1,0,0,true,7,1,1,Becalming Cogitation,"Contemplation is the path to alignment, to the correct interpretation of the Great Plan.",,,,,,wh3_main_effect_winds_of_magic_pool_cap_enemy,Enemy Winds of Magic power reserve capacity: %+n,,general_to_force_enemy_regionwide,-15,campaign,3,false,magic_campaign.png,magic_campaign.png,,,,,,,,,,,,,,,,,,,,,,,character_skill_level_to_effects_junctions_tables,wh2_main_skill_lzd_disciplines_becalming_cogitation|wh3_main_effect_winds_of_magic_pool_cap_enemy|1|general_to_force_enemy_regionwide
node,warhammer_3,8.1.1,24237342,Lizardmen,lizardmen,wh2_main_sc_lzd_lizardmen,Lord Kroak,Lord_Kroak,hero,wh2_dlc12_lzd_lord_kroak,wizard,wizard,wh2_dlc12_lzd_cult_of_sotek|wh2_dlc13_lzd_spirits_of_the_jungle|wh2_dlc17_lzd_oxyotl|wh2_main_lzd_hexoatl|wh2_main_lzd_itza|wh2_main_lzd_last_defenders|wh2_main_lzd_tlaqua,false,true,true,false,false,true,,,wh2_dlc12_skill_node_set_lzd_lord_kroak,,1,wizard,false,false,,,,wh2_main_skill_node_lzd_lord_kroak_discipline_2_1,wh2_main_skill_lzd_disciplines_harrowing_scruteny,The Harrowing Scrutiny,Within the Slann's gaze shines the cold-blooded scrutiny of the Old Ones.,causes_terror.png,1,2,0,0,true,11,1,,,,,,,,,,,,,,,,,,,,,,,,,,,,,,,,,,,,,,,,,character_skill_nodes_tables,wh2_main_skill_node_lzd_lord_kroak_discipline_2_1
skill_level,warhammer_3,8.1.1,24237342,Lizardmen,lizardmen,wh2_main_sc_lzd_lizardmen,Lord Kroak,Lord_Kroak,hero,wh2_dlc12_lzd_lord_kroak,wizard,wizard,wh2_dlc12_lzd_cult_of_sotek|wh2_dlc13_lzd_spirits_of_the_jungle|wh2_dlc17_lzd_oxyotl|wh2_main_lzd_hexoatl|wh2_main_lzd_itza|wh2_main_lzd_last_defenders|wh2_main_lzd_tlaqua,false,true,true,false,false,true,,,wh2_dlc12_skill_node_set_lzd_lord_kroak,,1,wizard,false,false,,,,wh2_main_skill_node_lzd_lord_kroak_discipline_2_1,wh2_main_skill_lzd_disciplines_harrowing_scruteny,The Harrowing Scrutiny,Within the Slann's gaze shines the cold-blooded scrutiny of the Old Ones.,causes_terror.png,1,2,0,0,true,11,1,1,The Harrowing Scrutiny,Within the Slann's gaze shines the cold-blooded scrutiny of the Old Ones.,11,x,,,,,,,,,,,,,,,,,,,,,,,,,,,,,,,,,,,,character_skill_level_details_tables,wh2_main_skill_lzd_disciplines_harrowing_scruteny|1|||
effect,warhammer_3,8.1.1,24237342,Lizardmen,lizardmen,wh2_main_sc_lzd_lizardmen,Lord Kroak,Lord_Kroak,hero,wh2_dlc12_lzd_lord_kroak,wizard,wizard,wh2_dlc12_lzd_cult_of_sotek|wh2_dlc13_lzd_spirits_of_the_jungle|wh2_dlc17_lzd_oxyotl|wh2_main_lzd_hexoatl|wh2_main_lzd_itza|wh2_main_lzd_last_defenders|wh2_main_lzd_tlaqua,false,true,true,false,false,true,,,wh2_dlc12_skill_node_set_lzd_lord_kroak,,1,wizard,false,false,,,,wh2_main_skill_node_lzd_lord_kroak_discipline_2_1,wh2_main_skill_lzd_disciplines_harrowing_scruteny,The Harrowing Scrutiny,Within the Slann's gaze shines the cold-blooded scrutiny of the Old Ones.,causes_terror.png,1,2,0,0,true,11,1,1,The Harrowing Scrutiny,Within the Slann's gaze shines the cold-blooded scrutiny of the Old Ones.,,,,,,wh_main_effect_attribute_enable_causes_terror,Attribute: Causes Terror,,character_to_character_own,1,both,320,true,attribute_causes_terror.png,attribute_causes_terror.png,,,,,,,,,,,,,,,,,,,,,,,character_skill_level_to_effects_junctions_tables,wh2_main_skill_lzd_disciplines_harrowing_scruteny|wh_main_effect_attribute_enable_causes_terror|1|character_to_character_own
effect,warhammer_3,8.1.1,24237342,Lizardmen,lizardmen,wh2_main_sc_lzd_lizardmen,Lord Kroak,Lord_Kroak,hero,wh2_dlc12_lzd_lord_kroak,wizard,wizard,wh2_dlc12_lzd_cult_of_sotek|wh2_dlc13_lzd_spirits_of_the_jungle|wh2_dlc17_lzd_oxyotl|wh2_main_lzd_hexoatl|wh2_main_lzd_itza|wh2_main_lzd_last_defenders|wh2_main_lzd_tlaqua,false,true,true,false,false,true,,,wh2_dlc12_skill_node_set_lzd_lord_kroak,,1,wizard,false,false,,,,wh2_main_skill_node_lzd_lord_kroak_discipline_2_1,wh2_main_skill_lzd_disciplines_harrowing_scruteny,The Harrowing Scrutiny,Within the Slann's gaze shines the cold-blooded scrutiny of the Old Ones.,causes_terror.png,1,2,0,0,true,11,1,1,The Harrowing Scrutiny,Within the Slann's gaze shines the cold-blooded scrutiny of the Old Ones.,,,,,,wh_main_effect_public_order_characters,{{tr:public_order_effect}}: %+n,,character_to_province_own,3,campaign,6,true,public_order.png,public_order.png,,,,,,,,,,,,,,,,,,,,,,,character_skill_level_to_effects_junctions_tables,wh2_main_skill_lzd_disciplines_harrowing_scruteny|wh_main_effect_public_order_characters|1|character_to_province_own
node,warhammer_3,8.1.1,24237342,Lizardmen,lizardmen,wh2_main_sc_lzd_lizardmen,Lord Kroak,Lord_Kroak,hero,wh2_dlc12_lzd_lord_kroak,wizard,wizard,wh2_dlc12_lzd_cult_of_sotek|wh2_dlc13_lzd_spirits_of_the_jungle|wh2_dlc17_lzd_oxyotl|wh2_main_lzd_hexoatl|wh2_main_lzd_itza|wh2_main_lzd_last_defenders|wh2_main_lzd_tlaqua,false,true,true,false,false,true,,,wh2_dlc12_skill_node_set_lzd_lord_kroak,,1,wizard,false,false,,,,wh2_main_skill_node_lzd_lord_kroak_magic_1,wh2_dlc12_skill_lzd_magic_kroak_deliverance_of_itza_2,Deliverance of Itza 2,"Mighty Lord Kroak spawns a small sun that, when it explodes, causes abject devastation… funnily enough.",wh2_dlc12_spell_kroak_magic_deliverance_of_itza.png,1,3,0,1,true,0,2,,,,,,,,,,,,,,,,,,,,,,,,,,,,,,,,,,,,,,,,,character_skill_nodes_tables,wh2_main_skill_node_lzd_lord_kroak_magic_1
effect,warhammer_3,8.1.1,24237342,Lizardmen,lizardmen,wh2_main_sc_lzd_lizardmen,Lord Kroak,Lord_Kroak,hero,wh2_dlc12_lzd_lord_kroak,wizard,wizard,wh2_dlc12_lzd_cult_of_sotek|wh2_dlc13_lzd_spirits_of_the_jungle|wh2_dlc17_lzd_oxyotl|wh2_main_lzd_hexoatl|wh2_main_lzd_itza|wh2_main_lzd_last_defenders|wh2_main_lzd_tlaqua,false,true,true,false,false,true,,,wh2_dlc12_skill_node_set_lzd_lord_kroak,,1,wizard,false,false,,,,wh2_main_skill_node_lzd_lord_kroak_magic_1,wh2_dlc12_skill_lzd_magic_kroak_deliverance_of_itza_2,Deliverance of Itza 2,"Mighty Lord Kroak spawns a small sun that, when it explodes, causes abject devastation… funnily enough.",wh2_dlc12_spell_kroak_magic_deliverance_of_itza.png,1,3,0,1,true,0,2,1,Deliverance of Itza 2,"Mighty Lord Kroak spawns a small sun that, when it explodes, causes abject devastation… funnily enough.",,,,,,wh2_dlc12_effect_ability_enable_deliverance_of_itza_2,"Spell: ""Deliverance of Itza II""",,character_to_character_own,1,battle,290,true,magic_character.png,magic_character.png,,,,,,,,,,,,,,,,,,,,,,,character_skill_level_to_effects_junctions_tables,wh2_dlc12_skill_lzd_magic_kroak_deliverance_of_itza_2|wh2_dlc12_effect_ability_enable_deliverance_of_itza_2|1|character_to_character_own
effect,warhammer_3,8.1.1,24237342,Lizardmen,lizardmen,wh2_main_sc_lzd_lizardmen,Lord Kroak,Lord_Kroak,hero,wh2_dlc12_lzd_lord_kroak,wizard,wizard,wh2_dlc12_lzd_cult_of_sotek|wh2_dlc13_lzd_spirits_of_the_jungle|wh2_dlc17_lzd_oxyotl|wh2_main_lzd_hexoatl|wh2_main_lzd_itza|wh2_main_lzd_last_defenders|wh2_main_lzd_tlaqua,false,true,true,false,false,true,,,wh2_dlc12_skill_node_set_lzd_lord_kroak,,1,wizard,false,false,,,,wh2_main_skill_node_lzd_lord_kroak_magic_1,wh2_dlc12_skill_lzd_magic_kroak_deliverance_of_itza_2,Deliverance of Itza 2,"Mighty Lord Kroak spawns a small sun that, when it explodes, causes abject devastation… funnily enough.",wh2_dlc12_spell_kroak_magic_deliverance_of_itza.png,1,3,0,1,true,0,2,1,Deliverance of Itza 2,"Mighty Lord Kroak spawns a small sun that, when it explodes, causes abject devastation… funnily enough.",,,,,,wh2_dlc12_effect_ability_wom_cost_deliverance_of_itza_2,"Winds of Magic cost: %n for ""Deliverance of Itza II""",,character_to_character_own,-2,both,294,false,magic_character.png,magic_character.png,,,,,,,,,,,,,,,,,,,,,,,character_skill_level_to_effects_junctions_tables,wh2_dlc12_skill_lzd_magic_kroak_deliverance_of_itza_2|wh2_dlc12_effect_ability_wom_cost_deliverance_of_itza_2|1|character_to_character_own
effect,warhammer_3,8.1.1,24237342,Lizardmen,lizardmen,wh2_main_sc_lzd_lizardmen,Lord Kroak,Lord_Kroak,hero,wh2_dlc12_lzd_lord_kroak,wizard,wizard,wh2_dlc12_lzd_cult_of_sotek|wh2_dlc13_lzd_spirits_of_the_jungle|wh2_dlc17_lzd_oxyotl|wh2_main_lzd_hexoatl|wh2_main_lzd_itza|wh2_main_lzd_last_defenders|wh2_main_lzd_tlaqua,false,true,true,false,false,true,,,wh2_dlc12_skill_node_set_lzd_lord_kroak,,1,wizard,false,false,,,,wh2_main_skill_node_lzd_lord_kroak_magic_1,wh2_dlc12_skill_lzd_magic_kroak_deliverance_of_itza_2,Deliverance of Itza 2,"Mighty Lord Kroak spawns a small sun that, when it explodes, causes abject devastation… funnily enough.",wh2_dlc12_spell_kroak_magic_deliverance_of_itza.png,1,3,0,1,true,0,2,2,Deliverance of Itza 2,"Mighty Lord Kroak spawns a small sun that, when it explodes, causes abject devastation… funnily enough.",,,,,,wh2_dlc12_effect_ability_enable_deliverance_of_itza_2,"Spell: ""Deliverance of Itza II""",,character_to_character_own,1,battle,290,true,magic_character.png,magic_character.png,,,,,,,,,,,,,,,,,,,,,,,character_skill_level_to_effects_junctions_tables,wh2_dlc12_skill_lzd_magic_kroak_deliverance_of_itza_2|wh2_dlc12_effect_ability_enable_deliverance_of_itza_2|2|character_to_character_own
effect,warhammer_3,8.1.1,24237342,Lizardmen,lizardmen,wh2_main_sc_lzd_lizardmen,Lord Kroak,Lord_Kroak,hero,wh2_dlc12_lzd_lord_kroak,wizard,wizard,wh2_dlc12_lzd_cult_of_sotek|wh2_dlc13_lzd_spirits_of_the_jungle|wh2_dlc17_lzd_oxyotl|wh2_main_lzd_hexoatl|wh2_main_lzd_itza|wh2_main_lzd_last_defenders|wh2_main_lzd_tlaqua,false,true,true,false,false,true,,,wh2_dlc12_skill_node_set_lzd_lord_kroak,,1,wizard,false,false,,,,wh2_main_skill_node_lzd_lord_kroak_magic_1,wh2_dlc12_skill_lzd_magic_kroak_deliverance_of_itza_2,Deliverance of Itza 2,"Mighty Lord Kroak spawns a small sun that, when it explodes, causes abject devastation… funnily enough.",wh2_dlc12_spell_kroak_magic_deliverance_of_itza.png,1,3,0,1,true,0,2,2,Deliverance of Itza 2,"Mighty Lord Kroak spawns a small sun that, when it explodes, causes abject devastation… funnily enough.",,,,,,wh2_dlc12_effect_ability_wom_cost_deliverance_of_itza_2,"Winds of Magic cost: %n for ""Deliverance of Itza II""",,character_to_character_own,-4,both,294,false,magic_character.png,magic_character.png,,,,,,,,,,,,,,,,,,,,,,,character_skill_level_to_effects_junctions_tables,wh2_dlc12_skill_lzd_magic_kroak_deliverance_of_itza_2|wh2_dlc12_effect_ability_wom_cost_deliverance_of_itza_2|2|character_to_character_own
node,warhammer_3,8.1.1,24237342,Lizardmen,lizardmen,wh2_main_sc_lzd_lizardmen,Lord Kroak,Lord_Kroak,hero,wh2_dlc12_lzd_lord_kroak,wizard,wizard,wh2_dlc12_lzd_cult_of_sotek|wh2_dlc13_lzd_spirits_of_the_jungle|wh2_dlc17_lzd_oxyotl|wh2_main_lzd_hexoatl|wh2_main_lzd_itza|wh2_main_lzd_last_defenders|wh2_main_lzd_tlaqua,false,true,true,false,false,true,,,wh2_dlc12_skill_node_set_lzd_lord_kroak,,1,wizard,false,false,,,,wh2_main_skill_node_lzd_lord_kroak_campaign_1,wh2_main_skill_all_hero_assist_army_replenish_troops,{{tr:agent_action_name_replenish_troops}},Those in the army can find succour or be replenished by the power of this champion.,campaign_replenishment.png,1,5,0,0,true,0,3,,,,,,,,,,,,,,,,,,,,,,,,,,,,,,,,,,,,,,,,,character_skill_nodes_tables,wh2_main_skill_node_lzd_lord_kroak_campaign_1
skill_level,warhammer_3,8.1.1,24237342,Lizardmen,lizardmen,wh2_main_sc_lzd_lizardmen,Lord Kroak,Lord_Kroak,hero,wh2_dlc12_lzd_lord_kroak,wizard,wizard,wh2_dlc12_lzd_cult_of_sotek|wh2_dlc13_lzd_spirits_of_the_jungle|wh2_dlc17_lzd_oxyotl|wh2_main_lzd_hexoatl|wh2_main_lzd_itza|wh2_main_lzd_last_defenders|wh2_main_lzd_tlaqua,false,true,true,false,false,true,,,wh2_dlc12_skill_node_set_lzd_lord_kroak,,1,wizard,false,false,,,,wh2_main_skill_node_lzd_lord_kroak_campaign_1,wh2_main_skill_all_hero_assist_army_replenish_troops,{{tr:agent_action_name_replenish_troops}},Those in the army can find succour or be replenished by the power of this champion.,campaign_replenishment.png,1,5,0,0,true,0,3,2,{{tr:agent_action_name_replenish_troops}},Those in the army can find succour or be replenished by the power of this champion.,4,x,,,,,,,,,,,,,,,,,,,,,,,,,,,,,,,,,,,,character_skill_level_details_tables,wh2_main_skill_all_hero_assist_army_replenish_troops|2|||
skill_level,warhammer_3,8.1.1,24237342,Lizardmen,lizardmen,wh2_main_sc_lzd_lizardmen,Lord Kroak,Lord_Kroak,hero,wh2_dlc12_lzd_lord_kroak,wizard,wizard,wh2_dlc12_lzd_cult_of_sotek|wh2_dlc13_lzd_spirits_of_the_jungle|wh2_dlc17_lzd_oxyotl|wh2_main_lzd_hexoatl|wh2_main_lzd_itza|wh2_main_lzd_last_defenders|wh2_main_lzd_tlaqua,false,true,true,false,false,true,,,wh2_dlc12_skill_node_set_lzd_lord_kroak,,1,wizard,false,false,,,,wh2_main_skill_node_lzd_lord_kroak_campaign_1,wh2_main_skill_all_hero_assist_army_replenish_troops,{{tr:agent_action_name_replenish_troops}},Those in the army can find succour or be replenished by the power of this champion.,campaign_replenishment.png,1,5,0,0,true,0,3,3,{{tr:agent_action_name_replenish_troops}},Those in the army can find succour or be replenished by the power of this champion.,9,x,,,,,,,,,,,,,,,,,,,,,,,,,,,,,,,,,,,,character_skill_level_details_tables,wh2_main_skill_all_hero_assist_army_replenish_troops|3|||
effect,warhammer_3,8.1.1,24237342,Lizardmen,lizardmen,wh2_main_sc_lzd_lizardmen,Lord Kroak,Lord_Kroak,hero,wh2_dlc12_lzd_lord_kroak,wizard,wizard,wh2_dlc12_lzd_cult_of_sotek|wh2_dlc13_lzd_spirits_of_the_jungle|wh2_dlc17_lzd_oxyotl|wh2_main_lzd_hexoatl|wh2_main_lzd_itza|wh2_main_lzd_last_defenders|wh2_main_lzd_tlaqua,false,true,true,false,false,true,,,wh2_dlc12_skill_node_set_lzd_lord_kroak,,1,wizard,false,false,,,,wh2_main_skill_node_lzd_lord_kroak_campaign_1,wh2_main_skill_all_hero_assist_army_replenish_troops,{{tr:agent_action_name_replenish_troops}},Those in the army can find succour or be replenished by the power of this champion.,campaign_replenishment.png,1,5,0,0,true,0,3,1,{{tr:agent_action_name_replenish_troops}},Those in the army can find succour or be replenished by the power of this champion.,,,,,,wh2_main_effect_agent_action_assist_army_replenish_troops_buff,[[col:yellow]]{{tr:agent_action_name_replenish_troops}}[[/col]] action: Replenishment rate is increased by an additional %n%,[[col:yellow]]{{tr:agent_action_name_replenish_troops}}[[/col]] (Assist Army)\\nIncreases replenishment of the parent army.,character_to_character_own,3,campaign,7,true,replenishment.png,replenishment.png,,,,,,,,,,,,,,,,,,,,,,,character_skill_level_to_effects_junctions_tables,wh2_main_skill_all_hero_assist_army_replenish_troops|wh2_main_effect_agent_action_assist_army_replenish_troops_buff|1|character_to_character_own
effect,warhammer_3,8.1.1,24237342,Lizardmen,lizardmen,wh2_main_sc_lzd_lizardmen,Lord Kroak,Lord_Kroak,hero,wh2_dlc12_lzd_lord_kroak,wizard,wizard,wh2_dlc12_lzd_cult_of_sotek|wh2_dlc13_lzd_spirits_of_the_jungle|wh2_dlc17_lzd_oxyotl|wh2_main_lzd_hexoatl|wh2_main_lzd_itza|wh2_main_lzd_last_defenders|wh2_main_lzd_tlaqua,false,true,true,false,false,true,,,wh2_dlc12_skill_node_set_lzd_lord_kroak,,1,wizard,false,false,,,,wh2_main_skill_node_lzd_lord_kroak_campaign_1,wh2_main_skill_all_hero_assist_army_replenish_troops,{{tr:agent_action_name_replenish_troops}},Those in the army can find succour or be replenished by the power of this champion.,campaign_replenishment.png,1,5,0,0,true,0,3,2,{{tr:agent_action_name_replenish_troops}},Those in the army can find succour or be replenished by the power of this champion.,,,,,,wh2_main_effect_agent_action_assist_army_replenish_troops_buff,[[col:yellow]]{{tr:agent_action_name_replenish_troops}}[[/col]] action: Replenishment rate is increased by an additional %n%,[[col:yellow]]{{tr:agent_action_name_replenish_troops}}[[/col]] (Assist Army)\\nIncreases replenishment of the parent army.,character_to_character_own,6,campaign,7,true,replenishment.png,replenishment.png,,,,,,,,,,,,,,,,,,,,,,,character_skill_level_to_effects_junctions_tables,wh2_main_skill_all_hero_assist_army_replenish_troops|wh2_main_effect_agent_action_assist_army_replenish_troops_buff|2|character_to_character_own
effect,warhammer_3,8.1.1,24237342,Lizardmen,lizardmen,wh2_main_sc_lzd_lizardmen,Lord Kroak,Lord_Kroak,hero,wh2_dlc12_lzd_lord_kroak,wizard,wizard,wh2_dlc12_lzd_cult_of_sotek|wh2_dlc13_lzd_spirits_of_the_jungle|wh2_dlc17_lzd_oxyotl|wh2_main_lzd_hexoatl|wh2_main_lzd_itza|wh2_main_lzd_last_defenders|wh2_main_lzd_tlaqua,false,true,true,false,false,true,,,wh2_dlc12_skill_node_set_lzd_lord_kroak,,1,wizard,false,false,,,,wh2_main_skill_node_lzd_lord_kroak_campaign_1,wh2_main_skill_all_hero_assist_army_replenish_troops,{{tr:agent_action_name_replenish_troops}},Those in the army can find succour or be replenished by the power of this champion.,campaign_replenishment.png,1,5,0,0,true,0,3,3,{{tr:agent_action_name_replenish_troops}},Those in the army can find succour or be replenished by the power of this champion.,,,,,,wh2_main_effect_agent_action_assist_army_replenish_troops_buff,[[col:yellow]]{{tr:agent_action_name_replenish_troops}}[[/col]] action: Replenishment rate is increased by an additional %n%,[[col:yellow]]{{tr:agent_action_name_replenish_troops}}[[/col]] (Assist Army)\\nIncreases replenishment of the parent army.,character_to_character_own,9,campaign,7,true,replenishment.png,replenishment.png,,,,,,,,,,,,,,,,,,,,,,,character_skill_level_to_effects_junctions_tables,wh2_main_skill_all_hero_assist_army_replenish_troops|wh2_main_effect_agent_action_assist_army_replenish_troops_buff|3|character_to_character_own
node,warhammer_3,8.1.1,24237342,Lizardmen,lizardmen,wh2_main_sc_lzd_lizardmen,Lord Kroak,Lord_Kroak,hero,wh2_dlc12_lzd_lord_kroak,wizard,wizard,wh2_dlc12_lzd_cult_of_sotek|wh2_dlc13_lzd_spirits_of_the_jungle|wh2_dlc17_lzd_oxyotl|wh2_main_lzd_hexoatl|wh2_main_lzd_itza|wh2_main_lzd_last_defenders|wh2_main_lzd_tlaqua,false,true,true,false,false,true,,,wh2_dlc12_skill_node_set_lzd_lord_kroak,,1,wizard,false,false,,,,wh2_main_skill_node_lzd_lord_kroak_unique_2,wh2_dlc12_skill_lzd_lord_kroak_eternity_guardians,Eternal Guardians,Kroak's ancient lineage provide a powerful telepathic link by which orders are conveyed and the Old Ones' will is reinforced.,character_morale.png,2,0,0,0,true,11,1,,,,,,,,,,,,,,,,,,,,,,,,,,,,,,,,,,,,,,,,,character_skill_nodes_tables,wh2_main_skill_node_lzd_lord_kroak_unique_2
skill_level,warhammer_3,8.1.1,24237342,Lizardmen,lizardmen,wh2_main_sc_lzd_lizardmen,Lord Kroak,Lord_Kroak,hero,wh2_dlc12_lzd_lord_kroak,wizard,wizard,wh2_dlc12_lzd_cult_of_sotek|wh2_dlc13_lzd_spirits_of_the_jungle|wh2_dlc17_lzd_oxyotl|wh2_main_lzd_hexoatl|wh2_main_lzd_itza|wh2_main_lzd_last_defenders|wh2_main_lzd_tlaqua,false,true,true,false,false,true,,,wh2_dlc12_skill_node_set_lzd_lord_kroak,,1,wizard,false,false,,,,wh2_main_skill_node_lzd_lord_kroak_unique_2,wh2_dlc12_skill_lzd_lord_kroak_eternity_guardians,Eternal Guardians,Kroak's ancient lineage provide a powerful telepathic link by which orders are conveyed and the Old Ones' will is reinforced.,character_morale.png,2,0,0,0,true,11,1,1,Eternal Guardians,Kroak's ancient lineage provide a powerful telepathic link by which orders are conveyed and the Old Ones' will is reinforced.,11,x,,,,,,,,,,,,,,,,,,,,,,,,,,,,,,,,,,,,character_skill_level_details_tables,wh2_dlc12_skill_lzd_lord_kroak_eternity_guardians|1|||
effect,warhammer_3,8.1.1,24237342,Lizardmen,lizardmen,wh2_main_sc_lzd_lizardmen,Lord Kroak,Lord_Kroak,hero,wh2_dlc12_lzd_lord_kroak,wizard,wizard,wh2_dlc12_lzd_cult_of_sotek|wh2_dlc13_lzd_spirits_of_the_jungle|wh2_dlc17_lzd_oxyotl|wh2_main_lzd_hexoatl|wh2_main_lzd_itza|wh2_main_lzd_last_defenders|wh2_main_lzd_tlaqua,false,true,true,false,false,true,,,wh2_dlc12_skill_node_set_lzd_lord_kroak,,1,wizard,false,false,,,,wh2_main_skill_node_lzd_lord_kroak_unique_2,wh2_dlc12_skill_lzd_lord_kroak_eternity_guardians,Eternal Guardians,Kroak's ancient lineage provide a powerful telepathic link by which orders are conveyed and the Old Ones' will is reinforced.,character_morale.png,2,0,0,0,true,11,1,1,Eternal Guardians,Kroak's ancient lineage provide a powerful telepathic link by which orders are conveyed and the Old Ones' will is reinforced.,,,,,,wh_main_effect_character_stat_aura_leadership_effect,Character's aura leadership effect: %+n,Aura. Any unit standing within this character's aura in battle will receive a [[img:icon_morale]][[/img]]leadership bonus.,character_to_character_own,10,battle,260,true,morale_character.png,morale_character.png,,,,,,,,,,,,,,,,,,,,,,,character_skill_level_to_effects_junctions_tables,wh2_dlc12_skill_lzd_lord_kroak_eternity_guardians|wh_main_effect_character_stat_aura_leadership_effect|1|character_to_character_own
effect,warhammer_3,8.1.1,24237342,Lizardmen,lizardmen,wh2_main_sc_lzd_lizardmen,Lord Kroak,Lord_Kroak,hero,wh2_dlc12_lzd_lord_kroak,wizard,wizard,wh2_dlc12_lzd_cult_of_sotek|wh2_dlc13_lzd_spirits_of_the_jungle|wh2_dlc17_lzd_oxyotl|wh2_main_lzd_hexoatl|wh2_main_lzd_itza|wh2_main_lzd_last_defenders|wh2_main_lzd_tlaqua,false,true,true,false,false,true,,,wh2_dlc12_skill_node_set_lzd_lord_kroak,,1,wizard,false,false,,,,wh2_main_skill_node_lzd_lord_kroak_unique_2,wh2_dlc12_skill_lzd_lord_kroak_eternity_guardians,Eternal Guardians,Kroak's ancient lineage provide a powerful telepathic link by which orders are conveyed and the Old Ones' will is reinforced.,character_morale.png,2,0,0,0,true,11,1,1,Eternal Guardians,Kroak's ancient lineage provide a powerful telepathic link by which orders are conveyed and the Old Ones' will is reinforced.,,,,,,wh_main_effect_character_stat_leadership_aura_size,Leadership aura size: %+n%,Aura. Any unit standing within this character's aura in battle will receive a [[img:icon_morale]][[/img]]leadership bonus.,character_to_character_own,50,battle,260,true,general_ability.png,general_ability.png,,,,,,,,,,,,,,,,,,,,,,,character_skill_level_to_effects_junctions_tables,wh2_dlc12_skill_lzd_lord_kroak_eternity_guardians|wh_main_effect_character_stat_leadership_aura_size|1|character_to_character_own
node,warhammer_3,8.1.1,24237342,Lizardmen,lizardmen,wh2_main_sc_lzd_lizardmen,Lord Kroak,Lord_Kroak,hero,wh2_dlc12_lzd_lord_kroak,wizard,wizard,wh2_dlc12_lzd_cult_of_sotek|wh2_dlc13_lzd_spirits_of_the_jungle|wh2_dlc17_lzd_oxyotl|wh2_main_lzd_hexoatl|wh2_main_lzd_itza|wh2_main_lzd_last_defenders|wh2_main_lzd_tlaqua,false,true,true,false,false,true,,,wh2_dlc12_skill_node_set_lzd_lord_kroak,,1,wizard,false,false,,,,wh2_main_skill_node_lzd_lord_kroak_discipline_1_2,wh2_main_skill_lzd_disciplines_arcane_convergence,Arcane Convergence,"All shall be one, as it is written.",character_magic.png,2,1,0,0,true,11,1,,,,,,,,,,,,,,,,,,,,,,,,,,,,,,,,,,,,,,,,,character_skill_nodes_tables,wh2_main_skill_node_lzd_lord_kroak_discipline_1_2
skill_level,warhammer_3,8.1.1,24237342,Lizardmen,lizardmen,wh2_main_sc_lzd_lizardmen,Lord Kroak,Lord_Kroak,hero,wh2_dlc12_lzd_lord_kroak,wizard,wizard,wh2_dlc12_lzd_cult_of_sotek|wh2_dlc13_lzd_spirits_of_the_jungle|wh2_dlc17_lzd_oxyotl|wh2_main_lzd_hexoatl|wh2_main_lzd_itza|wh2_main_lzd_last_defenders|wh2_main_lzd_tlaqua,false,true,true,false,false,true,,,wh2_dlc12_skill_node_set_lzd_lord_kroak,,1,wizard,false,false,,,,wh2_main_skill_node_lzd_lord_kroak_discipline_1_2,wh2_main_skill_lzd_disciplines_arcane_convergence,Arcane Convergence,"All shall be one, as it is written.",character_magic.png,2,1,0,0,true,11,1,1,Arcane Convergence,"All shall be one, as it is written.",11,x,,,,,,,,,,,,,,,,,,,,,,,,,,,,,,,,,,,,character_skill_level_details_tables,wh2_main_skill_lzd_disciplines_arcane_convergence|1|||
effect,warhammer_3,8.1.1,24237342,Lizardmen,lizardmen,wh2_main_sc_lzd_lizardmen,Lord Kroak,Lord_Kroak,hero,wh2_dlc12_lzd_lord_kroak,wizard,wizard,wh2_dlc12_lzd_cult_of_sotek|wh2_dlc13_lzd_spirits_of_the_jungle|wh2_dlc17_lzd_oxyotl|wh2_main_lzd_hexoatl|wh2_main_lzd_itza|wh2_main_lzd_last_defenders|wh2_main_lzd_tlaqua,false,true,true,false,false,true,,,wh2_dlc12_skill_node_set_lzd_lord_kroak,,1,wizard,false,false,,,,wh2_main_skill_node_lzd_lord_kroak_discipline_1_2,wh2_main_skill_lzd_disciplines_arcane_convergence,Arcane Convergence,"All shall be one, as it is written.",character_magic.png,2,1,0,0,true,11,1,1,Arcane Convergence,"All shall be one, as it is written.",,,,,,wh3_main_effect_winds_of_magic_pool_cap,Winds of Magic power reserve capacity: %+n,,character_to_force_own_alt_text,20,campaign,390,true,magic_campaign.png,magic_campaign.png,,,,,,,,,,,,,,,,,,,,,,,character_skill_level_to_effects_junctions_tables,wh2_main_skill_lzd_disciplines_arcane_convergence|wh3_main_effect_winds_of_magic_pool_cap|1|character_to_force_own_alt_text
node,warhammer_3,8.1.1,24237342,Lizardmen,lizardmen,wh2_main_sc_lzd_lizardmen,Lord Kroak,Lord_Kroak,hero,wh2_dlc12_lzd_lord_kroak,wizard,wizard,wh2_dlc12_lzd_cult_of_sotek|wh2_dlc13_lzd_spirits_of_the_jungle|wh2_dlc17_lzd_oxyotl|wh2_main_lzd_hexoatl|wh2_main_lzd_itza|wh2_main_lzd_last_defenders|wh2_main_lzd_tlaqua,false,true,true,false,false,true,,,wh2_dlc12_skill_node_set_lzd_lord_kroak,,1,wizard,false,false,,,,wh2_main_skill_node_lzd_lord_kroak_discipline_2_2,wh2_main_skill_lzd_disciplines_transcendent_healing,Transcendent Healing,"When wounded, the Slann's sheer force of will literally recombines his body.",wh_main_unit_passive_regeneration.png,2,2,0,0,true,15,1,,,,,,,,,,,,,,,,,,,,,,,,,,,,,,,,,,,,,,,,,character_skill_nodes_tables,wh2_main_skill_node_lzd_lord_kroak_discipline_2_2
skill_level,warhammer_3,8.1.1,24237342,Lizardmen,lizardmen,wh2_main_sc_lzd_lizardmen,Lord Kroak,Lord_Kroak,hero,wh2_dlc12_lzd_lord_kroak,wizard,wizard,wh2_dlc12_lzd_cult_of_sotek|wh2_dlc13_lzd_spirits_of_the_jungle|wh2_dlc17_lzd_oxyotl|wh2_main_lzd_hexoatl|wh2_main_lzd_itza|wh2_main_lzd_last_defenders|wh2_main_lzd_tlaqua,false,true,true,false,false,true,,,wh2_dlc12_skill_node_set_lzd_lord_kroak,,1,wizard,false,false,,,,wh2_main_skill_node_lzd_lord_kroak_discipline_2_2,wh2_main_skill_lzd_disciplines_transcendent_healing,Transcendent Healing,"When wounded, the Slann's sheer force of will literally recombines his body.",wh_main_unit_passive_regeneration.png,2,2,0,0,true,15,1,1,Transcendent Healing,"When wounded, the Slann's sheer force of will literally recombines his body.",15,x,,,,,,,,,,,,,,,,,,,,,,,,,,,,,,,,,,,,character_skill_level_details_tables,wh2_main_skill_lzd_disciplines_transcendent_healing|1|||
effect,warhammer_3,8.1.1,24237342,Lizardmen,lizardmen,wh2_main_sc_lzd_lizardmen,Lord Kroak,Lord_Kroak,hero,wh2_dlc12_lzd_lord_kroak,wizard,wizard,wh2_dlc12_lzd_cult_of_sotek|wh2_dlc13_lzd_spirits_of_the_jungle|wh2_dlc17_lzd_oxyotl|wh2_main_lzd_hexoatl|wh2_main_lzd_itza|wh2_main_lzd_last_defenders|wh2_main_lzd_tlaqua,false,true,true,false,false,true,,,wh2_dlc12_skill_node_set_lzd_lord_kroak,,1,wizard,false,false,,,,wh2_main_skill_node_lzd_lord_kroak_discipline_2_2,wh2_main_skill_lzd_disciplines_transcendent_healing,Transcendent Healing,"When wounded, the Slann's sheer force of will literally recombines his body.",wh_main_unit_passive_regeneration.png,2,2,0,0,true,15,1,1,Transcendent Healing,"When wounded, the Slann's sheer force of will literally recombines his body.",,,,,,wh_main_effect_character_wound_recovery_time_mod,Wound recovery time: %+n turns,,character_to_character_own,-1,campaign,101,false,wound_time.png,wound_time.png,,,,,,,,,,,,,,,,,,,,,,,character_skill_level_to_effects_junctions_tables,wh2_main_skill_lzd_disciplines_transcendent_healing|wh_main_effect_character_wound_recovery_time_mod|1|character_to_character_own
effect,warhammer_3,8.1.1,24237342,Lizardmen,lizardmen,wh2_main_sc_lzd_lizardmen,Lord Kroak,Lord_Kroak,hero,wh2_dlc12_lzd_lord_kroak,wizard,wizard,wh2_dlc12_lzd_cult_of_sotek|wh2_dlc13_lzd_spirits_of_the_jungle|wh2_dlc17_lzd_oxyotl|wh2_main_lzd_hexoatl|wh2_main_lzd_itza|wh2_main_lzd_last_defenders|wh2_main_lzd_tlaqua,false,true,true,false,false,true,,,wh2_dlc12_skill_node_set_lzd_lord_kroak,,1,wizard,false,false,,,,wh2_main_skill_node_lzd_lord_kroak_discipline_2_2,wh2_main_skill_lzd_disciplines_transcendent_healing,Transcendent Healing,"When wounded, the Slann's sheer force of will literally recombines his body.",wh_main_unit_passive_regeneration.png,2,2,0,0,true,15,1,1,Transcendent Healing,"When wounded, the Slann's sheer force of will literally recombines his body.",,,,,,wh2_main_effect_ability_enable_regeneration,"Passive ability: ""Regeneration""",,character_to_character_own,1,battle,310,true,general_ability.png,general_ability.png,,,,,,,,,,,,,,,,,,,,,,,character_skill_level_to_effects_junctions_tables,wh2_main_skill_lzd_disciplines_transcendent_healing|wh2_main_effect_ability_enable_regeneration|1|character_to_character_own
node,warhammer_3,8.1.1,24237342,Lizardmen,lizardmen,wh2_main_sc_lzd_lizardmen,Lord Kroak,Lord_Kroak,hero,wh2_dlc12_lzd_lord_kroak,wizard,wizard,wh2_dlc12_lzd_cult_of_sotek|wh2_dlc13_lzd_spirits_of_the_jungle|wh2_dlc17_lzd_oxyotl|wh2_main_lzd_hexoatl|wh2_main_lzd_itza|wh2_main_lzd_last_defenders|wh2_main_lzd_tlaqua,false,true,true,false,false,true,,,wh2_dlc12_skill_node_set_lzd_lord_kroak,,1,wizard,false,false,,,,wh2_main_skill_node_lzd_lord_kroak_magic_2,wh2_dlc12_skill_lzd_magic_kroak_deliverance_of_itza_3,Deliverance of Itza 3,"Mighty Lord Kroak spawns a small sun that, when it explodes, causes abject devastation… funnily enough.",wh2_dlc12_spell_kroak_magic_deliverance_of_itza.png,2,3,0,1,true,0,2,,,,,,,,,,,,,,,,,,,,,,,,,,,,,,,,,,,,,,,,,character_skill_nodes_tables,wh2_main_skill_node_lzd_lord_kroak_magic_2
effect,warhammer_3,8.1.1,24237342,Lizardmen,lizardmen,wh2_main_sc_lzd_lizardmen,Lord Kroak,Lord_Kroak,hero,wh2_dlc12_lzd_lord_kroak,wizard,wizard,wh2_dlc12_lzd_cult_of_sotek|wh2_dlc13_lzd_spirits_of_the_jungle|wh2_dlc17_lzd_oxyotl|wh2_main_lzd_hexoatl|wh2_main_lzd_itza|wh2_main_lzd_last_defenders|wh2_main_lzd_tlaqua,false,true,true,false,false,true,,,wh2_dlc12_skill_node_set_lzd_lord_kroak,,1,wizard,false,false,,,,wh2_main_skill_node_lzd_lord_kroak_magic_2,wh2_dlc12_skill_lzd_magic_kroak_deliverance_of_itza_3,Deliverance of Itza 3,"Mighty Lord Kroak spawns a small sun that, when it explodes, causes abject devastation… funnily enough.",wh2_dlc12_spell_kroak_magic_deliverance_of_itza.png,2,3,0,1,true,0,2,1,Deliverance of Itza 3,"Mighty Lord Kroak spawns a small sun that, when it explodes, causes abject devastation… funnily enough.",,,,,,wh2_dlc12_effect_ability_enable_deliverance_of_itza_3,"Spell: ""Deliverance of Itza III""",,character_to_character_own,1,battle,290,true,magic_character.png,magic_character.png,,,,,,,,,,,,,,,,,,,,,,,character_skill_level_to_effects_junctions_tables,wh2_dlc12_skill_lzd_magic_kroak_deliverance_of_itza_3|wh2_dlc12_effect_ability_enable_deliverance_of_itza_3|1|character_to_character_own
effect,warhammer_3,8.1.1,24237342,Lizardmen,lizardmen,wh2_main_sc_lzd_lizardmen,Lord Kroak,Lord_Kroak,hero,wh2_dlc12_lzd_lord_kroak,wizard,wizard,wh2_dlc12_lzd_cult_of_sotek|wh2_dlc13_lzd_spirits_of_the_jungle|wh2_dlc17_lzd_oxyotl|wh2_main_lzd_hexoatl|wh2_main_lzd_itza|wh2_main_lzd_last_defenders|wh2_main_lzd_tlaqua,false,true,true,false,false,true,,,wh2_dlc12_skill_node_set_lzd_lord_kroak,,1,wizard,false,false,,,,wh2_main_skill_node_lzd_lord_kroak_magic_2,wh2_dlc12_skill_lzd_magic_kroak_deliverance_of_itza_3,Deliverance of Itza 3,"Mighty Lord Kroak spawns a small sun that, when it explodes, causes abject devastation… funnily enough.",wh2_dlc12_spell_kroak_magic_deliverance_of_itza.png,2,3,0,1,true,0,2,1,Deliverance of Itza 3,"Mighty Lord Kroak spawns a small sun that, when it explodes, causes abject devastation… funnily enough.",,,,,,wh2_dlc12_effect_ability_wom_cost_deliverance_of_itza_3,"Winds of Magic cost: %n for ""Deliverance of Itza III""",,character_to_character_own,-3,both,294,false,magic_character.png,magic_character.png,,,,,,,,,,,,,,,,,,,,,,,character_skill_level_to_effects_junctions_tables,wh2_dlc12_skill_lzd_magic_kroak_deliverance_of_itza_3|wh2_dlc12_effect_ability_wom_cost_deliverance_of_itza_3|1|character_to_character_own
effect,warhammer_3,8.1.1,24237342,Lizardmen,lizardmen,wh2_main_sc_lzd_lizardmen,Lord Kroak,Lord_Kroak,hero,wh2_dlc12_lzd_lord_kroak,wizard,wizard,wh2_dlc12_lzd_cult_of_sotek|wh2_dlc13_lzd_spirits_of_the_jungle|wh2_dlc17_lzd_oxyotl|wh2_main_lzd_hexoatl|wh2_main_lzd_itza|wh2_main_lzd_last_defenders|wh2_main_lzd_tlaqua,false,true,true,false,false,true,,,wh2_dlc12_skill_node_set_lzd_lord_kroak,,1,wizard,false,false,,,,wh2_main_skill_node_lzd_lord_kroak_magic_2,wh2_dlc12_skill_lzd_magic_kroak_deliverance_of_itza_3,Deliverance of Itza 3,"Mighty Lord Kroak spawns a small sun that, when it explodes, causes abject devastation… funnily enough.",wh2_dlc12_spell_kroak_magic_deliverance_of_itza.png,2,3,0,1,true,0,2,2,Deliverance of Itza 3,"Mighty Lord Kroak spawns a small sun that, when it explodes, causes abject devastation… funnily enough.",,,,,,wh2_dlc12_effect_ability_enable_deliverance_of_itza_3,"Spell: ""Deliverance of Itza III""",,character_to_character_own,1,battle,290,true,magic_character.png,magic_character.png,,,,,,,,,,,,,,,,,,,,,,,character_skill_level_to_effects_junctions_tables,wh2_dlc12_skill_lzd_magic_kroak_deliverance_of_itza_3|wh2_dlc12_effect_ability_enable_deliverance_of_itza_3|2|character_to_character_own
effect,warhammer_3,8.1.1,24237342,Lizardmen,lizardmen,wh2_main_sc_lzd_lizardmen,Lord Kroak,Lord_Kroak,hero,wh2_dlc12_lzd_lord_kroak,wizard,wizard,wh2_dlc12_lzd_cult_of_sotek|wh2_dlc13_lzd_spirits_of_the_jungle|wh2_dlc17_lzd_oxyotl|wh2_main_lzd_hexoatl|wh2_main_lzd_itza|wh2_main_lzd_last_defenders|wh2_main_lzd_tlaqua,false,true,true,false,false,true,,,wh2_dlc12_skill_node_set_lzd_lord_kroak,,1,wizard,false,false,,,,wh2_main_skill_node_lzd_lord_kroak_magic_2,wh2_dlc12_skill_lzd_magic_kroak_deliverance_of_itza_3,Deliverance of Itza 3,"Mighty Lord Kroak spawns a small sun that, when it explodes, causes abject devastation… funnily enough.",wh2_dlc12_spell_kroak_magic_deliverance_of_itza.png,2,3,0,1,true,0,2,2,Deliverance of Itza 3,"Mighty Lord Kroak spawns a small sun that, when it explodes, causes abject devastation… funnily enough.",,,,,,wh2_dlc12_effect_ability_wom_cost_deliverance_of_itza_3,"Winds of Magic cost: %n for ""Deliverance of Itza III""",,character_to_character_own,-6,both,294,false,magic_character.png,magic_character.png,,,,,,,,,,,,,,,,,,,,,,,character_skill_level_to_effects_junctions_tables,wh2_dlc12_skill_lzd_magic_kroak_deliverance_of_itza_3|wh2_dlc12_effect_ability_wom_cost_deliverance_of_itza_3|2|character_to_character_own
node,warhammer_3,8.1.1,24237342,Lizardmen,lizardmen,wh2_main_sc_lzd_lizardmen,Lord Kroak,Lord_Kroak,hero,wh2_dlc12_lzd_lord_kroak,wizard,wizard,wh2_dlc12_lzd_cult_of_sotek|wh2_dlc13_lzd_spirits_of_the_jungle|wh2_dlc17_lzd_oxyotl|wh2_main_lzd_hexoatl|wh2_main_lzd_itza|wh2_main_lzd_last_defenders|wh2_main_lzd_tlaqua,false,true,true,false,false,true,,,wh2_dlc12_skill_node_set_lzd_lord_kroak,,1,wizard,false,false,,,,wh2_main_skill_node_lzd_lord_kroak_campaign_2,wh2_main_skill_all_hero_passive_stimulate_growth,{{tr:agent_action_name_stimulate_growth}},"All will listen, for the news will either be dire or wonderful.",campaign_growth.png,2,5,0,0,true,0,3,,,,,,,,,,,,,,,,,,,,,,,,,,,,,,,,,,,,,,,,,character_skill_nodes_tables,wh2_main_skill_node_lzd_lord_kroak_campaign_2
skill_level,warhammer_3,8.1.1,24237342,Lizardmen,lizardmen,wh2_main_sc_lzd_lizardmen,Lord Kroak,Lord_Kroak,hero,wh2_dlc12_lzd_lord_kroak,wizard,wizard,wh2_dlc12_lzd_cult_of_sotek|wh2_dlc13_lzd_spirits_of_the_jungle|wh2_dlc17_lzd_oxyotl|wh2_main_lzd_hexoatl|wh2_main_lzd_itza|wh2_main_lzd_last_defenders|wh2_main_lzd_tlaqua,false,true,true,false,false,true,,,wh2_dlc12_skill_node_set_lzd_lord_kroak,,1,wizard,false,false,,,,wh2_main_skill_node_lzd_lord_kroak_campaign_2,wh2_main_skill_all_hero_passive_stimulate_growth,{{tr:agent_action_name_stimulate_growth}},"All will listen, for the news will either be dire or wonderful.",campaign_growth.png,2,5,0,0,true,0,3,2,{{tr:agent_action_name_stimulate_growth}},"All will listen, for the news will either be dire or wonderful.",4,x,,,,,,,,,,,,,,,,,,,,,,,,,,,,,,,,,,,,character_skill_level_details_tables,wh2_main_skill_all_hero_passive_stimulate_growth|2|||
skill_level,warhammer_3,8.1.1,24237342,Lizardmen,lizardmen,wh2_main_sc_lzd_lizardmen,Lord Kroak,Lord_Kroak,hero,wh2_dlc12_lzd_lord_kroak,wizard,wizard,wh2_dlc12_lzd_cult_of_sotek|wh2_dlc13_lzd_spirits_of_the_jungle|wh2_dlc17_lzd_oxyotl|wh2_main_lzd_hexoatl|wh2_main_lzd_itza|wh2_main_lzd_last_defenders|wh2_main_lzd_tlaqua,false,true,true,false,false,true,,,wh2_dlc12_skill_node_set_lzd_lord_kroak,,1,wizard,false,false,,,,wh2_main_skill_node_lzd_lord_kroak_campaign_2,wh2_main_skill_all_hero_passive_stimulate_growth,{{tr:agent_action_name_stimulate_growth}},"All will listen, for the news will either be dire or wonderful.",campaign_growth.png,2,5,0,0,true,0,3,3,{{tr:agent_action_name_stimulate_growth}},"All will listen, for the news will either be dire or wonderful.",9,x,,,,,,,,,,,,,,,,,,,,,,,,,,,,,,,,,,,,character_skill_level_details_tables,wh2_main_skill_all_hero_passive_stimulate_growth|3|||
effect,warhammer_3,8.1.1,24237342,Lizardmen,lizardmen,wh2_main_sc_lzd_lizardmen,Lord Kroak,Lord_Kroak,hero,wh2_dlc12_lzd_lord_kroak,wizard,wizard,wh2_dlc12_lzd_cult_of_sotek|wh2_dlc13_lzd_spirits_of_the_jungle|wh2_dlc17_lzd_oxyotl|wh2_main_lzd_hexoatl|wh2_main_lzd_itza|wh2_main_lzd_last_defenders|wh2_main_lzd_tlaqua,false,true,true,false,false,true,,,wh2_dlc12_skill_node_set_lzd_lord_kroak,,1,wizard,false,false,,,,wh2_main_skill_node_lzd_lord_kroak_campaign_2,wh2_main_skill_all_hero_passive_stimulate_growth,{{tr:agent_action_name_stimulate_growth}},"All will listen, for the news will either be dire or wonderful.",campaign_growth.png,2,5,0,0,true,0,3,1,{{tr:agent_action_name_stimulate_growth}},"All will listen, for the news will either be dire or wonderful.",,,,,,wh2_main_effect_agent_action_passive_stimulate_growth_buff,[[col:yellow]]{{tr:agent_action_name_stimulate_growth}}[[/col]] action: Growth is modified by an additional %n,[[col:yellow]]{{tr:agent_action_name_stimulate_growth}}[[/col]] (Constant Local Effect)\\nIncreases growth in the local province (reduces in enemy provinces).,character_to_character_own,10,campaign,8,true,growth.png,growth.png,,,,,,,,,,,,,,,,,,,,,,,character_skill_level_to_effects_junctions_tables,wh2_main_skill_all_hero_passive_stimulate_growth|wh2_main_effect_agent_action_passive_stimulate_growth_buff|1|character_to_character_own
effect,warhammer_3,8.1.1,24237342,Lizardmen,lizardmen,wh2_main_sc_lzd_lizardmen,Lord Kroak,Lord_Kroak,hero,wh2_dlc12_lzd_lord_kroak,wizard,wizard,wh2_dlc12_lzd_cult_of_sotek|wh2_dlc13_lzd_spirits_of_the_jungle|wh2_dlc17_lzd_oxyotl|wh2_main_lzd_hexoatl|wh2_main_lzd_itza|wh2_main_lzd_last_defenders|wh2_main_lzd_tlaqua,false,true,true,false,false,true,,,wh2_dlc12_skill_node_set_lzd_lord_kroak,,1,wizard,false,false,,,,wh2_main_skill_node_lzd_lord_kroak_campaign_2,wh2_main_skill_all_hero_passive_stimulate_growth,{{tr:agent_action_name_stimulate_growth}},"All will listen, for the news will either be dire or wonderful.",campaign_growth.png,2,5,0,0,true,0,3,1,{{tr:agent_action_name_stimulate_growth}},"All will listen, for the news will either be dire or wonderful.",,,,,,wh2_main_effect_agent_action_passive_stimulate_growth_effect_negative,Growth: %+n,,character_to_province_enemy,-10,campaign,0,true,growth.png,growth.png,,,,,,,,,,,,,,,,,,,,,,,character_skill_level_to_effects_junctions_tables,wh2_main_skill_all_hero_passive_stimulate_growth|wh2_main_effect_agent_action_passive_stimulate_growth_effect_negative|1|character_to_province_enemy
effect,warhammer_3,8.1.1,24237342,Lizardmen,lizardmen,wh2_main_sc_lzd_lizardmen,Lord Kroak,Lord_Kroak,hero,wh2_dlc12_lzd_lord_kroak,wizard,wizard,wh2_dlc12_lzd_cult_of_sotek|wh2_dlc13_lzd_spirits_of_the_jungle|wh2_dlc17_lzd_oxyotl|wh2_main_lzd_hexoatl|wh2_main_lzd_itza|wh2_main_lzd_last_defenders|wh2_main_lzd_tlaqua,false,true,true,false,false,true,,,wh2_dlc12_skill_node_set_lzd_lord_kroak,,1,wizard,false,false,,,,wh2_main_skill_node_lzd_lord_kroak_campaign_2,wh2_main_skill_all_hero_passive_stimulate_growth,{{tr:agent_action_name_stimulate_growth}},"All will listen, for the news will either be dire or wonderful.",campaign_growth.png,2,5,0,0,true,0,3,1,{{tr:agent_action_name_stimulate_growth}},"All will listen, for the news will either be dire or wonderful.",,,,,,wh2_main_effect_agent_action_passive_stimulate_growth_effect_positive,Growth: %+n,,character_to_province_own,10,campaign,0,true,growth.png,growth.png,,,,,,,,,,,,,,,,,,,,,,,character_skill_level_to_effects_junctions_tables,wh2_main_skill_all_hero_passive_stimulate_growth|wh2_main_effect_agent_action_passive_stimulate_growth_effect_positive|1|character_to_province_own
effect,warhammer_3,8.1.1,24237342,Lizardmen,lizardmen,wh2_main_sc_lzd_lizardmen,Lord Kroak,Lord_Kroak,hero,wh2_dlc12_lzd_lord_kroak,wizard,wizard,wh2_dlc12_lzd_cult_of_sotek|wh2_dlc13_lzd_spirits_of_the_jungle|wh2_dlc17_lzd_oxyotl|wh2_main_lzd_hexoatl|wh2_main_lzd_itza|wh2_main_lzd_last_defenders|wh2_main_lzd_tlaqua,false,true,true,false,false,true,,,wh2_dlc12_skill_node_set_lzd_lord_kroak,,1,wizard,false,false,,,,wh2_main_skill_node_lzd_lord_kroak_campaign_2,wh2_main_skill_all_hero_passive_stimulate_growth,{{tr:agent_action_name_stimulate_growth}},"All will listen, for the news will either be dire or wonderful.",campaign_growth.png,2,5,0,0,true,0,3,2,{{tr:agent_action_name_stimulate_growth}},"All will listen, for the news will either be dire or wonderful.",,,,,,wh2_main_effect_agent_action_passive_stimulate_growth_buff,[[col:yellow]]{{tr:agent_action_name_stimulate_growth}}[[/col]] action: Growth is modified by an additional %n,[[col:yellow]]{{tr:agent_action_name_stimulate_growth}}[[/col]] (Constant Local Effect)\\nIncreases growth in the local province (reduces in enemy provinces).,character_to_character_own,20,campaign,8,true,growth.png,growth.png,,,,,,,,,,,,,,,,,,,,,,,character_skill_level_to_effects_junctions_tables,wh2_main_skill_all_hero_passive_stimulate_growth|wh2_main_effect_agent_action_passive_stimulate_growth_buff|2|character_to_character_own
effect,warhammer_3,8.1.1,24237342,Lizardmen,lizardmen,wh2_main_sc_lzd_lizardmen,Lord Kroak,Lord_Kroak,hero,wh2_dlc12_lzd_lord_kroak,wizard,wizard,wh2_dlc12_lzd_cult_of_sotek|wh2_dlc13_lzd_spirits_of_the_jungle|wh2_dlc17_lzd_oxyotl|wh2_main_lzd_hexoatl|wh2_main_lzd_itza|wh2_main_lzd_last_defenders|wh2_main_lzd_tlaqua,false,true,true,false,false,true,,,wh2_dlc12_skill_node_set_lzd_lord_kroak,,1,wizard,false,false,,,,wh2_main_skill_node_lzd_lord_kroak_campaign_2,wh2_main_skill_all_hero_passive_stimulate_growth,{{tr:agent_action_name_stimulate_growth}},"All will listen, for the news will either be dire or wonderful.",campaign_growth.png,2,5,0,0,true,0,3,2,{{tr:agent_action_name_stimulate_growth}},"All will listen, for the news will either be dire or wonderful.",,,,,,wh2_main_effect_agent_action_passive_stimulate_growth_effect_negative,Growth: %+n,,character_to_province_enemy,-20,campaign,0,true,growth.png,growth.png,,,,,,,,,,,,,,,,,,,,,,,character_skill_level_to_effects_junctions_tables,wh2_main_skill_all_hero_passive_stimulate_growth|wh2_main_effect_agent_action_passive_stimulate_growth_effect_negative|2|character_to_province_enemy
effect,warhammer_3,8.1.1,24237342,Lizardmen,lizardmen,wh2_main_sc_lzd_lizardmen,Lord Kroak,Lord_Kroak,hero,wh2_dlc12_lzd_lord_kroak,wizard,wizard,wh2_dlc12_lzd_cult_of_sotek|wh2_dlc13_lzd_spirits_of_the_jungle|wh2_dlc17_lzd_oxyotl|wh2_main_lzd_hexoatl|wh2_main_lzd_itza|wh2_main_lzd_last_defenders|wh2_main_lzd_tlaqua,false,true,true,false,false,true,,,wh2_dlc12_skill_node_set_lzd_lord_kroak,,1,wizard,false,false,,,,wh2_main_skill_node_lzd_lord_kroak_campaign_2,wh2_main_skill_all_hero_passive_stimulate_growth,{{tr:agent_action_name_stimulate_growth}},"All will listen, for the news will either be dire or wonderful.",campaign_growth.png,2,5,0,0,true,0,3,2,{{tr:agent_action_name_stimulate_growth}},"All will listen, for the news will either be dire or wonderful.",,,,,,wh2_main_effect_agent_action_passive_stimulate_growth_effect_positive,Growth: %+n,,character_to_province_own,20,campaign,0,true,growth.png,growth.png,,,,,,,,,,,,,,,,,,,,,,,character_skill_level_to_effects_junctions_tables,wh2_main_skill_all_hero_passive_stimulate_growth|wh2_main_effect_agent_action_passive_stimulate_growth_effect_positive|2|character_to_province_own
effect,warhammer_3,8.1.1,24237342,Lizardmen,lizardmen,wh2_main_sc_lzd_lizardmen,Lord Kroak,Lord_Kroak,hero,wh2_dlc12_lzd_lord_kroak,wizard,wizard,wh2_dlc12_lzd_cult_of_sotek|wh2_dlc13_lzd_spirits_of_the_jungle|wh2_dlc17_lzd_oxyotl|wh2_main_lzd_hexoatl|wh2_main_lzd_itza|wh2_main_lzd_last_defenders|wh2_main_lzd_tlaqua,false,true,true,false,false,true,,,wh2_dlc12_skill_node_set_lzd_lord_kroak,,1,wizard,false,false,,,,wh2_main_skill_node_lzd_lord_kroak_campaign_2,wh2_main_skill_all_hero_passive_stimulate_growth,{{tr:agent_action_name_stimulate_growth}},"All will listen, for the news will either be dire or wonderful.",campaign_growth.png,2,5,0,0,true,0,3,3,{{tr:agent_action_name_stimulate_growth}},"All will listen, for the news will either be dire or wonderful.",,,,,,wh2_main_effect_agent_action_passive_stimulate_growth_buff,[[col:yellow]]{{tr:agent_action_name_stimulate_growth}}[[/col]] action: Growth is modified by an additional %n,[[col:yellow]]{{tr:agent_action_name_stimulate_growth}}[[/col]] (Constant Local Effect)\\nIncreases growth in the local province (reduces in enemy provinces).,character_to_character_own,30,campaign,8,true,growth.png,growth.png,,,,,,,,,,,,,,,,,,,,,,,character_skill_level_to_effects_junctions_tables,wh2_main_skill_all_hero_passive_stimulate_growth|wh2_main_effect_agent_action_passive_stimulate_growth_buff|3|character_to_character_own
effect,warhammer_3,8.1.1,24237342,Lizardmen,lizardmen,wh2_main_sc_lzd_lizardmen,Lord Kroak,Lord_Kroak,hero,wh2_dlc12_lzd_lord_kroak,wizard,wizard,wh2_dlc12_lzd_cult_of_sotek|wh2_dlc13_lzd_spirits_of_the_jungle|wh2_dlc17_lzd_oxyotl|wh2_main_lzd_hexoatl|wh2_main_lzd_itza|wh2_main_lzd_last_defenders|wh2_main_lzd_tlaqua,false,true,true,false,false,true,,,wh2_dlc12_skill_node_set_lzd_lord_kroak,,1,wizard,false,false,,,,wh2_main_skill_node_lzd_lord_kroak_campaign_2,wh2_main_skill_all_hero_passive_stimulate_growth,{{tr:agent_action_name_stimulate_growth}},"All will listen, for the news will either be dire or wonderful.",campaign_growth.png,2,5,0,0,true,0,3,3,{{tr:agent_action_name_stimulate_growth}},"All will listen, for the news will either be dire or wonderful.",,,,,,wh2_main_effect_agent_action_passive_stimulate_growth_effect_negative,Growth: %+n,,character_to_province_enemy,-30,campaign,0,true,growth.png,growth.png,,,,,,,,,,,,,,,,,,,,,,,character_skill_level_to_effects_junctions_tables,wh2_main_skill_all_hero_passive_stimulate_growth|wh2_main_effect_agent_action_passive_stimulate_growth_effect_negative|3|character_to_province_enemy
effect,warhammer_3,8.1.1,24237342,Lizardmen,lizardmen,wh2_main_sc_lzd_lizardmen,Lord Kroak,Lord_Kroak,hero,wh2_dlc12_lzd_lord_kroak,wizard,wizard,wh2_dlc12_lzd_cult_of_sotek|wh2_dlc13_lzd_spirits_of_the_jungle|wh2_dlc17_lzd_oxyotl|wh2_main_lzd_hexoatl|wh2_main_lzd_itza|wh2_main_lzd_last_defenders|wh2_main_lzd_tlaqua,false,true,true,false,false,true,,,wh2_dlc12_skill_node_set_lzd_lord_kroak,,1,wizard,false,false,,,,wh2_main_skill_node_lzd_lord_kroak_campaign_2,wh2_main_skill_all_hero_passive_stimulate_growth,{{tr:agent_action_name_stimulate_growth}},"All will listen, for the news will either be dire or wonderful.",campaign_growth.png,2,5,0,0,true,0,3,3,{{tr:agent_action_name_stimulate_growth}},"All will listen, for the news will either be dire or wonderful.",,,,,,wh2_main_effect_agent_action_passive_stimulate_growth_effect_positive,Growth: %+n,,character_to_province_own,30,campaign,0,true,growth.png,growth.png,,,,,,,,,,,,,,,,,,,,,,,character_skill_level_to_effects_junctions_tables,wh2_main_skill_all_hero_passive_stimulate_growth|wh2_main_effect_agent_action_passive_stimulate_growth_effect_positive|3|character_to_province_own
node,warhammer_3,8.1.1,24237342,Lizardmen,lizardmen,wh2_main_sc_lzd_lizardmen,Lord Kroak,Lord_Kroak,hero,wh2_dlc12_lzd_lord_kroak,wizard,wizard,wh2_dlc12_lzd_cult_of_sotek|wh2_dlc13_lzd_spirits_of_the_jungle|wh2_dlc17_lzd_oxyotl|wh2_main_lzd_hexoatl|wh2_main_lzd_itza|wh2_main_lzd_last_defenders|wh2_main_lzd_tlaqua,false,true,true,false,false,true,,,wh2_dlc12_skill_node_set_lzd_lord_kroak,,1,wizard,false,false,,,,wh2_main_skill_node_lzd_lord_kroak_unique_3,wh2_dlc12_skill_lzd_lord_kroak_first_spawn,First Spawning,"As one of the First Generation of Slann, Kroak knows much about long-forgotten magics and ingenious, war-winning technology thought obsolete.",character_public_order.png,3,0,0,0,true,11,1,,,,,,,,,,,,,,,,,,,,,,,,,,,,,,,,,,,,,,,,,character_skill_nodes_tables,wh2_main_skill_node_lzd_lord_kroak_unique_3
skill_level,warhammer_3,8.1.1,24237342,Lizardmen,lizardmen,wh2_main_sc_lzd_lizardmen,Lord Kroak,Lord_Kroak,hero,wh2_dlc12_lzd_lord_kroak,wizard,wizard,wh2_dlc12_lzd_cult_of_sotek|wh2_dlc13_lzd_spirits_of_the_jungle|wh2_dlc17_lzd_oxyotl|wh2_main_lzd_hexoatl|wh2_main_lzd_itza|wh2_main_lzd_last_defenders|wh2_main_lzd_tlaqua,false,true,true,false,false,true,,,wh2_dlc12_skill_node_set_lzd_lord_kroak,,1,wizard,false,false,,,,wh2_main_skill_node_lzd_lord_kroak_unique_3,wh2_dlc12_skill_lzd_lord_kroak_first_spawn,First Spawning,"As one of the First Generation of Slann, Kroak knows much about long-forgotten magics and ingenious, war-winning technology thought obsolete.",character_public_order.png,3,0,0,0,true,11,1,1,First Spawning,"As one of the First Generation of Slann, Kroak knows much about long-forgotten magics and ingenious, war-winning technology thought obsolete.",11,x,,,,,,,,,,,,,,,,,,,,,,,,,,,,,,,,,,,,character_skill_level_details_tables,wh2_dlc12_skill_lzd_lord_kroak_first_spawn|1|||
effect,warhammer_3,8.1.1,24237342,Lizardmen,lizardmen,wh2_main_sc_lzd_lizardmen,Lord Kroak,Lord_Kroak,hero,wh2_dlc12_lzd_lord_kroak,wizard,wizard,wh2_dlc12_lzd_cult_of_sotek|wh2_dlc13_lzd_spirits_of_the_jungle|wh2_dlc17_lzd_oxyotl|wh2_main_lzd_hexoatl|wh2_main_lzd_itza|wh2_main_lzd_last_defenders|wh2_main_lzd_tlaqua,false,true,true,false,false,true,,,wh2_dlc12_skill_node_set_lzd_lord_kroak,,1,wizard,false,false,,,,wh2_main_skill_node_lzd_lord_kroak_unique_3,wh2_dlc12_skill_lzd_lord_kroak_first_spawn,First Spawning,"As one of the First Generation of Slann, Kroak knows much about long-forgotten magics and ingenious, war-winning technology thought obsolete.",character_public_order.png,3,0,0,0,true,11,1,1,First Spawning,"As one of the First Generation of Slann, Kroak knows much about long-forgotten magics and ingenious, war-winning technology thought obsolete.",,,,,,wh_main_effect_public_order_base,{{tr:public_order_effect}}: %+n,,character_to_province_own,5,campaign,5,true,public_order.png,public_order.png,,,,,,,,,,,,,,,,,,,,,,,character_skill_level_to_effects_junctions_tables,wh2_dlc12_skill_lzd_lord_kroak_first_spawn|wh_main_effect_public_order_base|1|character_to_province_own
effect,warhammer_3,8.1.1,24237342,Lizardmen,lizardmen,wh2_main_sc_lzd_lizardmen,Lord Kroak,Lord_Kroak,hero,wh2_dlc12_lzd_lord_kroak,wizard,wizard,wh2_dlc12_lzd_cult_of_sotek|wh2_dlc13_lzd_spirits_of_the_jungle|wh2_dlc17_lzd_oxyotl|wh2_main_lzd_hexoatl|wh2_main_lzd_itza|wh2_main_lzd_last_defenders|wh2_main_lzd_tlaqua,false,true,true,false,false,true,,,wh2_dlc12_skill_node_set_lzd_lord_kroak,,1,wizard,false,false,,,,wh2_main_skill_node_lzd_lord_kroak_unique_3,wh2_dlc12_skill_lzd_lord_kroak_first_spawn,First Spawning,"As one of the First Generation of Slann, Kroak knows much about long-forgotten magics and ingenious, war-winning technology thought obsolete.",character_public_order.png,3,0,0,0,true,11,1,1,First Spawning,"As one of the First Generation of Slann, Kroak knows much about long-forgotten magics and ingenious, war-winning technology thought obsolete.",,,,,,wh_main_effect_technology_research_rate_mod,{{tr:effect_technology_research_points_description}}: %+n,,character_to_faction_unseen,10,campaign,61,true,technology.png,technology.png,,,,,,,,,,,,,,,,,,,,,,,character_skill_level_to_effects_junctions_tables,wh2_dlc12_skill_lzd_lord_kroak_first_spawn|wh_main_effect_technology_research_rate_mod|1|character_to_faction_unseen
node,warhammer_3,8.1.1,24237342,Lizardmen,lizardmen,wh2_main_sc_lzd_lizardmen,Lord Kroak,Lord_Kroak,hero,wh2_dlc12_lzd_lord_kroak,wizard,wizard,wh2_dlc12_lzd_cult_of_sotek|wh2_dlc13_lzd_spirits_of_the_jungle|wh2_dlc17_lzd_oxyotl|wh2_main_lzd_hexoatl|wh2_main_lzd_itza|wh2_main_lzd_last_defenders|wh2_main_lzd_tlaqua,false,true,true,false,false,true,,,wh2_dlc12_skill_node_set_lzd_lord_kroak,,1,wizard,false,false,,,,wh2_main_skill_node_lzd_lord_kroak_discipline_2_3,wh2_main_skill_lzd_disciplines_higher_state_of_consciousness,Higher State of Consciousness,"Everywhere we shine, death and life burn into something new…",character_barrier.png,3,2,0,0,true,19,1,,,,,,,,,,,,,,,,,,,,,,,,,,,,,,,,,,,,,,,,,character_skill_nodes_tables,wh2_main_skill_node_lzd_lord_kroak_discipline_2_3
skill_level,warhammer_3,8.1.1,24237342,Lizardmen,lizardmen,wh2_main_sc_lzd_lizardmen,Lord Kroak,Lord_Kroak,hero,wh2_dlc12_lzd_lord_kroak,wizard,wizard,wh2_dlc12_lzd_cult_of_sotek|wh2_dlc13_lzd_spirits_of_the_jungle|wh2_dlc17_lzd_oxyotl|wh2_main_lzd_hexoatl|wh2_main_lzd_itza|wh2_main_lzd_last_defenders|wh2_main_lzd_tlaqua,false,true,true,false,false,true,,,wh2_dlc12_skill_node_set_lzd_lord_kroak,,1,wizard,false,false,,,,wh2_main_skill_node_lzd_lord_kroak_discipline_2_3,wh2_main_skill_lzd_disciplines_higher_state_of_consciousness,Higher State of Consciousness,"Everywhere we shine, death and life burn into something new…",character_barrier.png,3,2,0,0,true,19,1,1,Higher State of Consciousness,"Everywhere we shine, death and life burn into something new…",19,x,,,,,,,,,,,,,,,,,,,,,,,,,,,,,,,,,,,,character_skill_level_details_tables,wh2_main_skill_lzd_disciplines_higher_state_of_consciousness|1|||
effect,warhammer_3,8.1.1,24237342,Lizardmen,lizardmen,wh2_main_sc_lzd_lizardmen,Lord Kroak,Lord_Kroak,hero,wh2_dlc12_lzd_lord_kroak,wizard,wizard,wh2_dlc12_lzd_cult_of_sotek|wh2_dlc13_lzd_spirits_of_the_jungle|wh2_dlc17_lzd_oxyotl|wh2_main_lzd_hexoatl|wh2_main_lzd_itza|wh2_main_lzd_last_defenders|wh2_main_lzd_tlaqua,false,true,true,false,false,true,,,wh2_dlc12_skill_node_set_lzd_lord_kroak,,1,wizard,false,false,,,,wh2_main_skill_node_lzd_lord_kroak_discipline_2_3,wh2_main_skill_lzd_disciplines_higher_state_of_consciousness,Higher State of Consciousness,"Everywhere we shine, death and life burn into something new…",character_barrier.png,3,2,0,0,true,19,1,1,Higher State of Consciousness,"Everywhere we shine, death and life burn into something new…",,,,,,wh3_main_effect_battle_barrier_replenish_delay_mod,Barrier replenishment delay: %+n%,,character_to_character_own,-50,battle,92,false,barrier.png,barrier.png,,,,,,,,,,,,,,,,,,,,,,,character_skill_level_to_effects_junctions_tables,wh2_main_skill_lzd_disciplines_higher_state_of_consciousness|wh3_main_effect_battle_barrier_replenish_delay_mod|1|character_to_character_own
node,warhammer_3,8.1.1,24237342,Lizardmen,lizardmen,wh2_main_sc_lzd_lizardmen,Lord Kroak,Lord_Kroak,hero,wh2_dlc12_lzd_lord_kroak,wizard,wizard,wh2_dlc12_lzd_cult_of_sotek|wh2_dlc13_lzd_spirits_of_the_jungle|wh2_dlc17_lzd_oxyotl|wh2_main_lzd_hexoatl|wh2_main_lzd_itza|wh2_main_lzd_last_defenders|wh2_main_lzd_tlaqua,false,true,true,false,false,true,,,wh2_dlc12_skill_node_set_lzd_lord_kroak,,1,wizard,false,false,,,,wh2_main_skill_node_lzd_lord_kroak_magic_3,wh2_dlc14_skilll_all_magic_all_greater_arcane_conduit,Greater Arcane Conduit,,wh_main_character_abilities_arcane_conduit.png,3,3,0,1,true,0,1,,,,,,,,,,,,,,,,,,,,,,,,,,,,,,,,,,,,,,,,,character_skill_nodes_tables,wh2_main_skill_node_lzd_lord_kroak_magic_3
effect,warhammer_3,8.1.1,24237342,Lizardmen,lizardmen,wh2_main_sc_lzd_lizardmen,Lord Kroak,Lord_Kroak,hero,wh2_dlc12_lzd_lord_kroak,wizard,wizard,wh2_dlc12_lzd_cult_of_sotek|wh2_dlc13_lzd_spirits_of_the_jungle|wh2_dlc17_lzd_oxyotl|wh2_main_lzd_hexoatl|wh2_main_lzd_itza|wh2_main_lzd_last_defenders|wh2_main_lzd_tlaqua,false,true,true,false,false,true,,,wh2_dlc12_skill_node_set_lzd_lord_kroak,,1,wizard,false,false,,,,wh2_main_skill_node_lzd_lord_kroak_magic_3,wh2_dlc14_skilll_all_magic_all_greater_arcane_conduit,Greater Arcane Conduit,,wh_main_character_abilities_arcane_conduit.png,3,3,0,1,true,0,1,1,Greater Arcane Conduit,,,,,,,wh_dlc08_effect_ability_enable_greater_arcane_conduit,"Passive ability: ""Greater Arcane Conduit""",,character_to_character_own,1,battle,310,true,general_ability.png,general_ability.png,,,,,,,,,,,,,,,,,,,,,,,character_skill_level_to_effects_junctions_tables,wh2_dlc14_skilll_all_magic_all_greater_arcane_conduit|wh_dlc08_effect_ability_enable_greater_arcane_conduit|1|character_to_character_own
node,warhammer_3,8.1.1,24237342,Lizardmen,lizardmen,wh2_main_sc_lzd_lizardmen,Lord Kroak,Lord_Kroak,hero,wh2_dlc12_lzd_lord_kroak,wizard,wizard,wh2_dlc12_lzd_cult_of_sotek|wh2_dlc13_lzd_spirits_of_the_jungle|wh2_dlc17_lzd_oxyotl|wh2_main_lzd_hexoatl|wh2_main_lzd_itza|wh2_main_lzd_last_defenders|wh2_main_lzd_tlaqua,false,true,true,false,false,true,,,wh2_dlc12_skill_node_set_lzd_lord_kroak,,1,wizard,false,false,,,,wh2_main_skill_node_lzd_lord_kroak_campaign_3,wh2_main_skill_all_hero_passive_boost_income,{{tr:agent_action_name_boost_income}},"Such magic-users may be wise and able to offer sage advice, especially if they have scried the region.",campaign_military_spending.png,3,5,0,0,true,0,3,,,,,,,,,,,,,,,,,,,,,,,,,,,,,,,,,,,,,,,,,character_skill_nodes_tables,wh2_main_skill_node_lzd_lord_kroak_campaign_3
skill_level,warhammer_3,8.1.1,24237342,Lizardmen,lizardmen,wh2_main_sc_lzd_lizardmen,Lord Kroak,Lord_Kroak,hero,wh2_dlc12_lzd_lord_kroak,wizard,wizard,wh2_dlc12_lzd_cult_of_sotek|wh2_dlc13_lzd_spirits_of_the_jungle|wh2_dlc17_lzd_oxyotl|wh2_main_lzd_hexoatl|wh2_main_lzd_itza|wh2_main_lzd_last_defenders|wh2_main_lzd_tlaqua,false,true,true,false,false,true,,,wh2_dlc12_skill_node_set_lzd_lord_kroak,,1,wizard,false,false,,,,wh2_main_skill_node_lzd_lord_kroak_campaign_3,wh2_main_skill_all_hero_passive_boost_income,{{tr:agent_action_name_boost_income}},"Such magic-users may be wise and able to offer sage advice, especially if they have scried the region.",campaign_military_spending.png,3,5,0,0,true,0,3,2,{{tr:agent_action_name_boost_income}},"Such magic-users may be wise and able to offer sage advice, especially if they have scried the region.",4,x,,,,,,,,,,,,,,,,,,,,,,,,,,,,,,,,,,,,character_skill_level_details_tables,wh2_main_skill_all_hero_passive_boost_income|2|||
skill_level,warhammer_3,8.1.1,24237342,Lizardmen,lizardmen,wh2_main_sc_lzd_lizardmen,Lord Kroak,Lord_Kroak,hero,wh2_dlc12_lzd_lord_kroak,wizard,wizard,wh2_dlc12_lzd_cult_of_sotek|wh2_dlc13_lzd_spirits_of_the_jungle|wh2_dlc17_lzd_oxyotl|wh2_main_lzd_hexoatl|wh2_main_lzd_itza|wh2_main_lzd_last_defenders|wh2_main_lzd_tlaqua,false,true,true,false,false,true,,,wh2_dlc12_skill_node_set_lzd_lord_kroak,,1,wizard,false,false,,,,wh2_main_skill_node_lzd_lord_kroak_campaign_3,wh2_main_skill_all_hero_passive_boost_income,{{tr:agent_action_name_boost_income}},"Such magic-users may be wise and able to offer sage advice, especially if they have scried the region.",campaign_military_spending.png,3,5,0,0,true,0,3,3,{{tr:agent_action_name_boost_income}},"Such magic-users may be wise and able to offer sage advice, especially if they have scried the region.",9,x,,,,,,,,,,,,,,,,,,,,,,,,,,,,,,,,,,,,character_skill_level_details_tables,wh2_main_skill_all_hero_passive_boost_income|3|||
effect,warhammer_3,8.1.1,24237342,Lizardmen,lizardmen,wh2_main_sc_lzd_lizardmen,Lord Kroak,Lord_Kroak,hero,wh2_dlc12_lzd_lord_kroak,wizard,wizard,wh2_dlc12_lzd_cult_of_sotek|wh2_dlc13_lzd_spirits_of_the_jungle|wh2_dlc17_lzd_oxyotl|wh2_main_lzd_hexoatl|wh2_main_lzd_itza|wh2_main_lzd_last_defenders|wh2_main_lzd_tlaqua,false,true,true,false,false,true,,,wh2_dlc12_skill_node_set_lzd_lord_kroak,,1,wizard,false,false,,,,wh2_main_skill_node_lzd_lord_kroak_campaign_3,wh2_main_skill_all_hero_passive_boost_income,{{tr:agent_action_name_boost_income}},"Such magic-users may be wise and able to offer sage advice, especially if they have scried the region.",campaign_military_spending.png,3,5,0,0,true,0,3,1,{{tr:agent_action_name_boost_income}},"Such magic-users may be wise and able to offer sage advice, especially if they have scried the region.",,,,,,wh2_main_effect_agent_action_passive_boost_income_buff,[[col:yellow]]{{tr:agent_action_name_boost_income}}[[/col]] action: Income is modified by an additional %n%,[[col:yellow]]{{tr:agent_action_name_boost_income}}[[/col]] (Constant Local Effect)\\nIncreases the income generated by buildings in the local province (reduces in enemy provinces).,character_to_character_own,2,campaign,8,true,income.png,income.png,,,,,,,,,,,,,,,,,,,,,,,character_skill_level_to_effects_junctions_tables,wh2_main_skill_all_hero_passive_boost_income|wh2_main_effect_agent_action_passive_boost_income_buff|1|character_to_character_own
effect,warhammer_3,8.1.1,24237342,Lizardmen,lizardmen,wh2_main_sc_lzd_lizardmen,Lord Kroak,Lord_Kroak,hero,wh2_dlc12_lzd_lord_kroak,wizard,wizard,wh2_dlc12_lzd_cult_of_sotek|wh2_dlc13_lzd_spirits_of_the_jungle|wh2_dlc17_lzd_oxyotl|wh2_main_lzd_hexoatl|wh2_main_lzd_itza|wh2_main_lzd_last_defenders|wh2_main_lzd_tlaqua,false,true,true,false,false,true,,,wh2_dlc12_skill_node_set_lzd_lord_kroak,,1,wizard,false,false,,,,wh2_main_skill_node_lzd_lord_kroak_campaign_3,wh2_main_skill_all_hero_passive_boost_income,{{tr:agent_action_name_boost_income}},"Such magic-users may be wise and able to offer sage advice, especially if they have scried the region.",campaign_military_spending.png,3,5,0,0,true,0,3,1,{{tr:agent_action_name_boost_income}},"Such magic-users may be wise and able to offer sage advice, especially if they have scried the region.",,,,,,wh2_main_effect_agent_action_passive_boost_income_effect_negative,Income from all buildings: %+n%,,character_to_region_enemy_provincewide,-2,campaign,0,true,income.png,income.png,,,,,,,,,,,,,,,,,,,,,,,character_skill_level_to_effects_junctions_tables,wh2_main_skill_all_hero_passive_boost_income|wh2_main_effect_agent_action_passive_boost_income_effect_negative|1|character_to_region_enemy_provincewide
effect,warhammer_3,8.1.1,24237342,Lizardmen,lizardmen,wh2_main_sc_lzd_lizardmen,Lord Kroak,Lord_Kroak,hero,wh2_dlc12_lzd_lord_kroak,wizard,wizard,wh2_dlc12_lzd_cult_of_sotek|wh2_dlc13_lzd_spirits_of_the_jungle|wh2_dlc17_lzd_oxyotl|wh2_main_lzd_hexoatl|wh2_main_lzd_itza|wh2_main_lzd_last_defenders|wh2_main_lzd_tlaqua,false,true,true,false,false,true,,,wh2_dlc12_skill_node_set_lzd_lord_kroak,,1,wizard,false,false,,,,wh2_main_skill_node_lzd_lord_kroak_campaign_3,wh2_main_skill_all_hero_passive_boost_income,{{tr:agent_action_name_boost_income}},"Such magic-users may be wise and able to offer sage advice, especially if they have scried the region.",campaign_military_spending.png,3,5,0,0,true,0,3,1,{{tr:agent_action_name_boost_income}},"Such magic-users may be wise and able to offer sage advice, especially if they have scried the region.",,,,,,wh2_main_effect_agent_action_passive_boost_income_effect_positive,Income from all buildings: %+n%,,character_to_region_own_provincewide,2,campaign,0,true,income.png,income.png,,,,,,,,,,,,,,,,,,,,,,,character_skill_level_to_effects_junctions_tables,wh2_main_skill_all_hero_passive_boost_income|wh2_main_effect_agent_action_passive_boost_income_effect_positive|1|character_to_region_own_provincewide
effect,warhammer_3,8.1.1,24237342,Lizardmen,lizardmen,wh2_main_sc_lzd_lizardmen,Lord Kroak,Lord_Kroak,hero,wh2_dlc12_lzd_lord_kroak,wizard,wizard,wh2_dlc12_lzd_cult_of_sotek|wh2_dlc13_lzd_spirits_of_the_jungle|wh2_dlc17_lzd_oxyotl|wh2_main_lzd_hexoatl|wh2_main_lzd_itza|wh2_main_lzd_last_defenders|wh2_main_lzd_tlaqua,false,true,true,false,false,true,,,wh2_dlc12_skill_node_set_lzd_lord_kroak,,1,wizard,false,false,,,,wh2_main_skill_node_lzd_lord_kroak_campaign_3,wh2_main_skill_all_hero_passive_boost_income,{{tr:agent_action_name_boost_income}},"Such magic-users may be wise and able to offer sage advice, especially if they have scried the region.",campaign_military_spending.png,3,5,0,0,true,0,3,2,{{tr:agent_action_name_boost_income}},"Such magic-users may be wise and able to offer sage advice, especially if they have scried the region.",,,,,,wh2_main_effect_agent_action_passive_boost_income_buff,[[col:yellow]]{{tr:agent_action_name_boost_income}}[[/col]] action: Income is modified by an additional %n%,[[col:yellow]]{{tr:agent_action_name_boost_income}}[[/col]] (Constant Local Effect)\\nIncreases the income generated by buildings in the local province (reduces in enemy provinces).,character_to_character_own,4,campaign,8,true,income.png,income.png,,,,,,,,,,,,,,,,,,,,,,,character_skill_level_to_effects_junctions_tables,wh2_main_skill_all_hero_passive_boost_income|wh2_main_effect_agent_action_passive_boost_income_buff|2|character_to_character_own
effect,warhammer_3,8.1.1,24237342,Lizardmen,lizardmen,wh2_main_sc_lzd_lizardmen,Lord Kroak,Lord_Kroak,hero,wh2_dlc12_lzd_lord_kroak,wizard,wizard,wh2_dlc12_lzd_cult_of_sotek|wh2_dlc13_lzd_spirits_of_the_jungle|wh2_dlc17_lzd_oxyotl|wh2_main_lzd_hexoatl|wh2_main_lzd_itza|wh2_main_lzd_last_defenders|wh2_main_lzd_tlaqua,false,true,true,false,false,true,,,wh2_dlc12_skill_node_set_lzd_lord_kroak,,1,wizard,false,false,,,,wh2_main_skill_node_lzd_lord_kroak_campaign_3,wh2_main_skill_all_hero_passive_boost_income,{{tr:agent_action_name_boost_income}},"Such magic-users may be wise and able to offer sage advice, especially if they have scried the region.",campaign_military_spending.png,3,5,0,0,true,0,3,2,{{tr:agent_action_name_boost_income}},"Such magic-users may be wise and able to offer sage advice, especially if they have scried the region.",,,,,,wh2_main_effect_agent_action_passive_boost_income_effect_negative,Income from all buildings: %+n%,,character_to_region_enemy_provincewide,-4,campaign,0,true,income.png,income.png,,,,,,,,,,,,,,,,,,,,,,,character_skill_level_to_effects_junctions_tables,wh2_main_skill_all_hero_passive_boost_income|wh2_main_effect_agent_action_passive_boost_income_effect_negative|2|character_to_region_enemy_provincewide
effect,warhammer_3,8.1.1,24237342,Lizardmen,lizardmen,wh2_main_sc_lzd_lizardmen,Lord Kroak,Lord_Kroak,hero,wh2_dlc12_lzd_lord_kroak,wizard,wizard,wh2_dlc12_lzd_cult_of_sotek|wh2_dlc13_lzd_spirits_of_the_jungle|wh2_dlc17_lzd_oxyotl|wh2_main_lzd_hexoatl|wh2_main_lzd_itza|wh2_main_lzd_last_defenders|wh2_main_lzd_tlaqua,false,true,true,false,false,true,,,wh2_dlc12_skill_node_set_lzd_lord_kroak,,1,wizard,false,false,,,,wh2_main_skill_node_lzd_lord_kroak_campaign_3,wh2_main_skill_all_hero_passive_boost_income,{{tr:agent_action_name_boost_income}},"Such magic-users may be wise and able to offer sage advice, especially if they have scried the region.",campaign_military_spending.png,3,5,0,0,true,0,3,2,{{tr:agent_action_name_boost_income}},"Such magic-users may be wise and able to offer sage advice, especially if they have scried the region.",,,,,,wh2_main_effect_agent_action_passive_boost_income_effect_positive,Income from all buildings: %+n%,,character_to_region_own_provincewide,4,campaign,0,true,income.png,income.png,,,,,,,,,,,,,,,,,,,,,,,character_skill_level_to_effects_junctions_tables,wh2_main_skill_all_hero_passive_boost_income|wh2_main_effect_agent_action_passive_boost_income_effect_positive|2|character_to_region_own_provincewide
effect,warhammer_3,8.1.1,24237342,Lizardmen,lizardmen,wh2_main_sc_lzd_lizardmen,Lord Kroak,Lord_Kroak,hero,wh2_dlc12_lzd_lord_kroak,wizard,wizard,wh2_dlc12_lzd_cult_of_sotek|wh2_dlc13_lzd_spirits_of_the_jungle|wh2_dlc17_lzd_oxyotl|wh2_main_lzd_hexoatl|wh2_main_lzd_itza|wh2_main_lzd_last_defenders|wh2_main_lzd_tlaqua,false,true,true,false,false,true,,,wh2_dlc12_skill_node_set_lzd_lord_kroak,,1,wizard,false,false,,,,wh2_main_skill_node_lzd_lord_kroak_campaign_3,wh2_main_skill_all_hero_passive_boost_income,{{tr:agent_action_name_boost_income}},"Such magic-users may be wise and able to offer sage advice, especially if they have scried the region.",campaign_military_spending.png,3,5,0,0,true,0,3,3,{{tr:agent_action_name_boost_income}},"Such magic-users may be wise and able to offer sage advice, especially if they have scried the region.",,,,,,wh2_main_effect_agent_action_passive_boost_income_buff,[[col:yellow]]{{tr:agent_action_name_boost_income}}[[/col]] action: Income is modified by an additional %n%,[[col:yellow]]{{tr:agent_action_name_boost_income}}[[/col]] (Constant Local Effect)\\nIncreases the income generated by buildings in the local province (reduces in enemy provinces).,character_to_character_own,6,campaign,8,true,income.png,income.png,,,,,,,,,,,,,,,,,,,,,,,character_skill_level_to_effects_junctions_tables,wh2_main_skill_all_hero_passive_boost_income|wh2_main_effect_agent_action_passive_boost_income_buff|3|character_to_character_own
effect,warhammer_3,8.1.1,24237342,Lizardmen,lizardmen,wh2_main_sc_lzd_lizardmen,Lord Kroak,Lord_Kroak,hero,wh2_dlc12_lzd_lord_kroak,wizard,wizard,wh2_dlc12_lzd_cult_of_sotek|wh2_dlc13_lzd_spirits_of_the_jungle|wh2_dlc17_lzd_oxyotl|wh2_main_lzd_hexoatl|wh2_main_lzd_itza|wh2_main_lzd_last_defenders|wh2_main_lzd_tlaqua,false,true,true,false,false,true,,,wh2_dlc12_skill_node_set_lzd_lord_kroak,,1,wizard,false,false,,,,wh2_main_skill_node_lzd_lord_kroak_campaign_3,wh2_main_skill_all_hero_passive_boost_income,{{tr:agent_action_name_boost_income}},"Such magic-users may be wise and able to offer sage advice, especially if they have scried the region.",campaign_military_spending.png,3,5,0,0,true,0,3,3,{{tr:agent_action_name_boost_income}},"Such magic-users may be wise and able to offer sage advice, especially if they have scried the region.",,,,,,wh2_main_effect_agent_action_passive_boost_income_effect_negative,Income from all buildings: %+n%,,character_to_region_enemy_provincewide,-6,campaign,0,true,income.png,income.png,,,,,,,,,,,,,,,,,,,,,,,character_skill_level_to_effects_junctions_tables,wh2_main_skill_all_hero_passive_boost_income|wh2_main_effect_agent_action_passive_boost_income_effect_negative|3|character_to_region_enemy_provincewide
effect,warhammer_3,8.1.1,24237342,Lizardmen,lizardmen,wh2_main_sc_lzd_lizardmen,Lord Kroak,Lord_Kroak,hero,wh2_dlc12_lzd_lord_kroak,wizard,wizard,wh2_dlc12_lzd_cult_of_sotek|wh2_dlc13_lzd_spirits_of_the_jungle|wh2_dlc17_lzd_oxyotl|wh2_main_lzd_hexoatl|wh2_main_lzd_itza|wh2_main_lzd_last_defenders|wh2_main_lzd_tlaqua,false,true,true,false,false,true,,,wh2_dlc12_skill_node_set_lzd_lord_kroak,,1,wizard,false,false,,,,wh2_main_skill_node_lzd_lord_kroak_campaign_3,wh2_main_skill_all_hero_passive_boost_income,{{tr:agent_action_name_boost_income}},"Such magic-users may be wise and able to offer sage advice, especially if they have scried the region.",campaign_military_spending.png,3,5,0,0,true,0,3,3,{{tr:agent_action_name_boost_income}},"Such magic-users may be wise and able to offer sage advice, especially if they have scried the region.",,,,,,wh2_main_effect_agent_action_passive_boost_income_effect_positive,Income from all buildings: %+n%,,character_to_region_own_provincewide,6,campaign,0,true,income.png,income.png,,,,,,,,,,,,,,,,,,,,,,,character_skill_level_to_effects_junctions_tables,wh2_main_skill_all_hero_passive_boost_income|wh2_main_effect_agent_action_passive_boost_income_effect_positive|3|character_to_region_own_provincewide
node,warhammer_3,8.1.1,24237342,Lizardmen,lizardmen,wh2_main_sc_lzd_lizardmen,Lord Kroak,Lord_Kroak,hero,wh2_dlc12_lzd_lord_kroak,wizard,wizard,wh2_dlc12_lzd_cult_of_sotek|wh2_dlc13_lzd_spirits_of_the_jungle|wh2_dlc17_lzd_oxyotl|wh2_main_lzd_hexoatl|wh2_main_lzd_itza|wh2_main_lzd_last_defenders|wh2_main_lzd_tlaqua,false,true,true,false,false,true,,,wh2_dlc12_skill_node_set_lzd_lord_kroak,,1,wizard,false,false,,,,wh2_main_skill_node_lzd_lord_kroak_unique_4,wh2_dlc12_skill_lzd_kroak_campaign_irrepressible,Irrepressible,You cannot kill what's already dead.,campaign_wound_time.png,4,0,0,0,true,14,1,,,,,,,,,,,,,,,,,,,,,,,,,,,,,,,,,,,,,,,,,character_skill_nodes_tables,wh2_main_skill_node_lzd_lord_kroak_unique_4
skill_level,warhammer_3,8.1.1,24237342,Lizardmen,lizardmen,wh2_main_sc_lzd_lizardmen,Lord Kroak,Lord_Kroak,hero,wh2_dlc12_lzd_lord_kroak,wizard,wizard,wh2_dlc12_lzd_cult_of_sotek|wh2_dlc13_lzd_spirits_of_the_jungle|wh2_dlc17_lzd_oxyotl|wh2_main_lzd_hexoatl|wh2_main_lzd_itza|wh2_main_lzd_last_defenders|wh2_main_lzd_tlaqua,false,true,true,false,false,true,,,wh2_dlc12_skill_node_set_lzd_lord_kroak,,1,wizard,false,false,,,,wh2_main_skill_node_lzd_lord_kroak_unique_4,wh2_dlc12_skill_lzd_kroak_campaign_irrepressible,Irrepressible,You cannot kill what's already dead.,campaign_wound_time.png,4,0,0,0,true,14,1,1,Irrepressible,You cannot kill what's already dead.,14,x,,,,,,,,,,,,,,,,,,,,,,,,,,,,,,,,,,,,character_skill_level_details_tables,wh2_dlc12_skill_lzd_kroak_campaign_irrepressible|1|||
effect,warhammer_3,8.1.1,24237342,Lizardmen,lizardmen,wh2_main_sc_lzd_lizardmen,Lord Kroak,Lord_Kroak,hero,wh2_dlc12_lzd_lord_kroak,wizard,wizard,wh2_dlc12_lzd_cult_of_sotek|wh2_dlc13_lzd_spirits_of_the_jungle|wh2_dlc17_lzd_oxyotl|wh2_main_lzd_hexoatl|wh2_main_lzd_itza|wh2_main_lzd_last_defenders|wh2_main_lzd_tlaqua,false,true,true,false,false,true,,,wh2_dlc12_skill_node_set_lzd_lord_kroak,,1,wizard,false,false,,,,wh2_main_skill_node_lzd_lord_kroak_unique_4,wh2_dlc12_skill_lzd_kroak_campaign_irrepressible,Irrepressible,You cannot kill what's already dead.,campaign_wound_time.png,4,0,0,0,true,14,1,1,Irrepressible,You cannot kill what's already dead.,,,,,,wh_main_effect_character_wound_recovery_time_mod,Wound recovery time: %+n turns,,character_to_character_own,-5,campaign,101,false,wound_time.png,wound_time.png,,,,,,,,,,,,,,,,,,,,,,,character_skill_level_to_effects_junctions_tables,wh2_dlc12_skill_lzd_kroak_campaign_irrepressible|wh_main_effect_character_wound_recovery_time_mod|1|character_to_character_own
node,warhammer_3,8.1.1,24237342,Lizardmen,lizardmen,wh2_main_sc_lzd_lizardmen,Lord Kroak,Lord_Kroak,hero,wh2_dlc12_lzd_lord_kroak,wizard,wizard,wh2_dlc12_lzd_cult_of_sotek|wh2_dlc13_lzd_spirits_of_the_jungle|wh2_dlc17_lzd_oxyotl|wh2_main_lzd_hexoatl|wh2_main_lzd_itza|wh2_main_lzd_last_defenders|wh2_main_lzd_tlaqua,false,true,true,false,false,true,,,wh2_dlc12_skill_node_set_lzd_lord_kroak,,1,wizard,false,false,,,,wh2_main_skill_node_lzd_lord_kroak_magic_4,wh_main_skill_all_magic_heavens_03_rolling_skies,Roiling Skies,,wh_main_lore_passive_roiling_skies.png,4,3,0,1,true,0,1,,,,,,,,,,,,,,,,,,,,,,,,,,,,,,,,,,,,,,,,,character_skill_nodes_tables,wh2_main_skill_node_lzd_lord_kroak_magic_4
effect,warhammer_3,8.1.1,24237342,Lizardmen,lizardmen,wh2_main_sc_lzd_lizardmen,Lord Kroak,Lord_Kroak,hero,wh2_dlc12_lzd_lord_kroak,wizard,wizard,wh2_dlc12_lzd_cult_of_sotek|wh2_dlc13_lzd_spirits_of_the_jungle|wh2_dlc17_lzd_oxyotl|wh2_main_lzd_hexoatl|wh2_main_lzd_itza|wh2_main_lzd_last_defenders|wh2_main_lzd_tlaqua,false,true,true,false,false,true,,,wh2_dlc12_skill_node_set_lzd_lord_kroak,,1,wizard,false,false,,,,wh2_main_skill_node_lzd_lord_kroak_magic_4,wh_main_skill_all_magic_heavens_03_rolling_skies,Roiling Skies,,wh_main_lore_passive_roiling_skies.png,4,3,0,1,true,0,1,1,Roiling Skies,,,,,,,wh_main_effect_ability_enable_roiling_skies,"Passive ability: ""Roiling Skies""",,character_to_character_own,1,battle,310,true,general_ability.png,general_ability.png,,,,,,,,,,,,,,,,,,,,,,,character_skill_level_to_effects_junctions_tables,wh_main_skill_all_magic_heavens_03_rolling_skies|wh_main_effect_ability_enable_roiling_skies|1|character_to_character_own
node,warhammer_3,8.1.1,24237342,Lizardmen,lizardmen,wh2_main_sc_lzd_lizardmen,Lord Kroak,Lord_Kroak,hero,wh2_dlc12_lzd_lord_kroak,wizard,wizard,wh2_dlc12_lzd_cult_of_sotek|wh2_dlc13_lzd_spirits_of_the_jungle|wh2_dlc17_lzd_oxyotl|wh2_main_lzd_hexoatl|wh2_main_lzd_itza|wh2_main_lzd_last_defenders|wh2_main_lzd_tlaqua,false,true,true,false,false,true,,,wh2_dlc12_skill_node_set_lzd_lord_kroak,,1,wizard,false,false,,,,wh2_main_skill_node_lzd_lord_kroak_campaign_4,wh2_dlc12_skill_lzd_lord_kroak_colossal_deliverance,Colossal Deliverance,Mere walls cannot prevent Kroak from reaching his target.,campaign_siege_attack.png,4,5,0,0,true,9,1,,,,,,,,,,,,,,,,,,,,,,,,,,,,,,,,,,,,,,,,,character_skill_nodes_tables,wh2_main_skill_node_lzd_lord_kroak_campaign_4
skill_level,warhammer_3,8.1.1,24237342,Lizardmen,lizardmen,wh2_main_sc_lzd_lizardmen,Lord Kroak,Lord_Kroak,hero,wh2_dlc12_lzd_lord_kroak,wizard,wizard,wh2_dlc12_lzd_cult_of_sotek|wh2_dlc13_lzd_spirits_of_the_jungle|wh2_dlc17_lzd_oxyotl|wh2_main_lzd_hexoatl|wh2_main_lzd_itza|wh2_main_lzd_last_defenders|wh2_main_lzd_tlaqua,false,true,true,false,false,true,,,wh2_dlc12_skill_node_set_lzd_lord_kroak,,1,wizard,false,false,,,,wh2_main_skill_node_lzd_lord_kroak_campaign_4,wh2_dlc12_skill_lzd_lord_kroak_colossal_deliverance,Colossal Deliverance,Mere walls cannot prevent Kroak from reaching his target.,campaign_siege_attack.png,4,5,0,0,true,9,1,1,Colossal Deliverance,Mere walls cannot prevent Kroak from reaching his target.,9,x,,,,,,,,,,,,,,,,,,,,,,,,,,,,,,,,,,,,character_skill_level_details_tables,wh2_dlc12_skill_lzd_lord_kroak_colossal_deliverance|1|||
effect,warhammer_3,8.1.1,24237342,Lizardmen,lizardmen,wh2_main_sc_lzd_lizardmen,Lord Kroak,Lord_Kroak,hero,wh2_dlc12_lzd_lord_kroak,wizard,wizard,wh2_dlc12_lzd_cult_of_sotek|wh2_dlc13_lzd_spirits_of_the_jungle|wh2_dlc17_lzd_oxyotl|wh2_main_lzd_hexoatl|wh2_main_lzd_itza|wh2_main_lzd_last_defenders|wh2_main_lzd_tlaqua,false,true,true,false,false,true,,,wh2_dlc12_skill_node_set_lzd_lord_kroak,,1,wizard,false,false,,,,wh2_main_skill_node_lzd_lord_kroak_campaign_4,wh2_dlc12_skill_lzd_lord_kroak_colossal_deliverance,Colossal Deliverance,Mere walls cannot prevent Kroak from reaching his target.,campaign_siege_attack.png,4,5,0,0,true,9,1,1,Colossal Deliverance,Mere walls cannot prevent Kroak from reaching his target.,,,,,,wh2_dlc12_effect_agent_action_enable_kroak_hinder_settlement_lord_kroak_colossal_deliverance,Unlocks [[img:icon_hero]][[/img]]Hero action: [[col:yellow]]{{tr:agent_action_name_colossal_deliverance}}[[/col]],[[col:yellow]]{{tr:agent_action_name_colossal_deliverance}}[[/col]] (Target: Settlement)\\nDamages the walls of the target settlement.,character_to_character_own,1,campaign,10,true,siege_attack.png,siege_attack.png,,,,,,,,,,,,,,,,,,,,,,,character_skill_level_to_effects_junctions_tables,wh2_dlc12_skill_lzd_lord_kroak_colossal_deliverance|wh2_dlc12_effect_agent_action_enable_kroak_hinder_settlement_lord_kroak_colossal_deliverance|1|character_to_character_own
node,warhammer_3,8.1.1,24237342,Lizardmen,lizardmen,wh2_main_sc_lzd_lizardmen,Lord Kroak,Lord_Kroak,hero,wh2_dlc12_lzd_lord_kroak,wizard,wizard,wh2_dlc12_lzd_cult_of_sotek|wh2_dlc13_lzd_spirits_of_the_jungle|wh2_dlc17_lzd_oxyotl|wh2_main_lzd_hexoatl|wh2_main_lzd_itza|wh2_main_lzd_last_defenders|wh2_main_lzd_tlaqua,false,true,true,false,false,true,,,wh2_dlc12_skill_node_set_lzd_lord_kroak,,1,wizard,false,false,,,,wh2_main_skill_node_lzd_lord_kroak_generic_0,wh2_main_skill_lzd_telekinesis,Telekinesis,The power to move objects without touching them makes missiles attacks against this one largely pointless.,character_ward_save.png,5,0,0,0,true,7,1,,,,,,,,,,,,,,,,,,,,,,,,,,,,,,,,,,,,,,,,,character_skill_nodes_tables,wh2_main_skill_node_lzd_lord_kroak_generic_0
skill_level,warhammer_3,8.1.1,24237342,Lizardmen,lizardmen,wh2_main_sc_lzd_lizardmen,Lord Kroak,Lord_Kroak,hero,wh2_dlc12_lzd_lord_kroak,wizard,wizard,wh2_dlc12_lzd_cult_of_sotek|wh2_dlc13_lzd_spirits_of_the_jungle|wh2_dlc17_lzd_oxyotl|wh2_main_lzd_hexoatl|wh2_main_lzd_itza|wh2_main_lzd_last_defenders|wh2_main_lzd_tlaqua,false,true,true,false,false,true,,,wh2_dlc12_skill_node_set_lzd_lord_kroak,,1,wizard,false,false,,,,wh2_main_skill_node_lzd_lord_kroak_generic_0,wh2_main_skill_lzd_telekinesis,Telekinesis,The power to move objects without touching them makes missiles attacks against this one largely pointless.,character_ward_save.png,5,0,0,0,true,7,1,1,Telekinesis,The power to move objects without touching them makes missiles attacks against this one largely pointless.,7,x,,,,,,,,,,,,,,,,,,,,,,,,,,,,,,,,,,,,character_skill_level_details_tables,wh2_main_skill_lzd_telekinesis|1|||
effect,warhammer_3,8.1.1,24237342,Lizardmen,lizardmen,wh2_main_sc_lzd_lizardmen,Lord Kroak,Lord_Kroak,hero,wh2_dlc12_lzd_lord_kroak,wizard,wizard,wh2_dlc12_lzd_cult_of_sotek|wh2_dlc13_lzd_spirits_of_the_jungle|wh2_dlc17_lzd_oxyotl|wh2_main_lzd_hexoatl|wh2_main_lzd_itza|wh2_main_lzd_last_defenders|wh2_main_lzd_tlaqua,false,true,true,false,false,true,,,wh2_dlc12_skill_node_set_lzd_lord_kroak,,1,wizard,false,false,,,,wh2_main_skill_node_lzd_lord_kroak_generic_0,wh2_main_skill_lzd_telekinesis,Telekinesis,The power to move objects without touching them makes missiles attacks against this one largely pointless.,character_ward_save.png,5,0,0,0,true,7,1,1,Telekinesis,The power to move objects without touching them makes missiles attacks against this one largely pointless.,,,,,,wh_main_effect_character_stat_missile_resistance,Missile resistance: %n%,"Missile Resistance. Damage of missile attacks is reduced by this amount, up to a maximum of 90%",character_to_character_own,15,both,280,true,resistance_missile.png,resistance_missile.png,,,,,,,,,,,,,,,,,,,,,,,character_skill_level_to_effects_junctions_tables,wh2_main_skill_lzd_telekinesis|wh_main_effect_character_stat_missile_resistance|1|character_to_character_own
node,warhammer_3,8.1.1,24237342,Lizardmen,lizardmen,wh2_main_sc_lzd_lizardmen,Lord Kroak,Lord_Kroak,hero,wh2_dlc12_lzd_lord_kroak,wizard,wizard,wh2_dlc12_lzd_cult_of_sotek|wh2_dlc13_lzd_spirits_of_the_jungle|wh2_dlc17_lzd_oxyotl|wh2_main_lzd_hexoatl|wh2_main_lzd_itza|wh2_main_lzd_last_defenders|wh2_main_lzd_tlaqua,false,true,true,false,false,true,,,wh2_dlc12_skill_node_set_lzd_lord_kroak,,1,wizard,false,false,,,,wh2_main_skill_node_lzd_lord_kroak_magic_5,wh_main_skill_all_magic_light_03_exorcism,Exorcism,,wh_main_lore_passive_exorcism.png,5,3,0,1,true,0,1,,,,,,,,,,,,,,,,,,,,,,,,,,,,,,,,,,,,,,,,,character_skill_nodes_tables,wh2_main_skill_node_lzd_lord_kroak_magic_5
effect,warhammer_3,8.1.1,24237342,Lizardmen,lizardmen,wh2_main_sc_lzd_lizardmen,Lord Kroak,Lord_Kroak,hero,wh2_dlc12_lzd_lord_kroak,wizard,wizard,wh2_dlc12_lzd_cult_of_sotek|wh2_dlc13_lzd_spirits_of_the_jungle|wh2_dlc17_lzd_oxyotl|wh2_main_lzd_hexoatl|wh2_main_lzd_itza|wh2_main_lzd_last_defenders|wh2_main_lzd_tlaqua,false,true,true,false,false,true,,,wh2_dlc12_skill_node_set_lzd_lord_kroak,,1,wizard,false,false,,,,wh2_main_skill_node_lzd_lord_kroak_magic_5,wh_main_skill_all_magic_light_03_exorcism,Exorcism,,wh_main_lore_passive_exorcism.png,5,3,0,1,true,0,1,1,Exorcism,,,,,,,wh_main_effect_ability_enable_exorcism,"Passive ability: ""Exorcism""",,character_to_character_own,1,battle,310,true,general_ability.png,general_ability.png,,,,,,,,,,,,,,,,,,,,,,,character_skill_level_to_effects_junctions_tables,wh_main_skill_all_magic_light_03_exorcism|wh_main_effect_ability_enable_exorcism|1|character_to_character_own
node,warhammer_3,8.1.1,24237342,Lizardmen,lizardmen,wh2_main_sc_lzd_lizardmen,Lord Kroak,Lord_Kroak,hero,wh2_dlc12_lzd_lord_kroak,wizard,wizard,wh2_dlc12_lzd_cult_of_sotek|wh2_dlc13_lzd_spirits_of_the_jungle|wh2_dlc17_lzd_oxyotl|wh2_main_lzd_hexoatl|wh2_main_lzd_itza|wh2_main_lzd_last_defenders|wh2_main_lzd_tlaqua,false,true,true,false,false,true,,,wh2_dlc12_skill_node_set_lzd_lord_kroak,,1,wizard,false,false,,,,wh2_main_skill_node_lzd_lord_kroak_campaign_5,wh2_dlc12_skill_lzd_lord_kroak_colossal_deliverance_cooldown,Trancendental State,"After a great act of power and violence, the ability to quickly return to a state of grace is valuable indeed.",campaign_siege_attack.png,5,5,0,0,true,19,1,,,,,,,,,,,,,,,,,,,,,,,,,,,,,,,,,,,,,,,,,character_skill_nodes_tables,wh2_main_skill_node_lzd_lord_kroak_campaign_5
skill_level,warhammer_3,8.1.1,24237342,Lizardmen,lizardmen,wh2_main_sc_lzd_lizardmen,Lord Kroak,Lord_Kroak,hero,wh2_dlc12_lzd_lord_kroak,wizard,wizard,wh2_dlc12_lzd_cult_of_sotek|wh2_dlc13_lzd_spirits_of_the_jungle|wh2_dlc17_lzd_oxyotl|wh2_main_lzd_hexoatl|wh2_main_lzd_itza|wh2_main_lzd_last_defenders|wh2_main_lzd_tlaqua,false,true,true,false,false,true,,,wh2_dlc12_skill_node_set_lzd_lord_kroak,,1,wizard,false,false,,,,wh2_main_skill_node_lzd_lord_kroak_campaign_5,wh2_dlc12_skill_lzd_lord_kroak_colossal_deliverance_cooldown,Trancendental State,"After a great act of power and violence, the ability to quickly return to a state of grace is valuable indeed.",campaign_siege_attack.png,5,5,0,0,true,19,1,1,Trancendental State,"After a great act of power and violence, the ability to quickly return to a state of grace is valuable indeed.",19,x,,,,,,,,,,,,,,,,,,,,,,,,,,,,,,,,,,,,character_skill_level_details_tables,wh2_dlc12_skill_lzd_lord_kroak_colossal_deliverance_cooldown|1|||
effect,warhammer_3,8.1.1,24237342,Lizardmen,lizardmen,wh2_main_sc_lzd_lizardmen,Lord Kroak,Lord_Kroak,hero,wh2_dlc12_lzd_lord_kroak,wizard,wizard,wh2_dlc12_lzd_cult_of_sotek|wh2_dlc13_lzd_spirits_of_the_jungle|wh2_dlc17_lzd_oxyotl|wh2_main_lzd_hexoatl|wh2_main_lzd_itza|wh2_main_lzd_last_defenders|wh2_main_lzd_tlaqua,false,true,true,false,false,true,,,wh2_dlc12_skill_node_set_lzd_lord_kroak,,1,wizard,false,false,,,,wh2_main_skill_node_lzd_lord_kroak_campaign_5,wh2_dlc12_skill_lzd_lord_kroak_colossal_deliverance_cooldown,Trancendental State,"After a great act of power and violence, the ability to quickly return to a state of grace is valuable indeed.",campaign_siege_attack.png,5,5,0,0,true,19,1,1,Trancendental State,"After a great act of power and violence, the ability to quickly return to a state of grace is valuable indeed.",,,,,,wh2_dlc12_effect_agent_action_enable_kroak_hinder_settlement_lord_kroak_colossal_deliverance_cooldown,,,character_to_character_own,1,campaign,0,true,,,,,,,,,,,,,,,,,,,,,,,,,character_skill_level_to_effects_junctions_tables,wh2_dlc12_skill_lzd_lord_kroak_colossal_deliverance_cooldown|wh2_dlc12_effect_agent_action_enable_kroak_hinder_settlement_lord_kroak_colossal_deliverance_cooldown|1|character_to_character_own
effect,warhammer_3,8.1.1,24237342,Lizardmen,lizardmen,wh2_main_sc_lzd_lizardmen,Lord Kroak,Lord_Kroak,hero,wh2_dlc12_lzd_lord_kroak,wizard,wizard,wh2_dlc12_lzd_cult_of_sotek|wh2_dlc13_lzd_spirits_of_the_jungle|wh2_dlc17_lzd_oxyotl|wh2_main_lzd_hexoatl|wh2_main_lzd_itza|wh2_main_lzd_last_defenders|wh2_main_lzd_tlaqua,false,true,true,false,false,true,,,wh2_dlc12_skill_node_set_lzd_lord_kroak,,1,wizard,false,false,,,,wh2_main_skill_node_lzd_lord_kroak_campaign_5,wh2_dlc12_skill_lzd_lord_kroak_colossal_deliverance_cooldown,Trancendental State,"After a great act of power and violence, the ability to quickly return to a state of grace is valuable indeed.",campaign_siege_attack.png,5,5,0,0,true,19,1,1,Trancendental State,"After a great act of power and violence, the ability to quickly return to a state of grace is valuable indeed.",,,,,,wh2_dlc12_effect_agent_action_enable_kroak_hinder_settlement_lord_kroak_colossal_deliverance_cooldown_dummy,Reduces [[col:yellow]]{{tr:agent_action_name_colossal_deliverance}}[[/col]] cooldown time: %+n%,[[col:yellow]]{{tr:agent_action_name_colossal_deliverance}}[[/col]] (Target: Settlement)\\nDamages the walls of the target settlement.,character_to_character_own,-50,campaign,10,false,siege_attack.png,siege_attack.png,,,,,,,,,,,,,,,,,,,,,,,character_skill_level_to_effects_junctions_tables,wh2_dlc12_skill_lzd_lord_kroak_colossal_deliverance_cooldown|wh2_dlc12_effect_agent_action_enable_kroak_hinder_settlement_lord_kroak_colossal_deliverance_cooldown_dummy|1|character_to_character_own
skill_lock,warhammer_3,8.1.1,24237342,Lizardmen,lizardmen,wh2_main_sc_lzd_lizardmen,Lord Kroak,Lord_Kroak,hero,wh2_dlc12_lzd_lord_kroak,wizard,wizard,wh2_dlc12_lzd_cult_of_sotek|wh2_dlc13_lzd_spirits_of_the_jungle|wh2_dlc17_lzd_oxyotl|wh2_main_lzd_hexoatl|wh2_main_lzd_itza|wh2_main_lzd_last_defenders|wh2_main_lzd_tlaqua,false,true,true,false,false,true,,,wh2_dlc12_skill_node_set_lzd_lord_kroak,,1,wizard,false,false,,,,wh2_main_skill_node_lzd_lord_kroak_campaign_5,wh2_dlc12_skill_lzd_lord_kroak_colossal_deliverance_cooldown,Trancendental State,"After a great act of power and violence, the ability to quickly return to a state of grace is valuable indeed.",campaign_siege_attack.png,5,5,0,0,true,19,1,,,,,,,,,,,,,,,,,,,,,,,,,,,,,,,wh2_dlc12_skill_lzd_lord_kroak_ultimate_deliverance,Ultimate Deliverance,1,,,,,,,,character_skill_nodes_skill_locks_tables,wh2_main_skill_node_lzd_lord_kroak_campaign_5|wh2_dlc12_skill_lzd_lord_kroak_ultimate_deliverance|1
node,warhammer_3,8.1.1,24237342,Lizardmen,lizardmen,wh2_main_sc_lzd_lizardmen,Lord Kroak,Lord_Kroak,hero,wh2_dlc12_lzd_lord_kroak,wizard,wizard,wh2_dlc12_lzd_cult_of_sotek|wh2_dlc13_lzd_spirits_of_the_jungle|wh2_dlc17_lzd_oxyotl|wh2_main_lzd_hexoatl|wh2_main_lzd_itza|wh2_main_lzd_last_defenders|wh2_main_lzd_tlaqua,false,true,true,false,false,true,,,wh2_dlc12_skill_node_set_lzd_lord_kroak,,1,wizard,false,false,,,,wh2_main_skill_node_lzd_lord_kroak_generic_1,wh2_main_skill_lzd_protection_of_the_old_ones,Protection of the Old Ones,"Across the gulf of space, the serene Potec has shared the secrets of time so that the Lizardmen may protect themselves against supernatural attack.",character_ward_save.png,6,0,0,0,true,7,1,,,,,,,,,,,,,,,,,,,,,,,,,,,,,,,,,,,,,,,,,character_skill_nodes_tables,wh2_main_skill_node_lzd_lord_kroak_generic_1
skill_level,warhammer_3,8.1.1,24237342,Lizardmen,lizardmen,wh2_main_sc_lzd_lizardmen,Lord Kroak,Lord_Kroak,hero,wh2_dlc12_lzd_lord_kroak,wizard,wizard,wh2_dlc12_lzd_cult_of_sotek|wh2_dlc13_lzd_spirits_of_the_jungle|wh2_dlc17_lzd_oxyotl|wh2_main_lzd_hexoatl|wh2_main_lzd_itza|wh2_main_lzd_last_defenders|wh2_main_lzd_tlaqua,false,true,true,false,false,true,,,wh2_dlc12_skill_node_set_lzd_lord_kroak,,1,wizard,false,false,,,,wh2_main_skill_node_lzd_lord_kroak_generic_1,wh2_main_skill_lzd_protection_of_the_old_ones,Protection of the Old Ones,"Across the gulf of space, the serene Potec has shared the secrets of time so that the Lizardmen may protect themselves against supernatural attack.",character_ward_save.png,6,0,0,0,true,7,1,1,Protection of the Old Ones,"Across the gulf of space, the serene Potec has shared the secrets of time so that the Lizardmen may protect themselves against supernatural attack.",7,x,,,,,,,,,,,,,,,,,,,,,,,,,,,,,,,,,,,,character_skill_level_details_tables,wh2_main_skill_lzd_protection_of_the_old_ones|1|||
effect,warhammer_3,8.1.1,24237342,Lizardmen,lizardmen,wh2_main_sc_lzd_lizardmen,Lord Kroak,Lord_Kroak,hero,wh2_dlc12_lzd_lord_kroak,wizard,wizard,wh2_dlc12_lzd_cult_of_sotek|wh2_dlc13_lzd_spirits_of_the_jungle|wh2_dlc17_lzd_oxyotl|wh2_main_lzd_hexoatl|wh2_main_lzd_itza|wh2_main_lzd_last_defenders|wh2_main_lzd_tlaqua,false,true,true,false,false,true,,,wh2_dlc12_skill_node_set_lzd_lord_kroak,,1,wizard,false,false,,,,wh2_main_skill_node_lzd_lord_kroak_generic_1,wh2_main_skill_lzd_protection_of_the_old_ones,Protection of the Old Ones,"Across the gulf of space, the serene Potec has shared the secrets of time so that the Lizardmen may protect themselves against supernatural attack.",character_ward_save.png,6,0,0,0,true,7,1,1,Protection of the Old Ones,"Across the gulf of space, the serene Potec has shared the secrets of time so that the Lizardmen may protect themselves against supernatural attack.",,,,,,wh_main_effect_character_stat_magic_resistance,Spell resistance: %n%,"Spell Resistance. Damage of [[img:ui/skins/default/modifier_icon_magical.png]][[/img]]spells and magical abilities is reduced by this amount, up to a maximum of 90%",character_to_character_own,10,both,280,true,resistance_magic.png,resistance_magic.png,,,,,,,,,,,,,,,,,,,,,,,character_skill_level_to_effects_junctions_tables,wh2_main_skill_lzd_protection_of_the_old_ones|wh_main_effect_character_stat_magic_resistance|1|character_to_character_own
node,warhammer_3,8.1.1,24237342,Lizardmen,lizardmen,wh2_main_sc_lzd_lizardmen,Lord Kroak,Lord_Kroak,hero,wh2_dlc12_lzd_lord_kroak,wizard,wizard,wh2_dlc12_lzd_cult_of_sotek|wh2_dlc13_lzd_spirits_of_the_jungle|wh2_dlc17_lzd_oxyotl|wh2_main_lzd_hexoatl|wh2_main_lzd_itza|wh2_main_lzd_last_defenders|wh2_main_lzd_tlaqua,false,true,true,false,false,true,,,wh2_dlc12_skill_node_set_lzd_lord_kroak,,1,wizard,false,false,,,,wh2_main_skill_node_lzd_lord_kroak_magic_6,wh2_main_skill_all_magic_high_03_lore_attribute,Shield of Saphery,,wh2_main_lore_passive_shield_of_saphery.png,6,3,0,1,true,0,1,,,,,,,,,,,,,,,,,,,,,,,,,,,,,,,,,,,,,,,,,character_skill_nodes_tables,wh2_main_skill_node_lzd_lord_kroak_magic_6
effect,warhammer_3,8.1.1,24237342,Lizardmen,lizardmen,wh2_main_sc_lzd_lizardmen,Lord Kroak,Lord_Kroak,hero,wh2_dlc12_lzd_lord_kroak,wizard,wizard,wh2_dlc12_lzd_cult_of_sotek|wh2_dlc13_lzd_spirits_of_the_jungle|wh2_dlc17_lzd_oxyotl|wh2_main_lzd_hexoatl|wh2_main_lzd_itza|wh2_main_lzd_last_defenders|wh2_main_lzd_tlaqua,false,true,true,false,false,true,,,wh2_dlc12_skill_node_set_lzd_lord_kroak,,1,wizard,false,false,,,,wh2_main_skill_node_lzd_lord_kroak_magic_6,wh2_main_skill_all_magic_high_03_lore_attribute,Shield of Saphery,,wh2_main_lore_passive_shield_of_saphery.png,6,3,0,1,true,0,1,1,Shield of Saphery,,,,,,,wh2_main_effect_ability_enable_shield_of_saphery,"Passive ability: ""Shield of Saphery""",,character_to_character_own,1,battle,310,true,general_ability.png,general_ability.png,,,,,,,,,,,,,,,,,,,,,,,character_skill_level_to_effects_junctions_tables,wh2_main_skill_all_magic_high_03_lore_attribute|wh2_main_effect_ability_enable_shield_of_saphery|1|character_to_character_own
node,warhammer_3,8.1.1,24237342,Lizardmen,lizardmen,wh2_main_sc_lzd_lizardmen,Lord Kroak,Lord_Kroak,hero,wh2_dlc12_lzd_lord_kroak,wizard,wizard,wh2_dlc12_lzd_cult_of_sotek|wh2_dlc13_lzd_spirits_of_the_jungle|wh2_dlc17_lzd_oxyotl|wh2_main_lzd_hexoatl|wh2_main_lzd_itza|wh2_main_lzd_last_defenders|wh2_main_lzd_tlaqua,false,true,true,false,false,true,,,wh2_dlc12_skill_node_set_lzd_lord_kroak,,1,wizard,false,false,,,,wh2_main_skill_node_lzd_lord_kroak_campaign_6,wh2_dlc12_skill_lzd_lord_kroak_ultimate_deliverance,Ultimate Deliverance,Nothing shall - or could - stand in Kroak's way. Nothing.,campaign_siege_attack.png,6,5,0,0,true,19,1,,,,,,,,,,,,,,,,,,,,,,,,,,,,,,,,,,,,,,,,,character_skill_nodes_tables,wh2_main_skill_node_lzd_lord_kroak_campaign_6
skill_level,warhammer_3,8.1.1,24237342,Lizardmen,lizardmen,wh2_main_sc_lzd_lizardmen,Lord Kroak,Lord_Kroak,hero,wh2_dlc12_lzd_lord_kroak,wizard,wizard,wh2_dlc12_lzd_cult_of_sotek|wh2_dlc13_lzd_spirits_of_the_jungle|wh2_dlc17_lzd_oxyotl|wh2_main_lzd_hexoatl|wh2_main_lzd_itza|wh2_main_lzd_last_defenders|wh2_main_lzd_tlaqua,false,true,true,false,false,true,,,wh2_dlc12_skill_node_set_lzd_lord_kroak,,1,wizard,false,false,,,,wh2_main_skill_node_lzd_lord_kroak_campaign_6,wh2_dlc12_skill_lzd_lord_kroak_ultimate_deliverance,Ultimate Deliverance,Nothing shall - or could - stand in Kroak's way. Nothing.,campaign_siege_attack.png,6,5,0,0,true,19,1,1,Ultimate Deliverance,Nothing shall - or could - stand in Kroak's way. Nothing.,19,x,,,,,,,,,,,,,,,,,,,,,,,,,,,,,,,,,,,,character_skill_level_details_tables,wh2_dlc12_skill_lzd_lord_kroak_ultimate_deliverance|1|||
effect,warhammer_3,8.1.1,24237342,Lizardmen,lizardmen,wh2_main_sc_lzd_lizardmen,Lord Kroak,Lord_Kroak,hero,wh2_dlc12_lzd_lord_kroak,wizard,wizard,wh2_dlc12_lzd_cult_of_sotek|wh2_dlc13_lzd_spirits_of_the_jungle|wh2_dlc17_lzd_oxyotl|wh2_main_lzd_hexoatl|wh2_main_lzd_itza|wh2_main_lzd_last_defenders|wh2_main_lzd_tlaqua,false,true,true,false,false,true,,,wh2_dlc12_skill_node_set_lzd_lord_kroak,,1,wizard,false,false,,,,wh2_main_skill_node_lzd_lord_kroak_campaign_6,wh2_dlc12_skill_lzd_lord_kroak_ultimate_deliverance,Ultimate Deliverance,Nothing shall - or could - stand in Kroak's way. Nothing.,campaign_siege_attack.png,6,5,0,0,true,19,1,1,Ultimate Deliverance,Nothing shall - or could - stand in Kroak's way. Nothing.,,,,,,wh2_dlc12_effect_agent_action_enable_kroak_hinder_settlement_lord_kroak_ultimate_deliverance,Unlocks [[img:icon_hero]][[/img]]Hero action: [[col:yellow]]{{tr:agent_action_name_ultimate_deliverance}}[[/col]],"[[col:yellow]]{{tr:agent_action_name_ultimate_deliverance}}[[/col]] (Target: Settlement)\\nDamages the walls, buildings, and lowers the settlement level of the target settlement.",character_to_character_own,1,campaign,10,true,siege_attack.png,siege_attack.png,,,,,,,,,,,,,,,,,,,,,,,character_skill_level_to_effects_junctions_tables,wh2_dlc12_skill_lzd_lord_kroak_ultimate_deliverance|wh2_dlc12_effect_agent_action_enable_kroak_hinder_settlement_lord_kroak_ultimate_deliverance|1|character_to_character_own
skill_lock,warhammer_3,8.1.1,24237342,Lizardmen,lizardmen,wh2_main_sc_lzd_lizardmen,Lord Kroak,Lord_Kroak,hero,wh2_dlc12_lzd_lord_kroak,wizard,wizard,wh2_dlc12_lzd_cult_of_sotek|wh2_dlc13_lzd_spirits_of_the_jungle|wh2_dlc17_lzd_oxyotl|wh2_main_lzd_hexoatl|wh2_main_lzd_itza|wh2_main_lzd_last_defenders|wh2_main_lzd_tlaqua,false,true,true,false,false,true,,,wh2_dlc12_skill_node_set_lzd_lord_kroak,,1,wizard,false,false,,,,wh2_main_skill_node_lzd_lord_kroak_campaign_6,wh2_dlc12_skill_lzd_lord_kroak_ultimate_deliverance,Ultimate Deliverance,Nothing shall - or could - stand in Kroak's way. Nothing.,campaign_siege_attack.png,6,5,0,0,true,19,1,,,,,,,,,,,,,,,,,,,,,,,,,,,,,,,wh2_dlc12_skill_lzd_lord_kroak_colossal_deliverance_cooldown,Trancendental State,1,,,,,,,,character_skill_nodes_skill_locks_tables,wh2_main_skill_node_lzd_lord_kroak_campaign_6|wh2_dlc12_skill_lzd_lord_kroak_colossal_deliverance_cooldown|1
node,warhammer_3,8.1.1,24237342,Lizardmen,lizardmen,wh2_main_sc_lzd_lizardmen,Lord Kroak,Lord_Kroak,hero,wh2_dlc12_lzd_lord_kroak,wizard,wizard,wh2_dlc12_lzd_cult_of_sotek|wh2_dlc13_lzd_spirits_of_the_jungle|wh2_dlc17_lzd_oxyotl|wh2_main_lzd_hexoatl|wh2_main_lzd_itza|wh2_main_lzd_last_defenders|wh2_main_lzd_tlaqua,false,true,true,false,false,true,,,wh2_dlc12_skill_node_set_lzd_lord_kroak,,1,wizard,false,false,,,,wh2_main_skill_node_lzd_lord_kroak_campaign_actions_dummy,wh2_dlc12_skill_all_dummy_agent_actions_lzd_lord_kroak,Actions [HIDDEN],,battle_attack.png,8,5,1,0,false,0,1,,,,,,,,,,,,,,,,,,,,,,,,,,,,,,,,,,,,,,,,,character_skill_nodes_tables,wh2_main_skill_node_lzd_lord_kroak_campaign_actions_dummy
effect,warhammer_3,8.1.1,24237342,Lizardmen,lizardmen,wh2_main_sc_lzd_lizardmen,Lord Kroak,Lord_Kroak,hero,wh2_dlc12_lzd_lord_kroak,wizard,wizard,wh2_dlc12_lzd_cult_of_sotek|wh2_dlc13_lzd_spirits_of_the_jungle|wh2_dlc17_lzd_oxyotl|wh2_main_lzd_hexoatl|wh2_main_lzd_itza|wh2_main_lzd_last_defenders|wh2_main_lzd_tlaqua,false,true,true,false,false,true,,,wh2_dlc12_skill_node_set_lzd_lord_kroak,,1,wizard,false,false,,,,wh2_main_skill_node_lzd_lord_kroak_campaign_actions_dummy,wh2_dlc12_skill_all_dummy_agent_actions_lzd_lord_kroak,Actions [HIDDEN],,battle_attack.png,8,5,1,0,false,0,1,1,Actions [HIDDEN],,,,,,,wh2_dlc12_effect_agent_action_enable_kroak_assist_army_replenish_troops,,,character_to_character_own,1,campaign,0,true,,,,,,,,,,,,,,,,,,,,,,,,,character_skill_level_to_effects_junctions_tables,wh2_dlc12_skill_all_dummy_agent_actions_lzd_lord_kroak|wh2_dlc12_effect_agent_action_enable_kroak_assist_army_replenish_troops|1|character_to_character_own
effect,warhammer_3,8.1.1,24237342,Lizardmen,lizardmen,wh2_main_sc_lzd_lizardmen,Lord Kroak,Lord_Kroak,hero,wh2_dlc12_lzd_lord_kroak,wizard,wizard,wh2_dlc12_lzd_cult_of_sotek|wh2_dlc13_lzd_spirits_of_the_jungle|wh2_dlc17_lzd_oxyotl|wh2_main_lzd_hexoatl|wh2_main_lzd_itza|wh2_main_lzd_last_defenders|wh2_main_lzd_tlaqua,false,true,true,false,false,true,,,wh2_dlc12_skill_node_set_lzd_lord_kroak,,1,wizard,false,false,,,,wh2_main_skill_node_lzd_lord_kroak_campaign_actions_dummy,wh2_dlc12_skill_all_dummy_agent_actions_lzd_lord_kroak,Actions [HIDDEN],,battle_attack.png,8,5,1,0,false,0,1,1,Actions [HIDDEN],,,,,,,wh2_dlc12_effect_agent_action_enable_kroak_assist_army_training,,,character_to_character_own,1,campaign,0,true,,,,,,,,,,,,,,,,,,,,,,,,,character_skill_level_to_effects_junctions_tables,wh2_dlc12_skill_all_dummy_agent_actions_lzd_lord_kroak|wh2_dlc12_effect_agent_action_enable_kroak_assist_army_training|1|character_to_character_own
effect,warhammer_3,8.1.1,24237342,Lizardmen,lizardmen,wh2_main_sc_lzd_lizardmen,Lord Kroak,Lord_Kroak,hero,wh2_dlc12_lzd_lord_kroak,wizard,wizard,wh2_dlc12_lzd_cult_of_sotek|wh2_dlc13_lzd_spirits_of_the_jungle|wh2_dlc17_lzd_oxyotl|wh2_main_lzd_hexoatl|wh2_main_lzd_itza|wh2_main_lzd_last_defenders|wh2_main_lzd_tlaqua,false,true,true,false,false,true,,,wh2_dlc12_skill_node_set_lzd_lord_kroak,,1,wizard,false,false,,,,wh2_main_skill_node_lzd_lord_kroak_campaign_actions_dummy,wh2_dlc12_skill_all_dummy_agent_actions_lzd_lord_kroak,Actions [HIDDEN],,battle_attack.png,8,5,1,0,false,0,1,1,Actions [HIDDEN],,,,,,,wh2_dlc12_effect_agent_action_enable_kroak_passive_boost_income,,,character_to_character_own,1,campaign,0,true,,,,,,,,,,,,,,,,,,,,,,,,,character_skill_level_to_effects_junctions_tables,wh2_dlc12_skill_all_dummy_agent_actions_lzd_lord_kroak|wh2_dlc12_effect_agent_action_enable_kroak_passive_boost_income|1|character_to_character_own
effect,warhammer_3,8.1.1,24237342,Lizardmen,lizardmen,wh2_main_sc_lzd_lizardmen,Lord Kroak,Lord_Kroak,hero,wh2_dlc12_lzd_lord_kroak,wizard,wizard,wh2_dlc12_lzd_cult_of_sotek|wh2_dlc13_lzd_spirits_of_the_jungle|wh2_dlc17_lzd_oxyotl|wh2_main_lzd_hexoatl|wh2_main_lzd_itza|wh2_main_lzd_last_defenders|wh2_main_lzd_tlaqua,false,true,true,false,false,true,,,wh2_dlc12_skill_node_set_lzd_lord_kroak,,1,wizard,false,false,,,,wh2_main_skill_node_lzd_lord_kroak_campaign_actions_dummy,wh2_dlc12_skill_all_dummy_agent_actions_lzd_lord_kroak,Actions [HIDDEN],,battle_attack.png,8,5,1,0,false,0,1,1,Actions [HIDDEN],,,,,,,wh2_dlc12_effect_agent_action_enable_kroak_passive_stimulate_growth,,,character_to_character_own,1,campaign,0,true,,,,,,,,,,,,,,,,,,,,,,,,,character_skill_level_to_effects_junctions_tables,wh2_dlc12_skill_all_dummy_agent_actions_lzd_lord_kroak|wh2_dlc12_effect_agent_action_enable_kroak_passive_stimulate_growth|1|character_to_character_own
effect,warhammer_3,8.1.1,24237342,Lizardmen,lizardmen,wh2_main_sc_lzd_lizardmen,Lord Kroak,Lord_Kroak,hero,wh2_dlc12_lzd_lord_kroak,wizard,wizard,wh2_dlc12_lzd_cult_of_sotek|wh2_dlc13_lzd_spirits_of_the_jungle|wh2_dlc17_lzd_oxyotl|wh2_main_lzd_hexoatl|wh2_main_lzd_itza|wh2_main_lzd_last_defenders|wh2_main_lzd_tlaqua,false,true,true,false,false,true,,,wh2_dlc12_skill_node_set_lzd_lord_kroak,,1,wizard,false,false,,,,wh2_main_skill_node_lzd_lord_kroak_campaign_actions_dummy,wh2_dlc12_skill_all_dummy_agent_actions_lzd_lord_kroak,Actions [HIDDEN],,battle_attack.png,8,5,1,0,false,0,1,1,Actions [HIDDEN],,,,,,,wh2_main_effect_agent_action_enable_wizard_hinder_settlement_scout_settlement,,,character_to_character_own,1,campaign,0,true,,,,,,,,,,,,,,,,,,,,,,,,,character_skill_level_to_effects_junctions_tables,wh2_dlc12_skill_all_dummy_agent_actions_lzd_lord_kroak|wh2_main_effect_agent_action_enable_wizard_hinder_settlement_scout_settlement|1|character_to_character_own
effect,warhammer_3,8.1.1,24237342,Lizardmen,lizardmen,wh2_main_sc_lzd_lizardmen,Lord Kroak,Lord_Kroak,hero,wh2_dlc12_lzd_lord_kroak,wizard,wizard,wh2_dlc12_lzd_cult_of_sotek|wh2_dlc13_lzd_spirits_of_the_jungle|wh2_dlc17_lzd_oxyotl|wh2_main_lzd_hexoatl|wh2_main_lzd_itza|wh2_main_lzd_last_defenders|wh2_main_lzd_tlaqua,false,true,true,false,false,true,,,wh2_dlc12_skill_node_set_lzd_lord_kroak,,1,wizard,false,false,,,,wh2_main_skill_node_lzd_lord_kroak_campaign_actions_dummy,wh2_dlc12_skill_all_dummy_agent_actions_lzd_lord_kroak,Actions [HIDDEN],,battle_attack.png,8,5,1,0,false,0,1,1,Actions [HIDDEN],,,,,,,wh2_main_effect_agent_action_passive_boost_income_effect_negative,Income from all buildings: %+n%,,character_to_region_enemy_provincewide,-5,campaign,0,true,income.png,income.png,,,,,,,,,,,,,,,,,,,,,,,character_skill_level_to_effects_junctions_tables,wh2_dlc12_skill_all_dummy_agent_actions_lzd_lord_kroak|wh2_main_effect_agent_action_passive_boost_income_effect_negative|1|character_to_region_enemy_provincewide
effect,warhammer_3,8.1.1,24237342,Lizardmen,lizardmen,wh2_main_sc_lzd_lizardmen,Lord Kroak,Lord_Kroak,hero,wh2_dlc12_lzd_lord_kroak,wizard,wizard,wh2_dlc12_lzd_cult_of_sotek|wh2_dlc13_lzd_spirits_of_the_jungle|wh2_dlc17_lzd_oxyotl|wh2_main_lzd_hexoatl|wh2_main_lzd_itza|wh2_main_lzd_last_defenders|wh2_main_lzd_tlaqua,false,true,true,false,false,true,,,wh2_dlc12_skill_node_set_lzd_lord_kroak,,1,wizard,false,false,,,,wh2_main_skill_node_lzd_lord_kroak_campaign_actions_dummy,wh2_dlc12_skill_all_dummy_agent_actions_lzd_lord_kroak,Actions [HIDDEN],,battle_attack.png,8,5,1,0,false,0,1,1,Actions [HIDDEN],,,,,,,wh2_main_effect_agent_action_passive_boost_income_effect_positive,Income from all buildings: %+n%,,character_to_region_own_provincewide,5,campaign,0,true,income.png,income.png,,,,,,,,,,,,,,,,,,,,,,,character_skill_level_to_effects_junctions_tables,wh2_dlc12_skill_all_dummy_agent_actions_lzd_lord_kroak|wh2_main_effect_agent_action_passive_boost_income_effect_positive|1|character_to_region_own_provincewide
effect,warhammer_3,8.1.1,24237342,Lizardmen,lizardmen,wh2_main_sc_lzd_lizardmen,Lord Kroak,Lord_Kroak,hero,wh2_dlc12_lzd_lord_kroak,wizard,wizard,wh2_dlc12_lzd_cult_of_sotek|wh2_dlc13_lzd_spirits_of_the_jungle|wh2_dlc17_lzd_oxyotl|wh2_main_lzd_hexoatl|wh2_main_lzd_itza|wh2_main_lzd_last_defenders|wh2_main_lzd_tlaqua,false,true,true,false,false,true,,,wh2_dlc12_skill_node_set_lzd_lord_kroak,,1,wizard,false,false,,,,wh2_main_skill_node_lzd_lord_kroak_campaign_actions_dummy,wh2_dlc12_skill_all_dummy_agent_actions_lzd_lord_kroak,Actions [HIDDEN],,battle_attack.png,8,5,1,0,false,0,1,1,Actions [HIDDEN],,,,,,,wh2_main_effect_agent_action_passive_stimulate_growth_effect_negative,Growth: %+n,,character_to_enemy_province,-10,campaign,0,true,growth.png,growth.png,,,,,,,,,,,,,,,,,,,,,,,character_skill_level_to_effects_junctions_tables,wh2_dlc12_skill_all_dummy_agent_actions_lzd_lord_kroak|wh2_main_effect_agent_action_passive_stimulate_growth_effect_negative|1|character_to_enemy_province
effect,warhammer_3,8.1.1,24237342,Lizardmen,lizardmen,wh2_main_sc_lzd_lizardmen,Lord Kroak,Lord_Kroak,hero,wh2_dlc12_lzd_lord_kroak,wizard,wizard,wh2_dlc12_lzd_cult_of_sotek|wh2_dlc13_lzd_spirits_of_the_jungle|wh2_dlc17_lzd_oxyotl|wh2_main_lzd_hexoatl|wh2_main_lzd_itza|wh2_main_lzd_last_defenders|wh2_main_lzd_tlaqua,false,true,true,false,false,true,,,wh2_dlc12_skill_node_set_lzd_lord_kroak,,1,wizard,false,false,,,,wh2_main_skill_node_lzd_lord_kroak_campaign_actions_dummy,wh2_dlc12_skill_all_dummy_agent_actions_lzd_lord_kroak,Actions [HIDDEN],,battle_attack.png,8,5,1,0,false,0,1,1,Actions [HIDDEN],,,,,,,wh2_main_effect_agent_action_passive_stimulate_growth_effect_positive,Growth: %+n,,character_to_province_own,10,campaign,0,true,growth.png,growth.png,,,,,,,,,,,,,,,,,,,,,,,character_skill_level_to_effects_junctions_tables,wh2_dlc12_skill_all_dummy_agent_actions_lzd_lord_kroak|wh2_main_effect_agent_action_passive_stimulate_growth_effect_positive|1|character_to_province_own
effect,warhammer_3,8.1.1,24237342,Lizardmen,lizardmen,wh2_main_sc_lzd_lizardmen,Lord Kroak,Lord_Kroak,hero,wh2_dlc12_lzd_lord_kroak,wizard,wizard,wh2_dlc12_lzd_cult_of_sotek|wh2_dlc13_lzd_spirits_of_the_jungle|wh2_dlc17_lzd_oxyotl|wh2_main_lzd_hexoatl|wh2_main_lzd_itza|wh2_main_lzd_last_defenders|wh2_main_lzd_tlaqua,false,true,true,false,false,true,,,wh2_dlc12_skill_node_set_lzd_lord_kroak,,1,wizard,false,false,,,,wh2_main_skill_node_lzd_lord_kroak_campaign_actions_dummy,wh2_dlc12_skill_all_dummy_agent_actions_lzd_lord_kroak,Actions [HIDDEN],,battle_attack.png,8,5,1,0,false,0,1,1,Actions [HIDDEN],,,,,,,wh2_main_effect_grant_immortality_hero,"When normally killed in action, this [[img:icon_hero]][[/img]]Hero will be wounded instead",,character_to_character_own,1,campaign,1,true,wound_time.png,wound_time.png,,,,,,,,,,,,,,,,,,,,,,,character_skill_level_to_effects_junctions_tables,wh2_dlc12_skill_all_dummy_agent_actions_lzd_lord_kroak|wh2_main_effect_grant_immortality_hero|1|character_to_character_own
prerequisite,warhammer_3,8.1.1,24237342,Lizardmen,lizardmen,wh2_main_sc_lzd_lizardmen,Lord Kroak,Lord_Kroak,hero,wh2_dlc12_lzd_lord_kroak,wizard,wizard,wh2_dlc12_lzd_cult_of_sotek|wh2_dlc13_lzd_spirits_of_the_jungle|wh2_dlc17_lzd_oxyotl|wh2_main_lzd_hexoatl|wh2_main_lzd_itza|wh2_main_lzd_last_defenders|wh2_main_lzd_tlaqua,false,true,true,false,false,true,,,wh2_dlc12_skill_node_set_lzd_lord_kroak,,1,wizard,false,false,,,,wh2_main_skill_node_lzd_lord_kroak_campaign_5,wh2_dlc12_skill_lzd_lord_kroak_colossal_deliverance_cooldown,Trancendental State,,,,,,,,,,,,,,,,,,,,,,,,,,,,wh2_main_skill_node_lzd_lord_kroak_campaign_4,wh2_dlc12_skill_lzd_lord_kroak_colossal_deliverance,Colossal Deliverance,wh2_main_skill_node_lzd_lord_kroak_campaign_5,wh2_dlc12_skill_lzd_lord_kroak_colossal_deliverance_cooldown,Trancendental State,REQUIRED,0,1,1,0,0,,,,,,,,,,,character_skill_node_links_tables,wh2_main_skill_node_lzd_lord_kroak_campaign_4|wh2_main_skill_node_lzd_lord_kroak_campaign_5|REQUIRED
prerequisite,warhammer_3,8.1.1,24237342,Lizardmen,lizardmen,wh2_main_sc_lzd_lizardmen,Lord Kroak,Lord_Kroak,hero,wh2_dlc12_lzd_lord_kroak,wizard,wizard,wh2_dlc12_lzd_cult_of_sotek|wh2_dlc13_lzd_spirits_of_the_jungle|wh2_dlc17_lzd_oxyotl|wh2_main_lzd_hexoatl|wh2_main_lzd_itza|wh2_main_lzd_last_defenders|wh2_main_lzd_tlaqua,false,true,true,false,false,true,,,wh2_dlc12_skill_node_set_lzd_lord_kroak,,1,wizard,false,false,,,,wh2_main_skill_node_lzd_lord_kroak_campaign_6,wh2_dlc12_skill_lzd_lord_kroak_ultimate_deliverance,Ultimate Deliverance,,,,,,,,,,,,,,,,,,,,,,,,,,,,wh2_main_skill_node_lzd_lord_kroak_campaign_4,wh2_dlc12_skill_lzd_lord_kroak_colossal_deliverance,Colossal Deliverance,wh2_main_skill_node_lzd_lord_kroak_campaign_6,wh2_dlc12_skill_lzd_lord_kroak_ultimate_deliverance,Ultimate Deliverance,REQUIRED,0,1,1,0,0,,,,,,,,,,,character_skill_node_links_tables,wh2_main_skill_node_lzd_lord_kroak_campaign_4|wh2_main_skill_node_lzd_lord_kroak_campaign_6|REQUIRED
prerequisite,warhammer_3,8.1.1,24237342,Lizardmen,lizardmen,wh2_main_sc_lzd_lizardmen,Lord Kroak,Lord_Kroak,hero,wh2_dlc12_lzd_lord_kroak,wizard,wizard,wh2_dlc12_lzd_cult_of_sotek|wh2_dlc13_lzd_spirits_of_the_jungle|wh2_dlc17_lzd_oxyotl|wh2_main_lzd_hexoatl|wh2_main_lzd_itza|wh2_main_lzd_last_defenders|wh2_main_lzd_tlaqua,false,true,true,false,false,true,,,wh2_dlc12_skill_node_set_lzd_lord_kroak,,1,wizard,false,false,,,,wh2_main_skill_node_lzd_lord_kroak_discipline_1_1,wh2_main_skill_lzd_disciplines_becalming_cogitation,Becalming Cogitation,,,,,,,,,,,,,,,,,,,,,,,,,,,,wh2_main_skill_node_lzd_lord_kroak_discipline_1_0,wh2_main_skill_lzd_disciplines_reservoir,Reserves of Eldritch Energy,wh2_main_skill_node_lzd_lord_kroak_discipline_1_1,wh2_main_skill_lzd_disciplines_becalming_cogitation,Becalming Cogitation,REQUIRED,0,1,1,0,0,,,,,,,,,,,character_skill_node_links_tables,wh2_main_skill_node_lzd_lord_kroak_discipline_1_0|wh2_main_skill_node_lzd_lord_kroak_discipline_1_1|REQUIRED
prerequisite,warhammer_3,8.1.1,24237342,Lizardmen,lizardmen,wh2_main_sc_lzd_lizardmen,Lord Kroak,Lord_Kroak,hero,wh2_dlc12_lzd_lord_kroak,wizard,wizard,wh2_dlc12_lzd_cult_of_sotek|wh2_dlc13_lzd_spirits_of_the_jungle|wh2_dlc17_lzd_oxyotl|wh2_main_lzd_hexoatl|wh2_main_lzd_itza|wh2_main_lzd_last_defenders|wh2_main_lzd_tlaqua,false,true,true,false,false,true,,,wh2_dlc12_skill_node_set_lzd_lord_kroak,,1,wizard,false,false,,,,wh2_main_skill_node_lzd_lord_kroak_discipline_1_2,wh2_main_skill_lzd_disciplines_arcane_convergence,Arcane Convergence,,,,,,,,,,,,,,,,,,,,,,,,,,,,wh2_main_skill_node_lzd_lord_kroak_discipline_1_1,wh2_main_skill_lzd_disciplines_becalming_cogitation,Becalming Cogitation,wh2_main_skill_node_lzd_lord_kroak_discipline_1_2,wh2_main_skill_lzd_disciplines_arcane_convergence,Arcane Convergence,REQUIRED,0,1,1,0,0,,,,,,,,,,,character_skill_node_links_tables,wh2_main_skill_node_lzd_lord_kroak_discipline_1_1|wh2_main_skill_node_lzd_lord_kroak_discipline_1_2|REQUIRED
prerequisite,warhammer_3,8.1.1,24237342,Lizardmen,lizardmen,wh2_main_sc_lzd_lizardmen,Lord Kroak,Lord_Kroak,hero,wh2_dlc12_lzd_lord_kroak,wizard,wizard,wh2_dlc12_lzd_cult_of_sotek|wh2_dlc13_lzd_spirits_of_the_jungle|wh2_dlc17_lzd_oxyotl|wh2_main_lzd_hexoatl|wh2_main_lzd_itza|wh2_main_lzd_last_defenders|wh2_main_lzd_tlaqua,false,true,true,false,false,true,,,wh2_dlc12_skill_node_set_lzd_lord_kroak,,1,wizard,false,false,,,,wh2_main_skill_node_lzd_lord_kroak_discipline_2_1,wh2_main_skill_lzd_disciplines_harrowing_scruteny,The Harrowing Scrutiny,,,,,,,,,,,,,,,,,,,,,,,,,,,,wh2_main_skill_node_lzd_lord_kroak_discipline_2_0,wh2_main_skill_lzd_disciplines_unfathomable_presence,Unfathomable Presence,wh2_main_skill_node_lzd_lord_kroak_discipline_2_1,wh2_main_skill_lzd_disciplines_harrowing_scruteny,The Harrowing Scrutiny,REQUIRED,0,1,1,0,0,,,,,,,,,,,character_skill_node_links_tables,wh2_main_skill_node_lzd_lord_kroak_discipline_2_0|wh2_main_skill_node_lzd_lord_kroak_discipline_2_1|REQUIRED
prerequisite,warhammer_3,8.1.1,24237342,Lizardmen,lizardmen,wh2_main_sc_lzd_lizardmen,Lord Kroak,Lord_Kroak,hero,wh2_dlc12_lzd_lord_kroak,wizard,wizard,wh2_dlc12_lzd_cult_of_sotek|wh2_dlc13_lzd_spirits_of_the_jungle|wh2_dlc17_lzd_oxyotl|wh2_main_lzd_hexoatl|wh2_main_lzd_itza|wh2_main_lzd_last_defenders|wh2_main_lzd_tlaqua,false,true,true,false,false,true,,,wh2_dlc12_skill_node_set_lzd_lord_kroak,,1,wizard,false,false,,,,wh2_main_skill_node_lzd_lord_kroak_discipline_2_2,wh2_main_skill_lzd_disciplines_transcendent_healing,Transcendent Healing,,,,,,,,,,,,,,,,,,,,,,,,,,,,wh2_main_skill_node_lzd_lord_kroak_discipline_2_1,wh2_main_skill_lzd_disciplines_harrowing_scruteny,The Harrowing Scrutiny,wh2_main_skill_node_lzd_lord_kroak_discipline_2_2,wh2_main_skill_lzd_disciplines_transcendent_healing,Transcendent Healing,REQUIRED,0,1,1,0,0,,,,,,,,,,,character_skill_node_links_tables,wh2_main_skill_node_lzd_lord_kroak_discipline_2_1|wh2_main_skill_node_lzd_lord_kroak_discipline_2_2|REQUIRED
prerequisite,warhammer_3,8.1.1,24237342,Lizardmen,lizardmen,wh2_main_sc_lzd_lizardmen,Lord Kroak,Lord_Kroak,hero,wh2_dlc12_lzd_lord_kroak,wizard,wizard,wh2_dlc12_lzd_cult_of_sotek|wh2_dlc13_lzd_spirits_of_the_jungle|wh2_dlc17_lzd_oxyotl|wh2_main_lzd_hexoatl|wh2_main_lzd_itza|wh2_main_lzd_last_defenders|wh2_main_lzd_tlaqua,false,true,true,false,false,true,,,wh2_dlc12_skill_node_set_lzd_lord_kroak,,1,wizard,false,false,,,,wh2_main_skill_node_lzd_lord_kroak_discipline_2_3,wh2_main_skill_lzd_disciplines_higher_state_of_consciousness,Higher State of Consciousness,,,,,,,,,,,,,,,,,,,,,,,,,,,,wh2_main_skill_node_lzd_lord_kroak_discipline_2_2,wh2_main_skill_lzd_disciplines_transcendent_healing,Transcendent Healing,wh2_main_skill_node_lzd_lord_kroak_discipline_2_3,wh2_main_skill_lzd_disciplines_higher_state_of_consciousness,Higher State of Consciousness,REQUIRED,0,1,1,0,0,,,,,,,,,,,character_skill_node_links_tables,wh2_main_skill_node_lzd_lord_kroak_discipline_2_2|wh2_main_skill_node_lzd_lord_kroak_discipline_2_3|REQUIRED
prerequisite,warhammer_3,8.1.1,24237342,Lizardmen,lizardmen,wh2_main_sc_lzd_lizardmen,Lord Kroak,Lord_Kroak,hero,wh2_dlc12_lzd_lord_kroak,wizard,wizard,wh2_dlc12_lzd_cult_of_sotek|wh2_dlc13_lzd_spirits_of_the_jungle|wh2_dlc17_lzd_oxyotl|wh2_main_lzd_hexoatl|wh2_main_lzd_itza|wh2_main_lzd_last_defenders|wh2_main_lzd_tlaqua,false,true,true,false,false,true,,,wh2_dlc12_skill_node_set_lzd_lord_kroak,,1,wizard,false,false,,,,wh2_main_skill_node_lzd_lord_kroak_magic_1,wh2_dlc12_skill_lzd_magic_kroak_deliverance_of_itza_2,Deliverance of Itza 2,,,,,,,,,,,,,,,,,,,,,,,,,,,,wh2_main_skill_node_lzd_lord_kroak_magic_0,wh2_dlc12_skill_lzd_magic_kroak_deliverance_of_itza_1,Deliverance of Itza 1,wh2_main_skill_node_lzd_lord_kroak_magic_1,wh2_dlc12_skill_lzd_magic_kroak_deliverance_of_itza_2,Deliverance of Itza 2,REQUIRED,0,1,1,0,0,,,,,,,,,,,character_skill_node_links_tables,wh2_main_skill_node_lzd_lord_kroak_magic_0|wh2_main_skill_node_lzd_lord_kroak_magic_1|REQUIRED
prerequisite,warhammer_3,8.1.1,24237342,Lizardmen,lizardmen,wh2_main_sc_lzd_lizardmen,Lord Kroak,Lord_Kroak,hero,wh2_dlc12_lzd_lord_kroak,wizard,wizard,wh2_dlc12_lzd_cult_of_sotek|wh2_dlc13_lzd_spirits_of_the_jungle|wh2_dlc17_lzd_oxyotl|wh2_main_lzd_hexoatl|wh2_main_lzd_itza|wh2_main_lzd_last_defenders|wh2_main_lzd_tlaqua,false,true,true,false,false,true,,,wh2_dlc12_skill_node_set_lzd_lord_kroak,,1,wizard,false,false,,,,wh2_main_skill_node_lzd_lord_kroak_magic_2,wh2_dlc12_skill_lzd_magic_kroak_deliverance_of_itza_3,Deliverance of Itza 3,,,,,,,,,,,,,,,,,,,,,,,,,,,,wh2_main_skill_node_lzd_lord_kroak_magic_1,wh2_dlc12_skill_lzd_magic_kroak_deliverance_of_itza_2,Deliverance of Itza 2,wh2_main_skill_node_lzd_lord_kroak_magic_2,wh2_dlc12_skill_lzd_magic_kroak_deliverance_of_itza_3,Deliverance of Itza 3,REQUIRED,0,1,1,0,0,,,,,,,,,,,character_skill_node_links_tables,wh2_main_skill_node_lzd_lord_kroak_magic_1|wh2_main_skill_node_lzd_lord_kroak_magic_2|REQUIRED
prerequisite,warhammer_3,8.1.1,24237342,Lizardmen,lizardmen,wh2_main_sc_lzd_lizardmen,Lord Kroak,Lord_Kroak,hero,wh2_dlc12_lzd_lord_kroak,wizard,wizard,wh2_dlc12_lzd_cult_of_sotek|wh2_dlc13_lzd_spirits_of_the_jungle|wh2_dlc17_lzd_oxyotl|wh2_main_lzd_hexoatl|wh2_main_lzd_itza|wh2_main_lzd_last_defenders|wh2_main_lzd_tlaqua,false,true,true,false,false,true,,,wh2_dlc12_skill_node_set_lzd_lord_kroak,,1,wizard,false,false,,,,wh2_main_skill_node_lzd_lord_kroak_magic_3,wh2_dlc14_skilll_all_magic_all_greater_arcane_conduit,Greater Arcane Conduit,,,,,,,,,,,,,,,,,,,,,,,,,,,,wh2_main_skill_node_lzd_lord_kroak_magic_2,wh2_dlc12_skill_lzd_magic_kroak_deliverance_of_itza_3,Deliverance of Itza 3,wh2_main_skill_node_lzd_lord_kroak_magic_3,wh2_dlc14_skilll_all_magic_all_greater_arcane_conduit,Greater Arcane Conduit,REQUIRED,0,1,1,0,0,,,,,,,,,,,character_skill_node_links_tables,wh2_main_skill_node_lzd_lord_kroak_magic_2|wh2_main_skill_node_lzd_lord_kroak_magic_3|REQUIRED
prerequisite,warhammer_3,8.1.1,24237342,Lizardmen,lizardmen,wh2_main_sc_lzd_lizardmen,Lord Kroak,Lord_Kroak,hero,wh2_dlc12_lzd_lord_kroak,wizard,wizard,wh2_dlc12_lzd_cult_of_sotek|wh2_dlc13_lzd_spirits_of_the_jungle|wh2_dlc17_lzd_oxyotl|wh2_main_lzd_hexoatl|wh2_main_lzd_itza|wh2_main_lzd_last_defenders|wh2_main_lzd_tlaqua,false,true,true,false,false,true,,,wh2_dlc12_skill_node_set_lzd_lord_kroak,,1,wizard,false,false,,,,wh2_main_skill_node_lzd_lord_kroak_magic_4,wh_main_skill_all_magic_heavens_03_rolling_skies,Roiling Skies,,,,,,,,,,,,,,,,,,,,,,,,,,,,wh2_main_skill_node_lzd_lord_kroak_magic_2,wh2_dlc12_skill_lzd_magic_kroak_deliverance_of_itza_3,Deliverance of Itza 3,wh2_main_skill_node_lzd_lord_kroak_magic_4,wh_main_skill_all_magic_heavens_03_rolling_skies,Roiling Skies,REQUIRED,0,1,1,0,0,,,,,,,,,,,character_skill_node_links_tables,wh2_main_skill_node_lzd_lord_kroak_magic_2|wh2_main_skill_node_lzd_lord_kroak_magic_4|REQUIRED
prerequisite,warhammer_3,8.1.1,24237342,Lizardmen,lizardmen,wh2_main_sc_lzd_lizardmen,Lord Kroak,Lord_Kroak,hero,wh2_dlc12_lzd_lord_kroak,wizard,wizard,wh2_dlc12_lzd_cult_of_sotek|wh2_dlc13_lzd_spirits_of_the_jungle|wh2_dlc17_lzd_oxyotl|wh2_main_lzd_hexoatl|wh2_main_lzd_itza|wh2_main_lzd_last_defenders|wh2_main_lzd_tlaqua,false,true,true,false,false,true,,,wh2_dlc12_skill_node_set_lzd_lord_kroak,,1,wizard,false,false,,,,wh2_main_skill_node_lzd_lord_kroak_magic_5,wh_main_skill_all_magic_light_03_exorcism,Exorcism,,,,,,,,,,,,,,,,,,,,,,,,,,,,wh2_main_skill_node_lzd_lord_kroak_magic_2,wh2_dlc12_skill_lzd_magic_kroak_deliverance_of_itza_3,Deliverance of Itza 3,wh2_main_skill_node_lzd_lord_kroak_magic_5,wh_main_skill_all_magic_light_03_exorcism,Exorcism,REQUIRED,0,1,1,0,0,,,,,,,,,,,character_skill_node_links_tables,wh2_main_skill_node_lzd_lord_kroak_magic_2|wh2_main_skill_node_lzd_lord_kroak_magic_5|REQUIRED
prerequisite,warhammer_3,8.1.1,24237342,Lizardmen,lizardmen,wh2_main_sc_lzd_lizardmen,Lord Kroak,Lord_Kroak,hero,wh2_dlc12_lzd_lord_kroak,wizard,wizard,wh2_dlc12_lzd_cult_of_sotek|wh2_dlc13_lzd_spirits_of_the_jungle|wh2_dlc17_lzd_oxyotl|wh2_main_lzd_hexoatl|wh2_main_lzd_itza|wh2_main_lzd_last_defenders|wh2_main_lzd_tlaqua,false,true,true,false,false,true,,,wh2_dlc12_skill_node_set_lzd_lord_kroak,,1,wizard,false,false,,,,wh2_main_skill_node_lzd_lord_kroak_magic_6,wh2_main_skill_all_magic_high_03_lore_attribute,Shield of Saphery,,,,,,,,,,,,,,,,,,,,,,,,,,,,wh2_main_skill_node_lzd_lord_kroak_magic_2,wh2_dlc12_skill_lzd_magic_kroak_deliverance_of_itza_3,Deliverance of Itza 3,wh2_main_skill_node_lzd_lord_kroak_magic_6,wh2_main_skill_all_magic_high_03_lore_attribute,Shield of Saphery,REQUIRED,0,1,1,0,0,,,,,,,,,,,character_skill_node_links_tables,wh2_main_skill_node_lzd_lord_kroak_magic_2|wh2_main_skill_node_lzd_lord_kroak_magic_6|REQUIRED
