record_type,game,patch,steam_build_id,race,race_slug,subculture_key,character_name,character_slug,character_class,agent_subtype_key,primary_agent_type,permitted_agent_types,permitted_faction_keys,is_legendary_lord,is_unique_agent,is_recruitable,show_in_ui,auto_generate,is_caster,magic_lore,recruitment_category,node_set_key,node_set_name,node_set_index,node_set_agent_key,node_set_for_army,node_set_for_navy,node_set_faction_key,node_set_campaign_key,node_set_subculture_key,node_key,skill_key,skill_name,skill_description,skill_icon_path,node_tier,node_indent,points_on_creation,required_num_parents,visible_in_ui,skill_unlocked_at_rank,skill_max_level,skill_level,level_name,level_description,level_unlocked_at_rank,level_image_path,level_campaign_key,level_faction_key,level_subculture_key,effect_key,effect_description,effect_additional_tooltip,effect_scope,effect_value,effect_category,effect_priority,effect_is_positive_value_good,effect_icon,effect_icon_negative,parent_node_key,parent_skill_key,parent_skill_name,child_node_key,child_skill_key,child_skill_name,link_type,initial_descent_tiers,parent_link_position,child_link_position,parent_link_position_offset,child_link_position_offset,locked_skill_key,locked_skill_name,locked_skill_level,ancillary_key,ancillary_name,ancillary_type,ancillary_category,dilemma_key,dilemma_title,dilemma_random_selection,source_table,source_key
character,warhammer_3,8.1.1,24237342,Lizardmen,lizardmen,wh2_main_sc_lzd_lizardmen,Oxyotl,Oxyotl,legendary_lord,wh2_dlc17_lzd_oxyotl,general,general,wh2_dlc17_lzd_oxyotl,true,false,true,true,false,false,,legendary_lords,,,,,,,,,,,,,,,,,,,,,,,,,,,,,,,,,,,,,,,,,,,,,,,,,,,,,,,,,,,,,,agent_subtypes_tables,wh2_dlc17_lzd_oxyotl
node_set,warhammer_3,8.1.1,24237342,Lizardmen,lizardmen,wh2_main_sc_lzd_lizardmen,Oxyotl,Oxyotl,legendary_lord,wh2_dlc17_lzd_oxyotl,general,general,wh2_dlc17_lzd_oxyotl,true,false,true,true,false,false,,legendary_lords,wh2_dlc17_skill_node_set_lzd_oxyotl,,1,general,false,false,,,,,,,,,,,,,,,,,,,,,,,,,,,,,,,,,,,,,,,,,,,,,,,,,,,,,,,,character_skill_node_sets_tables,wh2_dlc17_skill_node_set_lzd_oxyotl
node,warhammer_3,8.1.1,24237342,Lizardmen,lizardmen,wh2_main_sc_lzd_lizardmen,Oxyotl,Oxyotl,legendary_lord,wh2_dlc17_lzd_oxyotl,general,general,wh2_dlc17_lzd_oxyotl,true,false,true,true,false,false,,legendary_lords,wh2_dlc17_skill_node_set_lzd_oxyotl,,1,general,false,false,,,,wh2_dlc17_skill_node_lzd_oxyotl_unique_0,wh2_dlc17_skill_lzd_oxyotl_unique_ancient_knowledge,Ancient Knowledge,"Oxyotl’s time was closer to an age of technological wonders, when the Lizardmen wielded the Old Ones’ untold devices of mysterious power.",character_technology.png,0,1,0,0,true,12,1,,,,,,,,,,,,,,,,,,,,,,,,,,,,,,,,,,,,,,,,,character_skill_nodes_tables,wh2_dlc17_skill_node_lzd_oxyotl_unique_0
skill_level,warhammer_3,8.1.1,24237342,Lizardmen,lizardmen,wh2_main_sc_lzd_lizardmen,Oxyotl,Oxyotl,legendary_lord,wh2_dlc17_lzd_oxyotl,general,general,wh2_dlc17_lzd_oxyotl,true,false,true,true,false,false,,legendary_lords,wh2_dlc17_skill_node_set_lzd_oxyotl,,1,general,false,false,,,,wh2_dlc17_skill_node_lzd_oxyotl_unique_0,wh2_dlc17_skill_lzd_oxyotl_unique_ancient_knowledge,Ancient Knowledge,"Oxyotl’s time was closer to an age of technological wonders, when the Lizardmen wielded the Old Ones’ untold devices of mysterious power.",character_technology.png,0,1,0,0,true,12,1,1,Ancient Knowledge,"Oxyotl’s time was closer to an age of technological wonders, when the Lizardmen wielded the Old Ones’ untold devices of mysterious power.",11,x,,,,,,,,,,,,,,,,,,,,,,,,,,,,,,,,,,,,character_skill_level_details_tables,wh2_dlc17_skill_lzd_oxyotl_unique_ancient_knowledge|1|||
effect,warhammer_3,8.1.1,24237342,Lizardmen,lizardmen,wh2_main_sc_lzd_lizardmen,Oxyotl,Oxyotl,legendary_lord,wh2_dlc17_lzd_oxyotl,general,general,wh2_dlc17_lzd_oxyotl,true,false,true,true,false,false,,legendary_lords,wh2_dlc17_skill_node_set_lzd_oxyotl,,1,general,false,false,,,,wh2_dlc17_skill_node_lzd_oxyotl_unique_0,wh2_dlc17_skill_lzd_oxyotl_unique_ancient_knowledge,Ancient Knowledge,"Oxyotl’s time was closer to an age of technological wonders, when the Lizardmen wielded the Old Ones’ untold devices of mysterious power.",character_technology.png,0,1,0,0,true,12,1,1,Ancient Knowledge,"Oxyotl’s time was closer to an age of technological wonders, when the Lizardmen wielded the Old Ones’ untold devices of mysterious power.",,,,,,wh_main_effect_technology_research_points,{{tr:effect_technology_research_points_description}}: %+n,,character_to_faction_when_on_map_unseen,15,campaign,60,true,technology.png,technology.png,,,,,,,,,,,,,,,,,,,,,,,character_skill_level_to_effects_junctions_tables,wh2_dlc17_skill_lzd_oxyotl_unique_ancient_knowledge|wh_main_effect_technology_research_points|1|character_to_faction_when_on_map_unseen
effect,warhammer_3,8.1.1,24237342,Lizardmen,lizardmen,wh2_main_sc_lzd_lizardmen,Oxyotl,Oxyotl,legendary_lord,wh2_dlc17_lzd_oxyotl,general,general,wh2_dlc17_lzd_oxyotl,true,false,true,true,false,false,,legendary_lords,wh2_dlc17_skill_node_set_lzd_oxyotl,,1,general,false,false,,,,wh2_dlc17_skill_node_lzd_oxyotl_unique_0,wh2_dlc17_skill_lzd_oxyotl_unique_ancient_knowledge,Ancient Knowledge,"Oxyotl’s time was closer to an age of technological wonders, when the Lizardmen wielded the Old Ones’ untold devices of mysterious power.",character_technology.png,0,1,0,0,true,12,1,1,Ancient Knowledge,"Oxyotl’s time was closer to an age of technological wonders, when the Lizardmen wielded the Old Ones’ untold devices of mysterious power.",,,,,,wh2_dlc17_effect_pooled_resource_sanctum_stone_per_turn,Sanctum Gems gained: +%n per turn,,character_to_faction_unseen,1,campaign,1,true,oxyotl_sanctum_gems.png,oxyotl_sanctum_gems.png,,,,,,,,,,,,,,,,,,,,,,,character_skill_level_to_effects_junctions_tables,wh2_dlc17_skill_lzd_oxyotl_unique_ancient_knowledge|wh2_dlc17_effect_pooled_resource_sanctum_stone_per_turn|1|character_to_faction_unseen
effect,warhammer_3,8.1.1,24237342,Lizardmen,lizardmen,wh2_main_sc_lzd_lizardmen,Oxyotl,Oxyotl,legendary_lord,wh2_dlc17_lzd_oxyotl,general,general,wh2_dlc17_lzd_oxyotl,true,false,true,true,false,false,,legendary_lords,wh2_dlc17_skill_node_set_lzd_oxyotl,,1,general,false,false,,,,wh2_dlc17_skill_node_lzd_oxyotl_unique_0,wh2_dlc17_skill_lzd_oxyotl_unique_ancient_knowledge,Ancient Knowledge,"Oxyotl’s time was closer to an age of technological wonders, when the Lizardmen wielded the Old Ones’ untold devices of mysterious power.",character_technology.png,0,1,0,0,true,12,1,1,Ancient Knowledge,"Oxyotl’s time was closer to an age of technological wonders, when the Lizardmen wielded the Old Ones’ untold devices of mysterious power.",,,,,,wh2_main_effect_captives_unit_xp,Unit experience: %+n,,general_to_force_own,150,campaign,120,true,experience.png,experience.png,,,,,,,,,,,,,,,,,,,,,,,character_skill_level_to_effects_junctions_tables,wh2_dlc17_skill_lzd_oxyotl_unique_ancient_knowledge|wh2_main_effect_captives_unit_xp|1|general_to_force_own
node,warhammer_3,8.1.1,24237342,Lizardmen,lizardmen,wh2_main_sc_lzd_lizardmen,Oxyotl,Oxyotl,legendary_lord,wh2_dlc17_lzd_oxyotl,general,general,wh2_dlc17_lzd_oxyotl,true,false,true,true,false,false,,legendary_lords,wh2_dlc17_skill_node_set_lzd_oxyotl,,1,general,false,false,,,,wh2_dlc17_skill_node_lzd_oxyotl_combat_0,wh2_main_skill_lzd_predatory_fighter,Predatory Fighter,"Of course, those who live to kill must also kill to live...",character_damage.png,0,2,0,0,true,0,1,,,,,,,,,,,,,,,,,,,,,,,,,,,,,,,,,,,,,,,,,character_skill_nodes_tables,wh2_dlc17_skill_node_lzd_oxyotl_combat_0
effect,warhammer_3,8.1.1,24237342,Lizardmen,lizardmen,wh2_main_sc_lzd_lizardmen,Oxyotl,Oxyotl,legendary_lord,wh2_dlc17_lzd_oxyotl,general,general,wh2_dlc17_lzd_oxyotl,true,false,true,true,false,false,,legendary_lords,wh2_dlc17_skill_node_set_lzd_oxyotl,,1,general,false,false,,,,wh2_dlc17_skill_node_lzd_oxyotl_combat_0,wh2_main_skill_lzd_predatory_fighter,Predatory Fighter,"Of course, those who live to kill must also kill to live...",character_damage.png,0,2,0,0,true,0,1,1,Predatory Fighter,"Of course, those who live to kill must also kill to live...",,,,,,wh_main_effect_character_stat_charge_bonus_add,Charge bonus: %+n,,character_to_character_own,5,both,200,true,charge_character.png,charge_character.png,,,,,,,,,,,,,,,,,,,,,,,character_skill_level_to_effects_junctions_tables,wh2_main_skill_lzd_predatory_fighter|wh_main_effect_character_stat_charge_bonus_add|1|character_to_character_own
effect,warhammer_3,8.1.1,24237342,Lizardmen,lizardmen,wh2_main_sc_lzd_lizardmen,Oxyotl,Oxyotl,legendary_lord,wh2_dlc17_lzd_oxyotl,general,general,wh2_dlc17_lzd_oxyotl,true,false,true,true,false,false,,legendary_lords,wh2_dlc17_skill_node_set_lzd_oxyotl,,1,general,false,false,,,,wh2_dlc17_skill_node_lzd_oxyotl_combat_0,wh2_main_skill_lzd_predatory_fighter,Predatory Fighter,"Of course, those who live to kill must also kill to live...",character_damage.png,0,2,0,0,true,0,1,1,Predatory Fighter,"Of course, those who live to kill must also kill to live...",,,,,,wh_main_effect_character_stat_weapon_strength,Weapon strength: %+n%,,character_to_character_own,10,both,160,true,weapon_damage_character.png,weapon_damage_character.png,,,,,,,,,,,,,,,,,,,,,,,character_skill_level_to_effects_junctions_tables,wh2_main_skill_lzd_predatory_fighter|wh_main_effect_character_stat_weapon_strength|1|character_to_character_own
node,warhammer_3,8.1.1,24237342,Lizardmen,lizardmen,wh2_main_sc_lzd_lizardmen,Oxyotl,Oxyotl,legendary_lord,wh2_dlc17_lzd_oxyotl,general,general,wh2_dlc17_lzd_oxyotl,true,false,true,true,false,false,,legendary_lords,wh2_dlc17_skill_node_set_lzd_oxyotl,,1,general,false,false,,,,wh2_dlc17_skill_node_set_lzd_oxyotl_army_0,wh_main_skill_all_lord_battle_inspiring_presence,Inspiring Presence,"There are Lords that radiate power, confidence and fear, inspiring their followers to great or terrible acts.",battle_morale.png,0,4,0,0,true,0,1,,,,,,,,,,,,,,,,,,,,,,,,,,,,,,,,,,,,,,,,,character_skill_nodes_tables,wh2_dlc17_skill_node_set_lzd_oxyotl_army_0
effect,warhammer_3,8.1.1,24237342,Lizardmen,lizardmen,wh2_main_sc_lzd_lizardmen,Oxyotl,Oxyotl,legendary_lord,wh2_dlc17_lzd_oxyotl,general,general,wh2_dlc17_lzd_oxyotl,true,false,true,true,false,false,,legendary_lords,wh2_dlc17_skill_node_set_lzd_oxyotl,,1,general,false,false,,,,wh2_dlc17_skill_node_set_lzd_oxyotl_army_0,wh_main_skill_all_lord_battle_inspiring_presence,Inspiring Presence,"There are Lords that radiate power, confidence and fear, inspiring their followers to great or terrible acts.",battle_morale.png,0,4,0,0,true,0,1,1,Inspiring Presence,"There are Lords that radiate power, confidence and fear, inspiring their followers to great or terrible acts.",,,,,,wh_main_effect_agent_action_outcome_parent_army_xp_gain,Unit experience gain per turn: %+n,,general_to_force_own,75,campaign,10,true,experience.png,experience.png,,,,,,,,,,,,,,,,,,,,,,,character_skill_level_to_effects_junctions_tables,wh_main_skill_all_lord_battle_inspiring_presence|wh_main_effect_agent_action_outcome_parent_army_xp_gain|1|general_to_force_own
effect,warhammer_3,8.1.1,24237342,Lizardmen,lizardmen,wh2_main_sc_lzd_lizardmen,Oxyotl,Oxyotl,legendary_lord,wh2_dlc17_lzd_oxyotl,general,general,wh2_dlc17_lzd_oxyotl,true,false,true,true,false,false,,legendary_lords,wh2_dlc17_skill_node_set_lzd_oxyotl,,1,general,false,false,,,,wh2_dlc17_skill_node_set_lzd_oxyotl_army_0,wh_main_skill_all_lord_battle_inspiring_presence,Inspiring Presence,"There are Lords that radiate power, confidence and fear, inspiring their followers to great or terrible acts.",battle_morale.png,0,4,0,0,true,0,1,1,Inspiring Presence,"There are Lords that radiate power, confidence and fear, inspiring their followers to great or terrible acts.",,,,,,wh_main_effect_character_stat_aura_leadership_effect,Character's aura leadership effect: %+n,Aura. Any unit standing within this character's aura in battle will receive a [[img:icon_morale]][[/img]]leadership bonus.,character_to_character_own,5,battle,260,true,morale_character.png,morale_character.png,,,,,,,,,,,,,,,,,,,,,,,character_skill_level_to_effects_junctions_tables,wh_main_skill_all_lord_battle_inspiring_presence|wh_main_effect_character_stat_aura_leadership_effect|1|character_to_character_own
node,warhammer_3,8.1.1,24237342,Lizardmen,lizardmen,wh2_main_sc_lzd_lizardmen,Oxyotl,Oxyotl,legendary_lord,wh2_dlc17_lzd_oxyotl,general,general,wh2_dlc17_lzd_oxyotl,true,false,true,true,false,false,,legendary_lords,wh2_dlc17_skill_node_set_lzd_oxyotl,,1,general,false,false,,,,wh2_dlc17_skill_node_set_lzd_oxyotl_campaign_0,wh_main_skill_all_lord_campaign_route_marcher,Route Marcher,Those who know the land and its secrets will travel faster and further than the foes who don't.,campaign_movement.png,0,5,0,0,true,0,1,,,,,,,,,,,,,,,,,,,,,,,,,,,,,,,,,,,,,,,,,character_skill_nodes_tables,wh2_dlc17_skill_node_set_lzd_oxyotl_campaign_0
effect,warhammer_3,8.1.1,24237342,Lizardmen,lizardmen,wh2_main_sc_lzd_lizardmen,Oxyotl,Oxyotl,legendary_lord,wh2_dlc17_lzd_oxyotl,general,general,wh2_dlc17_lzd_oxyotl,true,false,true,true,false,false,,legendary_lords,wh2_dlc17_skill_node_set_lzd_oxyotl,,1,general,false,false,,,,wh2_dlc17_skill_node_set_lzd_oxyotl_campaign_0,wh_main_skill_all_lord_campaign_route_marcher,Route Marcher,Those who know the land and its secrets will travel faster and further than the foes who don't.,campaign_movement.png,0,5,0,0,true,0,1,1,Route Marcher,Those who know the land and its secrets will travel faster and further than the foes who don't.,,,,,,wh_main_effect_agent_movement_range_mod,Campaign movement range: %+n%,{{tr:campaign_movement_range_additional_tooltip}},character_to_character_own,5,campaign,100,true,campaign_movement.png,campaign_movement.png,,,,,,,,,,,,,,,,,,,,,,,character_skill_level_to_effects_junctions_tables,wh_main_skill_all_lord_campaign_route_marcher|wh_main_effect_agent_movement_range_mod|1|character_to_character_own
node,warhammer_3,8.1.1,24237342,Lizardmen,lizardmen,wh2_main_sc_lzd_lizardmen,Oxyotl,Oxyotl,legendary_lord,wh2_dlc17_lzd_oxyotl,general,general,wh2_dlc17_lzd_oxyotl,true,false,true,true,false,false,,legendary_lords,wh2_dlc17_skill_node_set_lzd_oxyotl,,1,general,false,false,,,,wh2_dlc17_skill_innate_lzd_oxyotl,wh2_dlc17_lord_trait_lzd_oxyotl,He That Hunts Unseen,"Already an accomplished hunter when Chaos came to the world, Oxyotl mounted countless bold ambushes with his spawn-kin against the oncoming hordes.",trait_lizardmen.png,0,6,1,0,false,0,1,,,,,,,,,,,,,,,,,,,,,,,,,,,,,,,,,,,,,,,,,character_skill_nodes_tables,wh2_dlc17_skill_innate_lzd_oxyotl
effect,warhammer_3,8.1.1,24237342,Lizardmen,lizardmen,wh2_main_sc_lzd_lizardmen,Oxyotl,Oxyotl,legendary_lord,wh2_dlc17_lzd_oxyotl,general,general,wh2_dlc17_lzd_oxyotl,true,false,true,true,false,false,,legendary_lords,wh2_dlc17_skill_node_set_lzd_oxyotl,,1,general,false,false,,,,wh2_dlc17_skill_innate_lzd_oxyotl,wh2_dlc17_lord_trait_lzd_oxyotl,He That Hunts Unseen,"Already an accomplished hunter when Chaos came to the world, Oxyotl mounted countless bold ambushes with his spawn-kin against the oncoming hordes.",trait_lizardmen.png,0,6,1,0,false,0,1,1,He That Hunts Unseen,"Already an accomplished hunter when Chaos came to the world, Oxyotl mounted countless bold ambushes with his spawn-kin against the oncoming hordes.",,,,,,wh2_dlc17_effect_armour_piercing_missile_damage_skinks,Armour-piercing missile damage: %+n% for all Skink Infantry units,,general_to_force_own,50,campaign,201,true,armour_piercing_ranged.png,armour_piercing_ranged.png,,,,,,,,,,,,,,,,,,,,,,,character_skill_level_to_effects_junctions_tables,wh2_dlc17_lord_trait_lzd_oxyotl|wh2_dlc17_effect_armour_piercing_missile_damage_skinks|1|general_to_force_own
effect,warhammer_3,8.1.1,24237342,Lizardmen,lizardmen,wh2_main_sc_lzd_lizardmen,Oxyotl,Oxyotl,legendary_lord,wh2_dlc17_lzd_oxyotl,general,general,wh2_dlc17_lzd_oxyotl,true,false,true,true,false,false,,legendary_lords,wh2_dlc17_skill_node_set_lzd_oxyotl,,1,general,false,false,,,,wh2_dlc17_skill_innate_lzd_oxyotl,wh2_dlc17_lord_trait_lzd_oxyotl,He That Hunts Unseen,"Already an accomplished hunter when Chaos came to the world, Oxyotl mounted countless bold ambushes with his spawn-kin against the oncoming hordes.",trait_lizardmen.png,0,6,1,0,false,0,1,1,He That Hunts Unseen,"Already an accomplished hunter when Chaos came to the world, Oxyotl mounted countless bold ambushes with his spawn-kin against the oncoming hordes.",,,,,,wh2_dlc17_effect_improved_ambush_dummy,"Has access to Masterful Ambush stance, requiring less movement range to adopt and with a reduced detection chance\\n([[img:icon_general]][[/img]]Lord's army)",,character_to_character_own,1,campaign,101,true,subterfuge.png,subterfuge.png,,,,,,,,,,,,,,,,,,,,,,,character_skill_level_to_effects_junctions_tables,wh2_dlc17_lord_trait_lzd_oxyotl|wh2_dlc17_effect_improved_ambush_dummy|1|character_to_character_own
effect,warhammer_3,8.1.1,24237342,Lizardmen,lizardmen,wh2_main_sc_lzd_lizardmen,Oxyotl,Oxyotl,legendary_lord,wh2_dlc17_lzd_oxyotl,general,general,wh2_dlc17_lzd_oxyotl,true,false,true,true,false,false,,legendary_lords,wh2_dlc17_skill_node_set_lzd_oxyotl,,1,general,false,false,,,,wh2_dlc17_skill_innate_lzd_oxyotl,wh2_dlc17_lord_trait_lzd_oxyotl,He That Hunts Unseen,"Already an accomplished hunter when Chaos came to the world, Oxyotl mounted countless bold ambushes with his spawn-kin against the oncoming hordes.",trait_lizardmen.png,0,6,1,0,false,0,1,1,He That Hunts Unseen,"Already an accomplished hunter when Chaos came to the world, Oxyotl mounted countless bold ambushes with his spawn-kin against the oncoming hordes.",,,,,,wh2_dlc17_effect_trespass_immunity_for_army_dummy,Immune to diplomatic penalties from trespassing,,general_to_force_own,1,campaign,2,true,diplomacy_trespass.png,diplomacy_trespass.png,,,,,,,,,,,,,,,,,,,,,,,character_skill_level_to_effects_junctions_tables,wh2_dlc17_lord_trait_lzd_oxyotl|wh2_dlc17_effect_trespass_immunity_for_army_dummy|1|general_to_force_own
effect,warhammer_3,8.1.1,24237342,Lizardmen,lizardmen,wh2_main_sc_lzd_lizardmen,Oxyotl,Oxyotl,legendary_lord,wh2_dlc17_lzd_oxyotl,general,general,wh2_dlc17_lzd_oxyotl,true,false,true,true,false,false,,legendary_lords,wh2_dlc17_skill_node_set_lzd_oxyotl,,1,general,false,false,,,,wh2_dlc17_skill_innate_lzd_oxyotl,wh2_dlc17_lord_trait_lzd_oxyotl,He That Hunts Unseen,"Already an accomplished hunter when Chaos came to the world, Oxyotl mounted countless bold ambushes with his spawn-kin against the oncoming hordes.",trait_lizardmen.png,0,6,1,0,false,0,1,1,He That Hunts Unseen,"Already an accomplished hunter when Chaos came to the world, Oxyotl mounted countless bold ambushes with his spawn-kin against the oncoming hordes.",,,,,,wh2_dlc17_effect_xp_gain_against_bst_chs_nor,Experience gain for units: %+n% when fighting against the Forces of Chaos,,general_to_force_own,100,battle,611,true,experience.png,experience.png,,,,,,,,,,,,,,,,,,,,,,,character_skill_level_to_effects_junctions_tables,wh2_dlc17_lord_trait_lzd_oxyotl|wh2_dlc17_effect_xp_gain_against_bst_chs_nor|1|general_to_force_own
node,warhammer_3,8.1.1,24237342,Lizardmen,lizardmen,wh2_main_sc_lzd_lizardmen,Oxyotl,Oxyotl,legendary_lord,wh2_dlc17_lzd_oxyotl,general,general,wh2_dlc17_lzd_oxyotl,true,false,true,true,false,false,,legendary_lords,wh2_dlc17_skill_node_set_lzd_oxyotl,,1,general,false,false,,,,wh3_main_agent_action_scaling,wh3_main_skill_agent_action_success_scaling,Agent action success modifer,Hidden skill that scales action success/defence chance,mount_hellsteed.png,0,99,0,0,false,0,49,,,,,,,,,,,,,,,,,,,,,,,,,,,,,,,,,,,,,,,,,character_skill_nodes_tables,wh3_main_agent_action_scaling
effect,warhammer_3,8.1.1,24237342,Lizardmen,lizardmen,wh2_main_sc_lzd_lizardmen,Oxyotl,Oxyotl,legendary_lord,wh2_dlc17_lzd_oxyotl,general,general,wh2_dlc17_lzd_oxyotl,true,false,true,true,false,false,,legendary_lords,wh2_dlc17_skill_node_set_lzd_oxyotl,,1,general,false,false,,,,wh3_main_agent_action_scaling,wh3_main_skill_agent_action_success_scaling,Agent action success modifer,Hidden skill that scales action success/defence chance,mount_hellsteed.png,0,99,0,0,false,0,49,1,Agent action success modifer,Hidden skill that scales action success/defence chance,,,,,,wh_main_effect_agent_action_success_chance_enemy_skill,[HIDDEN] Enemy Hero action success chance: %+n% (from skill),,character_to_character_own,-1,campaign,0,true,,,,,,,,,,,,,,,,,,,,,,,,,character_skill_level_to_effects_junctions_tables,wh3_main_skill_agent_action_success_scaling|wh_main_effect_agent_action_success_chance_enemy_skill|1|character_to_character_own
effect,warhammer_3,8.1.1,24237342,Lizardmen,lizardmen,wh2_main_sc_lzd_lizardmen,Oxyotl,Oxyotl,legendary_lord,wh2_dlc17_lzd_oxyotl,general,general,wh2_dlc17_lzd_oxyotl,true,false,true,true,false,false,,legendary_lords,wh2_dlc17_skill_node_set_lzd_oxyotl,,1,general,false,false,,,,wh3_main_agent_action_scaling,wh3_main_skill_agent_action_success_scaling,Agent action success modifer,Hidden skill that scales action success/defence chance,mount_hellsteed.png,0,99,0,0,false,0,49,1,Agent action success modifer,Hidden skill that scales action success/defence chance,,,,,,wh_main_effect_agent_action_success_chance_skill,[HIDDEN] Hero action success chance: %+n% (from skill),,character_to_character_own,1,campaign,0,true,,,,,,,,,,,,,,,,,,,,,,,,,character_skill_level_to_effects_junctions_tables,wh3_main_skill_agent_action_success_scaling|wh_main_effect_agent_action_success_chance_skill|1|character_to_character_own
effect,warhammer_3,8.1.1,24237342,Lizardmen,lizardmen,wh2_main_sc_lzd_lizardmen,Oxyotl,Oxyotl,legendary_lord,wh2_dlc17_lzd_oxyotl,general,general,wh2_dlc17_lzd_oxyotl,true,false,true,true,false,false,,legendary_lords,wh2_dlc17_skill_node_set_lzd_oxyotl,,1,general,false,false,,,,wh3_main_agent_action_scaling,wh3_main_skill_agent_action_success_scaling,Agent action success modifer,Hidden skill that scales action success/defence chance,mount_hellsteed.png,0,99,0,0,false,0,49,2,Agent action success modifer,Hidden skill that scales action success/defence chance,,,,,,wh_main_effect_agent_action_success_chance_enemy_skill,[HIDDEN] Enemy Hero action success chance: %+n% (from skill),,character_to_character_own,-2,campaign,0,true,,,,,,,,,,,,,,,,,,,,,,,,,character_skill_level_to_effects_junctions_tables,wh3_main_skill_agent_action_success_scaling|wh_main_effect_agent_action_success_chance_enemy_skill|2|character_to_character_own
effect,warhammer_3,8.1.1,24237342,Lizardmen,lizardmen,wh2_main_sc_lzd_lizardmen,Oxyotl,Oxyotl,legendary_lord,wh2_dlc17_lzd_oxyotl,general,general,wh2_dlc17_lzd_oxyotl,true,false,true,true,false,false,,legendary_lords,wh2_dlc17_skill_node_set_lzd_oxyotl,,1,general,false,false,,,,wh3_main_agent_action_scaling,wh3_main_skill_agent_action_success_scaling,Agent action success modifer,Hidden skill that scales action success/defence chance,mount_hellsteed.png,0,99,0,0,false,0,49,2,Agent action success modifer,Hidden skill that scales action success/defence chance,,,,,,wh_main_effect_agent_action_success_chance_skill,[HIDDEN] Hero action success chance: %+n% (from skill),,character_to_character_own,2,campaign,0,true,,,,,,,,,,,,,,,,,,,,,,,,,character_skill_level_to_effects_junctions_tables,wh3_main_skill_agent_action_success_scaling|wh_main_effect_agent_action_success_chance_skill|2|character_to_character_own
effect,warhammer_3,8.1.1,24237342,Lizardmen,lizardmen,wh2_main_sc_lzd_lizardmen,Oxyotl,Oxyotl,legendary_lord,wh2_dlc17_lzd_oxyotl,general,general,wh2_dlc17_lzd_oxyotl,true,false,true,true,false,false,,legendary_lords,wh2_dlc17_skill_node_set_lzd_oxyotl,,1,general,false,false,,,,wh3_main_agent_action_scaling,wh3_main_skill_agent_action_success_scaling,Agent action success modifer,Hidden skill that scales action success/defence chance,mount_hellsteed.png,0,99,0,0,false,0,49,3,Agent action success modifer,Hidden skill that scales action success/defence chance,,,,,,wh_main_effect_agent_action_success_chance_enemy_skill,[HIDDEN] Enemy Hero action success chance: %+n% (from skill),,character_to_character_own,-3,campaign,0,true,,,,,,,,,,,,,,,,,,,,,,,,,character_skill_level_to_effects_junctions_tables,wh3_main_skill_agent_action_success_scaling|wh_main_effect_agent_action_success_chance_enemy_skill|3|character_to_character_own
effect,warhammer_3,8.1.1,24237342,Lizardmen,lizardmen,wh2_main_sc_lzd_lizardmen,Oxyotl,Oxyotl,legendary_lord,wh2_dlc17_lzd_oxyotl,general,general,wh2_dlc17_lzd_oxyotl,true,false,true,true,false,false,,legendary_lords,wh2_dlc17_skill_node_set_lzd_oxyotl,,1,general,false,false,,,,wh3_main_agent_action_scaling,wh3_main_skill_agent_action_success_scaling,Agent action success modifer,Hidden skill that scales action success/defence chance,mount_hellsteed.png,0,99,0,0,false,0,49,3,Agent action success modifer,Hidden skill that scales action success/defence chance,,,,,,wh_main_effect_agent_action_success_chance_skill,[HIDDEN] Hero action success chance: %+n% (from skill),,character_to_character_own,3,campaign,0,true,,,,,,,,,,,,,,,,,,,,,,,,,character_skill_level_to_effects_junctions_tables,wh3_main_skill_agent_action_success_scaling|wh_main_effect_agent_action_success_chance_skill|3|character_to_character_own
effect,warhammer_3,8.1.1,24237342,Lizardmen,lizardmen,wh2_main_sc_lzd_lizardmen,Oxyotl,Oxyotl,legendary_lord,wh2_dlc17_lzd_oxyotl,general,general,wh2_dlc17_lzd_oxyotl,true,false,true,true,false,false,,legendary_lords,wh2_dlc17_skill_node_set_lzd_oxyotl,,1,general,false,false,,,,wh3_main_agent_action_scaling,wh3_main_skill_agent_action_success_scaling,Agent action success modifer,Hidden skill that scales action success/defence chance,mount_hellsteed.png,0,99,0,0,false,0,49,4,Agent action success modifer,Hidden skill that scales action success/defence chance,,,,,,wh_main_effect_agent_action_success_chance_enemy_skill,[HIDDEN] Enemy Hero action success chance: %+n% (from skill),,character_to_character_own,-4,campaign,0,true,,,,,,,,,,,,,,,,,,,,,,,,,character_skill_level_to_effects_junctions_tables,wh3_main_skill_agent_action_success_scaling|wh_main_effect_agent_action_success_chance_enemy_skill|4|character_to_character_own
effect,warhammer_3,8.1.1,24237342,Lizardmen,lizardmen,wh2_main_sc_lzd_lizardmen,Oxyotl,Oxyotl,legendary_lord,wh2_dlc17_lzd_oxyotl,general,general,wh2_dlc17_lzd_oxyotl,true,false,true,true,false,false,,legendary_lords,wh2_dlc17_skill_node_set_lzd_oxyotl,,1,general,false,false,,,,wh3_main_agent_action_scaling,wh3_main_skill_agent_action_success_scaling,Agent action success modifer,Hidden skill that scales action success/defence chance,mount_hellsteed.png,0,99,0,0,false,0,49,4,Agent action success modifer,Hidden skill that scales action success/defence chance,,,,,,wh_main_effect_agent_action_success_chance_skill,[HIDDEN] Hero action success chance: %+n% (from skill),,character_to_character_own,4,campaign,0,true,,,,,,,,,,,,,,,,,,,,,,,,,character_skill_level_to_effects_junctions_tables,wh3_main_skill_agent_action_success_scaling|wh_main_effect_agent_action_success_chance_skill|4|character_to_character_own
effect,warhammer_3,8.1.1,24237342,Lizardmen,lizardmen,wh2_main_sc_lzd_lizardmen,Oxyotl,Oxyotl,legendary_lord,wh2_dlc17_lzd_oxyotl,general,general,wh2_dlc17_lzd_oxyotl,true,false,true,true,false,false,,legendary_lords,wh2_dlc17_skill_node_set_lzd_oxyotl,,1,general,false,false,,,,wh3_main_agent_action_scaling,wh3_main_skill_agent_action_success_scaling,Agent action success modifer,Hidden skill that scales action success/defence chance,mount_hellsteed.png,0,99,0,0,false,0,49,5,Agent action success modifer,Hidden skill that scales action success/defence chance,,,,,,wh_main_effect_agent_action_success_chance_enemy_skill,[HIDDEN] Enemy Hero action success chance: %+n% (from skill),,character_to_character_own,-5,campaign,0,true,,,,,,,,,,,,,,,,,,,,,,,,,character_skill_level_to_effects_junctions_tables,wh3_main_skill_agent_action_success_scaling|wh_main_effect_agent_action_success_chance_enemy_skill|5|character_to_character_own
effect,warhammer_3,8.1.1,24237342,Lizardmen,lizardmen,wh2_main_sc_lzd_lizardmen,Oxyotl,Oxyotl,legendary_lord,wh2_dlc17_lzd_oxyotl,general,general,wh2_dlc17_lzd_oxyotl,true,false,true,true,false,false,,legendary_lords,wh2_dlc17_skill_node_set_lzd_oxyotl,,1,general,false,false,,,,wh3_main_agent_action_scaling,wh3_main_skill_agent_action_success_scaling,Agent action success modifer,Hidden skill that scales action success/defence chance,mount_hellsteed.png,0,99,0,0,false,0,49,5,Agent action success modifer,Hidden skill that scales action success/defence chance,,,,,,wh_main_effect_agent_action_success_chance_skill,[HIDDEN] Hero action success chance: %+n% (from skill),,character_to_character_own,5,campaign,0,true,,,,,,,,,,,,,,,,,,,,,,,,,character_skill_level_to_effects_junctions_tables,wh3_main_skill_agent_action_success_scaling|wh_main_effect_agent_action_success_chance_skill|5|character_to_character_own
effect,warhammer_3,8.1.1,24237342,Lizardmen,lizardmen,wh2_main_sc_lzd_lizardmen,Oxyotl,Oxyotl,legendary_lord,wh2_dlc17_lzd_oxyotl,general,general,wh2_dlc17_lzd_oxyotl,true,false,true,true,false,false,,legendary_lords,wh2_dlc17_skill_node_set_lzd_oxyotl,,1,general,false,false,,,,wh3_main_agent_action_scaling,wh3_main_skill_agent_action_success_scaling,Agent action success modifer,Hidden skill that scales action success/defence chance,mount_hellsteed.png,0,99,0,0,false,0,49,6,Agent action success modifer,Hidden skill that scales action success/defence chance,,,,,,wh_main_effect_agent_action_success_chance_enemy_skill,[HIDDEN] Enemy Hero action success chance: %+n% (from skill),,character_to_character_own,-6,campaign,0,true,,,,,,,,,,,,,,,,,,,,,,,,,character_skill_level_to_effects_junctions_tables,wh3_main_skill_agent_action_success_scaling|wh_main_effect_agent_action_success_chance_enemy_skill|6|character_to_character_own
effect,warhammer_3,8.1.1,24237342,Lizardmen,lizardmen,wh2_main_sc_lzd_lizardmen,Oxyotl,Oxyotl,legendary_lord,wh2_dlc17_lzd_oxyotl,general,general,wh2_dlc17_lzd_oxyotl,true,false,true,true,false,false,,legendary_lords,wh2_dlc17_skill_node_set_lzd_oxyotl,,1,general,false,false,,,,wh3_main_agent_action_scaling,wh3_main_skill_agent_action_success_scaling,Agent action success modifer,Hidden skill that scales action success/defence chance,mount_hellsteed.png,0,99,0,0,false,0,49,6,Agent action success modifer,Hidden skill that scales action success/defence chance,,,,,,wh_main_effect_agent_action_success_chance_skill,[HIDDEN] Hero action success chance: %+n% (from skill),,character_to_character_own,6,campaign,0,true,,,,,,,,,,,,,,,,,,,,,,,,,character_skill_level_to_effects_junctions_tables,wh3_main_skill_agent_action_success_scaling|wh_main_effect_agent_action_success_chance_skill|6|character_to_character_own
effect,warhammer_3,8.1.1,24237342,Lizardmen,lizardmen,wh2_main_sc_lzd_lizardmen,Oxyotl,Oxyotl,legendary_lord,wh2_dlc17_lzd_oxyotl,general,general,wh2_dlc17_lzd_oxyotl,true,false,true,true,false,false,,legendary_lords,wh2_dlc17_skill_node_set_lzd_oxyotl,,1,general,false,false,,,,wh3_main_agent_action_scaling,wh3_main_skill_agent_action_success_scaling,Agent action success modifer,Hidden skill that scales action success/defence chance,mount_hellsteed.png,0,99,0,0,false,0,49,7,Agent action success modifer,Hidden skill that scales action success/defence chance,,,,,,wh_main_effect_agent_action_success_chance_enemy_skill,[HIDDEN] Enemy Hero action success chance: %+n% (from skill),,character_to_character_own,-7,campaign,0,true,,,,,,,,,,,,,,,,,,,,,,,,,character_skill_level_to_effects_junctions_tables,wh3_main_skill_agent_action_success_scaling|wh_main_effect_agent_action_success_chance_enemy_skill|7|character_to_character_own
effect,warhammer_3,8.1.1,24237342,Lizardmen,lizardmen,wh2_main_sc_lzd_lizardmen,Oxyotl,Oxyotl,legendary_lord,wh2_dlc17_lzd_oxyotl,general,general,wh2_dlc17_lzd_oxyotl,true,false,true,true,false,false,,legendary_lords,wh2_dlc17_skill_node_set_lzd_oxyotl,,1,general,false,false,,,,wh3_main_agent_action_scaling,wh3_main_skill_agent_action_success_scaling,Agent action success modifer,Hidden skill that scales action success/defence chance,mount_hellsteed.png,0,99,0,0,false,0,49,7,Agent action success modifer,Hidden skill that scales action success/defence chance,,,,,,wh_main_effect_agent_action_success_chance_skill,[HIDDEN] Hero action success chance: %+n% (from skill),,character_to_character_own,7,campaign,0,true,,,,,,,,,,,,,,,,,,,,,,,,,character_skill_level_to_effects_junctions_tables,wh3_main_skill_agent_action_success_scaling|wh_main_effect_agent_action_success_chance_skill|7|character_to_character_own
effect,warhammer_3,8.1.1,24237342,Lizardmen,lizardmen,wh2_main_sc_lzd_lizardmen,Oxyotl,Oxyotl,legendary_lord,wh2_dlc17_lzd_oxyotl,general,general,wh2_dlc17_lzd_oxyotl,true,false,true,true,false,false,,legendary_lords,wh2_dlc17_skill_node_set_lzd_oxyotl,,1,general,false,false,,,,wh3_main_agent_action_scaling,wh3_main_skill_agent_action_success_scaling,Agent action success modifer,Hidden skill that scales action success/defence chance,mount_hellsteed.png,0,99,0,0,false,0,49,8,Agent action success modifer,Hidden skill that scales action success/defence chance,,,,,,wh_main_effect_agent_action_success_chance_enemy_skill,[HIDDEN] Enemy Hero action success chance: %+n% (from skill),,character_to_character_own,-8,campaign,0,true,,,,,,,,,,,,,,,,,,,,,,,,,character_skill_level_to_effects_junctions_tables,wh3_main_skill_agent_action_success_scaling|wh_main_effect_agent_action_success_chance_enemy_skill|8|character_to_character_own
effect,warhammer_3,8.1.1,24237342,Lizardmen,lizardmen,wh2_main_sc_lzd_lizardmen,Oxyotl,Oxyotl,legendary_lord,wh2_dlc17_lzd_oxyotl,general,general,wh2_dlc17_lzd_oxyotl,true,false,true,true,false,false,,legendary_lords,wh2_dlc17_skill_node_set_lzd_oxyotl,,1,general,false,false,,,,wh3_main_agent_action_scaling,wh3_main_skill_agent_action_success_scaling,Agent action success modifer,Hidden skill that scales action success/defence chance,mount_hellsteed.png,0,99,0,0,false,0,49,8,Agent action success modifer,Hidden skill that scales action success/defence chance,,,,,,wh_main_effect_agent_action_success_chance_skill,[HIDDEN] Hero action success chance: %+n% (from skill),,character_to_character_own,8,campaign,0,true,,,,,,,,,,,,,,,,,,,,,,,,,character_skill_level_to_effects_junctions_tables,wh3_main_skill_agent_action_success_scaling|wh_main_effect_agent_action_success_chance_skill|8|character_to_character_own
effect,warhammer_3,8.1.1,24237342,Lizardmen,lizardmen,wh2_main_sc_lzd_lizardmen,Oxyotl,Oxyotl,legendary_lord,wh2_dlc17_lzd_oxyotl,general,general,wh2_dlc17_lzd_oxyotl,true,false,true,true,false,false,,legendary_lords,wh2_dlc17_skill_node_set_lzd_oxyotl,,1,general,false,false,,,,wh3_main_agent_action_scaling,wh3_main_skill_agent_action_success_scaling,Agent action success modifer,Hidden skill that scales action success/defence chance,mount_hellsteed.png,0,99,0,0,false,0,49,9,Agent action success modifer,Hidden skill that scales action success/defence chance,,,,,,wh_main_effect_agent_action_success_chance_enemy_skill,[HIDDEN] Enemy Hero action success chance: %+n% (from skill),,character_to_character_own,-9,campaign,0,true,,,,,,,,,,,,,,,,,,,,,,,,,character_skill_level_to_effects_junctions_tables,wh3_main_skill_agent_action_success_scaling|wh_main_effect_agent_action_success_chance_enemy_skill|9|character_to_character_own
effect,warhammer_3,8.1.1,24237342,Lizardmen,lizardmen,wh2_main_sc_lzd_lizardmen,Oxyotl,Oxyotl,legendary_lord,wh2_dlc17_lzd_oxyotl,general,general,wh2_dlc17_lzd_oxyotl,true,false,true,true,false,false,,legendary_lords,wh2_dlc17_skill_node_set_lzd_oxyotl,,1,general,false,false,,,,wh3_main_agent_action_scaling,wh3_main_skill_agent_action_success_scaling,Agent action success modifer,Hidden skill that scales action success/defence chance,mount_hellsteed.png,0,99,0,0,false,0,49,9,Agent action success modifer,Hidden skill that scales action success/defence chance,,,,,,wh_main_effect_agent_action_success_chance_skill,[HIDDEN] Hero action success chance: %+n% (from skill),,character_to_character_own,9,campaign,0,true,,,,,,,,,,,,,,,,,,,,,,,,,character_skill_level_to_effects_junctions_tables,wh3_main_skill_agent_action_success_scaling|wh_main_effect_agent_action_success_chance_skill|9|character_to_character_own
effect,warhammer_3,8.1.1,24237342,Lizardmen,lizardmen,wh2_main_sc_lzd_lizardmen,Oxyotl,Oxyotl,legendary_lord,wh2_dlc17_lzd_oxyotl,general,general,wh2_dlc17_lzd_oxyotl,true,false,true,true,false,false,,legendary_lords,wh2_dlc17_skill_node_set_lzd_oxyotl,,1,general,false,false,,,,wh3_main_agent_action_scaling,wh3_main_skill_agent_action_success_scaling,Agent action success modifer,Hidden skill that scales action success/defence chance,mount_hellsteed.png,0,99,0,0,false,0,49,10,Agent action success modifer,Hidden skill that scales action success/defence chance,,,,,,wh_main_effect_agent_action_success_chance_enemy_skill,[HIDDEN] Enemy Hero action success chance: %+n% (from skill),,character_to_character_own,-10,campaign,0,true,,,,,,,,,,,,,,,,,,,,,,,,,character_skill_level_to_effects_junctions_tables,wh3_main_skill_agent_action_success_scaling|wh_main_effect_agent_action_success_chance_enemy_skill|10|character_to_character_own
effect,warhammer_3,8.1.1,24237342,Lizardmen,lizardmen,wh2_main_sc_lzd_lizardmen,Oxyotl,Oxyotl,legendary_lord,wh2_dlc17_lzd_oxyotl,general,general,wh2_dlc17_lzd_oxyotl,true,false,true,true,false,false,,legendary_lords,wh2_dlc17_skill_node_set_lzd_oxyotl,,1,general,false,false,,,,wh3_main_agent_action_scaling,wh3_main_skill_agent_action_success_scaling,Agent action success modifer,Hidden skill that scales action success/defence chance,mount_hellsteed.png,0,99,0,0,false,0,49,10,Agent action success modifer,Hidden skill that scales action success/defence chance,,,,,,wh_main_effect_agent_action_success_chance_skill,[HIDDEN] Hero action success chance: %+n% (from skill),,character_to_character_own,10,campaign,0,true,,,,,,,,,,,,,,,,,,,,,,,,,character_skill_level_to_effects_junctions_tables,wh3_main_skill_agent_action_success_scaling|wh_main_effect_agent_action_success_chance_skill|10|character_to_character_own
effect,warhammer_3,8.1.1,24237342,Lizardmen,lizardmen,wh2_main_sc_lzd_lizardmen,Oxyotl,Oxyotl,legendary_lord,wh2_dlc17_lzd_oxyotl,general,general,wh2_dlc17_lzd_oxyotl,true,false,true,true,false,false,,legendary_lords,wh2_dlc17_skill_node_set_lzd_oxyotl,,1,general,false,false,,,,wh3_main_agent_action_scaling,wh3_main_skill_agent_action_success_scaling,Agent action success modifer,Hidden skill that scales action success/defence chance,mount_hellsteed.png,0,99,0,0,false,0,49,11,Agent action success modifer,Hidden skill that scales action success/defence chance,,,,,,wh_main_effect_agent_action_success_chance_enemy_skill,[HIDDEN] Enemy Hero action success chance: %+n% (from skill),,character_to_character_own,-11,campaign,0,true,,,,,,,,,,,,,,,,,,,,,,,,,character_skill_level_to_effects_junctions_tables,wh3_main_skill_agent_action_success_scaling|wh_main_effect_agent_action_success_chance_enemy_skill|11|character_to_character_own
effect,warhammer_3,8.1.1,24237342,Lizardmen,lizardmen,wh2_main_sc_lzd_lizardmen,Oxyotl,Oxyotl,legendary_lord,wh2_dlc17_lzd_oxyotl,general,general,wh2_dlc17_lzd_oxyotl,true,false,true,true,false,false,,legendary_lords,wh2_dlc17_skill_node_set_lzd_oxyotl,,1,general,false,false,,,,wh3_main_agent_action_scaling,wh3_main_skill_agent_action_success_scaling,Agent action success modifer,Hidden skill that scales action success/defence chance,mount_hellsteed.png,0,99,0,0,false,0,49,11,Agent action success modifer,Hidden skill that scales action success/defence chance,,,,,,wh_main_effect_agent_action_success_chance_skill,[HIDDEN] Hero action success chance: %+n% (from skill),,character_to_character_own,11,campaign,0,true,,,,,,,,,,,,,,,,,,,,,,,,,character_skill_level_to_effects_junctions_tables,wh3_main_skill_agent_action_success_scaling|wh_main_effect_agent_action_success_chance_skill|11|character_to_character_own
effect,warhammer_3,8.1.1,24237342,Lizardmen,lizardmen,wh2_main_sc_lzd_lizardmen,Oxyotl,Oxyotl,legendary_lord,wh2_dlc17_lzd_oxyotl,general,general,wh2_dlc17_lzd_oxyotl,true,false,true,true,false,false,,legendary_lords,wh2_dlc17_skill_node_set_lzd_oxyotl,,1,general,false,false,,,,wh3_main_agent_action_scaling,wh3_main_skill_agent_action_success_scaling,Agent action success modifer,Hidden skill that scales action success/defence chance,mount_hellsteed.png,0,99,0,0,false,0,49,12,Agent action success modifer,Hidden skill that scales action success/defence chance,,,,,,wh_main_effect_agent_action_success_chance_enemy_skill,[HIDDEN] Enemy Hero action success chance: %+n% (from skill),,character_to_character_own,-12,campaign,0,true,,,,,,,,,,,,,,,,,,,,,,,,,character_skill_level_to_effects_junctions_tables,wh3_main_skill_agent_action_success_scaling|wh_main_effect_agent_action_success_chance_enemy_skill|12|character_to_character_own
effect,warhammer_3,8.1.1,24237342,Lizardmen,lizardmen,wh2_main_sc_lzd_lizardmen,Oxyotl,Oxyotl,legendary_lord,wh2_dlc17_lzd_oxyotl,general,general,wh2_dlc17_lzd_oxyotl,true,false,true,true,false,false,,legendary_lords,wh2_dlc17_skill_node_set_lzd_oxyotl,,1,general,false,false,,,,wh3_main_agent_action_scaling,wh3_main_skill_agent_action_success_scaling,Agent action success modifer,Hidden skill that scales action success/defence chance,mount_hellsteed.png,0,99,0,0,false,0,49,12,Agent action success modifer,Hidden skill that scales action success/defence chance,,,,,,wh_main_effect_agent_action_success_chance_skill,[HIDDEN] Hero action success chance: %+n% (from skill),,character_to_character_own,12,campaign,0,true,,,,,,,,,,,,,,,,,,,,,,,,,character_skill_level_to_effects_junctions_tables,wh3_main_skill_agent_action_success_scaling|wh_main_effect_agent_action_success_chance_skill|12|character_to_character_own
effect,warhammer_3,8.1.1,24237342,Lizardmen,lizardmen,wh2_main_sc_lzd_lizardmen,Oxyotl,Oxyotl,legendary_lord,wh2_dlc17_lzd_oxyotl,general,general,wh2_dlc17_lzd_oxyotl,true,false,true,true,false,false,,legendary_lords,wh2_dlc17_skill_node_set_lzd_oxyotl,,1,general,false,false,,,,wh3_main_agent_action_scaling,wh3_main_skill_agent_action_success_scaling,Agent action success modifer,Hidden skill that scales action success/defence chance,mount_hellsteed.png,0,99,0,0,false,0,49,13,Agent action success modifer,Hidden skill that scales action success/defence chance,,,,,,wh_main_effect_agent_action_success_chance_enemy_skill,[HIDDEN] Enemy Hero action success chance: %+n% (from skill),,character_to_character_own,-13,campaign,0,true,,,,,,,,,,,,,,,,,,,,,,,,,character_skill_level_to_effects_junctions_tables,wh3_main_skill_agent_action_success_scaling|wh_main_effect_agent_action_success_chance_enemy_skill|13|character_to_character_own
effect,warhammer_3,8.1.1,24237342,Lizardmen,lizardmen,wh2_main_sc_lzd_lizardmen,Oxyotl,Oxyotl,legendary_lord,wh2_dlc17_lzd_oxyotl,general,general,wh2_dlc17_lzd_oxyotl,true,false,true,true,false,false,,legendary_lords,wh2_dlc17_skill_node_set_lzd_oxyotl,,1,general,false,false,,,,wh3_main_agent_action_scaling,wh3_main_skill_agent_action_success_scaling,Agent action success modifer,Hidden skill that scales action success/defence chance,mount_hellsteed.png,0,99,0,0,false,0,49,13,Agent action success modifer,Hidden skill that scales action success/defence chance,,,,,,wh_main_effect_agent_action_success_chance_skill,[HIDDEN] Hero action success chance: %+n% (from skill),,character_to_character_own,13,campaign,0,true,,,,,,,,,,,,,,,,,,,,,,,,,character_skill_level_to_effects_junctions_tables,wh3_main_skill_agent_action_success_scaling|wh_main_effect_agent_action_success_chance_skill|13|character_to_character_own
effect,warhammer_3,8.1.1,24237342,Lizardmen,lizardmen,wh2_main_sc_lzd_lizardmen,Oxyotl,Oxyotl,legendary_lord,wh2_dlc17_lzd_oxyotl,general,general,wh2_dlc17_lzd_oxyotl,true,false,true,true,false,false,,legendary_lords,wh2_dlc17_skill_node_set_lzd_oxyotl,,1,general,false,false,,,,wh3_main_agent_action_scaling,wh3_main_skill_agent_action_success_scaling,Agent action success modifer,Hidden skill that scales action success/defence chance,mount_hellsteed.png,0,99,0,0,false,0,49,14,Agent action success modifer,Hidden skill that scales action success/defence chance,,,,,,wh_main_effect_agent_action_success_chance_enemy_skill,[HIDDEN] Enemy Hero action success chance: %+n% (from skill),,character_to_character_own,-14,campaign,0,true,,,,,,,,,,,,,,,,,,,,,,,,,character_skill_level_to_effects_junctions_tables,wh3_main_skill_agent_action_success_scaling|wh_main_effect_agent_action_success_chance_enemy_skill|14|character_to_character_own
effect,warhammer_3,8.1.1,24237342,Lizardmen,lizardmen,wh2_main_sc_lzd_lizardmen,Oxyotl,Oxyotl,legendary_lord,wh2_dlc17_lzd_oxyotl,general,general,wh2_dlc17_lzd_oxyotl,true,false,true,true,false,false,,legendary_lords,wh2_dlc17_skill_node_set_lzd_oxyotl,,1,general,false,false,,,,wh3_main_agent_action_scaling,wh3_main_skill_agent_action_success_scaling,Agent action success modifer,Hidden skill that scales action success/defence chance,mount_hellsteed.png,0,99,0,0,false,0,49,14,Agent action success modifer,Hidden skill that scales action success/defence chance,,,,,,wh_main_effect_agent_action_success_chance_skill,[HIDDEN] Hero action success chance: %+n% (from skill),,character_to_character_own,14,campaign,0,true,,,,,,,,,,,,,,,,,,,,,,,,,character_skill_level_to_effects_junctions_tables,wh3_main_skill_agent_action_success_scaling|wh_main_effect_agent_action_success_chance_skill|14|character_to_character_own
effect,warhammer_3,8.1.1,24237342,Lizardmen,lizardmen,wh2_main_sc_lzd_lizardmen,Oxyotl,Oxyotl,legendary_lord,wh2_dlc17_lzd_oxyotl,general,general,wh2_dlc17_lzd_oxyotl,true,false,true,true,false,false,,legendary_lords,wh2_dlc17_skill_node_set_lzd_oxyotl,,1,general,false,false,,,,wh3_main_agent_action_scaling,wh3_main_skill_agent_action_success_scaling,Agent action success modifer,Hidden skill that scales action success/defence chance,mount_hellsteed.png,0,99,0,0,false,0,49,15,Agent action success modifer,Hidden skill that scales action success/defence chance,,,,,,wh_main_effect_agent_action_success_chance_enemy_skill,[HIDDEN] Enemy Hero action success chance: %+n% (from skill),,character_to_character_own,-15,campaign,0,true,,,,,,,,,,,,,,,,,,,,,,,,,character_skill_level_to_effects_junctions_tables,wh3_main_skill_agent_action_success_scaling|wh_main_effect_agent_action_success_chance_enemy_skill|15|character_to_character_own
effect,warhammer_3,8.1.1,24237342,Lizardmen,lizardmen,wh2_main_sc_lzd_lizardmen,Oxyotl,Oxyotl,legendary_lord,wh2_dlc17_lzd_oxyotl,general,general,wh2_dlc17_lzd_oxyotl,true,false,true,true,false,false,,legendary_lords,wh2_dlc17_skill_node_set_lzd_oxyotl,,1,general,false,false,,,,wh3_main_agent_action_scaling,wh3_main_skill_agent_action_success_scaling,Agent action success modifer,Hidden skill that scales action success/defence chance,mount_hellsteed.png,0,99,0,0,false,0,49,15,Agent action success modifer,Hidden skill that scales action success/defence chance,,,,,,wh_main_effect_agent_action_success_chance_skill,[HIDDEN] Hero action success chance: %+n% (from skill),,character_to_character_own,15,campaign,0,true,,,,,,,,,,,,,,,,,,,,,,,,,character_skill_level_to_effects_junctions_tables,wh3_main_skill_agent_action_success_scaling|wh_main_effect_agent_action_success_chance_skill|15|character_to_character_own
effect,warhammer_3,8.1.1,24237342,Lizardmen,lizardmen,wh2_main_sc_lzd_lizardmen,Oxyotl,Oxyotl,legendary_lord,wh2_dlc17_lzd_oxyotl,general,general,wh2_dlc17_lzd_oxyotl,true,false,true,true,false,false,,legendary_lords,wh2_dlc17_skill_node_set_lzd_oxyotl,,1,general,false,false,,,,wh3_main_agent_action_scaling,wh3_main_skill_agent_action_success_scaling,Agent action success modifer,Hidden skill that scales action success/defence chance,mount_hellsteed.png,0,99,0,0,false,0,49,16,Agent action success modifer,Hidden skill that scales action success/defence chance,,,,,,wh_main_effect_agent_action_success_chance_enemy_skill,[HIDDEN] Enemy Hero action success chance: %+n% (from skill),,character_to_character_own,-16,campaign,0,true,,,,,,,,,,,,,,,,,,,,,,,,,character_skill_level_to_effects_junctions_tables,wh3_main_skill_agent_action_success_scaling|wh_main_effect_agent_action_success_chance_enemy_skill|16|character_to_character_own
effect,warhammer_3,8.1.1,24237342,Lizardmen,lizardmen,wh2_main_sc_lzd_lizardmen,Oxyotl,Oxyotl,legendary_lord,wh2_dlc17_lzd_oxyotl,general,general,wh2_dlc17_lzd_oxyotl,true,false,true,true,false,false,,legendary_lords,wh2_dlc17_skill_node_set_lzd_oxyotl,,1,general,false,false,,,,wh3_main_agent_action_scaling,wh3_main_skill_agent_action_success_scaling,Agent action success modifer,Hidden skill that scales action success/defence chance,mount_hellsteed.png,0,99,0,0,false,0,49,16,Agent action success modifer,Hidden skill that scales action success/defence chance,,,,,,wh_main_effect_agent_action_success_chance_skill,[HIDDEN] Hero action success chance: %+n% (from skill),,character_to_character_own,16,campaign,0,true,,,,,,,,,,,,,,,,,,,,,,,,,character_skill_level_to_effects_junctions_tables,wh3_main_skill_agent_action_success_scaling|wh_main_effect_agent_action_success_chance_skill|16|character_to_character_own
effect,warhammer_3,8.1.1,24237342,Lizardmen,lizardmen,wh2_main_sc_lzd_lizardmen,Oxyotl,Oxyotl,legendary_lord,wh2_dlc17_lzd_oxyotl,general,general,wh2_dlc17_lzd_oxyotl,true,false,true,true,false,false,,legendary_lords,wh2_dlc17_skill_node_set_lzd_oxyotl,,1,general,false,false,,,,wh3_main_agent_action_scaling,wh3_main_skill_agent_action_success_scaling,Agent action success modifer,Hidden skill that scales action success/defence chance,mount_hellsteed.png,0,99,0,0,false,0,49,17,Agent action success modifer,Hidden skill that scales action success/defence chance,,,,,,wh_main_effect_agent_action_success_chance_enemy_skill,[HIDDEN] Enemy Hero action success chance: %+n% (from skill),,character_to_character_own,-17,campaign,0,true,,,,,,,,,,,,,,,,,,,,,,,,,character_skill_level_to_effects_junctions_tables,wh3_main_skill_agent_action_success_scaling|wh_main_effect_agent_action_success_chance_enemy_skill|17|character_to_character_own
effect,warhammer_3,8.1.1,24237342,Lizardmen,lizardmen,wh2_main_sc_lzd_lizardmen,Oxyotl,Oxyotl,legendary_lord,wh2_dlc17_lzd_oxyotl,general,general,wh2_dlc17_lzd_oxyotl,true,false,true,true,false,false,,legendary_lords,wh2_dlc17_skill_node_set_lzd_oxyotl,,1,general,false,false,,,,wh3_main_agent_action_scaling,wh3_main_skill_agent_action_success_scaling,Agent action success modifer,Hidden skill that scales action success/defence chance,mount_hellsteed.png,0,99,0,0,false,0,49,17,Agent action success modifer,Hidden skill that scales action success/defence chance,,,,,,wh_main_effect_agent_action_success_chance_skill,[HIDDEN] Hero action success chance: %+n% (from skill),,character_to_character_own,17,campaign,0,true,,,,,,,,,,,,,,,,,,,,,,,,,character_skill_level_to_effects_junctions_tables,wh3_main_skill_agent_action_success_scaling|wh_main_effect_agent_action_success_chance_skill|17|character_to_character_own
effect,warhammer_3,8.1.1,24237342,Lizardmen,lizardmen,wh2_main_sc_lzd_lizardmen,Oxyotl,Oxyotl,legendary_lord,wh2_dlc17_lzd_oxyotl,general,general,wh2_dlc17_lzd_oxyotl,true,false,true,true,false,false,,legendary_lords,wh2_dlc17_skill_node_set_lzd_oxyotl,,1,general,false,false,,,,wh3_main_agent_action_scaling,wh3_main_skill_agent_action_success_scaling,Agent action success modifer,Hidden skill that scales action success/defence chance,mount_hellsteed.png,0,99,0,0,false,0,49,18,Agent action success modifer,Hidden skill that scales action success/defence chance,,,,,,wh_main_effect_agent_action_success_chance_enemy_skill,[HIDDEN] Enemy Hero action success chance: %+n% (from skill),,character_to_character_own,-18,campaign,0,true,,,,,,,,,,,,,,,,,,,,,,,,,character_skill_level_to_effects_junctions_tables,wh3_main_skill_agent_action_success_scaling|wh_main_effect_agent_action_success_chance_enemy_skill|18|character_to_character_own
effect,warhammer_3,8.1.1,24237342,Lizardmen,lizardmen,wh2_main_sc_lzd_lizardmen,Oxyotl,Oxyotl,legendary_lord,wh2_dlc17_lzd_oxyotl,general,general,wh2_dlc17_lzd_oxyotl,true,false,true,true,false,false,,legendary_lords,wh2_dlc17_skill_node_set_lzd_oxyotl,,1,general,false,false,,,,wh3_main_agent_action_scaling,wh3_main_skill_agent_action_success_scaling,Agent action success modifer,Hidden skill that scales action success/defence chance,mount_hellsteed.png,0,99,0,0,false,0,49,18,Agent action success modifer,Hidden skill that scales action success/defence chance,,,,,,wh_main_effect_agent_action_success_chance_skill,[HIDDEN] Hero action success chance: %+n% (from skill),,character_to_character_own,18,campaign,0,true,,,,,,,,,,,,,,,,,,,,,,,,,character_skill_level_to_effects_junctions_tables,wh3_main_skill_agent_action_success_scaling|wh_main_effect_agent_action_success_chance_skill|18|character_to_character_own
effect,warhammer_3,8.1.1,24237342,Lizardmen,lizardmen,wh2_main_sc_lzd_lizardmen,Oxyotl,Oxyotl,legendary_lord,wh2_dlc17_lzd_oxyotl,general,general,wh2_dlc17_lzd_oxyotl,true,false,true,true,false,false,,legendary_lords,wh2_dlc17_skill_node_set_lzd_oxyotl,,1,general,false,false,,,,wh3_main_agent_action_scaling,wh3_main_skill_agent_action_success_scaling,Agent action success modifer,Hidden skill that scales action success/defence chance,mount_hellsteed.png,0,99,0,0,false,0,49,19,Agent action success modifer,Hidden skill that scales action success/defence chance,,,,,,wh_main_effect_agent_action_success_chance_enemy_skill,[HIDDEN] Enemy Hero action success chance: %+n% (from skill),,character_to_character_own,-19,campaign,0,true,,,,,,,,,,,,,,,,,,,,,,,,,character_skill_level_to_effects_junctions_tables,wh3_main_skill_agent_action_success_scaling|wh_main_effect_agent_action_success_chance_enemy_skill|19|character_to_character_own
effect,warhammer_3,8.1.1,24237342,Lizardmen,lizardmen,wh2_main_sc_lzd_lizardmen,Oxyotl,Oxyotl,legendary_lord,wh2_dlc17_lzd_oxyotl,general,general,wh2_dlc17_lzd_oxyotl,true,false,true,true,false,false,,legendary_lords,wh2_dlc17_skill_node_set_lzd_oxyotl,,1,general,false,false,,,,wh3_main_agent_action_scaling,wh3_main_skill_agent_action_success_scaling,Agent action success modifer,Hidden skill that scales action success/defence chance,mount_hellsteed.png,0,99,0,0,false,0,49,19,Agent action success modifer,Hidden skill that scales action success/defence chance,,,,,,wh_main_effect_agent_action_success_chance_skill,[HIDDEN] Hero action success chance: %+n% (from skill),,character_to_character_own,19,campaign,0,true,,,,,,,,,,,,,,,,,,,,,,,,,character_skill_level_to_effects_junctions_tables,wh3_main_skill_agent_action_success_scaling|wh_main_effect_agent_action_success_chance_skill|19|character_to_character_own
effect,warhammer_3,8.1.1,24237342,Lizardmen,lizardmen,wh2_main_sc_lzd_lizardmen,Oxyotl,Oxyotl,legendary_lord,wh2_dlc17_lzd_oxyotl,general,general,wh2_dlc17_lzd_oxyotl,true,false,true,true,false,false,,legendary_lords,wh2_dlc17_skill_node_set_lzd_oxyotl,,1,general,false,false,,,,wh3_main_agent_action_scaling,wh3_main_skill_agent_action_success_scaling,Agent action success modifer,Hidden skill that scales action success/defence chance,mount_hellsteed.png,0,99,0,0,false,0,49,20,Agent action success modifer,Hidden skill that scales action success/defence chance,,,,,,wh_main_effect_agent_action_success_chance_enemy_skill,[HIDDEN] Enemy Hero action success chance: %+n% (from skill),,character_to_character_own,-20,campaign,0,true,,,,,,,,,,,,,,,,,,,,,,,,,character_skill_level_to_effects_junctions_tables,wh3_main_skill_agent_action_success_scaling|wh_main_effect_agent_action_success_chance_enemy_skill|20|character_to_character_own
effect,warhammer_3,8.1.1,24237342,Lizardmen,lizardmen,wh2_main_sc_lzd_lizardmen,Oxyotl,Oxyotl,legendary_lord,wh2_dlc17_lzd_oxyotl,general,general,wh2_dlc17_lzd_oxyotl,true,false,true,true,false,false,,legendary_lords,wh2_dlc17_skill_node_set_lzd_oxyotl,,1,general,false,false,,,,wh3_main_agent_action_scaling,wh3_main_skill_agent_action_success_scaling,Agent action success modifer,Hidden skill that scales action success/defence chance,mount_hellsteed.png,0,99,0,0,false,0,49,20,Agent action success modifer,Hidden skill that scales action success/defence chance,,,,,,wh_main_effect_agent_action_success_chance_skill,[HIDDEN] Hero action success chance: %+n% (from skill),,character_to_character_own,20,campaign,0,true,,,,,,,,,,,,,,,,,,,,,,,,,character_skill_level_to_effects_junctions_tables,wh3_main_skill_agent_action_success_scaling|wh_main_effect_agent_action_success_chance_skill|20|character_to_character_own
effect,warhammer_3,8.1.1,24237342,Lizardmen,lizardmen,wh2_main_sc_lzd_lizardmen,Oxyotl,Oxyotl,legendary_lord,wh2_dlc17_lzd_oxyotl,general,general,wh2_dlc17_lzd_oxyotl,true,false,true,true,false,false,,legendary_lords,wh2_dlc17_skill_node_set_lzd_oxyotl,,1,general,false,false,,,,wh3_main_agent_action_scaling,wh3_main_skill_agent_action_success_scaling,Agent action success modifer,Hidden skill that scales action success/defence chance,mount_hellsteed.png,0,99,0,0,false,0,49,21,Agent action success modifer,Hidden skill that scales action success/defence chance,,,,,,wh_main_effect_agent_action_success_chance_enemy_skill,[HIDDEN] Enemy Hero action success chance: %+n% (from skill),,character_to_character_own,-21,campaign,0,true,,,,,,,,,,,,,,,,,,,,,,,,,character_skill_level_to_effects_junctions_tables,wh3_main_skill_agent_action_success_scaling|wh_main_effect_agent_action_success_chance_enemy_skill|21|character_to_character_own
effect,warhammer_3,8.1.1,24237342,Lizardmen,lizardmen,wh2_main_sc_lzd_lizardmen,Oxyotl,Oxyotl,legendary_lord,wh2_dlc17_lzd_oxyotl,general,general,wh2_dlc17_lzd_oxyotl,true,false,true,true,false,false,,legendary_lords,wh2_dlc17_skill_node_set_lzd_oxyotl,,1,general,false,false,,,,wh3_main_agent_action_scaling,wh3_main_skill_agent_action_success_scaling,Agent action success modifer,Hidden skill that scales action success/defence chance,mount_hellsteed.png,0,99,0,0,false,0,49,21,Agent action success modifer,Hidden skill that scales action success/defence chance,,,,,,wh_main_effect_agent_action_success_chance_skill,[HIDDEN] Hero action success chance: %+n% (from skill),,character_to_character_own,21,campaign,0,true,,,,,,,,,,,,,,,,,,,,,,,,,character_skill_level_to_effects_junctions_tables,wh3_main_skill_agent_action_success_scaling|wh_main_effect_agent_action_success_chance_skill|21|character_to_character_own
effect,warhammer_3,8.1.1,24237342,Lizardmen,lizardmen,wh2_main_sc_lzd_lizardmen,Oxyotl,Oxyotl,legendary_lord,wh2_dlc17_lzd_oxyotl,general,general,wh2_dlc17_lzd_oxyotl,true,false,true,true,false,false,,legendary_lords,wh2_dlc17_skill_node_set_lzd_oxyotl,,1,general,false,false,,,,wh3_main_agent_action_scaling,wh3_main_skill_agent_action_success_scaling,Agent action success modifer,Hidden skill that scales action success/defence chance,mount_hellsteed.png,0,99,0,0,false,0,49,22,Agent action success modifer,Hidden skill that scales action success/defence chance,,,,,,wh_main_effect_agent_action_success_chance_enemy_skill,[HIDDEN] Enemy Hero action success chance: %+n% (from skill),,character_to_character_own,-22,campaign,0,true,,,,,,,,,,,,,,,,,,,,,,,,,character_skill_level_to_effects_junctions_tables,wh3_main_skill_agent_action_success_scaling|wh_main_effect_agent_action_success_chance_enemy_skill|22|character_to_character_own
effect,warhammer_3,8.1.1,24237342,Lizardmen,lizardmen,wh2_main_sc_lzd_lizardmen,Oxyotl,Oxyotl,legendary_lord,wh2_dlc17_lzd_oxyotl,general,general,wh2_dlc17_lzd_oxyotl,true,false,true,true,false,false,,legendary_lords,wh2_dlc17_skill_node_set_lzd_oxyotl,,1,general,false,false,,,,wh3_main_agent_action_scaling,wh3_main_skill_agent_action_success_scaling,Agent action success modifer,Hidden skill that scales action success/defence chance,mount_hellsteed.png,0,99,0,0,false,0,49,22,Agent action success modifer,Hidden skill that scales action success/defence chance,,,,,,wh_main_effect_agent_action_success_chance_skill,[HIDDEN] Hero action success chance: %+n% (from skill),,character_to_character_own,22,campaign,0,true,,,,,,,,,,,,,,,,,,,,,,,,,character_skill_level_to_effects_junctions_tables,wh3_main_skill_agent_action_success_scaling|wh_main_effect_agent_action_success_chance_skill|22|character_to_character_own
effect,warhammer_3,8.1.1,24237342,Lizardmen,lizardmen,wh2_main_sc_lzd_lizardmen,Oxyotl,Oxyotl,legendary_lord,wh2_dlc17_lzd_oxyotl,general,general,wh2_dlc17_lzd_oxyotl,true,false,true,true,false,false,,legendary_lords,wh2_dlc17_skill_node_set_lzd_oxyotl,,1,general,false,false,,,,wh3_main_agent_action_scaling,wh3_main_skill_agent_action_success_scaling,Agent action success modifer,Hidden skill that scales action success/defence chance,mount_hellsteed.png,0,99,0,0,false,0,49,23,Agent action success modifer,Hidden skill that scales action success/defence chance,,,,,,wh_main_effect_agent_action_success_chance_enemy_skill,[HIDDEN] Enemy Hero action success chance: %+n% (from skill),,character_to_character_own,-23,campaign,0,true,,,,,,,,,,,,,,,,,,,,,,,,,character_skill_level_to_effects_junctions_tables,wh3_main_skill_agent_action_success_scaling|wh_main_effect_agent_action_success_chance_enemy_skill|23|character_to_character_own
effect,warhammer_3,8.1.1,24237342,Lizardmen,lizardmen,wh2_main_sc_lzd_lizardmen,Oxyotl,Oxyotl,legendary_lord,wh2_dlc17_lzd_oxyotl,general,general,wh2_dlc17_lzd_oxyotl,true,false,true,true,false,false,,legendary_lords,wh2_dlc17_skill_node_set_lzd_oxyotl,,1,general,false,false,,,,wh3_main_agent_action_scaling,wh3_main_skill_agent_action_success_scaling,Agent action success modifer,Hidden skill that scales action success/defence chance,mount_hellsteed.png,0,99,0,0,false,0,49,23,Agent action success modifer,Hidden skill that scales action success/defence chance,,,,,,wh_main_effect_agent_action_success_chance_skill,[HIDDEN] Hero action success chance: %+n% (from skill),,character_to_character_own,23,campaign,0,true,,,,,,,,,,,,,,,,,,,,,,,,,character_skill_level_to_effects_junctions_tables,wh3_main_skill_agent_action_success_scaling|wh_main_effect_agent_action_success_chance_skill|23|character_to_character_own
effect,warhammer_3,8.1.1,24237342,Lizardmen,lizardmen,wh2_main_sc_lzd_lizardmen,Oxyotl,Oxyotl,legendary_lord,wh2_dlc17_lzd_oxyotl,general,general,wh2_dlc17_lzd_oxyotl,true,false,true,true,false,false,,legendary_lords,wh2_dlc17_skill_node_set_lzd_oxyotl,,1,general,false,false,,,,wh3_main_agent_action_scaling,wh3_main_skill_agent_action_success_scaling,Agent action success modifer,Hidden skill that scales action success/defence chance,mount_hellsteed.png,0,99,0,0,false,0,49,24,Agent action success modifer,Hidden skill that scales action success/defence chance,,,,,,wh_main_effect_agent_action_success_chance_enemy_skill,[HIDDEN] Enemy Hero action success chance: %+n% (from skill),,character_to_character_own,-24,campaign,0,true,,,,,,,,,,,,,,,,,,,,,,,,,character_skill_level_to_effects_junctions_tables,wh3_main_skill_agent_action_success_scaling|wh_main_effect_agent_action_success_chance_enemy_skill|24|character_to_character_own
effect,warhammer_3,8.1.1,24237342,Lizardmen,lizardmen,wh2_main_sc_lzd_lizardmen,Oxyotl,Oxyotl,legendary_lord,wh2_dlc17_lzd_oxyotl,general,general,wh2_dlc17_lzd_oxyotl,true,false,true,true,false,false,,legendary_lords,wh2_dlc17_skill_node_set_lzd_oxyotl,,1,general,false,false,,,,wh3_main_agent_action_scaling,wh3_main_skill_agent_action_success_scaling,Agent action success modifer,Hidden skill that scales action success/defence chance,mount_hellsteed.png,0,99,0,0,false,0,49,24,Agent action success modifer,Hidden skill that scales action success/defence chance,,,,,,wh_main_effect_agent_action_success_chance_skill,[HIDDEN] Hero action success chance: %+n% (from skill),,character_to_character_own,24,campaign,0,true,,,,,,,,,,,,,,,,,,,,,,,,,character_skill_level_to_effects_junctions_tables,wh3_main_skill_agent_action_success_scaling|wh_main_effect_agent_action_success_chance_skill|24|character_to_character_own
effect,warhammer_3,8.1.1,24237342,Lizardmen,lizardmen,wh2_main_sc_lzd_lizardmen,Oxyotl,Oxyotl,legendary_lord,wh2_dlc17_lzd_oxyotl,general,general,wh2_dlc17_lzd_oxyotl,true,false,true,true,false,false,,legendary_lords,wh2_dlc17_skill_node_set_lzd_oxyotl,,1,general,false,false,,,,wh3_main_agent_action_scaling,wh3_main_skill_agent_action_success_scaling,Agent action success modifer,Hidden skill that scales action success/defence chance,mount_hellsteed.png,0,99,0,0,false,0,49,25,Agent action success modifer,Hidden skill that scales action success/defence chance,,,,,,wh_main_effect_agent_action_success_chance_enemy_skill,[HIDDEN] Enemy Hero action success chance: %+n% (from skill),,character_to_character_own,-25,campaign,0,true,,,,,,,,,,,,,,,,,,,,,,,,,character_skill_level_to_effects_junctions_tables,wh3_main_skill_agent_action_success_scaling|wh_main_effect_agent_action_success_chance_enemy_skill|25|character_to_character_own
effect,warhammer_3,8.1.1,24237342,Lizardmen,lizardmen,wh2_main_sc_lzd_lizardmen,Oxyotl,Oxyotl,legendary_lord,wh2_dlc17_lzd_oxyotl,general,general,wh2_dlc17_lzd_oxyotl,true,false,true,true,false,false,,legendary_lords,wh2_dlc17_skill_node_set_lzd_oxyotl,,1,general,false,false,,,,wh3_main_agent_action_scaling,wh3_main_skill_agent_action_success_scaling,Agent action success modifer,Hidden skill that scales action success/defence chance,mount_hellsteed.png,0,99,0,0,false,0,49,25,Agent action success modifer,Hidden skill that scales action success/defence chance,,,,,,wh_main_effect_agent_action_success_chance_skill,[HIDDEN] Hero action success chance: %+n% (from skill),,character_to_character_own,25,campaign,0,true,,,,,,,,,,,,,,,,,,,,,,,,,character_skill_level_to_effects_junctions_tables,wh3_main_skill_agent_action_success_scaling|wh_main_effect_agent_action_success_chance_skill|25|character_to_character_own
effect,warhammer_3,8.1.1,24237342,Lizardmen,lizardmen,wh2_main_sc_lzd_lizardmen,Oxyotl,Oxyotl,legendary_lord,wh2_dlc17_lzd_oxyotl,general,general,wh2_dlc17_lzd_oxyotl,true,false,true,true,false,false,,legendary_lords,wh2_dlc17_skill_node_set_lzd_oxyotl,,1,general,false,false,,,,wh3_main_agent_action_scaling,wh3_main_skill_agent_action_success_scaling,Agent action success modifer,Hidden skill that scales action success/defence chance,mount_hellsteed.png,0,99,0,0,false,0,49,26,Agent action success modifer,Hidden skill that scales action success/defence chance,,,,,,wh_main_effect_agent_action_success_chance_enemy_skill,[HIDDEN] Enemy Hero action success chance: %+n% (from skill),,character_to_character_own,-26,campaign,0,true,,,,,,,,,,,,,,,,,,,,,,,,,character_skill_level_to_effects_junctions_tables,wh3_main_skill_agent_action_success_scaling|wh_main_effect_agent_action_success_chance_enemy_skill|26|character_to_character_own
effect,warhammer_3,8.1.1,24237342,Lizardmen,lizardmen,wh2_main_sc_lzd_lizardmen,Oxyotl,Oxyotl,legendary_lord,wh2_dlc17_lzd_oxyotl,general,general,wh2_dlc17_lzd_oxyotl,true,false,true,true,false,false,,legendary_lords,wh2_dlc17_skill_node_set_lzd_oxyotl,,1,general,false,false,,,,wh3_main_agent_action_scaling,wh3_main_skill_agent_action_success_scaling,Agent action success modifer,Hidden skill that scales action success/defence chance,mount_hellsteed.png,0,99,0,0,false,0,49,26,Agent action success modifer,Hidden skill that scales action success/defence chance,,,,,,wh_main_effect_agent_action_success_chance_skill,[HIDDEN] Hero action success chance: %+n% (from skill),,character_to_character_own,26,campaign,0,true,,,,,,,,,,,,,,,,,,,,,,,,,character_skill_level_to_effects_junctions_tables,wh3_main_skill_agent_action_success_scaling|wh_main_effect_agent_action_success_chance_skill|26|character_to_character_own
effect,warhammer_3,8.1.1,24237342,Lizardmen,lizardmen,wh2_main_sc_lzd_lizardmen,Oxyotl,Oxyotl,legendary_lord,wh2_dlc17_lzd_oxyotl,general,general,wh2_dlc17_lzd_oxyotl,true,false,true,true,false,false,,legendary_lords,wh2_dlc17_skill_node_set_lzd_oxyotl,,1,general,false,false,,,,wh3_main_agent_action_scaling,wh3_main_skill_agent_action_success_scaling,Agent action success modifer,Hidden skill that scales action success/defence chance,mount_hellsteed.png,0,99,0,0,false,0,49,27,Agent action success modifer,Hidden skill that scales action success/defence chance,,,,,,wh_main_effect_agent_action_success_chance_enemy_skill,[HIDDEN] Enemy Hero action success chance: %+n% (from skill),,character_to_character_own,-27,campaign,0,true,,,,,,,,,,,,,,,,,,,,,,,,,character_skill_level_to_effects_junctions_tables,wh3_main_skill_agent_action_success_scaling|wh_main_effect_agent_action_success_chance_enemy_skill|27|character_to_character_own
effect,warhammer_3,8.1.1,24237342,Lizardmen,lizardmen,wh2_main_sc_lzd_lizardmen,Oxyotl,Oxyotl,legendary_lord,wh2_dlc17_lzd_oxyotl,general,general,wh2_dlc17_lzd_oxyotl,true,false,true,true,false,false,,legendary_lords,wh2_dlc17_skill_node_set_lzd_oxyotl,,1,general,false,false,,,,wh3_main_agent_action_scaling,wh3_main_skill_agent_action_success_scaling,Agent action success modifer,Hidden skill that scales action success/defence chance,mount_hellsteed.png,0,99,0,0,false,0,49,27,Agent action success modifer,Hidden skill that scales action success/defence chance,,,,,,wh_main_effect_agent_action_success_chance_skill,[HIDDEN] Hero action success chance: %+n% (from skill),,character_to_character_own,27,campaign,0,true,,,,,,,,,,,,,,,,,,,,,,,,,character_skill_level_to_effects_junctions_tables,wh3_main_skill_agent_action_success_scaling|wh_main_effect_agent_action_success_chance_skill|27|character_to_character_own
effect,warhammer_3,8.1.1,24237342,Lizardmen,lizardmen,wh2_main_sc_lzd_lizardmen,Oxyotl,Oxyotl,legendary_lord,wh2_dlc17_lzd_oxyotl,general,general,wh2_dlc17_lzd_oxyotl,true,false,true,true,false,false,,legendary_lords,wh2_dlc17_skill_node_set_lzd_oxyotl,,1,general,false,false,,,,wh3_main_agent_action_scaling,wh3_main_skill_agent_action_success_scaling,Agent action success modifer,Hidden skill that scales action success/defence chance,mount_hellsteed.png,0,99,0,0,false,0,49,28,Agent action success modifer,Hidden skill that scales action success/defence chance,,,,,,wh_main_effect_agent_action_success_chance_enemy_skill,[HIDDEN] Enemy Hero action success chance: %+n% (from skill),,character_to_character_own,-28,campaign,0,true,,,,,,,,,,,,,,,,,,,,,,,,,character_skill_level_to_effects_junctions_tables,wh3_main_skill_agent_action_success_scaling|wh_main_effect_agent_action_success_chance_enemy_skill|28|character_to_character_own
effect,warhammer_3,8.1.1,24237342,Lizardmen,lizardmen,wh2_main_sc_lzd_lizardmen,Oxyotl,Oxyotl,legendary_lord,wh2_dlc17_lzd_oxyotl,general,general,wh2_dlc17_lzd_oxyotl,true,false,true,true,false,false,,legendary_lords,wh2_dlc17_skill_node_set_lzd_oxyotl,,1,general,false,false,,,,wh3_main_agent_action_scaling,wh3_main_skill_agent_action_success_scaling,Agent action success modifer,Hidden skill that scales action success/defence chance,mount_hellsteed.png,0,99,0,0,false,0,49,28,Agent action success modifer,Hidden skill that scales action success/defence chance,,,,,,wh_main_effect_agent_action_success_chance_skill,[HIDDEN] Hero action success chance: %+n% (from skill),,character_to_character_own,28,campaign,0,true,,,,,,,,,,,,,,,,,,,,,,,,,character_skill_level_to_effects_junctions_tables,wh3_main_skill_agent_action_success_scaling|wh_main_effect_agent_action_success_chance_skill|28|character_to_character_own
effect,warhammer_3,8.1.1,24237342,Lizardmen,lizardmen,wh2_main_sc_lzd_lizardmen,Oxyotl,Oxyotl,legendary_lord,wh2_dlc17_lzd_oxyotl,general,general,wh2_dlc17_lzd_oxyotl,true,false,true,true,false,false,,legendary_lords,wh2_dlc17_skill_node_set_lzd_oxyotl,,1,general,false,false,,,,wh3_main_agent_action_scaling,wh3_main_skill_agent_action_success_scaling,Agent action success modifer,Hidden skill that scales action success/defence chance,mount_hellsteed.png,0,99,0,0,false,0,49,29,Agent action success modifer,Hidden skill that scales action success/defence chance,,,,,,wh_main_effect_agent_action_success_chance_enemy_skill,[HIDDEN] Enemy Hero action success chance: %+n% (from skill),,character_to_character_own,-29,campaign,0,true,,,,,,,,,,,,,,,,,,,,,,,,,character_skill_level_to_effects_junctions_tables,wh3_main_skill_agent_action_success_scaling|wh_main_effect_agent_action_success_chance_enemy_skill|29|character_to_character_own
effect,warhammer_3,8.1.1,24237342,Lizardmen,lizardmen,wh2_main_sc_lzd_lizardmen,Oxyotl,Oxyotl,legendary_lord,wh2_dlc17_lzd_oxyotl,general,general,wh2_dlc17_lzd_oxyotl,true,false,true,true,false,false,,legendary_lords,wh2_dlc17_skill_node_set_lzd_oxyotl,,1,general,false,false,,,,wh3_main_agent_action_scaling,wh3_main_skill_agent_action_success_scaling,Agent action success modifer,Hidden skill that scales action success/defence chance,mount_hellsteed.png,0,99,0,0,false,0,49,29,Agent action success modifer,Hidden skill that scales action success/defence chance,,,,,,wh_main_effect_agent_action_success_chance_skill,[HIDDEN] Hero action success chance: %+n% (from skill),,character_to_character_own,29,campaign,0,true,,,,,,,,,,,,,,,,,,,,,,,,,character_skill_level_to_effects_junctions_tables,wh3_main_skill_agent_action_success_scaling|wh_main_effect_agent_action_success_chance_skill|29|character_to_character_own
effect,warhammer_3,8.1.1,24237342,Lizardmen,lizardmen,wh2_main_sc_lzd_lizardmen,Oxyotl,Oxyotl,legendary_lord,wh2_dlc17_lzd_oxyotl,general,general,wh2_dlc17_lzd_oxyotl,true,false,true,true,false,false,,legendary_lords,wh2_dlc17_skill_node_set_lzd_oxyotl,,1,general,false,false,,,,wh3_main_agent_action_scaling,wh3_main_skill_agent_action_success_scaling,Agent action success modifer,Hidden skill that scales action success/defence chance,mount_hellsteed.png,0,99,0,0,false,0,49,30,Agent action success modifer,Hidden skill that scales action success/defence chance,,,,,,wh_main_effect_agent_action_success_chance_enemy_skill,[HIDDEN] Enemy Hero action success chance: %+n% (from skill),,character_to_character_own,-30,campaign,0,true,,,,,,,,,,,,,,,,,,,,,,,,,character_skill_level_to_effects_junctions_tables,wh3_main_skill_agent_action_success_scaling|wh_main_effect_agent_action_success_chance_enemy_skill|30|character_to_character_own
effect,warhammer_3,8.1.1,24237342,Lizardmen,lizardmen,wh2_main_sc_lzd_lizardmen,Oxyotl,Oxyotl,legendary_lord,wh2_dlc17_lzd_oxyotl,general,general,wh2_dlc17_lzd_oxyotl,true,false,true,true,false,false,,legendary_lords,wh2_dlc17_skill_node_set_lzd_oxyotl,,1,general,false,false,,,,wh3_main_agent_action_scaling,wh3_main_skill_agent_action_success_scaling,Agent action success modifer,Hidden skill that scales action success/defence chance,mount_hellsteed.png,0,99,0,0,false,0,49,30,Agent action success modifer,Hidden skill that scales action success/defence chance,,,,,,wh_main_effect_agent_action_success_chance_skill,[HIDDEN] Hero action success chance: %+n% (from skill),,character_to_character_own,30,campaign,0,true,,,,,,,,,,,,,,,,,,,,,,,,,character_skill_level_to_effects_junctions_tables,wh3_main_skill_agent_action_success_scaling|wh_main_effect_agent_action_success_chance_skill|30|character_to_character_own
effect,warhammer_3,8.1.1,24237342,Lizardmen,lizardmen,wh2_main_sc_lzd_lizardmen,Oxyotl,Oxyotl,legendary_lord,wh2_dlc17_lzd_oxyotl,general,general,wh2_dlc17_lzd_oxyotl,true,false,true,true,false,false,,legendary_lords,wh2_dlc17_skill_node_set_lzd_oxyotl,,1,general,false,false,,,,wh3_main_agent_action_scaling,wh3_main_skill_agent_action_success_scaling,Agent action success modifer,Hidden skill that scales action success/defence chance,mount_hellsteed.png,0,99,0,0,false,0,49,31,Agent action success modifer,Hidden skill that scales action success/defence chance,,,,,,wh_main_effect_agent_action_success_chance_enemy_skill,[HIDDEN] Enemy Hero action success chance: %+n% (from skill),,character_to_character_own,-31,campaign,0,true,,,,,,,,,,,,,,,,,,,,,,,,,character_skill_level_to_effects_junctions_tables,wh3_main_skill_agent_action_success_scaling|wh_main_effect_agent_action_success_chance_enemy_skill|31|character_to_character_own
effect,warhammer_3,8.1.1,24237342,Lizardmen,lizardmen,wh2_main_sc_lzd_lizardmen,Oxyotl,Oxyotl,legendary_lord,wh2_dlc17_lzd_oxyotl,general,general,wh2_dlc17_lzd_oxyotl,true,false,true,true,false,false,,legendary_lords,wh2_dlc17_skill_node_set_lzd_oxyotl,,1,general,false,false,,,,wh3_main_agent_action_scaling,wh3_main_skill_agent_action_success_scaling,Agent action success modifer,Hidden skill that scales action success/defence chance,mount_hellsteed.png,0,99,0,0,false,0,49,31,Agent action success modifer,Hidden skill that scales action success/defence chance,,,,,,wh_main_effect_agent_action_success_chance_skill,[HIDDEN] Hero action success chance: %+n% (from skill),,character_to_character_own,31,campaign,0,true,,,,,,,,,,,,,,,,,,,,,,,,,character_skill_level_to_effects_junctions_tables,wh3_main_skill_agent_action_success_scaling|wh_main_effect_agent_action_success_chance_skill|31|character_to_character_own
effect,warhammer_3,8.1.1,24237342,Lizardmen,lizardmen,wh2_main_sc_lzd_lizardmen,Oxyotl,Oxyotl,legendary_lord,wh2_dlc17_lzd_oxyotl,general,general,wh2_dlc17_lzd_oxyotl,true,false,true,true,false,false,,legendary_lords,wh2_dlc17_skill_node_set_lzd_oxyotl,,1,general,false,false,,,,wh3_main_agent_action_scaling,wh3_main_skill_agent_action_success_scaling,Agent action success modifer,Hidden skill that scales action success/defence chance,mount_hellsteed.png,0,99,0,0,false,0,49,32,Agent action success modifer,Hidden skill that scales action success/defence chance,,,,,,wh_main_effect_agent_action_success_chance_enemy_skill,[HIDDEN] Enemy Hero action success chance: %+n% (from skill),,character_to_character_own,-32,campaign,0,true,,,,,,,,,,,,,,,,,,,,,,,,,character_skill_level_to_effects_junctions_tables,wh3_main_skill_agent_action_success_scaling|wh_main_effect_agent_action_success_chance_enemy_skill|32|character_to_character_own
effect,warhammer_3,8.1.1,24237342,Lizardmen,lizardmen,wh2_main_sc_lzd_lizardmen,Oxyotl,Oxyotl,legendary_lord,wh2_dlc17_lzd_oxyotl,general,general,wh2_dlc17_lzd_oxyotl,true,false,true,true,false,false,,legendary_lords,wh2_dlc17_skill_node_set_lzd_oxyotl,,1,general,false,false,,,,wh3_main_agent_action_scaling,wh3_main_skill_agent_action_success_scaling,Agent action success modifer,Hidden skill that scales action success/defence chance,mount_hellsteed.png,0,99,0,0,false,0,49,32,Agent action success modifer,Hidden skill that scales action success/defence chance,,,,,,wh_main_effect_agent_action_success_chance_skill,[HIDDEN] Hero action success chance: %+n% (from skill),,character_to_character_own,32,campaign,0,true,,,,,,,,,,,,,,,,,,,,,,,,,character_skill_level_to_effects_junctions_tables,wh3_main_skill_agent_action_success_scaling|wh_main_effect_agent_action_success_chance_skill|32|character_to_character_own
effect,warhammer_3,8.1.1,24237342,Lizardmen,lizardmen,wh2_main_sc_lzd_lizardmen,Oxyotl,Oxyotl,legendary_lord,wh2_dlc17_lzd_oxyotl,general,general,wh2_dlc17_lzd_oxyotl,true,false,true,true,false,false,,legendary_lords,wh2_dlc17_skill_node_set_lzd_oxyotl,,1,general,false,false,,,,wh3_main_agent_action_scaling,wh3_main_skill_agent_action_success_scaling,Agent action success modifer,Hidden skill that scales action success/defence chance,mount_hellsteed.png,0,99,0,0,false,0,49,33,Agent action success modifer,Hidden skill that scales action success/defence chance,,,,,,wh_main_effect_agent_action_success_chance_enemy_skill,[HIDDEN] Enemy Hero action success chance: %+n% (from skill),,character_to_character_own,-33,campaign,0,true,,,,,,,,,,,,,,,,,,,,,,,,,character_skill_level_to_effects_junctions_tables,wh3_main_skill_agent_action_success_scaling|wh_main_effect_agent_action_success_chance_enemy_skill|33|character_to_character_own
effect,warhammer_3,8.1.1,24237342,Lizardmen,lizardmen,wh2_main_sc_lzd_lizardmen,Oxyotl,Oxyotl,legendary_lord,wh2_dlc17_lzd_oxyotl,general,general,wh2_dlc17_lzd_oxyotl,true,false,true,true,false,false,,legendary_lords,wh2_dlc17_skill_node_set_lzd_oxyotl,,1,general,false,false,,,,wh3_main_agent_action_scaling,wh3_main_skill_agent_action_success_scaling,Agent action success modifer,Hidden skill that scales action success/defence chance,mount_hellsteed.png,0,99,0,0,false,0,49,33,Agent action success modifer,Hidden skill that scales action success/defence chance,,,,,,wh_main_effect_agent_action_success_chance_skill,[HIDDEN] Hero action success chance: %+n% (from skill),,character_to_character_own,33,campaign,0,true,,,,,,,,,,,,,,,,,,,,,,,,,character_skill_level_to_effects_junctions_tables,wh3_main_skill_agent_action_success_scaling|wh_main_effect_agent_action_success_chance_skill|33|character_to_character_own
effect,warhammer_3,8.1.1,24237342,Lizardmen,lizardmen,wh2_main_sc_lzd_lizardmen,Oxyotl,Oxyotl,legendary_lord,wh2_dlc17_lzd_oxyotl,general,general,wh2_dlc17_lzd_oxyotl,true,false,true,true,false,false,,legendary_lords,wh2_dlc17_skill_node_set_lzd_oxyotl,,1,general,false,false,,,,wh3_main_agent_action_scaling,wh3_main_skill_agent_action_success_scaling,Agent action success modifer,Hidden skill that scales action success/defence chance,mount_hellsteed.png,0,99,0,0,false,0,49,34,Agent action success modifer,Hidden skill that scales action success/defence chance,,,,,,wh_main_effect_agent_action_success_chance_enemy_skill,[HIDDEN] Enemy Hero action success chance: %+n% (from skill),,character_to_character_own,-34,campaign,0,true,,,,,,,,,,,,,,,,,,,,,,,,,character_skill_level_to_effects_junctions_tables,wh3_main_skill_agent_action_success_scaling|wh_main_effect_agent_action_success_chance_enemy_skill|34|character_to_character_own
effect,warhammer_3,8.1.1,24237342,Lizardmen,lizardmen,wh2_main_sc_lzd_lizardmen,Oxyotl,Oxyotl,legendary_lord,wh2_dlc17_lzd_oxyotl,general,general,wh2_dlc17_lzd_oxyotl,true,false,true,true,false,false,,legendary_lords,wh2_dlc17_skill_node_set_lzd_oxyotl,,1,general,false,false,,,,wh3_main_agent_action_scaling,wh3_main_skill_agent_action_success_scaling,Agent action success modifer,Hidden skill that scales action success/defence chance,mount_hellsteed.png,0,99,0,0,false,0,49,34,Agent action success modifer,Hidden skill that scales action success/defence chance,,,,,,wh_main_effect_agent_action_success_chance_skill,[HIDDEN] Hero action success chance: %+n% (from skill),,character_to_character_own,34,campaign,0,true,,,,,,,,,,,,,,,,,,,,,,,,,character_skill_level_to_effects_junctions_tables,wh3_main_skill_agent_action_success_scaling|wh_main_effect_agent_action_success_chance_skill|34|character_to_character_own
effect,warhammer_3,8.1.1,24237342,Lizardmen,lizardmen,wh2_main_sc_lzd_lizardmen,Oxyotl,Oxyotl,legendary_lord,wh2_dlc17_lzd_oxyotl,general,general,wh2_dlc17_lzd_oxyotl,true,false,true,true,false,false,,legendary_lords,wh2_dlc17_skill_node_set_lzd_oxyotl,,1,general,false,false,,,,wh3_main_agent_action_scaling,wh3_main_skill_agent_action_success_scaling,Agent action success modifer,Hidden skill that scales action success/defence chance,mount_hellsteed.png,0,99,0,0,false,0,49,35,Agent action success modifer,Hidden skill that scales action success/defence chance,,,,,,wh_main_effect_agent_action_success_chance_enemy_skill,[HIDDEN] Enemy Hero action success chance: %+n% (from skill),,character_to_character_own,-35,campaign,0,true,,,,,,,,,,,,,,,,,,,,,,,,,character_skill_level_to_effects_junctions_tables,wh3_main_skill_agent_action_success_scaling|wh_main_effect_agent_action_success_chance_enemy_skill|35|character_to_character_own
effect,warhammer_3,8.1.1,24237342,Lizardmen,lizardmen,wh2_main_sc_lzd_lizardmen,Oxyotl,Oxyotl,legendary_lord,wh2_dlc17_lzd_oxyotl,general,general,wh2_dlc17_lzd_oxyotl,true,false,true,true,false,false,,legendary_lords,wh2_dlc17_skill_node_set_lzd_oxyotl,,1,general,false,false,,,,wh3_main_agent_action_scaling,wh3_main_skill_agent_action_success_scaling,Agent action success modifer,Hidden skill that scales action success/defence chance,mount_hellsteed.png,0,99,0,0,false,0,49,35,Agent action success modifer,Hidden skill that scales action success/defence chance,,,,,,wh_main_effect_agent_action_success_chance_skill,[HIDDEN] Hero action success chance: %+n% (from skill),,character_to_character_own,35,campaign,0,true,,,,,,,,,,,,,,,,,,,,,,,,,character_skill_level_to_effects_junctions_tables,wh3_main_skill_agent_action_success_scaling|wh_main_effect_agent_action_success_chance_skill|35|character_to_character_own
effect,warhammer_3,8.1.1,24237342,Lizardmen,lizardmen,wh2_main_sc_lzd_lizardmen,Oxyotl,Oxyotl,legendary_lord,wh2_dlc17_lzd_oxyotl,general,general,wh2_dlc17_lzd_oxyotl,true,false,true,true,false,false,,legendary_lords,wh2_dlc17_skill_node_set_lzd_oxyotl,,1,general,false,false,,,,wh3_main_agent_action_scaling,wh3_main_skill_agent_action_success_scaling,Agent action success modifer,Hidden skill that scales action success/defence chance,mount_hellsteed.png,0,99,0,0,false,0,49,36,Agent action success modifer,Hidden skill that scales action success/defence chance,,,,,,wh_main_effect_agent_action_success_chance_enemy_skill,[HIDDEN] Enemy Hero action success chance: %+n% (from skill),,character_to_character_own,-36,campaign,0,true,,,,,,,,,,,,,,,,,,,,,,,,,character_skill_level_to_effects_junctions_tables,wh3_main_skill_agent_action_success_scaling|wh_main_effect_agent_action_success_chance_enemy_skill|36|character_to_character_own
effect,warhammer_3,8.1.1,24237342,Lizardmen,lizardmen,wh2_main_sc_lzd_lizardmen,Oxyotl,Oxyotl,legendary_lord,wh2_dlc17_lzd_oxyotl,general,general,wh2_dlc17_lzd_oxyotl,true,false,true,true,false,false,,legendary_lords,wh2_dlc17_skill_node_set_lzd_oxyotl,,1,general,false,false,,,,wh3_main_agent_action_scaling,wh3_main_skill_agent_action_success_scaling,Agent action success modifer,Hidden skill that scales action success/defence chance,mount_hellsteed.png,0,99,0,0,false,0,49,36,Agent action success modifer,Hidden skill that scales action success/defence chance,,,,,,wh_main_effect_agent_action_success_chance_skill,[HIDDEN] Hero action success chance: %+n% (from skill),,character_to_character_own,36,campaign,0,true,,,,,,,,,,,,,,,,,,,,,,,,,character_skill_level_to_effects_junctions_tables,wh3_main_skill_agent_action_success_scaling|wh_main_effect_agent_action_success_chance_skill|36|character_to_character_own
effect,warhammer_3,8.1.1,24237342,Lizardmen,lizardmen,wh2_main_sc_lzd_lizardmen,Oxyotl,Oxyotl,legendary_lord,wh2_dlc17_lzd_oxyotl,general,general,wh2_dlc17_lzd_oxyotl,true,false,true,true,false,false,,legendary_lords,wh2_dlc17_skill_node_set_lzd_oxyotl,,1,general,false,false,,,,wh3_main_agent_action_scaling,wh3_main_skill_agent_action_success_scaling,Agent action success modifer,Hidden skill that scales action success/defence chance,mount_hellsteed.png,0,99,0,0,false,0,49,37,Agent action success modifer,Hidden skill that scales action success/defence chance,,,,,,wh_main_effect_agent_action_success_chance_enemy_skill,[HIDDEN] Enemy Hero action success chance: %+n% (from skill),,character_to_character_own,-37,campaign,0,true,,,,,,,,,,,,,,,,,,,,,,,,,character_skill_level_to_effects_junctions_tables,wh3_main_skill_agent_action_success_scaling|wh_main_effect_agent_action_success_chance_enemy_skill|37|character_to_character_own
effect,warhammer_3,8.1.1,24237342,Lizardmen,lizardmen,wh2_main_sc_lzd_lizardmen,Oxyotl,Oxyotl,legendary_lord,wh2_dlc17_lzd_oxyotl,general,general,wh2_dlc17_lzd_oxyotl,true,false,true,true,false,false,,legendary_lords,wh2_dlc17_skill_node_set_lzd_oxyotl,,1,general,false,false,,,,wh3_main_agent_action_scaling,wh3_main_skill_agent_action_success_scaling,Agent action success modifer,Hidden skill that scales action success/defence chance,mount_hellsteed.png,0,99,0,0,false,0,49,37,Agent action success modifer,Hidden skill that scales action success/defence chance,,,,,,wh_main_effect_agent_action_success_chance_skill,[HIDDEN] Hero action success chance: %+n% (from skill),,character_to_character_own,37,campaign,0,true,,,,,,,,,,,,,,,,,,,,,,,,,character_skill_level_to_effects_junctions_tables,wh3_main_skill_agent_action_success_scaling|wh_main_effect_agent_action_success_chance_skill|37|character_to_character_own
effect,warhammer_3,8.1.1,24237342,Lizardmen,lizardmen,wh2_main_sc_lzd_lizardmen,Oxyotl,Oxyotl,legendary_lord,wh2_dlc17_lzd_oxyotl,general,general,wh2_dlc17_lzd_oxyotl,true,false,true,true,false,false,,legendary_lords,wh2_dlc17_skill_node_set_lzd_oxyotl,,1,general,false,false,,,,wh3_main_agent_action_scaling,wh3_main_skill_agent_action_success_scaling,Agent action success modifer,Hidden skill that scales action success/defence chance,mount_hellsteed.png,0,99,0,0,false,0,49,38,Agent action success modifer,Hidden skill that scales action success/defence chance,,,,,,wh_main_effect_agent_action_success_chance_enemy_skill,[HIDDEN] Enemy Hero action success chance: %+n% (from skill),,character_to_character_own,-38,campaign,0,true,,,,,,,,,,,,,,,,,,,,,,,,,character_skill_level_to_effects_junctions_tables,wh3_main_skill_agent_action_success_scaling|wh_main_effect_agent_action_success_chance_enemy_skill|38|character_to_character_own
effect,warhammer_3,8.1.1,24237342,Lizardmen,lizardmen,wh2_main_sc_lzd_lizardmen,Oxyotl,Oxyotl,legendary_lord,wh2_dlc17_lzd_oxyotl,general,general,wh2_dlc17_lzd_oxyotl,true,false,true,true,false,false,,legendary_lords,wh2_dlc17_skill_node_set_lzd_oxyotl,,1,general,false,false,,,,wh3_main_agent_action_scaling,wh3_main_skill_agent_action_success_scaling,Agent action success modifer,Hidden skill that scales action success/defence chance,mount_hellsteed.png,0,99,0,0,false,0,49,38,Agent action success modifer,Hidden skill that scales action success/defence chance,,,,,,wh_main_effect_agent_action_success_chance_skill,[HIDDEN] Hero action success chance: %+n% (from skill),,character_to_character_own,38,campaign,0,true,,,,,,,,,,,,,,,,,,,,,,,,,character_skill_level_to_effects_junctions_tables,wh3_main_skill_agent_action_success_scaling|wh_main_effect_agent_action_success_chance_skill|38|character_to_character_own
effect,warhammer_3,8.1.1,24237342,Lizardmen,lizardmen,wh2_main_sc_lzd_lizardmen,Oxyotl,Oxyotl,legendary_lord,wh2_dlc17_lzd_oxyotl,general,general,wh2_dlc17_lzd_oxyotl,true,false,true,true,false,false,,legendary_lords,wh2_dlc17_skill_node_set_lzd_oxyotl,,1,general,false,false,,,,wh3_main_agent_action_scaling,wh3_main_skill_agent_action_success_scaling,Agent action success modifer,Hidden skill that scales action success/defence chance,mount_hellsteed.png,0,99,0,0,false,0,49,39,Agent action success modifer,Hidden skill that scales action success/defence chance,,,,,,wh_main_effect_agent_action_success_chance_enemy_skill,[HIDDEN] Enemy Hero action success chance: %+n% (from skill),,character_to_character_own,-39,campaign,0,true,,,,,,,,,,,,,,,,,,,,,,,,,character_skill_level_to_effects_junctions_tables,wh3_main_skill_agent_action_success_scaling|wh_main_effect_agent_action_success_chance_enemy_skill|39|character_to_character_own
effect,warhammer_3,8.1.1,24237342,Lizardmen,lizardmen,wh2_main_sc_lzd_lizardmen,Oxyotl,Oxyotl,legendary_lord,wh2_dlc17_lzd_oxyotl,general,general,wh2_dlc17_lzd_oxyotl,true,false,true,true,false,false,,legendary_lords,wh2_dlc17_skill_node_set_lzd_oxyotl,,1,general,false,false,,,,wh3_main_agent_action_scaling,wh3_main_skill_agent_action_success_scaling,Agent action success modifer,Hidden skill that scales action success/defence chance,mount_hellsteed.png,0,99,0,0,false,0,49,39,Agent action success modifer,Hidden skill that scales action success/defence chance,,,,,,wh_main_effect_agent_action_success_chance_skill,[HIDDEN] Hero action success chance: %+n% (from skill),,character_to_character_own,39,campaign,0,true,,,,,,,,,,,,,,,,,,,,,,,,,character_skill_level_to_effects_junctions_tables,wh3_main_skill_agent_action_success_scaling|wh_main_effect_agent_action_success_chance_skill|39|character_to_character_own
effect,warhammer_3,8.1.1,24237342,Lizardmen,lizardmen,wh2_main_sc_lzd_lizardmen,Oxyotl,Oxyotl,legendary_lord,wh2_dlc17_lzd_oxyotl,general,general,wh2_dlc17_lzd_oxyotl,true,false,true,true,false,false,,legendary_lords,wh2_dlc17_skill_node_set_lzd_oxyotl,,1,general,false,false,,,,wh3_main_agent_action_scaling,wh3_main_skill_agent_action_success_scaling,Agent action success modifer,Hidden skill that scales action success/defence chance,mount_hellsteed.png,0,99,0,0,false,0,49,40,Agent action success modifer,Hidden skill that scales action success/defence chance,,,,,,wh_main_effect_agent_action_success_chance_enemy_skill,[HIDDEN] Enemy Hero action success chance: %+n% (from skill),,character_to_character_own,-40,campaign,0,true,,,,,,,,,,,,,,,,,,,,,,,,,character_skill_level_to_effects_junctions_tables,wh3_main_skill_agent_action_success_scaling|wh_main_effect_agent_action_success_chance_enemy_skill|40|character_to_character_own
effect,warhammer_3,8.1.1,24237342,Lizardmen,lizardmen,wh2_main_sc_lzd_lizardmen,Oxyotl,Oxyotl,legendary_lord,wh2_dlc17_lzd_oxyotl,general,general,wh2_dlc17_lzd_oxyotl,true,false,true,true,false,false,,legendary_lords,wh2_dlc17_skill_node_set_lzd_oxyotl,,1,general,false,false,,,,wh3_main_agent_action_scaling,wh3_main_skill_agent_action_success_scaling,Agent action success modifer,Hidden skill that scales action success/defence chance,mount_hellsteed.png,0,99,0,0,false,0,49,40,Agent action success modifer,Hidden skill that scales action success/defence chance,,,,,,wh_main_effect_agent_action_success_chance_skill,[HIDDEN] Hero action success chance: %+n% (from skill),,character_to_character_own,40,campaign,0,true,,,,,,,,,,,,,,,,,,,,,,,,,character_skill_level_to_effects_junctions_tables,wh3_main_skill_agent_action_success_scaling|wh_main_effect_agent_action_success_chance_skill|40|character_to_character_own
effect,warhammer_3,8.1.1,24237342,Lizardmen,lizardmen,wh2_main_sc_lzd_lizardmen,Oxyotl,Oxyotl,legendary_lord,wh2_dlc17_lzd_oxyotl,general,general,wh2_dlc17_lzd_oxyotl,true,false,true,true,false,false,,legendary_lords,wh2_dlc17_skill_node_set_lzd_oxyotl,,1,general,false,false,,,,wh3_main_agent_action_scaling,wh3_main_skill_agent_action_success_scaling,Agent action success modifer,Hidden skill that scales action success/defence chance,mount_hellsteed.png,0,99,0,0,false,0,49,41,Agent action success modifer,Hidden skill that scales action success/defence chance,,,,,,wh_main_effect_agent_action_success_chance_enemy_skill,[HIDDEN] Enemy Hero action success chance: %+n% (from skill),,character_to_character_own,-41,campaign,0,true,,,,,,,,,,,,,,,,,,,,,,,,,character_skill_level_to_effects_junctions_tables,wh3_main_skill_agent_action_success_scaling|wh_main_effect_agent_action_success_chance_enemy_skill|41|character_to_character_own
effect,warhammer_3,8.1.1,24237342,Lizardmen,lizardmen,wh2_main_sc_lzd_lizardmen,Oxyotl,Oxyotl,legendary_lord,wh2_dlc17_lzd_oxyotl,general,general,wh2_dlc17_lzd_oxyotl,true,false,true,true,false,false,,legendary_lords,wh2_dlc17_skill_node_set_lzd_oxyotl,,1,general,false,false,,,,wh3_main_agent_action_scaling,wh3_main_skill_agent_action_success_scaling,Agent action success modifer,Hidden skill that scales action success/defence chance,mount_hellsteed.png,0,99,0,0,false,0,49,41,Agent action success modifer,Hidden skill that scales action success/defence chance,,,,,,wh_main_effect_agent_action_success_chance_skill,[HIDDEN] Hero action success chance: %+n% (from skill),,character_to_character_own,41,campaign,0,true,,,,,,,,,,,,,,,,,,,,,,,,,character_skill_level_to_effects_junctions_tables,wh3_main_skill_agent_action_success_scaling|wh_main_effect_agent_action_success_chance_skill|41|character_to_character_own
effect,warhammer_3,8.1.1,24237342,Lizardmen,lizardmen,wh2_main_sc_lzd_lizardmen,Oxyotl,Oxyotl,legendary_lord,wh2_dlc17_lzd_oxyotl,general,general,wh2_dlc17_lzd_oxyotl,true,false,true,true,false,false,,legendary_lords,wh2_dlc17_skill_node_set_lzd_oxyotl,,1,general,false,false,,,,wh3_main_agent_action_scaling,wh3_main_skill_agent_action_success_scaling,Agent action success modifer,Hidden skill that scales action success/defence chance,mount_hellsteed.png,0,99,0,0,false,0,49,42,Agent action success modifer,Hidden skill that scales action success/defence chance,,,,,,wh_main_effect_agent_action_success_chance_enemy_skill,[HIDDEN] Enemy Hero action success chance: %+n% (from skill),,character_to_character_own,-42,campaign,0,true,,,,,,,,,,,,,,,,,,,,,,,,,character_skill_level_to_effects_junctions_tables,wh3_main_skill_agent_action_success_scaling|wh_main_effect_agent_action_success_chance_enemy_skill|42|character_to_character_own
effect,warhammer_3,8.1.1,24237342,Lizardmen,lizardmen,wh2_main_sc_lzd_lizardmen,Oxyotl,Oxyotl,legendary_lord,wh2_dlc17_lzd_oxyotl,general,general,wh2_dlc17_lzd_oxyotl,true,false,true,true,false,false,,legendary_lords,wh2_dlc17_skill_node_set_lzd_oxyotl,,1,general,false,false,,,,wh3_main_agent_action_scaling,wh3_main_skill_agent_action_success_scaling,Agent action success modifer,Hidden skill that scales action success/defence chance,mount_hellsteed.png,0,99,0,0,false,0,49,42,Agent action success modifer,Hidden skill that scales action success/defence chance,,,,,,wh_main_effect_agent_action_success_chance_skill,[HIDDEN] Hero action success chance: %+n% (from skill),,character_to_character_own,42,campaign,0,true,,,,,,,,,,,,,,,,,,,,,,,,,character_skill_level_to_effects_junctions_tables,wh3_main_skill_agent_action_success_scaling|wh_main_effect_agent_action_success_chance_skill|42|character_to_character_own
effect,warhammer_3,8.1.1,24237342,Lizardmen,lizardmen,wh2_main_sc_lzd_lizardmen,Oxyotl,Oxyotl,legendary_lord,wh2_dlc17_lzd_oxyotl,general,general,wh2_dlc17_lzd_oxyotl,true,false,true,true,false,false,,legendary_lords,wh2_dlc17_skill_node_set_lzd_oxyotl,,1,general,false,false,,,,wh3_main_agent_action_scaling,wh3_main_skill_agent_action_success_scaling,Agent action success modifer,Hidden skill that scales action success/defence chance,mount_hellsteed.png,0,99,0,0,false,0,49,43,Agent action success modifer,Hidden skill that scales action success/defence chance,,,,,,wh_main_effect_agent_action_success_chance_enemy_skill,[HIDDEN] Enemy Hero action success chance: %+n% (from skill),,character_to_character_own,-43,campaign,0,true,,,,,,,,,,,,,,,,,,,,,,,,,character_skill_level_to_effects_junctions_tables,wh3_main_skill_agent_action_success_scaling|wh_main_effect_agent_action_success_chance_enemy_skill|43|character_to_character_own
effect,warhammer_3,8.1.1,24237342,Lizardmen,lizardmen,wh2_main_sc_lzd_lizardmen,Oxyotl,Oxyotl,legendary_lord,wh2_dlc17_lzd_oxyotl,general,general,wh2_dlc17_lzd_oxyotl,true,false,true,true,false,false,,legendary_lords,wh2_dlc17_skill_node_set_lzd_oxyotl,,1,general,false,false,,,,wh3_main_agent_action_scaling,wh3_main_skill_agent_action_success_scaling,Agent action success modifer,Hidden skill that scales action success/defence chance,mount_hellsteed.png,0,99,0,0,false,0,49,43,Agent action success modifer,Hidden skill that scales action success/defence chance,,,,,,wh_main_effect_agent_action_success_chance_skill,[HIDDEN] Hero action success chance: %+n% (from skill),,character_to_character_own,43,campaign,0,true,,,,,,,,,,,,,,,,,,,,,,,,,character_skill_level_to_effects_junctions_tables,wh3_main_skill_agent_action_success_scaling|wh_main_effect_agent_action_success_chance_skill|43|character_to_character_own
effect,warhammer_3,8.1.1,24237342,Lizardmen,lizardmen,wh2_main_sc_lzd_lizardmen,Oxyotl,Oxyotl,legendary_lord,wh2_dlc17_lzd_oxyotl,general,general,wh2_dlc17_lzd_oxyotl,true,false,true,true,false,false,,legendary_lords,wh2_dlc17_skill_node_set_lzd_oxyotl,,1,general,false,false,,,,wh3_main_agent_action_scaling,wh3_main_skill_agent_action_success_scaling,Agent action success modifer,Hidden skill that scales action success/defence chance,mount_hellsteed.png,0,99,0,0,false,0,49,44,Agent action success modifer,Hidden skill that scales action success/defence chance,,,,,,wh_main_effect_agent_action_success_chance_enemy_skill,[HIDDEN] Enemy Hero action success chance: %+n% (from skill),,character_to_character_own,-44,campaign,0,true,,,,,,,,,,,,,,,,,,,,,,,,,character_skill_level_to_effects_junctions_tables,wh3_main_skill_agent_action_success_scaling|wh_main_effect_agent_action_success_chance_enemy_skill|44|character_to_character_own
effect,warhammer_3,8.1.1,24237342,Lizardmen,lizardmen,wh2_main_sc_lzd_lizardmen,Oxyotl,Oxyotl,legendary_lord,wh2_dlc17_lzd_oxyotl,general,general,wh2_dlc17_lzd_oxyotl,true,false,true,true,false,false,,legendary_lords,wh2_dlc17_skill_node_set_lzd_oxyotl,,1,general,false,false,,,,wh3_main_agent_action_scaling,wh3_main_skill_agent_action_success_scaling,Agent action success modifer,Hidden skill that scales action success/defence chance,mount_hellsteed.png,0,99,0,0,false,0,49,44,Agent action success modifer,Hidden skill that scales action success/defence chance,,,,,,wh_main_effect_agent_action_success_chance_skill,[HIDDEN] Hero action success chance: %+n% (from skill),,character_to_character_own,44,campaign,0,true,,,,,,,,,,,,,,,,,,,,,,,,,character_skill_level_to_effects_junctions_tables,wh3_main_skill_agent_action_success_scaling|wh_main_effect_agent_action_success_chance_skill|44|character_to_character_own
effect,warhammer_3,8.1.1,24237342,Lizardmen,lizardmen,wh2_main_sc_lzd_lizardmen,Oxyotl,Oxyotl,legendary_lord,wh2_dlc17_lzd_oxyotl,general,general,wh2_dlc17_lzd_oxyotl,true,false,true,true,false,false,,legendary_lords,wh2_dlc17_skill_node_set_lzd_oxyotl,,1,general,false,false,,,,wh3_main_agent_action_scaling,wh3_main_skill_agent_action_success_scaling,Agent action success modifer,Hidden skill that scales action success/defence chance,mount_hellsteed.png,0,99,0,0,false,0,49,45,Agent action success modifer,Hidden skill that scales action success/defence chance,,,,,,wh_main_effect_agent_action_success_chance_enemy_skill,[HIDDEN] Enemy Hero action success chance: %+n% (from skill),,character_to_character_own,-45,campaign,0,true,,,,,,,,,,,,,,,,,,,,,,,,,character_skill_level_to_effects_junctions_tables,wh3_main_skill_agent_action_success_scaling|wh_main_effect_agent_action_success_chance_enemy_skill|45|character_to_character_own
effect,warhammer_3,8.1.1,24237342,Lizardmen,lizardmen,wh2_main_sc_lzd_lizardmen,Oxyotl,Oxyotl,legendary_lord,wh2_dlc17_lzd_oxyotl,general,general,wh2_dlc17_lzd_oxyotl,true,false,true,true,false,false,,legendary_lords,wh2_dlc17_skill_node_set_lzd_oxyotl,,1,general,false,false,,,,wh3_main_agent_action_scaling,wh3_main_skill_agent_action_success_scaling,Agent action success modifer,Hidden skill that scales action success/defence chance,mount_hellsteed.png,0,99,0,0,false,0,49,45,Agent action success modifer,Hidden skill that scales action success/defence chance,,,,,,wh_main_effect_agent_action_success_chance_skill,[HIDDEN] Hero action success chance: %+n% (from skill),,character_to_character_own,45,campaign,0,true,,,,,,,,,,,,,,,,,,,,,,,,,character_skill_level_to_effects_junctions_tables,wh3_main_skill_agent_action_success_scaling|wh_main_effect_agent_action_success_chance_skill|45|character_to_character_own
effect,warhammer_3,8.1.1,24237342,Lizardmen,lizardmen,wh2_main_sc_lzd_lizardmen,Oxyotl,Oxyotl,legendary_lord,wh2_dlc17_lzd_oxyotl,general,general,wh2_dlc17_lzd_oxyotl,true,false,true,true,false,false,,legendary_lords,wh2_dlc17_skill_node_set_lzd_oxyotl,,1,general,false,false,,,,wh3_main_agent_action_scaling,wh3_main_skill_agent_action_success_scaling,Agent action success modifer,Hidden skill that scales action success/defence chance,mount_hellsteed.png,0,99,0,0,false,0,49,46,Agent action success modifer,Hidden skill that scales action success/defence chance,,,,,,wh_main_effect_agent_action_success_chance_enemy_skill,[HIDDEN] Enemy Hero action success chance: %+n% (from skill),,character_to_character_own,-46,campaign,0,true,,,,,,,,,,,,,,,,,,,,,,,,,character_skill_level_to_effects_junctions_tables,wh3_main_skill_agent_action_success_scaling|wh_main_effect_agent_action_success_chance_enemy_skill|46|character_to_character_own
effect,warhammer_3,8.1.1,24237342,Lizardmen,lizardmen,wh2_main_sc_lzd_lizardmen,Oxyotl,Oxyotl,legendary_lord,wh2_dlc17_lzd_oxyotl,general,general,wh2_dlc17_lzd_oxyotl,true,false,true,true,false,false,,legendary_lords,wh2_dlc17_skill_node_set_lzd_oxyotl,,1,general,false,false,,,,wh3_main_agent_action_scaling,wh3_main_skill_agent_action_success_scaling,Agent action success modifer,Hidden skill that scales action success/defence chance,mount_hellsteed.png,0,99,0,0,false,0,49,46,Agent action success modifer,Hidden skill that scales action success/defence chance,,,,,,wh_main_effect_agent_action_success_chance_skill,[HIDDEN] Hero action success chance: %+n% (from skill),,character_to_character_own,46,campaign,0,true,,,,,,,,,,,,,,,,,,,,,,,,,character_skill_level_to_effects_junctions_tables,wh3_main_skill_agent_action_success_scaling|wh_main_effect_agent_action_success_chance_skill|46|character_to_character_own
effect,warhammer_3,8.1.1,24237342,Lizardmen,lizardmen,wh2_main_sc_lzd_lizardmen,Oxyotl,Oxyotl,legendary_lord,wh2_dlc17_lzd_oxyotl,general,general,wh2_dlc17_lzd_oxyotl,true,false,true,true,false,false,,legendary_lords,wh2_dlc17_skill_node_set_lzd_oxyotl,,1,general,false,false,,,,wh3_main_agent_action_scaling,wh3_main_skill_agent_action_success_scaling,Agent action success modifer,Hidden skill that scales action success/defence chance,mount_hellsteed.png,0,99,0,0,false,0,49,47,Agent action success modifer,Hidden skill that scales action success/defence chance,,,,,,wh_main_effect_agent_action_success_chance_enemy_skill,[HIDDEN] Enemy Hero action success chance: %+n% (from skill),,character_to_character_own,-47,campaign,0,true,,,,,,,,,,,,,,,,,,,,,,,,,character_skill_level_to_effects_junctions_tables,wh3_main_skill_agent_action_success_scaling|wh_main_effect_agent_action_success_chance_enemy_skill|47|character_to_character_own
effect,warhammer_3,8.1.1,24237342,Lizardmen,lizardmen,wh2_main_sc_lzd_lizardmen,Oxyotl,Oxyotl,legendary_lord,wh2_dlc17_lzd_oxyotl,general,general,wh2_dlc17_lzd_oxyotl,true,false,true,true,false,false,,legendary_lords,wh2_dlc17_skill_node_set_lzd_oxyotl,,1,general,false,false,,,,wh3_main_agent_action_scaling,wh3_main_skill_agent_action_success_scaling,Agent action success modifer,Hidden skill that scales action success/defence chance,mount_hellsteed.png,0,99,0,0,false,0,49,47,Agent action success modifer,Hidden skill that scales action success/defence chance,,,,,,wh_main_effect_agent_action_success_chance_skill,[HIDDEN] Hero action success chance: %+n% (from skill),,character_to_character_own,47,campaign,0,true,,,,,,,,,,,,,,,,,,,,,,,,,character_skill_level_to_effects_junctions_tables,wh3_main_skill_agent_action_success_scaling|wh_main_effect_agent_action_success_chance_skill|47|character_to_character_own
effect,warhammer_3,8.1.1,24237342,Lizardmen,lizardmen,wh2_main_sc_lzd_lizardmen,Oxyotl,Oxyotl,legendary_lord,wh2_dlc17_lzd_oxyotl,general,general,wh2_dlc17_lzd_oxyotl,true,false,true,true,false,false,,legendary_lords,wh2_dlc17_skill_node_set_lzd_oxyotl,,1,general,false,false,,,,wh3_main_agent_action_scaling,wh3_main_skill_agent_action_success_scaling,Agent action success modifer,Hidden skill that scales action success/defence chance,mount_hellsteed.png,0,99,0,0,false,0,49,48,Agent action success modifer,Hidden skill that scales action success/defence chance,,,,,,wh_main_effect_agent_action_success_chance_enemy_skill,[HIDDEN] Enemy Hero action success chance: %+n% (from skill),,character_to_character_own,-48,campaign,0,true,,,,,,,,,,,,,,,,,,,,,,,,,character_skill_level_to_effects_junctions_tables,wh3_main_skill_agent_action_success_scaling|wh_main_effect_agent_action_success_chance_enemy_skill|48|character_to_character_own
effect,warhammer_3,8.1.1,24237342,Lizardmen,lizardmen,wh2_main_sc_lzd_lizardmen,Oxyotl,Oxyotl,legendary_lord,wh2_dlc17_lzd_oxyotl,general,general,wh2_dlc17_lzd_oxyotl,true,false,true,true,false,false,,legendary_lords,wh2_dlc17_skill_node_set_lzd_oxyotl,,1,general,false,false,,,,wh3_main_agent_action_scaling,wh3_main_skill_agent_action_success_scaling,Agent action success modifer,Hidden skill that scales action success/defence chance,mount_hellsteed.png,0,99,0,0,false,0,49,48,Agent action success modifer,Hidden skill that scales action success/defence chance,,,,,,wh_main_effect_agent_action_success_chance_skill,[HIDDEN] Hero action success chance: %+n% (from skill),,character_to_character_own,48,campaign,0,true,,,,,,,,,,,,,,,,,,,,,,,,,character_skill_level_to_effects_junctions_tables,wh3_main_skill_agent_action_success_scaling|wh_main_effect_agent_action_success_chance_skill|48|character_to_character_own
effect,warhammer_3,8.1.1,24237342,Lizardmen,lizardmen,wh2_main_sc_lzd_lizardmen,Oxyotl,Oxyotl,legendary_lord,wh2_dlc17_lzd_oxyotl,general,general,wh2_dlc17_lzd_oxyotl,true,false,true,true,false,false,,legendary_lords,wh2_dlc17_skill_node_set_lzd_oxyotl,,1,general,false,false,,,,wh3_main_agent_action_scaling,wh3_main_skill_agent_action_success_scaling,Agent action success modifer,Hidden skill that scales action success/defence chance,mount_hellsteed.png,0,99,0,0,false,0,49,49,Agent action success modifer,Hidden skill that scales action success/defence chance,,,,,,wh_main_effect_agent_action_success_chance_enemy_skill,[HIDDEN] Enemy Hero action success chance: %+n% (from skill),,character_to_character_own,-49,campaign,0,true,,,,,,,,,,,,,,,,,,,,,,,,,character_skill_level_to_effects_junctions_tables,wh3_main_skill_agent_action_success_scaling|wh_main_effect_agent_action_success_chance_enemy_skill|49|character_to_character_own
effect,warhammer_3,8.1.1,24237342,Lizardmen,lizardmen,wh2_main_sc_lzd_lizardmen,Oxyotl,Oxyotl,legendary_lord,wh2_dlc17_lzd_oxyotl,general,general,wh2_dlc17_lzd_oxyotl,true,false,true,true,false,false,,legendary_lords,wh2_dlc17_skill_node_set_lzd_oxyotl,,1,general,false,false,,,,wh3_main_agent_action_scaling,wh3_main_skill_agent_action_success_scaling,Agent action success modifer,Hidden skill that scales action success/defence chance,mount_hellsteed.png,0,99,0,0,false,0,49,49,Agent action success modifer,Hidden skill that scales action success/defence chance,,,,,,wh_main_effect_agent_action_success_chance_skill,[HIDDEN] Hero action success chance: %+n% (from skill),,character_to_character_own,49,campaign,0,true,,,,,,,,,,,,,,,,,,,,,,,,,character_skill_level_to_effects_junctions_tables,wh3_main_skill_agent_action_success_scaling|wh_main_effect_agent_action_success_chance_skill|49|character_to_character_own
node,warhammer_3,8.1.1,24237342,Lizardmen,lizardmen,wh2_main_sc_lzd_lizardmen,Oxyotl,Oxyotl,legendary_lord,wh2_dlc17_lzd_oxyotl,general,general,wh2_dlc17_lzd_oxyotl,true,false,true,true,false,false,,legendary_lords,wh2_dlc17_skill_node_set_lzd_oxyotl,,1,general,false,false,,,,wh2_dlc17_skill_node_lzd_oxyotl_misc_1,wh2_dlc17_skill_lzd_oxyotl_poisons_1,The Enemy's Weapons,The ground crystals of Tzeentch's realm can imbue darts with the power to pierce any ward and find the weakest points on the most formidable foes.,wh2_dlc17_skill_poison_daemonbane.png,1,0,0,0,true,6,1,,,,,,,,,,,,,,,,,,,,,,,,,,,,,,,,,,,,,,,,,character_skill_nodes_tables,wh2_dlc17_skill_node_lzd_oxyotl_misc_1
skill_level,warhammer_3,8.1.1,24237342,Lizardmen,lizardmen,wh2_main_sc_lzd_lizardmen,Oxyotl,Oxyotl,legendary_lord,wh2_dlc17_lzd_oxyotl,general,general,wh2_dlc17_lzd_oxyotl,true,false,true,true,false,false,,legendary_lords,wh2_dlc17_skill_node_set_lzd_oxyotl,,1,general,false,false,,,,wh2_dlc17_skill_node_lzd_oxyotl_misc_1,wh2_dlc17_skill_lzd_oxyotl_poisons_1,The Enemy's Weapons,The ground crystals of Tzeentch's realm can imbue darts with the power to pierce any ward and find the weakest points on the most formidable foes.,wh2_dlc17_skill_poison_daemonbane.png,1,0,0,0,true,6,1,1,The Enemy's Weapons,The ground crystals of Tzeentch's realm can imbue darts with the power to pierce any ward and find the weakest points on the most formidable foes.,5,x,,,,,,,,,,,,,,,,,,,,,,,,,,,,,,,,,,,,character_skill_level_details_tables,wh2_dlc17_skill_lzd_oxyotl_poisons_1|1|||
ancillary_grant,warhammer_3,8.1.1,24237342,Lizardmen,lizardmen,wh2_main_sc_lzd_lizardmen,Oxyotl,Oxyotl,legendary_lord,wh2_dlc17_lzd_oxyotl,general,general,wh2_dlc17_lzd_oxyotl,true,false,true,true,false,false,,legendary_lords,wh2_dlc17_skill_node_set_lzd_oxyotl,,1,general,false,false,,,,wh2_dlc17_skill_node_lzd_oxyotl_misc_1,wh2_dlc17_skill_lzd_oxyotl_poisons_1,The Enemy's Weapons,The ground crystals of Tzeentch's realm can imbue darts with the power to pierce any ward and find the weakest points on the most formidable foes.,wh2_dlc17_skill_poison_daemonbane.png,1,0,0,0,true,6,1,1,,,,,,,,,,,,,,,,,,,,,,,,,,,,,,,,,wh2_dlc17_anc_banner_lzd_poison_daemonbane,Daemonbane,wh2_dlc17_anc_banner_lzd_poison_daemonbane,general,,,,character_skill_level_to_ancillaries_junctions_tables,wh2_dlc17_skill_lzd_oxyotl_poisons_1|wh2_dlc17_anc_banner_lzd_poison_daemonbane|1
node,warhammer_3,8.1.1,24237342,Lizardmen,lizardmen,wh2_main_sc_lzd_lizardmen,Oxyotl,Oxyotl,legendary_lord,wh2_dlc17_lzd_oxyotl,general,general,wh2_dlc17_lzd_oxyotl,true,false,true,true,false,false,,legendary_lords,wh2_dlc17_skill_node_set_lzd_oxyotl,,1,general,false,false,,,,wh2_dlc17_skill_node_lzd_oxyotl_unique_1_1,wh2_dlc17_skill_lzd_oxyotl_unique_hunter_of_nightmares,Hunter of Nightmares,"With nothing but instincts and cunning, Oxyotl survived the creatures of the Chaos Realm. In this realm, they will not survive him.",icon_stat_morale_vs_chaos.png,1,1,0,0,true,0,1,,,,,,,,,,,,,,,,,,,,,,,,,,,,,,,,,,,,,,,,,character_skill_nodes_tables,wh2_dlc17_skill_node_lzd_oxyotl_unique_1_1
skill_level,warhammer_3,8.1.1,24237342,Lizardmen,lizardmen,wh2_main_sc_lzd_lizardmen,Oxyotl,Oxyotl,legendary_lord,wh2_dlc17_lzd_oxyotl,general,general,wh2_dlc17_lzd_oxyotl,true,false,true,true,false,false,,legendary_lords,wh2_dlc17_skill_node_set_lzd_oxyotl,,1,general,false,false,,,,wh2_dlc17_skill_node_lzd_oxyotl_unique_1_1,wh2_dlc17_skill_lzd_oxyotl_unique_hunter_of_nightmares,Hunter of Nightmares,"With nothing but instincts and cunning, Oxyotl survived the creatures of the Chaos Realm. In this realm, they will not survive him.",icon_stat_morale_vs_chaos.png,1,1,0,0,true,0,1,1,Hunter of Nightmares,"With nothing but instincts and cunning, Oxyotl survived the creatures of the Chaos Realm. In this realm, they will not survive him.",0,x,,,,,,,,,,,,,,,,,,,,,,,,,,,,,,,,,,,,character_skill_level_details_tables,wh2_dlc17_skill_lzd_oxyotl_unique_hunter_of_nightmares|1|||
effect,warhammer_3,8.1.1,24237342,Lizardmen,lizardmen,wh2_main_sc_lzd_lizardmen,Oxyotl,Oxyotl,legendary_lord,wh2_dlc17_lzd_oxyotl,general,general,wh2_dlc17_lzd_oxyotl,true,false,true,true,false,false,,legendary_lords,wh2_dlc17_skill_node_set_lzd_oxyotl,,1,general,false,false,,,,wh2_dlc17_skill_node_lzd_oxyotl_unique_1_1,wh2_dlc17_skill_lzd_oxyotl_unique_hunter_of_nightmares,Hunter of Nightmares,"With nothing but instincts and cunning, Oxyotl survived the creatures of the Chaos Realm. In this realm, they will not survive him.",icon_stat_morale_vs_chaos.png,1,1,0,0,true,0,1,1,Hunter of Nightmares,"With nothing but instincts and cunning, Oxyotl survived the creatures of the Chaos Realm. In this realm, they will not survive him.",,,,,,wh2_dlc17_effect_enable_attribute_immpsy_when_fighting_chaos,"Attribute: Immune to Psychology when fighting Daemons of Chaos, Warriors of Chaos, Chaos Dwarfs, Beastmen and Norsca",,general_to_force_own,1,battle,620,true,attribute_immune_to_psychology.png,attribute_immune_to_psychology.png,,,,,,,,,,,,,,,,,,,,,,,character_skill_level_to_effects_junctions_tables,wh2_dlc17_skill_lzd_oxyotl_unique_hunter_of_nightmares|wh2_dlc17_effect_enable_attribute_immpsy_when_fighting_chaos|1|general_to_force_own
effect,warhammer_3,8.1.1,24237342,Lizardmen,lizardmen,wh2_main_sc_lzd_lizardmen,Oxyotl,Oxyotl,legendary_lord,wh2_dlc17_lzd_oxyotl,general,general,wh2_dlc17_lzd_oxyotl,true,false,true,true,false,false,,legendary_lords,wh2_dlc17_skill_node_set_lzd_oxyotl,,1,general,false,false,,,,wh2_dlc17_skill_node_lzd_oxyotl_unique_1_1,wh2_dlc17_skill_lzd_oxyotl_unique_hunter_of_nightmares,Hunter of Nightmares,"With nothing but instincts and cunning, Oxyotl survived the creatures of the Chaos Realm. In this realm, they will not survive him.",icon_stat_morale_vs_chaos.png,1,1,0,0,true,0,1,1,Hunter of Nightmares,"With nothing but instincts and cunning, Oxyotl survived the creatures of the Chaos Realm. In this realm, they will not survive him.",,,,,,wh3_main_effect_corruption_reduction_characters,Corruption: %+n,,character_to_province_any,-4,campaign,104,false,corruption.png,corruption.png,,,,,,,,,,,,,,,,,,,,,,,character_skill_level_to_effects_junctions_tables,wh2_dlc17_skill_lzd_oxyotl_unique_hunter_of_nightmares|wh3_main_effect_corruption_reduction_characters|1|character_to_province_any
effect,warhammer_3,8.1.1,24237342,Lizardmen,lizardmen,wh2_main_sc_lzd_lizardmen,Oxyotl,Oxyotl,legendary_lord,wh2_dlc17_lzd_oxyotl,general,general,wh2_dlc17_lzd_oxyotl,true,false,true,true,false,false,,legendary_lords,wh2_dlc17_skill_node_set_lzd_oxyotl,,1,general,false,false,,,,wh2_dlc17_skill_node_lzd_oxyotl_unique_1_1,wh2_dlc17_skill_lzd_oxyotl_unique_hunter_of_nightmares,Hunter of Nightmares,"With nothing but instincts and cunning, Oxyotl survived the creatures of the Chaos Realm. In this realm, they will not survive him.",icon_stat_morale_vs_chaos.png,1,1,0,0,true,0,1,1,Hunter of Nightmares,"With nothing but instincts and cunning, Oxyotl survived the creatures of the Chaos Realm. In this realm, they will not survive him.",,,,,,wh3_main_effect_force_stat_melee_attack_vs_chaos_daemons_norsca,"Melee attack: %+n when fighting against Warriors of Chaos, Daemons of Chaos, Chaos Dwarfs and Norsca",,general_to_force_own,6,battle,431,true,melee.png,melee.png,,,,,,,,,,,,,,,,,,,,,,,character_skill_level_to_effects_junctions_tables,wh2_dlc17_skill_lzd_oxyotl_unique_hunter_of_nightmares|wh3_main_effect_force_stat_melee_attack_vs_chaos_daemons_norsca|1|general_to_force_own
node,warhammer_3,8.1.1,24237342,Lizardmen,lizardmen,wh2_main_sc_lzd_lizardmen,Oxyotl,Oxyotl,legendary_lord,wh2_dlc17_lzd_oxyotl,general,general,wh2_dlc17_lzd_oxyotl,true,false,true,true,false,false,,legendary_lords,wh2_dlc17_skill_node_set_lzd_oxyotl,,1,general,false,false,,,,wh2_dlc17_skill_node_lzd_oxyotl_combat_1_1,wh2_dlc11_skill_all_lord_self_self_indomitable,Indomitable,The iron will and indomitable presence of this leader ensures their followers remain steadfast when facing peril.,character_morale.png,1,2,0,0,true,0,2,,,,,,,,,,,,,,,,,,,,,,,,,,,,,,,,,,,,,,,,,character_skill_nodes_tables,wh2_dlc17_skill_node_lzd_oxyotl_combat_1_1
effect,warhammer_3,8.1.1,24237342,Lizardmen,lizardmen,wh2_main_sc_lzd_lizardmen,Oxyotl,Oxyotl,legendary_lord,wh2_dlc17_lzd_oxyotl,general,general,wh2_dlc17_lzd_oxyotl,true,false,true,true,false,false,,legendary_lords,wh2_dlc17_skill_node_set_lzd_oxyotl,,1,general,false,false,,,,wh2_dlc17_skill_node_lzd_oxyotl_combat_1_1,wh2_dlc11_skill_all_lord_self_self_indomitable,Indomitable,The iron will and indomitable presence of this leader ensures their followers remain steadfast when facing peril.,character_morale.png,1,2,0,0,true,0,2,1,Indomitable,The iron will and indomitable presence of this leader ensures their followers remain steadfast when facing peril.,,,,,,wh_main_effect_character_stat_leadership,Leadership: %+n,,character_to_character_own,6,both,110,true,morale_character.png,morale_character.png,,,,,,,,,,,,,,,,,,,,,,,character_skill_level_to_effects_junctions_tables,wh2_dlc11_skill_all_lord_self_self_indomitable|wh_main_effect_character_stat_leadership|1|character_to_character_own
effect,warhammer_3,8.1.1,24237342,Lizardmen,lizardmen,wh2_main_sc_lzd_lizardmen,Oxyotl,Oxyotl,legendary_lord,wh2_dlc17_lzd_oxyotl,general,general,wh2_dlc17_lzd_oxyotl,true,false,true,true,false,false,,legendary_lords,wh2_dlc17_skill_node_set_lzd_oxyotl,,1,general,false,false,,,,wh2_dlc17_skill_node_lzd_oxyotl_combat_1_1,wh2_dlc11_skill_all_lord_self_self_indomitable,Indomitable,The iron will and indomitable presence of this leader ensures their followers remain steadfast when facing peril.,character_morale.png,1,2,0,0,true,0,2,2,Indomitable,The iron will and indomitable presence of this leader ensures their followers remain steadfast when facing peril.,,,,,,wh_main_effect_character_stat_leadership,Leadership: %+n,,character_to_character_own,12,both,110,true,morale_character.png,morale_character.png,,,,,,,,,,,,,,,,,,,,,,,character_skill_level_to_effects_junctions_tables,wh2_dlc11_skill_all_lord_self_self_indomitable|wh_main_effect_character_stat_leadership|2|character_to_character_own
node,warhammer_3,8.1.1,24237342,Lizardmen,lizardmen,wh2_main_sc_lzd_lizardmen,Oxyotl,Oxyotl,legendary_lord,wh2_dlc17_lzd_oxyotl,general,general,wh2_dlc17_lzd_oxyotl,true,false,true,true,false,false,,legendary_lords,wh2_dlc17_skill_node_set_lzd_oxyotl,,1,general,false,false,,,,wh2_dlc17_skill_node_set_lzd_oxyotl_army_1_1,wh2_main_skill_lzd_army_buff_saurus,Proud Warrior,"A long-serving member of an ancient, honourable tradition.",battle_attack.png,1,4,0,0,true,0,3,,,,,,,,,,,,,,,,,,,,,,,,,,,,,,,,,,,,,,,,,character_skill_nodes_tables,wh2_dlc17_skill_node_set_lzd_oxyotl_army_1_1
effect,warhammer_3,8.1.1,24237342,Lizardmen,lizardmen,wh2_main_sc_lzd_lizardmen,Oxyotl,Oxyotl,legendary_lord,wh2_dlc17_lzd_oxyotl,general,general,wh2_dlc17_lzd_oxyotl,true,false,true,true,false,false,,legendary_lords,wh2_dlc17_skill_node_set_lzd_oxyotl,,1,general,false,false,,,,wh2_dlc17_skill_node_set_lzd_oxyotl_army_1_1,wh2_main_skill_lzd_army_buff_saurus,Proud Warrior,"A long-serving member of an ancient, honourable tradition.",battle_attack.png,1,4,0,0,true,0,3,1,Proud Warrior,"A long-serving member of an ancient, honourable tradition.",,,,,,wh2_main_effect_force_stat_melee_attack_lzd_saurus,Melee attack: %+n for Saurus units,,general_to_force_own,4,battle,431,true,melee.png,melee.png,,,,,,,,,,,,,,,,,,,,,,,character_skill_level_to_effects_junctions_tables,wh2_main_skill_lzd_army_buff_saurus|wh2_main_effect_force_stat_melee_attack_lzd_saurus|1|general_to_force_own
effect,warhammer_3,8.1.1,24237342,Lizardmen,lizardmen,wh2_main_sc_lzd_lizardmen,Oxyotl,Oxyotl,legendary_lord,wh2_dlc17_lzd_oxyotl,general,general,wh2_dlc17_lzd_oxyotl,true,false,true,true,false,false,,legendary_lords,wh2_dlc17_skill_node_set_lzd_oxyotl,,1,general,false,false,,,,wh2_dlc17_skill_node_set_lzd_oxyotl_army_1_1,wh2_main_skill_lzd_army_buff_saurus,Proud Warrior,"A long-serving member of an ancient, honourable tradition.",battle_attack.png,1,4,0,0,true,0,3,2,Proud Warrior,"A long-serving member of an ancient, honourable tradition.",,,,,,wh2_main_effect_force_stat_armour_saurus,Armour: %+n for Saurus units,,general_to_force_own,3,battle,401,true,armour.png,armour.png,,,,,,,,,,,,,,,,,,,,,,,character_skill_level_to_effects_junctions_tables,wh2_main_skill_lzd_army_buff_saurus|wh2_main_effect_force_stat_armour_saurus|2|general_to_force_own
effect,warhammer_3,8.1.1,24237342,Lizardmen,lizardmen,wh2_main_sc_lzd_lizardmen,Oxyotl,Oxyotl,legendary_lord,wh2_dlc17_lzd_oxyotl,general,general,wh2_dlc17_lzd_oxyotl,true,false,true,true,false,false,,legendary_lords,wh2_dlc17_skill_node_set_lzd_oxyotl,,1,general,false,false,,,,wh2_dlc17_skill_node_set_lzd_oxyotl_army_1_1,wh2_main_skill_lzd_army_buff_saurus,Proud Warrior,"A long-serving member of an ancient, honourable tradition.",battle_attack.png,1,4,0,0,true,0,3,2,Proud Warrior,"A long-serving member of an ancient, honourable tradition.",,,,,,wh2_main_effect_force_stat_melee_attack_lzd_saurus,Melee attack: %+n for Saurus units,,general_to_force_own,4,battle,431,true,melee.png,melee.png,,,,,,,,,,,,,,,,,,,,,,,character_skill_level_to_effects_junctions_tables,wh2_main_skill_lzd_army_buff_saurus|wh2_main_effect_force_stat_melee_attack_lzd_saurus|2|general_to_force_own
effect,warhammer_3,8.1.1,24237342,Lizardmen,lizardmen,wh2_main_sc_lzd_lizardmen,Oxyotl,Oxyotl,legendary_lord,wh2_dlc17_lzd_oxyotl,general,general,wh2_dlc17_lzd_oxyotl,true,false,true,true,false,false,,legendary_lords,wh2_dlc17_skill_node_set_lzd_oxyotl,,1,general,false,false,,,,wh2_dlc17_skill_node_set_lzd_oxyotl_army_1_1,wh2_main_skill_lzd_army_buff_saurus,Proud Warrior,"A long-serving member of an ancient, honourable tradition.",battle_attack.png,1,4,0,0,true,0,3,3,Proud Warrior,"A long-serving member of an ancient, honourable tradition.",,,,,,wh2_main_effect_force_stat_armour_saurus,Armour: %+n for Saurus units,,general_to_force_own,6,battle,401,true,armour.png,armour.png,,,,,,,,,,,,,,,,,,,,,,,character_skill_level_to_effects_junctions_tables,wh2_main_skill_lzd_army_buff_saurus|wh2_main_effect_force_stat_armour_saurus|3|general_to_force_own
effect,warhammer_3,8.1.1,24237342,Lizardmen,lizardmen,wh2_main_sc_lzd_lizardmen,Oxyotl,Oxyotl,legendary_lord,wh2_dlc17_lzd_oxyotl,general,general,wh2_dlc17_lzd_oxyotl,true,false,true,true,false,false,,legendary_lords,wh2_dlc17_skill_node_set_lzd_oxyotl,,1,general,false,false,,,,wh2_dlc17_skill_node_set_lzd_oxyotl_army_1_1,wh2_main_skill_lzd_army_buff_saurus,Proud Warrior,"A long-serving member of an ancient, honourable tradition.",battle_attack.png,1,4,0,0,true,0,3,3,Proud Warrior,"A long-serving member of an ancient, honourable tradition.",,,,,,wh2_main_effect_force_stat_melee_attack_lzd_saurus,Melee attack: %+n for Saurus units,,general_to_force_own,6,battle,431,true,melee.png,melee.png,,,,,,,,,,,,,,,,,,,,,,,character_skill_level_to_effects_junctions_tables,wh2_main_skill_lzd_army_buff_saurus|wh2_main_effect_force_stat_melee_attack_lzd_saurus|3|general_to_force_own
node,warhammer_3,8.1.1,24237342,Lizardmen,lizardmen,wh2_main_sc_lzd_lizardmen,Oxyotl,Oxyotl,legendary_lord,wh2_dlc17_lzd_oxyotl,general,general,wh2_dlc17_lzd_oxyotl,true,false,true,true,false,false,,legendary_lords,wh2_dlc17_skill_node_set_lzd_oxyotl,,1,general,false,false,,,,wh2_dlc17_skill_node_set_lzd_oxyotl_campaign_1_1,wh_main_skill_emp_lord_campaign_iron_disciplinarian,Iron Disciplinarian,"This Lord expects utter obedience from the smallfolk, and has little time for insurrections or petty revolts.",campaign_public_order.png,1,5,0,0,true,0,3,,,,,,,,,,,,,,,,,,,,,,,,,,,,,,,,,,,,,,,,,character_skill_nodes_tables,wh2_dlc17_skill_node_set_lzd_oxyotl_campaign_1_1
effect,warhammer_3,8.1.1,24237342,Lizardmen,lizardmen,wh2_main_sc_lzd_lizardmen,Oxyotl,Oxyotl,legendary_lord,wh2_dlc17_lzd_oxyotl,general,general,wh2_dlc17_lzd_oxyotl,true,false,true,true,false,false,,legendary_lords,wh2_dlc17_skill_node_set_lzd_oxyotl,,1,general,false,false,,,,wh2_dlc17_skill_node_set_lzd_oxyotl_campaign_1_1,wh_main_skill_emp_lord_campaign_iron_disciplinarian,Iron Disciplinarian,"This Lord expects utter obedience from the smallfolk, and has little time for insurrections or petty revolts.",campaign_public_order.png,1,5,0,0,true,0,3,1,Iron Disciplinarian,"This Lord expects utter obedience from the smallfolk, and has little time for insurrections or petty revolts.",,,,,,wh_main_effect_public_order_characters,{{tr:public_order_effect}}: %+n,,character_to_province_own,1,campaign,6,true,public_order.png,public_order.png,,,,,,,,,,,,,,,,,,,,,,,character_skill_level_to_effects_junctions_tables,wh_main_skill_emp_lord_campaign_iron_disciplinarian|wh_main_effect_public_order_characters|1|character_to_province_own
effect,warhammer_3,8.1.1,24237342,Lizardmen,lizardmen,wh2_main_sc_lzd_lizardmen,Oxyotl,Oxyotl,legendary_lord,wh2_dlc17_lzd_oxyotl,general,general,wh2_dlc17_lzd_oxyotl,true,false,true,true,false,false,,legendary_lords,wh2_dlc17_skill_node_set_lzd_oxyotl,,1,general,false,false,,,,wh2_dlc17_skill_node_set_lzd_oxyotl_campaign_1_1,wh_main_skill_emp_lord_campaign_iron_disciplinarian,Iron Disciplinarian,"This Lord expects utter obedience from the smallfolk, and has little time for insurrections or petty revolts.",campaign_public_order.png,1,5,0,0,true,0,3,2,Iron Disciplinarian,"This Lord expects utter obedience from the smallfolk, and has little time for insurrections or petty revolts.",,,,,,wh_main_effect_public_order_characters,{{tr:public_order_effect}}: %+n,,character_to_province_own,2,campaign,6,true,public_order.png,public_order.png,,,,,,,,,,,,,,,,,,,,,,,character_skill_level_to_effects_junctions_tables,wh_main_skill_emp_lord_campaign_iron_disciplinarian|wh_main_effect_public_order_characters|2|character_to_province_own
effect,warhammer_3,8.1.1,24237342,Lizardmen,lizardmen,wh2_main_sc_lzd_lizardmen,Oxyotl,Oxyotl,legendary_lord,wh2_dlc17_lzd_oxyotl,general,general,wh2_dlc17_lzd_oxyotl,true,false,true,true,false,false,,legendary_lords,wh2_dlc17_skill_node_set_lzd_oxyotl,,1,general,false,false,,,,wh2_dlc17_skill_node_set_lzd_oxyotl_campaign_1_1,wh_main_skill_emp_lord_campaign_iron_disciplinarian,Iron Disciplinarian,"This Lord expects utter obedience from the smallfolk, and has little time for insurrections or petty revolts.",campaign_public_order.png,1,5,0,0,true,0,3,3,Iron Disciplinarian,"This Lord expects utter obedience from the smallfolk, and has little time for insurrections or petty revolts.",,,,,,wh_main_effect_public_order_characters,{{tr:public_order_effect}}: %+n,,character_to_province_own,3,campaign,6,true,public_order.png,public_order.png,,,,,,,,,,,,,,,,,,,,,,,character_skill_level_to_effects_junctions_tables,wh_main_skill_emp_lord_campaign_iron_disciplinarian|wh_main_effect_public_order_characters|3|character_to_province_own
node,warhammer_3,8.1.1,24237342,Lizardmen,lizardmen,wh2_main_sc_lzd_lizardmen,Oxyotl,Oxyotl,legendary_lord,wh2_dlc17_lzd_oxyotl,general,general,wh2_dlc17_lzd_oxyotl,true,false,true,true,false,false,,legendary_lords,wh2_dlc17_skill_node_set_lzd_oxyotl,,1,general,false,false,,,,wh2_dlc17_skill_node_lzd_oxyotl_misc_2,wh2_dlc17_skill_lzd_oxyotl_poisons_2,Poisons of the Warp,"Harvested from a rare flower found only in the most toxic corners of Nurgle's gardens, this poison ensures a long and painful death.",wh2_dlc17_skill_poison_slow_death.png,2,0,0,0,true,9,1,,,,,,,,,,,,,,,,,,,,,,,,,,,,,,,,,,,,,,,,,character_skill_nodes_tables,wh2_dlc17_skill_node_lzd_oxyotl_misc_2
skill_level,warhammer_3,8.1.1,24237342,Lizardmen,lizardmen,wh2_main_sc_lzd_lizardmen,Oxyotl,Oxyotl,legendary_lord,wh2_dlc17_lzd_oxyotl,general,general,wh2_dlc17_lzd_oxyotl,true,false,true,true,false,false,,legendary_lords,wh2_dlc17_skill_node_set_lzd_oxyotl,,1,general,false,false,,,,wh2_dlc17_skill_node_lzd_oxyotl_misc_2,wh2_dlc17_skill_lzd_oxyotl_poisons_2,Poisons of the Warp,"Harvested from a rare flower found only in the most toxic corners of Nurgle's gardens, this poison ensures a long and painful death.",wh2_dlc17_skill_poison_slow_death.png,2,0,0,0,true,9,1,1,Poisons of the Warp,"Harvested from a rare flower found only in the most toxic corners of Nurgle's gardens, this poison ensures a long and painful death.",8,x,,,,,,,,,,,,,,,,,,,,,,,,,,,,,,,,,,,,character_skill_level_details_tables,wh2_dlc17_skill_lzd_oxyotl_poisons_2|1|||
ancillary_grant,warhammer_3,8.1.1,24237342,Lizardmen,lizardmen,wh2_main_sc_lzd_lizardmen,Oxyotl,Oxyotl,legendary_lord,wh2_dlc17_lzd_oxyotl,general,general,wh2_dlc17_lzd_oxyotl,true,false,true,true,false,false,,legendary_lords,wh2_dlc17_skill_node_set_lzd_oxyotl,,1,general,false,false,,,,wh2_dlc17_skill_node_lzd_oxyotl_misc_2,wh2_dlc17_skill_lzd_oxyotl_poisons_2,Poisons of the Warp,"Harvested from a rare flower found only in the most toxic corners of Nurgle's gardens, this poison ensures a long and painful death.",wh2_dlc17_skill_poison_slow_death.png,2,0,0,0,true,9,1,1,,,,,,,,,,,,,,,,,,,,,,,,,,,,,,,,,wh2_dlc17_anc_banner_lzd_poison_slow_death,Slow Death,wh2_dlc17_anc_banner_lzd_poison_slow_death,general,,,,character_skill_level_to_ancillaries_junctions_tables,wh2_dlc17_skill_lzd_oxyotl_poisons_2|wh2_dlc17_anc_banner_lzd_poison_slow_death|1
node,warhammer_3,8.1.1,24237342,Lizardmen,lizardmen,wh2_main_sc_lzd_lizardmen,Oxyotl,Oxyotl,legendary_lord,wh2_dlc17_lzd_oxyotl,general,general,wh2_dlc17_lzd_oxyotl,true,false,true,true,false,false,,legendary_lords,wh2_dlc17_skill_node_set_lzd_oxyotl,,1,general,false,false,,,,wh2_dlc17_skill_node_lzd_oxyotl_unique_1_2,wh2_dlc17_skill_lzd_oxyotl_unique_master_of_camouflage,The Hidden Nuisance,"Time after time, Oxyotl’s enemies arrive to find him ensconced nearby, soon meeting their deaths in a hail of barbed darts.",character_subterfuge.png,2,1,0,0,true,0,1,,,,,,,,,,,,,,,,,,,,,,,,,,,,,,,,,,,,,,,,,character_skill_nodes_tables,wh2_dlc17_skill_node_lzd_oxyotl_unique_1_2
skill_level,warhammer_3,8.1.1,24237342,Lizardmen,lizardmen,wh2_main_sc_lzd_lizardmen,Oxyotl,Oxyotl,legendary_lord,wh2_dlc17_lzd_oxyotl,general,general,wh2_dlc17_lzd_oxyotl,true,false,true,true,false,false,,legendary_lords,wh2_dlc17_skill_node_set_lzd_oxyotl,,1,general,false,false,,,,wh2_dlc17_skill_node_lzd_oxyotl_unique_1_2,wh2_dlc17_skill_lzd_oxyotl_unique_master_of_camouflage,The Hidden Nuisance,"Time after time, Oxyotl’s enemies arrive to find him ensconced nearby, soon meeting their deaths in a hail of barbed darts.",character_subterfuge.png,2,1,0,0,true,0,1,1,The Hidden Nuisance,"Time after time, Oxyotl’s enemies arrive to find him ensconced nearby, soon meeting their deaths in a hail of barbed darts.",0,x,,,,,,,,,,,,,,,,,,,,,,,,,,,,,,,,,,,,character_skill_level_details_tables,wh2_dlc17_skill_lzd_oxyotl_unique_master_of_camouflage|1|||
effect,warhammer_3,8.1.1,24237342,Lizardmen,lizardmen,wh2_main_sc_lzd_lizardmen,Oxyotl,Oxyotl,legendary_lord,wh2_dlc17_lzd_oxyotl,general,general,wh2_dlc17_lzd_oxyotl,true,false,true,true,false,false,,legendary_lords,wh2_dlc17_skill_node_set_lzd_oxyotl,,1,general,false,false,,,,wh2_dlc17_skill_node_lzd_oxyotl_unique_1_2,wh2_dlc17_skill_lzd_oxyotl_unique_master_of_camouflage,The Hidden Nuisance,"Time after time, Oxyotl’s enemies arrive to find him ensconced nearby, soon meeting their deaths in a hail of barbed darts.",character_subterfuge.png,2,1,0,0,true,0,1,1,The Hidden Nuisance,"Time after time, Oxyotl’s enemies arrive to find him ensconced nearby, soon meeting their deaths in a hail of barbed darts.",,,,,,wh2_dlc17_effect_ambush_visibility_reduced,Greatly reduced chance of being detected while in ambush stance,,character_to_character_own,-50,campaign,100,false,subterfuge.png,subterfuge.png,,,,,,,,,,,,,,,,,,,,,,,character_skill_level_to_effects_junctions_tables,wh2_dlc17_skill_lzd_oxyotl_unique_master_of_camouflage|wh2_dlc17_effect_ambush_visibility_reduced|1|character_to_character_own
effect,warhammer_3,8.1.1,24237342,Lizardmen,lizardmen,wh2_main_sc_lzd_lizardmen,Oxyotl,Oxyotl,legendary_lord,wh2_dlc17_lzd_oxyotl,general,general,wh2_dlc17_lzd_oxyotl,true,false,true,true,false,false,,legendary_lords,wh2_dlc17_skill_node_set_lzd_oxyotl,,1,general,false,false,,,,wh2_dlc17_skill_node_lzd_oxyotl_unique_1_2,wh2_dlc17_skill_lzd_oxyotl_unique_master_of_camouflage,The Hidden Nuisance,"Time after time, Oxyotl’s enemies arrive to find him ensconced nearby, soon meeting their deaths in a hail of barbed darts.",character_subterfuge.png,2,1,0,0,true,0,1,1,The Hidden Nuisance,"Time after time, Oxyotl’s enemies arrive to find him ensconced nearby, soon meeting their deaths in a hail of barbed darts.",,,,,,wh2_dlc17_effect_enable_attribute_snipe_chameleon_skinks,Attribute: Snipe for Chamelon Skinks,,general_to_force_own,1,campaign,105,true,snipe.png,snipe.png,,,,,,,,,,,,,,,,,,,,,,,character_skill_level_to_effects_junctions_tables,wh2_dlc17_skill_lzd_oxyotl_unique_master_of_camouflage|wh2_dlc17_effect_enable_attribute_snipe_chameleon_skinks|1|general_to_force_own
effect,warhammer_3,8.1.1,24237342,Lizardmen,lizardmen,wh2_main_sc_lzd_lizardmen,Oxyotl,Oxyotl,legendary_lord,wh2_dlc17_lzd_oxyotl,general,general,wh2_dlc17_lzd_oxyotl,true,false,true,true,false,false,,legendary_lords,wh2_dlc17_skill_node_set_lzd_oxyotl,,1,general,false,false,,,,wh2_dlc17_skill_node_lzd_oxyotl_unique_1_2,wh2_dlc17_skill_lzd_oxyotl_unique_master_of_camouflage,The Hidden Nuisance,"Time after time, Oxyotl’s enemies arrive to find him ensconced nearby, soon meeting their deaths in a hail of barbed darts.",character_subterfuge.png,2,1,0,0,true,0,1,1,The Hidden Nuisance,"Time after time, Oxyotl’s enemies arrive to find him ensconced nearby, soon meeting their deaths in a hail of barbed darts.",,,,,,wh2_dlc17_effect_enable_attribute_stalk_all_skink_units,Attribute: Stalk for all Skink Infantry units,,general_to_force_own,1,campaign,105,true,attribute_stalk.png,attribute_stalk.png,,,,,,,,,,,,,,,,,,,,,,,character_skill_level_to_effects_junctions_tables,wh2_dlc17_skill_lzd_oxyotl_unique_master_of_camouflage|wh2_dlc17_effect_enable_attribute_stalk_all_skink_units|1|general_to_force_own
effect,warhammer_3,8.1.1,24237342,Lizardmen,lizardmen,wh2_main_sc_lzd_lizardmen,Oxyotl,Oxyotl,legendary_lord,wh2_dlc17_lzd_oxyotl,general,general,wh2_dlc17_lzd_oxyotl,true,false,true,true,false,false,,legendary_lords,wh2_dlc17_skill_node_set_lzd_oxyotl,,1,general,false,false,,,,wh2_dlc17_skill_node_lzd_oxyotl_unique_1_2,wh2_dlc17_skill_lzd_oxyotl_unique_master_of_camouflage,The Hidden Nuisance,"Time after time, Oxyotl’s enemies arrive to find him ensconced nearby, soon meeting their deaths in a hail of barbed darts.",character_subterfuge.png,2,1,0,0,true,0,1,1,The Hidden Nuisance,"Time after time, Oxyotl’s enemies arrive to find him ensconced nearby, soon meeting their deaths in a hail of barbed darts.",,,,,,wh2_dlc17_effect_enable_attribute_unspottable_chameleon_stalkers,Attribute: Unspottable for Chamelon Stalker units,,general_to_force_own,1,campaign,100,true,attribute_stalk.png,attribute_stalk.png,,,,,,,,,,,,,,,,,,,,,,,character_skill_level_to_effects_junctions_tables,wh2_dlc17_skill_lzd_oxyotl_unique_master_of_camouflage|wh2_dlc17_effect_enable_attribute_unspottable_chameleon_stalkers|1|general_to_force_own
node,warhammer_3,8.1.1,24237342,Lizardmen,lizardmen,wh2_main_sc_lzd_lizardmen,Oxyotl,Oxyotl,legendary_lord,wh2_dlc17_lzd_oxyotl,general,general,wh2_dlc17_lzd_oxyotl,true,false,true,true,false,false,,legendary_lords,wh2_dlc17_skill_node_set_lzd_oxyotl,,1,general,false,false,,,,wh2_dlc17_skill_node_lzd_oxyotl_combat_1_2,wh2_dlc11_skill_all_lord_self_deadeye,Deadeye,"Although precision in missile combat is something that can be learned, this one was born with a high degree of natural talent.",character_ammo.png,2,2,0,0,true,0,2,,,,,,,,,,,,,,,,,,,,,,,,,,,,,,,,,,,,,,,,,character_skill_nodes_tables,wh2_dlc17_skill_node_lzd_oxyotl_combat_1_2
effect,warhammer_3,8.1.1,24237342,Lizardmen,lizardmen,wh2_main_sc_lzd_lizardmen,Oxyotl,Oxyotl,legendary_lord,wh2_dlc17_lzd_oxyotl,general,general,wh2_dlc17_lzd_oxyotl,true,false,true,true,false,false,,legendary_lords,wh2_dlc17_skill_node_set_lzd_oxyotl,,1,general,false,false,,,,wh2_dlc17_skill_node_lzd_oxyotl_combat_1_2,wh2_dlc11_skill_all_lord_self_deadeye,Deadeye,"Although precision in missile combat is something that can be learned, this one was born with a high degree of natural talent.",character_ammo.png,2,2,0,0,true,0,2,1,Deadeye,"Although precision in missile combat is something that can be learned, this one was born with a high degree of natural talent.",,,,,,wh_main_effect_character_stat_ammunition,Ammunition: %+n%,,character_to_character_own,15,both,210,true,ammo_character.png,ammo_character.png,,,,,,,,,,,,,,,,,,,,,,,character_skill_level_to_effects_junctions_tables,wh2_dlc11_skill_all_lord_self_deadeye|wh_main_effect_character_stat_ammunition|1|character_to_character_own
effect,warhammer_3,8.1.1,24237342,Lizardmen,lizardmen,wh2_main_sc_lzd_lizardmen,Oxyotl,Oxyotl,legendary_lord,wh2_dlc17_lzd_oxyotl,general,general,wh2_dlc17_lzd_oxyotl,true,false,true,true,false,false,,legendary_lords,wh2_dlc17_skill_node_set_lzd_oxyotl,,1,general,false,false,,,,wh2_dlc17_skill_node_lzd_oxyotl_combat_1_2,wh2_dlc11_skill_all_lord_self_deadeye,Deadeye,"Although precision in missile combat is something that can be learned, this one was born with a high degree of natural talent.",character_ammo.png,2,2,0,0,true,0,2,1,Deadeye,"Although precision in missile combat is something that can be learned, this one was born with a high degree of natural talent.",,,,,,wh_main_effect_character_stat_reload_time_reduction,Reload time reduction: %+n%,,character_to_character_own,7,both,260,true,icon_stat_reload_time_character.png,icon_stat_reload_time_character.png,,,,,,,,,,,,,,,,,,,,,,,character_skill_level_to_effects_junctions_tables,wh2_dlc11_skill_all_lord_self_deadeye|wh_main_effect_character_stat_reload_time_reduction|1|character_to_character_own
effect,warhammer_3,8.1.1,24237342,Lizardmen,lizardmen,wh2_main_sc_lzd_lizardmen,Oxyotl,Oxyotl,legendary_lord,wh2_dlc17_lzd_oxyotl,general,general,wh2_dlc17_lzd_oxyotl,true,false,true,true,false,false,,legendary_lords,wh2_dlc17_skill_node_set_lzd_oxyotl,,1,general,false,false,,,,wh2_dlc17_skill_node_lzd_oxyotl_combat_1_2,wh2_dlc11_skill_all_lord_self_deadeye,Deadeye,"Although precision in missile combat is something that can be learned, this one was born with a high degree of natural talent.",character_ammo.png,2,2,0,0,true,0,2,2,Deadeye,"Although precision in missile combat is something that can be learned, this one was born with a high degree of natural talent.",,,,,,wh_main_effect_character_stat_ammunition,Ammunition: %+n%,,character_to_character_own,30,both,210,true,ammo_character.png,ammo_character.png,,,,,,,,,,,,,,,,,,,,,,,character_skill_level_to_effects_junctions_tables,wh2_dlc11_skill_all_lord_self_deadeye|wh_main_effect_character_stat_ammunition|2|character_to_character_own
effect,warhammer_3,8.1.1,24237342,Lizardmen,lizardmen,wh2_main_sc_lzd_lizardmen,Oxyotl,Oxyotl,legendary_lord,wh2_dlc17_lzd_oxyotl,general,general,wh2_dlc17_lzd_oxyotl,true,false,true,true,false,false,,legendary_lords,wh2_dlc17_skill_node_set_lzd_oxyotl,,1,general,false,false,,,,wh2_dlc17_skill_node_lzd_oxyotl_combat_1_2,wh2_dlc11_skill_all_lord_self_deadeye,Deadeye,"Although precision in missile combat is something that can be learned, this one was born with a high degree of natural talent.",character_ammo.png,2,2,0,0,true,0,2,2,Deadeye,"Although precision in missile combat is something that can be learned, this one was born with a high degree of natural talent.",,,,,,wh_main_effect_character_stat_reload_time_reduction,Reload time reduction: %+n%,,character_to_character_own,15,both,260,true,icon_stat_reload_time_character.png,icon_stat_reload_time_character.png,,,,,,,,,,,,,,,,,,,,,,,character_skill_level_to_effects_junctions_tables,wh2_dlc11_skill_all_lord_self_deadeye|wh_main_effect_character_stat_reload_time_reduction|2|character_to_character_own
node,warhammer_3,8.1.1,24237342,Lizardmen,lizardmen,wh2_main_sc_lzd_lizardmen,Oxyotl,Oxyotl,legendary_lord,wh2_dlc17_lzd_oxyotl,general,general,wh2_dlc17_lzd_oxyotl,true,false,true,true,false,false,,legendary_lords,wh2_dlc17_skill_node_set_lzd_oxyotl,,1,general,false,false,,,,wh2_dlc17_skill_node_set_lzd_oxyotl_army_1_2,wh2_main_skill_lzd_army_buff_skinks,Skirmisher,"This seasoned warrior understands irregular combat perfectly: when to attack, when to hold back, when to withdraw behind heavier lines.",battle_ranged_damage.png,2,4,0,0,true,0,3,,,,,,,,,,,,,,,,,,,,,,,,,,,,,,,,,,,,,,,,,character_skill_nodes_tables,wh2_dlc17_skill_node_set_lzd_oxyotl_army_1_2
effect,warhammer_3,8.1.1,24237342,Lizardmen,lizardmen,wh2_main_sc_lzd_lizardmen,Oxyotl,Oxyotl,legendary_lord,wh2_dlc17_lzd_oxyotl,general,general,wh2_dlc17_lzd_oxyotl,true,false,true,true,false,false,,legendary_lords,wh2_dlc17_skill_node_set_lzd_oxyotl,,1,general,false,false,,,,wh2_dlc17_skill_node_set_lzd_oxyotl_army_1_2,wh2_main_skill_lzd_army_buff_skinks,Skirmisher,"This seasoned warrior understands irregular combat perfectly: when to attack, when to hold back, when to withdraw behind heavier lines.",battle_ranged_damage.png,2,4,0,0,true,0,3,1,Skirmisher,"This seasoned warrior understands irregular combat perfectly: when to attack, when to hold back, when to withdraw behind heavier lines.",,,,,,wh2_dlc12_effect_force_stat_missile_damage_lzd_salamander_hunting_packs,Missile strength: %+n% for Salamander and Razordon Hunting Pack units,,general_to_force_own,6,battle,541,true,ranged_damage.png,ranged_damage.png,,,,,,,,,,,,,,,,,,,,,,,character_skill_level_to_effects_junctions_tables,wh2_main_skill_lzd_army_buff_skinks|wh2_dlc12_effect_force_stat_missile_damage_lzd_salamander_hunting_packs|1|general_to_force_own
effect,warhammer_3,8.1.1,24237342,Lizardmen,lizardmen,wh2_main_sc_lzd_lizardmen,Oxyotl,Oxyotl,legendary_lord,wh2_dlc17_lzd_oxyotl,general,general,wh2_dlc17_lzd_oxyotl,true,false,true,true,false,false,,legendary_lords,wh2_dlc17_skill_node_set_lzd_oxyotl,,1,general,false,false,,,,wh2_dlc17_skill_node_set_lzd_oxyotl_army_1_2,wh2_main_skill_lzd_army_buff_skinks,Skirmisher,"This seasoned warrior understands irregular combat perfectly: when to attack, when to hold back, when to withdraw behind heavier lines.",battle_ranged_damage.png,2,4,0,0,true,0,3,1,Skirmisher,"This seasoned warrior understands irregular combat perfectly: when to attack, when to hold back, when to withdraw behind heavier lines.",,,,,,wh2_dlc12_effect_force_stat_weapon_strength_lzd_salamander_hunting_packs,Weapon strength: %+n% for Salamander and Razordon Hunting Pack units,,general_to_force_own,6,battle,461,true,weapon_damage.png,weapon_damage.png,,,,,,,,,,,,,,,,,,,,,,,character_skill_level_to_effects_junctions_tables,wh2_main_skill_lzd_army_buff_skinks|wh2_dlc12_effect_force_stat_weapon_strength_lzd_salamander_hunting_packs|1|general_to_force_own
effect,warhammer_3,8.1.1,24237342,Lizardmen,lizardmen,wh2_main_sc_lzd_lizardmen,Oxyotl,Oxyotl,legendary_lord,wh2_dlc17_lzd_oxyotl,general,general,wh2_dlc17_lzd_oxyotl,true,false,true,true,false,false,,legendary_lords,wh2_dlc17_skill_node_set_lzd_oxyotl,,1,general,false,false,,,,wh2_dlc17_skill_node_set_lzd_oxyotl_army_1_2,wh2_main_skill_lzd_army_buff_skinks,Skirmisher,"This seasoned warrior understands irregular combat perfectly: when to attack, when to hold back, when to withdraw behind heavier lines.",battle_ranged_damage.png,2,4,0,0,true,0,3,1,Skirmisher,"This seasoned warrior understands irregular combat perfectly: when to attack, when to hold back, when to withdraw behind heavier lines.",,,,,,wh2_main_effect_force_stat_missile_damage_lzd_skinks,"Missile strength: %+n% for Skink, Chameleon Skink and Chameleon Stalker units",,general_to_force_own,4,battle,541,true,ranged_damage.png,ranged_damage.png,,,,,,,,,,,,,,,,,,,,,,,character_skill_level_to_effects_junctions_tables,wh2_main_skill_lzd_army_buff_skinks|wh2_main_effect_force_stat_missile_damage_lzd_skinks|1|general_to_force_own
effect,warhammer_3,8.1.1,24237342,Lizardmen,lizardmen,wh2_main_sc_lzd_lizardmen,Oxyotl,Oxyotl,legendary_lord,wh2_dlc17_lzd_oxyotl,general,general,wh2_dlc17_lzd_oxyotl,true,false,true,true,false,false,,legendary_lords,wh2_dlc17_skill_node_set_lzd_oxyotl,,1,general,false,false,,,,wh2_dlc17_skill_node_set_lzd_oxyotl_army_1_2,wh2_main_skill_lzd_army_buff_skinks,Skirmisher,"This seasoned warrior understands irregular combat perfectly: when to attack, when to hold back, when to withdraw behind heavier lines.",battle_ranged_damage.png,2,4,0,0,true,0,3,1,Skirmisher,"This seasoned warrior understands irregular combat perfectly: when to attack, when to hold back, when to withdraw behind heavier lines.",,,,,,wh2_main_effect_force_stat_weapon_strength_lzd_skinks,"Weapon strength: %+n% for Skink, Chameleon Skink, Chameleon Stalker and Red Crested Skink units",,general_to_force_own,6,battle,461,true,weapon_damage.png,weapon_damage.png,,,,,,,,,,,,,,,,,,,,,,,character_skill_level_to_effects_junctions_tables,wh2_main_skill_lzd_army_buff_skinks|wh2_main_effect_force_stat_weapon_strength_lzd_skinks|1|general_to_force_own
effect,warhammer_3,8.1.1,24237342,Lizardmen,lizardmen,wh2_main_sc_lzd_lizardmen,Oxyotl,Oxyotl,legendary_lord,wh2_dlc17_lzd_oxyotl,general,general,wh2_dlc17_lzd_oxyotl,true,false,true,true,false,false,,legendary_lords,wh2_dlc17_skill_node_set_lzd_oxyotl,,1,general,false,false,,,,wh2_dlc17_skill_node_set_lzd_oxyotl_army_1_2,wh2_main_skill_lzd_army_buff_skinks,Skirmisher,"This seasoned warrior understands irregular combat perfectly: when to attack, when to hold back, when to withdraw behind heavier lines.",battle_ranged_damage.png,2,4,0,0,true,0,3,2,Skirmisher,"This seasoned warrior understands irregular combat perfectly: when to attack, when to hold back, when to withdraw behind heavier lines.",,,,,,wh2_dlc12_effect_force_stat_melee_defence_lzd_salamander_hunting_packs,Melee defence: %+n for Salamander and Razordon Hunting Pack units,,general_to_force_own,4,battle,451,true,defence.png,defence.png,,,,,,,,,,,,,,,,,,,,,,,character_skill_level_to_effects_junctions_tables,wh2_main_skill_lzd_army_buff_skinks|wh2_dlc12_effect_force_stat_melee_defence_lzd_salamander_hunting_packs|2|general_to_force_own
effect,warhammer_3,8.1.1,24237342,Lizardmen,lizardmen,wh2_main_sc_lzd_lizardmen,Oxyotl,Oxyotl,legendary_lord,wh2_dlc17_lzd_oxyotl,general,general,wh2_dlc17_lzd_oxyotl,true,false,true,true,false,false,,legendary_lords,wh2_dlc17_skill_node_set_lzd_oxyotl,,1,general,false,false,,,,wh2_dlc17_skill_node_set_lzd_oxyotl_army_1_2,wh2_main_skill_lzd_army_buff_skinks,Skirmisher,"This seasoned warrior understands irregular combat perfectly: when to attack, when to hold back, when to withdraw behind heavier lines.",battle_ranged_damage.png,2,4,0,0,true,0,3,2,Skirmisher,"This seasoned warrior understands irregular combat perfectly: when to attack, when to hold back, when to withdraw behind heavier lines.",,,,,,wh2_dlc12_effect_force_stat_missile_damage_lzd_salamander_hunting_packs,Missile strength: %+n% for Salamander and Razordon Hunting Pack units,,general_to_force_own,6,battle,541,true,ranged_damage.png,ranged_damage.png,,,,,,,,,,,,,,,,,,,,,,,character_skill_level_to_effects_junctions_tables,wh2_main_skill_lzd_army_buff_skinks|wh2_dlc12_effect_force_stat_missile_damage_lzd_salamander_hunting_packs|2|general_to_force_own
effect,warhammer_3,8.1.1,24237342,Lizardmen,lizardmen,wh2_main_sc_lzd_lizardmen,Oxyotl,Oxyotl,legendary_lord,wh2_dlc17_lzd_oxyotl,general,general,wh2_dlc17_lzd_oxyotl,true,false,true,true,false,false,,legendary_lords,wh2_dlc17_skill_node_set_lzd_oxyotl,,1,general,false,false,,,,wh2_dlc17_skill_node_set_lzd_oxyotl_army_1_2,wh2_main_skill_lzd_army_buff_skinks,Skirmisher,"This seasoned warrior understands irregular combat perfectly: when to attack, when to hold back, when to withdraw behind heavier lines.",battle_ranged_damage.png,2,4,0,0,true,0,3,2,Skirmisher,"This seasoned warrior understands irregular combat perfectly: when to attack, when to hold back, when to withdraw behind heavier lines.",,,,,,wh2_dlc12_effect_force_stat_weapon_strength_lzd_salamander_hunting_packs,Weapon strength: %+n% for Salamander and Razordon Hunting Pack units,,general_to_force_own,9,battle,461,true,weapon_damage.png,weapon_damage.png,,,,,,,,,,,,,,,,,,,,,,,character_skill_level_to_effects_junctions_tables,wh2_main_skill_lzd_army_buff_skinks|wh2_dlc12_effect_force_stat_weapon_strength_lzd_salamander_hunting_packs|2|general_to_force_own
effect,warhammer_3,8.1.1,24237342,Lizardmen,lizardmen,wh2_main_sc_lzd_lizardmen,Oxyotl,Oxyotl,legendary_lord,wh2_dlc17_lzd_oxyotl,general,general,wh2_dlc17_lzd_oxyotl,true,false,true,true,false,false,,legendary_lords,wh2_dlc17_skill_node_set_lzd_oxyotl,,1,general,false,false,,,,wh2_dlc17_skill_node_set_lzd_oxyotl_army_1_2,wh2_main_skill_lzd_army_buff_skinks,Skirmisher,"This seasoned warrior understands irregular combat perfectly: when to attack, when to hold back, when to withdraw behind heavier lines.",battle_ranged_damage.png,2,4,0,0,true,0,3,2,Skirmisher,"This seasoned warrior understands irregular combat perfectly: when to attack, when to hold back, when to withdraw behind heavier lines.",,,,,,wh2_main_effect_force_stat_melee_defence_lzd_skinks,"Melee defence: %+n for Skink, Chameleon Skink, Chameleon Stalker and Red Crested Skink units",,general_to_force_own,4,battle,451,true,defence.png,defence.png,,,,,,,,,,,,,,,,,,,,,,,character_skill_level_to_effects_junctions_tables,wh2_main_skill_lzd_army_buff_skinks|wh2_main_effect_force_stat_melee_defence_lzd_skinks|2|general_to_force_own
effect,warhammer_3,8.1.1,24237342,Lizardmen,lizardmen,wh2_main_sc_lzd_lizardmen,Oxyotl,Oxyotl,legendary_lord,wh2_dlc17_lzd_oxyotl,general,general,wh2_dlc17_lzd_oxyotl,true,false,true,true,false,false,,legendary_lords,wh2_dlc17_skill_node_set_lzd_oxyotl,,1,general,false,false,,,,wh2_dlc17_skill_node_set_lzd_oxyotl_army_1_2,wh2_main_skill_lzd_army_buff_skinks,Skirmisher,"This seasoned warrior understands irregular combat perfectly: when to attack, when to hold back, when to withdraw behind heavier lines.",battle_ranged_damage.png,2,4,0,0,true,0,3,2,Skirmisher,"This seasoned warrior understands irregular combat perfectly: when to attack, when to hold back, when to withdraw behind heavier lines.",,,,,,wh2_main_effect_force_stat_missile_damage_lzd_skinks,"Missile strength: %+n% for Skink, Chameleon Skink and Chameleon Stalker units",,general_to_force_own,6,battle,541,true,ranged_damage.png,ranged_damage.png,,,,,,,,,,,,,,,,,,,,,,,character_skill_level_to_effects_junctions_tables,wh2_main_skill_lzd_army_buff_skinks|wh2_main_effect_force_stat_missile_damage_lzd_skinks|2|general_to_force_own
effect,warhammer_3,8.1.1,24237342,Lizardmen,lizardmen,wh2_main_sc_lzd_lizardmen,Oxyotl,Oxyotl,legendary_lord,wh2_dlc17_lzd_oxyotl,general,general,wh2_dlc17_lzd_oxyotl,true,false,true,true,false,false,,legendary_lords,wh2_dlc17_skill_node_set_lzd_oxyotl,,1,general,false,false,,,,wh2_dlc17_skill_node_set_lzd_oxyotl_army_1_2,wh2_main_skill_lzd_army_buff_skinks,Skirmisher,"This seasoned warrior understands irregular combat perfectly: when to attack, when to hold back, when to withdraw behind heavier lines.",battle_ranged_damage.png,2,4,0,0,true,0,3,2,Skirmisher,"This seasoned warrior understands irregular combat perfectly: when to attack, when to hold back, when to withdraw behind heavier lines.",,,,,,wh2_main_effect_force_stat_weapon_strength_lzd_skinks,"Weapon strength: %+n% for Skink, Chameleon Skink, Chameleon Stalker and Red Crested Skink units",,general_to_force_own,9,battle,461,true,weapon_damage.png,weapon_damage.png,,,,,,,,,,,,,,,,,,,,,,,character_skill_level_to_effects_junctions_tables,wh2_main_skill_lzd_army_buff_skinks|wh2_main_effect_force_stat_weapon_strength_lzd_skinks|2|general_to_force_own
effect,warhammer_3,8.1.1,24237342,Lizardmen,lizardmen,wh2_main_sc_lzd_lizardmen,Oxyotl,Oxyotl,legendary_lord,wh2_dlc17_lzd_oxyotl,general,general,wh2_dlc17_lzd_oxyotl,true,false,true,true,false,false,,legendary_lords,wh2_dlc17_skill_node_set_lzd_oxyotl,,1,general,false,false,,,,wh2_dlc17_skill_node_set_lzd_oxyotl_army_1_2,wh2_main_skill_lzd_army_buff_skinks,Skirmisher,"This seasoned warrior understands irregular combat perfectly: when to attack, when to hold back, when to withdraw behind heavier lines.",battle_ranged_damage.png,2,4,0,0,true,0,3,3,Skirmisher,"This seasoned warrior understands irregular combat perfectly: when to attack, when to hold back, when to withdraw behind heavier lines.",,,,,,wh2_dlc12_effect_force_stat_melee_defence_lzd_salamander_hunting_packs,Melee defence: %+n for Salamander and Razordon Hunting Pack units,,general_to_force_own,6,battle,451,true,defence.png,defence.png,,,,,,,,,,,,,,,,,,,,,,,character_skill_level_to_effects_junctions_tables,wh2_main_skill_lzd_army_buff_skinks|wh2_dlc12_effect_force_stat_melee_defence_lzd_salamander_hunting_packs|3|general_to_force_own
effect,warhammer_3,8.1.1,24237342,Lizardmen,lizardmen,wh2_main_sc_lzd_lizardmen,Oxyotl,Oxyotl,legendary_lord,wh2_dlc17_lzd_oxyotl,general,general,wh2_dlc17_lzd_oxyotl,true,false,true,true,false,false,,legendary_lords,wh2_dlc17_skill_node_set_lzd_oxyotl,,1,general,false,false,,,,wh2_dlc17_skill_node_set_lzd_oxyotl_army_1_2,wh2_main_skill_lzd_army_buff_skinks,Skirmisher,"This seasoned warrior understands irregular combat perfectly: when to attack, when to hold back, when to withdraw behind heavier lines.",battle_ranged_damage.png,2,4,0,0,true,0,3,3,Skirmisher,"This seasoned warrior understands irregular combat perfectly: when to attack, when to hold back, when to withdraw behind heavier lines.",,,,,,wh2_dlc12_effect_force_stat_missile_damage_lzd_salamander_hunting_packs,Missile strength: %+n% for Salamander and Razordon Hunting Pack units,,general_to_force_own,8,battle,541,true,ranged_damage.png,ranged_damage.png,,,,,,,,,,,,,,,,,,,,,,,character_skill_level_to_effects_junctions_tables,wh2_main_skill_lzd_army_buff_skinks|wh2_dlc12_effect_force_stat_missile_damage_lzd_salamander_hunting_packs|3|general_to_force_own
effect,warhammer_3,8.1.1,24237342,Lizardmen,lizardmen,wh2_main_sc_lzd_lizardmen,Oxyotl,Oxyotl,legendary_lord,wh2_dlc17_lzd_oxyotl,general,general,wh2_dlc17_lzd_oxyotl,true,false,true,true,false,false,,legendary_lords,wh2_dlc17_skill_node_set_lzd_oxyotl,,1,general,false,false,,,,wh2_dlc17_skill_node_set_lzd_oxyotl_army_1_2,wh2_main_skill_lzd_army_buff_skinks,Skirmisher,"This seasoned warrior understands irregular combat perfectly: when to attack, when to hold back, when to withdraw behind heavier lines.",battle_ranged_damage.png,2,4,0,0,true,0,3,3,Skirmisher,"This seasoned warrior understands irregular combat perfectly: when to attack, when to hold back, when to withdraw behind heavier lines.",,,,,,wh2_dlc12_effect_force_stat_weapon_strength_lzd_salamander_hunting_packs,Weapon strength: %+n% for Salamander and Razordon Hunting Pack units,,general_to_force_own,12,battle,461,true,weapon_damage.png,weapon_damage.png,,,,,,,,,,,,,,,,,,,,,,,character_skill_level_to_effects_junctions_tables,wh2_main_skill_lzd_army_buff_skinks|wh2_dlc12_effect_force_stat_weapon_strength_lzd_salamander_hunting_packs|3|general_to_force_own
effect,warhammer_3,8.1.1,24237342,Lizardmen,lizardmen,wh2_main_sc_lzd_lizardmen,Oxyotl,Oxyotl,legendary_lord,wh2_dlc17_lzd_oxyotl,general,general,wh2_dlc17_lzd_oxyotl,true,false,true,true,false,false,,legendary_lords,wh2_dlc17_skill_node_set_lzd_oxyotl,,1,general,false,false,,,,wh2_dlc17_skill_node_set_lzd_oxyotl_army_1_2,wh2_main_skill_lzd_army_buff_skinks,Skirmisher,"This seasoned warrior understands irregular combat perfectly: when to attack, when to hold back, when to withdraw behind heavier lines.",battle_ranged_damage.png,2,4,0,0,true,0,3,3,Skirmisher,"This seasoned warrior understands irregular combat perfectly: when to attack, when to hold back, when to withdraw behind heavier lines.",,,,,,wh2_main_effect_force_stat_melee_defence_lzd_skinks,"Melee defence: %+n for Skink, Chameleon Skink, Chameleon Stalker and Red Crested Skink units",,general_to_force_own,6,battle,451,true,defence.png,defence.png,,,,,,,,,,,,,,,,,,,,,,,character_skill_level_to_effects_junctions_tables,wh2_main_skill_lzd_army_buff_skinks|wh2_main_effect_force_stat_melee_defence_lzd_skinks|3|general_to_force_own
effect,warhammer_3,8.1.1,24237342,Lizardmen,lizardmen,wh2_main_sc_lzd_lizardmen,Oxyotl,Oxyotl,legendary_lord,wh2_dlc17_lzd_oxyotl,general,general,wh2_dlc17_lzd_oxyotl,true,false,true,true,false,false,,legendary_lords,wh2_dlc17_skill_node_set_lzd_oxyotl,,1,general,false,false,,,,wh2_dlc17_skill_node_set_lzd_oxyotl_army_1_2,wh2_main_skill_lzd_army_buff_skinks,Skirmisher,"This seasoned warrior understands irregular combat perfectly: when to attack, when to hold back, when to withdraw behind heavier lines.",battle_ranged_damage.png,2,4,0,0,true,0,3,3,Skirmisher,"This seasoned warrior understands irregular combat perfectly: when to attack, when to hold back, when to withdraw behind heavier lines.",,,,,,wh2_main_effect_force_stat_missile_damage_lzd_skinks,"Missile strength: %+n% for Skink, Chameleon Skink and Chameleon Stalker units",,general_to_force_own,8,battle,541,true,ranged_damage.png,ranged_damage.png,,,,,,,,,,,,,,,,,,,,,,,character_skill_level_to_effects_junctions_tables,wh2_main_skill_lzd_army_buff_skinks|wh2_main_effect_force_stat_missile_damage_lzd_skinks|3|general_to_force_own
effect,warhammer_3,8.1.1,24237342,Lizardmen,lizardmen,wh2_main_sc_lzd_lizardmen,Oxyotl,Oxyotl,legendary_lord,wh2_dlc17_lzd_oxyotl,general,general,wh2_dlc17_lzd_oxyotl,true,false,true,true,false,false,,legendary_lords,wh2_dlc17_skill_node_set_lzd_oxyotl,,1,general,false,false,,,,wh2_dlc17_skill_node_set_lzd_oxyotl_army_1_2,wh2_main_skill_lzd_army_buff_skinks,Skirmisher,"This seasoned warrior understands irregular combat perfectly: when to attack, when to hold back, when to withdraw behind heavier lines.",battle_ranged_damage.png,2,4,0,0,true,0,3,3,Skirmisher,"This seasoned warrior understands irregular combat perfectly: when to attack, when to hold back, when to withdraw behind heavier lines.",,,,,,wh2_main_effect_force_stat_weapon_strength_lzd_skinks,"Weapon strength: %+n% for Skink, Chameleon Skink, Chameleon Stalker and Red Crested Skink units",,general_to_force_own,12,battle,461,true,weapon_damage.png,weapon_damage.png,,,,,,,,,,,,,,,,,,,,,,,character_skill_level_to_effects_junctions_tables,wh2_main_skill_lzd_army_buff_skinks|wh2_main_effect_force_stat_weapon_strength_lzd_skinks|3|general_to_force_own
node,warhammer_3,8.1.1,24237342,Lizardmen,lizardmen,wh2_main_sc_lzd_lizardmen,Oxyotl,Oxyotl,legendary_lord,wh2_dlc17_lzd_oxyotl,general,general,wh2_dlc17_lzd_oxyotl,true,false,true,true,false,false,,legendary_lords,wh2_dlc17_skill_node_set_lzd_oxyotl,,1,general,false,false,,,,wh2_dlc17_skill_node_set_lzd_oxyotl_campaign_1_2,wh_main_skill_emp_lord_campaign_fervent,Fervent,"Through our acts, the gods will cleanse the lands.",campaign_untainted.png,2,5,0,0,true,0,3,,,,,,,,,,,,,,,,,,,,,,,,,,,,,,,,,,,,,,,,,character_skill_nodes_tables,wh2_dlc17_skill_node_set_lzd_oxyotl_campaign_1_2
effect,warhammer_3,8.1.1,24237342,Lizardmen,lizardmen,wh2_main_sc_lzd_lizardmen,Oxyotl,Oxyotl,legendary_lord,wh2_dlc17_lzd_oxyotl,general,general,wh2_dlc17_lzd_oxyotl,true,false,true,true,false,false,,legendary_lords,wh2_dlc17_skill_node_set_lzd_oxyotl,,1,general,false,false,,,,wh2_dlc17_skill_node_set_lzd_oxyotl_campaign_1_2,wh_main_skill_emp_lord_campaign_fervent,Fervent,"Through our acts, the gods will cleanse the lands.",campaign_untainted.png,2,5,0,0,true,0,3,1,Fervent,"Through our acts, the gods will cleanse the lands.",,,,,,wh3_main_effect_corruption_reduction_characters,Corruption: %+n,,character_to_province_any,-1,campaign,104,false,corruption.png,corruption.png,,,,,,,,,,,,,,,,,,,,,,,character_skill_level_to_effects_junctions_tables,wh_main_skill_emp_lord_campaign_fervent|wh3_main_effect_corruption_reduction_characters|1|character_to_province_any
effect,warhammer_3,8.1.1,24237342,Lizardmen,lizardmen,wh2_main_sc_lzd_lizardmen,Oxyotl,Oxyotl,legendary_lord,wh2_dlc17_lzd_oxyotl,general,general,wh2_dlc17_lzd_oxyotl,true,false,true,true,false,false,,legendary_lords,wh2_dlc17_skill_node_set_lzd_oxyotl,,1,general,false,false,,,,wh2_dlc17_skill_node_set_lzd_oxyotl_campaign_1_2,wh_main_skill_emp_lord_campaign_fervent,Fervent,"Through our acts, the gods will cleanse the lands.",campaign_untainted.png,2,5,0,0,true,0,3,2,Fervent,"Through our acts, the gods will cleanse the lands.",,,,,,wh3_main_effect_corruption_reduction_characters,Corruption: %+n,,character_to_province_any,-2,campaign,104,false,corruption.png,corruption.png,,,,,,,,,,,,,,,,,,,,,,,character_skill_level_to_effects_junctions_tables,wh_main_skill_emp_lord_campaign_fervent|wh3_main_effect_corruption_reduction_characters|2|character_to_province_any
effect,warhammer_3,8.1.1,24237342,Lizardmen,lizardmen,wh2_main_sc_lzd_lizardmen,Oxyotl,Oxyotl,legendary_lord,wh2_dlc17_lzd_oxyotl,general,general,wh2_dlc17_lzd_oxyotl,true,false,true,true,false,false,,legendary_lords,wh2_dlc17_skill_node_set_lzd_oxyotl,,1,general,false,false,,,,wh2_dlc17_skill_node_set_lzd_oxyotl_campaign_1_2,wh_main_skill_emp_lord_campaign_fervent,Fervent,"Through our acts, the gods will cleanse the lands.",campaign_untainted.png,2,5,0,0,true,0,3,3,Fervent,"Through our acts, the gods will cleanse the lands.",,,,,,wh3_main_effect_corruption_reduction_characters,Corruption: %+n,,character_to_province_any,-3,campaign,104,false,corruption.png,corruption.png,,,,,,,,,,,,,,,,,,,,,,,character_skill_level_to_effects_junctions_tables,wh_main_skill_emp_lord_campaign_fervent|wh3_main_effect_corruption_reduction_characters|3|character_to_province_any
node,warhammer_3,8.1.1,24237342,Lizardmen,lizardmen,wh2_main_sc_lzd_lizardmen,Oxyotl,Oxyotl,legendary_lord,wh2_dlc17_lzd_oxyotl,general,general,wh2_dlc17_lzd_oxyotl,true,false,true,true,false,false,,legendary_lords,wh2_dlc17_skill_node_set_lzd_oxyotl,,1,general,false,false,,,,wh2_dlc17_skill_node_lzd_oxyotl_misc_3,wh2_main_skill_lzd_lizardmen_agility,Agility of the Lizard,Lizardmen can move with deceptive speed and agility when they have to.,character_ward_save.png,3,0,0,0,true,7,1,,,,,,,,,,,,,,,,,,,,,,,,,,,,,,,,,,,,,,,,,character_skill_nodes_tables,wh2_dlc17_skill_node_lzd_oxyotl_misc_3
skill_level,warhammer_3,8.1.1,24237342,Lizardmen,lizardmen,wh2_main_sc_lzd_lizardmen,Oxyotl,Oxyotl,legendary_lord,wh2_dlc17_lzd_oxyotl,general,general,wh2_dlc17_lzd_oxyotl,true,false,true,true,false,false,,legendary_lords,wh2_dlc17_skill_node_set_lzd_oxyotl,,1,general,false,false,,,,wh2_dlc17_skill_node_lzd_oxyotl_misc_3,wh2_main_skill_lzd_lizardmen_agility,Agility of the Lizard,Lizardmen can move with deceptive speed and agility when they have to.,character_ward_save.png,3,0,0,0,true,7,1,1,Agility of the Lizard,Lizardmen can move with deceptive speed and agility when they have to.,7,x,,,,,,,,,,,,,,,,,,,,,,,,,,,,,,,,,,,,character_skill_level_details_tables,wh2_main_skill_lzd_lizardmen_agility|1|||
effect,warhammer_3,8.1.1,24237342,Lizardmen,lizardmen,wh2_main_sc_lzd_lizardmen,Oxyotl,Oxyotl,legendary_lord,wh2_dlc17_lzd_oxyotl,general,general,wh2_dlc17_lzd_oxyotl,true,false,true,true,false,false,,legendary_lords,wh2_dlc17_skill_node_set_lzd_oxyotl,,1,general,false,false,,,,wh2_dlc17_skill_node_lzd_oxyotl_misc_3,wh2_main_skill_lzd_lizardmen_agility,Agility of the Lizard,Lizardmen can move with deceptive speed and agility when they have to.,character_ward_save.png,3,0,0,0,true,7,1,1,Agility of the Lizard,Lizardmen can move with deceptive speed and agility when they have to.,,,,,,wh_main_effect_character_stat_missile_resistance,Missile resistance: %n%,"Missile Resistance. Damage of missile attacks is reduced by this amount, up to a maximum of 90%",character_to_character_own,10,both,280,true,resistance_missile.png,resistance_missile.png,,,,,,,,,,,,,,,,,,,,,,,character_skill_level_to_effects_junctions_tables,wh2_main_skill_lzd_lizardmen_agility|wh_main_effect_character_stat_missile_resistance|1|character_to_character_own
node,warhammer_3,8.1.1,24237342,Lizardmen,lizardmen,wh2_main_sc_lzd_lizardmen,Oxyotl,Oxyotl,legendary_lord,wh2_dlc17_lzd_oxyotl,general,general,wh2_dlc17_lzd_oxyotl,true,false,true,true,false,false,,legendary_lords,wh2_dlc17_skill_node_set_lzd_oxyotl,,1,general,false,false,,,,wh2_dlc17_skill_node_lzd_oxyotl_unique_1_3,wh2_dlc17_skill_lzd_oxyotl_unique_explorer_of_lost_worlds,Explorer of Lost Worlds,"The path back from the Chaos Realm passes through fell places that cannot be recounted, but also forgotten lands of wondrous creatures.",character_experience.png,3,1,0,0,true,0,1,,,,,,,,,,,,,,,,,,,,,,,,,,,,,,,,,,,,,,,,,character_skill_nodes_tables,wh2_dlc17_skill_node_lzd_oxyotl_unique_1_3
skill_level,warhammer_3,8.1.1,24237342,Lizardmen,lizardmen,wh2_main_sc_lzd_lizardmen,Oxyotl,Oxyotl,legendary_lord,wh2_dlc17_lzd_oxyotl,general,general,wh2_dlc17_lzd_oxyotl,true,false,true,true,false,false,,legendary_lords,wh2_dlc17_skill_node_set_lzd_oxyotl,,1,general,false,false,,,,wh2_dlc17_skill_node_lzd_oxyotl_unique_1_3,wh2_dlc17_skill_lzd_oxyotl_unique_explorer_of_lost_worlds,Explorer of Lost Worlds,"The path back from the Chaos Realm passes through fell places that cannot be recounted, but also forgotten lands of wondrous creatures.",character_experience.png,3,1,0,0,true,0,1,1,Explorer of Lost Worlds,"The path back from the Chaos Realm passes through fell places that cannot be recounted, but also forgotten lands of wondrous creatures.",0,x,,,,,,,,,,,,,,,,,,,,,,,,,,,,,,,,,,,,character_skill_level_details_tables,wh2_dlc17_skill_lzd_oxyotl_unique_explorer_of_lost_worlds|1|||
effect,warhammer_3,8.1.1,24237342,Lizardmen,lizardmen,wh2_main_sc_lzd_lizardmen,Oxyotl,Oxyotl,legendary_lord,wh2_dlc17_lzd_oxyotl,general,general,wh2_dlc17_lzd_oxyotl,true,false,true,true,false,false,,legendary_lords,wh2_dlc17_skill_node_set_lzd_oxyotl,,1,general,false,false,,,,wh2_dlc17_skill_node_lzd_oxyotl_unique_1_3,wh2_dlc17_skill_lzd_oxyotl_unique_explorer_of_lost_worlds,Explorer of Lost Worlds,"The path back from the Chaos Realm passes through fell places that cannot be recounted, but also forgotten lands of wondrous creatures.",character_experience.png,3,1,0,0,true,0,1,1,Explorer of Lost Worlds,"The path back from the Chaos Realm passes through fell places that cannot be recounted, but also forgotten lands of wondrous creatures.",,,,,,wh2_dlc17_effect_agent_enable_recruitment_runesmith_lzd,Unlocks [[img:icon_hero]][[/img]]Hero recruitment: Skink Oracle,,character_to_province_own_factionwide,1,campaign,3,true,wizard.png,wizard.png,,,,,,,,,,,,,,,,,,,,,,,character_skill_level_to_effects_junctions_tables,wh2_dlc17_skill_lzd_oxyotl_unique_explorer_of_lost_worlds|wh2_dlc17_effect_agent_enable_recruitment_runesmith_lzd|1|character_to_province_own_factionwide
effect,warhammer_3,8.1.1,24237342,Lizardmen,lizardmen,wh2_main_sc_lzd_lizardmen,Oxyotl,Oxyotl,legendary_lord,wh2_dlc17_lzd_oxyotl,general,general,wh2_dlc17_lzd_oxyotl,true,false,true,true,false,false,,legendary_lords,wh2_dlc17_skill_node_set_lzd_oxyotl,,1,general,false,false,,,,wh2_dlc17_skill_node_lzd_oxyotl_unique_1_3,wh2_dlc17_skill_lzd_oxyotl_unique_explorer_of_lost_worlds,Explorer of Lost Worlds,"The path back from the Chaos Realm passes through fell places that cannot be recounted, but also forgotten lands of wondrous creatures.",character_experience.png,3,1,0,0,true,0,1,1,Explorer of Lost Worlds,"The path back from the Chaos Realm passes through fell places that cannot be recounted, but also forgotten lands of wondrous creatures.",,,,,,wh2_dlc17_effect_missile_resistance_troglodon_coatl_oracle,"Missile resistance: %n% for Troglodon, Coatl and Skink Oracle units",,general_to_force_own,15,battle,105,true,resistance_missile.png,ammo.png,,,,,,,,,,,,,,,,,,,,,,,character_skill_level_to_effects_junctions_tables,wh2_dlc17_skill_lzd_oxyotl_unique_explorer_of_lost_worlds|wh2_dlc17_effect_missile_resistance_troglodon_coatl_oracle|1|general_to_force_own
effect,warhammer_3,8.1.1,24237342,Lizardmen,lizardmen,wh2_main_sc_lzd_lizardmen,Oxyotl,Oxyotl,legendary_lord,wh2_dlc17_lzd_oxyotl,general,general,wh2_dlc17_lzd_oxyotl,true,false,true,true,false,false,,legendary_lords,wh2_dlc17_skill_node_set_lzd_oxyotl,,1,general,false,false,,,,wh2_dlc17_skill_node_lzd_oxyotl_unique_1_3,wh2_dlc17_skill_lzd_oxyotl_unique_explorer_of_lost_worlds,Explorer of Lost Worlds,"The path back from the Chaos Realm passes through fell places that cannot be recounted, but also forgotten lands of wondrous creatures.",character_experience.png,3,1,0,0,true,0,1,1,Explorer of Lost Worlds,"The path back from the Chaos Realm passes through fell places that cannot be recounted, but also forgotten lands of wondrous creatures.",,,,,,wh2_dlc17_effect_upkeep_troglodon_coatl_oracle,"Upkeep: %+n% for Troglodon, Coatl, and Skink Oracle units",,general_to_force_own,-15,battle,105,false,military_spending.png,military_spending.png,,,,,,,,,,,,,,,,,,,,,,,character_skill_level_to_effects_junctions_tables,wh2_dlc17_skill_lzd_oxyotl_unique_explorer_of_lost_worlds|wh2_dlc17_effect_upkeep_troglodon_coatl_oracle|1|general_to_force_own
node,warhammer_3,8.1.1,24237342,Lizardmen,lizardmen,wh2_main_sc_lzd_lizardmen,Oxyotl,Oxyotl,legendary_lord,wh2_dlc17_lzd_oxyotl,general,general,wh2_dlc17_lzd_oxyotl,true,false,true,true,false,false,,legendary_lords,wh2_dlc17_skill_node_set_lzd_oxyotl,,1,general,false,false,,,,wh2_dlc17_skill_node_lzd_oxyotl_combat_1_3,wh2_dlc11_skill_all_lord_self_hard_to_hit,{{tr:character_skills_localised_name_wh_main_skill_all_all_self_hard_to_hit}},{{tr:character_skills_localised_description_wh_main_skill_all_all_self_hard_to_hit}},character_defence.png,3,2,0,0,true,0,2,,,,,,,,,,,,,,,,,,,,,,,,,,,,,,,,,,,,,,,,,character_skill_nodes_tables,wh2_dlc17_skill_node_lzd_oxyotl_combat_1_3
effect,warhammer_3,8.1.1,24237342,Lizardmen,lizardmen,wh2_main_sc_lzd_lizardmen,Oxyotl,Oxyotl,legendary_lord,wh2_dlc17_lzd_oxyotl,general,general,wh2_dlc17_lzd_oxyotl,true,false,true,true,false,false,,legendary_lords,wh2_dlc17_skill_node_set_lzd_oxyotl,,1,general,false,false,,,,wh2_dlc17_skill_node_lzd_oxyotl_combat_1_3,wh2_dlc11_skill_all_lord_self_hard_to_hit,{{tr:character_skills_localised_name_wh_main_skill_all_all_self_hard_to_hit}},{{tr:character_skills_localised_description_wh_main_skill_all_all_self_hard_to_hit}},character_defence.png,3,2,0,0,true,0,2,1,{{tr:character_skills_localised_name_wh_main_skill_all_all_self_hard_to_hit}},{{tr:character_skills_localised_description_wh_main_skill_all_all_self_hard_to_hit}},,,,,,wh_main_effect_character_stat_melee_defence,Melee defence: %+n,,character_to_character_own,6,both,150,true,defence_character.png,defence_character.png,,,,,,,,,,,,,,,,,,,,,,,character_skill_level_to_effects_junctions_tables,wh2_dlc11_skill_all_lord_self_hard_to_hit|wh_main_effect_character_stat_melee_defence|1|character_to_character_own
effect,warhammer_3,8.1.1,24237342,Lizardmen,lizardmen,wh2_main_sc_lzd_lizardmen,Oxyotl,Oxyotl,legendary_lord,wh2_dlc17_lzd_oxyotl,general,general,wh2_dlc17_lzd_oxyotl,true,false,true,true,false,false,,legendary_lords,wh2_dlc17_skill_node_set_lzd_oxyotl,,1,general,false,false,,,,wh2_dlc17_skill_node_lzd_oxyotl_combat_1_3,wh2_dlc11_skill_all_lord_self_hard_to_hit,{{tr:character_skills_localised_name_wh_main_skill_all_all_self_hard_to_hit}},{{tr:character_skills_localised_description_wh_main_skill_all_all_self_hard_to_hit}},character_defence.png,3,2,0,0,true,0,2,2,{{tr:character_skills_localised_name_wh_main_skill_all_all_self_hard_to_hit}},{{tr:character_skills_localised_description_wh_main_skill_all_all_self_hard_to_hit}},,,,,,wh_main_effect_character_stat_melee_defence,Melee defence: %+n,,character_to_character_own,12,both,150,true,defence_character.png,defence_character.png,,,,,,,,,,,,,,,,,,,,,,,character_skill_level_to_effects_junctions_tables,wh2_dlc11_skill_all_lord_self_hard_to_hit|wh_main_effect_character_stat_melee_defence|2|character_to_character_own
node,warhammer_3,8.1.1,24237342,Lizardmen,lizardmen,wh2_main_sc_lzd_lizardmen,Oxyotl,Oxyotl,legendary_lord,wh2_dlc17_lzd_oxyotl,general,general,wh2_dlc17_lzd_oxyotl,true,false,true,true,false,false,,legendary_lords,wh2_dlc17_skill_node_set_lzd_oxyotl,,1,general,false,false,,,,wh2_dlc17_skill_node_set_lzd_oxyotl_army_1_3,wh2_main_skill_lzd_army_buff_riders,Swift Rider,Only the finest beast riders can hang on whilst their mounts crash through the jungle undergrowth or smash through the foe's ranks.,battle_speed.png,3,4,0,0,true,0,3,,,,,,,,,,,,,,,,,,,,,,,,,,,,,,,,,,,,,,,,,character_skill_nodes_tables,wh2_dlc17_skill_node_set_lzd_oxyotl_army_1_3
effect,warhammer_3,8.1.1,24237342,Lizardmen,lizardmen,wh2_main_sc_lzd_lizardmen,Oxyotl,Oxyotl,legendary_lord,wh2_dlc17_lzd_oxyotl,general,general,wh2_dlc17_lzd_oxyotl,true,false,true,true,false,false,,legendary_lords,wh2_dlc17_skill_node_set_lzd_oxyotl,,1,general,false,false,,,,wh2_dlc17_skill_node_set_lzd_oxyotl_army_1_3,wh2_main_skill_lzd_army_buff_riders,Swift Rider,Only the finest beast riders can hang on whilst their mounts crash through the jungle undergrowth or smash through the foe's ranks.,battle_speed.png,3,4,0,0,true,0,3,1,Swift Rider,Only the finest beast riders can hang on whilst their mounts crash through the jungle undergrowth or smash through the foe's ranks.,,,,,,wh2_main_effect_force_stat_speed_lzd_terradon_cold_one,"Speed: %+n% for Terradon Riders, Ripperdactyl Riders, Coatl and Cold One units",,general_to_force_own,5,battle,421,true,battle_movement.png,battle_movement.png,,,,,,,,,,,,,,,,,,,,,,,character_skill_level_to_effects_junctions_tables,wh2_main_skill_lzd_army_buff_riders|wh2_main_effect_force_stat_speed_lzd_terradon_cold_one|1|general_to_force_own
effect,warhammer_3,8.1.1,24237342,Lizardmen,lizardmen,wh2_main_sc_lzd_lizardmen,Oxyotl,Oxyotl,legendary_lord,wh2_dlc17_lzd_oxyotl,general,general,wh2_dlc17_lzd_oxyotl,true,false,true,true,false,false,,legendary_lords,wh2_dlc17_skill_node_set_lzd_oxyotl,,1,general,false,false,,,,wh2_dlc17_skill_node_set_lzd_oxyotl_army_1_3,wh2_main_skill_lzd_army_buff_riders,Swift Rider,Only the finest beast riders can hang on whilst their mounts crash through the jungle undergrowth or smash through the foe's ranks.,battle_speed.png,3,4,0,0,true,0,3,2,Swift Rider,Only the finest beast riders can hang on whilst their mounts crash through the jungle undergrowth or smash through the foe's ranks.,,,,,,wh2_main_effect_force_stat_missile_damage_lzd_terradon,Missile strength: %+n% for Terradon Riders units,,general_to_force_own,6,battle,541,true,ranged_damage.png,ranged_damage.png,,,,,,,,,,,,,,,,,,,,,,,character_skill_level_to_effects_junctions_tables,wh2_main_skill_lzd_army_buff_riders|wh2_main_effect_force_stat_missile_damage_lzd_terradon|2|general_to_force_own
effect,warhammer_3,8.1.1,24237342,Lizardmen,lizardmen,wh2_main_sc_lzd_lizardmen,Oxyotl,Oxyotl,legendary_lord,wh2_dlc17_lzd_oxyotl,general,general,wh2_dlc17_lzd_oxyotl,true,false,true,true,false,false,,legendary_lords,wh2_dlc17_skill_node_set_lzd_oxyotl,,1,general,false,false,,,,wh2_dlc17_skill_node_set_lzd_oxyotl_army_1_3,wh2_main_skill_lzd_army_buff_riders,Swift Rider,Only the finest beast riders can hang on whilst their mounts crash through the jungle undergrowth or smash through the foe's ranks.,battle_speed.png,3,4,0,0,true,0,3,2,Swift Rider,Only the finest beast riders can hang on whilst their mounts crash through the jungle undergrowth or smash through the foe's ranks.,,,,,,wh2_main_effect_force_stat_speed_lzd_terradon_cold_one,"Speed: %+n% for Terradon Riders, Ripperdactyl Riders, Coatl and Cold One units",,general_to_force_own,7,battle,421,true,battle_movement.png,battle_movement.png,,,,,,,,,,,,,,,,,,,,,,,character_skill_level_to_effects_junctions_tables,wh2_main_skill_lzd_army_buff_riders|wh2_main_effect_force_stat_speed_lzd_terradon_cold_one|2|general_to_force_own
effect,warhammer_3,8.1.1,24237342,Lizardmen,lizardmen,wh2_main_sc_lzd_lizardmen,Oxyotl,Oxyotl,legendary_lord,wh2_dlc17_lzd_oxyotl,general,general,wh2_dlc17_lzd_oxyotl,true,false,true,true,false,false,,legendary_lords,wh2_dlc17_skill_node_set_lzd_oxyotl,,1,general,false,false,,,,wh2_dlc17_skill_node_set_lzd_oxyotl_army_1_3,wh2_main_skill_lzd_army_buff_riders,Swift Rider,Only the finest beast riders can hang on whilst their mounts crash through the jungle undergrowth or smash through the foe's ranks.,battle_speed.png,3,4,0,0,true,0,3,2,Swift Rider,Only the finest beast riders can hang on whilst their mounts crash through the jungle undergrowth or smash through the foe's ranks.,,,,,,wh2_main_effect_force_stat_weapon_strength_lzd_terradon_cold_one,"Weapon strength: %+n% for Terradon Riders, Ripperdactyl Riders, Coatl and Cold One units",,general_to_force_own,6,battle,461,true,weapon_damage.png,weapon_damage.png,,,,,,,,,,,,,,,,,,,,,,,character_skill_level_to_effects_junctions_tables,wh2_main_skill_lzd_army_buff_riders|wh2_main_effect_force_stat_weapon_strength_lzd_terradon_cold_one|2|general_to_force_own
effect,warhammer_3,8.1.1,24237342,Lizardmen,lizardmen,wh2_main_sc_lzd_lizardmen,Oxyotl,Oxyotl,legendary_lord,wh2_dlc17_lzd_oxyotl,general,general,wh2_dlc17_lzd_oxyotl,true,false,true,true,false,false,,legendary_lords,wh2_dlc17_skill_node_set_lzd_oxyotl,,1,general,false,false,,,,wh2_dlc17_skill_node_set_lzd_oxyotl_army_1_3,wh2_main_skill_lzd_army_buff_riders,Swift Rider,Only the finest beast riders can hang on whilst their mounts crash through the jungle undergrowth or smash through the foe's ranks.,battle_speed.png,3,4,0,0,true,0,3,3,Swift Rider,Only the finest beast riders can hang on whilst their mounts crash through the jungle undergrowth or smash through the foe's ranks.,,,,,,wh2_main_effect_force_stat_missile_damage_lzd_terradon,Missile strength: %+n% for Terradon Riders units,,general_to_force_own,8,battle,541,true,ranged_damage.png,ranged_damage.png,,,,,,,,,,,,,,,,,,,,,,,character_skill_level_to_effects_junctions_tables,wh2_main_skill_lzd_army_buff_riders|wh2_main_effect_force_stat_missile_damage_lzd_terradon|3|general_to_force_own
effect,warhammer_3,8.1.1,24237342,Lizardmen,lizardmen,wh2_main_sc_lzd_lizardmen,Oxyotl,Oxyotl,legendary_lord,wh2_dlc17_lzd_oxyotl,general,general,wh2_dlc17_lzd_oxyotl,true,false,true,true,false,false,,legendary_lords,wh2_dlc17_skill_node_set_lzd_oxyotl,,1,general,false,false,,,,wh2_dlc17_skill_node_set_lzd_oxyotl_army_1_3,wh2_main_skill_lzd_army_buff_riders,Swift Rider,Only the finest beast riders can hang on whilst their mounts crash through the jungle undergrowth or smash through the foe's ranks.,battle_speed.png,3,4,0,0,true,0,3,3,Swift Rider,Only the finest beast riders can hang on whilst their mounts crash through the jungle undergrowth or smash through the foe's ranks.,,,,,,wh2_main_effect_force_stat_speed_lzd_terradon_cold_one,"Speed: %+n% for Terradon Riders, Ripperdactyl Riders, Coatl and Cold One units",,general_to_force_own,10,battle,421,true,battle_movement.png,battle_movement.png,,,,,,,,,,,,,,,,,,,,,,,character_skill_level_to_effects_junctions_tables,wh2_main_skill_lzd_army_buff_riders|wh2_main_effect_force_stat_speed_lzd_terradon_cold_one|3|general_to_force_own
effect,warhammer_3,8.1.1,24237342,Lizardmen,lizardmen,wh2_main_sc_lzd_lizardmen,Oxyotl,Oxyotl,legendary_lord,wh2_dlc17_lzd_oxyotl,general,general,wh2_dlc17_lzd_oxyotl,true,false,true,true,false,false,,legendary_lords,wh2_dlc17_skill_node_set_lzd_oxyotl,,1,general,false,false,,,,wh2_dlc17_skill_node_set_lzd_oxyotl_army_1_3,wh2_main_skill_lzd_army_buff_riders,Swift Rider,Only the finest beast riders can hang on whilst their mounts crash through the jungle undergrowth or smash through the foe's ranks.,battle_speed.png,3,4,0,0,true,0,3,3,Swift Rider,Only the finest beast riders can hang on whilst their mounts crash through the jungle undergrowth or smash through the foe's ranks.,,,,,,wh2_main_effect_force_stat_weapon_strength_lzd_terradon_cold_one,"Weapon strength: %+n% for Terradon Riders, Ripperdactyl Riders, Coatl and Cold One units",,general_to_force_own,8,battle,461,true,weapon_damage.png,weapon_damage.png,,,,,,,,,,,,,,,,,,,,,,,character_skill_level_to_effects_junctions_tables,wh2_main_skill_lzd_army_buff_riders|wh2_main_effect_force_stat_weapon_strength_lzd_terradon_cold_one|3|general_to_force_own
node,warhammer_3,8.1.1,24237342,Lizardmen,lizardmen,wh2_main_sc_lzd_lizardmen,Oxyotl,Oxyotl,legendary_lord,wh2_dlc17_lzd_oxyotl,general,general,wh2_dlc17_lzd_oxyotl,true,false,true,true,false,false,,legendary_lords,wh2_dlc17_skill_node_set_lzd_oxyotl,,1,general,false,false,,,,wh2_dlc17_skill_node_set_lzd_oxyotl_campaign_1_3,wh_main_skill_brt_lord_campaign_bonded_service,Bonded Service,"The Lords rule, the peasants toil. Nothing has changed in over a thousand years.",campaign_military_spending.png,3,5,0,0,true,0,3,,,,,,,,,,,,,,,,,,,,,,,,,,,,,,,,,,,,,,,,,character_skill_nodes_tables,wh2_dlc17_skill_node_set_lzd_oxyotl_campaign_1_3
effect,warhammer_3,8.1.1,24237342,Lizardmen,lizardmen,wh2_main_sc_lzd_lizardmen,Oxyotl,Oxyotl,legendary_lord,wh2_dlc17_lzd_oxyotl,general,general,wh2_dlc17_lzd_oxyotl,true,false,true,true,false,false,,legendary_lords,wh2_dlc17_skill_node_set_lzd_oxyotl,,1,general,false,false,,,,wh2_dlc17_skill_node_set_lzd_oxyotl_campaign_1_3,wh_main_skill_brt_lord_campaign_bonded_service,Bonded Service,"The Lords rule, the peasants toil. Nothing has changed in over a thousand years.",campaign_military_spending.png,3,5,0,0,true,0,3,1,Bonded Service,"The Lords rule, the peasants toil. Nothing has changed in over a thousand years.",,,,,,wh_main_effect_force_all_campaign_recruitment_cost_all,Recruitment cost: %+n%,,general_to_force_own,-5,campaign,106,false,treasury.png,treasury.png,,,,,,,,,,,,,,,,,,,,,,,character_skill_level_to_effects_junctions_tables,wh_main_skill_brt_lord_campaign_bonded_service|wh_main_effect_force_all_campaign_recruitment_cost_all|1|general_to_force_own
effect,warhammer_3,8.1.1,24237342,Lizardmen,lizardmen,wh2_main_sc_lzd_lizardmen,Oxyotl,Oxyotl,legendary_lord,wh2_dlc17_lzd_oxyotl,general,general,wh2_dlc17_lzd_oxyotl,true,false,true,true,false,false,,legendary_lords,wh2_dlc17_skill_node_set_lzd_oxyotl,,1,general,false,false,,,,wh2_dlc17_skill_node_set_lzd_oxyotl_campaign_1_3,wh_main_skill_brt_lord_campaign_bonded_service,Bonded Service,"The Lords rule, the peasants toil. Nothing has changed in over a thousand years.",campaign_military_spending.png,3,5,0,0,true,0,3,2,Bonded Service,"The Lords rule, the peasants toil. Nothing has changed in over a thousand years.",,,,,,wh_main_effect_force_all_campaign_recruitment_cost_all,Recruitment cost: %+n%,,general_to_force_own,-10,campaign,106,false,treasury.png,treasury.png,,,,,,,,,,,,,,,,,,,,,,,character_skill_level_to_effects_junctions_tables,wh_main_skill_brt_lord_campaign_bonded_service|wh_main_effect_force_all_campaign_recruitment_cost_all|2|general_to_force_own
effect,warhammer_3,8.1.1,24237342,Lizardmen,lizardmen,wh2_main_sc_lzd_lizardmen,Oxyotl,Oxyotl,legendary_lord,wh2_dlc17_lzd_oxyotl,general,general,wh2_dlc17_lzd_oxyotl,true,false,true,true,false,false,,legendary_lords,wh2_dlc17_skill_node_set_lzd_oxyotl,,1,general,false,false,,,,wh2_dlc17_skill_node_set_lzd_oxyotl_campaign_1_3,wh_main_skill_brt_lord_campaign_bonded_service,Bonded Service,"The Lords rule, the peasants toil. Nothing has changed in over a thousand years.",campaign_military_spending.png,3,5,0,0,true,0,3,3,Bonded Service,"The Lords rule, the peasants toil. Nothing has changed in over a thousand years.",,,,,,wh_main_effect_force_all_campaign_recruitment_cost_all,Recruitment cost: %+n%,,general_to_force_own,-15,campaign,106,false,treasury.png,treasury.png,,,,,,,,,,,,,,,,,,,,,,,character_skill_level_to_effects_junctions_tables,wh_main_skill_brt_lord_campaign_bonded_service|wh_main_effect_force_all_campaign_recruitment_cost_all|3|general_to_force_own
node,warhammer_3,8.1.1,24237342,Lizardmen,lizardmen,wh2_main_sc_lzd_lizardmen,Oxyotl,Oxyotl,legendary_lord,wh2_dlc17_lzd_oxyotl,general,general,wh2_dlc17_lzd_oxyotl,true,false,true,true,false,false,,legendary_lords,wh2_dlc17_skill_node_set_lzd_oxyotl,,1,general,false,false,,,,wh2_dlc17_skill_node_lzd_oxyotl_misc_4,wh2_main_skill_lzd_protection_of_the_old_ones,Protection of the Old Ones,"Across the gulf of space, the serene Potec has shared the secrets of time so that the Lizardmen may protect themselves against supernatural attack.",character_ward_save.png,4,0,0,0,true,7,1,,,,,,,,,,,,,,,,,,,,,,,,,,,,,,,,,,,,,,,,,character_skill_nodes_tables,wh2_dlc17_skill_node_lzd_oxyotl_misc_4
skill_level,warhammer_3,8.1.1,24237342,Lizardmen,lizardmen,wh2_main_sc_lzd_lizardmen,Oxyotl,Oxyotl,legendary_lord,wh2_dlc17_lzd_oxyotl,general,general,wh2_dlc17_lzd_oxyotl,true,false,true,true,false,false,,legendary_lords,wh2_dlc17_skill_node_set_lzd_oxyotl,,1,general,false,false,,,,wh2_dlc17_skill_node_lzd_oxyotl_misc_4,wh2_main_skill_lzd_protection_of_the_old_ones,Protection of the Old Ones,"Across the gulf of space, the serene Potec has shared the secrets of time so that the Lizardmen may protect themselves against supernatural attack.",character_ward_save.png,4,0,0,0,true,7,1,1,Protection of the Old Ones,"Across the gulf of space, the serene Potec has shared the secrets of time so that the Lizardmen may protect themselves against supernatural attack.",7,x,,,,,,,,,,,,,,,,,,,,,,,,,,,,,,,,,,,,character_skill_level_details_tables,wh2_main_skill_lzd_protection_of_the_old_ones|1|||
effect,warhammer_3,8.1.1,24237342,Lizardmen,lizardmen,wh2_main_sc_lzd_lizardmen,Oxyotl,Oxyotl,legendary_lord,wh2_dlc17_lzd_oxyotl,general,general,wh2_dlc17_lzd_oxyotl,true,false,true,true,false,false,,legendary_lords,wh2_dlc17_skill_node_set_lzd_oxyotl,,1,general,false,false,,,,wh2_dlc17_skill_node_lzd_oxyotl_misc_4,wh2_main_skill_lzd_protection_of_the_old_ones,Protection of the Old Ones,"Across the gulf of space, the serene Potec has shared the secrets of time so that the Lizardmen may protect themselves against supernatural attack.",character_ward_save.png,4,0,0,0,true,7,1,1,Protection of the Old Ones,"Across the gulf of space, the serene Potec has shared the secrets of time so that the Lizardmen may protect themselves against supernatural attack.",,,,,,wh_main_effect_character_stat_magic_resistance,Spell resistance: %n%,"Spell Resistance. Damage of [[img:ui/skins/default/modifier_icon_magical.png]][[/img]]spells and magical abilities is reduced by this amount, up to a maximum of 90%",character_to_character_own,10,both,280,true,resistance_magic.png,resistance_magic.png,,,,,,,,,,,,,,,,,,,,,,,character_skill_level_to_effects_junctions_tables,wh2_main_skill_lzd_protection_of_the_old_ones|wh_main_effect_character_stat_magic_resistance|1|character_to_character_own
node,warhammer_3,8.1.1,24237342,Lizardmen,lizardmen,wh2_main_sc_lzd_lizardmen,Oxyotl,Oxyotl,legendary_lord,wh2_dlc17_lzd_oxyotl,general,general,wh2_dlc17_lzd_oxyotl,true,false,true,true,false,false,,legendary_lords,wh2_dlc17_skill_node_set_lzd_oxyotl,,1,general,false,false,,,,wh2_dlc17_skill_node_lzd_oxyotl_unique_1_4,wh2_dlc17_skill_lzd_oxyotl_unique_behind_enemy_lines,Behind Enemy Lines,Extinction is the rule. Survival is the exception.,campaign_replenishment.png,4,1,0,0,true,0,1,,,,,,,,,,,,,,,,,,,,,,,,,,,,,,,,,,,,,,,,,character_skill_nodes_tables,wh2_dlc17_skill_node_lzd_oxyotl_unique_1_4
skill_level,warhammer_3,8.1.1,24237342,Lizardmen,lizardmen,wh2_main_sc_lzd_lizardmen,Oxyotl,Oxyotl,legendary_lord,wh2_dlc17_lzd_oxyotl,general,general,wh2_dlc17_lzd_oxyotl,true,false,true,true,false,false,,legendary_lords,wh2_dlc17_skill_node_set_lzd_oxyotl,,1,general,false,false,,,,wh2_dlc17_skill_node_lzd_oxyotl_unique_1_4,wh2_dlc17_skill_lzd_oxyotl_unique_behind_enemy_lines,Behind Enemy Lines,Extinction is the rule. Survival is the exception.,campaign_replenishment.png,4,1,0,0,true,0,1,1,Behind Enemy Lines,Extinction is the rule. Survival is the exception.,0,x,,,,,,,,,,,,,,,,,,,,,,,,,,,,,,,,,,,,character_skill_level_details_tables,wh2_dlc17_skill_lzd_oxyotl_unique_behind_enemy_lines|1|||
effect,warhammer_3,8.1.1,24237342,Lizardmen,lizardmen,wh2_main_sc_lzd_lizardmen,Oxyotl,Oxyotl,legendary_lord,wh2_dlc17_lzd_oxyotl,general,general,wh2_dlc17_lzd_oxyotl,true,false,true,true,false,false,,legendary_lords,wh2_dlc17_skill_node_set_lzd_oxyotl,,1,general,false,false,,,,wh2_dlc17_skill_node_lzd_oxyotl_unique_1_4,wh2_dlc17_skill_lzd_oxyotl_unique_behind_enemy_lines,Behind Enemy Lines,Extinction is the rule. Survival is the exception.,campaign_replenishment.png,4,1,0,0,true,0,1,1,Behind Enemy Lines,Extinction is the rule. Survival is the exception.,,,,,,wh_main_effect_force_army_campaign_recruitment_points,Global recruitment capacity: %+n,,character_to_faction_unseen,2,campaign,270,true,army.png,army.png,,,,,,,,,,,,,,,,,,,,,,,character_skill_level_to_effects_junctions_tables,wh2_dlc17_skill_lzd_oxyotl_unique_behind_enemy_lines|wh_main_effect_force_army_campaign_recruitment_points|1|character_to_faction_unseen
effect,warhammer_3,8.1.1,24237342,Lizardmen,lizardmen,wh2_main_sc_lzd_lizardmen,Oxyotl,Oxyotl,legendary_lord,wh2_dlc17_lzd_oxyotl,general,general,wh2_dlc17_lzd_oxyotl,true,false,true,true,false,false,,legendary_lords,wh2_dlc17_skill_node_set_lzd_oxyotl,,1,general,false,false,,,,wh2_dlc17_skill_node_lzd_oxyotl_unique_1_4,wh2_dlc17_skill_lzd_oxyotl_unique_behind_enemy_lines,Behind Enemy Lines,Extinction is the rule. Survival is the exception.,campaign_replenishment.png,4,1,0,0,true,0,1,1,Behind Enemy Lines,Extinction is the rule. Survival is the exception.,,,,,,wh2_dlc12_effect_force_stat_melee_attack_foreign_territory,Melee attack: %+n when in foreign territory,,general_to_force_own,8,battle,431,true,melee.png,melee.png,,,,,,,,,,,,,,,,,,,,,,,character_skill_level_to_effects_junctions_tables,wh2_dlc17_skill_lzd_oxyotl_unique_behind_enemy_lines|wh2_dlc12_effect_force_stat_melee_attack_foreign_territory|1|general_to_force_own
effect,warhammer_3,8.1.1,24237342,Lizardmen,lizardmen,wh2_main_sc_lzd_lizardmen,Oxyotl,Oxyotl,legendary_lord,wh2_dlc17_lzd_oxyotl,general,general,wh2_dlc17_lzd_oxyotl,true,false,true,true,false,false,,legendary_lords,wh2_dlc17_skill_node_set_lzd_oxyotl,,1,general,false,false,,,,wh2_dlc17_skill_node_lzd_oxyotl_unique_1_4,wh2_dlc17_skill_lzd_oxyotl_unique_behind_enemy_lines,Behind Enemy Lines,Extinction is the rule. Survival is the exception.,campaign_replenishment.png,4,1,0,0,true,0,1,1,Behind Enemy Lines,Extinction is the rule. Survival is the exception.,,,,,,wh2_dlc16_effect_replenishment_in_foreign_territory,Casualty replenishment rate: %+n% when in foreign territory,,character_to_character_own_armytext,5,campaign,55,true,replenishment.png,replenishment.png,,,,,,,,,,,,,,,,,,,,,,,character_skill_level_to_effects_junctions_tables,wh2_dlc17_skill_lzd_oxyotl_unique_behind_enemy_lines|wh2_dlc16_effect_replenishment_in_foreign_territory|1|character_to_character_own_armytext
effect,warhammer_3,8.1.1,24237342,Lizardmen,lizardmen,wh2_main_sc_lzd_lizardmen,Oxyotl,Oxyotl,legendary_lord,wh2_dlc17_lzd_oxyotl,general,general,wh2_dlc17_lzd_oxyotl,true,false,true,true,false,false,,legendary_lords,wh2_dlc17_skill_node_set_lzd_oxyotl,,1,general,false,false,,,,wh2_dlc17_skill_node_lzd_oxyotl_unique_1_4,wh2_dlc17_skill_lzd_oxyotl_unique_behind_enemy_lines,Behind Enemy Lines,Extinction is the rule. Survival is the exception.,campaign_replenishment.png,4,1,0,0,true,0,1,1,Behind Enemy Lines,Extinction is the rule. Survival is the exception.,,,,,,wh2_dlc17_effect_force_missile_damage_foreign_territory,Missile Damage %+n% when in foreign territory,,general_to_force_own,10,campaign,109,true,ranged_damage.png,,,,,,,,,,,,,,,,,,,,,,,,character_skill_level_to_effects_junctions_tables,wh2_dlc17_skill_lzd_oxyotl_unique_behind_enemy_lines|wh2_dlc17_effect_force_missile_damage_foreign_territory|1|general_to_force_own
node,warhammer_3,8.1.1,24237342,Lizardmen,lizardmen,wh2_main_sc_lzd_lizardmen,Oxyotl,Oxyotl,legendary_lord,wh2_dlc17_lzd_oxyotl,general,general,wh2_dlc17_lzd_oxyotl,true,false,true,true,false,false,,legendary_lords,wh2_dlc17_skill_node_set_lzd_oxyotl,,1,general,false,false,,,,wh2_dlc17_skill_node_lzd_oxyotl_combat_1_4,wh2_dlc11_skill_wef_lord_self_piercing_shots,Piercing Shots,"The forest teaches a warrior not only when to fire but where, which makes a bigger difference.",character_ranged_damage.png,4,2,0,0,true,0,2,,,,,,,,,,,,,,,,,,,,,,,,,,,,,,,,,,,,,,,,,character_skill_nodes_tables,wh2_dlc17_skill_node_lzd_oxyotl_combat_1_4
effect,warhammer_3,8.1.1,24237342,Lizardmen,lizardmen,wh2_main_sc_lzd_lizardmen,Oxyotl,Oxyotl,legendary_lord,wh2_dlc17_lzd_oxyotl,general,general,wh2_dlc17_lzd_oxyotl,true,false,true,true,false,false,,legendary_lords,wh2_dlc17_skill_node_set_lzd_oxyotl,,1,general,false,false,,,,wh2_dlc17_skill_node_lzd_oxyotl_combat_1_4,wh2_dlc11_skill_wef_lord_self_piercing_shots,Piercing Shots,"The forest teaches a warrior not only when to fire but where, which makes a bigger difference.",character_ranged_damage.png,4,2,0,0,true,0,2,1,Piercing Shots,"The forest teaches a warrior not only when to fire but where, which makes a bigger difference.",,,,,,wh_main_effect_character_stat_missile_damage,Missile strength: %+n%,,character_to_character_own,7,both,240,true,ranged_damage_character.png,ranged_damage_character.png,,,,,,,,,,,,,,,,,,,,,,,character_skill_level_to_effects_junctions_tables,wh2_dlc11_skill_wef_lord_self_piercing_shots|wh_main_effect_character_stat_missile_damage|1|character_to_character_own
effect,warhammer_3,8.1.1,24237342,Lizardmen,lizardmen,wh2_main_sc_lzd_lizardmen,Oxyotl,Oxyotl,legendary_lord,wh2_dlc17_lzd_oxyotl,general,general,wh2_dlc17_lzd_oxyotl,true,false,true,true,false,false,,legendary_lords,wh2_dlc17_skill_node_set_lzd_oxyotl,,1,general,false,false,,,,wh2_dlc17_skill_node_lzd_oxyotl_combat_1_4,wh2_dlc11_skill_wef_lord_self_piercing_shots,Piercing Shots,"The forest teaches a warrior not only when to fire but where, which makes a bigger difference.",character_ranged_damage.png,4,2,0,0,true,0,2,2,Piercing Shots,"The forest teaches a warrior not only when to fire but where, which makes a bigger difference.",,,,,,wh_main_effect_character_stat_missile_damage,Missile strength: %+n%,,character_to_character_own,15,both,240,true,ranged_damage_character.png,ranged_damage_character.png,,,,,,,,,,,,,,,,,,,,,,,character_skill_level_to_effects_junctions_tables,wh2_dlc11_skill_wef_lord_self_piercing_shots|wh_main_effect_character_stat_missile_damage|2|character_to_character_own
node,warhammer_3,8.1.1,24237342,Lizardmen,lizardmen,wh2_main_sc_lzd_lizardmen,Oxyotl,Oxyotl,legendary_lord,wh2_dlc17_lzd_oxyotl,general,general,wh2_dlc17_lzd_oxyotl,true,false,true,true,false,false,,legendary_lords,wh2_dlc17_skill_node_set_lzd_oxyotl,,1,general,false,false,,,,wh2_dlc17_skill_node_set_lzd_oxyotl_army_1_4,wh2_main_skill_lzd_army_buff_guardians,Sacred Guardian,It is a great honour to direct the elite warriors who protect the Plan from calamity.,battle_attack.png,4,4,0,0,true,0,3,,,,,,,,,,,,,,,,,,,,,,,,,,,,,,,,,,,,,,,,,character_skill_nodes_tables,wh2_dlc17_skill_node_set_lzd_oxyotl_army_1_4
effect,warhammer_3,8.1.1,24237342,Lizardmen,lizardmen,wh2_main_sc_lzd_lizardmen,Oxyotl,Oxyotl,legendary_lord,wh2_dlc17_lzd_oxyotl,general,general,wh2_dlc17_lzd_oxyotl,true,false,true,true,false,false,,legendary_lords,wh2_dlc17_skill_node_set_lzd_oxyotl,,1,general,false,false,,,,wh2_dlc17_skill_node_set_lzd_oxyotl_army_1_4,wh2_main_skill_lzd_army_buff_guardians,Sacred Guardian,It is a great honour to direct the elite warriors who protect the Plan from calamity.,battle_attack.png,4,4,0,0,true,0,3,1,Sacred Guardian,It is a great honour to direct the elite warriors who protect the Plan from calamity.,,,,,,wh2_main_effect_force_stat_melee_attack_lzd_kroxigor_temple_guard,"Melee attack: %+n for Kroxigor, Sacred Kroxigor and Temple Guard units",,general_to_force_own,4,battle,431,true,melee.png,melee.png,,,,,,,,,,,,,,,,,,,,,,,character_skill_level_to_effects_junctions_tables,wh2_main_skill_lzd_army_buff_guardians|wh2_main_effect_force_stat_melee_attack_lzd_kroxigor_temple_guard|1|general_to_force_own
effect,warhammer_3,8.1.1,24237342,Lizardmen,lizardmen,wh2_main_sc_lzd_lizardmen,Oxyotl,Oxyotl,legendary_lord,wh2_dlc17_lzd_oxyotl,general,general,wh2_dlc17_lzd_oxyotl,true,false,true,true,false,false,,legendary_lords,wh2_dlc17_skill_node_set_lzd_oxyotl,,1,general,false,false,,,,wh2_dlc17_skill_node_set_lzd_oxyotl_army_1_4,wh2_main_skill_lzd_army_buff_guardians,Sacred Guardian,It is a great honour to direct the elite warriors who protect the Plan from calamity.,battle_attack.png,4,4,0,0,true,0,3,2,Sacred Guardian,It is a great honour to direct the elite warriors who protect the Plan from calamity.,,,,,,wh2_main_effect_force_stat_melee_attack_lzd_kroxigor_temple_guard,"Melee attack: %+n for Kroxigor, Sacred Kroxigor and Temple Guard units",,general_to_force_own,4,battle,431,true,melee.png,melee.png,,,,,,,,,,,,,,,,,,,,,,,character_skill_level_to_effects_junctions_tables,wh2_main_skill_lzd_army_buff_guardians|wh2_main_effect_force_stat_melee_attack_lzd_kroxigor_temple_guard|2|general_to_force_own
effect,warhammer_3,8.1.1,24237342,Lizardmen,lizardmen,wh2_main_sc_lzd_lizardmen,Oxyotl,Oxyotl,legendary_lord,wh2_dlc17_lzd_oxyotl,general,general,wh2_dlc17_lzd_oxyotl,true,false,true,true,false,false,,legendary_lords,wh2_dlc17_skill_node_set_lzd_oxyotl,,1,general,false,false,,,,wh2_dlc17_skill_node_set_lzd_oxyotl_army_1_4,wh2_main_skill_lzd_army_buff_guardians,Sacred Guardian,It is a great honour to direct the elite warriors who protect the Plan from calamity.,battle_attack.png,4,4,0,0,true,0,3,2,Sacred Guardian,It is a great honour to direct the elite warriors who protect the Plan from calamity.,,,,,,wh2_main_effect_force_stat_melee_defence_lzd_kroxigor_temple_guard,"Melee defence: %+n for Kroxigor, Sacred Kroxigor and Temple Guard units",,general_to_force_own,4,battle,451,true,defence.png,defence.png,,,,,,,,,,,,,,,,,,,,,,,character_skill_level_to_effects_junctions_tables,wh2_main_skill_lzd_army_buff_guardians|wh2_main_effect_force_stat_melee_defence_lzd_kroxigor_temple_guard|2|general_to_force_own
effect,warhammer_3,8.1.1,24237342,Lizardmen,lizardmen,wh2_main_sc_lzd_lizardmen,Oxyotl,Oxyotl,legendary_lord,wh2_dlc17_lzd_oxyotl,general,general,wh2_dlc17_lzd_oxyotl,true,false,true,true,false,false,,legendary_lords,wh2_dlc17_skill_node_set_lzd_oxyotl,,1,general,false,false,,,,wh2_dlc17_skill_node_set_lzd_oxyotl_army_1_4,wh2_main_skill_lzd_army_buff_guardians,Sacred Guardian,It is a great honour to direct the elite warriors who protect the Plan from calamity.,battle_attack.png,4,4,0,0,true,0,3,3,Sacred Guardian,It is a great honour to direct the elite warriors who protect the Plan from calamity.,,,,,,wh2_main_effect_force_stat_melee_attack_lzd_kroxigor_temple_guard,"Melee attack: %+n for Kroxigor, Sacred Kroxigor and Temple Guard units",,general_to_force_own,6,battle,431,true,melee.png,melee.png,,,,,,,,,,,,,,,,,,,,,,,character_skill_level_to_effects_junctions_tables,wh2_main_skill_lzd_army_buff_guardians|wh2_main_effect_force_stat_melee_attack_lzd_kroxigor_temple_guard|3|general_to_force_own
effect,warhammer_3,8.1.1,24237342,Lizardmen,lizardmen,wh2_main_sc_lzd_lizardmen,Oxyotl,Oxyotl,legendary_lord,wh2_dlc17_lzd_oxyotl,general,general,wh2_dlc17_lzd_oxyotl,true,false,true,true,false,false,,legendary_lords,wh2_dlc17_skill_node_set_lzd_oxyotl,,1,general,false,false,,,,wh2_dlc17_skill_node_set_lzd_oxyotl_army_1_4,wh2_main_skill_lzd_army_buff_guardians,Sacred Guardian,It is a great honour to direct the elite warriors who protect the Plan from calamity.,battle_attack.png,4,4,0,0,true,0,3,3,Sacred Guardian,It is a great honour to direct the elite warriors who protect the Plan from calamity.,,,,,,wh2_main_effect_force_stat_melee_defence_lzd_kroxigor_temple_guard,"Melee defence: %+n for Kroxigor, Sacred Kroxigor and Temple Guard units",,general_to_force_own,6,battle,451,true,defence.png,defence.png,,,,,,,,,,,,,,,,,,,,,,,character_skill_level_to_effects_junctions_tables,wh2_main_skill_lzd_army_buff_guardians|wh2_main_effect_force_stat_melee_defence_lzd_kroxigor_temple_guard|3|general_to_force_own
node,warhammer_3,8.1.1,24237342,Lizardmen,lizardmen,wh2_main_sc_lzd_lizardmen,Oxyotl,Oxyotl,legendary_lord,wh2_dlc17_lzd_oxyotl,general,general,wh2_dlc17_lzd_oxyotl,true,false,true,true,false,false,,legendary_lords,wh2_dlc17_skill_node_set_lzd_oxyotl,,1,general,false,false,,,,wh2_dlc17_skill_node_set_lzd_oxyotl_campaign_1_4,wh_main_skill_vmp_lord_campaign_ancient_cunning,Ancient Cunning,Such long-lived creatures develop a level of guile that mortals cannot match.,campaign_ambush.png,4,5,0,0,true,0,3,,,,,,,,,,,,,,,,,,,,,,,,,,,,,,,,,,,,,,,,,character_skill_nodes_tables,wh2_dlc17_skill_node_set_lzd_oxyotl_campaign_1_4
effect,warhammer_3,8.1.1,24237342,Lizardmen,lizardmen,wh2_main_sc_lzd_lizardmen,Oxyotl,Oxyotl,legendary_lord,wh2_dlc17_lzd_oxyotl,general,general,wh2_dlc17_lzd_oxyotl,true,false,true,true,false,false,,legendary_lords,wh2_dlc17_skill_node_set_lzd_oxyotl,,1,general,false,false,,,,wh2_dlc17_skill_node_set_lzd_oxyotl_campaign_1_4,wh_main_skill_vmp_lord_campaign_ancient_cunning,Ancient Cunning,Such long-lived creatures develop a level of guile that mortals cannot match.,campaign_ambush.png,4,5,0,0,true,0,3,1,Ancient Cunning,Such long-lived creatures develop a level of guile that mortals cannot match.,,,,,,wh_main_effect_force_army_campaign_ambush_attack_success_chance,Ambush success chance: %+n%,,general_to_force_own,6,campaign,101,true,icon_effects_ambush.png,icon_effects_ambush.png,,,,,,,,,,,,,,,,,,,,,,,character_skill_level_to_effects_junctions_tables,wh_main_skill_vmp_lord_campaign_ancient_cunning|wh_main_effect_force_army_campaign_ambush_attack_success_chance|1|general_to_force_own
effect,warhammer_3,8.1.1,24237342,Lizardmen,lizardmen,wh2_main_sc_lzd_lizardmen,Oxyotl,Oxyotl,legendary_lord,wh2_dlc17_lzd_oxyotl,general,general,wh2_dlc17_lzd_oxyotl,true,false,true,true,false,false,,legendary_lords,wh2_dlc17_skill_node_set_lzd_oxyotl,,1,general,false,false,,,,wh2_dlc17_skill_node_set_lzd_oxyotl_campaign_1_4,wh_main_skill_vmp_lord_campaign_ancient_cunning,Ancient Cunning,Such long-lived creatures develop a level of guile that mortals cannot match.,campaign_ambush.png,4,5,0,0,true,0,3,2,Ancient Cunning,Such long-lived creatures develop a level of guile that mortals cannot match.,,,,,,wh_main_effect_force_army_campaign_ambush_attack_success_chance,Ambush success chance: %+n%,,general_to_force_own,16,campaign,101,true,icon_effects_ambush.png,icon_effects_ambush.png,,,,,,,,,,,,,,,,,,,,,,,character_skill_level_to_effects_junctions_tables,wh_main_skill_vmp_lord_campaign_ancient_cunning|wh_main_effect_force_army_campaign_ambush_attack_success_chance|2|general_to_force_own
effect,warhammer_3,8.1.1,24237342,Lizardmen,lizardmen,wh2_main_sc_lzd_lizardmen,Oxyotl,Oxyotl,legendary_lord,wh2_dlc17_lzd_oxyotl,general,general,wh2_dlc17_lzd_oxyotl,true,false,true,true,false,false,,legendary_lords,wh2_dlc17_skill_node_set_lzd_oxyotl,,1,general,false,false,,,,wh2_dlc17_skill_node_set_lzd_oxyotl_campaign_1_4,wh_main_skill_vmp_lord_campaign_ancient_cunning,Ancient Cunning,Such long-lived creatures develop a level of guile that mortals cannot match.,campaign_ambush.png,4,5,0,0,true,0,3,3,Ancient Cunning,Such long-lived creatures develop a level of guile that mortals cannot match.,,,,,,wh_main_effect_force_army_campaign_ambush_attack_success_chance,Ambush success chance: %+n%,,general_to_force_own,30,campaign,101,true,icon_effects_ambush.png,icon_effects_ambush.png,,,,,,,,,,,,,,,,,,,,,,,character_skill_level_to_effects_junctions_tables,wh_main_skill_vmp_lord_campaign_ancient_cunning|wh_main_effect_force_army_campaign_ambush_attack_success_chance|3|general_to_force_own
node,warhammer_3,8.1.1,24237342,Lizardmen,lizardmen,wh2_main_sc_lzd_lizardmen,Oxyotl,Oxyotl,legendary_lord,wh2_dlc17_lzd_oxyotl,general,general,wh2_dlc17_lzd_oxyotl,true,false,true,true,false,false,,legendary_lords,wh2_dlc17_skill_node_set_lzd_oxyotl,,1,general,false,false,,,,wh2_dlc17_skill_node_lzd_oxyotl_unique_2,wh2_dlc17_skill_lzd_oxyotl_unique_eternal_warrior,The Long Revenge,A first-hand glimpse of the world’s fate – should Chaos succeed – is enough to know the fight against them must never falter.,campaign_movement.png,5,1,0,3,true,0,1,,,,,,,,,,,,,,,,,,,,,,,,,,,,,,,,,,,,,,,,,character_skill_nodes_tables,wh2_dlc17_skill_node_lzd_oxyotl_unique_2
skill_level,warhammer_3,8.1.1,24237342,Lizardmen,lizardmen,wh2_main_sc_lzd_lizardmen,Oxyotl,Oxyotl,legendary_lord,wh2_dlc17_lzd_oxyotl,general,general,wh2_dlc17_lzd_oxyotl,true,false,true,true,false,false,,legendary_lords,wh2_dlc17_skill_node_set_lzd_oxyotl,,1,general,false,false,,,,wh2_dlc17_skill_node_lzd_oxyotl_unique_2,wh2_dlc17_skill_lzd_oxyotl_unique_eternal_warrior,The Long Revenge,A first-hand glimpse of the world’s fate – should Chaos succeed – is enough to know the fight against them must never falter.,campaign_movement.png,5,1,0,3,true,0,1,1,The Long Revenge,A first-hand glimpse of the world’s fate – should Chaos succeed – is enough to know the fight against them must never falter.,0,x,,,,,,,,,,,,,,,,,,,,,,,,,,,,,,,,,,,,character_skill_level_details_tables,wh2_dlc17_skill_lzd_oxyotl_unique_eternal_warrior|1|||
effect,warhammer_3,8.1.1,24237342,Lizardmen,lizardmen,wh2_main_sc_lzd_lizardmen,Oxyotl,Oxyotl,legendary_lord,wh2_dlc17_lzd_oxyotl,general,general,wh2_dlc17_lzd_oxyotl,true,false,true,true,false,false,,legendary_lords,wh2_dlc17_skill_node_set_lzd_oxyotl,,1,general,false,false,,,,wh2_dlc17_skill_node_lzd_oxyotl_unique_2,wh2_dlc17_skill_lzd_oxyotl_unique_eternal_warrior,The Long Revenge,A first-hand glimpse of the world’s fate – should Chaos succeed – is enough to know the fight against them must never falter.,campaign_movement.png,5,1,0,3,true,0,1,1,The Long Revenge,A first-hand glimpse of the world’s fate – should Chaos succeed – is enough to know the fight against them must never falter.,,,,,,wh_main_effect_agent_movement_range_mod,Campaign movement range: %+n%,{{tr:campaign_movement_range_additional_tooltip}},character_to_character_own,15,campaign,100,true,campaign_movement.png,campaign_movement.png,,,,,,,,,,,,,,,,,,,,,,,character_skill_level_to_effects_junctions_tables,wh2_dlc17_skill_lzd_oxyotl_unique_eternal_warrior|wh_main_effect_agent_movement_range_mod|1|character_to_character_own
effect,warhammer_3,8.1.1,24237342,Lizardmen,lizardmen,wh2_main_sc_lzd_lizardmen,Oxyotl,Oxyotl,legendary_lord,wh2_dlc17_lzd_oxyotl,general,general,wh2_dlc17_lzd_oxyotl,true,false,true,true,false,false,,legendary_lords,wh2_dlc17_skill_node_set_lzd_oxyotl,,1,general,false,false,,,,wh2_dlc17_skill_node_lzd_oxyotl_unique_2,wh2_dlc17_skill_lzd_oxyotl_unique_eternal_warrior,The Long Revenge,A first-hand glimpse of the world’s fate – should Chaos succeed – is enough to know the fight against them must never falter.,campaign_movement.png,5,1,0,3,true,0,1,1,The Long Revenge,A first-hand glimpse of the world’s fate – should Chaos succeed – is enough to know the fight against them must never falter.,,,,,,wh2_dlc10_effect_attribute_enable_perfect_vigour,Attribute: Perfect Vigour,,character_to_character_own,1,both,320,true,attribute_fatigue_immune.png,attribute_fatigue_immune.png,,,,,,,,,,,,,,,,,,,,,,,character_skill_level_to_effects_junctions_tables,wh2_dlc17_skill_lzd_oxyotl_unique_eternal_warrior|wh2_dlc10_effect_attribute_enable_perfect_vigour|1|character_to_character_own
effect,warhammer_3,8.1.1,24237342,Lizardmen,lizardmen,wh2_main_sc_lzd_lizardmen,Oxyotl,Oxyotl,legendary_lord,wh2_dlc17_lzd_oxyotl,general,general,wh2_dlc17_lzd_oxyotl,true,false,true,true,false,false,,legendary_lords,wh2_dlc17_skill_node_set_lzd_oxyotl,,1,general,false,false,,,,wh2_dlc17_skill_node_lzd_oxyotl_unique_2,wh2_dlc17_skill_lzd_oxyotl_unique_eternal_warrior,The Long Revenge,A first-hand glimpse of the world’s fate – should Chaos succeed – is enough to know the fight against them must never falter.,campaign_movement.png,5,1,0,3,true,0,1,1,The Long Revenge,A first-hand glimpse of the world’s fate – should Chaos succeed – is enough to know the fight against them must never falter.,,,,,,wh2_dlc17_effect_ammunition_skink_inf,Ammunition: %+n% for all Skink Infantry units,,general_to_force_own,50,battle,105,true,ammo.png,ammo.png,,,,,,,,,,,,,,,,,,,,,,,character_skill_level_to_effects_junctions_tables,wh2_dlc17_skill_lzd_oxyotl_unique_eternal_warrior|wh2_dlc17_effect_ammunition_skink_inf|1|general_to_force_own
effect,warhammer_3,8.1.1,24237342,Lizardmen,lizardmen,wh2_main_sc_lzd_lizardmen,Oxyotl,Oxyotl,legendary_lord,wh2_dlc17_lzd_oxyotl,general,general,wh2_dlc17_lzd_oxyotl,true,false,true,true,false,false,,legendary_lords,wh2_dlc17_skill_node_set_lzd_oxyotl,,1,general,false,false,,,,wh2_dlc17_skill_node_lzd_oxyotl_unique_2,wh2_dlc17_skill_lzd_oxyotl_unique_eternal_warrior,The Long Revenge,A first-hand glimpse of the world’s fate – should Chaos succeed – is enough to know the fight against them must never falter.,campaign_movement.png,5,1,0,3,true,0,1,1,The Long Revenge,A first-hand glimpse of the world’s fate – should Chaos succeed – is enough to know the fight against them must never falter.,,,,,,wh2_dlc17_effect_vigour_loss_reduction_skinks,Vigour loss reduction: %+n% for all Skink and Chameleon Skink Infantry units,,general_to_force_own,-30,battle,105,false,vigour.png,ammo.png,,,,,,,,,,,,,,,,,,,,,,,character_skill_level_to_effects_junctions_tables,wh2_dlc17_skill_lzd_oxyotl_unique_eternal_warrior|wh2_dlc17_effect_vigour_loss_reduction_skinks|1|general_to_force_own
node,warhammer_3,8.1.1,24237342,Lizardmen,lizardmen,wh2_main_sc_lzd_lizardmen,Oxyotl,Oxyotl,legendary_lord,wh2_dlc17_lzd_oxyotl,general,general,wh2_dlc17_lzd_oxyotl,true,false,true,true,false,false,,legendary_lords,wh2_dlc17_skill_node_set_lzd_oxyotl,,1,general,false,false,,,,wh2_dlc17_skill_node_lzd_oxyotl_combat_2,wh_main_skill_all_spy_self_slippery,Slippery,,wh_main_hero_abilities_slippery.png,5,2,0,4,true,0,1,,,,,,,,,,,,,,,,,,,,,,,,,,,,,,,,,,,,,,,,,character_skill_nodes_tables,wh2_dlc17_skill_node_lzd_oxyotl_combat_2
effect,warhammer_3,8.1.1,24237342,Lizardmen,lizardmen,wh2_main_sc_lzd_lizardmen,Oxyotl,Oxyotl,legendary_lord,wh2_dlc17_lzd_oxyotl,general,general,wh2_dlc17_lzd_oxyotl,true,false,true,true,false,false,,legendary_lords,wh2_dlc17_skill_node_set_lzd_oxyotl,,1,general,false,false,,,,wh2_dlc17_skill_node_lzd_oxyotl_combat_2,wh_main_skill_all_spy_self_slippery,Slippery,,wh_main_hero_abilities_slippery.png,5,2,0,4,true,0,1,1,Slippery,,,,,,,wh_main_effect_ability_enable_slippery,"Ability: ""Slippery""",,character_to_character_own,1,battle,300,true,general_ability.png,general_ability.png,,,,,,,,,,,,,,,,,,,,,,,character_skill_level_to_effects_junctions_tables,wh_main_skill_all_spy_self_slippery|wh_main_effect_ability_enable_slippery|1|character_to_character_own
node,warhammer_3,8.1.1,24237342,Lizardmen,lizardmen,wh2_main_sc_lzd_lizardmen,Oxyotl,Oxyotl,legendary_lord,wh2_dlc17_lzd_oxyotl,general,general,wh2_dlc17_lzd_oxyotl,true,false,true,true,false,false,,legendary_lords,wh2_dlc17_skill_node_set_lzd_oxyotl,,1,general,false,false,,,,wh2_dlc17_skill_node_set_lzd_oxyotl_army_1_5,wh2_main_skill_lzd_army_buff_hunters,Hunt Leader,The most intelligent hunter tends to move swiftly up the chain of command.,battle_attack.png,5,4,0,0,true,0,3,,,,,,,,,,,,,,,,,,,,,,,,,,,,,,,,,,,,,,,,,character_skill_nodes_tables,wh2_dlc17_skill_node_set_lzd_oxyotl_army_1_5
effect,warhammer_3,8.1.1,24237342,Lizardmen,lizardmen,wh2_main_sc_lzd_lizardmen,Oxyotl,Oxyotl,legendary_lord,wh2_dlc17_lzd_oxyotl,general,general,wh2_dlc17_lzd_oxyotl,true,false,true,true,false,false,,legendary_lords,wh2_dlc17_skill_node_set_lzd_oxyotl,,1,general,false,false,,,,wh2_dlc17_skill_node_set_lzd_oxyotl_army_1_5,wh2_main_skill_lzd_army_buff_hunters,Hunt Leader,The most intelligent hunter tends to move swiftly up the chain of command.,battle_attack.png,5,4,0,0,true,0,3,1,Hunt Leader,The most intelligent hunter tends to move swiftly up the chain of command.,,,,,,wh2_main_effect_force_stat_melee_attack_lzd_carnosaur,Melee attack: %+n for Feral Carnosaur and Dread Saurian units,,general_to_force_own,4,battle,431,true,melee.png,melee.png,,,,,,,,,,,,,,,,,,,,,,,character_skill_level_to_effects_junctions_tables,wh2_main_skill_lzd_army_buff_hunters|wh2_main_effect_force_stat_melee_attack_lzd_carnosaur|1|general_to_force_own
effect,warhammer_3,8.1.1,24237342,Lizardmen,lizardmen,wh2_main_sc_lzd_lizardmen,Oxyotl,Oxyotl,legendary_lord,wh2_dlc17_lzd_oxyotl,general,general,wh2_dlc17_lzd_oxyotl,true,false,true,true,false,false,,legendary_lords,wh2_dlc17_skill_node_set_lzd_oxyotl,,1,general,false,false,,,,wh2_dlc17_skill_node_set_lzd_oxyotl_army_1_5,wh2_main_skill_lzd_army_buff_hunters,Hunt Leader,The most intelligent hunter tends to move swiftly up the chain of command.,battle_attack.png,5,4,0,0,true,0,3,2,Hunt Leader,The most intelligent hunter tends to move swiftly up the chain of command.,,,,,,wh2_main_effect_force_stat_melee_attack_lzd_carnosaur,Melee attack: %+n for Feral Carnosaur and Dread Saurian units,,general_to_force_own,6,battle,431,true,melee.png,melee.png,,,,,,,,,,,,,,,,,,,,,,,character_skill_level_to_effects_junctions_tables,wh2_main_skill_lzd_army_buff_hunters|wh2_main_effect_force_stat_melee_attack_lzd_carnosaur|2|general_to_force_own
effect,warhammer_3,8.1.1,24237342,Lizardmen,lizardmen,wh2_main_sc_lzd_lizardmen,Oxyotl,Oxyotl,legendary_lord,wh2_dlc17_lzd_oxyotl,general,general,wh2_dlc17_lzd_oxyotl,true,false,true,true,false,false,,legendary_lords,wh2_dlc17_skill_node_set_lzd_oxyotl,,1,general,false,false,,,,wh2_dlc17_skill_node_set_lzd_oxyotl_army_1_5,wh2_main_skill_lzd_army_buff_hunters,Hunt Leader,The most intelligent hunter tends to move swiftly up the chain of command.,battle_attack.png,5,4,0,0,true,0,3,2,Hunt Leader,The most intelligent hunter tends to move swiftly up the chain of command.,,,,,,wh2_main_effect_force_stat_weapon_strength_lzd_carnosaur,Weapon strength: %+n% for Feral Carnosaur and Dread Saurian units,,general_to_force_own,9,battle,461,true,weapon_damage.png,weapon_damage.png,,,,,,,,,,,,,,,,,,,,,,,character_skill_level_to_effects_junctions_tables,wh2_main_skill_lzd_army_buff_hunters|wh2_main_effect_force_stat_weapon_strength_lzd_carnosaur|2|general_to_force_own
effect,warhammer_3,8.1.1,24237342,Lizardmen,lizardmen,wh2_main_sc_lzd_lizardmen,Oxyotl,Oxyotl,legendary_lord,wh2_dlc17_lzd_oxyotl,general,general,wh2_dlc17_lzd_oxyotl,true,false,true,true,false,false,,legendary_lords,wh2_dlc17_skill_node_set_lzd_oxyotl,,1,general,false,false,,,,wh2_dlc17_skill_node_set_lzd_oxyotl_army_1_5,wh2_main_skill_lzd_army_buff_hunters,Hunt Leader,The most intelligent hunter tends to move swiftly up the chain of command.,battle_attack.png,5,4,0,0,true,0,3,3,Hunt Leader,The most intelligent hunter tends to move swiftly up the chain of command.,,,,,,wh2_main_effect_force_stat_melee_attack_lzd_carnosaur,Melee attack: %+n for Feral Carnosaur and Dread Saurian units,,general_to_force_own,8,battle,431,true,melee.png,melee.png,,,,,,,,,,,,,,,,,,,,,,,character_skill_level_to_effects_junctions_tables,wh2_main_skill_lzd_army_buff_hunters|wh2_main_effect_force_stat_melee_attack_lzd_carnosaur|3|general_to_force_own
effect,warhammer_3,8.1.1,24237342,Lizardmen,lizardmen,wh2_main_sc_lzd_lizardmen,Oxyotl,Oxyotl,legendary_lord,wh2_dlc17_lzd_oxyotl,general,general,wh2_dlc17_lzd_oxyotl,true,false,true,true,false,false,,legendary_lords,wh2_dlc17_skill_node_set_lzd_oxyotl,,1,general,false,false,,,,wh2_dlc17_skill_node_set_lzd_oxyotl_army_1_5,wh2_main_skill_lzd_army_buff_hunters,Hunt Leader,The most intelligent hunter tends to move swiftly up the chain of command.,battle_attack.png,5,4,0,0,true,0,3,3,Hunt Leader,The most intelligent hunter tends to move swiftly up the chain of command.,,,,,,wh2_main_effect_force_stat_weapon_strength_lzd_carnosaur,Weapon strength: %+n% for Feral Carnosaur and Dread Saurian units,,general_to_force_own,12,battle,461,true,weapon_damage.png,weapon_damage.png,,,,,,,,,,,,,,,,,,,,,,,character_skill_level_to_effects_junctions_tables,wh2_main_skill_lzd_army_buff_hunters|wh2_main_effect_force_stat_weapon_strength_lzd_carnosaur|3|general_to_force_own
node,warhammer_3,8.1.1,24237342,Lizardmen,lizardmen,wh2_main_sc_lzd_lizardmen,Oxyotl,Oxyotl,legendary_lord,wh2_dlc17_lzd_oxyotl,general,general,wh2_dlc17_lzd_oxyotl,true,false,true,true,false,false,,legendary_lords,wh2_dlc17_skill_node_set_lzd_oxyotl,,1,general,false,false,,,,wh2_dlc17_skill_node_set_lzd_oxyotl_campaign_2,wh2_main_skill_def_campaign_draftmaster,Draftmaster,Someone has to ensure the numbers and quality of recruits remain high.,campaign_experience.png,5,5,0,4,true,0,1,,,,,,,,,,,,,,,,,,,,,,,,,,,,,,,,,,,,,,,,,character_skill_nodes_tables,wh2_dlc17_skill_node_set_lzd_oxyotl_campaign_2
effect,warhammer_3,8.1.1,24237342,Lizardmen,lizardmen,wh2_main_sc_lzd_lizardmen,Oxyotl,Oxyotl,legendary_lord,wh2_dlc17_lzd_oxyotl,general,general,wh2_dlc17_lzd_oxyotl,true,false,true,true,false,false,,legendary_lords,wh2_dlc17_skill_node_set_lzd_oxyotl,,1,general,false,false,,,,wh2_dlc17_skill_node_set_lzd_oxyotl_campaign_2,wh2_main_skill_def_campaign_draftmaster,Draftmaster,Someone has to ensure the numbers and quality of recruits remain high.,campaign_experience.png,5,5,0,4,true,0,1,1,Draftmaster,Someone has to ensure the numbers and quality of recruits remain high.,,,,,,wh_main_effect_force_all_campaign_experience_base_all,Recruit rank: %+n for all units,,general_to_force_own,1,campaign,117,true,experience.png,experience.png,,,,,,,,,,,,,,,,,,,,,,,character_skill_level_to_effects_junctions_tables,wh2_main_skill_def_campaign_draftmaster|wh_main_effect_force_all_campaign_experience_base_all|1|general_to_force_own
effect,warhammer_3,8.1.1,24237342,Lizardmen,lizardmen,wh2_main_sc_lzd_lizardmen,Oxyotl,Oxyotl,legendary_lord,wh2_dlc17_lzd_oxyotl,general,general,wh2_dlc17_lzd_oxyotl,true,false,true,true,false,false,,legendary_lords,wh2_dlc17_skill_node_set_lzd_oxyotl,,1,general,false,false,,,,wh2_dlc17_skill_node_set_lzd_oxyotl_campaign_2,wh2_main_skill_def_campaign_draftmaster,Draftmaster,Someone has to ensure the numbers and quality of recruits remain high.,campaign_experience.png,5,5,0,4,true,0,1,1,Draftmaster,Someone has to ensure the numbers and quality of recruits remain high.,,,,,,wh_main_effect_unit_recruitment_points,Local recruitment capacity: %+n,,force_to_province_own,1,campaign,270,true,army.png,army.png,,,,,,,,,,,,,,,,,,,,,,,character_skill_level_to_effects_junctions_tables,wh2_main_skill_def_campaign_draftmaster|wh_main_effect_unit_recruitment_points|1|force_to_province_own
node,warhammer_3,8.1.1,24237342,Lizardmen,lizardmen,wh2_main_sc_lzd_lizardmen,Oxyotl,Oxyotl,legendary_lord,wh2_dlc17_lzd_oxyotl,general,general,wh2_dlc17_lzd_oxyotl,true,false,true,true,false,false,,legendary_lords,wh2_dlc17_skill_node_set_lzd_oxyotl,,1,general,false,false,,,,wh2_dlc17_skill_node_lzd_oxyotl_combat_3_1,wh2_dlc11_skill_all_lord_self_wound-maker,{{tr:character_skills_localised_name_wh_main_skill_all_all_self_wound-maker}},{{tr:character_skills_localised_description_wh_main_skill_all_all_self_wound-maker}},character_damage.png,6,2,0,0,true,0,2,,,,,,,,,,,,,,,,,,,,,,,,,,,,,,,,,,,,,,,,,character_skill_nodes_tables,wh2_dlc17_skill_node_lzd_oxyotl_combat_3_1
effect,warhammer_3,8.1.1,24237342,Lizardmen,lizardmen,wh2_main_sc_lzd_lizardmen,Oxyotl,Oxyotl,legendary_lord,wh2_dlc17_lzd_oxyotl,general,general,wh2_dlc17_lzd_oxyotl,true,false,true,true,false,false,,legendary_lords,wh2_dlc17_skill_node_set_lzd_oxyotl,,1,general,false,false,,,,wh2_dlc17_skill_node_lzd_oxyotl_combat_3_1,wh2_dlc11_skill_all_lord_self_wound-maker,{{tr:character_skills_localised_name_wh_main_skill_all_all_self_wound-maker}},{{tr:character_skills_localised_description_wh_main_skill_all_all_self_wound-maker}},character_damage.png,6,2,0,0,true,0,2,1,{{tr:character_skills_localised_name_wh_main_skill_all_all_self_wound-maker}},{{tr:character_skills_localised_description_wh_main_skill_all_all_self_wound-maker}},,,,,,wh_main_effect_character_stat_weapon_strength,Weapon strength: %+n%,,character_to_character_own,10,both,160,true,weapon_damage_character.png,weapon_damage_character.png,,,,,,,,,,,,,,,,,,,,,,,character_skill_level_to_effects_junctions_tables,wh2_dlc11_skill_all_lord_self_wound-maker|wh_main_effect_character_stat_weapon_strength|1|character_to_character_own
effect,warhammer_3,8.1.1,24237342,Lizardmen,lizardmen,wh2_main_sc_lzd_lizardmen,Oxyotl,Oxyotl,legendary_lord,wh2_dlc17_lzd_oxyotl,general,general,wh2_dlc17_lzd_oxyotl,true,false,true,true,false,false,,legendary_lords,wh2_dlc17_skill_node_set_lzd_oxyotl,,1,general,false,false,,,,wh2_dlc17_skill_node_lzd_oxyotl_combat_3_1,wh2_dlc11_skill_all_lord_self_wound-maker,{{tr:character_skills_localised_name_wh_main_skill_all_all_self_wound-maker}},{{tr:character_skills_localised_description_wh_main_skill_all_all_self_wound-maker}},character_damage.png,6,2,0,0,true,0,2,2,{{tr:character_skills_localised_name_wh_main_skill_all_all_self_wound-maker}},{{tr:character_skills_localised_description_wh_main_skill_all_all_self_wound-maker}},,,,,,wh_main_effect_character_stat_weapon_strength,Weapon strength: %+n%,,character_to_character_own,20,both,160,true,weapon_damage_character.png,weapon_damage_character.png,,,,,,,,,,,,,,,,,,,,,,,character_skill_level_to_effects_junctions_tables,wh2_dlc11_skill_all_lord_self_wound-maker|wh_main_effect_character_stat_weapon_strength|2|character_to_character_own
node,warhammer_3,8.1.1,24237342,Lizardmen,lizardmen,wh2_main_sc_lzd_lizardmen,Oxyotl,Oxyotl,legendary_lord,wh2_dlc17_lzd_oxyotl,general,general,wh2_dlc17_lzd_oxyotl,true,false,true,true,false,false,,legendary_lords,wh2_dlc17_skill_node_set_lzd_oxyotl,,1,general,false,false,,,,wh2_dlc17_skill_node_set_lzd_oxyotl_army_1_6,wh2_main_skill_lzd_army_buff_dinos,Beast Driver,"The largest, most aggressive creatures - usually the oldest bulls of the herd - must be directed, lest their independent spirit lead them astray.",battle_ranged_damage.png,6,4,0,0,true,0,3,,,,,,,,,,,,,,,,,,,,,,,,,,,,,,,,,,,,,,,,,character_skill_nodes_tables,wh2_dlc17_skill_node_set_lzd_oxyotl_army_1_6
effect,warhammer_3,8.1.1,24237342,Lizardmen,lizardmen,wh2_main_sc_lzd_lizardmen,Oxyotl,Oxyotl,legendary_lord,wh2_dlc17_lzd_oxyotl,general,general,wh2_dlc17_lzd_oxyotl,true,false,true,true,false,false,,legendary_lords,wh2_dlc17_skill_node_set_lzd_oxyotl,,1,general,false,false,,,,wh2_dlc17_skill_node_set_lzd_oxyotl_army_1_6,wh2_main_skill_lzd_army_buff_dinos,Beast Driver,"The largest, most aggressive creatures - usually the oldest bulls of the herd - must be directed, lest their independent spirit lead them astray.",battle_ranged_damage.png,6,4,0,0,true,0,3,1,Beast Driver,"The largest, most aggressive creatures - usually the oldest bulls of the herd - must be directed, lest their independent spirit lead them astray.",,,,,,wh2_main_effect_force_stat_missile_damage_lzd_stegadon_bastiladon,"Missile strength: %+n% for Stegadon, Feral Troglodon, Ancient Salamander and Bastiladon units",,general_to_force_own,4,battle,541,true,ranged_damage.png,ranged_damage.png,,,,,,,,,,,,,,,,,,,,,,,character_skill_level_to_effects_junctions_tables,wh2_main_skill_lzd_army_buff_dinos|wh2_main_effect_force_stat_missile_damage_lzd_stegadon_bastiladon|1|general_to_force_own
effect,warhammer_3,8.1.1,24237342,Lizardmen,lizardmen,wh2_main_sc_lzd_lizardmen,Oxyotl,Oxyotl,legendary_lord,wh2_dlc17_lzd_oxyotl,general,general,wh2_dlc17_lzd_oxyotl,true,false,true,true,false,false,,legendary_lords,wh2_dlc17_skill_node_set_lzd_oxyotl,,1,general,false,false,,,,wh2_dlc17_skill_node_set_lzd_oxyotl_army_1_6,wh2_main_skill_lzd_army_buff_dinos,Beast Driver,"The largest, most aggressive creatures - usually the oldest bulls of the herd - must be directed, lest their independent spirit lead them astray.",battle_ranged_damage.png,6,4,0,0,true,0,3,1,Beast Driver,"The largest, most aggressive creatures - usually the oldest bulls of the herd - must be directed, lest their independent spirit lead them astray.",,,,,,wh2_main_effect_force_stat_weapon_strength_lzd_stegadon_bastiladon,"Weapon strength: %+n% for Stegadon, Feral Troglodon, Ancient Salamander and Bastiladon units",,general_to_force_own,6,battle,461,true,weapon_damage.png,weapon_damage.png,,,,,,,,,,,,,,,,,,,,,,,character_skill_level_to_effects_junctions_tables,wh2_main_skill_lzd_army_buff_dinos|wh2_main_effect_force_stat_weapon_strength_lzd_stegadon_bastiladon|1|general_to_force_own
effect,warhammer_3,8.1.1,24237342,Lizardmen,lizardmen,wh2_main_sc_lzd_lizardmen,Oxyotl,Oxyotl,legendary_lord,wh2_dlc17_lzd_oxyotl,general,general,wh2_dlc17_lzd_oxyotl,true,false,true,true,false,false,,legendary_lords,wh2_dlc17_skill_node_set_lzd_oxyotl,,1,general,false,false,,,,wh2_dlc17_skill_node_set_lzd_oxyotl_army_1_6,wh2_main_skill_lzd_army_buff_dinos,Beast Driver,"The largest, most aggressive creatures - usually the oldest bulls of the herd - must be directed, lest their independent spirit lead them astray.",battle_ranged_damage.png,6,4,0,0,true,0,3,2,Beast Driver,"The largest, most aggressive creatures - usually the oldest bulls of the herd - must be directed, lest their independent spirit lead them astray.",,,,,,wh2_main_effect_force_stat_melee_defence_lzd_stegadon_bastiladon,"Melee defence: %+n for Stegadon, Feral Troglodon, Ancient Salamander and Bastiladon units",,general_to_force_own,4,battle,451,true,defence.png,defence.png,,,,,,,,,,,,,,,,,,,,,,,character_skill_level_to_effects_junctions_tables,wh2_main_skill_lzd_army_buff_dinos|wh2_main_effect_force_stat_melee_defence_lzd_stegadon_bastiladon|2|general_to_force_own
effect,warhammer_3,8.1.1,24237342,Lizardmen,lizardmen,wh2_main_sc_lzd_lizardmen,Oxyotl,Oxyotl,legendary_lord,wh2_dlc17_lzd_oxyotl,general,general,wh2_dlc17_lzd_oxyotl,true,false,true,true,false,false,,legendary_lords,wh2_dlc17_skill_node_set_lzd_oxyotl,,1,general,false,false,,,,wh2_dlc17_skill_node_set_lzd_oxyotl_army_1_6,wh2_main_skill_lzd_army_buff_dinos,Beast Driver,"The largest, most aggressive creatures - usually the oldest bulls of the herd - must be directed, lest their independent spirit lead them astray.",battle_ranged_damage.png,6,4,0,0,true,0,3,2,Beast Driver,"The largest, most aggressive creatures - usually the oldest bulls of the herd - must be directed, lest their independent spirit lead them astray.",,,,,,wh2_main_effect_force_stat_missile_damage_lzd_stegadon_bastiladon,"Missile strength: %+n% for Stegadon, Feral Troglodon, Ancient Salamander and Bastiladon units",,general_to_force_own,6,battle,541,true,ranged_damage.png,ranged_damage.png,,,,,,,,,,,,,,,,,,,,,,,character_skill_level_to_effects_junctions_tables,wh2_main_skill_lzd_army_buff_dinos|wh2_main_effect_force_stat_missile_damage_lzd_stegadon_bastiladon|2|general_to_force_own
effect,warhammer_3,8.1.1,24237342,Lizardmen,lizardmen,wh2_main_sc_lzd_lizardmen,Oxyotl,Oxyotl,legendary_lord,wh2_dlc17_lzd_oxyotl,general,general,wh2_dlc17_lzd_oxyotl,true,false,true,true,false,false,,legendary_lords,wh2_dlc17_skill_node_set_lzd_oxyotl,,1,general,false,false,,,,wh2_dlc17_skill_node_set_lzd_oxyotl_army_1_6,wh2_main_skill_lzd_army_buff_dinos,Beast Driver,"The largest, most aggressive creatures - usually the oldest bulls of the herd - must be directed, lest their independent spirit lead them astray.",battle_ranged_damage.png,6,4,0,0,true,0,3,2,Beast Driver,"The largest, most aggressive creatures - usually the oldest bulls of the herd - must be directed, lest their independent spirit lead them astray.",,,,,,wh2_main_effect_force_stat_weapon_strength_lzd_stegadon_bastiladon,"Weapon strength: %+n% for Stegadon, Feral Troglodon, Ancient Salamander and Bastiladon units",,general_to_force_own,9,battle,461,true,weapon_damage.png,weapon_damage.png,,,,,,,,,,,,,,,,,,,,,,,character_skill_level_to_effects_junctions_tables,wh2_main_skill_lzd_army_buff_dinos|wh2_main_effect_force_stat_weapon_strength_lzd_stegadon_bastiladon|2|general_to_force_own
effect,warhammer_3,8.1.1,24237342,Lizardmen,lizardmen,wh2_main_sc_lzd_lizardmen,Oxyotl,Oxyotl,legendary_lord,wh2_dlc17_lzd_oxyotl,general,general,wh2_dlc17_lzd_oxyotl,true,false,true,true,false,false,,legendary_lords,wh2_dlc17_skill_node_set_lzd_oxyotl,,1,general,false,false,,,,wh2_dlc17_skill_node_set_lzd_oxyotl_army_1_6,wh2_main_skill_lzd_army_buff_dinos,Beast Driver,"The largest, most aggressive creatures - usually the oldest bulls of the herd - must be directed, lest their independent spirit lead them astray.",battle_ranged_damage.png,6,4,0,0,true,0,3,3,Beast Driver,"The largest, most aggressive creatures - usually the oldest bulls of the herd - must be directed, lest their independent spirit lead them astray.",,,,,,wh2_main_effect_force_stat_melee_defence_lzd_stegadon_bastiladon,"Melee defence: %+n for Stegadon, Feral Troglodon, Ancient Salamander and Bastiladon units",,general_to_force_own,6,battle,451,true,defence.png,defence.png,,,,,,,,,,,,,,,,,,,,,,,character_skill_level_to_effects_junctions_tables,wh2_main_skill_lzd_army_buff_dinos|wh2_main_effect_force_stat_melee_defence_lzd_stegadon_bastiladon|3|general_to_force_own
effect,warhammer_3,8.1.1,24237342,Lizardmen,lizardmen,wh2_main_sc_lzd_lizardmen,Oxyotl,Oxyotl,legendary_lord,wh2_dlc17_lzd_oxyotl,general,general,wh2_dlc17_lzd_oxyotl,true,false,true,true,false,false,,legendary_lords,wh2_dlc17_skill_node_set_lzd_oxyotl,,1,general,false,false,,,,wh2_dlc17_skill_node_set_lzd_oxyotl_army_1_6,wh2_main_skill_lzd_army_buff_dinos,Beast Driver,"The largest, most aggressive creatures - usually the oldest bulls of the herd - must be directed, lest their independent spirit lead them astray.",battle_ranged_damage.png,6,4,0,0,true,0,3,3,Beast Driver,"The largest, most aggressive creatures - usually the oldest bulls of the herd - must be directed, lest their independent spirit lead them astray.",,,,,,wh2_main_effect_force_stat_missile_damage_lzd_stegadon_bastiladon,"Missile strength: %+n% for Stegadon, Feral Troglodon, Ancient Salamander and Bastiladon units",,general_to_force_own,8,battle,541,true,ranged_damage.png,ranged_damage.png,,,,,,,,,,,,,,,,,,,,,,,character_skill_level_to_effects_junctions_tables,wh2_main_skill_lzd_army_buff_dinos|wh2_main_effect_force_stat_missile_damage_lzd_stegadon_bastiladon|3|general_to_force_own
effect,warhammer_3,8.1.1,24237342,Lizardmen,lizardmen,wh2_main_sc_lzd_lizardmen,Oxyotl,Oxyotl,legendary_lord,wh2_dlc17_lzd_oxyotl,general,general,wh2_dlc17_lzd_oxyotl,true,false,true,true,false,false,,legendary_lords,wh2_dlc17_skill_node_set_lzd_oxyotl,,1,general,false,false,,,,wh2_dlc17_skill_node_set_lzd_oxyotl_army_1_6,wh2_main_skill_lzd_army_buff_dinos,Beast Driver,"The largest, most aggressive creatures - usually the oldest bulls of the herd - must be directed, lest their independent spirit lead them astray.",battle_ranged_damage.png,6,4,0,0,true,0,3,3,Beast Driver,"The largest, most aggressive creatures - usually the oldest bulls of the herd - must be directed, lest their independent spirit lead them astray.",,,,,,wh2_main_effect_force_stat_weapon_strength_lzd_stegadon_bastiladon,"Weapon strength: %+n% for Stegadon, Feral Troglodon, Ancient Salamander and Bastiladon units",,general_to_force_own,12,battle,461,true,weapon_damage.png,weapon_damage.png,,,,,,,,,,,,,,,,,,,,,,,character_skill_level_to_effects_junctions_tables,wh2_main_skill_lzd_army_buff_dinos|wh2_main_effect_force_stat_weapon_strength_lzd_stegadon_bastiladon|3|general_to_force_own
node,warhammer_3,8.1.1,24237342,Lizardmen,lizardmen,wh2_main_sc_lzd_lizardmen,Oxyotl,Oxyotl,legendary_lord,wh2_dlc17_lzd_oxyotl,general,general,wh2_dlc17_lzd_oxyotl,true,false,true,true,false,false,,legendary_lords,wh2_dlc17_skill_node_set_lzd_oxyotl,,1,general,false,false,,,,wh2_dlc17_skill_node_set_lzd_oxyotl_campaign_3_1,wh_main_skill_all_lord_campaign_lightning_strike,Lightning Strike,The time to strike is now!,campaign_subterfuge.png,6,5,0,0,true,0,3,,,,,,,,,,,,,,,,,,,,,,,,,,,,,,,,,,,,,,,,,character_skill_nodes_tables,wh2_dlc17_skill_node_set_lzd_oxyotl_campaign_3_1
effect,warhammer_3,8.1.1,24237342,Lizardmen,lizardmen,wh2_main_sc_lzd_lizardmen,Oxyotl,Oxyotl,legendary_lord,wh2_dlc17_lzd_oxyotl,general,general,wh2_dlc17_lzd_oxyotl,true,false,true,true,false,false,,legendary_lords,wh2_dlc17_skill_node_set_lzd_oxyotl,,1,general,false,false,,,,wh2_dlc17_skill_node_set_lzd_oxyotl_campaign_3_1,wh_main_skill_all_lord_campaign_lightning_strike,Lightning Strike,The time to strike is now!,campaign_subterfuge.png,6,5,0,0,true,0,3,1,Lightning Strike,The time to strike is now!,,,,,,wh3_main_effect_opposing_reinforcement_time_percentage_mod,Enemy battle reinforcement time: %+n%,,general_to_force_own_unseen,25,both,101,true,military.png,military.png,,,,,,,,,,,,,,,,,,,,,,,character_skill_level_to_effects_junctions_tables,wh_main_skill_all_lord_campaign_lightning_strike|wh3_main_effect_opposing_reinforcement_time_percentage_mod|1|general_to_force_own_unseen
effect,warhammer_3,8.1.1,24237342,Lizardmen,lizardmen,wh2_main_sc_lzd_lizardmen,Oxyotl,Oxyotl,legendary_lord,wh2_dlc17_lzd_oxyotl,general,general,wh2_dlc17_lzd_oxyotl,true,false,true,true,false,false,,legendary_lords,wh2_dlc17_skill_node_set_lzd_oxyotl,,1,general,false,false,,,,wh2_dlc17_skill_node_set_lzd_oxyotl_campaign_3_1,wh_main_skill_all_lord_campaign_lightning_strike,Lightning Strike,The time to strike is now!,campaign_subterfuge.png,6,5,0,0,true,0,3,1,Lightning Strike,The time to strike is now!,,,,,,wh3_main_effect_own_reinforcement_time_percentage_mod,Battle reinforcement time: %+n%,,general_to_force_own_unseen,-10,both,101,false,military.png,military.png,,,,,,,,,,,,,,,,,,,,,,,character_skill_level_to_effects_junctions_tables,wh_main_skill_all_lord_campaign_lightning_strike|wh3_main_effect_own_reinforcement_time_percentage_mod|1|general_to_force_own_unseen
effect,warhammer_3,8.1.1,24237342,Lizardmen,lizardmen,wh2_main_sc_lzd_lizardmen,Oxyotl,Oxyotl,legendary_lord,wh2_dlc17_lzd_oxyotl,general,general,wh2_dlc17_lzd_oxyotl,true,false,true,true,false,false,,legendary_lords,wh2_dlc17_skill_node_set_lzd_oxyotl,,1,general,false,false,,,,wh2_dlc17_skill_node_set_lzd_oxyotl_campaign_3_1,wh_main_skill_all_lord_campaign_lightning_strike,Lightning Strike,The time to strike is now!,campaign_subterfuge.png,6,5,0,0,true,0,3,1,Lightning Strike,The time to strike is now!,,,,,,wh3_main_effect_reinforcement_adjustment_budget,Reinforcements supporting this army can have their arrival point adjusted by %+n metres without incurring any time penalty,,general_to_force_own_unseen,250,campaign,101,true,military.png,military.png,,,,,,,,,,,,,,,,,,,,,,,character_skill_level_to_effects_junctions_tables,wh_main_skill_all_lord_campaign_lightning_strike|wh3_main_effect_reinforcement_adjustment_budget|1|general_to_force_own_unseen
effect,warhammer_3,8.1.1,24237342,Lizardmen,lizardmen,wh2_main_sc_lzd_lizardmen,Oxyotl,Oxyotl,legendary_lord,wh2_dlc17_lzd_oxyotl,general,general,wh2_dlc17_lzd_oxyotl,true,false,true,true,false,false,,legendary_lords,wh2_dlc17_skill_node_set_lzd_oxyotl,,1,general,false,false,,,,wh2_dlc17_skill_node_set_lzd_oxyotl_campaign_3_1,wh_main_skill_all_lord_campaign_lightning_strike,Lightning Strike,The time to strike is now!,campaign_subterfuge.png,6,5,0,0,true,0,3,2,Lightning Strike,The time to strike is now!,,,,,,wh3_main_effect_opposing_reinforcement_time_percentage_mod,Enemy battle reinforcement time: %+n%,,general_to_force_own_unseen,50,both,101,true,military.png,military.png,,,,,,,,,,,,,,,,,,,,,,,character_skill_level_to_effects_junctions_tables,wh_main_skill_all_lord_campaign_lightning_strike|wh3_main_effect_opposing_reinforcement_time_percentage_mod|2|general_to_force_own_unseen
effect,warhammer_3,8.1.1,24237342,Lizardmen,lizardmen,wh2_main_sc_lzd_lizardmen,Oxyotl,Oxyotl,legendary_lord,wh2_dlc17_lzd_oxyotl,general,general,wh2_dlc17_lzd_oxyotl,true,false,true,true,false,false,,legendary_lords,wh2_dlc17_skill_node_set_lzd_oxyotl,,1,general,false,false,,,,wh2_dlc17_skill_node_set_lzd_oxyotl_campaign_3_1,wh_main_skill_all_lord_campaign_lightning_strike,Lightning Strike,The time to strike is now!,campaign_subterfuge.png,6,5,0,0,true,0,3,2,Lightning Strike,The time to strike is now!,,,,,,wh3_main_effect_own_reinforcement_time_percentage_mod,Battle reinforcement time: %+n%,,general_to_force_own_unseen,-20,both,101,false,military.png,military.png,,,,,,,,,,,,,,,,,,,,,,,character_skill_level_to_effects_junctions_tables,wh_main_skill_all_lord_campaign_lightning_strike|wh3_main_effect_own_reinforcement_time_percentage_mod|2|general_to_force_own_unseen
effect,warhammer_3,8.1.1,24237342,Lizardmen,lizardmen,wh2_main_sc_lzd_lizardmen,Oxyotl,Oxyotl,legendary_lord,wh2_dlc17_lzd_oxyotl,general,general,wh2_dlc17_lzd_oxyotl,true,false,true,true,false,false,,legendary_lords,wh2_dlc17_skill_node_set_lzd_oxyotl,,1,general,false,false,,,,wh2_dlc17_skill_node_set_lzd_oxyotl_campaign_3_1,wh_main_skill_all_lord_campaign_lightning_strike,Lightning Strike,The time to strike is now!,campaign_subterfuge.png,6,5,0,0,true,0,3,2,Lightning Strike,The time to strike is now!,,,,,,wh3_main_effect_reinforcement_adjustment_budget,Reinforcements supporting this army can have their arrival point adjusted by %+n metres without incurring any time penalty,,general_to_force_own_unseen,600,campaign,101,true,military.png,military.png,,,,,,,,,,,,,,,,,,,,,,,character_skill_level_to_effects_junctions_tables,wh_main_skill_all_lord_campaign_lightning_strike|wh3_main_effect_reinforcement_adjustment_budget|2|general_to_force_own_unseen
effect,warhammer_3,8.1.1,24237342,Lizardmen,lizardmen,wh2_main_sc_lzd_lizardmen,Oxyotl,Oxyotl,legendary_lord,wh2_dlc17_lzd_oxyotl,general,general,wh2_dlc17_lzd_oxyotl,true,false,true,true,false,false,,legendary_lords,wh2_dlc17_skill_node_set_lzd_oxyotl,,1,general,false,false,,,,wh2_dlc17_skill_node_set_lzd_oxyotl_campaign_3_1,wh_main_skill_all_lord_campaign_lightning_strike,Lightning Strike,The time to strike is now!,campaign_subterfuge.png,6,5,0,0,true,0,3,3,Lightning Strike,The time to strike is now!,,,,,,wh_main_effect_conquest_enable_night_battles,Enables lightning strike battles when reinforcements are present,The option to carry out a lightning strike battle will appear on the Pre-Battle panel. Enabling this prevents reinforcements from joining the battle but will cause your troops to start the battle with reduced Vigour.,character_to_character_own,1,campaign,10,true,subterfuge.png,subterfuge.png,,,,,,,,,,,,,,,,,,,,,,,character_skill_level_to_effects_junctions_tables,wh_main_skill_all_lord_campaign_lightning_strike|wh_main_effect_conquest_enable_night_battles|3|character_to_character_own
effect,warhammer_3,8.1.1,24237342,Lizardmen,lizardmen,wh2_main_sc_lzd_lizardmen,Oxyotl,Oxyotl,legendary_lord,wh2_dlc17_lzd_oxyotl,general,general,wh2_dlc17_lzd_oxyotl,true,false,true,true,false,false,,legendary_lords,wh2_dlc17_skill_node_set_lzd_oxyotl,,1,general,false,false,,,,wh2_dlc17_skill_node_set_lzd_oxyotl_campaign_3_1,wh_main_skill_all_lord_campaign_lightning_strike,Lightning Strike,The time to strike is now!,campaign_subterfuge.png,6,5,0,0,true,0,3,3,Lightning Strike,The time to strike is now!,,,,,,wh3_main_effect_opposing_reinforcement_time_percentage_mod,Enemy battle reinforcement time: %+n%,,general_to_force_own_unseen,50,both,101,true,military.png,military.png,,,,,,,,,,,,,,,,,,,,,,,character_skill_level_to_effects_junctions_tables,wh_main_skill_all_lord_campaign_lightning_strike|wh3_main_effect_opposing_reinforcement_time_percentage_mod|3|general_to_force_own_unseen
effect,warhammer_3,8.1.1,24237342,Lizardmen,lizardmen,wh2_main_sc_lzd_lizardmen,Oxyotl,Oxyotl,legendary_lord,wh2_dlc17_lzd_oxyotl,general,general,wh2_dlc17_lzd_oxyotl,true,false,true,true,false,false,,legendary_lords,wh2_dlc17_skill_node_set_lzd_oxyotl,,1,general,false,false,,,,wh2_dlc17_skill_node_set_lzd_oxyotl_campaign_3_1,wh_main_skill_all_lord_campaign_lightning_strike,Lightning Strike,The time to strike is now!,campaign_subterfuge.png,6,5,0,0,true,0,3,3,Lightning Strike,The time to strike is now!,,,,,,wh3_main_effect_own_reinforcement_time_percentage_mod,Battle reinforcement time: %+n%,,general_to_force_own_unseen,-30,both,101,false,military.png,military.png,,,,,,,,,,,,,,,,,,,,,,,character_skill_level_to_effects_junctions_tables,wh_main_skill_all_lord_campaign_lightning_strike|wh3_main_effect_own_reinforcement_time_percentage_mod|3|general_to_force_own_unseen
effect,warhammer_3,8.1.1,24237342,Lizardmen,lizardmen,wh2_main_sc_lzd_lizardmen,Oxyotl,Oxyotl,legendary_lord,wh2_dlc17_lzd_oxyotl,general,general,wh2_dlc17_lzd_oxyotl,true,false,true,true,false,false,,legendary_lords,wh2_dlc17_skill_node_set_lzd_oxyotl,,1,general,false,false,,,,wh2_dlc17_skill_node_set_lzd_oxyotl_campaign_3_1,wh_main_skill_all_lord_campaign_lightning_strike,Lightning Strike,The time to strike is now!,campaign_subterfuge.png,6,5,0,0,true,0,3,3,Lightning Strike,The time to strike is now!,,,,,,wh3_main_effect_reinforcement_adjustment_budget,Reinforcements supporting this army can have their arrival point adjusted by %+n metres without incurring any time penalty,,general_to_force_own_unseen,1000,campaign,101,true,military.png,military.png,,,,,,,,,,,,,,,,,,,,,,,character_skill_level_to_effects_junctions_tables,wh_main_skill_all_lord_campaign_lightning_strike|wh3_main_effect_reinforcement_adjustment_budget|3|general_to_force_own_unseen
node,warhammer_3,8.1.1,24237342,Lizardmen,lizardmen,wh2_main_sc_lzd_lizardmen,Oxyotl,Oxyotl,legendary_lord,wh2_dlc17_lzd_oxyotl,general,general,wh2_dlc17_lzd_oxyotl,true,false,true,true,false,false,,legendary_lords,wh2_dlc17_skill_node_set_lzd_oxyotl,,1,general,false,false,,,,wh2_dlc17_skill_node_lzd_oxyotl_combat_3_2,wh2_dlc11_skill_all_lord_self_scarred_veteran,{{tr:character_skills_localised_name_wh_main_skill_all_all_self_scarred_veteran}},{{tr:character_skills_localised_description_wh_main_skill_all_all_self_scarred_veteran}},character_health.png,7,2,0,0,true,0,2,,,,,,,,,,,,,,,,,,,,,,,,,,,,,,,,,,,,,,,,,character_skill_nodes_tables,wh2_dlc17_skill_node_lzd_oxyotl_combat_3_2
effect,warhammer_3,8.1.1,24237342,Lizardmen,lizardmen,wh2_main_sc_lzd_lizardmen,Oxyotl,Oxyotl,legendary_lord,wh2_dlc17_lzd_oxyotl,general,general,wh2_dlc17_lzd_oxyotl,true,false,true,true,false,false,,legendary_lords,wh2_dlc17_skill_node_set_lzd_oxyotl,,1,general,false,false,,,,wh2_dlc17_skill_node_lzd_oxyotl_combat_3_2,wh2_dlc11_skill_all_lord_self_scarred_veteran,{{tr:character_skills_localised_name_wh_main_skill_all_all_self_scarred_veteran}},{{tr:character_skills_localised_description_wh_main_skill_all_all_self_scarred_veteran}},character_health.png,7,2,0,0,true,0,2,1,{{tr:character_skills_localised_name_wh_main_skill_all_all_self_scarred_veteran}},{{tr:character_skills_localised_description_wh_main_skill_all_all_self_scarred_veteran}},,,,,,wh_main_effect_character_stat_unit_health,Hit points: %+n%,,character_to_character_own,7,both,90,true,health_character.png,health_character.png,,,,,,,,,,,,,,,,,,,,,,,character_skill_level_to_effects_junctions_tables,wh2_dlc11_skill_all_lord_self_scarred_veteran|wh_main_effect_character_stat_unit_health|1|character_to_character_own
effect,warhammer_3,8.1.1,24237342,Lizardmen,lizardmen,wh2_main_sc_lzd_lizardmen,Oxyotl,Oxyotl,legendary_lord,wh2_dlc17_lzd_oxyotl,general,general,wh2_dlc17_lzd_oxyotl,true,false,true,true,false,false,,legendary_lords,wh2_dlc17_skill_node_set_lzd_oxyotl,,1,general,false,false,,,,wh2_dlc17_skill_node_lzd_oxyotl_combat_3_2,wh2_dlc11_skill_all_lord_self_scarred_veteran,{{tr:character_skills_localised_name_wh_main_skill_all_all_self_scarred_veteran}},{{tr:character_skills_localised_description_wh_main_skill_all_all_self_scarred_veteran}},character_health.png,7,2,0,0,true,0,2,2,{{tr:character_skills_localised_name_wh_main_skill_all_all_self_scarred_veteran}},{{tr:character_skills_localised_description_wh_main_skill_all_all_self_scarred_veteran}},,,,,,wh_main_effect_character_stat_unit_health,Hit points: %+n%,,character_to_character_own,15,both,90,true,health_character.png,health_character.png,,,,,,,,,,,,,,,,,,,,,,,character_skill_level_to_effects_junctions_tables,wh2_dlc11_skill_all_lord_self_scarred_veteran|wh_main_effect_character_stat_unit_health|2|character_to_character_own
node,warhammer_3,8.1.1,24237342,Lizardmen,lizardmen,wh2_main_sc_lzd_lizardmen,Oxyotl,Oxyotl,legendary_lord,wh2_dlc17_lzd_oxyotl,general,general,wh2_dlc17_lzd_oxyotl,true,false,true,true,false,false,,legendary_lords,wh2_dlc17_skill_node_set_lzd_oxyotl,,1,general,false,false,,,,wh2_dlc17_skill_node_set_lzd_oxyotl_army_2,wh_main_skill_all_lord_battle_rally,Rally!,,wh_main_character_abilities_rally.png,7,4,0,6,true,0,1,,,,,,,,,,,,,,,,,,,,,,,,,,,,,,,,,,,,,,,,,character_skill_nodes_tables,wh2_dlc17_skill_node_set_lzd_oxyotl_army_2
effect,warhammer_3,8.1.1,24237342,Lizardmen,lizardmen,wh2_main_sc_lzd_lizardmen,Oxyotl,Oxyotl,legendary_lord,wh2_dlc17_lzd_oxyotl,general,general,wh2_dlc17_lzd_oxyotl,true,false,true,true,false,false,,legendary_lords,wh2_dlc17_skill_node_set_lzd_oxyotl,,1,general,false,false,,,,wh2_dlc17_skill_node_set_lzd_oxyotl_army_2,wh_main_skill_all_lord_battle_rally,Rally!,,wh_main_character_abilities_rally.png,7,4,0,6,true,0,1,1,Rally!,,,,,,,wh_main_effect_ability_enable_rally,"Ability: ""Rally!""",,character_to_character_own,1,battle,300,true,general_ability.png,general_ability.png,,,,,,,,,,,,,,,,,,,,,,,character_skill_level_to_effects_junctions_tables,wh_main_skill_all_lord_battle_rally|wh_main_effect_ability_enable_rally|1|character_to_character_own
node,warhammer_3,8.1.1,24237342,Lizardmen,lizardmen,wh2_main_sc_lzd_lizardmen,Oxyotl,Oxyotl,legendary_lord,wh2_dlc17_lzd_oxyotl,general,general,wh2_dlc17_lzd_oxyotl,true,false,true,true,false,false,,legendary_lords,wh2_dlc17_skill_node_set_lzd_oxyotl,,1,general,false,false,,,,wh2_dlc17_skill_node_set_lzd_oxyotl_campaign_3_2,wh2_main_skill_lzd_lord_campaign_upkeep,Geomantic Sustenance,The power generated by the overarching Geomantic Web can also be used to nourish the Saurus on the march.,campaign_military_spending.png,7,5,0,0,true,0,3,,,,,,,,,,,,,,,,,,,,,,,,,,,,,,,,,,,,,,,,,character_skill_nodes_tables,wh2_dlc17_skill_node_set_lzd_oxyotl_campaign_3_2
effect,warhammer_3,8.1.1,24237342,Lizardmen,lizardmen,wh2_main_sc_lzd_lizardmen,Oxyotl,Oxyotl,legendary_lord,wh2_dlc17_lzd_oxyotl,general,general,wh2_dlc17_lzd_oxyotl,true,false,true,true,false,false,,legendary_lords,wh2_dlc17_skill_node_set_lzd_oxyotl,,1,general,false,false,,,,wh2_dlc17_skill_node_set_lzd_oxyotl_campaign_3_2,wh2_main_skill_lzd_lord_campaign_upkeep,Geomantic Sustenance,The power generated by the overarching Geomantic Web can also be used to nourish the Saurus on the march.,campaign_military_spending.png,7,5,0,0,true,0,3,1,Geomantic Sustenance,The power generated by the overarching Geomantic Web can also be used to nourish the Saurus on the march.,,,,,,wh_main_effect_force_all_campaign_upkeep,Upkeep: %+n%,,general_to_force_own,-3,campaign,70,false,military_spending.png,military_spending.png,,,,,,,,,,,,,,,,,,,,,,,character_skill_level_to_effects_junctions_tables,wh2_main_skill_lzd_lord_campaign_upkeep|wh_main_effect_force_all_campaign_upkeep|1|general_to_force_own
effect,warhammer_3,8.1.1,24237342,Lizardmen,lizardmen,wh2_main_sc_lzd_lizardmen,Oxyotl,Oxyotl,legendary_lord,wh2_dlc17_lzd_oxyotl,general,general,wh2_dlc17_lzd_oxyotl,true,false,true,true,false,false,,legendary_lords,wh2_dlc17_skill_node_set_lzd_oxyotl,,1,general,false,false,,,,wh2_dlc17_skill_node_set_lzd_oxyotl_campaign_3_2,wh2_main_skill_lzd_lord_campaign_upkeep,Geomantic Sustenance,The power generated by the overarching Geomantic Web can also be used to nourish the Saurus on the march.,campaign_military_spending.png,7,5,0,0,true,0,3,2,Geomantic Sustenance,The power generated by the overarching Geomantic Web can also be used to nourish the Saurus on the march.,,,,,,wh_main_effect_force_all_campaign_upkeep,Upkeep: %+n%,,general_to_force_own,-6,campaign,70,false,military_spending.png,military_spending.png,,,,,,,,,,,,,,,,,,,,,,,character_skill_level_to_effects_junctions_tables,wh2_main_skill_lzd_lord_campaign_upkeep|wh_main_effect_force_all_campaign_upkeep|2|general_to_force_own
effect,warhammer_3,8.1.1,24237342,Lizardmen,lizardmen,wh2_main_sc_lzd_lizardmen,Oxyotl,Oxyotl,legendary_lord,wh2_dlc17_lzd_oxyotl,general,general,wh2_dlc17_lzd_oxyotl,true,false,true,true,false,false,,legendary_lords,wh2_dlc17_skill_node_set_lzd_oxyotl,,1,general,false,false,,,,wh2_dlc17_skill_node_set_lzd_oxyotl_campaign_3_2,wh2_main_skill_lzd_lord_campaign_upkeep,Geomantic Sustenance,The power generated by the overarching Geomantic Web can also be used to nourish the Saurus on the march.,campaign_military_spending.png,7,5,0,0,true,0,3,3,Geomantic Sustenance,The power generated by the overarching Geomantic Web can also be used to nourish the Saurus on the march.,,,,,,wh_main_effect_force_all_campaign_upkeep,Upkeep: %+n%,,general_to_force_own,-9,campaign,70,false,military_spending.png,military_spending.png,,,,,,,,,,,,,,,,,,,,,,,character_skill_level_to_effects_junctions_tables,wh2_main_skill_lzd_lord_campaign_upkeep|wh_main_effect_force_all_campaign_upkeep|3|general_to_force_own
node,warhammer_3,8.1.1,24237342,Lizardmen,lizardmen,wh2_main_sc_lzd_lizardmen,Oxyotl,Oxyotl,legendary_lord,wh2_dlc17_lzd_oxyotl,general,general,wh2_dlc17_lzd_oxyotl,true,false,true,true,false,false,,legendary_lords,wh2_dlc17_skill_node_set_lzd_oxyotl,,1,general,false,false,,,,wh2_dlc17_skill_node_lzd_oxyotl_combat_3_3,wh2_dlc11_skill_wef_lord_self_bottomless_quiver,Bottomless Quiver,"Always willing to fight on, a widened quiver allows arrows to rain, almost without end. ",character_ammo.png,8,2,0,0,true,0,2,,,,,,,,,,,,,,,,,,,,,,,,,,,,,,,,,,,,,,,,,character_skill_nodes_tables,wh2_dlc17_skill_node_lzd_oxyotl_combat_3_3
effect,warhammer_3,8.1.1,24237342,Lizardmen,lizardmen,wh2_main_sc_lzd_lizardmen,Oxyotl,Oxyotl,legendary_lord,wh2_dlc17_lzd_oxyotl,general,general,wh2_dlc17_lzd_oxyotl,true,false,true,true,false,false,,legendary_lords,wh2_dlc17_skill_node_set_lzd_oxyotl,,1,general,false,false,,,,wh2_dlc17_skill_node_lzd_oxyotl_combat_3_3,wh2_dlc11_skill_wef_lord_self_bottomless_quiver,Bottomless Quiver,"Always willing to fight on, a widened quiver allows arrows to rain, almost without end. ",character_ammo.png,8,2,0,0,true,0,2,1,Bottomless Quiver,"Always willing to fight on, a widened quiver allows arrows to rain, almost without end. ",,,,,,wh_main_effect_character_stat_ammunition,Ammunition: %+n%,,character_to_character_own,15,both,210,true,ammo_character.png,ammo_character.png,,,,,,,,,,,,,,,,,,,,,,,character_skill_level_to_effects_junctions_tables,wh2_dlc11_skill_wef_lord_self_bottomless_quiver|wh_main_effect_character_stat_ammunition|1|character_to_character_own
effect,warhammer_3,8.1.1,24237342,Lizardmen,lizardmen,wh2_main_sc_lzd_lizardmen,Oxyotl,Oxyotl,legendary_lord,wh2_dlc17_lzd_oxyotl,general,general,wh2_dlc17_lzd_oxyotl,true,false,true,true,false,false,,legendary_lords,wh2_dlc17_skill_node_set_lzd_oxyotl,,1,general,false,false,,,,wh2_dlc17_skill_node_lzd_oxyotl_combat_3_3,wh2_dlc11_skill_wef_lord_self_bottomless_quiver,Bottomless Quiver,"Always willing to fight on, a widened quiver allows arrows to rain, almost without end. ",character_ammo.png,8,2,0,0,true,0,2,2,Bottomless Quiver,"Always willing to fight on, a widened quiver allows arrows to rain, almost without end. ",,,,,,wh_main_effect_character_stat_ammunition,Ammunition: %+n%,,character_to_character_own,30,both,210,true,ammo_character.png,ammo_character.png,,,,,,,,,,,,,,,,,,,,,,,character_skill_level_to_effects_junctions_tables,wh2_dlc11_skill_wef_lord_self_bottomless_quiver|wh_main_effect_character_stat_ammunition|2|character_to_character_own
node,warhammer_3,8.1.1,24237342,Lizardmen,lizardmen,wh2_main_sc_lzd_lizardmen,Oxyotl,Oxyotl,legendary_lord,wh2_dlc17_lzd_oxyotl,general,general,wh2_dlc17_lzd_oxyotl,true,false,true,true,false,false,,legendary_lords,wh2_dlc17_skill_node_set_lzd_oxyotl,,1,general,false,false,,,,wh2_dlc17_skill_node_set_lzd_oxyotl_army_3_1,wh2_main_skill_lzd_army_buff_jungle_dominion,Jungle Dominion,The unforgiving law of the jungle is most clear on matters of ascendancy.,battle_damage.png,8,4,0,0,true,0,1,,,,,,,,,,,,,,,,,,,,,,,,,,,,,,,,,,,,,,,,,character_skill_nodes_tables,wh2_dlc17_skill_node_set_lzd_oxyotl_army_3_1
effect,warhammer_3,8.1.1,24237342,Lizardmen,lizardmen,wh2_main_sc_lzd_lizardmen,Oxyotl,Oxyotl,legendary_lord,wh2_dlc17_lzd_oxyotl,general,general,wh2_dlc17_lzd_oxyotl,true,false,true,true,false,false,,legendary_lords,wh2_dlc17_skill_node_set_lzd_oxyotl,,1,general,false,false,,,,wh2_dlc17_skill_node_set_lzd_oxyotl_army_3_1,wh2_main_skill_lzd_army_buff_jungle_dominion,Jungle Dominion,The unforgiving law of the jungle is most clear on matters of ascendancy.,battle_damage.png,8,4,0,0,true,0,1,1,Jungle Dominion,The unforgiving law of the jungle is most clear on matters of ascendancy.,,,,,,wh2_main_effect_force_stat_armour_saurus_templeg_rank7,Armour: %+n for Saurus and Temple Guard units {{tr:rank7}},,general_to_force_own,10,battle,403,true,armour.png,armour.png,,,,,,,,,,,,,,,,,,,,,,,character_skill_level_to_effects_junctions_tables,wh2_main_skill_lzd_army_buff_jungle_dominion|wh2_main_effect_force_stat_armour_saurus_templeg_rank7|1|general_to_force_own
effect,warhammer_3,8.1.1,24237342,Lizardmen,lizardmen,wh2_main_sc_lzd_lizardmen,Oxyotl,Oxyotl,legendary_lord,wh2_dlc17_lzd_oxyotl,general,general,wh2_dlc17_lzd_oxyotl,true,false,true,true,false,false,,legendary_lords,wh2_dlc17_skill_node_set_lzd_oxyotl,,1,general,false,false,,,,wh2_dlc17_skill_node_set_lzd_oxyotl_army_3_1,wh2_main_skill_lzd_army_buff_jungle_dominion,Jungle Dominion,The unforgiving law of the jungle is most clear on matters of ascendancy.,battle_damage.png,8,4,0,0,true,0,1,1,Jungle Dominion,The unforgiving law of the jungle is most clear on matters of ascendancy.,,,,,,wh2_main_effect_force_stat_magic_resistance_saurus_templeguard_rank7,Spell resistance: %n% for Saurus and Temple Guard units {{tr:rank7}},,general_to_force_own,15,battle,582,true,resistance_magic.png,resistance_magic.png,,,,,,,,,,,,,,,,,,,,,,,character_skill_level_to_effects_junctions_tables,wh2_main_skill_lzd_army_buff_jungle_dominion|wh2_main_effect_force_stat_magic_resistance_saurus_templeguard_rank7|1|general_to_force_own
effect,warhammer_3,8.1.1,24237342,Lizardmen,lizardmen,wh2_main_sc_lzd_lizardmen,Oxyotl,Oxyotl,legendary_lord,wh2_dlc17_lzd_oxyotl,general,general,wh2_dlc17_lzd_oxyotl,true,false,true,true,false,false,,legendary_lords,wh2_dlc17_skill_node_set_lzd_oxyotl,,1,general,false,false,,,,wh2_dlc17_skill_node_set_lzd_oxyotl_army_3_1,wh2_main_skill_lzd_army_buff_jungle_dominion,Jungle Dominion,The unforgiving law of the jungle is most clear on matters of ascendancy.,battle_damage.png,8,4,0,0,true,0,1,1,Jungle Dominion,The unforgiving law of the jungle is most clear on matters of ascendancy.,,,,,,wh2_main_effect_force_stat_weapon_strength_lzd_saurus_templeg_rank7,Weapon strength: %+n% for Saurus and Temple Guard units {{tr:rank7}},,general_to_force_own,12,battle,462,true,weapon_damage.png,weapon_damage.png,,,,,,,,,,,,,,,,,,,,,,,character_skill_level_to_effects_junctions_tables,wh2_main_skill_lzd_army_buff_jungle_dominion|wh2_main_effect_force_stat_weapon_strength_lzd_saurus_templeg_rank7|1|general_to_force_own
node,warhammer_3,8.1.1,24237342,Lizardmen,lizardmen,wh2_main_sc_lzd_lizardmen,Oxyotl,Oxyotl,legendary_lord,wh2_dlc17_lzd_oxyotl,general,general,wh2_dlc17_lzd_oxyotl,true,false,true,true,false,false,,legendary_lords,wh2_dlc17_skill_node_set_lzd_oxyotl,,1,general,false,false,,,,wh2_dlc17_skill_node_set_lzd_oxyotl_campaign_3_3,wh2_main_skill_def_campaign_wary,Wary,This warrior has been ambushed previously and got themselves and many of their compatriots away safely. Such things make one naturally suspicious.,campaign_ambush.png,8,5,0,0,true,0,3,,,,,,,,,,,,,,,,,,,,,,,,,,,,,,,,,,,,,,,,,character_skill_nodes_tables,wh2_dlc17_skill_node_set_lzd_oxyotl_campaign_3_3
effect,warhammer_3,8.1.1,24237342,Lizardmen,lizardmen,wh2_main_sc_lzd_lizardmen,Oxyotl,Oxyotl,legendary_lord,wh2_dlc17_lzd_oxyotl,general,general,wh2_dlc17_lzd_oxyotl,true,false,true,true,false,false,,legendary_lords,wh2_dlc17_skill_node_set_lzd_oxyotl,,1,general,false,false,,,,wh2_dlc17_skill_node_set_lzd_oxyotl_campaign_3_3,wh2_main_skill_def_campaign_wary,Wary,This warrior has been ambushed previously and got themselves and many of their compatriots away safely. Such things make one naturally suspicious.,campaign_ambush.png,8,5,0,0,true,0,3,1,Wary,This warrior has been ambushed previously and got themselves and many of their compatriots away safely. Such things make one naturally suspicious.,,,,,,wh_main_effect_agent_action_success_chance_enemy,Enemy Hero action success chance: %+n%,,character_to_character_own,-3,campaign,101,false,agent.png,agent.png,,,,,,,,,,,,,,,,,,,,,,,character_skill_level_to_effects_junctions_tables,wh2_main_skill_def_campaign_wary|wh_main_effect_agent_action_success_chance_enemy|1|character_to_character_own
effect,warhammer_3,8.1.1,24237342,Lizardmen,lizardmen,wh2_main_sc_lzd_lizardmen,Oxyotl,Oxyotl,legendary_lord,wh2_dlc17_lzd_oxyotl,general,general,wh2_dlc17_lzd_oxyotl,true,false,true,true,false,false,,legendary_lords,wh2_dlc17_skill_node_set_lzd_oxyotl,,1,general,false,false,,,,wh2_dlc17_skill_node_set_lzd_oxyotl_campaign_3_3,wh2_main_skill_def_campaign_wary,Wary,This warrior has been ambushed previously and got themselves and many of their compatriots away safely. Such things make one naturally suspicious.,campaign_ambush.png,8,5,0,0,true,0,3,1,Wary,This warrior has been ambushed previously and got themselves and many of their compatriots away safely. Such things make one naturally suspicious.,,,,,,wh_main_effect_force_army_campaign_ambush_defence_success_chance,Ambush defence chance: %+n%,,general_to_force_own,8,campaign,110,true,icon_effects_ambush.png,icon_effects_ambush.png,,,,,,,,,,,,,,,,,,,,,,,character_skill_level_to_effects_junctions_tables,wh2_main_skill_def_campaign_wary|wh_main_effect_force_army_campaign_ambush_defence_success_chance|1|general_to_force_own
effect,warhammer_3,8.1.1,24237342,Lizardmen,lizardmen,wh2_main_sc_lzd_lizardmen,Oxyotl,Oxyotl,legendary_lord,wh2_dlc17_lzd_oxyotl,general,general,wh2_dlc17_lzd_oxyotl,true,false,true,true,false,false,,legendary_lords,wh2_dlc17_skill_node_set_lzd_oxyotl,,1,general,false,false,,,,wh2_dlc17_skill_node_set_lzd_oxyotl_campaign_3_3,wh2_main_skill_def_campaign_wary,Wary,This warrior has been ambushed previously and got themselves and many of their compatriots away safely. Such things make one naturally suspicious.,campaign_ambush.png,8,5,0,0,true,0,3,2,Wary,This warrior has been ambushed previously and got themselves and many of their compatriots away safely. Such things make one naturally suspicious.,,,,,,wh_main_effect_agent_action_success_chance_enemy,Enemy Hero action success chance: %+n%,,character_to_character_own,-8,campaign,101,false,agent.png,agent.png,,,,,,,,,,,,,,,,,,,,,,,character_skill_level_to_effects_junctions_tables,wh2_main_skill_def_campaign_wary|wh_main_effect_agent_action_success_chance_enemy|2|character_to_character_own
effect,warhammer_3,8.1.1,24237342,Lizardmen,lizardmen,wh2_main_sc_lzd_lizardmen,Oxyotl,Oxyotl,legendary_lord,wh2_dlc17_lzd_oxyotl,general,general,wh2_dlc17_lzd_oxyotl,true,false,true,true,false,false,,legendary_lords,wh2_dlc17_skill_node_set_lzd_oxyotl,,1,general,false,false,,,,wh2_dlc17_skill_node_set_lzd_oxyotl_campaign_3_3,wh2_main_skill_def_campaign_wary,Wary,This warrior has been ambushed previously and got themselves and many of their compatriots away safely. Such things make one naturally suspicious.,campaign_ambush.png,8,5,0,0,true,0,3,2,Wary,This warrior has been ambushed previously and got themselves and many of their compatriots away safely. Such things make one naturally suspicious.,,,,,,wh_main_effect_force_army_campaign_ambush_defence_success_chance,Ambush defence chance: %+n%,,general_to_force_own,16,campaign,110,true,icon_effects_ambush.png,icon_effects_ambush.png,,,,,,,,,,,,,,,,,,,,,,,character_skill_level_to_effects_junctions_tables,wh2_main_skill_def_campaign_wary|wh_main_effect_force_army_campaign_ambush_defence_success_chance|2|general_to_force_own
effect,warhammer_3,8.1.1,24237342,Lizardmen,lizardmen,wh2_main_sc_lzd_lizardmen,Oxyotl,Oxyotl,legendary_lord,wh2_dlc17_lzd_oxyotl,general,general,wh2_dlc17_lzd_oxyotl,true,false,true,true,false,false,,legendary_lords,wh2_dlc17_skill_node_set_lzd_oxyotl,,1,general,false,false,,,,wh2_dlc17_skill_node_set_lzd_oxyotl_campaign_3_3,wh2_main_skill_def_campaign_wary,Wary,This warrior has been ambushed previously and got themselves and many of their compatriots away safely. Such things make one naturally suspicious.,campaign_ambush.png,8,5,0,0,true,0,3,3,Wary,This warrior has been ambushed previously and got themselves and many of their compatriots away safely. Such things make one naturally suspicious.,,,,,,wh_main_effect_agent_action_success_chance_enemy,Enemy Hero action success chance: %+n%,,character_to_character_own,-15,campaign,101,false,agent.png,agent.png,,,,,,,,,,,,,,,,,,,,,,,character_skill_level_to_effects_junctions_tables,wh2_main_skill_def_campaign_wary|wh_main_effect_agent_action_success_chance_enemy|3|character_to_character_own
effect,warhammer_3,8.1.1,24237342,Lizardmen,lizardmen,wh2_main_sc_lzd_lizardmen,Oxyotl,Oxyotl,legendary_lord,wh2_dlc17_lzd_oxyotl,general,general,wh2_dlc17_lzd_oxyotl,true,false,true,true,false,false,,legendary_lords,wh2_dlc17_skill_node_set_lzd_oxyotl,,1,general,false,false,,,,wh2_dlc17_skill_node_set_lzd_oxyotl_campaign_3_3,wh2_main_skill_def_campaign_wary,Wary,This warrior has been ambushed previously and got themselves and many of their compatriots away safely. Such things make one naturally suspicious.,campaign_ambush.png,8,5,0,0,true,0,3,3,Wary,This warrior has been ambushed previously and got themselves and many of their compatriots away safely. Such things make one naturally suspicious.,,,,,,wh_main_effect_force_army_campaign_ambush_defence_success_chance,Ambush defence chance: %+n%,,general_to_force_own,30,campaign,110,true,icon_effects_ambush.png,icon_effects_ambush.png,,,,,,,,,,,,,,,,,,,,,,,character_skill_level_to_effects_junctions_tables,wh2_main_skill_def_campaign_wary|wh_main_effect_force_army_campaign_ambush_defence_success_chance|3|general_to_force_own
node,warhammer_3,8.1.1,24237342,Lizardmen,lizardmen,wh2_main_sc_lzd_lizardmen,Oxyotl,Oxyotl,legendary_lord,wh2_dlc17_lzd_oxyotl,general,general,wh2_dlc17_lzd_oxyotl,true,false,true,true,false,false,,legendary_lords,wh2_dlc17_skill_node_set_lzd_oxyotl,,1,general,false,false,,,,wh2_dlc17_skill_node_lzd_oxyotl_combat_3_4,wh2_dlc11_skill_wef_lord_self_expeditious_endeavour,Expeditious Endeavour,"What the enemy cannot see, it cannot hit. What the enemy cannot see, it cannot survive.",character_speed.png,9,2,0,0,true,0,2,,,,,,,,,,,,,,,,,,,,,,,,,,,,,,,,,,,,,,,,,character_skill_nodes_tables,wh2_dlc17_skill_node_lzd_oxyotl_combat_3_4
effect,warhammer_3,8.1.1,24237342,Lizardmen,lizardmen,wh2_main_sc_lzd_lizardmen,Oxyotl,Oxyotl,legendary_lord,wh2_dlc17_lzd_oxyotl,general,general,wh2_dlc17_lzd_oxyotl,true,false,true,true,false,false,,legendary_lords,wh2_dlc17_skill_node_set_lzd_oxyotl,,1,general,false,false,,,,wh2_dlc17_skill_node_lzd_oxyotl_combat_3_4,wh2_dlc11_skill_wef_lord_self_expeditious_endeavour,Expeditious Endeavour,"What the enemy cannot see, it cannot hit. What the enemy cannot see, it cannot survive.",character_speed.png,9,2,0,0,true,0,2,1,Expeditious Endeavour,"What the enemy cannot see, it cannot hit. What the enemy cannot see, it cannot survive.",,,,,,wh_main_effect_character_stat_speed,Speed: %+n%,,character_to_character_own,7,both,120,true,battle_movement_character.png,battle_movement_character.png,,,,,,,,,,,,,,,,,,,,,,,character_skill_level_to_effects_junctions_tables,wh2_dlc11_skill_wef_lord_self_expeditious_endeavour|wh_main_effect_character_stat_speed|1|character_to_character_own
effect,warhammer_3,8.1.1,24237342,Lizardmen,lizardmen,wh2_main_sc_lzd_lizardmen,Oxyotl,Oxyotl,legendary_lord,wh2_dlc17_lzd_oxyotl,general,general,wh2_dlc17_lzd_oxyotl,true,false,true,true,false,false,,legendary_lords,wh2_dlc17_skill_node_set_lzd_oxyotl,,1,general,false,false,,,,wh2_dlc17_skill_node_lzd_oxyotl_combat_3_4,wh2_dlc11_skill_wef_lord_self_expeditious_endeavour,Expeditious Endeavour,"What the enemy cannot see, it cannot hit. What the enemy cannot see, it cannot survive.",character_speed.png,9,2,0,0,true,0,2,2,Expeditious Endeavour,"What the enemy cannot see, it cannot hit. What the enemy cannot see, it cannot survive.",,,,,,wh_main_effect_character_stat_speed,Speed: %+n%,,character_to_character_own,15,both,120,true,battle_movement_character.png,battle_movement_character.png,,,,,,,,,,,,,,,,,,,,,,,character_skill_level_to_effects_junctions_tables,wh2_dlc11_skill_wef_lord_self_expeditious_endeavour|wh_main_effect_character_stat_speed|2|character_to_character_own
node,warhammer_3,8.1.1,24237342,Lizardmen,lizardmen,wh2_main_sc_lzd_lizardmen,Oxyotl,Oxyotl,legendary_lord,wh2_dlc17_lzd_oxyotl,general,general,wh2_dlc17_lzd_oxyotl,true,false,true,true,false,false,,legendary_lords,wh2_dlc17_skill_node_set_lzd_oxyotl,,1,general,false,false,,,,wh2_dlc17_skill_node_set_lzd_oxyotl_army_3_2,wh2_main_skill_lzd_army_buff_spawn_kin,Spawn-Kin,Braves who emerge from the same spawning often share a deep connection – a bond which provides considerable advantages in battle.,battle_defence.png,9,4,0,0,true,0,1,,,,,,,,,,,,,,,,,,,,,,,,,,,,,,,,,,,,,,,,,character_skill_nodes_tables,wh2_dlc17_skill_node_set_lzd_oxyotl_army_3_2
effect,warhammer_3,8.1.1,24237342,Lizardmen,lizardmen,wh2_main_sc_lzd_lizardmen,Oxyotl,Oxyotl,legendary_lord,wh2_dlc17_lzd_oxyotl,general,general,wh2_dlc17_lzd_oxyotl,true,false,true,true,false,false,,legendary_lords,wh2_dlc17_skill_node_set_lzd_oxyotl,,1,general,false,false,,,,wh2_dlc17_skill_node_set_lzd_oxyotl_army_3_2,wh2_main_skill_lzd_army_buff_spawn_kin,Spawn-Kin,Braves who emerge from the same spawning often share a deep connection – a bond which provides considerable advantages in battle.,battle_defence.png,9,4,0,0,true,0,1,1,Spawn-Kin,Braves who emerge from the same spawning often share a deep connection – a bond which provides considerable advantages in battle.,,,,,,wh2_main_effect_force_stat_leadership_skink_kroxigor_rank7,"Leadership: %+n for Skinks, Chameleon Skinks, Red Crested Skinks, Salamander and Razordon Hunting Packs, Kroxigor and Sacred Kroxigor units {{tr:rank7}}",,general_to_force_own,5,battle,412,true,morale.png,morale.png,,,,,,,,,,,,,,,,,,,,,,,character_skill_level_to_effects_junctions_tables,wh2_main_skill_lzd_army_buff_spawn_kin|wh2_main_effect_force_stat_leadership_skink_kroxigor_rank7|1|general_to_force_own
effect,warhammer_3,8.1.1,24237342,Lizardmen,lizardmen,wh2_main_sc_lzd_lizardmen,Oxyotl,Oxyotl,legendary_lord,wh2_dlc17_lzd_oxyotl,general,general,wh2_dlc17_lzd_oxyotl,true,false,true,true,false,false,,legendary_lords,wh2_dlc17_skill_node_set_lzd_oxyotl,,1,general,false,false,,,,wh2_dlc17_skill_node_set_lzd_oxyotl_army_3_2,wh2_main_skill_lzd_army_buff_spawn_kin,Spawn-Kin,Braves who emerge from the same spawning often share a deep connection – a bond which provides considerable advantages in battle.,battle_defence.png,9,4,0,0,true,0,1,1,Spawn-Kin,Braves who emerge from the same spawning often share a deep connection – a bond which provides considerable advantages in battle.,,,,,,wh2_main_effect_force_stat_melee_defence_lzd_skink_kroxigor_rank7,"Melee defence: %+n for Skinks, Chameleon Skinks, Red Crested Skinks, Salamander and Razordon Hunting Packs, Kroxigor and Sacred Kroxigor units {{tr:rank7}}",,general_to_force_own,5,battle,452,true,defence.png,defence.png,,,,,,,,,,,,,,,,,,,,,,,character_skill_level_to_effects_junctions_tables,wh2_main_skill_lzd_army_buff_spawn_kin|wh2_main_effect_force_stat_melee_defence_lzd_skink_kroxigor_rank7|1|general_to_force_own
effect,warhammer_3,8.1.1,24237342,Lizardmen,lizardmen,wh2_main_sc_lzd_lizardmen,Oxyotl,Oxyotl,legendary_lord,wh2_dlc17_lzd_oxyotl,general,general,wh2_dlc17_lzd_oxyotl,true,false,true,true,false,false,,legendary_lords,wh2_dlc17_skill_node_set_lzd_oxyotl,,1,general,false,false,,,,wh2_dlc17_skill_node_set_lzd_oxyotl_army_3_2,wh2_main_skill_lzd_army_buff_spawn_kin,Spawn-Kin,Braves who emerge from the same spawning often share a deep connection – a bond which provides considerable advantages in battle.,battle_defence.png,9,4,0,0,true,0,1,1,Spawn-Kin,Braves who emerge from the same spawning often share a deep connection – a bond which provides considerable advantages in battle.,,,,,,wh2_main_effect_force_stat_missile_resistance_lzd_skink_kroxigor_rank7,"Missile resistance: %n% for Skinks, Chameleon Skinks, Red Crested Skinks, Salamander and Razordon Hunting Packs, Kroxigor and Sacred Kroxigor units {{tr:rank7}}",,general_to_force_own,15,battle,582,true,resistance_missile.png,resistance_missile.png,,,,,,,,,,,,,,,,,,,,,,,character_skill_level_to_effects_junctions_tables,wh2_main_skill_lzd_army_buff_spawn_kin|wh2_main_effect_force_stat_missile_resistance_lzd_skink_kroxigor_rank7|1|general_to_force_own
node,warhammer_3,8.1.1,24237342,Lizardmen,lizardmen,wh2_main_sc_lzd_lizardmen,Oxyotl,Oxyotl,legendary_lord,wh2_dlc17_lzd_oxyotl,general,general,wh2_dlc17_lzd_oxyotl,true,false,true,true,false,false,,legendary_lords,wh2_dlc17_skill_node_set_lzd_oxyotl,,1,general,false,false,,,,wh2_dlc17_skill_node_set_lzd_oxyotl_campaign_3_4,wh2_main_skill_lzd_lord_campaign_replenish,Gifts of the Jungle,"Life in the jungle means knowing the difference between which flora can heal and what, if ingested, will kill you.",campaign_replenishment.png,9,5,0,0,true,0,3,,,,,,,,,,,,,,,,,,,,,,,,,,,,,,,,,,,,,,,,,character_skill_nodes_tables,wh2_dlc17_skill_node_set_lzd_oxyotl_campaign_3_4
effect,warhammer_3,8.1.1,24237342,Lizardmen,lizardmen,wh2_main_sc_lzd_lizardmen,Oxyotl,Oxyotl,legendary_lord,wh2_dlc17_lzd_oxyotl,general,general,wh2_dlc17_lzd_oxyotl,true,false,true,true,false,false,,legendary_lords,wh2_dlc17_skill_node_set_lzd_oxyotl,,1,general,false,false,,,,wh2_dlc17_skill_node_set_lzd_oxyotl_campaign_3_4,wh2_main_skill_lzd_lord_campaign_replenish,Gifts of the Jungle,"Life in the jungle means knowing the difference between which flora can heal and what, if ingested, will kill you.",campaign_replenishment.png,9,5,0,0,true,0,3,1,Gifts of the Jungle,"Life in the jungle means knowing the difference between which flora can heal and what, if ingested, will kill you.",,,,,,wh_main_effect_force_all_campaign_replenishment_rate,Casualty replenishment rate: %+n%,{{tr:replenishment_additional_tooltip}},general_to_force_own,2,campaign,101,true,replenishment.png,replenishment.png,,,,,,,,,,,,,,,,,,,,,,,character_skill_level_to_effects_junctions_tables,wh2_main_skill_lzd_lord_campaign_replenish|wh_main_effect_force_all_campaign_replenishment_rate|1|general_to_force_own
effect,warhammer_3,8.1.1,24237342,Lizardmen,lizardmen,wh2_main_sc_lzd_lizardmen,Oxyotl,Oxyotl,legendary_lord,wh2_dlc17_lzd_oxyotl,general,general,wh2_dlc17_lzd_oxyotl,true,false,true,true,false,false,,legendary_lords,wh2_dlc17_skill_node_set_lzd_oxyotl,,1,general,false,false,,,,wh2_dlc17_skill_node_set_lzd_oxyotl_campaign_3_4,wh2_main_skill_lzd_lord_campaign_replenish,Gifts of the Jungle,"Life in the jungle means knowing the difference between which flora can heal and what, if ingested, will kill you.",campaign_replenishment.png,9,5,0,0,true,0,3,2,Gifts of the Jungle,"Life in the jungle means knowing the difference between which flora can heal and what, if ingested, will kill you.",,,,,,wh_main_effect_force_all_campaign_replenishment_rate,Casualty replenishment rate: %+n%,{{tr:replenishment_additional_tooltip}},general_to_force_own,4,campaign,101,true,replenishment.png,replenishment.png,,,,,,,,,,,,,,,,,,,,,,,character_skill_level_to_effects_junctions_tables,wh2_main_skill_lzd_lord_campaign_replenish|wh_main_effect_force_all_campaign_replenishment_rate|2|general_to_force_own
effect,warhammer_3,8.1.1,24237342,Lizardmen,lizardmen,wh2_main_sc_lzd_lizardmen,Oxyotl,Oxyotl,legendary_lord,wh2_dlc17_lzd_oxyotl,general,general,wh2_dlc17_lzd_oxyotl,true,false,true,true,false,false,,legendary_lords,wh2_dlc17_skill_node_set_lzd_oxyotl,,1,general,false,false,,,,wh2_dlc17_skill_node_set_lzd_oxyotl_campaign_3_4,wh2_main_skill_lzd_lord_campaign_replenish,Gifts of the Jungle,"Life in the jungle means knowing the difference between which flora can heal and what, if ingested, will kill you.",campaign_replenishment.png,9,5,0,0,true,0,3,3,Gifts of the Jungle,"Life in the jungle means knowing the difference between which flora can heal and what, if ingested, will kill you.",,,,,,wh_main_effect_force_all_campaign_replenishment_rate,Casualty replenishment rate: %+n%,{{tr:replenishment_additional_tooltip}},general_to_force_own,6,campaign,101,true,replenishment.png,replenishment.png,,,,,,,,,,,,,,,,,,,,,,,character_skill_level_to_effects_junctions_tables,wh2_main_skill_lzd_lord_campaign_replenish|wh_main_effect_force_all_campaign_replenishment_rate|3|general_to_force_own
node,warhammer_3,8.1.1,24237342,Lizardmen,lizardmen,wh2_main_sc_lzd_lizardmen,Oxyotl,Oxyotl,legendary_lord,wh2_dlc17_lzd_oxyotl,general,general,wh2_dlc17_lzd_oxyotl,true,false,true,true,false,false,,legendary_lords,wh2_dlc17_skill_node_set_lzd_oxyotl,,1,general,false,false,,,,wh2_dlc17_skill_node_lzd_oxyotl_combat_4,wh2_main_skill_lzd_kroq_gar_swiftness_of_itzl,Swiftness of Itzl,,wh2_main_character_abilities_swiftness_of_itzl.png,10,2,0,4,true,0,1,,,,,,,,,,,,,,,,,,,,,,,,,,,,,,,,,,,,,,,,,character_skill_nodes_tables,wh2_dlc17_skill_node_lzd_oxyotl_combat_4
effect,warhammer_3,8.1.1,24237342,Lizardmen,lizardmen,wh2_main_sc_lzd_lizardmen,Oxyotl,Oxyotl,legendary_lord,wh2_dlc17_lzd_oxyotl,general,general,wh2_dlc17_lzd_oxyotl,true,false,true,true,false,false,,legendary_lords,wh2_dlc17_skill_node_set_lzd_oxyotl,,1,general,false,false,,,,wh2_dlc17_skill_node_lzd_oxyotl_combat_4,wh2_main_skill_lzd_kroq_gar_swiftness_of_itzl,Swiftness of Itzl,,wh2_main_character_abilities_swiftness_of_itzl.png,10,2,0,4,true,0,1,1,Swiftness of Itzl,,,,,,,wh2_main_effect_ability_enable_swiftness_of_itzl,"Ability: ""Swiftness of Itzl""",,character_to_character_own,1,battle,300,true,general_ability.png,general_ability.png,,,,,,,,,,,,,,,,,,,,,,,character_skill_level_to_effects_junctions_tables,wh2_main_skill_lzd_kroq_gar_swiftness_of_itzl|wh2_main_effect_ability_enable_swiftness_of_itzl|1|character_to_character_own
node,warhammer_3,8.1.1,24237342,Lizardmen,lizardmen,wh2_main_sc_lzd_lizardmen,Oxyotl,Oxyotl,legendary_lord,wh2_dlc17_lzd_oxyotl,general,general,wh2_dlc17_lzd_oxyotl,true,false,true,true,false,false,,legendary_lords,wh2_dlc17_skill_node_set_lzd_oxyotl,,1,general,false,false,,,,wh2_dlc17_skill_node_set_lzd_oxyotl_army_3_3,wh2_main_skill_lzd_army_buff_soul_bound,Soul Bound,"Mount and rider, together as one at their very cores. Indivisible.",battle_attack.png,10,4,0,0,true,0,1,,,,,,,,,,,,,,,,,,,,,,,,,,,,,,,,,,,,,,,,,character_skill_nodes_tables,wh2_dlc17_skill_node_set_lzd_oxyotl_army_3_3
effect,warhammer_3,8.1.1,24237342,Lizardmen,lizardmen,wh2_main_sc_lzd_lizardmen,Oxyotl,Oxyotl,legendary_lord,wh2_dlc17_lzd_oxyotl,general,general,wh2_dlc17_lzd_oxyotl,true,false,true,true,false,false,,legendary_lords,wh2_dlc17_skill_node_set_lzd_oxyotl,,1,general,false,false,,,,wh2_dlc17_skill_node_set_lzd_oxyotl_army_3_3,wh2_main_skill_lzd_army_buff_soul_bound,Soul Bound,"Mount and rider, together as one at their very cores. Indivisible.",battle_attack.png,10,4,0,0,true,0,1,1,Soul Bound,"Mount and rider, together as one at their very cores. Indivisible.",,,,,,wh2_main_effect_force_stat_melee_attack_lzd_coldones_terradons_rank7,"Melee attack: %+n for Cold One, Terradon Riders, Ripperdactyl Riders, and Coatl units {{tr:rank7}}",,general_to_force_own,5,battle,432,true,melee.png,melee.png,,,,,,,,,,,,,,,,,,,,,,,character_skill_level_to_effects_junctions_tables,wh2_main_skill_lzd_army_buff_soul_bound|wh2_main_effect_force_stat_melee_attack_lzd_coldones_terradons_rank7|1|general_to_force_own
effect,warhammer_3,8.1.1,24237342,Lizardmen,lizardmen,wh2_main_sc_lzd_lizardmen,Oxyotl,Oxyotl,legendary_lord,wh2_dlc17_lzd_oxyotl,general,general,wh2_dlc17_lzd_oxyotl,true,false,true,true,false,false,,legendary_lords,wh2_dlc17_skill_node_set_lzd_oxyotl,,1,general,false,false,,,,wh2_dlc17_skill_node_set_lzd_oxyotl_army_3_3,wh2_main_skill_lzd_army_buff_soul_bound,Soul Bound,"Mount and rider, together as one at their very cores. Indivisible.",battle_attack.png,10,4,0,0,true,0,1,1,Soul Bound,"Mount and rider, together as one at their very cores. Indivisible.",,,,,,wh2_main_effect_force_stat_melee_defence_lzd_coldones_terradons_rank7,"Melee defence: %+n for Cold One, Terradon Riders, Ripperdactyl Riders, and Coatl units {{tr:rank7}}",,general_to_force_own,5,battle,452,true,defence.png,defence.png,,,,,,,,,,,,,,,,,,,,,,,character_skill_level_to_effects_junctions_tables,wh2_main_skill_lzd_army_buff_soul_bound|wh2_main_effect_force_stat_melee_defence_lzd_coldones_terradons_rank7|1|general_to_force_own
effect,warhammer_3,8.1.1,24237342,Lizardmen,lizardmen,wh2_main_sc_lzd_lizardmen,Oxyotl,Oxyotl,legendary_lord,wh2_dlc17_lzd_oxyotl,general,general,wh2_dlc17_lzd_oxyotl,true,false,true,true,false,false,,legendary_lords,wh2_dlc17_skill_node_set_lzd_oxyotl,,1,general,false,false,,,,wh2_dlc17_skill_node_set_lzd_oxyotl_army_3_3,wh2_main_skill_lzd_army_buff_soul_bound,Soul Bound,"Mount and rider, together as one at their very cores. Indivisible.",battle_attack.png,10,4,0,0,true,0,1,1,Soul Bound,"Mount and rider, together as one at their very cores. Indivisible.",,,,,,wh2_main_effect_force_stat_missile_resistance_lzd_coldones_terradons_rank7,"Missile resistance: %n% for Cold One, Terradon Riders, Ripperdactyl Riders, and Coatl units {{tr:rank7}}",,general_to_force_own,15,battle,582,true,resistance_missile.png,resistance_missile.png,,,,,,,,,,,,,,,,,,,,,,,character_skill_level_to_effects_junctions_tables,wh2_main_skill_lzd_army_buff_soul_bound|wh2_main_effect_force_stat_missile_resistance_lzd_coldones_terradons_rank7|1|general_to_force_own
node,warhammer_3,8.1.1,24237342,Lizardmen,lizardmen,wh2_main_sc_lzd_lizardmen,Oxyotl,Oxyotl,legendary_lord,wh2_dlc17_lzd_oxyotl,general,general,wh2_dlc17_lzd_oxyotl,true,false,true,true,false,false,,legendary_lords,wh2_dlc17_skill_node_set_lzd_oxyotl,,1,general,false,false,,,,wh2_dlc17_skill_node_set_lzd_oxyotl_campaign_4,wh2_main_skill_LL_self_defense,Renowned & Feared,This Lord's many deeds - both on and off the battlefield - have brought them renown among their allies and made them feared by their enemies.,campaign_agent.png,10,5,0,4,true,0,1,,,,,,,,,,,,,,,,,,,,,,,,,,,,,,,,,,,,,,,,,character_skill_nodes_tables,wh2_dlc17_skill_node_set_lzd_oxyotl_campaign_4
effect,warhammer_3,8.1.1,24237342,Lizardmen,lizardmen,wh2_main_sc_lzd_lizardmen,Oxyotl,Oxyotl,legendary_lord,wh2_dlc17_lzd_oxyotl,general,general,wh2_dlc17_lzd_oxyotl,true,false,true,true,false,false,,legendary_lords,wh2_dlc17_skill_node_set_lzd_oxyotl,,1,general,false,false,,,,wh2_dlc17_skill_node_set_lzd_oxyotl_campaign_4,wh2_main_skill_LL_self_defense,Renowned & Feared,This Lord's many deeds - both on and off the battlefield - have brought them renown among their allies and made them feared by their enemies.,campaign_agent.png,10,5,0,4,true,0,1,1,Renowned & Feared,This Lord's many deeds - both on and off the battlefield - have brought them renown among their allies and made them feared by their enemies.,,,,,,wh_main_effect_agent_action_success_chance_enemy,Enemy Hero action success chance: %+n%,,character_to_character_own,-10,campaign,101,false,agent.png,agent.png,,,,,,,,,,,,,,,,,,,,,,,character_skill_level_to_effects_junctions_tables,wh2_main_skill_LL_self_defense|wh_main_effect_agent_action_success_chance_enemy|1|character_to_character_own
effect,warhammer_3,8.1.1,24237342,Lizardmen,lizardmen,wh2_main_sc_lzd_lizardmen,Oxyotl,Oxyotl,legendary_lord,wh2_dlc17_lzd_oxyotl,general,general,wh2_dlc17_lzd_oxyotl,true,false,true,true,false,false,,legendary_lords,wh2_dlc17_skill_node_set_lzd_oxyotl,,1,general,false,false,,,,wh2_dlc17_skill_node_set_lzd_oxyotl_campaign_4,wh2_main_skill_LL_self_defense,Renowned & Feared,This Lord's many deeds - both on and off the battlefield - have brought them renown among their allies and made them feared by their enemies.,campaign_agent.png,10,5,0,4,true,0,1,1,Renowned & Feared,This Lord's many deeds - both on and off the battlefield - have brought them renown among their allies and made them feared by their enemies.,,,,,,wh_main_effect_agent_defence_wound_chance_mod,Hero self-defence: %+n% chance of wounding aggressors,,character_to_character_own,25,campaign,101,true,agent.png,agent.png,,,,,,,,,,,,,,,,,,,,,,,character_skill_level_to_effects_junctions_tables,wh2_main_skill_LL_self_defense|wh_main_effect_agent_defence_wound_chance_mod|1|character_to_character_own
effect,warhammer_3,8.1.1,24237342,Lizardmen,lizardmen,wh2_main_sc_lzd_lizardmen,Oxyotl,Oxyotl,legendary_lord,wh2_dlc17_lzd_oxyotl,general,general,wh2_dlc17_lzd_oxyotl,true,false,true,true,false,false,,legendary_lords,wh2_dlc17_skill_node_set_lzd_oxyotl,,1,general,false,false,,,,wh2_dlc17_skill_node_set_lzd_oxyotl_campaign_4,wh2_main_skill_LL_self_defense,Renowned & Feared,This Lord's many deeds - both on and off the battlefield - have brought them renown among their allies and made them feared by their enemies.,campaign_agent.png,10,5,0,4,true,0,1,1,Renowned & Feared,This Lord's many deeds - both on and off the battlefield - have brought them renown among their allies and made them feared by their enemies.,,,,,,wh_main_effect_agent_movement_range_mod,Campaign movement range: %+n%,{{tr:campaign_movement_range_additional_tooltip}},character_to_character_own,5,campaign,100,true,campaign_movement.png,campaign_movement.png,,,,,,,,,,,,,,,,,,,,,,,character_skill_level_to_effects_junctions_tables,wh2_main_skill_LL_self_defense|wh_main_effect_agent_movement_range_mod|1|character_to_character_own
effect,warhammer_3,8.1.1,24237342,Lizardmen,lizardmen,wh2_main_sc_lzd_lizardmen,Oxyotl,Oxyotl,legendary_lord,wh2_dlc17_lzd_oxyotl,general,general,wh2_dlc17_lzd_oxyotl,true,false,true,true,false,false,,legendary_lords,wh2_dlc17_skill_node_set_lzd_oxyotl,,1,general,false,false,,,,wh2_dlc17_skill_node_set_lzd_oxyotl_campaign_4,wh2_main_skill_LL_self_defense,Renowned & Feared,This Lord's many deeds - both on and off the battlefield - have brought them renown among their allies and made them feared by their enemies.,campaign_agent.png,10,5,0,4,true,0,1,1,Renowned & Feared,This Lord's many deeds - both on and off the battlefield - have brought them renown among their allies and made them feared by their enemies.,,,,,,wh_main_effect_force_all_campaign_experience_base_all,Recruit rank: %+n for all units,,general_to_force_own,1,campaign,117,true,experience.png,experience.png,,,,,,,,,,,,,,,,,,,,,,,character_skill_level_to_effects_junctions_tables,wh2_main_skill_LL_self_defense|wh_main_effect_force_all_campaign_experience_base_all|1|general_to_force_own
effect,warhammer_3,8.1.1,24237342,Lizardmen,lizardmen,wh2_main_sc_lzd_lizardmen,Oxyotl,Oxyotl,legendary_lord,wh2_dlc17_lzd_oxyotl,general,general,wh2_dlc17_lzd_oxyotl,true,false,true,true,false,false,,legendary_lords,wh2_dlc17_skill_node_set_lzd_oxyotl,,1,general,false,false,,,,wh2_dlc17_skill_node_set_lzd_oxyotl_campaign_4,wh2_main_skill_LL_self_defense,Renowned & Feared,This Lord's many deeds - both on and off the battlefield - have brought them renown among their allies and made them feared by their enemies.,campaign_agent.png,10,5,0,4,true,0,1,1,Renowned & Feared,This Lord's many deeds - both on and off the battlefield - have brought them renown among their allies and made them feared by their enemies.,,,,,,wh_main_effect_force_all_campaign_upkeep,Upkeep: %+n%,,general_to_force_own,-8,campaign,70,false,military_spending.png,military_spending.png,,,,,,,,,,,,,,,,,,,,,,,character_skill_level_to_effects_junctions_tables,wh2_main_skill_LL_self_defense|wh_main_effect_force_all_campaign_upkeep|1|general_to_force_own
node,warhammer_3,8.1.1,24237342,Lizardmen,lizardmen,wh2_main_sc_lzd_lizardmen,Oxyotl,Oxyotl,legendary_lord,wh2_dlc17_lzd_oxyotl,general,general,wh2_dlc17_lzd_oxyotl,true,false,true,true,false,false,,legendary_lords,wh2_dlc17_skill_node_set_lzd_oxyotl,,1,general,false,false,,,,wh2_dlc17_skill_node_set_lzd_oxyotl_army_3_4,wh2_main_skill_lzd_army_buff_epicentre,Epicentrist,You need to be at the very centre of this pack of furious monsters to have the minutest chance of controlling their rage. Good luck!,battle_armour.png,11,4,0,0,true,0,1,,,,,,,,,,,,,,,,,,,,,,,,,,,,,,,,,,,,,,,,,character_skill_nodes_tables,wh2_dlc17_skill_node_set_lzd_oxyotl_army_3_4
effect,warhammer_3,8.1.1,24237342,Lizardmen,lizardmen,wh2_main_sc_lzd_lizardmen,Oxyotl,Oxyotl,legendary_lord,wh2_dlc17_lzd_oxyotl,general,general,wh2_dlc17_lzd_oxyotl,true,false,true,true,false,false,,legendary_lords,wh2_dlc17_skill_node_set_lzd_oxyotl,,1,general,false,false,,,,wh2_dlc17_skill_node_set_lzd_oxyotl_army_3_4,wh2_main_skill_lzd_army_buff_epicentre,Epicentrist,You need to be at the very centre of this pack of furious monsters to have the minutest chance of controlling their rage. Good luck!,battle_armour.png,11,4,0,0,true,0,1,1,Epicentrist,You need to be at the very centre of this pack of furious monsters to have the minutest chance of controlling their rage. Good luck!,,,,,,wh2_main_effect_force_stat_armour_lzd_beasts_rank7,"Armour: %+n for Ancient Salamander, Bastiladon, Stegadon, Feral Carnosaur, Feral Troglodon and Dread Saurian units {{tr:rank7}}",,general_to_force_own,10,battle,403,true,armour.png,armour.png,,,,,,,,,,,,,,,,,,,,,,,character_skill_level_to_effects_junctions_tables,wh2_main_skill_lzd_army_buff_epicentre|wh2_main_effect_force_stat_armour_lzd_beasts_rank7|1|general_to_force_own
effect,warhammer_3,8.1.1,24237342,Lizardmen,lizardmen,wh2_main_sc_lzd_lizardmen,Oxyotl,Oxyotl,legendary_lord,wh2_dlc17_lzd_oxyotl,general,general,wh2_dlc17_lzd_oxyotl,true,false,true,true,false,false,,legendary_lords,wh2_dlc17_skill_node_set_lzd_oxyotl,,1,general,false,false,,,,wh2_dlc17_skill_node_set_lzd_oxyotl_army_3_4,wh2_main_skill_lzd_army_buff_epicentre,Epicentrist,You need to be at the very centre of this pack of furious monsters to have the minutest chance of controlling their rage. Good luck!,battle_armour.png,11,4,0,0,true,0,1,1,Epicentrist,You need to be at the very centre of this pack of furious monsters to have the minutest chance of controlling their rage. Good luck!,,,,,,wh2_main_effect_force_stat_charge_bonus_add_lzd_beasts_rank7,"Charge bonus: %+n for Ancient Salamander, Bastiladon, Stegadon, Feral Carnosaur, Feral Troglodon and Dread Saurian units {{tr:rank7}}",,general_to_force_own,12,battle,502,true,charge.png,charge.png,,,,,,,,,,,,,,,,,,,,,,,character_skill_level_to_effects_junctions_tables,wh2_main_skill_lzd_army_buff_epicentre|wh2_main_effect_force_stat_charge_bonus_add_lzd_beasts_rank7|1|general_to_force_own
effect,warhammer_3,8.1.1,24237342,Lizardmen,lizardmen,wh2_main_sc_lzd_lizardmen,Oxyotl,Oxyotl,legendary_lord,wh2_dlc17_lzd_oxyotl,general,general,wh2_dlc17_lzd_oxyotl,true,false,true,true,false,false,,legendary_lords,wh2_dlc17_skill_node_set_lzd_oxyotl,,1,general,false,false,,,,wh2_dlc17_skill_node_set_lzd_oxyotl_army_3_4,wh2_main_skill_lzd_army_buff_epicentre,Epicentrist,You need to be at the very centre of this pack of furious monsters to have the minutest chance of controlling their rage. Good luck!,battle_armour.png,11,4,0,0,true,0,1,1,Epicentrist,You need to be at the very centre of this pack of furious monsters to have the minutest chance of controlling their rage. Good luck!,,,,,,wh2_main_effect_force_stat_leadership_lzd_beasts_rank7,"Leadership: %+n for Ancient Salamander, Bastiladon, Stegadon, Feral Carnosaur, Feral Troglodon and Dread Saurian units {{tr:rank7}}",,general_to_force_own,5,battle,412,true,morale.png,morale.png,,,,,,,,,,,,,,,,,,,,,,,character_skill_level_to_effects_junctions_tables,wh2_main_skill_lzd_army_buff_epicentre|wh2_main_effect_force_stat_leadership_lzd_beasts_rank7|1|general_to_force_own
node,warhammer_3,8.1.1,24237342,Lizardmen,lizardmen,wh2_main_sc_lzd_lizardmen,Oxyotl,Oxyotl,legendary_lord,wh2_dlc17_lzd_oxyotl,general,general,wh2_dlc17_lzd_oxyotl,true,false,true,true,false,false,,legendary_lords,wh2_dlc17_skill_node_set_lzd_oxyotl,,1,general,false,false,,,,wh2_dlc17_skill_node_set_lzd_oxyotl_army_4,wh_main_skill_all_lord_battle_stand_your_ground,Stand Your Ground!,,wh_main_character_abilities_stand_your_ground.png,12,4,0,1,true,0,1,,,,,,,,,,,,,,,,,,,,,,,,,,,,,,,,,,,,,,,,,character_skill_nodes_tables,wh2_dlc17_skill_node_set_lzd_oxyotl_army_4
effect,warhammer_3,8.1.1,24237342,Lizardmen,lizardmen,wh2_main_sc_lzd_lizardmen,Oxyotl,Oxyotl,legendary_lord,wh2_dlc17_lzd_oxyotl,general,general,wh2_dlc17_lzd_oxyotl,true,false,true,true,false,false,,legendary_lords,wh2_dlc17_skill_node_set_lzd_oxyotl,,1,general,false,false,,,,wh2_dlc17_skill_node_set_lzd_oxyotl_army_4,wh_main_skill_all_lord_battle_stand_your_ground,Stand Your Ground!,,wh_main_character_abilities_stand_your_ground.png,12,4,0,1,true,0,1,1,Stand Your Ground!,,,,,,,wh_main_effect_ability_disable_rally,"Replaces: ""Rally!""",,character_to_character_own,1,both,305,true,general_ability.png,general_ability.png,,,,,,,,,,,,,,,,,,,,,,,character_skill_level_to_effects_junctions_tables,wh_main_skill_all_lord_battle_stand_your_ground|wh_main_effect_ability_disable_rally|1|character_to_character_own
effect,warhammer_3,8.1.1,24237342,Lizardmen,lizardmen,wh2_main_sc_lzd_lizardmen,Oxyotl,Oxyotl,legendary_lord,wh2_dlc17_lzd_oxyotl,general,general,wh2_dlc17_lzd_oxyotl,true,false,true,true,false,false,,legendary_lords,wh2_dlc17_skill_node_set_lzd_oxyotl,,1,general,false,false,,,,wh2_dlc17_skill_node_set_lzd_oxyotl_army_4,wh_main_skill_all_lord_battle_stand_your_ground,Stand Your Ground!,,wh_main_character_abilities_stand_your_ground.png,12,4,0,1,true,0,1,1,Stand Your Ground!,,,,,,,wh_main_effect_ability_enable_stand_your_ground,"Ability: ""Stand Your Ground!""",,character_to_character_own,1,battle,300,true,general_ability.png,general_ability.png,,,,,,,,,,,,,,,,,,,,,,,character_skill_level_to_effects_junctions_tables,wh_main_skill_all_lord_battle_stand_your_ground|wh_main_effect_ability_enable_stand_your_ground|1|character_to_character_own
node,warhammer_3,8.1.1,24237342,Lizardmen,lizardmen,wh2_main_sc_lzd_lizardmen,Oxyotl,Oxyotl,legendary_lord,wh2_dlc17_lzd_oxyotl,general,general,wh2_dlc17_lzd_oxyotl,true,false,true,true,false,false,,legendary_lords,wh2_dlc17_skill_node_set_lzd_oxyotl,,1,general,false,false,,,,wh3_dlc24_skill_node_all_mentor_lord,wh3_main_skill_all_mentor_lord,Mentor,"Having learned much in their long years of service, this character now turns their attention to training others.",character_experience.png,30,0,0,0,true,0,3,,,,,,,,,,,,,,,,,,,,,,,,,,,,,,,,,,,,,,,,,character_skill_nodes_tables,wh3_dlc24_skill_node_all_mentor_lord
skill_level,warhammer_3,8.1.1,24237342,Lizardmen,lizardmen,wh2_main_sc_lzd_lizardmen,Oxyotl,Oxyotl,legendary_lord,wh2_dlc17_lzd_oxyotl,general,general,wh2_dlc17_lzd_oxyotl,true,false,true,true,false,false,,legendary_lords,wh2_dlc17_skill_node_set_lzd_oxyotl,,1,general,false,false,,,,wh3_dlc24_skill_node_all_mentor_lord,wh3_main_skill_all_mentor_lord,Mentor,"Having learned much in their long years of service, this character now turns their attention to training others.",character_experience.png,30,0,0,0,true,0,3,1,Mentor,"Having learned much in their long years of service, this character now turns their attention to training others.",29,x,,,,,,,,,,,,,,,,,,,,,,,,,,,,,,,,,,,,character_skill_level_details_tables,wh3_main_skill_all_mentor_lord|1|||
skill_level,warhammer_3,8.1.1,24237342,Lizardmen,lizardmen,wh2_main_sc_lzd_lizardmen,Oxyotl,Oxyotl,legendary_lord,wh2_dlc17_lzd_oxyotl,general,general,wh2_dlc17_lzd_oxyotl,true,false,true,true,false,false,,legendary_lords,wh2_dlc17_skill_node_set_lzd_oxyotl,,1,general,false,false,,,,wh3_dlc24_skill_node_all_mentor_lord,wh3_main_skill_all_mentor_lord,Mentor,"Having learned much in their long years of service, this character now turns their attention to training others.",character_experience.png,30,0,0,0,true,0,3,2,Mentor,"Having learned much in their long years of service, this character now turns their attention to training others.",39,x,,,,,,,,,,,,,,,,,,,,,,,,,,,,,,,,,,,,character_skill_level_details_tables,wh3_main_skill_all_mentor_lord|2|||
skill_level,warhammer_3,8.1.1,24237342,Lizardmen,lizardmen,wh2_main_sc_lzd_lizardmen,Oxyotl,Oxyotl,legendary_lord,wh2_dlc17_lzd_oxyotl,general,general,wh2_dlc17_lzd_oxyotl,true,false,true,true,false,false,,legendary_lords,wh2_dlc17_skill_node_set_lzd_oxyotl,,1,general,false,false,,,,wh3_dlc24_skill_node_all_mentor_lord,wh3_main_skill_all_mentor_lord,Mentor,"Having learned much in their long years of service, this character now turns their attention to training others.",character_experience.png,30,0,0,0,true,0,3,3,Mentor,"Having learned much in their long years of service, this character now turns their attention to training others.",49,x,,,,,,,,,,,,,,,,,,,,,,,,,,,,,,,,,,,,character_skill_level_details_tables,wh3_main_skill_all_mentor_lord|3|||
effect,warhammer_3,8.1.1,24237342,Lizardmen,lizardmen,wh2_main_sc_lzd_lizardmen,Oxyotl,Oxyotl,legendary_lord,wh2_dlc17_lzd_oxyotl,general,general,wh2_dlc17_lzd_oxyotl,true,false,true,true,false,false,,legendary_lords,wh2_dlc17_skill_node_set_lzd_oxyotl,,1,general,false,false,,,,wh3_dlc24_skill_node_all_mentor_lord,wh3_main_skill_all_mentor_lord,Mentor,"Having learned much in their long years of service, this character now turns their attention to training others.",character_experience.png,30,0,0,0,true,0,3,1,Mentor,"Having learned much in their long years of service, this character now turns their attention to training others.",,,,,,wh3_main_effect_character_campaign_experience_mod,Character experience gain: %+n%,,general_to_character_own_forcewide_heroes_only,20,campaign,14,true,experience.png,experience.png,,,,,,,,,,,,,,,,,,,,,,,character_skill_level_to_effects_junctions_tables,wh3_main_skill_all_mentor_lord|wh3_main_effect_character_campaign_experience_mod|1|general_to_character_own_forcewide_heroes_only
effect,warhammer_3,8.1.1,24237342,Lizardmen,lizardmen,wh2_main_sc_lzd_lizardmen,Oxyotl,Oxyotl,legendary_lord,wh2_dlc17_lzd_oxyotl,general,general,wh2_dlc17_lzd_oxyotl,true,false,true,true,false,false,,legendary_lords,wh2_dlc17_skill_node_set_lzd_oxyotl,,1,general,false,false,,,,wh3_dlc24_skill_node_all_mentor_lord,wh3_main_skill_all_mentor_lord,Mentor,"Having learned much in their long years of service, this character now turns their attention to training others.",character_experience.png,30,0,0,0,true,0,3,1,Mentor,"Having learned much in their long years of service, this character now turns their attention to training others.",,,,,,wh3_main_effect_character_xp_share_generic_lordtext,Character will share %+n% of experience earned between all other active [[img:icon_general]][[/img]]Lords,,character_to_character_own,15,campaign,10,true,experience.png,experience.png,,,,,,,,,,,,,,,,,,,,,,,character_skill_level_to_effects_junctions_tables,wh3_main_skill_all_mentor_lord|wh3_main_effect_character_xp_share_generic_lordtext|1|character_to_character_own
effect,warhammer_3,8.1.1,24237342,Lizardmen,lizardmen,wh2_main_sc_lzd_lizardmen,Oxyotl,Oxyotl,legendary_lord,wh2_dlc17_lzd_oxyotl,general,general,wh2_dlc17_lzd_oxyotl,true,false,true,true,false,false,,legendary_lords,wh2_dlc17_skill_node_set_lzd_oxyotl,,1,general,false,false,,,,wh3_dlc24_skill_node_all_mentor_lord,wh3_main_skill_all_mentor_lord,Mentor,"Having learned much in their long years of service, this character now turns their attention to training others.",character_experience.png,30,0,0,0,true,0,3,2,Mentor,"Having learned much in their long years of service, this character now turns their attention to training others.",,,,,,wh3_main_effect_character_campaign_experience_mod,Character experience gain: %+n%,,general_to_character_own_forcewide_heroes_only,35,campaign,14,true,experience.png,experience.png,,,,,,,,,,,,,,,,,,,,,,,character_skill_level_to_effects_junctions_tables,wh3_main_skill_all_mentor_lord|wh3_main_effect_character_campaign_experience_mod|2|general_to_character_own_forcewide_heroes_only
effect,warhammer_3,8.1.1,24237342,Lizardmen,lizardmen,wh2_main_sc_lzd_lizardmen,Oxyotl,Oxyotl,legendary_lord,wh2_dlc17_lzd_oxyotl,general,general,wh2_dlc17_lzd_oxyotl,true,false,true,true,false,false,,legendary_lords,wh2_dlc17_skill_node_set_lzd_oxyotl,,1,general,false,false,,,,wh3_dlc24_skill_node_all_mentor_lord,wh3_main_skill_all_mentor_lord,Mentor,"Having learned much in their long years of service, this character now turns their attention to training others.",character_experience.png,30,0,0,0,true,0,3,2,Mentor,"Having learned much in their long years of service, this character now turns their attention to training others.",,,,,,wh3_main_effect_character_xp_share_generic_lordtext,Character will share %+n% of experience earned between all other active [[img:icon_general]][[/img]]Lords,,character_to_character_own,30,campaign,10,true,experience.png,experience.png,,,,,,,,,,,,,,,,,,,,,,,character_skill_level_to_effects_junctions_tables,wh3_main_skill_all_mentor_lord|wh3_main_effect_character_xp_share_generic_lordtext|2|character_to_character_own
effect,warhammer_3,8.1.1,24237342,Lizardmen,lizardmen,wh2_main_sc_lzd_lizardmen,Oxyotl,Oxyotl,legendary_lord,wh2_dlc17_lzd_oxyotl,general,general,wh2_dlc17_lzd_oxyotl,true,false,true,true,false,false,,legendary_lords,wh2_dlc17_skill_node_set_lzd_oxyotl,,1,general,false,false,,,,wh3_dlc24_skill_node_all_mentor_lord,wh3_main_skill_all_mentor_lord,Mentor,"Having learned much in their long years of service, this character now turns their attention to training others.",character_experience.png,30,0,0,0,true,0,3,3,Mentor,"Having learned much in their long years of service, this character now turns their attention to training others.",,,,,,wh3_main_effect_character_campaign_experience_mod,Character experience gain: %+n%,,general_to_character_own_forcewide_heroes_only,50,campaign,14,true,experience.png,experience.png,,,,,,,,,,,,,,,,,,,,,,,character_skill_level_to_effects_junctions_tables,wh3_main_skill_all_mentor_lord|wh3_main_effect_character_campaign_experience_mod|3|general_to_character_own_forcewide_heroes_only
effect,warhammer_3,8.1.1,24237342,Lizardmen,lizardmen,wh2_main_sc_lzd_lizardmen,Oxyotl,Oxyotl,legendary_lord,wh2_dlc17_lzd_oxyotl,general,general,wh2_dlc17_lzd_oxyotl,true,false,true,true,false,false,,legendary_lords,wh2_dlc17_skill_node_set_lzd_oxyotl,,1,general,false,false,,,,wh3_dlc24_skill_node_all_mentor_lord,wh3_main_skill_all_mentor_lord,Mentor,"Having learned much in their long years of service, this character now turns their attention to training others.",character_experience.png,30,0,0,0,true,0,3,3,Mentor,"Having learned much in their long years of service, this character now turns their attention to training others.",,,,,,wh3_main_effect_character_xp_share_generic_lordtext,Character will share %+n% of experience earned between all other active [[img:icon_general]][[/img]]Lords,,character_to_character_own,50,campaign,10,true,experience.png,experience.png,,,,,,,,,,,,,,,,,,,,,,,character_skill_level_to_effects_junctions_tables,wh3_main_skill_all_mentor_lord|wh3_main_effect_character_xp_share_generic_lordtext|3|character_to_character_own
prerequisite,warhammer_3,8.1.1,24237342,Lizardmen,lizardmen,wh2_main_sc_lzd_lizardmen,Oxyotl,Oxyotl,legendary_lord,wh2_dlc17_lzd_oxyotl,general,general,wh2_dlc17_lzd_oxyotl,true,false,true,true,false,false,,legendary_lords,wh2_dlc17_skill_node_set_lzd_oxyotl,,1,general,false,false,,,,wh2_dlc17_skill_node_lzd_oxyotl_combat_1_1,wh2_dlc11_skill_all_lord_self_self_indomitable,Indomitable,,,,,,,,,,,,,,,,,,,,,,,,,,,,wh2_dlc17_skill_node_lzd_oxyotl_combat_0,wh2_main_skill_lzd_predatory_fighter,Predatory Fighter,wh2_dlc17_skill_node_lzd_oxyotl_combat_1_1,wh2_dlc11_skill_all_lord_self_self_indomitable,Indomitable,REQUIRED,0,1,1,0,0,,,,,,,,,,,character_skill_node_links_tables,wh2_dlc17_skill_node_lzd_oxyotl_combat_0|wh2_dlc17_skill_node_lzd_oxyotl_combat_1_1|REQUIRED
prerequisite,warhammer_3,8.1.1,24237342,Lizardmen,lizardmen,wh2_main_sc_lzd_lizardmen,Oxyotl,Oxyotl,legendary_lord,wh2_dlc17_lzd_oxyotl,general,general,wh2_dlc17_lzd_oxyotl,true,false,true,true,false,false,,legendary_lords,wh2_dlc17_skill_node_set_lzd_oxyotl,,1,general,false,false,,,,wh2_dlc17_skill_node_lzd_oxyotl_combat_1_2,wh2_dlc11_skill_all_lord_self_deadeye,Deadeye,,,,,,,,,,,,,,,,,,,,,,,,,,,,wh2_dlc17_skill_node_lzd_oxyotl_combat_0,wh2_main_skill_lzd_predatory_fighter,Predatory Fighter,wh2_dlc17_skill_node_lzd_oxyotl_combat_1_2,wh2_dlc11_skill_all_lord_self_deadeye,Deadeye,REQUIRED,0,1,1,0,0,,,,,,,,,,,character_skill_node_links_tables,wh2_dlc17_skill_node_lzd_oxyotl_combat_0|wh2_dlc17_skill_node_lzd_oxyotl_combat_1_2|REQUIRED
prerequisite,warhammer_3,8.1.1,24237342,Lizardmen,lizardmen,wh2_main_sc_lzd_lizardmen,Oxyotl,Oxyotl,legendary_lord,wh2_dlc17_lzd_oxyotl,general,general,wh2_dlc17_lzd_oxyotl,true,false,true,true,false,false,,legendary_lords,wh2_dlc17_skill_node_set_lzd_oxyotl,,1,general,false,false,,,,wh2_dlc17_skill_node_lzd_oxyotl_combat_1_3,wh2_dlc11_skill_all_lord_self_hard_to_hit,{{tr:character_skills_localised_name_wh_main_skill_all_all_self_hard_to_hit}},,,,,,,,,,,,,,,,,,,,,,,,,,,,wh2_dlc17_skill_node_lzd_oxyotl_combat_0,wh2_main_skill_lzd_predatory_fighter,Predatory Fighter,wh2_dlc17_skill_node_lzd_oxyotl_combat_1_3,wh2_dlc11_skill_all_lord_self_hard_to_hit,{{tr:character_skills_localised_name_wh_main_skill_all_all_self_hard_to_hit}},REQUIRED,0,1,1,0,0,,,,,,,,,,,character_skill_node_links_tables,wh2_dlc17_skill_node_lzd_oxyotl_combat_0|wh2_dlc17_skill_node_lzd_oxyotl_combat_1_3|REQUIRED
prerequisite,warhammer_3,8.1.1,24237342,Lizardmen,lizardmen,wh2_main_sc_lzd_lizardmen,Oxyotl,Oxyotl,legendary_lord,wh2_dlc17_lzd_oxyotl,general,general,wh2_dlc17_lzd_oxyotl,true,false,true,true,false,false,,legendary_lords,wh2_dlc17_skill_node_set_lzd_oxyotl,,1,general,false,false,,,,wh2_dlc17_skill_node_lzd_oxyotl_combat_1_4,wh2_dlc11_skill_wef_lord_self_piercing_shots,Piercing Shots,,,,,,,,,,,,,,,,,,,,,,,,,,,,wh2_dlc17_skill_node_lzd_oxyotl_combat_0,wh2_main_skill_lzd_predatory_fighter,Predatory Fighter,wh2_dlc17_skill_node_lzd_oxyotl_combat_1_4,wh2_dlc11_skill_wef_lord_self_piercing_shots,Piercing Shots,REQUIRED,0,1,1,0,0,,,,,,,,,,,character_skill_node_links_tables,wh2_dlc17_skill_node_lzd_oxyotl_combat_0|wh2_dlc17_skill_node_lzd_oxyotl_combat_1_4|REQUIRED
prerequisite,warhammer_3,8.1.1,24237342,Lizardmen,lizardmen,wh2_main_sc_lzd_lizardmen,Oxyotl,Oxyotl,legendary_lord,wh2_dlc17_lzd_oxyotl,general,general,wh2_dlc17_lzd_oxyotl,true,false,true,true,false,false,,legendary_lords,wh2_dlc17_skill_node_set_lzd_oxyotl,,1,general,false,false,,,,wh2_dlc17_skill_node_lzd_oxyotl_combat_2,wh_main_skill_all_spy_self_slippery,Slippery,,,,,,,,,,,,,,,,,,,,,,,,,,,,wh2_dlc17_skill_node_lzd_oxyotl_combat_1_1,wh2_dlc11_skill_all_lord_self_self_indomitable,Indomitable,wh2_dlc17_skill_node_lzd_oxyotl_combat_2,wh_main_skill_all_spy_self_slippery,Slippery,SUBSET_REQUIRED,0,1,1,0,0,,,,,,,,,,,character_skill_node_links_tables,wh2_dlc17_skill_node_lzd_oxyotl_combat_1_1|wh2_dlc17_skill_node_lzd_oxyotl_combat_2|SUBSET_REQUIRED
prerequisite,warhammer_3,8.1.1,24237342,Lizardmen,lizardmen,wh2_main_sc_lzd_lizardmen,Oxyotl,Oxyotl,legendary_lord,wh2_dlc17_lzd_oxyotl,general,general,wh2_dlc17_lzd_oxyotl,true,false,true,true,false,false,,legendary_lords,wh2_dlc17_skill_node_set_lzd_oxyotl,,1,general,false,false,,,,wh2_dlc17_skill_node_lzd_oxyotl_combat_2,wh_main_skill_all_spy_self_slippery,Slippery,,,,,,,,,,,,,,,,,,,,,,,,,,,,wh2_dlc17_skill_node_lzd_oxyotl_combat_1_2,wh2_dlc11_skill_all_lord_self_deadeye,Deadeye,wh2_dlc17_skill_node_lzd_oxyotl_combat_2,wh_main_skill_all_spy_self_slippery,Slippery,SUBSET_REQUIRED,0,1,1,0,0,,,,,,,,,,,character_skill_node_links_tables,wh2_dlc17_skill_node_lzd_oxyotl_combat_1_2|wh2_dlc17_skill_node_lzd_oxyotl_combat_2|SUBSET_REQUIRED
prerequisite,warhammer_3,8.1.1,24237342,Lizardmen,lizardmen,wh2_main_sc_lzd_lizardmen,Oxyotl,Oxyotl,legendary_lord,wh2_dlc17_lzd_oxyotl,general,general,wh2_dlc17_lzd_oxyotl,true,false,true,true,false,false,,legendary_lords,wh2_dlc17_skill_node_set_lzd_oxyotl,,1,general,false,false,,,,wh2_dlc17_skill_node_lzd_oxyotl_combat_2,wh_main_skill_all_spy_self_slippery,Slippery,,,,,,,,,,,,,,,,,,,,,,,,,,,,wh2_dlc17_skill_node_lzd_oxyotl_combat_1_3,wh2_dlc11_skill_all_lord_self_hard_to_hit,{{tr:character_skills_localised_name_wh_main_skill_all_all_self_hard_to_hit}},wh2_dlc17_skill_node_lzd_oxyotl_combat_2,wh_main_skill_all_spy_self_slippery,Slippery,SUBSET_REQUIRED,0,1,1,0,0,,,,,,,,,,,character_skill_node_links_tables,wh2_dlc17_skill_node_lzd_oxyotl_combat_1_3|wh2_dlc17_skill_node_lzd_oxyotl_combat_2|SUBSET_REQUIRED
prerequisite,warhammer_3,8.1.1,24237342,Lizardmen,lizardmen,wh2_main_sc_lzd_lizardmen,Oxyotl,Oxyotl,legendary_lord,wh2_dlc17_lzd_oxyotl,general,general,wh2_dlc17_lzd_oxyotl,true,false,true,true,false,false,,legendary_lords,wh2_dlc17_skill_node_set_lzd_oxyotl,,1,general,false,false,,,,wh2_dlc17_skill_node_lzd_oxyotl_combat_2,wh_main_skill_all_spy_self_slippery,Slippery,,,,,,,,,,,,,,,,,,,,,,,,,,,,wh2_dlc17_skill_node_lzd_oxyotl_combat_1_4,wh2_dlc11_skill_wef_lord_self_piercing_shots,Piercing Shots,wh2_dlc17_skill_node_lzd_oxyotl_combat_2,wh_main_skill_all_spy_self_slippery,Slippery,SUBSET_REQUIRED,0,1,1,0,0,,,,,,,,,,,character_skill_node_links_tables,wh2_dlc17_skill_node_lzd_oxyotl_combat_1_4|wh2_dlc17_skill_node_lzd_oxyotl_combat_2|SUBSET_REQUIRED
prerequisite,warhammer_3,8.1.1,24237342,Lizardmen,lizardmen,wh2_main_sc_lzd_lizardmen,Oxyotl,Oxyotl,legendary_lord,wh2_dlc17_lzd_oxyotl,general,general,wh2_dlc17_lzd_oxyotl,true,false,true,true,false,false,,legendary_lords,wh2_dlc17_skill_node_set_lzd_oxyotl,,1,general,false,false,,,,wh2_dlc17_skill_node_lzd_oxyotl_combat_3_1,wh2_dlc11_skill_all_lord_self_wound-maker,{{tr:character_skills_localised_name_wh_main_skill_all_all_self_wound-maker}},,,,,,,,,,,,,,,,,,,,,,,,,,,,wh2_dlc17_skill_node_lzd_oxyotl_combat_2,wh_main_skill_all_spy_self_slippery,Slippery,wh2_dlc17_skill_node_lzd_oxyotl_combat_3_1,wh2_dlc11_skill_all_lord_self_wound-maker,{{tr:character_skills_localised_name_wh_main_skill_all_all_self_wound-maker}},REQUIRED,0,1,1,0,0,,,,,,,,,,,character_skill_node_links_tables,wh2_dlc17_skill_node_lzd_oxyotl_combat_2|wh2_dlc17_skill_node_lzd_oxyotl_combat_3_1|REQUIRED
prerequisite,warhammer_3,8.1.1,24237342,Lizardmen,lizardmen,wh2_main_sc_lzd_lizardmen,Oxyotl,Oxyotl,legendary_lord,wh2_dlc17_lzd_oxyotl,general,general,wh2_dlc17_lzd_oxyotl,true,false,true,true,false,false,,legendary_lords,wh2_dlc17_skill_node_set_lzd_oxyotl,,1,general,false,false,,,,wh2_dlc17_skill_node_lzd_oxyotl_combat_3_2,wh2_dlc11_skill_all_lord_self_scarred_veteran,{{tr:character_skills_localised_name_wh_main_skill_all_all_self_scarred_veteran}},,,,,,,,,,,,,,,,,,,,,,,,,,,,wh2_dlc17_skill_node_lzd_oxyotl_combat_2,wh_main_skill_all_spy_self_slippery,Slippery,wh2_dlc17_skill_node_lzd_oxyotl_combat_3_2,wh2_dlc11_skill_all_lord_self_scarred_veteran,{{tr:character_skills_localised_name_wh_main_skill_all_all_self_scarred_veteran}},REQUIRED,0,1,1,0,0,,,,,,,,,,,character_skill_node_links_tables,wh2_dlc17_skill_node_lzd_oxyotl_combat_2|wh2_dlc17_skill_node_lzd_oxyotl_combat_3_2|REQUIRED
prerequisite,warhammer_3,8.1.1,24237342,Lizardmen,lizardmen,wh2_main_sc_lzd_lizardmen,Oxyotl,Oxyotl,legendary_lord,wh2_dlc17_lzd_oxyotl,general,general,wh2_dlc17_lzd_oxyotl,true,false,true,true,false,false,,legendary_lords,wh2_dlc17_skill_node_set_lzd_oxyotl,,1,general,false,false,,,,wh2_dlc17_skill_node_lzd_oxyotl_combat_3_3,wh2_dlc11_skill_wef_lord_self_bottomless_quiver,Bottomless Quiver,,,,,,,,,,,,,,,,,,,,,,,,,,,,wh2_dlc17_skill_node_lzd_oxyotl_combat_2,wh_main_skill_all_spy_self_slippery,Slippery,wh2_dlc17_skill_node_lzd_oxyotl_combat_3_3,wh2_dlc11_skill_wef_lord_self_bottomless_quiver,Bottomless Quiver,REQUIRED,0,1,1,0,0,,,,,,,,,,,character_skill_node_links_tables,wh2_dlc17_skill_node_lzd_oxyotl_combat_2|wh2_dlc17_skill_node_lzd_oxyotl_combat_3_3|REQUIRED
prerequisite,warhammer_3,8.1.1,24237342,Lizardmen,lizardmen,wh2_main_sc_lzd_lizardmen,Oxyotl,Oxyotl,legendary_lord,wh2_dlc17_lzd_oxyotl,general,general,wh2_dlc17_lzd_oxyotl,true,false,true,true,false,false,,legendary_lords,wh2_dlc17_skill_node_set_lzd_oxyotl,,1,general,false,false,,,,wh2_dlc17_skill_node_lzd_oxyotl_combat_3_4,wh2_dlc11_skill_wef_lord_self_expeditious_endeavour,Expeditious Endeavour,,,,,,,,,,,,,,,,,,,,,,,,,,,,wh2_dlc17_skill_node_lzd_oxyotl_combat_2,wh_main_skill_all_spy_self_slippery,Slippery,wh2_dlc17_skill_node_lzd_oxyotl_combat_3_4,wh2_dlc11_skill_wef_lord_self_expeditious_endeavour,Expeditious Endeavour,REQUIRED,0,1,1,0,0,,,,,,,,,,,character_skill_node_links_tables,wh2_dlc17_skill_node_lzd_oxyotl_combat_2|wh2_dlc17_skill_node_lzd_oxyotl_combat_3_4|REQUIRED
prerequisite,warhammer_3,8.1.1,24237342,Lizardmen,lizardmen,wh2_main_sc_lzd_lizardmen,Oxyotl,Oxyotl,legendary_lord,wh2_dlc17_lzd_oxyotl,general,general,wh2_dlc17_lzd_oxyotl,true,false,true,true,false,false,,legendary_lords,wh2_dlc17_skill_node_set_lzd_oxyotl,,1,general,false,false,,,,wh2_dlc17_skill_node_lzd_oxyotl_combat_4,wh2_main_skill_lzd_kroq_gar_swiftness_of_itzl,Swiftness of Itzl,,,,,,,,,,,,,,,,,,,,,,,,,,,,wh2_dlc17_skill_node_lzd_oxyotl_combat_3_1,wh2_dlc11_skill_all_lord_self_wound-maker,{{tr:character_skills_localised_name_wh_main_skill_all_all_self_wound-maker}},wh2_dlc17_skill_node_lzd_oxyotl_combat_4,wh2_main_skill_lzd_kroq_gar_swiftness_of_itzl,Swiftness of Itzl,SUBSET_REQUIRED,0,1,1,0,0,,,,,,,,,,,character_skill_node_links_tables,wh2_dlc17_skill_node_lzd_oxyotl_combat_3_1|wh2_dlc17_skill_node_lzd_oxyotl_combat_4|SUBSET_REQUIRED
prerequisite,warhammer_3,8.1.1,24237342,Lizardmen,lizardmen,wh2_main_sc_lzd_lizardmen,Oxyotl,Oxyotl,legendary_lord,wh2_dlc17_lzd_oxyotl,general,general,wh2_dlc17_lzd_oxyotl,true,false,true,true,false,false,,legendary_lords,wh2_dlc17_skill_node_set_lzd_oxyotl,,1,general,false,false,,,,wh2_dlc17_skill_node_lzd_oxyotl_combat_4,wh2_main_skill_lzd_kroq_gar_swiftness_of_itzl,Swiftness of Itzl,,,,,,,,,,,,,,,,,,,,,,,,,,,,wh2_dlc17_skill_node_lzd_oxyotl_combat_3_2,wh2_dlc11_skill_all_lord_self_scarred_veteran,{{tr:character_skills_localised_name_wh_main_skill_all_all_self_scarred_veteran}},wh2_dlc17_skill_node_lzd_oxyotl_combat_4,wh2_main_skill_lzd_kroq_gar_swiftness_of_itzl,Swiftness of Itzl,SUBSET_REQUIRED,0,1,1,0,0,,,,,,,,,,,character_skill_node_links_tables,wh2_dlc17_skill_node_lzd_oxyotl_combat_3_2|wh2_dlc17_skill_node_lzd_oxyotl_combat_4|SUBSET_REQUIRED
prerequisite,warhammer_3,8.1.1,24237342,Lizardmen,lizardmen,wh2_main_sc_lzd_lizardmen,Oxyotl,Oxyotl,legendary_lord,wh2_dlc17_lzd_oxyotl,general,general,wh2_dlc17_lzd_oxyotl,true,false,true,true,false,false,,legendary_lords,wh2_dlc17_skill_node_set_lzd_oxyotl,,1,general,false,false,,,,wh2_dlc17_skill_node_lzd_oxyotl_combat_4,wh2_main_skill_lzd_kroq_gar_swiftness_of_itzl,Swiftness of Itzl,,,,,,,,,,,,,,,,,,,,,,,,,,,,wh2_dlc17_skill_node_lzd_oxyotl_combat_3_3,wh2_dlc11_skill_wef_lord_self_bottomless_quiver,Bottomless Quiver,wh2_dlc17_skill_node_lzd_oxyotl_combat_4,wh2_main_skill_lzd_kroq_gar_swiftness_of_itzl,Swiftness of Itzl,SUBSET_REQUIRED,0,1,1,0,0,,,,,,,,,,,character_skill_node_links_tables,wh2_dlc17_skill_node_lzd_oxyotl_combat_3_3|wh2_dlc17_skill_node_lzd_oxyotl_combat_4|SUBSET_REQUIRED
prerequisite,warhammer_3,8.1.1,24237342,Lizardmen,lizardmen,wh2_main_sc_lzd_lizardmen,Oxyotl,Oxyotl,legendary_lord,wh2_dlc17_lzd_oxyotl,general,general,wh2_dlc17_lzd_oxyotl,true,false,true,true,false,false,,legendary_lords,wh2_dlc17_skill_node_set_lzd_oxyotl,,1,general,false,false,,,,wh2_dlc17_skill_node_lzd_oxyotl_combat_4,wh2_main_skill_lzd_kroq_gar_swiftness_of_itzl,Swiftness of Itzl,,,,,,,,,,,,,,,,,,,,,,,,,,,,wh2_dlc17_skill_node_lzd_oxyotl_combat_3_4,wh2_dlc11_skill_wef_lord_self_expeditious_endeavour,Expeditious Endeavour,wh2_dlc17_skill_node_lzd_oxyotl_combat_4,wh2_main_skill_lzd_kroq_gar_swiftness_of_itzl,Swiftness of Itzl,SUBSET_REQUIRED,0,1,1,0,0,,,,,,,,,,,character_skill_node_links_tables,wh2_dlc17_skill_node_lzd_oxyotl_combat_3_4|wh2_dlc17_skill_node_lzd_oxyotl_combat_4|SUBSET_REQUIRED
prerequisite,warhammer_3,8.1.1,24237342,Lizardmen,lizardmen,wh2_main_sc_lzd_lizardmen,Oxyotl,Oxyotl,legendary_lord,wh2_dlc17_lzd_oxyotl,general,general,wh2_dlc17_lzd_oxyotl,true,false,true,true,false,false,,legendary_lords,wh2_dlc17_skill_node_set_lzd_oxyotl,,1,general,false,false,,,,wh2_dlc17_skill_node_lzd_oxyotl_unique_1_1,wh2_dlc17_skill_lzd_oxyotl_unique_hunter_of_nightmares,Hunter of Nightmares,,,,,,,,,,,,,,,,,,,,,,,,,,,,wh2_dlc17_skill_node_lzd_oxyotl_unique_0,wh2_dlc17_skill_lzd_oxyotl_unique_ancient_knowledge,Ancient Knowledge,wh2_dlc17_skill_node_lzd_oxyotl_unique_1_1,wh2_dlc17_skill_lzd_oxyotl_unique_hunter_of_nightmares,Hunter of Nightmares,REQUIRED,0,1,1,0,0,,,,,,,,,,,character_skill_node_links_tables,wh2_dlc17_skill_node_lzd_oxyotl_unique_0|wh2_dlc17_skill_node_lzd_oxyotl_unique_1_1|REQUIRED
prerequisite,warhammer_3,8.1.1,24237342,Lizardmen,lizardmen,wh2_main_sc_lzd_lizardmen,Oxyotl,Oxyotl,legendary_lord,wh2_dlc17_lzd_oxyotl,general,general,wh2_dlc17_lzd_oxyotl,true,false,true,true,false,false,,legendary_lords,wh2_dlc17_skill_node_set_lzd_oxyotl,,1,general,false,false,,,,wh2_dlc17_skill_node_lzd_oxyotl_unique_1_2,wh2_dlc17_skill_lzd_oxyotl_unique_master_of_camouflage,The Hidden Nuisance,,,,,,,,,,,,,,,,,,,,,,,,,,,,wh2_dlc17_skill_node_lzd_oxyotl_unique_0,wh2_dlc17_skill_lzd_oxyotl_unique_ancient_knowledge,Ancient Knowledge,wh2_dlc17_skill_node_lzd_oxyotl_unique_1_2,wh2_dlc17_skill_lzd_oxyotl_unique_master_of_camouflage,The Hidden Nuisance,REQUIRED,0,1,1,0,0,,,,,,,,,,,character_skill_node_links_tables,wh2_dlc17_skill_node_lzd_oxyotl_unique_0|wh2_dlc17_skill_node_lzd_oxyotl_unique_1_2|REQUIRED
prerequisite,warhammer_3,8.1.1,24237342,Lizardmen,lizardmen,wh2_main_sc_lzd_lizardmen,Oxyotl,Oxyotl,legendary_lord,wh2_dlc17_lzd_oxyotl,general,general,wh2_dlc17_lzd_oxyotl,true,false,true,true,false,false,,legendary_lords,wh2_dlc17_skill_node_set_lzd_oxyotl,,1,general,false,false,,,,wh2_dlc17_skill_node_lzd_oxyotl_unique_1_3,wh2_dlc17_skill_lzd_oxyotl_unique_explorer_of_lost_worlds,Explorer of Lost Worlds,,,,,,,,,,,,,,,,,,,,,,,,,,,,wh2_dlc17_skill_node_lzd_oxyotl_unique_0,wh2_dlc17_skill_lzd_oxyotl_unique_ancient_knowledge,Ancient Knowledge,wh2_dlc17_skill_node_lzd_oxyotl_unique_1_3,wh2_dlc17_skill_lzd_oxyotl_unique_explorer_of_lost_worlds,Explorer of Lost Worlds,REQUIRED,0,1,1,0,0,,,,,,,,,,,character_skill_node_links_tables,wh2_dlc17_skill_node_lzd_oxyotl_unique_0|wh2_dlc17_skill_node_lzd_oxyotl_unique_1_3|REQUIRED
prerequisite,warhammer_3,8.1.1,24237342,Lizardmen,lizardmen,wh2_main_sc_lzd_lizardmen,Oxyotl,Oxyotl,legendary_lord,wh2_dlc17_lzd_oxyotl,general,general,wh2_dlc17_lzd_oxyotl,true,false,true,true,false,false,,legendary_lords,wh2_dlc17_skill_node_set_lzd_oxyotl,,1,general,false,false,,,,wh2_dlc17_skill_node_lzd_oxyotl_unique_1_4,wh2_dlc17_skill_lzd_oxyotl_unique_behind_enemy_lines,Behind Enemy Lines,,,,,,,,,,,,,,,,,,,,,,,,,,,,wh2_dlc17_skill_node_lzd_oxyotl_unique_0,wh2_dlc17_skill_lzd_oxyotl_unique_ancient_knowledge,Ancient Knowledge,wh2_dlc17_skill_node_lzd_oxyotl_unique_1_4,wh2_dlc17_skill_lzd_oxyotl_unique_behind_enemy_lines,Behind Enemy Lines,REQUIRED,0,1,1,0,0,,,,,,,,,,,character_skill_node_links_tables,wh2_dlc17_skill_node_lzd_oxyotl_unique_0|wh2_dlc17_skill_node_lzd_oxyotl_unique_1_4|REQUIRED
prerequisite,warhammer_3,8.1.1,24237342,Lizardmen,lizardmen,wh2_main_sc_lzd_lizardmen,Oxyotl,Oxyotl,legendary_lord,wh2_dlc17_lzd_oxyotl,general,general,wh2_dlc17_lzd_oxyotl,true,false,true,true,false,false,,legendary_lords,wh2_dlc17_skill_node_set_lzd_oxyotl,,1,general,false,false,,,,wh2_dlc17_skill_node_lzd_oxyotl_unique_2,wh2_dlc17_skill_lzd_oxyotl_unique_eternal_warrior,The Long Revenge,,,,,,,,,,,,,,,,,,,,,,,,,,,,wh2_dlc17_skill_node_lzd_oxyotl_unique_1_1,wh2_dlc17_skill_lzd_oxyotl_unique_hunter_of_nightmares,Hunter of Nightmares,wh2_dlc17_skill_node_lzd_oxyotl_unique_2,wh2_dlc17_skill_lzd_oxyotl_unique_eternal_warrior,The Long Revenge,SUBSET_REQUIRED,0,1,1,0,0,,,,,,,,,,,character_skill_node_links_tables,wh2_dlc17_skill_node_lzd_oxyotl_unique_1_1|wh2_dlc17_skill_node_lzd_oxyotl_unique_2|SUBSET_REQUIRED
prerequisite,warhammer_3,8.1.1,24237342,Lizardmen,lizardmen,wh2_main_sc_lzd_lizardmen,Oxyotl,Oxyotl,legendary_lord,wh2_dlc17_lzd_oxyotl,general,general,wh2_dlc17_lzd_oxyotl,true,false,true,true,false,false,,legendary_lords,wh2_dlc17_skill_node_set_lzd_oxyotl,,1,general,false,false,,,,wh2_dlc17_skill_node_lzd_oxyotl_unique_2,wh2_dlc17_skill_lzd_oxyotl_unique_eternal_warrior,The Long Revenge,,,,,,,,,,,,,,,,,,,,,,,,,,,,wh2_dlc17_skill_node_lzd_oxyotl_unique_1_2,wh2_dlc17_skill_lzd_oxyotl_unique_master_of_camouflage,The Hidden Nuisance,wh2_dlc17_skill_node_lzd_oxyotl_unique_2,wh2_dlc17_skill_lzd_oxyotl_unique_eternal_warrior,The Long Revenge,SUBSET_REQUIRED,0,1,1,0,0,,,,,,,,,,,character_skill_node_links_tables,wh2_dlc17_skill_node_lzd_oxyotl_unique_1_2|wh2_dlc17_skill_node_lzd_oxyotl_unique_2|SUBSET_REQUIRED
prerequisite,warhammer_3,8.1.1,24237342,Lizardmen,lizardmen,wh2_main_sc_lzd_lizardmen,Oxyotl,Oxyotl,legendary_lord,wh2_dlc17_lzd_oxyotl,general,general,wh2_dlc17_lzd_oxyotl,true,false,true,true,false,false,,legendary_lords,wh2_dlc17_skill_node_set_lzd_oxyotl,,1,general,false,false,,,,wh2_dlc17_skill_node_lzd_oxyotl_unique_2,wh2_dlc17_skill_lzd_oxyotl_unique_eternal_warrior,The Long Revenge,,,,,,,,,,,,,,,,,,,,,,,,,,,,wh2_dlc17_skill_node_lzd_oxyotl_unique_1_3,wh2_dlc17_skill_lzd_oxyotl_unique_explorer_of_lost_worlds,Explorer of Lost Worlds,wh2_dlc17_skill_node_lzd_oxyotl_unique_2,wh2_dlc17_skill_lzd_oxyotl_unique_eternal_warrior,The Long Revenge,SUBSET_REQUIRED,0,1,1,0,0,,,,,,,,,,,character_skill_node_links_tables,wh2_dlc17_skill_node_lzd_oxyotl_unique_1_3|wh2_dlc17_skill_node_lzd_oxyotl_unique_2|SUBSET_REQUIRED
prerequisite,warhammer_3,8.1.1,24237342,Lizardmen,lizardmen,wh2_main_sc_lzd_lizardmen,Oxyotl,Oxyotl,legendary_lord,wh2_dlc17_lzd_oxyotl,general,general,wh2_dlc17_lzd_oxyotl,true,false,true,true,false,false,,legendary_lords,wh2_dlc17_skill_node_set_lzd_oxyotl,,1,general,false,false,,,,wh2_dlc17_skill_node_lzd_oxyotl_unique_2,wh2_dlc17_skill_lzd_oxyotl_unique_eternal_warrior,The Long Revenge,,,,,,,,,,,,,,,,,,,,,,,,,,,,wh2_dlc17_skill_node_lzd_oxyotl_unique_1_4,wh2_dlc17_skill_lzd_oxyotl_unique_behind_enemy_lines,Behind Enemy Lines,wh2_dlc17_skill_node_lzd_oxyotl_unique_2,wh2_dlc17_skill_lzd_oxyotl_unique_eternal_warrior,The Long Revenge,SUBSET_REQUIRED,0,1,1,0,0,,,,,,,,,,,character_skill_node_links_tables,wh2_dlc17_skill_node_lzd_oxyotl_unique_1_4|wh2_dlc17_skill_node_lzd_oxyotl_unique_2|SUBSET_REQUIRED
prerequisite,warhammer_3,8.1.1,24237342,Lizardmen,lizardmen,wh2_main_sc_lzd_lizardmen,Oxyotl,Oxyotl,legendary_lord,wh2_dlc17_lzd_oxyotl,general,general,wh2_dlc17_lzd_oxyotl,true,false,true,true,false,false,,legendary_lords,wh2_dlc17_skill_node_set_lzd_oxyotl,,1,general,false,false,,,,wh2_dlc17_skill_node_set_lzd_oxyotl_army_1_1,wh2_main_skill_lzd_army_buff_saurus,Proud Warrior,,,,,,,,,,,,,,,,,,,,,,,,,,,,wh2_dlc17_skill_node_set_lzd_oxyotl_army_0,wh_main_skill_all_lord_battle_inspiring_presence,Inspiring Presence,wh2_dlc17_skill_node_set_lzd_oxyotl_army_1_1,wh2_main_skill_lzd_army_buff_saurus,Proud Warrior,REQUIRED,0,1,1,0,0,,,,,,,,,,,character_skill_node_links_tables,wh2_dlc17_skill_node_set_lzd_oxyotl_army_0|wh2_dlc17_skill_node_set_lzd_oxyotl_army_1_1|REQUIRED
prerequisite,warhammer_3,8.1.1,24237342,Lizardmen,lizardmen,wh2_main_sc_lzd_lizardmen,Oxyotl,Oxyotl,legendary_lord,wh2_dlc17_lzd_oxyotl,general,general,wh2_dlc17_lzd_oxyotl,true,false,true,true,false,false,,legendary_lords,wh2_dlc17_skill_node_set_lzd_oxyotl,,1,general,false,false,,,,wh2_dlc17_skill_node_set_lzd_oxyotl_army_1_2,wh2_main_skill_lzd_army_buff_skinks,Skirmisher,,,,,,,,,,,,,,,,,,,,,,,,,,,,wh2_dlc17_skill_node_set_lzd_oxyotl_army_0,wh_main_skill_all_lord_battle_inspiring_presence,Inspiring Presence,wh2_dlc17_skill_node_set_lzd_oxyotl_army_1_2,wh2_main_skill_lzd_army_buff_skinks,Skirmisher,REQUIRED,0,1,1,0,0,,,,,,,,,,,character_skill_node_links_tables,wh2_dlc17_skill_node_set_lzd_oxyotl_army_0|wh2_dlc17_skill_node_set_lzd_oxyotl_army_1_2|REQUIRED
prerequisite,warhammer_3,8.1.1,24237342,Lizardmen,lizardmen,wh2_main_sc_lzd_lizardmen,Oxyotl,Oxyotl,legendary_lord,wh2_dlc17_lzd_oxyotl,general,general,wh2_dlc17_lzd_oxyotl,true,false,true,true,false,false,,legendary_lords,wh2_dlc17_skill_node_set_lzd_oxyotl,,1,general,false,false,,,,wh2_dlc17_skill_node_set_lzd_oxyotl_army_1_3,wh2_main_skill_lzd_army_buff_riders,Swift Rider,,,,,,,,,,,,,,,,,,,,,,,,,,,,wh2_dlc17_skill_node_set_lzd_oxyotl_army_0,wh_main_skill_all_lord_battle_inspiring_presence,Inspiring Presence,wh2_dlc17_skill_node_set_lzd_oxyotl_army_1_3,wh2_main_skill_lzd_army_buff_riders,Swift Rider,REQUIRED,0,1,1,0,0,,,,,,,,,,,character_skill_node_links_tables,wh2_dlc17_skill_node_set_lzd_oxyotl_army_0|wh2_dlc17_skill_node_set_lzd_oxyotl_army_1_3|REQUIRED
prerequisite,warhammer_3,8.1.1,24237342,Lizardmen,lizardmen,wh2_main_sc_lzd_lizardmen,Oxyotl,Oxyotl,legendary_lord,wh2_dlc17_lzd_oxyotl,general,general,wh2_dlc17_lzd_oxyotl,true,false,true,true,false,false,,legendary_lords,wh2_dlc17_skill_node_set_lzd_oxyotl,,1,general,false,false,,,,wh2_dlc17_skill_node_set_lzd_oxyotl_army_1_4,wh2_main_skill_lzd_army_buff_guardians,Sacred Guardian,,,,,,,,,,,,,,,,,,,,,,,,,,,,wh2_dlc17_skill_node_set_lzd_oxyotl_army_0,wh_main_skill_all_lord_battle_inspiring_presence,Inspiring Presence,wh2_dlc17_skill_node_set_lzd_oxyotl_army_1_4,wh2_main_skill_lzd_army_buff_guardians,Sacred Guardian,REQUIRED,0,1,1,0,0,,,,,,,,,,,character_skill_node_links_tables,wh2_dlc17_skill_node_set_lzd_oxyotl_army_0|wh2_dlc17_skill_node_set_lzd_oxyotl_army_1_4|REQUIRED
prerequisite,warhammer_3,8.1.1,24237342,Lizardmen,lizardmen,wh2_main_sc_lzd_lizardmen,Oxyotl,Oxyotl,legendary_lord,wh2_dlc17_lzd_oxyotl,general,general,wh2_dlc17_lzd_oxyotl,true,false,true,true,false,false,,legendary_lords,wh2_dlc17_skill_node_set_lzd_oxyotl,,1,general,false,false,,,,wh2_dlc17_skill_node_set_lzd_oxyotl_army_1_5,wh2_main_skill_lzd_army_buff_hunters,Hunt Leader,,,,,,,,,,,,,,,,,,,,,,,,,,,,wh2_dlc17_skill_node_set_lzd_oxyotl_army_0,wh_main_skill_all_lord_battle_inspiring_presence,Inspiring Presence,wh2_dlc17_skill_node_set_lzd_oxyotl_army_1_5,wh2_main_skill_lzd_army_buff_hunters,Hunt Leader,REQUIRED,0,1,1,0,0,,,,,,,,,,,character_skill_node_links_tables,wh2_dlc17_skill_node_set_lzd_oxyotl_army_0|wh2_dlc17_skill_node_set_lzd_oxyotl_army_1_5|REQUIRED
prerequisite,warhammer_3,8.1.1,24237342,Lizardmen,lizardmen,wh2_main_sc_lzd_lizardmen,Oxyotl,Oxyotl,legendary_lord,wh2_dlc17_lzd_oxyotl,general,general,wh2_dlc17_lzd_oxyotl,true,false,true,true,false,false,,legendary_lords,wh2_dlc17_skill_node_set_lzd_oxyotl,,1,general,false,false,,,,wh2_dlc17_skill_node_set_lzd_oxyotl_army_1_6,wh2_main_skill_lzd_army_buff_dinos,Beast Driver,,,,,,,,,,,,,,,,,,,,,,,,,,,,wh2_dlc17_skill_node_set_lzd_oxyotl_army_0,wh_main_skill_all_lord_battle_inspiring_presence,Inspiring Presence,wh2_dlc17_skill_node_set_lzd_oxyotl_army_1_6,wh2_main_skill_lzd_army_buff_dinos,Beast Driver,REQUIRED,0,1,1,0,0,,,,,,,,,,,character_skill_node_links_tables,wh2_dlc17_skill_node_set_lzd_oxyotl_army_0|wh2_dlc17_skill_node_set_lzd_oxyotl_army_1_6|REQUIRED
prerequisite,warhammer_3,8.1.1,24237342,Lizardmen,lizardmen,wh2_main_sc_lzd_lizardmen,Oxyotl,Oxyotl,legendary_lord,wh2_dlc17_lzd_oxyotl,general,general,wh2_dlc17_lzd_oxyotl,true,false,true,true,false,false,,legendary_lords,wh2_dlc17_skill_node_set_lzd_oxyotl,,1,general,false,false,,,,wh2_dlc17_skill_node_set_lzd_oxyotl_army_2,wh_main_skill_all_lord_battle_rally,Rally!,,,,,,,,,,,,,,,,,,,,,,,,,,,,wh2_dlc17_skill_node_set_lzd_oxyotl_army_1_1,wh2_main_skill_lzd_army_buff_saurus,Proud Warrior,wh2_dlc17_skill_node_set_lzd_oxyotl_army_2,wh_main_skill_all_lord_battle_rally,Rally!,SUBSET_REQUIRED,0,1,1,0,0,,,,,,,,,,,character_skill_node_links_tables,wh2_dlc17_skill_node_set_lzd_oxyotl_army_1_1|wh2_dlc17_skill_node_set_lzd_oxyotl_army_2|SUBSET_REQUIRED
prerequisite,warhammer_3,8.1.1,24237342,Lizardmen,lizardmen,wh2_main_sc_lzd_lizardmen,Oxyotl,Oxyotl,legendary_lord,wh2_dlc17_lzd_oxyotl,general,general,wh2_dlc17_lzd_oxyotl,true,false,true,true,false,false,,legendary_lords,wh2_dlc17_skill_node_set_lzd_oxyotl,,1,general,false,false,,,,wh2_dlc17_skill_node_set_lzd_oxyotl_army_2,wh_main_skill_all_lord_battle_rally,Rally!,,,,,,,,,,,,,,,,,,,,,,,,,,,,wh2_dlc17_skill_node_set_lzd_oxyotl_army_1_2,wh2_main_skill_lzd_army_buff_skinks,Skirmisher,wh2_dlc17_skill_node_set_lzd_oxyotl_army_2,wh_main_skill_all_lord_battle_rally,Rally!,SUBSET_REQUIRED,0,1,1,0,0,,,,,,,,,,,character_skill_node_links_tables,wh2_dlc17_skill_node_set_lzd_oxyotl_army_1_2|wh2_dlc17_skill_node_set_lzd_oxyotl_army_2|SUBSET_REQUIRED
prerequisite,warhammer_3,8.1.1,24237342,Lizardmen,lizardmen,wh2_main_sc_lzd_lizardmen,Oxyotl,Oxyotl,legendary_lord,wh2_dlc17_lzd_oxyotl,general,general,wh2_dlc17_lzd_oxyotl,true,false,true,true,false,false,,legendary_lords,wh2_dlc17_skill_node_set_lzd_oxyotl,,1,general,false,false,,,,wh2_dlc17_skill_node_set_lzd_oxyotl_army_2,wh_main_skill_all_lord_battle_rally,Rally!,,,,,,,,,,,,,,,,,,,,,,,,,,,,wh2_dlc17_skill_node_set_lzd_oxyotl_army_1_3,wh2_main_skill_lzd_army_buff_riders,Swift Rider,wh2_dlc17_skill_node_set_lzd_oxyotl_army_2,wh_main_skill_all_lord_battle_rally,Rally!,SUBSET_REQUIRED,0,1,1,0,0,,,,,,,,,,,character_skill_node_links_tables,wh2_dlc17_skill_node_set_lzd_oxyotl_army_1_3|wh2_dlc17_skill_node_set_lzd_oxyotl_army_2|SUBSET_REQUIRED
prerequisite,warhammer_3,8.1.1,24237342,Lizardmen,lizardmen,wh2_main_sc_lzd_lizardmen,Oxyotl,Oxyotl,legendary_lord,wh2_dlc17_lzd_oxyotl,general,general,wh2_dlc17_lzd_oxyotl,true,false,true,true,false,false,,legendary_lords,wh2_dlc17_skill_node_set_lzd_oxyotl,,1,general,false,false,,,,wh2_dlc17_skill_node_set_lzd_oxyotl_army_2,wh_main_skill_all_lord_battle_rally,Rally!,,,,,,,,,,,,,,,,,,,,,,,,,,,,wh2_dlc17_skill_node_set_lzd_oxyotl_army_1_4,wh2_main_skill_lzd_army_buff_guardians,Sacred Guardian,wh2_dlc17_skill_node_set_lzd_oxyotl_army_2,wh_main_skill_all_lord_battle_rally,Rally!,SUBSET_REQUIRED,0,1,1,0,0,,,,,,,,,,,character_skill_node_links_tables,wh2_dlc17_skill_node_set_lzd_oxyotl_army_1_4|wh2_dlc17_skill_node_set_lzd_oxyotl_army_2|SUBSET_REQUIRED
prerequisite,warhammer_3,8.1.1,24237342,Lizardmen,lizardmen,wh2_main_sc_lzd_lizardmen,Oxyotl,Oxyotl,legendary_lord,wh2_dlc17_lzd_oxyotl,general,general,wh2_dlc17_lzd_oxyotl,true,false,true,true,false,false,,legendary_lords,wh2_dlc17_skill_node_set_lzd_oxyotl,,1,general,false,false,,,,wh2_dlc17_skill_node_set_lzd_oxyotl_army_2,wh_main_skill_all_lord_battle_rally,Rally!,,,,,,,,,,,,,,,,,,,,,,,,,,,,wh2_dlc17_skill_node_set_lzd_oxyotl_army_1_5,wh2_main_skill_lzd_army_buff_hunters,Hunt Leader,wh2_dlc17_skill_node_set_lzd_oxyotl_army_2,wh_main_skill_all_lord_battle_rally,Rally!,SUBSET_REQUIRED,0,1,1,0,0,,,,,,,,,,,character_skill_node_links_tables,wh2_dlc17_skill_node_set_lzd_oxyotl_army_1_5|wh2_dlc17_skill_node_set_lzd_oxyotl_army_2|SUBSET_REQUIRED
prerequisite,warhammer_3,8.1.1,24237342,Lizardmen,lizardmen,wh2_main_sc_lzd_lizardmen,Oxyotl,Oxyotl,legendary_lord,wh2_dlc17_lzd_oxyotl,general,general,wh2_dlc17_lzd_oxyotl,true,false,true,true,false,false,,legendary_lords,wh2_dlc17_skill_node_set_lzd_oxyotl,,1,general,false,false,,,,wh2_dlc17_skill_node_set_lzd_oxyotl_army_2,wh_main_skill_all_lord_battle_rally,Rally!,,,,,,,,,,,,,,,,,,,,,,,,,,,,wh2_dlc17_skill_node_set_lzd_oxyotl_army_1_6,wh2_main_skill_lzd_army_buff_dinos,Beast Driver,wh2_dlc17_skill_node_set_lzd_oxyotl_army_2,wh_main_skill_all_lord_battle_rally,Rally!,SUBSET_REQUIRED,0,1,1,0,0,,,,,,,,,,,character_skill_node_links_tables,wh2_dlc17_skill_node_set_lzd_oxyotl_army_1_6|wh2_dlc17_skill_node_set_lzd_oxyotl_army_2|SUBSET_REQUIRED
prerequisite,warhammer_3,8.1.1,24237342,Lizardmen,lizardmen,wh2_main_sc_lzd_lizardmen,Oxyotl,Oxyotl,legendary_lord,wh2_dlc17_lzd_oxyotl,general,general,wh2_dlc17_lzd_oxyotl,true,false,true,true,false,false,,legendary_lords,wh2_dlc17_skill_node_set_lzd_oxyotl,,1,general,false,false,,,,wh2_dlc17_skill_node_set_lzd_oxyotl_army_3_1,wh2_main_skill_lzd_army_buff_jungle_dominion,Jungle Dominion,,,,,,,,,,,,,,,,,,,,,,,,,,,,wh2_dlc17_skill_node_set_lzd_oxyotl_army_2,wh_main_skill_all_lord_battle_rally,Rally!,wh2_dlc17_skill_node_set_lzd_oxyotl_army_3_1,wh2_main_skill_lzd_army_buff_jungle_dominion,Jungle Dominion,REQUIRED,0,1,1,0,0,,,,,,,,,,,character_skill_node_links_tables,wh2_dlc17_skill_node_set_lzd_oxyotl_army_2|wh2_dlc17_skill_node_set_lzd_oxyotl_army_3_1|REQUIRED
prerequisite,warhammer_3,8.1.1,24237342,Lizardmen,lizardmen,wh2_main_sc_lzd_lizardmen,Oxyotl,Oxyotl,legendary_lord,wh2_dlc17_lzd_oxyotl,general,general,wh2_dlc17_lzd_oxyotl,true,false,true,true,false,false,,legendary_lords,wh2_dlc17_skill_node_set_lzd_oxyotl,,1,general,false,false,,,,wh2_dlc17_skill_node_set_lzd_oxyotl_army_3_2,wh2_main_skill_lzd_army_buff_spawn_kin,Spawn-Kin,,,,,,,,,,,,,,,,,,,,,,,,,,,,wh2_dlc17_skill_node_set_lzd_oxyotl_army_2,wh_main_skill_all_lord_battle_rally,Rally!,wh2_dlc17_skill_node_set_lzd_oxyotl_army_3_2,wh2_main_skill_lzd_army_buff_spawn_kin,Spawn-Kin,REQUIRED,0,1,1,0,0,,,,,,,,,,,character_skill_node_links_tables,wh2_dlc17_skill_node_set_lzd_oxyotl_army_2|wh2_dlc17_skill_node_set_lzd_oxyotl_army_3_2|REQUIRED
prerequisite,warhammer_3,8.1.1,24237342,Lizardmen,lizardmen,wh2_main_sc_lzd_lizardmen,Oxyotl,Oxyotl,legendary_lord,wh2_dlc17_lzd_oxyotl,general,general,wh2_dlc17_lzd_oxyotl,true,false,true,true,false,false,,legendary_lords,wh2_dlc17_skill_node_set_lzd_oxyotl,,1,general,false,false,,,,wh2_dlc17_skill_node_set_lzd_oxyotl_army_3_3,wh2_main_skill_lzd_army_buff_soul_bound,Soul Bound,,,,,,,,,,,,,,,,,,,,,,,,,,,,wh2_dlc17_skill_node_set_lzd_oxyotl_army_2,wh_main_skill_all_lord_battle_rally,Rally!,wh2_dlc17_skill_node_set_lzd_oxyotl_army_3_3,wh2_main_skill_lzd_army_buff_soul_bound,Soul Bound,REQUIRED,0,1,1,0,0,,,,,,,,,,,character_skill_node_links_tables,wh2_dlc17_skill_node_set_lzd_oxyotl_army_2|wh2_dlc17_skill_node_set_lzd_oxyotl_army_3_3|REQUIRED
prerequisite,warhammer_3,8.1.1,24237342,Lizardmen,lizardmen,wh2_main_sc_lzd_lizardmen,Oxyotl,Oxyotl,legendary_lord,wh2_dlc17_lzd_oxyotl,general,general,wh2_dlc17_lzd_oxyotl,true,false,true,true,false,false,,legendary_lords,wh2_dlc17_skill_node_set_lzd_oxyotl,,1,general,false,false,,,,wh2_dlc17_skill_node_set_lzd_oxyotl_army_3_4,wh2_main_skill_lzd_army_buff_epicentre,Epicentrist,,,,,,,,,,,,,,,,,,,,,,,,,,,,wh2_dlc17_skill_node_set_lzd_oxyotl_army_2,wh_main_skill_all_lord_battle_rally,Rally!,wh2_dlc17_skill_node_set_lzd_oxyotl_army_3_4,wh2_main_skill_lzd_army_buff_epicentre,Epicentrist,REQUIRED,0,1,1,0,0,,,,,,,,,,,character_skill_node_links_tables,wh2_dlc17_skill_node_set_lzd_oxyotl_army_2|wh2_dlc17_skill_node_set_lzd_oxyotl_army_3_4|REQUIRED
prerequisite,warhammer_3,8.1.1,24237342,Lizardmen,lizardmen,wh2_main_sc_lzd_lizardmen,Oxyotl,Oxyotl,legendary_lord,wh2_dlc17_lzd_oxyotl,general,general,wh2_dlc17_lzd_oxyotl,true,false,true,true,false,false,,legendary_lords,wh2_dlc17_skill_node_set_lzd_oxyotl,,1,general,false,false,,,,wh2_dlc17_skill_node_set_lzd_oxyotl_army_4,wh_main_skill_all_lord_battle_stand_your_ground,Stand Your Ground!,,,,,,,,,,,,,,,,,,,,,,,,,,,,wh2_dlc17_skill_node_set_lzd_oxyotl_army_3_1,wh2_main_skill_lzd_army_buff_jungle_dominion,Jungle Dominion,wh2_dlc17_skill_node_set_lzd_oxyotl_army_4,wh_main_skill_all_lord_battle_stand_your_ground,Stand Your Ground!,SUBSET_REQUIRED,0,1,1,0,0,,,,,,,,,,,character_skill_node_links_tables,wh2_dlc17_skill_node_set_lzd_oxyotl_army_3_1|wh2_dlc17_skill_node_set_lzd_oxyotl_army_4|SUBSET_REQUIRED
prerequisite,warhammer_3,8.1.1,24237342,Lizardmen,lizardmen,wh2_main_sc_lzd_lizardmen,Oxyotl,Oxyotl,legendary_lord,wh2_dlc17_lzd_oxyotl,general,general,wh2_dlc17_lzd_oxyotl,true,false,true,true,false,false,,legendary_lords,wh2_dlc17_skill_node_set_lzd_oxyotl,,1,general,false,false,,,,wh2_dlc17_skill_node_set_lzd_oxyotl_army_4,wh_main_skill_all_lord_battle_stand_your_ground,Stand Your Ground!,,,,,,,,,,,,,,,,,,,,,,,,,,,,wh2_dlc17_skill_node_set_lzd_oxyotl_army_3_2,wh2_main_skill_lzd_army_buff_spawn_kin,Spawn-Kin,wh2_dlc17_skill_node_set_lzd_oxyotl_army_4,wh_main_skill_all_lord_battle_stand_your_ground,Stand Your Ground!,SUBSET_REQUIRED,0,1,1,0,0,,,,,,,,,,,character_skill_node_links_tables,wh2_dlc17_skill_node_set_lzd_oxyotl_army_3_2|wh2_dlc17_skill_node_set_lzd_oxyotl_army_4|SUBSET_REQUIRED
prerequisite,warhammer_3,8.1.1,24237342,Lizardmen,lizardmen,wh2_main_sc_lzd_lizardmen,Oxyotl,Oxyotl,legendary_lord,wh2_dlc17_lzd_oxyotl,general,general,wh2_dlc17_lzd_oxyotl,true,false,true,true,false,false,,legendary_lords,wh2_dlc17_skill_node_set_lzd_oxyotl,,1,general,false,false,,,,wh2_dlc17_skill_node_set_lzd_oxyotl_army_4,wh_main_skill_all_lord_battle_stand_your_ground,Stand Your Ground!,,,,,,,,,,,,,,,,,,,,,,,,,,,,wh2_dlc17_skill_node_set_lzd_oxyotl_army_3_3,wh2_main_skill_lzd_army_buff_soul_bound,Soul Bound,wh2_dlc17_skill_node_set_lzd_oxyotl_army_4,wh_main_skill_all_lord_battle_stand_your_ground,Stand Your Ground!,SUBSET_REQUIRED,0,1,1,0,0,,,,,,,,,,,character_skill_node_links_tables,wh2_dlc17_skill_node_set_lzd_oxyotl_army_3_3|wh2_dlc17_skill_node_set_lzd_oxyotl_army_4|SUBSET_REQUIRED
prerequisite,warhammer_3,8.1.1,24237342,Lizardmen,lizardmen,wh2_main_sc_lzd_lizardmen,Oxyotl,Oxyotl,legendary_lord,wh2_dlc17_lzd_oxyotl,general,general,wh2_dlc17_lzd_oxyotl,true,false,true,true,false,false,,legendary_lords,wh2_dlc17_skill_node_set_lzd_oxyotl,,1,general,false,false,,,,wh2_dlc17_skill_node_set_lzd_oxyotl_army_4,wh_main_skill_all_lord_battle_stand_your_ground,Stand Your Ground!,,,,,,,,,,,,,,,,,,,,,,,,,,,,wh2_dlc17_skill_node_set_lzd_oxyotl_army_3_4,wh2_main_skill_lzd_army_buff_epicentre,Epicentrist,wh2_dlc17_skill_node_set_lzd_oxyotl_army_4,wh_main_skill_all_lord_battle_stand_your_ground,Stand Your Ground!,SUBSET_REQUIRED,0,1,1,0,0,,,,,,,,,,,character_skill_node_links_tables,wh2_dlc17_skill_node_set_lzd_oxyotl_army_3_4|wh2_dlc17_skill_node_set_lzd_oxyotl_army_4|SUBSET_REQUIRED
prerequisite,warhammer_3,8.1.1,24237342,Lizardmen,lizardmen,wh2_main_sc_lzd_lizardmen,Oxyotl,Oxyotl,legendary_lord,wh2_dlc17_lzd_oxyotl,general,general,wh2_dlc17_lzd_oxyotl,true,false,true,true,false,false,,legendary_lords,wh2_dlc17_skill_node_set_lzd_oxyotl,,1,general,false,false,,,,wh2_dlc17_skill_node_set_lzd_oxyotl_campaign_1_1,wh_main_skill_emp_lord_campaign_iron_disciplinarian,Iron Disciplinarian,,,,,,,,,,,,,,,,,,,,,,,,,,,,wh2_dlc17_skill_node_set_lzd_oxyotl_campaign_0,wh_main_skill_all_lord_campaign_route_marcher,Route Marcher,wh2_dlc17_skill_node_set_lzd_oxyotl_campaign_1_1,wh_main_skill_emp_lord_campaign_iron_disciplinarian,Iron Disciplinarian,REQUIRED,0,1,1,0,0,,,,,,,,,,,character_skill_node_links_tables,wh2_dlc17_skill_node_set_lzd_oxyotl_campaign_0|wh2_dlc17_skill_node_set_lzd_oxyotl_campaign_1_1|REQUIRED
prerequisite,warhammer_3,8.1.1,24237342,Lizardmen,lizardmen,wh2_main_sc_lzd_lizardmen,Oxyotl,Oxyotl,legendary_lord,wh2_dlc17_lzd_oxyotl,general,general,wh2_dlc17_lzd_oxyotl,true,false,true,true,false,false,,legendary_lords,wh2_dlc17_skill_node_set_lzd_oxyotl,,1,general,false,false,,,,wh2_dlc17_skill_node_set_lzd_oxyotl_campaign_1_2,wh_main_skill_emp_lord_campaign_fervent,Fervent,,,,,,,,,,,,,,,,,,,,,,,,,,,,wh2_dlc17_skill_node_set_lzd_oxyotl_campaign_0,wh_main_skill_all_lord_campaign_route_marcher,Route Marcher,wh2_dlc17_skill_node_set_lzd_oxyotl_campaign_1_2,wh_main_skill_emp_lord_campaign_fervent,Fervent,REQUIRED,0,1,1,0,0,,,,,,,,,,,character_skill_node_links_tables,wh2_dlc17_skill_node_set_lzd_oxyotl_campaign_0|wh2_dlc17_skill_node_set_lzd_oxyotl_campaign_1_2|REQUIRED
prerequisite,warhammer_3,8.1.1,24237342,Lizardmen,lizardmen,wh2_main_sc_lzd_lizardmen,Oxyotl,Oxyotl,legendary_lord,wh2_dlc17_lzd_oxyotl,general,general,wh2_dlc17_lzd_oxyotl,true,false,true,true,false,false,,legendary_lords,wh2_dlc17_skill_node_set_lzd_oxyotl,,1,general,false,false,,,,wh2_dlc17_skill_node_set_lzd_oxyotl_campaign_1_3,wh_main_skill_brt_lord_campaign_bonded_service,Bonded Service,,,,,,,,,,,,,,,,,,,,,,,,,,,,wh2_dlc17_skill_node_set_lzd_oxyotl_campaign_0,wh_main_skill_all_lord_campaign_route_marcher,Route Marcher,wh2_dlc17_skill_node_set_lzd_oxyotl_campaign_1_3,wh_main_skill_brt_lord_campaign_bonded_service,Bonded Service,REQUIRED,0,1,1,0,0,,,,,,,,,,,character_skill_node_links_tables,wh2_dlc17_skill_node_set_lzd_oxyotl_campaign_0|wh2_dlc17_skill_node_set_lzd_oxyotl_campaign_1_3|REQUIRED
prerequisite,warhammer_3,8.1.1,24237342,Lizardmen,lizardmen,wh2_main_sc_lzd_lizardmen,Oxyotl,Oxyotl,legendary_lord,wh2_dlc17_lzd_oxyotl,general,general,wh2_dlc17_lzd_oxyotl,true,false,true,true,false,false,,legendary_lords,wh2_dlc17_skill_node_set_lzd_oxyotl,,1,general,false,false,,,,wh2_dlc17_skill_node_set_lzd_oxyotl_campaign_1_4,wh_main_skill_vmp_lord_campaign_ancient_cunning,Ancient Cunning,,,,,,,,,,,,,,,,,,,,,,,,,,,,wh2_dlc17_skill_node_set_lzd_oxyotl_campaign_0,wh_main_skill_all_lord_campaign_route_marcher,Route Marcher,wh2_dlc17_skill_node_set_lzd_oxyotl_campaign_1_4,wh_main_skill_vmp_lord_campaign_ancient_cunning,Ancient Cunning,REQUIRED,0,1,1,0,0,,,,,,,,,,,character_skill_node_links_tables,wh2_dlc17_skill_node_set_lzd_oxyotl_campaign_0|wh2_dlc17_skill_node_set_lzd_oxyotl_campaign_1_4|REQUIRED
prerequisite,warhammer_3,8.1.1,24237342,Lizardmen,lizardmen,wh2_main_sc_lzd_lizardmen,Oxyotl,Oxyotl,legendary_lord,wh2_dlc17_lzd_oxyotl,general,general,wh2_dlc17_lzd_oxyotl,true,false,true,true,false,false,,legendary_lords,wh2_dlc17_skill_node_set_lzd_oxyotl,,1,general,false,false,,,,wh2_dlc17_skill_node_set_lzd_oxyotl_campaign_2,wh2_main_skill_def_campaign_draftmaster,Draftmaster,,,,,,,,,,,,,,,,,,,,,,,,,,,,wh2_dlc17_skill_node_set_lzd_oxyotl_campaign_1_1,wh_main_skill_emp_lord_campaign_iron_disciplinarian,Iron Disciplinarian,wh2_dlc17_skill_node_set_lzd_oxyotl_campaign_2,wh2_main_skill_def_campaign_draftmaster,Draftmaster,SUBSET_REQUIRED,0,1,1,0,0,,,,,,,,,,,character_skill_node_links_tables,wh2_dlc17_skill_node_set_lzd_oxyotl_campaign_1_1|wh2_dlc17_skill_node_set_lzd_oxyotl_campaign_2|SUBSET_REQUIRED
prerequisite,warhammer_3,8.1.1,24237342,Lizardmen,lizardmen,wh2_main_sc_lzd_lizardmen,Oxyotl,Oxyotl,legendary_lord,wh2_dlc17_lzd_oxyotl,general,general,wh2_dlc17_lzd_oxyotl,true,false,true,true,false,false,,legendary_lords,wh2_dlc17_skill_node_set_lzd_oxyotl,,1,general,false,false,,,,wh2_dlc17_skill_node_set_lzd_oxyotl_campaign_2,wh2_main_skill_def_campaign_draftmaster,Draftmaster,,,,,,,,,,,,,,,,,,,,,,,,,,,,wh2_dlc17_skill_node_set_lzd_oxyotl_campaign_1_2,wh_main_skill_emp_lord_campaign_fervent,Fervent,wh2_dlc17_skill_node_set_lzd_oxyotl_campaign_2,wh2_main_skill_def_campaign_draftmaster,Draftmaster,SUBSET_REQUIRED,0,1,1,0,0,,,,,,,,,,,character_skill_node_links_tables,wh2_dlc17_skill_node_set_lzd_oxyotl_campaign_1_2|wh2_dlc17_skill_node_set_lzd_oxyotl_campaign_2|SUBSET_REQUIRED
prerequisite,warhammer_3,8.1.1,24237342,Lizardmen,lizardmen,wh2_main_sc_lzd_lizardmen,Oxyotl,Oxyotl,legendary_lord,wh2_dlc17_lzd_oxyotl,general,general,wh2_dlc17_lzd_oxyotl,true,false,true,true,false,false,,legendary_lords,wh2_dlc17_skill_node_set_lzd_oxyotl,,1,general,false,false,,,,wh2_dlc17_skill_node_set_lzd_oxyotl_campaign_2,wh2_main_skill_def_campaign_draftmaster,Draftmaster,,,,,,,,,,,,,,,,,,,,,,,,,,,,wh2_dlc17_skill_node_set_lzd_oxyotl_campaign_1_3,wh_main_skill_brt_lord_campaign_bonded_service,Bonded Service,wh2_dlc17_skill_node_set_lzd_oxyotl_campaign_2,wh2_main_skill_def_campaign_draftmaster,Draftmaster,SUBSET_REQUIRED,0,1,1,0,0,,,,,,,,,,,character_skill_node_links_tables,wh2_dlc17_skill_node_set_lzd_oxyotl_campaign_1_3|wh2_dlc17_skill_node_set_lzd_oxyotl_campaign_2|SUBSET_REQUIRED
prerequisite,warhammer_3,8.1.1,24237342,Lizardmen,lizardmen,wh2_main_sc_lzd_lizardmen,Oxyotl,Oxyotl,legendary_lord,wh2_dlc17_lzd_oxyotl,general,general,wh2_dlc17_lzd_oxyotl,true,false,true,true,false,false,,legendary_lords,wh2_dlc17_skill_node_set_lzd_oxyotl,,1,general,false,false,,,,wh2_dlc17_skill_node_set_lzd_oxyotl_campaign_2,wh2_main_skill_def_campaign_draftmaster,Draftmaster,,,,,,,,,,,,,,,,,,,,,,,,,,,,wh2_dlc17_skill_node_set_lzd_oxyotl_campaign_1_4,wh_main_skill_vmp_lord_campaign_ancient_cunning,Ancient Cunning,wh2_dlc17_skill_node_set_lzd_oxyotl_campaign_2,wh2_main_skill_def_campaign_draftmaster,Draftmaster,SUBSET_REQUIRED,0,1,1,0,0,,,,,,,,,,,character_skill_node_links_tables,wh2_dlc17_skill_node_set_lzd_oxyotl_campaign_1_4|wh2_dlc17_skill_node_set_lzd_oxyotl_campaign_2|SUBSET_REQUIRED
prerequisite,warhammer_3,8.1.1,24237342,Lizardmen,lizardmen,wh2_main_sc_lzd_lizardmen,Oxyotl,Oxyotl,legendary_lord,wh2_dlc17_lzd_oxyotl,general,general,wh2_dlc17_lzd_oxyotl,true,false,true,true,false,false,,legendary_lords,wh2_dlc17_skill_node_set_lzd_oxyotl,,1,general,false,false,,,,wh2_dlc17_skill_node_set_lzd_oxyotl_campaign_3_1,wh_main_skill_all_lord_campaign_lightning_strike,Lightning Strike,,,,,,,,,,,,,,,,,,,,,,,,,,,,wh2_dlc17_skill_node_set_lzd_oxyotl_campaign_2,wh2_main_skill_def_campaign_draftmaster,Draftmaster,wh2_dlc17_skill_node_set_lzd_oxyotl_campaign_3_1,wh_main_skill_all_lord_campaign_lightning_strike,Lightning Strike,REQUIRED,0,1,1,0,0,,,,,,,,,,,character_skill_node_links_tables,wh2_dlc17_skill_node_set_lzd_oxyotl_campaign_2|wh2_dlc17_skill_node_set_lzd_oxyotl_campaign_3_1|REQUIRED
prerequisite,warhammer_3,8.1.1,24237342,Lizardmen,lizardmen,wh2_main_sc_lzd_lizardmen,Oxyotl,Oxyotl,legendary_lord,wh2_dlc17_lzd_oxyotl,general,general,wh2_dlc17_lzd_oxyotl,true,false,true,true,false,false,,legendary_lords,wh2_dlc17_skill_node_set_lzd_oxyotl,,1,general,false,false,,,,wh2_dlc17_skill_node_set_lzd_oxyotl_campaign_3_2,wh2_main_skill_lzd_lord_campaign_upkeep,Geomantic Sustenance,,,,,,,,,,,,,,,,,,,,,,,,,,,,wh2_dlc17_skill_node_set_lzd_oxyotl_campaign_2,wh2_main_skill_def_campaign_draftmaster,Draftmaster,wh2_dlc17_skill_node_set_lzd_oxyotl_campaign_3_2,wh2_main_skill_lzd_lord_campaign_upkeep,Geomantic Sustenance,REQUIRED,0,1,1,0,0,,,,,,,,,,,character_skill_node_links_tables,wh2_dlc17_skill_node_set_lzd_oxyotl_campaign_2|wh2_dlc17_skill_node_set_lzd_oxyotl_campaign_3_2|REQUIRED
prerequisite,warhammer_3,8.1.1,24237342,Lizardmen,lizardmen,wh2_main_sc_lzd_lizardmen,Oxyotl,Oxyotl,legendary_lord,wh2_dlc17_lzd_oxyotl,general,general,wh2_dlc17_lzd_oxyotl,true,false,true,true,false,false,,legendary_lords,wh2_dlc17_skill_node_set_lzd_oxyotl,,1,general,false,false,,,,wh2_dlc17_skill_node_set_lzd_oxyotl_campaign_3_3,wh2_main_skill_def_campaign_wary,Wary,,,,,,,,,,,,,,,,,,,,,,,,,,,,wh2_dlc17_skill_node_set_lzd_oxyotl_campaign_2,wh2_main_skill_def_campaign_draftmaster,Draftmaster,wh2_dlc17_skill_node_set_lzd_oxyotl_campaign_3_3,wh2_main_skill_def_campaign_wary,Wary,REQUIRED,0,1,1,0,0,,,,,,,,,,,character_skill_node_links_tables,wh2_dlc17_skill_node_set_lzd_oxyotl_campaign_2|wh2_dlc17_skill_node_set_lzd_oxyotl_campaign_3_3|REQUIRED
prerequisite,warhammer_3,8.1.1,24237342,Lizardmen,lizardmen,wh2_main_sc_lzd_lizardmen,Oxyotl,Oxyotl,legendary_lord,wh2_dlc17_lzd_oxyotl,general,general,wh2_dlc17_lzd_oxyotl,true,false,true,true,false,false,,legendary_lords,wh2_dlc17_skill_node_set_lzd_oxyotl,,1,general,false,false,,,,wh2_dlc17_skill_node_set_lzd_oxyotl_campaign_3_4,wh2_main_skill_lzd_lord_campaign_replenish,Gifts of the Jungle,,,,,,,,,,,,,,,,,,,,,,,,,,,,wh2_dlc17_skill_node_set_lzd_oxyotl_campaign_2,wh2_main_skill_def_campaign_draftmaster,Draftmaster,wh2_dlc17_skill_node_set_lzd_oxyotl_campaign_3_4,wh2_main_skill_lzd_lord_campaign_replenish,Gifts of the Jungle,REQUIRED,0,1,1,0,0,,,,,,,,,,,character_skill_node_links_tables,wh2_dlc17_skill_node_set_lzd_oxyotl_campaign_2|wh2_dlc17_skill_node_set_lzd_oxyotl_campaign_3_4|REQUIRED
prerequisite,warhammer_3,8.1.1,24237342,Lizardmen,lizardmen,wh2_main_sc_lzd_lizardmen,Oxyotl,Oxyotl,legendary_lord,wh2_dlc17_lzd_oxyotl,general,general,wh2_dlc17_lzd_oxyotl,true,false,true,true,false,false,,legendary_lords,wh2_dlc17_skill_node_set_lzd_oxyotl,,1,general,false,false,,,,wh2_dlc17_skill_node_set_lzd_oxyotl_campaign_4,wh2_main_skill_LL_self_defense,Renowned & Feared,,,,,,,,,,,,,,,,,,,,,,,,,,,,wh2_dlc17_skill_node_set_lzd_oxyotl_campaign_3_1,wh_main_skill_all_lord_campaign_lightning_strike,Lightning Strike,wh2_dlc17_skill_node_set_lzd_oxyotl_campaign_4,wh2_main_skill_LL_self_defense,Renowned & Feared,SUBSET_REQUIRED,0,1,1,0,0,,,,,,,,,,,character_skill_node_links_tables,wh2_dlc17_skill_node_set_lzd_oxyotl_campaign_3_1|wh2_dlc17_skill_node_set_lzd_oxyotl_campaign_4|SUBSET_REQUIRED
prerequisite,warhammer_3,8.1.1,24237342,Lizardmen,lizardmen,wh2_main_sc_lzd_lizardmen,Oxyotl,Oxyotl,legendary_lord,wh2_dlc17_lzd_oxyotl,general,general,wh2_dlc17_lzd_oxyotl,true,false,true,true,false,false,,legendary_lords,wh2_dlc17_skill_node_set_lzd_oxyotl,,1,general,false,false,,,,wh2_dlc17_skill_node_set_lzd_oxyotl_campaign_4,wh2_main_skill_LL_self_defense,Renowned & Feared,,,,,,,,,,,,,,,,,,,,,,,,,,,,wh2_dlc17_skill_node_set_lzd_oxyotl_campaign_3_2,wh2_main_skill_lzd_lord_campaign_upkeep,Geomantic Sustenance,wh2_dlc17_skill_node_set_lzd_oxyotl_campaign_4,wh2_main_skill_LL_self_defense,Renowned & Feared,SUBSET_REQUIRED,0,1,1,0,0,,,,,,,,,,,character_skill_node_links_tables,wh2_dlc17_skill_node_set_lzd_oxyotl_campaign_3_2|wh2_dlc17_skill_node_set_lzd_oxyotl_campaign_4|SUBSET_REQUIRED
prerequisite,warhammer_3,8.1.1,24237342,Lizardmen,lizardmen,wh2_main_sc_lzd_lizardmen,Oxyotl,Oxyotl,legendary_lord,wh2_dlc17_lzd_oxyotl,general,general,wh2_dlc17_lzd_oxyotl,true,false,true,true,false,false,,legendary_lords,wh2_dlc17_skill_node_set_lzd_oxyotl,,1,general,false,false,,,,wh2_dlc17_skill_node_set_lzd_oxyotl_campaign_4,wh2_main_skill_LL_self_defense,Renowned & Feared,,,,,,,,,,,,,,,,,,,,,,,,,,,,wh2_dlc17_skill_node_set_lzd_oxyotl_campaign_3_3,wh2_main_skill_def_campaign_wary,Wary,wh2_dlc17_skill_node_set_lzd_oxyotl_campaign_4,wh2_main_skill_LL_self_defense,Renowned & Feared,SUBSET_REQUIRED,0,1,1,0,0,,,,,,,,,,,character_skill_node_links_tables,wh2_dlc17_skill_node_set_lzd_oxyotl_campaign_3_3|wh2_dlc17_skill_node_set_lzd_oxyotl_campaign_4|SUBSET_REQUIRED
prerequisite,warhammer_3,8.1.1,24237342,Lizardmen,lizardmen,wh2_main_sc_lzd_lizardmen,Oxyotl,Oxyotl,legendary_lord,wh2_dlc17_lzd_oxyotl,general,general,wh2_dlc17_lzd_oxyotl,true,false,true,true,false,false,,legendary_lords,wh2_dlc17_skill_node_set_lzd_oxyotl,,1,general,false,false,,,,wh2_dlc17_skill_node_set_lzd_oxyotl_campaign_4,wh2_main_skill_LL_self_defense,Renowned & Feared,,,,,,,,,,,,,,,,,,,,,,,,,,,,wh2_dlc17_skill_node_set_lzd_oxyotl_campaign_3_4,wh2_main_skill_lzd_lord_campaign_replenish,Gifts of the Jungle,wh2_dlc17_skill_node_set_lzd_oxyotl_campaign_4,wh2_main_skill_LL_self_defense,Renowned & Feared,SUBSET_REQUIRED,0,1,1,0,0,,,,,,,,,,,character_skill_node_links_tables,wh2_dlc17_skill_node_set_lzd_oxyotl_campaign_3_4|wh2_dlc17_skill_node_set_lzd_oxyotl_campaign_4|SUBSET_REQUIRED
