record_type,game,patch,steam_build_id,race,race_slug,subculture_key,character_name,character_slug,character_class,agent_subtype_key,primary_agent_type,permitted_agent_types,permitted_faction_keys,is_legendary_lord,is_unique_agent,is_recruitable,show_in_ui,auto_generate,is_caster,magic_lore,recruitment_category,node_set_key,node_set_name,node_set_index,node_set_agent_key,node_set_for_army,node_set_for_navy,node_set_faction_key,node_set_campaign_key,node_set_subculture_key,node_key,skill_key,skill_name,skill_description,skill_icon_path,node_tier,node_indent,points_on_creation,required_num_parents,visible_in_ui,skill_unlocked_at_rank,skill_max_level,skill_level,level_name,level_description,level_unlocked_at_rank,level_image_path,level_campaign_key,level_faction_key,level_subculture_key,effect_key,effect_description,effect_additional_tooltip,effect_scope,effect_value,effect_category,effect_priority,effect_is_positive_value_good,effect_icon,effect_icon_negative,parent_node_key,parent_skill_key,parent_skill_name,child_node_key,child_skill_key,child_skill_name,link_type,initial_descent_tiers,parent_link_position,child_link_position,parent_link_position_offset,child_link_position_offset,locked_skill_key,locked_skill_name,locked_skill_level,ancillary_key,ancillary_name,ancillary_type,ancillary_category,dilemma_key,dilemma_title,dilemma_random_selection,source_table,source_key
character,warhammer_3,8.1.1,24237342,Dwarfs,dwarfs,wh_main_sc_dwf_dwarfs,Thorgrim Grudgebearer,Thorgrim_Grudgebearer,legendary_lord,wh_main_dwf_thorgrim_grudgebearer,general,general,wh3_dlc26_dwf_dwarfs_invasion|wh_main_dwf_dwarfs|wh_main_dwf_dwarfs_qb1|wh_main_dwf_dwarfs_qb2|wh_main_dwf_dwarfs_qb3|wh_main_dwf_dwarfs_qb4,true,false,true,true,false,true,,legendary_lords,,,,,,,,,,,,,,,,,,,,,,,,,,,,,,,,,,,,,,,,,,,,,,,,,,,,,,,,,,,,,,agent_subtypes_tables,wh_main_dwf_thorgrim_grudgebearer
node_set,warhammer_3,8.1.1,24237342,Dwarfs,dwarfs,wh_main_sc_dwf_dwarfs,Thorgrim Grudgebearer,Thorgrim_Grudgebearer,legendary_lord,wh_main_dwf_thorgrim_grudgebearer,general,general,wh3_dlc26_dwf_dwarfs_invasion|wh_main_dwf_dwarfs|wh_main_dwf_dwarfs_qb1|wh_main_dwf_dwarfs_qb2|wh_main_dwf_dwarfs_qb3|wh_main_dwf_dwarfs_qb4,true,false,true,true,false,true,,legendary_lords,wh_main_skill_node_set_dwf_thorgrim,,1,general,false,false,,,,,,,,,,,,,,,,,,,,,,,,,,,,,,,,,,,,,,,,,,,,,,,,,,,,,,,,character_skill_node_sets_tables,wh_main_skill_node_set_dwf_thorgrim
node,warhammer_3,8.1.1,24237342,Dwarfs,dwarfs,wh_main_sc_dwf_dwarfs,Thorgrim Grudgebearer,Thorgrim_Grudgebearer,legendary_lord,wh_main_dwf_thorgrim_grudgebearer,general,general,wh3_dlc26_dwf_dwarfs_invasion|wh_main_dwf_dwarfs|wh_main_dwf_dwarfs_qb1|wh_main_dwf_dwarfs_qb2|wh_main_dwf_dwarfs_qb3|wh_main_dwf_dwarfs_qb4,true,false,true,true,false,true,,legendary_lords,wh_main_skill_node_set_dwf_thorgrim,,1,general,false,false,,,,wh_dlc08_skill_dwf_lord_thorgrim_unique_0,wh_dlc08_skill_dwf_lord_thorgrim_unique_0,Ancient Bloodline,"A throwback to the High Kings of old, Thorgrim seeks to unite the Karaks and reclaim their lost Holds.",character_public_order.png,0,1,0,0,true,11,1,,,,,,,,,,,,,,,,,,,,,,,,,,,,,,,,,,,,,,,,,character_skill_nodes_tables,wh_dlc08_skill_dwf_lord_thorgrim_unique_0
skill_level,warhammer_3,8.1.1,24237342,Dwarfs,dwarfs,wh_main_sc_dwf_dwarfs,Thorgrim Grudgebearer,Thorgrim_Grudgebearer,legendary_lord,wh_main_dwf_thorgrim_grudgebearer,general,general,wh3_dlc26_dwf_dwarfs_invasion|wh_main_dwf_dwarfs|wh_main_dwf_dwarfs_qb1|wh_main_dwf_dwarfs_qb2|wh_main_dwf_dwarfs_qb3|wh_main_dwf_dwarfs_qb4,true,false,true,true,false,true,,legendary_lords,wh_main_skill_node_set_dwf_thorgrim,,1,general,false,false,,,,wh_dlc08_skill_dwf_lord_thorgrim_unique_0,wh_dlc08_skill_dwf_lord_thorgrim_unique_0,Ancient Bloodline,"A throwback to the High Kings of old, Thorgrim seeks to unite the Karaks and reclaim their lost Holds.",character_public_order.png,0,1,0,0,true,11,1,1,Ancient Bloodline,"A throwback to the High Kings of old, Thorgrim seeks to unite the Karaks and reclaim their lost Holds.",11,x,,,,,,,,,,,,,,,,,,,,,,,,,,,,,,,,,,,,character_skill_level_details_tables,wh_dlc08_skill_dwf_lord_thorgrim_unique_0|1|||
effect,warhammer_3,8.1.1,24237342,Dwarfs,dwarfs,wh_main_sc_dwf_dwarfs,Thorgrim Grudgebearer,Thorgrim_Grudgebearer,legendary_lord,wh_main_dwf_thorgrim_grudgebearer,general,general,wh3_dlc26_dwf_dwarfs_invasion|wh_main_dwf_dwarfs|wh_main_dwf_dwarfs_qb1|wh_main_dwf_dwarfs_qb2|wh_main_dwf_dwarfs_qb3|wh_main_dwf_dwarfs_qb4,true,false,true,true,false,true,,legendary_lords,wh_main_skill_node_set_dwf_thorgrim,,1,general,false,false,,,,wh_dlc08_skill_dwf_lord_thorgrim_unique_0,wh_dlc08_skill_dwf_lord_thorgrim_unique_0,Ancient Bloodline,"A throwback to the High Kings of old, Thorgrim seeks to unite the Karaks and reclaim their lost Holds.",character_public_order.png,0,1,0,0,true,11,1,1,Ancient Bloodline,"A throwback to the High Kings of old, Thorgrim seeks to unite the Karaks and reclaim their lost Holds.",,,,,,wh_main_effect_province_growth_characters,Growth: %+n,,character_to_province_own_factionwide,10,campaign,30,true,growth.png,growth.png,,,,,,,,,,,,,,,,,,,,,,,character_skill_level_to_effects_junctions_tables,wh_dlc08_skill_dwf_lord_thorgrim_unique_0|wh_main_effect_province_growth_characters|1|character_to_province_own_factionwide
effect,warhammer_3,8.1.1,24237342,Dwarfs,dwarfs,wh_main_sc_dwf_dwarfs,Thorgrim Grudgebearer,Thorgrim_Grudgebearer,legendary_lord,wh_main_dwf_thorgrim_grudgebearer,general,general,wh3_dlc26_dwf_dwarfs_invasion|wh_main_dwf_dwarfs|wh_main_dwf_dwarfs_qb1|wh_main_dwf_dwarfs_qb2|wh_main_dwf_dwarfs_qb3|wh_main_dwf_dwarfs_qb4,true,false,true,true,false,true,,legendary_lords,wh_main_skill_node_set_dwf_thorgrim,,1,general,false,false,,,,wh_dlc08_skill_dwf_lord_thorgrim_unique_0,wh_dlc08_skill_dwf_lord_thorgrim_unique_0,Ancient Bloodline,"A throwback to the High Kings of old, Thorgrim seeks to unite the Karaks and reclaim their lost Holds.",character_public_order.png,0,1,0,0,true,11,1,1,Ancient Bloodline,"A throwback to the High Kings of old, Thorgrim seeks to unite the Karaks and reclaim their lost Holds.",,,,,,wh_main_effect_public_order_characters,{{tr:public_order_effect}}: %+n,,character_to_province_own_factionwide,2,campaign,6,true,public_order.png,public_order.png,,,,,,,,,,,,,,,,,,,,,,,character_skill_level_to_effects_junctions_tables,wh_dlc08_skill_dwf_lord_thorgrim_unique_0|wh_main_effect_public_order_characters|1|character_to_province_own_factionwide
effect,warhammer_3,8.1.1,24237342,Dwarfs,dwarfs,wh_main_sc_dwf_dwarfs,Thorgrim Grudgebearer,Thorgrim_Grudgebearer,legendary_lord,wh_main_dwf_thorgrim_grudgebearer,general,general,wh3_dlc26_dwf_dwarfs_invasion|wh_main_dwf_dwarfs|wh_main_dwf_dwarfs_qb1|wh_main_dwf_dwarfs_qb2|wh_main_dwf_dwarfs_qb3|wh_main_dwf_dwarfs_qb4,true,false,true,true,false,true,,legendary_lords,wh_main_skill_node_set_dwf_thorgrim,,1,general,false,false,,,,wh_dlc08_skill_dwf_lord_thorgrim_unique_0,wh_dlc08_skill_dwf_lord_thorgrim_unique_0,Ancient Bloodline,"A throwback to the High Kings of old, Thorgrim seeks to unite the Karaks and reclaim their lost Holds.",character_public_order.png,0,1,0,0,true,11,1,1,Ancient Bloodline,"A throwback to the High Kings of old, Thorgrim seeks to unite the Karaks and reclaim their lost Holds.",,,,,,wh3_main_effect_corruption_reduction_characters,Corruption: %+n,,character_to_province_own_factionwide,-1,campaign,104,false,corruption.png,corruption.png,,,,,,,,,,,,,,,,,,,,,,,character_skill_level_to_effects_junctions_tables,wh_dlc08_skill_dwf_lord_thorgrim_unique_0|wh3_main_effect_corruption_reduction_characters|1|character_to_province_own_factionwide
effect,warhammer_3,8.1.1,24237342,Dwarfs,dwarfs,wh_main_sc_dwf_dwarfs,Thorgrim Grudgebearer,Thorgrim_Grudgebearer,legendary_lord,wh_main_dwf_thorgrim_grudgebearer,general,general,wh3_dlc26_dwf_dwarfs_invasion|wh_main_dwf_dwarfs|wh_main_dwf_dwarfs_qb1|wh_main_dwf_dwarfs_qb2|wh_main_dwf_dwarfs_qb3|wh_main_dwf_dwarfs_qb4,true,false,true,true,false,true,,legendary_lords,wh_main_skill_node_set_dwf_thorgrim,,1,general,false,false,,,,wh_dlc08_skill_dwf_lord_thorgrim_unique_0,wh_dlc08_skill_dwf_lord_thorgrim_unique_0,Ancient Bloodline,"A throwback to the High Kings of old, Thorgrim seeks to unite the Karaks and reclaim their lost Holds.",character_public_order.png,0,1,0,0,true,11,1,1,Ancient Bloodline,"A throwback to the High Kings of old, Thorgrim seeks to unite the Karaks and reclaim their lost Holds.",,,,,,wh3_main_pooled_resource_underdeeps_skills_thorgrim,High King Decrees: %+n,,character_to_faction_unseen,1,campaign,999,true,underdeep.png,underdeep.png,,,,,,,,,,,,,,,,,,,,,,,character_skill_level_to_effects_junctions_tables,wh_dlc08_skill_dwf_lord_thorgrim_unique_0|wh3_main_pooled_resource_underdeeps_skills_thorgrim|1|character_to_faction_unseen
node,warhammer_3,8.1.1,24237342,Dwarfs,dwarfs,wh_main_sc_dwf_dwarfs,Thorgrim Grudgebearer,Thorgrim_Grudgebearer,legendary_lord,wh_main_dwf_thorgrim_grudgebearer,general,general,wh3_dlc26_dwf_dwarfs_invasion|wh_main_dwf_dwarfs|wh_main_dwf_dwarfs_qb1|wh_main_dwf_dwarfs_qb2|wh_main_dwf_dwarfs_qb3|wh_main_dwf_dwarfs_qb4,true,false,true,true,false,true,,legendary_lords,wh_main_skill_node_set_dwf_thorgrim,,1,general,false,false,,,,wh3_dlc25_skill_node_dwf_thorgrim_choice_01,wh3_dlc25_skill_dwf_lord_unique_units_infantry_01,Rune-Warded Armour,These armour plates have been girded with runes to ensure the wearer is protected from all manner of attacks.,character_ward_save.png,0,2,0,0,true,0,1,,,,,,,,,,,,,,,,,,,,,,,,,,,,,,,,,,,,,,,,,character_skill_nodes_tables,wh3_dlc25_skill_node_dwf_thorgrim_choice_01
skill_level,warhammer_3,8.1.1,24237342,Dwarfs,dwarfs,wh_main_sc_dwf_dwarfs,Thorgrim Grudgebearer,Thorgrim_Grudgebearer,legendary_lord,wh_main_dwf_thorgrim_grudgebearer,general,general,wh3_dlc26_dwf_dwarfs_invasion|wh_main_dwf_dwarfs|wh_main_dwf_dwarfs_qb1|wh_main_dwf_dwarfs_qb2|wh_main_dwf_dwarfs_qb3|wh_main_dwf_dwarfs_qb4,true,false,true,true,false,true,,legendary_lords,wh_main_skill_node_set_dwf_thorgrim,,1,general,false,false,,,,wh3_dlc25_skill_node_dwf_thorgrim_choice_01,wh3_dlc25_skill_dwf_lord_unique_units_infantry_01,Rune-Warded Armour,These armour plates have been girded with runes to ensure the wearer is protected from all manner of attacks.,character_ward_save.png,0,2,0,0,true,0,1,1,Rune-Warded Armour,These armour plates have been girded with runes to ensure the wearer is protected from all manner of attacks.,7,x,,,,,,,,,,,,,,,,,,,,,,,,,,,,,,,,,,,,character_skill_level_details_tables,wh3_dlc25_skill_dwf_lord_unique_units_infantry_01|1|||
effect,warhammer_3,8.1.1,24237342,Dwarfs,dwarfs,wh_main_sc_dwf_dwarfs,Thorgrim Grudgebearer,Thorgrim_Grudgebearer,legendary_lord,wh_main_dwf_thorgrim_grudgebearer,general,general,wh3_dlc26_dwf_dwarfs_invasion|wh_main_dwf_dwarfs|wh_main_dwf_dwarfs_qb1|wh_main_dwf_dwarfs_qb2|wh_main_dwf_dwarfs_qb3|wh_main_dwf_dwarfs_qb4,true,false,true,true,false,true,,legendary_lords,wh_main_skill_node_set_dwf_thorgrim,,1,general,false,false,,,,wh3_dlc25_skill_node_dwf_thorgrim_choice_01,wh3_dlc25_skill_dwf_lord_unique_units_infantry_01,Rune-Warded Armour,These armour plates have been girded with runes to ensure the wearer is protected from all manner of attacks.,character_ward_save.png,0,2,0,0,true,0,1,1,Rune-Warded Armour,These armour plates have been girded with runes to ensure the wearer is protected from all manner of attacks.,,,,,,wh_main_effect_character_stat_missile_block,Missile block chance: %+n%,,character_to_character_own,10,battle,55,true,block_character.png,block_character.png,,,,,,,,,,,,,,,,,,,,,,,character_skill_level_to_effects_junctions_tables,wh3_dlc25_skill_dwf_lord_unique_units_infantry_01|wh_main_effect_character_stat_missile_block|1|character_to_character_own
effect,warhammer_3,8.1.1,24237342,Dwarfs,dwarfs,wh_main_sc_dwf_dwarfs,Thorgrim Grudgebearer,Thorgrim_Grudgebearer,legendary_lord,wh_main_dwf_thorgrim_grudgebearer,general,general,wh3_dlc26_dwf_dwarfs_invasion|wh_main_dwf_dwarfs|wh_main_dwf_dwarfs_qb1|wh_main_dwf_dwarfs_qb2|wh_main_dwf_dwarfs_qb3|wh_main_dwf_dwarfs_qb4,true,false,true,true,false,true,,legendary_lords,wh_main_skill_node_set_dwf_thorgrim,,1,general,false,false,,,,wh3_dlc25_skill_node_dwf_thorgrim_choice_01,wh3_dlc25_skill_dwf_lord_unique_units_infantry_01,Rune-Warded Armour,These armour plates have been girded with runes to ensure the wearer is protected from all manner of attacks.,character_ward_save.png,0,2,0,0,true,0,1,1,Rune-Warded Armour,These armour plates have been girded with runes to ensure the wearer is protected from all manner of attacks.,,,,,,wh_main_effect_character_stat_physical_resistance,Physical resistance: %n%,"Physical Resistance. Damage of non-magical attacks is reduced by this amount, up to a maximum of 90%",character_to_character_own,10,both,280,true,resistance_physical.png,resistance_physical.png,,,,,,,,,,,,,,,,,,,,,,,character_skill_level_to_effects_junctions_tables,wh3_dlc25_skill_dwf_lord_unique_units_infantry_01|wh_main_effect_character_stat_physical_resistance|1|character_to_character_own
node,warhammer_3,8.1.1,24237342,Dwarfs,dwarfs,wh_main_sc_dwf_dwarfs,Thorgrim Grudgebearer,Thorgrim_Grudgebearer,legendary_lord,wh_main_dwf_thorgrim_grudgebearer,general,general,wh3_dlc26_dwf_dwarfs_invasion|wh_main_dwf_dwarfs|wh_main_dwf_dwarfs_qb1|wh_main_dwf_dwarfs_qb2|wh_main_dwf_dwarfs_qb3|wh_main_dwf_dwarfs_qb4,true,false,true,true,false,true,,legendary_lords,wh_main_skill_node_set_dwf_thorgrim,,1,general,false,false,,,,wh_main_skill_node_dwf_thorgrim_self_01,wh_main_skill_all_lord_self_full_plate_armour_starter,Full Plate Armour,Full-Plate armour protects the wearer from head-to-foot. Many such suits are blessed or imbued with arcane abilities.,character_armour.png,0,3,0,0,true,0,1,,,,,,,,,,,,,,,,,,,,,,,,,,,,,,,,,,,,,,,,,character_skill_nodes_tables,wh_main_skill_node_dwf_thorgrim_self_01
effect,warhammer_3,8.1.1,24237342,Dwarfs,dwarfs,wh_main_sc_dwf_dwarfs,Thorgrim Grudgebearer,Thorgrim_Grudgebearer,legendary_lord,wh_main_dwf_thorgrim_grudgebearer,general,general,wh3_dlc26_dwf_dwarfs_invasion|wh_main_dwf_dwarfs|wh_main_dwf_dwarfs_qb1|wh_main_dwf_dwarfs_qb2|wh_main_dwf_dwarfs_qb3|wh_main_dwf_dwarfs_qb4,true,false,true,true,false,true,,legendary_lords,wh_main_skill_node_set_dwf_thorgrim,,1,general,false,false,,,,wh_main_skill_node_dwf_thorgrim_self_01,wh_main_skill_all_lord_self_full_plate_armour_starter,Full Plate Armour,Full-Plate armour protects the wearer from head-to-foot. Many such suits are blessed or imbued with arcane abilities.,character_armour.png,0,3,0,0,true,0,1,1,Full Plate Armour,Full-Plate armour protects the wearer from head-to-foot. Many such suits are blessed or imbued with arcane abilities.,,,,,,wh_main_effect_character_stat_armour,Armour: %+n,,character_to_character_own,6,both,100,true,armour_character.png,armour_character.png,,,,,,,,,,,,,,,,,,,,,,,character_skill_level_to_effects_junctions_tables,wh_main_skill_all_lord_self_full_plate_armour_starter|wh_main_effect_character_stat_armour|1|character_to_character_own
node,warhammer_3,8.1.1,24237342,Dwarfs,dwarfs,wh_main_sc_dwf_dwarfs,Thorgrim Grudgebearer,Thorgrim_Grudgebearer,legendary_lord,wh_main_dwf_thorgrim_grudgebearer,general,general,wh3_dlc26_dwf_dwarfs_invasion|wh_main_dwf_dwarfs|wh_main_dwf_dwarfs_qb1|wh_main_dwf_dwarfs_qb2|wh_main_dwf_dwarfs_qb3|wh_main_dwf_dwarfs_qb4,true,false,true,true,false,true,,legendary_lords,wh_main_skill_node_set_dwf_thorgrim,,1,general,false,false,,,,wh_main_skill_node_dwf_thorgrim_battle_01,wh_main_skill_all_lord_battle_inspiring_presence,Inspiring Presence,"There are Lords that radiate power, confidence and fear, inspiring their followers to great or terrible acts.",battle_morale.png,0,4,0,0,true,0,1,,,,,,,,,,,,,,,,,,,,,,,,,,,,,,,,,,,,,,,,,character_skill_nodes_tables,wh_main_skill_node_dwf_thorgrim_battle_01
effect,warhammer_3,8.1.1,24237342,Dwarfs,dwarfs,wh_main_sc_dwf_dwarfs,Thorgrim Grudgebearer,Thorgrim_Grudgebearer,legendary_lord,wh_main_dwf_thorgrim_grudgebearer,general,general,wh3_dlc26_dwf_dwarfs_invasion|wh_main_dwf_dwarfs|wh_main_dwf_dwarfs_qb1|wh_main_dwf_dwarfs_qb2|wh_main_dwf_dwarfs_qb3|wh_main_dwf_dwarfs_qb4,true,false,true,true,false,true,,legendary_lords,wh_main_skill_node_set_dwf_thorgrim,,1,general,false,false,,,,wh_main_skill_node_dwf_thorgrim_battle_01,wh_main_skill_all_lord_battle_inspiring_presence,Inspiring Presence,"There are Lords that radiate power, confidence and fear, inspiring their followers to great or terrible acts.",battle_morale.png,0,4,0,0,true,0,1,1,Inspiring Presence,"There are Lords that radiate power, confidence and fear, inspiring their followers to great or terrible acts.",,,,,,wh_main_effect_agent_action_outcome_parent_army_xp_gain,Unit experience gain per turn: %+n,,general_to_force_own,75,campaign,10,true,experience.png,experience.png,,,,,,,,,,,,,,,,,,,,,,,character_skill_level_to_effects_junctions_tables,wh_main_skill_all_lord_battle_inspiring_presence|wh_main_effect_agent_action_outcome_parent_army_xp_gain|1|general_to_force_own
effect,warhammer_3,8.1.1,24237342,Dwarfs,dwarfs,wh_main_sc_dwf_dwarfs,Thorgrim Grudgebearer,Thorgrim_Grudgebearer,legendary_lord,wh_main_dwf_thorgrim_grudgebearer,general,general,wh3_dlc26_dwf_dwarfs_invasion|wh_main_dwf_dwarfs|wh_main_dwf_dwarfs_qb1|wh_main_dwf_dwarfs_qb2|wh_main_dwf_dwarfs_qb3|wh_main_dwf_dwarfs_qb4,true,false,true,true,false,true,,legendary_lords,wh_main_skill_node_set_dwf_thorgrim,,1,general,false,false,,,,wh_main_skill_node_dwf_thorgrim_battle_01,wh_main_skill_all_lord_battle_inspiring_presence,Inspiring Presence,"There are Lords that radiate power, confidence and fear, inspiring their followers to great or terrible acts.",battle_morale.png,0,4,0,0,true,0,1,1,Inspiring Presence,"There are Lords that radiate power, confidence and fear, inspiring their followers to great or terrible acts.",,,,,,wh_main_effect_character_stat_aura_leadership_effect,Character's aura leadership effect: %+n,Aura. Any unit standing within this character's aura in battle will receive a [[img:icon_morale]][[/img]]leadership bonus.,character_to_character_own,5,battle,260,true,morale_character.png,morale_character.png,,,,,,,,,,,,,,,,,,,,,,,character_skill_level_to_effects_junctions_tables,wh_main_skill_all_lord_battle_inspiring_presence|wh_main_effect_character_stat_aura_leadership_effect|1|character_to_character_own
node,warhammer_3,8.1.1,24237342,Dwarfs,dwarfs,wh_main_sc_dwf_dwarfs,Thorgrim Grudgebearer,Thorgrim_Grudgebearer,legendary_lord,wh_main_dwf_thorgrim_grudgebearer,general,general,wh3_dlc26_dwf_dwarfs_invasion|wh_main_dwf_dwarfs|wh_main_dwf_dwarfs_qb1|wh_main_dwf_dwarfs_qb2|wh_main_dwf_dwarfs_qb3|wh_main_dwf_dwarfs_qb4,true,false,true,true,false,true,,legendary_lords,wh_main_skill_node_set_dwf_thorgrim,,1,general,false,false,,,,wh_main_skill_node_dwf_thorgrim_campaign_01,wh_main_skill_all_lord_campaign_route_marcher,Route Marcher,Those who know the land and its secrets will travel faster and further than the foes who don't.,campaign_movement.png,0,5,0,0,true,0,1,,,,,,,,,,,,,,,,,,,,,,,,,,,,,,,,,,,,,,,,,character_skill_nodes_tables,wh_main_skill_node_dwf_thorgrim_campaign_01
effect,warhammer_3,8.1.1,24237342,Dwarfs,dwarfs,wh_main_sc_dwf_dwarfs,Thorgrim Grudgebearer,Thorgrim_Grudgebearer,legendary_lord,wh_main_dwf_thorgrim_grudgebearer,general,general,wh3_dlc26_dwf_dwarfs_invasion|wh_main_dwf_dwarfs|wh_main_dwf_dwarfs_qb1|wh_main_dwf_dwarfs_qb2|wh_main_dwf_dwarfs_qb3|wh_main_dwf_dwarfs_qb4,true,false,true,true,false,true,,legendary_lords,wh_main_skill_node_set_dwf_thorgrim,,1,general,false,false,,,,wh_main_skill_node_dwf_thorgrim_campaign_01,wh_main_skill_all_lord_campaign_route_marcher,Route Marcher,Those who know the land and its secrets will travel faster and further than the foes who don't.,campaign_movement.png,0,5,0,0,true,0,1,1,Route Marcher,Those who know the land and its secrets will travel faster and further than the foes who don't.,,,,,,wh_main_effect_agent_movement_range_mod,Campaign movement range: %+n%,{{tr:campaign_movement_range_additional_tooltip}},character_to_character_own,5,campaign,100,true,campaign_movement.png,campaign_movement.png,,,,,,,,,,,,,,,,,,,,,,,character_skill_level_to_effects_junctions_tables,wh_main_skill_all_lord_campaign_route_marcher|wh_main_effect_agent_movement_range_mod|1|character_to_character_own
node,warhammer_3,8.1.1,24237342,Dwarfs,dwarfs,wh_main_sc_dwf_dwarfs,Thorgrim Grudgebearer,Thorgrim_Grudgebearer,legendary_lord,wh_main_dwf_thorgrim_grudgebearer,general,general,wh3_dlc26_dwf_dwarfs_invasion|wh_main_dwf_dwarfs|wh_main_dwf_dwarfs_qb1|wh_main_dwf_dwarfs_qb2|wh_main_dwf_dwarfs_qb3|wh_main_dwf_dwarfs_qb4,true,false,true,true,false,true,,legendary_lords,wh_main_skill_node_set_dwf_thorgrim,,1,general,false,false,,,,wh_main_skill_node_dwf_thorgrim_innate_01,wh_main_skill_innate_dwf_thorgrim_grudgebearer,High King,This is my edict as High King! Khazukan Kazakit-ha!,trait_dwarf.png,0,6,1,0,false,0,1,,,,,,,,,,,,,,,,,,,,,,,,,,,,,,,,,,,,,,,,,character_skill_nodes_tables,wh_main_skill_node_dwf_thorgrim_innate_01
effect,warhammer_3,8.1.1,24237342,Dwarfs,dwarfs,wh_main_sc_dwf_dwarfs,Thorgrim Grudgebearer,Thorgrim_Grudgebearer,legendary_lord,wh_main_dwf_thorgrim_grudgebearer,general,general,wh3_dlc26_dwf_dwarfs_invasion|wh_main_dwf_dwarfs|wh_main_dwf_dwarfs_qb1|wh_main_dwf_dwarfs_qb2|wh_main_dwf_dwarfs_qb3|wh_main_dwf_dwarfs_qb4,true,false,true,true,false,true,,legendary_lords,wh_main_skill_node_set_dwf_thorgrim,,1,general,false,false,,,,wh_main_skill_node_dwf_thorgrim_innate_01,wh_main_skill_innate_dwf_thorgrim_grudgebearer,High King,This is my edict as High King! Khazukan Kazakit-ha!,trait_dwarf.png,0,6,1,0,false,0,1,1,High King,This is my edict as High King! Khazukan Kazakit-ha!,,,,,,wh_main_effect_character_stat_leadership_aura_size,Leadership aura size: %+n%,Aura. Any unit standing within this character's aura in battle will receive a [[img:icon_morale]][[/img]]leadership bonus.,character_to_character_own,75,battle,260,true,general_ability.png,general_ability.png,,,,,,,,,,,,,,,,,,,,,,,character_skill_level_to_effects_junctions_tables,wh_main_skill_innate_dwf_thorgrim_grudgebearer|wh_main_effect_character_stat_leadership_aura_size|1|character_to_character_own
effect,warhammer_3,8.1.1,24237342,Dwarfs,dwarfs,wh_main_sc_dwf_dwarfs,Thorgrim Grudgebearer,Thorgrim_Grudgebearer,legendary_lord,wh_main_dwf_thorgrim_grudgebearer,general,general,wh3_dlc26_dwf_dwarfs_invasion|wh_main_dwf_dwarfs|wh_main_dwf_dwarfs_qb1|wh_main_dwf_dwarfs_qb2|wh_main_dwf_dwarfs_qb3|wh_main_dwf_dwarfs_qb4,true,false,true,true,false,true,,legendary_lords,wh_main_skill_node_set_dwf_thorgrim,,1,general,false,false,,,,wh_main_skill_node_dwf_thorgrim_innate_01,wh_main_skill_innate_dwf_thorgrim_grudgebearer,High King,This is my edict as High King! Khazukan Kazakit-ha!,trait_dwarf.png,0,6,1,0,false,0,1,1,High King,This is my edict as High King! Khazukan Kazakit-ha!,,,,,,wh2_dlc17_effect_ability_enable_guardian_hammerers,"Passive ability: ""Guardian"" for Hammerers units",,general_to_force_own,1,battle,310,true,general_ability.png,general_ability.png,,,,,,,,,,,,,,,,,,,,,,,character_skill_level_to_effects_junctions_tables,wh_main_skill_innate_dwf_thorgrim_grudgebearer|wh2_dlc17_effect_ability_enable_guardian_hammerers|1|general_to_force_own
effect,warhammer_3,8.1.1,24237342,Dwarfs,dwarfs,wh_main_sc_dwf_dwarfs,Thorgrim Grudgebearer,Thorgrim_Grudgebearer,legendary_lord,wh_main_dwf_thorgrim_grudgebearer,general,general,wh3_dlc26_dwf_dwarfs_invasion|wh_main_dwf_dwarfs|wh_main_dwf_dwarfs_qb1|wh_main_dwf_dwarfs_qb2|wh_main_dwf_dwarfs_qb3|wh_main_dwf_dwarfs_qb4,true,false,true,true,false,true,,legendary_lords,wh_main_skill_node_set_dwf_thorgrim,,1,general,false,false,,,,wh_main_skill_node_dwf_thorgrim_innate_01,wh_main_skill_innate_dwf_thorgrim_grudgebearer,High King,This is my edict as High King! Khazukan Kazakit-ha!,trait_dwarf.png,0,6,1,0,false,0,1,1,High King,This is my edict as High King! Khazukan Kazakit-ha!,,,,,,wh2_dlc17_effect_physical_resistance_hammerers,Physical resistance: %n% for Hammerers units,,general_to_force_own,15,battle,581,true,resistance_physical.png,resistance_physical.png,,,,,,,,,,,,,,,,,,,,,,,character_skill_level_to_effects_junctions_tables,wh_main_skill_innate_dwf_thorgrim_grudgebearer|wh2_dlc17_effect_physical_resistance_hammerers|1|general_to_force_own
node,warhammer_3,8.1.1,24237342,Dwarfs,dwarfs,wh_main_sc_dwf_dwarfs,Thorgrim Grudgebearer,Thorgrim_Grudgebearer,legendary_lord,wh_main_dwf_thorgrim_grudgebearer,general,general,wh3_dlc26_dwf_dwarfs_invasion|wh_main_dwf_dwarfs|wh_main_dwf_dwarfs_qb1|wh_main_dwf_dwarfs_qb2|wh_main_dwf_dwarfs_qb3|wh_main_dwf_dwarfs_qb4,true,false,true,true,false,true,,legendary_lords,wh_main_skill_node_set_dwf_thorgrim,,1,general,false,false,,,,wh3_main_agent_action_scaling,wh3_main_skill_agent_action_success_scaling,Agent action success modifer,Hidden skill that scales action success/defence chance,mount_hellsteed.png,0,99,0,0,false,0,49,,,,,,,,,,,,,,,,,,,,,,,,,,,,,,,,,,,,,,,,,character_skill_nodes_tables,wh3_main_agent_action_scaling
effect,warhammer_3,8.1.1,24237342,Dwarfs,dwarfs,wh_main_sc_dwf_dwarfs,Thorgrim Grudgebearer,Thorgrim_Grudgebearer,legendary_lord,wh_main_dwf_thorgrim_grudgebearer,general,general,wh3_dlc26_dwf_dwarfs_invasion|wh_main_dwf_dwarfs|wh_main_dwf_dwarfs_qb1|wh_main_dwf_dwarfs_qb2|wh_main_dwf_dwarfs_qb3|wh_main_dwf_dwarfs_qb4,true,false,true,true,false,true,,legendary_lords,wh_main_skill_node_set_dwf_thorgrim,,1,general,false,false,,,,wh3_main_agent_action_scaling,wh3_main_skill_agent_action_success_scaling,Agent action success modifer,Hidden skill that scales action success/defence chance,mount_hellsteed.png,0,99,0,0,false,0,49,1,Agent action success modifer,Hidden skill that scales action success/defence chance,,,,,,wh_main_effect_agent_action_success_chance_enemy_skill,[HIDDEN] Enemy Hero action success chance: %+n% (from skill),,character_to_character_own,-1,campaign,0,true,,,,,,,,,,,,,,,,,,,,,,,,,character_skill_level_to_effects_junctions_tables,wh3_main_skill_agent_action_success_scaling|wh_main_effect_agent_action_success_chance_enemy_skill|1|character_to_character_own
effect,warhammer_3,8.1.1,24237342,Dwarfs,dwarfs,wh_main_sc_dwf_dwarfs,Thorgrim Grudgebearer,Thorgrim_Grudgebearer,legendary_lord,wh_main_dwf_thorgrim_grudgebearer,general,general,wh3_dlc26_dwf_dwarfs_invasion|wh_main_dwf_dwarfs|wh_main_dwf_dwarfs_qb1|wh_main_dwf_dwarfs_qb2|wh_main_dwf_dwarfs_qb3|wh_main_dwf_dwarfs_qb4,true,false,true,true,false,true,,legendary_lords,wh_main_skill_node_set_dwf_thorgrim,,1,general,false,false,,,,wh3_main_agent_action_scaling,wh3_main_skill_agent_action_success_scaling,Agent action success modifer,Hidden skill that scales action success/defence chance,mount_hellsteed.png,0,99,0,0,false,0,49,1,Agent action success modifer,Hidden skill that scales action success/defence chance,,,,,,wh_main_effect_agent_action_success_chance_skill,[HIDDEN] Hero action success chance: %+n% (from skill),,character_to_character_own,1,campaign,0,true,,,,,,,,,,,,,,,,,,,,,,,,,character_skill_level_to_effects_junctions_tables,wh3_main_skill_agent_action_success_scaling|wh_main_effect_agent_action_success_chance_skill|1|character_to_character_own
effect,warhammer_3,8.1.1,24237342,Dwarfs,dwarfs,wh_main_sc_dwf_dwarfs,Thorgrim Grudgebearer,Thorgrim_Grudgebearer,legendary_lord,wh_main_dwf_thorgrim_grudgebearer,general,general,wh3_dlc26_dwf_dwarfs_invasion|wh_main_dwf_dwarfs|wh_main_dwf_dwarfs_qb1|wh_main_dwf_dwarfs_qb2|wh_main_dwf_dwarfs_qb3|wh_main_dwf_dwarfs_qb4,true,false,true,true,false,true,,legendary_lords,wh_main_skill_node_set_dwf_thorgrim,,1,general,false,false,,,,wh3_main_agent_action_scaling,wh3_main_skill_agent_action_success_scaling,Agent action success modifer,Hidden skill that scales action success/defence chance,mount_hellsteed.png,0,99,0,0,false,0,49,2,Agent action success modifer,Hidden skill that scales action success/defence chance,,,,,,wh_main_effect_agent_action_success_chance_enemy_skill,[HIDDEN] Enemy Hero action success chance: %+n% (from skill),,character_to_character_own,-2,campaign,0,true,,,,,,,,,,,,,,,,,,,,,,,,,character_skill_level_to_effects_junctions_tables,wh3_main_skill_agent_action_success_scaling|wh_main_effect_agent_action_success_chance_enemy_skill|2|character_to_character_own
effect,warhammer_3,8.1.1,24237342,Dwarfs,dwarfs,wh_main_sc_dwf_dwarfs,Thorgrim Grudgebearer,Thorgrim_Grudgebearer,legendary_lord,wh_main_dwf_thorgrim_grudgebearer,general,general,wh3_dlc26_dwf_dwarfs_invasion|wh_main_dwf_dwarfs|wh_main_dwf_dwarfs_qb1|wh_main_dwf_dwarfs_qb2|wh_main_dwf_dwarfs_qb3|wh_main_dwf_dwarfs_qb4,true,false,true,true,false,true,,legendary_lords,wh_main_skill_node_set_dwf_thorgrim,,1,general,false,false,,,,wh3_main_agent_action_scaling,wh3_main_skill_agent_action_success_scaling,Agent action success modifer,Hidden skill that scales action success/defence chance,mount_hellsteed.png,0,99,0,0,false,0,49,2,Agent action success modifer,Hidden skill that scales action success/defence chance,,,,,,wh_main_effect_agent_action_success_chance_skill,[HIDDEN] Hero action success chance: %+n% (from skill),,character_to_character_own,2,campaign,0,true,,,,,,,,,,,,,,,,,,,,,,,,,character_skill_level_to_effects_junctions_tables,wh3_main_skill_agent_action_success_scaling|wh_main_effect_agent_action_success_chance_skill|2|character_to_character_own
effect,warhammer_3,8.1.1,24237342,Dwarfs,dwarfs,wh_main_sc_dwf_dwarfs,Thorgrim Grudgebearer,Thorgrim_Grudgebearer,legendary_lord,wh_main_dwf_thorgrim_grudgebearer,general,general,wh3_dlc26_dwf_dwarfs_invasion|wh_main_dwf_dwarfs|wh_main_dwf_dwarfs_qb1|wh_main_dwf_dwarfs_qb2|wh_main_dwf_dwarfs_qb3|wh_main_dwf_dwarfs_qb4,true,false,true,true,false,true,,legendary_lords,wh_main_skill_node_set_dwf_thorgrim,,1,general,false,false,,,,wh3_main_agent_action_scaling,wh3_main_skill_agent_action_success_scaling,Agent action success modifer,Hidden skill that scales action success/defence chance,mount_hellsteed.png,0,99,0,0,false,0,49,3,Agent action success modifer,Hidden skill that scales action success/defence chance,,,,,,wh_main_effect_agent_action_success_chance_enemy_skill,[HIDDEN] Enemy Hero action success chance: %+n% (from skill),,character_to_character_own,-3,campaign,0,true,,,,,,,,,,,,,,,,,,,,,,,,,character_skill_level_to_effects_junctions_tables,wh3_main_skill_agent_action_success_scaling|wh_main_effect_agent_action_success_chance_enemy_skill|3|character_to_character_own
effect,warhammer_3,8.1.1,24237342,Dwarfs,dwarfs,wh_main_sc_dwf_dwarfs,Thorgrim Grudgebearer,Thorgrim_Grudgebearer,legendary_lord,wh_main_dwf_thorgrim_grudgebearer,general,general,wh3_dlc26_dwf_dwarfs_invasion|wh_main_dwf_dwarfs|wh_main_dwf_dwarfs_qb1|wh_main_dwf_dwarfs_qb2|wh_main_dwf_dwarfs_qb3|wh_main_dwf_dwarfs_qb4,true,false,true,true,false,true,,legendary_lords,wh_main_skill_node_set_dwf_thorgrim,,1,general,false,false,,,,wh3_main_agent_action_scaling,wh3_main_skill_agent_action_success_scaling,Agent action success modifer,Hidden skill that scales action success/defence chance,mount_hellsteed.png,0,99,0,0,false,0,49,3,Agent action success modifer,Hidden skill that scales action success/defence chance,,,,,,wh_main_effect_agent_action_success_chance_skill,[HIDDEN] Hero action success chance: %+n% (from skill),,character_to_character_own,3,campaign,0,true,,,,,,,,,,,,,,,,,,,,,,,,,character_skill_level_to_effects_junctions_tables,wh3_main_skill_agent_action_success_scaling|wh_main_effect_agent_action_success_chance_skill|3|character_to_character_own
effect,warhammer_3,8.1.1,24237342,Dwarfs,dwarfs,wh_main_sc_dwf_dwarfs,Thorgrim Grudgebearer,Thorgrim_Grudgebearer,legendary_lord,wh_main_dwf_thorgrim_grudgebearer,general,general,wh3_dlc26_dwf_dwarfs_invasion|wh_main_dwf_dwarfs|wh_main_dwf_dwarfs_qb1|wh_main_dwf_dwarfs_qb2|wh_main_dwf_dwarfs_qb3|wh_main_dwf_dwarfs_qb4,true,false,true,true,false,true,,legendary_lords,wh_main_skill_node_set_dwf_thorgrim,,1,general,false,false,,,,wh3_main_agent_action_scaling,wh3_main_skill_agent_action_success_scaling,Agent action success modifer,Hidden skill that scales action success/defence chance,mount_hellsteed.png,0,99,0,0,false,0,49,4,Agent action success modifer,Hidden skill that scales action success/defence chance,,,,,,wh_main_effect_agent_action_success_chance_enemy_skill,[HIDDEN] Enemy Hero action success chance: %+n% (from skill),,character_to_character_own,-4,campaign,0,true,,,,,,,,,,,,,,,,,,,,,,,,,character_skill_level_to_effects_junctions_tables,wh3_main_skill_agent_action_success_scaling|wh_main_effect_agent_action_success_chance_enemy_skill|4|character_to_character_own
effect,warhammer_3,8.1.1,24237342,Dwarfs,dwarfs,wh_main_sc_dwf_dwarfs,Thorgrim Grudgebearer,Thorgrim_Grudgebearer,legendary_lord,wh_main_dwf_thorgrim_grudgebearer,general,general,wh3_dlc26_dwf_dwarfs_invasion|wh_main_dwf_dwarfs|wh_main_dwf_dwarfs_qb1|wh_main_dwf_dwarfs_qb2|wh_main_dwf_dwarfs_qb3|wh_main_dwf_dwarfs_qb4,true,false,true,true,false,true,,legendary_lords,wh_main_skill_node_set_dwf_thorgrim,,1,general,false,false,,,,wh3_main_agent_action_scaling,wh3_main_skill_agent_action_success_scaling,Agent action success modifer,Hidden skill that scales action success/defence chance,mount_hellsteed.png,0,99,0,0,false,0,49,4,Agent action success modifer,Hidden skill that scales action success/defence chance,,,,,,wh_main_effect_agent_action_success_chance_skill,[HIDDEN] Hero action success chance: %+n% (from skill),,character_to_character_own,4,campaign,0,true,,,,,,,,,,,,,,,,,,,,,,,,,character_skill_level_to_effects_junctions_tables,wh3_main_skill_agent_action_success_scaling|wh_main_effect_agent_action_success_chance_skill|4|character_to_character_own
effect,warhammer_3,8.1.1,24237342,Dwarfs,dwarfs,wh_main_sc_dwf_dwarfs,Thorgrim Grudgebearer,Thorgrim_Grudgebearer,legendary_lord,wh_main_dwf_thorgrim_grudgebearer,general,general,wh3_dlc26_dwf_dwarfs_invasion|wh_main_dwf_dwarfs|wh_main_dwf_dwarfs_qb1|wh_main_dwf_dwarfs_qb2|wh_main_dwf_dwarfs_qb3|wh_main_dwf_dwarfs_qb4,true,false,true,true,false,true,,legendary_lords,wh_main_skill_node_set_dwf_thorgrim,,1,general,false,false,,,,wh3_main_agent_action_scaling,wh3_main_skill_agent_action_success_scaling,Agent action success modifer,Hidden skill that scales action success/defence chance,mount_hellsteed.png,0,99,0,0,false,0,49,5,Agent action success modifer,Hidden skill that scales action success/defence chance,,,,,,wh_main_effect_agent_action_success_chance_enemy_skill,[HIDDEN] Enemy Hero action success chance: %+n% (from skill),,character_to_character_own,-5,campaign,0,true,,,,,,,,,,,,,,,,,,,,,,,,,character_skill_level_to_effects_junctions_tables,wh3_main_skill_agent_action_success_scaling|wh_main_effect_agent_action_success_chance_enemy_skill|5|character_to_character_own
effect,warhammer_3,8.1.1,24237342,Dwarfs,dwarfs,wh_main_sc_dwf_dwarfs,Thorgrim Grudgebearer,Thorgrim_Grudgebearer,legendary_lord,wh_main_dwf_thorgrim_grudgebearer,general,general,wh3_dlc26_dwf_dwarfs_invasion|wh_main_dwf_dwarfs|wh_main_dwf_dwarfs_qb1|wh_main_dwf_dwarfs_qb2|wh_main_dwf_dwarfs_qb3|wh_main_dwf_dwarfs_qb4,true,false,true,true,false,true,,legendary_lords,wh_main_skill_node_set_dwf_thorgrim,,1,general,false,false,,,,wh3_main_agent_action_scaling,wh3_main_skill_agent_action_success_scaling,Agent action success modifer,Hidden skill that scales action success/defence chance,mount_hellsteed.png,0,99,0,0,false,0,49,5,Agent action success modifer,Hidden skill that scales action success/defence chance,,,,,,wh_main_effect_agent_action_success_chance_skill,[HIDDEN] Hero action success chance: %+n% (from skill),,character_to_character_own,5,campaign,0,true,,,,,,,,,,,,,,,,,,,,,,,,,character_skill_level_to_effects_junctions_tables,wh3_main_skill_agent_action_success_scaling|wh_main_effect_agent_action_success_chance_skill|5|character_to_character_own
effect,warhammer_3,8.1.1,24237342,Dwarfs,dwarfs,wh_main_sc_dwf_dwarfs,Thorgrim Grudgebearer,Thorgrim_Grudgebearer,legendary_lord,wh_main_dwf_thorgrim_grudgebearer,general,general,wh3_dlc26_dwf_dwarfs_invasion|wh_main_dwf_dwarfs|wh_main_dwf_dwarfs_qb1|wh_main_dwf_dwarfs_qb2|wh_main_dwf_dwarfs_qb3|wh_main_dwf_dwarfs_qb4,true,false,true,true,false,true,,legendary_lords,wh_main_skill_node_set_dwf_thorgrim,,1,general,false,false,,,,wh3_main_agent_action_scaling,wh3_main_skill_agent_action_success_scaling,Agent action success modifer,Hidden skill that scales action success/defence chance,mount_hellsteed.png,0,99,0,0,false,0,49,6,Agent action success modifer,Hidden skill that scales action success/defence chance,,,,,,wh_main_effect_agent_action_success_chance_enemy_skill,[HIDDEN] Enemy Hero action success chance: %+n% (from skill),,character_to_character_own,-6,campaign,0,true,,,,,,,,,,,,,,,,,,,,,,,,,character_skill_level_to_effects_junctions_tables,wh3_main_skill_agent_action_success_scaling|wh_main_effect_agent_action_success_chance_enemy_skill|6|character_to_character_own
effect,warhammer_3,8.1.1,24237342,Dwarfs,dwarfs,wh_main_sc_dwf_dwarfs,Thorgrim Grudgebearer,Thorgrim_Grudgebearer,legendary_lord,wh_main_dwf_thorgrim_grudgebearer,general,general,wh3_dlc26_dwf_dwarfs_invasion|wh_main_dwf_dwarfs|wh_main_dwf_dwarfs_qb1|wh_main_dwf_dwarfs_qb2|wh_main_dwf_dwarfs_qb3|wh_main_dwf_dwarfs_qb4,true,false,true,true,false,true,,legendary_lords,wh_main_skill_node_set_dwf_thorgrim,,1,general,false,false,,,,wh3_main_agent_action_scaling,wh3_main_skill_agent_action_success_scaling,Agent action success modifer,Hidden skill that scales action success/defence chance,mount_hellsteed.png,0,99,0,0,false,0,49,6,Agent action success modifer,Hidden skill that scales action success/defence chance,,,,,,wh_main_effect_agent_action_success_chance_skill,[HIDDEN] Hero action success chance: %+n% (from skill),,character_to_character_own,6,campaign,0,true,,,,,,,,,,,,,,,,,,,,,,,,,character_skill_level_to_effects_junctions_tables,wh3_main_skill_agent_action_success_scaling|wh_main_effect_agent_action_success_chance_skill|6|character_to_character_own
effect,warhammer_3,8.1.1,24237342,Dwarfs,dwarfs,wh_main_sc_dwf_dwarfs,Thorgrim Grudgebearer,Thorgrim_Grudgebearer,legendary_lord,wh_main_dwf_thorgrim_grudgebearer,general,general,wh3_dlc26_dwf_dwarfs_invasion|wh_main_dwf_dwarfs|wh_main_dwf_dwarfs_qb1|wh_main_dwf_dwarfs_qb2|wh_main_dwf_dwarfs_qb3|wh_main_dwf_dwarfs_qb4,true,false,true,true,false,true,,legendary_lords,wh_main_skill_node_set_dwf_thorgrim,,1,general,false,false,,,,wh3_main_agent_action_scaling,wh3_main_skill_agent_action_success_scaling,Agent action success modifer,Hidden skill that scales action success/defence chance,mount_hellsteed.png,0,99,0,0,false,0,49,7,Agent action success modifer,Hidden skill that scales action success/defence chance,,,,,,wh_main_effect_agent_action_success_chance_enemy_skill,[HIDDEN] Enemy Hero action success chance: %+n% (from skill),,character_to_character_own,-7,campaign,0,true,,,,,,,,,,,,,,,,,,,,,,,,,character_skill_level_to_effects_junctions_tables,wh3_main_skill_agent_action_success_scaling|wh_main_effect_agent_action_success_chance_enemy_skill|7|character_to_character_own
effect,warhammer_3,8.1.1,24237342,Dwarfs,dwarfs,wh_main_sc_dwf_dwarfs,Thorgrim Grudgebearer,Thorgrim_Grudgebearer,legendary_lord,wh_main_dwf_thorgrim_grudgebearer,general,general,wh3_dlc26_dwf_dwarfs_invasion|wh_main_dwf_dwarfs|wh_main_dwf_dwarfs_qb1|wh_main_dwf_dwarfs_qb2|wh_main_dwf_dwarfs_qb3|wh_main_dwf_dwarfs_qb4,true,false,true,true,false,true,,legendary_lords,wh_main_skill_node_set_dwf_thorgrim,,1,general,false,false,,,,wh3_main_agent_action_scaling,wh3_main_skill_agent_action_success_scaling,Agent action success modifer,Hidden skill that scales action success/defence chance,mount_hellsteed.png,0,99,0,0,false,0,49,7,Agent action success modifer,Hidden skill that scales action success/defence chance,,,,,,wh_main_effect_agent_action_success_chance_skill,[HIDDEN] Hero action success chance: %+n% (from skill),,character_to_character_own,7,campaign,0,true,,,,,,,,,,,,,,,,,,,,,,,,,character_skill_level_to_effects_junctions_tables,wh3_main_skill_agent_action_success_scaling|wh_main_effect_agent_action_success_chance_skill|7|character_to_character_own
effect,warhammer_3,8.1.1,24237342,Dwarfs,dwarfs,wh_main_sc_dwf_dwarfs,Thorgrim Grudgebearer,Thorgrim_Grudgebearer,legendary_lord,wh_main_dwf_thorgrim_grudgebearer,general,general,wh3_dlc26_dwf_dwarfs_invasion|wh_main_dwf_dwarfs|wh_main_dwf_dwarfs_qb1|wh_main_dwf_dwarfs_qb2|wh_main_dwf_dwarfs_qb3|wh_main_dwf_dwarfs_qb4,true,false,true,true,false,true,,legendary_lords,wh_main_skill_node_set_dwf_thorgrim,,1,general,false,false,,,,wh3_main_agent_action_scaling,wh3_main_skill_agent_action_success_scaling,Agent action success modifer,Hidden skill that scales action success/defence chance,mount_hellsteed.png,0,99,0,0,false,0,49,8,Agent action success modifer,Hidden skill that scales action success/defence chance,,,,,,wh_main_effect_agent_action_success_chance_enemy_skill,[HIDDEN] Enemy Hero action success chance: %+n% (from skill),,character_to_character_own,-8,campaign,0,true,,,,,,,,,,,,,,,,,,,,,,,,,character_skill_level_to_effects_junctions_tables,wh3_main_skill_agent_action_success_scaling|wh_main_effect_agent_action_success_chance_enemy_skill|8|character_to_character_own
effect,warhammer_3,8.1.1,24237342,Dwarfs,dwarfs,wh_main_sc_dwf_dwarfs,Thorgrim Grudgebearer,Thorgrim_Grudgebearer,legendary_lord,wh_main_dwf_thorgrim_grudgebearer,general,general,wh3_dlc26_dwf_dwarfs_invasion|wh_main_dwf_dwarfs|wh_main_dwf_dwarfs_qb1|wh_main_dwf_dwarfs_qb2|wh_main_dwf_dwarfs_qb3|wh_main_dwf_dwarfs_qb4,true,false,true,true,false,true,,legendary_lords,wh_main_skill_node_set_dwf_thorgrim,,1,general,false,false,,,,wh3_main_agent_action_scaling,wh3_main_skill_agent_action_success_scaling,Agent action success modifer,Hidden skill that scales action success/defence chance,mount_hellsteed.png,0,99,0,0,false,0,49,8,Agent action success modifer,Hidden skill that scales action success/defence chance,,,,,,wh_main_effect_agent_action_success_chance_skill,[HIDDEN] Hero action success chance: %+n% (from skill),,character_to_character_own,8,campaign,0,true,,,,,,,,,,,,,,,,,,,,,,,,,character_skill_level_to_effects_junctions_tables,wh3_main_skill_agent_action_success_scaling|wh_main_effect_agent_action_success_chance_skill|8|character_to_character_own
effect,warhammer_3,8.1.1,24237342,Dwarfs,dwarfs,wh_main_sc_dwf_dwarfs,Thorgrim Grudgebearer,Thorgrim_Grudgebearer,legendary_lord,wh_main_dwf_thorgrim_grudgebearer,general,general,wh3_dlc26_dwf_dwarfs_invasion|wh_main_dwf_dwarfs|wh_main_dwf_dwarfs_qb1|wh_main_dwf_dwarfs_qb2|wh_main_dwf_dwarfs_qb3|wh_main_dwf_dwarfs_qb4,true,false,true,true,false,true,,legendary_lords,wh_main_skill_node_set_dwf_thorgrim,,1,general,false,false,,,,wh3_main_agent_action_scaling,wh3_main_skill_agent_action_success_scaling,Agent action success modifer,Hidden skill that scales action success/defence chance,mount_hellsteed.png,0,99,0,0,false,0,49,9,Agent action success modifer,Hidden skill that scales action success/defence chance,,,,,,wh_main_effect_agent_action_success_chance_enemy_skill,[HIDDEN] Enemy Hero action success chance: %+n% (from skill),,character_to_character_own,-9,campaign,0,true,,,,,,,,,,,,,,,,,,,,,,,,,character_skill_level_to_effects_junctions_tables,wh3_main_skill_agent_action_success_scaling|wh_main_effect_agent_action_success_chance_enemy_skill|9|character_to_character_own
effect,warhammer_3,8.1.1,24237342,Dwarfs,dwarfs,wh_main_sc_dwf_dwarfs,Thorgrim Grudgebearer,Thorgrim_Grudgebearer,legendary_lord,wh_main_dwf_thorgrim_grudgebearer,general,general,wh3_dlc26_dwf_dwarfs_invasion|wh_main_dwf_dwarfs|wh_main_dwf_dwarfs_qb1|wh_main_dwf_dwarfs_qb2|wh_main_dwf_dwarfs_qb3|wh_main_dwf_dwarfs_qb4,true,false,true,true,false,true,,legendary_lords,wh_main_skill_node_set_dwf_thorgrim,,1,general,false,false,,,,wh3_main_agent_action_scaling,wh3_main_skill_agent_action_success_scaling,Agent action success modifer,Hidden skill that scales action success/defence chance,mount_hellsteed.png,0,99,0,0,false,0,49,9,Agent action success modifer,Hidden skill that scales action success/defence chance,,,,,,wh_main_effect_agent_action_success_chance_skill,[HIDDEN] Hero action success chance: %+n% (from skill),,character_to_character_own,9,campaign,0,true,,,,,,,,,,,,,,,,,,,,,,,,,character_skill_level_to_effects_junctions_tables,wh3_main_skill_agent_action_success_scaling|wh_main_effect_agent_action_success_chance_skill|9|character_to_character_own
effect,warhammer_3,8.1.1,24237342,Dwarfs,dwarfs,wh_main_sc_dwf_dwarfs,Thorgrim Grudgebearer,Thorgrim_Grudgebearer,legendary_lord,wh_main_dwf_thorgrim_grudgebearer,general,general,wh3_dlc26_dwf_dwarfs_invasion|wh_main_dwf_dwarfs|wh_main_dwf_dwarfs_qb1|wh_main_dwf_dwarfs_qb2|wh_main_dwf_dwarfs_qb3|wh_main_dwf_dwarfs_qb4,true,false,true,true,false,true,,legendary_lords,wh_main_skill_node_set_dwf_thorgrim,,1,general,false,false,,,,wh3_main_agent_action_scaling,wh3_main_skill_agent_action_success_scaling,Agent action success modifer,Hidden skill that scales action success/defence chance,mount_hellsteed.png,0,99,0,0,false,0,49,10,Agent action success modifer,Hidden skill that scales action success/defence chance,,,,,,wh_main_effect_agent_action_success_chance_enemy_skill,[HIDDEN] Enemy Hero action success chance: %+n% (from skill),,character_to_character_own,-10,campaign,0,true,,,,,,,,,,,,,,,,,,,,,,,,,character_skill_level_to_effects_junctions_tables,wh3_main_skill_agent_action_success_scaling|wh_main_effect_agent_action_success_chance_enemy_skill|10|character_to_character_own
effect,warhammer_3,8.1.1,24237342,Dwarfs,dwarfs,wh_main_sc_dwf_dwarfs,Thorgrim Grudgebearer,Thorgrim_Grudgebearer,legendary_lord,wh_main_dwf_thorgrim_grudgebearer,general,general,wh3_dlc26_dwf_dwarfs_invasion|wh_main_dwf_dwarfs|wh_main_dwf_dwarfs_qb1|wh_main_dwf_dwarfs_qb2|wh_main_dwf_dwarfs_qb3|wh_main_dwf_dwarfs_qb4,true,false,true,true,false,true,,legendary_lords,wh_main_skill_node_set_dwf_thorgrim,,1,general,false,false,,,,wh3_main_agent_action_scaling,wh3_main_skill_agent_action_success_scaling,Agent action success modifer,Hidden skill that scales action success/defence chance,mount_hellsteed.png,0,99,0,0,false,0,49,10,Agent action success modifer,Hidden skill that scales action success/defence chance,,,,,,wh_main_effect_agent_action_success_chance_skill,[HIDDEN] Hero action success chance: %+n% (from skill),,character_to_character_own,10,campaign,0,true,,,,,,,,,,,,,,,,,,,,,,,,,character_skill_level_to_effects_junctions_tables,wh3_main_skill_agent_action_success_scaling|wh_main_effect_agent_action_success_chance_skill|10|character_to_character_own
effect,warhammer_3,8.1.1,24237342,Dwarfs,dwarfs,wh_main_sc_dwf_dwarfs,Thorgrim Grudgebearer,Thorgrim_Grudgebearer,legendary_lord,wh_main_dwf_thorgrim_grudgebearer,general,general,wh3_dlc26_dwf_dwarfs_invasion|wh_main_dwf_dwarfs|wh_main_dwf_dwarfs_qb1|wh_main_dwf_dwarfs_qb2|wh_main_dwf_dwarfs_qb3|wh_main_dwf_dwarfs_qb4,true,false,true,true,false,true,,legendary_lords,wh_main_skill_node_set_dwf_thorgrim,,1,general,false,false,,,,wh3_main_agent_action_scaling,wh3_main_skill_agent_action_success_scaling,Agent action success modifer,Hidden skill that scales action success/defence chance,mount_hellsteed.png,0,99,0,0,false,0,49,11,Agent action success modifer,Hidden skill that scales action success/defence chance,,,,,,wh_main_effect_agent_action_success_chance_enemy_skill,[HIDDEN] Enemy Hero action success chance: %+n% (from skill),,character_to_character_own,-11,campaign,0,true,,,,,,,,,,,,,,,,,,,,,,,,,character_skill_level_to_effects_junctions_tables,wh3_main_skill_agent_action_success_scaling|wh_main_effect_agent_action_success_chance_enemy_skill|11|character_to_character_own
effect,warhammer_3,8.1.1,24237342,Dwarfs,dwarfs,wh_main_sc_dwf_dwarfs,Thorgrim Grudgebearer,Thorgrim_Grudgebearer,legendary_lord,wh_main_dwf_thorgrim_grudgebearer,general,general,wh3_dlc26_dwf_dwarfs_invasion|wh_main_dwf_dwarfs|wh_main_dwf_dwarfs_qb1|wh_main_dwf_dwarfs_qb2|wh_main_dwf_dwarfs_qb3|wh_main_dwf_dwarfs_qb4,true,false,true,true,false,true,,legendary_lords,wh_main_skill_node_set_dwf_thorgrim,,1,general,false,false,,,,wh3_main_agent_action_scaling,wh3_main_skill_agent_action_success_scaling,Agent action success modifer,Hidden skill that scales action success/defence chance,mount_hellsteed.png,0,99,0,0,false,0,49,11,Agent action success modifer,Hidden skill that scales action success/defence chance,,,,,,wh_main_effect_agent_action_success_chance_skill,[HIDDEN] Hero action success chance: %+n% (from skill),,character_to_character_own,11,campaign,0,true,,,,,,,,,,,,,,,,,,,,,,,,,character_skill_level_to_effects_junctions_tables,wh3_main_skill_agent_action_success_scaling|wh_main_effect_agent_action_success_chance_skill|11|character_to_character_own
effect,warhammer_3,8.1.1,24237342,Dwarfs,dwarfs,wh_main_sc_dwf_dwarfs,Thorgrim Grudgebearer,Thorgrim_Grudgebearer,legendary_lord,wh_main_dwf_thorgrim_grudgebearer,general,general,wh3_dlc26_dwf_dwarfs_invasion|wh_main_dwf_dwarfs|wh_main_dwf_dwarfs_qb1|wh_main_dwf_dwarfs_qb2|wh_main_dwf_dwarfs_qb3|wh_main_dwf_dwarfs_qb4,true,false,true,true,false,true,,legendary_lords,wh_main_skill_node_set_dwf_thorgrim,,1,general,false,false,,,,wh3_main_agent_action_scaling,wh3_main_skill_agent_action_success_scaling,Agent action success modifer,Hidden skill that scales action success/defence chance,mount_hellsteed.png,0,99,0,0,false,0,49,12,Agent action success modifer,Hidden skill that scales action success/defence chance,,,,,,wh_main_effect_agent_action_success_chance_enemy_skill,[HIDDEN] Enemy Hero action success chance: %+n% (from skill),,character_to_character_own,-12,campaign,0,true,,,,,,,,,,,,,,,,,,,,,,,,,character_skill_level_to_effects_junctions_tables,wh3_main_skill_agent_action_success_scaling|wh_main_effect_agent_action_success_chance_enemy_skill|12|character_to_character_own
effect,warhammer_3,8.1.1,24237342,Dwarfs,dwarfs,wh_main_sc_dwf_dwarfs,Thorgrim Grudgebearer,Thorgrim_Grudgebearer,legendary_lord,wh_main_dwf_thorgrim_grudgebearer,general,general,wh3_dlc26_dwf_dwarfs_invasion|wh_main_dwf_dwarfs|wh_main_dwf_dwarfs_qb1|wh_main_dwf_dwarfs_qb2|wh_main_dwf_dwarfs_qb3|wh_main_dwf_dwarfs_qb4,true,false,true,true,false,true,,legendary_lords,wh_main_skill_node_set_dwf_thorgrim,,1,general,false,false,,,,wh3_main_agent_action_scaling,wh3_main_skill_agent_action_success_scaling,Agent action success modifer,Hidden skill that scales action success/defence chance,mount_hellsteed.png,0,99,0,0,false,0,49,12,Agent action success modifer,Hidden skill that scales action success/defence chance,,,,,,wh_main_effect_agent_action_success_chance_skill,[HIDDEN] Hero action success chance: %+n% (from skill),,character_to_character_own,12,campaign,0,true,,,,,,,,,,,,,,,,,,,,,,,,,character_skill_level_to_effects_junctions_tables,wh3_main_skill_agent_action_success_scaling|wh_main_effect_agent_action_success_chance_skill|12|character_to_character_own
effect,warhammer_3,8.1.1,24237342,Dwarfs,dwarfs,wh_main_sc_dwf_dwarfs,Thorgrim Grudgebearer,Thorgrim_Grudgebearer,legendary_lord,wh_main_dwf_thorgrim_grudgebearer,general,general,wh3_dlc26_dwf_dwarfs_invasion|wh_main_dwf_dwarfs|wh_main_dwf_dwarfs_qb1|wh_main_dwf_dwarfs_qb2|wh_main_dwf_dwarfs_qb3|wh_main_dwf_dwarfs_qb4,true,false,true,true,false,true,,legendary_lords,wh_main_skill_node_set_dwf_thorgrim,,1,general,false,false,,,,wh3_main_agent_action_scaling,wh3_main_skill_agent_action_success_scaling,Agent action success modifer,Hidden skill that scales action success/defence chance,mount_hellsteed.png,0,99,0,0,false,0,49,13,Agent action success modifer,Hidden skill that scales action success/defence chance,,,,,,wh_main_effect_agent_action_success_chance_enemy_skill,[HIDDEN] Enemy Hero action success chance: %+n% (from skill),,character_to_character_own,-13,campaign,0,true,,,,,,,,,,,,,,,,,,,,,,,,,character_skill_level_to_effects_junctions_tables,wh3_main_skill_agent_action_success_scaling|wh_main_effect_agent_action_success_chance_enemy_skill|13|character_to_character_own
effect,warhammer_3,8.1.1,24237342,Dwarfs,dwarfs,wh_main_sc_dwf_dwarfs,Thorgrim Grudgebearer,Thorgrim_Grudgebearer,legendary_lord,wh_main_dwf_thorgrim_grudgebearer,general,general,wh3_dlc26_dwf_dwarfs_invasion|wh_main_dwf_dwarfs|wh_main_dwf_dwarfs_qb1|wh_main_dwf_dwarfs_qb2|wh_main_dwf_dwarfs_qb3|wh_main_dwf_dwarfs_qb4,true,false,true,true,false,true,,legendary_lords,wh_main_skill_node_set_dwf_thorgrim,,1,general,false,false,,,,wh3_main_agent_action_scaling,wh3_main_skill_agent_action_success_scaling,Agent action success modifer,Hidden skill that scales action success/defence chance,mount_hellsteed.png,0,99,0,0,false,0,49,13,Agent action success modifer,Hidden skill that scales action success/defence chance,,,,,,wh_main_effect_agent_action_success_chance_skill,[HIDDEN] Hero action success chance: %+n% (from skill),,character_to_character_own,13,campaign,0,true,,,,,,,,,,,,,,,,,,,,,,,,,character_skill_level_to_effects_junctions_tables,wh3_main_skill_agent_action_success_scaling|wh_main_effect_agent_action_success_chance_skill|13|character_to_character_own
effect,warhammer_3,8.1.1,24237342,Dwarfs,dwarfs,wh_main_sc_dwf_dwarfs,Thorgrim Grudgebearer,Thorgrim_Grudgebearer,legendary_lord,wh_main_dwf_thorgrim_grudgebearer,general,general,wh3_dlc26_dwf_dwarfs_invasion|wh_main_dwf_dwarfs|wh_main_dwf_dwarfs_qb1|wh_main_dwf_dwarfs_qb2|wh_main_dwf_dwarfs_qb3|wh_main_dwf_dwarfs_qb4,true,false,true,true,false,true,,legendary_lords,wh_main_skill_node_set_dwf_thorgrim,,1,general,false,false,,,,wh3_main_agent_action_scaling,wh3_main_skill_agent_action_success_scaling,Agent action success modifer,Hidden skill that scales action success/defence chance,mount_hellsteed.png,0,99,0,0,false,0,49,14,Agent action success modifer,Hidden skill that scales action success/defence chance,,,,,,wh_main_effect_agent_action_success_chance_enemy_skill,[HIDDEN] Enemy Hero action success chance: %+n% (from skill),,character_to_character_own,-14,campaign,0,true,,,,,,,,,,,,,,,,,,,,,,,,,character_skill_level_to_effects_junctions_tables,wh3_main_skill_agent_action_success_scaling|wh_main_effect_agent_action_success_chance_enemy_skill|14|character_to_character_own
effect,warhammer_3,8.1.1,24237342,Dwarfs,dwarfs,wh_main_sc_dwf_dwarfs,Thorgrim Grudgebearer,Thorgrim_Grudgebearer,legendary_lord,wh_main_dwf_thorgrim_grudgebearer,general,general,wh3_dlc26_dwf_dwarfs_invasion|wh_main_dwf_dwarfs|wh_main_dwf_dwarfs_qb1|wh_main_dwf_dwarfs_qb2|wh_main_dwf_dwarfs_qb3|wh_main_dwf_dwarfs_qb4,true,false,true,true,false,true,,legendary_lords,wh_main_skill_node_set_dwf_thorgrim,,1,general,false,false,,,,wh3_main_agent_action_scaling,wh3_main_skill_agent_action_success_scaling,Agent action success modifer,Hidden skill that scales action success/defence chance,mount_hellsteed.png,0,99,0,0,false,0,49,14,Agent action success modifer,Hidden skill that scales action success/defence chance,,,,,,wh_main_effect_agent_action_success_chance_skill,[HIDDEN] Hero action success chance: %+n% (from skill),,character_to_character_own,14,campaign,0,true,,,,,,,,,,,,,,,,,,,,,,,,,character_skill_level_to_effects_junctions_tables,wh3_main_skill_agent_action_success_scaling|wh_main_effect_agent_action_success_chance_skill|14|character_to_character_own
effect,warhammer_3,8.1.1,24237342,Dwarfs,dwarfs,wh_main_sc_dwf_dwarfs,Thorgrim Grudgebearer,Thorgrim_Grudgebearer,legendary_lord,wh_main_dwf_thorgrim_grudgebearer,general,general,wh3_dlc26_dwf_dwarfs_invasion|wh_main_dwf_dwarfs|wh_main_dwf_dwarfs_qb1|wh_main_dwf_dwarfs_qb2|wh_main_dwf_dwarfs_qb3|wh_main_dwf_dwarfs_qb4,true,false,true,true,false,true,,legendary_lords,wh_main_skill_node_set_dwf_thorgrim,,1,general,false,false,,,,wh3_main_agent_action_scaling,wh3_main_skill_agent_action_success_scaling,Agent action success modifer,Hidden skill that scales action success/defence chance,mount_hellsteed.png,0,99,0,0,false,0,49,15,Agent action success modifer,Hidden skill that scales action success/defence chance,,,,,,wh_main_effect_agent_action_success_chance_enemy_skill,[HIDDEN] Enemy Hero action success chance: %+n% (from skill),,character_to_character_own,-15,campaign,0,true,,,,,,,,,,,,,,,,,,,,,,,,,character_skill_level_to_effects_junctions_tables,wh3_main_skill_agent_action_success_scaling|wh_main_effect_agent_action_success_chance_enemy_skill|15|character_to_character_own
effect,warhammer_3,8.1.1,24237342,Dwarfs,dwarfs,wh_main_sc_dwf_dwarfs,Thorgrim Grudgebearer,Thorgrim_Grudgebearer,legendary_lord,wh_main_dwf_thorgrim_grudgebearer,general,general,wh3_dlc26_dwf_dwarfs_invasion|wh_main_dwf_dwarfs|wh_main_dwf_dwarfs_qb1|wh_main_dwf_dwarfs_qb2|wh_main_dwf_dwarfs_qb3|wh_main_dwf_dwarfs_qb4,true,false,true,true,false,true,,legendary_lords,wh_main_skill_node_set_dwf_thorgrim,,1,general,false,false,,,,wh3_main_agent_action_scaling,wh3_main_skill_agent_action_success_scaling,Agent action success modifer,Hidden skill that scales action success/defence chance,mount_hellsteed.png,0,99,0,0,false,0,49,15,Agent action success modifer,Hidden skill that scales action success/defence chance,,,,,,wh_main_effect_agent_action_success_chance_skill,[HIDDEN] Hero action success chance: %+n% (from skill),,character_to_character_own,15,campaign,0,true,,,,,,,,,,,,,,,,,,,,,,,,,character_skill_level_to_effects_junctions_tables,wh3_main_skill_agent_action_success_scaling|wh_main_effect_agent_action_success_chance_skill|15|character_to_character_own
effect,warhammer_3,8.1.1,24237342,Dwarfs,dwarfs,wh_main_sc_dwf_dwarfs,Thorgrim Grudgebearer,Thorgrim_Grudgebearer,legendary_lord,wh_main_dwf_thorgrim_grudgebearer,general,general,wh3_dlc26_dwf_dwarfs_invasion|wh_main_dwf_dwarfs|wh_main_dwf_dwarfs_qb1|wh_main_dwf_dwarfs_qb2|wh_main_dwf_dwarfs_qb3|wh_main_dwf_dwarfs_qb4,true,false,true,true,false,true,,legendary_lords,wh_main_skill_node_set_dwf_thorgrim,,1,general,false,false,,,,wh3_main_agent_action_scaling,wh3_main_skill_agent_action_success_scaling,Agent action success modifer,Hidden skill that scales action success/defence chance,mount_hellsteed.png,0,99,0,0,false,0,49,16,Agent action success modifer,Hidden skill that scales action success/defence chance,,,,,,wh_main_effect_agent_action_success_chance_enemy_skill,[HIDDEN] Enemy Hero action success chance: %+n% (from skill),,character_to_character_own,-16,campaign,0,true,,,,,,,,,,,,,,,,,,,,,,,,,character_skill_level_to_effects_junctions_tables,wh3_main_skill_agent_action_success_scaling|wh_main_effect_agent_action_success_chance_enemy_skill|16|character_to_character_own
effect,warhammer_3,8.1.1,24237342,Dwarfs,dwarfs,wh_main_sc_dwf_dwarfs,Thorgrim Grudgebearer,Thorgrim_Grudgebearer,legendary_lord,wh_main_dwf_thorgrim_grudgebearer,general,general,wh3_dlc26_dwf_dwarfs_invasion|wh_main_dwf_dwarfs|wh_main_dwf_dwarfs_qb1|wh_main_dwf_dwarfs_qb2|wh_main_dwf_dwarfs_qb3|wh_main_dwf_dwarfs_qb4,true,false,true,true,false,true,,legendary_lords,wh_main_skill_node_set_dwf_thorgrim,,1,general,false,false,,,,wh3_main_agent_action_scaling,wh3_main_skill_agent_action_success_scaling,Agent action success modifer,Hidden skill that scales action success/defence chance,mount_hellsteed.png,0,99,0,0,false,0,49,16,Agent action success modifer,Hidden skill that scales action success/defence chance,,,,,,wh_main_effect_agent_action_success_chance_skill,[HIDDEN] Hero action success chance: %+n% (from skill),,character_to_character_own,16,campaign,0,true,,,,,,,,,,,,,,,,,,,,,,,,,character_skill_level_to_effects_junctions_tables,wh3_main_skill_agent_action_success_scaling|wh_main_effect_agent_action_success_chance_skill|16|character_to_character_own
effect,warhammer_3,8.1.1,24237342,Dwarfs,dwarfs,wh_main_sc_dwf_dwarfs,Thorgrim Grudgebearer,Thorgrim_Grudgebearer,legendary_lord,wh_main_dwf_thorgrim_grudgebearer,general,general,wh3_dlc26_dwf_dwarfs_invasion|wh_main_dwf_dwarfs|wh_main_dwf_dwarfs_qb1|wh_main_dwf_dwarfs_qb2|wh_main_dwf_dwarfs_qb3|wh_main_dwf_dwarfs_qb4,true,false,true,true,false,true,,legendary_lords,wh_main_skill_node_set_dwf_thorgrim,,1,general,false,false,,,,wh3_main_agent_action_scaling,wh3_main_skill_agent_action_success_scaling,Agent action success modifer,Hidden skill that scales action success/defence chance,mount_hellsteed.png,0,99,0,0,false,0,49,17,Agent action success modifer,Hidden skill that scales action success/defence chance,,,,,,wh_main_effect_agent_action_success_chance_enemy_skill,[HIDDEN] Enemy Hero action success chance: %+n% (from skill),,character_to_character_own,-17,campaign,0,true,,,,,,,,,,,,,,,,,,,,,,,,,character_skill_level_to_effects_junctions_tables,wh3_main_skill_agent_action_success_scaling|wh_main_effect_agent_action_success_chance_enemy_skill|17|character_to_character_own
effect,warhammer_3,8.1.1,24237342,Dwarfs,dwarfs,wh_main_sc_dwf_dwarfs,Thorgrim Grudgebearer,Thorgrim_Grudgebearer,legendary_lord,wh_main_dwf_thorgrim_grudgebearer,general,general,wh3_dlc26_dwf_dwarfs_invasion|wh_main_dwf_dwarfs|wh_main_dwf_dwarfs_qb1|wh_main_dwf_dwarfs_qb2|wh_main_dwf_dwarfs_qb3|wh_main_dwf_dwarfs_qb4,true,false,true,true,false,true,,legendary_lords,wh_main_skill_node_set_dwf_thorgrim,,1,general,false,false,,,,wh3_main_agent_action_scaling,wh3_main_skill_agent_action_success_scaling,Agent action success modifer,Hidden skill that scales action success/defence chance,mount_hellsteed.png,0,99,0,0,false,0,49,17,Agent action success modifer,Hidden skill that scales action success/defence chance,,,,,,wh_main_effect_agent_action_success_chance_skill,[HIDDEN] Hero action success chance: %+n% (from skill),,character_to_character_own,17,campaign,0,true,,,,,,,,,,,,,,,,,,,,,,,,,character_skill_level_to_effects_junctions_tables,wh3_main_skill_agent_action_success_scaling|wh_main_effect_agent_action_success_chance_skill|17|character_to_character_own
effect,warhammer_3,8.1.1,24237342,Dwarfs,dwarfs,wh_main_sc_dwf_dwarfs,Thorgrim Grudgebearer,Thorgrim_Grudgebearer,legendary_lord,wh_main_dwf_thorgrim_grudgebearer,general,general,wh3_dlc26_dwf_dwarfs_invasion|wh_main_dwf_dwarfs|wh_main_dwf_dwarfs_qb1|wh_main_dwf_dwarfs_qb2|wh_main_dwf_dwarfs_qb3|wh_main_dwf_dwarfs_qb4,true,false,true,true,false,true,,legendary_lords,wh_main_skill_node_set_dwf_thorgrim,,1,general,false,false,,,,wh3_main_agent_action_scaling,wh3_main_skill_agent_action_success_scaling,Agent action success modifer,Hidden skill that scales action success/defence chance,mount_hellsteed.png,0,99,0,0,false,0,49,18,Agent action success modifer,Hidden skill that scales action success/defence chance,,,,,,wh_main_effect_agent_action_success_chance_enemy_skill,[HIDDEN] Enemy Hero action success chance: %+n% (from skill),,character_to_character_own,-18,campaign,0,true,,,,,,,,,,,,,,,,,,,,,,,,,character_skill_level_to_effects_junctions_tables,wh3_main_skill_agent_action_success_scaling|wh_main_effect_agent_action_success_chance_enemy_skill|18|character_to_character_own
effect,warhammer_3,8.1.1,24237342,Dwarfs,dwarfs,wh_main_sc_dwf_dwarfs,Thorgrim Grudgebearer,Thorgrim_Grudgebearer,legendary_lord,wh_main_dwf_thorgrim_grudgebearer,general,general,wh3_dlc26_dwf_dwarfs_invasion|wh_main_dwf_dwarfs|wh_main_dwf_dwarfs_qb1|wh_main_dwf_dwarfs_qb2|wh_main_dwf_dwarfs_qb3|wh_main_dwf_dwarfs_qb4,true,false,true,true,false,true,,legendary_lords,wh_main_skill_node_set_dwf_thorgrim,,1,general,false,false,,,,wh3_main_agent_action_scaling,wh3_main_skill_agent_action_success_scaling,Agent action success modifer,Hidden skill that scales action success/defence chance,mount_hellsteed.png,0,99,0,0,false,0,49,18,Agent action success modifer,Hidden skill that scales action success/defence chance,,,,,,wh_main_effect_agent_action_success_chance_skill,[HIDDEN] Hero action success chance: %+n% (from skill),,character_to_character_own,18,campaign,0,true,,,,,,,,,,,,,,,,,,,,,,,,,character_skill_level_to_effects_junctions_tables,wh3_main_skill_agent_action_success_scaling|wh_main_effect_agent_action_success_chance_skill|18|character_to_character_own
effect,warhammer_3,8.1.1,24237342,Dwarfs,dwarfs,wh_main_sc_dwf_dwarfs,Thorgrim Grudgebearer,Thorgrim_Grudgebearer,legendary_lord,wh_main_dwf_thorgrim_grudgebearer,general,general,wh3_dlc26_dwf_dwarfs_invasion|wh_main_dwf_dwarfs|wh_main_dwf_dwarfs_qb1|wh_main_dwf_dwarfs_qb2|wh_main_dwf_dwarfs_qb3|wh_main_dwf_dwarfs_qb4,true,false,true,true,false,true,,legendary_lords,wh_main_skill_node_set_dwf_thorgrim,,1,general,false,false,,,,wh3_main_agent_action_scaling,wh3_main_skill_agent_action_success_scaling,Agent action success modifer,Hidden skill that scales action success/defence chance,mount_hellsteed.png,0,99,0,0,false,0,49,19,Agent action success modifer,Hidden skill that scales action success/defence chance,,,,,,wh_main_effect_agent_action_success_chance_enemy_skill,[HIDDEN] Enemy Hero action success chance: %+n% (from skill),,character_to_character_own,-19,campaign,0,true,,,,,,,,,,,,,,,,,,,,,,,,,character_skill_level_to_effects_junctions_tables,wh3_main_skill_agent_action_success_scaling|wh_main_effect_agent_action_success_chance_enemy_skill|19|character_to_character_own
effect,warhammer_3,8.1.1,24237342,Dwarfs,dwarfs,wh_main_sc_dwf_dwarfs,Thorgrim Grudgebearer,Thorgrim_Grudgebearer,legendary_lord,wh_main_dwf_thorgrim_grudgebearer,general,general,wh3_dlc26_dwf_dwarfs_invasion|wh_main_dwf_dwarfs|wh_main_dwf_dwarfs_qb1|wh_main_dwf_dwarfs_qb2|wh_main_dwf_dwarfs_qb3|wh_main_dwf_dwarfs_qb4,true,false,true,true,false,true,,legendary_lords,wh_main_skill_node_set_dwf_thorgrim,,1,general,false,false,,,,wh3_main_agent_action_scaling,wh3_main_skill_agent_action_success_scaling,Agent action success modifer,Hidden skill that scales action success/defence chance,mount_hellsteed.png,0,99,0,0,false,0,49,19,Agent action success modifer,Hidden skill that scales action success/defence chance,,,,,,wh_main_effect_agent_action_success_chance_skill,[HIDDEN] Hero action success chance: %+n% (from skill),,character_to_character_own,19,campaign,0,true,,,,,,,,,,,,,,,,,,,,,,,,,character_skill_level_to_effects_junctions_tables,wh3_main_skill_agent_action_success_scaling|wh_main_effect_agent_action_success_chance_skill|19|character_to_character_own
effect,warhammer_3,8.1.1,24237342,Dwarfs,dwarfs,wh_main_sc_dwf_dwarfs,Thorgrim Grudgebearer,Thorgrim_Grudgebearer,legendary_lord,wh_main_dwf_thorgrim_grudgebearer,general,general,wh3_dlc26_dwf_dwarfs_invasion|wh_main_dwf_dwarfs|wh_main_dwf_dwarfs_qb1|wh_main_dwf_dwarfs_qb2|wh_main_dwf_dwarfs_qb3|wh_main_dwf_dwarfs_qb4,true,false,true,true,false,true,,legendary_lords,wh_main_skill_node_set_dwf_thorgrim,,1,general,false,false,,,,wh3_main_agent_action_scaling,wh3_main_skill_agent_action_success_scaling,Agent action success modifer,Hidden skill that scales action success/defence chance,mount_hellsteed.png,0,99,0,0,false,0,49,20,Agent action success modifer,Hidden skill that scales action success/defence chance,,,,,,wh_main_effect_agent_action_success_chance_enemy_skill,[HIDDEN] Enemy Hero action success chance: %+n% (from skill),,character_to_character_own,-20,campaign,0,true,,,,,,,,,,,,,,,,,,,,,,,,,character_skill_level_to_effects_junctions_tables,wh3_main_skill_agent_action_success_scaling|wh_main_effect_agent_action_success_chance_enemy_skill|20|character_to_character_own
effect,warhammer_3,8.1.1,24237342,Dwarfs,dwarfs,wh_main_sc_dwf_dwarfs,Thorgrim Grudgebearer,Thorgrim_Grudgebearer,legendary_lord,wh_main_dwf_thorgrim_grudgebearer,general,general,wh3_dlc26_dwf_dwarfs_invasion|wh_main_dwf_dwarfs|wh_main_dwf_dwarfs_qb1|wh_main_dwf_dwarfs_qb2|wh_main_dwf_dwarfs_qb3|wh_main_dwf_dwarfs_qb4,true,false,true,true,false,true,,legendary_lords,wh_main_skill_node_set_dwf_thorgrim,,1,general,false,false,,,,wh3_main_agent_action_scaling,wh3_main_skill_agent_action_success_scaling,Agent action success modifer,Hidden skill that scales action success/defence chance,mount_hellsteed.png,0,99,0,0,false,0,49,20,Agent action success modifer,Hidden skill that scales action success/defence chance,,,,,,wh_main_effect_agent_action_success_chance_skill,[HIDDEN] Hero action success chance: %+n% (from skill),,character_to_character_own,20,campaign,0,true,,,,,,,,,,,,,,,,,,,,,,,,,character_skill_level_to_effects_junctions_tables,wh3_main_skill_agent_action_success_scaling|wh_main_effect_agent_action_success_chance_skill|20|character_to_character_own
effect,warhammer_3,8.1.1,24237342,Dwarfs,dwarfs,wh_main_sc_dwf_dwarfs,Thorgrim Grudgebearer,Thorgrim_Grudgebearer,legendary_lord,wh_main_dwf_thorgrim_grudgebearer,general,general,wh3_dlc26_dwf_dwarfs_invasion|wh_main_dwf_dwarfs|wh_main_dwf_dwarfs_qb1|wh_main_dwf_dwarfs_qb2|wh_main_dwf_dwarfs_qb3|wh_main_dwf_dwarfs_qb4,true,false,true,true,false,true,,legendary_lords,wh_main_skill_node_set_dwf_thorgrim,,1,general,false,false,,,,wh3_main_agent_action_scaling,wh3_main_skill_agent_action_success_scaling,Agent action success modifer,Hidden skill that scales action success/defence chance,mount_hellsteed.png,0,99,0,0,false,0,49,21,Agent action success modifer,Hidden skill that scales action success/defence chance,,,,,,wh_main_effect_agent_action_success_chance_enemy_skill,[HIDDEN] Enemy Hero action success chance: %+n% (from skill),,character_to_character_own,-21,campaign,0,true,,,,,,,,,,,,,,,,,,,,,,,,,character_skill_level_to_effects_junctions_tables,wh3_main_skill_agent_action_success_scaling|wh_main_effect_agent_action_success_chance_enemy_skill|21|character_to_character_own
effect,warhammer_3,8.1.1,24237342,Dwarfs,dwarfs,wh_main_sc_dwf_dwarfs,Thorgrim Grudgebearer,Thorgrim_Grudgebearer,legendary_lord,wh_main_dwf_thorgrim_grudgebearer,general,general,wh3_dlc26_dwf_dwarfs_invasion|wh_main_dwf_dwarfs|wh_main_dwf_dwarfs_qb1|wh_main_dwf_dwarfs_qb2|wh_main_dwf_dwarfs_qb3|wh_main_dwf_dwarfs_qb4,true,false,true,true,false,true,,legendary_lords,wh_main_skill_node_set_dwf_thorgrim,,1,general,false,false,,,,wh3_main_agent_action_scaling,wh3_main_skill_agent_action_success_scaling,Agent action success modifer,Hidden skill that scales action success/defence chance,mount_hellsteed.png,0,99,0,0,false,0,49,21,Agent action success modifer,Hidden skill that scales action success/defence chance,,,,,,wh_main_effect_agent_action_success_chance_skill,[HIDDEN] Hero action success chance: %+n% (from skill),,character_to_character_own,21,campaign,0,true,,,,,,,,,,,,,,,,,,,,,,,,,character_skill_level_to_effects_junctions_tables,wh3_main_skill_agent_action_success_scaling|wh_main_effect_agent_action_success_chance_skill|21|character_to_character_own
effect,warhammer_3,8.1.1,24237342,Dwarfs,dwarfs,wh_main_sc_dwf_dwarfs,Thorgrim Grudgebearer,Thorgrim_Grudgebearer,legendary_lord,wh_main_dwf_thorgrim_grudgebearer,general,general,wh3_dlc26_dwf_dwarfs_invasion|wh_main_dwf_dwarfs|wh_main_dwf_dwarfs_qb1|wh_main_dwf_dwarfs_qb2|wh_main_dwf_dwarfs_qb3|wh_main_dwf_dwarfs_qb4,true,false,true,true,false,true,,legendary_lords,wh_main_skill_node_set_dwf_thorgrim,,1,general,false,false,,,,wh3_main_agent_action_scaling,wh3_main_skill_agent_action_success_scaling,Agent action success modifer,Hidden skill that scales action success/defence chance,mount_hellsteed.png,0,99,0,0,false,0,49,22,Agent action success modifer,Hidden skill that scales action success/defence chance,,,,,,wh_main_effect_agent_action_success_chance_enemy_skill,[HIDDEN] Enemy Hero action success chance: %+n% (from skill),,character_to_character_own,-22,campaign,0,true,,,,,,,,,,,,,,,,,,,,,,,,,character_skill_level_to_effects_junctions_tables,wh3_main_skill_agent_action_success_scaling|wh_main_effect_agent_action_success_chance_enemy_skill|22|character_to_character_own
effect,warhammer_3,8.1.1,24237342,Dwarfs,dwarfs,wh_main_sc_dwf_dwarfs,Thorgrim Grudgebearer,Thorgrim_Grudgebearer,legendary_lord,wh_main_dwf_thorgrim_grudgebearer,general,general,wh3_dlc26_dwf_dwarfs_invasion|wh_main_dwf_dwarfs|wh_main_dwf_dwarfs_qb1|wh_main_dwf_dwarfs_qb2|wh_main_dwf_dwarfs_qb3|wh_main_dwf_dwarfs_qb4,true,false,true,true,false,true,,legendary_lords,wh_main_skill_node_set_dwf_thorgrim,,1,general,false,false,,,,wh3_main_agent_action_scaling,wh3_main_skill_agent_action_success_scaling,Agent action success modifer,Hidden skill that scales action success/defence chance,mount_hellsteed.png,0,99,0,0,false,0,49,22,Agent action success modifer,Hidden skill that scales action success/defence chance,,,,,,wh_main_effect_agent_action_success_chance_skill,[HIDDEN] Hero action success chance: %+n% (from skill),,character_to_character_own,22,campaign,0,true,,,,,,,,,,,,,,,,,,,,,,,,,character_skill_level_to_effects_junctions_tables,wh3_main_skill_agent_action_success_scaling|wh_main_effect_agent_action_success_chance_skill|22|character_to_character_own
effect,warhammer_3,8.1.1,24237342,Dwarfs,dwarfs,wh_main_sc_dwf_dwarfs,Thorgrim Grudgebearer,Thorgrim_Grudgebearer,legendary_lord,wh_main_dwf_thorgrim_grudgebearer,general,general,wh3_dlc26_dwf_dwarfs_invasion|wh_main_dwf_dwarfs|wh_main_dwf_dwarfs_qb1|wh_main_dwf_dwarfs_qb2|wh_main_dwf_dwarfs_qb3|wh_main_dwf_dwarfs_qb4,true,false,true,true,false,true,,legendary_lords,wh_main_skill_node_set_dwf_thorgrim,,1,general,false,false,,,,wh3_main_agent_action_scaling,wh3_main_skill_agent_action_success_scaling,Agent action success modifer,Hidden skill that scales action success/defence chance,mount_hellsteed.png,0,99,0,0,false,0,49,23,Agent action success modifer,Hidden skill that scales action success/defence chance,,,,,,wh_main_effect_agent_action_success_chance_enemy_skill,[HIDDEN] Enemy Hero action success chance: %+n% (from skill),,character_to_character_own,-23,campaign,0,true,,,,,,,,,,,,,,,,,,,,,,,,,character_skill_level_to_effects_junctions_tables,wh3_main_skill_agent_action_success_scaling|wh_main_effect_agent_action_success_chance_enemy_skill|23|character_to_character_own
effect,warhammer_3,8.1.1,24237342,Dwarfs,dwarfs,wh_main_sc_dwf_dwarfs,Thorgrim Grudgebearer,Thorgrim_Grudgebearer,legendary_lord,wh_main_dwf_thorgrim_grudgebearer,general,general,wh3_dlc26_dwf_dwarfs_invasion|wh_main_dwf_dwarfs|wh_main_dwf_dwarfs_qb1|wh_main_dwf_dwarfs_qb2|wh_main_dwf_dwarfs_qb3|wh_main_dwf_dwarfs_qb4,true,false,true,true,false,true,,legendary_lords,wh_main_skill_node_set_dwf_thorgrim,,1,general,false,false,,,,wh3_main_agent_action_scaling,wh3_main_skill_agent_action_success_scaling,Agent action success modifer,Hidden skill that scales action success/defence chance,mount_hellsteed.png,0,99,0,0,false,0,49,23,Agent action success modifer,Hidden skill that scales action success/defence chance,,,,,,wh_main_effect_agent_action_success_chance_skill,[HIDDEN] Hero action success chance: %+n% (from skill),,character_to_character_own,23,campaign,0,true,,,,,,,,,,,,,,,,,,,,,,,,,character_skill_level_to_effects_junctions_tables,wh3_main_skill_agent_action_success_scaling|wh_main_effect_agent_action_success_chance_skill|23|character_to_character_own
effect,warhammer_3,8.1.1,24237342,Dwarfs,dwarfs,wh_main_sc_dwf_dwarfs,Thorgrim Grudgebearer,Thorgrim_Grudgebearer,legendary_lord,wh_main_dwf_thorgrim_grudgebearer,general,general,wh3_dlc26_dwf_dwarfs_invasion|wh_main_dwf_dwarfs|wh_main_dwf_dwarfs_qb1|wh_main_dwf_dwarfs_qb2|wh_main_dwf_dwarfs_qb3|wh_main_dwf_dwarfs_qb4,true,false,true,true,false,true,,legendary_lords,wh_main_skill_node_set_dwf_thorgrim,,1,general,false,false,,,,wh3_main_agent_action_scaling,wh3_main_skill_agent_action_success_scaling,Agent action success modifer,Hidden skill that scales action success/defence chance,mount_hellsteed.png,0,99,0,0,false,0,49,24,Agent action success modifer,Hidden skill that scales action success/defence chance,,,,,,wh_main_effect_agent_action_success_chance_enemy_skill,[HIDDEN] Enemy Hero action success chance: %+n% (from skill),,character_to_character_own,-24,campaign,0,true,,,,,,,,,,,,,,,,,,,,,,,,,character_skill_level_to_effects_junctions_tables,wh3_main_skill_agent_action_success_scaling|wh_main_effect_agent_action_success_chance_enemy_skill|24|character_to_character_own
effect,warhammer_3,8.1.1,24237342,Dwarfs,dwarfs,wh_main_sc_dwf_dwarfs,Thorgrim Grudgebearer,Thorgrim_Grudgebearer,legendary_lord,wh_main_dwf_thorgrim_grudgebearer,general,general,wh3_dlc26_dwf_dwarfs_invasion|wh_main_dwf_dwarfs|wh_main_dwf_dwarfs_qb1|wh_main_dwf_dwarfs_qb2|wh_main_dwf_dwarfs_qb3|wh_main_dwf_dwarfs_qb4,true,false,true,true,false,true,,legendary_lords,wh_main_skill_node_set_dwf_thorgrim,,1,general,false,false,,,,wh3_main_agent_action_scaling,wh3_main_skill_agent_action_success_scaling,Agent action success modifer,Hidden skill that scales action success/defence chance,mount_hellsteed.png,0,99,0,0,false,0,49,24,Agent action success modifer,Hidden skill that scales action success/defence chance,,,,,,wh_main_effect_agent_action_success_chance_skill,[HIDDEN] Hero action success chance: %+n% (from skill),,character_to_character_own,24,campaign,0,true,,,,,,,,,,,,,,,,,,,,,,,,,character_skill_level_to_effects_junctions_tables,wh3_main_skill_agent_action_success_scaling|wh_main_effect_agent_action_success_chance_skill|24|character_to_character_own
effect,warhammer_3,8.1.1,24237342,Dwarfs,dwarfs,wh_main_sc_dwf_dwarfs,Thorgrim Grudgebearer,Thorgrim_Grudgebearer,legendary_lord,wh_main_dwf_thorgrim_grudgebearer,general,general,wh3_dlc26_dwf_dwarfs_invasion|wh_main_dwf_dwarfs|wh_main_dwf_dwarfs_qb1|wh_main_dwf_dwarfs_qb2|wh_main_dwf_dwarfs_qb3|wh_main_dwf_dwarfs_qb4,true,false,true,true,false,true,,legendary_lords,wh_main_skill_node_set_dwf_thorgrim,,1,general,false,false,,,,wh3_main_agent_action_scaling,wh3_main_skill_agent_action_success_scaling,Agent action success modifer,Hidden skill that scales action success/defence chance,mount_hellsteed.png,0,99,0,0,false,0,49,25,Agent action success modifer,Hidden skill that scales action success/defence chance,,,,,,wh_main_effect_agent_action_success_chance_enemy_skill,[HIDDEN] Enemy Hero action success chance: %+n% (from skill),,character_to_character_own,-25,campaign,0,true,,,,,,,,,,,,,,,,,,,,,,,,,character_skill_level_to_effects_junctions_tables,wh3_main_skill_agent_action_success_scaling|wh_main_effect_agent_action_success_chance_enemy_skill|25|character_to_character_own
effect,warhammer_3,8.1.1,24237342,Dwarfs,dwarfs,wh_main_sc_dwf_dwarfs,Thorgrim Grudgebearer,Thorgrim_Grudgebearer,legendary_lord,wh_main_dwf_thorgrim_grudgebearer,general,general,wh3_dlc26_dwf_dwarfs_invasion|wh_main_dwf_dwarfs|wh_main_dwf_dwarfs_qb1|wh_main_dwf_dwarfs_qb2|wh_main_dwf_dwarfs_qb3|wh_main_dwf_dwarfs_qb4,true,false,true,true,false,true,,legendary_lords,wh_main_skill_node_set_dwf_thorgrim,,1,general,false,false,,,,wh3_main_agent_action_scaling,wh3_main_skill_agent_action_success_scaling,Agent action success modifer,Hidden skill that scales action success/defence chance,mount_hellsteed.png,0,99,0,0,false,0,49,25,Agent action success modifer,Hidden skill that scales action success/defence chance,,,,,,wh_main_effect_agent_action_success_chance_skill,[HIDDEN] Hero action success chance: %+n% (from skill),,character_to_character_own,25,campaign,0,true,,,,,,,,,,,,,,,,,,,,,,,,,character_skill_level_to_effects_junctions_tables,wh3_main_skill_agent_action_success_scaling|wh_main_effect_agent_action_success_chance_skill|25|character_to_character_own
effect,warhammer_3,8.1.1,24237342,Dwarfs,dwarfs,wh_main_sc_dwf_dwarfs,Thorgrim Grudgebearer,Thorgrim_Grudgebearer,legendary_lord,wh_main_dwf_thorgrim_grudgebearer,general,general,wh3_dlc26_dwf_dwarfs_invasion|wh_main_dwf_dwarfs|wh_main_dwf_dwarfs_qb1|wh_main_dwf_dwarfs_qb2|wh_main_dwf_dwarfs_qb3|wh_main_dwf_dwarfs_qb4,true,false,true,true,false,true,,legendary_lords,wh_main_skill_node_set_dwf_thorgrim,,1,general,false,false,,,,wh3_main_agent_action_scaling,wh3_main_skill_agent_action_success_scaling,Agent action success modifer,Hidden skill that scales action success/defence chance,mount_hellsteed.png,0,99,0,0,false,0,49,26,Agent action success modifer,Hidden skill that scales action success/defence chance,,,,,,wh_main_effect_agent_action_success_chance_enemy_skill,[HIDDEN] Enemy Hero action success chance: %+n% (from skill),,character_to_character_own,-26,campaign,0,true,,,,,,,,,,,,,,,,,,,,,,,,,character_skill_level_to_effects_junctions_tables,wh3_main_skill_agent_action_success_scaling|wh_main_effect_agent_action_success_chance_enemy_skill|26|character_to_character_own
effect,warhammer_3,8.1.1,24237342,Dwarfs,dwarfs,wh_main_sc_dwf_dwarfs,Thorgrim Grudgebearer,Thorgrim_Grudgebearer,legendary_lord,wh_main_dwf_thorgrim_grudgebearer,general,general,wh3_dlc26_dwf_dwarfs_invasion|wh_main_dwf_dwarfs|wh_main_dwf_dwarfs_qb1|wh_main_dwf_dwarfs_qb2|wh_main_dwf_dwarfs_qb3|wh_main_dwf_dwarfs_qb4,true,false,true,true,false,true,,legendary_lords,wh_main_skill_node_set_dwf_thorgrim,,1,general,false,false,,,,wh3_main_agent_action_scaling,wh3_main_skill_agent_action_success_scaling,Agent action success modifer,Hidden skill that scales action success/defence chance,mount_hellsteed.png,0,99,0,0,false,0,49,26,Agent action success modifer,Hidden skill that scales action success/defence chance,,,,,,wh_main_effect_agent_action_success_chance_skill,[HIDDEN] Hero action success chance: %+n% (from skill),,character_to_character_own,26,campaign,0,true,,,,,,,,,,,,,,,,,,,,,,,,,character_skill_level_to_effects_junctions_tables,wh3_main_skill_agent_action_success_scaling|wh_main_effect_agent_action_success_chance_skill|26|character_to_character_own
effect,warhammer_3,8.1.1,24237342,Dwarfs,dwarfs,wh_main_sc_dwf_dwarfs,Thorgrim Grudgebearer,Thorgrim_Grudgebearer,legendary_lord,wh_main_dwf_thorgrim_grudgebearer,general,general,wh3_dlc26_dwf_dwarfs_invasion|wh_main_dwf_dwarfs|wh_main_dwf_dwarfs_qb1|wh_main_dwf_dwarfs_qb2|wh_main_dwf_dwarfs_qb3|wh_main_dwf_dwarfs_qb4,true,false,true,true,false,true,,legendary_lords,wh_main_skill_node_set_dwf_thorgrim,,1,general,false,false,,,,wh3_main_agent_action_scaling,wh3_main_skill_agent_action_success_scaling,Agent action success modifer,Hidden skill that scales action success/defence chance,mount_hellsteed.png,0,99,0,0,false,0,49,27,Agent action success modifer,Hidden skill that scales action success/defence chance,,,,,,wh_main_effect_agent_action_success_chance_enemy_skill,[HIDDEN] Enemy Hero action success chance: %+n% (from skill),,character_to_character_own,-27,campaign,0,true,,,,,,,,,,,,,,,,,,,,,,,,,character_skill_level_to_effects_junctions_tables,wh3_main_skill_agent_action_success_scaling|wh_main_effect_agent_action_success_chance_enemy_skill|27|character_to_character_own
effect,warhammer_3,8.1.1,24237342,Dwarfs,dwarfs,wh_main_sc_dwf_dwarfs,Thorgrim Grudgebearer,Thorgrim_Grudgebearer,legendary_lord,wh_main_dwf_thorgrim_grudgebearer,general,general,wh3_dlc26_dwf_dwarfs_invasion|wh_main_dwf_dwarfs|wh_main_dwf_dwarfs_qb1|wh_main_dwf_dwarfs_qb2|wh_main_dwf_dwarfs_qb3|wh_main_dwf_dwarfs_qb4,true,false,true,true,false,true,,legendary_lords,wh_main_skill_node_set_dwf_thorgrim,,1,general,false,false,,,,wh3_main_agent_action_scaling,wh3_main_skill_agent_action_success_scaling,Agent action success modifer,Hidden skill that scales action success/defence chance,mount_hellsteed.png,0,99,0,0,false,0,49,27,Agent action success modifer,Hidden skill that scales action success/defence chance,,,,,,wh_main_effect_agent_action_success_chance_skill,[HIDDEN] Hero action success chance: %+n% (from skill),,character_to_character_own,27,campaign,0,true,,,,,,,,,,,,,,,,,,,,,,,,,character_skill_level_to_effects_junctions_tables,wh3_main_skill_agent_action_success_scaling|wh_main_effect_agent_action_success_chance_skill|27|character_to_character_own
effect,warhammer_3,8.1.1,24237342,Dwarfs,dwarfs,wh_main_sc_dwf_dwarfs,Thorgrim Grudgebearer,Thorgrim_Grudgebearer,legendary_lord,wh_main_dwf_thorgrim_grudgebearer,general,general,wh3_dlc26_dwf_dwarfs_invasion|wh_main_dwf_dwarfs|wh_main_dwf_dwarfs_qb1|wh_main_dwf_dwarfs_qb2|wh_main_dwf_dwarfs_qb3|wh_main_dwf_dwarfs_qb4,true,false,true,true,false,true,,legendary_lords,wh_main_skill_node_set_dwf_thorgrim,,1,general,false,false,,,,wh3_main_agent_action_scaling,wh3_main_skill_agent_action_success_scaling,Agent action success modifer,Hidden skill that scales action success/defence chance,mount_hellsteed.png,0,99,0,0,false,0,49,28,Agent action success modifer,Hidden skill that scales action success/defence chance,,,,,,wh_main_effect_agent_action_success_chance_enemy_skill,[HIDDEN] Enemy Hero action success chance: %+n% (from skill),,character_to_character_own,-28,campaign,0,true,,,,,,,,,,,,,,,,,,,,,,,,,character_skill_level_to_effects_junctions_tables,wh3_main_skill_agent_action_success_scaling|wh_main_effect_agent_action_success_chance_enemy_skill|28|character_to_character_own
effect,warhammer_3,8.1.1,24237342,Dwarfs,dwarfs,wh_main_sc_dwf_dwarfs,Thorgrim Grudgebearer,Thorgrim_Grudgebearer,legendary_lord,wh_main_dwf_thorgrim_grudgebearer,general,general,wh3_dlc26_dwf_dwarfs_invasion|wh_main_dwf_dwarfs|wh_main_dwf_dwarfs_qb1|wh_main_dwf_dwarfs_qb2|wh_main_dwf_dwarfs_qb3|wh_main_dwf_dwarfs_qb4,true,false,true,true,false,true,,legendary_lords,wh_main_skill_node_set_dwf_thorgrim,,1,general,false,false,,,,wh3_main_agent_action_scaling,wh3_main_skill_agent_action_success_scaling,Agent action success modifer,Hidden skill that scales action success/defence chance,mount_hellsteed.png,0,99,0,0,false,0,49,28,Agent action success modifer,Hidden skill that scales action success/defence chance,,,,,,wh_main_effect_agent_action_success_chance_skill,[HIDDEN] Hero action success chance: %+n% (from skill),,character_to_character_own,28,campaign,0,true,,,,,,,,,,,,,,,,,,,,,,,,,character_skill_level_to_effects_junctions_tables,wh3_main_skill_agent_action_success_scaling|wh_main_effect_agent_action_success_chance_skill|28|character_to_character_own
effect,warhammer_3,8.1.1,24237342,Dwarfs,dwarfs,wh_main_sc_dwf_dwarfs,Thorgrim Grudgebearer,Thorgrim_Grudgebearer,legendary_lord,wh_main_dwf_thorgrim_grudgebearer,general,general,wh3_dlc26_dwf_dwarfs_invasion|wh_main_dwf_dwarfs|wh_main_dwf_dwarfs_qb1|wh_main_dwf_dwarfs_qb2|wh_main_dwf_dwarfs_qb3|wh_main_dwf_dwarfs_qb4,true,false,true,true,false,true,,legendary_lords,wh_main_skill_node_set_dwf_thorgrim,,1,general,false,false,,,,wh3_main_agent_action_scaling,wh3_main_skill_agent_action_success_scaling,Agent action success modifer,Hidden skill that scales action success/defence chance,mount_hellsteed.png,0,99,0,0,false,0,49,29,Agent action success modifer,Hidden skill that scales action success/defence chance,,,,,,wh_main_effect_agent_action_success_chance_enemy_skill,[HIDDEN] Enemy Hero action success chance: %+n% (from skill),,character_to_character_own,-29,campaign,0,true,,,,,,,,,,,,,,,,,,,,,,,,,character_skill_level_to_effects_junctions_tables,wh3_main_skill_agent_action_success_scaling|wh_main_effect_agent_action_success_chance_enemy_skill|29|character_to_character_own
effect,warhammer_3,8.1.1,24237342,Dwarfs,dwarfs,wh_main_sc_dwf_dwarfs,Thorgrim Grudgebearer,Thorgrim_Grudgebearer,legendary_lord,wh_main_dwf_thorgrim_grudgebearer,general,general,wh3_dlc26_dwf_dwarfs_invasion|wh_main_dwf_dwarfs|wh_main_dwf_dwarfs_qb1|wh_main_dwf_dwarfs_qb2|wh_main_dwf_dwarfs_qb3|wh_main_dwf_dwarfs_qb4,true,false,true,true,false,true,,legendary_lords,wh_main_skill_node_set_dwf_thorgrim,,1,general,false,false,,,,wh3_main_agent_action_scaling,wh3_main_skill_agent_action_success_scaling,Agent action success modifer,Hidden skill that scales action success/defence chance,mount_hellsteed.png,0,99,0,0,false,0,49,29,Agent action success modifer,Hidden skill that scales action success/defence chance,,,,,,wh_main_effect_agent_action_success_chance_skill,[HIDDEN] Hero action success chance: %+n% (from skill),,character_to_character_own,29,campaign,0,true,,,,,,,,,,,,,,,,,,,,,,,,,character_skill_level_to_effects_junctions_tables,wh3_main_skill_agent_action_success_scaling|wh_main_effect_agent_action_success_chance_skill|29|character_to_character_own
effect,warhammer_3,8.1.1,24237342,Dwarfs,dwarfs,wh_main_sc_dwf_dwarfs,Thorgrim Grudgebearer,Thorgrim_Grudgebearer,legendary_lord,wh_main_dwf_thorgrim_grudgebearer,general,general,wh3_dlc26_dwf_dwarfs_invasion|wh_main_dwf_dwarfs|wh_main_dwf_dwarfs_qb1|wh_main_dwf_dwarfs_qb2|wh_main_dwf_dwarfs_qb3|wh_main_dwf_dwarfs_qb4,true,false,true,true,false,true,,legendary_lords,wh_main_skill_node_set_dwf_thorgrim,,1,general,false,false,,,,wh3_main_agent_action_scaling,wh3_main_skill_agent_action_success_scaling,Agent action success modifer,Hidden skill that scales action success/defence chance,mount_hellsteed.png,0,99,0,0,false,0,49,30,Agent action success modifer,Hidden skill that scales action success/defence chance,,,,,,wh_main_effect_agent_action_success_chance_enemy_skill,[HIDDEN] Enemy Hero action success chance: %+n% (from skill),,character_to_character_own,-30,campaign,0,true,,,,,,,,,,,,,,,,,,,,,,,,,character_skill_level_to_effects_junctions_tables,wh3_main_skill_agent_action_success_scaling|wh_main_effect_agent_action_success_chance_enemy_skill|30|character_to_character_own
effect,warhammer_3,8.1.1,24237342,Dwarfs,dwarfs,wh_main_sc_dwf_dwarfs,Thorgrim Grudgebearer,Thorgrim_Grudgebearer,legendary_lord,wh_main_dwf_thorgrim_grudgebearer,general,general,wh3_dlc26_dwf_dwarfs_invasion|wh_main_dwf_dwarfs|wh_main_dwf_dwarfs_qb1|wh_main_dwf_dwarfs_qb2|wh_main_dwf_dwarfs_qb3|wh_main_dwf_dwarfs_qb4,true,false,true,true,false,true,,legendary_lords,wh_main_skill_node_set_dwf_thorgrim,,1,general,false,false,,,,wh3_main_agent_action_scaling,wh3_main_skill_agent_action_success_scaling,Agent action success modifer,Hidden skill that scales action success/defence chance,mount_hellsteed.png,0,99,0,0,false,0,49,30,Agent action success modifer,Hidden skill that scales action success/defence chance,,,,,,wh_main_effect_agent_action_success_chance_skill,[HIDDEN] Hero action success chance: %+n% (from skill),,character_to_character_own,30,campaign,0,true,,,,,,,,,,,,,,,,,,,,,,,,,character_skill_level_to_effects_junctions_tables,wh3_main_skill_agent_action_success_scaling|wh_main_effect_agent_action_success_chance_skill|30|character_to_character_own
effect,warhammer_3,8.1.1,24237342,Dwarfs,dwarfs,wh_main_sc_dwf_dwarfs,Thorgrim Grudgebearer,Thorgrim_Grudgebearer,legendary_lord,wh_main_dwf_thorgrim_grudgebearer,general,general,wh3_dlc26_dwf_dwarfs_invasion|wh_main_dwf_dwarfs|wh_main_dwf_dwarfs_qb1|wh_main_dwf_dwarfs_qb2|wh_main_dwf_dwarfs_qb3|wh_main_dwf_dwarfs_qb4,true,false,true,true,false,true,,legendary_lords,wh_main_skill_node_set_dwf_thorgrim,,1,general,false,false,,,,wh3_main_agent_action_scaling,wh3_main_skill_agent_action_success_scaling,Agent action success modifer,Hidden skill that scales action success/defence chance,mount_hellsteed.png,0,99,0,0,false,0,49,31,Agent action success modifer,Hidden skill that scales action success/defence chance,,,,,,wh_main_effect_agent_action_success_chance_enemy_skill,[HIDDEN] Enemy Hero action success chance: %+n% (from skill),,character_to_character_own,-31,campaign,0,true,,,,,,,,,,,,,,,,,,,,,,,,,character_skill_level_to_effects_junctions_tables,wh3_main_skill_agent_action_success_scaling|wh_main_effect_agent_action_success_chance_enemy_skill|31|character_to_character_own
effect,warhammer_3,8.1.1,24237342,Dwarfs,dwarfs,wh_main_sc_dwf_dwarfs,Thorgrim Grudgebearer,Thorgrim_Grudgebearer,legendary_lord,wh_main_dwf_thorgrim_grudgebearer,general,general,wh3_dlc26_dwf_dwarfs_invasion|wh_main_dwf_dwarfs|wh_main_dwf_dwarfs_qb1|wh_main_dwf_dwarfs_qb2|wh_main_dwf_dwarfs_qb3|wh_main_dwf_dwarfs_qb4,true,false,true,true,false,true,,legendary_lords,wh_main_skill_node_set_dwf_thorgrim,,1,general,false,false,,,,wh3_main_agent_action_scaling,wh3_main_skill_agent_action_success_scaling,Agent action success modifer,Hidden skill that scales action success/defence chance,mount_hellsteed.png,0,99,0,0,false,0,49,31,Agent action success modifer,Hidden skill that scales action success/defence chance,,,,,,wh_main_effect_agent_action_success_chance_skill,[HIDDEN] Hero action success chance: %+n% (from skill),,character_to_character_own,31,campaign,0,true,,,,,,,,,,,,,,,,,,,,,,,,,character_skill_level_to_effects_junctions_tables,wh3_main_skill_agent_action_success_scaling|wh_main_effect_agent_action_success_chance_skill|31|character_to_character_own
effect,warhammer_3,8.1.1,24237342,Dwarfs,dwarfs,wh_main_sc_dwf_dwarfs,Thorgrim Grudgebearer,Thorgrim_Grudgebearer,legendary_lord,wh_main_dwf_thorgrim_grudgebearer,general,general,wh3_dlc26_dwf_dwarfs_invasion|wh_main_dwf_dwarfs|wh_main_dwf_dwarfs_qb1|wh_main_dwf_dwarfs_qb2|wh_main_dwf_dwarfs_qb3|wh_main_dwf_dwarfs_qb4,true,false,true,true,false,true,,legendary_lords,wh_main_skill_node_set_dwf_thorgrim,,1,general,false,false,,,,wh3_main_agent_action_scaling,wh3_main_skill_agent_action_success_scaling,Agent action success modifer,Hidden skill that scales action success/defence chance,mount_hellsteed.png,0,99,0,0,false,0,49,32,Agent action success modifer,Hidden skill that scales action success/defence chance,,,,,,wh_main_effect_agent_action_success_chance_enemy_skill,[HIDDEN] Enemy Hero action success chance: %+n% (from skill),,character_to_character_own,-32,campaign,0,true,,,,,,,,,,,,,,,,,,,,,,,,,character_skill_level_to_effects_junctions_tables,wh3_main_skill_agent_action_success_scaling|wh_main_effect_agent_action_success_chance_enemy_skill|32|character_to_character_own
effect,warhammer_3,8.1.1,24237342,Dwarfs,dwarfs,wh_main_sc_dwf_dwarfs,Thorgrim Grudgebearer,Thorgrim_Grudgebearer,legendary_lord,wh_main_dwf_thorgrim_grudgebearer,general,general,wh3_dlc26_dwf_dwarfs_invasion|wh_main_dwf_dwarfs|wh_main_dwf_dwarfs_qb1|wh_main_dwf_dwarfs_qb2|wh_main_dwf_dwarfs_qb3|wh_main_dwf_dwarfs_qb4,true,false,true,true,false,true,,legendary_lords,wh_main_skill_node_set_dwf_thorgrim,,1,general,false,false,,,,wh3_main_agent_action_scaling,wh3_main_skill_agent_action_success_scaling,Agent action success modifer,Hidden skill that scales action success/defence chance,mount_hellsteed.png,0,99,0,0,false,0,49,32,Agent action success modifer,Hidden skill that scales action success/defence chance,,,,,,wh_main_effect_agent_action_success_chance_skill,[HIDDEN] Hero action success chance: %+n% (from skill),,character_to_character_own,32,campaign,0,true,,,,,,,,,,,,,,,,,,,,,,,,,character_skill_level_to_effects_junctions_tables,wh3_main_skill_agent_action_success_scaling|wh_main_effect_agent_action_success_chance_skill|32|character_to_character_own
effect,warhammer_3,8.1.1,24237342,Dwarfs,dwarfs,wh_main_sc_dwf_dwarfs,Thorgrim Grudgebearer,Thorgrim_Grudgebearer,legendary_lord,wh_main_dwf_thorgrim_grudgebearer,general,general,wh3_dlc26_dwf_dwarfs_invasion|wh_main_dwf_dwarfs|wh_main_dwf_dwarfs_qb1|wh_main_dwf_dwarfs_qb2|wh_main_dwf_dwarfs_qb3|wh_main_dwf_dwarfs_qb4,true,false,true,true,false,true,,legendary_lords,wh_main_skill_node_set_dwf_thorgrim,,1,general,false,false,,,,wh3_main_agent_action_scaling,wh3_main_skill_agent_action_success_scaling,Agent action success modifer,Hidden skill that scales action success/defence chance,mount_hellsteed.png,0,99,0,0,false,0,49,33,Agent action success modifer,Hidden skill that scales action success/defence chance,,,,,,wh_main_effect_agent_action_success_chance_enemy_skill,[HIDDEN] Enemy Hero action success chance: %+n% (from skill),,character_to_character_own,-33,campaign,0,true,,,,,,,,,,,,,,,,,,,,,,,,,character_skill_level_to_effects_junctions_tables,wh3_main_skill_agent_action_success_scaling|wh_main_effect_agent_action_success_chance_enemy_skill|33|character_to_character_own
effect,warhammer_3,8.1.1,24237342,Dwarfs,dwarfs,wh_main_sc_dwf_dwarfs,Thorgrim Grudgebearer,Thorgrim_Grudgebearer,legendary_lord,wh_main_dwf_thorgrim_grudgebearer,general,general,wh3_dlc26_dwf_dwarfs_invasion|wh_main_dwf_dwarfs|wh_main_dwf_dwarfs_qb1|wh_main_dwf_dwarfs_qb2|wh_main_dwf_dwarfs_qb3|wh_main_dwf_dwarfs_qb4,true,false,true,true,false,true,,legendary_lords,wh_main_skill_node_set_dwf_thorgrim,,1,general,false,false,,,,wh3_main_agent_action_scaling,wh3_main_skill_agent_action_success_scaling,Agent action success modifer,Hidden skill that scales action success/defence chance,mount_hellsteed.png,0,99,0,0,false,0,49,33,Agent action success modifer,Hidden skill that scales action success/defence chance,,,,,,wh_main_effect_agent_action_success_chance_skill,[HIDDEN] Hero action success chance: %+n% (from skill),,character_to_character_own,33,campaign,0,true,,,,,,,,,,,,,,,,,,,,,,,,,character_skill_level_to_effects_junctions_tables,wh3_main_skill_agent_action_success_scaling|wh_main_effect_agent_action_success_chance_skill|33|character_to_character_own
effect,warhammer_3,8.1.1,24237342,Dwarfs,dwarfs,wh_main_sc_dwf_dwarfs,Thorgrim Grudgebearer,Thorgrim_Grudgebearer,legendary_lord,wh_main_dwf_thorgrim_grudgebearer,general,general,wh3_dlc26_dwf_dwarfs_invasion|wh_main_dwf_dwarfs|wh_main_dwf_dwarfs_qb1|wh_main_dwf_dwarfs_qb2|wh_main_dwf_dwarfs_qb3|wh_main_dwf_dwarfs_qb4,true,false,true,true,false,true,,legendary_lords,wh_main_skill_node_set_dwf_thorgrim,,1,general,false,false,,,,wh3_main_agent_action_scaling,wh3_main_skill_agent_action_success_scaling,Agent action success modifer,Hidden skill that scales action success/defence chance,mount_hellsteed.png,0,99,0,0,false,0,49,34,Agent action success modifer,Hidden skill that scales action success/defence chance,,,,,,wh_main_effect_agent_action_success_chance_enemy_skill,[HIDDEN] Enemy Hero action success chance: %+n% (from skill),,character_to_character_own,-34,campaign,0,true,,,,,,,,,,,,,,,,,,,,,,,,,character_skill_level_to_effects_junctions_tables,wh3_main_skill_agent_action_success_scaling|wh_main_effect_agent_action_success_chance_enemy_skill|34|character_to_character_own
effect,warhammer_3,8.1.1,24237342,Dwarfs,dwarfs,wh_main_sc_dwf_dwarfs,Thorgrim Grudgebearer,Thorgrim_Grudgebearer,legendary_lord,wh_main_dwf_thorgrim_grudgebearer,general,general,wh3_dlc26_dwf_dwarfs_invasion|wh_main_dwf_dwarfs|wh_main_dwf_dwarfs_qb1|wh_main_dwf_dwarfs_qb2|wh_main_dwf_dwarfs_qb3|wh_main_dwf_dwarfs_qb4,true,false,true,true,false,true,,legendary_lords,wh_main_skill_node_set_dwf_thorgrim,,1,general,false,false,,,,wh3_main_agent_action_scaling,wh3_main_skill_agent_action_success_scaling,Agent action success modifer,Hidden skill that scales action success/defence chance,mount_hellsteed.png,0,99,0,0,false,0,49,34,Agent action success modifer,Hidden skill that scales action success/defence chance,,,,,,wh_main_effect_agent_action_success_chance_skill,[HIDDEN] Hero action success chance: %+n% (from skill),,character_to_character_own,34,campaign,0,true,,,,,,,,,,,,,,,,,,,,,,,,,character_skill_level_to_effects_junctions_tables,wh3_main_skill_agent_action_success_scaling|wh_main_effect_agent_action_success_chance_skill|34|character_to_character_own
effect,warhammer_3,8.1.1,24237342,Dwarfs,dwarfs,wh_main_sc_dwf_dwarfs,Thorgrim Grudgebearer,Thorgrim_Grudgebearer,legendary_lord,wh_main_dwf_thorgrim_grudgebearer,general,general,wh3_dlc26_dwf_dwarfs_invasion|wh_main_dwf_dwarfs|wh_main_dwf_dwarfs_qb1|wh_main_dwf_dwarfs_qb2|wh_main_dwf_dwarfs_qb3|wh_main_dwf_dwarfs_qb4,true,false,true,true,false,true,,legendary_lords,wh_main_skill_node_set_dwf_thorgrim,,1,general,false,false,,,,wh3_main_agent_action_scaling,wh3_main_skill_agent_action_success_scaling,Agent action success modifer,Hidden skill that scales action success/defence chance,mount_hellsteed.png,0,99,0,0,false,0,49,35,Agent action success modifer,Hidden skill that scales action success/defence chance,,,,,,wh_main_effect_agent_action_success_chance_enemy_skill,[HIDDEN] Enemy Hero action success chance: %+n% (from skill),,character_to_character_own,-35,campaign,0,true,,,,,,,,,,,,,,,,,,,,,,,,,character_skill_level_to_effects_junctions_tables,wh3_main_skill_agent_action_success_scaling|wh_main_effect_agent_action_success_chance_enemy_skill|35|character_to_character_own
effect,warhammer_3,8.1.1,24237342,Dwarfs,dwarfs,wh_main_sc_dwf_dwarfs,Thorgrim Grudgebearer,Thorgrim_Grudgebearer,legendary_lord,wh_main_dwf_thorgrim_grudgebearer,general,general,wh3_dlc26_dwf_dwarfs_invasion|wh_main_dwf_dwarfs|wh_main_dwf_dwarfs_qb1|wh_main_dwf_dwarfs_qb2|wh_main_dwf_dwarfs_qb3|wh_main_dwf_dwarfs_qb4,true,false,true,true,false,true,,legendary_lords,wh_main_skill_node_set_dwf_thorgrim,,1,general,false,false,,,,wh3_main_agent_action_scaling,wh3_main_skill_agent_action_success_scaling,Agent action success modifer,Hidden skill that scales action success/defence chance,mount_hellsteed.png,0,99,0,0,false,0,49,35,Agent action success modifer,Hidden skill that scales action success/defence chance,,,,,,wh_main_effect_agent_action_success_chance_skill,[HIDDEN] Hero action success chance: %+n% (from skill),,character_to_character_own,35,campaign,0,true,,,,,,,,,,,,,,,,,,,,,,,,,character_skill_level_to_effects_junctions_tables,wh3_main_skill_agent_action_success_scaling|wh_main_effect_agent_action_success_chance_skill|35|character_to_character_own
effect,warhammer_3,8.1.1,24237342,Dwarfs,dwarfs,wh_main_sc_dwf_dwarfs,Thorgrim Grudgebearer,Thorgrim_Grudgebearer,legendary_lord,wh_main_dwf_thorgrim_grudgebearer,general,general,wh3_dlc26_dwf_dwarfs_invasion|wh_main_dwf_dwarfs|wh_main_dwf_dwarfs_qb1|wh_main_dwf_dwarfs_qb2|wh_main_dwf_dwarfs_qb3|wh_main_dwf_dwarfs_qb4,true,false,true,true,false,true,,legendary_lords,wh_main_skill_node_set_dwf_thorgrim,,1,general,false,false,,,,wh3_main_agent_action_scaling,wh3_main_skill_agent_action_success_scaling,Agent action success modifer,Hidden skill that scales action success/defence chance,mount_hellsteed.png,0,99,0,0,false,0,49,36,Agent action success modifer,Hidden skill that scales action success/defence chance,,,,,,wh_main_effect_agent_action_success_chance_enemy_skill,[HIDDEN] Enemy Hero action success chance: %+n% (from skill),,character_to_character_own,-36,campaign,0,true,,,,,,,,,,,,,,,,,,,,,,,,,character_skill_level_to_effects_junctions_tables,wh3_main_skill_agent_action_success_scaling|wh_main_effect_agent_action_success_chance_enemy_skill|36|character_to_character_own
effect,warhammer_3,8.1.1,24237342,Dwarfs,dwarfs,wh_main_sc_dwf_dwarfs,Thorgrim Grudgebearer,Thorgrim_Grudgebearer,legendary_lord,wh_main_dwf_thorgrim_grudgebearer,general,general,wh3_dlc26_dwf_dwarfs_invasion|wh_main_dwf_dwarfs|wh_main_dwf_dwarfs_qb1|wh_main_dwf_dwarfs_qb2|wh_main_dwf_dwarfs_qb3|wh_main_dwf_dwarfs_qb4,true,false,true,true,false,true,,legendary_lords,wh_main_skill_node_set_dwf_thorgrim,,1,general,false,false,,,,wh3_main_agent_action_scaling,wh3_main_skill_agent_action_success_scaling,Agent action success modifer,Hidden skill that scales action success/defence chance,mount_hellsteed.png,0,99,0,0,false,0,49,36,Agent action success modifer,Hidden skill that scales action success/defence chance,,,,,,wh_main_effect_agent_action_success_chance_skill,[HIDDEN] Hero action success chance: %+n% (from skill),,character_to_character_own,36,campaign,0,true,,,,,,,,,,,,,,,,,,,,,,,,,character_skill_level_to_effects_junctions_tables,wh3_main_skill_agent_action_success_scaling|wh_main_effect_agent_action_success_chance_skill|36|character_to_character_own
effect,warhammer_3,8.1.1,24237342,Dwarfs,dwarfs,wh_main_sc_dwf_dwarfs,Thorgrim Grudgebearer,Thorgrim_Grudgebearer,legendary_lord,wh_main_dwf_thorgrim_grudgebearer,general,general,wh3_dlc26_dwf_dwarfs_invasion|wh_main_dwf_dwarfs|wh_main_dwf_dwarfs_qb1|wh_main_dwf_dwarfs_qb2|wh_main_dwf_dwarfs_qb3|wh_main_dwf_dwarfs_qb4,true,false,true,true,false,true,,legendary_lords,wh_main_skill_node_set_dwf_thorgrim,,1,general,false,false,,,,wh3_main_agent_action_scaling,wh3_main_skill_agent_action_success_scaling,Agent action success modifer,Hidden skill that scales action success/defence chance,mount_hellsteed.png,0,99,0,0,false,0,49,37,Agent action success modifer,Hidden skill that scales action success/defence chance,,,,,,wh_main_effect_agent_action_success_chance_enemy_skill,[HIDDEN] Enemy Hero action success chance: %+n% (from skill),,character_to_character_own,-37,campaign,0,true,,,,,,,,,,,,,,,,,,,,,,,,,character_skill_level_to_effects_junctions_tables,wh3_main_skill_agent_action_success_scaling|wh_main_effect_agent_action_success_chance_enemy_skill|37|character_to_character_own
effect,warhammer_3,8.1.1,24237342,Dwarfs,dwarfs,wh_main_sc_dwf_dwarfs,Thorgrim Grudgebearer,Thorgrim_Grudgebearer,legendary_lord,wh_main_dwf_thorgrim_grudgebearer,general,general,wh3_dlc26_dwf_dwarfs_invasion|wh_main_dwf_dwarfs|wh_main_dwf_dwarfs_qb1|wh_main_dwf_dwarfs_qb2|wh_main_dwf_dwarfs_qb3|wh_main_dwf_dwarfs_qb4,true,false,true,true,false,true,,legendary_lords,wh_main_skill_node_set_dwf_thorgrim,,1,general,false,false,,,,wh3_main_agent_action_scaling,wh3_main_skill_agent_action_success_scaling,Agent action success modifer,Hidden skill that scales action success/defence chance,mount_hellsteed.png,0,99,0,0,false,0,49,37,Agent action success modifer,Hidden skill that scales action success/defence chance,,,,,,wh_main_effect_agent_action_success_chance_skill,[HIDDEN] Hero action success chance: %+n% (from skill),,character_to_character_own,37,campaign,0,true,,,,,,,,,,,,,,,,,,,,,,,,,character_skill_level_to_effects_junctions_tables,wh3_main_skill_agent_action_success_scaling|wh_main_effect_agent_action_success_chance_skill|37|character_to_character_own
effect,warhammer_3,8.1.1,24237342,Dwarfs,dwarfs,wh_main_sc_dwf_dwarfs,Thorgrim Grudgebearer,Thorgrim_Grudgebearer,legendary_lord,wh_main_dwf_thorgrim_grudgebearer,general,general,wh3_dlc26_dwf_dwarfs_invasion|wh_main_dwf_dwarfs|wh_main_dwf_dwarfs_qb1|wh_main_dwf_dwarfs_qb2|wh_main_dwf_dwarfs_qb3|wh_main_dwf_dwarfs_qb4,true,false,true,true,false,true,,legendary_lords,wh_main_skill_node_set_dwf_thorgrim,,1,general,false,false,,,,wh3_main_agent_action_scaling,wh3_main_skill_agent_action_success_scaling,Agent action success modifer,Hidden skill that scales action success/defence chance,mount_hellsteed.png,0,99,0,0,false,0,49,38,Agent action success modifer,Hidden skill that scales action success/defence chance,,,,,,wh_main_effect_agent_action_success_chance_enemy_skill,[HIDDEN] Enemy Hero action success chance: %+n% (from skill),,character_to_character_own,-38,campaign,0,true,,,,,,,,,,,,,,,,,,,,,,,,,character_skill_level_to_effects_junctions_tables,wh3_main_skill_agent_action_success_scaling|wh_main_effect_agent_action_success_chance_enemy_skill|38|character_to_character_own
effect,warhammer_3,8.1.1,24237342,Dwarfs,dwarfs,wh_main_sc_dwf_dwarfs,Thorgrim Grudgebearer,Thorgrim_Grudgebearer,legendary_lord,wh_main_dwf_thorgrim_grudgebearer,general,general,wh3_dlc26_dwf_dwarfs_invasion|wh_main_dwf_dwarfs|wh_main_dwf_dwarfs_qb1|wh_main_dwf_dwarfs_qb2|wh_main_dwf_dwarfs_qb3|wh_main_dwf_dwarfs_qb4,true,false,true,true,false,true,,legendary_lords,wh_main_skill_node_set_dwf_thorgrim,,1,general,false,false,,,,wh3_main_agent_action_scaling,wh3_main_skill_agent_action_success_scaling,Agent action success modifer,Hidden skill that scales action success/defence chance,mount_hellsteed.png,0,99,0,0,false,0,49,38,Agent action success modifer,Hidden skill that scales action success/defence chance,,,,,,wh_main_effect_agent_action_success_chance_skill,[HIDDEN] Hero action success chance: %+n% (from skill),,character_to_character_own,38,campaign,0,true,,,,,,,,,,,,,,,,,,,,,,,,,character_skill_level_to_effects_junctions_tables,wh3_main_skill_agent_action_success_scaling|wh_main_effect_agent_action_success_chance_skill|38|character_to_character_own
effect,warhammer_3,8.1.1,24237342,Dwarfs,dwarfs,wh_main_sc_dwf_dwarfs,Thorgrim Grudgebearer,Thorgrim_Grudgebearer,legendary_lord,wh_main_dwf_thorgrim_grudgebearer,general,general,wh3_dlc26_dwf_dwarfs_invasion|wh_main_dwf_dwarfs|wh_main_dwf_dwarfs_qb1|wh_main_dwf_dwarfs_qb2|wh_main_dwf_dwarfs_qb3|wh_main_dwf_dwarfs_qb4,true,false,true,true,false,true,,legendary_lords,wh_main_skill_node_set_dwf_thorgrim,,1,general,false,false,,,,wh3_main_agent_action_scaling,wh3_main_skill_agent_action_success_scaling,Agent action success modifer,Hidden skill that scales action success/defence chance,mount_hellsteed.png,0,99,0,0,false,0,49,39,Agent action success modifer,Hidden skill that scales action success/defence chance,,,,,,wh_main_effect_agent_action_success_chance_enemy_skill,[HIDDEN] Enemy Hero action success chance: %+n% (from skill),,character_to_character_own,-39,campaign,0,true,,,,,,,,,,,,,,,,,,,,,,,,,character_skill_level_to_effects_junctions_tables,wh3_main_skill_agent_action_success_scaling|wh_main_effect_agent_action_success_chance_enemy_skill|39|character_to_character_own
effect,warhammer_3,8.1.1,24237342,Dwarfs,dwarfs,wh_main_sc_dwf_dwarfs,Thorgrim Grudgebearer,Thorgrim_Grudgebearer,legendary_lord,wh_main_dwf_thorgrim_grudgebearer,general,general,wh3_dlc26_dwf_dwarfs_invasion|wh_main_dwf_dwarfs|wh_main_dwf_dwarfs_qb1|wh_main_dwf_dwarfs_qb2|wh_main_dwf_dwarfs_qb3|wh_main_dwf_dwarfs_qb4,true,false,true,true,false,true,,legendary_lords,wh_main_skill_node_set_dwf_thorgrim,,1,general,false,false,,,,wh3_main_agent_action_scaling,wh3_main_skill_agent_action_success_scaling,Agent action success modifer,Hidden skill that scales action success/defence chance,mount_hellsteed.png,0,99,0,0,false,0,49,39,Agent action success modifer,Hidden skill that scales action success/defence chance,,,,,,wh_main_effect_agent_action_success_chance_skill,[HIDDEN] Hero action success chance: %+n% (from skill),,character_to_character_own,39,campaign,0,true,,,,,,,,,,,,,,,,,,,,,,,,,character_skill_level_to_effects_junctions_tables,wh3_main_skill_agent_action_success_scaling|wh_main_effect_agent_action_success_chance_skill|39|character_to_character_own
effect,warhammer_3,8.1.1,24237342,Dwarfs,dwarfs,wh_main_sc_dwf_dwarfs,Thorgrim Grudgebearer,Thorgrim_Grudgebearer,legendary_lord,wh_main_dwf_thorgrim_grudgebearer,general,general,wh3_dlc26_dwf_dwarfs_invasion|wh_main_dwf_dwarfs|wh_main_dwf_dwarfs_qb1|wh_main_dwf_dwarfs_qb2|wh_main_dwf_dwarfs_qb3|wh_main_dwf_dwarfs_qb4,true,false,true,true,false,true,,legendary_lords,wh_main_skill_node_set_dwf_thorgrim,,1,general,false,false,,,,wh3_main_agent_action_scaling,wh3_main_skill_agent_action_success_scaling,Agent action success modifer,Hidden skill that scales action success/defence chance,mount_hellsteed.png,0,99,0,0,false,0,49,40,Agent action success modifer,Hidden skill that scales action success/defence chance,,,,,,wh_main_effect_agent_action_success_chance_enemy_skill,[HIDDEN] Enemy Hero action success chance: %+n% (from skill),,character_to_character_own,-40,campaign,0,true,,,,,,,,,,,,,,,,,,,,,,,,,character_skill_level_to_effects_junctions_tables,wh3_main_skill_agent_action_success_scaling|wh_main_effect_agent_action_success_chance_enemy_skill|40|character_to_character_own
effect,warhammer_3,8.1.1,24237342,Dwarfs,dwarfs,wh_main_sc_dwf_dwarfs,Thorgrim Grudgebearer,Thorgrim_Grudgebearer,legendary_lord,wh_main_dwf_thorgrim_grudgebearer,general,general,wh3_dlc26_dwf_dwarfs_invasion|wh_main_dwf_dwarfs|wh_main_dwf_dwarfs_qb1|wh_main_dwf_dwarfs_qb2|wh_main_dwf_dwarfs_qb3|wh_main_dwf_dwarfs_qb4,true,false,true,true,false,true,,legendary_lords,wh_main_skill_node_set_dwf_thorgrim,,1,general,false,false,,,,wh3_main_agent_action_scaling,wh3_main_skill_agent_action_success_scaling,Agent action success modifer,Hidden skill that scales action success/defence chance,mount_hellsteed.png,0,99,0,0,false,0,49,40,Agent action success modifer,Hidden skill that scales action success/defence chance,,,,,,wh_main_effect_agent_action_success_chance_skill,[HIDDEN] Hero action success chance: %+n% (from skill),,character_to_character_own,40,campaign,0,true,,,,,,,,,,,,,,,,,,,,,,,,,character_skill_level_to_effects_junctions_tables,wh3_main_skill_agent_action_success_scaling|wh_main_effect_agent_action_success_chance_skill|40|character_to_character_own
effect,warhammer_3,8.1.1,24237342,Dwarfs,dwarfs,wh_main_sc_dwf_dwarfs,Thorgrim Grudgebearer,Thorgrim_Grudgebearer,legendary_lord,wh_main_dwf_thorgrim_grudgebearer,general,general,wh3_dlc26_dwf_dwarfs_invasion|wh_main_dwf_dwarfs|wh_main_dwf_dwarfs_qb1|wh_main_dwf_dwarfs_qb2|wh_main_dwf_dwarfs_qb3|wh_main_dwf_dwarfs_qb4,true,false,true,true,false,true,,legendary_lords,wh_main_skill_node_set_dwf_thorgrim,,1,general,false,false,,,,wh3_main_agent_action_scaling,wh3_main_skill_agent_action_success_scaling,Agent action success modifer,Hidden skill that scales action success/defence chance,mount_hellsteed.png,0,99,0,0,false,0,49,41,Agent action success modifer,Hidden skill that scales action success/defence chance,,,,,,wh_main_effect_agent_action_success_chance_enemy_skill,[HIDDEN] Enemy Hero action success chance: %+n% (from skill),,character_to_character_own,-41,campaign,0,true,,,,,,,,,,,,,,,,,,,,,,,,,character_skill_level_to_effects_junctions_tables,wh3_main_skill_agent_action_success_scaling|wh_main_effect_agent_action_success_chance_enemy_skill|41|character_to_character_own
effect,warhammer_3,8.1.1,24237342,Dwarfs,dwarfs,wh_main_sc_dwf_dwarfs,Thorgrim Grudgebearer,Thorgrim_Grudgebearer,legendary_lord,wh_main_dwf_thorgrim_grudgebearer,general,general,wh3_dlc26_dwf_dwarfs_invasion|wh_main_dwf_dwarfs|wh_main_dwf_dwarfs_qb1|wh_main_dwf_dwarfs_qb2|wh_main_dwf_dwarfs_qb3|wh_main_dwf_dwarfs_qb4,true,false,true,true,false,true,,legendary_lords,wh_main_skill_node_set_dwf_thorgrim,,1,general,false,false,,,,wh3_main_agent_action_scaling,wh3_main_skill_agent_action_success_scaling,Agent action success modifer,Hidden skill that scales action success/defence chance,mount_hellsteed.png,0,99,0,0,false,0,49,41,Agent action success modifer,Hidden skill that scales action success/defence chance,,,,,,wh_main_effect_agent_action_success_chance_skill,[HIDDEN] Hero action success chance: %+n% (from skill),,character_to_character_own,41,campaign,0,true,,,,,,,,,,,,,,,,,,,,,,,,,character_skill_level_to_effects_junctions_tables,wh3_main_skill_agent_action_success_scaling|wh_main_effect_agent_action_success_chance_skill|41|character_to_character_own
effect,warhammer_3,8.1.1,24237342,Dwarfs,dwarfs,wh_main_sc_dwf_dwarfs,Thorgrim Grudgebearer,Thorgrim_Grudgebearer,legendary_lord,wh_main_dwf_thorgrim_grudgebearer,general,general,wh3_dlc26_dwf_dwarfs_invasion|wh_main_dwf_dwarfs|wh_main_dwf_dwarfs_qb1|wh_main_dwf_dwarfs_qb2|wh_main_dwf_dwarfs_qb3|wh_main_dwf_dwarfs_qb4,true,false,true,true,false,true,,legendary_lords,wh_main_skill_node_set_dwf_thorgrim,,1,general,false,false,,,,wh3_main_agent_action_scaling,wh3_main_skill_agent_action_success_scaling,Agent action success modifer,Hidden skill that scales action success/defence chance,mount_hellsteed.png,0,99,0,0,false,0,49,42,Agent action success modifer,Hidden skill that scales action success/defence chance,,,,,,wh_main_effect_agent_action_success_chance_enemy_skill,[HIDDEN] Enemy Hero action success chance: %+n% (from skill),,character_to_character_own,-42,campaign,0,true,,,,,,,,,,,,,,,,,,,,,,,,,character_skill_level_to_effects_junctions_tables,wh3_main_skill_agent_action_success_scaling|wh_main_effect_agent_action_success_chance_enemy_skill|42|character_to_character_own
effect,warhammer_3,8.1.1,24237342,Dwarfs,dwarfs,wh_main_sc_dwf_dwarfs,Thorgrim Grudgebearer,Thorgrim_Grudgebearer,legendary_lord,wh_main_dwf_thorgrim_grudgebearer,general,general,wh3_dlc26_dwf_dwarfs_invasion|wh_main_dwf_dwarfs|wh_main_dwf_dwarfs_qb1|wh_main_dwf_dwarfs_qb2|wh_main_dwf_dwarfs_qb3|wh_main_dwf_dwarfs_qb4,true,false,true,true,false,true,,legendary_lords,wh_main_skill_node_set_dwf_thorgrim,,1,general,false,false,,,,wh3_main_agent_action_scaling,wh3_main_skill_agent_action_success_scaling,Agent action success modifer,Hidden skill that scales action success/defence chance,mount_hellsteed.png,0,99,0,0,false,0,49,42,Agent action success modifer,Hidden skill that scales action success/defence chance,,,,,,wh_main_effect_agent_action_success_chance_skill,[HIDDEN] Hero action success chance: %+n% (from skill),,character_to_character_own,42,campaign,0,true,,,,,,,,,,,,,,,,,,,,,,,,,character_skill_level_to_effects_junctions_tables,wh3_main_skill_agent_action_success_scaling|wh_main_effect_agent_action_success_chance_skill|42|character_to_character_own
effect,warhammer_3,8.1.1,24237342,Dwarfs,dwarfs,wh_main_sc_dwf_dwarfs,Thorgrim Grudgebearer,Thorgrim_Grudgebearer,legendary_lord,wh_main_dwf_thorgrim_grudgebearer,general,general,wh3_dlc26_dwf_dwarfs_invasion|wh_main_dwf_dwarfs|wh_main_dwf_dwarfs_qb1|wh_main_dwf_dwarfs_qb2|wh_main_dwf_dwarfs_qb3|wh_main_dwf_dwarfs_qb4,true,false,true,true,false,true,,legendary_lords,wh_main_skill_node_set_dwf_thorgrim,,1,general,false,false,,,,wh3_main_agent_action_scaling,wh3_main_skill_agent_action_success_scaling,Agent action success modifer,Hidden skill that scales action success/defence chance,mount_hellsteed.png,0,99,0,0,false,0,49,43,Agent action success modifer,Hidden skill that scales action success/defence chance,,,,,,wh_main_effect_agent_action_success_chance_enemy_skill,[HIDDEN] Enemy Hero action success chance: %+n% (from skill),,character_to_character_own,-43,campaign,0,true,,,,,,,,,,,,,,,,,,,,,,,,,character_skill_level_to_effects_junctions_tables,wh3_main_skill_agent_action_success_scaling|wh_main_effect_agent_action_success_chance_enemy_skill|43|character_to_character_own
effect,warhammer_3,8.1.1,24237342,Dwarfs,dwarfs,wh_main_sc_dwf_dwarfs,Thorgrim Grudgebearer,Thorgrim_Grudgebearer,legendary_lord,wh_main_dwf_thorgrim_grudgebearer,general,general,wh3_dlc26_dwf_dwarfs_invasion|wh_main_dwf_dwarfs|wh_main_dwf_dwarfs_qb1|wh_main_dwf_dwarfs_qb2|wh_main_dwf_dwarfs_qb3|wh_main_dwf_dwarfs_qb4,true,false,true,true,false,true,,legendary_lords,wh_main_skill_node_set_dwf_thorgrim,,1,general,false,false,,,,wh3_main_agent_action_scaling,wh3_main_skill_agent_action_success_scaling,Agent action success modifer,Hidden skill that scales action success/defence chance,mount_hellsteed.png,0,99,0,0,false,0,49,43,Agent action success modifer,Hidden skill that scales action success/defence chance,,,,,,wh_main_effect_agent_action_success_chance_skill,[HIDDEN] Hero action success chance: %+n% (from skill),,character_to_character_own,43,campaign,0,true,,,,,,,,,,,,,,,,,,,,,,,,,character_skill_level_to_effects_junctions_tables,wh3_main_skill_agent_action_success_scaling|wh_main_effect_agent_action_success_chance_skill|43|character_to_character_own
effect,warhammer_3,8.1.1,24237342,Dwarfs,dwarfs,wh_main_sc_dwf_dwarfs,Thorgrim Grudgebearer,Thorgrim_Grudgebearer,legendary_lord,wh_main_dwf_thorgrim_grudgebearer,general,general,wh3_dlc26_dwf_dwarfs_invasion|wh_main_dwf_dwarfs|wh_main_dwf_dwarfs_qb1|wh_main_dwf_dwarfs_qb2|wh_main_dwf_dwarfs_qb3|wh_main_dwf_dwarfs_qb4,true,false,true,true,false,true,,legendary_lords,wh_main_skill_node_set_dwf_thorgrim,,1,general,false,false,,,,wh3_main_agent_action_scaling,wh3_main_skill_agent_action_success_scaling,Agent action success modifer,Hidden skill that scales action success/defence chance,mount_hellsteed.png,0,99,0,0,false,0,49,44,Agent action success modifer,Hidden skill that scales action success/defence chance,,,,,,wh_main_effect_agent_action_success_chance_enemy_skill,[HIDDEN] Enemy Hero action success chance: %+n% (from skill),,character_to_character_own,-44,campaign,0,true,,,,,,,,,,,,,,,,,,,,,,,,,character_skill_level_to_effects_junctions_tables,wh3_main_skill_agent_action_success_scaling|wh_main_effect_agent_action_success_chance_enemy_skill|44|character_to_character_own
effect,warhammer_3,8.1.1,24237342,Dwarfs,dwarfs,wh_main_sc_dwf_dwarfs,Thorgrim Grudgebearer,Thorgrim_Grudgebearer,legendary_lord,wh_main_dwf_thorgrim_grudgebearer,general,general,wh3_dlc26_dwf_dwarfs_invasion|wh_main_dwf_dwarfs|wh_main_dwf_dwarfs_qb1|wh_main_dwf_dwarfs_qb2|wh_main_dwf_dwarfs_qb3|wh_main_dwf_dwarfs_qb4,true,false,true,true,false,true,,legendary_lords,wh_main_skill_node_set_dwf_thorgrim,,1,general,false,false,,,,wh3_main_agent_action_scaling,wh3_main_skill_agent_action_success_scaling,Agent action success modifer,Hidden skill that scales action success/defence chance,mount_hellsteed.png,0,99,0,0,false,0,49,44,Agent action success modifer,Hidden skill that scales action success/defence chance,,,,,,wh_main_effect_agent_action_success_chance_skill,[HIDDEN] Hero action success chance: %+n% (from skill),,character_to_character_own,44,campaign,0,true,,,,,,,,,,,,,,,,,,,,,,,,,character_skill_level_to_effects_junctions_tables,wh3_main_skill_agent_action_success_scaling|wh_main_effect_agent_action_success_chance_skill|44|character_to_character_own
effect,warhammer_3,8.1.1,24237342,Dwarfs,dwarfs,wh_main_sc_dwf_dwarfs,Thorgrim Grudgebearer,Thorgrim_Grudgebearer,legendary_lord,wh_main_dwf_thorgrim_grudgebearer,general,general,wh3_dlc26_dwf_dwarfs_invasion|wh_main_dwf_dwarfs|wh_main_dwf_dwarfs_qb1|wh_main_dwf_dwarfs_qb2|wh_main_dwf_dwarfs_qb3|wh_main_dwf_dwarfs_qb4,true,false,true,true,false,true,,legendary_lords,wh_main_skill_node_set_dwf_thorgrim,,1,general,false,false,,,,wh3_main_agent_action_scaling,wh3_main_skill_agent_action_success_scaling,Agent action success modifer,Hidden skill that scales action success/defence chance,mount_hellsteed.png,0,99,0,0,false,0,49,45,Agent action success modifer,Hidden skill that scales action success/defence chance,,,,,,wh_main_effect_agent_action_success_chance_enemy_skill,[HIDDEN] Enemy Hero action success chance: %+n% (from skill),,character_to_character_own,-45,campaign,0,true,,,,,,,,,,,,,,,,,,,,,,,,,character_skill_level_to_effects_junctions_tables,wh3_main_skill_agent_action_success_scaling|wh_main_effect_agent_action_success_chance_enemy_skill|45|character_to_character_own
effect,warhammer_3,8.1.1,24237342,Dwarfs,dwarfs,wh_main_sc_dwf_dwarfs,Thorgrim Grudgebearer,Thorgrim_Grudgebearer,legendary_lord,wh_main_dwf_thorgrim_grudgebearer,general,general,wh3_dlc26_dwf_dwarfs_invasion|wh_main_dwf_dwarfs|wh_main_dwf_dwarfs_qb1|wh_main_dwf_dwarfs_qb2|wh_main_dwf_dwarfs_qb3|wh_main_dwf_dwarfs_qb4,true,false,true,true,false,true,,legendary_lords,wh_main_skill_node_set_dwf_thorgrim,,1,general,false,false,,,,wh3_main_agent_action_scaling,wh3_main_skill_agent_action_success_scaling,Agent action success modifer,Hidden skill that scales action success/defence chance,mount_hellsteed.png,0,99,0,0,false,0,49,45,Agent action success modifer,Hidden skill that scales action success/defence chance,,,,,,wh_main_effect_agent_action_success_chance_skill,[HIDDEN] Hero action success chance: %+n% (from skill),,character_to_character_own,45,campaign,0,true,,,,,,,,,,,,,,,,,,,,,,,,,character_skill_level_to_effects_junctions_tables,wh3_main_skill_agent_action_success_scaling|wh_main_effect_agent_action_success_chance_skill|45|character_to_character_own
effect,warhammer_3,8.1.1,24237342,Dwarfs,dwarfs,wh_main_sc_dwf_dwarfs,Thorgrim Grudgebearer,Thorgrim_Grudgebearer,legendary_lord,wh_main_dwf_thorgrim_grudgebearer,general,general,wh3_dlc26_dwf_dwarfs_invasion|wh_main_dwf_dwarfs|wh_main_dwf_dwarfs_qb1|wh_main_dwf_dwarfs_qb2|wh_main_dwf_dwarfs_qb3|wh_main_dwf_dwarfs_qb4,true,false,true,true,false,true,,legendary_lords,wh_main_skill_node_set_dwf_thorgrim,,1,general,false,false,,,,wh3_main_agent_action_scaling,wh3_main_skill_agent_action_success_scaling,Agent action success modifer,Hidden skill that scales action success/defence chance,mount_hellsteed.png,0,99,0,0,false,0,49,46,Agent action success modifer,Hidden skill that scales action success/defence chance,,,,,,wh_main_effect_agent_action_success_chance_enemy_skill,[HIDDEN] Enemy Hero action success chance: %+n% (from skill),,character_to_character_own,-46,campaign,0,true,,,,,,,,,,,,,,,,,,,,,,,,,character_skill_level_to_effects_junctions_tables,wh3_main_skill_agent_action_success_scaling|wh_main_effect_agent_action_success_chance_enemy_skill|46|character_to_character_own
effect,warhammer_3,8.1.1,24237342,Dwarfs,dwarfs,wh_main_sc_dwf_dwarfs,Thorgrim Grudgebearer,Thorgrim_Grudgebearer,legendary_lord,wh_main_dwf_thorgrim_grudgebearer,general,general,wh3_dlc26_dwf_dwarfs_invasion|wh_main_dwf_dwarfs|wh_main_dwf_dwarfs_qb1|wh_main_dwf_dwarfs_qb2|wh_main_dwf_dwarfs_qb3|wh_main_dwf_dwarfs_qb4,true,false,true,true,false,true,,legendary_lords,wh_main_skill_node_set_dwf_thorgrim,,1,general,false,false,,,,wh3_main_agent_action_scaling,wh3_main_skill_agent_action_success_scaling,Agent action success modifer,Hidden skill that scales action success/defence chance,mount_hellsteed.png,0,99,0,0,false,0,49,46,Agent action success modifer,Hidden skill that scales action success/defence chance,,,,,,wh_main_effect_agent_action_success_chance_skill,[HIDDEN] Hero action success chance: %+n% (from skill),,character_to_character_own,46,campaign,0,true,,,,,,,,,,,,,,,,,,,,,,,,,character_skill_level_to_effects_junctions_tables,wh3_main_skill_agent_action_success_scaling|wh_main_effect_agent_action_success_chance_skill|46|character_to_character_own
effect,warhammer_3,8.1.1,24237342,Dwarfs,dwarfs,wh_main_sc_dwf_dwarfs,Thorgrim Grudgebearer,Thorgrim_Grudgebearer,legendary_lord,wh_main_dwf_thorgrim_grudgebearer,general,general,wh3_dlc26_dwf_dwarfs_invasion|wh_main_dwf_dwarfs|wh_main_dwf_dwarfs_qb1|wh_main_dwf_dwarfs_qb2|wh_main_dwf_dwarfs_qb3|wh_main_dwf_dwarfs_qb4,true,false,true,true,false,true,,legendary_lords,wh_main_skill_node_set_dwf_thorgrim,,1,general,false,false,,,,wh3_main_agent_action_scaling,wh3_main_skill_agent_action_success_scaling,Agent action success modifer,Hidden skill that scales action success/defence chance,mount_hellsteed.png,0,99,0,0,false,0,49,47,Agent action success modifer,Hidden skill that scales action success/defence chance,,,,,,wh_main_effect_agent_action_success_chance_enemy_skill,[HIDDEN] Enemy Hero action success chance: %+n% (from skill),,character_to_character_own,-47,campaign,0,true,,,,,,,,,,,,,,,,,,,,,,,,,character_skill_level_to_effects_junctions_tables,wh3_main_skill_agent_action_success_scaling|wh_main_effect_agent_action_success_chance_enemy_skill|47|character_to_character_own
effect,warhammer_3,8.1.1,24237342,Dwarfs,dwarfs,wh_main_sc_dwf_dwarfs,Thorgrim Grudgebearer,Thorgrim_Grudgebearer,legendary_lord,wh_main_dwf_thorgrim_grudgebearer,general,general,wh3_dlc26_dwf_dwarfs_invasion|wh_main_dwf_dwarfs|wh_main_dwf_dwarfs_qb1|wh_main_dwf_dwarfs_qb2|wh_main_dwf_dwarfs_qb3|wh_main_dwf_dwarfs_qb4,true,false,true,true,false,true,,legendary_lords,wh_main_skill_node_set_dwf_thorgrim,,1,general,false,false,,,,wh3_main_agent_action_scaling,wh3_main_skill_agent_action_success_scaling,Agent action success modifer,Hidden skill that scales action success/defence chance,mount_hellsteed.png,0,99,0,0,false,0,49,47,Agent action success modifer,Hidden skill that scales action success/defence chance,,,,,,wh_main_effect_agent_action_success_chance_skill,[HIDDEN] Hero action success chance: %+n% (from skill),,character_to_character_own,47,campaign,0,true,,,,,,,,,,,,,,,,,,,,,,,,,character_skill_level_to_effects_junctions_tables,wh3_main_skill_agent_action_success_scaling|wh_main_effect_agent_action_success_chance_skill|47|character_to_character_own
effect,warhammer_3,8.1.1,24237342,Dwarfs,dwarfs,wh_main_sc_dwf_dwarfs,Thorgrim Grudgebearer,Thorgrim_Grudgebearer,legendary_lord,wh_main_dwf_thorgrim_grudgebearer,general,general,wh3_dlc26_dwf_dwarfs_invasion|wh_main_dwf_dwarfs|wh_main_dwf_dwarfs_qb1|wh_main_dwf_dwarfs_qb2|wh_main_dwf_dwarfs_qb3|wh_main_dwf_dwarfs_qb4,true,false,true,true,false,true,,legendary_lords,wh_main_skill_node_set_dwf_thorgrim,,1,general,false,false,,,,wh3_main_agent_action_scaling,wh3_main_skill_agent_action_success_scaling,Agent action success modifer,Hidden skill that scales action success/defence chance,mount_hellsteed.png,0,99,0,0,false,0,49,48,Agent action success modifer,Hidden skill that scales action success/defence chance,,,,,,wh_main_effect_agent_action_success_chance_enemy_skill,[HIDDEN] Enemy Hero action success chance: %+n% (from skill),,character_to_character_own,-48,campaign,0,true,,,,,,,,,,,,,,,,,,,,,,,,,character_skill_level_to_effects_junctions_tables,wh3_main_skill_agent_action_success_scaling|wh_main_effect_agent_action_success_chance_enemy_skill|48|character_to_character_own
effect,warhammer_3,8.1.1,24237342,Dwarfs,dwarfs,wh_main_sc_dwf_dwarfs,Thorgrim Grudgebearer,Thorgrim_Grudgebearer,legendary_lord,wh_main_dwf_thorgrim_grudgebearer,general,general,wh3_dlc26_dwf_dwarfs_invasion|wh_main_dwf_dwarfs|wh_main_dwf_dwarfs_qb1|wh_main_dwf_dwarfs_qb2|wh_main_dwf_dwarfs_qb3|wh_main_dwf_dwarfs_qb4,true,false,true,true,false,true,,legendary_lords,wh_main_skill_node_set_dwf_thorgrim,,1,general,false,false,,,,wh3_main_agent_action_scaling,wh3_main_skill_agent_action_success_scaling,Agent action success modifer,Hidden skill that scales action success/defence chance,mount_hellsteed.png,0,99,0,0,false,0,49,48,Agent action success modifer,Hidden skill that scales action success/defence chance,,,,,,wh_main_effect_agent_action_success_chance_skill,[HIDDEN] Hero action success chance: %+n% (from skill),,character_to_character_own,48,campaign,0,true,,,,,,,,,,,,,,,,,,,,,,,,,character_skill_level_to_effects_junctions_tables,wh3_main_skill_agent_action_success_scaling|wh_main_effect_agent_action_success_chance_skill|48|character_to_character_own
effect,warhammer_3,8.1.1,24237342,Dwarfs,dwarfs,wh_main_sc_dwf_dwarfs,Thorgrim Grudgebearer,Thorgrim_Grudgebearer,legendary_lord,wh_main_dwf_thorgrim_grudgebearer,general,general,wh3_dlc26_dwf_dwarfs_invasion|wh_main_dwf_dwarfs|wh_main_dwf_dwarfs_qb1|wh_main_dwf_dwarfs_qb2|wh_main_dwf_dwarfs_qb3|wh_main_dwf_dwarfs_qb4,true,false,true,true,false,true,,legendary_lords,wh_main_skill_node_set_dwf_thorgrim,,1,general,false,false,,,,wh3_main_agent_action_scaling,wh3_main_skill_agent_action_success_scaling,Agent action success modifer,Hidden skill that scales action success/defence chance,mount_hellsteed.png,0,99,0,0,false,0,49,49,Agent action success modifer,Hidden skill that scales action success/defence chance,,,,,,wh_main_effect_agent_action_success_chance_enemy_skill,[HIDDEN] Enemy Hero action success chance: %+n% (from skill),,character_to_character_own,-49,campaign,0,true,,,,,,,,,,,,,,,,,,,,,,,,,character_skill_level_to_effects_junctions_tables,wh3_main_skill_agent_action_success_scaling|wh_main_effect_agent_action_success_chance_enemy_skill|49|character_to_character_own
effect,warhammer_3,8.1.1,24237342,Dwarfs,dwarfs,wh_main_sc_dwf_dwarfs,Thorgrim Grudgebearer,Thorgrim_Grudgebearer,legendary_lord,wh_main_dwf_thorgrim_grudgebearer,general,general,wh3_dlc26_dwf_dwarfs_invasion|wh_main_dwf_dwarfs|wh_main_dwf_dwarfs_qb1|wh_main_dwf_dwarfs_qb2|wh_main_dwf_dwarfs_qb3|wh_main_dwf_dwarfs_qb4,true,false,true,true,false,true,,legendary_lords,wh_main_skill_node_set_dwf_thorgrim,,1,general,false,false,,,,wh3_main_agent_action_scaling,wh3_main_skill_agent_action_success_scaling,Agent action success modifer,Hidden skill that scales action success/defence chance,mount_hellsteed.png,0,99,0,0,false,0,49,49,Agent action success modifer,Hidden skill that scales action success/defence chance,,,,,,wh_main_effect_agent_action_success_chance_skill,[HIDDEN] Hero action success chance: %+n% (from skill),,character_to_character_own,49,campaign,0,true,,,,,,,,,,,,,,,,,,,,,,,,,character_skill_level_to_effects_junctions_tables,wh3_main_skill_agent_action_success_scaling|wh_main_effect_agent_action_success_chance_skill|49|character_to_character_own
node,warhammer_3,8.1.1,24237342,Dwarfs,dwarfs,wh_main_sc_dwf_dwarfs,Thorgrim Grudgebearer,Thorgrim_Grudgebearer,legendary_lord,wh_main_dwf_thorgrim_grudgebearer,general,general,wh3_dlc26_dwf_dwarfs_invasion|wh_main_dwf_dwarfs|wh_main_dwf_dwarfs_qb1|wh_main_dwf_dwarfs_qb2|wh_main_dwf_dwarfs_qb3|wh_main_dwf_dwarfs_qb4,true,false,true,true,false,true,,legendary_lords,wh_main_skill_node_set_dwf_thorgrim,,1,general,false,false,,,,wh_dlc08_skill_dwf_lord_thorgrim_unique_5,wh_dlc08_skill_dwf_lord_thorgrim_unique_5,Grudge Against the Foul,Those horrible gits will rue the day!,icon_stat_morale_vs_greenskins.png,1,0,0,0,true,0,1,,,,,,,,,,,,,,,,,,,,,,,,,,,,,,,,,,,,,,,,,character_skill_nodes_tables,wh_dlc08_skill_dwf_lord_thorgrim_unique_5
effect,warhammer_3,8.1.1,24237342,Dwarfs,dwarfs,wh_main_sc_dwf_dwarfs,Thorgrim Grudgebearer,Thorgrim_Grudgebearer,legendary_lord,wh_main_dwf_thorgrim_grudgebearer,general,general,wh3_dlc26_dwf_dwarfs_invasion|wh_main_dwf_dwarfs|wh_main_dwf_dwarfs_qb1|wh_main_dwf_dwarfs_qb2|wh_main_dwf_dwarfs_qb3|wh_main_dwf_dwarfs_qb4,true,false,true,true,false,true,,legendary_lords,wh_main_skill_node_set_dwf_thorgrim,,1,general,false,false,,,,wh_dlc08_skill_dwf_lord_thorgrim_unique_5,wh_dlc08_skill_dwf_lord_thorgrim_unique_5,Grudge Against the Foul,Those horrible gits will rue the day!,icon_stat_morale_vs_greenskins.png,1,0,0,0,true,0,1,1,Grudge Against the Foul,Those horrible gits will rue the day!,,,,,,wh2_dlc11_effect_force_stat_leadership_vs_greenskins_ogre_skaven,"Leadership: %+n when fighting against Greenskins, Ogres and Skaven",,general_to_force_own,4,battle,411,true,morale.png,morale.png,,,,,,,,,,,,,,,,,,,,,,,character_skill_level_to_effects_junctions_tables,wh_dlc08_skill_dwf_lord_thorgrim_unique_5|wh2_dlc11_effect_force_stat_leadership_vs_greenskins_ogre_skaven|1|general_to_force_own
effect,warhammer_3,8.1.1,24237342,Dwarfs,dwarfs,wh_main_sc_dwf_dwarfs,Thorgrim Grudgebearer,Thorgrim_Grudgebearer,legendary_lord,wh_main_dwf_thorgrim_grudgebearer,general,general,wh3_dlc26_dwf_dwarfs_invasion|wh_main_dwf_dwarfs|wh_main_dwf_dwarfs_qb1|wh_main_dwf_dwarfs_qb2|wh_main_dwf_dwarfs_qb3|wh_main_dwf_dwarfs_qb4,true,false,true,true,false,true,,legendary_lords,wh_main_skill_node_set_dwf_thorgrim,,1,general,false,false,,,,wh_dlc08_skill_dwf_lord_thorgrim_unique_5,wh_dlc08_skill_dwf_lord_thorgrim_unique_5,Grudge Against the Foul,Those horrible gits will rue the day!,icon_stat_morale_vs_greenskins.png,1,0,0,0,true,0,1,1,Grudge Against the Foul,Those horrible gits will rue the day!,,,,,,wh2_main_effect_force_stat_melee_attack_vs_greenskins_ogre_skaven,"Melee attack: %+n when fighting against Greenskins, Ogres and Skaven",,general_to_force_own,5,battle,431,true,melee.png,melee.png,,,,,,,,,,,,,,,,,,,,,,,character_skill_level_to_effects_junctions_tables,wh_dlc08_skill_dwf_lord_thorgrim_unique_5|wh2_main_effect_force_stat_melee_attack_vs_greenskins_ogre_skaven|1|general_to_force_own
node,warhammer_3,8.1.1,24237342,Dwarfs,dwarfs,wh_main_sc_dwf_dwarfs,Thorgrim Grudgebearer,Thorgrim_Grudgebearer,legendary_lord,wh_main_dwf_thorgrim_grudgebearer,general,general,wh3_dlc26_dwf_dwarfs_invasion|wh_main_dwf_dwarfs|wh_main_dwf_dwarfs_qb1|wh_main_dwf_dwarfs_qb2|wh_main_dwf_dwarfs_qb3|wh_main_dwf_dwarfs_qb4,true,false,true,true,false,true,,legendary_lords,wh_main_skill_node_set_dwf_thorgrim,,1,general,false,false,,,,wh_dlc08_skill_dwf_lord_thorgrim_unique_1,wh_dlc08_skill_dwf_lord_thorgrim_unique_1,Elite Enforcer,"That which is wrong with the world that cannot be fixed with the blades of our axes, we shall surely avenge!",character_military_spending.png,1,1,0,0,true,0,1,,,,,,,,,,,,,,,,,,,,,,,,,,,,,,,,,,,,,,,,,character_skill_nodes_tables,wh_dlc08_skill_dwf_lord_thorgrim_unique_1
effect,warhammer_3,8.1.1,24237342,Dwarfs,dwarfs,wh_main_sc_dwf_dwarfs,Thorgrim Grudgebearer,Thorgrim_Grudgebearer,legendary_lord,wh_main_dwf_thorgrim_grudgebearer,general,general,wh3_dlc26_dwf_dwarfs_invasion|wh_main_dwf_dwarfs|wh_main_dwf_dwarfs_qb1|wh_main_dwf_dwarfs_qb2|wh_main_dwf_dwarfs_qb3|wh_main_dwf_dwarfs_qb4,true,false,true,true,false,true,,legendary_lords,wh_main_skill_node_set_dwf_thorgrim,,1,general,false,false,,,,wh_dlc08_skill_dwf_lord_thorgrim_unique_1,wh_dlc08_skill_dwf_lord_thorgrim_unique_1,Elite Enforcer,"That which is wrong with the world that cannot be fixed with the blades of our axes, we shall surely avenge!",character_military_spending.png,1,1,0,0,true,0,1,1,Elite Enforcer,"That which is wrong with the world that cannot be fixed with the blades of our axes, we shall surely avenge!",,,,,,wh_main_effect_agent_cap_increase_champion_thane,Hero capacity: %+n for Thanes,,character_to_faction_unseen,1,campaign,102,true,thane.png,thane.png,,,,,,,,,,,,,,,,,,,,,,,character_skill_level_to_effects_junctions_tables,wh_dlc08_skill_dwf_lord_thorgrim_unique_1|wh_main_effect_agent_cap_increase_champion_thane|1|character_to_faction_unseen
effect,warhammer_3,8.1.1,24237342,Dwarfs,dwarfs,wh_main_sc_dwf_dwarfs,Thorgrim Grudgebearer,Thorgrim_Grudgebearer,legendary_lord,wh_main_dwf_thorgrim_grudgebearer,general,general,wh3_dlc26_dwf_dwarfs_invasion|wh_main_dwf_dwarfs|wh_main_dwf_dwarfs_qb1|wh_main_dwf_dwarfs_qb2|wh_main_dwf_dwarfs_qb3|wh_main_dwf_dwarfs_qb4,true,false,true,true,false,true,,legendary_lords,wh_main_skill_node_set_dwf_thorgrim,,1,general,false,false,,,,wh_dlc08_skill_dwf_lord_thorgrim_unique_1,wh_dlc08_skill_dwf_lord_thorgrim_unique_1,Elite Enforcer,"That which is wrong with the world that cannot be fixed with the blades of our axes, we shall surely avenge!",character_military_spending.png,1,1,0,0,true,0,1,1,Elite Enforcer,"That which is wrong with the world that cannot be fixed with the blades of our axes, we shall surely avenge!",,,,,,wh_main_effect_agent_recruitment_xp_champion_dwarfs,Hero recruit rank: %+n for Thanes,,character_to_province_own_factionwide,3,campaign,104,true,thane.png,thane.png,,,,,,,,,,,,,,,,,,,,,,,character_skill_level_to_effects_junctions_tables,wh_dlc08_skill_dwf_lord_thorgrim_unique_1|wh_main_effect_agent_recruitment_xp_champion_dwarfs|1|character_to_province_own_factionwide
effect,warhammer_3,8.1.1,24237342,Dwarfs,dwarfs,wh_main_sc_dwf_dwarfs,Thorgrim Grudgebearer,Thorgrim_Grudgebearer,legendary_lord,wh_main_dwf_thorgrim_grudgebearer,general,general,wh3_dlc26_dwf_dwarfs_invasion|wh_main_dwf_dwarfs|wh_main_dwf_dwarfs_qb1|wh_main_dwf_dwarfs_qb2|wh_main_dwf_dwarfs_qb3|wh_main_dwf_dwarfs_qb4,true,false,true,true,false,true,,legendary_lords,wh_main_skill_node_set_dwf_thorgrim,,1,general,false,false,,,,wh_dlc08_skill_dwf_lord_thorgrim_unique_1,wh_dlc08_skill_dwf_lord_thorgrim_unique_1,Elite Enforcer,"That which is wrong with the world that cannot be fixed with the blades of our axes, we shall surely avenge!",character_military_spending.png,1,1,0,0,true,0,1,1,Elite Enforcer,"That which is wrong with the world that cannot be fixed with the blades of our axes, we shall surely avenge!",,,,,,wh_main_effect_tech_upkeep_cost_reduction_longbeards_hammerers,Upkeep: %+n% for Longbeards and Hammerers units,,general_to_force_own,-15,campaign,105,false,military_spending.png,military_spending.png,,,,,,,,,,,,,,,,,,,,,,,character_skill_level_to_effects_junctions_tables,wh_dlc08_skill_dwf_lord_thorgrim_unique_1|wh_main_effect_tech_upkeep_cost_reduction_longbeards_hammerers|1|general_to_force_own
node,warhammer_3,8.1.1,24237342,Dwarfs,dwarfs,wh_main_sc_dwf_dwarfs,Thorgrim Grudgebearer,Thorgrim_Grudgebearer,legendary_lord,wh_main_dwf_thorgrim_grudgebearer,general,general,wh3_dlc26_dwf_dwarfs_invasion|wh_main_dwf_dwarfs|wh_main_dwf_dwarfs_qb1|wh_main_dwf_dwarfs_qb2|wh_main_dwf_dwarfs_qb3|wh_main_dwf_dwarfs_qb4,true,false,true,true,false,true,,legendary_lords,wh_main_skill_node_set_dwf_thorgrim,,1,general,false,false,,,,wh3_dlc25_skill_node_dwf_thorgrim_choice_02,wh3_dlc25_skill_dwf_lord_unique_units_infantry_02,Mastercrafted Weapon,"Dawi of distinction tend to have the best weapons, whether made specially for them or taken as spoils from their defeated foes.",character_attack.png,1,2,0,0,true,0,1,,,,,,,,,,,,,,,,,,,,,,,,,,,,,,,,,,,,,,,,,character_skill_nodes_tables,wh3_dlc25_skill_node_dwf_thorgrim_choice_02
skill_level,warhammer_3,8.1.1,24237342,Dwarfs,dwarfs,wh_main_sc_dwf_dwarfs,Thorgrim Grudgebearer,Thorgrim_Grudgebearer,legendary_lord,wh_main_dwf_thorgrim_grudgebearer,general,general,wh3_dlc26_dwf_dwarfs_invasion|wh_main_dwf_dwarfs|wh_main_dwf_dwarfs_qb1|wh_main_dwf_dwarfs_qb2|wh_main_dwf_dwarfs_qb3|wh_main_dwf_dwarfs_qb4,true,false,true,true,false,true,,legendary_lords,wh_main_skill_node_set_dwf_thorgrim,,1,general,false,false,,,,wh3_dlc25_skill_node_dwf_thorgrim_choice_02,wh3_dlc25_skill_dwf_lord_unique_units_infantry_02,Mastercrafted Weapon,"Dawi of distinction tend to have the best weapons, whether made specially for them or taken as spoils from their defeated foes.",character_attack.png,1,2,0,0,true,0,1,1,Mastercrafted Weapon,"Dawi of distinction tend to have the best weapons, whether made specially for them or taken as spoils from their defeated foes.",7,x,,,,,,,,,,,,,,,,,,,,,,,,,,,,,,,,,,,,character_skill_level_details_tables,wh3_dlc25_skill_dwf_lord_unique_units_infantry_02|1|||
effect,warhammer_3,8.1.1,24237342,Dwarfs,dwarfs,wh_main_sc_dwf_dwarfs,Thorgrim Grudgebearer,Thorgrim_Grudgebearer,legendary_lord,wh_main_dwf_thorgrim_grudgebearer,general,general,wh3_dlc26_dwf_dwarfs_invasion|wh_main_dwf_dwarfs|wh_main_dwf_dwarfs_qb1|wh_main_dwf_dwarfs_qb2|wh_main_dwf_dwarfs_qb3|wh_main_dwf_dwarfs_qb4,true,false,true,true,false,true,,legendary_lords,wh_main_skill_node_set_dwf_thorgrim,,1,general,false,false,,,,wh3_dlc25_skill_node_dwf_thorgrim_choice_02,wh3_dlc25_skill_dwf_lord_unique_units_infantry_02,Mastercrafted Weapon,"Dawi of distinction tend to have the best weapons, whether made specially for them or taken as spoils from their defeated foes.",character_attack.png,1,2,0,0,true,0,1,1,Mastercrafted Weapon,"Dawi of distinction tend to have the best weapons, whether made specially for them or taken as spoils from their defeated foes.",,,,,,wh_main_effect_character_stat_melee_attack,Melee attack: %+n,,character_to_character_own,5,both,130,true,melee_character.png,melee_character.png,,,,,,,,,,,,,,,,,,,,,,,character_skill_level_to_effects_junctions_tables,wh3_dlc25_skill_dwf_lord_unique_units_infantry_02|wh_main_effect_character_stat_melee_attack|1|character_to_character_own
effect,warhammer_3,8.1.1,24237342,Dwarfs,dwarfs,wh_main_sc_dwf_dwarfs,Thorgrim Grudgebearer,Thorgrim_Grudgebearer,legendary_lord,wh_main_dwf_thorgrim_grudgebearer,general,general,wh3_dlc26_dwf_dwarfs_invasion|wh_main_dwf_dwarfs|wh_main_dwf_dwarfs_qb1|wh_main_dwf_dwarfs_qb2|wh_main_dwf_dwarfs_qb3|wh_main_dwf_dwarfs_qb4,true,false,true,true,false,true,,legendary_lords,wh_main_skill_node_set_dwf_thorgrim,,1,general,false,false,,,,wh3_dlc25_skill_node_dwf_thorgrim_choice_02,wh3_dlc25_skill_dwf_lord_unique_units_infantry_02,Mastercrafted Weapon,"Dawi of distinction tend to have the best weapons, whether made specially for them or taken as spoils from their defeated foes.",character_attack.png,1,2,0,0,true,0,1,1,Mastercrafted Weapon,"Dawi of distinction tend to have the best weapons, whether made specially for them or taken as spoils from their defeated foes.",,,,,,wh_main_effect_character_stat_weapon_strength,Weapon strength: %+n%,,character_to_character_own,15,both,160,true,weapon_damage_character.png,weapon_damage_character.png,,,,,,,,,,,,,,,,,,,,,,,character_skill_level_to_effects_junctions_tables,wh3_dlc25_skill_dwf_lord_unique_units_infantry_02|wh_main_effect_character_stat_weapon_strength|1|character_to_character_own
node,warhammer_3,8.1.1,24237342,Dwarfs,dwarfs,wh_main_sc_dwf_dwarfs,Thorgrim Grudgebearer,Thorgrim_Grudgebearer,legendary_lord,wh_main_dwf_thorgrim_grudgebearer,general,general,wh3_dlc26_dwf_dwarfs_invasion|wh_main_dwf_dwarfs|wh_main_dwf_dwarfs_qb1|wh_main_dwf_dwarfs_qb2|wh_main_dwf_dwarfs_qb3|wh_main_dwf_dwarfs_qb4,true,false,true,true,false,true,,legendary_lords,wh_main_skill_node_set_dwf_thorgrim,,1,general,false,false,,,,wh_main_skill_node_dwf_thorgrim_self_02,wh_main_skill_dwf_lord_self_resolute,Resolute,"Dwarfs are resolute - once they commit to charging the foe, they put all their strength behind that initial blow.",character_charge.png,1,3,0,0,true,0,2,,,,,,,,,,,,,,,,,,,,,,,,,,,,,,,,,,,,,,,,,character_skill_nodes_tables,wh_main_skill_node_dwf_thorgrim_self_02
effect,warhammer_3,8.1.1,24237342,Dwarfs,dwarfs,wh_main_sc_dwf_dwarfs,Thorgrim Grudgebearer,Thorgrim_Grudgebearer,legendary_lord,wh_main_dwf_thorgrim_grudgebearer,general,general,wh3_dlc26_dwf_dwarfs_invasion|wh_main_dwf_dwarfs|wh_main_dwf_dwarfs_qb1|wh_main_dwf_dwarfs_qb2|wh_main_dwf_dwarfs_qb3|wh_main_dwf_dwarfs_qb4,true,false,true,true,false,true,,legendary_lords,wh_main_skill_node_set_dwf_thorgrim,,1,general,false,false,,,,wh_main_skill_node_dwf_thorgrim_self_02,wh_main_skill_dwf_lord_self_resolute,Resolute,"Dwarfs are resolute - once they commit to charging the foe, they put all their strength behind that initial blow.",character_charge.png,1,3,0,0,true,0,2,1,Resolute,"Dwarfs are resolute - once they commit to charging the foe, they put all their strength behind that initial blow.",,,,,,wh_main_effect_character_stat_charge_bonus_add,Charge bonus: %+n,,character_to_character_own,15,both,200,true,charge_character.png,charge_character.png,,,,,,,,,,,,,,,,,,,,,,,character_skill_level_to_effects_junctions_tables,wh_main_skill_dwf_lord_self_resolute|wh_main_effect_character_stat_charge_bonus_add|1|character_to_character_own
effect,warhammer_3,8.1.1,24237342,Dwarfs,dwarfs,wh_main_sc_dwf_dwarfs,Thorgrim Grudgebearer,Thorgrim_Grudgebearer,legendary_lord,wh_main_dwf_thorgrim_grudgebearer,general,general,wh3_dlc26_dwf_dwarfs_invasion|wh_main_dwf_dwarfs|wh_main_dwf_dwarfs_qb1|wh_main_dwf_dwarfs_qb2|wh_main_dwf_dwarfs_qb3|wh_main_dwf_dwarfs_qb4,true,false,true,true,false,true,,legendary_lords,wh_main_skill_node_set_dwf_thorgrim,,1,general,false,false,,,,wh_main_skill_node_dwf_thorgrim_self_02,wh_main_skill_dwf_lord_self_resolute,Resolute,"Dwarfs are resolute - once they commit to charging the foe, they put all their strength behind that initial blow.",character_charge.png,1,3,0,0,true,0,2,2,Resolute,"Dwarfs are resolute - once they commit to charging the foe, they put all their strength behind that initial blow.",,,,,,wh_main_effect_character_stat_charge_bonus_add,Charge bonus: %+n,,character_to_character_own,30,both,200,true,charge_character.png,charge_character.png,,,,,,,,,,,,,,,,,,,,,,,character_skill_level_to_effects_junctions_tables,wh_main_skill_dwf_lord_self_resolute|wh_main_effect_character_stat_charge_bonus_add|2|character_to_character_own
node,warhammer_3,8.1.1,24237342,Dwarfs,dwarfs,wh_main_sc_dwf_dwarfs,Thorgrim Grudgebearer,Thorgrim_Grudgebearer,legendary_lord,wh_main_dwf_thorgrim_grudgebearer,general,general,wh3_dlc26_dwf_dwarfs_invasion|wh_main_dwf_dwarfs|wh_main_dwf_dwarfs_qb1|wh_main_dwf_dwarfs_qb2|wh_main_dwf_dwarfs_qb3|wh_main_dwf_dwarfs_qb4,true,false,true,true,false,true,,legendary_lords,wh_main_skill_node_set_dwf_thorgrim,,1,general,false,false,,,,wh_main_skill_node_dwf_thorgrim_battle_02,wh2_dlc11_skill_dwf_army_buff_axe_lord,Axe Lord,"A Lord and his az are never separated, for it is as much part of him as his beard.",battle_defence.png,1,4,0,0,true,0,3,,,,,,,,,,,,,,,,,,,,,,,,,,,,,,,,,,,,,,,,,character_skill_nodes_tables,wh_main_skill_node_dwf_thorgrim_battle_02
effect,warhammer_3,8.1.1,24237342,Dwarfs,dwarfs,wh_main_sc_dwf_dwarfs,Thorgrim Grudgebearer,Thorgrim_Grudgebearer,legendary_lord,wh_main_dwf_thorgrim_grudgebearer,general,general,wh3_dlc26_dwf_dwarfs_invasion|wh_main_dwf_dwarfs|wh_main_dwf_dwarfs_qb1|wh_main_dwf_dwarfs_qb2|wh_main_dwf_dwarfs_qb3|wh_main_dwf_dwarfs_qb4,true,false,true,true,false,true,,legendary_lords,wh_main_skill_node_set_dwf_thorgrim,,1,general,false,false,,,,wh_main_skill_node_dwf_thorgrim_battle_02,wh2_dlc11_skill_dwf_army_buff_axe_lord,Axe Lord,"A Lord and his az are never separated, for it is as much part of him as his beard.",battle_defence.png,1,4,0,0,true,0,3,1,Axe Lord,"A Lord and his az are never separated, for it is as much part of him as his beard.",,,,,,wh2_dlc11_effect_force_stat_melee_defence_dwf_miners_warriors_long_beards,"Melee defence: %+n for Miners, Dwarf Warriors, and Longbeards units",,general_to_force_own,4,battle,451,true,defence.png,defence.png,,,,,,,,,,,,,,,,,,,,,,,character_skill_level_to_effects_junctions_tables,wh2_dlc11_skill_dwf_army_buff_axe_lord|wh2_dlc11_effect_force_stat_melee_defence_dwf_miners_warriors_long_beards|1|general_to_force_own
effect,warhammer_3,8.1.1,24237342,Dwarfs,dwarfs,wh_main_sc_dwf_dwarfs,Thorgrim Grudgebearer,Thorgrim_Grudgebearer,legendary_lord,wh_main_dwf_thorgrim_grudgebearer,general,general,wh3_dlc26_dwf_dwarfs_invasion|wh_main_dwf_dwarfs|wh_main_dwf_dwarfs_qb1|wh_main_dwf_dwarfs_qb2|wh_main_dwf_dwarfs_qb3|wh_main_dwf_dwarfs_qb4,true,false,true,true,false,true,,legendary_lords,wh_main_skill_node_set_dwf_thorgrim,,1,general,false,false,,,,wh_main_skill_node_dwf_thorgrim_battle_02,wh2_dlc11_skill_dwf_army_buff_axe_lord,Axe Lord,"A Lord and his az are never separated, for it is as much part of him as his beard.",battle_defence.png,1,4,0,0,true,0,3,2,Axe Lord,"A Lord and his az are never separated, for it is as much part of him as his beard.",,,,,,wh2_dlc11_effect_force_stat_melee_attack_miners_warriors_long_beards,"Melee attack: %+n for Miners, Dwarf Warriors, and Longbeards units",,general_to_force_own,4,battle,431,true,melee.png,melee.png,,,,,,,,,,,,,,,,,,,,,,,character_skill_level_to_effects_junctions_tables,wh2_dlc11_skill_dwf_army_buff_axe_lord|wh2_dlc11_effect_force_stat_melee_attack_miners_warriors_long_beards|2|general_to_force_own
effect,warhammer_3,8.1.1,24237342,Dwarfs,dwarfs,wh_main_sc_dwf_dwarfs,Thorgrim Grudgebearer,Thorgrim_Grudgebearer,legendary_lord,wh_main_dwf_thorgrim_grudgebearer,general,general,wh3_dlc26_dwf_dwarfs_invasion|wh_main_dwf_dwarfs|wh_main_dwf_dwarfs_qb1|wh_main_dwf_dwarfs_qb2|wh_main_dwf_dwarfs_qb3|wh_main_dwf_dwarfs_qb4,true,false,true,true,false,true,,legendary_lords,wh_main_skill_node_set_dwf_thorgrim,,1,general,false,false,,,,wh_main_skill_node_dwf_thorgrim_battle_02,wh2_dlc11_skill_dwf_army_buff_axe_lord,Axe Lord,"A Lord and his az are never separated, for it is as much part of him as his beard.",battle_defence.png,1,4,0,0,true,0,3,2,Axe Lord,"A Lord and his az are never separated, for it is as much part of him as his beard.",,,,,,wh2_dlc11_effect_force_stat_melee_defence_dwf_miners_warriors_long_beards,"Melee defence: %+n for Miners, Dwarf Warriors, and Longbeards units",,general_to_force_own,4,battle,451,true,defence.png,defence.png,,,,,,,,,,,,,,,,,,,,,,,character_skill_level_to_effects_junctions_tables,wh2_dlc11_skill_dwf_army_buff_axe_lord|wh2_dlc11_effect_force_stat_melee_defence_dwf_miners_warriors_long_beards|2|general_to_force_own
effect,warhammer_3,8.1.1,24237342,Dwarfs,dwarfs,wh_main_sc_dwf_dwarfs,Thorgrim Grudgebearer,Thorgrim_Grudgebearer,legendary_lord,wh_main_dwf_thorgrim_grudgebearer,general,general,wh3_dlc26_dwf_dwarfs_invasion|wh_main_dwf_dwarfs|wh_main_dwf_dwarfs_qb1|wh_main_dwf_dwarfs_qb2|wh_main_dwf_dwarfs_qb3|wh_main_dwf_dwarfs_qb4,true,false,true,true,false,true,,legendary_lords,wh_main_skill_node_set_dwf_thorgrim,,1,general,false,false,,,,wh_main_skill_node_dwf_thorgrim_battle_02,wh2_dlc11_skill_dwf_army_buff_axe_lord,Axe Lord,"A Lord and his az are never separated, for it is as much part of him as his beard.",battle_defence.png,1,4,0,0,true,0,3,3,Axe Lord,"A Lord and his az are never separated, for it is as much part of him as his beard.",,,,,,wh2_dlc11_effect_force_stat_melee_attack_miners_warriors_long_beards,"Melee attack: %+n for Miners, Dwarf Warriors, and Longbeards units",,general_to_force_own,6,battle,431,true,melee.png,melee.png,,,,,,,,,,,,,,,,,,,,,,,character_skill_level_to_effects_junctions_tables,wh2_dlc11_skill_dwf_army_buff_axe_lord|wh2_dlc11_effect_force_stat_melee_attack_miners_warriors_long_beards|3|general_to_force_own
effect,warhammer_3,8.1.1,24237342,Dwarfs,dwarfs,wh_main_sc_dwf_dwarfs,Thorgrim Grudgebearer,Thorgrim_Grudgebearer,legendary_lord,wh_main_dwf_thorgrim_grudgebearer,general,general,wh3_dlc26_dwf_dwarfs_invasion|wh_main_dwf_dwarfs|wh_main_dwf_dwarfs_qb1|wh_main_dwf_dwarfs_qb2|wh_main_dwf_dwarfs_qb3|wh_main_dwf_dwarfs_qb4,true,false,true,true,false,true,,legendary_lords,wh_main_skill_node_set_dwf_thorgrim,,1,general,false,false,,,,wh_main_skill_node_dwf_thorgrim_battle_02,wh2_dlc11_skill_dwf_army_buff_axe_lord,Axe Lord,"A Lord and his az are never separated, for it is as much part of him as his beard.",battle_defence.png,1,4,0,0,true,0,3,3,Axe Lord,"A Lord and his az are never separated, for it is as much part of him as his beard.",,,,,,wh2_dlc11_effect_force_stat_melee_defence_dwf_miners_warriors_long_beards,"Melee defence: %+n for Miners, Dwarf Warriors, and Longbeards units",,general_to_force_own,6,battle,451,true,defence.png,defence.png,,,,,,,,,,,,,,,,,,,,,,,character_skill_level_to_effects_junctions_tables,wh2_dlc11_skill_dwf_army_buff_axe_lord|wh2_dlc11_effect_force_stat_melee_defence_dwf_miners_warriors_long_beards|3|general_to_force_own
node,warhammer_3,8.1.1,24237342,Dwarfs,dwarfs,wh_main_sc_dwf_dwarfs,Thorgrim Grudgebearer,Thorgrim_Grudgebearer,legendary_lord,wh_main_dwf_thorgrim_grudgebearer,general,general,wh3_dlc26_dwf_dwarfs_invasion|wh_main_dwf_dwarfs|wh_main_dwf_dwarfs_qb1|wh_main_dwf_dwarfs_qb2|wh_main_dwf_dwarfs_qb3|wh_main_dwf_dwarfs_qb4,true,false,true,true,false,true,,legendary_lords,wh_main_skill_node_set_dwf_thorgrim,,1,general,false,false,,,,wh_main_skill_node_dwf_thorgrim_campaign_02,wh_main_skill_dwf_lord_campaign_miners_instinct,Miner's Instinct,"This Dwarf spent time in the pits, gaining a Miner's intuition of the dangers and prey to be found in the dark.",campaign_subterranean.png,1,5,0,0,true,0,3,,,,,,,,,,,,,,,,,,,,,,,,,,,,,,,,,,,,,,,,,character_skill_nodes_tables,wh_main_skill_node_dwf_thorgrim_campaign_02
effect,warhammer_3,8.1.1,24237342,Dwarfs,dwarfs,wh_main_sc_dwf_dwarfs,Thorgrim Grudgebearer,Thorgrim_Grudgebearer,legendary_lord,wh_main_dwf_thorgrim_grudgebearer,general,general,wh3_dlc26_dwf_dwarfs_invasion|wh_main_dwf_dwarfs|wh_main_dwf_dwarfs_qb1|wh_main_dwf_dwarfs_qb2|wh_main_dwf_dwarfs_qb3|wh_main_dwf_dwarfs_qb4,true,false,true,true,false,true,,legendary_lords,wh_main_skill_node_set_dwf_thorgrim,,1,general,false,false,,,,wh_main_skill_node_dwf_thorgrim_campaign_02,wh_main_skill_dwf_lord_campaign_miners_instinct,Miner's Instinct,"This Dwarf spent time in the pits, gaining a Miner's intuition of the dangers and prey to be found in the dark.",campaign_subterranean.png,1,5,0,0,true,0,3,1,Miner's Instinct,"This Dwarf spent time in the pits, gaining a Miner's intuition of the dangers and prey to be found in the dark.",,,,,,wh_main_effect_general_mod_tunnel_interception_chance,"Chance of intercepting an army using {{tr:ui_text_replacements_localised_text_tunnelling_stance}}, beast-paths or Worldroots: %+n%",,character_to_character_own,6,campaign,101,true,subterranean.png,subterranean.png,,,,,,,,,,,,,,,,,,,,,,,character_skill_level_to_effects_junctions_tables,wh_main_skill_dwf_lord_campaign_miners_instinct|wh_main_effect_general_mod_tunnel_interception_chance|1|character_to_character_own
effect,warhammer_3,8.1.1,24237342,Dwarfs,dwarfs,wh_main_sc_dwf_dwarfs,Thorgrim Grudgebearer,Thorgrim_Grudgebearer,legendary_lord,wh_main_dwf_thorgrim_grudgebearer,general,general,wh3_dlc26_dwf_dwarfs_invasion|wh_main_dwf_dwarfs|wh_main_dwf_dwarfs_qb1|wh_main_dwf_dwarfs_qb2|wh_main_dwf_dwarfs_qb3|wh_main_dwf_dwarfs_qb4,true,false,true,true,false,true,,legendary_lords,wh_main_skill_node_set_dwf_thorgrim,,1,general,false,false,,,,wh_main_skill_node_dwf_thorgrim_campaign_02,wh_main_skill_dwf_lord_campaign_miners_instinct,Miner's Instinct,"This Dwarf spent time in the pits, gaining a Miner's intuition of the dangers and prey to be found in the dark.",campaign_subterranean.png,1,5,0,0,true,0,3,2,Miner's Instinct,"This Dwarf spent time in the pits, gaining a Miner's intuition of the dangers and prey to be found in the dark.",,,,,,wh_main_effect_general_mod_tunnel_interception_chance,"Chance of intercepting an army using {{tr:ui_text_replacements_localised_text_tunnelling_stance}}, beast-paths or Worldroots: %+n%",,character_to_character_own,16,campaign,101,true,subterranean.png,subterranean.png,,,,,,,,,,,,,,,,,,,,,,,character_skill_level_to_effects_junctions_tables,wh_main_skill_dwf_lord_campaign_miners_instinct|wh_main_effect_general_mod_tunnel_interception_chance|2|character_to_character_own
effect,warhammer_3,8.1.1,24237342,Dwarfs,dwarfs,wh_main_sc_dwf_dwarfs,Thorgrim Grudgebearer,Thorgrim_Grudgebearer,legendary_lord,wh_main_dwf_thorgrim_grudgebearer,general,general,wh3_dlc26_dwf_dwarfs_invasion|wh_main_dwf_dwarfs|wh_main_dwf_dwarfs_qb1|wh_main_dwf_dwarfs_qb2|wh_main_dwf_dwarfs_qb3|wh_main_dwf_dwarfs_qb4,true,false,true,true,false,true,,legendary_lords,wh_main_skill_node_set_dwf_thorgrim,,1,general,false,false,,,,wh_main_skill_node_dwf_thorgrim_campaign_02,wh_main_skill_dwf_lord_campaign_miners_instinct,Miner's Instinct,"This Dwarf spent time in the pits, gaining a Miner's intuition of the dangers and prey to be found in the dark.",campaign_subterranean.png,1,5,0,0,true,0,3,3,Miner's Instinct,"This Dwarf spent time in the pits, gaining a Miner's intuition of the dangers and prey to be found in the dark.",,,,,,wh_main_effect_general_mod_tunnel_interception_chance,"Chance of intercepting an army using {{tr:ui_text_replacements_localised_text_tunnelling_stance}}, beast-paths or Worldroots: %+n%",,character_to_character_own,30,campaign,101,true,subterranean.png,subterranean.png,,,,,,,,,,,,,,,,,,,,,,,character_skill_level_to_effects_junctions_tables,wh_main_skill_dwf_lord_campaign_miners_instinct|wh_main_effect_general_mod_tunnel_interception_chance|3|character_to_character_own
node,warhammer_3,8.1.1,24237342,Dwarfs,dwarfs,wh_main_sc_dwf_dwarfs,Thorgrim Grudgebearer,Thorgrim_Grudgebearer,legendary_lord,wh_main_dwf_thorgrim_grudgebearer,general,general,wh3_dlc26_dwf_dwarfs_invasion|wh_main_dwf_dwarfs|wh_main_dwf_dwarfs_qb1|wh_main_dwf_dwarfs_qb2|wh_main_dwf_dwarfs_qb3|wh_main_dwf_dwarfs_qb4,true,false,true,true,false,true,,legendary_lords,wh_main_skill_node_set_dwf_thorgrim,,1,general,false,false,,,,wh_dlc08_skill_dwf_lord_thorgrim_unique_4,wh_dlc08_skill_dwf_lord_thorgrim_unique_4,Grudge Against Chaos,"They'll be 'ruined' alright - by me, with my mighty axe!",icon_stat_morale_vs_chaos.png,2,0,0,0,true,0,1,,,,,,,,,,,,,,,,,,,,,,,,,,,,,,,,,,,,,,,,,character_skill_nodes_tables,wh_dlc08_skill_dwf_lord_thorgrim_unique_4
effect,warhammer_3,8.1.1,24237342,Dwarfs,dwarfs,wh_main_sc_dwf_dwarfs,Thorgrim Grudgebearer,Thorgrim_Grudgebearer,legendary_lord,wh_main_dwf_thorgrim_grudgebearer,general,general,wh3_dlc26_dwf_dwarfs_invasion|wh_main_dwf_dwarfs|wh_main_dwf_dwarfs_qb1|wh_main_dwf_dwarfs_qb2|wh_main_dwf_dwarfs_qb3|wh_main_dwf_dwarfs_qb4,true,false,true,true,false,true,,legendary_lords,wh_main_skill_node_set_dwf_thorgrim,,1,general,false,false,,,,wh_dlc08_skill_dwf_lord_thorgrim_unique_4,wh_dlc08_skill_dwf_lord_thorgrim_unique_4,Grudge Against Chaos,"They'll be 'ruined' alright - by me, with my mighty axe!",icon_stat_morale_vs_chaos.png,2,0,0,0,true,0,1,1,Grudge Against Chaos,"They'll be 'ruined' alright - by me, with my mighty axe!",,,,,,wh2_dlc13_effect_force_stat_weapon_strength_vs_nor_chs_bst,"Weapon strength: %+n% for all units when fighting against Norsca, Warriors of Chaos, Chaos Dwarfs, Daemons of Chaos and Beastmen",,general_to_force_own,10,battle,461,true,weapon_damage.png,weapon_damage.png,,,,,,,,,,,,,,,,,,,,,,,character_skill_level_to_effects_junctions_tables,wh_dlc08_skill_dwf_lord_thorgrim_unique_4|wh2_dlc13_effect_force_stat_weapon_strength_vs_nor_chs_bst|1|general_to_force_own
effect,warhammer_3,8.1.1,24237342,Dwarfs,dwarfs,wh_main_sc_dwf_dwarfs,Thorgrim Grudgebearer,Thorgrim_Grudgebearer,legendary_lord,wh_main_dwf_thorgrim_grudgebearer,general,general,wh3_dlc26_dwf_dwarfs_invasion|wh_main_dwf_dwarfs|wh_main_dwf_dwarfs_qb1|wh_main_dwf_dwarfs_qb2|wh_main_dwf_dwarfs_qb3|wh_main_dwf_dwarfs_qb4,true,false,true,true,false,true,,legendary_lords,wh_main_skill_node_set_dwf_thorgrim,,1,general,false,false,,,,wh_dlc08_skill_dwf_lord_thorgrim_unique_4,wh_dlc08_skill_dwf_lord_thorgrim_unique_4,Grudge Against Chaos,"They'll be 'ruined' alright - by me, with my mighty axe!",icon_stat_morale_vs_chaos.png,2,0,0,0,true,0,1,1,Grudge Against Chaos,"They'll be 'ruined' alright - by me, with my mighty axe!",,,,,,wh2_dlc13_effect_morale_versus_nor_chs_bst,"Leadership: %+n when fighting against Norsca, Warriors of Chaos, Chaos Dwarfs, Daemons of Chaos and Beastmen",,general_to_force_own,4,battle,61,true,morale.png,morale.png,,,,,,,,,,,,,,,,,,,,,,,character_skill_level_to_effects_junctions_tables,wh_dlc08_skill_dwf_lord_thorgrim_unique_4|wh2_dlc13_effect_morale_versus_nor_chs_bst|1|general_to_force_own
node,warhammer_3,8.1.1,24237342,Dwarfs,dwarfs,wh_main_sc_dwf_dwarfs,Thorgrim Grudgebearer,Thorgrim_Grudgebearer,legendary_lord,wh_main_dwf_thorgrim_grudgebearer,general,general,wh3_dlc26_dwf_dwarfs_invasion|wh_main_dwf_dwarfs|wh_main_dwf_dwarfs_qb1|wh_main_dwf_dwarfs_qb2|wh_main_dwf_dwarfs_qb3|wh_main_dwf_dwarfs_qb4,true,false,true,true,false,true,,legendary_lords,wh_main_skill_node_set_dwf_thorgrim,,1,general,false,false,,,,wh_dlc08_skill_dwf_lord_thorgrim_unique_2,wh_dlc08_skill_dwf_lord_thorgrim_unique_2,Fire Support,Mighty vengeance requires some truly serious firepower.,character_technology.png,2,1,0,0,true,0,1,,,,,,,,,,,,,,,,,,,,,,,,,,,,,,,,,,,,,,,,,character_skill_nodes_tables,wh_dlc08_skill_dwf_lord_thorgrim_unique_2
effect,warhammer_3,8.1.1,24237342,Dwarfs,dwarfs,wh_main_sc_dwf_dwarfs,Thorgrim Grudgebearer,Thorgrim_Grudgebearer,legendary_lord,wh_main_dwf_thorgrim_grudgebearer,general,general,wh3_dlc26_dwf_dwarfs_invasion|wh_main_dwf_dwarfs|wh_main_dwf_dwarfs_qb1|wh_main_dwf_dwarfs_qb2|wh_main_dwf_dwarfs_qb3|wh_main_dwf_dwarfs_qb4,true,false,true,true,false,true,,legendary_lords,wh_main_skill_node_set_dwf_thorgrim,,1,general,false,false,,,,wh_dlc08_skill_dwf_lord_thorgrim_unique_2,wh_dlc08_skill_dwf_lord_thorgrim_unique_2,Fire Support,Mighty vengeance requires some truly serious firepower.,character_technology.png,2,1,0,0,true,0,1,1,Fire Support,Mighty vengeance requires some truly serious firepower.,,,,,,wh_main_effect_agent_cap_increase_engineer,Hero capacity: %+n for Master Engineers,,character_to_faction_unseen,1,campaign,102,true,engineer.png,engineer.png,,,,,,,,,,,,,,,,,,,,,,,character_skill_level_to_effects_junctions_tables,wh_dlc08_skill_dwf_lord_thorgrim_unique_2|wh_main_effect_agent_cap_increase_engineer|1|character_to_faction_unseen
effect,warhammer_3,8.1.1,24237342,Dwarfs,dwarfs,wh_main_sc_dwf_dwarfs,Thorgrim Grudgebearer,Thorgrim_Grudgebearer,legendary_lord,wh_main_dwf_thorgrim_grudgebearer,general,general,wh3_dlc26_dwf_dwarfs_invasion|wh_main_dwf_dwarfs|wh_main_dwf_dwarfs_qb1|wh_main_dwf_dwarfs_qb2|wh_main_dwf_dwarfs_qb3|wh_main_dwf_dwarfs_qb4,true,false,true,true,false,true,,legendary_lords,wh_main_skill_node_set_dwf_thorgrim,,1,general,false,false,,,,wh_dlc08_skill_dwf_lord_thorgrim_unique_2,wh_dlc08_skill_dwf_lord_thorgrim_unique_2,Fire Support,Mighty vengeance requires some truly serious firepower.,character_technology.png,2,1,0,0,true,0,1,1,Fire Support,Mighty vengeance requires some truly serious firepower.,,,,,,wh_main_effect_agent_recruitment_xp_engineer,Hero recruit rank: %+n for Master Engineers,,character_to_province_own_factionwide,3,campaign,104,true,engineer.png,engineer.png,,,,,,,,,,,,,,,,,,,,,,,character_skill_level_to_effects_junctions_tables,wh_dlc08_skill_dwf_lord_thorgrim_unique_2|wh_main_effect_agent_recruitment_xp_engineer|1|character_to_province_own_factionwide
effect,warhammer_3,8.1.1,24237342,Dwarfs,dwarfs,wh_main_sc_dwf_dwarfs,Thorgrim Grudgebearer,Thorgrim_Grudgebearer,legendary_lord,wh_main_dwf_thorgrim_grudgebearer,general,general,wh3_dlc26_dwf_dwarfs_invasion|wh_main_dwf_dwarfs|wh_main_dwf_dwarfs_qb1|wh_main_dwf_dwarfs_qb2|wh_main_dwf_dwarfs_qb3|wh_main_dwf_dwarfs_qb4,true,false,true,true,false,true,,legendary_lords,wh_main_skill_node_set_dwf_thorgrim,,1,general,false,false,,,,wh_dlc08_skill_dwf_lord_thorgrim_unique_2,wh_dlc08_skill_dwf_lord_thorgrim_unique_2,Fire Support,Mighty vengeance requires some truly serious firepower.,character_technology.png,2,1,0,0,true,0,1,1,Fire Support,Mighty vengeance requires some truly serious firepower.,,,,,,wh_main_effect_technology_research_points,{{tr:effect_technology_research_points_description}}: %+n,,character_to_faction_when_on_map_unseen,10,campaign,60,true,technology.png,technology.png,,,,,,,,,,,,,,,,,,,,,,,character_skill_level_to_effects_junctions_tables,wh_dlc08_skill_dwf_lord_thorgrim_unique_2|wh_main_effect_technology_research_points|1|character_to_faction_when_on_map_unseen
node,warhammer_3,8.1.1,24237342,Dwarfs,dwarfs,wh_main_sc_dwf_dwarfs,Thorgrim Grudgebearer,Thorgrim_Grudgebearer,legendary_lord,wh_main_dwf_thorgrim_grudgebearer,general,general,wh3_dlc26_dwf_dwarfs_invasion|wh_main_dwf_dwarfs|wh_main_dwf_dwarfs_qb1|wh_main_dwf_dwarfs_qb2|wh_main_dwf_dwarfs_qb3|wh_main_dwf_dwarfs_qb4,true,false,true,true,false,true,,legendary_lords,wh_main_skill_node_set_dwf_thorgrim,,1,general,false,false,,,,wh3_dlc25_skill_node_dwf_thorgrim_choice_03,wh3_dlc25_skill_dwf_lord_unique_units_infantry_03,Aura of Endurance,This Lord's ability to withstand prolonged combat and show fortitude has a positive effect on those fighting nearby.,character_general_ability.png,2,2,0,0,true,0,1,,,,,,,,,,,,,,,,,,,,,,,,,,,,,,,,,,,,,,,,,character_skill_nodes_tables,wh3_dlc25_skill_node_dwf_thorgrim_choice_03
skill_level,warhammer_3,8.1.1,24237342,Dwarfs,dwarfs,wh_main_sc_dwf_dwarfs,Thorgrim Grudgebearer,Thorgrim_Grudgebearer,legendary_lord,wh_main_dwf_thorgrim_grudgebearer,general,general,wh3_dlc26_dwf_dwarfs_invasion|wh_main_dwf_dwarfs|wh_main_dwf_dwarfs_qb1|wh_main_dwf_dwarfs_qb2|wh_main_dwf_dwarfs_qb3|wh_main_dwf_dwarfs_qb4,true,false,true,true,false,true,,legendary_lords,wh_main_skill_node_set_dwf_thorgrim,,1,general,false,false,,,,wh3_dlc25_skill_node_dwf_thorgrim_choice_03,wh3_dlc25_skill_dwf_lord_unique_units_infantry_03,Aura of Endurance,This Lord's ability to withstand prolonged combat and show fortitude has a positive effect on those fighting nearby.,character_general_ability.png,2,2,0,0,true,0,1,1,Aura of Endurance,This Lord's ability to withstand prolonged combat and show fortitude has a positive effect on those fighting nearby.,7,x,,,,,,,,,,,,,,,,,,,,,,,,,,,,,,,,,,,,character_skill_level_details_tables,wh3_dlc25_skill_dwf_lord_unique_units_infantry_03|1|||
effect,warhammer_3,8.1.1,24237342,Dwarfs,dwarfs,wh_main_sc_dwf_dwarfs,Thorgrim Grudgebearer,Thorgrim_Grudgebearer,legendary_lord,wh_main_dwf_thorgrim_grudgebearer,general,general,wh3_dlc26_dwf_dwarfs_invasion|wh_main_dwf_dwarfs|wh_main_dwf_dwarfs_qb1|wh_main_dwf_dwarfs_qb2|wh_main_dwf_dwarfs_qb3|wh_main_dwf_dwarfs_qb4,true,false,true,true,false,true,,legendary_lords,wh_main_skill_node_set_dwf_thorgrim,,1,general,false,false,,,,wh3_dlc25_skill_node_dwf_thorgrim_choice_03,wh3_dlc25_skill_dwf_lord_unique_units_infantry_03,Aura of Endurance,This Lord's ability to withstand prolonged combat and show fortitude has a positive effect on those fighting nearby.,character_general_ability.png,2,2,0,0,true,0,1,1,Aura of Endurance,This Lord's ability to withstand prolonged combat and show fortitude has a positive effect on those fighting nearby.,,,,,,wh2_dlc13_ability_enable_endurance_aura,"Passive ability: ""Aura of Endurance""",,character_to_character_own,1,battle,300,true,general_ability.png,general_ability.png,,,,,,,,,,,,,,,,,,,,,,,character_skill_level_to_effects_junctions_tables,wh3_dlc25_skill_dwf_lord_unique_units_infantry_03|wh2_dlc13_ability_enable_endurance_aura|1|character_to_character_own
node,warhammer_3,8.1.1,24237342,Dwarfs,dwarfs,wh_main_sc_dwf_dwarfs,Thorgrim Grudgebearer,Thorgrim_Grudgebearer,legendary_lord,wh_main_dwf_thorgrim_grudgebearer,general,general,wh3_dlc26_dwf_dwarfs_invasion|wh_main_dwf_dwarfs|wh_main_dwf_dwarfs_qb1|wh_main_dwf_dwarfs_qb2|wh_main_dwf_dwarfs_qb3|wh_main_dwf_dwarfs_qb4,true,false,true,true,false,true,,legendary_lords,wh_main_skill_node_set_dwf_thorgrim,,1,general,false,false,,,,wh_main_skill_node_dwf_thorgrim_self_03,wh2_dlc11_skill_all_lord_self_hard_to_hit,{{tr:character_skills_localised_name_wh_main_skill_all_all_self_hard_to_hit}},{{tr:character_skills_localised_description_wh_main_skill_all_all_self_hard_to_hit}},character_defence.png,2,3,0,0,true,0,2,,,,,,,,,,,,,,,,,,,,,,,,,,,,,,,,,,,,,,,,,character_skill_nodes_tables,wh_main_skill_node_dwf_thorgrim_self_03
effect,warhammer_3,8.1.1,24237342,Dwarfs,dwarfs,wh_main_sc_dwf_dwarfs,Thorgrim Grudgebearer,Thorgrim_Grudgebearer,legendary_lord,wh_main_dwf_thorgrim_grudgebearer,general,general,wh3_dlc26_dwf_dwarfs_invasion|wh_main_dwf_dwarfs|wh_main_dwf_dwarfs_qb1|wh_main_dwf_dwarfs_qb2|wh_main_dwf_dwarfs_qb3|wh_main_dwf_dwarfs_qb4,true,false,true,true,false,true,,legendary_lords,wh_main_skill_node_set_dwf_thorgrim,,1,general,false,false,,,,wh_main_skill_node_dwf_thorgrim_self_03,wh2_dlc11_skill_all_lord_self_hard_to_hit,{{tr:character_skills_localised_name_wh_main_skill_all_all_self_hard_to_hit}},{{tr:character_skills_localised_description_wh_main_skill_all_all_self_hard_to_hit}},character_defence.png,2,3,0,0,true,0,2,1,{{tr:character_skills_localised_name_wh_main_skill_all_all_self_hard_to_hit}},{{tr:character_skills_localised_description_wh_main_skill_all_all_self_hard_to_hit}},,,,,,wh_main_effect_character_stat_melee_defence,Melee defence: %+n,,character_to_character_own,6,both,150,true,defence_character.png,defence_character.png,,,,,,,,,,,,,,,,,,,,,,,character_skill_level_to_effects_junctions_tables,wh2_dlc11_skill_all_lord_self_hard_to_hit|wh_main_effect_character_stat_melee_defence|1|character_to_character_own
effect,warhammer_3,8.1.1,24237342,Dwarfs,dwarfs,wh_main_sc_dwf_dwarfs,Thorgrim Grudgebearer,Thorgrim_Grudgebearer,legendary_lord,wh_main_dwf_thorgrim_grudgebearer,general,general,wh3_dlc26_dwf_dwarfs_invasion|wh_main_dwf_dwarfs|wh_main_dwf_dwarfs_qb1|wh_main_dwf_dwarfs_qb2|wh_main_dwf_dwarfs_qb3|wh_main_dwf_dwarfs_qb4,true,false,true,true,false,true,,legendary_lords,wh_main_skill_node_set_dwf_thorgrim,,1,general,false,false,,,,wh_main_skill_node_dwf_thorgrim_self_03,wh2_dlc11_skill_all_lord_self_hard_to_hit,{{tr:character_skills_localised_name_wh_main_skill_all_all_self_hard_to_hit}},{{tr:character_skills_localised_description_wh_main_skill_all_all_self_hard_to_hit}},character_defence.png,2,3,0,0,true,0,2,2,{{tr:character_skills_localised_name_wh_main_skill_all_all_self_hard_to_hit}},{{tr:character_skills_localised_description_wh_main_skill_all_all_self_hard_to_hit}},,,,,,wh_main_effect_character_stat_melee_defence,Melee defence: %+n,,character_to_character_own,12,both,150,true,defence_character.png,defence_character.png,,,,,,,,,,,,,,,,,,,,,,,character_skill_level_to_effects_junctions_tables,wh2_dlc11_skill_all_lord_self_hard_to_hit|wh_main_effect_character_stat_melee_defence|2|character_to_character_own
node,warhammer_3,8.1.1,24237342,Dwarfs,dwarfs,wh_main_sc_dwf_dwarfs,Thorgrim Grudgebearer,Thorgrim_Grudgebearer,legendary_lord,wh_main_dwf_thorgrim_grudgebearer,general,general,wh3_dlc26_dwf_dwarfs_invasion|wh_main_dwf_dwarfs|wh_main_dwf_dwarfs_qb1|wh_main_dwf_dwarfs_qb2|wh_main_dwf_dwarfs_qb3|wh_main_dwf_dwarfs_qb4,true,false,true,true,false,true,,legendary_lords,wh_main_skill_node_set_dwf_thorgrim,,1,general,false,false,,,,wh_main_skill_node_dwf_thorgrim_battle_03,wh2_dlc11_skill_dwf_army_buff_tactician,Thunderer,This Lord knows his throng thrives in ranged combat and expects his Clansdwarfs to excel in that discipline.,battle_ammo.png,2,4,0,0,true,0,3,,,,,,,,,,,,,,,,,,,,,,,,,,,,,,,,,,,,,,,,,character_skill_nodes_tables,wh_main_skill_node_dwf_thorgrim_battle_03
effect,warhammer_3,8.1.1,24237342,Dwarfs,dwarfs,wh_main_sc_dwf_dwarfs,Thorgrim Grudgebearer,Thorgrim_Grudgebearer,legendary_lord,wh_main_dwf_thorgrim_grudgebearer,general,general,wh3_dlc26_dwf_dwarfs_invasion|wh_main_dwf_dwarfs|wh_main_dwf_dwarfs_qb1|wh_main_dwf_dwarfs_qb2|wh_main_dwf_dwarfs_qb3|wh_main_dwf_dwarfs_qb4,true,false,true,true,false,true,,legendary_lords,wh_main_skill_node_set_dwf_thorgrim,,1,general,false,false,,,,wh_main_skill_node_dwf_thorgrim_battle_03,wh2_dlc11_skill_dwf_army_buff_tactician,Thunderer,This Lord knows his throng thrives in ranged combat and expects his Clansdwarfs to excel in that discipline.,battle_ammo.png,2,4,0,0,true,0,3,1,Thunderer,This Lord knows his throng thrives in ranged combat and expects his Clansdwarfs to excel in that discipline.,,,,,,wh2_dlc11_effect_force_stat_ammunition_dwf_quarrellers_thunderers_rangers,"Ammunition: %+n% for Quarrellers, Thunderers, and Rangers units",,general_to_force_own,10,battle,511,true,ammo.png,ammo.png,,,,,,,,,,,,,,,,,,,,,,,character_skill_level_to_effects_junctions_tables,wh2_dlc11_skill_dwf_army_buff_tactician|wh2_dlc11_effect_force_stat_ammunition_dwf_quarrellers_thunderers_rangers|1|general_to_force_own
effect,warhammer_3,8.1.1,24237342,Dwarfs,dwarfs,wh_main_sc_dwf_dwarfs,Thorgrim Grudgebearer,Thorgrim_Grudgebearer,legendary_lord,wh_main_dwf_thorgrim_grudgebearer,general,general,wh3_dlc26_dwf_dwarfs_invasion|wh_main_dwf_dwarfs|wh_main_dwf_dwarfs_qb1|wh_main_dwf_dwarfs_qb2|wh_main_dwf_dwarfs_qb3|wh_main_dwf_dwarfs_qb4,true,false,true,true,false,true,,legendary_lords,wh_main_skill_node_set_dwf_thorgrim,,1,general,false,false,,,,wh_main_skill_node_dwf_thorgrim_battle_03,wh2_dlc11_skill_dwf_army_buff_tactician,Thunderer,This Lord knows his throng thrives in ranged combat and expects his Clansdwarfs to excel in that discipline.,battle_ammo.png,2,4,0,0,true,0,3,2,Thunderer,This Lord knows his throng thrives in ranged combat and expects his Clansdwarfs to excel in that discipline.,,,,,,wh2_dlc11_effect_force_stat_ammunition_dwf_quarrellers_thunderers_rangers,"Ammunition: %+n% for Quarrellers, Thunderers, and Rangers units",,general_to_force_own,10,battle,511,true,ammo.png,ammo.png,,,,,,,,,,,,,,,,,,,,,,,character_skill_level_to_effects_junctions_tables,wh2_dlc11_skill_dwf_army_buff_tactician|wh2_dlc11_effect_force_stat_ammunition_dwf_quarrellers_thunderers_rangers|2|general_to_force_own
effect,warhammer_3,8.1.1,24237342,Dwarfs,dwarfs,wh_main_sc_dwf_dwarfs,Thorgrim Grudgebearer,Thorgrim_Grudgebearer,legendary_lord,wh_main_dwf_thorgrim_grudgebearer,general,general,wh3_dlc26_dwf_dwarfs_invasion|wh_main_dwf_dwarfs|wh_main_dwf_dwarfs_qb1|wh_main_dwf_dwarfs_qb2|wh_main_dwf_dwarfs_qb3|wh_main_dwf_dwarfs_qb4,true,false,true,true,false,true,,legendary_lords,wh_main_skill_node_set_dwf_thorgrim,,1,general,false,false,,,,wh_main_skill_node_dwf_thorgrim_battle_03,wh2_dlc11_skill_dwf_army_buff_tactician,Thunderer,This Lord knows his throng thrives in ranged combat and expects his Clansdwarfs to excel in that discipline.,battle_ammo.png,2,4,0,0,true,0,3,2,Thunderer,This Lord knows his throng thrives in ranged combat and expects his Clansdwarfs to excel in that discipline.,,,,,,wh2_dlc11_effect_force_stat_missile_damage_dwf_quarrellers_thunderers_rangers,"Missile strength: %+n% for Quarrellers, Thunderers, and Rangers units",,general_to_force_own,6,battle,541,true,ranged_damage.png,ranged_damage.png,,,,,,,,,,,,,,,,,,,,,,,character_skill_level_to_effects_junctions_tables,wh2_dlc11_skill_dwf_army_buff_tactician|wh2_dlc11_effect_force_stat_missile_damage_dwf_quarrellers_thunderers_rangers|2|general_to_force_own
effect,warhammer_3,8.1.1,24237342,Dwarfs,dwarfs,wh_main_sc_dwf_dwarfs,Thorgrim Grudgebearer,Thorgrim_Grudgebearer,legendary_lord,wh_main_dwf_thorgrim_grudgebearer,general,general,wh3_dlc26_dwf_dwarfs_invasion|wh_main_dwf_dwarfs|wh_main_dwf_dwarfs_qb1|wh_main_dwf_dwarfs_qb2|wh_main_dwf_dwarfs_qb3|wh_main_dwf_dwarfs_qb4,true,false,true,true,false,true,,legendary_lords,wh_main_skill_node_set_dwf_thorgrim,,1,general,false,false,,,,wh_main_skill_node_dwf_thorgrim_battle_03,wh2_dlc11_skill_dwf_army_buff_tactician,Thunderer,This Lord knows his throng thrives in ranged combat and expects his Clansdwarfs to excel in that discipline.,battle_ammo.png,2,4,0,0,true,0,3,3,Thunderer,This Lord knows his throng thrives in ranged combat and expects his Clansdwarfs to excel in that discipline.,,,,,,wh2_dlc11_effect_force_stat_ammunition_dwf_quarrellers_thunderers_rangers,"Ammunition: %+n% for Quarrellers, Thunderers, and Rangers units",,general_to_force_own,15,battle,511,true,ammo.png,ammo.png,,,,,,,,,,,,,,,,,,,,,,,character_skill_level_to_effects_junctions_tables,wh2_dlc11_skill_dwf_army_buff_tactician|wh2_dlc11_effect_force_stat_ammunition_dwf_quarrellers_thunderers_rangers|3|general_to_force_own
effect,warhammer_3,8.1.1,24237342,Dwarfs,dwarfs,wh_main_sc_dwf_dwarfs,Thorgrim Grudgebearer,Thorgrim_Grudgebearer,legendary_lord,wh_main_dwf_thorgrim_grudgebearer,general,general,wh3_dlc26_dwf_dwarfs_invasion|wh_main_dwf_dwarfs|wh_main_dwf_dwarfs_qb1|wh_main_dwf_dwarfs_qb2|wh_main_dwf_dwarfs_qb3|wh_main_dwf_dwarfs_qb4,true,false,true,true,false,true,,legendary_lords,wh_main_skill_node_set_dwf_thorgrim,,1,general,false,false,,,,wh_main_skill_node_dwf_thorgrim_battle_03,wh2_dlc11_skill_dwf_army_buff_tactician,Thunderer,This Lord knows his throng thrives in ranged combat and expects his Clansdwarfs to excel in that discipline.,battle_ammo.png,2,4,0,0,true,0,3,3,Thunderer,This Lord knows his throng thrives in ranged combat and expects his Clansdwarfs to excel in that discipline.,,,,,,wh2_dlc11_effect_force_stat_missile_damage_dwf_quarrellers_thunderers_rangers,"Missile strength: %+n% for Quarrellers, Thunderers, and Rangers units",,general_to_force_own,8,battle,541,true,ranged_damage.png,ranged_damage.png,,,,,,,,,,,,,,,,,,,,,,,character_skill_level_to_effects_junctions_tables,wh2_dlc11_skill_dwf_army_buff_tactician|wh2_dlc11_effect_force_stat_missile_damage_dwf_quarrellers_thunderers_rangers|3|general_to_force_own
node,warhammer_3,8.1.1,24237342,Dwarfs,dwarfs,wh_main_sc_dwf_dwarfs,Thorgrim Grudgebearer,Thorgrim_Grudgebearer,legendary_lord,wh_main_dwf_thorgrim_grudgebearer,general,general,wh3_dlc26_dwf_dwarfs_invasion|wh_main_dwf_dwarfs|wh_main_dwf_dwarfs_qb1|wh_main_dwf_dwarfs_qb2|wh_main_dwf_dwarfs_qb3|wh_main_dwf_dwarfs_qb4,true,false,true,true,false,true,,legendary_lords,wh_main_skill_node_set_dwf_thorgrim,,1,general,false,false,,,,wh_main_skill_node_dwf_thorgrim_campaign_03,wh_main_skill_dwf_lord_campaign_wall_breaker,Wall Breaker,"I have seen better lavatory walls than this - I'll have it down by the morrow, that's a pledge!",campaign_siege_attack.png,2,5,0,0,true,0,3,,,,,,,,,,,,,,,,,,,,,,,,,,,,,,,,,,,,,,,,,character_skill_nodes_tables,wh_main_skill_node_dwf_thorgrim_campaign_03
effect,warhammer_3,8.1.1,24237342,Dwarfs,dwarfs,wh_main_sc_dwf_dwarfs,Thorgrim Grudgebearer,Thorgrim_Grudgebearer,legendary_lord,wh_main_dwf_thorgrim_grudgebearer,general,general,wh3_dlc26_dwf_dwarfs_invasion|wh_main_dwf_dwarfs|wh_main_dwf_dwarfs_qb1|wh_main_dwf_dwarfs_qb2|wh_main_dwf_dwarfs_qb3|wh_main_dwf_dwarfs_qb4,true,false,true,true,false,true,,legendary_lords,wh_main_skill_node_set_dwf_thorgrim,,1,general,false,false,,,,wh_main_skill_node_dwf_thorgrim_campaign_03,wh_main_skill_dwf_lord_campaign_wall_breaker,Wall Breaker,"I have seen better lavatory walls than this - I'll have it down by the morrow, that's a pledge!",campaign_siege_attack.png,2,5,0,0,true,0,3,1,Wall Breaker,"I have seen better lavatory walls than this - I'll have it down by the morrow, that's a pledge!",,,,,,wh_main_effect_force_army_campaign_siege_defend_attrition_bad,Attrition: %+n% when under siege,,character_to_force_enemy_regionwide,5,campaign,101,true,attrition.png,attrition.png,,,,,,,,,,,,,,,,,,,,,,,character_skill_level_to_effects_junctions_tables,wh_main_skill_dwf_lord_campaign_wall_breaker|wh_main_effect_force_army_campaign_siege_defend_attrition_bad|1|character_to_force_enemy_regionwide
effect,warhammer_3,8.1.1,24237342,Dwarfs,dwarfs,wh_main_sc_dwf_dwarfs,Thorgrim Grudgebearer,Thorgrim_Grudgebearer,legendary_lord,wh_main_dwf_thorgrim_grudgebearer,general,general,wh3_dlc26_dwf_dwarfs_invasion|wh_main_dwf_dwarfs|wh_main_dwf_dwarfs_qb1|wh_main_dwf_dwarfs_qb2|wh_main_dwf_dwarfs_qb3|wh_main_dwf_dwarfs_qb4,true,false,true,true,false,true,,legendary_lords,wh_main_skill_node_set_dwf_thorgrim,,1,general,false,false,,,,wh_main_skill_node_dwf_thorgrim_campaign_03,wh_main_skill_dwf_lord_campaign_wall_breaker,Wall Breaker,"I have seen better lavatory walls than this - I'll have it down by the morrow, that's a pledge!",campaign_siege_attack.png,2,5,0,0,true,0,3,2,Wall Breaker,"I have seen better lavatory walls than this - I'll have it down by the morrow, that's a pledge!",,,,,,wh_main_effect_force_army_campaign_siege_attack_attrition,Attrition suffered by defender: %+n% when laying siege or encircling,,general_to_force_enemy_regionwide,8,campaign,101,true,attrition.png,attrition.png,,,,,,,,,,,,,,,,,,,,,,,character_skill_level_to_effects_junctions_tables,wh_main_skill_dwf_lord_campaign_wall_breaker|wh_main_effect_force_army_campaign_siege_attack_attrition|2|general_to_force_enemy_regionwide
effect,warhammer_3,8.1.1,24237342,Dwarfs,dwarfs,wh_main_sc_dwf_dwarfs,Thorgrim Grudgebearer,Thorgrim_Grudgebearer,legendary_lord,wh_main_dwf_thorgrim_grudgebearer,general,general,wh3_dlc26_dwf_dwarfs_invasion|wh_main_dwf_dwarfs|wh_main_dwf_dwarfs_qb1|wh_main_dwf_dwarfs_qb2|wh_main_dwf_dwarfs_qb3|wh_main_dwf_dwarfs_qb4,true,false,true,true,false,true,,legendary_lords,wh_main_skill_node_set_dwf_thorgrim,,1,general,false,false,,,,wh_main_skill_node_dwf_thorgrim_campaign_03,wh_main_skill_dwf_lord_campaign_wall_breaker,Wall Breaker,"I have seen better lavatory walls than this - I'll have it down by the morrow, that's a pledge!",campaign_siege_attack.png,2,5,0,0,true,0,3,2,Wall Breaker,"I have seen better lavatory walls than this - I'll have it down by the morrow, that's a pledge!",,,,,,wh_main_effect_force_army_campaign_siege_defend_attrition_bad,Attrition: %+n% when under siege,,character_to_force_enemy_regionwide,5,campaign,101,true,attrition.png,attrition.png,,,,,,,,,,,,,,,,,,,,,,,character_skill_level_to_effects_junctions_tables,wh_main_skill_dwf_lord_campaign_wall_breaker|wh_main_effect_force_army_campaign_siege_defend_attrition_bad|2|character_to_force_enemy_regionwide
effect,warhammer_3,8.1.1,24237342,Dwarfs,dwarfs,wh_main_sc_dwf_dwarfs,Thorgrim Grudgebearer,Thorgrim_Grudgebearer,legendary_lord,wh_main_dwf_thorgrim_grudgebearer,general,general,wh3_dlc26_dwf_dwarfs_invasion|wh_main_dwf_dwarfs|wh_main_dwf_dwarfs_qb1|wh_main_dwf_dwarfs_qb2|wh_main_dwf_dwarfs_qb3|wh_main_dwf_dwarfs_qb4,true,false,true,true,false,true,,legendary_lords,wh_main_skill_node_set_dwf_thorgrim,,1,general,false,false,,,,wh_main_skill_node_dwf_thorgrim_campaign_03,wh_main_skill_dwf_lord_campaign_wall_breaker,Wall Breaker,"I have seen better lavatory walls than this - I'll have it down by the morrow, that's a pledge!",campaign_siege_attack.png,2,5,0,0,true,0,3,3,Wall Breaker,"I have seen better lavatory walls than this - I'll have it down by the morrow, that's a pledge!",,,,,,wh_main_effect_force_army_campaign_siege_attack_attrition,Attrition suffered by defender: %+n% when laying siege or encircling,,general_to_force_enemy_regionwide,15,campaign,101,true,attrition.png,attrition.png,,,,,,,,,,,,,,,,,,,,,,,character_skill_level_to_effects_junctions_tables,wh_main_skill_dwf_lord_campaign_wall_breaker|wh_main_effect_force_army_campaign_siege_attack_attrition|3|general_to_force_enemy_regionwide
effect,warhammer_3,8.1.1,24237342,Dwarfs,dwarfs,wh_main_sc_dwf_dwarfs,Thorgrim Grudgebearer,Thorgrim_Grudgebearer,legendary_lord,wh_main_dwf_thorgrim_grudgebearer,general,general,wh3_dlc26_dwf_dwarfs_invasion|wh_main_dwf_dwarfs|wh_main_dwf_dwarfs_qb1|wh_main_dwf_dwarfs_qb2|wh_main_dwf_dwarfs_qb3|wh_main_dwf_dwarfs_qb4,true,false,true,true,false,true,,legendary_lords,wh_main_skill_node_set_dwf_thorgrim,,1,general,false,false,,,,wh_main_skill_node_dwf_thorgrim_campaign_03,wh_main_skill_dwf_lord_campaign_wall_breaker,Wall Breaker,"I have seen better lavatory walls than this - I'll have it down by the morrow, that's a pledge!",campaign_siege_attack.png,2,5,0,0,true,0,3,3,Wall Breaker,"I have seen better lavatory walls than this - I'll have it down by the morrow, that's a pledge!",,,,,,wh_main_effect_force_army_campaign_siege_defend_attrition_bad,Attrition: %+n% when under siege,,character_to_force_enemy_regionwide,5,campaign,101,true,attrition.png,attrition.png,,,,,,,,,,,,,,,,,,,,,,,character_skill_level_to_effects_junctions_tables,wh_main_skill_dwf_lord_campaign_wall_breaker|wh_main_effect_force_army_campaign_siege_defend_attrition_bad|3|character_to_force_enemy_regionwide
node,warhammer_3,8.1.1,24237342,Dwarfs,dwarfs,wh_main_sc_dwf_dwarfs,Thorgrim Grudgebearer,Thorgrim_Grudgebearer,legendary_lord,wh_main_dwf_thorgrim_grudgebearer,general,general,wh3_dlc26_dwf_dwarfs_invasion|wh_main_dwf_dwarfs|wh_main_dwf_dwarfs_qb1|wh_main_dwf_dwarfs_qb2|wh_main_dwf_dwarfs_qb3|wh_main_dwf_dwarfs_qb4,true,false,true,true,false,true,,legendary_lords,wh_main_skill_node_set_dwf_thorgrim,,1,general,false,false,,,,wh_dlc08_skill_dwf_lord_thorgrim_unique_7,wh_dlc08_skill_dwf_lord_thorgrim_unique_7,Grudge Against Undead,"What to do, what to do? You just won't stay dead, will you? Diiiiie!!!",icon_stat_morale_vs_vampire_counts.png,3,0,0,0,true,0,1,,,,,,,,,,,,,,,,,,,,,,,,,,,,,,,,,,,,,,,,,character_skill_nodes_tables,wh_dlc08_skill_dwf_lord_thorgrim_unique_7
effect,warhammer_3,8.1.1,24237342,Dwarfs,dwarfs,wh_main_sc_dwf_dwarfs,Thorgrim Grudgebearer,Thorgrim_Grudgebearer,legendary_lord,wh_main_dwf_thorgrim_grudgebearer,general,general,wh3_dlc26_dwf_dwarfs_invasion|wh_main_dwf_dwarfs|wh_main_dwf_dwarfs_qb1|wh_main_dwf_dwarfs_qb2|wh_main_dwf_dwarfs_qb3|wh_main_dwf_dwarfs_qb4,true,false,true,true,false,true,,legendary_lords,wh_main_skill_node_set_dwf_thorgrim,,1,general,false,false,,,,wh_dlc08_skill_dwf_lord_thorgrim_unique_7,wh_dlc08_skill_dwf_lord_thorgrim_unique_7,Grudge Against Undead,"What to do, what to do? You just won't stay dead, will you? Diiiiie!!!",icon_stat_morale_vs_vampire_counts.png,3,0,0,0,true,0,1,1,Grudge Against Undead,"What to do, what to do? You just won't stay dead, will you? Diiiiie!!!",,,,,,wh_main_effect_force_stat_leadership_vs_undead,"Leadership: %+n when fighting against Vampire Counts, Vampire Coast and Tomb Kings",,general_to_force_own,4,battle,411,true,morale.png,morale.png,,,,,,,,,,,,,,,,,,,,,,,character_skill_level_to_effects_junctions_tables,wh_dlc08_skill_dwf_lord_thorgrim_unique_7|wh_main_effect_force_stat_leadership_vs_undead|1|general_to_force_own
effect,warhammer_3,8.1.1,24237342,Dwarfs,dwarfs,wh_main_sc_dwf_dwarfs,Thorgrim Grudgebearer,Thorgrim_Grudgebearer,legendary_lord,wh_main_dwf_thorgrim_grudgebearer,general,general,wh3_dlc26_dwf_dwarfs_invasion|wh_main_dwf_dwarfs|wh_main_dwf_dwarfs_qb1|wh_main_dwf_dwarfs_qb2|wh_main_dwf_dwarfs_qb3|wh_main_dwf_dwarfs_qb4,true,false,true,true,false,true,,legendary_lords,wh_main_skill_node_set_dwf_thorgrim,,1,general,false,false,,,,wh_dlc08_skill_dwf_lord_thorgrim_unique_7,wh_dlc08_skill_dwf_lord_thorgrim_unique_7,Grudge Against Undead,"What to do, what to do? You just won't stay dead, will you? Diiiiie!!!",icon_stat_morale_vs_vampire_counts.png,3,0,0,0,true,0,1,1,Grudge Against Undead,"What to do, what to do? You just won't stay dead, will you? Diiiiie!!!",,,,,,wh2_main_effect_force_stat_melee_attack_vs_undead,"Melee attack: %+n when fighting against Vampire Counts, Vampire Coast and Tomb Kings",,general_to_force_own,5,battle,431,true,melee.png,melee.png,,,,,,,,,,,,,,,,,,,,,,,character_skill_level_to_effects_junctions_tables,wh_dlc08_skill_dwf_lord_thorgrim_unique_7|wh2_main_effect_force_stat_melee_attack_vs_undead|1|general_to_force_own
node,warhammer_3,8.1.1,24237342,Dwarfs,dwarfs,wh_main_sc_dwf_dwarfs,Thorgrim Grudgebearer,Thorgrim_Grudgebearer,legendary_lord,wh_main_dwf_thorgrim_grudgebearer,general,general,wh3_dlc26_dwf_dwarfs_invasion|wh_main_dwf_dwarfs|wh_main_dwf_dwarfs_qb1|wh_main_dwf_dwarfs_qb2|wh_main_dwf_dwarfs_qb3|wh_main_dwf_dwarfs_qb4,true,false,true,true,false,true,,legendary_lords,wh_main_skill_node_set_dwf_thorgrim,,1,general,false,false,,,,wh_dlc08_skill_dwf_lord_thorgrim_unique_3,wh_dlc08_skill_dwf_lord_thorgrim_unique_3,Advanced Forging,"In his noble, avowed quest to return Karaz Ankor to its former glories, Thorgrim has commissioned research into new and improved engineering and runecraft.",character_oathgold.png,3,1,0,0,true,0,1,,,,,,,,,,,,,,,,,,,,,,,,,,,,,,,,,,,,,,,,,character_skill_nodes_tables,wh_dlc08_skill_dwf_lord_thorgrim_unique_3
effect,warhammer_3,8.1.1,24237342,Dwarfs,dwarfs,wh_main_sc_dwf_dwarfs,Thorgrim Grudgebearer,Thorgrim_Grudgebearer,legendary_lord,wh_main_dwf_thorgrim_grudgebearer,general,general,wh3_dlc26_dwf_dwarfs_invasion|wh_main_dwf_dwarfs|wh_main_dwf_dwarfs_qb1|wh_main_dwf_dwarfs_qb2|wh_main_dwf_dwarfs_qb3|wh_main_dwf_dwarfs_qb4,true,false,true,true,false,true,,legendary_lords,wh_main_skill_node_set_dwf_thorgrim,,1,general,false,false,,,,wh_dlc08_skill_dwf_lord_thorgrim_unique_3,wh_dlc08_skill_dwf_lord_thorgrim_unique_3,Advanced Forging,"In his noble, avowed quest to return Karaz Ankor to its former glories, Thorgrim has commissioned research into new and improved engineering and runecraft.",character_oathgold.png,3,1,0,0,true,0,1,1,Advanced Forging,"In his noble, avowed quest to return Karaz Ankor to its former glories, Thorgrim has commissioned research into new and improved engineering and runecraft.",,,,,,wh_main_effect_agent_cap_increase_runesmith,Hero capacity: %+n for Runesmiths,,character_to_faction_unseen,1,campaign,102,true,runesmith.png,runesmith.png,,,,,,,,,,,,,,,,,,,,,,,character_skill_level_to_effects_junctions_tables,wh_dlc08_skill_dwf_lord_thorgrim_unique_3|wh_main_effect_agent_cap_increase_runesmith|1|character_to_faction_unseen
effect,warhammer_3,8.1.1,24237342,Dwarfs,dwarfs,wh_main_sc_dwf_dwarfs,Thorgrim Grudgebearer,Thorgrim_Grudgebearer,legendary_lord,wh_main_dwf_thorgrim_grudgebearer,general,general,wh3_dlc26_dwf_dwarfs_invasion|wh_main_dwf_dwarfs|wh_main_dwf_dwarfs_qb1|wh_main_dwf_dwarfs_qb2|wh_main_dwf_dwarfs_qb3|wh_main_dwf_dwarfs_qb4,true,false,true,true,false,true,,legendary_lords,wh_main_skill_node_set_dwf_thorgrim,,1,general,false,false,,,,wh_dlc08_skill_dwf_lord_thorgrim_unique_3,wh_dlc08_skill_dwf_lord_thorgrim_unique_3,Advanced Forging,"In his noble, avowed quest to return Karaz Ankor to its former glories, Thorgrim has commissioned research into new and improved engineering and runecraft.",character_oathgold.png,3,1,0,0,true,0,1,1,Advanced Forging,"In his noble, avowed quest to return Karaz Ankor to its former glories, Thorgrim has commissioned research into new and improved engineering and runecraft.",,,,,,wh_main_effect_agent_recruitment_xp_runesmith,Hero recruit rank: %+n for Runesmiths,,character_to_province_own_factionwide,3,campaign,104,true,runesmith.png,runesmith.png,,,,,,,,,,,,,,,,,,,,,,,character_skill_level_to_effects_junctions_tables,wh_dlc08_skill_dwf_lord_thorgrim_unique_3|wh_main_effect_agent_recruitment_xp_runesmith|1|character_to_province_own_factionwide
effect,warhammer_3,8.1.1,24237342,Dwarfs,dwarfs,wh_main_sc_dwf_dwarfs,Thorgrim Grudgebearer,Thorgrim_Grudgebearer,legendary_lord,wh_main_dwf_thorgrim_grudgebearer,general,general,wh3_dlc26_dwf_dwarfs_invasion|wh_main_dwf_dwarfs|wh_main_dwf_dwarfs_qb1|wh_main_dwf_dwarfs_qb2|wh_main_dwf_dwarfs_qb3|wh_main_dwf_dwarfs_qb4,true,false,true,true,false,true,,legendary_lords,wh_main_skill_node_set_dwf_thorgrim,,1,general,false,false,,,,wh_dlc08_skill_dwf_lord_thorgrim_unique_3,wh_dlc08_skill_dwf_lord_thorgrim_unique_3,Advanced Forging,"In his noble, avowed quest to return Karaz Ankor to its former glories, Thorgrim has commissioned research into new and improved engineering and runecraft.",character_oathgold.png,3,1,0,0,true,0,1,1,Advanced Forging,"In his noble, avowed quest to return Karaz Ankor to its former glories, Thorgrim has commissioned research into new and improved engineering and runecraft.",,,,,,wh2_dlc17_pooled_resource_oathgold_buildings_mod,Oathgold from buildings: %+n%,,character_to_region_own_when_on_map,10,campaign,3,true,oathgold_bundle.png,oathgold_bundle.png,,,,,,,,,,,,,,,,,,,,,,,character_skill_level_to_effects_junctions_tables,wh_dlc08_skill_dwf_lord_thorgrim_unique_3|wh2_dlc17_pooled_resource_oathgold_buildings_mod|1|character_to_region_own_when_on_map
node,warhammer_3,8.1.1,24237342,Dwarfs,dwarfs,wh_main_sc_dwf_dwarfs,Thorgrim Grudgebearer,Thorgrim_Grudgebearer,legendary_lord,wh_main_dwf_thorgrim_grudgebearer,general,general,wh3_dlc26_dwf_dwarfs_invasion|wh_main_dwf_dwarfs|wh_main_dwf_dwarfs_qb1|wh_main_dwf_dwarfs_qb2|wh_main_dwf_dwarfs_qb3|wh_main_dwf_dwarfs_qb4,true,false,true,true,false,true,,legendary_lords,wh_main_skill_node_set_dwf_thorgrim,,1,general,false,false,,,,wh_main_skill_node_dwf_thorgrim_self_04,wh2_dlc11_skill_all_lord_self_scarred_veteran,{{tr:character_skills_localised_name_wh_main_skill_all_all_self_scarred_veteran}},{{tr:character_skills_localised_description_wh_main_skill_all_all_self_scarred_veteran}},character_health.png,3,3,0,0,true,0,2,,,,,,,,,,,,,,,,,,,,,,,,,,,,,,,,,,,,,,,,,character_skill_nodes_tables,wh_main_skill_node_dwf_thorgrim_self_04
effect,warhammer_3,8.1.1,24237342,Dwarfs,dwarfs,wh_main_sc_dwf_dwarfs,Thorgrim Grudgebearer,Thorgrim_Grudgebearer,legendary_lord,wh_main_dwf_thorgrim_grudgebearer,general,general,wh3_dlc26_dwf_dwarfs_invasion|wh_main_dwf_dwarfs|wh_main_dwf_dwarfs_qb1|wh_main_dwf_dwarfs_qb2|wh_main_dwf_dwarfs_qb3|wh_main_dwf_dwarfs_qb4,true,false,true,true,false,true,,legendary_lords,wh_main_skill_node_set_dwf_thorgrim,,1,general,false,false,,,,wh_main_skill_node_dwf_thorgrim_self_04,wh2_dlc11_skill_all_lord_self_scarred_veteran,{{tr:character_skills_localised_name_wh_main_skill_all_all_self_scarred_veteran}},{{tr:character_skills_localised_description_wh_main_skill_all_all_self_scarred_veteran}},character_health.png,3,3,0,0,true,0,2,1,{{tr:character_skills_localised_name_wh_main_skill_all_all_self_scarred_veteran}},{{tr:character_skills_localised_description_wh_main_skill_all_all_self_scarred_veteran}},,,,,,wh_main_effect_character_stat_unit_health,Hit points: %+n%,,character_to_character_own,7,both,90,true,health_character.png,health_character.png,,,,,,,,,,,,,,,,,,,,,,,character_skill_level_to_effects_junctions_tables,wh2_dlc11_skill_all_lord_self_scarred_veteran|wh_main_effect_character_stat_unit_health|1|character_to_character_own
effect,warhammer_3,8.1.1,24237342,Dwarfs,dwarfs,wh_main_sc_dwf_dwarfs,Thorgrim Grudgebearer,Thorgrim_Grudgebearer,legendary_lord,wh_main_dwf_thorgrim_grudgebearer,general,general,wh3_dlc26_dwf_dwarfs_invasion|wh_main_dwf_dwarfs|wh_main_dwf_dwarfs_qb1|wh_main_dwf_dwarfs_qb2|wh_main_dwf_dwarfs_qb3|wh_main_dwf_dwarfs_qb4,true,false,true,true,false,true,,legendary_lords,wh_main_skill_node_set_dwf_thorgrim,,1,general,false,false,,,,wh_main_skill_node_dwf_thorgrim_self_04,wh2_dlc11_skill_all_lord_self_scarred_veteran,{{tr:character_skills_localised_name_wh_main_skill_all_all_self_scarred_veteran}},{{tr:character_skills_localised_description_wh_main_skill_all_all_self_scarred_veteran}},character_health.png,3,3,0,0,true,0,2,2,{{tr:character_skills_localised_name_wh_main_skill_all_all_self_scarred_veteran}},{{tr:character_skills_localised_description_wh_main_skill_all_all_self_scarred_veteran}},,,,,,wh_main_effect_character_stat_unit_health,Hit points: %+n%,,character_to_character_own,15,both,90,true,health_character.png,health_character.png,,,,,,,,,,,,,,,,,,,,,,,character_skill_level_to_effects_junctions_tables,wh2_dlc11_skill_all_lord_self_scarred_veteran|wh_main_effect_character_stat_unit_health|2|character_to_character_own
node,warhammer_3,8.1.1,24237342,Dwarfs,dwarfs,wh_main_sc_dwf_dwarfs,Thorgrim Grudgebearer,Thorgrim_Grudgebearer,legendary_lord,wh_main_dwf_thorgrim_grudgebearer,general,general,wh3_dlc26_dwf_dwarfs_invasion|wh_main_dwf_dwarfs|wh_main_dwf_dwarfs_qb1|wh_main_dwf_dwarfs_qb2|wh_main_dwf_dwarfs_qb3|wh_main_dwf_dwarfs_qb4,true,false,true,true,false,true,,legendary_lords,wh_main_skill_node_set_dwf_thorgrim,,1,general,false,false,,,,wh_main_skill_node_dwf_thorgrim_battle_04,wh2_dlc11_skill_dwf_army_buff_tradition_and_innovation,Tradition & Innovation,"The Dawi continually push the boundaries of engineering, be it by soaring ever higher in their flying contraptions or firing projectiles farther than ever before.",battle_ammo.png,3,4,0,0,true,0,3,,,,,,,,,,,,,,,,,,,,,,,,,,,,,,,,,,,,,,,,,character_skill_nodes_tables,wh_main_skill_node_dwf_thorgrim_battle_04
effect,warhammer_3,8.1.1,24237342,Dwarfs,dwarfs,wh_main_sc_dwf_dwarfs,Thorgrim Grudgebearer,Thorgrim_Grudgebearer,legendary_lord,wh_main_dwf_thorgrim_grudgebearer,general,general,wh3_dlc26_dwf_dwarfs_invasion|wh_main_dwf_dwarfs|wh_main_dwf_dwarfs_qb1|wh_main_dwf_dwarfs_qb2|wh_main_dwf_dwarfs_qb3|wh_main_dwf_dwarfs_qb4,true,false,true,true,false,true,,legendary_lords,wh_main_skill_node_set_dwf_thorgrim,,1,general,false,false,,,,wh_main_skill_node_dwf_thorgrim_battle_04,wh2_dlc11_skill_dwf_army_buff_tradition_and_innovation,Tradition & Innovation,"The Dawi continually push the boundaries of engineering, be it by soaring ever higher in their flying contraptions or firing projectiles farther than ever before.",battle_ammo.png,3,4,0,0,true,0,3,1,Tradition & Innovation,"The Dawi continually push the boundaries of engineering, be it by soaring ever higher in their flying contraptions or firing projectiles farther than ever before.",,,,,,wh2_dlc11_effect_force_stat_ammunition_dwf_gyrocopters_gyrobombers,"Ammunition: %+n% for Gyrocopters, Gyrobombers and Thunderbarge units",,general_to_force_own,10,battle,511,true,ammo.png,ammo.png,,,,,,,,,,,,,,,,,,,,,,,character_skill_level_to_effects_junctions_tables,wh2_dlc11_skill_dwf_army_buff_tradition_and_innovation|wh2_dlc11_effect_force_stat_ammunition_dwf_gyrocopters_gyrobombers|1|general_to_force_own
effect,warhammer_3,8.1.1,24237342,Dwarfs,dwarfs,wh_main_sc_dwf_dwarfs,Thorgrim Grudgebearer,Thorgrim_Grudgebearer,legendary_lord,wh_main_dwf_thorgrim_grudgebearer,general,general,wh3_dlc26_dwf_dwarfs_invasion|wh_main_dwf_dwarfs|wh_main_dwf_dwarfs_qb1|wh_main_dwf_dwarfs_qb2|wh_main_dwf_dwarfs_qb3|wh_main_dwf_dwarfs_qb4,true,false,true,true,false,true,,legendary_lords,wh_main_skill_node_set_dwf_thorgrim,,1,general,false,false,,,,wh_main_skill_node_dwf_thorgrim_battle_04,wh2_dlc11_skill_dwf_army_buff_tradition_and_innovation,Tradition & Innovation,"The Dawi continually push the boundaries of engineering, be it by soaring ever higher in their flying contraptions or firing projectiles farther than ever before.",battle_ammo.png,3,4,0,0,true,0,3,2,Tradition & Innovation,"The Dawi continually push the boundaries of engineering, be it by soaring ever higher in their flying contraptions or firing projectiles farther than ever before.",,,,,,wh2_dlc11_effect_force_stat_ammunition_dwf_gyrocopters_gyrobombers,"Ammunition: %+n% for Gyrocopters, Gyrobombers and Thunderbarge units",,general_to_force_own,15,battle,511,true,ammo.png,ammo.png,,,,,,,,,,,,,,,,,,,,,,,character_skill_level_to_effects_junctions_tables,wh2_dlc11_skill_dwf_army_buff_tradition_and_innovation|wh2_dlc11_effect_force_stat_ammunition_dwf_gyrocopters_gyrobombers|2|general_to_force_own
effect,warhammer_3,8.1.1,24237342,Dwarfs,dwarfs,wh_main_sc_dwf_dwarfs,Thorgrim Grudgebearer,Thorgrim_Grudgebearer,legendary_lord,wh_main_dwf_thorgrim_grudgebearer,general,general,wh3_dlc26_dwf_dwarfs_invasion|wh_main_dwf_dwarfs|wh_main_dwf_dwarfs_qb1|wh_main_dwf_dwarfs_qb2|wh_main_dwf_dwarfs_qb3|wh_main_dwf_dwarfs_qb4,true,false,true,true,false,true,,legendary_lords,wh_main_skill_node_set_dwf_thorgrim,,1,general,false,false,,,,wh_main_skill_node_dwf_thorgrim_battle_04,wh2_dlc11_skill_dwf_army_buff_tradition_and_innovation,Tradition & Innovation,"The Dawi continually push the boundaries of engineering, be it by soaring ever higher in their flying contraptions or firing projectiles farther than ever before.",battle_ammo.png,3,4,0,0,true,0,3,2,Tradition & Innovation,"The Dawi continually push the boundaries of engineering, be it by soaring ever higher in their flying contraptions or firing projectiles farther than ever before.",,,,,,wh2_dlc11_effect_force_stat_range_dwf_gyrocopters_gyrobombers,"Range: %+n% for Gyrocopters, Gyrobombers and Thunderbarge units",,general_to_force_own,5,battle,531,true,accuracy.png,accuracy.png,,,,,,,,,,,,,,,,,,,,,,,character_skill_level_to_effects_junctions_tables,wh2_dlc11_skill_dwf_army_buff_tradition_and_innovation|wh2_dlc11_effect_force_stat_range_dwf_gyrocopters_gyrobombers|2|general_to_force_own
effect,warhammer_3,8.1.1,24237342,Dwarfs,dwarfs,wh_main_sc_dwf_dwarfs,Thorgrim Grudgebearer,Thorgrim_Grudgebearer,legendary_lord,wh_main_dwf_thorgrim_grudgebearer,general,general,wh3_dlc26_dwf_dwarfs_invasion|wh_main_dwf_dwarfs|wh_main_dwf_dwarfs_qb1|wh_main_dwf_dwarfs_qb2|wh_main_dwf_dwarfs_qb3|wh_main_dwf_dwarfs_qb4,true,false,true,true,false,true,,legendary_lords,wh_main_skill_node_set_dwf_thorgrim,,1,general,false,false,,,,wh_main_skill_node_dwf_thorgrim_battle_04,wh2_dlc11_skill_dwf_army_buff_tradition_and_innovation,Tradition & Innovation,"The Dawi continually push the boundaries of engineering, be it by soaring ever higher in their flying contraptions or firing projectiles farther than ever before.",battle_ammo.png,3,4,0,0,true,0,3,3,Tradition & Innovation,"The Dawi continually push the boundaries of engineering, be it by soaring ever higher in their flying contraptions or firing projectiles farther than ever before.",,,,,,wh2_dlc11_effect_force_stat_ammunition_dwf_gyrocopters_gyrobombers,"Ammunition: %+n% for Gyrocopters, Gyrobombers and Thunderbarge units",,general_to_force_own,20,battle,511,true,ammo.png,ammo.png,,,,,,,,,,,,,,,,,,,,,,,character_skill_level_to_effects_junctions_tables,wh2_dlc11_skill_dwf_army_buff_tradition_and_innovation|wh2_dlc11_effect_force_stat_ammunition_dwf_gyrocopters_gyrobombers|3|general_to_force_own
effect,warhammer_3,8.1.1,24237342,Dwarfs,dwarfs,wh_main_sc_dwf_dwarfs,Thorgrim Grudgebearer,Thorgrim_Grudgebearer,legendary_lord,wh_main_dwf_thorgrim_grudgebearer,general,general,wh3_dlc26_dwf_dwarfs_invasion|wh_main_dwf_dwarfs|wh_main_dwf_dwarfs_qb1|wh_main_dwf_dwarfs_qb2|wh_main_dwf_dwarfs_qb3|wh_main_dwf_dwarfs_qb4,true,false,true,true,false,true,,legendary_lords,wh_main_skill_node_set_dwf_thorgrim,,1,general,false,false,,,,wh_main_skill_node_dwf_thorgrim_battle_04,wh2_dlc11_skill_dwf_army_buff_tradition_and_innovation,Tradition & Innovation,"The Dawi continually push the boundaries of engineering, be it by soaring ever higher in their flying contraptions or firing projectiles farther than ever before.",battle_ammo.png,3,4,0,0,true,0,3,3,Tradition & Innovation,"The Dawi continually push the boundaries of engineering, be it by soaring ever higher in their flying contraptions or firing projectiles farther than ever before.",,,,,,wh2_dlc11_effect_force_stat_range_dwf_gyrocopters_gyrobombers,"Range: %+n% for Gyrocopters, Gyrobombers and Thunderbarge units",,general_to_force_own,10,battle,531,true,accuracy.png,accuracy.png,,,,,,,,,,,,,,,,,,,,,,,character_skill_level_to_effects_junctions_tables,wh2_dlc11_skill_dwf_army_buff_tradition_and_innovation|wh2_dlc11_effect_force_stat_range_dwf_gyrocopters_gyrobombers|3|general_to_force_own
node,warhammer_3,8.1.1,24237342,Dwarfs,dwarfs,wh_main_sc_dwf_dwarfs,Thorgrim Grudgebearer,Thorgrim_Grudgebearer,legendary_lord,wh_main_dwf_thorgrim_grudgebearer,general,general,wh3_dlc26_dwf_dwarfs_invasion|wh_main_dwf_dwarfs|wh_main_dwf_dwarfs_qb1|wh_main_dwf_dwarfs_qb2|wh_main_dwf_dwarfs_qb3|wh_main_dwf_dwarfs_qb4,true,false,true,true,false,true,,legendary_lords,wh_main_skill_node_set_dwf_thorgrim,,1,general,false,false,,,,wh_main_skill_node_dwf_thorgrim_campaign_04,wh_main_skill_dwf_lord_campaign_pure-beard,Pure-Beard,A Dwarf with a fine beard is as Dawi as they come.,campaign_untainted.png,3,5,0,0,true,0,3,,,,,,,,,,,,,,,,,,,,,,,,,,,,,,,,,,,,,,,,,character_skill_nodes_tables,wh_main_skill_node_dwf_thorgrim_campaign_04
effect,warhammer_3,8.1.1,24237342,Dwarfs,dwarfs,wh_main_sc_dwf_dwarfs,Thorgrim Grudgebearer,Thorgrim_Grudgebearer,legendary_lord,wh_main_dwf_thorgrim_grudgebearer,general,general,wh3_dlc26_dwf_dwarfs_invasion|wh_main_dwf_dwarfs|wh_main_dwf_dwarfs_qb1|wh_main_dwf_dwarfs_qb2|wh_main_dwf_dwarfs_qb3|wh_main_dwf_dwarfs_qb4,true,false,true,true,false,true,,legendary_lords,wh_main_skill_node_set_dwf_thorgrim,,1,general,false,false,,,,wh_main_skill_node_dwf_thorgrim_campaign_04,wh_main_skill_dwf_lord_campaign_pure-beard,Pure-Beard,A Dwarf with a fine beard is as Dawi as they come.,campaign_untainted.png,3,5,0,0,true,0,3,1,Pure-Beard,A Dwarf with a fine beard is as Dawi as they come.,,,,,,wh3_main_effect_corruption_reduction_characters,Corruption: %+n,,character_to_province_any,-1,campaign,104,false,corruption.png,corruption.png,,,,,,,,,,,,,,,,,,,,,,,character_skill_level_to_effects_junctions_tables,wh_main_skill_dwf_lord_campaign_pure-beard|wh3_main_effect_corruption_reduction_characters|1|character_to_province_any
effect,warhammer_3,8.1.1,24237342,Dwarfs,dwarfs,wh_main_sc_dwf_dwarfs,Thorgrim Grudgebearer,Thorgrim_Grudgebearer,legendary_lord,wh_main_dwf_thorgrim_grudgebearer,general,general,wh3_dlc26_dwf_dwarfs_invasion|wh_main_dwf_dwarfs|wh_main_dwf_dwarfs_qb1|wh_main_dwf_dwarfs_qb2|wh_main_dwf_dwarfs_qb3|wh_main_dwf_dwarfs_qb4,true,false,true,true,false,true,,legendary_lords,wh_main_skill_node_set_dwf_thorgrim,,1,general,false,false,,,,wh_main_skill_node_dwf_thorgrim_campaign_04,wh_main_skill_dwf_lord_campaign_pure-beard,Pure-Beard,A Dwarf with a fine beard is as Dawi as they come.,campaign_untainted.png,3,5,0,0,true,0,3,2,Pure-Beard,A Dwarf with a fine beard is as Dawi as they come.,,,,,,wh3_main_effect_corruption_reduction_characters,Corruption: %+n,,character_to_province_any,-2,campaign,104,false,corruption.png,corruption.png,,,,,,,,,,,,,,,,,,,,,,,character_skill_level_to_effects_junctions_tables,wh_main_skill_dwf_lord_campaign_pure-beard|wh3_main_effect_corruption_reduction_characters|2|character_to_province_any
effect,warhammer_3,8.1.1,24237342,Dwarfs,dwarfs,wh_main_sc_dwf_dwarfs,Thorgrim Grudgebearer,Thorgrim_Grudgebearer,legendary_lord,wh_main_dwf_thorgrim_grudgebearer,general,general,wh3_dlc26_dwf_dwarfs_invasion|wh_main_dwf_dwarfs|wh_main_dwf_dwarfs_qb1|wh_main_dwf_dwarfs_qb2|wh_main_dwf_dwarfs_qb3|wh_main_dwf_dwarfs_qb4,true,false,true,true,false,true,,legendary_lords,wh_main_skill_node_set_dwf_thorgrim,,1,general,false,false,,,,wh_main_skill_node_dwf_thorgrim_campaign_04,wh_main_skill_dwf_lord_campaign_pure-beard,Pure-Beard,A Dwarf with a fine beard is as Dawi as they come.,campaign_untainted.png,3,5,0,0,true,0,3,3,Pure-Beard,A Dwarf with a fine beard is as Dawi as they come.,,,,,,wh3_main_effect_corruption_reduction_characters,Corruption: %+n,,character_to_province_any,-3,campaign,104,false,corruption.png,corruption.png,,,,,,,,,,,,,,,,,,,,,,,character_skill_level_to_effects_junctions_tables,wh_main_skill_dwf_lord_campaign_pure-beard|wh3_main_effect_corruption_reduction_characters|3|character_to_province_any
node,warhammer_3,8.1.1,24237342,Dwarfs,dwarfs,wh_main_sc_dwf_dwarfs,Thorgrim Grudgebearer,Thorgrim_Grudgebearer,legendary_lord,wh_main_dwf_thorgrim_grudgebearer,general,general,wh3_dlc26_dwf_dwarfs_invasion|wh_main_dwf_dwarfs|wh_main_dwf_dwarfs_qb1|wh_main_dwf_dwarfs_qb2|wh_main_dwf_dwarfs_qb3|wh_main_dwf_dwarfs_qb4,true,false,true,true,false,true,,legendary_lords,wh_main_skill_node_set_dwf_thorgrim,,1,general,false,false,,,,wh_dlc08_skill_dwf_lord_thorgrim_unique_8,wh_dlc08_skill_dwf_lord_thorgrim_unique_8,Grudge Against the Elves,"Those lanky, aloof, untrustworthy Elves - I'll give them a brand new War of Vengeance!",icon_stat_morale_vs_elves.png,4,0,0,0,true,0,1,,,,,,,,,,,,,,,,,,,,,,,,,,,,,,,,,,,,,,,,,character_skill_nodes_tables,wh_dlc08_skill_dwf_lord_thorgrim_unique_8
effect,warhammer_3,8.1.1,24237342,Dwarfs,dwarfs,wh_main_sc_dwf_dwarfs,Thorgrim Grudgebearer,Thorgrim_Grudgebearer,legendary_lord,wh_main_dwf_thorgrim_grudgebearer,general,general,wh3_dlc26_dwf_dwarfs_invasion|wh_main_dwf_dwarfs|wh_main_dwf_dwarfs_qb1|wh_main_dwf_dwarfs_qb2|wh_main_dwf_dwarfs_qb3|wh_main_dwf_dwarfs_qb4,true,false,true,true,false,true,,legendary_lords,wh_main_skill_node_set_dwf_thorgrim,,1,general,false,false,,,,wh_dlc08_skill_dwf_lord_thorgrim_unique_8,wh_dlc08_skill_dwf_lord_thorgrim_unique_8,Grudge Against the Elves,"Those lanky, aloof, untrustworthy Elves - I'll give them a brand new War of Vengeance!",icon_stat_morale_vs_elves.png,4,0,0,0,true,0,1,1,Grudge Against the Elves,"Those lanky, aloof, untrustworthy Elves - I'll give them a brand new War of Vengeance!",,,,,,wh_dlc08_effect_force_stat_leadership_vs_elves,Leadership: %+n when fighting against Elves,,general_to_force_own,4,battle,411,true,morale.png,morale.png,,,,,,,,,,,,,,,,,,,,,,,character_skill_level_to_effects_junctions_tables,wh_dlc08_skill_dwf_lord_thorgrim_unique_8|wh_dlc08_effect_force_stat_leadership_vs_elves|1|general_to_force_own
effect,warhammer_3,8.1.1,24237342,Dwarfs,dwarfs,wh_main_sc_dwf_dwarfs,Thorgrim Grudgebearer,Thorgrim_Grudgebearer,legendary_lord,wh_main_dwf_thorgrim_grudgebearer,general,general,wh3_dlc26_dwf_dwarfs_invasion|wh_main_dwf_dwarfs|wh_main_dwf_dwarfs_qb1|wh_main_dwf_dwarfs_qb2|wh_main_dwf_dwarfs_qb3|wh_main_dwf_dwarfs_qb4,true,false,true,true,false,true,,legendary_lords,wh_main_skill_node_set_dwf_thorgrim,,1,general,false,false,,,,wh_dlc08_skill_dwf_lord_thorgrim_unique_8,wh_dlc08_skill_dwf_lord_thorgrim_unique_8,Grudge Against the Elves,"Those lanky, aloof, untrustworthy Elves - I'll give them a brand new War of Vengeance!",icon_stat_morale_vs_elves.png,4,0,0,0,true,0,1,1,Grudge Against the Elves,"Those lanky, aloof, untrustworthy Elves - I'll give them a brand new War of Vengeance!",,,,,,wh_dlc08_effect_force_stat_melee_attack_vs_elves,Melee attack: %+n when fighting against Elves,,general_to_force_own,5,battle,431,true,melee.png,melee.png,,,,,,,,,,,,,,,,,,,,,,,character_skill_level_to_effects_junctions_tables,wh_dlc08_skill_dwf_lord_thorgrim_unique_8|wh_dlc08_effect_force_stat_melee_attack_vs_elves|1|general_to_force_own
node,warhammer_3,8.1.1,24237342,Dwarfs,dwarfs,wh_main_sc_dwf_dwarfs,Thorgrim Grudgebearer,Thorgrim_Grudgebearer,legendary_lord,wh_main_dwf_thorgrim_grudgebearer,general,general,wh3_dlc26_dwf_dwarfs_invasion|wh_main_dwf_dwarfs|wh_main_dwf_dwarfs_qb1|wh_main_dwf_dwarfs_qb2|wh_main_dwf_dwarfs_qb3|wh_main_dwf_dwarfs_qb4,true,false,true,true,false,true,,legendary_lords,wh_main_skill_node_set_dwf_thorgrim,,1,general,false,false,,,,wh_main_skill_node_dwf_thorgrim_unique_05,wh_main_skill_dwf_lord_unique_thorgrim_high_king,High King,,wh_main_lord_passive_high_king.png,4,1,0,0,true,7,1,,,,,,,,,,,,,,,,,,,,,,,,,,,,,,,,,,,,,,,,,character_skill_nodes_tables,wh_main_skill_node_dwf_thorgrim_unique_05
skill_level,warhammer_3,8.1.1,24237342,Dwarfs,dwarfs,wh_main_sc_dwf_dwarfs,Thorgrim Grudgebearer,Thorgrim_Grudgebearer,legendary_lord,wh_main_dwf_thorgrim_grudgebearer,general,general,wh3_dlc26_dwf_dwarfs_invasion|wh_main_dwf_dwarfs|wh_main_dwf_dwarfs_qb1|wh_main_dwf_dwarfs_qb2|wh_main_dwf_dwarfs_qb3|wh_main_dwf_dwarfs_qb4,true,false,true,true,false,true,,legendary_lords,wh_main_skill_node_set_dwf_thorgrim,,1,general,false,false,,,,wh_main_skill_node_dwf_thorgrim_unique_05,wh_main_skill_dwf_lord_unique_thorgrim_high_king,High King,,wh_main_lord_passive_high_king.png,4,1,0,0,true,7,1,1,High King,,7,x,,,,,,,,,,,,,,,,,,,,,,,,,,,,,,,,,,,,character_skill_level_details_tables,wh_main_skill_dwf_lord_unique_thorgrim_high_king|1|||
effect,warhammer_3,8.1.1,24237342,Dwarfs,dwarfs,wh_main_sc_dwf_dwarfs,Thorgrim Grudgebearer,Thorgrim_Grudgebearer,legendary_lord,wh_main_dwf_thorgrim_grudgebearer,general,general,wh3_dlc26_dwf_dwarfs_invasion|wh_main_dwf_dwarfs|wh_main_dwf_dwarfs_qb1|wh_main_dwf_dwarfs_qb2|wh_main_dwf_dwarfs_qb3|wh_main_dwf_dwarfs_qb4,true,false,true,true,false,true,,legendary_lords,wh_main_skill_node_set_dwf_thorgrim,,1,general,false,false,,,,wh_main_skill_node_dwf_thorgrim_unique_05,wh_main_skill_dwf_lord_unique_thorgrim_high_king,High King,,wh_main_lord_passive_high_king.png,4,1,0,0,true,7,1,1,High King,,,,,,,wh_main_effect_ability_enable_high_king,"Passive ability: ""High King""",,character_to_character_own,1,battle,310,true,general_ability.png,general_ability.png,,,,,,,,,,,,,,,,,,,,,,,character_skill_level_to_effects_junctions_tables,wh_main_skill_dwf_lord_unique_thorgrim_high_king|wh_main_effect_ability_enable_high_king|1|character_to_character_own
effect,warhammer_3,8.1.1,24237342,Dwarfs,dwarfs,wh_main_sc_dwf_dwarfs,Thorgrim Grudgebearer,Thorgrim_Grudgebearer,legendary_lord,wh_main_dwf_thorgrim_grudgebearer,general,general,wh3_dlc26_dwf_dwarfs_invasion|wh_main_dwf_dwarfs|wh_main_dwf_dwarfs_qb1|wh_main_dwf_dwarfs_qb2|wh_main_dwf_dwarfs_qb3|wh_main_dwf_dwarfs_qb4,true,false,true,true,false,true,,legendary_lords,wh_main_skill_node_set_dwf_thorgrim,,1,general,false,false,,,,wh_main_skill_node_dwf_thorgrim_unique_05,wh_main_skill_dwf_lord_unique_thorgrim_high_king,High King,,wh_main_lord_passive_high_king.png,4,1,0,0,true,7,1,1,High King,,,,,,,wh3_dlc25_effect_grudge_cycle_army_count,Age of Reckoning Grudge Settler army size: %+n,,character_to_faction_unseen,5,campaign,1,true,army.png,army.png,,,,,,,,,,,,,,,,,,,,,,,character_skill_level_to_effects_junctions_tables,wh_main_skill_dwf_lord_unique_thorgrim_high_king|wh3_dlc25_effect_grudge_cycle_army_count|1|character_to_faction_unseen
effect,warhammer_3,8.1.1,24237342,Dwarfs,dwarfs,wh_main_sc_dwf_dwarfs,Thorgrim Grudgebearer,Thorgrim_Grudgebearer,legendary_lord,wh_main_dwf_thorgrim_grudgebearer,general,general,wh3_dlc26_dwf_dwarfs_invasion|wh_main_dwf_dwarfs|wh_main_dwf_dwarfs_qb1|wh_main_dwf_dwarfs_qb2|wh_main_dwf_dwarfs_qb3|wh_main_dwf_dwarfs_qb4,true,false,true,true,false,true,,legendary_lords,wh_main_skill_node_set_dwf_thorgrim,,1,general,false,false,,,,wh_main_skill_node_dwf_thorgrim_unique_05,wh_main_skill_dwf_lord_unique_thorgrim_high_king,High King,,wh_main_lord_passive_high_king.png,4,1,0,0,true,7,1,1,High King,,,,,,,wh3_main_pooled_resource_underdeeps_skills_thorgrim,High King Decrees: %+n,,character_to_faction_unseen,1,campaign,999,true,underdeep.png,underdeep.png,,,,,,,,,,,,,,,,,,,,,,,character_skill_level_to_effects_junctions_tables,wh_main_skill_dwf_lord_unique_thorgrim_high_king|wh3_main_pooled_resource_underdeeps_skills_thorgrim|1|character_to_faction_unseen
node,warhammer_3,8.1.1,24237342,Dwarfs,dwarfs,wh_main_sc_dwf_dwarfs,Thorgrim Grudgebearer,Thorgrim_Grudgebearer,legendary_lord,wh_main_dwf_thorgrim_grudgebearer,general,general,wh3_dlc26_dwf_dwarfs_invasion|wh_main_dwf_dwarfs|wh_main_dwf_dwarfs_qb1|wh_main_dwf_dwarfs_qb2|wh_main_dwf_dwarfs_qb3|wh_main_dwf_dwarfs_qb4,true,false,true,true,false,true,,legendary_lords,wh_main_skill_node_set_dwf_thorgrim,,1,general,false,false,,,,wh_main_skill_node_dwf_thorgrim_self_05,wh_main_skill_dwf_lord_self_ancestral_grudge,Ancestral Grudge,"All Dwarfs despise the Greenskins, for the urki and grobi are the prime agents in the Times of Woe.",character_damage.png,4,3,0,0,true,0,2,,,,,,,,,,,,,,,,,,,,,,,,,,,,,,,,,,,,,,,,,character_skill_nodes_tables,wh_main_skill_node_dwf_thorgrim_self_05
effect,warhammer_3,8.1.1,24237342,Dwarfs,dwarfs,wh_main_sc_dwf_dwarfs,Thorgrim Grudgebearer,Thorgrim_Grudgebearer,legendary_lord,wh_main_dwf_thorgrim_grudgebearer,general,general,wh3_dlc26_dwf_dwarfs_invasion|wh_main_dwf_dwarfs|wh_main_dwf_dwarfs_qb1|wh_main_dwf_dwarfs_qb2|wh_main_dwf_dwarfs_qb3|wh_main_dwf_dwarfs_qb4,true,false,true,true,false,true,,legendary_lords,wh_main_skill_node_set_dwf_thorgrim,,1,general,false,false,,,,wh_main_skill_node_dwf_thorgrim_self_05,wh_main_skill_dwf_lord_self_ancestral_grudge,Ancestral Grudge,"All Dwarfs despise the Greenskins, for the urki and grobi are the prime agents in the Times of Woe.",character_damage.png,4,3,0,0,true,0,2,1,Ancestral Grudge,"All Dwarfs despise the Greenskins, for the urki and grobi are the prime agents in the Times of Woe.",,,,,,wh_main_effect_character_stat_weapon_strength,Weapon strength: %+n%,,character_to_character_own,5,both,160,true,weapon_damage_character.png,weapon_damage_character.png,,,,,,,,,,,,,,,,,,,,,,,character_skill_level_to_effects_junctions_tables,wh_main_skill_dwf_lord_self_ancestral_grudge|wh_main_effect_character_stat_weapon_strength|1|character_to_character_own
effect,warhammer_3,8.1.1,24237342,Dwarfs,dwarfs,wh_main_sc_dwf_dwarfs,Thorgrim Grudgebearer,Thorgrim_Grudgebearer,legendary_lord,wh_main_dwf_thorgrim_grudgebearer,general,general,wh3_dlc26_dwf_dwarfs_invasion|wh_main_dwf_dwarfs|wh_main_dwf_dwarfs_qb1|wh_main_dwf_dwarfs_qb2|wh_main_dwf_dwarfs_qb3|wh_main_dwf_dwarfs_qb4,true,false,true,true,false,true,,legendary_lords,wh_main_skill_node_set_dwf_thorgrim,,1,general,false,false,,,,wh_main_skill_node_dwf_thorgrim_self_05,wh_main_skill_dwf_lord_self_ancestral_grudge,Ancestral Grudge,"All Dwarfs despise the Greenskins, for the urki and grobi are the prime agents in the Times of Woe.",character_damage.png,4,3,0,0,true,0,2,1,Ancestral Grudge,"All Dwarfs despise the Greenskins, for the urki and grobi are the prime agents in the Times of Woe.",,,,,,wh_main_effect_character_stat_weapon_strength_vs_greenskins,Weapon strength: %+n% when fighting against Greenskins,,character_to_character_own,7,battle,161,true,weapon_damage_character.png,weapon_damage_character.png,,,,,,,,,,,,,,,,,,,,,,,character_skill_level_to_effects_junctions_tables,wh_main_skill_dwf_lord_self_ancestral_grudge|wh_main_effect_character_stat_weapon_strength_vs_greenskins|1|character_to_character_own
effect,warhammer_3,8.1.1,24237342,Dwarfs,dwarfs,wh_main_sc_dwf_dwarfs,Thorgrim Grudgebearer,Thorgrim_Grudgebearer,legendary_lord,wh_main_dwf_thorgrim_grudgebearer,general,general,wh3_dlc26_dwf_dwarfs_invasion|wh_main_dwf_dwarfs|wh_main_dwf_dwarfs_qb1|wh_main_dwf_dwarfs_qb2|wh_main_dwf_dwarfs_qb3|wh_main_dwf_dwarfs_qb4,true,false,true,true,false,true,,legendary_lords,wh_main_skill_node_set_dwf_thorgrim,,1,general,false,false,,,,wh_main_skill_node_dwf_thorgrim_self_05,wh_main_skill_dwf_lord_self_ancestral_grudge,Ancestral Grudge,"All Dwarfs despise the Greenskins, for the urki and grobi are the prime agents in the Times of Woe.",character_damage.png,4,3,0,0,true,0,2,2,Ancestral Grudge,"All Dwarfs despise the Greenskins, for the urki and grobi are the prime agents in the Times of Woe.",,,,,,wh_main_effect_character_stat_weapon_strength,Weapon strength: %+n%,,character_to_character_own,8,both,160,true,weapon_damage_character.png,weapon_damage_character.png,,,,,,,,,,,,,,,,,,,,,,,character_skill_level_to_effects_junctions_tables,wh_main_skill_dwf_lord_self_ancestral_grudge|wh_main_effect_character_stat_weapon_strength|2|character_to_character_own
effect,warhammer_3,8.1.1,24237342,Dwarfs,dwarfs,wh_main_sc_dwf_dwarfs,Thorgrim Grudgebearer,Thorgrim_Grudgebearer,legendary_lord,wh_main_dwf_thorgrim_grudgebearer,general,general,wh3_dlc26_dwf_dwarfs_invasion|wh_main_dwf_dwarfs|wh_main_dwf_dwarfs_qb1|wh_main_dwf_dwarfs_qb2|wh_main_dwf_dwarfs_qb3|wh_main_dwf_dwarfs_qb4,true,false,true,true,false,true,,legendary_lords,wh_main_skill_node_set_dwf_thorgrim,,1,general,false,false,,,,wh_main_skill_node_dwf_thorgrim_self_05,wh_main_skill_dwf_lord_self_ancestral_grudge,Ancestral Grudge,"All Dwarfs despise the Greenskins, for the urki and grobi are the prime agents in the Times of Woe.",character_damage.png,4,3,0,0,true,0,2,2,Ancestral Grudge,"All Dwarfs despise the Greenskins, for the urki and grobi are the prime agents in the Times of Woe.",,,,,,wh_main_effect_character_stat_weapon_strength_vs_greenskins,Weapon strength: %+n% when fighting against Greenskins,,character_to_character_own,15,battle,161,true,weapon_damage_character.png,weapon_damage_character.png,,,,,,,,,,,,,,,,,,,,,,,character_skill_level_to_effects_junctions_tables,wh_main_skill_dwf_lord_self_ancestral_grudge|wh_main_effect_character_stat_weapon_strength_vs_greenskins|2|character_to_character_own
node,warhammer_3,8.1.1,24237342,Dwarfs,dwarfs,wh_main_sc_dwf_dwarfs,Thorgrim Grudgebearer,Thorgrim_Grudgebearer,legendary_lord,wh_main_dwf_thorgrim_grudgebearer,general,general,wh3_dlc26_dwf_dwarfs_invasion|wh_main_dwf_dwarfs|wh_main_dwf_dwarfs_qb1|wh_main_dwf_dwarfs_qb2|wh_main_dwf_dwarfs_qb3|wh_main_dwf_dwarfs_qb4,true,false,true,true,false,true,,legendary_lords,wh_main_skill_node_set_dwf_thorgrim,,1,general,false,false,,,,wh_main_skill_node_dwf_thorgrim_battle_05,wh2_dlc11_skill_dwf_army_buff_fire_and_fury,Fire & Fury,Only Dwarfen forges burn hotter than those unfortunates caught in the blaze of Dawi ingenuity. ,battle_ranged_damage.png,4,4,0,0,true,0,3,,,,,,,,,,,,,,,,,,,,,,,,,,,,,,,,,,,,,,,,,character_skill_nodes_tables,wh_main_skill_node_dwf_thorgrim_battle_05
effect,warhammer_3,8.1.1,24237342,Dwarfs,dwarfs,wh_main_sc_dwf_dwarfs,Thorgrim Grudgebearer,Thorgrim_Grudgebearer,legendary_lord,wh_main_dwf_thorgrim_grudgebearer,general,general,wh3_dlc26_dwf_dwarfs_invasion|wh_main_dwf_dwarfs|wh_main_dwf_dwarfs_qb1|wh_main_dwf_dwarfs_qb2|wh_main_dwf_dwarfs_qb3|wh_main_dwf_dwarfs_qb4,true,false,true,true,false,true,,legendary_lords,wh_main_skill_node_set_dwf_thorgrim,,1,general,false,false,,,,wh_main_skill_node_dwf_thorgrim_battle_05,wh2_dlc11_skill_dwf_army_buff_fire_and_fury,Fire & Fury,Only Dwarfen forges burn hotter than those unfortunates caught in the blaze of Dawi ingenuity. ,battle_ranged_damage.png,4,4,0,0,true,0,3,1,Fire & Fury,Only Dwarfen forges burn hotter than those unfortunates caught in the blaze of Dawi ingenuity. ,,,,,,wh2_dlc11_effect_force_stat_missile_damage_dwf_irondrakes_flame_cannon,Missile strength: %+n% for Irondrakes and Flame Cannon units,,general_to_force_own,4,battle,541,true,ranged_damage.png,ranged_damage.png,,,,,,,,,,,,,,,,,,,,,,,character_skill_level_to_effects_junctions_tables,wh2_dlc11_skill_dwf_army_buff_fire_and_fury|wh2_dlc11_effect_force_stat_missile_damage_dwf_irondrakes_flame_cannon|1|general_to_force_own
effect,warhammer_3,8.1.1,24237342,Dwarfs,dwarfs,wh_main_sc_dwf_dwarfs,Thorgrim Grudgebearer,Thorgrim_Grudgebearer,legendary_lord,wh_main_dwf_thorgrim_grudgebearer,general,general,wh3_dlc26_dwf_dwarfs_invasion|wh_main_dwf_dwarfs|wh_main_dwf_dwarfs_qb1|wh_main_dwf_dwarfs_qb2|wh_main_dwf_dwarfs_qb3|wh_main_dwf_dwarfs_qb4,true,false,true,true,false,true,,legendary_lords,wh_main_skill_node_set_dwf_thorgrim,,1,general,false,false,,,,wh_main_skill_node_dwf_thorgrim_battle_05,wh2_dlc11_skill_dwf_army_buff_fire_and_fury,Fire & Fury,Only Dwarfen forges burn hotter than those unfortunates caught in the blaze of Dawi ingenuity. ,battle_ranged_damage.png,4,4,0,0,true,0,3,2,Fire & Fury,Only Dwarfen forges burn hotter than those unfortunates caught in the blaze of Dawi ingenuity. ,,,,,,wh2_dlc11_effect_force_stat_missile_damage_dwf_irondrakes_flame_cannon,Missile strength: %+n% for Irondrakes and Flame Cannon units,,general_to_force_own,6,battle,541,true,ranged_damage.png,ranged_damage.png,,,,,,,,,,,,,,,,,,,,,,,character_skill_level_to_effects_junctions_tables,wh2_dlc11_skill_dwf_army_buff_fire_and_fury|wh2_dlc11_effect_force_stat_missile_damage_dwf_irondrakes_flame_cannon|2|general_to_force_own
effect,warhammer_3,8.1.1,24237342,Dwarfs,dwarfs,wh_main_sc_dwf_dwarfs,Thorgrim Grudgebearer,Thorgrim_Grudgebearer,legendary_lord,wh_main_dwf_thorgrim_grudgebearer,general,general,wh3_dlc26_dwf_dwarfs_invasion|wh_main_dwf_dwarfs|wh_main_dwf_dwarfs_qb1|wh_main_dwf_dwarfs_qb2|wh_main_dwf_dwarfs_qb3|wh_main_dwf_dwarfs_qb4,true,false,true,true,false,true,,legendary_lords,wh_main_skill_node_set_dwf_thorgrim,,1,general,false,false,,,,wh_main_skill_node_dwf_thorgrim_battle_05,wh2_dlc11_skill_dwf_army_buff_fire_and_fury,Fire & Fury,Only Dwarfen forges burn hotter than those unfortunates caught in the blaze of Dawi ingenuity. ,battle_ranged_damage.png,4,4,0,0,true,0,3,2,Fire & Fury,Only Dwarfen forges burn hotter than those unfortunates caught in the blaze of Dawi ingenuity. ,,,,,,wh2_dlc11_effect_force_stat_reload_time_reduction_dwf_irondrakes_flame_cannon,Reload time reduction: %+n% for Irondrakes and Flame Cannon units,,general_to_force_own,4,battle,561,true,icon_stat_reload_time_force.png,icon_stat_reload_time_force.png,,,,,,,,,,,,,,,,,,,,,,,character_skill_level_to_effects_junctions_tables,wh2_dlc11_skill_dwf_army_buff_fire_and_fury|wh2_dlc11_effect_force_stat_reload_time_reduction_dwf_irondrakes_flame_cannon|2|general_to_force_own
effect,warhammer_3,8.1.1,24237342,Dwarfs,dwarfs,wh_main_sc_dwf_dwarfs,Thorgrim Grudgebearer,Thorgrim_Grudgebearer,legendary_lord,wh_main_dwf_thorgrim_grudgebearer,general,general,wh3_dlc26_dwf_dwarfs_invasion|wh_main_dwf_dwarfs|wh_main_dwf_dwarfs_qb1|wh_main_dwf_dwarfs_qb2|wh_main_dwf_dwarfs_qb3|wh_main_dwf_dwarfs_qb4,true,false,true,true,false,true,,legendary_lords,wh_main_skill_node_set_dwf_thorgrim,,1,general,false,false,,,,wh_main_skill_node_dwf_thorgrim_battle_05,wh2_dlc11_skill_dwf_army_buff_fire_and_fury,Fire & Fury,Only Dwarfen forges burn hotter than those unfortunates caught in the blaze of Dawi ingenuity. ,battle_ranged_damage.png,4,4,0,0,true,0,3,3,Fire & Fury,Only Dwarfen forges burn hotter than those unfortunates caught in the blaze of Dawi ingenuity. ,,,,,,wh2_dlc11_effect_force_stat_missile_damage_dwf_irondrakes_flame_cannon,Missile strength: %+n% for Irondrakes and Flame Cannon units,,general_to_force_own,8,battle,541,true,ranged_damage.png,ranged_damage.png,,,,,,,,,,,,,,,,,,,,,,,character_skill_level_to_effects_junctions_tables,wh2_dlc11_skill_dwf_army_buff_fire_and_fury|wh2_dlc11_effect_force_stat_missile_damage_dwf_irondrakes_flame_cannon|3|general_to_force_own
effect,warhammer_3,8.1.1,24237342,Dwarfs,dwarfs,wh_main_sc_dwf_dwarfs,Thorgrim Grudgebearer,Thorgrim_Grudgebearer,legendary_lord,wh_main_dwf_thorgrim_grudgebearer,general,general,wh3_dlc26_dwf_dwarfs_invasion|wh_main_dwf_dwarfs|wh_main_dwf_dwarfs_qb1|wh_main_dwf_dwarfs_qb2|wh_main_dwf_dwarfs_qb3|wh_main_dwf_dwarfs_qb4,true,false,true,true,false,true,,legendary_lords,wh_main_skill_node_set_dwf_thorgrim,,1,general,false,false,,,,wh_main_skill_node_dwf_thorgrim_battle_05,wh2_dlc11_skill_dwf_army_buff_fire_and_fury,Fire & Fury,Only Dwarfen forges burn hotter than those unfortunates caught in the blaze of Dawi ingenuity. ,battle_ranged_damage.png,4,4,0,0,true,0,3,3,Fire & Fury,Only Dwarfen forges burn hotter than those unfortunates caught in the blaze of Dawi ingenuity. ,,,,,,wh2_dlc11_effect_force_stat_reload_time_reduction_dwf_irondrakes_flame_cannon,Reload time reduction: %+n% for Irondrakes and Flame Cannon units,,general_to_force_own,8,battle,561,true,icon_stat_reload_time_force.png,icon_stat_reload_time_force.png,,,,,,,,,,,,,,,,,,,,,,,character_skill_level_to_effects_junctions_tables,wh2_dlc11_skill_dwf_army_buff_fire_and_fury|wh2_dlc11_effect_force_stat_reload_time_reduction_dwf_irondrakes_flame_cannon|3|general_to_force_own
node,warhammer_3,8.1.1,24237342,Dwarfs,dwarfs,wh_main_sc_dwf_dwarfs,Thorgrim Grudgebearer,Thorgrim_Grudgebearer,legendary_lord,wh_main_dwf_thorgrim_grudgebearer,general,general,wh3_dlc26_dwf_dwarfs_invasion|wh_main_dwf_dwarfs|wh_main_dwf_dwarfs_qb1|wh_main_dwf_dwarfs_qb2|wh_main_dwf_dwarfs_qb3|wh_main_dwf_dwarfs_qb4,true,false,true,true,false,true,,legendary_lords,wh_main_skill_node_set_dwf_thorgrim,,1,general,false,false,,,,wh_main_skill_node_dwf_thorgrim_campaign_05,wh_main_skill_dwf_lord_campaign_mason,Mason,Lords close to the powerful Masons' Guild will get discounts for labour and materials.,campaign_military_spending.png,4,5,0,0,true,0,3,,,,,,,,,,,,,,,,,,,,,,,,,,,,,,,,,,,,,,,,,character_skill_nodes_tables,wh_main_skill_node_dwf_thorgrim_campaign_05
effect,warhammer_3,8.1.1,24237342,Dwarfs,dwarfs,wh_main_sc_dwf_dwarfs,Thorgrim Grudgebearer,Thorgrim_Grudgebearer,legendary_lord,wh_main_dwf_thorgrim_grudgebearer,general,general,wh3_dlc26_dwf_dwarfs_invasion|wh_main_dwf_dwarfs|wh_main_dwf_dwarfs_qb1|wh_main_dwf_dwarfs_qb2|wh_main_dwf_dwarfs_qb3|wh_main_dwf_dwarfs_qb4,true,false,true,true,false,true,,legendary_lords,wh_main_skill_node_set_dwf_thorgrim,,1,general,false,false,,,,wh_main_skill_node_dwf_thorgrim_campaign_05,wh_main_skill_dwf_lord_campaign_mason,Mason,Lords close to the powerful Masons' Guild will get discounts for labour and materials.,campaign_military_spending.png,4,5,0,0,true,0,3,1,Mason,Lords close to the powerful Masons' Guild will get discounts for labour and materials.,,,,,,wh_main_effect_building_construction_cost_mod_settlement,Construction cost: %+n% for Province Capital/Settlement buildings,,character_to_region_own,-2,campaign,101,false,treasury.png,treasury.png,,,,,,,,,,,,,,,,,,,,,,,character_skill_level_to_effects_junctions_tables,wh_main_skill_dwf_lord_campaign_mason|wh_main_effect_building_construction_cost_mod_settlement|1|character_to_region_own
effect,warhammer_3,8.1.1,24237342,Dwarfs,dwarfs,wh_main_sc_dwf_dwarfs,Thorgrim Grudgebearer,Thorgrim_Grudgebearer,legendary_lord,wh_main_dwf_thorgrim_grudgebearer,general,general,wh3_dlc26_dwf_dwarfs_invasion|wh_main_dwf_dwarfs|wh_main_dwf_dwarfs_qb1|wh_main_dwf_dwarfs_qb2|wh_main_dwf_dwarfs_qb3|wh_main_dwf_dwarfs_qb4,true,false,true,true,false,true,,legendary_lords,wh_main_skill_node_set_dwf_thorgrim,,1,general,false,false,,,,wh_main_skill_node_dwf_thorgrim_campaign_05,wh_main_skill_dwf_lord_campaign_mason,Mason,Lords close to the powerful Masons' Guild will get discounts for labour and materials.,campaign_military_spending.png,4,5,0,0,true,0,3,2,Mason,Lords close to the powerful Masons' Guild will get discounts for labour and materials.,,,,,,wh_main_effect_building_construction_cost_mod_settlement,Construction cost: %+n% for Province Capital/Settlement buildings,,character_to_region_own,-5,campaign,101,false,treasury.png,treasury.png,,,,,,,,,,,,,,,,,,,,,,,character_skill_level_to_effects_junctions_tables,wh_main_skill_dwf_lord_campaign_mason|wh_main_effect_building_construction_cost_mod_settlement|2|character_to_region_own
effect,warhammer_3,8.1.1,24237342,Dwarfs,dwarfs,wh_main_sc_dwf_dwarfs,Thorgrim Grudgebearer,Thorgrim_Grudgebearer,legendary_lord,wh_main_dwf_thorgrim_grudgebearer,general,general,wh3_dlc26_dwf_dwarfs_invasion|wh_main_dwf_dwarfs|wh_main_dwf_dwarfs_qb1|wh_main_dwf_dwarfs_qb2|wh_main_dwf_dwarfs_qb3|wh_main_dwf_dwarfs_qb4,true,false,true,true,false,true,,legendary_lords,wh_main_skill_node_set_dwf_thorgrim,,1,general,false,false,,,,wh_main_skill_node_dwf_thorgrim_campaign_05,wh_main_skill_dwf_lord_campaign_mason,Mason,Lords close to the powerful Masons' Guild will get discounts for labour and materials.,campaign_military_spending.png,4,5,0,0,true,0,3,3,Mason,Lords close to the powerful Masons' Guild will get discounts for labour and materials.,,,,,,wh_main_effect_building_construction_cost_mod_settlement,Construction cost: %+n% for Province Capital/Settlement buildings,,character_to_region_own,-9,campaign,101,false,treasury.png,treasury.png,,,,,,,,,,,,,,,,,,,,,,,character_skill_level_to_effects_junctions_tables,wh_main_skill_dwf_lord_campaign_mason|wh_main_effect_building_construction_cost_mod_settlement|3|character_to_region_own
node,warhammer_3,8.1.1,24237342,Dwarfs,dwarfs,wh_main_sc_dwf_dwarfs,Thorgrim Grudgebearer,Thorgrim_Grudgebearer,legendary_lord,wh_main_dwf_thorgrim_grudgebearer,general,general,wh3_dlc26_dwf_dwarfs_invasion|wh_main_dwf_dwarfs|wh_main_dwf_dwarfs_qb1|wh_main_dwf_dwarfs_qb2|wh_main_dwf_dwarfs_qb3|wh_main_dwf_dwarfs_qb4,true,false,true,true,false,true,,legendary_lords,wh_main_skill_node_set_dwf_thorgrim,,1,general,false,false,,,,wh_dlc08_skill_dwf_lord_thorgrim_unique_6,wh_dlc08_skill_dwf_lord_thorgrim_unique_6,Grudge Against Mankind,So ungrateful - after all we've done for them! Time to teach the umgi a lesson they won't forget!,icon_stat_morale_vs_human.png,5,0,0,0,true,0,1,,,,,,,,,,,,,,,,,,,,,,,,,,,,,,,,,,,,,,,,,character_skill_nodes_tables,wh_dlc08_skill_dwf_lord_thorgrim_unique_6
effect,warhammer_3,8.1.1,24237342,Dwarfs,dwarfs,wh_main_sc_dwf_dwarfs,Thorgrim Grudgebearer,Thorgrim_Grudgebearer,legendary_lord,wh_main_dwf_thorgrim_grudgebearer,general,general,wh3_dlc26_dwf_dwarfs_invasion|wh_main_dwf_dwarfs|wh_main_dwf_dwarfs_qb1|wh_main_dwf_dwarfs_qb2|wh_main_dwf_dwarfs_qb3|wh_main_dwf_dwarfs_qb4,true,false,true,true,false,true,,legendary_lords,wh_main_skill_node_set_dwf_thorgrim,,1,general,false,false,,,,wh_dlc08_skill_dwf_lord_thorgrim_unique_6,wh_dlc08_skill_dwf_lord_thorgrim_unique_6,Grudge Against Mankind,So ungrateful - after all we've done for them! Time to teach the umgi a lesson they won't forget!,icon_stat_morale_vs_human.png,5,0,0,0,true,0,1,1,Grudge Against Mankind,So ungrateful - after all we've done for them! Time to teach the umgi a lesson they won't forget!,,,,,,wh_main_effect_force_stat_leadership_vs_men,Leadership: %+n when fighting against Humans,,general_to_force_own,4,battle,411,true,morale.png,morale.png,,,,,,,,,,,,,,,,,,,,,,,character_skill_level_to_effects_junctions_tables,wh_dlc08_skill_dwf_lord_thorgrim_unique_6|wh_main_effect_force_stat_leadership_vs_men|1|general_to_force_own
effect,warhammer_3,8.1.1,24237342,Dwarfs,dwarfs,wh_main_sc_dwf_dwarfs,Thorgrim Grudgebearer,Thorgrim_Grudgebearer,legendary_lord,wh_main_dwf_thorgrim_grudgebearer,general,general,wh3_dlc26_dwf_dwarfs_invasion|wh_main_dwf_dwarfs|wh_main_dwf_dwarfs_qb1|wh_main_dwf_dwarfs_qb2|wh_main_dwf_dwarfs_qb3|wh_main_dwf_dwarfs_qb4,true,false,true,true,false,true,,legendary_lords,wh_main_skill_node_set_dwf_thorgrim,,1,general,false,false,,,,wh_dlc08_skill_dwf_lord_thorgrim_unique_6,wh_dlc08_skill_dwf_lord_thorgrim_unique_6,Grudge Against Mankind,So ungrateful - after all we've done for them! Time to teach the umgi a lesson they won't forget!,icon_stat_morale_vs_human.png,5,0,0,0,true,0,1,1,Grudge Against Mankind,So ungrateful - after all we've done for them! Time to teach the umgi a lesson they won't forget!,,,,,,wh2_main_effect_force_stat_melee_attack_vs_human,Melee attack: %+n when fighting against Humans,,general_to_force_own,5,battle,431,true,melee.png,melee.png,,,,,,,,,,,,,,,,,,,,,,,character_skill_level_to_effects_junctions_tables,wh_dlc08_skill_dwf_lord_thorgrim_unique_6|wh2_main_effect_force_stat_melee_attack_vs_human|1|general_to_force_own
node,warhammer_3,8.1.1,24237342,Dwarfs,dwarfs,wh_main_sc_dwf_dwarfs,Thorgrim Grudgebearer,Thorgrim_Grudgebearer,legendary_lord,wh_main_dwf_thorgrim_grudgebearer,general,general,wh3_dlc26_dwf_dwarfs_invasion|wh_main_dwf_dwarfs|wh_main_dwf_dwarfs_qb1|wh_main_dwf_dwarfs_qb2|wh_main_dwf_dwarfs_qb3|wh_main_dwf_dwarfs_qb4,true,false,true,true,false,true,,legendary_lords,wh_main_skill_node_set_dwf_thorgrim,,1,general,false,false,,,,wh3_dlc25_skill_dwf_lord_thorgrim_unique_5,wh3_dlc25_skill_dwf_unique_thorgrim_unique_5,Right the Wrongs,Long has the High King yearned to avenge the wrongs done to his people by striking clean the entire ledger of the Great Book of Grudges!,character_movement.png,5,1,0,2,true,0,1,,,,,,,,,,,,,,,,,,,,,,,,,,,,,,,,,,,,,,,,,character_skill_nodes_tables,wh3_dlc25_skill_dwf_lord_thorgrim_unique_5
effect,warhammer_3,8.1.1,24237342,Dwarfs,dwarfs,wh_main_sc_dwf_dwarfs,Thorgrim Grudgebearer,Thorgrim_Grudgebearer,legendary_lord,wh_main_dwf_thorgrim_grudgebearer,general,general,wh3_dlc26_dwf_dwarfs_invasion|wh_main_dwf_dwarfs|wh_main_dwf_dwarfs_qb1|wh_main_dwf_dwarfs_qb2|wh_main_dwf_dwarfs_qb3|wh_main_dwf_dwarfs_qb4,true,false,true,true,false,true,,legendary_lords,wh_main_skill_node_set_dwf_thorgrim,,1,general,false,false,,,,wh3_dlc25_skill_dwf_lord_thorgrim_unique_5,wh3_dlc25_skill_dwf_unique_thorgrim_unique_5,Right the Wrongs,Long has the High King yearned to avenge the wrongs done to his people by striking clean the entire ledger of the Great Book of Grudges!,character_movement.png,5,1,0,2,true,0,1,1,Right the Wrongs,Long has the High King yearned to avenge the wrongs done to his people by striking clean the entire ledger of the Great Book of Grudges!,,,,,,wh3_dlc25_effect_dwf_perfect_vigour_grudges_scripted,Attribute: Perfect Vigour when fighting against enemies with 1000+ Grudges,,character_to_force_own_alt_text,1,both,320,true,attribute_fatigue_immune.png,attribute_fatigue_immune.png,,,,,,,,,,,,,,,,,,,,,,,character_skill_level_to_effects_junctions_tables,wh3_dlc25_skill_dwf_unique_thorgrim_unique_5|wh3_dlc25_effect_dwf_perfect_vigour_grudges_scripted|1|character_to_force_own_alt_text
effect,warhammer_3,8.1.1,24237342,Dwarfs,dwarfs,wh_main_sc_dwf_dwarfs,Thorgrim Grudgebearer,Thorgrim_Grudgebearer,legendary_lord,wh_main_dwf_thorgrim_grudgebearer,general,general,wh3_dlc26_dwf_dwarfs_invasion|wh_main_dwf_dwarfs|wh_main_dwf_dwarfs_qb1|wh_main_dwf_dwarfs_qb2|wh_main_dwf_dwarfs_qb3|wh_main_dwf_dwarfs_qb4,true,false,true,true,false,true,,legendary_lords,wh_main_skill_node_set_dwf_thorgrim,,1,general,false,false,,,,wh3_dlc25_skill_dwf_lord_thorgrim_unique_5,wh3_dlc25_skill_dwf_unique_thorgrim_unique_5,Right the Wrongs,Long has the High King yearned to avenge the wrongs done to his people by striking clean the entire ledger of the Great Book of Grudges!,character_movement.png,5,1,0,2,true,0,1,1,Right the Wrongs,Long has the High King yearned to avenge the wrongs done to his people by striking clean the entire ledger of the Great Book of Grudges!,,,,,,wh3_dlc25_effect_dwf_unbreakable_grudges_scripted,Attribute: Unbreakable when fighting against enemies with 1000+ Grudges,,character_to_force_own_alt_text,1,battle,310,true,attribute_unbreakable.png,attribute_unbreakable.png,,,,,,,,,,,,,,,,,,,,,,,character_skill_level_to_effects_junctions_tables,wh3_dlc25_skill_dwf_unique_thorgrim_unique_5|wh3_dlc25_effect_dwf_unbreakable_grudges_scripted|1|character_to_force_own_alt_text
effect,warhammer_3,8.1.1,24237342,Dwarfs,dwarfs,wh_main_sc_dwf_dwarfs,Thorgrim Grudgebearer,Thorgrim_Grudgebearer,legendary_lord,wh_main_dwf_thorgrim_grudgebearer,general,general,wh3_dlc26_dwf_dwarfs_invasion|wh_main_dwf_dwarfs|wh_main_dwf_dwarfs_qb1|wh_main_dwf_dwarfs_qb2|wh_main_dwf_dwarfs_qb3|wh_main_dwf_dwarfs_qb4,true,false,true,true,false,true,,legendary_lords,wh_main_skill_node_set_dwf_thorgrim,,1,general,false,false,,,,wh3_dlc25_skill_dwf_lord_thorgrim_unique_5,wh3_dlc25_skill_dwf_unique_thorgrim_unique_5,Right the Wrongs,Long has the High King yearned to avenge the wrongs done to his people by striking clean the entire ledger of the Great Book of Grudges!,character_movement.png,5,1,0,2,true,0,1,1,Right the Wrongs,Long has the High King yearned to avenge the wrongs done to his people by striking clean the entire ledger of the Great Book of Grudges!,,,,,,wh3_main_effect_force_all_campaign_movement_range_post_battle_win,Replenishes %n% campaign movement range after winning a battle,,character_to_character_own,20,campaign,13,true,campaign_movement.png,campaign_movement.png,,,,,,,,,,,,,,,,,,,,,,,character_skill_level_to_effects_junctions_tables,wh3_dlc25_skill_dwf_unique_thorgrim_unique_5|wh3_main_effect_force_all_campaign_movement_range_post_battle_win|1|character_to_character_own
effect,warhammer_3,8.1.1,24237342,Dwarfs,dwarfs,wh_main_sc_dwf_dwarfs,Thorgrim Grudgebearer,Thorgrim_Grudgebearer,legendary_lord,wh_main_dwf_thorgrim_grudgebearer,general,general,wh3_dlc26_dwf_dwarfs_invasion|wh_main_dwf_dwarfs|wh_main_dwf_dwarfs_qb1|wh_main_dwf_dwarfs_qb2|wh_main_dwf_dwarfs_qb3|wh_main_dwf_dwarfs_qb4,true,false,true,true,false,true,,legendary_lords,wh_main_skill_node_set_dwf_thorgrim,,1,general,false,false,,,,wh3_dlc25_skill_dwf_lord_thorgrim_unique_5,wh3_dlc25_skill_dwf_unique_thorgrim_unique_5,Right the Wrongs,Long has the High King yearned to avenge the wrongs done to his people by striking clean the entire ledger of the Great Book of Grudges!,character_movement.png,5,1,0,2,true,0,1,1,Right the Wrongs,Long has the High King yearned to avenge the wrongs done to his people by striking clean the entire ledger of the Great Book of Grudges!,,,,,,wh3_main_pooled_resource_underdeeps_skills_thorgrim,High King Decrees: %+n,,character_to_faction_unseen,1,campaign,999,true,underdeep.png,underdeep.png,,,,,,,,,,,,,,,,,,,,,,,character_skill_level_to_effects_junctions_tables,wh3_dlc25_skill_dwf_unique_thorgrim_unique_5|wh3_main_pooled_resource_underdeeps_skills_thorgrim|1|character_to_faction_unseen
node,warhammer_3,8.1.1,24237342,Dwarfs,dwarfs,wh_main_sc_dwf_dwarfs,Thorgrim Grudgebearer,Thorgrim_Grudgebearer,legendary_lord,wh_main_dwf_thorgrim_grudgebearer,general,general,wh3_dlc26_dwf_dwarfs_invasion|wh_main_dwf_dwarfs|wh_main_dwf_dwarfs_qb1|wh_main_dwf_dwarfs_qb2|wh_main_dwf_dwarfs_qb3|wh_main_dwf_dwarfs_qb4,true,false,true,true,false,true,,legendary_lords,wh_main_skill_node_set_dwf_thorgrim,,1,general,false,false,,,,wh_main_skill_node_dwf_thorgrim_self_06,wh_main_skill_all_all_self_foe-seeker,Foe-Seeker," From one bloodied, lifeless corpse to the next, this one is always looking for the next adversary to best.",wh_main_character_abilities_foe_seeker.png,5,3,0,4,true,0,1,,,,,,,,,,,,,,,,,,,,,,,,,,,,,,,,,,,,,,,,,character_skill_nodes_tables,wh_main_skill_node_dwf_thorgrim_self_06
effect,warhammer_3,8.1.1,24237342,Dwarfs,dwarfs,wh_main_sc_dwf_dwarfs,Thorgrim Grudgebearer,Thorgrim_Grudgebearer,legendary_lord,wh_main_dwf_thorgrim_grudgebearer,general,general,wh3_dlc26_dwf_dwarfs_invasion|wh_main_dwf_dwarfs|wh_main_dwf_dwarfs_qb1|wh_main_dwf_dwarfs_qb2|wh_main_dwf_dwarfs_qb3|wh_main_dwf_dwarfs_qb4,true,false,true,true,false,true,,legendary_lords,wh_main_skill_node_set_dwf_thorgrim,,1,general,false,false,,,,wh_main_skill_node_dwf_thorgrim_self_06,wh_main_skill_all_all_self_foe-seeker,Foe-Seeker," From one bloodied, lifeless corpse to the next, this one is always looking for the next adversary to best.",wh_main_character_abilities_foe_seeker.png,5,3,0,4,true,0,1,1,Foe-Seeker," From one bloodied, lifeless corpse to the next, this one is always looking for the next adversary to best.",,,,,,wh_main_effect_ability_enable_foe-seeker,"Ability: ""Foe-Seeker""",,character_to_character_own,1,battle,300,true,general_ability.png,general_ability.png,,,,,,,,,,,,,,,,,,,,,,,character_skill_level_to_effects_junctions_tables,wh_main_skill_all_all_self_foe-seeker|wh_main_effect_ability_enable_foe-seeker|1|character_to_character_own
node,warhammer_3,8.1.1,24237342,Dwarfs,dwarfs,wh_main_sc_dwf_dwarfs,Thorgrim Grudgebearer,Thorgrim_Grudgebearer,legendary_lord,wh_main_dwf_thorgrim_grudgebearer,general,general,wh3_dlc26_dwf_dwarfs_invasion|wh_main_dwf_dwarfs|wh_main_dwf_dwarfs_qb1|wh_main_dwf_dwarfs_qb2|wh_main_dwf_dwarfs_qb3|wh_main_dwf_dwarfs_qb4,true,false,true,true,false,true,,legendary_lords,wh_main_skill_node_set_dwf_thorgrim,,1,general,false,false,,,,wh_main_skill_node_dwf_thorgrim_battle_06,wh2_dlc11_skill_dwf_army_buff_grimnirs_heirs,Grimnir's Heirs,"Full of grim determination, when Dwarfs join battle there is no retreat, only victory or death.",battle_attack.png,5,4,0,0,true,0,3,,,,,,,,,,,,,,,,,,,,,,,,,,,,,,,,,,,,,,,,,character_skill_nodes_tables,wh_main_skill_node_dwf_thorgrim_battle_06
effect,warhammer_3,8.1.1,24237342,Dwarfs,dwarfs,wh_main_sc_dwf_dwarfs,Thorgrim Grudgebearer,Thorgrim_Grudgebearer,legendary_lord,wh_main_dwf_thorgrim_grudgebearer,general,general,wh3_dlc26_dwf_dwarfs_invasion|wh_main_dwf_dwarfs|wh_main_dwf_dwarfs_qb1|wh_main_dwf_dwarfs_qb2|wh_main_dwf_dwarfs_qb3|wh_main_dwf_dwarfs_qb4,true,false,true,true,false,true,,legendary_lords,wh_main_skill_node_set_dwf_thorgrim,,1,general,false,false,,,,wh_main_skill_node_dwf_thorgrim_battle_06,wh2_dlc11_skill_dwf_army_buff_grimnirs_heirs,Grimnir's Heirs,"Full of grim determination, when Dwarfs join battle there is no retreat, only victory or death.",battle_attack.png,5,4,0,0,true,0,3,1,Grimnir's Heirs,"Full of grim determination, when Dwarfs join battle there is no retreat, only victory or death.",,,,,,wh2_dlc11_effect_force_stat_melee_attack_slayers_hammerers_ironbreakers,"Melee attack: %+n for Slayers, Doomseekers, Giant Slayers, Slayer Pirates, Hammerers and Ironbreakers units",,general_to_force_own,4,battle,431,true,melee.png,melee.png,,,,,,,,,,,,,,,,,,,,,,,character_skill_level_to_effects_junctions_tables,wh2_dlc11_skill_dwf_army_buff_grimnirs_heirs|wh2_dlc11_effect_force_stat_melee_attack_slayers_hammerers_ironbreakers|1|general_to_force_own
effect,warhammer_3,8.1.1,24237342,Dwarfs,dwarfs,wh_main_sc_dwf_dwarfs,Thorgrim Grudgebearer,Thorgrim_Grudgebearer,legendary_lord,wh_main_dwf_thorgrim_grudgebearer,general,general,wh3_dlc26_dwf_dwarfs_invasion|wh_main_dwf_dwarfs|wh_main_dwf_dwarfs_qb1|wh_main_dwf_dwarfs_qb2|wh_main_dwf_dwarfs_qb3|wh_main_dwf_dwarfs_qb4,true,false,true,true,false,true,,legendary_lords,wh_main_skill_node_set_dwf_thorgrim,,1,general,false,false,,,,wh_main_skill_node_dwf_thorgrim_battle_06,wh2_dlc11_skill_dwf_army_buff_grimnirs_heirs,Grimnir's Heirs,"Full of grim determination, when Dwarfs join battle there is no retreat, only victory or death.",battle_attack.png,5,4,0,0,true,0,3,2,Grimnir's Heirs,"Full of grim determination, when Dwarfs join battle there is no retreat, only victory or death.",,,,,,wh2_dlc11_effect_force_stat_melee_attack_slayers_hammerers_ironbreakers,"Melee attack: %+n for Slayers, Doomseekers, Giant Slayers, Slayer Pirates, Hammerers and Ironbreakers units",,general_to_force_own,4,battle,431,true,melee.png,melee.png,,,,,,,,,,,,,,,,,,,,,,,character_skill_level_to_effects_junctions_tables,wh2_dlc11_skill_dwf_army_buff_grimnirs_heirs|wh2_dlc11_effect_force_stat_melee_attack_slayers_hammerers_ironbreakers|2|general_to_force_own
effect,warhammer_3,8.1.1,24237342,Dwarfs,dwarfs,wh_main_sc_dwf_dwarfs,Thorgrim Grudgebearer,Thorgrim_Grudgebearer,legendary_lord,wh_main_dwf_thorgrim_grudgebearer,general,general,wh3_dlc26_dwf_dwarfs_invasion|wh_main_dwf_dwarfs|wh_main_dwf_dwarfs_qb1|wh_main_dwf_dwarfs_qb2|wh_main_dwf_dwarfs_qb3|wh_main_dwf_dwarfs_qb4,true,false,true,true,false,true,,legendary_lords,wh_main_skill_node_set_dwf_thorgrim,,1,general,false,false,,,,wh_main_skill_node_dwf_thorgrim_battle_06,wh2_dlc11_skill_dwf_army_buff_grimnirs_heirs,Grimnir's Heirs,"Full of grim determination, when Dwarfs join battle there is no retreat, only victory or death.",battle_attack.png,5,4,0,0,true,0,3,2,Grimnir's Heirs,"Full of grim determination, when Dwarfs join battle there is no retreat, only victory or death.",,,,,,wh2_dlc11_effect_force_stat_weapon_strength_dwf_slayers_hammerers_ironbreakers,"Weapon strength: %+n% for Slayers, Giant Slayers, Doomseekers, Slayer Pirates, Hammerers and Ironbreakers units",,general_to_force_own,6,battle,461,true,weapon_damage.png,weapon_damage.png,,,,,,,,,,,,,,,,,,,,,,,character_skill_level_to_effects_junctions_tables,wh2_dlc11_skill_dwf_army_buff_grimnirs_heirs|wh2_dlc11_effect_force_stat_weapon_strength_dwf_slayers_hammerers_ironbreakers|2|general_to_force_own
effect,warhammer_3,8.1.1,24237342,Dwarfs,dwarfs,wh_main_sc_dwf_dwarfs,Thorgrim Grudgebearer,Thorgrim_Grudgebearer,legendary_lord,wh_main_dwf_thorgrim_grudgebearer,general,general,wh3_dlc26_dwf_dwarfs_invasion|wh_main_dwf_dwarfs|wh_main_dwf_dwarfs_qb1|wh_main_dwf_dwarfs_qb2|wh_main_dwf_dwarfs_qb3|wh_main_dwf_dwarfs_qb4,true,false,true,true,false,true,,legendary_lords,wh_main_skill_node_set_dwf_thorgrim,,1,general,false,false,,,,wh_main_skill_node_dwf_thorgrim_battle_06,wh2_dlc11_skill_dwf_army_buff_grimnirs_heirs,Grimnir's Heirs,"Full of grim determination, when Dwarfs join battle there is no retreat, only victory or death.",battle_attack.png,5,4,0,0,true,0,3,3,Grimnir's Heirs,"Full of grim determination, when Dwarfs join battle there is no retreat, only victory or death.",,,,,,wh2_dlc11_effect_force_stat_melee_attack_slayers_hammerers_ironbreakers,"Melee attack: %+n for Slayers, Doomseekers, Giant Slayers, Slayer Pirates, Hammerers and Ironbreakers units",,general_to_force_own,6,battle,431,true,melee.png,melee.png,,,,,,,,,,,,,,,,,,,,,,,character_skill_level_to_effects_junctions_tables,wh2_dlc11_skill_dwf_army_buff_grimnirs_heirs|wh2_dlc11_effect_force_stat_melee_attack_slayers_hammerers_ironbreakers|3|general_to_force_own
effect,warhammer_3,8.1.1,24237342,Dwarfs,dwarfs,wh_main_sc_dwf_dwarfs,Thorgrim Grudgebearer,Thorgrim_Grudgebearer,legendary_lord,wh_main_dwf_thorgrim_grudgebearer,general,general,wh3_dlc26_dwf_dwarfs_invasion|wh_main_dwf_dwarfs|wh_main_dwf_dwarfs_qb1|wh_main_dwf_dwarfs_qb2|wh_main_dwf_dwarfs_qb3|wh_main_dwf_dwarfs_qb4,true,false,true,true,false,true,,legendary_lords,wh_main_skill_node_set_dwf_thorgrim,,1,general,false,false,,,,wh_main_skill_node_dwf_thorgrim_battle_06,wh2_dlc11_skill_dwf_army_buff_grimnirs_heirs,Grimnir's Heirs,"Full of grim determination, when Dwarfs join battle there is no retreat, only victory or death.",battle_attack.png,5,4,0,0,true,0,3,3,Grimnir's Heirs,"Full of grim determination, when Dwarfs join battle there is no retreat, only victory or death.",,,,,,wh2_dlc11_effect_force_stat_weapon_strength_dwf_slayers_hammerers_ironbreakers,"Weapon strength: %+n% for Slayers, Giant Slayers, Doomseekers, Slayer Pirates, Hammerers and Ironbreakers units",,general_to_force_own,12,battle,461,true,weapon_damage.png,weapon_damage.png,,,,,,,,,,,,,,,,,,,,,,,character_skill_level_to_effects_junctions_tables,wh2_dlc11_skill_dwf_army_buff_grimnirs_heirs|wh2_dlc11_effect_force_stat_weapon_strength_dwf_slayers_hammerers_ironbreakers|3|general_to_force_own
node,warhammer_3,8.1.1,24237342,Dwarfs,dwarfs,wh_main_sc_dwf_dwarfs,Thorgrim Grudgebearer,Thorgrim_Grudgebearer,legendary_lord,wh_main_dwf_thorgrim_grudgebearer,general,general,wh3_dlc26_dwf_dwarfs_invasion|wh_main_dwf_dwarfs|wh_main_dwf_dwarfs_qb1|wh_main_dwf_dwarfs_qb2|wh_main_dwf_dwarfs_qb3|wh_main_dwf_dwarfs_qb4,true,false,true,true,false,true,,legendary_lords,wh_main_skill_node_set_dwf_thorgrim,,1,general,false,false,,,,wh_main_skill_node_dwf_thorgrim_campaign_06,wh_main_skill_dwf_lord_campaign_iron-willed,Iron-Willed,Such a Dawi does not care for being wounded - by his will alone he continues to fight.,campaign_wound_time.png,5,5,0,4,true,0,1,,,,,,,,,,,,,,,,,,,,,,,,,,,,,,,,,,,,,,,,,character_skill_nodes_tables,wh_main_skill_node_dwf_thorgrim_campaign_06
effect,warhammer_3,8.1.1,24237342,Dwarfs,dwarfs,wh_main_sc_dwf_dwarfs,Thorgrim Grudgebearer,Thorgrim_Grudgebearer,legendary_lord,wh_main_dwf_thorgrim_grudgebearer,general,general,wh3_dlc26_dwf_dwarfs_invasion|wh_main_dwf_dwarfs|wh_main_dwf_dwarfs_qb1|wh_main_dwf_dwarfs_qb2|wh_main_dwf_dwarfs_qb3|wh_main_dwf_dwarfs_qb4,true,false,true,true,false,true,,legendary_lords,wh_main_skill_node_set_dwf_thorgrim,,1,general,false,false,,,,wh_main_skill_node_dwf_thorgrim_campaign_06,wh_main_skill_dwf_lord_campaign_iron-willed,Iron-Willed,Such a Dawi does not care for being wounded - by his will alone he continues to fight.,campaign_wound_time.png,5,5,0,4,true,0,1,1,Iron-Willed,Such a Dawi does not care for being wounded - by his will alone he continues to fight.,,,,,,wh_main_effect_character_wound_recovery_time_mod,Wound recovery time: %+n turns,,character_to_character_own,-1,campaign,101,false,wound_time.png,wound_time.png,,,,,,,,,,,,,,,,,,,,,,,character_skill_level_to_effects_junctions_tables,wh_main_skill_dwf_lord_campaign_iron-willed|wh_main_effect_character_wound_recovery_time_mod|1|character_to_character_own
effect,warhammer_3,8.1.1,24237342,Dwarfs,dwarfs,wh_main_sc_dwf_dwarfs,Thorgrim Grudgebearer,Thorgrim_Grudgebearer,legendary_lord,wh_main_dwf_thorgrim_grudgebearer,general,general,wh3_dlc26_dwf_dwarfs_invasion|wh_main_dwf_dwarfs|wh_main_dwf_dwarfs_qb1|wh_main_dwf_dwarfs_qb2|wh_main_dwf_dwarfs_qb3|wh_main_dwf_dwarfs_qb4,true,false,true,true,false,true,,legendary_lords,wh_main_skill_node_set_dwf_thorgrim,,1,general,false,false,,,,wh_main_skill_node_dwf_thorgrim_campaign_06,wh_main_skill_dwf_lord_campaign_iron-willed,Iron-Willed,Such a Dawi does not care for being wounded - by his will alone he continues to fight.,campaign_wound_time.png,5,5,0,4,true,0,1,1,Iron-Willed,Such a Dawi does not care for being wounded - by his will alone he continues to fight.,,,,,,wh2_main_effect_replenishment_lords,Casualty replenishment rate: %+n% for this [[img:icon_general]][[/img]]Lord,{{tr:replenishment_additional_tooltip}},general_to_force_own,30,campaign,1,true,replenishment.png,replenishment.png,,,,,,,,,,,,,,,,,,,,,,,character_skill_level_to_effects_junctions_tables,wh_main_skill_dwf_lord_campaign_iron-willed|wh2_main_effect_replenishment_lords|1|general_to_force_own
node,warhammer_3,8.1.1,24237342,Dwarfs,dwarfs,wh_main_sc_dwf_dwarfs,Thorgrim Grudgebearer,Thorgrim_Grudgebearer,legendary_lord,wh_main_dwf_thorgrim_grudgebearer,general,general,wh3_dlc26_dwf_dwarfs_invasion|wh_main_dwf_dwarfs|wh_main_dwf_dwarfs_qb1|wh_main_dwf_dwarfs_qb2|wh_main_dwf_dwarfs_qb3|wh_main_dwf_dwarfs_qb4,true,false,true,true,false,true,,legendary_lords,wh_main_skill_node_set_dwf_thorgrim,,1,general,false,false,,,,wh_main_skill_node_dwf_thorgrim_unique_09,wh_main_skill_all_lord_battle_brass-lunged,Brass-Lunged,This Lord belts out orders and can be heard even across a battlefield smothered in the grim noise of war.,character_general_ability.png,6,0,0,0,true,3,1,,,,,,,,,,,,,,,,,,,,,,,,,,,,,,,,,,,,,,,,,character_skill_nodes_tables,wh_main_skill_node_dwf_thorgrim_unique_09
skill_level,warhammer_3,8.1.1,24237342,Dwarfs,dwarfs,wh_main_sc_dwf_dwarfs,Thorgrim Grudgebearer,Thorgrim_Grudgebearer,legendary_lord,wh_main_dwf_thorgrim_grudgebearer,general,general,wh3_dlc26_dwf_dwarfs_invasion|wh_main_dwf_dwarfs|wh_main_dwf_dwarfs_qb1|wh_main_dwf_dwarfs_qb2|wh_main_dwf_dwarfs_qb3|wh_main_dwf_dwarfs_qb4,true,false,true,true,false,true,,legendary_lords,wh_main_skill_node_set_dwf_thorgrim,,1,general,false,false,,,,wh_main_skill_node_dwf_thorgrim_unique_09,wh_main_skill_all_lord_battle_brass-lunged,Brass-Lunged,This Lord belts out orders and can be heard even across a battlefield smothered in the grim noise of war.,character_general_ability.png,6,0,0,0,true,3,1,1,Brass-Lunged,This Lord belts out orders and can be heard even across a battlefield smothered in the grim noise of war.,3,x,,,,,,,,,,,,,,,,,,,,,,,,,,,,,,,,,,,,character_skill_level_details_tables,wh_main_skill_all_lord_battle_brass-lunged|1|||
effect,warhammer_3,8.1.1,24237342,Dwarfs,dwarfs,wh_main_sc_dwf_dwarfs,Thorgrim Grudgebearer,Thorgrim_Grudgebearer,legendary_lord,wh_main_dwf_thorgrim_grudgebearer,general,general,wh3_dlc26_dwf_dwarfs_invasion|wh_main_dwf_dwarfs|wh_main_dwf_dwarfs_qb1|wh_main_dwf_dwarfs_qb2|wh_main_dwf_dwarfs_qb3|wh_main_dwf_dwarfs_qb4,true,false,true,true,false,true,,legendary_lords,wh_main_skill_node_set_dwf_thorgrim,,1,general,false,false,,,,wh_main_skill_node_dwf_thorgrim_unique_09,wh_main_skill_all_lord_battle_brass-lunged,Brass-Lunged,This Lord belts out orders and can be heard even across a battlefield smothered in the grim noise of war.,character_general_ability.png,6,0,0,0,true,3,1,1,Brass-Lunged,This Lord belts out orders and can be heard even across a battlefield smothered in the grim noise of war.,,,,,,wh_main_effect_character_stat_leadership_aura_size,Leadership aura size: %+n%,Aura. Any unit standing within this character's aura in battle will receive a [[img:icon_morale]][[/img]]leadership bonus.,character_to_character_own,25,battle,260,true,general_ability.png,general_ability.png,,,,,,,,,,,,,,,,,,,,,,,character_skill_level_to_effects_junctions_tables,wh_main_skill_all_lord_battle_brass-lunged|wh_main_effect_character_stat_leadership_aura_size|1|character_to_character_own
node,warhammer_3,8.1.1,24237342,Dwarfs,dwarfs,wh_main_sc_dwf_dwarfs,Thorgrim Grudgebearer,Thorgrim_Grudgebearer,legendary_lord,wh_main_dwf_thorgrim_grudgebearer,general,general,wh3_dlc26_dwf_dwarfs_invasion|wh_main_dwf_dwarfs|wh_main_dwf_dwarfs_qb1|wh_main_dwf_dwarfs_qb2|wh_main_dwf_dwarfs_qb3|wh_main_dwf_dwarfs_qb4,true,false,true,true,false,true,,legendary_lords,wh_main_skill_node_set_dwf_thorgrim,,1,general,false,false,,,,wh_main_skill_node_dwf_thorgrim_self_07,wh2_dlc11_skill_all_lord_self_wound-maker,{{tr:character_skills_localised_name_wh_main_skill_all_all_self_wound-maker}},{{tr:character_skills_localised_description_wh_main_skill_all_all_self_wound-maker}},character_damage.png,6,3,0,0,true,0,2,,,,,,,,,,,,,,,,,,,,,,,,,,,,,,,,,,,,,,,,,character_skill_nodes_tables,wh_main_skill_node_dwf_thorgrim_self_07
effect,warhammer_3,8.1.1,24237342,Dwarfs,dwarfs,wh_main_sc_dwf_dwarfs,Thorgrim Grudgebearer,Thorgrim_Grudgebearer,legendary_lord,wh_main_dwf_thorgrim_grudgebearer,general,general,wh3_dlc26_dwf_dwarfs_invasion|wh_main_dwf_dwarfs|wh_main_dwf_dwarfs_qb1|wh_main_dwf_dwarfs_qb2|wh_main_dwf_dwarfs_qb3|wh_main_dwf_dwarfs_qb4,true,false,true,true,false,true,,legendary_lords,wh_main_skill_node_set_dwf_thorgrim,,1,general,false,false,,,,wh_main_skill_node_dwf_thorgrim_self_07,wh2_dlc11_skill_all_lord_self_wound-maker,{{tr:character_skills_localised_name_wh_main_skill_all_all_self_wound-maker}},{{tr:character_skills_localised_description_wh_main_skill_all_all_self_wound-maker}},character_damage.png,6,3,0,0,true,0,2,1,{{tr:character_skills_localised_name_wh_main_skill_all_all_self_wound-maker}},{{tr:character_skills_localised_description_wh_main_skill_all_all_self_wound-maker}},,,,,,wh_main_effect_character_stat_weapon_strength,Weapon strength: %+n%,,character_to_character_own,10,both,160,true,weapon_damage_character.png,weapon_damage_character.png,,,,,,,,,,,,,,,,,,,,,,,character_skill_level_to_effects_junctions_tables,wh2_dlc11_skill_all_lord_self_wound-maker|wh_main_effect_character_stat_weapon_strength|1|character_to_character_own
effect,warhammer_3,8.1.1,24237342,Dwarfs,dwarfs,wh_main_sc_dwf_dwarfs,Thorgrim Grudgebearer,Thorgrim_Grudgebearer,legendary_lord,wh_main_dwf_thorgrim_grudgebearer,general,general,wh3_dlc26_dwf_dwarfs_invasion|wh_main_dwf_dwarfs|wh_main_dwf_dwarfs_qb1|wh_main_dwf_dwarfs_qb2|wh_main_dwf_dwarfs_qb3|wh_main_dwf_dwarfs_qb4,true,false,true,true,false,true,,legendary_lords,wh_main_skill_node_set_dwf_thorgrim,,1,general,false,false,,,,wh_main_skill_node_dwf_thorgrim_self_07,wh2_dlc11_skill_all_lord_self_wound-maker,{{tr:character_skills_localised_name_wh_main_skill_all_all_self_wound-maker}},{{tr:character_skills_localised_description_wh_main_skill_all_all_self_wound-maker}},character_damage.png,6,3,0,0,true,0,2,2,{{tr:character_skills_localised_name_wh_main_skill_all_all_self_wound-maker}},{{tr:character_skills_localised_description_wh_main_skill_all_all_self_wound-maker}},,,,,,wh_main_effect_character_stat_weapon_strength,Weapon strength: %+n%,,character_to_character_own,20,both,160,true,weapon_damage_character.png,weapon_damage_character.png,,,,,,,,,,,,,,,,,,,,,,,character_skill_level_to_effects_junctions_tables,wh2_dlc11_skill_all_lord_self_wound-maker|wh_main_effect_character_stat_weapon_strength|2|character_to_character_own
node,warhammer_3,8.1.1,24237342,Dwarfs,dwarfs,wh_main_sc_dwf_dwarfs,Thorgrim Grudgebearer,Thorgrim_Grudgebearer,legendary_lord,wh_main_dwf_thorgrim_grudgebearer,general,general,wh3_dlc26_dwf_dwarfs_invasion|wh_main_dwf_dwarfs|wh_main_dwf_dwarfs_qb1|wh_main_dwf_dwarfs_qb2|wh_main_dwf_dwarfs_qb3|wh_main_dwf_dwarfs_qb4,true,false,true,true,false,true,,legendary_lords,wh_main_skill_node_set_dwf_thorgrim,,1,general,false,false,,,,wh_main_skill_node_dwf_thorgrim_battle_07,wh2_dlc11_skill_dwf_army_buff_thunderer,Tactician,"Dwarfs are long-lived with many years of battlefield experience, making them excellent tacticians.",battle_ranged_damage.png,6,4,0,0,true,0,3,,,,,,,,,,,,,,,,,,,,,,,,,,,,,,,,,,,,,,,,,character_skill_nodes_tables,wh_main_skill_node_dwf_thorgrim_battle_07
effect,warhammer_3,8.1.1,24237342,Dwarfs,dwarfs,wh_main_sc_dwf_dwarfs,Thorgrim Grudgebearer,Thorgrim_Grudgebearer,legendary_lord,wh_main_dwf_thorgrim_grudgebearer,general,general,wh3_dlc26_dwf_dwarfs_invasion|wh_main_dwf_dwarfs|wh_main_dwf_dwarfs_qb1|wh_main_dwf_dwarfs_qb2|wh_main_dwf_dwarfs_qb3|wh_main_dwf_dwarfs_qb4,true,false,true,true,false,true,,legendary_lords,wh_main_skill_node_set_dwf_thorgrim,,1,general,false,false,,,,wh_main_skill_node_dwf_thorgrim_battle_07,wh2_dlc11_skill_dwf_army_buff_thunderer,Tactician,"Dwarfs are long-lived with many years of battlefield experience, making them excellent tacticians.",battle_ranged_damage.png,6,4,0,0,true,0,3,1,Tactician,"Dwarfs are long-lived with many years of battlefield experience, making them excellent tacticians.",,,,,,wh2_dlc11_effect_force_stat_missile_damage_dwf_grudge_thrower_cannon_organ_gun,"Missile strength: %+n% for Bolt Throwers, Grudge Thrower, Cannon, Goblin Hewer and Organ Gun units",,general_to_force_own,6,battle,541,true,ranged_damage.png,ranged_damage.png,,,,,,,,,,,,,,,,,,,,,,,character_skill_level_to_effects_junctions_tables,wh2_dlc11_skill_dwf_army_buff_thunderer|wh2_dlc11_effect_force_stat_missile_damage_dwf_grudge_thrower_cannon_organ_gun|1|general_to_force_own
effect,warhammer_3,8.1.1,24237342,Dwarfs,dwarfs,wh_main_sc_dwf_dwarfs,Thorgrim Grudgebearer,Thorgrim_Grudgebearer,legendary_lord,wh_main_dwf_thorgrim_grudgebearer,general,general,wh3_dlc26_dwf_dwarfs_invasion|wh_main_dwf_dwarfs|wh_main_dwf_dwarfs_qb1|wh_main_dwf_dwarfs_qb2|wh_main_dwf_dwarfs_qb3|wh_main_dwf_dwarfs_qb4,true,false,true,true,false,true,,legendary_lords,wh_main_skill_node_set_dwf_thorgrim,,1,general,false,false,,,,wh_main_skill_node_dwf_thorgrim_battle_07,wh2_dlc11_skill_dwf_army_buff_thunderer,Tactician,"Dwarfs are long-lived with many years of battlefield experience, making them excellent tacticians.",battle_ranged_damage.png,6,4,0,0,true,0,3,2,Tactician,"Dwarfs are long-lived with many years of battlefield experience, making them excellent tacticians.",,,,,,wh2_dlc11_effect_force_stat_ammunition_dwf_grudge_thrower_cannon_organ_gun,"Ammunition: %+n% for Bolt Throwers, Grudge Thrower, Cannon, Goblin Hewer and Organ Gun units",,general_to_force_own,10,battle,511,true,ammo.png,ammo.png,,,,,,,,,,,,,,,,,,,,,,,character_skill_level_to_effects_junctions_tables,wh2_dlc11_skill_dwf_army_buff_thunderer|wh2_dlc11_effect_force_stat_ammunition_dwf_grudge_thrower_cannon_organ_gun|2|general_to_force_own
effect,warhammer_3,8.1.1,24237342,Dwarfs,dwarfs,wh_main_sc_dwf_dwarfs,Thorgrim Grudgebearer,Thorgrim_Grudgebearer,legendary_lord,wh_main_dwf_thorgrim_grudgebearer,general,general,wh3_dlc26_dwf_dwarfs_invasion|wh_main_dwf_dwarfs|wh_main_dwf_dwarfs_qb1|wh_main_dwf_dwarfs_qb2|wh_main_dwf_dwarfs_qb3|wh_main_dwf_dwarfs_qb4,true,false,true,true,false,true,,legendary_lords,wh_main_skill_node_set_dwf_thorgrim,,1,general,false,false,,,,wh_main_skill_node_dwf_thorgrim_battle_07,wh2_dlc11_skill_dwf_army_buff_thunderer,Tactician,"Dwarfs are long-lived with many years of battlefield experience, making them excellent tacticians.",battle_ranged_damage.png,6,4,0,0,true,0,3,2,Tactician,"Dwarfs are long-lived with many years of battlefield experience, making them excellent tacticians.",,,,,,wh2_dlc11_effect_force_stat_missile_damage_dwf_grudge_thrower_cannon_organ_gun,"Missile strength: %+n% for Bolt Throwers, Grudge Thrower, Cannon, Goblin Hewer and Organ Gun units",,general_to_force_own,6,battle,541,true,ranged_damage.png,ranged_damage.png,,,,,,,,,,,,,,,,,,,,,,,character_skill_level_to_effects_junctions_tables,wh2_dlc11_skill_dwf_army_buff_thunderer|wh2_dlc11_effect_force_stat_missile_damage_dwf_grudge_thrower_cannon_organ_gun|2|general_to_force_own
effect,warhammer_3,8.1.1,24237342,Dwarfs,dwarfs,wh_main_sc_dwf_dwarfs,Thorgrim Grudgebearer,Thorgrim_Grudgebearer,legendary_lord,wh_main_dwf_thorgrim_grudgebearer,general,general,wh3_dlc26_dwf_dwarfs_invasion|wh_main_dwf_dwarfs|wh_main_dwf_dwarfs_qb1|wh_main_dwf_dwarfs_qb2|wh_main_dwf_dwarfs_qb3|wh_main_dwf_dwarfs_qb4,true,false,true,true,false,true,,legendary_lords,wh_main_skill_node_set_dwf_thorgrim,,1,general,false,false,,,,wh_main_skill_node_dwf_thorgrim_battle_07,wh2_dlc11_skill_dwf_army_buff_thunderer,Tactician,"Dwarfs are long-lived with many years of battlefield experience, making them excellent tacticians.",battle_ranged_damage.png,6,4,0,0,true,0,3,3,Tactician,"Dwarfs are long-lived with many years of battlefield experience, making them excellent tacticians.",,,,,,wh2_dlc11_effect_force_stat_ammunition_dwf_grudge_thrower_cannon_organ_gun,"Ammunition: %+n% for Bolt Throwers, Grudge Thrower, Cannon, Goblin Hewer and Organ Gun units",,general_to_force_own,20,battle,511,true,ammo.png,ammo.png,,,,,,,,,,,,,,,,,,,,,,,character_skill_level_to_effects_junctions_tables,wh2_dlc11_skill_dwf_army_buff_thunderer|wh2_dlc11_effect_force_stat_ammunition_dwf_grudge_thrower_cannon_organ_gun|3|general_to_force_own
effect,warhammer_3,8.1.1,24237342,Dwarfs,dwarfs,wh_main_sc_dwf_dwarfs,Thorgrim Grudgebearer,Thorgrim_Grudgebearer,legendary_lord,wh_main_dwf_thorgrim_grudgebearer,general,general,wh3_dlc26_dwf_dwarfs_invasion|wh_main_dwf_dwarfs|wh_main_dwf_dwarfs_qb1|wh_main_dwf_dwarfs_qb2|wh_main_dwf_dwarfs_qb3|wh_main_dwf_dwarfs_qb4,true,false,true,true,false,true,,legendary_lords,wh_main_skill_node_set_dwf_thorgrim,,1,general,false,false,,,,wh_main_skill_node_dwf_thorgrim_battle_07,wh2_dlc11_skill_dwf_army_buff_thunderer,Tactician,"Dwarfs are long-lived with many years of battlefield experience, making them excellent tacticians.",battle_ranged_damage.png,6,4,0,0,true,0,3,3,Tactician,"Dwarfs are long-lived with many years of battlefield experience, making them excellent tacticians.",,,,,,wh2_dlc11_effect_force_stat_missile_damage_dwf_grudge_thrower_cannon_organ_gun,"Missile strength: %+n% for Bolt Throwers, Grudge Thrower, Cannon, Goblin Hewer and Organ Gun units",,general_to_force_own,8,battle,541,true,ranged_damage.png,ranged_damage.png,,,,,,,,,,,,,,,,,,,,,,,character_skill_level_to_effects_junctions_tables,wh2_dlc11_skill_dwf_army_buff_thunderer|wh2_dlc11_effect_force_stat_missile_damage_dwf_grudge_thrower_cannon_organ_gun|3|general_to_force_own
node,warhammer_3,8.1.1,24237342,Dwarfs,dwarfs,wh_main_sc_dwf_dwarfs,Thorgrim Grudgebearer,Thorgrim_Grudgebearer,legendary_lord,wh_main_dwf_thorgrim_grudgebearer,general,general,wh3_dlc26_dwf_dwarfs_invasion|wh_main_dwf_dwarfs|wh_main_dwf_dwarfs_qb1|wh_main_dwf_dwarfs_qb2|wh_main_dwf_dwarfs_qb3|wh_main_dwf_dwarfs_qb4,true,false,true,true,false,true,,legendary_lords,wh_main_skill_node_set_dwf_thorgrim,,1,general,false,false,,,,wh_main_skill_node_dwf_thorgrim_campaign_07,wh_main_skill_all_lord_campaign_lightning_strike,Lightning Strike,The time to strike is now!,campaign_subterfuge.png,6,5,0,0,true,0,3,,,,,,,,,,,,,,,,,,,,,,,,,,,,,,,,,,,,,,,,,character_skill_nodes_tables,wh_main_skill_node_dwf_thorgrim_campaign_07
effect,warhammer_3,8.1.1,24237342,Dwarfs,dwarfs,wh_main_sc_dwf_dwarfs,Thorgrim Grudgebearer,Thorgrim_Grudgebearer,legendary_lord,wh_main_dwf_thorgrim_grudgebearer,general,general,wh3_dlc26_dwf_dwarfs_invasion|wh_main_dwf_dwarfs|wh_main_dwf_dwarfs_qb1|wh_main_dwf_dwarfs_qb2|wh_main_dwf_dwarfs_qb3|wh_main_dwf_dwarfs_qb4,true,false,true,true,false,true,,legendary_lords,wh_main_skill_node_set_dwf_thorgrim,,1,general,false,false,,,,wh_main_skill_node_dwf_thorgrim_campaign_07,wh_main_skill_all_lord_campaign_lightning_strike,Lightning Strike,The time to strike is now!,campaign_subterfuge.png,6,5,0,0,true,0,3,1,Lightning Strike,The time to strike is now!,,,,,,wh3_main_effect_opposing_reinforcement_time_percentage_mod,Enemy battle reinforcement time: %+n%,,general_to_force_own_unseen,25,both,101,true,military.png,military.png,,,,,,,,,,,,,,,,,,,,,,,character_skill_level_to_effects_junctions_tables,wh_main_skill_all_lord_campaign_lightning_strike|wh3_main_effect_opposing_reinforcement_time_percentage_mod|1|general_to_force_own_unseen
effect,warhammer_3,8.1.1,24237342,Dwarfs,dwarfs,wh_main_sc_dwf_dwarfs,Thorgrim Grudgebearer,Thorgrim_Grudgebearer,legendary_lord,wh_main_dwf_thorgrim_grudgebearer,general,general,wh3_dlc26_dwf_dwarfs_invasion|wh_main_dwf_dwarfs|wh_main_dwf_dwarfs_qb1|wh_main_dwf_dwarfs_qb2|wh_main_dwf_dwarfs_qb3|wh_main_dwf_dwarfs_qb4,true,false,true,true,false,true,,legendary_lords,wh_main_skill_node_set_dwf_thorgrim,,1,general,false,false,,,,wh_main_skill_node_dwf_thorgrim_campaign_07,wh_main_skill_all_lord_campaign_lightning_strike,Lightning Strike,The time to strike is now!,campaign_subterfuge.png,6,5,0,0,true,0,3,1,Lightning Strike,The time to strike is now!,,,,,,wh3_main_effect_own_reinforcement_time_percentage_mod,Battle reinforcement time: %+n%,,general_to_force_own_unseen,-10,both,101,false,military.png,military.png,,,,,,,,,,,,,,,,,,,,,,,character_skill_level_to_effects_junctions_tables,wh_main_skill_all_lord_campaign_lightning_strike|wh3_main_effect_own_reinforcement_time_percentage_mod|1|general_to_force_own_unseen
effect,warhammer_3,8.1.1,24237342,Dwarfs,dwarfs,wh_main_sc_dwf_dwarfs,Thorgrim Grudgebearer,Thorgrim_Grudgebearer,legendary_lord,wh_main_dwf_thorgrim_grudgebearer,general,general,wh3_dlc26_dwf_dwarfs_invasion|wh_main_dwf_dwarfs|wh_main_dwf_dwarfs_qb1|wh_main_dwf_dwarfs_qb2|wh_main_dwf_dwarfs_qb3|wh_main_dwf_dwarfs_qb4,true,false,true,true,false,true,,legendary_lords,wh_main_skill_node_set_dwf_thorgrim,,1,general,false,false,,,,wh_main_skill_node_dwf_thorgrim_campaign_07,wh_main_skill_all_lord_campaign_lightning_strike,Lightning Strike,The time to strike is now!,campaign_subterfuge.png,6,5,0,0,true,0,3,1,Lightning Strike,The time to strike is now!,,,,,,wh3_main_effect_reinforcement_adjustment_budget,Reinforcements supporting this army can have their arrival point adjusted by %+n metres without incurring any time penalty,,general_to_force_own_unseen,250,campaign,101,true,military.png,military.png,,,,,,,,,,,,,,,,,,,,,,,character_skill_level_to_effects_junctions_tables,wh_main_skill_all_lord_campaign_lightning_strike|wh3_main_effect_reinforcement_adjustment_budget|1|general_to_force_own_unseen
effect,warhammer_3,8.1.1,24237342,Dwarfs,dwarfs,wh_main_sc_dwf_dwarfs,Thorgrim Grudgebearer,Thorgrim_Grudgebearer,legendary_lord,wh_main_dwf_thorgrim_grudgebearer,general,general,wh3_dlc26_dwf_dwarfs_invasion|wh_main_dwf_dwarfs|wh_main_dwf_dwarfs_qb1|wh_main_dwf_dwarfs_qb2|wh_main_dwf_dwarfs_qb3|wh_main_dwf_dwarfs_qb4,true,false,true,true,false,true,,legendary_lords,wh_main_skill_node_set_dwf_thorgrim,,1,general,false,false,,,,wh_main_skill_node_dwf_thorgrim_campaign_07,wh_main_skill_all_lord_campaign_lightning_strike,Lightning Strike,The time to strike is now!,campaign_subterfuge.png,6,5,0,0,true,0,3,2,Lightning Strike,The time to strike is now!,,,,,,wh3_main_effect_opposing_reinforcement_time_percentage_mod,Enemy battle reinforcement time: %+n%,,general_to_force_own_unseen,50,both,101,true,military.png,military.png,,,,,,,,,,,,,,,,,,,,,,,character_skill_level_to_effects_junctions_tables,wh_main_skill_all_lord_campaign_lightning_strike|wh3_main_effect_opposing_reinforcement_time_percentage_mod|2|general_to_force_own_unseen
effect,warhammer_3,8.1.1,24237342,Dwarfs,dwarfs,wh_main_sc_dwf_dwarfs,Thorgrim Grudgebearer,Thorgrim_Grudgebearer,legendary_lord,wh_main_dwf_thorgrim_grudgebearer,general,general,wh3_dlc26_dwf_dwarfs_invasion|wh_main_dwf_dwarfs|wh_main_dwf_dwarfs_qb1|wh_main_dwf_dwarfs_qb2|wh_main_dwf_dwarfs_qb3|wh_main_dwf_dwarfs_qb4,true,false,true,true,false,true,,legendary_lords,wh_main_skill_node_set_dwf_thorgrim,,1,general,false,false,,,,wh_main_skill_node_dwf_thorgrim_campaign_07,wh_main_skill_all_lord_campaign_lightning_strike,Lightning Strike,The time to strike is now!,campaign_subterfuge.png,6,5,0,0,true,0,3,2,Lightning Strike,The time to strike is now!,,,,,,wh3_main_effect_own_reinforcement_time_percentage_mod,Battle reinforcement time: %+n%,,general_to_force_own_unseen,-20,both,101,false,military.png,military.png,,,,,,,,,,,,,,,,,,,,,,,character_skill_level_to_effects_junctions_tables,wh_main_skill_all_lord_campaign_lightning_strike|wh3_main_effect_own_reinforcement_time_percentage_mod|2|general_to_force_own_unseen
effect,warhammer_3,8.1.1,24237342,Dwarfs,dwarfs,wh_main_sc_dwf_dwarfs,Thorgrim Grudgebearer,Thorgrim_Grudgebearer,legendary_lord,wh_main_dwf_thorgrim_grudgebearer,general,general,wh3_dlc26_dwf_dwarfs_invasion|wh_main_dwf_dwarfs|wh_main_dwf_dwarfs_qb1|wh_main_dwf_dwarfs_qb2|wh_main_dwf_dwarfs_qb3|wh_main_dwf_dwarfs_qb4,true,false,true,true,false,true,,legendary_lords,wh_main_skill_node_set_dwf_thorgrim,,1,general,false,false,,,,wh_main_skill_node_dwf_thorgrim_campaign_07,wh_main_skill_all_lord_campaign_lightning_strike,Lightning Strike,The time to strike is now!,campaign_subterfuge.png,6,5,0,0,true,0,3,2,Lightning Strike,The time to strike is now!,,,,,,wh3_main_effect_reinforcement_adjustment_budget,Reinforcements supporting this army can have their arrival point adjusted by %+n metres without incurring any time penalty,,general_to_force_own_unseen,600,campaign,101,true,military.png,military.png,,,,,,,,,,,,,,,,,,,,,,,character_skill_level_to_effects_junctions_tables,wh_main_skill_all_lord_campaign_lightning_strike|wh3_main_effect_reinforcement_adjustment_budget|2|general_to_force_own_unseen
effect,warhammer_3,8.1.1,24237342,Dwarfs,dwarfs,wh_main_sc_dwf_dwarfs,Thorgrim Grudgebearer,Thorgrim_Grudgebearer,legendary_lord,wh_main_dwf_thorgrim_grudgebearer,general,general,wh3_dlc26_dwf_dwarfs_invasion|wh_main_dwf_dwarfs|wh_main_dwf_dwarfs_qb1|wh_main_dwf_dwarfs_qb2|wh_main_dwf_dwarfs_qb3|wh_main_dwf_dwarfs_qb4,true,false,true,true,false,true,,legendary_lords,wh_main_skill_node_set_dwf_thorgrim,,1,general,false,false,,,,wh_main_skill_node_dwf_thorgrim_campaign_07,wh_main_skill_all_lord_campaign_lightning_strike,Lightning Strike,The time to strike is now!,campaign_subterfuge.png,6,5,0,0,true,0,3,3,Lightning Strike,The time to strike is now!,,,,,,wh_main_effect_conquest_enable_night_battles,Enables lightning strike battles when reinforcements are present,The option to carry out a lightning strike battle will appear on the Pre-Battle panel. Enabling this prevents reinforcements from joining the battle but will cause your troops to start the battle with reduced Vigour.,character_to_character_own,1,campaign,10,true,subterfuge.png,subterfuge.png,,,,,,,,,,,,,,,,,,,,,,,character_skill_level_to_effects_junctions_tables,wh_main_skill_all_lord_campaign_lightning_strike|wh_main_effect_conquest_enable_night_battles|3|character_to_character_own
effect,warhammer_3,8.1.1,24237342,Dwarfs,dwarfs,wh_main_sc_dwf_dwarfs,Thorgrim Grudgebearer,Thorgrim_Grudgebearer,legendary_lord,wh_main_dwf_thorgrim_grudgebearer,general,general,wh3_dlc26_dwf_dwarfs_invasion|wh_main_dwf_dwarfs|wh_main_dwf_dwarfs_qb1|wh_main_dwf_dwarfs_qb2|wh_main_dwf_dwarfs_qb3|wh_main_dwf_dwarfs_qb4,true,false,true,true,false,true,,legendary_lords,wh_main_skill_node_set_dwf_thorgrim,,1,general,false,false,,,,wh_main_skill_node_dwf_thorgrim_campaign_07,wh_main_skill_all_lord_campaign_lightning_strike,Lightning Strike,The time to strike is now!,campaign_subterfuge.png,6,5,0,0,true,0,3,3,Lightning Strike,The time to strike is now!,,,,,,wh3_main_effect_opposing_reinforcement_time_percentage_mod,Enemy battle reinforcement time: %+n%,,general_to_force_own_unseen,50,both,101,true,military.png,military.png,,,,,,,,,,,,,,,,,,,,,,,character_skill_level_to_effects_junctions_tables,wh_main_skill_all_lord_campaign_lightning_strike|wh3_main_effect_opposing_reinforcement_time_percentage_mod|3|general_to_force_own_unseen
effect,warhammer_3,8.1.1,24237342,Dwarfs,dwarfs,wh_main_sc_dwf_dwarfs,Thorgrim Grudgebearer,Thorgrim_Grudgebearer,legendary_lord,wh_main_dwf_thorgrim_grudgebearer,general,general,wh3_dlc26_dwf_dwarfs_invasion|wh_main_dwf_dwarfs|wh_main_dwf_dwarfs_qb1|wh_main_dwf_dwarfs_qb2|wh_main_dwf_dwarfs_qb3|wh_main_dwf_dwarfs_qb4,true,false,true,true,false,true,,legendary_lords,wh_main_skill_node_set_dwf_thorgrim,,1,general,false,false,,,,wh_main_skill_node_dwf_thorgrim_campaign_07,wh_main_skill_all_lord_campaign_lightning_strike,Lightning Strike,The time to strike is now!,campaign_subterfuge.png,6,5,0,0,true,0,3,3,Lightning Strike,The time to strike is now!,,,,,,wh3_main_effect_own_reinforcement_time_percentage_mod,Battle reinforcement time: %+n%,,general_to_force_own_unseen,-30,both,101,false,military.png,military.png,,,,,,,,,,,,,,,,,,,,,,,character_skill_level_to_effects_junctions_tables,wh_main_skill_all_lord_campaign_lightning_strike|wh3_main_effect_own_reinforcement_time_percentage_mod|3|general_to_force_own_unseen
effect,warhammer_3,8.1.1,24237342,Dwarfs,dwarfs,wh_main_sc_dwf_dwarfs,Thorgrim Grudgebearer,Thorgrim_Grudgebearer,legendary_lord,wh_main_dwf_thorgrim_grudgebearer,general,general,wh3_dlc26_dwf_dwarfs_invasion|wh_main_dwf_dwarfs|wh_main_dwf_dwarfs_qb1|wh_main_dwf_dwarfs_qb2|wh_main_dwf_dwarfs_qb3|wh_main_dwf_dwarfs_qb4,true,false,true,true,false,true,,legendary_lords,wh_main_skill_node_set_dwf_thorgrim,,1,general,false,false,,,,wh_main_skill_node_dwf_thorgrim_campaign_07,wh_main_skill_all_lord_campaign_lightning_strike,Lightning Strike,The time to strike is now!,campaign_subterfuge.png,6,5,0,0,true,0,3,3,Lightning Strike,The time to strike is now!,,,,,,wh3_main_effect_reinforcement_adjustment_budget,Reinforcements supporting this army can have their arrival point adjusted by %+n metres without incurring any time penalty,,general_to_force_own_unseen,1000,campaign,101,true,military.png,military.png,,,,,,,,,,,,,,,,,,,,,,,character_skill_level_to_effects_junctions_tables,wh_main_skill_all_lord_campaign_lightning_strike|wh3_main_effect_reinforcement_adjustment_budget|3|general_to_force_own_unseen
node,warhammer_3,8.1.1,24237342,Dwarfs,dwarfs,wh_main_sc_dwf_dwarfs,Thorgrim Grudgebearer,Thorgrim_Grudgebearer,legendary_lord,wh_main_dwf_thorgrim_grudgebearer,general,general,wh3_dlc26_dwf_dwarfs_invasion|wh_main_dwf_dwarfs|wh_main_dwf_dwarfs_qb1|wh_main_dwf_dwarfs_qb2|wh_main_dwf_dwarfs_qb3|wh_main_dwf_dwarfs_qb4,true,false,true,true,false,true,,legendary_lords,wh_main_skill_node_set_dwf_thorgrim,,1,general,false,false,,,,wh_main_skill_node_dwf_thorgrim_unique_06,wh_main_skill_dwf_lord_unique_lord_obdurate,Obdurate,"All Dwarfs are stubborn, but none more so than Grudgebearer, the founder of the Age of Reckoning.",character_morale.png,7,0,0,0,true,5,1,,,,,,,,,,,,,,,,,,,,,,,,,,,,,,,,,,,,,,,,,character_skill_nodes_tables,wh_main_skill_node_dwf_thorgrim_unique_06
skill_level,warhammer_3,8.1.1,24237342,Dwarfs,dwarfs,wh_main_sc_dwf_dwarfs,Thorgrim Grudgebearer,Thorgrim_Grudgebearer,legendary_lord,wh_main_dwf_thorgrim_grudgebearer,general,general,wh3_dlc26_dwf_dwarfs_invasion|wh_main_dwf_dwarfs|wh_main_dwf_dwarfs_qb1|wh_main_dwf_dwarfs_qb2|wh_main_dwf_dwarfs_qb3|wh_main_dwf_dwarfs_qb4,true,false,true,true,false,true,,legendary_lords,wh_main_skill_node_set_dwf_thorgrim,,1,general,false,false,,,,wh_main_skill_node_dwf_thorgrim_unique_06,wh_main_skill_dwf_lord_unique_lord_obdurate,Obdurate,"All Dwarfs are stubborn, but none more so than Grudgebearer, the founder of the Age of Reckoning.",character_morale.png,7,0,0,0,true,5,1,1,Obdurate,"All Dwarfs are stubborn, but none more so than Grudgebearer, the founder of the Age of Reckoning.",5,x,,,,,,,,,,,,,,,,,,,,,,,,,,,,,,,,,,,,character_skill_level_details_tables,wh_main_skill_dwf_lord_unique_lord_obdurate|1|||
effect,warhammer_3,8.1.1,24237342,Dwarfs,dwarfs,wh_main_sc_dwf_dwarfs,Thorgrim Grudgebearer,Thorgrim_Grudgebearer,legendary_lord,wh_main_dwf_thorgrim_grudgebearer,general,general,wh3_dlc26_dwf_dwarfs_invasion|wh_main_dwf_dwarfs|wh_main_dwf_dwarfs_qb1|wh_main_dwf_dwarfs_qb2|wh_main_dwf_dwarfs_qb3|wh_main_dwf_dwarfs_qb4,true,false,true,true,false,true,,legendary_lords,wh_main_skill_node_set_dwf_thorgrim,,1,general,false,false,,,,wh_main_skill_node_dwf_thorgrim_unique_06,wh_main_skill_dwf_lord_unique_lord_obdurate,Obdurate,"All Dwarfs are stubborn, but none more so than Grudgebearer, the founder of the Age of Reckoning.",character_morale.png,7,0,0,0,true,5,1,1,Obdurate,"All Dwarfs are stubborn, but none more so than Grudgebearer, the founder of the Age of Reckoning.",,,,,,wh_main_effect_character_stat_leadership,Leadership: %+n,,character_to_character_own,9,both,110,true,morale_character.png,morale_character.png,,,,,,,,,,,,,,,,,,,,,,,character_skill_level_to_effects_junctions_tables,wh_main_skill_dwf_lord_unique_lord_obdurate|wh_main_effect_character_stat_leadership|1|character_to_character_own
node,warhammer_3,8.1.1,24237342,Dwarfs,dwarfs,wh_main_sc_dwf_dwarfs,Thorgrim Grudgebearer,Thorgrim_Grudgebearer,legendary_lord,wh_main_dwf_thorgrim_grudgebearer,general,general,wh3_dlc26_dwf_dwarfs_invasion|wh_main_dwf_dwarfs|wh_main_dwf_dwarfs_qb1|wh_main_dwf_dwarfs_qb2|wh_main_dwf_dwarfs_qb3|wh_main_dwf_dwarfs_qb4,true,false,true,true,false,true,,legendary_lords,wh_main_skill_node_set_dwf_thorgrim,,1,general,false,false,,,,wh_main_skill_node_dwf_thorgrim_self_08,wh2_dlc11_skill_all_lord_self_blade_master,{{tr:character_skills_localised_name_wh_main_skill_all_all_self_blade_master}},{{tr:character_skills_localised_description_wh_main_skill_all_all_self_blade_master}},character_attack.png,7,3,0,0,true,0,2,,,,,,,,,,,,,,,,,,,,,,,,,,,,,,,,,,,,,,,,,character_skill_nodes_tables,wh_main_skill_node_dwf_thorgrim_self_08
effect,warhammer_3,8.1.1,24237342,Dwarfs,dwarfs,wh_main_sc_dwf_dwarfs,Thorgrim Grudgebearer,Thorgrim_Grudgebearer,legendary_lord,wh_main_dwf_thorgrim_grudgebearer,general,general,wh3_dlc26_dwf_dwarfs_invasion|wh_main_dwf_dwarfs|wh_main_dwf_dwarfs_qb1|wh_main_dwf_dwarfs_qb2|wh_main_dwf_dwarfs_qb3|wh_main_dwf_dwarfs_qb4,true,false,true,true,false,true,,legendary_lords,wh_main_skill_node_set_dwf_thorgrim,,1,general,false,false,,,,wh_main_skill_node_dwf_thorgrim_self_08,wh2_dlc11_skill_all_lord_self_blade_master,{{tr:character_skills_localised_name_wh_main_skill_all_all_self_blade_master}},{{tr:character_skills_localised_description_wh_main_skill_all_all_self_blade_master}},character_attack.png,7,3,0,0,true,0,2,1,{{tr:character_skills_localised_name_wh_main_skill_all_all_self_blade_master}},{{tr:character_skills_localised_description_wh_main_skill_all_all_self_blade_master}},,,,,,wh_main_effect_character_stat_melee_attack,Melee attack: %+n,,character_to_character_own,6,both,130,true,melee_character.png,melee_character.png,,,,,,,,,,,,,,,,,,,,,,,character_skill_level_to_effects_junctions_tables,wh2_dlc11_skill_all_lord_self_blade_master|wh_main_effect_character_stat_melee_attack|1|character_to_character_own
effect,warhammer_3,8.1.1,24237342,Dwarfs,dwarfs,wh_main_sc_dwf_dwarfs,Thorgrim Grudgebearer,Thorgrim_Grudgebearer,legendary_lord,wh_main_dwf_thorgrim_grudgebearer,general,general,wh3_dlc26_dwf_dwarfs_invasion|wh_main_dwf_dwarfs|wh_main_dwf_dwarfs_qb1|wh_main_dwf_dwarfs_qb2|wh_main_dwf_dwarfs_qb3|wh_main_dwf_dwarfs_qb4,true,false,true,true,false,true,,legendary_lords,wh_main_skill_node_set_dwf_thorgrim,,1,general,false,false,,,,wh_main_skill_node_dwf_thorgrim_self_08,wh2_dlc11_skill_all_lord_self_blade_master,{{tr:character_skills_localised_name_wh_main_skill_all_all_self_blade_master}},{{tr:character_skills_localised_description_wh_main_skill_all_all_self_blade_master}},character_attack.png,7,3,0,0,true,0,2,2,{{tr:character_skills_localised_name_wh_main_skill_all_all_self_blade_master}},{{tr:character_skills_localised_description_wh_main_skill_all_all_self_blade_master}},,,,,,wh_main_effect_character_stat_melee_attack,Melee attack: %+n,,character_to_character_own,12,both,130,true,melee_character.png,melee_character.png,,,,,,,,,,,,,,,,,,,,,,,character_skill_level_to_effects_junctions_tables,wh2_dlc11_skill_all_lord_self_blade_master|wh_main_effect_character_stat_melee_attack|2|character_to_character_own
node,warhammer_3,8.1.1,24237342,Dwarfs,dwarfs,wh_main_sc_dwf_dwarfs,Thorgrim Grudgebearer,Thorgrim_Grudgebearer,legendary_lord,wh_main_dwf_thorgrim_grudgebearer,general,general,wh3_dlc26_dwf_dwarfs_invasion|wh_main_dwf_dwarfs|wh_main_dwf_dwarfs_qb1|wh_main_dwf_dwarfs_qb2|wh_main_dwf_dwarfs_qb3|wh_main_dwf_dwarfs_qb4,true,false,true,true,false,true,,legendary_lords,wh_main_skill_node_set_dwf_thorgrim,,1,general,false,false,,,,wh_main_skill_node_dwf_thorgrim_battle_08,wh_main_skill_all_lord_battle_rally,Rally!,,wh_main_character_abilities_rally.png,7,4,0,6,true,0,1,,,,,,,,,,,,,,,,,,,,,,,,,,,,,,,,,,,,,,,,,character_skill_nodes_tables,wh_main_skill_node_dwf_thorgrim_battle_08
effect,warhammer_3,8.1.1,24237342,Dwarfs,dwarfs,wh_main_sc_dwf_dwarfs,Thorgrim Grudgebearer,Thorgrim_Grudgebearer,legendary_lord,wh_main_dwf_thorgrim_grudgebearer,general,general,wh3_dlc26_dwf_dwarfs_invasion|wh_main_dwf_dwarfs|wh_main_dwf_dwarfs_qb1|wh_main_dwf_dwarfs_qb2|wh_main_dwf_dwarfs_qb3|wh_main_dwf_dwarfs_qb4,true,false,true,true,false,true,,legendary_lords,wh_main_skill_node_set_dwf_thorgrim,,1,general,false,false,,,,wh_main_skill_node_dwf_thorgrim_battle_08,wh_main_skill_all_lord_battle_rally,Rally!,,wh_main_character_abilities_rally.png,7,4,0,6,true,0,1,1,Rally!,,,,,,,wh_main_effect_ability_enable_rally,"Ability: ""Rally!""",,character_to_character_own,1,battle,300,true,general_ability.png,general_ability.png,,,,,,,,,,,,,,,,,,,,,,,character_skill_level_to_effects_junctions_tables,wh_main_skill_all_lord_battle_rally|wh_main_effect_ability_enable_rally|1|character_to_character_own
node,warhammer_3,8.1.1,24237342,Dwarfs,dwarfs,wh_main_sc_dwf_dwarfs,Thorgrim Grudgebearer,Thorgrim_Grudgebearer,legendary_lord,wh_main_dwf_thorgrim_grudgebearer,general,general,wh3_dlc26_dwf_dwarfs_invasion|wh_main_dwf_dwarfs|wh_main_dwf_dwarfs_qb1|wh_main_dwf_dwarfs_qb2|wh_main_dwf_dwarfs_qb3|wh_main_dwf_dwarfs_qb4,true,false,true,true,false,true,,legendary_lords,wh_main_skill_node_set_dwf_thorgrim,,1,general,false,false,,,,wh_main_skill_node_dwf_thorgrim_campaign_08,wh_main_skill_lord_all_campaign_reassuring_presence,Reassuring Presence,"The presence of this Lord ensures a measure of calm, reducing panic and desertion amongst followers.",campaign_disaster.png,7,5,0,0,true,0,3,,,,,,,,,,,,,,,,,,,,,,,,,,,,,,,,,,,,,,,,,character_skill_nodes_tables,wh_main_skill_node_dwf_thorgrim_campaign_08
effect,warhammer_3,8.1.1,24237342,Dwarfs,dwarfs,wh_main_sc_dwf_dwarfs,Thorgrim Grudgebearer,Thorgrim_Grudgebearer,legendary_lord,wh_main_dwf_thorgrim_grudgebearer,general,general,wh3_dlc26_dwf_dwarfs_invasion|wh_main_dwf_dwarfs|wh_main_dwf_dwarfs_qb1|wh_main_dwf_dwarfs_qb2|wh_main_dwf_dwarfs_qb3|wh_main_dwf_dwarfs_qb4,true,false,true,true,false,true,,legendary_lords,wh_main_skill_node_set_dwf_thorgrim,,1,general,false,false,,,,wh_main_skill_node_dwf_thorgrim_campaign_08,wh_main_skill_lord_all_campaign_reassuring_presence,Reassuring Presence,"The presence of this Lord ensures a measure of calm, reducing panic and desertion amongst followers.",campaign_disaster.png,7,5,0,0,true,0,3,1,Reassuring Presence,"The presence of this Lord ensures a measure of calm, reducing panic and desertion amongst followers.",,,,,,wh_main_effect_force_army_campaign_attrition_all_resistance,Attrition: %+n% casualties suffered from all attrition,,general_to_force_own,-10,campaign,100,false,attrition.png,attrition.png,,,,,,,,,,,,,,,,,,,,,,,character_skill_level_to_effects_junctions_tables,wh_main_skill_lord_all_campaign_reassuring_presence|wh_main_effect_force_army_campaign_attrition_all_resistance|1|general_to_force_own
effect,warhammer_3,8.1.1,24237342,Dwarfs,dwarfs,wh_main_sc_dwf_dwarfs,Thorgrim Grudgebearer,Thorgrim_Grudgebearer,legendary_lord,wh_main_dwf_thorgrim_grudgebearer,general,general,wh3_dlc26_dwf_dwarfs_invasion|wh_main_dwf_dwarfs|wh_main_dwf_dwarfs_qb1|wh_main_dwf_dwarfs_qb2|wh_main_dwf_dwarfs_qb3|wh_main_dwf_dwarfs_qb4,true,false,true,true,false,true,,legendary_lords,wh_main_skill_node_set_dwf_thorgrim,,1,general,false,false,,,,wh_main_skill_node_dwf_thorgrim_campaign_08,wh_main_skill_lord_all_campaign_reassuring_presence,Reassuring Presence,"The presence of this Lord ensures a measure of calm, reducing panic and desertion amongst followers.",campaign_disaster.png,7,5,0,0,true,0,3,2,Reassuring Presence,"The presence of this Lord ensures a measure of calm, reducing panic and desertion amongst followers.",,,,,,wh_main_effect_force_army_campaign_attrition_all_resistance,Attrition: %+n% casualties suffered from all attrition,,general_to_force_own,-20,campaign,100,false,attrition.png,attrition.png,,,,,,,,,,,,,,,,,,,,,,,character_skill_level_to_effects_junctions_tables,wh_main_skill_lord_all_campaign_reassuring_presence|wh_main_effect_force_army_campaign_attrition_all_resistance|2|general_to_force_own
effect,warhammer_3,8.1.1,24237342,Dwarfs,dwarfs,wh_main_sc_dwf_dwarfs,Thorgrim Grudgebearer,Thorgrim_Grudgebearer,legendary_lord,wh_main_dwf_thorgrim_grudgebearer,general,general,wh3_dlc26_dwf_dwarfs_invasion|wh_main_dwf_dwarfs|wh_main_dwf_dwarfs_qb1|wh_main_dwf_dwarfs_qb2|wh_main_dwf_dwarfs_qb3|wh_main_dwf_dwarfs_qb4,true,false,true,true,false,true,,legendary_lords,wh_main_skill_node_set_dwf_thorgrim,,1,general,false,false,,,,wh_main_skill_node_dwf_thorgrim_campaign_08,wh_main_skill_lord_all_campaign_reassuring_presence,Reassuring Presence,"The presence of this Lord ensures a measure of calm, reducing panic and desertion amongst followers.",campaign_disaster.png,7,5,0,0,true,0,3,3,Reassuring Presence,"The presence of this Lord ensures a measure of calm, reducing panic and desertion amongst followers.",,,,,,wh_main_effect_force_army_campaign_attrition_all_resistance,Attrition: %+n% casualties suffered from all attrition,,general_to_force_own,-30,campaign,100,false,attrition.png,attrition.png,,,,,,,,,,,,,,,,,,,,,,,character_skill_level_to_effects_junctions_tables,wh_main_skill_lord_all_campaign_reassuring_presence|wh_main_effect_force_army_campaign_attrition_all_resistance|3|general_to_force_own
node,warhammer_3,8.1.1,24237342,Dwarfs,dwarfs,wh_main_sc_dwf_dwarfs,Thorgrim Grudgebearer,Thorgrim_Grudgebearer,legendary_lord,wh_main_dwf_thorgrim_grudgebearer,general,general,wh3_dlc26_dwf_dwarfs_invasion|wh_main_dwf_dwarfs|wh_main_dwf_dwarfs_qb1|wh_main_dwf_dwarfs_qb2|wh_main_dwf_dwarfs_qb3|wh_main_dwf_dwarfs_qb4,true,false,true,true,false,true,,legendary_lords,wh_main_skill_node_set_dwf_thorgrim,,1,general,false,false,,,,wh_main_skill_node_dwf_thorgrim_unique_08,wh_main_skill_dwf_lord_battle_lord_of_the_deeps,Lord of the Deeps,"A true Lord knows the Underway, his Dwarfhold and how to fight under the ground better than anyone.",character_morale.png,8,0,0,0,true,0,1,,,,,,,,,,,,,,,,,,,,,,,,,,,,,,,,,,,,,,,,,character_skill_nodes_tables,wh_main_skill_node_dwf_thorgrim_unique_08
skill_level,warhammer_3,8.1.1,24237342,Dwarfs,dwarfs,wh_main_sc_dwf_dwarfs,Thorgrim Grudgebearer,Thorgrim_Grudgebearer,legendary_lord,wh_main_dwf_thorgrim_grudgebearer,general,general,wh3_dlc26_dwf_dwarfs_invasion|wh_main_dwf_dwarfs|wh_main_dwf_dwarfs_qb1|wh_main_dwf_dwarfs_qb2|wh_main_dwf_dwarfs_qb3|wh_main_dwf_dwarfs_qb4,true,false,true,true,false,true,,legendary_lords,wh_main_skill_node_set_dwf_thorgrim,,1,general,false,false,,,,wh_main_skill_node_dwf_thorgrim_unique_08,wh_main_skill_dwf_lord_battle_lord_of_the_deeps,Lord of the Deeps,"A true Lord knows the Underway, his Dwarfhold and how to fight under the ground better than anyone.",character_morale.png,8,0,0,0,true,0,1,1,Lord of the Deeps,"A true Lord knows the Underway, his Dwarfhold and how to fight under the ground better than anyone.",7,x,,,,,,,,,,,,,,,,,,,,,,,,,,,,,,,,,,,,character_skill_level_details_tables,wh_main_skill_dwf_lord_battle_lord_of_the_deeps|1|||
effect,warhammer_3,8.1.1,24237342,Dwarfs,dwarfs,wh_main_sc_dwf_dwarfs,Thorgrim Grudgebearer,Thorgrim_Grudgebearer,legendary_lord,wh_main_dwf_thorgrim_grudgebearer,general,general,wh3_dlc26_dwf_dwarfs_invasion|wh_main_dwf_dwarfs|wh_main_dwf_dwarfs_qb1|wh_main_dwf_dwarfs_qb2|wh_main_dwf_dwarfs_qb3|wh_main_dwf_dwarfs_qb4,true,false,true,true,false,true,,legendary_lords,wh_main_skill_node_set_dwf_thorgrim,,1,general,false,false,,,,wh_main_skill_node_dwf_thorgrim_unique_08,wh_main_skill_dwf_lord_battle_lord_of_the_deeps,Lord of the Deeps,"A true Lord knows the Underway, his Dwarfhold and how to fight under the ground better than anyone.",character_morale.png,8,0,0,0,true,0,1,1,Lord of the Deeps,"A true Lord knows the Underway, his Dwarfhold and how to fight under the ground better than anyone.",,,,,,wh_main_effect_force_stat_leadership_during_siege_subterranean,Leadership: %+n during subterranean siege battles,,general_to_force_own,6,battle,411,true,morale.png,morale.png,,,,,,,,,,,,,,,,,,,,,,,character_skill_level_to_effects_junctions_tables,wh_main_skill_dwf_lord_battle_lord_of_the_deeps|wh_main_effect_force_stat_leadership_during_siege_subterranean|1|general_to_force_own
effect,warhammer_3,8.1.1,24237342,Dwarfs,dwarfs,wh_main_sc_dwf_dwarfs,Thorgrim Grudgebearer,Thorgrim_Grudgebearer,legendary_lord,wh_main_dwf_thorgrim_grudgebearer,general,general,wh3_dlc26_dwf_dwarfs_invasion|wh_main_dwf_dwarfs|wh_main_dwf_dwarfs_qb1|wh_main_dwf_dwarfs_qb2|wh_main_dwf_dwarfs_qb3|wh_main_dwf_dwarfs_qb4,true,false,true,true,false,true,,legendary_lords,wh_main_skill_node_set_dwf_thorgrim,,1,general,false,false,,,,wh_main_skill_node_dwf_thorgrim_unique_08,wh_main_skill_dwf_lord_battle_lord_of_the_deeps,Lord of the Deeps,"A true Lord knows the Underway, his Dwarfhold and how to fight under the ground better than anyone.",character_morale.png,8,0,0,0,true,0,1,1,Lord of the Deeps,"A true Lord knows the Underway, his Dwarfhold and how to fight under the ground better than anyone.",,,,,,wh_main_effect_force_stat_leadership_during_subterranean,Leadership: %+n during subterranean intercept battles,,general_to_force_own,6,battle,411,true,morale.png,morale.png,,,,,,,,,,,,,,,,,,,,,,,character_skill_level_to_effects_junctions_tables,wh_main_skill_dwf_lord_battle_lord_of_the_deeps|wh_main_effect_force_stat_leadership_during_subterranean|1|general_to_force_own
effect,warhammer_3,8.1.1,24237342,Dwarfs,dwarfs,wh_main_sc_dwf_dwarfs,Thorgrim Grudgebearer,Thorgrim_Grudgebearer,legendary_lord,wh_main_dwf_thorgrim_grudgebearer,general,general,wh3_dlc26_dwf_dwarfs_invasion|wh_main_dwf_dwarfs|wh_main_dwf_dwarfs_qb1|wh_main_dwf_dwarfs_qb2|wh_main_dwf_dwarfs_qb3|wh_main_dwf_dwarfs_qb4,true,false,true,true,false,true,,legendary_lords,wh_main_skill_node_set_dwf_thorgrim,,1,general,false,false,,,,wh_main_skill_node_dwf_thorgrim_unique_08,wh_main_skill_dwf_lord_battle_lord_of_the_deeps,Lord of the Deeps,"A true Lord knows the Underway, his Dwarfhold and how to fight under the ground better than anyone.",character_morale.png,8,0,0,0,true,0,1,1,Lord of the Deeps,"A true Lord knows the Underway, his Dwarfhold and how to fight under the ground better than anyone.",,,,,,wh2_main_effect_force_stat_leadership_vs_skaven,Leadership: %+n when fighting against Skaven,,general_to_force_own,6,battle,411,true,morale.png,morale.png,,,,,,,,,,,,,,,,,,,,,,,character_skill_level_to_effects_junctions_tables,wh_main_skill_dwf_lord_battle_lord_of_the_deeps|wh2_main_effect_force_stat_leadership_vs_skaven|1|general_to_force_own
node,warhammer_3,8.1.1,24237342,Dwarfs,dwarfs,wh_main_sc_dwf_dwarfs,Thorgrim Grudgebearer,Thorgrim_Grudgebearer,legendary_lord,wh_main_dwf_thorgrim_grudgebearer,general,general,wh3_dlc26_dwf_dwarfs_invasion|wh_main_dwf_dwarfs|wh_main_dwf_dwarfs_qb1|wh_main_dwf_dwarfs_qb2|wh_main_dwf_dwarfs_qb3|wh_main_dwf_dwarfs_qb4,true,false,true,true,false,true,,legendary_lords,wh_main_skill_node_set_dwf_thorgrim,,1,general,false,false,,,,wh_main_skill_node_dwf_thorgrim_self_09,wh2_dlc11_skill_all_lord_self_blade_shield,Blade Shield,A blade that sings in defence will not let its wielder be penetrated.,character_defence.png,8,3,0,0,true,0,2,,,,,,,,,,,,,,,,,,,,,,,,,,,,,,,,,,,,,,,,,character_skill_nodes_tables,wh_main_skill_node_dwf_thorgrim_self_09
effect,warhammer_3,8.1.1,24237342,Dwarfs,dwarfs,wh_main_sc_dwf_dwarfs,Thorgrim Grudgebearer,Thorgrim_Grudgebearer,legendary_lord,wh_main_dwf_thorgrim_grudgebearer,general,general,wh3_dlc26_dwf_dwarfs_invasion|wh_main_dwf_dwarfs|wh_main_dwf_dwarfs_qb1|wh_main_dwf_dwarfs_qb2|wh_main_dwf_dwarfs_qb3|wh_main_dwf_dwarfs_qb4,true,false,true,true,false,true,,legendary_lords,wh_main_skill_node_set_dwf_thorgrim,,1,general,false,false,,,,wh_main_skill_node_dwf_thorgrim_self_09,wh2_dlc11_skill_all_lord_self_blade_shield,Blade Shield,A blade that sings in defence will not let its wielder be penetrated.,character_defence.png,8,3,0,0,true,0,2,1,Blade Shield,A blade that sings in defence will not let its wielder be penetrated.,,,,,,wh_main_effect_character_stat_melee_defence,Melee defence: %+n,,character_to_character_own,6,both,150,true,defence_character.png,defence_character.png,,,,,,,,,,,,,,,,,,,,,,,character_skill_level_to_effects_junctions_tables,wh2_dlc11_skill_all_lord_self_blade_shield|wh_main_effect_character_stat_melee_defence|1|character_to_character_own
effect,warhammer_3,8.1.1,24237342,Dwarfs,dwarfs,wh_main_sc_dwf_dwarfs,Thorgrim Grudgebearer,Thorgrim_Grudgebearer,legendary_lord,wh_main_dwf_thorgrim_grudgebearer,general,general,wh3_dlc26_dwf_dwarfs_invasion|wh_main_dwf_dwarfs|wh_main_dwf_dwarfs_qb1|wh_main_dwf_dwarfs_qb2|wh_main_dwf_dwarfs_qb3|wh_main_dwf_dwarfs_qb4,true,false,true,true,false,true,,legendary_lords,wh_main_skill_node_set_dwf_thorgrim,,1,general,false,false,,,,wh_main_skill_node_dwf_thorgrim_self_09,wh2_dlc11_skill_all_lord_self_blade_shield,Blade Shield,A blade that sings in defence will not let its wielder be penetrated.,character_defence.png,8,3,0,0,true,0,2,2,Blade Shield,A blade that sings in defence will not let its wielder be penetrated.,,,,,,wh_main_effect_character_stat_melee_defence,Melee defence: %+n,,character_to_character_own,12,both,150,true,defence_character.png,defence_character.png,,,,,,,,,,,,,,,,,,,,,,,character_skill_level_to_effects_junctions_tables,wh2_dlc11_skill_all_lord_self_blade_shield|wh_main_effect_character_stat_melee_defence|2|character_to_character_own
node,warhammer_3,8.1.1,24237342,Dwarfs,dwarfs,wh_main_sc_dwf_dwarfs,Thorgrim Grudgebearer,Thorgrim_Grudgebearer,legendary_lord,wh_main_dwf_thorgrim_grudgebearer,general,general,wh3_dlc26_dwf_dwarfs_invasion|wh_main_dwf_dwarfs|wh_main_dwf_dwarfs_qb1|wh_main_dwf_dwarfs_qb2|wh_main_dwf_dwarfs_qb3|wh_main_dwf_dwarfs_qb4,true,false,true,true,false,true,,legendary_lords,wh_main_skill_node_set_dwf_thorgrim,,1,general,false,false,,,,wh_main_skill_node_dwf_thorgrim_battle_09,wh2_dlc11_skill_dwf_army_buff_blessed_by_grungni,Blessed by Grungni,Those who pass the trials of the Ancestor God have proven their honour without question.,battle_armour.png,8,4,0,0,true,0,1,,,,,,,,,,,,,,,,,,,,,,,,,,,,,,,,,,,,,,,,,character_skill_nodes_tables,wh_main_skill_node_dwf_thorgrim_battle_09
effect,warhammer_3,8.1.1,24237342,Dwarfs,dwarfs,wh_main_sc_dwf_dwarfs,Thorgrim Grudgebearer,Thorgrim_Grudgebearer,legendary_lord,wh_main_dwf_thorgrim_grudgebearer,general,general,wh3_dlc26_dwf_dwarfs_invasion|wh_main_dwf_dwarfs|wh_main_dwf_dwarfs_qb1|wh_main_dwf_dwarfs_qb2|wh_main_dwf_dwarfs_qb3|wh_main_dwf_dwarfs_qb4,true,false,true,true,false,true,,legendary_lords,wh_main_skill_node_set_dwf_thorgrim,,1,general,false,false,,,,wh_main_skill_node_dwf_thorgrim_battle_09,wh2_dlc11_skill_dwf_army_buff_blessed_by_grungni,Blessed by Grungni,Those who pass the trials of the Ancestor God have proven their honour without question.,battle_armour.png,8,4,0,0,true,0,1,1,Blessed by Grungni,Those who pass the trials of the Ancestor God have proven their honour without question.,,,,,,wh2_dlc11_effect_force_stat_armour_miners_warriors_longbeards_rank7,"Armour: %+n for Miners, Dwarf Warriors, and Longbeards units {{tr:rank7}}",,general_to_force_own,12,battle,403,true,armour.png,armour.png,,,,,,,,,,,,,,,,,,,,,,,character_skill_level_to_effects_junctions_tables,wh2_dlc11_skill_dwf_army_buff_blessed_by_grungni|wh2_dlc11_effect_force_stat_armour_miners_warriors_longbeards_rank7|1|general_to_force_own
effect,warhammer_3,8.1.1,24237342,Dwarfs,dwarfs,wh_main_sc_dwf_dwarfs,Thorgrim Grudgebearer,Thorgrim_Grudgebearer,legendary_lord,wh_main_dwf_thorgrim_grudgebearer,general,general,wh3_dlc26_dwf_dwarfs_invasion|wh_main_dwf_dwarfs|wh_main_dwf_dwarfs_qb1|wh_main_dwf_dwarfs_qb2|wh_main_dwf_dwarfs_qb3|wh_main_dwf_dwarfs_qb4,true,false,true,true,false,true,,legendary_lords,wh_main_skill_node_set_dwf_thorgrim,,1,general,false,false,,,,wh_main_skill_node_dwf_thorgrim_battle_09,wh2_dlc11_skill_dwf_army_buff_blessed_by_grungni,Blessed by Grungni,Those who pass the trials of the Ancestor God have proven their honour without question.,battle_armour.png,8,4,0,0,true,0,1,1,Blessed by Grungni,Those who pass the trials of the Ancestor God have proven their honour without question.,,,,,,wh2_dlc11_effect_force_stat_magic_resistance_miners_warriors_longbeards_rank7,"Spell resistance: %n% for Miners, Dwarf Warriors, and Longbeards units {{tr:rank7}}",,general_to_force_own,15,battle,582,true,resistance_magic.png,resistance_magic.png,,,,,,,,,,,,,,,,,,,,,,,character_skill_level_to_effects_junctions_tables,wh2_dlc11_skill_dwf_army_buff_blessed_by_grungni|wh2_dlc11_effect_force_stat_magic_resistance_miners_warriors_longbeards_rank7|1|general_to_force_own
effect,warhammer_3,8.1.1,24237342,Dwarfs,dwarfs,wh_main_sc_dwf_dwarfs,Thorgrim Grudgebearer,Thorgrim_Grudgebearer,legendary_lord,wh_main_dwf_thorgrim_grudgebearer,general,general,wh3_dlc26_dwf_dwarfs_invasion|wh_main_dwf_dwarfs|wh_main_dwf_dwarfs_qb1|wh_main_dwf_dwarfs_qb2|wh_main_dwf_dwarfs_qb3|wh_main_dwf_dwarfs_qb4,true,false,true,true,false,true,,legendary_lords,wh_main_skill_node_set_dwf_thorgrim,,1,general,false,false,,,,wh_main_skill_node_dwf_thorgrim_battle_09,wh2_dlc11_skill_dwf_army_buff_blessed_by_grungni,Blessed by Grungni,Those who pass the trials of the Ancestor God have proven their honour without question.,battle_armour.png,8,4,0,0,true,0,1,1,Blessed by Grungni,Those who pass the trials of the Ancestor God have proven their honour without question.,,,,,,wh2_dlc11_effect_force_stat_melee_defence_dwf_miners_warriors_longbeards_rank7,"Melee defence: %+n for Miners, Dwarf Warriors, and Longbeards units {{tr:rank7}}",,general_to_force_own,5,battle,452,true,defence.png,defence.png,,,,,,,,,,,,,,,,,,,,,,,character_skill_level_to_effects_junctions_tables,wh2_dlc11_skill_dwf_army_buff_blessed_by_grungni|wh2_dlc11_effect_force_stat_melee_defence_dwf_miners_warriors_longbeards_rank7|1|general_to_force_own
node,warhammer_3,8.1.1,24237342,Dwarfs,dwarfs,wh_main_sc_dwf_dwarfs,Thorgrim Grudgebearer,Thorgrim_Grudgebearer,legendary_lord,wh_main_dwf_thorgrim_grudgebearer,general,general,wh3_dlc26_dwf_dwarfs_invasion|wh_main_dwf_dwarfs|wh_main_dwf_dwarfs_qb1|wh_main_dwf_dwarfs_qb2|wh_main_dwf_dwarfs_qb3|wh_main_dwf_dwarfs_qb4,true,false,true,true,false,true,,legendary_lords,wh_main_skill_node_set_dwf_thorgrim,,1,general,false,false,,,,wh_main_skill_node_dwf_thorgrim_campaign_09,wh_main_skill_dwf_lord_campaign_inspirational_leader,Inspirational Leader,All Dwarfs to me! We have grudges to settle - Grimnir demands it!,campaign_replenishment.png,8,5,0,0,true,0,3,,,,,,,,,,,,,,,,,,,,,,,,,,,,,,,,,,,,,,,,,character_skill_nodes_tables,wh_main_skill_node_dwf_thorgrim_campaign_09
effect,warhammer_3,8.1.1,24237342,Dwarfs,dwarfs,wh_main_sc_dwf_dwarfs,Thorgrim Grudgebearer,Thorgrim_Grudgebearer,legendary_lord,wh_main_dwf_thorgrim_grudgebearer,general,general,wh3_dlc26_dwf_dwarfs_invasion|wh_main_dwf_dwarfs|wh_main_dwf_dwarfs_qb1|wh_main_dwf_dwarfs_qb2|wh_main_dwf_dwarfs_qb3|wh_main_dwf_dwarfs_qb4,true,false,true,true,false,true,,legendary_lords,wh_main_skill_node_set_dwf_thorgrim,,1,general,false,false,,,,wh_main_skill_node_dwf_thorgrim_campaign_09,wh_main_skill_dwf_lord_campaign_inspirational_leader,Inspirational Leader,All Dwarfs to me! We have grudges to settle - Grimnir demands it!,campaign_replenishment.png,8,5,0,0,true,0,3,1,Inspirational Leader,All Dwarfs to me! We have grudges to settle - Grimnir demands it!,,,,,,wh_main_effect_force_all_campaign_replenishment_rate,Casualty replenishment rate: %+n%,{{tr:replenishment_additional_tooltip}},general_to_force_own,2,campaign,101,true,replenishment.png,replenishment.png,,,,,,,,,,,,,,,,,,,,,,,character_skill_level_to_effects_junctions_tables,wh_main_skill_dwf_lord_campaign_inspirational_leader|wh_main_effect_force_all_campaign_replenishment_rate|1|general_to_force_own
effect,warhammer_3,8.1.1,24237342,Dwarfs,dwarfs,wh_main_sc_dwf_dwarfs,Thorgrim Grudgebearer,Thorgrim_Grudgebearer,legendary_lord,wh_main_dwf_thorgrim_grudgebearer,general,general,wh3_dlc26_dwf_dwarfs_invasion|wh_main_dwf_dwarfs|wh_main_dwf_dwarfs_qb1|wh_main_dwf_dwarfs_qb2|wh_main_dwf_dwarfs_qb3|wh_main_dwf_dwarfs_qb4,true,false,true,true,false,true,,legendary_lords,wh_main_skill_node_set_dwf_thorgrim,,1,general,false,false,,,,wh_main_skill_node_dwf_thorgrim_campaign_09,wh_main_skill_dwf_lord_campaign_inspirational_leader,Inspirational Leader,All Dwarfs to me! We have grudges to settle - Grimnir demands it!,campaign_replenishment.png,8,5,0,0,true,0,3,2,Inspirational Leader,All Dwarfs to me! We have grudges to settle - Grimnir demands it!,,,,,,wh_main_effect_force_all_campaign_replenishment_rate,Casualty replenishment rate: %+n%,{{tr:replenishment_additional_tooltip}},general_to_force_own,4,campaign,101,true,replenishment.png,replenishment.png,,,,,,,,,,,,,,,,,,,,,,,character_skill_level_to_effects_junctions_tables,wh_main_skill_dwf_lord_campaign_inspirational_leader|wh_main_effect_force_all_campaign_replenishment_rate|2|general_to_force_own
effect,warhammer_3,8.1.1,24237342,Dwarfs,dwarfs,wh_main_sc_dwf_dwarfs,Thorgrim Grudgebearer,Thorgrim_Grudgebearer,legendary_lord,wh_main_dwf_thorgrim_grudgebearer,general,general,wh3_dlc26_dwf_dwarfs_invasion|wh_main_dwf_dwarfs|wh_main_dwf_dwarfs_qb1|wh_main_dwf_dwarfs_qb2|wh_main_dwf_dwarfs_qb3|wh_main_dwf_dwarfs_qb4,true,false,true,true,false,true,,legendary_lords,wh_main_skill_node_set_dwf_thorgrim,,1,general,false,false,,,,wh_main_skill_node_dwf_thorgrim_campaign_09,wh_main_skill_dwf_lord_campaign_inspirational_leader,Inspirational Leader,All Dwarfs to me! We have grudges to settle - Grimnir demands it!,campaign_replenishment.png,8,5,0,0,true,0,3,3,Inspirational Leader,All Dwarfs to me! We have grudges to settle - Grimnir demands it!,,,,,,wh_main_effect_force_all_campaign_replenishment_rate,Casualty replenishment rate: %+n%,{{tr:replenishment_additional_tooltip}},general_to_force_own,6,campaign,101,true,replenishment.png,replenishment.png,,,,,,,,,,,,,,,,,,,,,,,character_skill_level_to_effects_junctions_tables,wh_main_skill_dwf_lord_campaign_inspirational_leader|wh_main_effect_force_all_campaign_replenishment_rate|3|general_to_force_own
node,warhammer_3,8.1.1,24237342,Dwarfs,dwarfs,wh_main_sc_dwf_dwarfs,Thorgrim Grudgebearer,Thorgrim_Grudgebearer,legendary_lord,wh_main_dwf_thorgrim_grudgebearer,general,general,wh3_dlc26_dwf_dwarfs_invasion|wh_main_dwf_dwarfs|wh_main_dwf_dwarfs_qb1|wh_main_dwf_dwarfs_qb2|wh_main_dwf_dwarfs_qb3|wh_main_dwf_dwarfs_qb4,true,false,true,true,false,true,,legendary_lords,wh_main_skill_node_set_dwf_thorgrim,,1,general,false,false,,,,wh_main_skill_node_dwf_thorgrim_unique_10,wh_main_skill_dwf_lord_battle_obstinacy,Obstinacy,"This stubborn Dwarf refuses to yield or tire, and ensures his followers are of the same ilk.",character_speed.png,9,0,0,0,true,0,1,,,,,,,,,,,,,,,,,,,,,,,,,,,,,,,,,,,,,,,,,character_skill_nodes_tables,wh_main_skill_node_dwf_thorgrim_unique_10
skill_level,warhammer_3,8.1.1,24237342,Dwarfs,dwarfs,wh_main_sc_dwf_dwarfs,Thorgrim Grudgebearer,Thorgrim_Grudgebearer,legendary_lord,wh_main_dwf_thorgrim_grudgebearer,general,general,wh3_dlc26_dwf_dwarfs_invasion|wh_main_dwf_dwarfs|wh_main_dwf_dwarfs_qb1|wh_main_dwf_dwarfs_qb2|wh_main_dwf_dwarfs_qb3|wh_main_dwf_dwarfs_qb4,true,false,true,true,false,true,,legendary_lords,wh_main_skill_node_set_dwf_thorgrim,,1,general,false,false,,,,wh_main_skill_node_dwf_thorgrim_unique_10,wh_main_skill_dwf_lord_battle_obstinacy,Obstinacy,"This stubborn Dwarf refuses to yield or tire, and ensures his followers are of the same ilk.",character_speed.png,9,0,0,0,true,0,1,1,Obstinacy,"This stubborn Dwarf refuses to yield or tire, and ensures his followers are of the same ilk.",9,x,,,,,,,,,,,,,,,,,,,,,,,,,,,,,,,,,,,,character_skill_level_details_tables,wh_main_skill_dwf_lord_battle_obstinacy|1|||
effect,warhammer_3,8.1.1,24237342,Dwarfs,dwarfs,wh_main_sc_dwf_dwarfs,Thorgrim Grudgebearer,Thorgrim_Grudgebearer,legendary_lord,wh_main_dwf_thorgrim_grudgebearer,general,general,wh3_dlc26_dwf_dwarfs_invasion|wh_main_dwf_dwarfs|wh_main_dwf_dwarfs_qb1|wh_main_dwf_dwarfs_qb2|wh_main_dwf_dwarfs_qb3|wh_main_dwf_dwarfs_qb4,true,false,true,true,false,true,,legendary_lords,wh_main_skill_node_set_dwf_thorgrim,,1,general,false,false,,,,wh_main_skill_node_dwf_thorgrim_unique_10,wh_main_skill_dwf_lord_battle_obstinacy,Obstinacy,"This stubborn Dwarf refuses to yield or tire, and ensures his followers are of the same ilk.",character_speed.png,9,0,0,0,true,0,1,1,Obstinacy,"This stubborn Dwarf refuses to yield or tire, and ensures his followers are of the same ilk.",,,,,,wh_main_effect_force_stat_vigour_loss_reduction,Vigour loss reduction: %+n%,,general_to_force_own,-15,battle,101,false,vigour.png,vigour.png,,,,,,,,,,,,,,,,,,,,,,,character_skill_level_to_effects_junctions_tables,wh_main_skill_dwf_lord_battle_obstinacy|wh_main_effect_force_stat_vigour_loss_reduction|1|general_to_force_own
node,warhammer_3,8.1.1,24237342,Dwarfs,dwarfs,wh_main_sc_dwf_dwarfs,Thorgrim Grudgebearer,Thorgrim_Grudgebearer,legendary_lord,wh_main_dwf_thorgrim_grudgebearer,general,general,wh3_dlc26_dwf_dwarfs_invasion|wh_main_dwf_dwarfs|wh_main_dwf_dwarfs_qb1|wh_main_dwf_dwarfs_qb2|wh_main_dwf_dwarfs_qb3|wh_main_dwf_dwarfs_qb4,true,false,true,true,false,true,,legendary_lords,wh_main_skill_node_set_dwf_thorgrim,,1,general,false,false,,,,wh_main_skill_node_dwf_thorgrim_self_10,wh_main_skill_dwf_lord_self_relentless,Relentless,"Dwarfs are not fast, yet they will soldier on, always moving despite any hazards encountered.",character_speed.png,9,3,0,0,true,0,2,,,,,,,,,,,,,,,,,,,,,,,,,,,,,,,,,,,,,,,,,character_skill_nodes_tables,wh_main_skill_node_dwf_thorgrim_self_10
effect,warhammer_3,8.1.1,24237342,Dwarfs,dwarfs,wh_main_sc_dwf_dwarfs,Thorgrim Grudgebearer,Thorgrim_Grudgebearer,legendary_lord,wh_main_dwf_thorgrim_grudgebearer,general,general,wh3_dlc26_dwf_dwarfs_invasion|wh_main_dwf_dwarfs|wh_main_dwf_dwarfs_qb1|wh_main_dwf_dwarfs_qb2|wh_main_dwf_dwarfs_qb3|wh_main_dwf_dwarfs_qb4,true,false,true,true,false,true,,legendary_lords,wh_main_skill_node_set_dwf_thorgrim,,1,general,false,false,,,,wh_main_skill_node_dwf_thorgrim_self_10,wh_main_skill_dwf_lord_self_relentless,Relentless,"Dwarfs are not fast, yet they will soldier on, always moving despite any hazards encountered.",character_speed.png,9,3,0,0,true,0,2,1,Relentless,"Dwarfs are not fast, yet they will soldier on, always moving despite any hazards encountered.",,,,,,wh_main_effect_character_stat_speed,Speed: %+n%,,character_to_character_own,7,both,120,true,battle_movement_character.png,battle_movement_character.png,,,,,,,,,,,,,,,,,,,,,,,character_skill_level_to_effects_junctions_tables,wh_main_skill_dwf_lord_self_relentless|wh_main_effect_character_stat_speed|1|character_to_character_own
effect,warhammer_3,8.1.1,24237342,Dwarfs,dwarfs,wh_main_sc_dwf_dwarfs,Thorgrim Grudgebearer,Thorgrim_Grudgebearer,legendary_lord,wh_main_dwf_thorgrim_grudgebearer,general,general,wh3_dlc26_dwf_dwarfs_invasion|wh_main_dwf_dwarfs|wh_main_dwf_dwarfs_qb1|wh_main_dwf_dwarfs_qb2|wh_main_dwf_dwarfs_qb3|wh_main_dwf_dwarfs_qb4,true,false,true,true,false,true,,legendary_lords,wh_main_skill_node_set_dwf_thorgrim,,1,general,false,false,,,,wh_main_skill_node_dwf_thorgrim_self_10,wh_main_skill_dwf_lord_self_relentless,Relentless,"Dwarfs are not fast, yet they will soldier on, always moving despite any hazards encountered.",character_speed.png,9,3,0,0,true,0,2,2,Relentless,"Dwarfs are not fast, yet they will soldier on, always moving despite any hazards encountered.",,,,,,wh_main_effect_character_stat_speed,Speed: %+n%,,character_to_character_own,15,both,120,true,battle_movement_character.png,battle_movement_character.png,,,,,,,,,,,,,,,,,,,,,,,character_skill_level_to_effects_junctions_tables,wh_main_skill_dwf_lord_self_relentless|wh_main_effect_character_stat_speed|2|character_to_character_own
node,warhammer_3,8.1.1,24237342,Dwarfs,dwarfs,wh_main_sc_dwf_dwarfs,Thorgrim Grudgebearer,Thorgrim_Grudgebearer,legendary_lord,wh_main_dwf_thorgrim_grudgebearer,general,general,wh3_dlc26_dwf_dwarfs_invasion|wh_main_dwf_dwarfs|wh_main_dwf_dwarfs_qb1|wh_main_dwf_dwarfs_qb2|wh_main_dwf_dwarfs_qb3|wh_main_dwf_dwarfs_qb4,true,false,true,true,false,true,,legendary_lords,wh_main_skill_node_set_dwf_thorgrim,,1,general,false,false,,,,wh_main_skill_node_dwf_thorgrim_battle_10,wh2_dlc11_skill_dwf_army_buff_dawi_firepower,Dawi Firepower,None know the strength of the Dawi better than those who've suffered their firepower firsthand.,battle_ranged_damage.png,9,4,0,0,true,0,1,,,,,,,,,,,,,,,,,,,,,,,,,,,,,,,,,,,,,,,,,character_skill_nodes_tables,wh_main_skill_node_dwf_thorgrim_battle_10
effect,warhammer_3,8.1.1,24237342,Dwarfs,dwarfs,wh_main_sc_dwf_dwarfs,Thorgrim Grudgebearer,Thorgrim_Grudgebearer,legendary_lord,wh_main_dwf_thorgrim_grudgebearer,general,general,wh3_dlc26_dwf_dwarfs_invasion|wh_main_dwf_dwarfs|wh_main_dwf_dwarfs_qb1|wh_main_dwf_dwarfs_qb2|wh_main_dwf_dwarfs_qb3|wh_main_dwf_dwarfs_qb4,true,false,true,true,false,true,,legendary_lords,wh_main_skill_node_set_dwf_thorgrim,,1,general,false,false,,,,wh_main_skill_node_dwf_thorgrim_battle_10,wh2_dlc11_skill_dwf_army_buff_dawi_firepower,Dawi Firepower,None know the strength of the Dawi better than those who've suffered their firepower firsthand.,battle_ranged_damage.png,9,4,0,0,true,0,1,1,Dawi Firepower,None know the strength of the Dawi better than those who've suffered their firepower firsthand.,,,,,,wh2_dlc11_effect_force_stat_missile_damage_dwf_rangers_quarrellers_thunderers_irondrakes_gyrocopters_rank7,"Missile strength: %+n% for Quarrellers, Thunderers, Rangers, Irondrakes, Gyrocopters, Gyrobombers and Thunderbarge units {{tr:rank7}}",,general_to_force_own,12,battle,542,true,ranged_damage.png,ranged_damage.png,,,,,,,,,,,,,,,,,,,,,,,character_skill_level_to_effects_junctions_tables,wh2_dlc11_skill_dwf_army_buff_dawi_firepower|wh2_dlc11_effect_force_stat_missile_damage_dwf_rangers_quarrellers_thunderers_irondrakes_gyrocopters_rank7|1|general_to_force_own
effect,warhammer_3,8.1.1,24237342,Dwarfs,dwarfs,wh_main_sc_dwf_dwarfs,Thorgrim Grudgebearer,Thorgrim_Grudgebearer,legendary_lord,wh_main_dwf_thorgrim_grudgebearer,general,general,wh3_dlc26_dwf_dwarfs_invasion|wh_main_dwf_dwarfs|wh_main_dwf_dwarfs_qb1|wh_main_dwf_dwarfs_qb2|wh_main_dwf_dwarfs_qb3|wh_main_dwf_dwarfs_qb4,true,false,true,true,false,true,,legendary_lords,wh_main_skill_node_set_dwf_thorgrim,,1,general,false,false,,,,wh_main_skill_node_dwf_thorgrim_battle_10,wh2_dlc11_skill_dwf_army_buff_dawi_firepower,Dawi Firepower,None know the strength of the Dawi better than those who've suffered their firepower firsthand.,battle_ranged_damage.png,9,4,0,0,true,0,1,1,Dawi Firepower,None know the strength of the Dawi better than those who've suffered their firepower firsthand.,,,,,,wh2_dlc11_effect_force_stat_missile_resistance_dwf_rangers_quarrellers_thunderers_irondrakes_gyrocopters_rank7,"Missile resistance: %n% for Quarrellers, Thunderers, Rangers, Irondrakes, Gyrocopters, Gyrobombers and Thunderbarge units {{tr:rank7}}",,general_to_force_own,15,battle,582,true,resistance_missile.png,resistance_missile.png,,,,,,,,,,,,,,,,,,,,,,,character_skill_level_to_effects_junctions_tables,wh2_dlc11_skill_dwf_army_buff_dawi_firepower|wh2_dlc11_effect_force_stat_missile_resistance_dwf_rangers_quarrellers_thunderers_irondrakes_gyrocopters_rank7|1|general_to_force_own
effect,warhammer_3,8.1.1,24237342,Dwarfs,dwarfs,wh_main_sc_dwf_dwarfs,Thorgrim Grudgebearer,Thorgrim_Grudgebearer,legendary_lord,wh_main_dwf_thorgrim_grudgebearer,general,general,wh3_dlc26_dwf_dwarfs_invasion|wh_main_dwf_dwarfs|wh_main_dwf_dwarfs_qb1|wh_main_dwf_dwarfs_qb2|wh_main_dwf_dwarfs_qb3|wh_main_dwf_dwarfs_qb4,true,false,true,true,false,true,,legendary_lords,wh_main_skill_node_set_dwf_thorgrim,,1,general,false,false,,,,wh_main_skill_node_dwf_thorgrim_battle_10,wh2_dlc11_skill_dwf_army_buff_dawi_firepower,Dawi Firepower,None know the strength of the Dawi better than those who've suffered their firepower firsthand.,battle_ranged_damage.png,9,4,0,0,true,0,1,1,Dawi Firepower,None know the strength of the Dawi better than those who've suffered their firepower firsthand.,,,,,,wh2_dlc11_effect_force_stat_reload_time_reduction_dwf_rangers_quarrellers_thunderers_irondrakes_gyrocopters_rank7,"Reload time reduction: %+n% for Quarrellers, Thunderers, Rangers, Irondrakes, Gyrocopters, Gyrobombers and Thunderbarge units {{tr:rank7}}",,general_to_force_own,10,battle,562,true,icon_stat_reload_time_force.png,icon_stat_reload_time_force.png,,,,,,,,,,,,,,,,,,,,,,,character_skill_level_to_effects_junctions_tables,wh2_dlc11_skill_dwf_army_buff_dawi_firepower|wh2_dlc11_effect_force_stat_reload_time_reduction_dwf_rangers_quarrellers_thunderers_irondrakes_gyrocopters_rank7|1|general_to_force_own
node,warhammer_3,8.1.1,24237342,Dwarfs,dwarfs,wh_main_sc_dwf_dwarfs,Thorgrim Grudgebearer,Thorgrim_Grudgebearer,legendary_lord,wh_main_dwf_thorgrim_grudgebearer,general,general,wh3_dlc26_dwf_dwarfs_invasion|wh_main_dwf_dwarfs|wh_main_dwf_dwarfs_qb1|wh_main_dwf_dwarfs_qb2|wh_main_dwf_dwarfs_qb3|wh_main_dwf_dwarfs_qb4,true,false,true,true,false,true,,legendary_lords,wh_main_skill_node_set_dwf_thorgrim,,1,general,false,false,,,,wh_main_skill_node_dwf_thorgrim_campaign_10,wh_main_skill_all_lord_campaign_alert,Alert,Countless conflicts and a keen sense of awareness have made this Lord difficult to entrap.,campaign_ambush.png,9,5,0,0,true,0,3,,,,,,,,,,,,,,,,,,,,,,,,,,,,,,,,,,,,,,,,,character_skill_nodes_tables,wh_main_skill_node_dwf_thorgrim_campaign_10
effect,warhammer_3,8.1.1,24237342,Dwarfs,dwarfs,wh_main_sc_dwf_dwarfs,Thorgrim Grudgebearer,Thorgrim_Grudgebearer,legendary_lord,wh_main_dwf_thorgrim_grudgebearer,general,general,wh3_dlc26_dwf_dwarfs_invasion|wh_main_dwf_dwarfs|wh_main_dwf_dwarfs_qb1|wh_main_dwf_dwarfs_qb2|wh_main_dwf_dwarfs_qb3|wh_main_dwf_dwarfs_qb4,true,false,true,true,false,true,,legendary_lords,wh_main_skill_node_set_dwf_thorgrim,,1,general,false,false,,,,wh_main_skill_node_dwf_thorgrim_campaign_10,wh_main_skill_all_lord_campaign_alert,Alert,Countless conflicts and a keen sense of awareness have made this Lord difficult to entrap.,campaign_ambush.png,9,5,0,0,true,0,3,1,Alert,Countless conflicts and a keen sense of awareness have made this Lord difficult to entrap.,,,,,,wh_main_effect_force_army_campaign_ambush_defence_success_chance,Ambush defence chance: %+n%,,general_to_force_own,6,campaign,110,true,icon_effects_ambush.png,icon_effects_ambush.png,,,,,,,,,,,,,,,,,,,,,,,character_skill_level_to_effects_junctions_tables,wh_main_skill_all_lord_campaign_alert|wh_main_effect_force_army_campaign_ambush_defence_success_chance|1|general_to_force_own
effect,warhammer_3,8.1.1,24237342,Dwarfs,dwarfs,wh_main_sc_dwf_dwarfs,Thorgrim Grudgebearer,Thorgrim_Grudgebearer,legendary_lord,wh_main_dwf_thorgrim_grudgebearer,general,general,wh3_dlc26_dwf_dwarfs_invasion|wh_main_dwf_dwarfs|wh_main_dwf_dwarfs_qb1|wh_main_dwf_dwarfs_qb2|wh_main_dwf_dwarfs_qb3|wh_main_dwf_dwarfs_qb4,true,false,true,true,false,true,,legendary_lords,wh_main_skill_node_set_dwf_thorgrim,,1,general,false,false,,,,wh_main_skill_node_dwf_thorgrim_campaign_10,wh_main_skill_all_lord_campaign_alert,Alert,Countless conflicts and a keen sense of awareness have made this Lord difficult to entrap.,campaign_ambush.png,9,5,0,0,true,0,3,2,Alert,Countless conflicts and a keen sense of awareness have made this Lord difficult to entrap.,,,,,,wh_main_effect_force_army_campaign_ambush_defence_success_chance,Ambush defence chance: %+n%,,general_to_force_own,16,campaign,110,true,icon_effects_ambush.png,icon_effects_ambush.png,,,,,,,,,,,,,,,,,,,,,,,character_skill_level_to_effects_junctions_tables,wh_main_skill_all_lord_campaign_alert|wh_main_effect_force_army_campaign_ambush_defence_success_chance|2|general_to_force_own
effect,warhammer_3,8.1.1,24237342,Dwarfs,dwarfs,wh_main_sc_dwf_dwarfs,Thorgrim Grudgebearer,Thorgrim_Grudgebearer,legendary_lord,wh_main_dwf_thorgrim_grudgebearer,general,general,wh3_dlc26_dwf_dwarfs_invasion|wh_main_dwf_dwarfs|wh_main_dwf_dwarfs_qb1|wh_main_dwf_dwarfs_qb2|wh_main_dwf_dwarfs_qb3|wh_main_dwf_dwarfs_qb4,true,false,true,true,false,true,,legendary_lords,wh_main_skill_node_set_dwf_thorgrim,,1,general,false,false,,,,wh_main_skill_node_dwf_thorgrim_campaign_10,wh_main_skill_all_lord_campaign_alert,Alert,Countless conflicts and a keen sense of awareness have made this Lord difficult to entrap.,campaign_ambush.png,9,5,0,0,true,0,3,2,Alert,Countless conflicts and a keen sense of awareness have made this Lord difficult to entrap.,,,,,,wh_main_effect_general_mod_tunnel_interception_chance,"Chance of intercepting an army using {{tr:ui_text_replacements_localised_text_tunnelling_stance}}, beast-paths or Worldroots: %+n%",,character_to_character_own,5,campaign,101,true,subterranean.png,subterranean.png,,,,,,,,,,,,,,,,,,,,,,,character_skill_level_to_effects_junctions_tables,wh_main_skill_all_lord_campaign_alert|wh_main_effect_general_mod_tunnel_interception_chance|2|character_to_character_own
effect,warhammer_3,8.1.1,24237342,Dwarfs,dwarfs,wh_main_sc_dwf_dwarfs,Thorgrim Grudgebearer,Thorgrim_Grudgebearer,legendary_lord,wh_main_dwf_thorgrim_grudgebearer,general,general,wh3_dlc26_dwf_dwarfs_invasion|wh_main_dwf_dwarfs|wh_main_dwf_dwarfs_qb1|wh_main_dwf_dwarfs_qb2|wh_main_dwf_dwarfs_qb3|wh_main_dwf_dwarfs_qb4,true,false,true,true,false,true,,legendary_lords,wh_main_skill_node_set_dwf_thorgrim,,1,general,false,false,,,,wh_main_skill_node_dwf_thorgrim_campaign_10,wh_main_skill_all_lord_campaign_alert,Alert,Countless conflicts and a keen sense of awareness have made this Lord difficult to entrap.,campaign_ambush.png,9,5,0,0,true,0,3,3,Alert,Countless conflicts and a keen sense of awareness have made this Lord difficult to entrap.,,,,,,wh_main_effect_force_army_campaign_ambush_defence_success_chance,Ambush defence chance: %+n%,,general_to_force_own,30,campaign,110,true,icon_effects_ambush.png,icon_effects_ambush.png,,,,,,,,,,,,,,,,,,,,,,,character_skill_level_to_effects_junctions_tables,wh_main_skill_all_lord_campaign_alert|wh_main_effect_force_army_campaign_ambush_defence_success_chance|3|general_to_force_own
effect,warhammer_3,8.1.1,24237342,Dwarfs,dwarfs,wh_main_sc_dwf_dwarfs,Thorgrim Grudgebearer,Thorgrim_Grudgebearer,legendary_lord,wh_main_dwf_thorgrim_grudgebearer,general,general,wh3_dlc26_dwf_dwarfs_invasion|wh_main_dwf_dwarfs|wh_main_dwf_dwarfs_qb1|wh_main_dwf_dwarfs_qb2|wh_main_dwf_dwarfs_qb3|wh_main_dwf_dwarfs_qb4,true,false,true,true,false,true,,legendary_lords,wh_main_skill_node_set_dwf_thorgrim,,1,general,false,false,,,,wh_main_skill_node_dwf_thorgrim_campaign_10,wh_main_skill_all_lord_campaign_alert,Alert,Countless conflicts and a keen sense of awareness have made this Lord difficult to entrap.,campaign_ambush.png,9,5,0,0,true,0,3,3,Alert,Countless conflicts and a keen sense of awareness have made this Lord difficult to entrap.,,,,,,wh_main_effect_general_mod_tunnel_interception_chance,"Chance of intercepting an army using {{tr:ui_text_replacements_localised_text_tunnelling_stance}}, beast-paths or Worldroots: %+n%",,character_to_character_own,10,campaign,101,true,subterranean.png,subterranean.png,,,,,,,,,,,,,,,,,,,,,,,character_skill_level_to_effects_junctions_tables,wh_main_skill_all_lord_campaign_alert|wh_main_effect_general_mod_tunnel_interception_chance|3|character_to_character_own
node,warhammer_3,8.1.1,24237342,Dwarfs,dwarfs,wh_main_sc_dwf_dwarfs,Thorgrim Grudgebearer,Thorgrim_Grudgebearer,legendary_lord,wh_main_dwf_thorgrim_grudgebearer,general,general,wh3_dlc26_dwf_dwarfs_invasion|wh_main_dwf_dwarfs|wh_main_dwf_dwarfs_qb1|wh_main_dwf_dwarfs_qb2|wh_main_dwf_dwarfs_qb3|wh_main_dwf_dwarfs_qb4,true,false,true,true,false,true,,legendary_lords,wh_main_skill_node_set_dwf_thorgrim,,1,general,false,false,,,,wh_main_skill_node_dwf_thorgrim_unique_07,wh_main_skill_dwf_all_unique_rune_of_grimnir,Rune of Grimnir,"The endless courage of the Warrior God, directed to bolster this Dawi’s own reserves.",character_ward_save.png,10,0,0,0,true,7,1,,,,,,,,,,,,,,,,,,,,,,,,,,,,,,,,,,,,,,,,,character_skill_nodes_tables,wh_main_skill_node_dwf_thorgrim_unique_07
skill_level,warhammer_3,8.1.1,24237342,Dwarfs,dwarfs,wh_main_sc_dwf_dwarfs,Thorgrim Grudgebearer,Thorgrim_Grudgebearer,legendary_lord,wh_main_dwf_thorgrim_grudgebearer,general,general,wh3_dlc26_dwf_dwarfs_invasion|wh_main_dwf_dwarfs|wh_main_dwf_dwarfs_qb1|wh_main_dwf_dwarfs_qb2|wh_main_dwf_dwarfs_qb3|wh_main_dwf_dwarfs_qb4,true,false,true,true,false,true,,legendary_lords,wh_main_skill_node_set_dwf_thorgrim,,1,general,false,false,,,,wh_main_skill_node_dwf_thorgrim_unique_07,wh_main_skill_dwf_all_unique_rune_of_grimnir,Rune of Grimnir,"The endless courage of the Warrior God, directed to bolster this Dawi’s own reserves.",character_ward_save.png,10,0,0,0,true,7,1,1,Rune of Grimnir,"The endless courage of the Warrior God, directed to bolster this Dawi’s own reserves.",7,x,,,,,,,,,,,,,,,,,,,,,,,,,,,,,,,,,,,,character_skill_level_details_tables,wh_main_skill_dwf_all_unique_rune_of_grimnir|1|||
effect,warhammer_3,8.1.1,24237342,Dwarfs,dwarfs,wh_main_sc_dwf_dwarfs,Thorgrim Grudgebearer,Thorgrim_Grudgebearer,legendary_lord,wh_main_dwf_thorgrim_grudgebearer,general,general,wh3_dlc26_dwf_dwarfs_invasion|wh_main_dwf_dwarfs|wh_main_dwf_dwarfs_qb1|wh_main_dwf_dwarfs_qb2|wh_main_dwf_dwarfs_qb3|wh_main_dwf_dwarfs_qb4,true,false,true,true,false,true,,legendary_lords,wh_main_skill_node_set_dwf_thorgrim,,1,general,false,false,,,,wh_main_skill_node_dwf_thorgrim_unique_07,wh_main_skill_dwf_all_unique_rune_of_grimnir,Rune of Grimnir,"The endless courage of the Warrior God, directed to bolster this Dawi’s own reserves.",character_ward_save.png,10,0,0,0,true,7,1,1,Rune of Grimnir,"The endless courage of the Warrior God, directed to bolster this Dawi’s own reserves.",,,,,,wh_main_effect_character_stat_missile_resistance,Missile resistance: %n%,"Missile Resistance. Damage of missile attacks is reduced by this amount, up to a maximum of 90%",character_to_character_own,10,both,280,true,resistance_missile.png,resistance_missile.png,,,,,,,,,,,,,,,,,,,,,,,character_skill_level_to_effects_junctions_tables,wh_main_skill_dwf_all_unique_rune_of_grimnir|wh_main_effect_character_stat_missile_resistance|1|character_to_character_own
node,warhammer_3,8.1.1,24237342,Dwarfs,dwarfs,wh_main_sc_dwf_dwarfs,Thorgrim Grudgebearer,Thorgrim_Grudgebearer,legendary_lord,wh_main_dwf_thorgrim_grudgebearer,general,general,wh3_dlc26_dwf_dwarfs_invasion|wh_main_dwf_dwarfs|wh_main_dwf_dwarfs_qb1|wh_main_dwf_dwarfs_qb2|wh_main_dwf_dwarfs_qb3|wh_main_dwf_dwarfs_qb4,true,false,true,true,false,true,,legendary_lords,wh_main_skill_node_set_dwf_thorgrim,,1,general,false,false,,,,wh_main_skill_node_dwf_thorgrim_self_11,wh_main_skill_all_all_self_deadly_onslaught,Deadly Onslaught,"The war is endless. The cycle of charging, clashing, and bloody hand-to-hand fighting is without end. It will never stop.",wh_main_character_abilities_deadly_onslaught.png,10,3,0,4,true,0,1,,,,,,,,,,,,,,,,,,,,,,,,,,,,,,,,,,,,,,,,,character_skill_nodes_tables,wh_main_skill_node_dwf_thorgrim_self_11
effect,warhammer_3,8.1.1,24237342,Dwarfs,dwarfs,wh_main_sc_dwf_dwarfs,Thorgrim Grudgebearer,Thorgrim_Grudgebearer,legendary_lord,wh_main_dwf_thorgrim_grudgebearer,general,general,wh3_dlc26_dwf_dwarfs_invasion|wh_main_dwf_dwarfs|wh_main_dwf_dwarfs_qb1|wh_main_dwf_dwarfs_qb2|wh_main_dwf_dwarfs_qb3|wh_main_dwf_dwarfs_qb4,true,false,true,true,false,true,,legendary_lords,wh_main_skill_node_set_dwf_thorgrim,,1,general,false,false,,,,wh_main_skill_node_dwf_thorgrim_self_11,wh_main_skill_all_all_self_deadly_onslaught,Deadly Onslaught,"The war is endless. The cycle of charging, clashing, and bloody hand-to-hand fighting is without end. It will never stop.",wh_main_character_abilities_deadly_onslaught.png,10,3,0,4,true,0,1,1,Deadly Onslaught,"The war is endless. The cycle of charging, clashing, and bloody hand-to-hand fighting is without end. It will never stop.",,,,,,wh_main_effect_ability_enable_deadly_onslaught,"Ability: ""Deadly Onslaught""",,character_to_character_own,1,battle,300,true,general_ability.png,general_ability.png,,,,,,,,,,,,,,,,,,,,,,,character_skill_level_to_effects_junctions_tables,wh_main_skill_all_all_self_deadly_onslaught|wh_main_effect_ability_enable_deadly_onslaught|1|character_to_character_own
node,warhammer_3,8.1.1,24237342,Dwarfs,dwarfs,wh_main_sc_dwf_dwarfs,Thorgrim Grudgebearer,Thorgrim_Grudgebearer,legendary_lord,wh_main_dwf_thorgrim_grudgebearer,general,general,wh3_dlc26_dwf_dwarfs_invasion|wh_main_dwf_dwarfs|wh_main_dwf_dwarfs_qb1|wh_main_dwf_dwarfs_qb2|wh_main_dwf_dwarfs_qb3|wh_main_dwf_dwarfs_qb4,true,false,true,true,false,true,,legendary_lords,wh_main_skill_node_set_dwf_thorgrim,,1,general,false,false,,,,wh_main_skill_node_dwf_thorgrim_battle_11,wh2_dlc11_skill_dwf_army_buff_honoured_by_grimnir,Honoured by Grimnir,"All Dwarfs worship Grimnir, but only a select few warriors receive his personal recognition.",battle_damage.png,10,4,0,0,true,0,1,,,,,,,,,,,,,,,,,,,,,,,,,,,,,,,,,,,,,,,,,character_skill_nodes_tables,wh_main_skill_node_dwf_thorgrim_battle_11
effect,warhammer_3,8.1.1,24237342,Dwarfs,dwarfs,wh_main_sc_dwf_dwarfs,Thorgrim Grudgebearer,Thorgrim_Grudgebearer,legendary_lord,wh_main_dwf_thorgrim_grudgebearer,general,general,wh3_dlc26_dwf_dwarfs_invasion|wh_main_dwf_dwarfs|wh_main_dwf_dwarfs_qb1|wh_main_dwf_dwarfs_qb2|wh_main_dwf_dwarfs_qb3|wh_main_dwf_dwarfs_qb4,true,false,true,true,false,true,,legendary_lords,wh_main_skill_node_set_dwf_thorgrim,,1,general,false,false,,,,wh_main_skill_node_dwf_thorgrim_battle_11,wh2_dlc11_skill_dwf_army_buff_honoured_by_grimnir,Honoured by Grimnir,"All Dwarfs worship Grimnir, but only a select few warriors receive his personal recognition.",battle_damage.png,10,4,0,0,true,0,1,1,Honoured by Grimnir,"All Dwarfs worship Grimnir, but only a select few warriors receive his personal recognition.",,,,,,wh2_dlc11_effect_force_stat_melee_attack_slayers_hammerers_ironbreakers_rank7,"Melee attack: %+n for Slayers, Giant Slayers, Doomseekers, Slayer Pirates, Hammerers and Ironbreakers units {{tr:rank7}}",,general_to_force_own,5,battle,432,true,melee.png,melee.png,,,,,,,,,,,,,,,,,,,,,,,character_skill_level_to_effects_junctions_tables,wh2_dlc11_skill_dwf_army_buff_honoured_by_grimnir|wh2_dlc11_effect_force_stat_melee_attack_slayers_hammerers_ironbreakers_rank7|1|general_to_force_own
effect,warhammer_3,8.1.1,24237342,Dwarfs,dwarfs,wh_main_sc_dwf_dwarfs,Thorgrim Grudgebearer,Thorgrim_Grudgebearer,legendary_lord,wh_main_dwf_thorgrim_grudgebearer,general,general,wh3_dlc26_dwf_dwarfs_invasion|wh_main_dwf_dwarfs|wh_main_dwf_dwarfs_qb1|wh_main_dwf_dwarfs_qb2|wh_main_dwf_dwarfs_qb3|wh_main_dwf_dwarfs_qb4,true,false,true,true,false,true,,legendary_lords,wh_main_skill_node_set_dwf_thorgrim,,1,general,false,false,,,,wh_main_skill_node_dwf_thorgrim_battle_11,wh2_dlc11_skill_dwf_army_buff_honoured_by_grimnir,Honoured by Grimnir,"All Dwarfs worship Grimnir, but only a select few warriors receive his personal recognition.",battle_damage.png,10,4,0,0,true,0,1,1,Honoured by Grimnir,"All Dwarfs worship Grimnir, but only a select few warriors receive his personal recognition.",,,,,,wh2_dlc11_effect_force_stat_physical_resistance_dwf_slayers_hammerers_ironbreakers_rank7,"Physical resistance: %n% for Slayers, Giant Slayers, Doomseekers, Slayer Pirates, Hammerers and Ironbreakers units {{tr:rank7}}",,general_to_force_own,10,battle,582,true,resistance_physical.png,resistance_physical.png,,,,,,,,,,,,,,,,,,,,,,,character_skill_level_to_effects_junctions_tables,wh2_dlc11_skill_dwf_army_buff_honoured_by_grimnir|wh2_dlc11_effect_force_stat_physical_resistance_dwf_slayers_hammerers_ironbreakers_rank7|1|general_to_force_own
effect,warhammer_3,8.1.1,24237342,Dwarfs,dwarfs,wh_main_sc_dwf_dwarfs,Thorgrim Grudgebearer,Thorgrim_Grudgebearer,legendary_lord,wh_main_dwf_thorgrim_grudgebearer,general,general,wh3_dlc26_dwf_dwarfs_invasion|wh_main_dwf_dwarfs|wh_main_dwf_dwarfs_qb1|wh_main_dwf_dwarfs_qb2|wh_main_dwf_dwarfs_qb3|wh_main_dwf_dwarfs_qb4,true,false,true,true,false,true,,legendary_lords,wh_main_skill_node_set_dwf_thorgrim,,1,general,false,false,,,,wh_main_skill_node_dwf_thorgrim_battle_11,wh2_dlc11_skill_dwf_army_buff_honoured_by_grimnir,Honoured by Grimnir,"All Dwarfs worship Grimnir, but only a select few warriors receive his personal recognition.",battle_damage.png,10,4,0,0,true,0,1,1,Honoured by Grimnir,"All Dwarfs worship Grimnir, but only a select few warriors receive his personal recognition.",,,,,,wh2_dlc11_effect_force_stat_weapon_strength_dwf_slayers_hammerers_ironbreakers_rank7,"Weapon strength: %+n% for Slayers, Giant Slayers, Doomseeker, Slayer Pirates, Hammerers and Ironbreakers units {{tr:rank7}}",,general_to_force_own,12,battle,462,true,weapon_damage.png,weapon_damage.png,,,,,,,,,,,,,,,,,,,,,,,character_skill_level_to_effects_junctions_tables,wh2_dlc11_skill_dwf_army_buff_honoured_by_grimnir|wh2_dlc11_effect_force_stat_weapon_strength_dwf_slayers_hammerers_ironbreakers_rank7|1|general_to_force_own
node,warhammer_3,8.1.1,24237342,Dwarfs,dwarfs,wh_main_sc_dwf_dwarfs,Thorgrim Grudgebearer,Thorgrim_Grudgebearer,legendary_lord,wh_main_dwf_thorgrim_grudgebearer,general,general,wh3_dlc26_dwf_dwarfs_invasion|wh_main_dwf_dwarfs|wh_main_dwf_dwarfs_qb1|wh_main_dwf_dwarfs_qb2|wh_main_dwf_dwarfs_qb3|wh_main_dwf_dwarfs_qb4,true,false,true,true,false,true,,legendary_lords,wh_main_skill_node_set_dwf_thorgrim,,1,general,false,false,,,,wh_main_skill_node_dwf_thorgrim_campaign_11,wh_main_skill_dwf_lord_campaign_enquiring_mind,Enquiring Mind,"A wise Lord will gather Engineers to his service, ensuring the Dwarfs maintain their technological edge.",campaign_technology.png,10,5,0,4,true,0,1,,,,,,,,,,,,,,,,,,,,,,,,,,,,,,,,,,,,,,,,,character_skill_nodes_tables,wh_main_skill_node_dwf_thorgrim_campaign_11
effect,warhammer_3,8.1.1,24237342,Dwarfs,dwarfs,wh_main_sc_dwf_dwarfs,Thorgrim Grudgebearer,Thorgrim_Grudgebearer,legendary_lord,wh_main_dwf_thorgrim_grudgebearer,general,general,wh3_dlc26_dwf_dwarfs_invasion|wh_main_dwf_dwarfs|wh_main_dwf_dwarfs_qb1|wh_main_dwf_dwarfs_qb2|wh_main_dwf_dwarfs_qb3|wh_main_dwf_dwarfs_qb4,true,false,true,true,false,true,,legendary_lords,wh_main_skill_node_set_dwf_thorgrim,,1,general,false,false,,,,wh_main_skill_node_dwf_thorgrim_campaign_11,wh_main_skill_dwf_lord_campaign_enquiring_mind,Enquiring Mind,"A wise Lord will gather Engineers to his service, ensuring the Dwarfs maintain their technological edge.",campaign_technology.png,10,5,0,4,true,0,1,1,Enquiring Mind,"A wise Lord will gather Engineers to his service, ensuring the Dwarfs maintain their technological edge.",,,,,,wh_main_effect_agent_action_success_chance_enemy,Enemy Hero action success chance: %+n%,,character_to_character_own,-10,campaign,101,false,agent.png,agent.png,,,,,,,,,,,,,,,,,,,,,,,character_skill_level_to_effects_junctions_tables,wh_main_skill_dwf_lord_campaign_enquiring_mind|wh_main_effect_agent_action_success_chance_enemy|1|character_to_character_own
effect,warhammer_3,8.1.1,24237342,Dwarfs,dwarfs,wh_main_sc_dwf_dwarfs,Thorgrim Grudgebearer,Thorgrim_Grudgebearer,legendary_lord,wh_main_dwf_thorgrim_grudgebearer,general,general,wh3_dlc26_dwf_dwarfs_invasion|wh_main_dwf_dwarfs|wh_main_dwf_dwarfs_qb1|wh_main_dwf_dwarfs_qb2|wh_main_dwf_dwarfs_qb3|wh_main_dwf_dwarfs_qb4,true,false,true,true,false,true,,legendary_lords,wh_main_skill_node_set_dwf_thorgrim,,1,general,false,false,,,,wh_main_skill_node_dwf_thorgrim_campaign_11,wh_main_skill_dwf_lord_campaign_enquiring_mind,Enquiring Mind,"A wise Lord will gather Engineers to his service, ensuring the Dwarfs maintain their technological edge.",campaign_technology.png,10,5,0,4,true,0,1,1,Enquiring Mind,"A wise Lord will gather Engineers to his service, ensuring the Dwarfs maintain their technological edge.",,,,,,wh_main_effect_agent_defence_wound_chance_mod,Hero self-defence: %+n% chance of wounding aggressors,,character_to_character_own,25,campaign,101,true,agent.png,agent.png,,,,,,,,,,,,,,,,,,,,,,,character_skill_level_to_effects_junctions_tables,wh_main_skill_dwf_lord_campaign_enquiring_mind|wh_main_effect_agent_defence_wound_chance_mod|1|character_to_character_own
effect,warhammer_3,8.1.1,24237342,Dwarfs,dwarfs,wh_main_sc_dwf_dwarfs,Thorgrim Grudgebearer,Thorgrim_Grudgebearer,legendary_lord,wh_main_dwf_thorgrim_grudgebearer,general,general,wh3_dlc26_dwf_dwarfs_invasion|wh_main_dwf_dwarfs|wh_main_dwf_dwarfs_qb1|wh_main_dwf_dwarfs_qb2|wh_main_dwf_dwarfs_qb3|wh_main_dwf_dwarfs_qb4,true,false,true,true,false,true,,legendary_lords,wh_main_skill_node_set_dwf_thorgrim,,1,general,false,false,,,,wh_main_skill_node_dwf_thorgrim_campaign_11,wh_main_skill_dwf_lord_campaign_enquiring_mind,Enquiring Mind,"A wise Lord will gather Engineers to his service, ensuring the Dwarfs maintain their technological edge.",campaign_technology.png,10,5,0,4,true,0,1,1,Enquiring Mind,"A wise Lord will gather Engineers to his service, ensuring the Dwarfs maintain their technological edge.",,,,,,wh_main_effect_force_all_campaign_experience_base_all,Recruit rank: %+n for all units,,general_to_force_own,1,campaign,117,true,experience.png,experience.png,,,,,,,,,,,,,,,,,,,,,,,character_skill_level_to_effects_junctions_tables,wh_main_skill_dwf_lord_campaign_enquiring_mind|wh_main_effect_force_all_campaign_experience_base_all|1|general_to_force_own
effect,warhammer_3,8.1.1,24237342,Dwarfs,dwarfs,wh_main_sc_dwf_dwarfs,Thorgrim Grudgebearer,Thorgrim_Grudgebearer,legendary_lord,wh_main_dwf_thorgrim_grudgebearer,general,general,wh3_dlc26_dwf_dwarfs_invasion|wh_main_dwf_dwarfs|wh_main_dwf_dwarfs_qb1|wh_main_dwf_dwarfs_qb2|wh_main_dwf_dwarfs_qb3|wh_main_dwf_dwarfs_qb4,true,false,true,true,false,true,,legendary_lords,wh_main_skill_node_set_dwf_thorgrim,,1,general,false,false,,,,wh_main_skill_node_dwf_thorgrim_campaign_11,wh_main_skill_dwf_lord_campaign_enquiring_mind,Enquiring Mind,"A wise Lord will gather Engineers to his service, ensuring the Dwarfs maintain their technological edge.",campaign_technology.png,10,5,0,4,true,0,1,1,Enquiring Mind,"A wise Lord will gather Engineers to his service, ensuring the Dwarfs maintain their technological edge.",,,,,,wh_main_effect_force_all_campaign_upkeep,Upkeep: %+n%,,general_to_force_own,-8,campaign,70,false,military_spending.png,military_spending.png,,,,,,,,,,,,,,,,,,,,,,,character_skill_level_to_effects_junctions_tables,wh_main_skill_dwf_lord_campaign_enquiring_mind|wh_main_effect_force_all_campaign_upkeep|1|general_to_force_own
effect,warhammer_3,8.1.1,24237342,Dwarfs,dwarfs,wh_main_sc_dwf_dwarfs,Thorgrim Grudgebearer,Thorgrim_Grudgebearer,legendary_lord,wh_main_dwf_thorgrim_grudgebearer,general,general,wh3_dlc26_dwf_dwarfs_invasion|wh_main_dwf_dwarfs|wh_main_dwf_dwarfs_qb1|wh_main_dwf_dwarfs_qb2|wh_main_dwf_dwarfs_qb3|wh_main_dwf_dwarfs_qb4,true,false,true,true,false,true,,legendary_lords,wh_main_skill_node_set_dwf_thorgrim,,1,general,false,false,,,,wh_main_skill_node_dwf_thorgrim_campaign_11,wh_main_skill_dwf_lord_campaign_enquiring_mind,Enquiring Mind,"A wise Lord will gather Engineers to his service, ensuring the Dwarfs maintain their technological edge.",campaign_technology.png,10,5,0,4,true,0,1,1,Enquiring Mind,"A wise Lord will gather Engineers to his service, ensuring the Dwarfs maintain their technological edge.",,,,,,wh_main_effect_technology_research_points,{{tr:effect_technology_research_points_description}}: %+n,,character_to_faction_when_on_map_unseen,10,campaign,60,true,technology.png,technology.png,,,,,,,,,,,,,,,,,,,,,,,character_skill_level_to_effects_junctions_tables,wh_main_skill_dwf_lord_campaign_enquiring_mind|wh_main_effect_technology_research_points|1|character_to_faction_when_on_map_unseen
node,warhammer_3,8.1.1,24237342,Dwarfs,dwarfs,wh_main_sc_dwf_dwarfs,Thorgrim Grudgebearer,Thorgrim_Grudgebearer,legendary_lord,wh_main_dwf_thorgrim_grudgebearer,general,general,wh3_dlc26_dwf_dwarfs_invasion|wh_main_dwf_dwarfs|wh_main_dwf_dwarfs_qb1|wh_main_dwf_dwarfs_qb2|wh_main_dwf_dwarfs_qb3|wh_main_dwf_dwarfs_qb4,true,false,true,true,false,true,,legendary_lords,wh_main_skill_node_set_dwf_thorgrim,,1,general,false,false,,,,wh_main_skill_node_dwf_thorgrim_battle_12,wh2_dlc11_skill_dwf_army_buff_morgrims_favoured,Morgrim’s Favoured,Morgrim's favour is not handed out on a whim; this god blesses only the truest disciples of Dawi engineering.,battle_ranged_damage.png,11,4,0,0,true,0,1,,,,,,,,,,,,,,,,,,,,,,,,,,,,,,,,,,,,,,,,,character_skill_nodes_tables,wh_main_skill_node_dwf_thorgrim_battle_12
effect,warhammer_3,8.1.1,24237342,Dwarfs,dwarfs,wh_main_sc_dwf_dwarfs,Thorgrim Grudgebearer,Thorgrim_Grudgebearer,legendary_lord,wh_main_dwf_thorgrim_grudgebearer,general,general,wh3_dlc26_dwf_dwarfs_invasion|wh_main_dwf_dwarfs|wh_main_dwf_dwarfs_qb1|wh_main_dwf_dwarfs_qb2|wh_main_dwf_dwarfs_qb3|wh_main_dwf_dwarfs_qb4,true,false,true,true,false,true,,legendary_lords,wh_main_skill_node_set_dwf_thorgrim,,1,general,false,false,,,,wh_main_skill_node_dwf_thorgrim_battle_12,wh2_dlc11_skill_dwf_army_buff_morgrims_favoured,Morgrim’s Favoured,Morgrim's favour is not handed out on a whim; this god blesses only the truest disciples of Dawi engineering.,battle_ranged_damage.png,11,4,0,0,true,0,1,1,Morgrim’s Favoured,Morgrim's favour is not handed out on a whim; this god blesses only the truest disciples of Dawi engineering.,,,,,,wh2_dlc11_effect_force_stat_ammunition_dwf_all_artillery_rank7,"Ammunition: %+n% for Bolt Thrower, Grudge Thrower, Goblin Hewer, Cannon, Organ Gun and Flame Cannon units {{tr:rank7}}",,general_to_force_own,20,battle,512,true,ammo.png,ammo.png,,,,,,,,,,,,,,,,,,,,,,,character_skill_level_to_effects_junctions_tables,wh2_dlc11_skill_dwf_army_buff_morgrims_favoured|wh2_dlc11_effect_force_stat_ammunition_dwf_all_artillery_rank7|1|general_to_force_own
effect,warhammer_3,8.1.1,24237342,Dwarfs,dwarfs,wh_main_sc_dwf_dwarfs,Thorgrim Grudgebearer,Thorgrim_Grudgebearer,legendary_lord,wh_main_dwf_thorgrim_grudgebearer,general,general,wh3_dlc26_dwf_dwarfs_invasion|wh_main_dwf_dwarfs|wh_main_dwf_dwarfs_qb1|wh_main_dwf_dwarfs_qb2|wh_main_dwf_dwarfs_qb3|wh_main_dwf_dwarfs_qb4,true,false,true,true,false,true,,legendary_lords,wh_main_skill_node_set_dwf_thorgrim,,1,general,false,false,,,,wh_main_skill_node_dwf_thorgrim_battle_12,wh2_dlc11_skill_dwf_army_buff_morgrims_favoured,Morgrim’s Favoured,Morgrim's favour is not handed out on a whim; this god blesses only the truest disciples of Dawi engineering.,battle_ranged_damage.png,11,4,0,0,true,0,1,1,Morgrim’s Favoured,Morgrim's favour is not handed out on a whim; this god blesses only the truest disciples of Dawi engineering.,,,,,,wh2_dlc11_effect_force_stat_missile_damage_dwf_all_artillery_rank7,"Missile strength: %+n% for Bolt Thrower, Grudge Thrower, Goblin Hewer, Cannon, Organ Gun and Flame Cannon units {{tr:rank7}}",,general_to_force_own,12,battle,542,true,ranged_damage.png,ranged_damage.png,,,,,,,,,,,,,,,,,,,,,,,character_skill_level_to_effects_junctions_tables,wh2_dlc11_skill_dwf_army_buff_morgrims_favoured|wh2_dlc11_effect_force_stat_missile_damage_dwf_all_artillery_rank7|1|general_to_force_own
effect,warhammer_3,8.1.1,24237342,Dwarfs,dwarfs,wh_main_sc_dwf_dwarfs,Thorgrim Grudgebearer,Thorgrim_Grudgebearer,legendary_lord,wh_main_dwf_thorgrim_grudgebearer,general,general,wh3_dlc26_dwf_dwarfs_invasion|wh_main_dwf_dwarfs|wh_main_dwf_dwarfs_qb1|wh_main_dwf_dwarfs_qb2|wh_main_dwf_dwarfs_qb3|wh_main_dwf_dwarfs_qb4,true,false,true,true,false,true,,legendary_lords,wh_main_skill_node_set_dwf_thorgrim,,1,general,false,false,,,,wh_main_skill_node_dwf_thorgrim_battle_12,wh2_dlc11_skill_dwf_army_buff_morgrims_favoured,Morgrim’s Favoured,Morgrim's favour is not handed out on a whim; this god blesses only the truest disciples of Dawi engineering.,battle_ranged_damage.png,11,4,0,0,true,0,1,1,Morgrim’s Favoured,Morgrim's favour is not handed out on a whim; this god blesses only the truest disciples of Dawi engineering.,,,,,,wh2_dlc11_effect_force_stat_reload_time_reduction_dwf_artillery_rank7,"Reload time reduction: %+n% for Bolt Thrower, Grudge Thrower, Goblin Hewer, Cannon, Organ Gun and Flame Cannon units {{tr:rank7}}",,general_to_force_own,10,battle,562,true,icon_stat_reload_time_force.png,icon_stat_reload_time_force.png,,,,,,,,,,,,,,,,,,,,,,,character_skill_level_to_effects_junctions_tables,wh2_dlc11_skill_dwf_army_buff_morgrims_favoured|wh2_dlc11_effect_force_stat_reload_time_reduction_dwf_artillery_rank7|1|general_to_force_own
node,warhammer_3,8.1.1,24237342,Dwarfs,dwarfs,wh_main_sc_dwf_dwarfs,Thorgrim Grudgebearer,Thorgrim_Grudgebearer,legendary_lord,wh_main_dwf_thorgrim_grudgebearer,general,general,wh3_dlc26_dwf_dwarfs_invasion|wh_main_dwf_dwarfs|wh_main_dwf_dwarfs_qb1|wh_main_dwf_dwarfs_qb2|wh_main_dwf_dwarfs_qb3|wh_main_dwf_dwarfs_qb4,true,false,true,true,false,true,,legendary_lords,wh_main_skill_node_set_dwf_thorgrim,,1,general,false,false,,,,wh_main_skill_node_dwf_thorgrim_battle_13,wh_main_skill_all_lord_battle_stand_your_ground,Stand Your Ground!,,wh_main_character_abilities_stand_your_ground.png,12,4,0,1,true,0,1,,,,,,,,,,,,,,,,,,,,,,,,,,,,,,,,,,,,,,,,,character_skill_nodes_tables,wh_main_skill_node_dwf_thorgrim_battle_13
effect,warhammer_3,8.1.1,24237342,Dwarfs,dwarfs,wh_main_sc_dwf_dwarfs,Thorgrim Grudgebearer,Thorgrim_Grudgebearer,legendary_lord,wh_main_dwf_thorgrim_grudgebearer,general,general,wh3_dlc26_dwf_dwarfs_invasion|wh_main_dwf_dwarfs|wh_main_dwf_dwarfs_qb1|wh_main_dwf_dwarfs_qb2|wh_main_dwf_dwarfs_qb3|wh_main_dwf_dwarfs_qb4,true,false,true,true,false,true,,legendary_lords,wh_main_skill_node_set_dwf_thorgrim,,1,general,false,false,,,,wh_main_skill_node_dwf_thorgrim_battle_13,wh_main_skill_all_lord_battle_stand_your_ground,Stand Your Ground!,,wh_main_character_abilities_stand_your_ground.png,12,4,0,1,true,0,1,1,Stand Your Ground!,,,,,,,wh_main_effect_ability_disable_rally,"Replaces: ""Rally!""",,character_to_character_own,1,both,305,true,general_ability.png,general_ability.png,,,,,,,,,,,,,,,,,,,,,,,character_skill_level_to_effects_junctions_tables,wh_main_skill_all_lord_battle_stand_your_ground|wh_main_effect_ability_disable_rally|1|character_to_character_own
effect,warhammer_3,8.1.1,24237342,Dwarfs,dwarfs,wh_main_sc_dwf_dwarfs,Thorgrim Grudgebearer,Thorgrim_Grudgebearer,legendary_lord,wh_main_dwf_thorgrim_grudgebearer,general,general,wh3_dlc26_dwf_dwarfs_invasion|wh_main_dwf_dwarfs|wh_main_dwf_dwarfs_qb1|wh_main_dwf_dwarfs_qb2|wh_main_dwf_dwarfs_qb3|wh_main_dwf_dwarfs_qb4,true,false,true,true,false,true,,legendary_lords,wh_main_skill_node_set_dwf_thorgrim,,1,general,false,false,,,,wh_main_skill_node_dwf_thorgrim_battle_13,wh_main_skill_all_lord_battle_stand_your_ground,Stand Your Ground!,,wh_main_character_abilities_stand_your_ground.png,12,4,0,1,true,0,1,1,Stand Your Ground!,,,,,,,wh_main_effect_ability_enable_stand_your_ground,"Ability: ""Stand Your Ground!""",,character_to_character_own,1,battle,300,true,general_ability.png,general_ability.png,,,,,,,,,,,,,,,,,,,,,,,character_skill_level_to_effects_junctions_tables,wh_main_skill_all_lord_battle_stand_your_ground|wh_main_effect_ability_enable_stand_your_ground|1|character_to_character_own
node,warhammer_3,8.1.1,24237342,Dwarfs,dwarfs,wh_main_sc_dwf_dwarfs,Thorgrim Grudgebearer,Thorgrim_Grudgebearer,legendary_lord,wh_main_dwf_thorgrim_grudgebearer,general,general,wh3_dlc26_dwf_dwarfs_invasion|wh_main_dwf_dwarfs|wh_main_dwf_dwarfs_qb1|wh_main_dwf_dwarfs_qb2|wh_main_dwf_dwarfs_qb3|wh_main_dwf_dwarfs_qb4,true,false,true,true,false,true,,legendary_lords,wh_main_skill_node_set_dwf_thorgrim,,1,general,false,false,,,,wh3_dlc24_skill_node_all_mentor_lord,wh3_main_skill_all_mentor_lord,Mentor,"Having learned much in their long years of service, this character now turns their attention to training others.",character_experience.png,30,0,0,0,true,0,3,,,,,,,,,,,,,,,,,,,,,,,,,,,,,,,,,,,,,,,,,character_skill_nodes_tables,wh3_dlc24_skill_node_all_mentor_lord
skill_level,warhammer_3,8.1.1,24237342,Dwarfs,dwarfs,wh_main_sc_dwf_dwarfs,Thorgrim Grudgebearer,Thorgrim_Grudgebearer,legendary_lord,wh_main_dwf_thorgrim_grudgebearer,general,general,wh3_dlc26_dwf_dwarfs_invasion|wh_main_dwf_dwarfs|wh_main_dwf_dwarfs_qb1|wh_main_dwf_dwarfs_qb2|wh_main_dwf_dwarfs_qb3|wh_main_dwf_dwarfs_qb4,true,false,true,true,false,true,,legendary_lords,wh_main_skill_node_set_dwf_thorgrim,,1,general,false,false,,,,wh3_dlc24_skill_node_all_mentor_lord,wh3_main_skill_all_mentor_lord,Mentor,"Having learned much in their long years of service, this character now turns their attention to training others.",character_experience.png,30,0,0,0,true,0,3,1,Mentor,"Having learned much in their long years of service, this character now turns their attention to training others.",29,x,,,,,,,,,,,,,,,,,,,,,,,,,,,,,,,,,,,,character_skill_level_details_tables,wh3_main_skill_all_mentor_lord|1|||
skill_level,warhammer_3,8.1.1,24237342,Dwarfs,dwarfs,wh_main_sc_dwf_dwarfs,Thorgrim Grudgebearer,Thorgrim_Grudgebearer,legendary_lord,wh_main_dwf_thorgrim_grudgebearer,general,general,wh3_dlc26_dwf_dwarfs_invasion|wh_main_dwf_dwarfs|wh_main_dwf_dwarfs_qb1|wh_main_dwf_dwarfs_qb2|wh_main_dwf_dwarfs_qb3|wh_main_dwf_dwarfs_qb4,true,false,true,true,false,true,,legendary_lords,wh_main_skill_node_set_dwf_thorgrim,,1,general,false,false,,,,wh3_dlc24_skill_node_all_mentor_lord,wh3_main_skill_all_mentor_lord,Mentor,"Having learned much in their long years of service, this character now turns their attention to training others.",character_experience.png,30,0,0,0,true,0,3,2,Mentor,"Having learned much in their long years of service, this character now turns their attention to training others.",39,x,,,,,,,,,,,,,,,,,,,,,,,,,,,,,,,,,,,,character_skill_level_details_tables,wh3_main_skill_all_mentor_lord|2|||
skill_level,warhammer_3,8.1.1,24237342,Dwarfs,dwarfs,wh_main_sc_dwf_dwarfs,Thorgrim Grudgebearer,Thorgrim_Grudgebearer,legendary_lord,wh_main_dwf_thorgrim_grudgebearer,general,general,wh3_dlc26_dwf_dwarfs_invasion|wh_main_dwf_dwarfs|wh_main_dwf_dwarfs_qb1|wh_main_dwf_dwarfs_qb2|wh_main_dwf_dwarfs_qb3|wh_main_dwf_dwarfs_qb4,true,false,true,true,false,true,,legendary_lords,wh_main_skill_node_set_dwf_thorgrim,,1,general,false,false,,,,wh3_dlc24_skill_node_all_mentor_lord,wh3_main_skill_all_mentor_lord,Mentor,"Having learned much in their long years of service, this character now turns their attention to training others.",character_experience.png,30,0,0,0,true,0,3,3,Mentor,"Having learned much in their long years of service, this character now turns their attention to training others.",49,x,,,,,,,,,,,,,,,,,,,,,,,,,,,,,,,,,,,,character_skill_level_details_tables,wh3_main_skill_all_mentor_lord|3|||
effect,warhammer_3,8.1.1,24237342,Dwarfs,dwarfs,wh_main_sc_dwf_dwarfs,Thorgrim Grudgebearer,Thorgrim_Grudgebearer,legendary_lord,wh_main_dwf_thorgrim_grudgebearer,general,general,wh3_dlc26_dwf_dwarfs_invasion|wh_main_dwf_dwarfs|wh_main_dwf_dwarfs_qb1|wh_main_dwf_dwarfs_qb2|wh_main_dwf_dwarfs_qb3|wh_main_dwf_dwarfs_qb4,true,false,true,true,false,true,,legendary_lords,wh_main_skill_node_set_dwf_thorgrim,,1,general,false,false,,,,wh3_dlc24_skill_node_all_mentor_lord,wh3_main_skill_all_mentor_lord,Mentor,"Having learned much in their long years of service, this character now turns their attention to training others.",character_experience.png,30,0,0,0,true,0,3,1,Mentor,"Having learned much in their long years of service, this character now turns their attention to training others.",,,,,,wh3_main_effect_character_campaign_experience_mod,Character experience gain: %+n%,,general_to_character_own_forcewide_heroes_only,20,campaign,14,true,experience.png,experience.png,,,,,,,,,,,,,,,,,,,,,,,character_skill_level_to_effects_junctions_tables,wh3_main_skill_all_mentor_lord|wh3_main_effect_character_campaign_experience_mod|1|general_to_character_own_forcewide_heroes_only
effect,warhammer_3,8.1.1,24237342,Dwarfs,dwarfs,wh_main_sc_dwf_dwarfs,Thorgrim Grudgebearer,Thorgrim_Grudgebearer,legendary_lord,wh_main_dwf_thorgrim_grudgebearer,general,general,wh3_dlc26_dwf_dwarfs_invasion|wh_main_dwf_dwarfs|wh_main_dwf_dwarfs_qb1|wh_main_dwf_dwarfs_qb2|wh_main_dwf_dwarfs_qb3|wh_main_dwf_dwarfs_qb4,true,false,true,true,false,true,,legendary_lords,wh_main_skill_node_set_dwf_thorgrim,,1,general,false,false,,,,wh3_dlc24_skill_node_all_mentor_lord,wh3_main_skill_all_mentor_lord,Mentor,"Having learned much in their long years of service, this character now turns their attention to training others.",character_experience.png,30,0,0,0,true,0,3,1,Mentor,"Having learned much in their long years of service, this character now turns their attention to training others.",,,,,,wh3_main_effect_character_xp_share_generic_lordtext,Character will share %+n% of experience earned between all other active [[img:icon_general]][[/img]]Lords,,character_to_character_own,15,campaign,10,true,experience.png,experience.png,,,,,,,,,,,,,,,,,,,,,,,character_skill_level_to_effects_junctions_tables,wh3_main_skill_all_mentor_lord|wh3_main_effect_character_xp_share_generic_lordtext|1|character_to_character_own
effect,warhammer_3,8.1.1,24237342,Dwarfs,dwarfs,wh_main_sc_dwf_dwarfs,Thorgrim Grudgebearer,Thorgrim_Grudgebearer,legendary_lord,wh_main_dwf_thorgrim_grudgebearer,general,general,wh3_dlc26_dwf_dwarfs_invasion|wh_main_dwf_dwarfs|wh_main_dwf_dwarfs_qb1|wh_main_dwf_dwarfs_qb2|wh_main_dwf_dwarfs_qb3|wh_main_dwf_dwarfs_qb4,true,false,true,true,false,true,,legendary_lords,wh_main_skill_node_set_dwf_thorgrim,,1,general,false,false,,,,wh3_dlc24_skill_node_all_mentor_lord,wh3_main_skill_all_mentor_lord,Mentor,"Having learned much in their long years of service, this character now turns their attention to training others.",character_experience.png,30,0,0,0,true,0,3,2,Mentor,"Having learned much in their long years of service, this character now turns their attention to training others.",,,,,,wh3_main_effect_character_campaign_experience_mod,Character experience gain: %+n%,,general_to_character_own_forcewide_heroes_only,35,campaign,14,true,experience.png,experience.png,,,,,,,,,,,,,,,,,,,,,,,character_skill_level_to_effects_junctions_tables,wh3_main_skill_all_mentor_lord|wh3_main_effect_character_campaign_experience_mod|2|general_to_character_own_forcewide_heroes_only
effect,warhammer_3,8.1.1,24237342,Dwarfs,dwarfs,wh_main_sc_dwf_dwarfs,Thorgrim Grudgebearer,Thorgrim_Grudgebearer,legendary_lord,wh_main_dwf_thorgrim_grudgebearer,general,general,wh3_dlc26_dwf_dwarfs_invasion|wh_main_dwf_dwarfs|wh_main_dwf_dwarfs_qb1|wh_main_dwf_dwarfs_qb2|wh_main_dwf_dwarfs_qb3|wh_main_dwf_dwarfs_qb4,true,false,true,true,false,true,,legendary_lords,wh_main_skill_node_set_dwf_thorgrim,,1,general,false,false,,,,wh3_dlc24_skill_node_all_mentor_lord,wh3_main_skill_all_mentor_lord,Mentor,"Having learned much in their long years of service, this character now turns their attention to training others.",character_experience.png,30,0,0,0,true,0,3,2,Mentor,"Having learned much in their long years of service, this character now turns their attention to training others.",,,,,,wh3_main_effect_character_xp_share_generic_lordtext,Character will share %+n% of experience earned between all other active [[img:icon_general]][[/img]]Lords,,character_to_character_own,30,campaign,10,true,experience.png,experience.png,,,,,,,,,,,,,,,,,,,,,,,character_skill_level_to_effects_junctions_tables,wh3_main_skill_all_mentor_lord|wh3_main_effect_character_xp_share_generic_lordtext|2|character_to_character_own
effect,warhammer_3,8.1.1,24237342,Dwarfs,dwarfs,wh_main_sc_dwf_dwarfs,Thorgrim Grudgebearer,Thorgrim_Grudgebearer,legendary_lord,wh_main_dwf_thorgrim_grudgebearer,general,general,wh3_dlc26_dwf_dwarfs_invasion|wh_main_dwf_dwarfs|wh_main_dwf_dwarfs_qb1|wh_main_dwf_dwarfs_qb2|wh_main_dwf_dwarfs_qb3|wh_main_dwf_dwarfs_qb4,true,false,true,true,false,true,,legendary_lords,wh_main_skill_node_set_dwf_thorgrim,,1,general,false,false,,,,wh3_dlc24_skill_node_all_mentor_lord,wh3_main_skill_all_mentor_lord,Mentor,"Having learned much in their long years of service, this character now turns their attention to training others.",character_experience.png,30,0,0,0,true,0,3,3,Mentor,"Having learned much in their long years of service, this character now turns their attention to training others.",,,,,,wh3_main_effect_character_campaign_experience_mod,Character experience gain: %+n%,,general_to_character_own_forcewide_heroes_only,50,campaign,14,true,experience.png,experience.png,,,,,,,,,,,,,,,,,,,,,,,character_skill_level_to_effects_junctions_tables,wh3_main_skill_all_mentor_lord|wh3_main_effect_character_campaign_experience_mod|3|general_to_character_own_forcewide_heroes_only
effect,warhammer_3,8.1.1,24237342,Dwarfs,dwarfs,wh_main_sc_dwf_dwarfs,Thorgrim Grudgebearer,Thorgrim_Grudgebearer,legendary_lord,wh_main_dwf_thorgrim_grudgebearer,general,general,wh3_dlc26_dwf_dwarfs_invasion|wh_main_dwf_dwarfs|wh_main_dwf_dwarfs_qb1|wh_main_dwf_dwarfs_qb2|wh_main_dwf_dwarfs_qb3|wh_main_dwf_dwarfs_qb4,true,false,true,true,false,true,,legendary_lords,wh_main_skill_node_set_dwf_thorgrim,,1,general,false,false,,,,wh3_dlc24_skill_node_all_mentor_lord,wh3_main_skill_all_mentor_lord,Mentor,"Having learned much in their long years of service, this character now turns their attention to training others.",character_experience.png,30,0,0,0,true,0,3,3,Mentor,"Having learned much in their long years of service, this character now turns their attention to training others.",,,,,,wh3_main_effect_character_xp_share_generic_lordtext,Character will share %+n% of experience earned between all other active [[img:icon_general]][[/img]]Lords,,character_to_character_own,50,campaign,10,true,experience.png,experience.png,,,,,,,,,,,,,,,,,,,,,,,character_skill_level_to_effects_junctions_tables,wh3_main_skill_all_mentor_lord|wh3_main_effect_character_xp_share_generic_lordtext|3|character_to_character_own
prerequisite,warhammer_3,8.1.1,24237342,Dwarfs,dwarfs,wh_main_sc_dwf_dwarfs,Thorgrim Grudgebearer,Thorgrim_Grudgebearer,legendary_lord,wh_main_dwf_thorgrim_grudgebearer,general,general,wh3_dlc26_dwf_dwarfs_invasion|wh_main_dwf_dwarfs|wh_main_dwf_dwarfs_qb1|wh_main_dwf_dwarfs_qb2|wh_main_dwf_dwarfs_qb3|wh_main_dwf_dwarfs_qb4,true,false,true,true,false,true,,legendary_lords,wh_main_skill_node_set_dwf_thorgrim,,1,general,false,false,,,,wh_dlc08_skill_dwf_lord_thorgrim_unique_1,wh_dlc08_skill_dwf_lord_thorgrim_unique_1,Elite Enforcer,,,,,,,,,,,,,,,,,,,,,,,,,,,,wh_dlc08_skill_dwf_lord_thorgrim_unique_0,wh_dlc08_skill_dwf_lord_thorgrim_unique_0,Ancient Bloodline,wh_dlc08_skill_dwf_lord_thorgrim_unique_1,wh_dlc08_skill_dwf_lord_thorgrim_unique_1,Elite Enforcer,REQUIRED,0,1,1,0,0,,,,,,,,,,,character_skill_node_links_tables,wh_dlc08_skill_dwf_lord_thorgrim_unique_0|wh_dlc08_skill_dwf_lord_thorgrim_unique_1|REQUIRED
prerequisite,warhammer_3,8.1.1,24237342,Dwarfs,dwarfs,wh_main_sc_dwf_dwarfs,Thorgrim Grudgebearer,Thorgrim_Grudgebearer,legendary_lord,wh_main_dwf_thorgrim_grudgebearer,general,general,wh3_dlc26_dwf_dwarfs_invasion|wh_main_dwf_dwarfs|wh_main_dwf_dwarfs_qb1|wh_main_dwf_dwarfs_qb2|wh_main_dwf_dwarfs_qb3|wh_main_dwf_dwarfs_qb4,true,false,true,true,false,true,,legendary_lords,wh_main_skill_node_set_dwf_thorgrim,,1,general,false,false,,,,wh_dlc08_skill_dwf_lord_thorgrim_unique_2,wh_dlc08_skill_dwf_lord_thorgrim_unique_2,Fire Support,,,,,,,,,,,,,,,,,,,,,,,,,,,,wh_dlc08_skill_dwf_lord_thorgrim_unique_0,wh_dlc08_skill_dwf_lord_thorgrim_unique_0,Ancient Bloodline,wh_dlc08_skill_dwf_lord_thorgrim_unique_2,wh_dlc08_skill_dwf_lord_thorgrim_unique_2,Fire Support,REQUIRED,0,1,1,0,0,,,,,,,,,,,character_skill_node_links_tables,wh_dlc08_skill_dwf_lord_thorgrim_unique_0|wh_dlc08_skill_dwf_lord_thorgrim_unique_2|REQUIRED
prerequisite,warhammer_3,8.1.1,24237342,Dwarfs,dwarfs,wh_main_sc_dwf_dwarfs,Thorgrim Grudgebearer,Thorgrim_Grudgebearer,legendary_lord,wh_main_dwf_thorgrim_grudgebearer,general,general,wh3_dlc26_dwf_dwarfs_invasion|wh_main_dwf_dwarfs|wh_main_dwf_dwarfs_qb1|wh_main_dwf_dwarfs_qb2|wh_main_dwf_dwarfs_qb3|wh_main_dwf_dwarfs_qb4,true,false,true,true,false,true,,legendary_lords,wh_main_skill_node_set_dwf_thorgrim,,1,general,false,false,,,,wh_dlc08_skill_dwf_lord_thorgrim_unique_3,wh_dlc08_skill_dwf_lord_thorgrim_unique_3,Advanced Forging,,,,,,,,,,,,,,,,,,,,,,,,,,,,wh_dlc08_skill_dwf_lord_thorgrim_unique_0,wh_dlc08_skill_dwf_lord_thorgrim_unique_0,Ancient Bloodline,wh_dlc08_skill_dwf_lord_thorgrim_unique_3,wh_dlc08_skill_dwf_lord_thorgrim_unique_3,Advanced Forging,REQUIRED,0,1,1,0,0,,,,,,,,,,,character_skill_node_links_tables,wh_dlc08_skill_dwf_lord_thorgrim_unique_0|wh_dlc08_skill_dwf_lord_thorgrim_unique_3|REQUIRED
prerequisite,warhammer_3,8.1.1,24237342,Dwarfs,dwarfs,wh_main_sc_dwf_dwarfs,Thorgrim Grudgebearer,Thorgrim_Grudgebearer,legendary_lord,wh_main_dwf_thorgrim_grudgebearer,general,general,wh3_dlc26_dwf_dwarfs_invasion|wh_main_dwf_dwarfs|wh_main_dwf_dwarfs_qb1|wh_main_dwf_dwarfs_qb2|wh_main_dwf_dwarfs_qb3|wh_main_dwf_dwarfs_qb4,true,false,true,true,false,true,,legendary_lords,wh_main_skill_node_set_dwf_thorgrim,,1,general,false,false,,,,wh_main_skill_node_dwf_thorgrim_battle_02,wh2_dlc11_skill_dwf_army_buff_axe_lord,Axe Lord,,,,,,,,,,,,,,,,,,,,,,,,,,,,wh_main_skill_node_dwf_thorgrim_battle_01,wh_main_skill_all_lord_battle_inspiring_presence,Inspiring Presence,wh_main_skill_node_dwf_thorgrim_battle_02,wh2_dlc11_skill_dwf_army_buff_axe_lord,Axe Lord,REQUIRED,0,1,1,0,0,,,,,,,,,,,character_skill_node_links_tables,wh_main_skill_node_dwf_thorgrim_battle_01|wh_main_skill_node_dwf_thorgrim_battle_02|REQUIRED
prerequisite,warhammer_3,8.1.1,24237342,Dwarfs,dwarfs,wh_main_sc_dwf_dwarfs,Thorgrim Grudgebearer,Thorgrim_Grudgebearer,legendary_lord,wh_main_dwf_thorgrim_grudgebearer,general,general,wh3_dlc26_dwf_dwarfs_invasion|wh_main_dwf_dwarfs|wh_main_dwf_dwarfs_qb1|wh_main_dwf_dwarfs_qb2|wh_main_dwf_dwarfs_qb3|wh_main_dwf_dwarfs_qb4,true,false,true,true,false,true,,legendary_lords,wh_main_skill_node_set_dwf_thorgrim,,1,general,false,false,,,,wh_main_skill_node_dwf_thorgrim_battle_03,wh2_dlc11_skill_dwf_army_buff_tactician,Thunderer,,,,,,,,,,,,,,,,,,,,,,,,,,,,wh_main_skill_node_dwf_thorgrim_battle_01,wh_main_skill_all_lord_battle_inspiring_presence,Inspiring Presence,wh_main_skill_node_dwf_thorgrim_battle_03,wh2_dlc11_skill_dwf_army_buff_tactician,Thunderer,REQUIRED,0,1,1,0,0,,,,,,,,,,,character_skill_node_links_tables,wh_main_skill_node_dwf_thorgrim_battle_01|wh_main_skill_node_dwf_thorgrim_battle_03|REQUIRED
prerequisite,warhammer_3,8.1.1,24237342,Dwarfs,dwarfs,wh_main_sc_dwf_dwarfs,Thorgrim Grudgebearer,Thorgrim_Grudgebearer,legendary_lord,wh_main_dwf_thorgrim_grudgebearer,general,general,wh3_dlc26_dwf_dwarfs_invasion|wh_main_dwf_dwarfs|wh_main_dwf_dwarfs_qb1|wh_main_dwf_dwarfs_qb2|wh_main_dwf_dwarfs_qb3|wh_main_dwf_dwarfs_qb4,true,false,true,true,false,true,,legendary_lords,wh_main_skill_node_set_dwf_thorgrim,,1,general,false,false,,,,wh_main_skill_node_dwf_thorgrim_battle_04,wh2_dlc11_skill_dwf_army_buff_tradition_and_innovation,Tradition & Innovation,,,,,,,,,,,,,,,,,,,,,,,,,,,,wh_main_skill_node_dwf_thorgrim_battle_01,wh_main_skill_all_lord_battle_inspiring_presence,Inspiring Presence,wh_main_skill_node_dwf_thorgrim_battle_04,wh2_dlc11_skill_dwf_army_buff_tradition_and_innovation,Tradition & Innovation,REQUIRED,0,1,1,0,0,,,,,,,,,,,character_skill_node_links_tables,wh_main_skill_node_dwf_thorgrim_battle_01|wh_main_skill_node_dwf_thorgrim_battle_04|REQUIRED
prerequisite,warhammer_3,8.1.1,24237342,Dwarfs,dwarfs,wh_main_sc_dwf_dwarfs,Thorgrim Grudgebearer,Thorgrim_Grudgebearer,legendary_lord,wh_main_dwf_thorgrim_grudgebearer,general,general,wh3_dlc26_dwf_dwarfs_invasion|wh_main_dwf_dwarfs|wh_main_dwf_dwarfs_qb1|wh_main_dwf_dwarfs_qb2|wh_main_dwf_dwarfs_qb3|wh_main_dwf_dwarfs_qb4,true,false,true,true,false,true,,legendary_lords,wh_main_skill_node_set_dwf_thorgrim,,1,general,false,false,,,,wh_main_skill_node_dwf_thorgrim_battle_05,wh2_dlc11_skill_dwf_army_buff_fire_and_fury,Fire & Fury,,,,,,,,,,,,,,,,,,,,,,,,,,,,wh_main_skill_node_dwf_thorgrim_battle_01,wh_main_skill_all_lord_battle_inspiring_presence,Inspiring Presence,wh_main_skill_node_dwf_thorgrim_battle_05,wh2_dlc11_skill_dwf_army_buff_fire_and_fury,Fire & Fury,REQUIRED,0,1,1,0,0,,,,,,,,,,,character_skill_node_links_tables,wh_main_skill_node_dwf_thorgrim_battle_01|wh_main_skill_node_dwf_thorgrim_battle_05|REQUIRED
prerequisite,warhammer_3,8.1.1,24237342,Dwarfs,dwarfs,wh_main_sc_dwf_dwarfs,Thorgrim Grudgebearer,Thorgrim_Grudgebearer,legendary_lord,wh_main_dwf_thorgrim_grudgebearer,general,general,wh3_dlc26_dwf_dwarfs_invasion|wh_main_dwf_dwarfs|wh_main_dwf_dwarfs_qb1|wh_main_dwf_dwarfs_qb2|wh_main_dwf_dwarfs_qb3|wh_main_dwf_dwarfs_qb4,true,false,true,true,false,true,,legendary_lords,wh_main_skill_node_set_dwf_thorgrim,,1,general,false,false,,,,wh_main_skill_node_dwf_thorgrim_battle_06,wh2_dlc11_skill_dwf_army_buff_grimnirs_heirs,Grimnir's Heirs,,,,,,,,,,,,,,,,,,,,,,,,,,,,wh_main_skill_node_dwf_thorgrim_battle_01,wh_main_skill_all_lord_battle_inspiring_presence,Inspiring Presence,wh_main_skill_node_dwf_thorgrim_battle_06,wh2_dlc11_skill_dwf_army_buff_grimnirs_heirs,Grimnir's Heirs,REQUIRED,0,1,1,0,0,,,,,,,,,,,character_skill_node_links_tables,wh_main_skill_node_dwf_thorgrim_battle_01|wh_main_skill_node_dwf_thorgrim_battle_06|REQUIRED
prerequisite,warhammer_3,8.1.1,24237342,Dwarfs,dwarfs,wh_main_sc_dwf_dwarfs,Thorgrim Grudgebearer,Thorgrim_Grudgebearer,legendary_lord,wh_main_dwf_thorgrim_grudgebearer,general,general,wh3_dlc26_dwf_dwarfs_invasion|wh_main_dwf_dwarfs|wh_main_dwf_dwarfs_qb1|wh_main_dwf_dwarfs_qb2|wh_main_dwf_dwarfs_qb3|wh_main_dwf_dwarfs_qb4,true,false,true,true,false,true,,legendary_lords,wh_main_skill_node_set_dwf_thorgrim,,1,general,false,false,,,,wh_main_skill_node_dwf_thorgrim_battle_07,wh2_dlc11_skill_dwf_army_buff_thunderer,Tactician,,,,,,,,,,,,,,,,,,,,,,,,,,,,wh_main_skill_node_dwf_thorgrim_battle_01,wh_main_skill_all_lord_battle_inspiring_presence,Inspiring Presence,wh_main_skill_node_dwf_thorgrim_battle_07,wh2_dlc11_skill_dwf_army_buff_thunderer,Tactician,REQUIRED,0,1,1,0,0,,,,,,,,,,,character_skill_node_links_tables,wh_main_skill_node_dwf_thorgrim_battle_01|wh_main_skill_node_dwf_thorgrim_battle_07|REQUIRED
prerequisite,warhammer_3,8.1.1,24237342,Dwarfs,dwarfs,wh_main_sc_dwf_dwarfs,Thorgrim Grudgebearer,Thorgrim_Grudgebearer,legendary_lord,wh_main_dwf_thorgrim_grudgebearer,general,general,wh3_dlc26_dwf_dwarfs_invasion|wh_main_dwf_dwarfs|wh_main_dwf_dwarfs_qb1|wh_main_dwf_dwarfs_qb2|wh_main_dwf_dwarfs_qb3|wh_main_dwf_dwarfs_qb4,true,false,true,true,false,true,,legendary_lords,wh_main_skill_node_set_dwf_thorgrim,,1,general,false,false,,,,wh_main_skill_node_dwf_thorgrim_battle_08,wh_main_skill_all_lord_battle_rally,Rally!,,,,,,,,,,,,,,,,,,,,,,,,,,,,wh_main_skill_node_dwf_thorgrim_battle_02,wh2_dlc11_skill_dwf_army_buff_axe_lord,Axe Lord,wh_main_skill_node_dwf_thorgrim_battle_08,wh_main_skill_all_lord_battle_rally,Rally!,SUBSET_REQUIRED,0,1,1,0,0,,,,,,,,,,,character_skill_node_links_tables,wh_main_skill_node_dwf_thorgrim_battle_02|wh_main_skill_node_dwf_thorgrim_battle_08|SUBSET_REQUIRED
prerequisite,warhammer_3,8.1.1,24237342,Dwarfs,dwarfs,wh_main_sc_dwf_dwarfs,Thorgrim Grudgebearer,Thorgrim_Grudgebearer,legendary_lord,wh_main_dwf_thorgrim_grudgebearer,general,general,wh3_dlc26_dwf_dwarfs_invasion|wh_main_dwf_dwarfs|wh_main_dwf_dwarfs_qb1|wh_main_dwf_dwarfs_qb2|wh_main_dwf_dwarfs_qb3|wh_main_dwf_dwarfs_qb4,true,false,true,true,false,true,,legendary_lords,wh_main_skill_node_set_dwf_thorgrim,,1,general,false,false,,,,wh_main_skill_node_dwf_thorgrim_battle_08,wh_main_skill_all_lord_battle_rally,Rally!,,,,,,,,,,,,,,,,,,,,,,,,,,,,wh_main_skill_node_dwf_thorgrim_battle_03,wh2_dlc11_skill_dwf_army_buff_tactician,Thunderer,wh_main_skill_node_dwf_thorgrim_battle_08,wh_main_skill_all_lord_battle_rally,Rally!,SUBSET_REQUIRED,0,1,1,0,0,,,,,,,,,,,character_skill_node_links_tables,wh_main_skill_node_dwf_thorgrim_battle_03|wh_main_skill_node_dwf_thorgrim_battle_08|SUBSET_REQUIRED
prerequisite,warhammer_3,8.1.1,24237342,Dwarfs,dwarfs,wh_main_sc_dwf_dwarfs,Thorgrim Grudgebearer,Thorgrim_Grudgebearer,legendary_lord,wh_main_dwf_thorgrim_grudgebearer,general,general,wh3_dlc26_dwf_dwarfs_invasion|wh_main_dwf_dwarfs|wh_main_dwf_dwarfs_qb1|wh_main_dwf_dwarfs_qb2|wh_main_dwf_dwarfs_qb3|wh_main_dwf_dwarfs_qb4,true,false,true,true,false,true,,legendary_lords,wh_main_skill_node_set_dwf_thorgrim,,1,general,false,false,,,,wh_main_skill_node_dwf_thorgrim_battle_08,wh_main_skill_all_lord_battle_rally,Rally!,,,,,,,,,,,,,,,,,,,,,,,,,,,,wh_main_skill_node_dwf_thorgrim_battle_04,wh2_dlc11_skill_dwf_army_buff_tradition_and_innovation,Tradition & Innovation,wh_main_skill_node_dwf_thorgrim_battle_08,wh_main_skill_all_lord_battle_rally,Rally!,SUBSET_REQUIRED,0,1,1,0,0,,,,,,,,,,,character_skill_node_links_tables,wh_main_skill_node_dwf_thorgrim_battle_04|wh_main_skill_node_dwf_thorgrim_battle_08|SUBSET_REQUIRED
prerequisite,warhammer_3,8.1.1,24237342,Dwarfs,dwarfs,wh_main_sc_dwf_dwarfs,Thorgrim Grudgebearer,Thorgrim_Grudgebearer,legendary_lord,wh_main_dwf_thorgrim_grudgebearer,general,general,wh3_dlc26_dwf_dwarfs_invasion|wh_main_dwf_dwarfs|wh_main_dwf_dwarfs_qb1|wh_main_dwf_dwarfs_qb2|wh_main_dwf_dwarfs_qb3|wh_main_dwf_dwarfs_qb4,true,false,true,true,false,true,,legendary_lords,wh_main_skill_node_set_dwf_thorgrim,,1,general,false,false,,,,wh_main_skill_node_dwf_thorgrim_battle_08,wh_main_skill_all_lord_battle_rally,Rally!,,,,,,,,,,,,,,,,,,,,,,,,,,,,wh_main_skill_node_dwf_thorgrim_battle_05,wh2_dlc11_skill_dwf_army_buff_fire_and_fury,Fire & Fury,wh_main_skill_node_dwf_thorgrim_battle_08,wh_main_skill_all_lord_battle_rally,Rally!,SUBSET_REQUIRED,0,1,1,0,0,,,,,,,,,,,character_skill_node_links_tables,wh_main_skill_node_dwf_thorgrim_battle_05|wh_main_skill_node_dwf_thorgrim_battle_08|SUBSET_REQUIRED
prerequisite,warhammer_3,8.1.1,24237342,Dwarfs,dwarfs,wh_main_sc_dwf_dwarfs,Thorgrim Grudgebearer,Thorgrim_Grudgebearer,legendary_lord,wh_main_dwf_thorgrim_grudgebearer,general,general,wh3_dlc26_dwf_dwarfs_invasion|wh_main_dwf_dwarfs|wh_main_dwf_dwarfs_qb1|wh_main_dwf_dwarfs_qb2|wh_main_dwf_dwarfs_qb3|wh_main_dwf_dwarfs_qb4,true,false,true,true,false,true,,legendary_lords,wh_main_skill_node_set_dwf_thorgrim,,1,general,false,false,,,,wh_main_skill_node_dwf_thorgrim_battle_08,wh_main_skill_all_lord_battle_rally,Rally!,,,,,,,,,,,,,,,,,,,,,,,,,,,,wh_main_skill_node_dwf_thorgrim_battle_06,wh2_dlc11_skill_dwf_army_buff_grimnirs_heirs,Grimnir's Heirs,wh_main_skill_node_dwf_thorgrim_battle_08,wh_main_skill_all_lord_battle_rally,Rally!,SUBSET_REQUIRED,0,1,1,0,0,,,,,,,,,,,character_skill_node_links_tables,wh_main_skill_node_dwf_thorgrim_battle_06|wh_main_skill_node_dwf_thorgrim_battle_08|SUBSET_REQUIRED
prerequisite,warhammer_3,8.1.1,24237342,Dwarfs,dwarfs,wh_main_sc_dwf_dwarfs,Thorgrim Grudgebearer,Thorgrim_Grudgebearer,legendary_lord,wh_main_dwf_thorgrim_grudgebearer,general,general,wh3_dlc26_dwf_dwarfs_invasion|wh_main_dwf_dwarfs|wh_main_dwf_dwarfs_qb1|wh_main_dwf_dwarfs_qb2|wh_main_dwf_dwarfs_qb3|wh_main_dwf_dwarfs_qb4,true,false,true,true,false,true,,legendary_lords,wh_main_skill_node_set_dwf_thorgrim,,1,general,false,false,,,,wh_main_skill_node_dwf_thorgrim_battle_08,wh_main_skill_all_lord_battle_rally,Rally!,,,,,,,,,,,,,,,,,,,,,,,,,,,,wh_main_skill_node_dwf_thorgrim_battle_07,wh2_dlc11_skill_dwf_army_buff_thunderer,Tactician,wh_main_skill_node_dwf_thorgrim_battle_08,wh_main_skill_all_lord_battle_rally,Rally!,SUBSET_REQUIRED,0,1,1,0,0,,,,,,,,,,,character_skill_node_links_tables,wh_main_skill_node_dwf_thorgrim_battle_07|wh_main_skill_node_dwf_thorgrim_battle_08|SUBSET_REQUIRED
prerequisite,warhammer_3,8.1.1,24237342,Dwarfs,dwarfs,wh_main_sc_dwf_dwarfs,Thorgrim Grudgebearer,Thorgrim_Grudgebearer,legendary_lord,wh_main_dwf_thorgrim_grudgebearer,general,general,wh3_dlc26_dwf_dwarfs_invasion|wh_main_dwf_dwarfs|wh_main_dwf_dwarfs_qb1|wh_main_dwf_dwarfs_qb2|wh_main_dwf_dwarfs_qb3|wh_main_dwf_dwarfs_qb4,true,false,true,true,false,true,,legendary_lords,wh_main_skill_node_set_dwf_thorgrim,,1,general,false,false,,,,wh_main_skill_node_dwf_thorgrim_battle_09,wh2_dlc11_skill_dwf_army_buff_blessed_by_grungni,Blessed by Grungni,,,,,,,,,,,,,,,,,,,,,,,,,,,,wh_main_skill_node_dwf_thorgrim_battle_08,wh_main_skill_all_lord_battle_rally,Rally!,wh_main_skill_node_dwf_thorgrim_battle_09,wh2_dlc11_skill_dwf_army_buff_blessed_by_grungni,Blessed by Grungni,REQUIRED,0,1,1,0,0,,,,,,,,,,,character_skill_node_links_tables,wh_main_skill_node_dwf_thorgrim_battle_08|wh_main_skill_node_dwf_thorgrim_battle_09|REQUIRED
prerequisite,warhammer_3,8.1.1,24237342,Dwarfs,dwarfs,wh_main_sc_dwf_dwarfs,Thorgrim Grudgebearer,Thorgrim_Grudgebearer,legendary_lord,wh_main_dwf_thorgrim_grudgebearer,general,general,wh3_dlc26_dwf_dwarfs_invasion|wh_main_dwf_dwarfs|wh_main_dwf_dwarfs_qb1|wh_main_dwf_dwarfs_qb2|wh_main_dwf_dwarfs_qb3|wh_main_dwf_dwarfs_qb4,true,false,true,true,false,true,,legendary_lords,wh_main_skill_node_set_dwf_thorgrim,,1,general,false,false,,,,wh_main_skill_node_dwf_thorgrim_battle_10,wh2_dlc11_skill_dwf_army_buff_dawi_firepower,Dawi Firepower,,,,,,,,,,,,,,,,,,,,,,,,,,,,wh_main_skill_node_dwf_thorgrim_battle_08,wh_main_skill_all_lord_battle_rally,Rally!,wh_main_skill_node_dwf_thorgrim_battle_10,wh2_dlc11_skill_dwf_army_buff_dawi_firepower,Dawi Firepower,REQUIRED,0,1,1,0,0,,,,,,,,,,,character_skill_node_links_tables,wh_main_skill_node_dwf_thorgrim_battle_08|wh_main_skill_node_dwf_thorgrim_battle_10|REQUIRED
prerequisite,warhammer_3,8.1.1,24237342,Dwarfs,dwarfs,wh_main_sc_dwf_dwarfs,Thorgrim Grudgebearer,Thorgrim_Grudgebearer,legendary_lord,wh_main_dwf_thorgrim_grudgebearer,general,general,wh3_dlc26_dwf_dwarfs_invasion|wh_main_dwf_dwarfs|wh_main_dwf_dwarfs_qb1|wh_main_dwf_dwarfs_qb2|wh_main_dwf_dwarfs_qb3|wh_main_dwf_dwarfs_qb4,true,false,true,true,false,true,,legendary_lords,wh_main_skill_node_set_dwf_thorgrim,,1,general,false,false,,,,wh_main_skill_node_dwf_thorgrim_battle_11,wh2_dlc11_skill_dwf_army_buff_honoured_by_grimnir,Honoured by Grimnir,,,,,,,,,,,,,,,,,,,,,,,,,,,,wh_main_skill_node_dwf_thorgrim_battle_08,wh_main_skill_all_lord_battle_rally,Rally!,wh_main_skill_node_dwf_thorgrim_battle_11,wh2_dlc11_skill_dwf_army_buff_honoured_by_grimnir,Honoured by Grimnir,REQUIRED,0,1,1,0,0,,,,,,,,,,,character_skill_node_links_tables,wh_main_skill_node_dwf_thorgrim_battle_08|wh_main_skill_node_dwf_thorgrim_battle_11|REQUIRED
prerequisite,warhammer_3,8.1.1,24237342,Dwarfs,dwarfs,wh_main_sc_dwf_dwarfs,Thorgrim Grudgebearer,Thorgrim_Grudgebearer,legendary_lord,wh_main_dwf_thorgrim_grudgebearer,general,general,wh3_dlc26_dwf_dwarfs_invasion|wh_main_dwf_dwarfs|wh_main_dwf_dwarfs_qb1|wh_main_dwf_dwarfs_qb2|wh_main_dwf_dwarfs_qb3|wh_main_dwf_dwarfs_qb4,true,false,true,true,false,true,,legendary_lords,wh_main_skill_node_set_dwf_thorgrim,,1,general,false,false,,,,wh_main_skill_node_dwf_thorgrim_battle_12,wh2_dlc11_skill_dwf_army_buff_morgrims_favoured,Morgrim’s Favoured,,,,,,,,,,,,,,,,,,,,,,,,,,,,wh_main_skill_node_dwf_thorgrim_battle_08,wh_main_skill_all_lord_battle_rally,Rally!,wh_main_skill_node_dwf_thorgrim_battle_12,wh2_dlc11_skill_dwf_army_buff_morgrims_favoured,Morgrim’s Favoured,REQUIRED,0,1,1,0,0,,,,,,,,,,,character_skill_node_links_tables,wh_main_skill_node_dwf_thorgrim_battle_08|wh_main_skill_node_dwf_thorgrim_battle_12|REQUIRED
prerequisite,warhammer_3,8.1.1,24237342,Dwarfs,dwarfs,wh_main_sc_dwf_dwarfs,Thorgrim Grudgebearer,Thorgrim_Grudgebearer,legendary_lord,wh_main_dwf_thorgrim_grudgebearer,general,general,wh3_dlc26_dwf_dwarfs_invasion|wh_main_dwf_dwarfs|wh_main_dwf_dwarfs_qb1|wh_main_dwf_dwarfs_qb2|wh_main_dwf_dwarfs_qb3|wh_main_dwf_dwarfs_qb4,true,false,true,true,false,true,,legendary_lords,wh_main_skill_node_set_dwf_thorgrim,,1,general,false,false,,,,wh_main_skill_node_dwf_thorgrim_battle_13,wh_main_skill_all_lord_battle_stand_your_ground,Stand Your Ground!,,,,,,,,,,,,,,,,,,,,,,,,,,,,wh_main_skill_node_dwf_thorgrim_battle_09,wh2_dlc11_skill_dwf_army_buff_blessed_by_grungni,Blessed by Grungni,wh_main_skill_node_dwf_thorgrim_battle_13,wh_main_skill_all_lord_battle_stand_your_ground,Stand Your Ground!,SUBSET_REQUIRED,0,1,1,0,0,,,,,,,,,,,character_skill_node_links_tables,wh_main_skill_node_dwf_thorgrim_battle_09|wh_main_skill_node_dwf_thorgrim_battle_13|SUBSET_REQUIRED
prerequisite,warhammer_3,8.1.1,24237342,Dwarfs,dwarfs,wh_main_sc_dwf_dwarfs,Thorgrim Grudgebearer,Thorgrim_Grudgebearer,legendary_lord,wh_main_dwf_thorgrim_grudgebearer,general,general,wh3_dlc26_dwf_dwarfs_invasion|wh_main_dwf_dwarfs|wh_main_dwf_dwarfs_qb1|wh_main_dwf_dwarfs_qb2|wh_main_dwf_dwarfs_qb3|wh_main_dwf_dwarfs_qb4,true,false,true,true,false,true,,legendary_lords,wh_main_skill_node_set_dwf_thorgrim,,1,general,false,false,,,,wh_main_skill_node_dwf_thorgrim_battle_13,wh_main_skill_all_lord_battle_stand_your_ground,Stand Your Ground!,,,,,,,,,,,,,,,,,,,,,,,,,,,,wh_main_skill_node_dwf_thorgrim_battle_10,wh2_dlc11_skill_dwf_army_buff_dawi_firepower,Dawi Firepower,wh_main_skill_node_dwf_thorgrim_battle_13,wh_main_skill_all_lord_battle_stand_your_ground,Stand Your Ground!,SUBSET_REQUIRED,0,1,1,0,0,,,,,,,,,,,character_skill_node_links_tables,wh_main_skill_node_dwf_thorgrim_battle_10|wh_main_skill_node_dwf_thorgrim_battle_13|SUBSET_REQUIRED
prerequisite,warhammer_3,8.1.1,24237342,Dwarfs,dwarfs,wh_main_sc_dwf_dwarfs,Thorgrim Grudgebearer,Thorgrim_Grudgebearer,legendary_lord,wh_main_dwf_thorgrim_grudgebearer,general,general,wh3_dlc26_dwf_dwarfs_invasion|wh_main_dwf_dwarfs|wh_main_dwf_dwarfs_qb1|wh_main_dwf_dwarfs_qb2|wh_main_dwf_dwarfs_qb3|wh_main_dwf_dwarfs_qb4,true,false,true,true,false,true,,legendary_lords,wh_main_skill_node_set_dwf_thorgrim,,1,general,false,false,,,,wh_main_skill_node_dwf_thorgrim_battle_13,wh_main_skill_all_lord_battle_stand_your_ground,Stand Your Ground!,,,,,,,,,,,,,,,,,,,,,,,,,,,,wh_main_skill_node_dwf_thorgrim_battle_11,wh2_dlc11_skill_dwf_army_buff_honoured_by_grimnir,Honoured by Grimnir,wh_main_skill_node_dwf_thorgrim_battle_13,wh_main_skill_all_lord_battle_stand_your_ground,Stand Your Ground!,SUBSET_REQUIRED,0,1,1,0,0,,,,,,,,,,,character_skill_node_links_tables,wh_main_skill_node_dwf_thorgrim_battle_11|wh_main_skill_node_dwf_thorgrim_battle_13|SUBSET_REQUIRED
prerequisite,warhammer_3,8.1.1,24237342,Dwarfs,dwarfs,wh_main_sc_dwf_dwarfs,Thorgrim Grudgebearer,Thorgrim_Grudgebearer,legendary_lord,wh_main_dwf_thorgrim_grudgebearer,general,general,wh3_dlc26_dwf_dwarfs_invasion|wh_main_dwf_dwarfs|wh_main_dwf_dwarfs_qb1|wh_main_dwf_dwarfs_qb2|wh_main_dwf_dwarfs_qb3|wh_main_dwf_dwarfs_qb4,true,false,true,true,false,true,,legendary_lords,wh_main_skill_node_set_dwf_thorgrim,,1,general,false,false,,,,wh_main_skill_node_dwf_thorgrim_battle_13,wh_main_skill_all_lord_battle_stand_your_ground,Stand Your Ground!,,,,,,,,,,,,,,,,,,,,,,,,,,,,wh_main_skill_node_dwf_thorgrim_battle_12,wh2_dlc11_skill_dwf_army_buff_morgrims_favoured,Morgrim’s Favoured,wh_main_skill_node_dwf_thorgrim_battle_13,wh_main_skill_all_lord_battle_stand_your_ground,Stand Your Ground!,SUBSET_REQUIRED,0,1,1,0,0,,,,,,,,,,,character_skill_node_links_tables,wh_main_skill_node_dwf_thorgrim_battle_12|wh_main_skill_node_dwf_thorgrim_battle_13|SUBSET_REQUIRED
prerequisite,warhammer_3,8.1.1,24237342,Dwarfs,dwarfs,wh_main_sc_dwf_dwarfs,Thorgrim Grudgebearer,Thorgrim_Grudgebearer,legendary_lord,wh_main_dwf_thorgrim_grudgebearer,general,general,wh3_dlc26_dwf_dwarfs_invasion|wh_main_dwf_dwarfs|wh_main_dwf_dwarfs_qb1|wh_main_dwf_dwarfs_qb2|wh_main_dwf_dwarfs_qb3|wh_main_dwf_dwarfs_qb4,true,false,true,true,false,true,,legendary_lords,wh_main_skill_node_set_dwf_thorgrim,,1,general,false,false,,,,wh_main_skill_node_dwf_thorgrim_campaign_02,wh_main_skill_dwf_lord_campaign_miners_instinct,Miner's Instinct,,,,,,,,,,,,,,,,,,,,,,,,,,,,wh_main_skill_node_dwf_thorgrim_campaign_01,wh_main_skill_all_lord_campaign_route_marcher,Route Marcher,wh_main_skill_node_dwf_thorgrim_campaign_02,wh_main_skill_dwf_lord_campaign_miners_instinct,Miner's Instinct,REQUIRED,0,1,1,0,0,,,,,,,,,,,character_skill_node_links_tables,wh_main_skill_node_dwf_thorgrim_campaign_01|wh_main_skill_node_dwf_thorgrim_campaign_02|REQUIRED
prerequisite,warhammer_3,8.1.1,24237342,Dwarfs,dwarfs,wh_main_sc_dwf_dwarfs,Thorgrim Grudgebearer,Thorgrim_Grudgebearer,legendary_lord,wh_main_dwf_thorgrim_grudgebearer,general,general,wh3_dlc26_dwf_dwarfs_invasion|wh_main_dwf_dwarfs|wh_main_dwf_dwarfs_qb1|wh_main_dwf_dwarfs_qb2|wh_main_dwf_dwarfs_qb3|wh_main_dwf_dwarfs_qb4,true,false,true,true,false,true,,legendary_lords,wh_main_skill_node_set_dwf_thorgrim,,1,general,false,false,,,,wh_main_skill_node_dwf_thorgrim_campaign_03,wh_main_skill_dwf_lord_campaign_wall_breaker,Wall Breaker,,,,,,,,,,,,,,,,,,,,,,,,,,,,wh_main_skill_node_dwf_thorgrim_campaign_01,wh_main_skill_all_lord_campaign_route_marcher,Route Marcher,wh_main_skill_node_dwf_thorgrim_campaign_03,wh_main_skill_dwf_lord_campaign_wall_breaker,Wall Breaker,REQUIRED,0,1,1,0,0,,,,,,,,,,,character_skill_node_links_tables,wh_main_skill_node_dwf_thorgrim_campaign_01|wh_main_skill_node_dwf_thorgrim_campaign_03|REQUIRED
prerequisite,warhammer_3,8.1.1,24237342,Dwarfs,dwarfs,wh_main_sc_dwf_dwarfs,Thorgrim Grudgebearer,Thorgrim_Grudgebearer,legendary_lord,wh_main_dwf_thorgrim_grudgebearer,general,general,wh3_dlc26_dwf_dwarfs_invasion|wh_main_dwf_dwarfs|wh_main_dwf_dwarfs_qb1|wh_main_dwf_dwarfs_qb2|wh_main_dwf_dwarfs_qb3|wh_main_dwf_dwarfs_qb4,true,false,true,true,false,true,,legendary_lords,wh_main_skill_node_set_dwf_thorgrim,,1,general,false,false,,,,wh_main_skill_node_dwf_thorgrim_campaign_04,wh_main_skill_dwf_lord_campaign_pure-beard,Pure-Beard,,,,,,,,,,,,,,,,,,,,,,,,,,,,wh_main_skill_node_dwf_thorgrim_campaign_01,wh_main_skill_all_lord_campaign_route_marcher,Route Marcher,wh_main_skill_node_dwf_thorgrim_campaign_04,wh_main_skill_dwf_lord_campaign_pure-beard,Pure-Beard,REQUIRED,0,1,1,0,0,,,,,,,,,,,character_skill_node_links_tables,wh_main_skill_node_dwf_thorgrim_campaign_01|wh_main_skill_node_dwf_thorgrim_campaign_04|REQUIRED
prerequisite,warhammer_3,8.1.1,24237342,Dwarfs,dwarfs,wh_main_sc_dwf_dwarfs,Thorgrim Grudgebearer,Thorgrim_Grudgebearer,legendary_lord,wh_main_dwf_thorgrim_grudgebearer,general,general,wh3_dlc26_dwf_dwarfs_invasion|wh_main_dwf_dwarfs|wh_main_dwf_dwarfs_qb1|wh_main_dwf_dwarfs_qb2|wh_main_dwf_dwarfs_qb3|wh_main_dwf_dwarfs_qb4,true,false,true,true,false,true,,legendary_lords,wh_main_skill_node_set_dwf_thorgrim,,1,general,false,false,,,,wh_main_skill_node_dwf_thorgrim_campaign_05,wh_main_skill_dwf_lord_campaign_mason,Mason,,,,,,,,,,,,,,,,,,,,,,,,,,,,wh_main_skill_node_dwf_thorgrim_campaign_01,wh_main_skill_all_lord_campaign_route_marcher,Route Marcher,wh_main_skill_node_dwf_thorgrim_campaign_05,wh_main_skill_dwf_lord_campaign_mason,Mason,REQUIRED,0,1,1,0,0,,,,,,,,,,,character_skill_node_links_tables,wh_main_skill_node_dwf_thorgrim_campaign_01|wh_main_skill_node_dwf_thorgrim_campaign_05|REQUIRED
prerequisite,warhammer_3,8.1.1,24237342,Dwarfs,dwarfs,wh_main_sc_dwf_dwarfs,Thorgrim Grudgebearer,Thorgrim_Grudgebearer,legendary_lord,wh_main_dwf_thorgrim_grudgebearer,general,general,wh3_dlc26_dwf_dwarfs_invasion|wh_main_dwf_dwarfs|wh_main_dwf_dwarfs_qb1|wh_main_dwf_dwarfs_qb2|wh_main_dwf_dwarfs_qb3|wh_main_dwf_dwarfs_qb4,true,false,true,true,false,true,,legendary_lords,wh_main_skill_node_set_dwf_thorgrim,,1,general,false,false,,,,wh_main_skill_node_dwf_thorgrim_campaign_06,wh_main_skill_dwf_lord_campaign_iron-willed,Iron-Willed,,,,,,,,,,,,,,,,,,,,,,,,,,,,wh_main_skill_node_dwf_thorgrim_campaign_02,wh_main_skill_dwf_lord_campaign_miners_instinct,Miner's Instinct,wh_main_skill_node_dwf_thorgrim_campaign_06,wh_main_skill_dwf_lord_campaign_iron-willed,Iron-Willed,SUBSET_REQUIRED,0,1,1,0,0,,,,,,,,,,,character_skill_node_links_tables,wh_main_skill_node_dwf_thorgrim_campaign_02|wh_main_skill_node_dwf_thorgrim_campaign_06|SUBSET_REQUIRED
prerequisite,warhammer_3,8.1.1,24237342,Dwarfs,dwarfs,wh_main_sc_dwf_dwarfs,Thorgrim Grudgebearer,Thorgrim_Grudgebearer,legendary_lord,wh_main_dwf_thorgrim_grudgebearer,general,general,wh3_dlc26_dwf_dwarfs_invasion|wh_main_dwf_dwarfs|wh_main_dwf_dwarfs_qb1|wh_main_dwf_dwarfs_qb2|wh_main_dwf_dwarfs_qb3|wh_main_dwf_dwarfs_qb4,true,false,true,true,false,true,,legendary_lords,wh_main_skill_node_set_dwf_thorgrim,,1,general,false,false,,,,wh_main_skill_node_dwf_thorgrim_campaign_06,wh_main_skill_dwf_lord_campaign_iron-willed,Iron-Willed,,,,,,,,,,,,,,,,,,,,,,,,,,,,wh_main_skill_node_dwf_thorgrim_campaign_03,wh_main_skill_dwf_lord_campaign_wall_breaker,Wall Breaker,wh_main_skill_node_dwf_thorgrim_campaign_06,wh_main_skill_dwf_lord_campaign_iron-willed,Iron-Willed,SUBSET_REQUIRED,0,1,1,0,0,,,,,,,,,,,character_skill_node_links_tables,wh_main_skill_node_dwf_thorgrim_campaign_03|wh_main_skill_node_dwf_thorgrim_campaign_06|SUBSET_REQUIRED
prerequisite,warhammer_3,8.1.1,24237342,Dwarfs,dwarfs,wh_main_sc_dwf_dwarfs,Thorgrim Grudgebearer,Thorgrim_Grudgebearer,legendary_lord,wh_main_dwf_thorgrim_grudgebearer,general,general,wh3_dlc26_dwf_dwarfs_invasion|wh_main_dwf_dwarfs|wh_main_dwf_dwarfs_qb1|wh_main_dwf_dwarfs_qb2|wh_main_dwf_dwarfs_qb3|wh_main_dwf_dwarfs_qb4,true,false,true,true,false,true,,legendary_lords,wh_main_skill_node_set_dwf_thorgrim,,1,general,false,false,,,,wh_main_skill_node_dwf_thorgrim_campaign_06,wh_main_skill_dwf_lord_campaign_iron-willed,Iron-Willed,,,,,,,,,,,,,,,,,,,,,,,,,,,,wh_main_skill_node_dwf_thorgrim_campaign_04,wh_main_skill_dwf_lord_campaign_pure-beard,Pure-Beard,wh_main_skill_node_dwf_thorgrim_campaign_06,wh_main_skill_dwf_lord_campaign_iron-willed,Iron-Willed,SUBSET_REQUIRED,0,1,1,0,0,,,,,,,,,,,character_skill_node_links_tables,wh_main_skill_node_dwf_thorgrim_campaign_04|wh_main_skill_node_dwf_thorgrim_campaign_06|SUBSET_REQUIRED
prerequisite,warhammer_3,8.1.1,24237342,Dwarfs,dwarfs,wh_main_sc_dwf_dwarfs,Thorgrim Grudgebearer,Thorgrim_Grudgebearer,legendary_lord,wh_main_dwf_thorgrim_grudgebearer,general,general,wh3_dlc26_dwf_dwarfs_invasion|wh_main_dwf_dwarfs|wh_main_dwf_dwarfs_qb1|wh_main_dwf_dwarfs_qb2|wh_main_dwf_dwarfs_qb3|wh_main_dwf_dwarfs_qb4,true,false,true,true,false,true,,legendary_lords,wh_main_skill_node_set_dwf_thorgrim,,1,general,false,false,,,,wh_main_skill_node_dwf_thorgrim_campaign_06,wh_main_skill_dwf_lord_campaign_iron-willed,Iron-Willed,,,,,,,,,,,,,,,,,,,,,,,,,,,,wh_main_skill_node_dwf_thorgrim_campaign_05,wh_main_skill_dwf_lord_campaign_mason,Mason,wh_main_skill_node_dwf_thorgrim_campaign_06,wh_main_skill_dwf_lord_campaign_iron-willed,Iron-Willed,SUBSET_REQUIRED,0,1,1,0,0,,,,,,,,,,,character_skill_node_links_tables,wh_main_skill_node_dwf_thorgrim_campaign_05|wh_main_skill_node_dwf_thorgrim_campaign_06|SUBSET_REQUIRED
prerequisite,warhammer_3,8.1.1,24237342,Dwarfs,dwarfs,wh_main_sc_dwf_dwarfs,Thorgrim Grudgebearer,Thorgrim_Grudgebearer,legendary_lord,wh_main_dwf_thorgrim_grudgebearer,general,general,wh3_dlc26_dwf_dwarfs_invasion|wh_main_dwf_dwarfs|wh_main_dwf_dwarfs_qb1|wh_main_dwf_dwarfs_qb2|wh_main_dwf_dwarfs_qb3|wh_main_dwf_dwarfs_qb4,true,false,true,true,false,true,,legendary_lords,wh_main_skill_node_set_dwf_thorgrim,,1,general,false,false,,,,wh_main_skill_node_dwf_thorgrim_campaign_07,wh_main_skill_all_lord_campaign_lightning_strike,Lightning Strike,,,,,,,,,,,,,,,,,,,,,,,,,,,,wh_main_skill_node_dwf_thorgrim_campaign_06,wh_main_skill_dwf_lord_campaign_iron-willed,Iron-Willed,wh_main_skill_node_dwf_thorgrim_campaign_07,wh_main_skill_all_lord_campaign_lightning_strike,Lightning Strike,REQUIRED,0,1,1,0,0,,,,,,,,,,,character_skill_node_links_tables,wh_main_skill_node_dwf_thorgrim_campaign_06|wh_main_skill_node_dwf_thorgrim_campaign_07|REQUIRED
prerequisite,warhammer_3,8.1.1,24237342,Dwarfs,dwarfs,wh_main_sc_dwf_dwarfs,Thorgrim Grudgebearer,Thorgrim_Grudgebearer,legendary_lord,wh_main_dwf_thorgrim_grudgebearer,general,general,wh3_dlc26_dwf_dwarfs_invasion|wh_main_dwf_dwarfs|wh_main_dwf_dwarfs_qb1|wh_main_dwf_dwarfs_qb2|wh_main_dwf_dwarfs_qb3|wh_main_dwf_dwarfs_qb4,true,false,true,true,false,true,,legendary_lords,wh_main_skill_node_set_dwf_thorgrim,,1,general,false,false,,,,wh_main_skill_node_dwf_thorgrim_campaign_08,wh_main_skill_lord_all_campaign_reassuring_presence,Reassuring Presence,,,,,,,,,,,,,,,,,,,,,,,,,,,,wh_main_skill_node_dwf_thorgrim_campaign_06,wh_main_skill_dwf_lord_campaign_iron-willed,Iron-Willed,wh_main_skill_node_dwf_thorgrim_campaign_08,wh_main_skill_lord_all_campaign_reassuring_presence,Reassuring Presence,REQUIRED,0,1,1,0,0,,,,,,,,,,,character_skill_node_links_tables,wh_main_skill_node_dwf_thorgrim_campaign_06|wh_main_skill_node_dwf_thorgrim_campaign_08|REQUIRED
prerequisite,warhammer_3,8.1.1,24237342,Dwarfs,dwarfs,wh_main_sc_dwf_dwarfs,Thorgrim Grudgebearer,Thorgrim_Grudgebearer,legendary_lord,wh_main_dwf_thorgrim_grudgebearer,general,general,wh3_dlc26_dwf_dwarfs_invasion|wh_main_dwf_dwarfs|wh_main_dwf_dwarfs_qb1|wh_main_dwf_dwarfs_qb2|wh_main_dwf_dwarfs_qb3|wh_main_dwf_dwarfs_qb4,true,false,true,true,false,true,,legendary_lords,wh_main_skill_node_set_dwf_thorgrim,,1,general,false,false,,,,wh_main_skill_node_dwf_thorgrim_campaign_09,wh_main_skill_dwf_lord_campaign_inspirational_leader,Inspirational Leader,,,,,,,,,,,,,,,,,,,,,,,,,,,,wh_main_skill_node_dwf_thorgrim_campaign_06,wh_main_skill_dwf_lord_campaign_iron-willed,Iron-Willed,wh_main_skill_node_dwf_thorgrim_campaign_09,wh_main_skill_dwf_lord_campaign_inspirational_leader,Inspirational Leader,REQUIRED,0,1,1,0,0,,,,,,,,,,,character_skill_node_links_tables,wh_main_skill_node_dwf_thorgrim_campaign_06|wh_main_skill_node_dwf_thorgrim_campaign_09|REQUIRED
prerequisite,warhammer_3,8.1.1,24237342,Dwarfs,dwarfs,wh_main_sc_dwf_dwarfs,Thorgrim Grudgebearer,Thorgrim_Grudgebearer,legendary_lord,wh_main_dwf_thorgrim_grudgebearer,general,general,wh3_dlc26_dwf_dwarfs_invasion|wh_main_dwf_dwarfs|wh_main_dwf_dwarfs_qb1|wh_main_dwf_dwarfs_qb2|wh_main_dwf_dwarfs_qb3|wh_main_dwf_dwarfs_qb4,true,false,true,true,false,true,,legendary_lords,wh_main_skill_node_set_dwf_thorgrim,,1,general,false,false,,,,wh_main_skill_node_dwf_thorgrim_campaign_10,wh_main_skill_all_lord_campaign_alert,Alert,,,,,,,,,,,,,,,,,,,,,,,,,,,,wh_main_skill_node_dwf_thorgrim_campaign_06,wh_main_skill_dwf_lord_campaign_iron-willed,Iron-Willed,wh_main_skill_node_dwf_thorgrim_campaign_10,wh_main_skill_all_lord_campaign_alert,Alert,REQUIRED,0,1,1,0,0,,,,,,,,,,,character_skill_node_links_tables,wh_main_skill_node_dwf_thorgrim_campaign_06|wh_main_skill_node_dwf_thorgrim_campaign_10|REQUIRED
prerequisite,warhammer_3,8.1.1,24237342,Dwarfs,dwarfs,wh_main_sc_dwf_dwarfs,Thorgrim Grudgebearer,Thorgrim_Grudgebearer,legendary_lord,wh_main_dwf_thorgrim_grudgebearer,general,general,wh3_dlc26_dwf_dwarfs_invasion|wh_main_dwf_dwarfs|wh_main_dwf_dwarfs_qb1|wh_main_dwf_dwarfs_qb2|wh_main_dwf_dwarfs_qb3|wh_main_dwf_dwarfs_qb4,true,false,true,true,false,true,,legendary_lords,wh_main_skill_node_set_dwf_thorgrim,,1,general,false,false,,,,wh_main_skill_node_dwf_thorgrim_campaign_11,wh_main_skill_dwf_lord_campaign_enquiring_mind,Enquiring Mind,,,,,,,,,,,,,,,,,,,,,,,,,,,,wh_main_skill_node_dwf_thorgrim_campaign_07,wh_main_skill_all_lord_campaign_lightning_strike,Lightning Strike,wh_main_skill_node_dwf_thorgrim_campaign_11,wh_main_skill_dwf_lord_campaign_enquiring_mind,Enquiring Mind,SUBSET_REQUIRED,0,1,1,0,0,,,,,,,,,,,character_skill_node_links_tables,wh_main_skill_node_dwf_thorgrim_campaign_07|wh_main_skill_node_dwf_thorgrim_campaign_11|SUBSET_REQUIRED
prerequisite,warhammer_3,8.1.1,24237342,Dwarfs,dwarfs,wh_main_sc_dwf_dwarfs,Thorgrim Grudgebearer,Thorgrim_Grudgebearer,legendary_lord,wh_main_dwf_thorgrim_grudgebearer,general,general,wh3_dlc26_dwf_dwarfs_invasion|wh_main_dwf_dwarfs|wh_main_dwf_dwarfs_qb1|wh_main_dwf_dwarfs_qb2|wh_main_dwf_dwarfs_qb3|wh_main_dwf_dwarfs_qb4,true,false,true,true,false,true,,legendary_lords,wh_main_skill_node_set_dwf_thorgrim,,1,general,false,false,,,,wh_main_skill_node_dwf_thorgrim_campaign_11,wh_main_skill_dwf_lord_campaign_enquiring_mind,Enquiring Mind,,,,,,,,,,,,,,,,,,,,,,,,,,,,wh_main_skill_node_dwf_thorgrim_campaign_08,wh_main_skill_lord_all_campaign_reassuring_presence,Reassuring Presence,wh_main_skill_node_dwf_thorgrim_campaign_11,wh_main_skill_dwf_lord_campaign_enquiring_mind,Enquiring Mind,SUBSET_REQUIRED,0,1,1,0,0,,,,,,,,,,,character_skill_node_links_tables,wh_main_skill_node_dwf_thorgrim_campaign_08|wh_main_skill_node_dwf_thorgrim_campaign_11|SUBSET_REQUIRED
prerequisite,warhammer_3,8.1.1,24237342,Dwarfs,dwarfs,wh_main_sc_dwf_dwarfs,Thorgrim Grudgebearer,Thorgrim_Grudgebearer,legendary_lord,wh_main_dwf_thorgrim_grudgebearer,general,general,wh3_dlc26_dwf_dwarfs_invasion|wh_main_dwf_dwarfs|wh_main_dwf_dwarfs_qb1|wh_main_dwf_dwarfs_qb2|wh_main_dwf_dwarfs_qb3|wh_main_dwf_dwarfs_qb4,true,false,true,true,false,true,,legendary_lords,wh_main_skill_node_set_dwf_thorgrim,,1,general,false,false,,,,wh_main_skill_node_dwf_thorgrim_campaign_11,wh_main_skill_dwf_lord_campaign_enquiring_mind,Enquiring Mind,,,,,,,,,,,,,,,,,,,,,,,,,,,,wh_main_skill_node_dwf_thorgrim_campaign_09,wh_main_skill_dwf_lord_campaign_inspirational_leader,Inspirational Leader,wh_main_skill_node_dwf_thorgrim_campaign_11,wh_main_skill_dwf_lord_campaign_enquiring_mind,Enquiring Mind,SUBSET_REQUIRED,0,1,1,0,0,,,,,,,,,,,character_skill_node_links_tables,wh_main_skill_node_dwf_thorgrim_campaign_09|wh_main_skill_node_dwf_thorgrim_campaign_11|SUBSET_REQUIRED
prerequisite,warhammer_3,8.1.1,24237342,Dwarfs,dwarfs,wh_main_sc_dwf_dwarfs,Thorgrim Grudgebearer,Thorgrim_Grudgebearer,legendary_lord,wh_main_dwf_thorgrim_grudgebearer,general,general,wh3_dlc26_dwf_dwarfs_invasion|wh_main_dwf_dwarfs|wh_main_dwf_dwarfs_qb1|wh_main_dwf_dwarfs_qb2|wh_main_dwf_dwarfs_qb3|wh_main_dwf_dwarfs_qb4,true,false,true,true,false,true,,legendary_lords,wh_main_skill_node_set_dwf_thorgrim,,1,general,false,false,,,,wh_main_skill_node_dwf_thorgrim_campaign_11,wh_main_skill_dwf_lord_campaign_enquiring_mind,Enquiring Mind,,,,,,,,,,,,,,,,,,,,,,,,,,,,wh_main_skill_node_dwf_thorgrim_campaign_10,wh_main_skill_all_lord_campaign_alert,Alert,wh_main_skill_node_dwf_thorgrim_campaign_11,wh_main_skill_dwf_lord_campaign_enquiring_mind,Enquiring Mind,SUBSET_REQUIRED,0,1,1,0,0,,,,,,,,,,,character_skill_node_links_tables,wh_main_skill_node_dwf_thorgrim_campaign_10|wh_main_skill_node_dwf_thorgrim_campaign_11|SUBSET_REQUIRED
prerequisite,warhammer_3,8.1.1,24237342,Dwarfs,dwarfs,wh_main_sc_dwf_dwarfs,Thorgrim Grudgebearer,Thorgrim_Grudgebearer,legendary_lord,wh_main_dwf_thorgrim_grudgebearer,general,general,wh3_dlc26_dwf_dwarfs_invasion|wh_main_dwf_dwarfs|wh_main_dwf_dwarfs_qb1|wh_main_dwf_dwarfs_qb2|wh_main_dwf_dwarfs_qb3|wh_main_dwf_dwarfs_qb4,true,false,true,true,false,true,,legendary_lords,wh_main_skill_node_set_dwf_thorgrim,,1,general,false,false,,,,wh_main_skill_node_dwf_thorgrim_self_02,wh_main_skill_dwf_lord_self_resolute,Resolute,,,,,,,,,,,,,,,,,,,,,,,,,,,,wh_main_skill_node_dwf_thorgrim_self_01,wh_main_skill_all_lord_self_full_plate_armour_starter,Full Plate Armour,wh_main_skill_node_dwf_thorgrim_self_02,wh_main_skill_dwf_lord_self_resolute,Resolute,REQUIRED,0,1,1,0,0,,,,,,,,,,,character_skill_node_links_tables,wh_main_skill_node_dwf_thorgrim_self_01|wh_main_skill_node_dwf_thorgrim_self_02|REQUIRED
prerequisite,warhammer_3,8.1.1,24237342,Dwarfs,dwarfs,wh_main_sc_dwf_dwarfs,Thorgrim Grudgebearer,Thorgrim_Grudgebearer,legendary_lord,wh_main_dwf_thorgrim_grudgebearer,general,general,wh3_dlc26_dwf_dwarfs_invasion|wh_main_dwf_dwarfs|wh_main_dwf_dwarfs_qb1|wh_main_dwf_dwarfs_qb2|wh_main_dwf_dwarfs_qb3|wh_main_dwf_dwarfs_qb4,true,false,true,true,false,true,,legendary_lords,wh_main_skill_node_set_dwf_thorgrim,,1,general,false,false,,,,wh_main_skill_node_dwf_thorgrim_self_03,wh2_dlc11_skill_all_lord_self_hard_to_hit,{{tr:character_skills_localised_name_wh_main_skill_all_all_self_hard_to_hit}},,,,,,,,,,,,,,,,,,,,,,,,,,,,wh_main_skill_node_dwf_thorgrim_self_01,wh_main_skill_all_lord_self_full_plate_armour_starter,Full Plate Armour,wh_main_skill_node_dwf_thorgrim_self_03,wh2_dlc11_skill_all_lord_self_hard_to_hit,{{tr:character_skills_localised_name_wh_main_skill_all_all_self_hard_to_hit}},REQUIRED,0,1,1,0,0,,,,,,,,,,,character_skill_node_links_tables,wh_main_skill_node_dwf_thorgrim_self_01|wh_main_skill_node_dwf_thorgrim_self_03|REQUIRED
prerequisite,warhammer_3,8.1.1,24237342,Dwarfs,dwarfs,wh_main_sc_dwf_dwarfs,Thorgrim Grudgebearer,Thorgrim_Grudgebearer,legendary_lord,wh_main_dwf_thorgrim_grudgebearer,general,general,wh3_dlc26_dwf_dwarfs_invasion|wh_main_dwf_dwarfs|wh_main_dwf_dwarfs_qb1|wh_main_dwf_dwarfs_qb2|wh_main_dwf_dwarfs_qb3|wh_main_dwf_dwarfs_qb4,true,false,true,true,false,true,,legendary_lords,wh_main_skill_node_set_dwf_thorgrim,,1,general,false,false,,,,wh_main_skill_node_dwf_thorgrim_self_04,wh2_dlc11_skill_all_lord_self_scarred_veteran,{{tr:character_skills_localised_name_wh_main_skill_all_all_self_scarred_veteran}},,,,,,,,,,,,,,,,,,,,,,,,,,,,wh_main_skill_node_dwf_thorgrim_self_01,wh_main_skill_all_lord_self_full_plate_armour_starter,Full Plate Armour,wh_main_skill_node_dwf_thorgrim_self_04,wh2_dlc11_skill_all_lord_self_scarred_veteran,{{tr:character_skills_localised_name_wh_main_skill_all_all_self_scarred_veteran}},REQUIRED,0,1,1,0,0,,,,,,,,,,,character_skill_node_links_tables,wh_main_skill_node_dwf_thorgrim_self_01|wh_main_skill_node_dwf_thorgrim_self_04|REQUIRED
prerequisite,warhammer_3,8.1.1,24237342,Dwarfs,dwarfs,wh_main_sc_dwf_dwarfs,Thorgrim Grudgebearer,Thorgrim_Grudgebearer,legendary_lord,wh_main_dwf_thorgrim_grudgebearer,general,general,wh3_dlc26_dwf_dwarfs_invasion|wh_main_dwf_dwarfs|wh_main_dwf_dwarfs_qb1|wh_main_dwf_dwarfs_qb2|wh_main_dwf_dwarfs_qb3|wh_main_dwf_dwarfs_qb4,true,false,true,true,false,true,,legendary_lords,wh_main_skill_node_set_dwf_thorgrim,,1,general,false,false,,,,wh_main_skill_node_dwf_thorgrim_self_05,wh_main_skill_dwf_lord_self_ancestral_grudge,Ancestral Grudge,,,,,,,,,,,,,,,,,,,,,,,,,,,,wh_main_skill_node_dwf_thorgrim_self_01,wh_main_skill_all_lord_self_full_plate_armour_starter,Full Plate Armour,wh_main_skill_node_dwf_thorgrim_self_05,wh_main_skill_dwf_lord_self_ancestral_grudge,Ancestral Grudge,REQUIRED,0,1,1,0,0,,,,,,,,,,,character_skill_node_links_tables,wh_main_skill_node_dwf_thorgrim_self_01|wh_main_skill_node_dwf_thorgrim_self_05|REQUIRED
prerequisite,warhammer_3,8.1.1,24237342,Dwarfs,dwarfs,wh_main_sc_dwf_dwarfs,Thorgrim Grudgebearer,Thorgrim_Grudgebearer,legendary_lord,wh_main_dwf_thorgrim_grudgebearer,general,general,wh3_dlc26_dwf_dwarfs_invasion|wh_main_dwf_dwarfs|wh_main_dwf_dwarfs_qb1|wh_main_dwf_dwarfs_qb2|wh_main_dwf_dwarfs_qb3|wh_main_dwf_dwarfs_qb4,true,false,true,true,false,true,,legendary_lords,wh_main_skill_node_set_dwf_thorgrim,,1,general,false,false,,,,wh_main_skill_node_dwf_thorgrim_self_06,wh_main_skill_all_all_self_foe-seeker,Foe-Seeker,,,,,,,,,,,,,,,,,,,,,,,,,,,,wh_main_skill_node_dwf_thorgrim_self_02,wh_main_skill_dwf_lord_self_resolute,Resolute,wh_main_skill_node_dwf_thorgrim_self_06,wh_main_skill_all_all_self_foe-seeker,Foe-Seeker,SUBSET_REQUIRED,0,1,1,0,0,,,,,,,,,,,character_skill_node_links_tables,wh_main_skill_node_dwf_thorgrim_self_02|wh_main_skill_node_dwf_thorgrim_self_06|SUBSET_REQUIRED
prerequisite,warhammer_3,8.1.1,24237342,Dwarfs,dwarfs,wh_main_sc_dwf_dwarfs,Thorgrim Grudgebearer,Thorgrim_Grudgebearer,legendary_lord,wh_main_dwf_thorgrim_grudgebearer,general,general,wh3_dlc26_dwf_dwarfs_invasion|wh_main_dwf_dwarfs|wh_main_dwf_dwarfs_qb1|wh_main_dwf_dwarfs_qb2|wh_main_dwf_dwarfs_qb3|wh_main_dwf_dwarfs_qb4,true,false,true,true,false,true,,legendary_lords,wh_main_skill_node_set_dwf_thorgrim,,1,general,false,false,,,,wh_main_skill_node_dwf_thorgrim_self_06,wh_main_skill_all_all_self_foe-seeker,Foe-Seeker,,,,,,,,,,,,,,,,,,,,,,,,,,,,wh_main_skill_node_dwf_thorgrim_self_03,wh2_dlc11_skill_all_lord_self_hard_to_hit,{{tr:character_skills_localised_name_wh_main_skill_all_all_self_hard_to_hit}},wh_main_skill_node_dwf_thorgrim_self_06,wh_main_skill_all_all_self_foe-seeker,Foe-Seeker,SUBSET_REQUIRED,0,1,1,0,0,,,,,,,,,,,character_skill_node_links_tables,wh_main_skill_node_dwf_thorgrim_self_03|wh_main_skill_node_dwf_thorgrim_self_06|SUBSET_REQUIRED
prerequisite,warhammer_3,8.1.1,24237342,Dwarfs,dwarfs,wh_main_sc_dwf_dwarfs,Thorgrim Grudgebearer,Thorgrim_Grudgebearer,legendary_lord,wh_main_dwf_thorgrim_grudgebearer,general,general,wh3_dlc26_dwf_dwarfs_invasion|wh_main_dwf_dwarfs|wh_main_dwf_dwarfs_qb1|wh_main_dwf_dwarfs_qb2|wh_main_dwf_dwarfs_qb3|wh_main_dwf_dwarfs_qb4,true,false,true,true,false,true,,legendary_lords,wh_main_skill_node_set_dwf_thorgrim,,1,general,false,false,,,,wh_main_skill_node_dwf_thorgrim_self_06,wh_main_skill_all_all_self_foe-seeker,Foe-Seeker,,,,,,,,,,,,,,,,,,,,,,,,,,,,wh_main_skill_node_dwf_thorgrim_self_04,wh2_dlc11_skill_all_lord_self_scarred_veteran,{{tr:character_skills_localised_name_wh_main_skill_all_all_self_scarred_veteran}},wh_main_skill_node_dwf_thorgrim_self_06,wh_main_skill_all_all_self_foe-seeker,Foe-Seeker,SUBSET_REQUIRED,0,1,1,0,0,,,,,,,,,,,character_skill_node_links_tables,wh_main_skill_node_dwf_thorgrim_self_04|wh_main_skill_node_dwf_thorgrim_self_06|SUBSET_REQUIRED
prerequisite,warhammer_3,8.1.1,24237342,Dwarfs,dwarfs,wh_main_sc_dwf_dwarfs,Thorgrim Grudgebearer,Thorgrim_Grudgebearer,legendary_lord,wh_main_dwf_thorgrim_grudgebearer,general,general,wh3_dlc26_dwf_dwarfs_invasion|wh_main_dwf_dwarfs|wh_main_dwf_dwarfs_qb1|wh_main_dwf_dwarfs_qb2|wh_main_dwf_dwarfs_qb3|wh_main_dwf_dwarfs_qb4,true,false,true,true,false,true,,legendary_lords,wh_main_skill_node_set_dwf_thorgrim,,1,general,false,false,,,,wh_main_skill_node_dwf_thorgrim_self_06,wh_main_skill_all_all_self_foe-seeker,Foe-Seeker,,,,,,,,,,,,,,,,,,,,,,,,,,,,wh_main_skill_node_dwf_thorgrim_self_05,wh_main_skill_dwf_lord_self_ancestral_grudge,Ancestral Grudge,wh_main_skill_node_dwf_thorgrim_self_06,wh_main_skill_all_all_self_foe-seeker,Foe-Seeker,SUBSET_REQUIRED,0,1,1,0,0,,,,,,,,,,,character_skill_node_links_tables,wh_main_skill_node_dwf_thorgrim_self_05|wh_main_skill_node_dwf_thorgrim_self_06|SUBSET_REQUIRED
prerequisite,warhammer_3,8.1.1,24237342,Dwarfs,dwarfs,wh_main_sc_dwf_dwarfs,Thorgrim Grudgebearer,Thorgrim_Grudgebearer,legendary_lord,wh_main_dwf_thorgrim_grudgebearer,general,general,wh3_dlc26_dwf_dwarfs_invasion|wh_main_dwf_dwarfs|wh_main_dwf_dwarfs_qb1|wh_main_dwf_dwarfs_qb2|wh_main_dwf_dwarfs_qb3|wh_main_dwf_dwarfs_qb4,true,false,true,true,false,true,,legendary_lords,wh_main_skill_node_set_dwf_thorgrim,,1,general,false,false,,,,wh_main_skill_node_dwf_thorgrim_self_07,wh2_dlc11_skill_all_lord_self_wound-maker,{{tr:character_skills_localised_name_wh_main_skill_all_all_self_wound-maker}},,,,,,,,,,,,,,,,,,,,,,,,,,,,wh_main_skill_node_dwf_thorgrim_self_06,wh_main_skill_all_all_self_foe-seeker,Foe-Seeker,wh_main_skill_node_dwf_thorgrim_self_07,wh2_dlc11_skill_all_lord_self_wound-maker,{{tr:character_skills_localised_name_wh_main_skill_all_all_self_wound-maker}},REQUIRED,0,1,1,0,0,,,,,,,,,,,character_skill_node_links_tables,wh_main_skill_node_dwf_thorgrim_self_06|wh_main_skill_node_dwf_thorgrim_self_07|REQUIRED
prerequisite,warhammer_3,8.1.1,24237342,Dwarfs,dwarfs,wh_main_sc_dwf_dwarfs,Thorgrim Grudgebearer,Thorgrim_Grudgebearer,legendary_lord,wh_main_dwf_thorgrim_grudgebearer,general,general,wh3_dlc26_dwf_dwarfs_invasion|wh_main_dwf_dwarfs|wh_main_dwf_dwarfs_qb1|wh_main_dwf_dwarfs_qb2|wh_main_dwf_dwarfs_qb3|wh_main_dwf_dwarfs_qb4,true,false,true,true,false,true,,legendary_lords,wh_main_skill_node_set_dwf_thorgrim,,1,general,false,false,,,,wh_main_skill_node_dwf_thorgrim_self_08,wh2_dlc11_skill_all_lord_self_blade_master,{{tr:character_skills_localised_name_wh_main_skill_all_all_self_blade_master}},,,,,,,,,,,,,,,,,,,,,,,,,,,,wh_main_skill_node_dwf_thorgrim_self_06,wh_main_skill_all_all_self_foe-seeker,Foe-Seeker,wh_main_skill_node_dwf_thorgrim_self_08,wh2_dlc11_skill_all_lord_self_blade_master,{{tr:character_skills_localised_name_wh_main_skill_all_all_self_blade_master}},REQUIRED,0,1,1,0,0,,,,,,,,,,,character_skill_node_links_tables,wh_main_skill_node_dwf_thorgrim_self_06|wh_main_skill_node_dwf_thorgrim_self_08|REQUIRED
prerequisite,warhammer_3,8.1.1,24237342,Dwarfs,dwarfs,wh_main_sc_dwf_dwarfs,Thorgrim Grudgebearer,Thorgrim_Grudgebearer,legendary_lord,wh_main_dwf_thorgrim_grudgebearer,general,general,wh3_dlc26_dwf_dwarfs_invasion|wh_main_dwf_dwarfs|wh_main_dwf_dwarfs_qb1|wh_main_dwf_dwarfs_qb2|wh_main_dwf_dwarfs_qb3|wh_main_dwf_dwarfs_qb4,true,false,true,true,false,true,,legendary_lords,wh_main_skill_node_set_dwf_thorgrim,,1,general,false,false,,,,wh_main_skill_node_dwf_thorgrim_self_09,wh2_dlc11_skill_all_lord_self_blade_shield,Blade Shield,,,,,,,,,,,,,,,,,,,,,,,,,,,,wh_main_skill_node_dwf_thorgrim_self_06,wh_main_skill_all_all_self_foe-seeker,Foe-Seeker,wh_main_skill_node_dwf_thorgrim_self_09,wh2_dlc11_skill_all_lord_self_blade_shield,Blade Shield,REQUIRED,0,1,1,0,0,,,,,,,,,,,character_skill_node_links_tables,wh_main_skill_node_dwf_thorgrim_self_06|wh_main_skill_node_dwf_thorgrim_self_09|REQUIRED
prerequisite,warhammer_3,8.1.1,24237342,Dwarfs,dwarfs,wh_main_sc_dwf_dwarfs,Thorgrim Grudgebearer,Thorgrim_Grudgebearer,legendary_lord,wh_main_dwf_thorgrim_grudgebearer,general,general,wh3_dlc26_dwf_dwarfs_invasion|wh_main_dwf_dwarfs|wh_main_dwf_dwarfs_qb1|wh_main_dwf_dwarfs_qb2|wh_main_dwf_dwarfs_qb3|wh_main_dwf_dwarfs_qb4,true,false,true,true,false,true,,legendary_lords,wh_main_skill_node_set_dwf_thorgrim,,1,general,false,false,,,,wh_main_skill_node_dwf_thorgrim_self_10,wh_main_skill_dwf_lord_self_relentless,Relentless,,,,,,,,,,,,,,,,,,,,,,,,,,,,wh_main_skill_node_dwf_thorgrim_self_06,wh_main_skill_all_all_self_foe-seeker,Foe-Seeker,wh_main_skill_node_dwf_thorgrim_self_10,wh_main_skill_dwf_lord_self_relentless,Relentless,REQUIRED,0,1,1,0,0,,,,,,,,,,,character_skill_node_links_tables,wh_main_skill_node_dwf_thorgrim_self_06|wh_main_skill_node_dwf_thorgrim_self_10|REQUIRED
prerequisite,warhammer_3,8.1.1,24237342,Dwarfs,dwarfs,wh_main_sc_dwf_dwarfs,Thorgrim Grudgebearer,Thorgrim_Grudgebearer,legendary_lord,wh_main_dwf_thorgrim_grudgebearer,general,general,wh3_dlc26_dwf_dwarfs_invasion|wh_main_dwf_dwarfs|wh_main_dwf_dwarfs_qb1|wh_main_dwf_dwarfs_qb2|wh_main_dwf_dwarfs_qb3|wh_main_dwf_dwarfs_qb4,true,false,true,true,false,true,,legendary_lords,wh_main_skill_node_set_dwf_thorgrim,,1,general,false,false,,,,wh_main_skill_node_dwf_thorgrim_self_11,wh_main_skill_all_all_self_deadly_onslaught,Deadly Onslaught,,,,,,,,,,,,,,,,,,,,,,,,,,,,wh_main_skill_node_dwf_thorgrim_self_07,wh2_dlc11_skill_all_lord_self_wound-maker,{{tr:character_skills_localised_name_wh_main_skill_all_all_self_wound-maker}},wh_main_skill_node_dwf_thorgrim_self_11,wh_main_skill_all_all_self_deadly_onslaught,Deadly Onslaught,SUBSET_REQUIRED,0,1,1,0,0,,,,,,,,,,,character_skill_node_links_tables,wh_main_skill_node_dwf_thorgrim_self_07|wh_main_skill_node_dwf_thorgrim_self_11|SUBSET_REQUIRED
prerequisite,warhammer_3,8.1.1,24237342,Dwarfs,dwarfs,wh_main_sc_dwf_dwarfs,Thorgrim Grudgebearer,Thorgrim_Grudgebearer,legendary_lord,wh_main_dwf_thorgrim_grudgebearer,general,general,wh3_dlc26_dwf_dwarfs_invasion|wh_main_dwf_dwarfs|wh_main_dwf_dwarfs_qb1|wh_main_dwf_dwarfs_qb2|wh_main_dwf_dwarfs_qb3|wh_main_dwf_dwarfs_qb4,true,false,true,true,false,true,,legendary_lords,wh_main_skill_node_set_dwf_thorgrim,,1,general,false,false,,,,wh_main_skill_node_dwf_thorgrim_self_11,wh_main_skill_all_all_self_deadly_onslaught,Deadly Onslaught,,,,,,,,,,,,,,,,,,,,,,,,,,,,wh_main_skill_node_dwf_thorgrim_self_08,wh2_dlc11_skill_all_lord_self_blade_master,{{tr:character_skills_localised_name_wh_main_skill_all_all_self_blade_master}},wh_main_skill_node_dwf_thorgrim_self_11,wh_main_skill_all_all_self_deadly_onslaught,Deadly Onslaught,SUBSET_REQUIRED,0,1,1,0,0,,,,,,,,,,,character_skill_node_links_tables,wh_main_skill_node_dwf_thorgrim_self_08|wh_main_skill_node_dwf_thorgrim_self_11|SUBSET_REQUIRED
prerequisite,warhammer_3,8.1.1,24237342,Dwarfs,dwarfs,wh_main_sc_dwf_dwarfs,Thorgrim Grudgebearer,Thorgrim_Grudgebearer,legendary_lord,wh_main_dwf_thorgrim_grudgebearer,general,general,wh3_dlc26_dwf_dwarfs_invasion|wh_main_dwf_dwarfs|wh_main_dwf_dwarfs_qb1|wh_main_dwf_dwarfs_qb2|wh_main_dwf_dwarfs_qb3|wh_main_dwf_dwarfs_qb4,true,false,true,true,false,true,,legendary_lords,wh_main_skill_node_set_dwf_thorgrim,,1,general,false,false,,,,wh_main_skill_node_dwf_thorgrim_self_11,wh_main_skill_all_all_self_deadly_onslaught,Deadly Onslaught,,,,,,,,,,,,,,,,,,,,,,,,,,,,wh_main_skill_node_dwf_thorgrim_self_09,wh2_dlc11_skill_all_lord_self_blade_shield,Blade Shield,wh_main_skill_node_dwf_thorgrim_self_11,wh_main_skill_all_all_self_deadly_onslaught,Deadly Onslaught,SUBSET_REQUIRED,0,1,1,0,0,,,,,,,,,,,character_skill_node_links_tables,wh_main_skill_node_dwf_thorgrim_self_09|wh_main_skill_node_dwf_thorgrim_self_11|SUBSET_REQUIRED
prerequisite,warhammer_3,8.1.1,24237342,Dwarfs,dwarfs,wh_main_sc_dwf_dwarfs,Thorgrim Grudgebearer,Thorgrim_Grudgebearer,legendary_lord,wh_main_dwf_thorgrim_grudgebearer,general,general,wh3_dlc26_dwf_dwarfs_invasion|wh_main_dwf_dwarfs|wh_main_dwf_dwarfs_qb1|wh_main_dwf_dwarfs_qb2|wh_main_dwf_dwarfs_qb3|wh_main_dwf_dwarfs_qb4,true,false,true,true,false,true,,legendary_lords,wh_main_skill_node_set_dwf_thorgrim,,1,general,false,false,,,,wh_main_skill_node_dwf_thorgrim_self_11,wh_main_skill_all_all_self_deadly_onslaught,Deadly Onslaught,,,,,,,,,,,,,,,,,,,,,,,,,,,,wh_main_skill_node_dwf_thorgrim_self_10,wh_main_skill_dwf_lord_self_relentless,Relentless,wh_main_skill_node_dwf_thorgrim_self_11,wh_main_skill_all_all_self_deadly_onslaught,Deadly Onslaught,SUBSET_REQUIRED,0,1,1,0,0,,,,,,,,,,,character_skill_node_links_tables,wh_main_skill_node_dwf_thorgrim_self_10|wh_main_skill_node_dwf_thorgrim_self_11|SUBSET_REQUIRED
prerequisite,warhammer_3,8.1.1,24237342,Dwarfs,dwarfs,wh_main_sc_dwf_dwarfs,Thorgrim Grudgebearer,Thorgrim_Grudgebearer,legendary_lord,wh_main_dwf_thorgrim_grudgebearer,general,general,wh3_dlc26_dwf_dwarfs_invasion|wh_main_dwf_dwarfs|wh_main_dwf_dwarfs_qb1|wh_main_dwf_dwarfs_qb2|wh_main_dwf_dwarfs_qb3|wh_main_dwf_dwarfs_qb4,true,false,true,true,false,true,,legendary_lords,wh_main_skill_node_set_dwf_thorgrim,,1,general,false,false,,,,wh_main_skill_node_dwf_thorgrim_unique_05,wh_main_skill_dwf_lord_unique_thorgrim_high_king,High King,,,,,,,,,,,,,,,,,,,,,,,,,,,,wh_dlc08_skill_dwf_lord_thorgrim_unique_0,wh_dlc08_skill_dwf_lord_thorgrim_unique_0,Ancient Bloodline,wh_main_skill_node_dwf_thorgrim_unique_05,wh_main_skill_dwf_lord_unique_thorgrim_high_king,High King,REQUIRED,0,1,1,0,0,,,,,,,,,,,character_skill_node_links_tables,wh_dlc08_skill_dwf_lord_thorgrim_unique_0|wh_main_skill_node_dwf_thorgrim_unique_05|REQUIRED
prerequisite,warhammer_3,8.1.1,24237342,Dwarfs,dwarfs,wh_main_sc_dwf_dwarfs,Thorgrim Grudgebearer,Thorgrim_Grudgebearer,legendary_lord,wh_main_dwf_thorgrim_grudgebearer,general,general,wh3_dlc26_dwf_dwarfs_invasion|wh_main_dwf_dwarfs|wh_main_dwf_dwarfs_qb1|wh_main_dwf_dwarfs_qb2|wh_main_dwf_dwarfs_qb3|wh_main_dwf_dwarfs_qb4,true,false,true,true,false,true,,legendary_lords,wh_main_skill_node_set_dwf_thorgrim,,1,general,false,false,,,,wh3_dlc25_skill_dwf_lord_thorgrim_unique_5,wh3_dlc25_skill_dwf_unique_thorgrim_unique_5,Right the Wrongs,,,,,,,,,,,,,,,,,,,,,,,,,,,,wh_dlc08_skill_dwf_lord_thorgrim_unique_1,wh_dlc08_skill_dwf_lord_thorgrim_unique_1,Elite Enforcer,wh3_dlc25_skill_dwf_lord_thorgrim_unique_5,wh3_dlc25_skill_dwf_unique_thorgrim_unique_5,Right the Wrongs,SUBSET_REQUIRED,0,1,1,0,0,,,,,,,,,,,character_skill_node_links_tables,wh_dlc08_skill_dwf_lord_thorgrim_unique_1|wh3_dlc25_skill_dwf_lord_thorgrim_unique_5|SUBSET_REQUIRED
prerequisite,warhammer_3,8.1.1,24237342,Dwarfs,dwarfs,wh_main_sc_dwf_dwarfs,Thorgrim Grudgebearer,Thorgrim_Grudgebearer,legendary_lord,wh_main_dwf_thorgrim_grudgebearer,general,general,wh3_dlc26_dwf_dwarfs_invasion|wh_main_dwf_dwarfs|wh_main_dwf_dwarfs_qb1|wh_main_dwf_dwarfs_qb2|wh_main_dwf_dwarfs_qb3|wh_main_dwf_dwarfs_qb4,true,false,true,true,false,true,,legendary_lords,wh_main_skill_node_set_dwf_thorgrim,,1,general,false,false,,,,wh3_dlc25_skill_dwf_lord_thorgrim_unique_5,wh3_dlc25_skill_dwf_unique_thorgrim_unique_5,Right the Wrongs,,,,,,,,,,,,,,,,,,,,,,,,,,,,wh_dlc08_skill_dwf_lord_thorgrim_unique_2,wh_dlc08_skill_dwf_lord_thorgrim_unique_2,Fire Support,wh3_dlc25_skill_dwf_lord_thorgrim_unique_5,wh3_dlc25_skill_dwf_unique_thorgrim_unique_5,Right the Wrongs,SUBSET_REQUIRED,0,1,1,0,0,,,,,,,,,,,character_skill_node_links_tables,wh_dlc08_skill_dwf_lord_thorgrim_unique_2|wh3_dlc25_skill_dwf_lord_thorgrim_unique_5|SUBSET_REQUIRED
prerequisite,warhammer_3,8.1.1,24237342,Dwarfs,dwarfs,wh_main_sc_dwf_dwarfs,Thorgrim Grudgebearer,Thorgrim_Grudgebearer,legendary_lord,wh_main_dwf_thorgrim_grudgebearer,general,general,wh3_dlc26_dwf_dwarfs_invasion|wh_main_dwf_dwarfs|wh_main_dwf_dwarfs_qb1|wh_main_dwf_dwarfs_qb2|wh_main_dwf_dwarfs_qb3|wh_main_dwf_dwarfs_qb4,true,false,true,true,false,true,,legendary_lords,wh_main_skill_node_set_dwf_thorgrim,,1,general,false,false,,,,wh3_dlc25_skill_dwf_lord_thorgrim_unique_5,wh3_dlc25_skill_dwf_unique_thorgrim_unique_5,Right the Wrongs,,,,,,,,,,,,,,,,,,,,,,,,,,,,wh_dlc08_skill_dwf_lord_thorgrim_unique_3,wh_dlc08_skill_dwf_lord_thorgrim_unique_3,Advanced Forging,wh3_dlc25_skill_dwf_lord_thorgrim_unique_5,wh3_dlc25_skill_dwf_unique_thorgrim_unique_5,Right the Wrongs,SUBSET_REQUIRED,0,1,1,0,0,,,,,,,,,,,character_skill_node_links_tables,wh_dlc08_skill_dwf_lord_thorgrim_unique_3|wh3_dlc25_skill_dwf_lord_thorgrim_unique_5|SUBSET_REQUIRED
prerequisite,warhammer_3,8.1.1,24237342,Dwarfs,dwarfs,wh_main_sc_dwf_dwarfs,Thorgrim Grudgebearer,Thorgrim_Grudgebearer,legendary_lord,wh_main_dwf_thorgrim_grudgebearer,general,general,wh3_dlc26_dwf_dwarfs_invasion|wh_main_dwf_dwarfs|wh_main_dwf_dwarfs_qb1|wh_main_dwf_dwarfs_qb2|wh_main_dwf_dwarfs_qb3|wh_main_dwf_dwarfs_qb4,true,false,true,true,false,true,,legendary_lords,wh_main_skill_node_set_dwf_thorgrim,,1,general,false,false,,,,wh3_dlc25_skill_dwf_lord_thorgrim_unique_5,wh3_dlc25_skill_dwf_unique_thorgrim_unique_5,Right the Wrongs,,,,,,,,,,,,,,,,,,,,,,,,,,,,wh_main_skill_node_dwf_thorgrim_unique_05,wh_main_skill_dwf_lord_unique_thorgrim_high_king,High King,wh3_dlc25_skill_dwf_lord_thorgrim_unique_5,wh3_dlc25_skill_dwf_unique_thorgrim_unique_5,Right the Wrongs,SUBSET_REQUIRED,0,1,1,0,0,,,,,,,,,,,character_skill_node_links_tables,wh_main_skill_node_dwf_thorgrim_unique_05|wh3_dlc25_skill_dwf_lord_thorgrim_unique_5|SUBSET_REQUIRED
