record_type,game,patch,steam_build_id,race,race_slug,faction_key,faction_name,culture_key,subculture_key,feature_forest_key,variant_key,variant_status,applicability_basis,campaign_key,node_set_key,set_faction_key,set_culture_key,set_subculture_key,set_campaign_key,node_key,node_faction_key,node_campaign_key,technology_key,technology_name,technology_short_description,technology_long_description,effect_key,effect_scope,effect_value,effect_description,effect_additional_tooltip,node_set_name,node_set_tooltip,ui_group_name,ui_group_description,ui_tab_name,ui_tab_tooltip,lock_reason,ancillary_granted_text,required_technology_key,parent_node_key,child_node_key,link_type,classification,source_table,source_path,source_row_number,source_key,script_path,script_line,script_operation,script_evidence,script_applicability,script_resolution,set_colour_hex,node_indent,node_tier,research_points_required,cost_per_round,food_cost,ui_group_key,resource_cost_key,required_parents,node_pixel_offset_x,node_pixel_offset_y,technology_building_level,technology_position_index,technology_icon_name,technology_mp_available_early,technology_mp_available_late,technology_info_pic,technology_unique_index,technology_is_civil,technology_is_engineering,technology_is_military,technology_is_hidden,link_initial_descent_tiers,link_parent_link_position,link_child_link_position,link_parent_link_position_offset,link_child_link_position_offset,link_visible_in_ui,required_building_level_key,ancillary_key,character_trait_level_key,effect_list_key,initiative_key,initiative_visible_in_ui,unit_upgrade_key,mercenary_key,mercenary_group,mercenary_initial_unit_count,mercenary_pool,unlock_faction_key,unlock_subculture_key,resource_cost_treasury_cost,resource_cost_expenditure_type,resource_cost_income_type,resource_cost_expenditure_type_when_regular,resource_cost_income_type_when_regular,pooled_cost_pooled_resource_factor,pooled_cost_amount,pooled_cost_context,pooled_cost_ui_resource_transaction_pooled_resource,pooled_resource_factor_key,resource_factor_factor,pooled_resource_key,resource_factor_minimum,resource_factor_maximum,resource_factor_specific_faction_set,group_optional_background_image,group_colour_hex,group_bounds_bottom_right_node,group_bounds_top_left_node,group_bounds_optional_top_right_node,group_bounds_optional_bottom_left_node,ui_tab_key,tab_sort_order,tab_tier_offset,module_max_tier,effect_bundle_key,module_min_tier,category_effect_advancement_stage,effect_definition_icon,effect_definition_priority,effect_definition_icon_negative,effect_definition_category,effect_definition_is_positive_value_good
faction,warhammer_3,8.1.1,24237342,Chaos Dwarfs,chaos_dwarfs,wh3_dlc23_chd_zhatan,The Warhost of Zharr,wh3_dlc23_chd_chaos_dwarfs,wh3_dlc23_sc_chd_chaos_dwarfs,LOCKED_STANDARD,,,,,,,,,,,,,,,,,,,,,,,,,,,,,,,,,,has_database_tree,factions_tables,db/factions_tables/data__.tsv,321,wh3_dlc23_chd_zhatan,,,,,,,,,,,,,,,,,,,,,,,,,,,,,,,,,,,,,,,,,,,,,,,,,,,,,,,,,,,,,,,,,,,,,,,,,,,,,,,,
node_set,warhammer_3,8.1.1,24237342,Chaos Dwarfs,chaos_dwarfs,wh3_dlc23_chd_zhatan,The Warhost of Zharr,wh3_dlc23_chd_chaos_dwarfs,wh3_dlc23_sc_chd_chaos_dwarfs,LOCKED_STANDARD,chd_mil@unspecified_campaign,generic_candidate,Conjunction of nonblank source faction/culture/subculture selectors; campaign condition preserved. Engine precedence is not decoded.,,chd_mil,,wh3_dlc23_chd_chaos_dwarfs,,,,,,,,,,,,,,,Military Technologies,Chaos Dwarf Military Technology Tree,,,,,,,,,,,,technology_node_sets_tables,db/technology_node_sets_tables/data__.tsv,5,chd_mil,,,,,,,FFFFFF,,,,,,,,,,,,,,,,,,,,,,,,,,,,,,,,,,,,,,,,,,,,,,,,,,,,,,,,,,,,,,,,,,,,,,,,,
node,warhammer_3,8.1.1,24237342,Chaos Dwarfs,chaos_dwarfs,wh3_dlc23_chd_zhatan,The Warhost of Zharr,wh3_dlc23_chd_chaos_dwarfs,wh3_dlc23_sc_chd_chaos_dwarfs,LOCKED_STANDARD,chd_mil@unspecified_campaign,generic_candidate,Conjunction of nonblank source faction/culture/subculture selectors; campaign condition preserved. Engine precedence is not decoded.,,chd_mil,,wh3_dlc23_chd_chaos_dwarfs,,,wh3_dlc23_tech_chd_military_27,,,wh3_dlc23_tech_chd_military_27,Beasts of Zharr,"It's a risky business, as these beasts may not realise the fighting isn't real, but training with Lammasu and Tauruses improves their performance in battle no end.",,,,,,,Military Technologies,Chaos Dwarf Military Technology Tree,,,,,,,,,,,structural_node,technology_nodes_tables,db/technology_nodes_tables/data__.tsv,839,wh3_dlc23_tech_chd_military_27,,,,,,,,0,1,500,0,0,,,0,0,0,,,,,,,,,,,,,,,,,,,,,,,,,,,,,,,,,,,,,,,,,,,,,,,,,,,,,,,,,,,,,,,
technology,warhammer_3,8.1.1,24237342,Chaos Dwarfs,chaos_dwarfs,wh3_dlc23_chd_zhatan,The Warhost of Zharr,wh3_dlc23_chd_chaos_dwarfs,wh3_dlc23_sc_chd_chaos_dwarfs,LOCKED_STANDARD,chd_mil@unspecified_campaign,generic_candidate,Conjunction of nonblank source faction/culture/subculture selectors; campaign condition preserved. Engine precedence is not decoded.,,chd_mil,,wh3_dlc23_chd_chaos_dwarfs,,,wh3_dlc23_tech_chd_military_27,,,wh3_dlc23_tech_chd_military_27,Beasts of Zharr,"It's a risky business, as these beasts may not realise the fighting isn't real, but training with Lammasu and Tauruses improves their performance in battle no end.",,,,,,,Military Technologies,Chaos Dwarf Military Technology Tree,,,,,,,,,,,,technologies_tables,db/technologies_tables/data__.tsv,707,wh3_dlc23_tech_chd_military_27,,,,,,,,,,,,,,,,,,wh_main_chs_port_ruin,1,wh3_dlc23_tech_chd_military_27,false,false,placeholder.tga,1913944461,false,false,true,false,,,,,,,,,,,,,,,,,,,,,,,,,,,,,,,,,,,,,,,,,,,,,,,,,,,,
effect,warhammer_3,8.1.1,24237342,Chaos Dwarfs,chaos_dwarfs,wh3_dlc23_chd_zhatan,The Warhost of Zharr,wh3_dlc23_chd_chaos_dwarfs,wh3_dlc23_sc_chd_chaos_dwarfs,LOCKED_STANDARD,chd_mil@unspecified_campaign,generic_candidate,Conjunction of nonblank source faction/culture/subculture selectors; campaign condition preserved. Engine precedence is not decoded.,,chd_mil,,wh3_dlc23_chd_chaos_dwarfs,,,wh3_dlc23_tech_chd_military_27,,,wh3_dlc23_tech_chd_military_27,Beasts of Zharr,"It's a risky business, as these beasts may not realise the fighting isn't real, but training with Lammasu and Tauruses improves their performance in battle no end.",,wh3_dlc23_chd_ritual_unit_cap_flying_beasts_armaments_cost_mod,faction_to_faction_own_unseen,-10.0000,Armament cost: %+n% for increasing capacity of Flying Monsters units,,Military Technologies,Chaos Dwarf Military Technology Tree,,,,,,,,,,,,technology_effects_junction_tables,db/technology_effects_junction_tables/data__.tsv,1450,wh3_dlc23_tech_chd_military_27|wh3_dlc23_chd_ritual_unit_cap_flying_beasts_armaments_cost_mod,,,,,,,,,,,,,,,,,,,,,,,,,,,,,,,,,,,,,,,,,,,,,,,,,,,,,,,,,,,,,,,,,,,,,,,,,,,,chd_armaments.png,1,chd_armaments.png,campaign,false
effect,warhammer_3,8.1.1,24237342,Chaos Dwarfs,chaos_dwarfs,wh3_dlc23_chd_zhatan,The Warhost of Zharr,wh3_dlc23_chd_chaos_dwarfs,wh3_dlc23_sc_chd_chaos_dwarfs,LOCKED_STANDARD,chd_mil@unspecified_campaign,generic_candidate,Conjunction of nonblank source faction/culture/subculture selectors; campaign condition preserved. Engine precedence is not decoded.,,chd_mil,,wh3_dlc23_chd_chaos_dwarfs,,,wh3_dlc23_tech_chd_military_27,,,wh3_dlc23_tech_chd_military_27,Beasts of Zharr,"It's a risky business, as these beasts may not realise the fighting isn't real, but training with Lammasu and Tauruses improves their performance in battle no end.",,wh3_dlc23_effect_ability_mod_amount_of_uses_lammasu_bale_taurus,faction_to_force_own_unseen,1.0000,Number of uses: %+n for bound abilities on Lammasu and Bale Taurus units {{tr:rank7}},,Military Technologies,Chaos Dwarf Military Technology Tree,,,,,,,,,,,,technology_effects_junction_tables,db/technology_effects_junction_tables/data__.tsv,1451,wh3_dlc23_tech_chd_military_27|wh3_dlc23_effect_ability_mod_amount_of_uses_lammasu_bale_taurus,,,,,,,,,,,,,,,,,,,,,,,,,,,,,,,,,,,,,,,,,,,,,,,,,,,,,,,,,,,,,,,,,,,,,,,,,,,,general_ability.png,600,general_ability.png,battle,true
effect,warhammer_3,8.1.1,24237342,Chaos Dwarfs,chaos_dwarfs,wh3_dlc23_chd_zhatan,The Warhost of Zharr,wh3_dlc23_chd_chaos_dwarfs,wh3_dlc23_sc_chd_chaos_dwarfs,LOCKED_STANDARD,chd_mil@unspecified_campaign,generic_candidate,Conjunction of nonblank source faction/culture/subculture selectors; campaign condition preserved. Engine precedence is not decoded.,,chd_mil,,wh3_dlc23_chd_chaos_dwarfs,,,wh3_dlc23_tech_chd_military_27,,,wh3_dlc23_tech_chd_military_27,Beasts of Zharr,"It's a risky business, as these beasts may not realise the fighting isn't real, but training with Lammasu and Tauruses improves their performance in battle no end.",,wh3_dlc23_effect_force_stat_weapon_strength_chd_lammasu_taurus,faction_to_force_own_unseen,10.0000,"Weapon strength: %+n% for all Lammasu, Great Taurus and Bale Taurus units",,Military Technologies,Chaos Dwarf Military Technology Tree,,,,,,,,,,,,technology_effects_junction_tables,db/technology_effects_junction_tables/data__.tsv,1452,wh3_dlc23_tech_chd_military_27|wh3_dlc23_effect_force_stat_weapon_strength_chd_lammasu_taurus,,,,,,,,,,,,,,,,,,,,,,,,,,,,,,,,,,,,,,,,,,,,,,,,,,,,,,,,,,,,,,,,,,,,,,,,,,,,weapon_damage.png,59,weapon_damage.png,campaign,true
tab_membership,warhammer_3,8.1.1,24237342,Chaos Dwarfs,chaos_dwarfs,wh3_dlc23_chd_zhatan,The Warhost of Zharr,wh3_dlc23_chd_chaos_dwarfs,wh3_dlc23_sc_chd_chaos_dwarfs,LOCKED_STANDARD,chd_mil@unspecified_campaign,generic_candidate,Conjunction of nonblank source faction/culture/subculture selectors; campaign condition preserved. Engine precedence is not decoded.,,chd_mil,,wh3_dlc23_chd_chaos_dwarfs,,,wh3_dlc23_tech_chd_military_27,,,wh3_dlc23_tech_chd_military_27,Beasts of Zharr,"It's a risky business, as these beasts may not realise the fighting isn't real, but training with Lammasu and Tauruses improves their performance in battle no end.",,,,,,,Military Technologies,Chaos Dwarf Military Technology Tree,,,,,,,,,,,,technology_ui_tabs_to_technology_nodes_junctions_tables,db/technology_ui_tabs_to_technology_nodes_junctions_tables/data__.tsv,46,wh3_dlc23_tech_chd_military_27|chd_military,,,,,,,,,,,,,,,,,,,,,,,,,,,,,,,,,,,,,,,,,,,,,,,,,,,,,,,,,,,,,,,,,,,,,chd_military,,,,,,,,,,,
node,warhammer_3,8.1.1,24237342,Chaos Dwarfs,chaos_dwarfs,wh3_dlc23_chd_zhatan,The Warhost of Zharr,wh3_dlc23_chd_chaos_dwarfs,wh3_dlc23_sc_chd_chaos_dwarfs,LOCKED_STANDARD,chd_mil@unspecified_campaign,generic_candidate,Conjunction of nonblank source faction/culture/subculture selectors; campaign condition preserved. Engine precedence is not decoded.,,chd_mil,,wh3_dlc23_chd_chaos_dwarfs,,,wh3_dlc23_tech_chd_military_22,,,wh3_dlc23_tech_chd_military_22,Mighty Monsters,"Perfecting the husbandry of Lammasu and Tauruses makes for faster, hardier beasts that are harder for the foe to kill in battle.",,,,,,,Military Technologies,Chaos Dwarf Military Technology Tree,,,,,,,,,,,structural_node,technology_nodes_tables,db/technology_nodes_tables/data__.tsv,834,wh3_dlc23_tech_chd_military_22,,,,,,,,1,1,400,0,0,,,0,130,20,,,,,,,,,,,,,,,,,,,,,,,,,,,,,,,,,,,,,,,,,,,,,,,,,,,,,,,,,,,,,,,
technology,warhammer_3,8.1.1,24237342,Chaos Dwarfs,chaos_dwarfs,wh3_dlc23_chd_zhatan,The Warhost of Zharr,wh3_dlc23_chd_chaos_dwarfs,wh3_dlc23_sc_chd_chaos_dwarfs,LOCKED_STANDARD,chd_mil@unspecified_campaign,generic_candidate,Conjunction of nonblank source faction/culture/subculture selectors; campaign condition preserved. Engine precedence is not decoded.,,chd_mil,,wh3_dlc23_chd_chaos_dwarfs,,,wh3_dlc23_tech_chd_military_22,,,wh3_dlc23_tech_chd_military_22,Mighty Monsters,"Perfecting the husbandry of Lammasu and Tauruses makes for faster, hardier beasts that are harder for the foe to kill in battle.",,,,,,,Military Technologies,Chaos Dwarf Military Technology Tree,,,,,,,,,,,,technologies_tables,db/technologies_tables/data__.tsv,702,wh3_dlc23_tech_chd_military_22,,,,,,,,,,,,,,,,,,wh_main_chs_port_ruin,1,wh3_dlc23_tech_chd_military_22,false,false,placeholder.tga,476869773,false,false,true,false,,,,,,,,,,,,,,,,,,,,,,,,,,,,,,,,,,,,,,,,,,,,,,,,,,,,
effect,warhammer_3,8.1.1,24237342,Chaos Dwarfs,chaos_dwarfs,wh3_dlc23_chd_zhatan,The Warhost of Zharr,wh3_dlc23_chd_chaos_dwarfs,wh3_dlc23_sc_chd_chaos_dwarfs,LOCKED_STANDARD,chd_mil@unspecified_campaign,generic_candidate,Conjunction of nonblank source faction/culture/subculture selectors; campaign condition preserved. Engine precedence is not decoded.,,chd_mil,,wh3_dlc23_chd_chaos_dwarfs,,,wh3_dlc23_tech_chd_military_22,,,wh3_dlc23_tech_chd_military_22,Mighty Monsters,"Perfecting the husbandry of Lammasu and Tauruses makes for faster, hardier beasts that are harder for the foe to kill in battle.",,wh3_dlc23_effect_force_stat_speed_chd_lammasu_taurus,faction_to_force_own_unseen,10.0000,"Speed: %+n% for Lammasu, Great Taurus and Bale Taurus units",,Military Technologies,Chaos Dwarf Military Technology Tree,,,,,,,,,,,,technology_effects_junction_tables,db/technology_effects_junction_tables/data__.tsv,1439,wh3_dlc23_tech_chd_military_22|wh3_dlc23_effect_force_stat_speed_chd_lammasu_taurus,,,,,,,,,,,,,,,,,,,,,,,,,,,,,,,,,,,,,,,,,,,,,,,,,,,,,,,,,,,,,,,,,,,,,,,,,,,,battle_movement.png,101,battle_movement.png,battle,true
effect,warhammer_3,8.1.1,24237342,Chaos Dwarfs,chaos_dwarfs,wh3_dlc23_chd_zhatan,The Warhost of Zharr,wh3_dlc23_chd_chaos_dwarfs,wh3_dlc23_sc_chd_chaos_dwarfs,LOCKED_STANDARD,chd_mil@unspecified_campaign,generic_candidate,Conjunction of nonblank source faction/culture/subculture selectors; campaign condition preserved. Engine precedence is not decoded.,,chd_mil,,wh3_dlc23_chd_chaos_dwarfs,,,wh3_dlc23_tech_chd_military_22,,,wh3_dlc23_tech_chd_military_22,Mighty Monsters,"Perfecting the husbandry of Lammasu and Tauruses makes for faster, hardier beasts that are harder for the foe to kill in battle.",,wh3_dlc23_effect_force_stat_ward_save_chd_lammasu_taurus,faction_to_force_own_unseen,5.0000,"Ward save: %n% for Lammasu, Great Taurus and Bale Taurus units",,Military Technologies,Chaos Dwarf Military Technology Tree,,,,,,,,,,,,technology_effects_junction_tables,db/technology_effects_junction_tables/data__.tsv,1440,wh3_dlc23_tech_chd_military_22|wh3_dlc23_effect_force_stat_ward_save_chd_lammasu_taurus,,,,,,,,,,,,,,,,,,,,,,,,,,,,,,,,,,,,,,,,,,,,,,,,,,,,,,,,,,,,,,,,,,,,,,,,,,,,resistance_ward_save.png,581,resistance_ward_save.png,battle,true
tab_membership,warhammer_3,8.1.1,24237342,Chaos Dwarfs,chaos_dwarfs,wh3_dlc23_chd_zhatan,The Warhost of Zharr,wh3_dlc23_chd_chaos_dwarfs,wh3_dlc23_sc_chd_chaos_dwarfs,LOCKED_STANDARD,chd_mil@unspecified_campaign,generic_candidate,Conjunction of nonblank source faction/culture/subculture selectors; campaign condition preserved. Engine precedence is not decoded.,,chd_mil,,wh3_dlc23_chd_chaos_dwarfs,,,wh3_dlc23_tech_chd_military_22,,,wh3_dlc23_tech_chd_military_22,Mighty Monsters,"Perfecting the husbandry of Lammasu and Tauruses makes for faster, hardier beasts that are harder for the foe to kill in battle.",,,,,,,Military Technologies,Chaos Dwarf Military Technology Tree,,,,,,,,,,,,technology_ui_tabs_to_technology_nodes_junctions_tables,db/technology_ui_tabs_to_technology_nodes_junctions_tables/data__.tsv,41,wh3_dlc23_tech_chd_military_22|chd_military,,,,,,,,,,,,,,,,,,,,,,,,,,,,,,,,,,,,,,,,,,,,,,,,,,,,,,,,,,,,,,,,,,,,,chd_military,,,,,,,,,,,
node,warhammer_3,8.1.1,24237342,Chaos Dwarfs,chaos_dwarfs,wh3_dlc23_chd_zhatan,The Warhost of Zharr,wh3_dlc23_chd_chaos_dwarfs,wh3_dlc23_sc_chd_chaos_dwarfs,LOCKED_STANDARD,chd_mil@unspecified_campaign,generic_candidate,Conjunction of nonblank source faction/culture/subculture selectors; campaign condition preserved. Engine precedence is not decoded.,,chd_mil,,wh3_dlc23_chd_chaos_dwarfs,,,wh3_dlc23_tech_chd_military_15,,,wh3_dlc23_tech_chd_military_15,Living Metal,"The warping taint to which the Bull Centaurs are subjected eventually leads to the hardening and distorting of their flesh, so that they appear to be made of living metal.",,,,,,,Military Technologies,Chaos Dwarf Military Technology Tree,,,,,,,,,,,structural_node,technology_nodes_tables,db/technology_nodes_tables/data__.tsv,826,wh3_dlc23_tech_chd_military_15,,,,,,,,4,1,100,0,0,,wh3_dlc23_tech_chd_military_high,0,130,10,,,,,,,,,,,,,,,,,,,,,,,,,,,,,,,,,,,,,,,,,,,,,,,,,,,,,,,,,,,,,,,
technology,warhammer_3,8.1.1,24237342,Chaos Dwarfs,chaos_dwarfs,wh3_dlc23_chd_zhatan,The Warhost of Zharr,wh3_dlc23_chd_chaos_dwarfs,wh3_dlc23_sc_chd_chaos_dwarfs,LOCKED_STANDARD,chd_mil@unspecified_campaign,generic_candidate,Conjunction of nonblank source faction/culture/subculture selectors; campaign condition preserved. Engine precedence is not decoded.,,chd_mil,,wh3_dlc23_chd_chaos_dwarfs,,,wh3_dlc23_tech_chd_military_15,,,wh3_dlc23_tech_chd_military_15,Living Metal,"The warping taint to which the Bull Centaurs are subjected eventually leads to the hardening and distorting of their flesh, so that they appear to be made of living metal.",,,,,,,Military Technologies,Chaos Dwarf Military Technology Tree,,,,,,,,,,,,technologies_tables,db/technologies_tables/data__.tsv,694,wh3_dlc23_tech_chd_military_15,,,,,,,,,,,,,,,,,,wh_main_chs_port_ruin,1,wh3_dlc23_tech_chd_military_15,false,false,placeholder.tga,1499890539,false,false,true,false,,,,,,,,,,,,,,,,,,,,,,,,,,,,,,,,,,,,,,,,,,,,,,,,,,,,
effect,warhammer_3,8.1.1,24237342,Chaos Dwarfs,chaos_dwarfs,wh3_dlc23_chd_zhatan,The Warhost of Zharr,wh3_dlc23_chd_chaos_dwarfs,wh3_dlc23_sc_chd_chaos_dwarfs,LOCKED_STANDARD,chd_mil@unspecified_campaign,generic_candidate,Conjunction of nonblank source faction/culture/subculture selectors; campaign condition preserved. Engine precedence is not decoded.,,chd_mil,,wh3_dlc23_chd_chaos_dwarfs,,,wh3_dlc23_tech_chd_military_15,,,wh3_dlc23_tech_chd_military_15,Living Metal,"The warping taint to which the Bull Centaurs are subjected eventually leads to the hardening and distorting of their flesh, so that they appear to be made of living metal.",,wh3_dlc23_effect_force_stat_armour_chd_bull_centaurs,faction_to_force_own_unseen,15.0000,Armour: %+n for Bull Centaur Renders units,,Military Technologies,Chaos Dwarf Military Technology Tree,,,,,,,,,,,,technology_effects_junction_tables,db/technology_effects_junction_tables/data__.tsv,1423,wh3_dlc23_tech_chd_military_15|wh3_dlc23_effect_force_stat_armour_chd_bull_centaurs,,,,,,,,,,,,,,,,,,,,,,,,,,,,,,,,,,,,,,,,,,,,,,,,,,,,,,,,,,,,,,,,,,,,,,,,,,,,armour.png,401,armour.png,battle,true
effect,warhammer_3,8.1.1,24237342,Chaos Dwarfs,chaos_dwarfs,wh3_dlc23_chd_zhatan,The Warhost of Zharr,wh3_dlc23_chd_chaos_dwarfs,wh3_dlc23_sc_chd_chaos_dwarfs,LOCKED_STANDARD,chd_mil@unspecified_campaign,generic_candidate,Conjunction of nonblank source faction/culture/subculture selectors; campaign condition preserved. Engine precedence is not decoded.,,chd_mil,,wh3_dlc23_chd_chaos_dwarfs,,,wh3_dlc23_tech_chd_military_15,,,wh3_dlc23_tech_chd_military_15,Living Metal,"The warping taint to which the Bull Centaurs are subjected eventually leads to the hardening and distorting of their flesh, so that they appear to be made of living metal.",,wh3_dlc23_effect_force_stat_melee_defence_chd_bull_centaurs,faction_to_force_own_unseen,5.0000,Melee defence: %+n for Bull Centaur Renders units,,Military Technologies,Chaos Dwarf Military Technology Tree,,,,,,,,,,,,technology_effects_junction_tables,db/technology_effects_junction_tables/data__.tsv,1424,wh3_dlc23_tech_chd_military_15|wh3_dlc23_effect_force_stat_melee_defence_chd_bull_centaurs,,,,,,,,,,,,,,,,,,,,,,,,,,,,,,,,,,,,,,,,,,,,,,,,,,,,,,,,,,,,,,,,,,,,,,,,,,,,defence.png,451,defence.png,campaign,true
resource_cost,warhammer_3,8.1.1,24237342,Chaos Dwarfs,chaos_dwarfs,wh3_dlc23_chd_zhatan,The Warhost of Zharr,wh3_dlc23_chd_chaos_dwarfs,wh3_dlc23_sc_chd_chaos_dwarfs,LOCKED_STANDARD,chd_mil@unspecified_campaign,generic_candidate,Conjunction of nonblank source faction/culture/subculture selectors; campaign condition preserved. Engine precedence is not decoded.,,chd_mil,,wh3_dlc23_chd_chaos_dwarfs,,,wh3_dlc23_tech_chd_military_15,,,wh3_dlc23_tech_chd_military_15,Living Metal,"The warping taint to which the Bull Centaurs are subjected eventually leads to the hardening and distorting of their flesh, so that they appear to be made of living metal.",,,,,,,Military Technologies,Chaos Dwarf Military Technology Tree,,,,,,,,,,,,resource_costs_tables,db/resource_costs_tables/data__.tsv,961,wh3_dlc23_tech_chd_military_high,,,,,,,,,,,,,,wh3_dlc23_tech_chd_military_high,,,,,,,,,,,,,,,,,,,,,,,,,,,,,,,,,,0,TECHNOLOGIES,TECHNOLOGIES,ARMY_UPKEEP,BACKGROUND_INCOME,,,,,,,,,,,,,,,,,,,,,,,,,,,,
pooled_resource_cost,warhammer_3,8.1.1,24237342,Chaos Dwarfs,chaos_dwarfs,wh3_dlc23_chd_zhatan,The Warhost of Zharr,wh3_dlc23_chd_chaos_dwarfs,wh3_dlc23_sc_chd_chaos_dwarfs,LOCKED_STANDARD,chd_mil@unspecified_campaign,generic_candidate,Conjunction of nonblank source faction/culture/subculture selectors; campaign condition preserved. Engine precedence is not decoded.,,chd_mil,,wh3_dlc23_chd_chaos_dwarfs,,,wh3_dlc23_tech_chd_military_15,,,wh3_dlc23_tech_chd_military_15,Living Metal,"The warping taint to which the Bull Centaurs are subjected eventually leads to the hardening and distorting of their flesh, so that they appear to be made of living metal.",,,,,,,Military Technologies,Chaos Dwarf Military Technology Tree,,,,,,,,,,,,resource_cost_pooled_resource_junctions_tables,db/resource_cost_pooled_resource_junctions_tables/data__.tsv,1059,wh3_dlc23_chd_armaments_technology|wh3_dlc23_tech_chd_military_high,,,,,,,,,,,,,,wh3_dlc23_tech_chd_military_high,,,,,,,,,,,,,,,,,,,,,,,,,,,,,,,,,,,,,,,wh3_dlc23_chd_armaments_technology,-500,absolute,default,,,,,,,,,,,,,,,,,,,,,,,,
resource_factor,warhammer_3,8.1.1,24237342,Chaos Dwarfs,chaos_dwarfs,wh3_dlc23_chd_zhatan,The Warhost of Zharr,wh3_dlc23_chd_chaos_dwarfs,wh3_dlc23_sc_chd_chaos_dwarfs,LOCKED_STANDARD,chd_mil@unspecified_campaign,generic_candidate,Conjunction of nonblank source faction/culture/subculture selectors; campaign condition preserved. Engine precedence is not decoded.,,chd_mil,,wh3_dlc23_chd_chaos_dwarfs,,,wh3_dlc23_tech_chd_military_15,,,wh3_dlc23_tech_chd_military_15,Living Metal,"The warping taint to which the Bull Centaurs are subjected eventually leads to the hardening and distorting of their flesh, so that they appear to be made of living metal.",,,,,,,Military Technologies,Chaos Dwarf Military Technology Tree,,,,,,,,,,,,pooled_resource_factor_junctions_tables,db/pooled_resource_factor_junctions_tables/data__.tsv,520,wh3_dlc23_chd_armaments_technology,,,,,,,,,,,,,,wh3_dlc23_tech_chd_military_high,,,,,,,,,,,,,,,,,,,,,,,,,,,,,,,,,,,,,,,,,,,wh3_dlc23_chd_armaments_technology,technology,wh3_dlc23_chd_armaments,-2147483647,0,,,,,,,,,,,,,,,,,,,
tab_membership,warhammer_3,8.1.1,24237342,Chaos Dwarfs,chaos_dwarfs,wh3_dlc23_chd_zhatan,The Warhost of Zharr,wh3_dlc23_chd_chaos_dwarfs,wh3_dlc23_sc_chd_chaos_dwarfs,LOCKED_STANDARD,chd_mil@unspecified_campaign,generic_candidate,Conjunction of nonblank source faction/culture/subculture selectors; campaign condition preserved. Engine precedence is not decoded.,,chd_mil,,wh3_dlc23_chd_chaos_dwarfs,,,wh3_dlc23_tech_chd_military_15,,,wh3_dlc23_tech_chd_military_15,Living Metal,"The warping taint to which the Bull Centaurs are subjected eventually leads to the hardening and distorting of their flesh, so that they appear to be made of living metal.",,,,,,,Military Technologies,Chaos Dwarf Military Technology Tree,,,,,,,,,,,,technology_ui_tabs_to_technology_nodes_junctions_tables,db/technology_ui_tabs_to_technology_nodes_junctions_tables/data__.tsv,33,wh3_dlc23_tech_chd_military_15|chd_military,,,,,,,,,,,,,,,,,,,,,,,,,,,,,,,,,,,,,,,,,,,,,,,,,,,,,,,,,,,,,,,,,,,,,chd_military,,,,,,,,,,,
node,warhammer_3,8.1.1,24237342,Chaos Dwarfs,chaos_dwarfs,wh3_dlc23_chd_zhatan,The Warhost of Zharr,wh3_dlc23_chd_chaos_dwarfs,wh3_dlc23_sc_chd_chaos_dwarfs,LOCKED_STANDARD,chd_mil@unspecified_campaign,generic_candidate,Conjunction of nonblank source faction/culture/subculture selectors; campaign condition preserved. Engine precedence is not decoded.,,chd_mil,,wh3_dlc23_chd_chaos_dwarfs,,,wh3_dlc23_tech_chd_military_13,,,wh3_dlc23_tech_chd_military_13,Hobgoblin Quartermasters,"Arming Hobgoblins is a risky business, but as long as they stay hated by other Greenskins they will stay loyal to you, more or less.",,,,,,,Military Technologies,Chaos Dwarf Military Technology Tree,,,,,,,,,,,structural_node,technology_nodes_tables,db/technology_nodes_tables/data__.tsv,824,wh3_dlc23_tech_chd_military_13,,,,,,,,5,1,300,0,0,,,0,0,65,,,,,,,,,,,,,,,,,,,,,,,,,,,,,,,,,,,,,,,,,,,,,,,,,,,,,,,,,,,,,,,
technology,warhammer_3,8.1.1,24237342,Chaos Dwarfs,chaos_dwarfs,wh3_dlc23_chd_zhatan,The Warhost of Zharr,wh3_dlc23_chd_chaos_dwarfs,wh3_dlc23_sc_chd_chaos_dwarfs,LOCKED_STANDARD,chd_mil@unspecified_campaign,generic_candidate,Conjunction of nonblank source faction/culture/subculture selectors; campaign condition preserved. Engine precedence is not decoded.,,chd_mil,,wh3_dlc23_chd_chaos_dwarfs,,,wh3_dlc23_tech_chd_military_13,,,wh3_dlc23_tech_chd_military_13,Hobgoblin Quartermasters,"Arming Hobgoblins is a risky business, but as long as they stay hated by other Greenskins they will stay loyal to you, more or less.",,,,,,,Military Technologies,Chaos Dwarf Military Technology Tree,,,,,,,,,,,,technologies_tables,db/technologies_tables/data__.tsv,692,wh3_dlc23_tech_chd_military_13,,,,,,,,,,,,,,,,,,wh_main_chs_port_ruin,1,wh3_dlc23_tech_chd_military_13,false,false,placeholder.tga,243272182,false,false,true,false,,,,,,,,,,,,,,,,,,,,,,,,,,,,,,,,,,,,,,,,,,,,,,,,,,,,
effect,warhammer_3,8.1.1,24237342,Chaos Dwarfs,chaos_dwarfs,wh3_dlc23_chd_zhatan,The Warhost of Zharr,wh3_dlc23_chd_chaos_dwarfs,wh3_dlc23_sc_chd_chaos_dwarfs,LOCKED_STANDARD,chd_mil@unspecified_campaign,generic_candidate,Conjunction of nonblank source faction/culture/subculture selectors; campaign condition preserved. Engine precedence is not decoded.,,chd_mil,,wh3_dlc23_chd_chaos_dwarfs,,,wh3_dlc23_tech_chd_military_13,,,wh3_dlc23_tech_chd_military_13,Hobgoblin Quartermasters,"Arming Hobgoblins is a risky business, but as long as they stay hated by other Greenskins they will stay loyal to you, more or less.",,wh3_dlc23_effect_force_stat_leadership_chd_labourers_hobgoblins,faction_to_force_own_unseen,6.0000,"Leadership: %+n for Labourers, Hobgoblins and Hobgoblin Wolf Raiders units",,Military Technologies,Chaos Dwarf Military Technology Tree,,,,,,,,,,,,technology_effects_junction_tables,db/technology_effects_junction_tables/data__.tsv,1417,wh3_dlc23_tech_chd_military_13|wh3_dlc23_effect_force_stat_leadership_chd_labourers_hobgoblins,,,,,,,,,,,,,,,,,,,,,,,,,,,,,,,,,,,,,,,,,,,,,,,,,,,,,,,,,,,,,,,,,,,,,,,,,,,,morale.png,411,morale.png,battle,true
effect,warhammer_3,8.1.1,24237342,Chaos Dwarfs,chaos_dwarfs,wh3_dlc23_chd_zhatan,The Warhost of Zharr,wh3_dlc23_chd_chaos_dwarfs,wh3_dlc23_sc_chd_chaos_dwarfs,LOCKED_STANDARD,chd_mil@unspecified_campaign,generic_candidate,Conjunction of nonblank source faction/culture/subculture selectors; campaign condition preserved. Engine precedence is not decoded.,,chd_mil,,wh3_dlc23_chd_chaos_dwarfs,,,wh3_dlc23_tech_chd_military_13,,,wh3_dlc23_tech_chd_military_13,Hobgoblin Quartermasters,"Arming Hobgoblins is a risky business, but as long as they stay hated by other Greenskins they will stay loyal to you, more or less.",,wh3_dlc23_effect_force_stat_melee_defence_chd_labourers_hobgoblins,faction_to_force_own_unseen,4.0000,"Melee defence: %+n for Labourers, Hobgoblins and Hobgoblin Wolf Raiders units",,Military Technologies,Chaos Dwarf Military Technology Tree,,,,,,,,,,,,technology_effects_junction_tables,db/technology_effects_junction_tables/data__.tsv,1418,wh3_dlc23_tech_chd_military_13|wh3_dlc23_effect_force_stat_melee_defence_chd_labourers_hobgoblins,,,,,,,,,,,,,,,,,,,,,,,,,,,,,,,,,,,,,,,,,,,,,,,,,,,,,,,,,,,,,,,,,,,,,,,,,,,,defence.png,451,defence.png,battle,true
effect,warhammer_3,8.1.1,24237342,Chaos Dwarfs,chaos_dwarfs,wh3_dlc23_chd_zhatan,The Warhost of Zharr,wh3_dlc23_chd_chaos_dwarfs,wh3_dlc23_sc_chd_chaos_dwarfs,LOCKED_STANDARD,chd_mil@unspecified_campaign,generic_candidate,Conjunction of nonblank source faction/culture/subculture selectors; campaign condition preserved. Engine precedence is not decoded.,,chd_mil,,wh3_dlc23_chd_chaos_dwarfs,,,wh3_dlc23_tech_chd_military_13,,,wh3_dlc23_tech_chd_military_13,Hobgoblin Quartermasters,"Arming Hobgoblins is a risky business, but as long as they stay hated by other Greenskins they will stay loyal to you, more or less.",,wh3_dlc23_effect_xp_gain_rate_chd_labourers_hobgoblins,faction_to_force_own_unseen,50.0000,"Unit experience gain: %+n% for Labourers, Hobgoblins and Hobgoblin Wolf Raiders units",,Military Technologies,Chaos Dwarf Military Technology Tree,,,,,,,,,,,,technology_effects_junction_tables,db/technology_effects_junction_tables/data__.tsv,1419,wh3_dlc23_tech_chd_military_13|wh3_dlc23_effect_xp_gain_rate_chd_labourers_hobgoblins,,,,,,,,,,,,,,,,,,,,,,,,,,,,,,,,,,,,,,,,,,,,,,,,,,,,,,,,,,,,,,,,,,,,,,,,,,,,experience.png,120,experience.png,battle,true
tab_membership,warhammer_3,8.1.1,24237342,Chaos Dwarfs,chaos_dwarfs,wh3_dlc23_chd_zhatan,The Warhost of Zharr,wh3_dlc23_chd_chaos_dwarfs,wh3_dlc23_sc_chd_chaos_dwarfs,LOCKED_STANDARD,chd_mil@unspecified_campaign,generic_candidate,Conjunction of nonblank source faction/culture/subculture selectors; campaign condition preserved. Engine precedence is not decoded.,,chd_mil,,wh3_dlc23_chd_chaos_dwarfs,,,wh3_dlc23_tech_chd_military_13,,,wh3_dlc23_tech_chd_military_13,Hobgoblin Quartermasters,"Arming Hobgoblins is a risky business, but as long as they stay hated by other Greenskins they will stay loyal to you, more or less.",,,,,,,Military Technologies,Chaos Dwarf Military Technology Tree,,,,,,,,,,,,technology_ui_tabs_to_technology_nodes_junctions_tables,db/technology_ui_tabs_to_technology_nodes_junctions_tables/data__.tsv,31,wh3_dlc23_tech_chd_military_13|chd_military,,,,,,,,,,,,,,,,,,,,,,,,,,,,,,,,,,,,,,,,,,,,,,,,,,,,,,,,,,,,,,,,,,,,,chd_military,,,,,,,,,,,
node,warhammer_3,8.1.1,24237342,Chaos Dwarfs,chaos_dwarfs,wh3_dlc23_chd_zhatan,The Warhost of Zharr,wh3_dlc23_chd_chaos_dwarfs,wh3_dlc23_sc_chd_chaos_dwarfs,LOCKED_STANDARD,chd_mil@unspecified_campaign,generic_candidate,Conjunction of nonblank source faction/culture/subculture selectors; campaign condition preserved. Engine precedence is not decoded.,,chd_mil,,wh3_dlc23_chd_chaos_dwarfs,,,wh3_dlc23_tech_chd_military_5,,,wh3_dlc23_tech_chd_military_5,Scorched Earth,If it isn't nailed down we take it. We can work out what to do with it all later. Burn the rest.,,,,,,,Military Technologies,Chaos Dwarf Military Technology Tree,,,,,,,,,,,structural_node,technology_nodes_tables,db/technology_nodes_tables/data__.tsv,844,wh3_dlc23_tech_chd_military_5,,,,,,,,7,1,400,0,0,,,0,155,0,,,,,,,,,,,,,,,,,,,,,,,,,,,,,,,,,,,,,,,,,,,,,,,,,,,,,,,,,,,,,,,
technology,warhammer_3,8.1.1,24237342,Chaos Dwarfs,chaos_dwarfs,wh3_dlc23_chd_zhatan,The Warhost of Zharr,wh3_dlc23_chd_chaos_dwarfs,wh3_dlc23_sc_chd_chaos_dwarfs,LOCKED_STANDARD,chd_mil@unspecified_campaign,generic_candidate,Conjunction of nonblank source faction/culture/subculture selectors; campaign condition preserved. Engine precedence is not decoded.,,chd_mil,,wh3_dlc23_chd_chaos_dwarfs,,,wh3_dlc23_tech_chd_military_5,,,wh3_dlc23_tech_chd_military_5,Scorched Earth,If it isn't nailed down we take it. We can work out what to do with it all later. Burn the rest.,,,,,,,Military Technologies,Chaos Dwarf Military Technology Tree,,,,,,,,,,,,technologies_tables,db/technologies_tables/data__.tsv,712,wh3_dlc23_tech_chd_military_5,,,,,,,,,,,,,,,,,,wh_main_chs_port_ruin,1,wh3_dlc23_tech_chd_military_5,false,false,placeholder.tga,336267123,false,false,true,false,,,,,,,,,,,,,,,,,,,,,,,,,,,,,,,,,,,,,,,,,,,,,,,,,,,,
effect,warhammer_3,8.1.1,24237342,Chaos Dwarfs,chaos_dwarfs,wh3_dlc23_chd_zhatan,The Warhost of Zharr,wh3_dlc23_chd_chaos_dwarfs,wh3_dlc23_sc_chd_chaos_dwarfs,LOCKED_STANDARD,chd_mil@unspecified_campaign,generic_candidate,Conjunction of nonblank source faction/culture/subculture selectors; campaign condition preserved. Engine precedence is not decoded.,,chd_mil,,wh3_dlc23_chd_chaos_dwarfs,,,wh3_dlc23_tech_chd_military_5,,,wh3_dlc23_tech_chd_military_5,Scorched Earth,If it isn't nailed down we take it. We can work out what to do with it all later. Burn the rest.,,wh_main_effect_force_all_campaign_razing_income,faction_to_faction_own_unseen,10.0000,Income from razing settlements: %+n%,,Military Technologies,Chaos Dwarf Military Technology Tree,,,,,,,,,,,,technology_effects_junction_tables,db/technology_effects_junction_tables/data__.tsv,1463,wh3_dlc23_tech_chd_military_5|wh_main_effect_force_all_campaign_razing_income,,,,,,,,,,,,,,,,,,,,,,,,,,,,,,,,,,,,,,,,,,,,,,,,,,,,,,,,,,,,,,,,,,,,,,,,,,,,income.png,101,income.png,campaign,true
effect,warhammer_3,8.1.1,24237342,Chaos Dwarfs,chaos_dwarfs,wh3_dlc23_chd_zhatan,The Warhost of Zharr,wh3_dlc23_chd_chaos_dwarfs,wh3_dlc23_sc_chd_chaos_dwarfs,LOCKED_STANDARD,chd_mil@unspecified_campaign,generic_candidate,Conjunction of nonblank source faction/culture/subculture selectors; campaign condition preserved. Engine precedence is not decoded.,,chd_mil,,wh3_dlc23_chd_chaos_dwarfs,,,wh3_dlc23_tech_chd_military_5,,,wh3_dlc23_tech_chd_military_5,Scorched Earth,If it isn't nailed down we take it. We can work out what to do with it all later. Burn the rest.,,wh_main_effect_force_all_campaign_sacking_income,faction_to_faction_own_unseen,10.0000,Income from sacking settlements: %+n%,,Military Technologies,Chaos Dwarf Military Technology Tree,,,,,,,,,,,,technology_effects_junction_tables,db/technology_effects_junction_tables/data__.tsv,1464,wh3_dlc23_tech_chd_military_5|wh_main_effect_force_all_campaign_sacking_income,,,,,,,,,,,,,,,,,,,,,,,,,,,,,,,,,,,,,,,,,,,,,,,,,,,,,,,,,,,,,,,,,,,,,,,,,,,,income.png,108,income.png,campaign,true
tab_membership,warhammer_3,8.1.1,24237342,Chaos Dwarfs,chaos_dwarfs,wh3_dlc23_chd_zhatan,The Warhost of Zharr,wh3_dlc23_chd_chaos_dwarfs,wh3_dlc23_sc_chd_chaos_dwarfs,LOCKED_STANDARD,chd_mil@unspecified_campaign,generic_candidate,Conjunction of nonblank source faction/culture/subculture selectors; campaign condition preserved. Engine precedence is not decoded.,,chd_mil,,wh3_dlc23_chd_chaos_dwarfs,,,wh3_dlc23_tech_chd_military_5,,,wh3_dlc23_tech_chd_military_5,Scorched Earth,If it isn't nailed down we take it. We can work out what to do with it all later. Burn the rest.,,,,,,,Military Technologies,Chaos Dwarf Military Technology Tree,,,,,,,,,,,,technology_ui_tabs_to_technology_nodes_junctions_tables,db/technology_ui_tabs_to_technology_nodes_junctions_tables/data__.tsv,51,wh3_dlc23_tech_chd_military_5|chd_military,,,,,,,,,,,,,,,,,,,,,,,,,,,,,,,,,,,,,,,,,,,,,,,,,,,,,,,,,,,,,,,,,,,,,chd_military,,,,,,,,,,,
node,warhammer_3,8.1.1,24237342,Chaos Dwarfs,chaos_dwarfs,wh3_dlc23_chd_zhatan,The Warhost of Zharr,wh3_dlc23_chd_chaos_dwarfs,wh3_dlc23_sc_chd_chaos_dwarfs,LOCKED_STANDARD,chd_mil@unspecified_campaign,generic_candidate,Conjunction of nonblank source faction/culture/subculture selectors; campaign condition preserved. Engine precedence is not decoded.,,chd_mil,,wh3_dlc23_chd_chaos_dwarfs,,,wh3_dlc23_tech_chd_military_1,,,wh3_dlc23_tech_chd_military_1,Starved Wolves,A very hungry wild animal moves quicker and savages their prey with greatly increased vigour.,,,,,,,Military Technologies,Chaos Dwarf Military Technology Tree,,,,,,,,,,,structural_node,technology_nodes_tables,db/technology_nodes_tables/data__.tsv,820,wh3_dlc23_tech_chd_military_1,,,,,,,,9,1,300,0,0,,,0,0,0,,,,,,,,,,,,,,,,,,,,,,,,,,,,,,,,,,,,,,,,,,,,,,,,,,,,,,,,,,,,,,,
technology,warhammer_3,8.1.1,24237342,Chaos Dwarfs,chaos_dwarfs,wh3_dlc23_chd_zhatan,The Warhost of Zharr,wh3_dlc23_chd_chaos_dwarfs,wh3_dlc23_sc_chd_chaos_dwarfs,LOCKED_STANDARD,chd_mil@unspecified_campaign,generic_candidate,Conjunction of nonblank source faction/culture/subculture selectors; campaign condition preserved. Engine precedence is not decoded.,,chd_mil,,wh3_dlc23_chd_chaos_dwarfs,,,wh3_dlc23_tech_chd_military_1,,,wh3_dlc23_tech_chd_military_1,Starved Wolves,A very hungry wild animal moves quicker and savages their prey with greatly increased vigour.,,,,,,,Military Technologies,Chaos Dwarf Military Technology Tree,,,,,,,,,,,,technologies_tables,db/technologies_tables/data__.tsv,688,wh3_dlc23_tech_chd_military_1,,,,,,,,,,,,,,,,,,wh_main_chs_port_ruin,1,wh3_dlc23_tech_chd_military_1,false,false,placeholder.tga,1848352232,false,false,true,false,,,,,,,,,,,,,,,,,,,,,,,,,,,,,,,,,,,,,,,,,,,,,,,,,,,,
effect,warhammer_3,8.1.1,24237342,Chaos Dwarfs,chaos_dwarfs,wh3_dlc23_chd_zhatan,The Warhost of Zharr,wh3_dlc23_chd_chaos_dwarfs,wh3_dlc23_sc_chd_chaos_dwarfs,LOCKED_STANDARD,chd_mil@unspecified_campaign,generic_candidate,Conjunction of nonblank source faction/culture/subculture selectors; campaign condition preserved. Engine precedence is not decoded.,,chd_mil,,wh3_dlc23_chd_chaos_dwarfs,,,wh3_dlc23_tech_chd_military_1,,,wh3_dlc23_tech_chd_military_1,Starved Wolves,A very hungry wild animal moves quicker and savages their prey with greatly increased vigour.,,wh3_dlc23_effect_force_stat_charge_chd_hobgoblin_wolf_raiders,faction_to_force_own_unseen,10.0000,Charge bonus: %+n for Hobgoblin Wolf Raiders units,,Military Technologies,Chaos Dwarf Military Technology Tree,,,,,,,,,,,,technology_effects_junction_tables,db/technology_effects_junction_tables/data__.tsv,1434,wh3_dlc23_tech_chd_military_1|wh3_dlc23_effect_force_stat_charge_chd_hobgoblin_wolf_raiders,,,,,,,,,,,,,,,,,,,,,,,,,,,,,,,,,,,,,,,,,,,,,,,,,,,,,,,,,,,,,,,,,,,,,,,,,,,,charge.png,501,charge.png,battle,true
effect,warhammer_3,8.1.1,24237342,Chaos Dwarfs,chaos_dwarfs,wh3_dlc23_chd_zhatan,The Warhost of Zharr,wh3_dlc23_chd_chaos_dwarfs,wh3_dlc23_sc_chd_chaos_dwarfs,LOCKED_STANDARD,chd_mil@unspecified_campaign,generic_candidate,Conjunction of nonblank source faction/culture/subculture selectors; campaign condition preserved. Engine precedence is not decoded.,,chd_mil,,wh3_dlc23_chd_chaos_dwarfs,,,wh3_dlc23_tech_chd_military_1,,,wh3_dlc23_tech_chd_military_1,Starved Wolves,A very hungry wild animal moves quicker and savages their prey with greatly increased vigour.,,wh3_dlc23_effect_force_stat_speed_chd_hobgoblin_wolf_raiders,faction_to_force_own_unseen,5.0000,Speed: %+n% for Hobgoblin Wolf Raiders units,,Military Technologies,Chaos Dwarf Military Technology Tree,,,,,,,,,,,,technology_effects_junction_tables,db/technology_effects_junction_tables/data__.tsv,1435,wh3_dlc23_tech_chd_military_1|wh3_dlc23_effect_force_stat_speed_chd_hobgoblin_wolf_raiders,,,,,,,,,,,,,,,,,,,,,,,,,,,,,,,,,,,,,,,,,,,,,,,,,,,,,,,,,,,,,,,,,,,,,,,,,,,,battle_movement.png,422,battle_movement.png,battle,true
tab_membership,warhammer_3,8.1.1,24237342,Chaos Dwarfs,chaos_dwarfs,wh3_dlc23_chd_zhatan,The Warhost of Zharr,wh3_dlc23_chd_chaos_dwarfs,wh3_dlc23_sc_chd_chaos_dwarfs,LOCKED_STANDARD,chd_mil@unspecified_campaign,generic_candidate,Conjunction of nonblank source faction/culture/subculture selectors; campaign condition preserved. Engine precedence is not decoded.,,chd_mil,,wh3_dlc23_chd_chaos_dwarfs,,,wh3_dlc23_tech_chd_military_1,,,wh3_dlc23_tech_chd_military_1,Starved Wolves,A very hungry wild animal moves quicker and savages their prey with greatly increased vigour.,,,,,,,Military Technologies,Chaos Dwarf Military Technology Tree,,,,,,,,,,,,technology_ui_tabs_to_technology_nodes_junctions_tables,db/technology_ui_tabs_to_technology_nodes_junctions_tables/data__.tsv,27,wh3_dlc23_tech_chd_military_1|chd_military,,,,,,,,,,,,,,,,,,,,,,,,,,,,,,,,,,,,,,,,,,,,,,,,,,,,,,,,,,,,,,,,,,,,,chd_military,,,,,,,,,,,
node,warhammer_3,8.1.1,24237342,Chaos Dwarfs,chaos_dwarfs,wh3_dlc23_chd_zhatan,The Warhost of Zharr,wh3_dlc23_chd_chaos_dwarfs,wh3_dlc23_sc_chd_chaos_dwarfs,LOCKED_STANDARD,chd_mil@unspecified_campaign,generic_candidate,Conjunction of nonblank source faction/culture/subculture selectors; campaign condition preserved. Engine precedence is not decoded.,,chd_mil,,wh3_dlc23_chd_chaos_dwarfs,,,wh3_dlc23_tech_chd_military_17,,,wh3_dlc23_tech_chd_military_17,Temple Training,"Bull Centaur Renders, drilled in the Temple of Hashut and in sight of the Bull-God himself, fight harder and better for his infernal blessings.",,,,,,,Military Technologies,Chaos Dwarf Military Technology Tree,,,,,,,,,,,structural_node,technology_nodes_tables,db/technology_nodes_tables/data__.tsv,828,wh3_dlc23_tech_chd_military_17,,,,,,,,3,2,400,0,0,,,0,40,-20,,,,,,,,,,,,,,,,,,,,,,,,,,,,,,,,,,,,,,,,,,,,,,,,,,,,,,,,,,,,,,,
technology,warhammer_3,8.1.1,24237342,Chaos Dwarfs,chaos_dwarfs,wh3_dlc23_chd_zhatan,The Warhost of Zharr,wh3_dlc23_chd_chaos_dwarfs,wh3_dlc23_sc_chd_chaos_dwarfs,LOCKED_STANDARD,chd_mil@unspecified_campaign,generic_candidate,Conjunction of nonblank source faction/culture/subculture selectors; campaign condition preserved. Engine precedence is not decoded.,,chd_mil,,wh3_dlc23_chd_chaos_dwarfs,,,wh3_dlc23_tech_chd_military_17,,,wh3_dlc23_tech_chd_military_17,Temple Training,"Bull Centaur Renders, drilled in the Temple of Hashut and in sight of the Bull-God himself, fight harder and better for his infernal blessings.",,,,,,,Military Technologies,Chaos Dwarf Military Technology Tree,,,,,,,,,,,,technologies_tables,db/technologies_tables/data__.tsv,696,wh3_dlc23_tech_chd_military_17,,,,,,,,,,,,,,,,,,wh_main_chs_port_ruin,1,wh3_dlc23_tech_chd_military_17,false,false,placeholder.tga,1406239227,false,false,true,false,,,,,,,,,,,,,,,,,,,,,,,,,,,,,,,,,,,,,,,,,,,,,,,,,,,,
effect,warhammer_3,8.1.1,24237342,Chaos Dwarfs,chaos_dwarfs,wh3_dlc23_chd_zhatan,The Warhost of Zharr,wh3_dlc23_chd_chaos_dwarfs,wh3_dlc23_sc_chd_chaos_dwarfs,LOCKED_STANDARD,chd_mil@unspecified_campaign,generic_candidate,Conjunction of nonblank source faction/culture/subculture selectors; campaign condition preserved. Engine precedence is not decoded.,,chd_mil,,wh3_dlc23_chd_chaos_dwarfs,,,wh3_dlc23_tech_chd_military_17,,,wh3_dlc23_tech_chd_military_17,Temple Training,"Bull Centaur Renders, drilled in the Temple of Hashut and in sight of the Bull-God himself, fight harder and better for his infernal blessings.",,wh3_dlc23_chd_ritual_unit_cap_bull_centaurs_armaments_cost_mod,faction_to_faction_own_unseen,-10.0000,Armament cost: %+n% for increasing capacity of Bull Centaur units,,Military Technologies,Chaos Dwarf Military Technology Tree,,,,,,,,,,,,technology_effects_junction_tables,db/technology_effects_junction_tables/data__.tsv,1427,wh3_dlc23_tech_chd_military_17|wh3_dlc23_chd_ritual_unit_cap_bull_centaurs_armaments_cost_mod,,,,,,,,,,,,,,,,,,,,,,,,,,,,,,,,,,,,,,,,,,,,,,,,,,,,,,,,,,,,,,,,,,,,,,,,,,,,chd_armaments.png,1,chd_armaments.png,campaign,false
effect,warhammer_3,8.1.1,24237342,Chaos Dwarfs,chaos_dwarfs,wh3_dlc23_chd_zhatan,The Warhost of Zharr,wh3_dlc23_chd_chaos_dwarfs,wh3_dlc23_sc_chd_chaos_dwarfs,LOCKED_STANDARD,chd_mil@unspecified_campaign,generic_candidate,Conjunction of nonblank source faction/culture/subculture selectors; campaign condition preserved. Engine precedence is not decoded.,,chd_mil,,wh3_dlc23_chd_chaos_dwarfs,,,wh3_dlc23_tech_chd_military_17,,,wh3_dlc23_tech_chd_military_17,Temple Training,"Bull Centaur Renders, drilled in the Temple of Hashut and in sight of the Bull-God himself, fight harder and better for his infernal blessings.",,wh3_dlc23_effect_attribute_perfect_vigour_chd_bull_centaur_renders,faction_to_force_own_unseen,1.0000,Attribute: Perfect Vigour for Bull Centaur Renders units {{tr:rank7}},,Military Technologies,Chaos Dwarf Military Technology Tree,,,,,,,,,,,,technology_effects_junction_tables,db/technology_effects_junction_tables/data__.tsv,1428,wh3_dlc23_tech_chd_military_17|wh3_dlc23_effect_attribute_perfect_vigour_chd_bull_centaur_renders,,,,,,,,,,,,,,,,,,,,,,,,,,,,,,,,,,,,,,,,,,,,,,,,,,,,,,,,,,,,,,,,,,,,,,,,,,,,attribute_fatigue_immune.png,1,attribute_fatigue_immune.png,battle,true
effect,warhammer_3,8.1.1,24237342,Chaos Dwarfs,chaos_dwarfs,wh3_dlc23_chd_zhatan,The Warhost of Zharr,wh3_dlc23_chd_chaos_dwarfs,wh3_dlc23_sc_chd_chaos_dwarfs,LOCKED_STANDARD,chd_mil@unspecified_campaign,generic_candidate,Conjunction of nonblank source faction/culture/subculture selectors; campaign condition preserved. Engine precedence is not decoded.,,chd_mil,,wh3_dlc23_chd_chaos_dwarfs,,,wh3_dlc23_tech_chd_military_17,,,wh3_dlc23_tech_chd_military_17,Temple Training,"Bull Centaur Renders, drilled in the Temple of Hashut and in sight of the Bull-God himself, fight harder and better for his infernal blessings.",,wh3_dlc23_effect_melee_attack_chd_bull_centaur_renders,faction_to_force_own_unseen,5.0000,Melee attack: %+n for all Bull Centaur Renders units,,Military Technologies,Chaos Dwarf Military Technology Tree,,,,,,,,,,,,technology_effects_junction_tables,db/technology_effects_junction_tables/data__.tsv,1429,wh3_dlc23_tech_chd_military_17|wh3_dlc23_effect_melee_attack_chd_bull_centaur_renders,,,,,,,,,,,,,,,,,,,,,,,,,,,,,,,,,,,,,,,,,,,,,,,,,,,,,,,,,,,,,,,,,,,,,,,,,,,,melee.png,59,melee.png,campaign,true
tab_membership,warhammer_3,8.1.1,24237342,Chaos Dwarfs,chaos_dwarfs,wh3_dlc23_chd_zhatan,The Warhost of Zharr,wh3_dlc23_chd_chaos_dwarfs,wh3_dlc23_sc_chd_chaos_dwarfs,LOCKED_STANDARD,chd_mil@unspecified_campaign,generic_candidate,Conjunction of nonblank source faction/culture/subculture selectors; campaign condition preserved. Engine precedence is not decoded.,,chd_mil,,wh3_dlc23_chd_chaos_dwarfs,,,wh3_dlc23_tech_chd_military_17,,,wh3_dlc23_tech_chd_military_17,Temple Training,"Bull Centaur Renders, drilled in the Temple of Hashut and in sight of the Bull-God himself, fight harder and better for his infernal blessings.",,,,,,,Military Technologies,Chaos Dwarf Military Technology Tree,,,,,,,,,,,,technology_ui_tabs_to_technology_nodes_junctions_tables,db/technology_ui_tabs_to_technology_nodes_junctions_tables/data__.tsv,35,wh3_dlc23_tech_chd_military_17|chd_military,,,,,,,,,,,,,,,,,,,,,,,,,,,,,,,,,,,,,,,,,,,,,,,,,,,,,,,,,,,,,,,,,,,,,chd_military,,,,,,,,,,,
node,warhammer_3,8.1.1,24237342,Chaos Dwarfs,chaos_dwarfs,wh3_dlc23_chd_zhatan,The Warhost of Zharr,wh3_dlc23_chd_chaos_dwarfs,wh3_dlc23_sc_chd_chaos_dwarfs,LOCKED_STANDARD,chd_mil@unspecified_campaign,generic_candidate,Conjunction of nonblank source faction/culture/subculture selectors; campaign condition preserved. Engine precedence is not decoded.,,chd_mil,,wh3_dlc23_chd_chaos_dwarfs,,,wh3_dlc23_tech_chd_military_11,,,wh3_dlc23_tech_chd_military_11,Mass Production,"Rearming armies is costly, but streamlining production techniques inevitably make things cheaper and quicker to make.",,,,,,,Military Technologies,Chaos Dwarf Military Technology Tree,,,,,,,,,,,structural_node,technology_nodes_tables,db/technology_nodes_tables/data__.tsv,822,wh3_dlc23_tech_chd_military_11,,,,,,,,6,2,400,0,0,,,0,150,-10,,,,,,,,,,,,,,,,,,,,,,,,,,,,,,,,,,,,,,,,,,,,,,,,,,,,,,,,,,,,,,,
technology,warhammer_3,8.1.1,24237342,Chaos Dwarfs,chaos_dwarfs,wh3_dlc23_chd_zhatan,The Warhost of Zharr,wh3_dlc23_chd_chaos_dwarfs,wh3_dlc23_sc_chd_chaos_dwarfs,LOCKED_STANDARD,chd_mil@unspecified_campaign,generic_candidate,Conjunction of nonblank source faction/culture/subculture selectors; campaign condition preserved. Engine precedence is not decoded.,,chd_mil,,wh3_dlc23_chd_chaos_dwarfs,,,wh3_dlc23_tech_chd_military_11,,,wh3_dlc23_tech_chd_military_11,Mass Production,"Rearming armies is costly, but streamlining production techniques inevitably make things cheaper and quicker to make.",,,,,,,Military Technologies,Chaos Dwarf Military Technology Tree,,,,,,,,,,,,technologies_tables,db/technologies_tables/data__.tsv,690,wh3_dlc23_tech_chd_military_11,,,,,,,,,,,,,,,,,,wh_main_chs_port_ruin,1,wh3_dlc23_tech_chd_military_11,false,false,placeholder.tga,380099000,false,false,true,false,,,,,,,,,,,,,,,,,,,,,,,,,,,,,,,,,,,,,,,,,,,,,,,,,,,,
effect,warhammer_3,8.1.1,24237342,Chaos Dwarfs,chaos_dwarfs,wh3_dlc23_chd_zhatan,The Warhost of Zharr,wh3_dlc23_chd_chaos_dwarfs,wh3_dlc23_sc_chd_chaos_dwarfs,LOCKED_STANDARD,chd_mil@unspecified_campaign,generic_candidate,Conjunction of nonblank source faction/culture/subculture selectors; campaign condition preserved. Engine precedence is not decoded.,,chd_mil,,wh3_dlc23_chd_chaos_dwarfs,,,wh3_dlc23_tech_chd_military_11,,,wh3_dlc23_tech_chd_military_11,Mass Production,"Rearming armies is costly, but streamlining production techniques inevitably make things cheaper and quicker to make.",,wh_dlc05_effect_building_global_recruitment_duration,faction_to_faction_own_unseen,-1.0000,Global recruitment duration: %+n turn(s) (minimum 1),,Military Technologies,Chaos Dwarf Military Technology Tree,,,,,,,,,,,,technology_effects_junction_tables,db/technology_effects_junction_tables/data__.tsv,1415,wh3_dlc23_tech_chd_military_11|wh_dlc05_effect_building_global_recruitment_duration,,,,,,,,,,,,,,,,,,,,,,,,,,,,,,,,,,,,,,,,,,,,,,,,,,,,,,,,,,,,,,,,,,,,,,,,,,,,turns.png,130,turns.png,campaign,false
tab_membership,warhammer_3,8.1.1,24237342,Chaos Dwarfs,chaos_dwarfs,wh3_dlc23_chd_zhatan,The Warhost of Zharr,wh3_dlc23_chd_chaos_dwarfs,wh3_dlc23_sc_chd_chaos_dwarfs,LOCKED_STANDARD,chd_mil@unspecified_campaign,generic_candidate,Conjunction of nonblank source faction/culture/subculture selectors; campaign condition preserved. Engine precedence is not decoded.,,chd_mil,,wh3_dlc23_chd_chaos_dwarfs,,,wh3_dlc23_tech_chd_military_11,,,wh3_dlc23_tech_chd_military_11,Mass Production,"Rearming armies is costly, but streamlining production techniques inevitably make things cheaper and quicker to make.",,,,,,,Military Technologies,Chaos Dwarf Military Technology Tree,,,,,,,,,,,,technology_ui_tabs_to_technology_nodes_junctions_tables,db/technology_ui_tabs_to_technology_nodes_junctions_tables/data__.tsv,29,wh3_dlc23_tech_chd_military_11|chd_military,,,,,,,,,,,,,,,,,,,,,,,,,,,,,,,,,,,,,,,,,,,,,,,,,,,,,,,,,,,,,,,,,,,,,chd_military,,,,,,,,,,,
node,warhammer_3,8.1.1,24237342,Chaos Dwarfs,chaos_dwarfs,wh3_dlc23_chd_zhatan,The Warhost of Zharr,wh3_dlc23_chd_chaos_dwarfs,wh3_dlc23_sc_chd_chaos_dwarfs,LOCKED_STANDARD,chd_mil@unspecified_campaign,generic_candidate,Conjunction of nonblank source faction/culture/subculture selectors; campaign condition preserved. Engine precedence is not decoded.,,chd_mil,,wh3_dlc23_chd_chaos_dwarfs,,,wh3_dlc23_tech_chd_military_6,,,wh3_dlc23_tech_chd_military_6,Mandatory Service,"All Dhrath-Zharr should be ready for war, whenever the call to military service is sounded.",,,,,,,Military Technologies,Chaos Dwarf Military Technology Tree,,,,,,,,,,,structural_node,technology_nodes_tables,db/technology_nodes_tables/data__.tsv,845,wh3_dlc23_tech_chd_military_6,,,,,,,,7,2,100,0,0,,wh3_dlc23_tech_chd_military_medium,0,150,0,,,,,,,,,,,,,,,,,,,,,,,,,,,,,,,,,,,,,,,,,,,,,,,,,,,,,,,,,,,,,,,
technology,warhammer_3,8.1.1,24237342,Chaos Dwarfs,chaos_dwarfs,wh3_dlc23_chd_zhatan,The Warhost of Zharr,wh3_dlc23_chd_chaos_dwarfs,wh3_dlc23_sc_chd_chaos_dwarfs,LOCKED_STANDARD,chd_mil@unspecified_campaign,generic_candidate,Conjunction of nonblank source faction/culture/subculture selectors; campaign condition preserved. Engine precedence is not decoded.,,chd_mil,,wh3_dlc23_chd_chaos_dwarfs,,,wh3_dlc23_tech_chd_military_6,,,wh3_dlc23_tech_chd_military_6,Mandatory Service,"All Dhrath-Zharr should be ready for war, whenever the call to military service is sounded.",,,,,,,Military Technologies,Chaos Dwarf Military Technology Tree,,,,,,,,,,,,technologies_tables,db/technologies_tables/data__.tsv,713,wh3_dlc23_tech_chd_military_6,,,,,,,,,,,,,,,,,,wh_main_chs_port_ruin,1,wh3_dlc23_tech_chd_military_6,false,false,placeholder.tga,197664725,false,false,true,false,,,,,,,,,,,,,,,,,,,,,,,,,,,,,,,,,,,,,,,,,,,,,,,,,,,,
effect,warhammer_3,8.1.1,24237342,Chaos Dwarfs,chaos_dwarfs,wh3_dlc23_chd_zhatan,The Warhost of Zharr,wh3_dlc23_chd_chaos_dwarfs,wh3_dlc23_sc_chd_chaos_dwarfs,LOCKED_STANDARD,chd_mil@unspecified_campaign,generic_candidate,Conjunction of nonblank source faction/culture/subculture selectors; campaign condition preserved. Engine precedence is not decoded.,,chd_mil,,wh3_dlc23_chd_chaos_dwarfs,,,wh3_dlc23_tech_chd_military_6,,,wh3_dlc23_tech_chd_military_6,Mandatory Service,"All Dhrath-Zharr should be ready for war, whenever the call to military service is sounded.",,wh_main_effect_force_all_campaign_recruitment_cost_all,faction_to_force_own_unseen,-10.0000,Recruitment cost: %+n%,,Military Technologies,Chaos Dwarf Military Technology Tree,,,,,,,,,,,,technology_effects_junction_tables,db/technology_effects_junction_tables/data__.tsv,1465,wh3_dlc23_tech_chd_military_6|wh_main_effect_force_all_campaign_recruitment_cost_all,,,,,,,,,,,,,,,,,,,,,,,,,,,,,,,,,,,,,,,,,,,,,,,,,,,,,,,,,,,,,,,,,,,,,,,,,,,,treasury.png,106,treasury.png,campaign,false
effect,warhammer_3,8.1.1,24237342,Chaos Dwarfs,chaos_dwarfs,wh3_dlc23_chd_zhatan,The Warhost of Zharr,wh3_dlc23_chd_chaos_dwarfs,wh3_dlc23_sc_chd_chaos_dwarfs,LOCKED_STANDARD,chd_mil@unspecified_campaign,generic_candidate,Conjunction of nonblank source faction/culture/subculture selectors; campaign condition preserved. Engine precedence is not decoded.,,chd_mil,,wh3_dlc23_chd_chaos_dwarfs,,,wh3_dlc23_tech_chd_military_6,,,wh3_dlc23_tech_chd_military_6,Mandatory Service,"All Dhrath-Zharr should be ready for war, whenever the call to military service is sounded.",,wh_main_effect_force_army_campaign_recruitment_points,faction_to_faction_own_unseen,1.0000,Global recruitment capacity: %+n,,Military Technologies,Chaos Dwarf Military Technology Tree,,,,,,,,,,,,technology_effects_junction_tables,db/technology_effects_junction_tables/data__.tsv,1466,wh3_dlc23_tech_chd_military_6|wh_main_effect_force_army_campaign_recruitment_points,,,,,,,,,,,,,,,,,,,,,,,,,,,,,,,,,,,,,,,,,,,,,,,,,,,,,,,,,,,,,,,,,,,,,,,,,,,,army.png,270,army.png,campaign,true
resource_cost,warhammer_3,8.1.1,24237342,Chaos Dwarfs,chaos_dwarfs,wh3_dlc23_chd_zhatan,The Warhost of Zharr,wh3_dlc23_chd_chaos_dwarfs,wh3_dlc23_sc_chd_chaos_dwarfs,LOCKED_STANDARD,chd_mil@unspecified_campaign,generic_candidate,Conjunction of nonblank source faction/culture/subculture selectors; campaign condition preserved. Engine precedence is not decoded.,,chd_mil,,wh3_dlc23_chd_chaos_dwarfs,,,wh3_dlc23_tech_chd_military_6,,,wh3_dlc23_tech_chd_military_6,Mandatory Service,"All Dhrath-Zharr should be ready for war, whenever the call to military service is sounded.",,,,,,,Military Technologies,Chaos Dwarf Military Technology Tree,,,,,,,,,,,,resource_costs_tables,db/resource_costs_tables/data__.tsv,963,wh3_dlc23_tech_chd_military_medium,,,,,,,,,,,,,,wh3_dlc23_tech_chd_military_medium,,,,,,,,,,,,,,,,,,,,,,,,,,,,,,,,,,0,TECHNOLOGIES,TECHNOLOGIES,ARMY_UPKEEP,BACKGROUND_INCOME,,,,,,,,,,,,,,,,,,,,,,,,,,,,
pooled_resource_cost,warhammer_3,8.1.1,24237342,Chaos Dwarfs,chaos_dwarfs,wh3_dlc23_chd_zhatan,The Warhost of Zharr,wh3_dlc23_chd_chaos_dwarfs,wh3_dlc23_sc_chd_chaos_dwarfs,LOCKED_STANDARD,chd_mil@unspecified_campaign,generic_candidate,Conjunction of nonblank source faction/culture/subculture selectors; campaign condition preserved. Engine precedence is not decoded.,,chd_mil,,wh3_dlc23_chd_chaos_dwarfs,,,wh3_dlc23_tech_chd_military_6,,,wh3_dlc23_tech_chd_military_6,Mandatory Service,"All Dhrath-Zharr should be ready for war, whenever the call to military service is sounded.",,,,,,,Military Technologies,Chaos Dwarf Military Technology Tree,,,,,,,,,,,,resource_cost_pooled_resource_junctions_tables,db/resource_cost_pooled_resource_junctions_tables/data__.tsv,1061,wh3_dlc23_chd_armaments_technology|wh3_dlc23_tech_chd_military_medium,,,,,,,,,,,,,,wh3_dlc23_tech_chd_military_medium,,,,,,,,,,,,,,,,,,,,,,,,,,,,,,,,,,,,,,,wh3_dlc23_chd_armaments_technology,-250,absolute,default,,,,,,,,,,,,,,,,,,,,,,,,
resource_factor,warhammer_3,8.1.1,24237342,Chaos Dwarfs,chaos_dwarfs,wh3_dlc23_chd_zhatan,The Warhost of Zharr,wh3_dlc23_chd_chaos_dwarfs,wh3_dlc23_sc_chd_chaos_dwarfs,LOCKED_STANDARD,chd_mil@unspecified_campaign,generic_candidate,Conjunction of nonblank source faction/culture/subculture selectors; campaign condition preserved. Engine precedence is not decoded.,,chd_mil,,wh3_dlc23_chd_chaos_dwarfs,,,wh3_dlc23_tech_chd_military_6,,,wh3_dlc23_tech_chd_military_6,Mandatory Service,"All Dhrath-Zharr should be ready for war, whenever the call to military service is sounded.",,,,,,,Military Technologies,Chaos Dwarf Military Technology Tree,,,,,,,,,,,,pooled_resource_factor_junctions_tables,db/pooled_resource_factor_junctions_tables/data__.tsv,520,wh3_dlc23_chd_armaments_technology,,,,,,,,,,,,,,wh3_dlc23_tech_chd_military_medium,,,,,,,,,,,,,,,,,,,,,,,,,,,,,,,,,,,,,,,,,,,wh3_dlc23_chd_armaments_technology,technology,wh3_dlc23_chd_armaments,-2147483647,0,,,,,,,,,,,,,,,,,,,
tab_membership,warhammer_3,8.1.1,24237342,Chaos Dwarfs,chaos_dwarfs,wh3_dlc23_chd_zhatan,The Warhost of Zharr,wh3_dlc23_chd_chaos_dwarfs,wh3_dlc23_sc_chd_chaos_dwarfs,LOCKED_STANDARD,chd_mil@unspecified_campaign,generic_candidate,Conjunction of nonblank source faction/culture/subculture selectors; campaign condition preserved. Engine precedence is not decoded.,,chd_mil,,wh3_dlc23_chd_chaos_dwarfs,,,wh3_dlc23_tech_chd_military_6,,,wh3_dlc23_tech_chd_military_6,Mandatory Service,"All Dhrath-Zharr should be ready for war, whenever the call to military service is sounded.",,,,,,,Military Technologies,Chaos Dwarf Military Technology Tree,,,,,,,,,,,,technology_ui_tabs_to_technology_nodes_junctions_tables,db/technology_ui_tabs_to_technology_nodes_junctions_tables/data__.tsv,52,wh3_dlc23_tech_chd_military_6|chd_military,,,,,,,,,,,,,,,,,,,,,,,,,,,,,,,,,,,,,,,,,,,,,,,,,,,,,,,,,,,,,,,,,,,,,chd_military,,,,,,,,,,,
node,warhammer_3,8.1.1,24237342,Chaos Dwarfs,chaos_dwarfs,wh3_dlc23_chd_zhatan,The Warhost of Zharr,wh3_dlc23_chd_chaos_dwarfs,wh3_dlc23_sc_chd_chaos_dwarfs,LOCKED_STANDARD,chd_mil@unspecified_campaign,generic_candidate,Conjunction of nonblank source faction/culture/subculture selectors; campaign condition preserved. Engine precedence is not decoded.,,chd_mil,,wh3_dlc23_chd_chaos_dwarfs,,,wh3_dlc23_tech_chd_military_2,,,wh3_dlc23_tech_chd_military_2,Stronghold Syndrome,"Extended time spent on the Plains of Zharr has led these Labourers to fully believe in their overlords' objectives, and are now seeking to prove their loyalty in battle.",,,,,,,Military Technologies,Chaos Dwarf Military Technology Tree,,,,,,,,,,,structural_node,technology_nodes_tables,db/technology_nodes_tables/data__.tsv,831,wh3_dlc23_tech_chd_military_2,,,,,,,,9,2,200,0,0,,,0,150,0,,,,,,,,,,,,,,,,,,,,,,,,,,,,,,,,,,,,,,,,,,,,,,,,,,,,,,,,,,,,,,,
technology,warhammer_3,8.1.1,24237342,Chaos Dwarfs,chaos_dwarfs,wh3_dlc23_chd_zhatan,The Warhost of Zharr,wh3_dlc23_chd_chaos_dwarfs,wh3_dlc23_sc_chd_chaos_dwarfs,LOCKED_STANDARD,chd_mil@unspecified_campaign,generic_candidate,Conjunction of nonblank source faction/culture/subculture selectors; campaign condition preserved. Engine precedence is not decoded.,,chd_mil,,wh3_dlc23_chd_chaos_dwarfs,,,wh3_dlc23_tech_chd_military_2,,,wh3_dlc23_tech_chd_military_2,Stronghold Syndrome,"Extended time spent on the Plains of Zharr has led these Labourers to fully believe in their overlords' objectives, and are now seeking to prove their loyalty in battle.",,,,,,,Military Technologies,Chaos Dwarf Military Technology Tree,,,,,,,,,,,,technologies_tables,db/technologies_tables/data__.tsv,699,wh3_dlc23_tech_chd_military_2,,,,,,,,,,,,,,,,,,wh_main_chs_port_ruin,1,wh3_dlc23_tech_chd_military_2,false,false,placeholder.tga,1028840574,false,false,true,false,,,,,,,,,,,,,,,,,,,,,,,,,,,,,,,,,,,,,,,,,,,,,,,,,,,,
effect,warhammer_3,8.1.1,24237342,Chaos Dwarfs,chaos_dwarfs,wh3_dlc23_chd_zhatan,The Warhost of Zharr,wh3_dlc23_chd_chaos_dwarfs,wh3_dlc23_sc_chd_chaos_dwarfs,LOCKED_STANDARD,chd_mil@unspecified_campaign,generic_candidate,Conjunction of nonblank source faction/culture/subculture selectors; campaign condition preserved. Engine precedence is not decoded.,,chd_mil,,wh3_dlc23_chd_chaos_dwarfs,,,wh3_dlc23_tech_chd_military_2,,,wh3_dlc23_tech_chd_military_2,Stronghold Syndrome,"Extended time spent on the Plains of Zharr has led these Labourers to fully believe in their overlords' objectives, and are now seeking to prove their loyalty in battle.",,wh3_dlc23_effect_force_stat_melee_attack_chd_labourer_hobgoblin_infantry,faction_to_force_own_unseen,4.0000,Melee attack: %+n for Labourers and Hobgoblin Infantry units,,Military Technologies,Chaos Dwarf Military Technology Tree,,,,,,,,,,,,technology_effects_junction_tables,db/technology_effects_junction_tables/data__.tsv,1457,wh3_dlc23_tech_chd_military_2|wh3_dlc23_effect_force_stat_melee_attack_chd_labourer_hobgoblin_infantry,,,,,,,,,,,,,,,,,,,,,,,,,,,,,,,,,,,,,,,,,,,,,,,,,,,,,,,,,,,,,,,,,,,,,,,,,,,,melee.png,431,melee.png,battle,true
effect,warhammer_3,8.1.1,24237342,Chaos Dwarfs,chaos_dwarfs,wh3_dlc23_chd_zhatan,The Warhost of Zharr,wh3_dlc23_chd_chaos_dwarfs,wh3_dlc23_sc_chd_chaos_dwarfs,LOCKED_STANDARD,chd_mil@unspecified_campaign,generic_candidate,Conjunction of nonblank source faction/culture/subculture selectors; campaign condition preserved. Engine precedence is not decoded.,,chd_mil,,wh3_dlc23_chd_chaos_dwarfs,,,wh3_dlc23_tech_chd_military_2,,,wh3_dlc23_tech_chd_military_2,Stronghold Syndrome,"Extended time spent on the Plains of Zharr has led these Labourers to fully believe in their overlords' objectives, and are now seeking to prove their loyalty in battle.",,wh3_dlc23_effect_upkeep_cost_reduction_chd_labourer_hobgoblin_infantry,faction_to_force_own_unseen,-10.0000,Upkeep: %+n% for Labourers and Hobgoblin Infantry units,,Military Technologies,Chaos Dwarf Military Technology Tree,,,,,,,,,,,,technology_effects_junction_tables,db/technology_effects_junction_tables/data__.tsv,1458,wh3_dlc23_tech_chd_military_2|wh3_dlc23_effect_upkeep_cost_reduction_chd_labourer_hobgoblin_infantry,,,,,,,,,,,,,,,,,,,,,,,,,,,,,,,,,,,,,,,,,,,,,,,,,,,,,,,,,,,,,,,,,,,,,,,,,,,,military_spending.png,105,military_spending.png,campaign,false
tab_membership,warhammer_3,8.1.1,24237342,Chaos Dwarfs,chaos_dwarfs,wh3_dlc23_chd_zhatan,The Warhost of Zharr,wh3_dlc23_chd_chaos_dwarfs,wh3_dlc23_sc_chd_chaos_dwarfs,LOCKED_STANDARD,chd_mil@unspecified_campaign,generic_candidate,Conjunction of nonblank source faction/culture/subculture selectors; campaign condition preserved. Engine precedence is not decoded.,,chd_mil,,wh3_dlc23_chd_chaos_dwarfs,,,wh3_dlc23_tech_chd_military_2,,,wh3_dlc23_tech_chd_military_2,Stronghold Syndrome,"Extended time spent on the Plains of Zharr has led these Labourers to fully believe in their overlords' objectives, and are now seeking to prove their loyalty in battle.",,,,,,,Military Technologies,Chaos Dwarf Military Technology Tree,,,,,,,,,,,,technology_ui_tabs_to_technology_nodes_junctions_tables,db/technology_ui_tabs_to_technology_nodes_junctions_tables/data__.tsv,38,wh3_dlc23_tech_chd_military_2|chd_military,,,,,,,,,,,,,,,,,,,,,,,,,,,,,,,,,,,,,,,,,,,,,,,,,,,,,,,,,,,,,,,,,,,,,chd_military,,,,,,,,,,,
node,warhammer_3,8.1.1,24237342,Chaos Dwarfs,chaos_dwarfs,wh3_dlc23_chd_zhatan,The Warhost of Zharr,wh3_dlc23_chd_chaos_dwarfs,wh3_dlc23_sc_chd_chaos_dwarfs,LOCKED_STANDARD,chd_mil@unspecified_campaign,generic_candidate,Conjunction of nonblank source faction/culture/subculture selectors; campaign condition preserved. Engine precedence is not decoded.,,chd_mil,,wh3_dlc23_chd_chaos_dwarfs,,,wh3_dlc23_tech_chd_military_23,,,wh3_dlc23_tech_chd_military_23,Medical Supplies,"The Chaos Dwarfs’ forgecraft can also have convalescent applications, but such boons are only afforded to those chosen to drive their hosts forward. ",,,,,,,Military Technologies,Chaos Dwarf Military Technology Tree,,,,,,,,,,,structural_node,technology_nodes_tables,db/technology_nodes_tables/data__.tsv,835,wh3_dlc23_tech_chd_military_23,,,,,,,,1,3,500,0,0,,,0,0,0,,,,,,,,,,,,,,,,,,,,,,,,,,,,,,,,,,,,,,,,,,,,,,,,,,,,,,,,,,,,,,,
technology,warhammer_3,8.1.1,24237342,Chaos Dwarfs,chaos_dwarfs,wh3_dlc23_chd_zhatan,The Warhost of Zharr,wh3_dlc23_chd_chaos_dwarfs,wh3_dlc23_sc_chd_chaos_dwarfs,LOCKED_STANDARD,chd_mil@unspecified_campaign,generic_candidate,Conjunction of nonblank source faction/culture/subculture selectors; campaign condition preserved. Engine precedence is not decoded.,,chd_mil,,wh3_dlc23_chd_chaos_dwarfs,,,wh3_dlc23_tech_chd_military_23,,,wh3_dlc23_tech_chd_military_23,Medical Supplies,"The Chaos Dwarfs’ forgecraft can also have convalescent applications, but such boons are only afforded to those chosen to drive their hosts forward. ",,,,,,,Military Technologies,Chaos Dwarf Military Technology Tree,,,,,,,,,,,,technologies_tables,db/technologies_tables/data__.tsv,703,wh3_dlc23_tech_chd_military_23,,,,,,,,,,,,,,,,,,wh_main_chs_port_ruin,1,wh3_dlc23_tech_chd_military_23,false,false,placeholder.tga,1517538333,false,false,true,false,,,,,,,,,,,,,,,,,,,,,,,,,,,,,,,,,,,,,,,,,,,,,,,,,,,,
effect,warhammer_3,8.1.1,24237342,Chaos Dwarfs,chaos_dwarfs,wh3_dlc23_chd_zhatan,The Warhost of Zharr,wh3_dlc23_chd_chaos_dwarfs,wh3_dlc23_sc_chd_chaos_dwarfs,LOCKED_STANDARD,chd_mil@unspecified_campaign,generic_candidate,Conjunction of nonblank source faction/culture/subculture selectors; campaign condition preserved. Engine precedence is not decoded.,,chd_mil,,wh3_dlc23_chd_chaos_dwarfs,,,wh3_dlc23_tech_chd_military_23,,,wh3_dlc23_tech_chd_military_23,Medical Supplies,"The Chaos Dwarfs’ forgecraft can also have convalescent applications, but such boons are only afforded to those chosen to drive their hosts forward. ",,wh_main_effect_character_stat_ward_save,faction_to_character_own,5.0000,Ward save: %n%,"Ward Save. Any type of damage is reduced by this amount, up to a maximum of 90%",Military Technologies,Chaos Dwarf Military Technology Tree,,,,,,,,,,,,technology_effects_junction_tables,db/technology_effects_junction_tables/data__.tsv,1441,wh3_dlc23_tech_chd_military_23|wh_main_effect_character_stat_ward_save,,,,,,,,,,,,,,,,,,,,,,,,,,,,,,,,,,,,,,,,,,,,,,,,,,,,,,,,,,,,,,,,,,,,,,,,,,,,resistance_ward_save.png,100,resistance_ward_save.png,battle,true
effect,warhammer_3,8.1.1,24237342,Chaos Dwarfs,chaos_dwarfs,wh3_dlc23_chd_zhatan,The Warhost of Zharr,wh3_dlc23_chd_chaos_dwarfs,wh3_dlc23_sc_chd_chaos_dwarfs,LOCKED_STANDARD,chd_mil@unspecified_campaign,generic_candidate,Conjunction of nonblank source faction/culture/subculture selectors; campaign condition preserved. Engine precedence is not decoded.,,chd_mil,,wh3_dlc23_chd_chaos_dwarfs,,,wh3_dlc23_tech_chd_military_23,,,wh3_dlc23_tech_chd_military_23,Medical Supplies,"The Chaos Dwarfs’ forgecraft can also have convalescent applications, but such boons are only afforded to those chosen to drive their hosts forward. ",,wh_main_effect_character_wound_recovery_time_mod,faction_to_character_own,-2.0000,Wound recovery time: %+n turns,,Military Technologies,Chaos Dwarf Military Technology Tree,,,,,,,,,,,,technology_effects_junction_tables,db/technology_effects_junction_tables/data__.tsv,1442,wh3_dlc23_tech_chd_military_23|wh_main_effect_character_wound_recovery_time_mod,,,,,,,,,,,,,,,,,,,,,,,,,,,,,,,,,,,,,,,,,,,,,,,,,,,,,,,,,,,,,,,,,,,,,,,,,,,,wound_time.png,101,wound_time.png,campaign,false
tab_membership,warhammer_3,8.1.1,24237342,Chaos Dwarfs,chaos_dwarfs,wh3_dlc23_chd_zhatan,The Warhost of Zharr,wh3_dlc23_chd_chaos_dwarfs,wh3_dlc23_sc_chd_chaos_dwarfs,LOCKED_STANDARD,chd_mil@unspecified_campaign,generic_candidate,Conjunction of nonblank source faction/culture/subculture selectors; campaign condition preserved. Engine precedence is not decoded.,,chd_mil,,wh3_dlc23_chd_chaos_dwarfs,,,wh3_dlc23_tech_chd_military_23,,,wh3_dlc23_tech_chd_military_23,Medical Supplies,"The Chaos Dwarfs’ forgecraft can also have convalescent applications, but such boons are only afforded to those chosen to drive their hosts forward. ",,,,,,,Military Technologies,Chaos Dwarf Military Technology Tree,,,,,,,,,,,,technology_ui_tabs_to_technology_nodes_junctions_tables,db/technology_ui_tabs_to_technology_nodes_junctions_tables/data__.tsv,42,wh3_dlc23_tech_chd_military_23|chd_military,,,,,,,,,,,,,,,,,,,,,,,,,,,,,,,,,,,,,,,,,,,,,,,,,,,,,,,,,,,,,,,,,,,,,chd_military,,,,,,,,,,,
node,warhammer_3,8.1.1,24237342,Chaos Dwarfs,chaos_dwarfs,wh3_dlc23_chd_zhatan,The Warhost of Zharr,wh3_dlc23_chd_chaos_dwarfs,wh3_dlc23_sc_chd_chaos_dwarfs,LOCKED_STANDARD,chd_mil@unspecified_campaign,generic_candidate,Conjunction of nonblank source faction/culture/subculture selectors; campaign condition preserved. Engine precedence is not decoded.,,chd_mil,,wh3_dlc23_chd_chaos_dwarfs,,,wh3_dlc23_tech_chd_military_7,,,wh3_dlc23_tech_chd_military_7,Roaming Round-ups,They won't get far. Unleash the wolves.,,,,,,,Military Technologies,Chaos Dwarf Military Technology Tree,,,,,,,,,,,structural_node,technology_nodes_tables,db/technology_nodes_tables/data__.tsv,846,wh3_dlc23_tech_chd_military_7,,,,,,,,7,3,400,0,0,,,0,145,0,,,,,,,,,,,,,,,,,,,,,,,,,,,,,,,,,,,,,,,,,,,,,,,,,,,,,,,,,,,,,,,
technology,warhammer_3,8.1.1,24237342,Chaos Dwarfs,chaos_dwarfs,wh3_dlc23_chd_zhatan,The Warhost of Zharr,wh3_dlc23_chd_chaos_dwarfs,wh3_dlc23_sc_chd_chaos_dwarfs,LOCKED_STANDARD,chd_mil@unspecified_campaign,generic_candidate,Conjunction of nonblank source faction/culture/subculture selectors; campaign condition preserved. Engine precedence is not decoded.,,chd_mil,,wh3_dlc23_chd_chaos_dwarfs,,,wh3_dlc23_tech_chd_military_7,,,wh3_dlc23_tech_chd_military_7,Roaming Round-ups,They won't get far. Unleash the wolves.,,,,,,,Military Technologies,Chaos Dwarf Military Technology Tree,,,,,,,,,,,,technologies_tables,db/technologies_tables/data__.tsv,714,wh3_dlc23_tech_chd_military_7,,,,,,,,,,,,,,,,,,wh_main_chs_port_ruin,1,wh3_dlc23_tech_chd_military_7,false,false,placeholder.tga,778047799,false,false,true,false,,,,,,,,,,,,,,,,,,,,,,,,,,,,,,,,,,,,,,,,,,,,,,,,,,,,
effect,warhammer_3,8.1.1,24237342,Chaos Dwarfs,chaos_dwarfs,wh3_dlc23_chd_zhatan,The Warhost of Zharr,wh3_dlc23_chd_chaos_dwarfs,wh3_dlc23_sc_chd_chaos_dwarfs,LOCKED_STANDARD,chd_mil@unspecified_campaign,generic_candidate,Conjunction of nonblank source faction/culture/subculture selectors; campaign condition preserved. Engine precedence is not decoded.,,chd_mil,,wh3_dlc23_chd_chaos_dwarfs,,,wh3_dlc23_tech_chd_military_7,,,wh3_dlc23_tech_chd_military_7,Roaming Round-ups,They won't get far. Unleash the wolves.,,wh3_main_scripted_effect_all_forces_local_control_negative,faction_to_faction_own_unseen,-2.0000,{{tr:public_order_effect}}: %+n in enemy provinces where an army is present,,Military Technologies,Chaos Dwarf Military Technology Tree,,,,,,,,,,,,technology_effects_junction_tables,db/technology_effects_junction_tables/data__.tsv,1467,wh3_dlc23_tech_chd_military_7|wh3_main_scripted_effect_all_forces_local_control_negative,,,,,,,,,,,,,,,,,,,,,,,,,,,,,,,,,,,,,,,,,,,,,,,,,,,,,,,,,,,,,,,,,,,,,,,,,,,,public_order.png,14,public_order.png,campaign,false
effect,warhammer_3,8.1.1,24237342,Chaos Dwarfs,chaos_dwarfs,wh3_dlc23_chd_zhatan,The Warhost of Zharr,wh3_dlc23_chd_chaos_dwarfs,wh3_dlc23_sc_chd_chaos_dwarfs,LOCKED_STANDARD,chd_mil@unspecified_campaign,generic_candidate,Conjunction of nonblank source faction/culture/subculture selectors; campaign condition preserved. Engine precedence is not decoded.,,chd_mil,,wh3_dlc23_chd_chaos_dwarfs,,,wh3_dlc23_tech_chd_military_7,,,wh3_dlc23_tech_chd_military_7,Roaming Round-ups,They won't get far. Unleash the wolves.,,wh_main_effect_force_all_campaign_raid_income,faction_to_force_own_unseen,10.0000,Income from raiding: %+n%,,Military Technologies,Chaos Dwarf Military Technology Tree,,,,,,,,,,,,technology_effects_junction_tables,db/technology_effects_junction_tables/data__.tsv,1468,wh3_dlc23_tech_chd_military_7|wh_main_effect_force_all_campaign_raid_income,,,,,,,,,,,,,,,,,,,,,,,,,,,,,,,,,,,,,,,,,,,,,,,,,,,,,,,,,,,,,,,,,,,,,,,,,,,,income.png,101,income.png,campaign,true
tab_membership,warhammer_3,8.1.1,24237342,Chaos Dwarfs,chaos_dwarfs,wh3_dlc23_chd_zhatan,The Warhost of Zharr,wh3_dlc23_chd_chaos_dwarfs,wh3_dlc23_sc_chd_chaos_dwarfs,LOCKED_STANDARD,chd_mil@unspecified_campaign,generic_candidate,Conjunction of nonblank source faction/culture/subculture selectors; campaign condition preserved. Engine precedence is not decoded.,,chd_mil,,wh3_dlc23_chd_chaos_dwarfs,,,wh3_dlc23_tech_chd_military_7,,,wh3_dlc23_tech_chd_military_7,Roaming Round-ups,They won't get far. Unleash the wolves.,,,,,,,Military Technologies,Chaos Dwarf Military Technology Tree,,,,,,,,,,,,technology_ui_tabs_to_technology_nodes_junctions_tables,db/technology_ui_tabs_to_technology_nodes_junctions_tables/data__.tsv,53,wh3_dlc23_tech_chd_military_7|chd_military,,,,,,,,,,,,,,,,,,,,,,,,,,,,,,,,,,,,,,,,,,,,,,,,,,,,,,,,,,,,,,,,,,,,,chd_military,,,,,,,,,,,
node,warhammer_3,8.1.1,24237342,Chaos Dwarfs,chaos_dwarfs,wh3_dlc23_chd_zhatan,The Warhost of Zharr,wh3_dlc23_chd_chaos_dwarfs,wh3_dlc23_sc_chd_chaos_dwarfs,LOCKED_STANDARD,chd_mil@unspecified_campaign,generic_candidate,Conjunction of nonblank source faction/culture/subculture selectors; campaign condition preserved. Engine precedence is not decoded.,,chd_mil,,wh3_dlc23_chd_chaos_dwarfs,,,wh3_dlc23_tech_chd_military_28,,,wh3_dlc23_tech_chd_military_28,Total War!,"The sport is war: Total War, when victory's a massacre.",,,,,,,Military Technologies,Chaos Dwarf Military Technology Tree,,,,,,,,,,,structural_node,technology_nodes_tables,db/technology_nodes_tables/data__.tsv,840,wh3_dlc23_tech_chd_military_28,,,,,,,,0,4,500,0,0,,,0,0,0,,,,,,,,,,,,,,,,,,,,,,,,,,,,,,,,,,,,,,,,,,,,,,,,,,,,,,,,,,,,,,,
technology,warhammer_3,8.1.1,24237342,Chaos Dwarfs,chaos_dwarfs,wh3_dlc23_chd_zhatan,The Warhost of Zharr,wh3_dlc23_chd_chaos_dwarfs,wh3_dlc23_sc_chd_chaos_dwarfs,LOCKED_STANDARD,chd_mil@unspecified_campaign,generic_candidate,Conjunction of nonblank source faction/culture/subculture selectors; campaign condition preserved. Engine precedence is not decoded.,,chd_mil,,wh3_dlc23_chd_chaos_dwarfs,,,wh3_dlc23_tech_chd_military_28,,,wh3_dlc23_tech_chd_military_28,Total War!,"The sport is war: Total War, when victory's a massacre.",,,,,,,Military Technologies,Chaos Dwarf Military Technology Tree,,,,,,,,,,,,technologies_tables,db/technologies_tables/data__.tsv,708,wh3_dlc23_tech_chd_military_28,,,,,,,,,,,,,,,,,,wh_main_chs_port_ruin,1,wh3_dlc23_tech_chd_military_28,false,false,placeholder.tga,865922154,false,false,true,false,,,,,,,,,,,,,,,,,,,,,,,,,,,,,,,,,,,,,,,,,,,,,,,,,,,,
effect,warhammer_3,8.1.1,24237342,Chaos Dwarfs,chaos_dwarfs,wh3_dlc23_chd_zhatan,The Warhost of Zharr,wh3_dlc23_chd_chaos_dwarfs,wh3_dlc23_sc_chd_chaos_dwarfs,LOCKED_STANDARD,chd_mil@unspecified_campaign,generic_candidate,Conjunction of nonblank source faction/culture/subculture selectors; campaign condition preserved. Engine precedence is not decoded.,,chd_mil,,wh3_dlc23_chd_chaos_dwarfs,,,wh3_dlc23_tech_chd_military_28,,,wh3_dlc23_tech_chd_military_28,Total War!,"The sport is war: Total War, when victory's a massacre.",,wh3_dlc23_effect_chd_hellforge_cap_mod_all,faction_to_faction_own_unseen,2.0000,Maximum active Hell-Forge Forgecraft Options: %+n,,Military Technologies,Chaos Dwarf Military Technology Tree,,,,,,,,,,,,technology_effects_junction_tables,db/technology_effects_junction_tables/data__.tsv,1453,wh3_dlc23_tech_chd_military_28|wh3_dlc23_effect_chd_hellforge_cap_mod_all,,,,,,,,,,,,,,,,,,,,,,,,,,,,,,,,,,,,,,,,,,,,,,,,,,,,,,,,,,,,,,,,,,,,,,,,,,,,chd_hellforge.png,1,chd_hellforge.png,campaign,true
tab_membership,warhammer_3,8.1.1,24237342,Chaos Dwarfs,chaos_dwarfs,wh3_dlc23_chd_zhatan,The Warhost of Zharr,wh3_dlc23_chd_chaos_dwarfs,wh3_dlc23_sc_chd_chaos_dwarfs,LOCKED_STANDARD,chd_mil@unspecified_campaign,generic_candidate,Conjunction of nonblank source faction/culture/subculture selectors; campaign condition preserved. Engine precedence is not decoded.,,chd_mil,,wh3_dlc23_chd_chaos_dwarfs,,,wh3_dlc23_tech_chd_military_28,,,wh3_dlc23_tech_chd_military_28,Total War!,"The sport is war: Total War, when victory's a massacre.",,,,,,,Military Technologies,Chaos Dwarf Military Technology Tree,,,,,,,,,,,,technology_ui_tabs_to_technology_nodes_junctions_tables,db/technology_ui_tabs_to_technology_nodes_junctions_tables/data__.tsv,47,wh3_dlc23_tech_chd_military_28|chd_military,,,,,,,,,,,,,,,,,,,,,,,,,,,,,,,,,,,,,,,,,,,,,,,,,,,,,,,,,,,,,,,,,,,,,chd_military,,,,,,,,,,,
node,warhammer_3,8.1.1,24237342,Chaos Dwarfs,chaos_dwarfs,wh3_dlc23_chd_zhatan,The Warhost of Zharr,wh3_dlc23_chd_chaos_dwarfs,wh3_dlc23_sc_chd_chaos_dwarfs,LOCKED_STANDARD,chd_mil@unspecified_campaign,generic_candidate,Conjunction of nonblank source faction/culture/subculture selectors; campaign condition preserved. Engine precedence is not decoded.,,chd_mil,,wh3_dlc23_chd_chaos_dwarfs,,,wh3_dlc23_tech_chd_military_24,,,wh3_dlc23_tech_chd_military_24,Weapons Depots ,"From skull-splitting axes to flesh-shredding blunderbusses, the weapons surpluses of the Chaos Dwarfs sit ready for distribution.",,,,,,,Military Technologies,Chaos Dwarf Military Technology Tree,,,,,,,,,,,structural_node,technology_nodes_tables,db/technology_nodes_tables/data__.tsv,836,wh3_dlc23_tech_chd_military_24,,,,,,,,1,4,100,0,0,,wh3_dlc23_tech_chd_military_high,0,0,0,,,,,,,,,,,,,,,,,,,,,,,,,,,,,,,,,,,,,,,,,,,,,,,,,,,,,,,,,,,,,,,
technology,warhammer_3,8.1.1,24237342,Chaos Dwarfs,chaos_dwarfs,wh3_dlc23_chd_zhatan,The Warhost of Zharr,wh3_dlc23_chd_chaos_dwarfs,wh3_dlc23_sc_chd_chaos_dwarfs,LOCKED_STANDARD,chd_mil@unspecified_campaign,generic_candidate,Conjunction of nonblank source faction/culture/subculture selectors; campaign condition preserved. Engine precedence is not decoded.,,chd_mil,,wh3_dlc23_chd_chaos_dwarfs,,,wh3_dlc23_tech_chd_military_24,,,wh3_dlc23_tech_chd_military_24,Weapons Depots ,"From skull-splitting axes to flesh-shredding blunderbusses, the weapons surpluses of the Chaos Dwarfs sit ready for distribution.",,,,,,,Military Technologies,Chaos Dwarf Military Technology Tree,,,,,,,,,,,,technologies_tables,db/technologies_tables/data__.tsv,704,wh3_dlc23_tech_chd_military_24,,,,,,,,,,,,,,,,,,wh_main_chs_port_ruin,1,wh3_dlc23_tech_chd_military_24,false,false,placeholder.tga,752426801,false,false,true,false,,,,,,,,,,,,,,,,,,,,,,,,,,,,,,,,,,,,,,,,,,,,,,,,,,,,
effect,warhammer_3,8.1.1,24237342,Chaos Dwarfs,chaos_dwarfs,wh3_dlc23_chd_zhatan,The Warhost of Zharr,wh3_dlc23_chd_chaos_dwarfs,wh3_dlc23_sc_chd_chaos_dwarfs,LOCKED_STANDARD,chd_mil@unspecified_campaign,generic_candidate,Conjunction of nonblank source faction/culture/subculture selectors; campaign condition preserved. Engine precedence is not decoded.,,chd_mil,,wh3_dlc23_chd_chaos_dwarfs,,,wh3_dlc23_tech_chd_military_24,,,wh3_dlc23_tech_chd_military_24,Weapons Depots ,"From skull-splitting axes to flesh-shredding blunderbusses, the weapons surpluses of the Chaos Dwarfs sit ready for distribution.",,wh_main_effect_force_all_campaign_experience_base_all,faction_to_force_own_unseen,2.0000,Recruit rank: %+n for all units,,Military Technologies,Chaos Dwarf Military Technology Tree,,,,,,,,,,,,technology_effects_junction_tables,db/technology_effects_junction_tables/data__.tsv,1443,wh3_dlc23_tech_chd_military_24|wh_main_effect_force_all_campaign_experience_base_all,,,,,,,,,,,,,,,,,,,,,,,,,,,,,,,,,,,,,,,,,,,,,,,,,,,,,,,,,,,,,,,,,,,,,,,,,,,,experience.png,117,experience.png,campaign,true
effect,warhammer_3,8.1.1,24237342,Chaos Dwarfs,chaos_dwarfs,wh3_dlc23_chd_zhatan,The Warhost of Zharr,wh3_dlc23_chd_chaos_dwarfs,wh3_dlc23_sc_chd_chaos_dwarfs,LOCKED_STANDARD,chd_mil@unspecified_campaign,generic_candidate,Conjunction of nonblank source faction/culture/subculture selectors; campaign condition preserved. Engine precedence is not decoded.,,chd_mil,,wh3_dlc23_chd_chaos_dwarfs,,,wh3_dlc23_tech_chd_military_24,,,wh3_dlc23_tech_chd_military_24,Weapons Depots ,"From skull-splitting axes to flesh-shredding blunderbusses, the weapons surpluses of the Chaos Dwarfs sit ready for distribution.",,wh_main_effect_unit_recruitment_points,faction_to_province_own,1.0000,Local recruitment capacity: %+n,,Military Technologies,Chaos Dwarf Military Technology Tree,,,,,,,,,,,,technology_effects_junction_tables,db/technology_effects_junction_tables/data__.tsv,1444,wh3_dlc23_tech_chd_military_24|wh_main_effect_unit_recruitment_points,,,,,,,,,,,,,,,,,,,,,,,,,,,,,,,,,,,,,,,,,,,,,,,,,,,,,,,,,,,,,,,,,,,,,,,,,,,,army.png,270,army.png,campaign,true
resource_cost,warhammer_3,8.1.1,24237342,Chaos Dwarfs,chaos_dwarfs,wh3_dlc23_chd_zhatan,The Warhost of Zharr,wh3_dlc23_chd_chaos_dwarfs,wh3_dlc23_sc_chd_chaos_dwarfs,LOCKED_STANDARD,chd_mil@unspecified_campaign,generic_candidate,Conjunction of nonblank source faction/culture/subculture selectors; campaign condition preserved. Engine precedence is not decoded.,,chd_mil,,wh3_dlc23_chd_chaos_dwarfs,,,wh3_dlc23_tech_chd_military_24,,,wh3_dlc23_tech_chd_military_24,Weapons Depots ,"From skull-splitting axes to flesh-shredding blunderbusses, the weapons surpluses of the Chaos Dwarfs sit ready for distribution.",,,,,,,Military Technologies,Chaos Dwarf Military Technology Tree,,,,,,,,,,,,resource_costs_tables,db/resource_costs_tables/data__.tsv,961,wh3_dlc23_tech_chd_military_high,,,,,,,,,,,,,,wh3_dlc23_tech_chd_military_high,,,,,,,,,,,,,,,,,,,,,,,,,,,,,,,,,,0,TECHNOLOGIES,TECHNOLOGIES,ARMY_UPKEEP,BACKGROUND_INCOME,,,,,,,,,,,,,,,,,,,,,,,,,,,,
pooled_resource_cost,warhammer_3,8.1.1,24237342,Chaos Dwarfs,chaos_dwarfs,wh3_dlc23_chd_zhatan,The Warhost of Zharr,wh3_dlc23_chd_chaos_dwarfs,wh3_dlc23_sc_chd_chaos_dwarfs,LOCKED_STANDARD,chd_mil@unspecified_campaign,generic_candidate,Conjunction of nonblank source faction/culture/subculture selectors; campaign condition preserved. Engine precedence is not decoded.,,chd_mil,,wh3_dlc23_chd_chaos_dwarfs,,,wh3_dlc23_tech_chd_military_24,,,wh3_dlc23_tech_chd_military_24,Weapons Depots ,"From skull-splitting axes to flesh-shredding blunderbusses, the weapons surpluses of the Chaos Dwarfs sit ready for distribution.",,,,,,,Military Technologies,Chaos Dwarf Military Technology Tree,,,,,,,,,,,,resource_cost_pooled_resource_junctions_tables,db/resource_cost_pooled_resource_junctions_tables/data__.tsv,1059,wh3_dlc23_chd_armaments_technology|wh3_dlc23_tech_chd_military_high,,,,,,,,,,,,,,wh3_dlc23_tech_chd_military_high,,,,,,,,,,,,,,,,,,,,,,,,,,,,,,,,,,,,,,,wh3_dlc23_chd_armaments_technology,-500,absolute,default,,,,,,,,,,,,,,,,,,,,,,,,
resource_factor,warhammer_3,8.1.1,24237342,Chaos Dwarfs,chaos_dwarfs,wh3_dlc23_chd_zhatan,The Warhost of Zharr,wh3_dlc23_chd_chaos_dwarfs,wh3_dlc23_sc_chd_chaos_dwarfs,LOCKED_STANDARD,chd_mil@unspecified_campaign,generic_candidate,Conjunction of nonblank source faction/culture/subculture selectors; campaign condition preserved. Engine precedence is not decoded.,,chd_mil,,wh3_dlc23_chd_chaos_dwarfs,,,wh3_dlc23_tech_chd_military_24,,,wh3_dlc23_tech_chd_military_24,Weapons Depots ,"From skull-splitting axes to flesh-shredding blunderbusses, the weapons surpluses of the Chaos Dwarfs sit ready for distribution.",,,,,,,Military Technologies,Chaos Dwarf Military Technology Tree,,,,,,,,,,,,pooled_resource_factor_junctions_tables,db/pooled_resource_factor_junctions_tables/data__.tsv,520,wh3_dlc23_chd_armaments_technology,,,,,,,,,,,,,,wh3_dlc23_tech_chd_military_high,,,,,,,,,,,,,,,,,,,,,,,,,,,,,,,,,,,,,,,,,,,wh3_dlc23_chd_armaments_technology,technology,wh3_dlc23_chd_armaments,-2147483647,0,,,,,,,,,,,,,,,,,,,
tab_membership,warhammer_3,8.1.1,24237342,Chaos Dwarfs,chaos_dwarfs,wh3_dlc23_chd_zhatan,The Warhost of Zharr,wh3_dlc23_chd_chaos_dwarfs,wh3_dlc23_sc_chd_chaos_dwarfs,LOCKED_STANDARD,chd_mil@unspecified_campaign,generic_candidate,Conjunction of nonblank source faction/culture/subculture selectors; campaign condition preserved. Engine precedence is not decoded.,,chd_mil,,wh3_dlc23_chd_chaos_dwarfs,,,wh3_dlc23_tech_chd_military_24,,,wh3_dlc23_tech_chd_military_24,Weapons Depots ,"From skull-splitting axes to flesh-shredding blunderbusses, the weapons surpluses of the Chaos Dwarfs sit ready for distribution.",,,,,,,Military Technologies,Chaos Dwarf Military Technology Tree,,,,,,,,,,,,technology_ui_tabs_to_technology_nodes_junctions_tables,db/technology_ui_tabs_to_technology_nodes_junctions_tables/data__.tsv,43,wh3_dlc23_tech_chd_military_24|chd_military,,,,,,,,,,,,,,,,,,,,,,,,,,,,,,,,,,,,,,,,,,,,,,,,,,,,,,,,,,,,,,,,,,,,,chd_military,,,,,,,,,,,
node,warhammer_3,8.1.1,24237342,Chaos Dwarfs,chaos_dwarfs,wh3_dlc23_chd_zhatan,The Warhost of Zharr,wh3_dlc23_chd_chaos_dwarfs,wh3_dlc23_sc_chd_chaos_dwarfs,LOCKED_STANDARD,chd_mil@unspecified_campaign,generic_candidate,Conjunction of nonblank source faction/culture/subculture selectors; campaign condition preserved. Engine precedence is not decoded.,,chd_mil,,wh3_dlc23_chd_chaos_dwarfs,,,wh3_dlc23_tech_chd_military_21,,,wh3_dlc23_tech_chd_military_21,Ammunition Caches,"Many such stores exist throughout the Dark Lands, and no single Dhrath-Zharr commander knows them all.",,,,,,,Military Technologies,Chaos Dwarf Military Technology Tree,,,,,,,,,,,structural_node,technology_nodes_tables,db/technology_nodes_tables/data__.tsv,833,wh3_dlc23_tech_chd_military_21,,,,,,,,2,4,400,0,0,,,0,0,0,,,,,,,,,,,,,,,,,,,,,,,,,,,,,,,,,,,,,,,,,,,,,,,,,,,,,,,,,,,,,,,
technology,warhammer_3,8.1.1,24237342,Chaos Dwarfs,chaos_dwarfs,wh3_dlc23_chd_zhatan,The Warhost of Zharr,wh3_dlc23_chd_chaos_dwarfs,wh3_dlc23_sc_chd_chaos_dwarfs,LOCKED_STANDARD,chd_mil@unspecified_campaign,generic_candidate,Conjunction of nonblank source faction/culture/subculture selectors; campaign condition preserved. Engine precedence is not decoded.,,chd_mil,,wh3_dlc23_chd_chaos_dwarfs,,,wh3_dlc23_tech_chd_military_21,,,wh3_dlc23_tech_chd_military_21,Ammunition Caches,"Many such stores exist throughout the Dark Lands, and no single Dhrath-Zharr commander knows them all.",,,,,,,Military Technologies,Chaos Dwarf Military Technology Tree,,,,,,,,,,,,technologies_tables,db/technologies_tables/data__.tsv,701,wh3_dlc23_tech_chd_military_21,,,,,,,,,,,,,,,,,,wh_main_chs_port_ruin,1,wh3_dlc23_tech_chd_military_21,false,false,placeholder.tga,1524512991,false,false,true,false,,,,,,,,,,,,,,,,,,,,,,,,,,,,,,,,,,,,,,,,,,,,,,,,,,,,
effect,warhammer_3,8.1.1,24237342,Chaos Dwarfs,chaos_dwarfs,wh3_dlc23_chd_zhatan,The Warhost of Zharr,wh3_dlc23_chd_chaos_dwarfs,wh3_dlc23_sc_chd_chaos_dwarfs,LOCKED_STANDARD,chd_mil@unspecified_campaign,generic_candidate,Conjunction of nonblank source faction/culture/subculture selectors; campaign condition preserved. Engine precedence is not decoded.,,chd_mil,,wh3_dlc23_chd_chaos_dwarfs,,,wh3_dlc23_tech_chd_military_21,,,wh3_dlc23_tech_chd_military_21,Ammunition Caches,"Many such stores exist throughout the Dark Lands, and no single Dhrath-Zharr commander knows them all.",,wh3_dlc23_effect_agent_cap_increase_engineer_chaos_dwarfs,faction_to_faction_own_unseen,1.0000,Hero capacity: %+n for Infernal Castellan,,Military Technologies,Chaos Dwarf Military Technology Tree,,,,,,,,,,,,technology_effects_junction_tables,db/technology_effects_junction_tables/data__.tsv,1437,wh3_dlc23_tech_chd_military_21|wh3_dlc23_effect_agent_cap_increase_engineer_chaos_dwarfs,,,,,,,,,,,,,,,,,,,,,,,,,,,,,,,,,,,,,,,,,,,,,,,,,,,,,,,,,,,,,,,,,,,,,,,,,,,,infernal_castellan.png,102,infernal_castellan.png,campaign,true
effect,warhammer_3,8.1.1,24237342,Chaos Dwarfs,chaos_dwarfs,wh3_dlc23_chd_zhatan,The Warhost of Zharr,wh3_dlc23_chd_chaos_dwarfs,wh3_dlc23_sc_chd_chaos_dwarfs,LOCKED_STANDARD,chd_mil@unspecified_campaign,generic_candidate,Conjunction of nonblank source faction/culture/subculture selectors; campaign condition preserved. Engine precedence is not decoded.,,chd_mil,,wh3_dlc23_chd_chaos_dwarfs,,,wh3_dlc23_tech_chd_military_21,,,wh3_dlc23_tech_chd_military_21,Ammunition Caches,"Many such stores exist throughout the Dark Lands, and no single Dhrath-Zharr commander knows them all.",,wh_main_effect_force_stat_ammunition,faction_to_force_own,10.0000,Ammunition: %+n%,,Military Technologies,Chaos Dwarf Military Technology Tree,,,,,,,,,,,,technology_effects_junction_tables,db/technology_effects_junction_tables/data__.tsv,1438,wh3_dlc23_tech_chd_military_21|wh_main_effect_force_stat_ammunition,,,,,,,,,,,,,,,,,,,,,,,,,,,,,,,,,,,,,,,,,,,,,,,,,,,,,,,,,,,,,,,,,,,,,,,,,,,,ammo.png,510,ammo.png,battle,true
tab_membership,warhammer_3,8.1.1,24237342,Chaos Dwarfs,chaos_dwarfs,wh3_dlc23_chd_zhatan,The Warhost of Zharr,wh3_dlc23_chd_chaos_dwarfs,wh3_dlc23_sc_chd_chaos_dwarfs,LOCKED_STANDARD,chd_mil@unspecified_campaign,generic_candidate,Conjunction of nonblank source faction/culture/subculture selectors; campaign condition preserved. Engine precedence is not decoded.,,chd_mil,,wh3_dlc23_chd_chaos_dwarfs,,,wh3_dlc23_tech_chd_military_21,,,wh3_dlc23_tech_chd_military_21,Ammunition Caches,"Many such stores exist throughout the Dark Lands, and no single Dhrath-Zharr commander knows them all.",,,,,,,Military Technologies,Chaos Dwarf Military Technology Tree,,,,,,,,,,,,technology_ui_tabs_to_technology_nodes_junctions_tables,db/technology_ui_tabs_to_technology_nodes_junctions_tables/data__.tsv,40,wh3_dlc23_tech_chd_military_21|chd_military,,,,,,,,,,,,,,,,,,,,,,,,,,,,,,,,,,,,,,,,,,,,,,,,,,,,,,,,,,,,,,,,,,,,,chd_military,,,,,,,,,,,
node,warhammer_3,8.1.1,24237342,Chaos Dwarfs,chaos_dwarfs,wh3_dlc23_chd_zhatan,The Warhost of Zharr,wh3_dlc23_chd_chaos_dwarfs,wh3_dlc23_sc_chd_chaos_dwarfs,LOCKED_STANDARD,chd_mil@unspecified_campaign,generic_candidate,Conjunction of nonblank source faction/culture/subculture selectors; campaign condition preserved. Engine precedence is not decoded.,,chd_mil,,wh3_dlc23_chd_chaos_dwarfs,,,wh3_dlc23_tech_chd_military_20,,,wh3_dlc23_tech_chd_military_20,Alchemical Remedies,"Very, very unnatural remedies, to heal battle wounds swiftly and cleanly, ensure warriors can return to the front in peak condition as soon as is Dwarfly possible.",,,,,,,Military Technologies,Chaos Dwarf Military Technology Tree,,,,,,,,,,,structural_node,technology_nodes_tables,db/technology_nodes_tables/data__.tsv,832,wh3_dlc23_tech_chd_military_20,,,,,,,,3,4,400,0,0,,,0,0,0,,,,,,,,,,,,,,,,,,,,,,,,,,,,,,,,,,,,,,,,,,,,,,,,,,,,,,,,,,,,,,,
technology,warhammer_3,8.1.1,24237342,Chaos Dwarfs,chaos_dwarfs,wh3_dlc23_chd_zhatan,The Warhost of Zharr,wh3_dlc23_chd_chaos_dwarfs,wh3_dlc23_sc_chd_chaos_dwarfs,LOCKED_STANDARD,chd_mil@unspecified_campaign,generic_candidate,Conjunction of nonblank source faction/culture/subculture selectors; campaign condition preserved. Engine precedence is not decoded.,,chd_mil,,wh3_dlc23_chd_chaos_dwarfs,,,wh3_dlc23_tech_chd_military_20,,,wh3_dlc23_tech_chd_military_20,Alchemical Remedies,"Very, very unnatural remedies, to heal battle wounds swiftly and cleanly, ensure warriors can return to the front in peak condition as soon as is Dwarfly possible.",,,,,,,Military Technologies,Chaos Dwarf Military Technology Tree,,,,,,,,,,,,technologies_tables,db/technologies_tables/data__.tsv,700,wh3_dlc23_tech_chd_military_20,,,,,,,,,,,,,,,,,,wh_main_chs_port_ruin,1,wh3_dlc23_tech_chd_military_20,false,false,placeholder.tga,1865812414,false,false,true,false,,,,,,,,,,,,,,,,,,,,,,,,,,,,,,,,,,,,,,,,,,,,,,,,,,,,
effect,warhammer_3,8.1.1,24237342,Chaos Dwarfs,chaos_dwarfs,wh3_dlc23_chd_zhatan,The Warhost of Zharr,wh3_dlc23_chd_chaos_dwarfs,wh3_dlc23_sc_chd_chaos_dwarfs,LOCKED_STANDARD,chd_mil@unspecified_campaign,generic_candidate,Conjunction of nonblank source faction/culture/subculture selectors; campaign condition preserved. Engine precedence is not decoded.,,chd_mil,,wh3_dlc23_chd_chaos_dwarfs,,,wh3_dlc23_tech_chd_military_20,,,wh3_dlc23_tech_chd_military_20,Alchemical Remedies,"Very, very unnatural remedies, to heal battle wounds swiftly and cleanly, ensure warriors can return to the front in peak condition as soon as is Dwarfly possible.",,wh_main_effect_force_all_campaign_replenishment_rate,faction_to_force_own_unseen,5.0000,Casualty replenishment rate: %+n%,{{tr:replenishment_additional_tooltip}},Military Technologies,Chaos Dwarf Military Technology Tree,,,,,,,,,,,,technology_effects_junction_tables,db/technology_effects_junction_tables/data__.tsv,1436,wh3_dlc23_tech_chd_military_20|wh_main_effect_force_all_campaign_replenishment_rate,,,,,,,,,,,,,,,,,,,,,,,,,,,,,,,,,,,,,,,,,,,,,,,,,,,,,,,,,,,,,,,,,,,,,,,,,,,,replenishment.png,101,replenishment.png,campaign,true
tab_membership,warhammer_3,8.1.1,24237342,Chaos Dwarfs,chaos_dwarfs,wh3_dlc23_chd_zhatan,The Warhost of Zharr,wh3_dlc23_chd_chaos_dwarfs,wh3_dlc23_sc_chd_chaos_dwarfs,LOCKED_STANDARD,chd_mil@unspecified_campaign,generic_candidate,Conjunction of nonblank source faction/culture/subculture selectors; campaign condition preserved. Engine precedence is not decoded.,,chd_mil,,wh3_dlc23_chd_chaos_dwarfs,,,wh3_dlc23_tech_chd_military_20,,,wh3_dlc23_tech_chd_military_20,Alchemical Remedies,"Very, very unnatural remedies, to heal battle wounds swiftly and cleanly, ensure warriors can return to the front in peak condition as soon as is Dwarfly possible.",,,,,,,Military Technologies,Chaos Dwarf Military Technology Tree,,,,,,,,,,,,technology_ui_tabs_to_technology_nodes_junctions_tables,db/technology_ui_tabs_to_technology_nodes_junctions_tables/data__.tsv,39,wh3_dlc23_tech_chd_military_20|chd_military,,,,,,,,,,,,,,,,,,,,,,,,,,,,,,,,,,,,,,,,,,,,,,,,,,,,,,,,,,,,,,,,,,,,,chd_military,,,,,,,,,,,
node,warhammer_3,8.1.1,24237342,Chaos Dwarfs,chaos_dwarfs,wh3_dlc23_chd_zhatan,The Warhost of Zharr,wh3_dlc23_chd_chaos_dwarfs,wh3_dlc23_sc_chd_chaos_dwarfs,LOCKED_STANDARD,chd_mil@unspecified_campaign,generic_candidate,Conjunction of nonblank source faction/culture/subculture selectors; campaign condition preserved. Engine precedence is not decoded.,,chd_mil,,wh3_dlc23_chd_chaos_dwarfs,,,wh3_dlc23_tech_chd_military_18,,,wh3_dlc23_tech_chd_military_18,Reduced Rations,"An army may march on its stomach, but hungry troops fight with a greater urgency and brutality on the battlefield.",,,,,,,Military Technologies,Chaos Dwarf Military Technology Tree,,,,,,,,,,,structural_node,technology_nodes_tables,db/technology_nodes_tables/data__.tsv,829,wh3_dlc23_tech_chd_military_18,,,,,,,,4,4,100,0,0,,wh3_dlc23_tech_chd_military_high,0,0,0,,,,,,,,,,,,,,,,,,,,,,,,,,,,,,,,,,,,,,,,,,,,,,,,,,,,,,,,,,,,,,,
technology,warhammer_3,8.1.1,24237342,Chaos Dwarfs,chaos_dwarfs,wh3_dlc23_chd_zhatan,The Warhost of Zharr,wh3_dlc23_chd_chaos_dwarfs,wh3_dlc23_sc_chd_chaos_dwarfs,LOCKED_STANDARD,chd_mil@unspecified_campaign,generic_candidate,Conjunction of nonblank source faction/culture/subculture selectors; campaign condition preserved. Engine precedence is not decoded.,,chd_mil,,wh3_dlc23_chd_chaos_dwarfs,,,wh3_dlc23_tech_chd_military_18,,,wh3_dlc23_tech_chd_military_18,Reduced Rations,"An army may march on its stomach, but hungry troops fight with a greater urgency and brutality on the battlefield.",,,,,,,Military Technologies,Chaos Dwarf Military Technology Tree,,,,,,,,,,,,technologies_tables,db/technologies_tables/data__.tsv,697,wh3_dlc23_tech_chd_military_18,,,,,,,,,,,,,,,,,,wh_main_chs_port_ruin,1,wh3_dlc23_tech_chd_military_18,false,false,placeholder.tga,1175541069,false,false,true,false,,,,,,,,,,,,,,,,,,,,,,,,,,,,,,,,,,,,,,,,,,,,,,,,,,,,
effect,warhammer_3,8.1.1,24237342,Chaos Dwarfs,chaos_dwarfs,wh3_dlc23_chd_zhatan,The Warhost of Zharr,wh3_dlc23_chd_chaos_dwarfs,wh3_dlc23_sc_chd_chaos_dwarfs,LOCKED_STANDARD,chd_mil@unspecified_campaign,generic_candidate,Conjunction of nonblank source faction/culture/subculture selectors; campaign condition preserved. Engine precedence is not decoded.,,chd_mil,,wh3_dlc23_chd_chaos_dwarfs,,,wh3_dlc23_tech_chd_military_18,,,wh3_dlc23_tech_chd_military_18,Reduced Rations,"An army may march on its stomach, but hungry troops fight with a greater urgency and brutality on the battlefield.",,wh_main_effect_force_all_campaign_upkeep,faction_to_force_own,-5.0000,Upkeep: %+n%,,Military Technologies,Chaos Dwarf Military Technology Tree,,,,,,,,,,,,technology_effects_junction_tables,db/technology_effects_junction_tables/data__.tsv,1430,wh3_dlc23_tech_chd_military_18|wh_main_effect_force_all_campaign_upkeep,,,,,,,,,,,,,,,,,,,,,,,,,,,,,,,,,,,,,,,,,,,,,,,,,,,,,,,,,,,,,,,,,,,,,,,,,,,,military_spending.png,70,military_spending.png,campaign,false
resource_cost,warhammer_3,8.1.1,24237342,Chaos Dwarfs,chaos_dwarfs,wh3_dlc23_chd_zhatan,The Warhost of Zharr,wh3_dlc23_chd_chaos_dwarfs,wh3_dlc23_sc_chd_chaos_dwarfs,LOCKED_STANDARD,chd_mil@unspecified_campaign,generic_candidate,Conjunction of nonblank source faction/culture/subculture selectors; campaign condition preserved. Engine precedence is not decoded.,,chd_mil,,wh3_dlc23_chd_chaos_dwarfs,,,wh3_dlc23_tech_chd_military_18,,,wh3_dlc23_tech_chd_military_18,Reduced Rations,"An army may march on its stomach, but hungry troops fight with a greater urgency and brutality on the battlefield.",,,,,,,Military Technologies,Chaos Dwarf Military Technology Tree,,,,,,,,,,,,resource_costs_tables,db/resource_costs_tables/data__.tsv,961,wh3_dlc23_tech_chd_military_high,,,,,,,,,,,,,,wh3_dlc23_tech_chd_military_high,,,,,,,,,,,,,,,,,,,,,,,,,,,,,,,,,,0,TECHNOLOGIES,TECHNOLOGIES,ARMY_UPKEEP,BACKGROUND_INCOME,,,,,,,,,,,,,,,,,,,,,,,,,,,,
pooled_resource_cost,warhammer_3,8.1.1,24237342,Chaos Dwarfs,chaos_dwarfs,wh3_dlc23_chd_zhatan,The Warhost of Zharr,wh3_dlc23_chd_chaos_dwarfs,wh3_dlc23_sc_chd_chaos_dwarfs,LOCKED_STANDARD,chd_mil@unspecified_campaign,generic_candidate,Conjunction of nonblank source faction/culture/subculture selectors; campaign condition preserved. Engine precedence is not decoded.,,chd_mil,,wh3_dlc23_chd_chaos_dwarfs,,,wh3_dlc23_tech_chd_military_18,,,wh3_dlc23_tech_chd_military_18,Reduced Rations,"An army may march on its stomach, but hungry troops fight with a greater urgency and brutality on the battlefield.",,,,,,,Military Technologies,Chaos Dwarf Military Technology Tree,,,,,,,,,,,,resource_cost_pooled_resource_junctions_tables,db/resource_cost_pooled_resource_junctions_tables/data__.tsv,1059,wh3_dlc23_chd_armaments_technology|wh3_dlc23_tech_chd_military_high,,,,,,,,,,,,,,wh3_dlc23_tech_chd_military_high,,,,,,,,,,,,,,,,,,,,,,,,,,,,,,,,,,,,,,,wh3_dlc23_chd_armaments_technology,-500,absolute,default,,,,,,,,,,,,,,,,,,,,,,,,
resource_factor,warhammer_3,8.1.1,24237342,Chaos Dwarfs,chaos_dwarfs,wh3_dlc23_chd_zhatan,The Warhost of Zharr,wh3_dlc23_chd_chaos_dwarfs,wh3_dlc23_sc_chd_chaos_dwarfs,LOCKED_STANDARD,chd_mil@unspecified_campaign,generic_candidate,Conjunction of nonblank source faction/culture/subculture selectors; campaign condition preserved. Engine precedence is not decoded.,,chd_mil,,wh3_dlc23_chd_chaos_dwarfs,,,wh3_dlc23_tech_chd_military_18,,,wh3_dlc23_tech_chd_military_18,Reduced Rations,"An army may march on its stomach, but hungry troops fight with a greater urgency and brutality on the battlefield.",,,,,,,Military Technologies,Chaos Dwarf Military Technology Tree,,,,,,,,,,,,pooled_resource_factor_junctions_tables,db/pooled_resource_factor_junctions_tables/data__.tsv,520,wh3_dlc23_chd_armaments_technology,,,,,,,,,,,,,,wh3_dlc23_tech_chd_military_high,,,,,,,,,,,,,,,,,,,,,,,,,,,,,,,,,,,,,,,,,,,wh3_dlc23_chd_armaments_technology,technology,wh3_dlc23_chd_armaments,-2147483647,0,,,,,,,,,,,,,,,,,,,
tab_membership,warhammer_3,8.1.1,24237342,Chaos Dwarfs,chaos_dwarfs,wh3_dlc23_chd_zhatan,The Warhost of Zharr,wh3_dlc23_chd_chaos_dwarfs,wh3_dlc23_sc_chd_chaos_dwarfs,LOCKED_STANDARD,chd_mil@unspecified_campaign,generic_candidate,Conjunction of nonblank source faction/culture/subculture selectors; campaign condition preserved. Engine precedence is not decoded.,,chd_mil,,wh3_dlc23_chd_chaos_dwarfs,,,wh3_dlc23_tech_chd_military_18,,,wh3_dlc23_tech_chd_military_18,Reduced Rations,"An army may march on its stomach, but hungry troops fight with a greater urgency and brutality on the battlefield.",,,,,,,Military Technologies,Chaos Dwarf Military Technology Tree,,,,,,,,,,,,technology_ui_tabs_to_technology_nodes_junctions_tables,db/technology_ui_tabs_to_technology_nodes_junctions_tables/data__.tsv,36,wh3_dlc23_tech_chd_military_18|chd_military,,,,,,,,,,,,,,,,,,,,,,,,,,,,,,,,,,,,,,,,,,,,,,,,,,,,,,,,,,,,,,,,,,,,,chd_military,,,,,,,,,,,
node,warhammer_3,8.1.1,24237342,Chaos Dwarfs,chaos_dwarfs,wh3_dlc23_chd_zhatan,The Warhost of Zharr,wh3_dlc23_chd_chaos_dwarfs,wh3_dlc23_sc_chd_chaos_dwarfs,LOCKED_STANDARD,chd_mil@unspecified_campaign,generic_candidate,Conjunction of nonblank source faction/culture/subculture selectors; campaign condition preserved. Engine precedence is not decoded.,,chd_mil,,wh3_dlc23_chd_chaos_dwarfs,,,wh3_dlc23_tech_chd_military_25,,,wh3_dlc23_tech_chd_military_25,Chosen by the Father,Those whom the Father of Darkness has chosen gain great strength when fighting in his name.,,,,,,,Military Technologies,Chaos Dwarf Military Technology Tree,,,,,,,,,,,structural_node,technology_nodes_tables,db/technology_nodes_tables/data__.tsv,837,wh3_dlc23_tech_chd_military_25,,,,,,,,1,5,500,0,0,,,0,0,0,,,,,,,,,,,,,,,,,,,,,,,,,,,,,,,,,,,,,,,,,,,,,,,,,,,,,,,,,,,,,,,
technology,warhammer_3,8.1.1,24237342,Chaos Dwarfs,chaos_dwarfs,wh3_dlc23_chd_zhatan,The Warhost of Zharr,wh3_dlc23_chd_chaos_dwarfs,wh3_dlc23_sc_chd_chaos_dwarfs,LOCKED_STANDARD,chd_mil@unspecified_campaign,generic_candidate,Conjunction of nonblank source faction/culture/subculture selectors; campaign condition preserved. Engine precedence is not decoded.,,chd_mil,,wh3_dlc23_chd_chaos_dwarfs,,,wh3_dlc23_tech_chd_military_25,,,wh3_dlc23_tech_chd_military_25,Chosen by the Father,Those whom the Father of Darkness has chosen gain great strength when fighting in his name.,,,,,,,Military Technologies,Chaos Dwarf Military Technology Tree,,,,,,,,,,,,technologies_tables,db/technologies_tables/data__.tsv,705,wh3_dlc23_tech_chd_military_25,,,,,,,,,,,,,,,,,,wh_main_chs_port_ruin,1,wh3_dlc23_tech_chd_military_25,false,false,placeholder.tga,66196604,false,false,true,false,,,,,,,,,,,,,,,,,,,,,,,,,,,,,,,,,,,,,,,,,,,,,,,,,,,,
effect,warhammer_3,8.1.1,24237342,Chaos Dwarfs,chaos_dwarfs,wh3_dlc23_chd_zhatan,The Warhost of Zharr,wh3_dlc23_chd_chaos_dwarfs,wh3_dlc23_sc_chd_chaos_dwarfs,LOCKED_STANDARD,chd_mil@unspecified_campaign,generic_candidate,Conjunction of nonblank source faction/culture/subculture selectors; campaign condition preserved. Engine precedence is not decoded.,,chd_mil,,wh3_dlc23_chd_chaos_dwarfs,,,wh3_dlc23_tech_chd_military_25,,,wh3_dlc23_tech_chd_military_25,Chosen by the Father,Those whom the Father of Darkness has chosen gain great strength when fighting in his name.,,wh_main_effect_character_stat_unit_health,faction_to_character_own,5.0000,Hit points: %+n%,,Military Technologies,Chaos Dwarf Military Technology Tree,,,,,,,,,,,,technology_effects_junction_tables,db/technology_effects_junction_tables/data__.tsv,1445,wh3_dlc23_tech_chd_military_25|wh_main_effect_character_stat_unit_health,,,,,,,,,,,,,,,,,,,,,,,,,,,,,,,,,,,,,,,,,,,,,,,,,,,,,,,,,,,,,,,,,,,,,,,,,,,,health_character.png,90,health_character.png,both,true
effect,warhammer_3,8.1.1,24237342,Chaos Dwarfs,chaos_dwarfs,wh3_dlc23_chd_zhatan,The Warhost of Zharr,wh3_dlc23_chd_chaos_dwarfs,wh3_dlc23_sc_chd_chaos_dwarfs,LOCKED_STANDARD,chd_mil@unspecified_campaign,generic_candidate,Conjunction of nonblank source faction/culture/subculture selectors; campaign condition preserved. Engine precedence is not decoded.,,chd_mil,,wh3_dlc23_chd_chaos_dwarfs,,,wh3_dlc23_tech_chd_military_25,,,wh3_dlc23_tech_chd_military_25,Chosen by the Father,Those whom the Father of Darkness has chosen gain great strength when fighting in his name.,,wh_main_effect_character_stat_weapon_strength,faction_to_character_own,10.0000,Weapon strength: %+n%,,Military Technologies,Chaos Dwarf Military Technology Tree,,,,,,,,,,,,technology_effects_junction_tables,db/technology_effects_junction_tables/data__.tsv,1446,wh3_dlc23_tech_chd_military_25|wh_main_effect_character_stat_weapon_strength,,,,,,,,,,,,,,,,,,,,,,,,,,,,,,,,,,,,,,,,,,,,,,,,,,,,,,,,,,,,,,,,,,,,,,,,,,,,weapon_damage_character.png,160,weapon_damage_character.png,both,true
tab_membership,warhammer_3,8.1.1,24237342,Chaos Dwarfs,chaos_dwarfs,wh3_dlc23_chd_zhatan,The Warhost of Zharr,wh3_dlc23_chd_chaos_dwarfs,wh3_dlc23_sc_chd_chaos_dwarfs,LOCKED_STANDARD,chd_mil@unspecified_campaign,generic_candidate,Conjunction of nonblank source faction/culture/subculture selectors; campaign condition preserved. Engine precedence is not decoded.,,chd_mil,,wh3_dlc23_chd_chaos_dwarfs,,,wh3_dlc23_tech_chd_military_25,,,wh3_dlc23_tech_chd_military_25,Chosen by the Father,Those whom the Father of Darkness has chosen gain great strength when fighting in his name.,,,,,,,Military Technologies,Chaos Dwarf Military Technology Tree,,,,,,,,,,,,technology_ui_tabs_to_technology_nodes_junctions_tables,db/technology_ui_tabs_to_technology_nodes_junctions_tables/data__.tsv,44,wh3_dlc23_tech_chd_military_25|chd_military,,,,,,,,,,,,,,,,,,,,,,,,,,,,,,,,,,,,,,,,,,,,,,,,,,,,,,,,,,,,,,,,,,,,,chd_military,,,,,,,,,,,
node,warhammer_3,8.1.1,24237342,Chaos Dwarfs,chaos_dwarfs,wh3_dlc23_chd_zhatan,The Warhost of Zharr,wh3_dlc23_chd_chaos_dwarfs,wh3_dlc23_sc_chd_chaos_dwarfs,LOCKED_STANDARD,chd_mil@unspecified_campaign,generic_candidate,Conjunction of nonblank source faction/culture/subculture selectors; campaign condition preserved. Engine precedence is not decoded.,,chd_mil,,wh3_dlc23_chd_chaos_dwarfs,,,wh3_dlc23_tech_chd_military_8,,,wh3_dlc23_tech_chd_military_8,Smog Shroud,"The Chaos Dwarfs' factories leave the air thick with pollution. Though the Dawi move through it unhindered, foes struggle in the putrid air.",,,,,,,Military Technologies,Chaos Dwarf Military Technology Tree,,,,,,,,,,,structural_node,technology_nodes_tables,db/technology_nodes_tables/data__.tsv,847,wh3_dlc23_tech_chd_military_8,,,,,,,,7,5,400,0,0,,,0,-145,0,,,,,,,,,,,,,,,,,,,,,,,,,,,,,,,,,,,,,,,,,,,,,,,,,,,,,,,,,,,,,,,
technology,warhammer_3,8.1.1,24237342,Chaos Dwarfs,chaos_dwarfs,wh3_dlc23_chd_zhatan,The Warhost of Zharr,wh3_dlc23_chd_chaos_dwarfs,wh3_dlc23_sc_chd_chaos_dwarfs,LOCKED_STANDARD,chd_mil@unspecified_campaign,generic_candidate,Conjunction of nonblank source faction/culture/subculture selectors; campaign condition preserved. Engine precedence is not decoded.,,chd_mil,,wh3_dlc23_chd_chaos_dwarfs,,,wh3_dlc23_tech_chd_military_8,,,wh3_dlc23_tech_chd_military_8,Smog Shroud,"The Chaos Dwarfs' factories leave the air thick with pollution. Though the Dawi move through it unhindered, foes struggle in the putrid air.",,,,,,,Military Technologies,Chaos Dwarf Military Technology Tree,,,,,,,,,,,,technologies_tables,db/technologies_tables/data__.tsv,715,wh3_dlc23_tech_chd_military_8,,,,,,,,,,,,,,,,,,wh_main_chs_port_ruin,1,wh3_dlc23_tech_chd_military_8,false,false,placeholder.tga,2107698676,false,false,true,false,,,,,,,,,,,,,,,,,,,,,,,,,,,,,,,,,,,,,,,,,,,,,,,,,,,,
effect,warhammer_3,8.1.1,24237342,Chaos Dwarfs,chaos_dwarfs,wh3_dlc23_chd_zhatan,The Warhost of Zharr,wh3_dlc23_chd_chaos_dwarfs,wh3_dlc23_sc_chd_chaos_dwarfs,LOCKED_STANDARD,chd_mil@unspecified_campaign,generic_candidate,Conjunction of nonblank source faction/culture/subculture selectors; campaign condition preserved. Engine precedence is not decoded.,,chd_mil,,wh3_dlc23_chd_chaos_dwarfs,,,wh3_dlc23_tech_chd_military_8,,,wh3_dlc23_tech_chd_military_8,Smog Shroud,"The Chaos Dwarfs' factories leave the air thick with pollution. Though the Dawi move through it unhindered, foes struggle in the putrid air.",,wh_main_effect_force_army_campaign_ambush_attack_success_chance,faction_to_force_own_unseen,10.0000,Ambush success chance: %+n%,,Military Technologies,Chaos Dwarf Military Technology Tree,,,,,,,,,,,,technology_effects_junction_tables,db/technology_effects_junction_tables/data__.tsv,1469,wh3_dlc23_tech_chd_military_8|wh_main_effect_force_army_campaign_ambush_attack_success_chance,,,,,,,,,,,,,,,,,,,,,,,,,,,,,,,,,,,,,,,,,,,,,,,,,,,,,,,,,,,,,,,,,,,,,,,,,,,,icon_effects_ambush.png,101,icon_effects_ambush.png,campaign,true
effect,warhammer_3,8.1.1,24237342,Chaos Dwarfs,chaos_dwarfs,wh3_dlc23_chd_zhatan,The Warhost of Zharr,wh3_dlc23_chd_chaos_dwarfs,wh3_dlc23_sc_chd_chaos_dwarfs,LOCKED_STANDARD,chd_mil@unspecified_campaign,generic_candidate,Conjunction of nonblank source faction/culture/subculture selectors; campaign condition preserved. Engine precedence is not decoded.,,chd_mil,,wh3_dlc23_chd_chaos_dwarfs,,,wh3_dlc23_tech_chd_military_8,,,wh3_dlc23_tech_chd_military_8,Smog Shroud,"The Chaos Dwarfs' factories leave the air thick with pollution. Though the Dawi move through it unhindered, foes struggle in the putrid air.",,wh_main_effect_force_army_campaign_tunnelling_evasion_chance,faction_to_character_own_unseen,15.0000,Evasion chance when using {{tr:ui_text_replacements_localised_text_tunnelling_stance}}: %+n%,,Military Technologies,Chaos Dwarf Military Technology Tree,,,,,,,,,,,,technology_effects_junction_tables,db/technology_effects_junction_tables/data__.tsv,1470,wh3_dlc23_tech_chd_military_8|wh_main_effect_force_army_campaign_tunnelling_evasion_chance,,,,,,,,,,,,,,,,,,,,,,,,,,,,,,,,,,,,,,,,,,,,,,,,,,,,,,,,,,,,,,,,,,,,,,,,,,,,subterranean.png,101,subterranean.png,campaign,true
tab_membership,warhammer_3,8.1.1,24237342,Chaos Dwarfs,chaos_dwarfs,wh3_dlc23_chd_zhatan,The Warhost of Zharr,wh3_dlc23_chd_chaos_dwarfs,wh3_dlc23_sc_chd_chaos_dwarfs,LOCKED_STANDARD,chd_mil@unspecified_campaign,generic_candidate,Conjunction of nonblank source faction/culture/subculture selectors; campaign condition preserved. Engine precedence is not decoded.,,chd_mil,,wh3_dlc23_chd_chaos_dwarfs,,,wh3_dlc23_tech_chd_military_8,,,wh3_dlc23_tech_chd_military_8,Smog Shroud,"The Chaos Dwarfs' factories leave the air thick with pollution. Though the Dawi move through it unhindered, foes struggle in the putrid air.",,,,,,,Military Technologies,Chaos Dwarf Military Technology Tree,,,,,,,,,,,,technology_ui_tabs_to_technology_nodes_junctions_tables,db/technology_ui_tabs_to_technology_nodes_junctions_tables/data__.tsv,54,wh3_dlc23_tech_chd_military_8|chd_military,,,,,,,,,,,,,,,,,,,,,,,,,,,,,,,,,,,,,,,,,,,,,,,,,,,,,,,,,,,,,,,,,,,,,chd_military,,,,,,,,,,,
node,warhammer_3,8.1.1,24237342,Chaos Dwarfs,chaos_dwarfs,wh3_dlc23_chd_zhatan,The Warhost of Zharr,wh3_dlc23_chd_chaos_dwarfs,wh3_dlc23_sc_chd_chaos_dwarfs,LOCKED_STANDARD,chd_mil@unspecified_campaign,generic_candidate,Conjunction of nonblank source faction/culture/subculture selectors; campaign condition preserved. Engine precedence is not decoded.,,chd_mil,,wh3_dlc23_chd_chaos_dwarfs,,,wh3_dlc23_tech_chd_military_19,,,wh3_dlc23_tech_chd_military_19,Daemon Forges,"This is where the K'daai are 'born' of fire, and the darkest of dark magicks.",,,,,,,Military Technologies,Chaos Dwarf Military Technology Tree,,,,,,,,,,,structural_node,technology_nodes_tables,db/technology_nodes_tables/data__.tsv,830,wh3_dlc23_tech_chd_military_19,,,,,,,,3,6,400,0,0,,,0,-40,-20,,,,,,,,,,,,,,,,,,,,,,,,,,,,,,,,,,,,,,,,,,,,,,,,,,,,,,,,,,,,,,,
technology,warhammer_3,8.1.1,24237342,Chaos Dwarfs,chaos_dwarfs,wh3_dlc23_chd_zhatan,The Warhost of Zharr,wh3_dlc23_chd_chaos_dwarfs,wh3_dlc23_sc_chd_chaos_dwarfs,LOCKED_STANDARD,chd_mil@unspecified_campaign,generic_candidate,Conjunction of nonblank source faction/culture/subculture selectors; campaign condition preserved. Engine precedence is not decoded.,,chd_mil,,wh3_dlc23_chd_chaos_dwarfs,,,wh3_dlc23_tech_chd_military_19,,,wh3_dlc23_tech_chd_military_19,Daemon Forges,"This is where the K'daai are 'born' of fire, and the darkest of dark magicks.",,,,,,,Military Technologies,Chaos Dwarf Military Technology Tree,,,,,,,,,,,,technologies_tables,db/technologies_tables/data__.tsv,698,wh3_dlc23_tech_chd_military_19,,,,,,,,,,,,,,,,,,wh_main_chs_port_ruin,1,wh3_dlc23_tech_chd_military_19,false,false,placeholder.tga,2052790315,false,false,true,false,,,,,,,,,,,,,,,,,,,,,,,,,,,,,,,,,,,,,,,,,,,,,,,,,,,,
effect,warhammer_3,8.1.1,24237342,Chaos Dwarfs,chaos_dwarfs,wh3_dlc23_chd_zhatan,The Warhost of Zharr,wh3_dlc23_chd_chaos_dwarfs,wh3_dlc23_sc_chd_chaos_dwarfs,LOCKED_STANDARD,chd_mil@unspecified_campaign,generic_candidate,Conjunction of nonblank source faction/culture/subculture selectors; campaign condition preserved. Engine precedence is not decoded.,,chd_mil,,wh3_dlc23_chd_chaos_dwarfs,,,wh3_dlc23_tech_chd_military_19,,,wh3_dlc23_tech_chd_military_19,Daemon Forges,"This is where the K'daai are 'born' of fire, and the darkest of dark magicks.",,wh3_dlc23_chd_ritual_unit_cap_kdaai_armaments_cost_mod,faction_to_faction_own_unseen,-10.0000,Armament cost: %+n% for increasing capacity of K'daai units,,Military Technologies,Chaos Dwarf Military Technology Tree,,,,,,,,,,,,technology_effects_junction_tables,db/technology_effects_junction_tables/data__.tsv,1431,wh3_dlc23_tech_chd_military_19|wh3_dlc23_chd_ritual_unit_cap_kdaai_armaments_cost_mod,,,,,,,,,,,,,,,,,,,,,,,,,,,,,,,,,,,,,,,,,,,,,,,,,,,,,,,,,,,,,,,,,,,,,,,,,,,,chd_armaments.png,1,chd_armaments.png,campaign,false
effect,warhammer_3,8.1.1,24237342,Chaos Dwarfs,chaos_dwarfs,wh3_dlc23_chd_zhatan,The Warhost of Zharr,wh3_dlc23_chd_chaos_dwarfs,wh3_dlc23_sc_chd_chaos_dwarfs,LOCKED_STANDARD,chd_mil@unspecified_campaign,generic_candidate,Conjunction of nonblank source faction/culture/subculture selectors; campaign condition preserved. Engine precedence is not decoded.,,chd_mil,,wh3_dlc23_chd_chaos_dwarfs,,,wh3_dlc23_tech_chd_military_19,,,wh3_dlc23_tech_chd_military_19,Daemon Forges,"This is where the K'daai are 'born' of fire, and the darkest of dark magicks.",,wh3_dlc23_effect_contact_phase_flammable_chd_kdaai,faction_to_force_own_unseen,1.0000,"Enables ""Flammable"" attacks for K'daai units {{tr:rank7}}, reducing fire resistance",{{tr:effects_additional_tooltip_details_localised_description_wh2_dlc15_effect_character_stat_scorching_attacks}},Military Technologies,Chaos Dwarf Military Technology Tree,,,,,,,,,,,,technology_effects_junction_tables,db/technology_effects_junction_tables/data__.tsv,1432,wh3_dlc23_tech_chd_military_19|wh3_dlc23_effect_contact_phase_flammable_chd_kdaai,,,,,,,,,,,,,,,,,,,,,,,,,,,,,,,,,,,,,,,,,,,,,,,,,,,,,,,,,,,,,,,,,,,,,,,,,,,,wh2_dlc12_unit_contact_flammable.png,61,wh2_dlc12_unit_contact_flammable.png,battle,true
effect,warhammer_3,8.1.1,24237342,Chaos Dwarfs,chaos_dwarfs,wh3_dlc23_chd_zhatan,The Warhost of Zharr,wh3_dlc23_chd_chaos_dwarfs,wh3_dlc23_sc_chd_chaos_dwarfs,LOCKED_STANDARD,chd_mil@unspecified_campaign,generic_candidate,Conjunction of nonblank source faction/culture/subculture selectors; campaign condition preserved. Engine precedence is not decoded.,,chd_mil,,wh3_dlc23_chd_chaos_dwarfs,,,wh3_dlc23_tech_chd_military_19,,,wh3_dlc23_tech_chd_military_19,Daemon Forges,"This is where the K'daai are 'born' of fire, and the darkest of dark magicks.",,wh3_dlc23_effect_physical_resist_chd_kdaai,faction_to_force_own_unseen,10.0000,Physical resistance: %n% for all K'daai units,,Military Technologies,Chaos Dwarf Military Technology Tree,,,,,,,,,,,,technology_effects_junction_tables,db/technology_effects_junction_tables/data__.tsv,1433,wh3_dlc23_tech_chd_military_19|wh3_dlc23_effect_physical_resist_chd_kdaai,,,,,,,,,,,,,,,,,,,,,,,,,,,,,,,,,,,,,,,,,,,,,,,,,,,,,,,,,,,,,,,,,,,,,,,,,,,,resistance_physical.png,581,resistance_physical.png,battle,true
tab_membership,warhammer_3,8.1.1,24237342,Chaos Dwarfs,chaos_dwarfs,wh3_dlc23_chd_zhatan,The Warhost of Zharr,wh3_dlc23_chd_chaos_dwarfs,wh3_dlc23_sc_chd_chaos_dwarfs,LOCKED_STANDARD,chd_mil@unspecified_campaign,generic_candidate,Conjunction of nonblank source faction/culture/subculture selectors; campaign condition preserved. Engine precedence is not decoded.,,chd_mil,,wh3_dlc23_chd_chaos_dwarfs,,,wh3_dlc23_tech_chd_military_19,,,wh3_dlc23_tech_chd_military_19,Daemon Forges,"This is where the K'daai are 'born' of fire, and the darkest of dark magicks.",,,,,,,Military Technologies,Chaos Dwarf Military Technology Tree,,,,,,,,,,,,technology_ui_tabs_to_technology_nodes_junctions_tables,db/technology_ui_tabs_to_technology_nodes_junctions_tables/data__.tsv,37,wh3_dlc23_tech_chd_military_19|chd_military,,,,,,,,,,,,,,,,,,,,,,,,,,,,,,,,,,,,,,,,,,,,,,,,,,,,,,,,,,,,,,,,,,,,,chd_military,,,,,,,,,,,
node,warhammer_3,8.1.1,24237342,Chaos Dwarfs,chaos_dwarfs,wh3_dlc23_chd_zhatan,The Warhost of Zharr,wh3_dlc23_chd_chaos_dwarfs,wh3_dlc23_sc_chd_chaos_dwarfs,LOCKED_STANDARD,chd_mil@unspecified_campaign,generic_candidate,Conjunction of nonblank source faction/culture/subculture selectors; campaign condition preserved. Engine precedence is not decoded.,,chd_mil,,wh3_dlc23_chd_chaos_dwarfs,,,wh3_dlc23_tech_chd_military_12,,,wh3_dlc23_tech_chd_military_12,Ceaseless March,"The pace is punishing, with no breaks and no slowing down. March or die!",,,,,,,Military Technologies,Chaos Dwarf Military Technology Tree,,,,,,,,,,,structural_node,technology_nodes_tables,db/technology_nodes_tables/data__.tsv,823,wh3_dlc23_tech_chd_military_12,,,,,,,,6,6,400,0,0,,,0,-150,-10,,,,,,,,,,,,,,,,,,,,,,,,,,,,,,,,,,,,,,,,,,,,,,,,,,,,,,,,,,,,,,,
technology,warhammer_3,8.1.1,24237342,Chaos Dwarfs,chaos_dwarfs,wh3_dlc23_chd_zhatan,The Warhost of Zharr,wh3_dlc23_chd_chaos_dwarfs,wh3_dlc23_sc_chd_chaos_dwarfs,LOCKED_STANDARD,chd_mil@unspecified_campaign,generic_candidate,Conjunction of nonblank source faction/culture/subculture selectors; campaign condition preserved. Engine precedence is not decoded.,,chd_mil,,wh3_dlc23_chd_chaos_dwarfs,,,wh3_dlc23_tech_chd_military_12,,,wh3_dlc23_tech_chd_military_12,Ceaseless March,"The pace is punishing, with no breaks and no slowing down. March or die!",,,,,,,Military Technologies,Chaos Dwarf Military Technology Tree,,,,,,,,,,,,technologies_tables,db/technologies_tables/data__.tsv,691,wh3_dlc23_tech_chd_military_12,,,,,,,,,,,,,,,,,,wh_main_chs_port_ruin,1,wh3_dlc23_tech_chd_military_12,false,false,placeholder.tga,1963958214,false,false,true,false,,,,,,,,,,,,,,,,,,,,,,,,,,,,,,,,,,,,,,,,,,,,,,,,,,,,
effect,warhammer_3,8.1.1,24237342,Chaos Dwarfs,chaos_dwarfs,wh3_dlc23_chd_zhatan,The Warhost of Zharr,wh3_dlc23_chd_chaos_dwarfs,wh3_dlc23_sc_chd_chaos_dwarfs,LOCKED_STANDARD,chd_mil@unspecified_campaign,generic_candidate,Conjunction of nonblank source faction/culture/subculture selectors; campaign condition preserved. Engine precedence is not decoded.,,chd_mil,,wh3_dlc23_chd_chaos_dwarfs,,,wh3_dlc23_tech_chd_military_12,,,wh3_dlc23_tech_chd_military_12,Ceaseless March,"The pace is punishing, with no breaks and no slowing down. March or die!",,wh_main_effect_force_all_campaign_movement_range,faction_to_force_own_unseen,5.0000,Campaign movement range: %+n%,{{tr:campaign_movement_range_additional_tooltip}},Military Technologies,Chaos Dwarf Military Technology Tree,,,,,,,,,,,,technology_effects_junction_tables,db/technology_effects_junction_tables/data__.tsv,1416,wh3_dlc23_tech_chd_military_12|wh_main_effect_force_all_campaign_movement_range,,,,,,,,,,,,,,,,,,,,,,,,,,,,,,,,,,,,,,,,,,,,,,,,,,,,,,,,,,,,,,,,,,,,,,,,,,,,campaign_movement.png,13,campaign_movement.png,campaign,true
tab_membership,warhammer_3,8.1.1,24237342,Chaos Dwarfs,chaos_dwarfs,wh3_dlc23_chd_zhatan,The Warhost of Zharr,wh3_dlc23_chd_chaos_dwarfs,wh3_dlc23_sc_chd_chaos_dwarfs,LOCKED_STANDARD,chd_mil@unspecified_campaign,generic_candidate,Conjunction of nonblank source faction/culture/subculture selectors; campaign condition preserved. Engine precedence is not decoded.,,chd_mil,,wh3_dlc23_chd_chaos_dwarfs,,,wh3_dlc23_tech_chd_military_12,,,wh3_dlc23_tech_chd_military_12,Ceaseless March,"The pace is punishing, with no breaks and no slowing down. March or die!",,,,,,,Military Technologies,Chaos Dwarf Military Technology Tree,,,,,,,,,,,,technology_ui_tabs_to_technology_nodes_junctions_tables,db/technology_ui_tabs_to_technology_nodes_junctions_tables/data__.tsv,30,wh3_dlc23_tech_chd_military_12|chd_military,,,,,,,,,,,,,,,,,,,,,,,,,,,,,,,,,,,,,,,,,,,,,,,,,,,,,,,,,,,,,,,,,,,,,chd_military,,,,,,,,,,,
node,warhammer_3,8.1.1,24237342,Chaos Dwarfs,chaos_dwarfs,wh3_dlc23_chd_zhatan,The Warhost of Zharr,wh3_dlc23_chd_chaos_dwarfs,wh3_dlc23_sc_chd_chaos_dwarfs,LOCKED_STANDARD,chd_mil@unspecified_campaign,generic_candidate,Conjunction of nonblank source faction/culture/subculture selectors; campaign condition preserved. Engine precedence is not decoded.,,chd_mil,,wh3_dlc23_chd_chaos_dwarfs,,,wh3_dlc23_tech_chd_military_9,,,wh3_dlc23_tech_chd_military_9,Martial Training,"You can never drill too much, whether that be drilling for Hashut's Blood or drilling the Dawi-Zharr armed forces to brutal perfection.",,,,,,,Military Technologies,Chaos Dwarf Military Technology Tree,,,,,,,,,,,structural_node,technology_nodes_tables,db/technology_nodes_tables/data__.tsv,848,wh3_dlc23_tech_chd_military_9,,,,,,,,7,6,100,0,0,,wh3_dlc23_tech_chd_military_medium,0,-150,0,,,,,,,,,,,,,,,,,,,,,,,,,,,,,,,,,,,,,,,,,,,,,,,,,,,,,,,,,,,,,,,
technology,warhammer_3,8.1.1,24237342,Chaos Dwarfs,chaos_dwarfs,wh3_dlc23_chd_zhatan,The Warhost of Zharr,wh3_dlc23_chd_chaos_dwarfs,wh3_dlc23_sc_chd_chaos_dwarfs,LOCKED_STANDARD,chd_mil@unspecified_campaign,generic_candidate,Conjunction of nonblank source faction/culture/subculture selectors; campaign condition preserved. Engine precedence is not decoded.,,chd_mil,,wh3_dlc23_chd_chaos_dwarfs,,,wh3_dlc23_tech_chd_military_9,,,wh3_dlc23_tech_chd_military_9,Martial Training,"You can never drill too much, whether that be drilling for Hashut's Blood or drilling the Dawi-Zharr armed forces to brutal perfection.",,,,,,,Military Technologies,Chaos Dwarf Military Technology Tree,,,,,,,,,,,,technologies_tables,db/technologies_tables/data__.tsv,716,wh3_dlc23_tech_chd_military_9,,,,,,,,,,,,,,,,,,wh_main_chs_port_ruin,1,wh3_dlc23_tech_chd_military_9,false,false,placeholder.tga,1915947204,false,false,true,false,,,,,,,,,,,,,,,,,,,,,,,,,,,,,,,,,,,,,,,,,,,,,,,,,,,,
effect,warhammer_3,8.1.1,24237342,Chaos Dwarfs,chaos_dwarfs,wh3_dlc23_chd_zhatan,The Warhost of Zharr,wh3_dlc23_chd_chaos_dwarfs,wh3_dlc23_sc_chd_chaos_dwarfs,LOCKED_STANDARD,chd_mil@unspecified_campaign,generic_candidate,Conjunction of nonblank source faction/culture/subculture selectors; campaign condition preserved. Engine precedence is not decoded.,,chd_mil,,wh3_dlc23_chd_chaos_dwarfs,,,wh3_dlc23_tech_chd_military_9,,,wh3_dlc23_tech_chd_military_9,Martial Training,"You can never drill too much, whether that be drilling for Hashut's Blood or drilling the Dawi-Zharr armed forces to brutal perfection.",,wh3_dlc20_effect_xp_gain_all_units,faction_to_force_own_unseen,10.0000,Unit experience gain: %+n%,,Military Technologies,Chaos Dwarf Military Technology Tree,,,,,,,,,,,,technology_effects_junction_tables,db/technology_effects_junction_tables/data__.tsv,1471,wh3_dlc23_tech_chd_military_9|wh3_dlc20_effect_xp_gain_all_units,,,,,,,,,,,,,,,,,,,,,,,,,,,,,,,,,,,,,,,,,,,,,,,,,,,,,,,,,,,,,,,,,,,,,,,,,,,,experience.png,611,experience.png,battle,true
effect,warhammer_3,8.1.1,24237342,Chaos Dwarfs,chaos_dwarfs,wh3_dlc23_chd_zhatan,The Warhost of Zharr,wh3_dlc23_chd_chaos_dwarfs,wh3_dlc23_sc_chd_chaos_dwarfs,LOCKED_STANDARD,chd_mil@unspecified_campaign,generic_candidate,Conjunction of nonblank source faction/culture/subculture selectors; campaign condition preserved. Engine precedence is not decoded.,,chd_mil,,wh3_dlc23_chd_chaos_dwarfs,,,wh3_dlc23_tech_chd_military_9,,,wh3_dlc23_tech_chd_military_9,Martial Training,"You can never drill too much, whether that be drilling for Hashut's Blood or drilling the Dawi-Zharr armed forces to brutal perfection.",,wh_main_effect_force_all_campaign_experience_base_all,faction_to_force_own_unseen,1.0000,Recruit rank: %+n for all units,,Military Technologies,Chaos Dwarf Military Technology Tree,,,,,,,,,,,,technology_effects_junction_tables,db/technology_effects_junction_tables/data__.tsv,1472,wh3_dlc23_tech_chd_military_9|wh_main_effect_force_all_campaign_experience_base_all,,,,,,,,,,,,,,,,,,,,,,,,,,,,,,,,,,,,,,,,,,,,,,,,,,,,,,,,,,,,,,,,,,,,,,,,,,,,experience.png,117,experience.png,campaign,true
resource_cost,warhammer_3,8.1.1,24237342,Chaos Dwarfs,chaos_dwarfs,wh3_dlc23_chd_zhatan,The Warhost of Zharr,wh3_dlc23_chd_chaos_dwarfs,wh3_dlc23_sc_chd_chaos_dwarfs,LOCKED_STANDARD,chd_mil@unspecified_campaign,generic_candidate,Conjunction of nonblank source faction/culture/subculture selectors; campaign condition preserved. Engine precedence is not decoded.,,chd_mil,,wh3_dlc23_chd_chaos_dwarfs,,,wh3_dlc23_tech_chd_military_9,,,wh3_dlc23_tech_chd_military_9,Martial Training,"You can never drill too much, whether that be drilling for Hashut's Blood or drilling the Dawi-Zharr armed forces to brutal perfection.",,,,,,,Military Technologies,Chaos Dwarf Military Technology Tree,,,,,,,,,,,,resource_costs_tables,db/resource_costs_tables/data__.tsv,963,wh3_dlc23_tech_chd_military_medium,,,,,,,,,,,,,,wh3_dlc23_tech_chd_military_medium,,,,,,,,,,,,,,,,,,,,,,,,,,,,,,,,,,0,TECHNOLOGIES,TECHNOLOGIES,ARMY_UPKEEP,BACKGROUND_INCOME,,,,,,,,,,,,,,,,,,,,,,,,,,,,
pooled_resource_cost,warhammer_3,8.1.1,24237342,Chaos Dwarfs,chaos_dwarfs,wh3_dlc23_chd_zhatan,The Warhost of Zharr,wh3_dlc23_chd_chaos_dwarfs,wh3_dlc23_sc_chd_chaos_dwarfs,LOCKED_STANDARD,chd_mil@unspecified_campaign,generic_candidate,Conjunction of nonblank source faction/culture/subculture selectors; campaign condition preserved. Engine precedence is not decoded.,,chd_mil,,wh3_dlc23_chd_chaos_dwarfs,,,wh3_dlc23_tech_chd_military_9,,,wh3_dlc23_tech_chd_military_9,Martial Training,"You can never drill too much, whether that be drilling for Hashut's Blood or drilling the Dawi-Zharr armed forces to brutal perfection.",,,,,,,Military Technologies,Chaos Dwarf Military Technology Tree,,,,,,,,,,,,resource_cost_pooled_resource_junctions_tables,db/resource_cost_pooled_resource_junctions_tables/data__.tsv,1061,wh3_dlc23_chd_armaments_technology|wh3_dlc23_tech_chd_military_medium,,,,,,,,,,,,,,wh3_dlc23_tech_chd_military_medium,,,,,,,,,,,,,,,,,,,,,,,,,,,,,,,,,,,,,,,wh3_dlc23_chd_armaments_technology,-250,absolute,default,,,,,,,,,,,,,,,,,,,,,,,,
resource_factor,warhammer_3,8.1.1,24237342,Chaos Dwarfs,chaos_dwarfs,wh3_dlc23_chd_zhatan,The Warhost of Zharr,wh3_dlc23_chd_chaos_dwarfs,wh3_dlc23_sc_chd_chaos_dwarfs,LOCKED_STANDARD,chd_mil@unspecified_campaign,generic_candidate,Conjunction of nonblank source faction/culture/subculture selectors; campaign condition preserved. Engine precedence is not decoded.,,chd_mil,,wh3_dlc23_chd_chaos_dwarfs,,,wh3_dlc23_tech_chd_military_9,,,wh3_dlc23_tech_chd_military_9,Martial Training,"You can never drill too much, whether that be drilling for Hashut's Blood or drilling the Dawi-Zharr armed forces to brutal perfection.",,,,,,,Military Technologies,Chaos Dwarf Military Technology Tree,,,,,,,,,,,,pooled_resource_factor_junctions_tables,db/pooled_resource_factor_junctions_tables/data__.tsv,520,wh3_dlc23_chd_armaments_technology,,,,,,,,,,,,,,wh3_dlc23_tech_chd_military_medium,,,,,,,,,,,,,,,,,,,,,,,,,,,,,,,,,,,,,,,,,,,wh3_dlc23_chd_armaments_technology,technology,wh3_dlc23_chd_armaments,-2147483647,0,,,,,,,,,,,,,,,,,,,
tab_membership,warhammer_3,8.1.1,24237342,Chaos Dwarfs,chaos_dwarfs,wh3_dlc23_chd_zhatan,The Warhost of Zharr,wh3_dlc23_chd_chaos_dwarfs,wh3_dlc23_sc_chd_chaos_dwarfs,LOCKED_STANDARD,chd_mil@unspecified_campaign,generic_candidate,Conjunction of nonblank source faction/culture/subculture selectors; campaign condition preserved. Engine precedence is not decoded.,,chd_mil,,wh3_dlc23_chd_chaos_dwarfs,,,wh3_dlc23_tech_chd_military_9,,,wh3_dlc23_tech_chd_military_9,Martial Training,"You can never drill too much, whether that be drilling for Hashut's Blood or drilling the Dawi-Zharr armed forces to brutal perfection.",,,,,,,Military Technologies,Chaos Dwarf Military Technology Tree,,,,,,,,,,,,technology_ui_tabs_to_technology_nodes_junctions_tables,db/technology_ui_tabs_to_technology_nodes_junctions_tables/data__.tsv,55,wh3_dlc23_tech_chd_military_9|chd_military,,,,,,,,,,,,,,,,,,,,,,,,,,,,,,,,,,,,,,,,,,,,,,,,,,,,,,,,,,,,,,,,,,,,,chd_military,,,,,,,,,,,
node,warhammer_3,8.1.1,24237342,Chaos Dwarfs,chaos_dwarfs,wh3_dlc23_chd_zhatan,The Warhost of Zharr,wh3_dlc23_chd_chaos_dwarfs,wh3_dlc23_sc_chd_chaos_dwarfs,LOCKED_STANDARD,chd_mil@unspecified_campaign,generic_candidate,Conjunction of nonblank source faction/culture/subculture selectors; campaign condition preserved. Engine precedence is not decoded.,,chd_mil,,wh3_dlc23_chd_chaos_dwarfs,,,wh3_dlc23_tech_chd_military_3,,,wh3_dlc23_tech_chd_military_3,The Call to War,The call has come: it's war! Those who honour Hashut shall receive his infernal blessing.,,,,,,,Military Technologies,Chaos Dwarf Military Technology Tree,,,,,,,,,,,structural_node,technology_nodes_tables,db/technology_nodes_tables/data__.tsv,842,wh3_dlc23_tech_chd_military_3,,,,,,,,9,6,200,0,0,,,0,-150,0,,,,,,,,,,,,,,,,,,,,,,,,,,,,,,,,,,,,,,,,,,,,,,,,,,,,,,,,,,,,,,,
technology,warhammer_3,8.1.1,24237342,Chaos Dwarfs,chaos_dwarfs,wh3_dlc23_chd_zhatan,The Warhost of Zharr,wh3_dlc23_chd_chaos_dwarfs,wh3_dlc23_sc_chd_chaos_dwarfs,LOCKED_STANDARD,chd_mil@unspecified_campaign,generic_candidate,Conjunction of nonblank source faction/culture/subculture selectors; campaign condition preserved. Engine precedence is not decoded.,,chd_mil,,wh3_dlc23_chd_chaos_dwarfs,,,wh3_dlc23_tech_chd_military_3,,,wh3_dlc23_tech_chd_military_3,The Call to War,The call has come: it's war! Those who honour Hashut shall receive his infernal blessing.,,,,,,,Military Technologies,Chaos Dwarf Military Technology Tree,,,,,,,,,,,,technologies_tables,db/technologies_tables/data__.tsv,710,wh3_dlc23_tech_chd_military_3,,,,,,,,,,,,,,,,,,wh_main_chs_port_ruin,1,wh3_dlc23_tech_chd_military_3,false,false,placeholder.tga,1938466611,false,false,true,false,,,,,,,,,,,,,,,,,,,,,,,,,,,,,,,,,,,,,,,,,,,,,,,,,,,,
effect,warhammer_3,8.1.1,24237342,Chaos Dwarfs,chaos_dwarfs,wh3_dlc23_chd_zhatan,The Warhost of Zharr,wh3_dlc23_chd_chaos_dwarfs,wh3_dlc23_sc_chd_chaos_dwarfs,LOCKED_STANDARD,chd_mil@unspecified_campaign,generic_candidate,Conjunction of nonblank source faction/culture/subculture selectors; campaign condition preserved. Engine precedence is not decoded.,,chd_mil,,wh3_dlc23_chd_chaos_dwarfs,,,wh3_dlc23_tech_chd_military_3,,,wh3_dlc23_tech_chd_military_3,The Call to War,The call has come: it's war! Those who honour Hashut shall receive his infernal blessing.,,wh3_dlc23_effect_force_stat_leadership_chd_melee_chaos_dwarfs,faction_to_force_own_unseen,6.0000,Leadership: %+n for Chaos Dwarf Melee Infantry units,,Military Technologies,Chaos Dwarf Military Technology Tree,,,,,,,,,,,,technology_effects_junction_tables,db/technology_effects_junction_tables/data__.tsv,1459,wh3_dlc23_tech_chd_military_3|wh3_dlc23_effect_force_stat_leadership_chd_melee_chaos_dwarfs,,,,,,,,,,,,,,,,,,,,,,,,,,,,,,,,,,,,,,,,,,,,,,,,,,,,,,,,,,,,,,,,,,,,,,,,,,,,morale.png,411,morale.png,battle,true
effect,warhammer_3,8.1.1,24237342,Chaos Dwarfs,chaos_dwarfs,wh3_dlc23_chd_zhatan,The Warhost of Zharr,wh3_dlc23_chd_chaos_dwarfs,wh3_dlc23_sc_chd_chaos_dwarfs,LOCKED_STANDARD,chd_mil@unspecified_campaign,generic_candidate,Conjunction of nonblank source faction/culture/subculture selectors; campaign condition preserved. Engine precedence is not decoded.,,chd_mil,,wh3_dlc23_chd_chaos_dwarfs,,,wh3_dlc23_tech_chd_military_3,,,wh3_dlc23_tech_chd_military_3,The Call to War,The call has come: it's war! Those who honour Hashut shall receive his infernal blessing.,,wh3_dlc23_effect_force_stat_melee_defence_chd_melee_chaos_dwarfs,faction_to_force_own_unseen,4.0000,Melee defence: %+n for Chaos Dwarf Melee Infantry units,,Military Technologies,Chaos Dwarf Military Technology Tree,,,,,,,,,,,,technology_effects_junction_tables,db/technology_effects_junction_tables/data__.tsv,1460,wh3_dlc23_tech_chd_military_3|wh3_dlc23_effect_force_stat_melee_defence_chd_melee_chaos_dwarfs,,,,,,,,,,,,,,,,,,,,,,,,,,,,,,,,,,,,,,,,,,,,,,,,,,,,,,,,,,,,,,,,,,,,,,,,,,,,defence.png,451,defence.png,battle,true
tab_membership,warhammer_3,8.1.1,24237342,Chaos Dwarfs,chaos_dwarfs,wh3_dlc23_chd_zhatan,The Warhost of Zharr,wh3_dlc23_chd_chaos_dwarfs,wh3_dlc23_sc_chd_chaos_dwarfs,LOCKED_STANDARD,chd_mil@unspecified_campaign,generic_candidate,Conjunction of nonblank source faction/culture/subculture selectors; campaign condition preserved. Engine precedence is not decoded.,,chd_mil,,wh3_dlc23_chd_chaos_dwarfs,,,wh3_dlc23_tech_chd_military_3,,,wh3_dlc23_tech_chd_military_3,The Call to War,The call has come: it's war! Those who honour Hashut shall receive his infernal blessing.,,,,,,,Military Technologies,Chaos Dwarf Military Technology Tree,,,,,,,,,,,,technology_ui_tabs_to_technology_nodes_junctions_tables,db/technology_ui_tabs_to_technology_nodes_junctions_tables/data__.tsv,49,wh3_dlc23_tech_chd_military_3|chd_military,,,,,,,,,,,,,,,,,,,,,,,,,,,,,,,,,,,,,,,,,,,,,,,,,,,,,,,,,,,,,,,,,,,,,chd_military,,,,,,,,,,,
node,warhammer_3,8.1.1,24237342,Chaos Dwarfs,chaos_dwarfs,wh3_dlc23_chd_zhatan,The Warhost of Zharr,wh3_dlc23_chd_chaos_dwarfs,wh3_dlc23_sc_chd_chaos_dwarfs,LOCKED_STANDARD,chd_mil@unspecified_campaign,generic_candidate,Conjunction of nonblank source faction/culture/subculture selectors; campaign condition preserved. Engine precedence is not decoded.,,chd_mil,,wh3_dlc23_chd_chaos_dwarfs,,,wh3_dlc23_tech_chd_military_29,,,wh3_dlc23_tech_chd_military_29,Weapons of War,The engineers and artificers of the Chaos Dwarf armies calibrate the really big guns in their arsenal for improved range and accuracy.,,,,,,,Military Technologies,Chaos Dwarf Military Technology Tree,,,,,,,,,,,structural_node,technology_nodes_tables,db/technology_nodes_tables/data__.tsv,841,wh3_dlc23_tech_chd_military_29,,,,,,,,0,7,500,0,0,,,0,0,0,,,,,,,,,,,,,,,,,,,,,,,,,,,,,,,,,,,,,,,,,,,,,,,,,,,,,,,,,,,,,,,
technology,warhammer_3,8.1.1,24237342,Chaos Dwarfs,chaos_dwarfs,wh3_dlc23_chd_zhatan,The Warhost of Zharr,wh3_dlc23_chd_chaos_dwarfs,wh3_dlc23_sc_chd_chaos_dwarfs,LOCKED_STANDARD,chd_mil@unspecified_campaign,generic_candidate,Conjunction of nonblank source faction/culture/subculture selectors; campaign condition preserved. Engine precedence is not decoded.,,chd_mil,,wh3_dlc23_chd_chaos_dwarfs,,,wh3_dlc23_tech_chd_military_29,,,wh3_dlc23_tech_chd_military_29,Weapons of War,The engineers and artificers of the Chaos Dwarf armies calibrate the really big guns in their arsenal for improved range and accuracy.,,,,,,,Military Technologies,Chaos Dwarf Military Technology Tree,,,,,,,,,,,,technologies_tables,db/technologies_tables/data__.tsv,709,wh3_dlc23_tech_chd_military_29,,,,,,,,,,,,,,,,,,wh_main_chs_port_ruin,1,wh3_dlc23_tech_chd_military_29,false,false,placeholder.tga,777236591,false,false,true,false,,,,,,,,,,,,,,,,,,,,,,,,,,,,,,,,,,,,,,,,,,,,,,,,,,,,
effect,warhammer_3,8.1.1,24237342,Chaos Dwarfs,chaos_dwarfs,wh3_dlc23_chd_zhatan,The Warhost of Zharr,wh3_dlc23_chd_chaos_dwarfs,wh3_dlc23_sc_chd_chaos_dwarfs,LOCKED_STANDARD,chd_mil@unspecified_campaign,generic_candidate,Conjunction of nonblank source faction/culture/subculture selectors; campaign condition preserved. Engine precedence is not decoded.,,chd_mil,,wh3_dlc23_chd_chaos_dwarfs,,,wh3_dlc23_tech_chd_military_29,,,wh3_dlc23_tech_chd_military_29,Weapons of War,The engineers and artificers of the Chaos Dwarf armies calibrate the really big guns in their arsenal for improved range and accuracy.,,wh3_dlc23_chd_ritual_unit_cap_war_machines_armaments_cost_mod,faction_to_faction_own_unseen,-10.0000,Armament cost: %+n% for increasing capacity of War Machine units,,Military Technologies,Chaos Dwarf Military Technology Tree,,,,,,,,,,,,technology_effects_junction_tables,db/technology_effects_junction_tables/data__.tsv,1454,wh3_dlc23_tech_chd_military_29|wh3_dlc23_chd_ritual_unit_cap_war_machines_armaments_cost_mod,,,,,,,,,,,,,,,,,,,,,,,,,,,,,,,,,,,,,,,,,,,,,,,,,,,,,,,,,,,,,,,,,,,,,,,,,,,,chd_armaments.png,1,chd_armaments.png,campaign,false
effect,warhammer_3,8.1.1,24237342,Chaos Dwarfs,chaos_dwarfs,wh3_dlc23_chd_zhatan,The Warhost of Zharr,wh3_dlc23_chd_chaos_dwarfs,wh3_dlc23_sc_chd_chaos_dwarfs,LOCKED_STANDARD,chd_mil@unspecified_campaign,generic_candidate,Conjunction of nonblank source faction/culture/subculture selectors; campaign condition preserved. Engine precedence is not decoded.,,chd_mil,,wh3_dlc23_chd_chaos_dwarfs,,,wh3_dlc23_tech_chd_military_29,,,wh3_dlc23_tech_chd_military_29,Weapons of War,The engineers and artificers of the Chaos Dwarf armies calibrate the really big guns in their arsenal for improved range and accuracy.,,wh3_dlc23_effect_force_stat_range_chd_artillery,faction_to_force_own_unseen,5.0000,Range: %+n% for Iron Daemon and Artillery units,,Military Technologies,Chaos Dwarf Military Technology Tree,,,,,,,,,,,,technology_effects_junction_tables,db/technology_effects_junction_tables/data__.tsv,1455,wh3_dlc23_tech_chd_military_29|wh3_dlc23_effect_force_stat_range_chd_artillery,,,,,,,,,,,,,,,,,,,,,,,,,,,,,,,,,,,,,,,,,,,,,,,,,,,,,,,,,,,,,,,,,,,,,,,,,,,,accuracy.png,532,accuracy.png,battle,true
effect,warhammer_3,8.1.1,24237342,Chaos Dwarfs,chaos_dwarfs,wh3_dlc23_chd_zhatan,The Warhost of Zharr,wh3_dlc23_chd_chaos_dwarfs,wh3_dlc23_sc_chd_chaos_dwarfs,LOCKED_STANDARD,chd_mil@unspecified_campaign,generic_candidate,Conjunction of nonblank source faction/culture/subculture selectors; campaign condition preserved. Engine precedence is not decoded.,,chd_mil,,wh3_dlc23_chd_chaos_dwarfs,,,wh3_dlc23_tech_chd_military_29,,,wh3_dlc23_tech_chd_military_29,Weapons of War,The engineers and artificers of the Chaos Dwarf armies calibrate the really big guns in their arsenal for improved range and accuracy.,,wh3_dlc23_effect_force_stat_speed_chd_artillery_warmachines,faction_to_force_own_unseen,10.0000,"Speed: %+n% for Skullcracker, Iron Daemon and Artillery units",,Military Technologies,Chaos Dwarf Military Technology Tree,,,,,,,,,,,,technology_effects_junction_tables,db/technology_effects_junction_tables/data__.tsv,1456,wh3_dlc23_tech_chd_military_29|wh3_dlc23_effect_force_stat_speed_chd_artillery_warmachines,,,,,,,,,,,,,,,,,,,,,,,,,,,,,,,,,,,,,,,,,,,,,,,,,,,,,,,,,,,,,,,,,,,,,,,,,,,,battle_movement.png,421,battle_movement.png,battle,true
tab_membership,warhammer_3,8.1.1,24237342,Chaos Dwarfs,chaos_dwarfs,wh3_dlc23_chd_zhatan,The Warhost of Zharr,wh3_dlc23_chd_chaos_dwarfs,wh3_dlc23_sc_chd_chaos_dwarfs,LOCKED_STANDARD,chd_mil@unspecified_campaign,generic_candidate,Conjunction of nonblank source faction/culture/subculture selectors; campaign condition preserved. Engine precedence is not decoded.,,chd_mil,,wh3_dlc23_chd_chaos_dwarfs,,,wh3_dlc23_tech_chd_military_29,,,wh3_dlc23_tech_chd_military_29,Weapons of War,The engineers and artificers of the Chaos Dwarf armies calibrate the really big guns in their arsenal for improved range and accuracy.,,,,,,,Military Technologies,Chaos Dwarf Military Technology Tree,,,,,,,,,,,,technology_ui_tabs_to_technology_nodes_junctions_tables,db/technology_ui_tabs_to_technology_nodes_junctions_tables/data__.tsv,48,wh3_dlc23_tech_chd_military_29|chd_military,,,,,,,,,,,,,,,,,,,,,,,,,,,,,,,,,,,,,,,,,,,,,,,,,,,,,,,,,,,,,,,,,,,,,chd_military,,,,,,,,,,,
node,warhammer_3,8.1.1,24237342,Chaos Dwarfs,chaos_dwarfs,wh3_dlc23_chd_zhatan,The Warhost of Zharr,wh3_dlc23_chd_chaos_dwarfs,wh3_dlc23_sc_chd_chaos_dwarfs,LOCKED_STANDARD,chd_mil@unspecified_campaign,generic_candidate,Conjunction of nonblank source faction/culture/subculture selectors; campaign condition preserved. Engine precedence is not decoded.,,chd_mil,,wh3_dlc23_chd_chaos_dwarfs,,,wh3_dlc23_tech_chd_military_26,,,wh3_dlc23_tech_chd_military_26,Continuous Bombardment,"Hard pounding, Dhrath. Let's see who pounds the longest…",,,,,,,Military Technologies,Chaos Dwarf Military Technology Tree,,,,,,,,,,,structural_node,technology_nodes_tables,db/technology_nodes_tables/data__.tsv,838,wh3_dlc23_tech_chd_military_26,,,,,,,,1,7,400,0,0,,,0,-130,20,,,,,,,,,,,,,,,,,,,,,,,,,,,,,,,,,,,,,,,,,,,,,,,,,,,,,,,,,,,,,,,
technology,warhammer_3,8.1.1,24237342,Chaos Dwarfs,chaos_dwarfs,wh3_dlc23_chd_zhatan,The Warhost of Zharr,wh3_dlc23_chd_chaos_dwarfs,wh3_dlc23_sc_chd_chaos_dwarfs,LOCKED_STANDARD,chd_mil@unspecified_campaign,generic_candidate,Conjunction of nonblank source faction/culture/subculture selectors; campaign condition preserved. Engine precedence is not decoded.,,chd_mil,,wh3_dlc23_chd_chaos_dwarfs,,,wh3_dlc23_tech_chd_military_26,,,wh3_dlc23_tech_chd_military_26,Continuous Bombardment,"Hard pounding, Dhrath. Let's see who pounds the longest…",,,,,,,Military Technologies,Chaos Dwarf Military Technology Tree,,,,,,,,,,,,technologies_tables,db/technologies_tables/data__.tsv,706,wh3_dlc23_tech_chd_military_26,,,,,,,,,,,,,,,,,,wh_main_chs_port_ruin,1,wh3_dlc23_tech_chd_military_26,false,false,placeholder.tga,2017832096,false,false,true,false,,,,,,,,,,,,,,,,,,,,,,,,,,,,,,,,,,,,,,,,,,,,,,,,,,,,
effect,warhammer_3,8.1.1,24237342,Chaos Dwarfs,chaos_dwarfs,wh3_dlc23_chd_zhatan,The Warhost of Zharr,wh3_dlc23_chd_chaos_dwarfs,wh3_dlc23_sc_chd_chaos_dwarfs,LOCKED_STANDARD,chd_mil@unspecified_campaign,generic_candidate,Conjunction of nonblank source faction/culture/subculture selectors; campaign condition preserved. Engine precedence is not decoded.,,chd_mil,,wh3_dlc23_chd_chaos_dwarfs,,,wh3_dlc23_tech_chd_military_26,,,wh3_dlc23_tech_chd_military_26,Continuous Bombardment,"Hard pounding, Dhrath. Let's see who pounds the longest…",,wh3_dlc23_effect_force_stat_ammo_chd_artillery,faction_to_force_own_unseen,10.0000,Ammunition: %+n% for Iron Daemon and Artillery units,,Military Technologies,Chaos Dwarf Military Technology Tree,,,,,,,,,,,,technology_effects_junction_tables,db/technology_effects_junction_tables/data__.tsv,1447,wh3_dlc23_tech_chd_military_26|wh3_dlc23_effect_force_stat_ammo_chd_artillery,,,,,,,,,,,,,,,,,,,,,,,,,,,,,,,,,,,,,,,,,,,,,,,,,,,,,,,,,,,,,,,,,,,,,,,,,,,,ammo.png,511,ammo.png,battle,true
effect,warhammer_3,8.1.1,24237342,Chaos Dwarfs,chaos_dwarfs,wh3_dlc23_chd_zhatan,The Warhost of Zharr,wh3_dlc23_chd_chaos_dwarfs,wh3_dlc23_sc_chd_chaos_dwarfs,LOCKED_STANDARD,chd_mil@unspecified_campaign,generic_candidate,Conjunction of nonblank source faction/culture/subculture selectors; campaign condition preserved. Engine precedence is not decoded.,,chd_mil,,wh3_dlc23_chd_chaos_dwarfs,,,wh3_dlc23_tech_chd_military_26,,,wh3_dlc23_tech_chd_military_26,Continuous Bombardment,"Hard pounding, Dhrath. Let's see who pounds the longest…",,wh3_dlc23_effect_force_stat_explosive_damage_chd_artillery,faction_to_force_own_unseen,10.0000,Explosive missile damage: %+n% for Iron Daemon and Artillery units,,Military Technologies,Chaos Dwarf Military Technology Tree,,,,,,,,,,,,technology_effects_junction_tables,db/technology_effects_junction_tables/data__.tsv,1448,wh3_dlc23_tech_chd_military_26|wh3_dlc23_effect_force_stat_explosive_damage_chd_artillery,,,,,,,,,,,,,,,,,,,,,,,,,,,,,,,,,,,,,,,,,,,,,,,,,,,,,,,,,,,,,,,,,,,,,,,,,,,,icon_stat_explosive_armour_piercing_damage_force.png,5,icon_stat_explosive_armour_piercing_damage_force.png,battle,true
effect,warhammer_3,8.1.1,24237342,Chaos Dwarfs,chaos_dwarfs,wh3_dlc23_chd_zhatan,The Warhost of Zharr,wh3_dlc23_chd_chaos_dwarfs,wh3_dlc23_sc_chd_chaos_dwarfs,LOCKED_STANDARD,chd_mil@unspecified_campaign,generic_candidate,Conjunction of nonblank source faction/culture/subculture selectors; campaign condition preserved. Engine precedence is not decoded.,,chd_mil,,wh3_dlc23_chd_chaos_dwarfs,,,wh3_dlc23_tech_chd_military_26,,,wh3_dlc23_tech_chd_military_26,Continuous Bombardment,"Hard pounding, Dhrath. Let's see who pounds the longest…",,wh3_dlc23_effect_force_stat_missile_strength_chd_artillery,faction_to_force_own_unseen,10.0000,Missile strength: %+n% for Iron Daemon and Artillery units,,Military Technologies,Chaos Dwarf Military Technology Tree,,,,,,,,,,,,technology_effects_junction_tables,db/technology_effects_junction_tables/data__.tsv,1449,wh3_dlc23_tech_chd_military_26|wh3_dlc23_effect_force_stat_missile_strength_chd_artillery,,,,,,,,,,,,,,,,,,,,,,,,,,,,,,,,,,,,,,,,,,,,,,,,,,,,,,,,,,,,,,,,,,,,,,,,,,,,ranged_damage.png,541,ranged_damage.png,battle,true
tab_membership,warhammer_3,8.1.1,24237342,Chaos Dwarfs,chaos_dwarfs,wh3_dlc23_chd_zhatan,The Warhost of Zharr,wh3_dlc23_chd_chaos_dwarfs,wh3_dlc23_sc_chd_chaos_dwarfs,LOCKED_STANDARD,chd_mil@unspecified_campaign,generic_candidate,Conjunction of nonblank source faction/culture/subculture selectors; campaign condition preserved. Engine precedence is not decoded.,,chd_mil,,wh3_dlc23_chd_chaos_dwarfs,,,wh3_dlc23_tech_chd_military_26,,,wh3_dlc23_tech_chd_military_26,Continuous Bombardment,"Hard pounding, Dhrath. Let's see who pounds the longest…",,,,,,,Military Technologies,Chaos Dwarf Military Technology Tree,,,,,,,,,,,,technology_ui_tabs_to_technology_nodes_junctions_tables,db/technology_ui_tabs_to_technology_nodes_junctions_tables/data__.tsv,45,wh3_dlc23_tech_chd_military_26|chd_military,,,,,,,,,,,,,,,,,,,,,,,,,,,,,,,,,,,,,,,,,,,,,,,,,,,,,,,,,,,,,,,,,,,,,chd_military,,,,,,,,,,,
node,warhammer_3,8.1.1,24237342,Chaos Dwarfs,chaos_dwarfs,wh3_dlc23_chd_zhatan,The Warhost of Zharr,wh3_dlc23_chd_chaos_dwarfs,wh3_dlc23_sc_chd_chaos_dwarfs,LOCKED_STANDARD,chd_mil@unspecified_campaign,generic_candidate,Conjunction of nonblank source faction/culture/subculture selectors; campaign condition preserved. Engine precedence is not decoded.,,chd_mil,,wh3_dlc23_chd_chaos_dwarfs,,,wh3_dlc23_tech_chd_military_16,,,wh3_dlc23_tech_chd_military_16,Boiling Blood Sacrifices,From such terrible events do wonderful things emerge. This is how the K'daai Zharr are made.,,,,,,,Military Technologies,Chaos Dwarf Military Technology Tree,,,,,,,,,,,structural_node,technology_nodes_tables,db/technology_nodes_tables/data__.tsv,827,wh3_dlc23_tech_chd_military_16,,,,,,,,4,7,100,0,0,,wh3_dlc23_tech_chd_military_high,0,-130,10,,,,,,,,,,,,,,,,,,,,,,,,,,,,,,,,,,,,,,,,,,,,,,,,,,,,,,,,,,,,,,,
technology,warhammer_3,8.1.1,24237342,Chaos Dwarfs,chaos_dwarfs,wh3_dlc23_chd_zhatan,The Warhost of Zharr,wh3_dlc23_chd_chaos_dwarfs,wh3_dlc23_sc_chd_chaos_dwarfs,LOCKED_STANDARD,chd_mil@unspecified_campaign,generic_candidate,Conjunction of nonblank source faction/culture/subculture selectors; campaign condition preserved. Engine precedence is not decoded.,,chd_mil,,wh3_dlc23_chd_chaos_dwarfs,,,wh3_dlc23_tech_chd_military_16,,,wh3_dlc23_tech_chd_military_16,Boiling Blood Sacrifices,From such terrible events do wonderful things emerge. This is how the K'daai Zharr are made.,,,,,,,Military Technologies,Chaos Dwarf Military Technology Tree,,,,,,,,,,,,technologies_tables,db/technologies_tables/data__.tsv,695,wh3_dlc23_tech_chd_military_16,,,,,,,,,,,,,,,,,,wh_main_chs_port_ruin,1,wh3_dlc23_tech_chd_military_16,false,false,placeholder.tga,1367360239,false,false,true,false,,,,,,,,,,,,,,,,,,,,,,,,,,,,,,,,,,,,,,,,,,,,,,,,,,,,
effect,warhammer_3,8.1.1,24237342,Chaos Dwarfs,chaos_dwarfs,wh3_dlc23_chd_zhatan,The Warhost of Zharr,wh3_dlc23_chd_chaos_dwarfs,wh3_dlc23_sc_chd_chaos_dwarfs,LOCKED_STANDARD,chd_mil@unspecified_campaign,generic_candidate,Conjunction of nonblank source faction/culture/subculture selectors; campaign condition preserved. Engine precedence is not decoded.,,chd_mil,,wh3_dlc23_chd_chaos_dwarfs,,,wh3_dlc23_tech_chd_military_16,,,wh3_dlc23_tech_chd_military_16,Boiling Blood Sacrifices,From such terrible events do wonderful things emerge. This is how the K'daai Zharr are made.,,wh3_dlc23_effect_force_stat_melee_defence_chd_kdaai_fireborn,faction_to_force_own_unseen,5.0000,Melee defence: %+n for K'daai Fireborn units,,Military Technologies,Chaos Dwarf Military Technology Tree,,,,,,,,,,,,technology_effects_junction_tables,db/technology_effects_junction_tables/data__.tsv,1425,wh3_dlc23_tech_chd_military_16|wh3_dlc23_effect_force_stat_melee_defence_chd_kdaai_fireborn,,,,,,,,,,,,,,,,,,,,,,,,,,,,,,,,,,,,,,,,,,,,,,,,,,,,,,,,,,,,,,,,,,,,,,,,,,,,defence.png,451,defence.png,battle,true
effect,warhammer_3,8.1.1,24237342,Chaos Dwarfs,chaos_dwarfs,wh3_dlc23_chd_zhatan,The Warhost of Zharr,wh3_dlc23_chd_chaos_dwarfs,wh3_dlc23_sc_chd_chaos_dwarfs,LOCKED_STANDARD,chd_mil@unspecified_campaign,generic_candidate,Conjunction of nonblank source faction/culture/subculture selectors; campaign condition preserved. Engine precedence is not decoded.,,chd_mil,,wh3_dlc23_chd_chaos_dwarfs,,,wh3_dlc23_tech_chd_military_16,,,wh3_dlc23_tech_chd_military_16,Boiling Blood Sacrifices,From such terrible events do wonderful things emerge. This is how the K'daai Zharr are made.,,wh3_dlc23_effect_force_stat_weapon_strength_chd_kdaai_destroyer,faction_to_force_own_unseen,10.0000,Weapon strength: %+n% for K'daai Destroyer units,,Military Technologies,Chaos Dwarf Military Technology Tree,,,,,,,,,,,,technology_effects_junction_tables,db/technology_effects_junction_tables/data__.tsv,1426,wh3_dlc23_tech_chd_military_16|wh3_dlc23_effect_force_stat_weapon_strength_chd_kdaai_destroyer,,,,,,,,,,,,,,,,,,,,,,,,,,,,,,,,,,,,,,,,,,,,,,,,,,,,,,,,,,,,,,,,,,,,,,,,,,,,weapon_damage.png,461,weapon_damage.png,battle,true
resource_cost,warhammer_3,8.1.1,24237342,Chaos Dwarfs,chaos_dwarfs,wh3_dlc23_chd_zhatan,The Warhost of Zharr,wh3_dlc23_chd_chaos_dwarfs,wh3_dlc23_sc_chd_chaos_dwarfs,LOCKED_STANDARD,chd_mil@unspecified_campaign,generic_candidate,Conjunction of nonblank source faction/culture/subculture selectors; campaign condition preserved. Engine precedence is not decoded.,,chd_mil,,wh3_dlc23_chd_chaos_dwarfs,,,wh3_dlc23_tech_chd_military_16,,,wh3_dlc23_tech_chd_military_16,Boiling Blood Sacrifices,From such terrible events do wonderful things emerge. This is how the K'daai Zharr are made.,,,,,,,Military Technologies,Chaos Dwarf Military Technology Tree,,,,,,,,,,,,resource_costs_tables,db/resource_costs_tables/data__.tsv,961,wh3_dlc23_tech_chd_military_high,,,,,,,,,,,,,,wh3_dlc23_tech_chd_military_high,,,,,,,,,,,,,,,,,,,,,,,,,,,,,,,,,,0,TECHNOLOGIES,TECHNOLOGIES,ARMY_UPKEEP,BACKGROUND_INCOME,,,,,,,,,,,,,,,,,,,,,,,,,,,,
pooled_resource_cost,warhammer_3,8.1.1,24237342,Chaos Dwarfs,chaos_dwarfs,wh3_dlc23_chd_zhatan,The Warhost of Zharr,wh3_dlc23_chd_chaos_dwarfs,wh3_dlc23_sc_chd_chaos_dwarfs,LOCKED_STANDARD,chd_mil@unspecified_campaign,generic_candidate,Conjunction of nonblank source faction/culture/subculture selectors; campaign condition preserved. Engine precedence is not decoded.,,chd_mil,,wh3_dlc23_chd_chaos_dwarfs,,,wh3_dlc23_tech_chd_military_16,,,wh3_dlc23_tech_chd_military_16,Boiling Blood Sacrifices,From such terrible events do wonderful things emerge. This is how the K'daai Zharr are made.,,,,,,,Military Technologies,Chaos Dwarf Military Technology Tree,,,,,,,,,,,,resource_cost_pooled_resource_junctions_tables,db/resource_cost_pooled_resource_junctions_tables/data__.tsv,1059,wh3_dlc23_chd_armaments_technology|wh3_dlc23_tech_chd_military_high,,,,,,,,,,,,,,wh3_dlc23_tech_chd_military_high,,,,,,,,,,,,,,,,,,,,,,,,,,,,,,,,,,,,,,,wh3_dlc23_chd_armaments_technology,-500,absolute,default,,,,,,,,,,,,,,,,,,,,,,,,
resource_factor,warhammer_3,8.1.1,24237342,Chaos Dwarfs,chaos_dwarfs,wh3_dlc23_chd_zhatan,The Warhost of Zharr,wh3_dlc23_chd_chaos_dwarfs,wh3_dlc23_sc_chd_chaos_dwarfs,LOCKED_STANDARD,chd_mil@unspecified_campaign,generic_candidate,Conjunction of nonblank source faction/culture/subculture selectors; campaign condition preserved. Engine precedence is not decoded.,,chd_mil,,wh3_dlc23_chd_chaos_dwarfs,,,wh3_dlc23_tech_chd_military_16,,,wh3_dlc23_tech_chd_military_16,Boiling Blood Sacrifices,From such terrible events do wonderful things emerge. This is how the K'daai Zharr are made.,,,,,,,Military Technologies,Chaos Dwarf Military Technology Tree,,,,,,,,,,,,pooled_resource_factor_junctions_tables,db/pooled_resource_factor_junctions_tables/data__.tsv,520,wh3_dlc23_chd_armaments_technology,,,,,,,,,,,,,,wh3_dlc23_tech_chd_military_high,,,,,,,,,,,,,,,,,,,,,,,,,,,,,,,,,,,,,,,,,,,wh3_dlc23_chd_armaments_technology,technology,wh3_dlc23_chd_armaments,-2147483647,0,,,,,,,,,,,,,,,,,,,
tab_membership,warhammer_3,8.1.1,24237342,Chaos Dwarfs,chaos_dwarfs,wh3_dlc23_chd_zhatan,The Warhost of Zharr,wh3_dlc23_chd_chaos_dwarfs,wh3_dlc23_sc_chd_chaos_dwarfs,LOCKED_STANDARD,chd_mil@unspecified_campaign,generic_candidate,Conjunction of nonblank source faction/culture/subculture selectors; campaign condition preserved. Engine precedence is not decoded.,,chd_mil,,wh3_dlc23_chd_chaos_dwarfs,,,wh3_dlc23_tech_chd_military_16,,,wh3_dlc23_tech_chd_military_16,Boiling Blood Sacrifices,From such terrible events do wonderful things emerge. This is how the K'daai Zharr are made.,,,,,,,Military Technologies,Chaos Dwarf Military Technology Tree,,,,,,,,,,,,technology_ui_tabs_to_technology_nodes_junctions_tables,db/technology_ui_tabs_to_technology_nodes_junctions_tables/data__.tsv,34,wh3_dlc23_tech_chd_military_16|chd_military,,,,,,,,,,,,,,,,,,,,,,,,,,,,,,,,,,,,,,,,,,,,,,,,,,,,,,,,,,,,,,,,,,,,,chd_military,,,,,,,,,,,
node,warhammer_3,8.1.1,24237342,Chaos Dwarfs,chaos_dwarfs,wh3_dlc23_chd_zhatan,The Warhost of Zharr,wh3_dlc23_chd_chaos_dwarfs,wh3_dlc23_sc_chd_chaos_dwarfs,LOCKED_STANDARD,chd_mil@unspecified_campaign,generic_candidate,Conjunction of nonblank source faction/culture/subculture selectors; campaign condition preserved. Engine precedence is not decoded.,,chd_mil,,wh3_dlc23_chd_chaos_dwarfs,,,wh3_dlc23_tech_chd_military_14,,,wh3_dlc23_tech_chd_military_14,Varied Training ,"Sometimes, the situation on the battlefield calls for a different approach. Therefore, units are trained to use a variety of arms and adapt to events as they unfold.",,,,,,,Military Technologies,Chaos Dwarf Military Technology Tree,,,,,,,,,,,structural_node,technology_nodes_tables,db/technology_nodes_tables/data__.tsv,825,wh3_dlc23_tech_chd_military_14,,,,,,,,5,7,300,0,0,,,0,0,65,,,,,,,,,,,,,,,,,,,,,,,,,,,,,,,,,,,,,,,,,,,,,,,,,,,,,,,,,,,,,,,
technology,warhammer_3,8.1.1,24237342,Chaos Dwarfs,chaos_dwarfs,wh3_dlc23_chd_zhatan,The Warhost of Zharr,wh3_dlc23_chd_chaos_dwarfs,wh3_dlc23_sc_chd_chaos_dwarfs,LOCKED_STANDARD,chd_mil@unspecified_campaign,generic_candidate,Conjunction of nonblank source faction/culture/subculture selectors; campaign condition preserved. Engine precedence is not decoded.,,chd_mil,,wh3_dlc23_chd_chaos_dwarfs,,,wh3_dlc23_tech_chd_military_14,,,wh3_dlc23_tech_chd_military_14,Varied Training ,"Sometimes, the situation on the battlefield calls for a different approach. Therefore, units are trained to use a variety of arms and adapt to events as they unfold.",,,,,,,Military Technologies,Chaos Dwarf Military Technology Tree,,,,,,,,,,,,technologies_tables,db/technologies_tables/data__.tsv,693,wh3_dlc23_tech_chd_military_14,,,,,,,,,,,,,,,,,,wh_main_chs_port_ruin,1,wh3_dlc23_tech_chd_military_14,false,false,placeholder.tga,2036273473,false,false,true,false,,,,,,,,,,,,,,,,,,,,,,,,,,,,,,,,,,,,,,,,,,,,,,,,,,,,
effect,warhammer_3,8.1.1,24237342,Chaos Dwarfs,chaos_dwarfs,wh3_dlc23_chd_zhatan,The Warhost of Zharr,wh3_dlc23_chd_chaos_dwarfs,wh3_dlc23_sc_chd_chaos_dwarfs,LOCKED_STANDARD,chd_mil@unspecified_campaign,generic_candidate,Conjunction of nonblank source faction/culture/subculture selectors; campaign condition preserved. Engine precedence is not decoded.,,chd_mil,,wh3_dlc23_chd_chaos_dwarfs,,,wh3_dlc23_tech_chd_military_14,,,wh3_dlc23_tech_chd_military_14,Varied Training ,"Sometimes, the situation on the battlefield calls for a different approach. Therefore, units are trained to use a variety of arms and adapt to events as they unfold.",,wh3_dlc23_chd_ritual_unit_cap_melee_missile_infantry_armaments_cost_mod,faction_to_faction_own_unseen,-10.0000,Armament cost: %+n% for increasing capacity of Melee and Missile Infantry units,,Military Technologies,Chaos Dwarf Military Technology Tree,,,,,,,,,,,,technology_effects_junction_tables,db/technology_effects_junction_tables/data__.tsv,1420,wh3_dlc23_tech_chd_military_14|wh3_dlc23_chd_ritual_unit_cap_melee_missile_infantry_armaments_cost_mod,,,,,,,,,,,,,,,,,,,,,,,,,,,,,,,,,,,,,,,,,,,,,,,,,,,,,,,,,,,,,,,,,,,,,,,,,,,,chd_armaments.png,1,chd_armaments.png,campaign,false
effect,warhammer_3,8.1.1,24237342,Chaos Dwarfs,chaos_dwarfs,wh3_dlc23_chd_zhatan,The Warhost of Zharr,wh3_dlc23_chd_chaos_dwarfs,wh3_dlc23_sc_chd_chaos_dwarfs,LOCKED_STANDARD,chd_mil@unspecified_campaign,generic_candidate,Conjunction of nonblank source faction/culture/subculture selectors; campaign condition preserved. Engine precedence is not decoded.,,chd_mil,,wh3_dlc23_chd_chaos_dwarfs,,,wh3_dlc23_tech_chd_military_14,,,wh3_dlc23_tech_chd_military_14,Varied Training ,"Sometimes, the situation on the battlefield calls for a different approach. Therefore, units are trained to use a variety of arms and adapt to events as they unfold.",,wh3_dlc23_effect_force_recruit_cost_chd_chaos_dwarf_infantry,faction_to_force_own_unseen,-10.0000,Recruitment cost: %+n% for Chaos Dwarf Infantry units,,Military Technologies,Chaos Dwarf Military Technology Tree,,,,,,,,,,,,technology_effects_junction_tables,db/technology_effects_junction_tables/data__.tsv,1421,wh3_dlc23_tech_chd_military_14|wh3_dlc23_effect_force_recruit_cost_chd_chaos_dwarf_infantry,,,,,,,,,,,,,,,,,,,,,,,,,,,,,,,,,,,,,,,,,,,,,,,,,,,,,,,,,,,,,,,,,,,,,,,,,,,,treasury.png,101,treasury.png,campaign,false
effect,warhammer_3,8.1.1,24237342,Chaos Dwarfs,chaos_dwarfs,wh3_dlc23_chd_zhatan,The Warhost of Zharr,wh3_dlc23_chd_chaos_dwarfs,wh3_dlc23_sc_chd_chaos_dwarfs,LOCKED_STANDARD,chd_mil@unspecified_campaign,generic_candidate,Conjunction of nonblank source faction/culture/subculture selectors; campaign condition preserved. Engine precedence is not decoded.,,chd_mil,,wh3_dlc23_chd_chaos_dwarfs,,,wh3_dlc23_tech_chd_military_14,,,wh3_dlc23_tech_chd_military_14,Varied Training ,"Sometimes, the situation on the battlefield calls for a different approach. Therefore, units are trained to use a variety of arms and adapt to events as they unfold.",,wh3_dlc23_effect_force_recruit_rank_chd_chaos_dwarf_infantry,faction_to_force_own_unseen,1.0000,Recruit rank: %+n for Chaos Dwarf Infantry,,Military Technologies,Chaos Dwarf Military Technology Tree,,,,,,,,,,,,technology_effects_junction_tables,db/technology_effects_junction_tables/data__.tsv,1422,wh3_dlc23_tech_chd_military_14|wh3_dlc23_effect_force_recruit_rank_chd_chaos_dwarf_infantry,,,,,,,,,,,,,,,,,,,,,,,,,,,,,,,,,,,,,,,,,,,,,,,,,,,,,,,,,,,,,,,,,,,,,,,,,,,,experience.png,120,experience.png,campaign,true
tab_membership,warhammer_3,8.1.1,24237342,Chaos Dwarfs,chaos_dwarfs,wh3_dlc23_chd_zhatan,The Warhost of Zharr,wh3_dlc23_chd_chaos_dwarfs,wh3_dlc23_sc_chd_chaos_dwarfs,LOCKED_STANDARD,chd_mil@unspecified_campaign,generic_candidate,Conjunction of nonblank source faction/culture/subculture selectors; campaign condition preserved. Engine precedence is not decoded.,,chd_mil,,wh3_dlc23_chd_chaos_dwarfs,,,wh3_dlc23_tech_chd_military_14,,,wh3_dlc23_tech_chd_military_14,Varied Training ,"Sometimes, the situation on the battlefield calls for a different approach. Therefore, units are trained to use a variety of arms and adapt to events as they unfold.",,,,,,,Military Technologies,Chaos Dwarf Military Technology Tree,,,,,,,,,,,,technology_ui_tabs_to_technology_nodes_junctions_tables,db/technology_ui_tabs_to_technology_nodes_junctions_tables/data__.tsv,32,wh3_dlc23_tech_chd_military_14|chd_military,,,,,,,,,,,,,,,,,,,,,,,,,,,,,,,,,,,,,,,,,,,,,,,,,,,,,,,,,,,,,,,,,,,,,chd_military,,,,,,,,,,,
node,warhammer_3,8.1.1,24237342,Chaos Dwarfs,chaos_dwarfs,wh3_dlc23_chd_zhatan,The Warhost of Zharr,wh3_dlc23_chd_chaos_dwarfs,wh3_dlc23_sc_chd_chaos_dwarfs,LOCKED_STANDARD,chd_mil@unspecified_campaign,generic_candidate,Conjunction of nonblank source faction/culture/subculture selectors; campaign condition preserved. Engine precedence is not decoded.,,chd_mil,,wh3_dlc23_chd_chaos_dwarfs,,,wh3_dlc23_tech_chd_military_10,,,wh3_dlc23_tech_chd_military_10,Tactical Review,"When the battle is over, the generals gather to consider what went well and what could be improved.",,,,,,,Military Technologies,Chaos Dwarf Military Technology Tree,,,,,,,,,,,structural_node,technology_nodes_tables,db/technology_nodes_tables/data__.tsv,821,wh3_dlc23_tech_chd_military_10,,,,,,,,7,7,400,0,0,,,0,-155,0,,,,,,,,,,,,,,,,,,,,,,,,,,,,,,,,,,,,,,,,,,,,,,,,,,,,,,,,,,,,,,,
technology,warhammer_3,8.1.1,24237342,Chaos Dwarfs,chaos_dwarfs,wh3_dlc23_chd_zhatan,The Warhost of Zharr,wh3_dlc23_chd_chaos_dwarfs,wh3_dlc23_sc_chd_chaos_dwarfs,LOCKED_STANDARD,chd_mil@unspecified_campaign,generic_candidate,Conjunction of nonblank source faction/culture/subculture selectors; campaign condition preserved. Engine precedence is not decoded.,,chd_mil,,wh3_dlc23_chd_chaos_dwarfs,,,wh3_dlc23_tech_chd_military_10,,,wh3_dlc23_tech_chd_military_10,Tactical Review,"When the battle is over, the generals gather to consider what went well and what could be improved.",,,,,,,Military Technologies,Chaos Dwarf Military Technology Tree,,,,,,,,,,,,technologies_tables,db/technologies_tables/data__.tsv,689,wh3_dlc23_tech_chd_military_10,,,,,,,,,,,,,,,,,,wh_main_chs_port_ruin,1,wh3_dlc23_tech_chd_military_10,false,false,placeholder.tga,1385628986,false,false,true,false,,,,,,,,,,,,,,,,,,,,,,,,,,,,,,,,,,,,,,,,,,,,,,,,,,,,
effect,warhammer_3,8.1.1,24237342,Chaos Dwarfs,chaos_dwarfs,wh3_dlc23_chd_zhatan,The Warhost of Zharr,wh3_dlc23_chd_chaos_dwarfs,wh3_dlc23_sc_chd_chaos_dwarfs,LOCKED_STANDARD,chd_mil@unspecified_campaign,generic_candidate,Conjunction of nonblank source faction/culture/subculture selectors; campaign condition preserved. Engine precedence is not decoded.,,chd_mil,,wh3_dlc23_chd_chaos_dwarfs,,,wh3_dlc23_tech_chd_military_10,,,wh3_dlc23_tech_chd_military_10,Tactical Review,"When the battle is over, the generals gather to consider what went well and what could be improved.",,wh3_main_effect_own_reinforcement_time_percentage_mod,faction_to_force_own,-25.0000,Battle reinforcement time: %+n%,,Military Technologies,Chaos Dwarf Military Technology Tree,,,,,,,,,,,,technology_effects_junction_tables,db/technology_effects_junction_tables/data__.tsv,1413,wh3_dlc23_tech_chd_military_10|wh3_main_effect_own_reinforcement_time_percentage_mod,,,,,,,,,,,,,,,,,,,,,,,,,,,,,,,,,,,,,,,,,,,,,,,,,,,,,,,,,,,,,,,,,,,,,,,,,,,,military.png,101,military.png,both,false
effect,warhammer_3,8.1.1,24237342,Chaos Dwarfs,chaos_dwarfs,wh3_dlc23_chd_zhatan,The Warhost of Zharr,wh3_dlc23_chd_chaos_dwarfs,wh3_dlc23_sc_chd_chaos_dwarfs,LOCKED_STANDARD,chd_mil@unspecified_campaign,generic_candidate,Conjunction of nonblank source faction/culture/subculture selectors; campaign condition preserved. Engine precedence is not decoded.,,chd_mil,,wh3_dlc23_chd_chaos_dwarfs,,,wh3_dlc23_tech_chd_military_10,,,wh3_dlc23_tech_chd_military_10,Tactical Review,"When the battle is over, the generals gather to consider what went well and what could be improved.",,wh_main_effect_force_all_campaign_reinforcement_range,faction_to_character_own_factionwide_armytext,25.0000,Reinforcement range: %+n%,,Military Technologies,Chaos Dwarf Military Technology Tree,,,,,,,,,,,,technology_effects_junction_tables,db/technology_effects_junction_tables/data__.tsv,1414,wh3_dlc23_tech_chd_military_10|wh_main_effect_force_all_campaign_reinforcement_range,,,,,,,,,,,,,,,,,,,,,,,,,,,,,,,,,,,,,,,,,,,,,,,,,,,,,,,,,,,,,,,,,,,,,,,,,,,,military.png,101,military.png,campaign,true
tab_membership,warhammer_3,8.1.1,24237342,Chaos Dwarfs,chaos_dwarfs,wh3_dlc23_chd_zhatan,The Warhost of Zharr,wh3_dlc23_chd_chaos_dwarfs,wh3_dlc23_sc_chd_chaos_dwarfs,LOCKED_STANDARD,chd_mil@unspecified_campaign,generic_candidate,Conjunction of nonblank source faction/culture/subculture selectors; campaign condition preserved. Engine precedence is not decoded.,,chd_mil,,wh3_dlc23_chd_chaos_dwarfs,,,wh3_dlc23_tech_chd_military_10,,,wh3_dlc23_tech_chd_military_10,Tactical Review,"When the battle is over, the generals gather to consider what went well and what could be improved.",,,,,,,Military Technologies,Chaos Dwarf Military Technology Tree,,,,,,,,,,,,technology_ui_tabs_to_technology_nodes_junctions_tables,db/technology_ui_tabs_to_technology_nodes_junctions_tables/data__.tsv,28,wh3_dlc23_tech_chd_military_10|chd_military,,,,,,,,,,,,,,,,,,,,,,,,,,,,,,,,,,,,,,,,,,,,,,,,,,,,,,,,,,,,,,,,,,,,,chd_military,,,,,,,,,,,
node,warhammer_3,8.1.1,24237342,Chaos Dwarfs,chaos_dwarfs,wh3_dlc23_chd_zhatan,The Warhost of Zharr,wh3_dlc23_chd_chaos_dwarfs,wh3_dlc23_sc_chd_chaos_dwarfs,LOCKED_STANDARD,chd_mil@unspecified_campaign,generic_candidate,Conjunction of nonblank source faction/culture/subculture selectors; campaign condition preserved. Engine precedence is not decoded.,,chd_mil,,wh3_dlc23_chd_chaos_dwarfs,,,wh3_dlc23_tech_chd_military_4,,,wh3_dlc23_tech_chd_military_4,Hollow Rounds,"A high-velocity bullet at close range can damage the mind: shattering the skull, shredding the brain, severing the spine.",,,,,,,Military Technologies,Chaos Dwarf Military Technology Tree,,,,,,,,,,,structural_node,technology_nodes_tables,db/technology_nodes_tables/data__.tsv,843,wh3_dlc23_tech_chd_military_4,,,,,,,,9,7,300,0,0,,,0,0,0,,,,,,,,,,,,,,,,,,,,,,,,,,,,,,,,,,,,,,,,,,,,,,,,,,,,,,,,,,,,,,,
technology,warhammer_3,8.1.1,24237342,Chaos Dwarfs,chaos_dwarfs,wh3_dlc23_chd_zhatan,The Warhost of Zharr,wh3_dlc23_chd_chaos_dwarfs,wh3_dlc23_sc_chd_chaos_dwarfs,LOCKED_STANDARD,chd_mil@unspecified_campaign,generic_candidate,Conjunction of nonblank source faction/culture/subculture selectors; campaign condition preserved. Engine precedence is not decoded.,,chd_mil,,wh3_dlc23_chd_chaos_dwarfs,,,wh3_dlc23_tech_chd_military_4,,,wh3_dlc23_tech_chd_military_4,Hollow Rounds,"A high-velocity bullet at close range can damage the mind: shattering the skull, shredding the brain, severing the spine.",,,,,,,Military Technologies,Chaos Dwarf Military Technology Tree,,,,,,,,,,,,technologies_tables,db/technologies_tables/data__.tsv,711,wh3_dlc23_tech_chd_military_4,,,,,,,,,,,,,,,,,,wh_main_chs_port_ruin,1,wh3_dlc23_tech_chd_military_4,false,false,placeholder.tga,1440094636,false,false,true,false,,,,,,,,,,,,,,,,,,,,,,,,,,,,,,,,,,,,,,,,,,,,,,,,,,,,
effect,warhammer_3,8.1.1,24237342,Chaos Dwarfs,chaos_dwarfs,wh3_dlc23_chd_zhatan,The Warhost of Zharr,wh3_dlc23_chd_chaos_dwarfs,wh3_dlc23_sc_chd_chaos_dwarfs,LOCKED_STANDARD,chd_mil@unspecified_campaign,generic_candidate,Conjunction of nonblank source faction/culture/subculture selectors; campaign condition preserved. Engine precedence is not decoded.,,chd_mil,,wh3_dlc23_chd_chaos_dwarfs,,,wh3_dlc23_tech_chd_military_4,,,wh3_dlc23_tech_chd_military_4,Hollow Rounds,"A high-velocity bullet at close range can damage the mind: shattering the skull, shredding the brain, severing the spine.",,wh3_dlc23_effect_force_stat_missile_damage_chd_missiles_chaos_dwarfs,faction_to_force_own_unseen,8.0000,Missile strength: %+n% for Chaos Dwarf Blunderbusses and Infernal Guard (Fireglaives) units,,Military Technologies,Chaos Dwarf Military Technology Tree,,,,,,,,,,,,technology_effects_junction_tables,db/technology_effects_junction_tables/data__.tsv,1461,wh3_dlc23_tech_chd_military_4|wh3_dlc23_effect_force_stat_missile_damage_chd_missiles_chaos_dwarfs,,,,,,,,,,,,,,,,,,,,,,,,,,,,,,,,,,,,,,,,,,,,,,,,,,,,,,,,,,,,,,,,,,,,,,,,,,,,ranged_damage.png,541,ranged_damage.png,battle,true
effect,warhammer_3,8.1.1,24237342,Chaos Dwarfs,chaos_dwarfs,wh3_dlc23_chd_zhatan,The Warhost of Zharr,wh3_dlc23_chd_chaos_dwarfs,wh3_dlc23_sc_chd_chaos_dwarfs,LOCKED_STANDARD,chd_mil@unspecified_campaign,generic_candidate,Conjunction of nonblank source faction/culture/subculture selectors; campaign condition preserved. Engine precedence is not decoded.,,chd_mil,,wh3_dlc23_chd_chaos_dwarfs,,,wh3_dlc23_tech_chd_military_4,,,wh3_dlc23_tech_chd_military_4,Hollow Rounds,"A high-velocity bullet at close range can damage the mind: shattering the skull, shredding the brain, severing the spine.",,wh3_dlc23_effect_force_stat_reload_chd_missiles_chaos_dwarfs,faction_to_force_own_unseen,6.0000,Reload time reduction: %+n% for Chaos Dwarf Blunderbusses and Infernal Guard (Fireglaives) units,,Military Technologies,Chaos Dwarf Military Technology Tree,,,,,,,,,,,,technology_effects_junction_tables,db/technology_effects_junction_tables/data__.tsv,1462,wh3_dlc23_tech_chd_military_4|wh3_dlc23_effect_force_stat_reload_chd_missiles_chaos_dwarfs,,,,,,,,,,,,,,,,,,,,,,,,,,,,,,,,,,,,,,,,,,,,,,,,,,,,,,,,,,,,,,,,,,,,,,,,,,,,icon_stat_reload_time_force.png,561,icon_stat_reload_time_force.png,battle,true
tab_membership,warhammer_3,8.1.1,24237342,Chaos Dwarfs,chaos_dwarfs,wh3_dlc23_chd_zhatan,The Warhost of Zharr,wh3_dlc23_chd_chaos_dwarfs,wh3_dlc23_sc_chd_chaos_dwarfs,LOCKED_STANDARD,chd_mil@unspecified_campaign,generic_candidate,Conjunction of nonblank source faction/culture/subculture selectors; campaign condition preserved. Engine precedence is not decoded.,,chd_mil,,wh3_dlc23_chd_chaos_dwarfs,,,wh3_dlc23_tech_chd_military_4,,,wh3_dlc23_tech_chd_military_4,Hollow Rounds,"A high-velocity bullet at close range can damage the mind: shattering the skull, shredding the brain, severing the spine.",,,,,,,Military Technologies,Chaos Dwarf Military Technology Tree,,,,,,,,,,,,technology_ui_tabs_to_technology_nodes_junctions_tables,db/technology_ui_tabs_to_technology_nodes_junctions_tables/data__.tsv,50,wh3_dlc23_tech_chd_military_4|chd_military,,,,,,,,,,,,,,,,,,,,,,,,,,,,,,,,,,,,,,,,,,,,,,,,,,,,,,,,,,,,,,,,,,,,,chd_military,,,,,,,,,,,
node,warhammer_3,8.1.1,24237342,Chaos Dwarfs,chaos_dwarfs,wh3_dlc23_chd_zhatan,The Warhost of Zharr,wh3_dlc23_chd_chaos_dwarfs,wh3_dlc23_sc_chd_chaos_dwarfs,LOCKED_STANDARD,chd_mil@unspecified_campaign,generic_candidate,Conjunction of nonblank source faction/culture/subculture selectors; campaign condition preserved. Engine precedence is not decoded.,,chd_mil,,wh3_dlc23_chd_chaos_dwarfs,,,wh3_dlc23_tech_chd_sorcery_22,,,wh3_dlc23_tech_chd_sorcery_22,Mass Sacrifices,"The Winds of Magic obey those willing to lay lives on the line to achieve their aims. Not their own lives, of course.",,,,,,,Military Technologies,Chaos Dwarf Military Technology Tree,,,,,,,,,,,structural_node,technology_nodes_tables,db/technology_nodes_tables/data__.tsv,864,wh3_dlc23_tech_chd_sorcery_22,,,,,,,,0,10,500,0,0,,,0,300,20,,,,,,,,,,,,,,,,,,,,,,,,,,,,,,,,,,,,,,,,,,,,,,,,,,,,,,,,,,,,,,,
technology,warhammer_3,8.1.1,24237342,Chaos Dwarfs,chaos_dwarfs,wh3_dlc23_chd_zhatan,The Warhost of Zharr,wh3_dlc23_chd_chaos_dwarfs,wh3_dlc23_sc_chd_chaos_dwarfs,LOCKED_STANDARD,chd_mil@unspecified_campaign,generic_candidate,Conjunction of nonblank source faction/culture/subculture selectors; campaign condition preserved. Engine precedence is not decoded.,,chd_mil,,wh3_dlc23_chd_chaos_dwarfs,,,wh3_dlc23_tech_chd_sorcery_22,,,wh3_dlc23_tech_chd_sorcery_22,Mass Sacrifices,"The Winds of Magic obey those willing to lay lives on the line to achieve their aims. Not their own lives, of course.",,,,,,,Military Technologies,Chaos Dwarf Military Technology Tree,,,,,,,,,,,,technologies_tables,db/technologies_tables/data__.tsv,732,wh3_dlc23_tech_chd_sorcery_22,,,,,,,,,,,,,,,,,,wh_main_chs_port_ruin,1,wh3_dlc23_tech_chd_sorcery_22,false,false,placeholder.tga,714575837,false,false,true,false,,,,,,,,,,,,,,,,,,,,,,,,,,,,,,,,,,,,,,,,,,,,,,,,,,,,
effect,warhammer_3,8.1.1,24237342,Chaos Dwarfs,chaos_dwarfs,wh3_dlc23_chd_zhatan,The Warhost of Zharr,wh3_dlc23_chd_chaos_dwarfs,wh3_dlc23_sc_chd_chaos_dwarfs,LOCKED_STANDARD,chd_mil@unspecified_campaign,generic_candidate,Conjunction of nonblank source faction/culture/subculture selectors; campaign condition preserved. Engine precedence is not decoded.,,chd_mil,,wh3_dlc23_chd_chaos_dwarfs,,,wh3_dlc23_tech_chd_sorcery_22,,,wh3_dlc23_tech_chd_sorcery_22,Mass Sacrifices,"The Winds of Magic obey those willing to lay lives on the line to achieve their aims. Not their own lives, of course.",,wh3_main_effect_winds_of_magic_increase_chance_mod,faction_to_region_own,10.0000,Chance of Winds of Magic increasing in strength when changing: %+n%,,Military Technologies,Chaos Dwarf Military Technology Tree,,,,,,,,,,,,technology_effects_junction_tables,db/technology_effects_junction_tables/data__.tsv,1500,wh3_dlc23_tech_chd_sorcery_22|wh3_main_effect_winds_of_magic_increase_chance_mod,,,,,,,,,,,,,,,,,,,,,,,,,,,,,,,,,,,,,,,,,,,,,,,,,,,,,,,,,,,,,,,,,,,,,,,,,,,,magic_campaign.png,102,magic_campaign.png,campaign,true
effect,warhammer_3,8.1.1,24237342,Chaos Dwarfs,chaos_dwarfs,wh3_dlc23_chd_zhatan,The Warhost of Zharr,wh3_dlc23_chd_chaos_dwarfs,wh3_dlc23_sc_chd_chaos_dwarfs,LOCKED_STANDARD,chd_mil@unspecified_campaign,generic_candidate,Conjunction of nonblank source faction/culture/subculture selectors; campaign condition preserved. Engine precedence is not decoded.,,chd_mil,,wh3_dlc23_chd_chaos_dwarfs,,,wh3_dlc23_tech_chd_sorcery_22,,,wh3_dlc23_tech_chd_sorcery_22,Mass Sacrifices,"The Winds of Magic obey those willing to lay lives on the line to achieve their aims. Not their own lives, of course.",,wh3_main_effect_winds_of_magic_pool_cap,faction_to_army_own,20.0000,Winds of Magic power reserve capacity: %+n,,Military Technologies,Chaos Dwarf Military Technology Tree,,,,,,,,,,,,technology_effects_junction_tables,db/technology_effects_junction_tables/data__.tsv,1501,wh3_dlc23_tech_chd_sorcery_22|wh3_main_effect_winds_of_magic_pool_cap,,,,,,,,,,,,,,,,,,,,,,,,,,,,,,,,,,,,,,,,,,,,,,,,,,,,,,,,,,,,,,,,,,,,,,,,,,,,magic_campaign.png,390,magic_campaign.png,campaign,true
tab_membership,warhammer_3,8.1.1,24237342,Chaos Dwarfs,chaos_dwarfs,wh3_dlc23_chd_zhatan,The Warhost of Zharr,wh3_dlc23_chd_chaos_dwarfs,wh3_dlc23_sc_chd_chaos_dwarfs,LOCKED_STANDARD,chd_mil@unspecified_campaign,generic_candidate,Conjunction of nonblank source faction/culture/subculture selectors; campaign condition preserved. Engine precedence is not decoded.,,chd_mil,,wh3_dlc23_chd_chaos_dwarfs,,,wh3_dlc23_tech_chd_sorcery_22,,,wh3_dlc23_tech_chd_sorcery_22,Mass Sacrifices,"The Winds of Magic obey those willing to lay lives on the line to achieve their aims. Not their own lives, of course.",,,,,,,Military Technologies,Chaos Dwarf Military Technology Tree,,,,,,,,,,,,technology_ui_tabs_to_technology_nodes_junctions_tables,db/technology_ui_tabs_to_technology_nodes_junctions_tables/data__.tsv,70,wh3_dlc23_tech_chd_sorcery_22|chd_sorcery,,,,,,,,,,,,,,,,,,,,,,,,,,,,,,,,,,,,,,,,,,,,,,,,,,,,,,,,,,,,,,,,,,,,,chd_sorcery,,,,,,,,,,,
node,warhammer_3,8.1.1,24237342,Chaos Dwarfs,chaos_dwarfs,wh3_dlc23_chd_zhatan,The Warhost of Zharr,wh3_dlc23_chd_chaos_dwarfs,wh3_dlc23_sc_chd_chaos_dwarfs,LOCKED_STANDARD,chd_mil@unspecified_campaign,generic_candidate,Conjunction of nonblank source faction/culture/subculture selectors; campaign condition preserved. Engine precedence is not decoded.,,chd_mil,,wh3_dlc23_chd_chaos_dwarfs,,,wh3_dlc23_tech_chd_sorcery_18,,,wh3_dlc23_tech_chd_sorcery_18,Shyish Bound,"Shyish brings about bodily mineralisation to Dawi-Zharr Sorcerers no slower than other lores, but those who use it pay the price gladly. ",,,,,,,Military Technologies,Chaos Dwarf Military Technology Tree,,,,,,,,,,,structural_node,technology_nodes_tables,db/technology_nodes_tables/data__.tsv,859,wh3_dlc23_tech_chd_sorcery_18,,,,,,,,1,10,500,0,0,,,0,360,40,,,,,,,,,,,,,,,,,,,,,,,,,,,,,,,,,,,,,,,,,,,,,,,,,,,,,,,,,,,,,,,
technology,warhammer_3,8.1.1,24237342,Chaos Dwarfs,chaos_dwarfs,wh3_dlc23_chd_zhatan,The Warhost of Zharr,wh3_dlc23_chd_chaos_dwarfs,wh3_dlc23_sc_chd_chaos_dwarfs,LOCKED_STANDARD,chd_mil@unspecified_campaign,generic_candidate,Conjunction of nonblank source faction/culture/subculture selectors; campaign condition preserved. Engine precedence is not decoded.,,chd_mil,,wh3_dlc23_chd_chaos_dwarfs,,,wh3_dlc23_tech_chd_sorcery_18,,,wh3_dlc23_tech_chd_sorcery_18,Shyish Bound,"Shyish brings about bodily mineralisation to Dawi-Zharr Sorcerers no slower than other lores, but those who use it pay the price gladly. ",,,,,,,Military Technologies,Chaos Dwarf Military Technology Tree,,,,,,,,,,,,technologies_tables,db/technologies_tables/data__.tsv,727,wh3_dlc23_tech_chd_sorcery_18,,,,,,,,,,,,,,,,,,wh_main_chs_port_ruin,1,wh3_dlc23_tech_chd_sorcery_18,false,false,placeholder.tga,627094333,false,false,true,false,,,,,,,,,,,,,,,,,,,,,,,,,,,,,,,,,,,,,,,,,,,,,,,,,,,,
effect,warhammer_3,8.1.1,24237342,Chaos Dwarfs,chaos_dwarfs,wh3_dlc23_chd_zhatan,The Warhost of Zharr,wh3_dlc23_chd_chaos_dwarfs,wh3_dlc23_sc_chd_chaos_dwarfs,LOCKED_STANDARD,chd_mil@unspecified_campaign,generic_candidate,Conjunction of nonblank source faction/culture/subculture selectors; campaign condition preserved. Engine precedence is not decoded.,,chd_mil,,wh3_dlc23_chd_chaos_dwarfs,,,wh3_dlc23_tech_chd_sorcery_18,,,wh3_dlc23_tech_chd_sorcery_18,Shyish Bound,"Shyish brings about bodily mineralisation to Dawi-Zharr Sorcerers no slower than other lores, but those who use it pay the price gladly. ",,wh3_main_effect_ability_wom_cost_pct_death_spells,faction_to_force_own,-10.0000,Winds of Magic cost: %+n% for Lore of Death spells,,Military Technologies,Chaos Dwarf Military Technology Tree,,,,,,,,,,,,technology_effects_junction_tables,db/technology_effects_junction_tables/data__.tsv,1490,wh3_dlc23_tech_chd_sorcery_18|wh3_main_effect_ability_wom_cost_pct_death_spells,,,,,,,,,,,,,,,,,,,,,,,,,,,,,,,,,,,,,,,,,,,,,,,,,,,,,,,,,,,,,,,,,,,,,,,,,,,,magic_character.png,294,magic_character.png,battle,false
effect,warhammer_3,8.1.1,24237342,Chaos Dwarfs,chaos_dwarfs,wh3_dlc23_chd_zhatan,The Warhost of Zharr,wh3_dlc23_chd_chaos_dwarfs,wh3_dlc23_sc_chd_chaos_dwarfs,LOCKED_STANDARD,chd_mil@unspecified_campaign,generic_candidate,Conjunction of nonblank source faction/culture/subculture selectors; campaign condition preserved. Engine precedence is not decoded.,,chd_mil,,wh3_dlc23_chd_chaos_dwarfs,,,wh3_dlc23_tech_chd_sorcery_18,,,wh3_dlc23_tech_chd_sorcery_18,Shyish Bound,"Shyish brings about bodily mineralisation to Dawi-Zharr Sorcerers no slower than other lores, but those who use it pay the price gladly. ",,wh_main_effect_ability_cooldown_lore_of_death,faction_to_force_own,-10.0000,Cooldown: %+n% to Lore of Death spells,,Military Technologies,Chaos Dwarf Military Technology Tree,,,,,,,,,,,,technology_effects_junction_tables,db/technology_effects_junction_tables/data__.tsv,1491,wh3_dlc23_tech_chd_sorcery_18|wh_main_effect_ability_cooldown_lore_of_death,,,,,,,,,,,,,,,,,,,,,,,,,,,,,,,,,,,,,,,,,,,,,,,,,,,,,,,,,,,,,,,,,,,,,,,,,,,,magic_cooldown_character.png,293,magic_cooldown_character.png,both,false
tab_membership,warhammer_3,8.1.1,24237342,Chaos Dwarfs,chaos_dwarfs,wh3_dlc23_chd_zhatan,The Warhost of Zharr,wh3_dlc23_chd_chaos_dwarfs,wh3_dlc23_sc_chd_chaos_dwarfs,LOCKED_STANDARD,chd_mil@unspecified_campaign,generic_candidate,Conjunction of nonblank source faction/culture/subculture selectors; campaign condition preserved. Engine precedence is not decoded.,,chd_mil,,wh3_dlc23_chd_chaos_dwarfs,,,wh3_dlc23_tech_chd_sorcery_18,,,wh3_dlc23_tech_chd_sorcery_18,Shyish Bound,"Shyish brings about bodily mineralisation to Dawi-Zharr Sorcerers no slower than other lores, but those who use it pay the price gladly. ",,,,,,,Military Technologies,Chaos Dwarf Military Technology Tree,,,,,,,,,,,,technology_ui_tabs_to_technology_nodes_junctions_tables,db/technology_ui_tabs_to_technology_nodes_junctions_tables/data__.tsv,65,wh3_dlc23_tech_chd_sorcery_18|chd_sorcery,,,,,,,,,,,,,,,,,,,,,,,,,,,,,,,,,,,,,,,,,,,,,,,,,,,,,,,,,,,,,,,,,,,,,chd_sorcery,,,,,,,,,,,
node,warhammer_3,8.1.1,24237342,Chaos Dwarfs,chaos_dwarfs,wh3_dlc23_chd_zhatan,The Warhost of Zharr,wh3_dlc23_chd_chaos_dwarfs,wh3_dlc23_sc_chd_chaos_dwarfs,LOCKED_STANDARD,chd_mil@unspecified_campaign,generic_candidate,Conjunction of nonblank source faction/culture/subculture selectors; campaign condition preserved. Engine precedence is not decoded.,,chd_mil,,wh3_dlc23_chd_chaos_dwarfs,,,wh3_dlc23_tech_chd_sorcery_13,,,wh3_dlc23_tech_chd_sorcery_13,Sacrificial Vats,"The bigger the receptacle of molten metal, the more screaming sacrifices that can be fed to it at once. ",,,,,,,Military Technologies,Chaos Dwarf Military Technology Tree,,,,,,,,,,,structural_node,technology_nodes_tables,db/technology_nodes_tables/data__.tsv,854,wh3_dlc23_tech_chd_sorcery_13,,,,,,,,2,11,400,0,0,,,0,150,40,,,,,,,,,,,,,,,,,,,,,,,,,,,,,,,,,,,,,,,,,,,,,,,,,,,,,,,,,,,,,,,
technology,warhammer_3,8.1.1,24237342,Chaos Dwarfs,chaos_dwarfs,wh3_dlc23_chd_zhatan,The Warhost of Zharr,wh3_dlc23_chd_chaos_dwarfs,wh3_dlc23_sc_chd_chaos_dwarfs,LOCKED_STANDARD,chd_mil@unspecified_campaign,generic_candidate,Conjunction of nonblank source faction/culture/subculture selectors; campaign condition preserved. Engine precedence is not decoded.,,chd_mil,,wh3_dlc23_chd_chaos_dwarfs,,,wh3_dlc23_tech_chd_sorcery_13,,,wh3_dlc23_tech_chd_sorcery_13,Sacrificial Vats,"The bigger the receptacle of molten metal, the more screaming sacrifices that can be fed to it at once. ",,,,,,,Military Technologies,Chaos Dwarf Military Technology Tree,,,,,,,,,,,,technologies_tables,db/technologies_tables/data__.tsv,722,wh3_dlc23_tech_chd_sorcery_13,,,,,,,,,,,,,,,,,,wh_main_chs_port_ruin,1,wh3_dlc23_tech_chd_sorcery_13,false,false,placeholder.tga,145534938,false,false,true,false,,,,,,,,,,,,,,,,,,,,,,,,,,,,,,,,,,,,,,,,,,,,,,,,,,,,
effect,warhammer_3,8.1.1,24237342,Chaos Dwarfs,chaos_dwarfs,wh3_dlc23_chd_zhatan,The Warhost of Zharr,wh3_dlc23_chd_chaos_dwarfs,wh3_dlc23_sc_chd_chaos_dwarfs,LOCKED_STANDARD,chd_mil@unspecified_campaign,generic_candidate,Conjunction of nonblank source faction/culture/subculture selectors; campaign condition preserved. Engine precedence is not decoded.,,chd_mil,,wh3_dlc23_chd_chaos_dwarfs,,,wh3_dlc23_tech_chd_sorcery_13,,,wh3_dlc23_tech_chd_sorcery_13,Sacrificial Vats,"The bigger the receptacle of molten metal, the more screaming sacrifices that can be fed to it at once. ",,wh3_dlc23_effect_enable_ritual_chd_labour_gift_zhar_naggrund_upgraded,faction_to_faction_own_unseen,5.0000,[[col:yellow]]Sacrifices for Zharr-Naggrund[[/col]] Labour action: additional [[img:icon_conclave_influence]][[/img]] Conclave Influence %+n,,Military Technologies,Chaos Dwarf Military Technology Tree,,,,,,,,,,,,technology_effects_junction_tables,db/technology_effects_junction_tables/data__.tsv,1481,wh3_dlc23_tech_chd_sorcery_13|wh3_dlc23_effect_enable_ritual_chd_labour_gift_zhar_naggrund_upgraded,,,,,,,,,,,,,,,,,,,,,,,,,,,,,,,,,,,,,,,,,,,,,,,,,,,,,,,,,,,,,,,,,,,,,,,,,,,,chd_conclave_influence.png,1,chd_conclave_influence.png,campaign,true
tab_membership,warhammer_3,8.1.1,24237342,Chaos Dwarfs,chaos_dwarfs,wh3_dlc23_chd_zhatan,The Warhost of Zharr,wh3_dlc23_chd_chaos_dwarfs,wh3_dlc23_sc_chd_chaos_dwarfs,LOCKED_STANDARD,chd_mil@unspecified_campaign,generic_candidate,Conjunction of nonblank source faction/culture/subculture selectors; campaign condition preserved. Engine precedence is not decoded.,,chd_mil,,wh3_dlc23_chd_chaos_dwarfs,,,wh3_dlc23_tech_chd_sorcery_13,,,wh3_dlc23_tech_chd_sorcery_13,Sacrificial Vats,"The bigger the receptacle of molten metal, the more screaming sacrifices that can be fed to it at once. ",,,,,,,Military Technologies,Chaos Dwarf Military Technology Tree,,,,,,,,,,,,technology_ui_tabs_to_technology_nodes_junctions_tables,db/technology_ui_tabs_to_technology_nodes_junctions_tables/data__.tsv,60,wh3_dlc23_tech_chd_sorcery_13|chd_sorcery,,,,,,,,,,,,,,,,,,,,,,,,,,,,,,,,,,,,,,,,,,,,,,,,,,,,,,,,,,,,,,,,,,,,,chd_sorcery,,,,,,,,,,,
node,warhammer_3,8.1.1,24237342,Chaos Dwarfs,chaos_dwarfs,wh3_dlc23_chd_zhatan,The Warhost of Zharr,wh3_dlc23_chd_chaos_dwarfs,wh3_dlc23_sc_chd_chaos_dwarfs,LOCKED_STANDARD,chd_mil@unspecified_campaign,generic_candidate,Conjunction of nonblank source faction/culture/subculture selectors; campaign condition preserved. Engine precedence is not decoded.,,chd_mil,,wh3_dlc23_chd_chaos_dwarfs,,,wh3_dlc23_tech_chd_sorcery_14,,,wh3_dlc23_tech_chd_sorcery_14,Hashut Bound,"As the pact between the Chaos Dwarfs and their Dark God deepens, the tendrils of Hashut’s malevolence become one with their bitter souls.",,,,,,,Military Technologies,Chaos Dwarf Military Technology Tree,,,,,,,,,,,structural_node,technology_nodes_tables,db/technology_nodes_tables/data__.tsv,855,wh3_dlc23_tech_chd_sorcery_14,,,,,,,,2,12,100,0,0,,wh3_dlc23_tech_chd_sorcery_medium,0,150,40,,,,,,,,,,,,,,,,,,,,,,,,,,,,,,,,,,,,,,,,,,,,,,,,,,,,,,,,,,,,,,,
technology,warhammer_3,8.1.1,24237342,Chaos Dwarfs,chaos_dwarfs,wh3_dlc23_chd_zhatan,The Warhost of Zharr,wh3_dlc23_chd_chaos_dwarfs,wh3_dlc23_sc_chd_chaos_dwarfs,LOCKED_STANDARD,chd_mil@unspecified_campaign,generic_candidate,Conjunction of nonblank source faction/culture/subculture selectors; campaign condition preserved. Engine precedence is not decoded.,,chd_mil,,wh3_dlc23_chd_chaos_dwarfs,,,wh3_dlc23_tech_chd_sorcery_14,,,wh3_dlc23_tech_chd_sorcery_14,Hashut Bound,"As the pact between the Chaos Dwarfs and their Dark God deepens, the tendrils of Hashut’s malevolence become one with their bitter souls.",,,,,,,Military Technologies,Chaos Dwarf Military Technology Tree,,,,,,,,,,,,technologies_tables,db/technologies_tables/data__.tsv,723,wh3_dlc23_tech_chd_sorcery_14,,,,,,,,,,,,,,,,,,wh_main_chs_port_ruin,1,wh3_dlc23_tech_chd_sorcery_14,false,false,placeholder.tga,1352208891,false,false,true,false,,,,,,,,,,,,,,,,,,,,,,,,,,,,,,,,,,,,,,,,,,,,,,,,,,,,
effect,warhammer_3,8.1.1,24237342,Chaos Dwarfs,chaos_dwarfs,wh3_dlc23_chd_zhatan,The Warhost of Zharr,wh3_dlc23_chd_chaos_dwarfs,wh3_dlc23_sc_chd_chaos_dwarfs,LOCKED_STANDARD,chd_mil@unspecified_campaign,generic_candidate,Conjunction of nonblank source faction/culture/subculture selectors; campaign condition preserved. Engine precedence is not decoded.,,chd_mil,,wh3_dlc23_chd_chaos_dwarfs,,,wh3_dlc23_tech_chd_sorcery_14,,,wh3_dlc23_tech_chd_sorcery_14,Hashut Bound,"As the pact between the Chaos Dwarfs and their Dark God deepens, the tendrils of Hashut’s malevolence become one with their bitter souls.",,wh3_dlc23_effect_ability_cooldown_lore_of_hashut,faction_to_force_own,-10.0000,Cooldown: %+n% to Lore of Hashut spells,,Military Technologies,Chaos Dwarf Military Technology Tree,,,,,,,,,,,,technology_effects_junction_tables,db/technology_effects_junction_tables/data__.tsv,1482,wh3_dlc23_tech_chd_sorcery_14|wh3_dlc23_effect_ability_cooldown_lore_of_hashut,,,,,,,,,,,,,,,,,,,,,,,,,,,,,,,,,,,,,,,,,,,,,,,,,,,,,,,,,,,,,,,,,,,,,,,,,,,,magic_cooldown_character.png,293,magic_cooldown_character.png,both,false
effect,warhammer_3,8.1.1,24237342,Chaos Dwarfs,chaos_dwarfs,wh3_dlc23_chd_zhatan,The Warhost of Zharr,wh3_dlc23_chd_chaos_dwarfs,wh3_dlc23_sc_chd_chaos_dwarfs,LOCKED_STANDARD,chd_mil@unspecified_campaign,generic_candidate,Conjunction of nonblank source faction/culture/subculture selectors; campaign condition preserved. Engine precedence is not decoded.,,chd_mil,,wh3_dlc23_chd_chaos_dwarfs,,,wh3_dlc23_tech_chd_sorcery_14,,,wh3_dlc23_tech_chd_sorcery_14,Hashut Bound,"As the pact between the Chaos Dwarfs and their Dark God deepens, the tendrils of Hashut’s malevolence become one with their bitter souls.",,wh3_dlc23_effect_ability_wom_cost_pct_lore_of_hashut_spells,faction_to_force_own,-10.0000,Winds of Magic cost: %+n% for Lore of Hashut spells,,Military Technologies,Chaos Dwarf Military Technology Tree,,,,,,,,,,,,technology_effects_junction_tables,db/technology_effects_junction_tables/data__.tsv,1483,wh3_dlc23_tech_chd_sorcery_14|wh3_dlc23_effect_ability_wom_cost_pct_lore_of_hashut_spells,,,,,,,,,,,,,,,,,,,,,,,,,,,,,,,,,,,,,,,,,,,,,,,,,,,,,,,,,,,,,,,,,,,,,,,,,,,,magic_character.png,294,magic_character.png,battle,false
resource_cost,warhammer_3,8.1.1,24237342,Chaos Dwarfs,chaos_dwarfs,wh3_dlc23_chd_zhatan,The Warhost of Zharr,wh3_dlc23_chd_chaos_dwarfs,wh3_dlc23_sc_chd_chaos_dwarfs,LOCKED_STANDARD,chd_mil@unspecified_campaign,generic_candidate,Conjunction of nonblank source faction/culture/subculture selectors; campaign condition preserved. Engine precedence is not decoded.,,chd_mil,,wh3_dlc23_chd_chaos_dwarfs,,,wh3_dlc23_tech_chd_sorcery_14,,,wh3_dlc23_tech_chd_sorcery_14,Hashut Bound,"As the pact between the Chaos Dwarfs and their Dark God deepens, the tendrils of Hashut’s malevolence become one with their bitter souls.",,,,,,,Military Technologies,Chaos Dwarf Military Technology Tree,,,,,,,,,,,,resource_costs_tables,db/resource_costs_tables/data__.tsv,966,wh3_dlc23_tech_chd_sorcery_medium,,,,,,,,,,,,,,wh3_dlc23_tech_chd_sorcery_medium,,,,,,,,,,,,,,,,,,,,,,,,,,,,,,,,,,0,TECHNOLOGIES,TECHNOLOGIES,ARMY_UPKEEP,BACKGROUND_INCOME,,,,,,,,,,,,,,,,,,,,,,,,,,,,
pooled_resource_cost,warhammer_3,8.1.1,24237342,Chaos Dwarfs,chaos_dwarfs,wh3_dlc23_chd_zhatan,The Warhost of Zharr,wh3_dlc23_chd_chaos_dwarfs,wh3_dlc23_sc_chd_chaos_dwarfs,LOCKED_STANDARD,chd_mil@unspecified_campaign,generic_candidate,Conjunction of nonblank source faction/culture/subculture selectors; campaign condition preserved. Engine precedence is not decoded.,,chd_mil,,wh3_dlc23_chd_chaos_dwarfs,,,wh3_dlc23_tech_chd_sorcery_14,,,wh3_dlc23_tech_chd_sorcery_14,Hashut Bound,"As the pact between the Chaos Dwarfs and their Dark God deepens, the tendrils of Hashut’s malevolence become one with their bitter souls.",,,,,,,Military Technologies,Chaos Dwarf Military Technology Tree,,,,,,,,,,,,resource_cost_pooled_resource_junctions_tables,db/resource_cost_pooled_resource_junctions_tables/data__.tsv,1064,wh3_dlc23_chd_conclave_influence_spent_technology|wh3_dlc23_tech_chd_sorcery_medium,,,,,,,,,,,,,,wh3_dlc23_tech_chd_sorcery_medium,,,,,,,,,,,,,,,,,,,,,,,,,,,,,,,,,,,,,,,wh3_dlc23_chd_conclave_influence_spent_technology,-50,absolute,default,,,,,,,,,,,,,,,,,,,,,,,,
resource_factor,warhammer_3,8.1.1,24237342,Chaos Dwarfs,chaos_dwarfs,wh3_dlc23_chd_zhatan,The Warhost of Zharr,wh3_dlc23_chd_chaos_dwarfs,wh3_dlc23_sc_chd_chaos_dwarfs,LOCKED_STANDARD,chd_mil@unspecified_campaign,generic_candidate,Conjunction of nonblank source faction/culture/subculture selectors; campaign condition preserved. Engine precedence is not decoded.,,chd_mil,,wh3_dlc23_chd_chaos_dwarfs,,,wh3_dlc23_tech_chd_sorcery_14,,,wh3_dlc23_tech_chd_sorcery_14,Hashut Bound,"As the pact between the Chaos Dwarfs and their Dark God deepens, the tendrils of Hashut’s malevolence become one with their bitter souls.",,,,,,,Military Technologies,Chaos Dwarf Military Technology Tree,,,,,,,,,,,,pooled_resource_factor_junctions_tables,db/pooled_resource_factor_junctions_tables/data__.tsv,529,wh3_dlc23_chd_conclave_influence_spent_technology,,,,,,,,,,,,,,wh3_dlc23_tech_chd_sorcery_medium,,,,,,,,,,,,,,,,,,,,,,,,,,,,,,,,,,,,,,,,,,,wh3_dlc23_chd_conclave_influence_spent_technology,technology,wh3_dlc23_chd_conclave_influence,-2147483647,0,,,,,,,,,,,,,,,,,,,
tab_membership,warhammer_3,8.1.1,24237342,Chaos Dwarfs,chaos_dwarfs,wh3_dlc23_chd_zhatan,The Warhost of Zharr,wh3_dlc23_chd_chaos_dwarfs,wh3_dlc23_sc_chd_chaos_dwarfs,LOCKED_STANDARD,chd_mil@unspecified_campaign,generic_candidate,Conjunction of nonblank source faction/culture/subculture selectors; campaign condition preserved. Engine precedence is not decoded.,,chd_mil,,wh3_dlc23_chd_chaos_dwarfs,,,wh3_dlc23_tech_chd_sorcery_14,,,wh3_dlc23_tech_chd_sorcery_14,Hashut Bound,"As the pact between the Chaos Dwarfs and their Dark God deepens, the tendrils of Hashut’s malevolence become one with their bitter souls.",,,,,,,Military Technologies,Chaos Dwarf Military Technology Tree,,,,,,,,,,,,technology_ui_tabs_to_technology_nodes_junctions_tables,db/technology_ui_tabs_to_technology_nodes_junctions_tables/data__.tsv,61,wh3_dlc23_tech_chd_sorcery_14|chd_sorcery,,,,,,,,,,,,,,,,,,,,,,,,,,,,,,,,,,,,,,,,,,,,,,,,,,,,,,,,,,,,,,,,,,,,,chd_sorcery,,,,,,,,,,,
node,warhammer_3,8.1.1,24237342,Chaos Dwarfs,chaos_dwarfs,wh3_dlc23_chd_zhatan,The Warhost of Zharr,wh3_dlc23_chd_chaos_dwarfs,wh3_dlc23_sc_chd_chaos_dwarfs,LOCKED_STANDARD,chd_mil@unspecified_campaign,generic_candidate,Conjunction of nonblank source faction/culture/subculture selectors; campaign condition preserved. Engine precedence is not decoded.,,chd_mil,,wh3_dlc23_chd_chaos_dwarfs,,,wh3_dlc23_tech_chd_sorcery_11,,,wh3_dlc23_tech_chd_sorcery_11,Architects’ Decrees,Societal advancement is not possible unless the technocrats are given free rein.,,,,,,,Military Technologies,Chaos Dwarf Military Technology Tree,,,,,,,,,,,structural_node,technology_nodes_tables,db/technology_nodes_tables/data__.tsv,852,wh3_dlc23_tech_chd_sorcery_11,,,,,,,,3,12,400,0,0,,,0,150,40,,,,,,,,,,,,,,,,,,,,,,,,,,,,,,,,,,,,,,,,,,,,,,,,,,,,,,,,,,,,,,,
technology,warhammer_3,8.1.1,24237342,Chaos Dwarfs,chaos_dwarfs,wh3_dlc23_chd_zhatan,The Warhost of Zharr,wh3_dlc23_chd_chaos_dwarfs,wh3_dlc23_sc_chd_chaos_dwarfs,LOCKED_STANDARD,chd_mil@unspecified_campaign,generic_candidate,Conjunction of nonblank source faction/culture/subculture selectors; campaign condition preserved. Engine precedence is not decoded.,,chd_mil,,wh3_dlc23_chd_chaos_dwarfs,,,wh3_dlc23_tech_chd_sorcery_11,,,wh3_dlc23_tech_chd_sorcery_11,Architects’ Decrees,Societal advancement is not possible unless the technocrats are given free rein.,,,,,,,Military Technologies,Chaos Dwarf Military Technology Tree,,,,,,,,,,,,technologies_tables,db/technologies_tables/data__.tsv,720,wh3_dlc23_tech_chd_sorcery_11,,,,,,,,,,,,,,,,,,wh_main_chs_port_ruin,1,wh3_dlc23_tech_chd_sorcery_11,false,false,placeholder.tga,1676861210,false,false,true,false,,,,,,,,,,,,,,,,,,,,,,,,,,,,,,,,,,,,,,,,,,,,,,,,,,,,
effect,warhammer_3,8.1.1,24237342,Chaos Dwarfs,chaos_dwarfs,wh3_dlc23_chd_zhatan,The Warhost of Zharr,wh3_dlc23_chd_chaos_dwarfs,wh3_dlc23_sc_chd_chaos_dwarfs,LOCKED_STANDARD,chd_mil@unspecified_campaign,generic_candidate,Conjunction of nonblank source faction/culture/subculture selectors; campaign condition preserved. Engine precedence is not decoded.,,chd_mil,,wh3_dlc23_chd_chaos_dwarfs,,,wh3_dlc23_tech_chd_sorcery_11,,,wh3_dlc23_tech_chd_sorcery_11,Architects’ Decrees,Societal advancement is not possible unless the technocrats are given free rein.,,wh3_dlc23_effect_commandment_chd_construction_cost,faction_to_province_own_unseen,-10.0000,The Masterful Architects commandment: additional %+n% construction cost,,Military Technologies,Chaos Dwarf Military Technology Tree,,,,,,,,,,,,technology_effects_junction_tables,db/technology_effects_junction_tables/data__.tsv,1476,wh3_dlc23_tech_chd_sorcery_11|wh3_dlc23_effect_commandment_chd_construction_cost,,,,,,,,,,,,,,,,,,,,,,,,,,,,,,,,,,,,,,,,,,,,,,,,,,,,,,,,,,,,,,,,,,,,,,,,,,,,treasury.png,1,treasury.png,campaign,false
effect,warhammer_3,8.1.1,24237342,Chaos Dwarfs,chaos_dwarfs,wh3_dlc23_chd_zhatan,The Warhost of Zharr,wh3_dlc23_chd_chaos_dwarfs,wh3_dlc23_sc_chd_chaos_dwarfs,LOCKED_STANDARD,chd_mil@unspecified_campaign,generic_candidate,Conjunction of nonblank source faction/culture/subculture selectors; campaign condition preserved. Engine precedence is not decoded.,,chd_mil,,wh3_dlc23_chd_chaos_dwarfs,,,wh3_dlc23_tech_chd_sorcery_11,,,wh3_dlc23_tech_chd_sorcery_11,Architects’ Decrees,Societal advancement is not possible unless the technocrats are given free rein.,,wh3_dlc23_effect_commandment_chd_public_order,faction_to_province_own_unseen,2.0000,The Billowing Smoke Stacks commandment: additional %+n {{tr:public_order_effect}},,Military Technologies,Chaos Dwarf Military Technology Tree,,,,,,,,,,,,technology_effects_junction_tables,db/technology_effects_junction_tables/data__.tsv,1477,wh3_dlc23_tech_chd_sorcery_11|wh3_dlc23_effect_commandment_chd_public_order,,,,,,,,,,,,,,,,,,,,,,,,,,,,,,,,,,,,,,,,,,,,,,,,,,,,,,,,,,,,,,,,,,,,,,,,,,,,public_order.png,2,public_order.png,campaign,true
tab_membership,warhammer_3,8.1.1,24237342,Chaos Dwarfs,chaos_dwarfs,wh3_dlc23_chd_zhatan,The Warhost of Zharr,wh3_dlc23_chd_chaos_dwarfs,wh3_dlc23_sc_chd_chaos_dwarfs,LOCKED_STANDARD,chd_mil@unspecified_campaign,generic_candidate,Conjunction of nonblank source faction/culture/subculture selectors; campaign condition preserved. Engine precedence is not decoded.,,chd_mil,,wh3_dlc23_chd_chaos_dwarfs,,,wh3_dlc23_tech_chd_sorcery_11,,,wh3_dlc23_tech_chd_sorcery_11,Architects’ Decrees,Societal advancement is not possible unless the technocrats are given free rein.,,,,,,,Military Technologies,Chaos Dwarf Military Technology Tree,,,,,,,,,,,,technology_ui_tabs_to_technology_nodes_junctions_tables,db/technology_ui_tabs_to_technology_nodes_junctions_tables/data__.tsv,58,wh3_dlc23_tech_chd_sorcery_11|chd_sorcery,,,,,,,,,,,,,,,,,,,,,,,,,,,,,,,,,,,,,,,,,,,,,,,,,,,,,,,,,,,,,,,,,,,,,chd_sorcery,,,,,,,,,,,
node,warhammer_3,8.1.1,24237342,Chaos Dwarfs,chaos_dwarfs,wh3_dlc23_chd_zhatan,The Warhost of Zharr,wh3_dlc23_chd_chaos_dwarfs,wh3_dlc23_sc_chd_chaos_dwarfs,LOCKED_STANDARD,chd_mil@unspecified_campaign,generic_candidate,Conjunction of nonblank source faction/culture/subculture selectors; campaign condition preserved. Engine precedence is not decoded.,,chd_mil,,wh3_dlc23_chd_chaos_dwarfs,,,wh3_dlc23_tech_chd_sorcery_9,,,wh3_dlc23_tech_chd_sorcery_9,Mutual Benefits,"Not all Daemons must be bound to the Chaos Dwarfs' infernal engines – some simply hand over their lesser underlings, to the benefit of both parties.",,,,,,,Military Technologies,Chaos Dwarf Military Technology Tree,,,,,,,,,,,structural_node,technology_nodes_tables,db/technology_nodes_tables/data__.tsv,872,wh3_dlc23_tech_chd_sorcery_9,,,,,,,,4,12,400,0,0,,,0,150,40,,,,,,,,,,,,,,,,,,,,,,,,,,,,,,,,,,,,,,,,,,,,,,,,,,,,,,,,,,,,,,,
technology,warhammer_3,8.1.1,24237342,Chaos Dwarfs,chaos_dwarfs,wh3_dlc23_chd_zhatan,The Warhost of Zharr,wh3_dlc23_chd_chaos_dwarfs,wh3_dlc23_sc_chd_chaos_dwarfs,LOCKED_STANDARD,chd_mil@unspecified_campaign,generic_candidate,Conjunction of nonblank source faction/culture/subculture selectors; campaign condition preserved. Engine precedence is not decoded.,,chd_mil,,wh3_dlc23_chd_chaos_dwarfs,,,wh3_dlc23_tech_chd_sorcery_9,,,wh3_dlc23_tech_chd_sorcery_9,Mutual Benefits,"Not all Daemons must be bound to the Chaos Dwarfs' infernal engines – some simply hand over their lesser underlings, to the benefit of both parties.",,,,,,,Military Technologies,Chaos Dwarf Military Technology Tree,,,,,,,,,,,,technologies_tables,db/technologies_tables/data__.tsv,740,wh3_dlc23_tech_chd_sorcery_9,,,,,,,,,,,,,,,,,,wh_main_chs_port_ruin,1,wh3_dlc23_tech_chd_sorcery_9,false,false,placeholder.tga,1212444339,false,false,true,false,,,,,,,,,,,,,,,,,,,,,,,,,,,,,,,,,,,,,,,,,,,,,,,,,,,,
effect,warhammer_3,8.1.1,24237342,Chaos Dwarfs,chaos_dwarfs,wh3_dlc23_chd_zhatan,The Warhost of Zharr,wh3_dlc23_chd_chaos_dwarfs,wh3_dlc23_sc_chd_chaos_dwarfs,LOCKED_STANDARD,chd_mil@unspecified_campaign,generic_candidate,Conjunction of nonblank source faction/culture/subculture selectors; campaign condition preserved. Engine precedence is not decoded.,,chd_mil,,wh3_dlc23_chd_chaos_dwarfs,,,wh3_dlc23_tech_chd_sorcery_9,,,wh3_dlc23_tech_chd_sorcery_9,Mutual Benefits,"Not all Daemons must be bound to the Chaos Dwarfs' infernal engines – some simply hand over their lesser underlings, to the benefit of both parties.",,wh3_main_effect_allied_recruitment_global_pool_cost_percentage_mod,faction_to_faction_own_unseen,-15.0000,Allied recruitment cost: %+n%,,Military Technologies,Chaos Dwarf Military Technology Tree,,,,,,,,,,,,technology_effects_junction_tables,db/technology_effects_junction_tables/data__.tsv,1519,wh3_dlc23_tech_chd_sorcery_9|wh3_main_effect_allied_recruitment_global_pool_cost_percentage_mod,,,,,,,,,,,,,,,,,,,,,,,,,,,,,,,,,,,,,,,,,,,,,,,,,,,,,,,,,,,,,,,,,,,,,,,,,,,,allegiance.png,101,allegiance.png,campaign,false
effect,warhammer_3,8.1.1,24237342,Chaos Dwarfs,chaos_dwarfs,wh3_dlc23_chd_zhatan,The Warhost of Zharr,wh3_dlc23_chd_chaos_dwarfs,wh3_dlc23_sc_chd_chaos_dwarfs,LOCKED_STANDARD,chd_mil@unspecified_campaign,generic_candidate,Conjunction of nonblank source faction/culture/subculture selectors; campaign condition preserved. Engine precedence is not decoded.,,chd_mil,,wh3_dlc23_chd_chaos_dwarfs,,,wh3_dlc23_tech_chd_sorcery_9,,,wh3_dlc23_tech_chd_sorcery_9,Mutual Benefits,"Not all Daemons must be bound to the Chaos Dwarfs' infernal engines – some simply hand over their lesser underlings, to the benefit of both parties.",,wh3_main_faction_political_diplomacy_mod_daemons,faction_to_faction_own_unseen,20.0000,Diplomatic relations: %+n with Daemons of Chaos,,Military Technologies,Chaos Dwarf Military Technology Tree,,,,,,,,,,,,technology_effects_junction_tables,db/technology_effects_junction_tables/data__.tsv,1520,wh3_dlc23_tech_chd_sorcery_9|wh3_main_faction_political_diplomacy_mod_daemons,,,,,,,,,,,,,,,,,,,,,,,,,,,,,,,,,,,,,,,,,,,,,,,,,,,,,,,,,,,,,,,,,,,,,,,,,,,,diplomacy.png,5,diplomacy.png,campaign,true
tab_membership,warhammer_3,8.1.1,24237342,Chaos Dwarfs,chaos_dwarfs,wh3_dlc23_chd_zhatan,The Warhost of Zharr,wh3_dlc23_chd_chaos_dwarfs,wh3_dlc23_sc_chd_chaos_dwarfs,LOCKED_STANDARD,chd_mil@unspecified_campaign,generic_candidate,Conjunction of nonblank source faction/culture/subculture selectors; campaign condition preserved. Engine precedence is not decoded.,,chd_mil,,wh3_dlc23_chd_chaos_dwarfs,,,wh3_dlc23_tech_chd_sorcery_9,,,wh3_dlc23_tech_chd_sorcery_9,Mutual Benefits,"Not all Daemons must be bound to the Chaos Dwarfs' infernal engines – some simply hand over their lesser underlings, to the benefit of both parties.",,,,,,,Military Technologies,Chaos Dwarf Military Technology Tree,,,,,,,,,,,,technology_ui_tabs_to_technology_nodes_junctions_tables,db/technology_ui_tabs_to_technology_nodes_junctions_tables/data__.tsv,78,wh3_dlc23_tech_chd_sorcery_9|chd_sorcery,,,,,,,,,,,,,,,,,,,,,,,,,,,,,,,,,,,,,,,,,,,,,,,,,,,,,,,,,,,,,,,,,,,,,chd_sorcery,,,,,,,,,,,
node,warhammer_3,8.1.1,24237342,Chaos Dwarfs,chaos_dwarfs,wh3_dlc23_chd_zhatan,The Warhost of Zharr,wh3_dlc23_chd_chaos_dwarfs,wh3_dlc23_sc_chd_chaos_dwarfs,LOCKED_STANDARD,chd_mil@unspecified_campaign,generic_candidate,Conjunction of nonblank source faction/culture/subculture selectors; campaign condition preserved. Engine precedence is not decoded.,,chd_mil,,wh3_dlc23_chd_chaos_dwarfs,,,wh3_dlc23_tech_chd_sorcery_19,,,wh3_dlc23_tech_chd_sorcery_19,Imperishability Rituals,The terrible Chaos magics gifted by Hashut can endow those he deems worthy with unnatural longevity and durability.,,,,,,,Military Technologies,Chaos Dwarf Military Technology Tree,,,,,,,,,,,structural_node,technology_nodes_tables,db/technology_nodes_tables/data__.tsv,860,wh3_dlc23_tech_chd_sorcery_19,,,,,,,,1,13,500,0,0,,,0,60,40,,,,,,,,,,,,,,,,,,,,,,,,,,,,,,,,,,,,,,,,,,,,,,,,,,,,,,,,,,,,,,,
technology,warhammer_3,8.1.1,24237342,Chaos Dwarfs,chaos_dwarfs,wh3_dlc23_chd_zhatan,The Warhost of Zharr,wh3_dlc23_chd_chaos_dwarfs,wh3_dlc23_sc_chd_chaos_dwarfs,LOCKED_STANDARD,chd_mil@unspecified_campaign,generic_candidate,Conjunction of nonblank source faction/culture/subculture selectors; campaign condition preserved. Engine precedence is not decoded.,,chd_mil,,wh3_dlc23_chd_chaos_dwarfs,,,wh3_dlc23_tech_chd_sorcery_19,,,wh3_dlc23_tech_chd_sorcery_19,Imperishability Rituals,The terrible Chaos magics gifted by Hashut can endow those he deems worthy with unnatural longevity and durability.,,,,,,,Military Technologies,Chaos Dwarf Military Technology Tree,,,,,,,,,,,,technologies_tables,db/technologies_tables/data__.tsv,728,wh3_dlc23_tech_chd_sorcery_19,,,,,,,,,,,,,,,,,,wh_main_chs_port_ruin,1,wh3_dlc23_tech_chd_sorcery_19,false,false,placeholder.tga,1223438332,false,false,true,false,,,,,,,,,,,,,,,,,,,,,,,,,,,,,,,,,,,,,,,,,,,,,,,,,,,,
effect,warhammer_3,8.1.1,24237342,Chaos Dwarfs,chaos_dwarfs,wh3_dlc23_chd_zhatan,The Warhost of Zharr,wh3_dlc23_chd_chaos_dwarfs,wh3_dlc23_sc_chd_chaos_dwarfs,LOCKED_STANDARD,chd_mil@unspecified_campaign,generic_candidate,Conjunction of nonblank source faction/culture/subculture selectors; campaign condition preserved. Engine precedence is not decoded.,,chd_mil,,wh3_dlc23_chd_chaos_dwarfs,,,wh3_dlc23_tech_chd_sorcery_19,,,wh3_dlc23_tech_chd_sorcery_19,Imperishability Rituals,The terrible Chaos magics gifted by Hashut can endow those he deems worthy with unnatural longevity and durability.,,wh2_dlc09_effect_force_army_campaign_attrition_desert_immunity,faction_to_force_own,1.0000,Immune to Desert attrition,,Military Technologies,Chaos Dwarf Military Technology Tree,,,,,,,,,,,,technology_effects_junction_tables,db/technology_effects_junction_tables/data__.tsv,1492,wh3_dlc23_tech_chd_sorcery_19|wh2_dlc09_effect_force_army_campaign_attrition_desert_immunity,,,,,,,,,,,,,,,,,,,,,,,,,,,,,,,,,,,,,,,,,,,,,,,,,,,,,,,,,,,,,,,,,,,,,,,,,,,,attrition.png,56,attrition.png,campaign,true
effect,warhammer_3,8.1.1,24237342,Chaos Dwarfs,chaos_dwarfs,wh3_dlc23_chd_zhatan,The Warhost of Zharr,wh3_dlc23_chd_chaos_dwarfs,wh3_dlc23_sc_chd_chaos_dwarfs,LOCKED_STANDARD,chd_mil@unspecified_campaign,generic_candidate,Conjunction of nonblank source faction/culture/subculture selectors; campaign condition preserved. Engine precedence is not decoded.,,chd_mil,,wh3_dlc23_chd_chaos_dwarfs,,,wh3_dlc23_tech_chd_sorcery_19,,,wh3_dlc23_tech_chd_sorcery_19,Imperishability Rituals,The terrible Chaos magics gifted by Hashut can endow those he deems worthy with unnatural longevity and durability.,,wh_dlc05_effect_force_army_campaign_attrition_swamp_immunity,faction_to_force_own,1.0000,Immune to Swamp attrition,,Military Technologies,Chaos Dwarf Military Technology Tree,,,,,,,,,,,,technology_effects_junction_tables,db/technology_effects_junction_tables/data__.tsv,1493,wh3_dlc23_tech_chd_sorcery_19|wh_dlc05_effect_force_army_campaign_attrition_swamp_immunity,,,,,,,,,,,,,,,,,,,,,,,,,,,,,,,,,,,,,,,,,,,,,,,,,,,,,,,,,,,,,,,,,,,,,,,,,,,,attrition.png,56,attrition.png,campaign,true
tab_membership,warhammer_3,8.1.1,24237342,Chaos Dwarfs,chaos_dwarfs,wh3_dlc23_chd_zhatan,The Warhost of Zharr,wh3_dlc23_chd_chaos_dwarfs,wh3_dlc23_sc_chd_chaos_dwarfs,LOCKED_STANDARD,chd_mil@unspecified_campaign,generic_candidate,Conjunction of nonblank source faction/culture/subculture selectors; campaign condition preserved. Engine precedence is not decoded.,,chd_mil,,wh3_dlc23_chd_chaos_dwarfs,,,wh3_dlc23_tech_chd_sorcery_19,,,wh3_dlc23_tech_chd_sorcery_19,Imperishability Rituals,The terrible Chaos magics gifted by Hashut can endow those he deems worthy with unnatural longevity and durability.,,,,,,,Military Technologies,Chaos Dwarf Military Technology Tree,,,,,,,,,,,,technology_ui_tabs_to_technology_nodes_junctions_tables,db/technology_ui_tabs_to_technology_nodes_junctions_tables/data__.tsv,66,wh3_dlc23_tech_chd_sorcery_19|chd_sorcery,,,,,,,,,,,,,,,,,,,,,,,,,,,,,,,,,,,,,,,,,,,,,,,,,,,,,,,,,,,,,,,,,,,,,chd_sorcery,,,,,,,,,,,
node,warhammer_3,8.1.1,24237342,Chaos Dwarfs,chaos_dwarfs,wh3_dlc23_chd_zhatan,The Warhost of Zharr,wh3_dlc23_chd_chaos_dwarfs,wh3_dlc23_sc_chd_chaos_dwarfs,LOCKED_STANDARD,chd_mil@unspecified_campaign,generic_candidate,Conjunction of nonblank source faction/culture/subculture selectors; campaign condition preserved. Engine precedence is not decoded.,,chd_mil,,wh3_dlc23_chd_chaos_dwarfs,,,wh3_dlc23_tech_chd_sorcery_7,,,wh3_dlc23_tech_chd_sorcery_7,Signature Spellcasting,Sorcerer-Prophets practice these signature spells extensively to prepare themselves for more difficult ones that are easier to miscast… and with a greater risk of petrification!,,,,,,,Military Technologies,Chaos Dwarf Military Technology Tree,,,,,,,,,,,structural_node,technology_nodes_tables,db/technology_nodes_tables/data__.tsv,870,wh3_dlc23_tech_chd_sorcery_7,,,,,,,,5,13,100,0,0,,wh3_dlc23_tech_chd_sorcery_low,0,60,50,,,,,,,,,,,,,,,,,,,,,,,,,,,,,,,,,,,,,,,,,,,,,,,,,,,,,,,,,,,,,,,
technology,warhammer_3,8.1.1,24237342,Chaos Dwarfs,chaos_dwarfs,wh3_dlc23_chd_zhatan,The Warhost of Zharr,wh3_dlc23_chd_chaos_dwarfs,wh3_dlc23_sc_chd_chaos_dwarfs,LOCKED_STANDARD,chd_mil@unspecified_campaign,generic_candidate,Conjunction of nonblank source faction/culture/subculture selectors; campaign condition preserved. Engine precedence is not decoded.,,chd_mil,,wh3_dlc23_chd_chaos_dwarfs,,,wh3_dlc23_tech_chd_sorcery_7,,,wh3_dlc23_tech_chd_sorcery_7,Signature Spellcasting,Sorcerer-Prophets practice these signature spells extensively to prepare themselves for more difficult ones that are easier to miscast… and with a greater risk of petrification!,,,,,,,Military Technologies,Chaos Dwarf Military Technology Tree,,,,,,,,,,,,technologies_tables,db/technologies_tables/data__.tsv,738,wh3_dlc23_tech_chd_sorcery_7,,,,,,,,,,,,,,,,,,wh_main_chs_port_ruin,1,wh3_dlc23_tech_chd_sorcery_7,false,false,placeholder.tga,1064840244,false,false,true,false,,,,,,,,,,,,,,,,,,,,,,,,,,,,,,,,,,,,,,,,,,,,,,,,,,,,
effect,warhammer_3,8.1.1,24237342,Chaos Dwarfs,chaos_dwarfs,wh3_dlc23_chd_zhatan,The Warhost of Zharr,wh3_dlc23_chd_chaos_dwarfs,wh3_dlc23_sc_chd_chaos_dwarfs,LOCKED_STANDARD,chd_mil@unspecified_campaign,generic_candidate,Conjunction of nonblank source faction/culture/subculture selectors; campaign condition preserved. Engine precedence is not decoded.,,chd_mil,,wh3_dlc23_chd_chaos_dwarfs,,,wh3_dlc23_tech_chd_sorcery_7,,,wh3_dlc23_tech_chd_sorcery_7,Signature Spellcasting,Sorcerer-Prophets practice these signature spells extensively to prepare themselves for more difficult ones that are easier to miscast… and with a greater risk of petrification!,,wh2_main_effect_ability_wom_cost_spirit_leech,faction_to_force_own_unseen,-1.0000,"Winds of Magic cost: %n for ""Spirit Leech""",,Military Technologies,Chaos Dwarf Military Technology Tree,,,,,,,,,,,,technology_effects_junction_tables,db/technology_effects_junction_tables/data__.tsv,1514,wh3_dlc23_tech_chd_sorcery_7|wh2_main_effect_ability_wom_cost_spirit_leech,,,,,,,,,,,,,,,,,,,,,,,,,,,,,,,,,,,,,,,,,,,,,,,,,,,,,,,,,,,,,,,,,,,,,,,,,,,,magic_character.png,294,magic_character.png,both,false
effect,warhammer_3,8.1.1,24237342,Chaos Dwarfs,chaos_dwarfs,wh3_dlc23_chd_zhatan,The Warhost of Zharr,wh3_dlc23_chd_chaos_dwarfs,wh3_dlc23_sc_chd_chaos_dwarfs,LOCKED_STANDARD,chd_mil@unspecified_campaign,generic_candidate,Conjunction of nonblank source faction/culture/subculture selectors; campaign condition preserved. Engine precedence is not decoded.,,chd_mil,,wh3_dlc23_chd_chaos_dwarfs,,,wh3_dlc23_tech_chd_sorcery_7,,,wh3_dlc23_tech_chd_sorcery_7,Signature Spellcasting,Sorcerer-Prophets practice these signature spells extensively to prepare themselves for more difficult ones that are easier to miscast… and with a greater risk of petrification!,,wh3_dlc23_effect_ability_wom_cost_burning_wrath,faction_to_force_own_unseen,-1.0000,"Winds of Magic cost: %n for ""Burning Wrath""",,Military Technologies,Chaos Dwarf Military Technology Tree,,,,,,,,,,,,technology_effects_junction_tables,db/technology_effects_junction_tables/data__.tsv,1515,wh3_dlc23_tech_chd_sorcery_7|wh3_dlc23_effect_ability_wom_cost_burning_wrath,,,,,,,,,,,,,,,,,,,,,,,,,,,,,,,,,,,,,,,,,,,,,,,,,,,,,,,,,,,,,,,,,,,,,,,,,,,,magic_character.png,294,magic_character.png,both,false
effect,warhammer_3,8.1.1,24237342,Chaos Dwarfs,chaos_dwarfs,wh3_dlc23_chd_zhatan,The Warhost of Zharr,wh3_dlc23_chd_chaos_dwarfs,wh3_dlc23_sc_chd_chaos_dwarfs,LOCKED_STANDARD,chd_mil@unspecified_campaign,generic_candidate,Conjunction of nonblank source faction/culture/subculture selectors; campaign condition preserved. Engine precedence is not decoded.,,chd_mil,,wh3_dlc23_chd_chaos_dwarfs,,,wh3_dlc23_tech_chd_sorcery_7,,,wh3_dlc23_tech_chd_sorcery_7,Signature Spellcasting,Sorcerer-Prophets practice these signature spells extensively to prepare themselves for more difficult ones that are easier to miscast… and with a greater risk of petrification!,,wh_main_effect_character_stat_miscast,faction_to_character_own,-15.0000,Miscast base chance: %+n%,,Military Technologies,Chaos Dwarf Military Technology Tree,,,,,,,,,,,,technology_effects_junction_tables,db/technology_effects_junction_tables/data__.tsv,1516,wh3_dlc23_tech_chd_sorcery_7|wh_main_effect_character_stat_miscast,,,,,,,,,,,,,,,,,,,,,,,,,,,,,,,,,,,,,,,,,,,,,,,,,,,,,,,,,,,,,,,,,,,,,,,,,,,,magic_character.png,298,magic_character.png,battle,false
resource_cost,warhammer_3,8.1.1,24237342,Chaos Dwarfs,chaos_dwarfs,wh3_dlc23_chd_zhatan,The Warhost of Zharr,wh3_dlc23_chd_chaos_dwarfs,wh3_dlc23_sc_chd_chaos_dwarfs,LOCKED_STANDARD,chd_mil@unspecified_campaign,generic_candidate,Conjunction of nonblank source faction/culture/subculture selectors; campaign condition preserved. Engine precedence is not decoded.,,chd_mil,,wh3_dlc23_chd_chaos_dwarfs,,,wh3_dlc23_tech_chd_sorcery_7,,,wh3_dlc23_tech_chd_sorcery_7,Signature Spellcasting,Sorcerer-Prophets practice these signature spells extensively to prepare themselves for more difficult ones that are easier to miscast… and with a greater risk of petrification!,,,,,,,Military Technologies,Chaos Dwarf Military Technology Tree,,,,,,,,,,,,resource_costs_tables,db/resource_costs_tables/data__.tsv,965,wh3_dlc23_tech_chd_sorcery_low,,,,,,,,,,,,,,wh3_dlc23_tech_chd_sorcery_low,,,,,,,,,,,,,,,,,,,,,,,,,,,,,,,,,,0,TECHNOLOGIES,TECHNOLOGIES,ARMY_UPKEEP,BACKGROUND_INCOME,,,,,,,,,,,,,,,,,,,,,,,,,,,,
pooled_resource_cost,warhammer_3,8.1.1,24237342,Chaos Dwarfs,chaos_dwarfs,wh3_dlc23_chd_zhatan,The Warhost of Zharr,wh3_dlc23_chd_chaos_dwarfs,wh3_dlc23_sc_chd_chaos_dwarfs,LOCKED_STANDARD,chd_mil@unspecified_campaign,generic_candidate,Conjunction of nonblank source faction/culture/subculture selectors; campaign condition preserved. Engine precedence is not decoded.,,chd_mil,,wh3_dlc23_chd_chaos_dwarfs,,,wh3_dlc23_tech_chd_sorcery_7,,,wh3_dlc23_tech_chd_sorcery_7,Signature Spellcasting,Sorcerer-Prophets practice these signature spells extensively to prepare themselves for more difficult ones that are easier to miscast… and with a greater risk of petrification!,,,,,,,Military Technologies,Chaos Dwarf Military Technology Tree,,,,,,,,,,,,resource_cost_pooled_resource_junctions_tables,db/resource_cost_pooled_resource_junctions_tables/data__.tsv,1063,wh3_dlc23_chd_conclave_influence_spent_technology|wh3_dlc23_tech_chd_sorcery_low,,,,,,,,,,,,,,wh3_dlc23_tech_chd_sorcery_low,,,,,,,,,,,,,,,,,,,,,,,,,,,,,,,,,,,,,,,wh3_dlc23_chd_conclave_influence_spent_technology,-25,absolute,default,,,,,,,,,,,,,,,,,,,,,,,,
resource_factor,warhammer_3,8.1.1,24237342,Chaos Dwarfs,chaos_dwarfs,wh3_dlc23_chd_zhatan,The Warhost of Zharr,wh3_dlc23_chd_chaos_dwarfs,wh3_dlc23_sc_chd_chaos_dwarfs,LOCKED_STANDARD,chd_mil@unspecified_campaign,generic_candidate,Conjunction of nonblank source faction/culture/subculture selectors; campaign condition preserved. Engine precedence is not decoded.,,chd_mil,,wh3_dlc23_chd_chaos_dwarfs,,,wh3_dlc23_tech_chd_sorcery_7,,,wh3_dlc23_tech_chd_sorcery_7,Signature Spellcasting,Sorcerer-Prophets practice these signature spells extensively to prepare themselves for more difficult ones that are easier to miscast… and with a greater risk of petrification!,,,,,,,Military Technologies,Chaos Dwarf Military Technology Tree,,,,,,,,,,,,pooled_resource_factor_junctions_tables,db/pooled_resource_factor_junctions_tables/data__.tsv,529,wh3_dlc23_chd_conclave_influence_spent_technology,,,,,,,,,,,,,,wh3_dlc23_tech_chd_sorcery_low,,,,,,,,,,,,,,,,,,,,,,,,,,,,,,,,,,,,,,,,,,,wh3_dlc23_chd_conclave_influence_spent_technology,technology,wh3_dlc23_chd_conclave_influence,-2147483647,0,,,,,,,,,,,,,,,,,,,
tab_membership,warhammer_3,8.1.1,24237342,Chaos Dwarfs,chaos_dwarfs,wh3_dlc23_chd_zhatan,The Warhost of Zharr,wh3_dlc23_chd_chaos_dwarfs,wh3_dlc23_sc_chd_chaos_dwarfs,LOCKED_STANDARD,chd_mil@unspecified_campaign,generic_candidate,Conjunction of nonblank source faction/culture/subculture selectors; campaign condition preserved. Engine precedence is not decoded.,,chd_mil,,wh3_dlc23_chd_chaos_dwarfs,,,wh3_dlc23_tech_chd_sorcery_7,,,wh3_dlc23_tech_chd_sorcery_7,Signature Spellcasting,Sorcerer-Prophets practice these signature spells extensively to prepare themselves for more difficult ones that are easier to miscast… and with a greater risk of petrification!,,,,,,,Military Technologies,Chaos Dwarf Military Technology Tree,,,,,,,,,,,,technology_ui_tabs_to_technology_nodes_junctions_tables,db/technology_ui_tabs_to_technology_nodes_junctions_tables/data__.tsv,76,wh3_dlc23_tech_chd_sorcery_7|chd_sorcery,,,,,,,,,,,,,,,,,,,,,,,,,,,,,,,,,,,,,,,,,,,,,,,,,,,,,,,,,,,,,,,,,,,,,chd_sorcery,,,,,,,,,,,
node,warhammer_3,8.1.1,24237342,Chaos Dwarfs,chaos_dwarfs,wh3_dlc23_chd_zhatan,The Warhost of Zharr,wh3_dlc23_chd_chaos_dwarfs,wh3_dlc23_sc_chd_chaos_dwarfs,LOCKED_STANDARD,chd_mil@unspecified_campaign,generic_candidate,Conjunction of nonblank source faction/culture/subculture selectors; campaign condition preserved. Engine precedence is not decoded.,,chd_mil,,wh3_dlc23_chd_chaos_dwarfs,,,wh3_dlc23_tech_chd_sorcery_5,,,wh3_dlc23_tech_chd_sorcery_5,Finest Leaders,Now we'll see what remains of this world. Only the strong will survive.,,,,,,,Military Technologies,Chaos Dwarf Military Technology Tree,,,,,,,,,,,structural_node,technology_nodes_tables,db/technology_nodes_tables/data__.tsv,868,wh3_dlc23_tech_chd_sorcery_5,,,,,,,,6,13,300,0,0,,,0,60,50,,,,,,,,,,,,,,,,,,,,,,,,,,,,,,,,,,,,,,,,,,,,,,,,,,,,,,,,,,,,,,,
technology,warhammer_3,8.1.1,24237342,Chaos Dwarfs,chaos_dwarfs,wh3_dlc23_chd_zhatan,The Warhost of Zharr,wh3_dlc23_chd_chaos_dwarfs,wh3_dlc23_sc_chd_chaos_dwarfs,LOCKED_STANDARD,chd_mil@unspecified_campaign,generic_candidate,Conjunction of nonblank source faction/culture/subculture selectors; campaign condition preserved. Engine precedence is not decoded.,,chd_mil,,wh3_dlc23_chd_chaos_dwarfs,,,wh3_dlc23_tech_chd_sorcery_5,,,wh3_dlc23_tech_chd_sorcery_5,Finest Leaders,Now we'll see what remains of this world. Only the strong will survive.,,,,,,,Military Technologies,Chaos Dwarf Military Technology Tree,,,,,,,,,,,,technologies_tables,db/technologies_tables/data__.tsv,736,wh3_dlc23_tech_chd_sorcery_5,,,,,,,,,,,,,,,,,,wh_main_chs_port_ruin,1,wh3_dlc23_tech_chd_sorcery_5,false,false,placeholder.tga,557653577,false,false,true,false,,,,,,,,,,,,,,,,,,,,,,,,,,,,,,,,,,,,,,,,,,,,,,,,,,,,
effect,warhammer_3,8.1.1,24237342,Chaos Dwarfs,chaos_dwarfs,wh3_dlc23_chd_zhatan,The Warhost of Zharr,wh3_dlc23_chd_chaos_dwarfs,wh3_dlc23_sc_chd_chaos_dwarfs,LOCKED_STANDARD,chd_mil@unspecified_campaign,generic_candidate,Conjunction of nonblank source faction/culture/subculture selectors; campaign condition preserved. Engine precedence is not decoded.,,chd_mil,,wh3_dlc23_chd_chaos_dwarfs,,,wh3_dlc23_tech_chd_sorcery_5,,,wh3_dlc23_tech_chd_sorcery_5,Finest Leaders,Now we'll see what remains of this world. Only the strong will survive.,,wh_main_effect_agent_recruitment_xp_all_agents,faction_to_province_own_unseen,2.0000,Hero recruit rank: %+n,,Military Technologies,Chaos Dwarf Military Technology Tree,,,,,,,,,,,,technology_effects_junction_tables,db/technology_effects_junction_tables/data__.tsv,1509,wh3_dlc23_tech_chd_sorcery_5|wh_main_effect_agent_recruitment_xp_all_agents,,,,,,,,,,,,,,,,,,,,,,,,,,,,,,,,,,,,,,,,,,,,,,,,,,,,,,,,,,,,,,,,,,,,,,,,,,,,agent.png,56,agent.png,campaign,true
effect,warhammer_3,8.1.1,24237342,Chaos Dwarfs,chaos_dwarfs,wh3_dlc23_chd_zhatan,The Warhost of Zharr,wh3_dlc23_chd_chaos_dwarfs,wh3_dlc23_sc_chd_chaos_dwarfs,LOCKED_STANDARD,chd_mil@unspecified_campaign,generic_candidate,Conjunction of nonblank source faction/culture/subculture selectors; campaign condition preserved. Engine precedence is not decoded.,,chd_mil,,wh3_dlc23_chd_chaos_dwarfs,,,wh3_dlc23_tech_chd_sorcery_5,,,wh3_dlc23_tech_chd_sorcery_5,Finest Leaders,Now we'll see what remains of this world. Only the strong will survive.,,wh_main_faction_xp_increase_generals,faction_to_province_own_unseen,2.0000,Lord recruit rank: %+n,,Military Technologies,Chaos Dwarf Military Technology Tree,,,,,,,,,,,,technology_effects_junction_tables,db/technology_effects_junction_tables/data__.tsv,1510,wh3_dlc23_tech_chd_sorcery_5|wh_main_faction_xp_increase_generals,,,,,,,,,,,,,,,,,,,,,,,,,,,,,,,,,,,,,,,,,,,,,,,,,,,,,,,,,,,,,,,,,,,,,,,,,,,,army.png,51,army.png,campaign,true
effect,warhammer_3,8.1.1,24237342,Chaos Dwarfs,chaos_dwarfs,wh3_dlc23_chd_zhatan,The Warhost of Zharr,wh3_dlc23_chd_chaos_dwarfs,wh3_dlc23_sc_chd_chaos_dwarfs,LOCKED_STANDARD,chd_mil@unspecified_campaign,generic_candidate,Conjunction of nonblank source faction/culture/subculture selectors; campaign condition preserved. Engine precedence is not decoded.,,chd_mil,,wh3_dlc23_chd_chaos_dwarfs,,,wh3_dlc23_tech_chd_sorcery_5,,,wh3_dlc23_tech_chd_sorcery_5,Finest Leaders,Now we'll see what remains of this world. Only the strong will survive.,,wh_main_faction_xp_increase_generals_hidden,faction_to_force_own_unseen,2.0000,[HIDDEN - do not translate] Used to increase lord rank when replacing a lord (target the effect at forces factionwide) - use in conjunction with a shown effect that targets provinces factionwide,,Military Technologies,Chaos Dwarf Military Technology Tree,,,,,,,,,,,,technology_effects_junction_tables,db/technology_effects_junction_tables/data__.tsv,1511,wh3_dlc23_tech_chd_sorcery_5|wh_main_faction_xp_increase_generals_hidden,,,,,,,,,,,,,,,,,,,,,,,,,,,,,,,,,,,,,,,,,,,,,,,,,,,,,,,,,,,,,,,,,,,,,,,,,,,,,0,,campaign,true
tab_membership,warhammer_3,8.1.1,24237342,Chaos Dwarfs,chaos_dwarfs,wh3_dlc23_chd_zhatan,The Warhost of Zharr,wh3_dlc23_chd_chaos_dwarfs,wh3_dlc23_sc_chd_chaos_dwarfs,LOCKED_STANDARD,chd_mil@unspecified_campaign,generic_candidate,Conjunction of nonblank source faction/culture/subculture selectors; campaign condition preserved. Engine precedence is not decoded.,,chd_mil,,wh3_dlc23_chd_chaos_dwarfs,,,wh3_dlc23_tech_chd_sorcery_5,,,wh3_dlc23_tech_chd_sorcery_5,Finest Leaders,Now we'll see what remains of this world. Only the strong will survive.,,,,,,,Military Technologies,Chaos Dwarf Military Technology Tree,,,,,,,,,,,,technology_ui_tabs_to_technology_nodes_junctions_tables,db/technology_ui_tabs_to_technology_nodes_junctions_tables/data__.tsv,74,wh3_dlc23_tech_chd_sorcery_5|chd_sorcery,,,,,,,,,,,,,,,,,,,,,,,,,,,,,,,,,,,,,,,,,,,,,,,,,,,,,,,,,,,,,,,,,,,,,chd_sorcery,,,,,,,,,,,
node,warhammer_3,8.1.1,24237342,Chaos Dwarfs,chaos_dwarfs,wh3_dlc23_chd_zhatan,The Warhost of Zharr,wh3_dlc23_chd_chaos_dwarfs,wh3_dlc23_sc_chd_chaos_dwarfs,LOCKED_STANDARD,chd_mil@unspecified_campaign,generic_candidate,Conjunction of nonblank source faction/culture/subculture selectors; campaign condition preserved. Engine precedence is not decoded.,,chd_mil,,wh3_dlc23_chd_chaos_dwarfs,,,wh3_dlc23_tech_chd_sorcery_3,,,wh3_dlc23_tech_chd_sorcery_3,Future of the Dawi-Zharr,"Today's Daemonsmiths are tomorrow's Sorcerer-Prophets. The more of them with experience of the Chaos Dwarfs' war machine there are, the stronger their forces will be.",,,,,,,Military Technologies,Chaos Dwarf Military Technology Tree,,,,,,,,,,,structural_node,technology_nodes_tables,db/technology_nodes_tables/data__.tsv,866,wh3_dlc23_tech_chd_sorcery_3,,,,,,,,7,13,300,0,0,,,0,60,50,,,,,,,,,,,,,,,,,,,,,,,,,,,,,,,,,,,,,,,,,,,,,,,,,,,,,,,,,,,,,,,
technology,warhammer_3,8.1.1,24237342,Chaos Dwarfs,chaos_dwarfs,wh3_dlc23_chd_zhatan,The Warhost of Zharr,wh3_dlc23_chd_chaos_dwarfs,wh3_dlc23_sc_chd_chaos_dwarfs,LOCKED_STANDARD,chd_mil@unspecified_campaign,generic_candidate,Conjunction of nonblank source faction/culture/subculture selectors; campaign condition preserved. Engine precedence is not decoded.,,chd_mil,,wh3_dlc23_chd_chaos_dwarfs,,,wh3_dlc23_tech_chd_sorcery_3,,,wh3_dlc23_tech_chd_sorcery_3,Future of the Dawi-Zharr,"Today's Daemonsmiths are tomorrow's Sorcerer-Prophets. The more of them with experience of the Chaos Dwarfs' war machine there are, the stronger their forces will be.",,,,,,,Military Technologies,Chaos Dwarf Military Technology Tree,,,,,,,,,,,,technologies_tables,db/technologies_tables/data__.tsv,734,wh3_dlc23_tech_chd_sorcery_3,,,,,,,,,,,,,,,,,,wh_main_chs_port_ruin,1,wh3_dlc23_tech_chd_sorcery_3,false,false,placeholder.tga,299331281,false,false,true,false,,,,,,,,,,,,,,,,,,,,,,,,,,,,,,,,,,,,,,,,,,,,,,,,,,,,
effect,warhammer_3,8.1.1,24237342,Chaos Dwarfs,chaos_dwarfs,wh3_dlc23_chd_zhatan,The Warhost of Zharr,wh3_dlc23_chd_chaos_dwarfs,wh3_dlc23_sc_chd_chaos_dwarfs,LOCKED_STANDARD,chd_mil@unspecified_campaign,generic_candidate,Conjunction of nonblank source faction/culture/subculture selectors; campaign condition preserved. Engine precedence is not decoded.,,chd_mil,,wh3_dlc23_chd_chaos_dwarfs,,,wh3_dlc23_tech_chd_sorcery_3,,,wh3_dlc23_tech_chd_sorcery_3,Future of the Dawi-Zharr,"Today's Daemonsmiths are tomorrow's Sorcerer-Prophets. The more of them with experience of the Chaos Dwarfs' war machine there are, the stronger their forces will be.",,wh3_dlc23_effect_agent_cap_increase_wizard_chaos_dwarfs,faction_to_faction_own_unseen,1.0000,Hero capacity: %+n for Daemonsmith Sorcerer,,Military Technologies,Chaos Dwarf Military Technology Tree,,,,,,,,,,,,technology_effects_junction_tables,db/technology_effects_junction_tables/data__.tsv,1505,wh3_dlc23_tech_chd_sorcery_3|wh3_dlc23_effect_agent_cap_increase_wizard_chaos_dwarfs,,,,,,,,,,,,,,,,,,,,,,,,,,,,,,,,,,,,,,,,,,,,,,,,,,,,,,,,,,,,,,,,,,,,,,,,,,,,wizard.png,102,wizard.png,campaign,true
effect,warhammer_3,8.1.1,24237342,Chaos Dwarfs,chaos_dwarfs,wh3_dlc23_chd_zhatan,The Warhost of Zharr,wh3_dlc23_chd_chaos_dwarfs,wh3_dlc23_sc_chd_chaos_dwarfs,LOCKED_STANDARD,chd_mil@unspecified_campaign,generic_candidate,Conjunction of nonblank source faction/culture/subculture selectors; campaign condition preserved. Engine precedence is not decoded.,,chd_mil,,wh3_dlc23_chd_chaos_dwarfs,,,wh3_dlc23_tech_chd_sorcery_3,,,wh3_dlc23_tech_chd_sorcery_3,Future of the Dawi-Zharr,"Today's Daemonsmiths are tomorrow's Sorcerer-Prophets. The more of them with experience of the Chaos Dwarfs' war machine there are, the stronger their forces will be.",,wh_main_effect_character_mod_ancillary_drop,faction_to_character_own_unseen,15.0000,Magic item drop chance from battle: %+n%,,Military Technologies,Chaos Dwarf Military Technology Tree,,,,,,,,,,,,technology_effects_junction_tables,db/technology_effects_junction_tables/data__.tsv,1506,wh3_dlc23_tech_chd_sorcery_3|wh_main_effect_character_mod_ancillary_drop,,,,,,,,,,,,,,,,,,,,,,,,,,,,,,,,,,,,,,,,,,,,,,,,,,,,,,,,,,,,,,,,,,,,,,,,,,,,item_ability.png,110,item_ability.png,campaign,true
tab_membership,warhammer_3,8.1.1,24237342,Chaos Dwarfs,chaos_dwarfs,wh3_dlc23_chd_zhatan,The Warhost of Zharr,wh3_dlc23_chd_chaos_dwarfs,wh3_dlc23_sc_chd_chaos_dwarfs,LOCKED_STANDARD,chd_mil@unspecified_campaign,generic_candidate,Conjunction of nonblank source faction/culture/subculture selectors; campaign condition preserved. Engine precedence is not decoded.,,chd_mil,,wh3_dlc23_chd_chaos_dwarfs,,,wh3_dlc23_tech_chd_sorcery_3,,,wh3_dlc23_tech_chd_sorcery_3,Future of the Dawi-Zharr,"Today's Daemonsmiths are tomorrow's Sorcerer-Prophets. The more of them with experience of the Chaos Dwarfs' war machine there are, the stronger their forces will be.",,,,,,,Military Technologies,Chaos Dwarf Military Technology Tree,,,,,,,,,,,,technology_ui_tabs_to_technology_nodes_junctions_tables,db/technology_ui_tabs_to_technology_nodes_junctions_tables/data__.tsv,72,wh3_dlc23_tech_chd_sorcery_3|chd_sorcery,,,,,,,,,,,,,,,,,,,,,,,,,,,,,,,,,,,,,,,,,,,,,,,,,,,,,,,,,,,,,,,,,,,,,chd_sorcery,,,,,,,,,,,
node,warhammer_3,8.1.1,24237342,Chaos Dwarfs,chaos_dwarfs,wh3_dlc23_chd_zhatan,The Warhost of Zharr,wh3_dlc23_chd_chaos_dwarfs,wh3_dlc23_sc_chd_chaos_dwarfs,LOCKED_STANDARD,chd_mil@unspecified_campaign,generic_candidate,Conjunction of nonblank source faction/culture/subculture selectors; campaign condition preserved. Engine precedence is not decoded.,,chd_mil,,wh3_dlc23_chd_chaos_dwarfs,,,wh3_dlc23_tech_chd_sorcery_15,,,wh3_dlc23_tech_chd_sorcery_15,Communing Altar,"An altar dedicated to Hashut grants his servants ancient knowledge, as well as the blessings of the Father of Darkness.",,,,,,,Military Technologies,Chaos Dwarf Military Technology Tree,,,,,,,,,,,structural_node,technology_nodes_tables,db/technology_nodes_tables/data__.tsv,856,wh3_dlc23_tech_chd_sorcery_15,,,,,,,,2,14,100,0,0,,wh3_dlc23_tech_chd_sorcery_high,1,0,40,,,,,,,,,,,,,,,,,,,,,,,,,,,,,,,,,,,,,,,,,,,,,,,,,,,,,,,,,,,,,,,
technology,warhammer_3,8.1.1,24237342,Chaos Dwarfs,chaos_dwarfs,wh3_dlc23_chd_zhatan,The Warhost of Zharr,wh3_dlc23_chd_chaos_dwarfs,wh3_dlc23_sc_chd_chaos_dwarfs,LOCKED_STANDARD,chd_mil@unspecified_campaign,generic_candidate,Conjunction of nonblank source faction/culture/subculture selectors; campaign condition preserved. Engine precedence is not decoded.,,chd_mil,,wh3_dlc23_chd_chaos_dwarfs,,,wh3_dlc23_tech_chd_sorcery_15,,,wh3_dlc23_tech_chd_sorcery_15,Communing Altar,"An altar dedicated to Hashut grants his servants ancient knowledge, as well as the blessings of the Father of Darkness.",,,,,,,Military Technologies,Chaos Dwarf Military Technology Tree,,,,,,,,,,,,technologies_tables,db/technologies_tables/data__.tsv,724,wh3_dlc23_tech_chd_sorcery_15,,,,,,,,,,,,,,,,,,wh_main_chs_port_ruin,1,wh3_dlc23_tech_chd_sorcery_15,false,false,placeholder.tga,1467408686,false,false,true,false,,,,,,,,,,,,,,,,,,,,,,,,,,,,,,,,,,,,,,,,,,,,,,,,,,,,
effect,warhammer_3,8.1.1,24237342,Chaos Dwarfs,chaos_dwarfs,wh3_dlc23_chd_zhatan,The Warhost of Zharr,wh3_dlc23_chd_chaos_dwarfs,wh3_dlc23_sc_chd_chaos_dwarfs,LOCKED_STANDARD,chd_mil@unspecified_campaign,generic_candidate,Conjunction of nonblank source faction/culture/subculture selectors; campaign condition preserved. Engine precedence is not decoded.,,chd_mil,,wh3_dlc23_chd_chaos_dwarfs,,,wh3_dlc23_tech_chd_sorcery_15,,,wh3_dlc23_tech_chd_sorcery_15,Communing Altar,"An altar dedicated to Hashut grants his servants ancient knowledge, as well as the blessings of the Father of Darkness.",,wh3_dlc23_effect_pooled_resource_conclave_influence_mod_all_sources,faction_to_faction_own_unseen,10.0000,Conclave Influence gained from all sources: %+n% ,,Military Technologies,Chaos Dwarf Military Technology Tree,,,,,,,,,,,,technology_effects_junction_tables,db/technology_effects_junction_tables/data__.tsv,1484,wh3_dlc23_tech_chd_sorcery_15|wh3_dlc23_effect_pooled_resource_conclave_influence_mod_all_sources,,,,,,,,,,,,,,,,,,,,,,,,,,,,,,,,,,,,,,,,,,,,,,,,,,,,,,,,,,,,,,,,,,,,,,,,,,,,chd_conclave_influence.png,2,chd_conclave_influence.png,campaign,true
effect,warhammer_3,8.1.1,24237342,Chaos Dwarfs,chaos_dwarfs,wh3_dlc23_chd_zhatan,The Warhost of Zharr,wh3_dlc23_chd_chaos_dwarfs,wh3_dlc23_sc_chd_chaos_dwarfs,LOCKED_STANDARD,chd_mil@unspecified_campaign,generic_candidate,Conjunction of nonblank source faction/culture/subculture selectors; campaign condition preserved. Engine precedence is not decoded.,,chd_mil,,wh3_dlc23_chd_chaos_dwarfs,,,wh3_dlc23_tech_chd_sorcery_15,,,wh3_dlc23_tech_chd_sorcery_15,Communing Altar,"An altar dedicated to Hashut grants his servants ancient knowledge, as well as the blessings of the Father of Darkness.",,wh_main_effect_technology_research_points,faction_to_faction_own_unseen,10.0000,{{tr:effect_technology_research_points_description}}: %+n,,Military Technologies,Chaos Dwarf Military Technology Tree,,,,,,,,,,,,technology_effects_junction_tables,db/technology_effects_junction_tables/data__.tsv,1485,wh3_dlc23_tech_chd_sorcery_15|wh_main_effect_technology_research_points,,,,,,,,,,,,,,,,,,,,,,,,,,,,,,,,,,,,,,,,,,,,,,,,,,,,,,,,,,,,,,,,,,,,,,,,,,,,technology.png,60,technology.png,campaign,true
resource_cost,warhammer_3,8.1.1,24237342,Chaos Dwarfs,chaos_dwarfs,wh3_dlc23_chd_zhatan,The Warhost of Zharr,wh3_dlc23_chd_chaos_dwarfs,wh3_dlc23_sc_chd_chaos_dwarfs,LOCKED_STANDARD,chd_mil@unspecified_campaign,generic_candidate,Conjunction of nonblank source faction/culture/subculture selectors; campaign condition preserved. Engine precedence is not decoded.,,chd_mil,,wh3_dlc23_chd_chaos_dwarfs,,,wh3_dlc23_tech_chd_sorcery_15,,,wh3_dlc23_tech_chd_sorcery_15,Communing Altar,"An altar dedicated to Hashut grants his servants ancient knowledge, as well as the blessings of the Father of Darkness.",,,,,,,Military Technologies,Chaos Dwarf Military Technology Tree,,,,,,,,,,,,resource_costs_tables,db/resource_costs_tables/data__.tsv,964,wh3_dlc23_tech_chd_sorcery_high,,,,,,,,,,,,,,wh3_dlc23_tech_chd_sorcery_high,,,,,,,,,,,,,,,,,,,,,,,,,,,,,,,,,,0,TECHNOLOGIES,TECHNOLOGIES,ARMY_UPKEEP,BACKGROUND_INCOME,,,,,,,,,,,,,,,,,,,,,,,,,,,,
pooled_resource_cost,warhammer_3,8.1.1,24237342,Chaos Dwarfs,chaos_dwarfs,wh3_dlc23_chd_zhatan,The Warhost of Zharr,wh3_dlc23_chd_chaos_dwarfs,wh3_dlc23_sc_chd_chaos_dwarfs,LOCKED_STANDARD,chd_mil@unspecified_campaign,generic_candidate,Conjunction of nonblank source faction/culture/subculture selectors; campaign condition preserved. Engine precedence is not decoded.,,chd_mil,,wh3_dlc23_chd_chaos_dwarfs,,,wh3_dlc23_tech_chd_sorcery_15,,,wh3_dlc23_tech_chd_sorcery_15,Communing Altar,"An altar dedicated to Hashut grants his servants ancient knowledge, as well as the blessings of the Father of Darkness.",,,,,,,Military Technologies,Chaos Dwarf Military Technology Tree,,,,,,,,,,,,resource_cost_pooled_resource_junctions_tables,db/resource_cost_pooled_resource_junctions_tables/data__.tsv,1062,wh3_dlc23_chd_conclave_influence_spent_technology|wh3_dlc23_tech_chd_sorcery_high,,,,,,,,,,,,,,wh3_dlc23_tech_chd_sorcery_high,,,,,,,,,,,,,,,,,,,,,,,,,,,,,,,,,,,,,,,wh3_dlc23_chd_conclave_influence_spent_technology,-100,absolute,default,,,,,,,,,,,,,,,,,,,,,,,,
resource_factor,warhammer_3,8.1.1,24237342,Chaos Dwarfs,chaos_dwarfs,wh3_dlc23_chd_zhatan,The Warhost of Zharr,wh3_dlc23_chd_chaos_dwarfs,wh3_dlc23_sc_chd_chaos_dwarfs,LOCKED_STANDARD,chd_mil@unspecified_campaign,generic_candidate,Conjunction of nonblank source faction/culture/subculture selectors; campaign condition preserved. Engine precedence is not decoded.,,chd_mil,,wh3_dlc23_chd_chaos_dwarfs,,,wh3_dlc23_tech_chd_sorcery_15,,,wh3_dlc23_tech_chd_sorcery_15,Communing Altar,"An altar dedicated to Hashut grants his servants ancient knowledge, as well as the blessings of the Father of Darkness.",,,,,,,Military Technologies,Chaos Dwarf Military Technology Tree,,,,,,,,,,,,pooled_resource_factor_junctions_tables,db/pooled_resource_factor_junctions_tables/data__.tsv,529,wh3_dlc23_chd_conclave_influence_spent_technology,,,,,,,,,,,,,,wh3_dlc23_tech_chd_sorcery_high,,,,,,,,,,,,,,,,,,,,,,,,,,,,,,,,,,,,,,,,,,,wh3_dlc23_chd_conclave_influence_spent_technology,technology,wh3_dlc23_chd_conclave_influence,-2147483647,0,,,,,,,,,,,,,,,,,,,
tab_membership,warhammer_3,8.1.1,24237342,Chaos Dwarfs,chaos_dwarfs,wh3_dlc23_chd_zhatan,The Warhost of Zharr,wh3_dlc23_chd_chaos_dwarfs,wh3_dlc23_sc_chd_chaos_dwarfs,LOCKED_STANDARD,chd_mil@unspecified_campaign,generic_candidate,Conjunction of nonblank source faction/culture/subculture selectors; campaign condition preserved. Engine precedence is not decoded.,,chd_mil,,wh3_dlc23_chd_chaos_dwarfs,,,wh3_dlc23_tech_chd_sorcery_15,,,wh3_dlc23_tech_chd_sorcery_15,Communing Altar,"An altar dedicated to Hashut grants his servants ancient knowledge, as well as the blessings of the Father of Darkness.",,,,,,,Military Technologies,Chaos Dwarf Military Technology Tree,,,,,,,,,,,,technology_ui_tabs_to_technology_nodes_junctions_tables,db/technology_ui_tabs_to_technology_nodes_junctions_tables/data__.tsv,62,wh3_dlc23_tech_chd_sorcery_15|chd_sorcery,,,,,,,,,,,,,,,,,,,,,,,,,,,,,,,,,,,,,,,,,,,,,,,,,,,,,,,,,,,,,,,,,,,,,chd_sorcery,,,,,,,,,,,
node,warhammer_3,8.1.1,24237342,Chaos Dwarfs,chaos_dwarfs,wh3_dlc23_chd_zhatan,The Warhost of Zharr,wh3_dlc23_chd_chaos_dwarfs,wh3_dlc23_sc_chd_chaos_dwarfs,LOCKED_STANDARD,chd_mil@unspecified_campaign,generic_candidate,Conjunction of nonblank source faction/culture/subculture selectors; campaign condition preserved. Engine precedence is not decoded.,,chd_mil,,wh3_dlc23_chd_chaos_dwarfs,,,wh3_dlc23_tech_chd_sorcery_2,,,wh3_dlc23_tech_chd_sorcery_2,Pandemic Preparations,There is always work to do. Sickness is a weakness of the industrial machine.,,,,,,,Military Technologies,Chaos Dwarf Military Technology Tree,,,,,,,,,,,structural_node,technology_nodes_tables,db/technology_nodes_tables/data__.tsv,861,wh3_dlc23_tech_chd_sorcery_2,,,,,,,,8,14,200,0,0,,,0,0,50,,,,,,,,,,,,,,,,,,,,,,,,,,,,,,,,,,,,,,,,,,,,,,,,,,,,,,,,,,,,,,,
technology,warhammer_3,8.1.1,24237342,Chaos Dwarfs,chaos_dwarfs,wh3_dlc23_chd_zhatan,The Warhost of Zharr,wh3_dlc23_chd_chaos_dwarfs,wh3_dlc23_sc_chd_chaos_dwarfs,LOCKED_STANDARD,chd_mil@unspecified_campaign,generic_candidate,Conjunction of nonblank source faction/culture/subculture selectors; campaign condition preserved. Engine precedence is not decoded.,,chd_mil,,wh3_dlc23_chd_chaos_dwarfs,,,wh3_dlc23_tech_chd_sorcery_2,,,wh3_dlc23_tech_chd_sorcery_2,Pandemic Preparations,There is always work to do. Sickness is a weakness of the industrial machine.,,,,,,,Military Technologies,Chaos Dwarf Military Technology Tree,,,,,,,,,,,,technologies_tables,db/technologies_tables/data__.tsv,729,wh3_dlc23_tech_chd_sorcery_2,,,,,,,,,,,,,,,,,,wh_main_chs_port_ruin,1,wh3_dlc23_tech_chd_sorcery_2,false,false,placeholder.tga,1631016668,false,false,true,false,,,,,,,,,,,,,,,,,,,,,,,,,,,,,,,,,,,,,,,,,,,,,,,,,,,,
effect,warhammer_3,8.1.1,24237342,Chaos Dwarfs,chaos_dwarfs,wh3_dlc23_chd_zhatan,The Warhost of Zharr,wh3_dlc23_chd_chaos_dwarfs,wh3_dlc23_sc_chd_chaos_dwarfs,LOCKED_STANDARD,chd_mil@unspecified_campaign,generic_candidate,Conjunction of nonblank source faction/culture/subculture selectors; campaign condition preserved. Engine precedence is not decoded.,,chd_mil,,wh3_dlc23_chd_chaos_dwarfs,,,wh3_dlc23_tech_chd_sorcery_2,,,wh3_dlc23_tech_chd_sorcery_2,Pandemic Preparations,There is always work to do. Sickness is a weakness of the industrial machine.,,wh2_main_effect_plague_infectivity_mod,faction_to_force_own,-15.0000,Chance of a plague spreading: %+n%,,Military Technologies,Chaos Dwarf Military Technology Tree,,,,,,,,,,,,technology_effects_junction_tables,db/technology_effects_junction_tables/data__.tsv,1503,wh3_dlc23_tech_chd_sorcery_2|wh2_main_effect_plague_infectivity_mod,,,,,,,,,,,,,,,,,,,,,,,,,,,,,,,,,,,,,,,,,,,,,,,,,,,,,,,,,,,,,,,,,,,,,,,,,,,,plague.png,5,plague.png,campaign,false
effect,warhammer_3,8.1.1,24237342,Chaos Dwarfs,chaos_dwarfs,wh3_dlc23_chd_zhatan,The Warhost of Zharr,wh3_dlc23_chd_chaos_dwarfs,wh3_dlc23_sc_chd_chaos_dwarfs,LOCKED_STANDARD,chd_mil@unspecified_campaign,generic_candidate,Conjunction of nonblank source faction/culture/subculture selectors; campaign condition preserved. Engine precedence is not decoded.,,chd_mil,,wh3_dlc23_chd_chaos_dwarfs,,,wh3_dlc23_tech_chd_sorcery_2,,,wh3_dlc23_tech_chd_sorcery_2,Pandemic Preparations,There is always work to do. Sickness is a weakness of the industrial machine.,,wh3_dlc23_effect_corruption_chaos_context_dummy,faction_to_faction_own_unseen,2.0000,Chaos Undivided corruption from Protection buildings: %+n,,Military Technologies,Chaos Dwarf Military Technology Tree,,,,,,,,,,,,technology_effects_junction_tables,db/technology_effects_junction_tables/data__.tsv,1504,wh3_dlc23_tech_chd_sorcery_2|wh3_dlc23_effect_corruption_chaos_context_dummy,,,,,,,,,,,,,,,,,,,,,,,,,,,,,,,,,,,,,,,,,,,,,,,,,,,,,,,,,,,,,,,,,,,,,,,,,,,,corruption_chaos.png,104,corruption_chaos.png,campaign,true
tab_membership,warhammer_3,8.1.1,24237342,Chaos Dwarfs,chaos_dwarfs,wh3_dlc23_chd_zhatan,The Warhost of Zharr,wh3_dlc23_chd_chaos_dwarfs,wh3_dlc23_sc_chd_chaos_dwarfs,LOCKED_STANDARD,chd_mil@unspecified_campaign,generic_candidate,Conjunction of nonblank source faction/culture/subculture selectors; campaign condition preserved. Engine precedence is not decoded.,,chd_mil,,wh3_dlc23_chd_chaos_dwarfs,,,wh3_dlc23_tech_chd_sorcery_2,,,wh3_dlc23_tech_chd_sorcery_2,Pandemic Preparations,There is always work to do. Sickness is a weakness of the industrial machine.,,,,,,,Military Technologies,Chaos Dwarf Military Technology Tree,,,,,,,,,,,,technology_ui_tabs_to_technology_nodes_junctions_tables,db/technology_ui_tabs_to_technology_nodes_junctions_tables/data__.tsv,67,wh3_dlc23_tech_chd_sorcery_2|chd_sorcery,,,,,,,,,,,,,,,,,,,,,,,,,,,,,,,,,,,,,,,,,,,,,,,,,,,,,,,,,,,,,,,,,,,,,chd_sorcery,,,,,,,,,,,
node,warhammer_3,8.1.1,24237342,Chaos Dwarfs,chaos_dwarfs,wh3_dlc23_chd_zhatan,The Warhost of Zharr,wh3_dlc23_chd_chaos_dwarfs,wh3_dlc23_sc_chd_chaos_dwarfs,LOCKED_STANDARD,chd_mil@unspecified_campaign,generic_candidate,Conjunction of nonblank source faction/culture/subculture selectors; campaign condition preserved. Engine precedence is not decoded.,,chd_mil,,wh3_dlc23_chd_chaos_dwarfs,,,wh3_dlc23_tech_chd_sorcery_1,,,wh3_dlc23_tech_chd_sorcery_1,Tallest Towers,"Reaching high above the putrid smog clouds, these spires are a symbol of Dawi-Zharr authority and a required vantage point.",,,,,,,Military Technologies,Chaos Dwarf Military Technology Tree,,,,,,,,,,,structural_node,technology_nodes_tables,db/technology_nodes_tables/data__.tsv,850,wh3_dlc23_tech_chd_sorcery_1,,,,,,,,9,14,200,0,0,,,0,0,60,,,,,,,,,,,,,,,,,,,,,,,,,,,,,,,,,,,,,,,,,,,,,,,,,,,,,,,,,,,,,,,
technology,warhammer_3,8.1.1,24237342,Chaos Dwarfs,chaos_dwarfs,wh3_dlc23_chd_zhatan,The Warhost of Zharr,wh3_dlc23_chd_chaos_dwarfs,wh3_dlc23_sc_chd_chaos_dwarfs,LOCKED_STANDARD,chd_mil@unspecified_campaign,generic_candidate,Conjunction of nonblank source faction/culture/subculture selectors; campaign condition preserved. Engine precedence is not decoded.,,chd_mil,,wh3_dlc23_chd_chaos_dwarfs,,,wh3_dlc23_tech_chd_sorcery_1,,,wh3_dlc23_tech_chd_sorcery_1,Tallest Towers,"Reaching high above the putrid smog clouds, these spires are a symbol of Dawi-Zharr authority and a required vantage point.",,,,,,,Military Technologies,Chaos Dwarf Military Technology Tree,,,,,,,,,,,,technologies_tables,db/technologies_tables/data__.tsv,718,wh3_dlc23_tech_chd_sorcery_1,,,,,,,,,,,,,,,,,,wh_main_chs_port_ruin,1,wh3_dlc23_tech_chd_sorcery_1,false,false,placeholder.tga,1701256353,false,false,true,false,,,,,,,,,,,,,,,,,,,,,,,,,,,,,,,,,,,,,,,,,,,,,,,,,,,,
effect,warhammer_3,8.1.1,24237342,Chaos Dwarfs,chaos_dwarfs,wh3_dlc23_chd_zhatan,The Warhost of Zharr,wh3_dlc23_chd_chaos_dwarfs,wh3_dlc23_sc_chd_chaos_dwarfs,LOCKED_STANDARD,chd_mil@unspecified_campaign,generic_candidate,Conjunction of nonblank source faction/culture/subculture selectors; campaign condition preserved. Engine precedence is not decoded.,,chd_mil,,wh3_dlc23_chd_chaos_dwarfs,,,wh3_dlc23_tech_chd_sorcery_1,,,wh3_dlc23_tech_chd_sorcery_1,Tallest Towers,"Reaching high above the putrid smog clouds, these spires are a symbol of Dawi-Zharr authority and a required vantage point.",,wh2_dlc14_effect_line_of_sight_mod_region,faction_to_character_own_unseen,15.0000,Campaign line of sight: %+n% for settlements,,Military Technologies,Chaos Dwarf Military Technology Tree,,,,,,,,,,,,technology_effects_junction_tables,db/technology_effects_junction_tables/data__.tsv,1494,wh3_dlc23_tech_chd_sorcery_1|wh2_dlc14_effect_line_of_sight_mod_region,,,,,,,,,,,,,,,,,,,,,,,,,,,,,,,,,,,,,,,,,,,,,,,,,,,,,,,,,,,,,,,,,,,,,,,,,,,,agent.png,1,agent.png,campaign,true
effect,warhammer_3,8.1.1,24237342,Chaos Dwarfs,chaos_dwarfs,wh3_dlc23_chd_zhatan,The Warhost of Zharr,wh3_dlc23_chd_chaos_dwarfs,wh3_dlc23_sc_chd_chaos_dwarfs,LOCKED_STANDARD,chd_mil@unspecified_campaign,generic_candidate,Conjunction of nonblank source faction/culture/subculture selectors; campaign condition preserved. Engine precedence is not decoded.,,chd_mil,,wh3_dlc23_chd_chaos_dwarfs,,,wh3_dlc23_tech_chd_sorcery_1,,,wh3_dlc23_tech_chd_sorcery_1,Tallest Towers,"Reaching high above the putrid smog clouds, these spires are a symbol of Dawi-Zharr authority and a required vantage point.",,wh_main_effect_public_order_tech,faction_to_province_own,1.0000,{{tr:public_order_effect}}: %+n,,Military Technologies,Chaos Dwarf Military Technology Tree,,,,,,,,,,,,technology_effects_junction_tables,db/technology_effects_junction_tables/data__.tsv,1495,wh3_dlc23_tech_chd_sorcery_1|wh_main_effect_public_order_tech,,,,,,,,,,,,,,,,,,,,,,,,,,,,,,,,,,,,,,,,,,,,,,,,,,,,,,,,,,,,,,,,,,,,,,,,,,,,public_order.png,160,public_order.png,campaign,true
tab_membership,warhammer_3,8.1.1,24237342,Chaos Dwarfs,chaos_dwarfs,wh3_dlc23_chd_zhatan,The Warhost of Zharr,wh3_dlc23_chd_chaos_dwarfs,wh3_dlc23_sc_chd_chaos_dwarfs,LOCKED_STANDARD,chd_mil@unspecified_campaign,generic_candidate,Conjunction of nonblank source faction/culture/subculture selectors; campaign condition preserved. Engine precedence is not decoded.,,chd_mil,,wh3_dlc23_chd_chaos_dwarfs,,,wh3_dlc23_tech_chd_sorcery_1,,,wh3_dlc23_tech_chd_sorcery_1,Tallest Towers,"Reaching high above the putrid smog clouds, these spires are a symbol of Dawi-Zharr authority and a required vantage point.",,,,,,,Military Technologies,Chaos Dwarf Military Technology Tree,,,,,,,,,,,,technology_ui_tabs_to_technology_nodes_junctions_tables,db/technology_ui_tabs_to_technology_nodes_junctions_tables/data__.tsv,56,wh3_dlc23_tech_chd_sorcery_1|chd_sorcery,,,,,,,,,,,,,,,,,,,,,,,,,,,,,,,,,,,,,,,,,,,,,,,,,,,,,,,,,,,,,,,,,,,,,chd_sorcery,,,,,,,,,,,
node,warhammer_3,8.1.1,24237342,Chaos Dwarfs,chaos_dwarfs,wh3_dlc23_chd_zhatan,The Warhost of Zharr,wh3_dlc23_chd_chaos_dwarfs,wh3_dlc23_sc_chd_chaos_dwarfs,LOCKED_STANDARD,chd_mil@unspecified_campaign,generic_candidate,Conjunction of nonblank source faction/culture/subculture selectors; campaign condition preserved. Engine precedence is not decoded.,,chd_mil,,wh3_dlc23_chd_chaos_dwarfs,,,wh3_dlc23_tech_chd_sorcery_20,,,wh3_dlc23_tech_chd_sorcery_20,Conclave Dominance,The Chaos Dwarf hierarchy rules through fear and cruelty. The ziggurats and towers of Zharr-Naggrund are the symbols of their mastery.,,,,,,,Military Technologies,Chaos Dwarf Military Technology Tree,,,,,,,,,,,structural_node,technology_nodes_tables,db/technology_nodes_tables/data__.tsv,862,wh3_dlc23_tech_chd_sorcery_20,,,,,,,,1,15,500,0,0,,,0,-60,40,,,,,,,,,,,,,,,,,,,,,,,,,,,,,,,,,,,,,,,,,,,,,,,,,,,,,,,,,,,,,,,
technology,warhammer_3,8.1.1,24237342,Chaos Dwarfs,chaos_dwarfs,wh3_dlc23_chd_zhatan,The Warhost of Zharr,wh3_dlc23_chd_chaos_dwarfs,wh3_dlc23_sc_chd_chaos_dwarfs,LOCKED_STANDARD,chd_mil@unspecified_campaign,generic_candidate,Conjunction of nonblank source faction/culture/subculture selectors; campaign condition preserved. Engine precedence is not decoded.,,chd_mil,,wh3_dlc23_chd_chaos_dwarfs,,,wh3_dlc23_tech_chd_sorcery_20,,,wh3_dlc23_tech_chd_sorcery_20,Conclave Dominance,The Chaos Dwarf hierarchy rules through fear and cruelty. The ziggurats and towers of Zharr-Naggrund are the symbols of their mastery.,,,,,,,Military Technologies,Chaos Dwarf Military Technology Tree,,,,,,,,,,,,technologies_tables,db/technologies_tables/data__.tsv,730,wh3_dlc23_tech_chd_sorcery_20,,,,,,,,,,,,,,,,,,wh_main_chs_port_ruin,1,wh3_dlc23_tech_chd_sorcery_20,false,false,placeholder.tga,1158327029,false,false,true,false,,,,,,,,,,,,,,,,,,,,,,,,,,,,,,,,,,,,,,,,,,,,,,,,,,,,
effect,warhammer_3,8.1.1,24237342,Chaos Dwarfs,chaos_dwarfs,wh3_dlc23_chd_zhatan,The Warhost of Zharr,wh3_dlc23_chd_chaos_dwarfs,wh3_dlc23_sc_chd_chaos_dwarfs,LOCKED_STANDARD,chd_mil@unspecified_campaign,generic_candidate,Conjunction of nonblank source faction/culture/subculture selectors; campaign condition preserved. Engine precedence is not decoded.,,chd_mil,,wh3_dlc23_chd_chaos_dwarfs,,,wh3_dlc23_tech_chd_sorcery_20,,,wh3_dlc23_tech_chd_sorcery_20,Conclave Dominance,The Chaos Dwarf hierarchy rules through fear and cruelty. The ziggurats and towers of Zharr-Naggrund are the symbols of their mastery.,,wh3_dlc23_effect_pooled_resource_conclave_influence_gain_per_turn_context_tower_dummy,faction_to_faction_own_unseen,2.0000,Tower Settlement buildings gain an additional: %+n Conclave Influence per turn,,Military Technologies,Chaos Dwarf Military Technology Tree,,,,,,,,,,,,technology_effects_junction_tables,db/technology_effects_junction_tables/data__.tsv,1496,wh3_dlc23_tech_chd_sorcery_20|wh3_dlc23_effect_pooled_resource_conclave_influence_gain_per_turn_context_tower_dummy,,,,,,,,,,,,,,,,,,,,,,,,,,,,,,,,,,,,,,,,,,,,,,,,,,,,,,,,,,,,,,,,,,,,,,,,,,,,chd_conclave_influence.png,1,chd_conclave_influence.png,campaign,true
effect,warhammer_3,8.1.1,24237342,Chaos Dwarfs,chaos_dwarfs,wh3_dlc23_chd_zhatan,The Warhost of Zharr,wh3_dlc23_chd_chaos_dwarfs,wh3_dlc23_sc_chd_chaos_dwarfs,LOCKED_STANDARD,chd_mil@unspecified_campaign,generic_candidate,Conjunction of nonblank source faction/culture/subculture selectors; campaign condition preserved. Engine precedence is not decoded.,,chd_mil,,wh3_dlc23_chd_chaos_dwarfs,,,wh3_dlc23_tech_chd_sorcery_20,,,wh3_dlc23_tech_chd_sorcery_20,Conclave Dominance,The Chaos Dwarf hierarchy rules through fear and cruelty. The ziggurats and towers of Zharr-Naggrund are the symbols of their mastery.,,wh3_main_effect_winds_of_magic_technology,faction_to_force_own,3.0000,Winds of Magic power reserve: %+n per turn,,Military Technologies,Chaos Dwarf Military Technology Tree,,,,,,,,,,,,technology_effects_junction_tables,db/technology_effects_junction_tables/data__.tsv,1497,wh3_dlc23_tech_chd_sorcery_20|wh3_main_effect_winds_of_magic_technology,,,,,,,,,,,,,,,,,,,,,,,,,,,,,,,,,,,,,,,,,,,,,,,,,,,,,,,,,,,,,,,,,,,,,,,,,,,,magic_campaign.png,1,magic_campaign.png,campaign,true
tab_membership,warhammer_3,8.1.1,24237342,Chaos Dwarfs,chaos_dwarfs,wh3_dlc23_chd_zhatan,The Warhost of Zharr,wh3_dlc23_chd_chaos_dwarfs,wh3_dlc23_sc_chd_chaos_dwarfs,LOCKED_STANDARD,chd_mil@unspecified_campaign,generic_candidate,Conjunction of nonblank source faction/culture/subculture selectors; campaign condition preserved. Engine precedence is not decoded.,,chd_mil,,wh3_dlc23_chd_chaos_dwarfs,,,wh3_dlc23_tech_chd_sorcery_20,,,wh3_dlc23_tech_chd_sorcery_20,Conclave Dominance,The Chaos Dwarf hierarchy rules through fear and cruelty. The ziggurats and towers of Zharr-Naggrund are the symbols of their mastery.,,,,,,,Military Technologies,Chaos Dwarf Military Technology Tree,,,,,,,,,,,,technology_ui_tabs_to_technology_nodes_junctions_tables,db/technology_ui_tabs_to_technology_nodes_junctions_tables/data__.tsv,68,wh3_dlc23_tech_chd_sorcery_20|chd_sorcery,,,,,,,,,,,,,,,,,,,,,,,,,,,,,,,,,,,,,,,,,,,,,,,,,,,,,,,,,,,,,,,,,,,,,chd_sorcery,,,,,,,,,,,
node,warhammer_3,8.1.1,24237342,Chaos Dwarfs,chaos_dwarfs,wh3_dlc23_chd_zhatan,The Warhost of Zharr,wh3_dlc23_chd_chaos_dwarfs,wh3_dlc23_sc_chd_chaos_dwarfs,LOCKED_STANDARD,chd_mil@unspecified_campaign,generic_candidate,Conjunction of nonblank source faction/culture/subculture selectors; campaign condition preserved. Engine precedence is not decoded.,,chd_mil,,wh3_dlc23_chd_chaos_dwarfs,,,wh3_dlc23_tech_chd_sorcery_8,,,wh3_dlc23_tech_chd_sorcery_8,Malicious Compliance,"Increasing Labour capacity and, at the same time, breaking the spirit of the Labourers, is the sort of order any of the Chaos Dwarfs would happily carry out.",,,,,,,Military Technologies,Chaos Dwarf Military Technology Tree,,,,,,,,,,,structural_node,technology_nodes_tables,db/technology_nodes_tables/data__.tsv,871,wh3_dlc23_tech_chd_sorcery_8,,,,,,,,5,15,100,0,0,,wh3_dlc23_tech_chd_sorcery_low,0,-60,50,,,,,,,,,,,,,,,,,,,,,,,,,,,,,,,,,,,,,,,,,,,,,,,,,,,,,,,,,,,,,,,
technology,warhammer_3,8.1.1,24237342,Chaos Dwarfs,chaos_dwarfs,wh3_dlc23_chd_zhatan,The Warhost of Zharr,wh3_dlc23_chd_chaos_dwarfs,wh3_dlc23_sc_chd_chaos_dwarfs,LOCKED_STANDARD,chd_mil@unspecified_campaign,generic_candidate,Conjunction of nonblank source faction/culture/subculture selectors; campaign condition preserved. Engine precedence is not decoded.,,chd_mil,,wh3_dlc23_chd_chaos_dwarfs,,,wh3_dlc23_tech_chd_sorcery_8,,,wh3_dlc23_tech_chd_sorcery_8,Malicious Compliance,"Increasing Labour capacity and, at the same time, breaking the spirit of the Labourers, is the sort of order any of the Chaos Dwarfs would happily carry out.",,,,,,,Military Technologies,Chaos Dwarf Military Technology Tree,,,,,,,,,,,,technologies_tables,db/technologies_tables/data__.tsv,739,wh3_dlc23_tech_chd_sorcery_8,,,,,,,,,,,,,,,,,,wh_main_chs_port_ruin,1,wh3_dlc23_tech_chd_sorcery_8,false,false,placeholder.tga,2045117642,false,false,true,false,,,,,,,,,,,,,,,,,,,,,,,,,,,,,,,,,,,,,,,,,,,,,,,,,,,,
effect,warhammer_3,8.1.1,24237342,Chaos Dwarfs,chaos_dwarfs,wh3_dlc23_chd_zhatan,The Warhost of Zharr,wh3_dlc23_chd_chaos_dwarfs,wh3_dlc23_sc_chd_chaos_dwarfs,LOCKED_STANDARD,chd_mil@unspecified_campaign,generic_candidate,Conjunction of nonblank source faction/culture/subculture selectors; campaign condition preserved. Engine precedence is not decoded.,,chd_mil,,wh3_dlc23_chd_chaos_dwarfs,,,wh3_dlc23_tech_chd_sorcery_8,,,wh3_dlc23_tech_chd_sorcery_8,Malicious Compliance,"Increasing Labour capacity and, at the same time, breaking the spirit of the Labourers, is the sort of order any of the Chaos Dwarfs would happily carry out.",,wh_main_effect_force_all_campaign_captives,faction_to_force_own_unseen,10.0000,Casualties captured post-battle: %+n%,,Military Technologies,Chaos Dwarf Military Technology Tree,,,,,,,,,,,,technology_effects_junction_tables,db/technology_effects_junction_tables/data__.tsv,1517,wh3_dlc23_tech_chd_sorcery_8|wh_main_effect_force_all_campaign_captives,,,,,,,,,,,,,,,,,,,,,,,,,,,,,,,,,,,,,,,,,,,,,,,,,,,,,,,,,,,,,,,,,,,,,,,,,,,,military.png,51,military.png,campaign,true
effect,warhammer_3,8.1.1,24237342,Chaos Dwarfs,chaos_dwarfs,wh3_dlc23_chd_zhatan,The Warhost of Zharr,wh3_dlc23_chd_chaos_dwarfs,wh3_dlc23_sc_chd_chaos_dwarfs,LOCKED_STANDARD,chd_mil@unspecified_campaign,generic_candidate,Conjunction of nonblank source faction/culture/subculture selectors; campaign condition preserved. Engine precedence is not decoded.,,chd_mil,,wh3_dlc23_chd_chaos_dwarfs,,,wh3_dlc23_tech_chd_sorcery_8,,,wh3_dlc23_tech_chd_sorcery_8,Malicious Compliance,"Increasing Labour capacity and, at the same time, breaking the spirit of the Labourers, is the sort of order any of the Chaos Dwarfs would happily carry out.",,wh_main_effect_public_order_tech,faction_to_province_own,2.0000,{{tr:public_order_effect}}: %+n,,Military Technologies,Chaos Dwarf Military Technology Tree,,,,,,,,,,,,technology_effects_junction_tables,db/technology_effects_junction_tables/data__.tsv,1518,wh3_dlc23_tech_chd_sorcery_8|wh_main_effect_public_order_tech,,,,,,,,,,,,,,,,,,,,,,,,,,,,,,,,,,,,,,,,,,,,,,,,,,,,,,,,,,,,,,,,,,,,,,,,,,,,public_order.png,160,public_order.png,campaign,true
resource_cost,warhammer_3,8.1.1,24237342,Chaos Dwarfs,chaos_dwarfs,wh3_dlc23_chd_zhatan,The Warhost of Zharr,wh3_dlc23_chd_chaos_dwarfs,wh3_dlc23_sc_chd_chaos_dwarfs,LOCKED_STANDARD,chd_mil@unspecified_campaign,generic_candidate,Conjunction of nonblank source faction/culture/subculture selectors; campaign condition preserved. Engine precedence is not decoded.,,chd_mil,,wh3_dlc23_chd_chaos_dwarfs,,,wh3_dlc23_tech_chd_sorcery_8,,,wh3_dlc23_tech_chd_sorcery_8,Malicious Compliance,"Increasing Labour capacity and, at the same time, breaking the spirit of the Labourers, is the sort of order any of the Chaos Dwarfs would happily carry out.",,,,,,,Military Technologies,Chaos Dwarf Military Technology Tree,,,,,,,,,,,,resource_costs_tables,db/resource_costs_tables/data__.tsv,965,wh3_dlc23_tech_chd_sorcery_low,,,,,,,,,,,,,,wh3_dlc23_tech_chd_sorcery_low,,,,,,,,,,,,,,,,,,,,,,,,,,,,,,,,,,0,TECHNOLOGIES,TECHNOLOGIES,ARMY_UPKEEP,BACKGROUND_INCOME,,,,,,,,,,,,,,,,,,,,,,,,,,,,
pooled_resource_cost,warhammer_3,8.1.1,24237342,Chaos Dwarfs,chaos_dwarfs,wh3_dlc23_chd_zhatan,The Warhost of Zharr,wh3_dlc23_chd_chaos_dwarfs,wh3_dlc23_sc_chd_chaos_dwarfs,LOCKED_STANDARD,chd_mil@unspecified_campaign,generic_candidate,Conjunction of nonblank source faction/culture/subculture selectors; campaign condition preserved. Engine precedence is not decoded.,,chd_mil,,wh3_dlc23_chd_chaos_dwarfs,,,wh3_dlc23_tech_chd_sorcery_8,,,wh3_dlc23_tech_chd_sorcery_8,Malicious Compliance,"Increasing Labour capacity and, at the same time, breaking the spirit of the Labourers, is the sort of order any of the Chaos Dwarfs would happily carry out.",,,,,,,Military Technologies,Chaos Dwarf Military Technology Tree,,,,,,,,,,,,resource_cost_pooled_resource_junctions_tables,db/resource_cost_pooled_resource_junctions_tables/data__.tsv,1063,wh3_dlc23_chd_conclave_influence_spent_technology|wh3_dlc23_tech_chd_sorcery_low,,,,,,,,,,,,,,wh3_dlc23_tech_chd_sorcery_low,,,,,,,,,,,,,,,,,,,,,,,,,,,,,,,,,,,,,,,wh3_dlc23_chd_conclave_influence_spent_technology,-25,absolute,default,,,,,,,,,,,,,,,,,,,,,,,,
resource_factor,warhammer_3,8.1.1,24237342,Chaos Dwarfs,chaos_dwarfs,wh3_dlc23_chd_zhatan,The Warhost of Zharr,wh3_dlc23_chd_chaos_dwarfs,wh3_dlc23_sc_chd_chaos_dwarfs,LOCKED_STANDARD,chd_mil@unspecified_campaign,generic_candidate,Conjunction of nonblank source faction/culture/subculture selectors; campaign condition preserved. Engine precedence is not decoded.,,chd_mil,,wh3_dlc23_chd_chaos_dwarfs,,,wh3_dlc23_tech_chd_sorcery_8,,,wh3_dlc23_tech_chd_sorcery_8,Malicious Compliance,"Increasing Labour capacity and, at the same time, breaking the spirit of the Labourers, is the sort of order any of the Chaos Dwarfs would happily carry out.",,,,,,,Military Technologies,Chaos Dwarf Military Technology Tree,,,,,,,,,,,,pooled_resource_factor_junctions_tables,db/pooled_resource_factor_junctions_tables/data__.tsv,529,wh3_dlc23_chd_conclave_influence_spent_technology,,,,,,,,,,,,,,wh3_dlc23_tech_chd_sorcery_low,,,,,,,,,,,,,,,,,,,,,,,,,,,,,,,,,,,,,,,,,,,wh3_dlc23_chd_conclave_influence_spent_technology,technology,wh3_dlc23_chd_conclave_influence,-2147483647,0,,,,,,,,,,,,,,,,,,,
tab_membership,warhammer_3,8.1.1,24237342,Chaos Dwarfs,chaos_dwarfs,wh3_dlc23_chd_zhatan,The Warhost of Zharr,wh3_dlc23_chd_chaos_dwarfs,wh3_dlc23_sc_chd_chaos_dwarfs,LOCKED_STANDARD,chd_mil@unspecified_campaign,generic_candidate,Conjunction of nonblank source faction/culture/subculture selectors; campaign condition preserved. Engine precedence is not decoded.,,chd_mil,,wh3_dlc23_chd_chaos_dwarfs,,,wh3_dlc23_tech_chd_sorcery_8,,,wh3_dlc23_tech_chd_sorcery_8,Malicious Compliance,"Increasing Labour capacity and, at the same time, breaking the spirit of the Labourers, is the sort of order any of the Chaos Dwarfs would happily carry out.",,,,,,,Military Technologies,Chaos Dwarf Military Technology Tree,,,,,,,,,,,,technology_ui_tabs_to_technology_nodes_junctions_tables,db/technology_ui_tabs_to_technology_nodes_junctions_tables/data__.tsv,77,wh3_dlc23_tech_chd_sorcery_8|chd_sorcery,,,,,,,,,,,,,,,,,,,,,,,,,,,,,,,,,,,,,,,,,,,,,,,,,,,,,,,,,,,,,,,,,,,,,chd_sorcery,,,,,,,,,,,
node,warhammer_3,8.1.1,24237342,Chaos Dwarfs,chaos_dwarfs,wh3_dlc23_chd_zhatan,The Warhost of Zharr,wh3_dlc23_chd_chaos_dwarfs,wh3_dlc23_sc_chd_chaos_dwarfs,LOCKED_STANDARD,chd_mil@unspecified_campaign,generic_candidate,Conjunction of nonblank source faction/culture/subculture selectors; campaign condition preserved. Engine precedence is not decoded.,,chd_mil,,wh3_dlc23_chd_chaos_dwarfs,,,wh3_dlc23_tech_chd_sorcery_6,,,wh3_dlc23_tech_chd_sorcery_6,Envoys to the Conclave,Embedding rivals' envoys within the Dawi-Zharr hierarchy increases the chances of diplomatic accord and cements allegiances when it really matters.,,,,,,,Military Technologies,Chaos Dwarf Military Technology Tree,,,,,,,,,,,structural_node,technology_nodes_tables,db/technology_nodes_tables/data__.tsv,869,wh3_dlc23_tech_chd_sorcery_6,,,,,,,,6,15,300,0,0,,,0,-60,50,,,,,,,,,,,,,,,,,,,,,,,,,,,,,,,,,,,,,,,,,,,,,,,,,,,,,,,,,,,,,,,
technology,warhammer_3,8.1.1,24237342,Chaos Dwarfs,chaos_dwarfs,wh3_dlc23_chd_zhatan,The Warhost of Zharr,wh3_dlc23_chd_chaos_dwarfs,wh3_dlc23_sc_chd_chaos_dwarfs,LOCKED_STANDARD,chd_mil@unspecified_campaign,generic_candidate,Conjunction of nonblank source faction/culture/subculture selectors; campaign condition preserved. Engine precedence is not decoded.,,chd_mil,,wh3_dlc23_chd_chaos_dwarfs,,,wh3_dlc23_tech_chd_sorcery_6,,,wh3_dlc23_tech_chd_sorcery_6,Envoys to the Conclave,Embedding rivals' envoys within the Dawi-Zharr hierarchy increases the chances of diplomatic accord and cements allegiances when it really matters.,,,,,,,Military Technologies,Chaos Dwarf Military Technology Tree,,,,,,,,,,,,technologies_tables,db/technologies_tables/data__.tsv,737,wh3_dlc23_tech_chd_sorcery_6,,,,,,,,,,,,,,,,,,wh_main_chs_port_ruin,1,wh3_dlc23_tech_chd_sorcery_6,false,false,placeholder.tga,957845483,false,false,true,false,,,,,,,,,,,,,,,,,,,,,,,,,,,,,,,,,,,,,,,,,,,,,,,,,,,,
effect,warhammer_3,8.1.1,24237342,Chaos Dwarfs,chaos_dwarfs,wh3_dlc23_chd_zhatan,The Warhost of Zharr,wh3_dlc23_chd_chaos_dwarfs,wh3_dlc23_sc_chd_chaos_dwarfs,LOCKED_STANDARD,chd_mil@unspecified_campaign,generic_candidate,Conjunction of nonblank source faction/culture/subculture selectors; campaign condition preserved. Engine precedence is not decoded.,,chd_mil,,wh3_dlc23_chd_chaos_dwarfs,,,wh3_dlc23_tech_chd_sorcery_6,,,wh3_dlc23_tech_chd_sorcery_6,Envoys to the Conclave,Embedding rivals' envoys within the Dawi-Zharr hierarchy increases the chances of diplomatic accord and cements allegiances when it really matters.,,wh3_dlc23_faction_political_diplomacy_mod_chaos_dwarfs,faction_to_faction_own_unseen,20.0000,Diplomatic relations: %+n with Chaos Dwarfs,,Military Technologies,Chaos Dwarf Military Technology Tree,,,,,,,,,,,,technology_effects_junction_tables,db/technology_effects_junction_tables/data__.tsv,1512,wh3_dlc23_tech_chd_sorcery_6|wh3_dlc23_faction_political_diplomacy_mod_chaos_dwarfs,,,,,,,,,,,,,,,,,,,,,,,,,,,,,,,,,,,,,,,,,,,,,,,,,,,,,,,,,,,,,,,,,,,,,,,,,,,,diplomacy.png,5,diplomacy.png,campaign,true
effect,warhammer_3,8.1.1,24237342,Chaos Dwarfs,chaos_dwarfs,wh3_dlc23_chd_zhatan,The Warhost of Zharr,wh3_dlc23_chd_chaos_dwarfs,wh3_dlc23_sc_chd_chaos_dwarfs,LOCKED_STANDARD,chd_mil@unspecified_campaign,generic_candidate,Conjunction of nonblank source faction/culture/subculture selectors; campaign condition preserved. Engine precedence is not decoded.,,chd_mil,,wh3_dlc23_chd_chaos_dwarfs,,,wh3_dlc23_tech_chd_sorcery_6,,,wh3_dlc23_tech_chd_sorcery_6,Envoys to the Conclave,Embedding rivals' envoys within the Dawi-Zharr hierarchy increases the chances of diplomatic accord and cements allegiances when it really matters.,,wh3_main_effect_allegiance_points_mod,faction_to_faction_own_unseen,15.0000,Allegiance points gained: %+n%,,Military Technologies,Chaos Dwarf Military Technology Tree,,,,,,,,,,,,technology_effects_junction_tables,db/technology_effects_junction_tables/data__.tsv,1513,wh3_dlc23_tech_chd_sorcery_6|wh3_main_effect_allegiance_points_mod,,,,,,,,,,,,,,,,,,,,,,,,,,,,,,,,,,,,,,,,,,,,,,,,,,,,,,,,,,,,,,,,,,,,,,,,,,,,allegiance.png,6,allegiance.png,campaign,true
tab_membership,warhammer_3,8.1.1,24237342,Chaos Dwarfs,chaos_dwarfs,wh3_dlc23_chd_zhatan,The Warhost of Zharr,wh3_dlc23_chd_chaos_dwarfs,wh3_dlc23_sc_chd_chaos_dwarfs,LOCKED_STANDARD,chd_mil@unspecified_campaign,generic_candidate,Conjunction of nonblank source faction/culture/subculture selectors; campaign condition preserved. Engine precedence is not decoded.,,chd_mil,,wh3_dlc23_chd_chaos_dwarfs,,,wh3_dlc23_tech_chd_sorcery_6,,,wh3_dlc23_tech_chd_sorcery_6,Envoys to the Conclave,Embedding rivals' envoys within the Dawi-Zharr hierarchy increases the chances of diplomatic accord and cements allegiances when it really matters.,,,,,,,Military Technologies,Chaos Dwarf Military Technology Tree,,,,,,,,,,,,technology_ui_tabs_to_technology_nodes_junctions_tables,db/technology_ui_tabs_to_technology_nodes_junctions_tables/data__.tsv,75,wh3_dlc23_tech_chd_sorcery_6|chd_sorcery,,,,,,,,,,,,,,,,,,,,,,,,,,,,,,,,,,,,,,,,,,,,,,,,,,,,,,,,,,,,,,,,,,,,,chd_sorcery,,,,,,,,,,,
node,warhammer_3,8.1.1,24237342,Chaos Dwarfs,chaos_dwarfs,wh3_dlc23_chd_zhatan,The Warhost of Zharr,wh3_dlc23_chd_chaos_dwarfs,wh3_dlc23_sc_chd_chaos_dwarfs,LOCKED_STANDARD,chd_mil@unspecified_campaign,generic_candidate,Conjunction of nonblank source faction/culture/subculture selectors; campaign condition preserved. Engine precedence is not decoded.,,chd_mil,,wh3_dlc23_chd_chaos_dwarfs,,,wh3_dlc23_tech_chd_sorcery_4,,,wh3_dlc23_tech_chd_sorcery_4,Brazen Bodyguard,Strength comes more naturally to those blessed with the image of the Father of Darkness himself. ,,,,,,,Military Technologies,Chaos Dwarf Military Technology Tree,,,,,,,,,,,structural_node,technology_nodes_tables,db/technology_nodes_tables/data__.tsv,867,wh3_dlc23_tech_chd_sorcery_4,,,,,,,,7,15,300,0,0,,,0,-60,50,,,,,,,,,,,,,,,,,,,,,,,,,,,,,,,,,,,,,,,,,,,,,,,,,,,,,,,,,,,,,,,
technology,warhammer_3,8.1.1,24237342,Chaos Dwarfs,chaos_dwarfs,wh3_dlc23_chd_zhatan,The Warhost of Zharr,wh3_dlc23_chd_chaos_dwarfs,wh3_dlc23_sc_chd_chaos_dwarfs,LOCKED_STANDARD,chd_mil@unspecified_campaign,generic_candidate,Conjunction of nonblank source faction/culture/subculture selectors; campaign condition preserved. Engine precedence is not decoded.,,chd_mil,,wh3_dlc23_chd_chaos_dwarfs,,,wh3_dlc23_tech_chd_sorcery_4,,,wh3_dlc23_tech_chd_sorcery_4,Brazen Bodyguard,Strength comes more naturally to those blessed with the image of the Father of Darkness himself. ,,,,,,,Military Technologies,Chaos Dwarf Military Technology Tree,,,,,,,,,,,,technologies_tables,db/technologies_tables/data__.tsv,735,wh3_dlc23_tech_chd_sorcery_4,,,,,,,,,,,,,,,,,,wh_main_chs_port_ruin,1,wh3_dlc23_tech_chd_sorcery_4,false,false,placeholder.tga,82792,false,false,true,false,,,,,,,,,,,,,,,,,,,,,,,,,,,,,,,,,,,,,,,,,,,,,,,,,,,,
effect,warhammer_3,8.1.1,24237342,Chaos Dwarfs,chaos_dwarfs,wh3_dlc23_chd_zhatan,The Warhost of Zharr,wh3_dlc23_chd_chaos_dwarfs,wh3_dlc23_sc_chd_chaos_dwarfs,LOCKED_STANDARD,chd_mil@unspecified_campaign,generic_candidate,Conjunction of nonblank source faction/culture/subculture selectors; campaign condition preserved. Engine precedence is not decoded.,,chd_mil,,wh3_dlc23_chd_chaos_dwarfs,,,wh3_dlc23_tech_chd_sorcery_4,,,wh3_dlc23_tech_chd_sorcery_4,Brazen Bodyguard,Strength comes more naturally to those blessed with the image of the Father of Darkness himself. ,,wh3_dlc23_effect_agent_cap_increase_champion_chaos_dwarfs,faction_to_faction_own_unseen,1.0000,Hero capacity: %+n for Bull Centaur Taur'ruk,,Military Technologies,Chaos Dwarf Military Technology Tree,,,,,,,,,,,,technology_effects_junction_tables,db/technology_effects_junction_tables/data__.tsv,1507,wh3_dlc23_tech_chd_sorcery_4|wh3_dlc23_effect_agent_cap_increase_champion_chaos_dwarfs,,,,,,,,,,,,,,,,,,,,,,,,,,,,,,,,,,,,,,,,,,,,,,,,,,,,,,,,,,,,,,,,,,,,,,,,,,,,bull_centaur_taurruk.png,102,bull_centaur_taurruk.png,campaign,true
effect,warhammer_3,8.1.1,24237342,Chaos Dwarfs,chaos_dwarfs,wh3_dlc23_chd_zhatan,The Warhost of Zharr,wh3_dlc23_chd_chaos_dwarfs,wh3_dlc23_sc_chd_chaos_dwarfs,LOCKED_STANDARD,chd_mil@unspecified_campaign,generic_candidate,Conjunction of nonblank source faction/culture/subculture selectors; campaign condition preserved. Engine precedence is not decoded.,,chd_mil,,wh3_dlc23_chd_chaos_dwarfs,,,wh3_dlc23_tech_chd_sorcery_4,,,wh3_dlc23_tech_chd_sorcery_4,Brazen Bodyguard,Strength comes more naturally to those blessed with the image of the Father of Darkness himself. ,,wh_main_effect_agent_action_cost_mod,faction_to_character_own_unseen,-20.0000,Hero action cost: %+n%,,Military Technologies,Chaos Dwarf Military Technology Tree,,,,,,,,,,,,technology_effects_junction_tables,db/technology_effects_junction_tables/data__.tsv,1508,wh3_dlc23_tech_chd_sorcery_4|wh_main_effect_agent_action_cost_mod,,,,,,,,,,,,,,,,,,,,,,,,,,,,,,,,,,,,,,,,,,,,,,,,,,,,,,,,,,,,,,,,,,,,,,,,,,,,treasury.png,100,treasury.png,campaign,false
tab_membership,warhammer_3,8.1.1,24237342,Chaos Dwarfs,chaos_dwarfs,wh3_dlc23_chd_zhatan,The Warhost of Zharr,wh3_dlc23_chd_chaos_dwarfs,wh3_dlc23_sc_chd_chaos_dwarfs,LOCKED_STANDARD,chd_mil@unspecified_campaign,generic_candidate,Conjunction of nonblank source faction/culture/subculture selectors; campaign condition preserved. Engine precedence is not decoded.,,chd_mil,,wh3_dlc23_chd_chaos_dwarfs,,,wh3_dlc23_tech_chd_sorcery_4,,,wh3_dlc23_tech_chd_sorcery_4,Brazen Bodyguard,Strength comes more naturally to those blessed with the image of the Father of Darkness himself. ,,,,,,,Military Technologies,Chaos Dwarf Military Technology Tree,,,,,,,,,,,,technology_ui_tabs_to_technology_nodes_junctions_tables,db/technology_ui_tabs_to_technology_nodes_junctions_tables/data__.tsv,73,wh3_dlc23_tech_chd_sorcery_4|chd_sorcery,,,,,,,,,,,,,,,,,,,,,,,,,,,,,,,,,,,,,,,,,,,,,,,,,,,,,,,,,,,,,,,,,,,,,chd_sorcery,,,,,,,,,,,
node,warhammer_3,8.1.1,24237342,Chaos Dwarfs,chaos_dwarfs,wh3_dlc23_chd_zhatan,The Warhost of Zharr,wh3_dlc23_chd_chaos_dwarfs,wh3_dlc23_sc_chd_chaos_dwarfs,LOCKED_STANDARD,chd_mil@unspecified_campaign,generic_candidate,Conjunction of nonblank source faction/culture/subculture selectors; campaign condition preserved. Engine precedence is not decoded.,,chd_mil,,wh3_dlc23_chd_chaos_dwarfs,,,wh3_dlc23_tech_chd_sorcery_16,,,wh3_dlc23_tech_chd_sorcery_16,Metallurgy,"The production, purification and manipulation of metals is a specialised science, that requires extensive knowledge of Chamon, the Lore of Metal.",,,,,,,Military Technologies,Chaos Dwarf Military Technology Tree,,,,,,,,,,,structural_node,technology_nodes_tables,db/technology_nodes_tables/data__.tsv,857,wh3_dlc23_tech_chd_sorcery_16,,,,,,,,2,16,100,0,0,,wh3_dlc23_tech_chd_sorcery_medium,0,-150,40,,,,,,,,,,,,,,,,,,,,,,,,,,,,,,,,,,,,,,,,,,,,,,,,,,,,,,,,,,,,,,,
technology,warhammer_3,8.1.1,24237342,Chaos Dwarfs,chaos_dwarfs,wh3_dlc23_chd_zhatan,The Warhost of Zharr,wh3_dlc23_chd_chaos_dwarfs,wh3_dlc23_sc_chd_chaos_dwarfs,LOCKED_STANDARD,chd_mil@unspecified_campaign,generic_candidate,Conjunction of nonblank source faction/culture/subculture selectors; campaign condition preserved. Engine precedence is not decoded.,,chd_mil,,wh3_dlc23_chd_chaos_dwarfs,,,wh3_dlc23_tech_chd_sorcery_16,,,wh3_dlc23_tech_chd_sorcery_16,Metallurgy,"The production, purification and manipulation of metals is a specialised science, that requires extensive knowledge of Chamon, the Lore of Metal.",,,,,,,Military Technologies,Chaos Dwarf Military Technology Tree,,,,,,,,,,,,technologies_tables,db/technologies_tables/data__.tsv,725,wh3_dlc23_tech_chd_sorcery_16,,,,,,,,,,,,,,,,,,wh_main_chs_port_ruin,1,wh3_dlc23_tech_chd_sorcery_16,false,false,placeholder.tga,1052431285,false,false,true,false,,,,,,,,,,,,,,,,,,,,,,,,,,,,,,,,,,,,,,,,,,,,,,,,,,,,
effect,warhammer_3,8.1.1,24237342,Chaos Dwarfs,chaos_dwarfs,wh3_dlc23_chd_zhatan,The Warhost of Zharr,wh3_dlc23_chd_chaos_dwarfs,wh3_dlc23_sc_chd_chaos_dwarfs,LOCKED_STANDARD,chd_mil@unspecified_campaign,generic_candidate,Conjunction of nonblank source faction/culture/subculture selectors; campaign condition preserved. Engine precedence is not decoded.,,chd_mil,,wh3_dlc23_chd_chaos_dwarfs,,,wh3_dlc23_tech_chd_sorcery_16,,,wh3_dlc23_tech_chd_sorcery_16,Metallurgy,"The production, purification and manipulation of metals is a specialised science, that requires extensive knowledge of Chamon, the Lore of Metal.",,wh2_dlc11_effect_ability_wom_cost_pct_metal_spells,faction_to_force_own,-10.0000,Winds of Magic cost: %+n% for Lore of Metal spells,,Military Technologies,Chaos Dwarf Military Technology Tree,,,,,,,,,,,,technology_effects_junction_tables,db/technology_effects_junction_tables/data__.tsv,1486,wh3_dlc23_tech_chd_sorcery_16|wh2_dlc11_effect_ability_wom_cost_pct_metal_spells,,,,,,,,,,,,,,,,,,,,,,,,,,,,,,,,,,,,,,,,,,,,,,,,,,,,,,,,,,,,,,,,,,,,,,,,,,,,magic_character.png,294,magic_character.png,both,false
effect,warhammer_3,8.1.1,24237342,Chaos Dwarfs,chaos_dwarfs,wh3_dlc23_chd_zhatan,The Warhost of Zharr,wh3_dlc23_chd_chaos_dwarfs,wh3_dlc23_sc_chd_chaos_dwarfs,LOCKED_STANDARD,chd_mil@unspecified_campaign,generic_candidate,Conjunction of nonblank source faction/culture/subculture selectors; campaign condition preserved. Engine precedence is not decoded.,,chd_mil,,wh3_dlc23_chd_chaos_dwarfs,,,wh3_dlc23_tech_chd_sorcery_16,,,wh3_dlc23_tech_chd_sorcery_16,Metallurgy,"The production, purification and manipulation of metals is a specialised science, that requires extensive knowledge of Chamon, the Lore of Metal.",,wh_main_effect_ability_cooldown_lore_of_metal,faction_to_force_own,-10.0000,Cooldown: %+n% to Lore of Metal spells,,Military Technologies,Chaos Dwarf Military Technology Tree,,,,,,,,,,,,technology_effects_junction_tables,db/technology_effects_junction_tables/data__.tsv,1487,wh3_dlc23_tech_chd_sorcery_16|wh_main_effect_ability_cooldown_lore_of_metal,,,,,,,,,,,,,,,,,,,,,,,,,,,,,,,,,,,,,,,,,,,,,,,,,,,,,,,,,,,,,,,,,,,,,,,,,,,,magic_cooldown_character.png,293,magic_cooldown_character.png,both,false
resource_cost,warhammer_3,8.1.1,24237342,Chaos Dwarfs,chaos_dwarfs,wh3_dlc23_chd_zhatan,The Warhost of Zharr,wh3_dlc23_chd_chaos_dwarfs,wh3_dlc23_sc_chd_chaos_dwarfs,LOCKED_STANDARD,chd_mil@unspecified_campaign,generic_candidate,Conjunction of nonblank source faction/culture/subculture selectors; campaign condition preserved. Engine precedence is not decoded.,,chd_mil,,wh3_dlc23_chd_chaos_dwarfs,,,wh3_dlc23_tech_chd_sorcery_16,,,wh3_dlc23_tech_chd_sorcery_16,Metallurgy,"The production, purification and manipulation of metals is a specialised science, that requires extensive knowledge of Chamon, the Lore of Metal.",,,,,,,Military Technologies,Chaos Dwarf Military Technology Tree,,,,,,,,,,,,resource_costs_tables,db/resource_costs_tables/data__.tsv,966,wh3_dlc23_tech_chd_sorcery_medium,,,,,,,,,,,,,,wh3_dlc23_tech_chd_sorcery_medium,,,,,,,,,,,,,,,,,,,,,,,,,,,,,,,,,,0,TECHNOLOGIES,TECHNOLOGIES,ARMY_UPKEEP,BACKGROUND_INCOME,,,,,,,,,,,,,,,,,,,,,,,,,,,,
pooled_resource_cost,warhammer_3,8.1.1,24237342,Chaos Dwarfs,chaos_dwarfs,wh3_dlc23_chd_zhatan,The Warhost of Zharr,wh3_dlc23_chd_chaos_dwarfs,wh3_dlc23_sc_chd_chaos_dwarfs,LOCKED_STANDARD,chd_mil@unspecified_campaign,generic_candidate,Conjunction of nonblank source faction/culture/subculture selectors; campaign condition preserved. Engine precedence is not decoded.,,chd_mil,,wh3_dlc23_chd_chaos_dwarfs,,,wh3_dlc23_tech_chd_sorcery_16,,,wh3_dlc23_tech_chd_sorcery_16,Metallurgy,"The production, purification and manipulation of metals is a specialised science, that requires extensive knowledge of Chamon, the Lore of Metal.",,,,,,,Military Technologies,Chaos Dwarf Military Technology Tree,,,,,,,,,,,,resource_cost_pooled_resource_junctions_tables,db/resource_cost_pooled_resource_junctions_tables/data__.tsv,1064,wh3_dlc23_chd_conclave_influence_spent_technology|wh3_dlc23_tech_chd_sorcery_medium,,,,,,,,,,,,,,wh3_dlc23_tech_chd_sorcery_medium,,,,,,,,,,,,,,,,,,,,,,,,,,,,,,,,,,,,,,,wh3_dlc23_chd_conclave_influence_spent_technology,-50,absolute,default,,,,,,,,,,,,,,,,,,,,,,,,
resource_factor,warhammer_3,8.1.1,24237342,Chaos Dwarfs,chaos_dwarfs,wh3_dlc23_chd_zhatan,The Warhost of Zharr,wh3_dlc23_chd_chaos_dwarfs,wh3_dlc23_sc_chd_chaos_dwarfs,LOCKED_STANDARD,chd_mil@unspecified_campaign,generic_candidate,Conjunction of nonblank source faction/culture/subculture selectors; campaign condition preserved. Engine precedence is not decoded.,,chd_mil,,wh3_dlc23_chd_chaos_dwarfs,,,wh3_dlc23_tech_chd_sorcery_16,,,wh3_dlc23_tech_chd_sorcery_16,Metallurgy,"The production, purification and manipulation of metals is a specialised science, that requires extensive knowledge of Chamon, the Lore of Metal.",,,,,,,Military Technologies,Chaos Dwarf Military Technology Tree,,,,,,,,,,,,pooled_resource_factor_junctions_tables,db/pooled_resource_factor_junctions_tables/data__.tsv,529,wh3_dlc23_chd_conclave_influence_spent_technology,,,,,,,,,,,,,,wh3_dlc23_tech_chd_sorcery_medium,,,,,,,,,,,,,,,,,,,,,,,,,,,,,,,,,,,,,,,,,,,wh3_dlc23_chd_conclave_influence_spent_technology,technology,wh3_dlc23_chd_conclave_influence,-2147483647,0,,,,,,,,,,,,,,,,,,,
tab_membership,warhammer_3,8.1.1,24237342,Chaos Dwarfs,chaos_dwarfs,wh3_dlc23_chd_zhatan,The Warhost of Zharr,wh3_dlc23_chd_chaos_dwarfs,wh3_dlc23_sc_chd_chaos_dwarfs,LOCKED_STANDARD,chd_mil@unspecified_campaign,generic_candidate,Conjunction of nonblank source faction/culture/subculture selectors; campaign condition preserved. Engine precedence is not decoded.,,chd_mil,,wh3_dlc23_chd_chaos_dwarfs,,,wh3_dlc23_tech_chd_sorcery_16,,,wh3_dlc23_tech_chd_sorcery_16,Metallurgy,"The production, purification and manipulation of metals is a specialised science, that requires extensive knowledge of Chamon, the Lore of Metal.",,,,,,,Military Technologies,Chaos Dwarf Military Technology Tree,,,,,,,,,,,,technology_ui_tabs_to_technology_nodes_junctions_tables,db/technology_ui_tabs_to_technology_nodes_junctions_tables/data__.tsv,63,wh3_dlc23_tech_chd_sorcery_16|chd_sorcery,,,,,,,,,,,,,,,,,,,,,,,,,,,,,,,,,,,,,,,,,,,,,,,,,,,,,,,,,,,,,,,,,,,,,chd_sorcery,,,,,,,,,,,
node,warhammer_3,8.1.1,24237342,Chaos Dwarfs,chaos_dwarfs,wh3_dlc23_chd_zhatan,The Warhost of Zharr,wh3_dlc23_chd_chaos_dwarfs,wh3_dlc23_sc_chd_chaos_dwarfs,LOCKED_STANDARD,chd_mil@unspecified_campaign,generic_candidate,Conjunction of nonblank source faction/culture/subculture selectors; campaign condition preserved. Engine precedence is not decoded.,,chd_mil,,wh3_dlc23_chd_chaos_dwarfs,,,wh3_dlc23_tech_chd_sorcery_12,,,wh3_dlc23_tech_chd_sorcery_12,Tyrannical Decrees,There’s no such thing as too many Labourers. The Overseers shall make work for their idle hands!,,,,,,,Military Technologies,Chaos Dwarf Military Technology Tree,,,,,,,,,,,structural_node,technology_nodes_tables,db/technology_nodes_tables/data__.tsv,853,wh3_dlc23_tech_chd_sorcery_12,,,,,,,,3,16,400,0,0,,,0,-150,40,,,,,,,,,,,,,,,,,,,,,,,,,,,,,,,,,,,,,,,,,,,,,,,,,,,,,,,,,,,,,,,
technology,warhammer_3,8.1.1,24237342,Chaos Dwarfs,chaos_dwarfs,wh3_dlc23_chd_zhatan,The Warhost of Zharr,wh3_dlc23_chd_chaos_dwarfs,wh3_dlc23_sc_chd_chaos_dwarfs,LOCKED_STANDARD,chd_mil@unspecified_campaign,generic_candidate,Conjunction of nonblank source faction/culture/subculture selectors; campaign condition preserved. Engine precedence is not decoded.,,chd_mil,,wh3_dlc23_chd_chaos_dwarfs,,,wh3_dlc23_tech_chd_sorcery_12,,,wh3_dlc23_tech_chd_sorcery_12,Tyrannical Decrees,There’s no such thing as too many Labourers. The Overseers shall make work for their idle hands!,,,,,,,Military Technologies,Chaos Dwarf Military Technology Tree,,,,,,,,,,,,technologies_tables,db/technologies_tables/data__.tsv,721,wh3_dlc23_tech_chd_sorcery_12,,,,,,,,,,,,,,,,,,wh_main_chs_port_ruin,1,wh3_dlc23_tech_chd_sorcery_12,false,false,placeholder.tga,1096159688,false,false,true,false,,,,,,,,,,,,,,,,,,,,,,,,,,,,,,,,,,,,,,,,,,,,,,,,,,,,
effect,warhammer_3,8.1.1,24237342,Chaos Dwarfs,chaos_dwarfs,wh3_dlc23_chd_zhatan,The Warhost of Zharr,wh3_dlc23_chd_chaos_dwarfs,wh3_dlc23_sc_chd_chaos_dwarfs,LOCKED_STANDARD,chd_mil@unspecified_campaign,generic_candidate,Conjunction of nonblank source faction/culture/subculture selectors; campaign condition preserved. Engine precedence is not decoded.,,chd_mil,,wh3_dlc23_chd_chaos_dwarfs,,,wh3_dlc23_tech_chd_sorcery_12,,,wh3_dlc23_tech_chd_sorcery_12,Tyrannical Decrees,There’s no such thing as too many Labourers. The Overseers shall make work for their idle hands!,,wh3_dlc23_effect_commandment_chd_armaments_modifier,faction_to_province_own_unseen,5.0000,The Higher Quotas commandment: additional %+n% Armaments output,,Military Technologies,Chaos Dwarf Military Technology Tree,,,,,,,,,,,,technology_effects_junction_tables,db/technology_effects_junction_tables/data__.tsv,1478,wh3_dlc23_tech_chd_sorcery_12|wh3_dlc23_effect_commandment_chd_armaments_modifier,,,,,,,,,,,,,,,,,,,,,,,,,,,,,,,,,,,,,,,,,,,,,,,,,,,,,,,,,,,,,,,,,,,,,,,,,,,,chd_armaments.png,1,chd_armaments.png,campaign,true
effect,warhammer_3,8.1.1,24237342,Chaos Dwarfs,chaos_dwarfs,wh3_dlc23_chd_zhatan,The Warhost of Zharr,wh3_dlc23_chd_chaos_dwarfs,wh3_dlc23_sc_chd_chaos_dwarfs,LOCKED_STANDARD,chd_mil@unspecified_campaign,generic_candidate,Conjunction of nonblank source faction/culture/subculture selectors; campaign condition preserved. Engine precedence is not decoded.,,chd_mil,,wh3_dlc23_chd_chaos_dwarfs,,,wh3_dlc23_tech_chd_sorcery_12,,,wh3_dlc23_tech_chd_sorcery_12,Tyrannical Decrees,There’s no such thing as too many Labourers. The Overseers shall make work for their idle hands!,,wh3_dlc23_effect_commandment_chd_economy_gdp_mod_refinery,faction_to_province_own_unseen,5.0000,The Higher Quotas commandment: additional %+n% income from Refinery buildings,,Military Technologies,Chaos Dwarf Military Technology Tree,,,,,,,,,,,,technology_effects_junction_tables,db/technology_effects_junction_tables/data__.tsv,1479,wh3_dlc23_tech_chd_sorcery_12|wh3_dlc23_effect_commandment_chd_economy_gdp_mod_refinery,,,,,,,,,,,,,,,,,,,,,,,,,,,,,,,,,,,,,,,,,,,,,,,,,,,,,,,,,,,,,,,,,,,,,,,,,,,,income.png,2,income.png,campaign,true
effect,warhammer_3,8.1.1,24237342,Chaos Dwarfs,chaos_dwarfs,wh3_dlc23_chd_zhatan,The Warhost of Zharr,wh3_dlc23_chd_chaos_dwarfs,wh3_dlc23_sc_chd_chaos_dwarfs,LOCKED_STANDARD,chd_mil@unspecified_campaign,generic_candidate,Conjunction of nonblank source faction/culture/subculture selectors; campaign condition preserved. Engine precedence is not decoded.,,chd_mil,,wh3_dlc23_chd_chaos_dwarfs,,,wh3_dlc23_tech_chd_sorcery_12,,,wh3_dlc23_tech_chd_sorcery_12,Tyrannical Decrees,There’s no such thing as too many Labourers. The Overseers shall make work for their idle hands!,,wh3_dlc23_effect_commandment_chd_recruit_rank,faction_to_province_own_unseen,1.0000,The Military Doctrine commandment: additional %+n recruit rank,,Military Technologies,Chaos Dwarf Military Technology Tree,,,,,,,,,,,,technology_effects_junction_tables,db/technology_effects_junction_tables/data__.tsv,1480,wh3_dlc23_tech_chd_sorcery_12|wh3_dlc23_effect_commandment_chd_recruit_rank,,,,,,,,,,,,,,,,,,,,,,,,,,,,,,,,,,,,,,,,,,,,,,,,,,,,,,,,,,,,,,,,,,,,,,,,,,,,experience.png,3,experience.png,campaign,true
tab_membership,warhammer_3,8.1.1,24237342,Chaos Dwarfs,chaos_dwarfs,wh3_dlc23_chd_zhatan,The Warhost of Zharr,wh3_dlc23_chd_chaos_dwarfs,wh3_dlc23_sc_chd_chaos_dwarfs,LOCKED_STANDARD,chd_mil@unspecified_campaign,generic_candidate,Conjunction of nonblank source faction/culture/subculture selectors; campaign condition preserved. Engine precedence is not decoded.,,chd_mil,,wh3_dlc23_chd_chaos_dwarfs,,,wh3_dlc23_tech_chd_sorcery_12,,,wh3_dlc23_tech_chd_sorcery_12,Tyrannical Decrees,There’s no such thing as too many Labourers. The Overseers shall make work for their idle hands!,,,,,,,Military Technologies,Chaos Dwarf Military Technology Tree,,,,,,,,,,,,technology_ui_tabs_to_technology_nodes_junctions_tables,db/technology_ui_tabs_to_technology_nodes_junctions_tables/data__.tsv,59,wh3_dlc23_tech_chd_sorcery_12|chd_sorcery,,,,,,,,,,,,,,,,,,,,,,,,,,,,,,,,,,,,,,,,,,,,,,,,,,,,,,,,,,,,,,,,,,,,,chd_sorcery,,,,,,,,,,,
node,warhammer_3,8.1.1,24237342,Chaos Dwarfs,chaos_dwarfs,wh3_dlc23_chd_zhatan,The Warhost of Zharr,wh3_dlc23_chd_chaos_dwarfs,wh3_dlc23_sc_chd_chaos_dwarfs,LOCKED_STANDARD,chd_mil@unspecified_campaign,generic_candidate,Conjunction of nonblank source faction/culture/subculture selectors; campaign condition preserved. Engine precedence is not decoded.,,chd_mil,,wh3_dlc23_chd_chaos_dwarfs,,,wh3_dlc23_tech_chd_sorcery_10,,,wh3_dlc23_tech_chd_sorcery_10,Ruinous Negotiations,"Selling weapons to Chaos' lesser followers means they can be tested in a live environment, and spreads word of the Chaos Dwarfs' dread machines far and wide.",,,,,,,Military Technologies,Chaos Dwarf Military Technology Tree,,,,,,,,,,,structural_node,technology_nodes_tables,db/technology_nodes_tables/data__.tsv,851,wh3_dlc23_tech_chd_sorcery_10,,,,,,,,4,16,400,0,0,,,0,-150,40,,,,,,,,,,,,,,,,,,,,,,,,,,,,,,,,,,,,,,,,,,,,,,,,,,,,,,,,,,,,,,,
technology,warhammer_3,8.1.1,24237342,Chaos Dwarfs,chaos_dwarfs,wh3_dlc23_chd_zhatan,The Warhost of Zharr,wh3_dlc23_chd_chaos_dwarfs,wh3_dlc23_sc_chd_chaos_dwarfs,LOCKED_STANDARD,chd_mil@unspecified_campaign,generic_candidate,Conjunction of nonblank source faction/culture/subculture selectors; campaign condition preserved. Engine precedence is not decoded.,,chd_mil,,wh3_dlc23_chd_chaos_dwarfs,,,wh3_dlc23_tech_chd_sorcery_10,,,wh3_dlc23_tech_chd_sorcery_10,Ruinous Negotiations,"Selling weapons to Chaos' lesser followers means they can be tested in a live environment, and spreads word of the Chaos Dwarfs' dread machines far and wide.",,,,,,,Military Technologies,Chaos Dwarf Military Technology Tree,,,,,,,,,,,,technologies_tables,db/technologies_tables/data__.tsv,719,wh3_dlc23_tech_chd_sorcery_10,,,,,,,,,,,,,,,,,,wh_main_chs_port_ruin,1,wh3_dlc23_tech_chd_sorcery_10,false,false,placeholder.tga,778744409,false,false,true,false,,,,,,,,,,,,,,,,,,,,,,,,,,,,,,,,,,,,,,,,,,,,,,,,,,,,
effect,warhammer_3,8.1.1,24237342,Chaos Dwarfs,chaos_dwarfs,wh3_dlc23_chd_zhatan,The Warhost of Zharr,wh3_dlc23_chd_chaos_dwarfs,wh3_dlc23_sc_chd_chaos_dwarfs,LOCKED_STANDARD,chd_mil@unspecified_campaign,generic_candidate,Conjunction of nonblank source faction/culture/subculture selectors; campaign condition preserved. Engine precedence is not decoded.,,chd_mil,,wh3_dlc23_chd_chaos_dwarfs,,,wh3_dlc23_tech_chd_sorcery_10,,,wh3_dlc23_tech_chd_sorcery_10,Ruinous Negotiations,"Selling weapons to Chaos' lesser followers means they can be tested in a live environment, and spreads word of the Chaos Dwarfs' dread machines far and wide.",,wh3_main_effect_corruption_chaos_technology,faction_to_province_own,1.0000,Chaos Undivided corruption: %+n,,Military Technologies,Chaos Dwarf Military Technology Tree,,,,,,,,,,,,technology_effects_junction_tables,db/technology_effects_junction_tables/data__.tsv,1474,wh3_dlc23_tech_chd_sorcery_10|wh3_main_effect_corruption_chaos_technology,,,,,,,,,,,,,,,,,,,,,,,,,,,,,,,,,,,,,,,,,,,,,,,,,,,,,,,,,,,,,,,,,,,,,,,,,,,,corruption_chaos.png,104,corruption_chaos.png,campaign,true
effect,warhammer_3,8.1.1,24237342,Chaos Dwarfs,chaos_dwarfs,wh3_dlc23_chd_zhatan,The Warhost of Zharr,wh3_dlc23_chd_chaos_dwarfs,wh3_dlc23_sc_chd_chaos_dwarfs,LOCKED_STANDARD,chd_mil@unspecified_campaign,generic_candidate,Conjunction of nonblank source faction/culture/subculture selectors; campaign condition preserved. Engine precedence is not decoded.,,chd_mil,,wh3_dlc23_chd_chaos_dwarfs,,,wh3_dlc23_tech_chd_sorcery_10,,,wh3_dlc23_tech_chd_sorcery_10,Ruinous Negotiations,"Selling weapons to Chaos' lesser followers means they can be tested in a live environment, and spreads word of the Chaos Dwarfs' dread machines far and wide.",,wh3_main_faction_political_diplomacy_mod_technology_chaos_beastmen_norsca,faction_to_faction_own_unseen,20.0000,"Diplomatic relations: %+n with Warriors of Chaos, Beastmen and Norsca",,Military Technologies,Chaos Dwarf Military Technology Tree,,,,,,,,,,,,technology_effects_junction_tables,db/technology_effects_junction_tables/data__.tsv,1475,wh3_dlc23_tech_chd_sorcery_10|wh3_main_faction_political_diplomacy_mod_technology_chaos_beastmen_norsca,,,,,,,,,,,,,,,,,,,,,,,,,,,,,,,,,,,,,,,,,,,,,,,,,,,,,,,,,,,,,,,,,,,,,,,,,,,,diplomacy.png,5,diplomacy.png,campaign,true
tab_membership,warhammer_3,8.1.1,24237342,Chaos Dwarfs,chaos_dwarfs,wh3_dlc23_chd_zhatan,The Warhost of Zharr,wh3_dlc23_chd_chaos_dwarfs,wh3_dlc23_sc_chd_chaos_dwarfs,LOCKED_STANDARD,chd_mil@unspecified_campaign,generic_candidate,Conjunction of nonblank source faction/culture/subculture selectors; campaign condition preserved. Engine precedence is not decoded.,,chd_mil,,wh3_dlc23_chd_chaos_dwarfs,,,wh3_dlc23_tech_chd_sorcery_10,,,wh3_dlc23_tech_chd_sorcery_10,Ruinous Negotiations,"Selling weapons to Chaos' lesser followers means they can be tested in a live environment, and spreads word of the Chaos Dwarfs' dread machines far and wide.",,,,,,,Military Technologies,Chaos Dwarf Military Technology Tree,,,,,,,,,,,,technology_ui_tabs_to_technology_nodes_junctions_tables,db/technology_ui_tabs_to_technology_nodes_junctions_tables/data__.tsv,57,wh3_dlc23_tech_chd_sorcery_10|chd_sorcery,,,,,,,,,,,,,,,,,,,,,,,,,,,,,,,,,,,,,,,,,,,,,,,,,,,,,,,,,,,,,,,,,,,,,chd_sorcery,,,,,,,,,,,
node,warhammer_3,8.1.1,24237342,Chaos Dwarfs,chaos_dwarfs,wh3_dlc23_chd_zhatan,The Warhost of Zharr,wh3_dlc23_chd_chaos_dwarfs,wh3_dlc23_sc_chd_chaos_dwarfs,LOCKED_STANDARD,chd_mil@unspecified_campaign,generic_candidate,Conjunction of nonblank source faction/culture/subculture selectors; campaign condition preserved. Engine precedence is not decoded.,,chd_mil,,wh3_dlc23_chd_chaos_dwarfs,,,wh3_dlc23_tech_chd_sorcery_17,,,wh3_dlc23_tech_chd_sorcery_17,Hashut Reverence,"Those loyal to the Dawi-Zharr recognise the hierarchy of their civilisation, with Hashut sitting alone atop it all, as a symbol of reverence.",,,,,,,Military Technologies,Chaos Dwarf Military Technology Tree,,,,,,,,,,,structural_node,technology_nodes_tables,db/technology_nodes_tables/data__.tsv,858,wh3_dlc23_tech_chd_sorcery_17,,,,,,,,2,17,400,0,0,,,0,-150,40,,,,,,,,,,,,,,,,,,,,,,,,,,,,,,,,,,,,,,,,,,,,,,,,,,,,,,,,,,,,,,,
technology,warhammer_3,8.1.1,24237342,Chaos Dwarfs,chaos_dwarfs,wh3_dlc23_chd_zhatan,The Warhost of Zharr,wh3_dlc23_chd_chaos_dwarfs,wh3_dlc23_sc_chd_chaos_dwarfs,LOCKED_STANDARD,chd_mil@unspecified_campaign,generic_candidate,Conjunction of nonblank source faction/culture/subculture selectors; campaign condition preserved. Engine precedence is not decoded.,,chd_mil,,wh3_dlc23_chd_chaos_dwarfs,,,wh3_dlc23_tech_chd_sorcery_17,,,wh3_dlc23_tech_chd_sorcery_17,Hashut Reverence,"Those loyal to the Dawi-Zharr recognise the hierarchy of their civilisation, with Hashut sitting alone atop it all, as a symbol of reverence.",,,,,,,Military Technologies,Chaos Dwarf Military Technology Tree,,,,,,,,,,,,technologies_tables,db/technologies_tables/data__.tsv,726,wh3_dlc23_tech_chd_sorcery_17,,,,,,,,,,,,,,,,,,wh_main_chs_port_ruin,1,wh3_dlc23_tech_chd_sorcery_17,false,false,placeholder.tga,2096612914,false,false,true,false,,,,,,,,,,,,,,,,,,,,,,,,,,,,,,,,,,,,,,,,,,,,,,,,,,,,
effect,warhammer_3,8.1.1,24237342,Chaos Dwarfs,chaos_dwarfs,wh3_dlc23_chd_zhatan,The Warhost of Zharr,wh3_dlc23_chd_chaos_dwarfs,wh3_dlc23_sc_chd_chaos_dwarfs,LOCKED_STANDARD,chd_mil@unspecified_campaign,generic_candidate,Conjunction of nonblank source faction/culture/subculture selectors; campaign condition preserved. Engine precedence is not decoded.,,chd_mil,,wh3_dlc23_chd_chaos_dwarfs,,,wh3_dlc23_tech_chd_sorcery_17,,,wh3_dlc23_tech_chd_sorcery_17,Hashut Reverence,"Those loyal to the Dawi-Zharr recognise the hierarchy of their civilisation, with Hashut sitting alone atop it all, as a symbol of reverence.",,wh3_dlc23_effect_building_construction_time_mod_chd_temple_of_hashut,faction_to_region_own_unseen,-1.0000,Construction time: %+n for Temple of Hashut buildings,,Military Technologies,Chaos Dwarf Military Technology Tree,,,,,,,,,,,,technology_effects_junction_tables,db/technology_effects_junction_tables/data__.tsv,1488,wh3_dlc23_tech_chd_sorcery_17|wh3_dlc23_effect_building_construction_time_mod_chd_temple_of_hashut,,,,,,,,,,,,,,,,,,,,,,,,,,,,,,,,,,,,,,,,,,,,,,,,,,,,,,,,,,,,,,,,,,,,,,,,,,,,construction.png,102,construction.png,campaign,false
effect,warhammer_3,8.1.1,24237342,Chaos Dwarfs,chaos_dwarfs,wh3_dlc23_chd_zhatan,The Warhost of Zharr,wh3_dlc23_chd_chaos_dwarfs,wh3_dlc23_sc_chd_chaos_dwarfs,LOCKED_STANDARD,chd_mil@unspecified_campaign,generic_candidate,Conjunction of nonblank source faction/culture/subculture selectors; campaign condition preserved. Engine precedence is not decoded.,,chd_mil,,wh3_dlc23_chd_chaos_dwarfs,,,wh3_dlc23_tech_chd_sorcery_17,,,wh3_dlc23_tech_chd_sorcery_17,Hashut Reverence,"Those loyal to the Dawi-Zharr recognise the hierarchy of their civilisation, with Hashut sitting alone atop it all, as a symbol of reverence.",,wh3_dlc23_effect_pooled_resource_conclave_influence_gain_per_turn_context_temple_dummy,faction_to_faction_own_unseen,5.0000,Temple of Hashut buildings gain an additional: %+n Conclave Influence per turn,,Military Technologies,Chaos Dwarf Military Technology Tree,,,,,,,,,,,,technology_effects_junction_tables,db/technology_effects_junction_tables/data__.tsv,1489,wh3_dlc23_tech_chd_sorcery_17|wh3_dlc23_effect_pooled_resource_conclave_influence_gain_per_turn_context_temple_dummy,,,,,,,,,,,,,,,,,,,,,,,,,,,,,,,,,,,,,,,,,,,,,,,,,,,,,,,,,,,,,,,,,,,,,,,,,,,,chd_conclave_influence.png,1,chd_conclave_influence.png,campaign,true
tab_membership,warhammer_3,8.1.1,24237342,Chaos Dwarfs,chaos_dwarfs,wh3_dlc23_chd_zhatan,The Warhost of Zharr,wh3_dlc23_chd_chaos_dwarfs,wh3_dlc23_sc_chd_chaos_dwarfs,LOCKED_STANDARD,chd_mil@unspecified_campaign,generic_candidate,Conjunction of nonblank source faction/culture/subculture selectors; campaign condition preserved. Engine precedence is not decoded.,,chd_mil,,wh3_dlc23_chd_chaos_dwarfs,,,wh3_dlc23_tech_chd_sorcery_17,,,wh3_dlc23_tech_chd_sorcery_17,Hashut Reverence,"Those loyal to the Dawi-Zharr recognise the hierarchy of their civilisation, with Hashut sitting alone atop it all, as a symbol of reverence.",,,,,,,Military Technologies,Chaos Dwarf Military Technology Tree,,,,,,,,,,,,technology_ui_tabs_to_technology_nodes_junctions_tables,db/technology_ui_tabs_to_technology_nodes_junctions_tables/data__.tsv,64,wh3_dlc23_tech_chd_sorcery_17|chd_sorcery,,,,,,,,,,,,,,,,,,,,,,,,,,,,,,,,,,,,,,,,,,,,,,,,,,,,,,,,,,,,,,,,,,,,,chd_sorcery,,,,,,,,,,,
node,warhammer_3,8.1.1,24237342,Chaos Dwarfs,chaos_dwarfs,wh3_dlc23_chd_zhatan,The Warhost of Zharr,wh3_dlc23_chd_chaos_dwarfs,wh3_dlc23_sc_chd_chaos_dwarfs,LOCKED_STANDARD,chd_mil@unspecified_campaign,generic_candidate,Conjunction of nonblank source faction/culture/subculture selectors; campaign condition preserved. Engine precedence is not decoded.,,chd_mil,,wh3_dlc23_chd_chaos_dwarfs,,,wh3_dlc23_tech_chd_sorcery_23,,,wh3_dlc23_tech_chd_sorcery_23,Powers of the Conclave,"In the great Conclave of Evil, plans of domination are formulated and powers are seized to the cruellest of ends.",,,,,,,Military Technologies,Chaos Dwarf Military Technology Tree,,,,,,,,,,,structural_node,technology_nodes_tables,db/technology_nodes_tables/data__.tsv,865,wh3_dlc23_tech_chd_sorcery_23,,,,,,,,0,18,500,0,0,,,0,-300,20,,,,,,,,,,,,,,,,,,,,,,,,,,,,,,,,,,,,,,,,,,,,,,,,,,,,,,,,,,,,,,,
technology,warhammer_3,8.1.1,24237342,Chaos Dwarfs,chaos_dwarfs,wh3_dlc23_chd_zhatan,The Warhost of Zharr,wh3_dlc23_chd_chaos_dwarfs,wh3_dlc23_sc_chd_chaos_dwarfs,LOCKED_STANDARD,chd_mil@unspecified_campaign,generic_candidate,Conjunction of nonblank source faction/culture/subculture selectors; campaign condition preserved. Engine precedence is not decoded.,,chd_mil,,wh3_dlc23_chd_chaos_dwarfs,,,wh3_dlc23_tech_chd_sorcery_23,,,wh3_dlc23_tech_chd_sorcery_23,Powers of the Conclave,"In the great Conclave of Evil, plans of domination are formulated and powers are seized to the cruellest of ends.",,,,,,,Military Technologies,Chaos Dwarf Military Technology Tree,,,,,,,,,,,,technologies_tables,db/technologies_tables/data__.tsv,733,wh3_dlc23_tech_chd_sorcery_23,,,,,,,,,,,,,,,,,,wh_main_chs_port_ruin,1,wh3_dlc23_tech_chd_sorcery_23,false,false,placeholder.tga,1883259450,false,false,true,false,,,,,,,,,,,,,,,,,,,,,,,,,,,,,,,,,,,,,,,,,,,,,,,,,,,,
effect,warhammer_3,8.1.1,24237342,Chaos Dwarfs,chaos_dwarfs,wh3_dlc23_chd_zhatan,The Warhost of Zharr,wh3_dlc23_chd_chaos_dwarfs,wh3_dlc23_sc_chd_chaos_dwarfs,LOCKED_STANDARD,chd_mil@unspecified_campaign,generic_candidate,Conjunction of nonblank source faction/culture/subculture selectors; campaign condition preserved. Engine precedence is not decoded.,,chd_mil,,wh3_dlc23_chd_chaos_dwarfs,,,wh3_dlc23_tech_chd_sorcery_23,,,wh3_dlc23_tech_chd_sorcery_23,Powers of the Conclave,"In the great Conclave of Evil, plans of domination are formulated and powers are seized to the cruellest of ends.",,wh3_dlc23_effect_ability_mod_amount_of_uses_tower_of_zharr_abilities,faction_to_force_own_unseen,1.0000,Number of uses: %+n for abilities granted by the Tower of Zharr Seats and District rewards,,Military Technologies,Chaos Dwarf Military Technology Tree,,,,,,,,,,,,technology_effects_junction_tables,db/technology_effects_junction_tables/data__.tsv,1502,wh3_dlc23_tech_chd_sorcery_23|wh3_dlc23_effect_ability_mod_amount_of_uses_tower_of_zharr_abilities,,,,,,,,,,,,,,,,,,,,,,,,,,,,,,,,,,,,,,,,,,,,,,,,,,,,,,,,,,,,,,,,,,,,,,,,,,,,general_ability.png,600,general_ability.png,battle,true
tab_membership,warhammer_3,8.1.1,24237342,Chaos Dwarfs,chaos_dwarfs,wh3_dlc23_chd_zhatan,The Warhost of Zharr,wh3_dlc23_chd_chaos_dwarfs,wh3_dlc23_sc_chd_chaos_dwarfs,LOCKED_STANDARD,chd_mil@unspecified_campaign,generic_candidate,Conjunction of nonblank source faction/culture/subculture selectors; campaign condition preserved. Engine precedence is not decoded.,,chd_mil,,wh3_dlc23_chd_chaos_dwarfs,,,wh3_dlc23_tech_chd_sorcery_23,,,wh3_dlc23_tech_chd_sorcery_23,Powers of the Conclave,"In the great Conclave of Evil, plans of domination are formulated and powers are seized to the cruellest of ends.",,,,,,,Military Technologies,Chaos Dwarf Military Technology Tree,,,,,,,,,,,,technology_ui_tabs_to_technology_nodes_junctions_tables,db/technology_ui_tabs_to_technology_nodes_junctions_tables/data__.tsv,71,wh3_dlc23_tech_chd_sorcery_23|chd_sorcery,,,,,,,,,,,,,,,,,,,,,,,,,,,,,,,,,,,,,,,,,,,,,,,,,,,,,,,,,,,,,,,,,,,,,chd_sorcery,,,,,,,,,,,
node,warhammer_3,8.1.1,24237342,Chaos Dwarfs,chaos_dwarfs,wh3_dlc23_chd_zhatan,The Warhost of Zharr,wh3_dlc23_chd_chaos_dwarfs,wh3_dlc23_sc_chd_chaos_dwarfs,LOCKED_STANDARD,chd_mil@unspecified_campaign,generic_candidate,Conjunction of nonblank source faction/culture/subculture selectors; campaign condition preserved. Engine precedence is not decoded.,,chd_mil,,wh3_dlc23_chd_chaos_dwarfs,,,wh3_dlc23_tech_chd_sorcery_21,,,wh3_dlc23_tech_chd_sorcery_21,Aqshy Bound,"Mastery over the Lore of Fire can only bring the Dawi-Zharr's industrial goals, and the utter destruction of their hated foes, much closer to fruition.",,,,,,,Military Technologies,Chaos Dwarf Military Technology Tree,,,,,,,,,,,structural_node,technology_nodes_tables,db/technology_nodes_tables/data__.tsv,863,wh3_dlc23_tech_chd_sorcery_21,,,,,,,,1,18,500,0,0,,,0,-360,40,,,,,,,,,,,,,,,,,,,,,,,,,,,,,,,,,,,,,,,,,,,,,,,,,,,,,,,,,,,,,,,
technology,warhammer_3,8.1.1,24237342,Chaos Dwarfs,chaos_dwarfs,wh3_dlc23_chd_zhatan,The Warhost of Zharr,wh3_dlc23_chd_chaos_dwarfs,wh3_dlc23_sc_chd_chaos_dwarfs,LOCKED_STANDARD,chd_mil@unspecified_campaign,generic_candidate,Conjunction of nonblank source faction/culture/subculture selectors; campaign condition preserved. Engine precedence is not decoded.,,chd_mil,,wh3_dlc23_chd_chaos_dwarfs,,,wh3_dlc23_tech_chd_sorcery_21,,,wh3_dlc23_tech_chd_sorcery_21,Aqshy Bound,"Mastery over the Lore of Fire can only bring the Dawi-Zharr's industrial goals, and the utter destruction of their hated foes, much closer to fruition.",,,,,,,Military Technologies,Chaos Dwarf Military Technology Tree,,,,,,,,,,,,technologies_tables,db/technologies_tables/data__.tsv,731,wh3_dlc23_tech_chd_sorcery_21,,,,,,,,,,,,,,,,,,wh_main_chs_port_ruin,1,wh3_dlc23_tech_chd_sorcery_21,false,false,placeholder.tga,556268743,false,false,true,false,,,,,,,,,,,,,,,,,,,,,,,,,,,,,,,,,,,,,,,,,,,,,,,,,,,,
effect,warhammer_3,8.1.1,24237342,Chaos Dwarfs,chaos_dwarfs,wh3_dlc23_chd_zhatan,The Warhost of Zharr,wh3_dlc23_chd_chaos_dwarfs,wh3_dlc23_sc_chd_chaos_dwarfs,LOCKED_STANDARD,chd_mil@unspecified_campaign,generic_candidate,Conjunction of nonblank source faction/culture/subculture selectors; campaign condition preserved. Engine precedence is not decoded.,,chd_mil,,wh3_dlc23_chd_chaos_dwarfs,,,wh3_dlc23_tech_chd_sorcery_21,,,wh3_dlc23_tech_chd_sorcery_21,Aqshy Bound,"Mastery over the Lore of Fire can only bring the Dawi-Zharr's industrial goals, and the utter destruction of their hated foes, much closer to fruition.",,wh3_main_effect_ability_cooldown_lore_of_fire,faction_to_force_own,-10.0000,Cooldown: %+n% to Lore of Fire spells,,Military Technologies,Chaos Dwarf Military Technology Tree,,,,,,,,,,,,technology_effects_junction_tables,db/technology_effects_junction_tables/data__.tsv,1498,wh3_dlc23_tech_chd_sorcery_21|wh3_main_effect_ability_cooldown_lore_of_fire,,,,,,,,,,,,,,,,,,,,,,,,,,,,,,,,,,,,,,,,,,,,,,,,,,,,,,,,,,,,,,,,,,,,,,,,,,,,magic_cooldown.png,293,magic_cooldown.png,both,false
effect,warhammer_3,8.1.1,24237342,Chaos Dwarfs,chaos_dwarfs,wh3_dlc23_chd_zhatan,The Warhost of Zharr,wh3_dlc23_chd_chaos_dwarfs,wh3_dlc23_sc_chd_chaos_dwarfs,LOCKED_STANDARD,chd_mil@unspecified_campaign,generic_candidate,Conjunction of nonblank source faction/culture/subculture selectors; campaign condition preserved. Engine precedence is not decoded.,,chd_mil,,wh3_dlc23_chd_chaos_dwarfs,,,wh3_dlc23_tech_chd_sorcery_21,,,wh3_dlc23_tech_chd_sorcery_21,Aqshy Bound,"Mastery over the Lore of Fire can only bring the Dawi-Zharr's industrial goals, and the utter destruction of their hated foes, much closer to fruition.",,wh3_main_effect_ability_wom_cost_pct_fire_spells,faction_to_force_own,-10.0000,Winds of Magic cost: %+n% for Lore of Fire spells,,Military Technologies,Chaos Dwarf Military Technology Tree,,,,,,,,,,,,technology_effects_junction_tables,db/technology_effects_junction_tables/data__.tsv,1499,wh3_dlc23_tech_chd_sorcery_21|wh3_main_effect_ability_wom_cost_pct_fire_spells,,,,,,,,,,,,,,,,,,,,,,,,,,,,,,,,,,,,,,,,,,,,,,,,,,,,,,,,,,,,,,,,,,,,,,,,,,,,magic_character.png,294,magic_character.png,battle,false
tab_membership,warhammer_3,8.1.1,24237342,Chaos Dwarfs,chaos_dwarfs,wh3_dlc23_chd_zhatan,The Warhost of Zharr,wh3_dlc23_chd_chaos_dwarfs,wh3_dlc23_sc_chd_chaos_dwarfs,LOCKED_STANDARD,chd_mil@unspecified_campaign,generic_candidate,Conjunction of nonblank source faction/culture/subculture selectors; campaign condition preserved. Engine precedence is not decoded.,,chd_mil,,wh3_dlc23_chd_chaos_dwarfs,,,wh3_dlc23_tech_chd_sorcery_21,,,wh3_dlc23_tech_chd_sorcery_21,Aqshy Bound,"Mastery over the Lore of Fire can only bring the Dawi-Zharr's industrial goals, and the utter destruction of their hated foes, much closer to fruition.",,,,,,,Military Technologies,Chaos Dwarf Military Technology Tree,,,,,,,,,,,,technology_ui_tabs_to_technology_nodes_junctions_tables,db/technology_ui_tabs_to_technology_nodes_junctions_tables/data__.tsv,69,wh3_dlc23_tech_chd_sorcery_21|chd_sorcery,,,,,,,,,,,,,,,,,,,,,,,,,,,,,,,,,,,,,,,,,,,,,,,,,,,,,,,,,,,,,,,,,,,,,chd_sorcery,,,,,,,,,,,
node,warhammer_3,8.1.1,24237342,Chaos Dwarfs,chaos_dwarfs,wh3_dlc23_chd_zhatan,The Warhost of Zharr,wh3_dlc23_chd_chaos_dwarfs,wh3_dlc23_sc_chd_chaos_dwarfs,LOCKED_STANDARD,chd_mil@unspecified_campaign,generic_candidate,Conjunction of nonblank source faction/culture/subculture selectors; campaign condition preserved. Engine precedence is not decoded.,,chd_mil,,wh3_dlc23_chd_chaos_dwarfs,,,wh3_dlc23_tech_chd_industry_9,,,wh3_dlc23_tech_chd_industry_9,Wagon Engineering,"You can’t just build it bigger, you wazzock! Such immense loads require an entirely different chassis altogether!",,,,,,,Military Technologies,Chaos Dwarf Military Technology Tree,,,,,,,,,,,structural_node,technology_nodes_tables,db/technology_nodes_tables/data__.tsv,819,wh3_dlc23_tech_chd_industry_9,,,,,,,,7,21,300,0,0,,,0,75,0,,,,,,,,,,,,,,,,,,,,,,,,,,,,,,,,,,,,,,,,,,,,,,,,,,,,,,,,,,,,,,,
technology,warhammer_3,8.1.1,24237342,Chaos Dwarfs,chaos_dwarfs,wh3_dlc23_chd_zhatan,The Warhost of Zharr,wh3_dlc23_chd_chaos_dwarfs,wh3_dlc23_sc_chd_chaos_dwarfs,LOCKED_STANDARD,chd_mil@unspecified_campaign,generic_candidate,Conjunction of nonblank source faction/culture/subculture selectors; campaign condition preserved. Engine precedence is not decoded.,,chd_mil,,wh3_dlc23_chd_chaos_dwarfs,,,wh3_dlc23_tech_chd_industry_9,,,wh3_dlc23_tech_chd_industry_9,Wagon Engineering,"You can’t just build it bigger, you wazzock! Such immense loads require an entirely different chassis altogether!",,,,,,,Military Technologies,Chaos Dwarf Military Technology Tree,,,,,,,,,,,,technologies_tables,db/technologies_tables/data__.tsv,687,wh3_dlc23_tech_chd_industry_9,,,,,,,,,,,,,,,,,,wh_main_chs_port_ruin,1,wh3_dlc23_tech_chd_industry_9,false,false,placeholder.tga,1417037667,false,false,true,false,,,,,,,,,,,,,,,,,,,,,,,,,,,,,,,,,,,,,,,,,,,,,,,,,,,,
effect,warhammer_3,8.1.1,24237342,Chaos Dwarfs,chaos_dwarfs,wh3_dlc23_chd_zhatan,The Warhost of Zharr,wh3_dlc23_chd_chaos_dwarfs,wh3_dlc23_sc_chd_chaos_dwarfs,LOCKED_STANDARD,chd_mil@unspecified_campaign,generic_candidate,Conjunction of nonblank source faction/culture/subculture selectors; campaign condition preserved. Engine precedence is not decoded.,,chd_mil,,wh3_dlc23_chd_chaos_dwarfs,,,wh3_dlc23_tech_chd_industry_9,,,wh3_dlc23_tech_chd_industry_9,Wagon Engineering,"You can’t just build it bigger, you wazzock! Such immense loads require an entirely different chassis altogether!",,wh3_dlc23_pooled_resource_chd_raw_material_efficiency_chd_resource_obsidian_marble_context_dummy,faction_to_faction_own_unseen,15.0000,Obsidian and Marble provides %+n% Raw Materials output for province,,Military Technologies,Chaos Dwarf Military Technology Tree,,,,,,,,,,,,technology_effects_junction_tables,db/technology_effects_junction_tables/data__.tsv,1412,wh3_dlc23_tech_chd_industry_9|wh3_dlc23_pooled_resource_chd_raw_material_efficiency_chd_resource_obsidian_marble_context_dummy,,,,,,,,,,,,,,,,,,,,,,,,,,,,,,,,,,,,,,,,,,,,,,,,,,,,,,,,,,,,,,,,,,,,,,,,,,,,chd_raw_materials.png,150,chd_raw_materials.png,campaign,true
tab_membership,warhammer_3,8.1.1,24237342,Chaos Dwarfs,chaos_dwarfs,wh3_dlc23_chd_zhatan,The Warhost of Zharr,wh3_dlc23_chd_chaos_dwarfs,wh3_dlc23_sc_chd_chaos_dwarfs,LOCKED_STANDARD,chd_mil@unspecified_campaign,generic_candidate,Conjunction of nonblank source faction/culture/subculture selectors; campaign condition preserved. Engine precedence is not decoded.,,chd_mil,,wh3_dlc23_chd_chaos_dwarfs,,,wh3_dlc23_tech_chd_industry_9,,,wh3_dlc23_tech_chd_industry_9,Wagon Engineering,"You can’t just build it bigger, you wazzock! Such immense loads require an entirely different chassis altogether!",,,,,,,Military Technologies,Chaos Dwarf Military Technology Tree,,,,,,,,,,,,technology_ui_tabs_to_technology_nodes_junctions_tables,db/technology_ui_tabs_to_technology_nodes_junctions_tables/data__.tsv,26,wh3_dlc23_tech_chd_industry_9|chd_industry,,,,,,,,,,,,,,,,,,,,,,,,,,,,,,,,,,,,,,,,,,,,,,,,,,,,,,,,,,,,,,,,,,,,,chd_industry,,,,,,,,,,,
node,warhammer_3,8.1.1,24237342,Chaos Dwarfs,chaos_dwarfs,wh3_dlc23_chd_zhatan,The Warhost of Zharr,wh3_dlc23_chd_chaos_dwarfs,wh3_dlc23_sc_chd_chaos_dwarfs,LOCKED_STANDARD,chd_mil@unspecified_campaign,generic_candidate,Conjunction of nonblank source faction/culture/subculture selectors; campaign condition preserved. Engine precedence is not decoded.,,chd_mil,,wh3_dlc23_chd_chaos_dwarfs,,,wh3_dlc23_tech_chd_industry_1,,,wh3_dlc23_tech_chd_industry_1,Applied Assignments,"Since Goblins and their ilk are notably weaker than their larger Orcish cousins, it makes sense to assign the heavy duty tasks to them, which in turn keeps ""workplace incidents"" down…",,,,,,,Military Technologies,Chaos Dwarf Military Technology Tree,,,,,,,,,,,structural_node,technology_nodes_tables,db/technology_nodes_tables/data__.tsv,796,wh3_dlc23_tech_chd_industry_1,,,,,,,,9,21,300,0,0,,,0,-60,0,,,,,,,,,,,,,,,,,,,,,,,,,,,,,,,,,,,,,,,,,,,,,,,,,,,,,,,,,,,,,,,
technology,warhammer_3,8.1.1,24237342,Chaos Dwarfs,chaos_dwarfs,wh3_dlc23_chd_zhatan,The Warhost of Zharr,wh3_dlc23_chd_chaos_dwarfs,wh3_dlc23_sc_chd_chaos_dwarfs,LOCKED_STANDARD,chd_mil@unspecified_campaign,generic_candidate,Conjunction of nonblank source faction/culture/subculture selectors; campaign condition preserved. Engine precedence is not decoded.,,chd_mil,,wh3_dlc23_chd_chaos_dwarfs,,,wh3_dlc23_tech_chd_industry_1,,,wh3_dlc23_tech_chd_industry_1,Applied Assignments,"Since Goblins and their ilk are notably weaker than their larger Orcish cousins, it makes sense to assign the heavy duty tasks to them, which in turn keeps ""workplace incidents"" down…",,,,,,,Military Technologies,Chaos Dwarf Military Technology Tree,,,,,,,,,,,,technologies_tables,db/technologies_tables/data__.tsv,664,wh3_dlc23_tech_chd_industry_1,,,,,,,,,,,,,,,,,,wh_main_chs_port_ruin,1,wh3_dlc23_tech_chd_industry_1,false,false,placeholder.tga,215162998,false,false,true,false,,,,,,,,,,,,,,,,,,,,,,,,,,,,,,,,,,,,,,,,,,,,,,,,,,,,
effect,warhammer_3,8.1.1,24237342,Chaos Dwarfs,chaos_dwarfs,wh3_dlc23_chd_zhatan,The Warhost of Zharr,wh3_dlc23_chd_chaos_dwarfs,wh3_dlc23_sc_chd_chaos_dwarfs,LOCKED_STANDARD,chd_mil@unspecified_campaign,generic_candidate,Conjunction of nonblank source faction/culture/subculture selectors; campaign condition preserved. Engine precedence is not decoded.,,chd_mil,,wh3_dlc23_chd_chaos_dwarfs,,,wh3_dlc23_tech_chd_industry_1,,,wh3_dlc23_tech_chd_industry_1,Applied Assignments,"Since Goblins and their ilk are notably weaker than their larger Orcish cousins, it makes sense to assign the heavy duty tasks to them, which in turn keeps ""workplace incidents"" down…",,wh3_dlc23_effect_rush_construction_cost,faction_to_region_own_unseen,-10.0000,Rush Construction Labour cost: %+n%,,Military Technologies,Chaos Dwarf Military Technology Tree,,,,,,,,,,,,technology_effects_junction_tables,db/technology_effects_junction_tables/data__.tsv,1387,wh3_dlc23_tech_chd_industry_1|wh3_dlc23_effect_rush_construction_cost,,,,,,,,,,,,,,,,,,,,,,,,,,,,,,,,,,,,,,,,,,,,,,,,,,,,,,,,,,,,,,,,,,,,,,,,,,,,construction.png,1,construction.png,campaign,false
effect,warhammer_3,8.1.1,24237342,Chaos Dwarfs,chaos_dwarfs,wh3_dlc23_chd_zhatan,The Warhost of Zharr,wh3_dlc23_chd_chaos_dwarfs,wh3_dlc23_sc_chd_chaos_dwarfs,LOCKED_STANDARD,chd_mil@unspecified_campaign,generic_candidate,Conjunction of nonblank source faction/culture/subculture selectors; campaign condition preserved. Engine precedence is not decoded.,,chd_mil,,wh3_dlc23_chd_chaos_dwarfs,,,wh3_dlc23_tech_chd_industry_1,,,wh3_dlc23_tech_chd_industry_1,Applied Assignments,"Since Goblins and their ilk are notably weaker than their larger Orcish cousins, it makes sense to assign the heavy duty tasks to them, which in turn keeps ""workplace incidents"" down…",,wh_main_effect_building_construction_cost_mod,faction_to_region_own_unseen,-5.0000,Construction cost: %+n% for all buildings,,Military Technologies,Chaos Dwarf Military Technology Tree,,,,,,,,,,,,technology_effects_junction_tables,db/technology_effects_junction_tables/data__.tsv,1388,wh3_dlc23_tech_chd_industry_1|wh_main_effect_building_construction_cost_mod,,,,,,,,,,,,,,,,,,,,,,,,,,,,,,,,,,,,,,,,,,,,,,,,,,,,,,,,,,,,,,,,,,,,,,,,,,,,treasury.png,101,treasury.png,campaign,false
tab_membership,warhammer_3,8.1.1,24237342,Chaos Dwarfs,chaos_dwarfs,wh3_dlc23_chd_zhatan,The Warhost of Zharr,wh3_dlc23_chd_chaos_dwarfs,wh3_dlc23_sc_chd_chaos_dwarfs,LOCKED_STANDARD,chd_mil@unspecified_campaign,generic_candidate,Conjunction of nonblank source faction/culture/subculture selectors; campaign condition preserved. Engine precedence is not decoded.,,chd_mil,,wh3_dlc23_chd_chaos_dwarfs,,,wh3_dlc23_tech_chd_industry_1,,,wh3_dlc23_tech_chd_industry_1,Applied Assignments,"Since Goblins and their ilk are notably weaker than their larger Orcish cousins, it makes sense to assign the heavy duty tasks to them, which in turn keeps ""workplace incidents"" down…",,,,,,,Military Technologies,Chaos Dwarf Military Technology Tree,,,,,,,,,,,,technology_ui_tabs_to_technology_nodes_junctions_tables,db/technology_ui_tabs_to_technology_nodes_junctions_tables/data__.tsv,3,wh3_dlc23_tech_chd_industry_1|chd_industry,,,,,,,,,,,,,,,,,,,,,,,,,,,,,,,,,,,,,,,,,,,,,,,,,,,,,,,,,,,,,,,,,,,,,chd_industry,,,,,,,,,,,
node,warhammer_3,8.1.1,24237342,Chaos Dwarfs,chaos_dwarfs,wh3_dlc23_chd_zhatan,The Warhost of Zharr,wh3_dlc23_chd_chaos_dwarfs,wh3_dlc23_sc_chd_chaos_dwarfs,LOCKED_STANDARD,chd_mil@unspecified_campaign,generic_candidate,Conjunction of nonblank source faction/culture/subculture selectors; campaign condition preserved. Engine precedence is not decoded.,,chd_mil,,wh3_dlc23_chd_chaos_dwarfs,,,wh3_dlc23_tech_chd_industry_19,,,wh3_dlc23_tech_chd_industry_19,Workforce Diktats,Any method to reap more advantage from a Labourer than just the commodities they toil to provide should be undertaken without hesitation.,,,,,,,Military Technologies,Chaos Dwarf Military Technology Tree,,,,,,,,,,,structural_node,technology_nodes_tables,db/technology_nodes_tables/data__.tsv,806,wh3_dlc23_tech_chd_industry_19,,,,,,,,1,22,500,0,0,,,0,0,40,,,,,,,,,,,,,,,,,,,,,,,,,,,,,,,,,,,,,,,,,,,,,,,,,,,,,,,,,,,,,,,
technology,warhammer_3,8.1.1,24237342,Chaos Dwarfs,chaos_dwarfs,wh3_dlc23_chd_zhatan,The Warhost of Zharr,wh3_dlc23_chd_chaos_dwarfs,wh3_dlc23_sc_chd_chaos_dwarfs,LOCKED_STANDARD,chd_mil@unspecified_campaign,generic_candidate,Conjunction of nonblank source faction/culture/subculture selectors; campaign condition preserved. Engine precedence is not decoded.,,chd_mil,,wh3_dlc23_chd_chaos_dwarfs,,,wh3_dlc23_tech_chd_industry_19,,,wh3_dlc23_tech_chd_industry_19,Workforce Diktats,Any method to reap more advantage from a Labourer than just the commodities they toil to provide should be undertaken without hesitation.,,,,,,,Military Technologies,Chaos Dwarf Military Technology Tree,,,,,,,,,,,,technologies_tables,db/technologies_tables/data__.tsv,674,wh3_dlc23_tech_chd_industry_19,,,,,,,,,,,,,,,,,,wh_main_chs_port_ruin,1,wh3_dlc23_tech_chd_industry_19,false,false,placeholder.tga,1131435534,false,false,true,false,,,,,,,,,,,,,,,,,,,,,,,,,,,,,,,,,,,,,,,,,,,,,,,,,,,,
effect,warhammer_3,8.1.1,24237342,Chaos Dwarfs,chaos_dwarfs,wh3_dlc23_chd_zhatan,The Warhost of Zharr,wh3_dlc23_chd_chaos_dwarfs,wh3_dlc23_sc_chd_chaos_dwarfs,LOCKED_STANDARD,chd_mil@unspecified_campaign,generic_candidate,Conjunction of nonblank source faction/culture/subculture selectors; campaign condition preserved. Engine precedence is not decoded.,,chd_mil,,wh3_dlc23_chd_chaos_dwarfs,,,wh3_dlc23_tech_chd_industry_19,,,wh3_dlc23_tech_chd_industry_19,Workforce Diktats,Any method to reap more advantage from a Labourer than just the commodities they toil to provide should be undertaken without hesitation.,,wh3_dlc23_effect_enable_ritual_chd_labour_example_upgraded,faction_to_faction_own_unseen,5.0000,[[col:yellow]]Set an Example[[/col]] Labour action: additional {{tr:public_order_effect}} %+n,,Military Technologies,Chaos Dwarf Military Technology Tree,,,,,,,,,,,,technology_effects_junction_tables,db/technology_effects_junction_tables/data__.tsv,1385,wh3_dlc23_tech_chd_industry_19|wh3_dlc23_effect_enable_ritual_chd_labour_example_upgraded,,,,,,,,,,,,,,,,,,,,,,,,,,,,,,,,,,,,,,,,,,,,,,,,,,,,,,,,,,,,,,,,,,,,,,,,,,,,chd_labour.png,1,chd_labour.png,campaign,true
effect,warhammer_3,8.1.1,24237342,Chaos Dwarfs,chaos_dwarfs,wh3_dlc23_chd_zhatan,The Warhost of Zharr,wh3_dlc23_chd_chaos_dwarfs,wh3_dlc23_sc_chd_chaos_dwarfs,LOCKED_STANDARD,chd_mil@unspecified_campaign,generic_candidate,Conjunction of nonblank source faction/culture/subculture selectors; campaign condition preserved. Engine precedence is not decoded.,,chd_mil,,wh3_dlc23_chd_chaos_dwarfs,,,wh3_dlc23_tech_chd_industry_19,,,wh3_dlc23_tech_chd_industry_19,Workforce Diktats,Any method to reap more advantage from a Labourer than just the commodities they toil to provide should be undertaken without hesitation.,,wh3_dlc23_effect_enable_ritual_chd_labour_sell_upgraded,faction_to_faction_own_unseen,750.0000,[[col:yellow]]Sell Labour[[/col]] Labour action: additional [[img:icon_treasury]][[/img]] Treasury %+n,,Military Technologies,Chaos Dwarf Military Technology Tree,,,,,,,,,,,,technology_effects_junction_tables,db/technology_effects_junction_tables/data__.tsv,1386,wh3_dlc23_tech_chd_industry_19|wh3_dlc23_effect_enable_ritual_chd_labour_sell_upgraded,,,,,,,,,,,,,,,,,,,,,,,,,,,,,,,,,,,,,,,,,,,,,,,,,,,,,,,,,,,,,,,,,,,,,,,,,,,,chd_labour.png,1,chd_labour.png,campaign,true
tab_membership,warhammer_3,8.1.1,24237342,Chaos Dwarfs,chaos_dwarfs,wh3_dlc23_chd_zhatan,The Warhost of Zharr,wh3_dlc23_chd_chaos_dwarfs,wh3_dlc23_sc_chd_chaos_dwarfs,LOCKED_STANDARD,chd_mil@unspecified_campaign,generic_candidate,Conjunction of nonblank source faction/culture/subculture selectors; campaign condition preserved. Engine precedence is not decoded.,,chd_mil,,wh3_dlc23_chd_chaos_dwarfs,,,wh3_dlc23_tech_chd_industry_19,,,wh3_dlc23_tech_chd_industry_19,Workforce Diktats,Any method to reap more advantage from a Labourer than just the commodities they toil to provide should be undertaken without hesitation.,,,,,,,Military Technologies,Chaos Dwarf Military Technology Tree,,,,,,,,,,,,technology_ui_tabs_to_technology_nodes_junctions_tables,db/technology_ui_tabs_to_technology_nodes_junctions_tables/data__.tsv,13,wh3_dlc23_tech_chd_industry_19|chd_industry,,,,,,,,,,,,,,,,,,,,,,,,,,,,,,,,,,,,,,,,,,,,,,,,,,,,,,,,,,,,,,,,,,,,,chd_industry,,,,,,,,,,,
node,warhammer_3,8.1.1,24237342,Chaos Dwarfs,chaos_dwarfs,wh3_dlc23_chd_zhatan,The Warhost of Zharr,wh3_dlc23_chd_chaos_dwarfs,wh3_dlc23_sc_chd_chaos_dwarfs,LOCKED_STANDARD,chd_mil@unspecified_campaign,generic_candidate,Conjunction of nonblank source faction/culture/subculture selectors; campaign condition preserved. Engine precedence is not decoded.,,chd_mil,,wh3_dlc23_chd_chaos_dwarfs,,,wh3_dlc23_tech_chd_industry_13,,,wh3_dlc23_tech_chd_industry_13,Extended Shifts,"Such things would cost a small fortune in overtime, if indeed the Dawi-Zharr were paying their Labourers instead of exploiting them with menaces.",,,,,,,Military Technologies,Chaos Dwarf Military Technology Tree,,,,,,,,,,,structural_node,technology_nodes_tables,db/technology_nodes_tables/data__.tsv,800,wh3_dlc23_tech_chd_industry_13,,,,,,,,5,22,400,0,0,,,0,-25,0,,,,,,,,,,,,,,,,,,,,,,,,,,,,,,,,,,,,,,,,,,,,,,,,,,,,,,,,,,,,,,,
technology,warhammer_3,8.1.1,24237342,Chaos Dwarfs,chaos_dwarfs,wh3_dlc23_chd_zhatan,The Warhost of Zharr,wh3_dlc23_chd_chaos_dwarfs,wh3_dlc23_sc_chd_chaos_dwarfs,LOCKED_STANDARD,chd_mil@unspecified_campaign,generic_candidate,Conjunction of nonblank source faction/culture/subculture selectors; campaign condition preserved. Engine precedence is not decoded.,,chd_mil,,wh3_dlc23_chd_chaos_dwarfs,,,wh3_dlc23_tech_chd_industry_13,,,wh3_dlc23_tech_chd_industry_13,Extended Shifts,"Such things would cost a small fortune in overtime, if indeed the Dawi-Zharr were paying their Labourers instead of exploiting them with menaces.",,,,,,,Military Technologies,Chaos Dwarf Military Technology Tree,,,,,,,,,,,,technologies_tables,db/technologies_tables/data__.tsv,668,wh3_dlc23_tech_chd_industry_13,,,,,,,,,,,,,,,,,,wh_main_chs_port_ruin,1,wh3_dlc23_tech_chd_industry_13,false,false,placeholder.tga,214766835,false,false,true,false,,,,,,,,,,,,,,,,,,,,,,,,,,,,,,,,,,,,,,,,,,,,,,,,,,,,
effect,warhammer_3,8.1.1,24237342,Chaos Dwarfs,chaos_dwarfs,wh3_dlc23_chd_zhatan,The Warhost of Zharr,wh3_dlc23_chd_chaos_dwarfs,wh3_dlc23_sc_chd_chaos_dwarfs,LOCKED_STANDARD,chd_mil@unspecified_campaign,generic_candidate,Conjunction of nonblank source faction/culture/subculture selectors; campaign condition preserved. Engine precedence is not decoded.,,chd_mil,,wh3_dlc23_chd_chaos_dwarfs,,,wh3_dlc23_tech_chd_industry_13,,,wh3_dlc23_tech_chd_industry_13,Extended Shifts,"Such things would cost a small fortune in overtime, if indeed the Dawi-Zharr were paying their Labourers instead of exploiting them with menaces.",,wh3_dlc23_effect_technology_gdp_subsistance_chd_scavengers_context_dummy,faction_to_faction_own_unseen,50.0000,Income from Scavenger buildings: %n,,Military Technologies,Chaos Dwarf Military Technology Tree,,,,,,,,,,,,technology_effects_junction_tables,db/technology_effects_junction_tables/data__.tsv,1375,wh3_dlc23_tech_chd_industry_13|wh3_dlc23_effect_technology_gdp_subsistance_chd_scavengers_context_dummy,,,,,,,,,,,,,,,,,,,,,,,,,,,,,,,,,,,,,,,,,,,,,,,,,,,,,,,,,,,,,,,,,,,,,,,,,,,,income.png,170,income.png,campaign,true
effect,warhammer_3,8.1.1,24237342,Chaos Dwarfs,chaos_dwarfs,wh3_dlc23_chd_zhatan,The Warhost of Zharr,wh3_dlc23_chd_chaos_dwarfs,wh3_dlc23_sc_chd_chaos_dwarfs,LOCKED_STANDARD,chd_mil@unspecified_campaign,generic_candidate,Conjunction of nonblank source faction/culture/subculture selectors; campaign condition preserved. Engine precedence is not decoded.,,chd_mil,,wh3_dlc23_chd_chaos_dwarfs,,,wh3_dlc23_tech_chd_industry_13,,,wh3_dlc23_tech_chd_industry_13,Extended Shifts,"Such things would cost a small fortune in overtime, if indeed the Dawi-Zharr were paying their Labourers instead of exploiting them with menaces.",,wh3_dlc23_pooled_resource_chd_raw_material_efficiency,faction_to_province_own_unseen,10.0000,Raw Materials output: %+n%,,Military Technologies,Chaos Dwarf Military Technology Tree,,,,,,,,,,,,technology_effects_junction_tables,db/technology_effects_junction_tables/data__.tsv,1376,wh3_dlc23_tech_chd_industry_13|wh3_dlc23_pooled_resource_chd_raw_material_efficiency,,,,,,,,,,,,,,,,,,,,,,,,,,,,,,,,,,,,,,,,,,,,,,,,,,,,,,,,,,,,,,,,,,,,,,,,,,,,chd_raw_materials.png,150,chd_raw_materials.png,campaign,true
tab_membership,warhammer_3,8.1.1,24237342,Chaos Dwarfs,chaos_dwarfs,wh3_dlc23_chd_zhatan,The Warhost of Zharr,wh3_dlc23_chd_chaos_dwarfs,wh3_dlc23_sc_chd_chaos_dwarfs,LOCKED_STANDARD,chd_mil@unspecified_campaign,generic_candidate,Conjunction of nonblank source faction/culture/subculture selectors; campaign condition preserved. Engine precedence is not decoded.,,chd_mil,,wh3_dlc23_chd_chaos_dwarfs,,,wh3_dlc23_tech_chd_industry_13,,,wh3_dlc23_tech_chd_industry_13,Extended Shifts,"Such things would cost a small fortune in overtime, if indeed the Dawi-Zharr were paying their Labourers instead of exploiting them with menaces.",,,,,,,Military Technologies,Chaos Dwarf Military Technology Tree,,,,,,,,,,,,technology_ui_tabs_to_technology_nodes_junctions_tables,db/technology_ui_tabs_to_technology_nodes_junctions_tables/data__.tsv,7,wh3_dlc23_tech_chd_industry_13|chd_industry,,,,,,,,,,,,,,,,,,,,,,,,,,,,,,,,,,,,,,,,,,,,,,,,,,,,,,,,,,,,,,,,,,,,,chd_industry,,,,,,,,,,,
node,warhammer_3,8.1.1,24237342,Chaos Dwarfs,chaos_dwarfs,wh3_dlc23_chd_zhatan,The Warhost of Zharr,wh3_dlc23_chd_chaos_dwarfs,wh3_dlc23_sc_chd_chaos_dwarfs,LOCKED_STANDARD,chd_mil@unspecified_campaign,generic_candidate,Conjunction of nonblank source faction/culture/subculture selectors; campaign condition preserved. Engine precedence is not decoded.,,chd_mil,,wh3_dlc23_chd_chaos_dwarfs,,,wh3_dlc23_tech_chd_industry_2,,,wh3_dlc23_tech_chd_industry_2,"Live to Work, Work to Live","If the Labourers don't build outposts quickly, they will have nowhere to sleep – so no rest until it's done!",,,,,,,Military Technologies,Chaos Dwarf Military Technology Tree,,,,,,,,,,,structural_node,technology_nodes_tables,db/technology_nodes_tables/data__.tsv,807,wh3_dlc23_tech_chd_industry_2,,,,,,,,9,22,100,0,0,,wh3_dlc23_tech_chd_industry_low,0,-25,0,,,,,,,,,,,,,,,,,,,,,,,,,,,,,,,,,,,,,,,,,,,,,,,,,,,,,,,,,,,,,,,
technology,warhammer_3,8.1.1,24237342,Chaos Dwarfs,chaos_dwarfs,wh3_dlc23_chd_zhatan,The Warhost of Zharr,wh3_dlc23_chd_chaos_dwarfs,wh3_dlc23_sc_chd_chaos_dwarfs,LOCKED_STANDARD,chd_mil@unspecified_campaign,generic_candidate,Conjunction of nonblank source faction/culture/subculture selectors; campaign condition preserved. Engine precedence is not decoded.,,chd_mil,,wh3_dlc23_chd_chaos_dwarfs,,,wh3_dlc23_tech_chd_industry_2,,,wh3_dlc23_tech_chd_industry_2,"Live to Work, Work to Live","If the Labourers don't build outposts quickly, they will have nowhere to sleep – so no rest until it's done!",,,,,,,Military Technologies,Chaos Dwarf Military Technology Tree,,,,,,,,,,,,technologies_tables,db/technologies_tables/data__.tsv,675,wh3_dlc23_tech_chd_industry_2,,,,,,,,,,,,,,,,,,wh_main_chs_port_ruin,1,wh3_dlc23_tech_chd_industry_2,false,false,placeholder.tga,1565981631,false,false,true,false,,,,,,,,,,,,,,,,,,,,,,,,,,,,,,,,,,,,,,,,,,,,,,,,,,,,
effect,warhammer_3,8.1.1,24237342,Chaos Dwarfs,chaos_dwarfs,wh3_dlc23_chd_zhatan,The Warhost of Zharr,wh3_dlc23_chd_chaos_dwarfs,wh3_dlc23_sc_chd_chaos_dwarfs,LOCKED_STANDARD,chd_mil@unspecified_campaign,generic_candidate,Conjunction of nonblank source faction/culture/subculture selectors; campaign condition preserved. Engine precedence is not decoded.,,chd_mil,,wh3_dlc23_chd_chaos_dwarfs,,,wh3_dlc23_tech_chd_industry_2,,,wh3_dlc23_tech_chd_industry_2,"Live to Work, Work to Live","If the Labourers don't build outposts quickly, they will have nowhere to sleep – so no rest until it's done!",,wh3_dlc23_effect_building_construction_cost_mod_chd_outposts,faction_to_region_own_unseen,-15.0000,Construction cost: %+n% for Outpost settlement buildings,,Military Technologies,Chaos Dwarf Military Technology Tree,,,,,,,,,,,,technology_effects_junction_tables,db/technology_effects_junction_tables/data__.tsv,1399,wh3_dlc23_tech_chd_industry_2|wh3_dlc23_effect_building_construction_cost_mod_chd_outposts,,,,,,,,,,,,,,,,,,,,,,,,,,,,,,,,,,,,,,,,,,,,,,,,,,,,,,,,,,,,,,,,,,,,,,,,,,,,treasury.png,102,treasury.png,campaign,false
effect,warhammer_3,8.1.1,24237342,Chaos Dwarfs,chaos_dwarfs,wh3_dlc23_chd_zhatan,The Warhost of Zharr,wh3_dlc23_chd_chaos_dwarfs,wh3_dlc23_sc_chd_chaos_dwarfs,LOCKED_STANDARD,chd_mil@unspecified_campaign,generic_candidate,Conjunction of nonblank source faction/culture/subculture selectors; campaign condition preserved. Engine precedence is not decoded.,,chd_mil,,wh3_dlc23_chd_chaos_dwarfs,,,wh3_dlc23_tech_chd_industry_2,,,wh3_dlc23_tech_chd_industry_2,"Live to Work, Work to Live","If the Labourers don't build outposts quickly, they will have nowhere to sleep – so no rest until it's done!",,wh3_dlc23_effect_building_construction_time_mod_chd_outposts,faction_to_region_own_unseen,-1.0000,Construction time: %+n for Outpost settlement buildings,,Military Technologies,Chaos Dwarf Military Technology Tree,,,,,,,,,,,,technology_effects_junction_tables,db/technology_effects_junction_tables/data__.tsv,1400,wh3_dlc23_tech_chd_industry_2|wh3_dlc23_effect_building_construction_time_mod_chd_outposts,,,,,,,,,,,,,,,,,,,,,,,,,,,,,,,,,,,,,,,,,,,,,,,,,,,,,,,,,,,,,,,,,,,,,,,,,,,,construction.png,102,construction.png,campaign,false
resource_cost,warhammer_3,8.1.1,24237342,Chaos Dwarfs,chaos_dwarfs,wh3_dlc23_chd_zhatan,The Warhost of Zharr,wh3_dlc23_chd_chaos_dwarfs,wh3_dlc23_sc_chd_chaos_dwarfs,LOCKED_STANDARD,chd_mil@unspecified_campaign,generic_candidate,Conjunction of nonblank source faction/culture/subculture selectors; campaign condition preserved. Engine precedence is not decoded.,,chd_mil,,wh3_dlc23_chd_chaos_dwarfs,,,wh3_dlc23_tech_chd_industry_2,,,wh3_dlc23_tech_chd_industry_2,"Live to Work, Work to Live","If the Labourers don't build outposts quickly, they will have nowhere to sleep – so no rest until it's done!",,,,,,,Military Technologies,Chaos Dwarf Military Technology Tree,,,,,,,,,,,,resource_costs_tables,db/resource_costs_tables/data__.tsv,959,wh3_dlc23_tech_chd_industry_low,,,,,,,,,,,,,,wh3_dlc23_tech_chd_industry_low,,,,,,,,,,,,,,,,,,,,,,,,,,,,,,,,,,0,TECHNOLOGIES,TECHNOLOGIES,ARMY_UPKEEP,BACKGROUND_INCOME,,,,,,,,,,,,,,,,,,,,,,,,,,,,
pooled_resource_cost,warhammer_3,8.1.1,24237342,Chaos Dwarfs,chaos_dwarfs,wh3_dlc23_chd_zhatan,The Warhost of Zharr,wh3_dlc23_chd_chaos_dwarfs,wh3_dlc23_sc_chd_chaos_dwarfs,LOCKED_STANDARD,chd_mil@unspecified_campaign,generic_candidate,Conjunction of nonblank source faction/culture/subculture selectors; campaign condition preserved. Engine precedence is not decoded.,,chd_mil,,wh3_dlc23_chd_chaos_dwarfs,,,wh3_dlc23_tech_chd_industry_2,,,wh3_dlc23_tech_chd_industry_2,"Live to Work, Work to Live","If the Labourers don't build outposts quickly, they will have nowhere to sleep – so no rest until it's done!",,,,,,,Military Technologies,Chaos Dwarf Military Technology Tree,,,,,,,,,,,,resource_cost_pooled_resource_junctions_tables,db/resource_cost_pooled_resource_junctions_tables/data__.tsv,1057,wh3_dlc23_chd_raw_materials_technology|wh3_dlc23_tech_chd_industry_low,,,,,,,,,,,,,,wh3_dlc23_tech_chd_industry_low,,,,,,,,,,,,,,,,,,,,,,,,,,,,,,,,,,,,,,,wh3_dlc23_chd_raw_materials_technology,-1000,absolute,default,,,,,,,,,,,,,,,,,,,,,,,,
resource_factor,warhammer_3,8.1.1,24237342,Chaos Dwarfs,chaos_dwarfs,wh3_dlc23_chd_zhatan,The Warhost of Zharr,wh3_dlc23_chd_chaos_dwarfs,wh3_dlc23_sc_chd_chaos_dwarfs,LOCKED_STANDARD,chd_mil@unspecified_campaign,generic_candidate,Conjunction of nonblank source faction/culture/subculture selectors; campaign condition preserved. Engine precedence is not decoded.,,chd_mil,,wh3_dlc23_chd_chaos_dwarfs,,,wh3_dlc23_tech_chd_industry_2,,,wh3_dlc23_tech_chd_industry_2,"Live to Work, Work to Live","If the Labourers don't build outposts quickly, they will have nowhere to sleep – so no rest until it's done!",,,,,,,Military Technologies,Chaos Dwarf Military Technology Tree,,,,,,,,,,,,pooled_resource_factor_junctions_tables,db/pooled_resource_factor_junctions_tables/data__.tsv,558,wh3_dlc23_chd_raw_materials_technology,,,,,,,,,,,,,,wh3_dlc23_tech_chd_industry_low,,,,,,,,,,,,,,,,,,,,,,,,,,,,,,,,,,,,,,,,,,,wh3_dlc23_chd_raw_materials_technology,technology,wh3_dlc23_chd_raw_materials,-2147483647,0,,,,,,,,,,,,,,,,,,,
tab_membership,warhammer_3,8.1.1,24237342,Chaos Dwarfs,chaos_dwarfs,wh3_dlc23_chd_zhatan,The Warhost of Zharr,wh3_dlc23_chd_chaos_dwarfs,wh3_dlc23_sc_chd_chaos_dwarfs,LOCKED_STANDARD,chd_mil@unspecified_campaign,generic_candidate,Conjunction of nonblank source faction/culture/subculture selectors; campaign condition preserved. Engine precedence is not decoded.,,chd_mil,,wh3_dlc23_chd_chaos_dwarfs,,,wh3_dlc23_tech_chd_industry_2,,,wh3_dlc23_tech_chd_industry_2,"Live to Work, Work to Live","If the Labourers don't build outposts quickly, they will have nowhere to sleep – so no rest until it's done!",,,,,,,Military Technologies,Chaos Dwarf Military Technology Tree,,,,,,,,,,,,technology_ui_tabs_to_technology_nodes_junctions_tables,db/technology_ui_tabs_to_technology_nodes_junctions_tables/data__.tsv,14,wh3_dlc23_tech_chd_industry_2|chd_industry,,,,,,,,,,,,,,,,,,,,,,,,,,,,,,,,,,,,,,,,,,,,,,,,,,,,,,,,,,,,,,,,,,,,,chd_industry,,,,,,,,,,,
node,warhammer_3,8.1.1,24237342,Chaos Dwarfs,chaos_dwarfs,wh3_dlc23_chd_zhatan,The Warhost of Zharr,wh3_dlc23_chd_chaos_dwarfs,wh3_dlc23_sc_chd_chaos_dwarfs,LOCKED_STANDARD,chd_mil@unspecified_campaign,generic_candidate,Conjunction of nonblank source faction/culture/subculture selectors; campaign condition preserved. Engine precedence is not decoded.,,chd_mil,,wh3_dlc23_chd_chaos_dwarfs,,,wh3_dlc23_tech_chd_industry_23,,,wh3_dlc23_tech_chd_industry_23,Labour Organisation,"Not all captives have equal worth as Labourers, but it takes experience to tell who’s worth shackling and where to send them.",,,,,,,Military Technologies,Chaos Dwarf Military Technology Tree,,,,,,,,,,,structural_node,technology_nodes_tables,db/technology_nodes_tables/data__.tsv,811,wh3_dlc23_tech_chd_industry_23,,,,,,,,0,23,500,0,0,,,0,0,0,,,,,,,,,,,,,,,,,,,,,,,,,,,,,,,,,,,,,,,,,,,,,,,,,,,,,,,,,,,,,,,
technology,warhammer_3,8.1.1,24237342,Chaos Dwarfs,chaos_dwarfs,wh3_dlc23_chd_zhatan,The Warhost of Zharr,wh3_dlc23_chd_chaos_dwarfs,wh3_dlc23_sc_chd_chaos_dwarfs,LOCKED_STANDARD,chd_mil@unspecified_campaign,generic_candidate,Conjunction of nonblank source faction/culture/subculture selectors; campaign condition preserved. Engine precedence is not decoded.,,chd_mil,,wh3_dlc23_chd_chaos_dwarfs,,,wh3_dlc23_tech_chd_industry_23,,,wh3_dlc23_tech_chd_industry_23,Labour Organisation,"Not all captives have equal worth as Labourers, but it takes experience to tell who’s worth shackling and where to send them.",,,,,,,Military Technologies,Chaos Dwarf Military Technology Tree,,,,,,,,,,,,technologies_tables,db/technologies_tables/data__.tsv,679,wh3_dlc23_tech_chd_industry_23,,,,,,,,,,,,,,,,,,wh_main_chs_port_ruin,1,wh3_dlc23_tech_chd_industry_23,false,false,placeholder.tga,233440389,false,false,true,false,,,,,,,,,,,,,,,,,,,,,,,,,,,,,,,,,,,,,,,,,,,,,,,,,,,,
effect,warhammer_3,8.1.1,24237342,Chaos Dwarfs,chaos_dwarfs,wh3_dlc23_chd_zhatan,The Warhost of Zharr,wh3_dlc23_chd_chaos_dwarfs,wh3_dlc23_sc_chd_chaos_dwarfs,LOCKED_STANDARD,chd_mil@unspecified_campaign,generic_candidate,Conjunction of nonblank source faction/culture/subculture selectors; campaign condition preserved. Engine precedence is not decoded.,,chd_mil,,wh3_dlc23_chd_chaos_dwarfs,,,wh3_dlc23_tech_chd_industry_23,,,wh3_dlc23_tech_chd_industry_23,Labour Organisation,"Not all captives have equal worth as Labourers, but it takes experience to tell who’s worth shackling and where to send them.",,wh3_dlc23_effect_force_chd_campaign_post_battle_labour,faction_to_character_own_factionwide_armytext,10.0000,Labour gained post-battle: %+n%,,Military Technologies,Chaos Dwarf Military Technology Tree,,,,,,,,,,,,technology_effects_junction_tables,db/technology_effects_junction_tables/data__.tsv,1395,wh3_dlc23_tech_chd_industry_23|wh3_dlc23_effect_force_chd_campaign_post_battle_labour,,,,,,,,,,,,,,,,,,,,,,,,,,,,,,,,,,,,,,,,,,,,,,,,,,,,,,,,,,,,,,,,,,,,,,,,,,,,chd_labour.png,201,chd_labour.png,campaign,true
effect,warhammer_3,8.1.1,24237342,Chaos Dwarfs,chaos_dwarfs,wh3_dlc23_chd_zhatan,The Warhost of Zharr,wh3_dlc23_chd_chaos_dwarfs,wh3_dlc23_sc_chd_chaos_dwarfs,LOCKED_STANDARD,chd_mil@unspecified_campaign,generic_candidate,Conjunction of nonblank source faction/culture/subculture selectors; campaign condition preserved. Engine precedence is not decoded.,,chd_mil,,wh3_dlc23_chd_chaos_dwarfs,,,wh3_dlc23_tech_chd_industry_23,,,wh3_dlc23_tech_chd_industry_23,Labour Organisation,"Not all captives have equal worth as Labourers, but it takes experience to tell who’s worth shackling and where to send them.",,wh3_dlc23_pooled_resource_chd_workload_modifier,faction_to_province_own,-10.0000,Workload requirement for Raw Materials: %+n%,,Military Technologies,Chaos Dwarf Military Technology Tree,,,,,,,,,,,,technology_effects_junction_tables,db/technology_effects_junction_tables/data__.tsv,1396,wh3_dlc23_tech_chd_industry_23|wh3_dlc23_pooled_resource_chd_workload_modifier,,,,,,,,,,,,,,,,,,,,,,,,,,,,,,,,,,,,,,,,,,,,,,,,,,,,,,,,,,,,,,,,,,,,,,,,,,,,chd_workload.png,1,chd_workload.png,campaign,false
tab_membership,warhammer_3,8.1.1,24237342,Chaos Dwarfs,chaos_dwarfs,wh3_dlc23_chd_zhatan,The Warhost of Zharr,wh3_dlc23_chd_chaos_dwarfs,wh3_dlc23_sc_chd_chaos_dwarfs,LOCKED_STANDARD,chd_mil@unspecified_campaign,generic_candidate,Conjunction of nonblank source faction/culture/subculture selectors; campaign condition preserved. Engine precedence is not decoded.,,chd_mil,,wh3_dlc23_chd_chaos_dwarfs,,,wh3_dlc23_tech_chd_industry_23,,,wh3_dlc23_tech_chd_industry_23,Labour Organisation,"Not all captives have equal worth as Labourers, but it takes experience to tell who’s worth shackling and where to send them.",,,,,,,Military Technologies,Chaos Dwarf Military Technology Tree,,,,,,,,,,,,technology_ui_tabs_to_technology_nodes_junctions_tables,db/technology_ui_tabs_to_technology_nodes_junctions_tables/data__.tsv,18,wh3_dlc23_tech_chd_industry_23|chd_industry,,,,,,,,,,,,,,,,,,,,,,,,,,,,,,,,,,,,,,,,,,,,,,,,,,,,,,,,,,,,,,,,,,,,,chd_industry,,,,,,,,,,,
node,warhammer_3,8.1.1,24237342,Chaos Dwarfs,chaos_dwarfs,wh3_dlc23_chd_zhatan,The Warhost of Zharr,wh3_dlc23_chd_chaos_dwarfs,wh3_dlc23_sc_chd_chaos_dwarfs,LOCKED_STANDARD,chd_mil@unspecified_campaign,generic_candidate,Conjunction of nonblank source faction/culture/subculture selectors; campaign condition preserved. Engine precedence is not decoded.,,chd_mil,,wh3_dlc23_chd_chaos_dwarfs,,,wh3_dlc23_tech_chd_industry_20,,,wh3_dlc23_tech_chd_industry_20,Increased Resource Allocation,"Hashut demands that he is honoured with fire, blood and spires that scrape the sky, the larger the fortress, the greater the monument to his greatness.",,,,,,,Military Technologies,Chaos Dwarf Military Technology Tree,,,,,,,,,,,structural_node,technology_nodes_tables,db/technology_nodes_tables/data__.tsv,808,wh3_dlc23_tech_chd_industry_20,,,,,,,,1,23,100,0,0,,wh3_dlc23_tech_chd_industry_high,0,0,40,,,,,,,,,,,,,,,,,,,,,,,,,,,,,,,,,,,,,,,,,,,,,,,,,,,,,,,,,,,,,,,
technology,warhammer_3,8.1.1,24237342,Chaos Dwarfs,chaos_dwarfs,wh3_dlc23_chd_zhatan,The Warhost of Zharr,wh3_dlc23_chd_chaos_dwarfs,wh3_dlc23_sc_chd_chaos_dwarfs,LOCKED_STANDARD,chd_mil@unspecified_campaign,generic_candidate,Conjunction of nonblank source faction/culture/subculture selectors; campaign condition preserved. Engine precedence is not decoded.,,chd_mil,,wh3_dlc23_chd_chaos_dwarfs,,,wh3_dlc23_tech_chd_industry_20,,,wh3_dlc23_tech_chd_industry_20,Increased Resource Allocation,"Hashut demands that he is honoured with fire, blood and spires that scrape the sky, the larger the fortress, the greater the monument to his greatness.",,,,,,,Military Technologies,Chaos Dwarf Military Technology Tree,,,,,,,,,,,,technologies_tables,db/technologies_tables/data__.tsv,676,wh3_dlc23_tech_chd_industry_20,,,,,,,,,,,,,,,,,,wh_main_chs_port_ruin,1,wh3_dlc23_tech_chd_industry_20,false,false,placeholder.tga,160663934,false,false,true,false,,,,,,,,,,,,,,,,,,,,,,,,,,,,,,,,,,,,,,,,,,,,,,,,,,,,
effect,warhammer_3,8.1.1,24237342,Chaos Dwarfs,chaos_dwarfs,wh3_dlc23_chd_zhatan,The Warhost of Zharr,wh3_dlc23_chd_chaos_dwarfs,wh3_dlc23_sc_chd_chaos_dwarfs,LOCKED_STANDARD,chd_mil@unspecified_campaign,generic_candidate,Conjunction of nonblank source faction/culture/subculture selectors; campaign condition preserved. Engine precedence is not decoded.,,chd_mil,,wh3_dlc23_chd_chaos_dwarfs,,,wh3_dlc23_tech_chd_industry_20,,,wh3_dlc23_tech_chd_industry_20,Increased Resource Allocation,"Hashut demands that he is honoured with fire, blood and spires that scrape the sky, the larger the fortress, the greater the monument to his greatness.",,wh3_dlc23_effect_building_construction_cost_mod_chd_towers,faction_to_region_own_unseen,-15.0000,Construction cost: %+n% for Tower settlement buildings,,Military Technologies,Chaos Dwarf Military Technology Tree,,,,,,,,,,,,technology_effects_junction_tables,db/technology_effects_junction_tables/data__.tsv,1389,wh3_dlc23_tech_chd_industry_20|wh3_dlc23_effect_building_construction_cost_mod_chd_towers,,,,,,,,,,,,,,,,,,,,,,,,,,,,,,,,,,,,,,,,,,,,,,,,,,,,,,,,,,,,,,,,,,,,,,,,,,,,treasury.png,102,treasury.png,campaign,false
effect,warhammer_3,8.1.1,24237342,Chaos Dwarfs,chaos_dwarfs,wh3_dlc23_chd_zhatan,The Warhost of Zharr,wh3_dlc23_chd_chaos_dwarfs,wh3_dlc23_sc_chd_chaos_dwarfs,LOCKED_STANDARD,chd_mil@unspecified_campaign,generic_candidate,Conjunction of nonblank source faction/culture/subculture selectors; campaign condition preserved. Engine precedence is not decoded.,,chd_mil,,wh3_dlc23_chd_chaos_dwarfs,,,wh3_dlc23_tech_chd_industry_20,,,wh3_dlc23_tech_chd_industry_20,Increased Resource Allocation,"Hashut demands that he is honoured with fire, blood and spires that scrape the sky, the larger the fortress, the greater the monument to his greatness.",,wh3_dlc23_effect_building_construction_time_mod_chd_towers,faction_to_region_own_unseen,-1.0000,Construction time: %+n for Tower settlement buildings,,Military Technologies,Chaos Dwarf Military Technology Tree,,,,,,,,,,,,technology_effects_junction_tables,db/technology_effects_junction_tables/data__.tsv,1390,wh3_dlc23_tech_chd_industry_20|wh3_dlc23_effect_building_construction_time_mod_chd_towers,,,,,,,,,,,,,,,,,,,,,,,,,,,,,,,,,,,,,,,,,,,,,,,,,,,,,,,,,,,,,,,,,,,,,,,,,,,,construction.png,102,construction.png,campaign,false
resource_cost,warhammer_3,8.1.1,24237342,Chaos Dwarfs,chaos_dwarfs,wh3_dlc23_chd_zhatan,The Warhost of Zharr,wh3_dlc23_chd_chaos_dwarfs,wh3_dlc23_sc_chd_chaos_dwarfs,LOCKED_STANDARD,chd_mil@unspecified_campaign,generic_candidate,Conjunction of nonblank source faction/culture/subculture selectors; campaign condition preserved. Engine precedence is not decoded.,,chd_mil,,wh3_dlc23_chd_chaos_dwarfs,,,wh3_dlc23_tech_chd_industry_20,,,wh3_dlc23_tech_chd_industry_20,Increased Resource Allocation,"Hashut demands that he is honoured with fire, blood and spires that scrape the sky, the larger the fortress, the greater the monument to his greatness.",,,,,,,Military Technologies,Chaos Dwarf Military Technology Tree,,,,,,,,,,,,resource_costs_tables,db/resource_costs_tables/data__.tsv,958,wh3_dlc23_tech_chd_industry_high,,,,,,,,,,,,,,wh3_dlc23_tech_chd_industry_high,,,,,,,,,,,,,,,,,,,,,,,,,,,,,,,,,,0,TECHNOLOGIES,TECHNOLOGIES,ARMY_UPKEEP,BACKGROUND_INCOME,,,,,,,,,,,,,,,,,,,,,,,,,,,,
pooled_resource_cost,warhammer_3,8.1.1,24237342,Chaos Dwarfs,chaos_dwarfs,wh3_dlc23_chd_zhatan,The Warhost of Zharr,wh3_dlc23_chd_chaos_dwarfs,wh3_dlc23_sc_chd_chaos_dwarfs,LOCKED_STANDARD,chd_mil@unspecified_campaign,generic_candidate,Conjunction of nonblank source faction/culture/subculture selectors; campaign condition preserved. Engine precedence is not decoded.,,chd_mil,,wh3_dlc23_chd_chaos_dwarfs,,,wh3_dlc23_tech_chd_industry_20,,,wh3_dlc23_tech_chd_industry_20,Increased Resource Allocation,"Hashut demands that he is honoured with fire, blood and spires that scrape the sky, the larger the fortress, the greater the monument to his greatness.",,,,,,,Military Technologies,Chaos Dwarf Military Technology Tree,,,,,,,,,,,,resource_cost_pooled_resource_junctions_tables,db/resource_cost_pooled_resource_junctions_tables/data__.tsv,1056,wh3_dlc23_chd_raw_materials_technology|wh3_dlc23_tech_chd_industry_high,,,,,,,,,,,,,,wh3_dlc23_tech_chd_industry_high,,,,,,,,,,,,,,,,,,,,,,,,,,,,,,,,,,,,,,,wh3_dlc23_chd_raw_materials_technology,-2000,absolute,default,,,,,,,,,,,,,,,,,,,,,,,,
resource_factor,warhammer_3,8.1.1,24237342,Chaos Dwarfs,chaos_dwarfs,wh3_dlc23_chd_zhatan,The Warhost of Zharr,wh3_dlc23_chd_chaos_dwarfs,wh3_dlc23_sc_chd_chaos_dwarfs,LOCKED_STANDARD,chd_mil@unspecified_campaign,generic_candidate,Conjunction of nonblank source faction/culture/subculture selectors; campaign condition preserved. Engine precedence is not decoded.,,chd_mil,,wh3_dlc23_chd_chaos_dwarfs,,,wh3_dlc23_tech_chd_industry_20,,,wh3_dlc23_tech_chd_industry_20,Increased Resource Allocation,"Hashut demands that he is honoured with fire, blood and spires that scrape the sky, the larger the fortress, the greater the monument to his greatness.",,,,,,,Military Technologies,Chaos Dwarf Military Technology Tree,,,,,,,,,,,,pooled_resource_factor_junctions_tables,db/pooled_resource_factor_junctions_tables/data__.tsv,558,wh3_dlc23_chd_raw_materials_technology,,,,,,,,,,,,,,wh3_dlc23_tech_chd_industry_high,,,,,,,,,,,,,,,,,,,,,,,,,,,,,,,,,,,,,,,,,,,wh3_dlc23_chd_raw_materials_technology,technology,wh3_dlc23_chd_raw_materials,-2147483647,0,,,,,,,,,,,,,,,,,,,
tab_membership,warhammer_3,8.1.1,24237342,Chaos Dwarfs,chaos_dwarfs,wh3_dlc23_chd_zhatan,The Warhost of Zharr,wh3_dlc23_chd_chaos_dwarfs,wh3_dlc23_sc_chd_chaos_dwarfs,LOCKED_STANDARD,chd_mil@unspecified_campaign,generic_candidate,Conjunction of nonblank source faction/culture/subculture selectors; campaign condition preserved. Engine precedence is not decoded.,,chd_mil,,wh3_dlc23_chd_chaos_dwarfs,,,wh3_dlc23_tech_chd_industry_20,,,wh3_dlc23_tech_chd_industry_20,Increased Resource Allocation,"Hashut demands that he is honoured with fire, blood and spires that scrape the sky, the larger the fortress, the greater the monument to his greatness.",,,,,,,Military Technologies,Chaos Dwarf Military Technology Tree,,,,,,,,,,,,technology_ui_tabs_to_technology_nodes_junctions_tables,db/technology_ui_tabs_to_technology_nodes_junctions_tables/data__.tsv,15,wh3_dlc23_tech_chd_industry_20|chd_industry,,,,,,,,,,,,,,,,,,,,,,,,,,,,,,,,,,,,,,,,,,,,,,,,,,,,,,,,,,,,,,,,,,,,,chd_industry,,,,,,,,,,,
node,warhammer_3,8.1.1,24237342,Chaos Dwarfs,chaos_dwarfs,wh3_dlc23_chd_zhatan,The Warhost of Zharr,wh3_dlc23_chd_chaos_dwarfs,wh3_dlc23_sc_chd_chaos_dwarfs,LOCKED_STANDARD,chd_mil@unspecified_campaign,generic_candidate,Conjunction of nonblank source faction/culture/subculture selectors; campaign condition preserved. Engine precedence is not decoded.,,chd_mil,,wh3_dlc23_chd_chaos_dwarfs,,,wh3_dlc23_tech_chd_industry_17,,,wh3_dlc23_tech_chd_industry_17,Stockpiling,"The land’s surplus shall feed the Chaos Dwarf war machine, both in times of abundance and times of scarcity.",,,,,,,Military Technologies,Chaos Dwarf Military Technology Tree,,,,,,,,,,,structural_node,technology_nodes_tables,db/technology_nodes_tables/data__.tsv,804,wh3_dlc23_tech_chd_industry_17,,,,,,,,2,23,400,0,0,,,0,0,80,,,,,,,,,,,,,,,,,,,,,,,,,,,,,,,,,,,,,,,,,,,,,,,,,,,,,,,,,,,,,,,
technology,warhammer_3,8.1.1,24237342,Chaos Dwarfs,chaos_dwarfs,wh3_dlc23_chd_zhatan,The Warhost of Zharr,wh3_dlc23_chd_chaos_dwarfs,wh3_dlc23_sc_chd_chaos_dwarfs,LOCKED_STANDARD,chd_mil@unspecified_campaign,generic_candidate,Conjunction of nonblank source faction/culture/subculture selectors; campaign condition preserved. Engine precedence is not decoded.,,chd_mil,,wh3_dlc23_chd_chaos_dwarfs,,,wh3_dlc23_tech_chd_industry_17,,,wh3_dlc23_tech_chd_industry_17,Stockpiling,"The land’s surplus shall feed the Chaos Dwarf war machine, both in times of abundance and times of scarcity.",,,,,,,Military Technologies,Chaos Dwarf Military Technology Tree,,,,,,,,,,,,technologies_tables,db/technologies_tables/data__.tsv,672,wh3_dlc23_tech_chd_industry_17,,,,,,,,,,,,,,,,,,wh_main_chs_port_ruin,1,wh3_dlc23_tech_chd_industry_17,false,false,placeholder.tga,289748414,false,false,true,false,,,,,,,,,,,,,,,,,,,,,,,,,,,,,,,,,,,,,,,,,,,,,,,,,,,,
effect,warhammer_3,8.1.1,24237342,Chaos Dwarfs,chaos_dwarfs,wh3_dlc23_chd_zhatan,The Warhost of Zharr,wh3_dlc23_chd_chaos_dwarfs,wh3_dlc23_sc_chd_chaos_dwarfs,LOCKED_STANDARD,chd_mil@unspecified_campaign,generic_candidate,Conjunction of nonblank source faction/culture/subculture selectors; campaign condition preserved. Engine precedence is not decoded.,,chd_mil,,wh3_dlc23_chd_chaos_dwarfs,,,wh3_dlc23_tech_chd_industry_17,,,wh3_dlc23_tech_chd_industry_17,Stockpiling,"The land’s surplus shall feed the Chaos Dwarf war machine, both in times of abundance and times of scarcity.",,wh3_dlc23_pooled_resource_chd_armaments_efficiency_chd_resource_iron_timber_context_dummy,faction_to_faction_own_unseen,15.0000,Iron and Timber provides %+n% Armaments output for province,,Military Technologies,Chaos Dwarf Military Technology Tree,,,,,,,,,,,,technology_effects_junction_tables,db/technology_effects_junction_tables/data__.tsv,1383,wh3_dlc23_tech_chd_industry_17|wh3_dlc23_pooled_resource_chd_armaments_efficiency_chd_resource_iron_timber_context_dummy,,,,,,,,,,,,,,,,,,,,,,,,,,,,,,,,,,,,,,,,,,,,,,,,,,,,,,,,,,,,,,,,,,,,,,,,,,,,chd_armaments.png,151,chd_armaments.png,campaign,true
tab_membership,warhammer_3,8.1.1,24237342,Chaos Dwarfs,chaos_dwarfs,wh3_dlc23_chd_zhatan,The Warhost of Zharr,wh3_dlc23_chd_chaos_dwarfs,wh3_dlc23_sc_chd_chaos_dwarfs,LOCKED_STANDARD,chd_mil@unspecified_campaign,generic_candidate,Conjunction of nonblank source faction/culture/subculture selectors; campaign condition preserved. Engine precedence is not decoded.,,chd_mil,,wh3_dlc23_chd_chaos_dwarfs,,,wh3_dlc23_tech_chd_industry_17,,,wh3_dlc23_tech_chd_industry_17,Stockpiling,"The land’s surplus shall feed the Chaos Dwarf war machine, both in times of abundance and times of scarcity.",,,,,,,Military Technologies,Chaos Dwarf Military Technology Tree,,,,,,,,,,,,technology_ui_tabs_to_technology_nodes_junctions_tables,db/technology_ui_tabs_to_technology_nodes_junctions_tables/data__.tsv,11,wh3_dlc23_tech_chd_industry_17|chd_industry,,,,,,,,,,,,,,,,,,,,,,,,,,,,,,,,,,,,,,,,,,,,,,,,,,,,,,,,,,,,,,,,,,,,,chd_industry,,,,,,,,,,,
node,warhammer_3,8.1.1,24237342,Chaos Dwarfs,chaos_dwarfs,wh3_dlc23_chd_zhatan,The Warhost of Zharr,wh3_dlc23_chd_chaos_dwarfs,wh3_dlc23_sc_chd_chaos_dwarfs,LOCKED_STANDARD,chd_mil@unspecified_campaign,generic_candidate,Conjunction of nonblank source faction/culture/subculture selectors; campaign condition preserved. Engine precedence is not decoded.,,chd_mil,,wh3_dlc23_chd_chaos_dwarfs,,,wh3_dlc23_tech_chd_industry_15,,,wh3_dlc23_tech_chd_industry_15,Industrial Revolution,"Blood, sweat and corpses: the price to be paid for rapid and relentless progress.",,,,,,,Military Technologies,Chaos Dwarf Military Technology Tree,,,,,,,,,,,structural_node,technology_nodes_tables,db/technology_nodes_tables/data__.tsv,802,wh3_dlc23_tech_chd_industry_15,,,,,,,,3,23,100,0,0,,wh3_dlc23_tech_chd_industry_medium,0,0,120,,,,,,,,,,,,,,,,,,,,,,,,,,,,,,,,,,,,,,,,,,,,,,,,,,,,,,,,,,,,,,,
technology,warhammer_3,8.1.1,24237342,Chaos Dwarfs,chaos_dwarfs,wh3_dlc23_chd_zhatan,The Warhost of Zharr,wh3_dlc23_chd_chaos_dwarfs,wh3_dlc23_sc_chd_chaos_dwarfs,LOCKED_STANDARD,chd_mil@unspecified_campaign,generic_candidate,Conjunction of nonblank source faction/culture/subculture selectors; campaign condition preserved. Engine precedence is not decoded.,,chd_mil,,wh3_dlc23_chd_chaos_dwarfs,,,wh3_dlc23_tech_chd_industry_15,,,wh3_dlc23_tech_chd_industry_15,Industrial Revolution,"Blood, sweat and corpses: the price to be paid for rapid and relentless progress.",,,,,,,Military Technologies,Chaos Dwarf Military Technology Tree,,,,,,,,,,,,technologies_tables,db/technologies_tables/data__.tsv,670,wh3_dlc23_tech_chd_industry_15,,,,,,,,,,,,,,,,,,wh_main_chs_port_ruin,1,wh3_dlc23_tech_chd_industry_15,false,false,placeholder.tga,729651369,false,false,true,false,,,,,,,,,,,,,,,,,,,,,,,,,,,,,,,,,,,,,,,,,,,,,,,,,,,,
effect,warhammer_3,8.1.1,24237342,Chaos Dwarfs,chaos_dwarfs,wh3_dlc23_chd_zhatan,The Warhost of Zharr,wh3_dlc23_chd_chaos_dwarfs,wh3_dlc23_sc_chd_chaos_dwarfs,LOCKED_STANDARD,chd_mil@unspecified_campaign,generic_candidate,Conjunction of nonblank source faction/culture/subculture selectors; campaign condition preserved. Engine precedence is not decoded.,,chd_mil,,wh3_dlc23_chd_chaos_dwarfs,,,wh3_dlc23_tech_chd_industry_15,,,wh3_dlc23_tech_chd_industry_15,Industrial Revolution,"Blood, sweat and corpses: the price to be paid for rapid and relentless progress.",,wh3_dlc23_effect_building_construction_cost_mod_chd_factories,faction_to_region_own_unseen,-15.0000,Construction cost: %+n% for Factory settlement buildings,,Military Technologies,Chaos Dwarf Military Technology Tree,,,,,,,,,,,,technology_effects_junction_tables,db/technology_effects_junction_tables/data__.tsv,1379,wh3_dlc23_tech_chd_industry_15|wh3_dlc23_effect_building_construction_cost_mod_chd_factories,,,,,,,,,,,,,,,,,,,,,,,,,,,,,,,,,,,,,,,,,,,,,,,,,,,,,,,,,,,,,,,,,,,,,,,,,,,,treasury.png,102,treasury.png,campaign,false
effect,warhammer_3,8.1.1,24237342,Chaos Dwarfs,chaos_dwarfs,wh3_dlc23_chd_zhatan,The Warhost of Zharr,wh3_dlc23_chd_chaos_dwarfs,wh3_dlc23_sc_chd_chaos_dwarfs,LOCKED_STANDARD,chd_mil@unspecified_campaign,generic_candidate,Conjunction of nonblank source faction/culture/subculture selectors; campaign condition preserved. Engine precedence is not decoded.,,chd_mil,,wh3_dlc23_chd_chaos_dwarfs,,,wh3_dlc23_tech_chd_industry_15,,,wh3_dlc23_tech_chd_industry_15,Industrial Revolution,"Blood, sweat and corpses: the price to be paid for rapid and relentless progress.",,wh3_dlc23_effect_building_construction_time_mod_chd_factories,faction_to_region_own_unseen,-1.0000,Construction time: %+n for Factory settlement buildings,,Military Technologies,Chaos Dwarf Military Technology Tree,,,,,,,,,,,,technology_effects_junction_tables,db/technology_effects_junction_tables/data__.tsv,1380,wh3_dlc23_tech_chd_industry_15|wh3_dlc23_effect_building_construction_time_mod_chd_factories,,,,,,,,,,,,,,,,,,,,,,,,,,,,,,,,,,,,,,,,,,,,,,,,,,,,,,,,,,,,,,,,,,,,,,,,,,,,construction.png,102,construction.png,campaign,false
resource_cost,warhammer_3,8.1.1,24237342,Chaos Dwarfs,chaos_dwarfs,wh3_dlc23_chd_zhatan,The Warhost of Zharr,wh3_dlc23_chd_chaos_dwarfs,wh3_dlc23_sc_chd_chaos_dwarfs,LOCKED_STANDARD,chd_mil@unspecified_campaign,generic_candidate,Conjunction of nonblank source faction/culture/subculture selectors; campaign condition preserved. Engine precedence is not decoded.,,chd_mil,,wh3_dlc23_chd_chaos_dwarfs,,,wh3_dlc23_tech_chd_industry_15,,,wh3_dlc23_tech_chd_industry_15,Industrial Revolution,"Blood, sweat and corpses: the price to be paid for rapid and relentless progress.",,,,,,,Military Technologies,Chaos Dwarf Military Technology Tree,,,,,,,,,,,,resource_costs_tables,db/resource_costs_tables/data__.tsv,960,wh3_dlc23_tech_chd_industry_medium,,,,,,,,,,,,,,wh3_dlc23_tech_chd_industry_medium,,,,,,,,,,,,,,,,,,,,,,,,,,,,,,,,,,0,TECHNOLOGIES,TECHNOLOGIES,ARMY_UPKEEP,BACKGROUND_INCOME,,,,,,,,,,,,,,,,,,,,,,,,,,,,
pooled_resource_cost,warhammer_3,8.1.1,24237342,Chaos Dwarfs,chaos_dwarfs,wh3_dlc23_chd_zhatan,The Warhost of Zharr,wh3_dlc23_chd_chaos_dwarfs,wh3_dlc23_sc_chd_chaos_dwarfs,LOCKED_STANDARD,chd_mil@unspecified_campaign,generic_candidate,Conjunction of nonblank source faction/culture/subculture selectors; campaign condition preserved. Engine precedence is not decoded.,,chd_mil,,wh3_dlc23_chd_chaos_dwarfs,,,wh3_dlc23_tech_chd_industry_15,,,wh3_dlc23_tech_chd_industry_15,Industrial Revolution,"Blood, sweat and corpses: the price to be paid for rapid and relentless progress.",,,,,,,Military Technologies,Chaos Dwarf Military Technology Tree,,,,,,,,,,,,resource_cost_pooled_resource_junctions_tables,db/resource_cost_pooled_resource_junctions_tables/data__.tsv,1058,wh3_dlc23_chd_raw_materials_technology|wh3_dlc23_tech_chd_industry_medium,,,,,,,,,,,,,,wh3_dlc23_tech_chd_industry_medium,,,,,,,,,,,,,,,,,,,,,,,,,,,,,,,,,,,,,,,wh3_dlc23_chd_raw_materials_technology,-1500,absolute,default,,,,,,,,,,,,,,,,,,,,,,,,
resource_factor,warhammer_3,8.1.1,24237342,Chaos Dwarfs,chaos_dwarfs,wh3_dlc23_chd_zhatan,The Warhost of Zharr,wh3_dlc23_chd_chaos_dwarfs,wh3_dlc23_sc_chd_chaos_dwarfs,LOCKED_STANDARD,chd_mil@unspecified_campaign,generic_candidate,Conjunction of nonblank source faction/culture/subculture selectors; campaign condition preserved. Engine precedence is not decoded.,,chd_mil,,wh3_dlc23_chd_chaos_dwarfs,,,wh3_dlc23_tech_chd_industry_15,,,wh3_dlc23_tech_chd_industry_15,Industrial Revolution,"Blood, sweat and corpses: the price to be paid for rapid and relentless progress.",,,,,,,Military Technologies,Chaos Dwarf Military Technology Tree,,,,,,,,,,,,pooled_resource_factor_junctions_tables,db/pooled_resource_factor_junctions_tables/data__.tsv,558,wh3_dlc23_chd_raw_materials_technology,,,,,,,,,,,,,,wh3_dlc23_tech_chd_industry_medium,,,,,,,,,,,,,,,,,,,,,,,,,,,,,,,,,,,,,,,,,,,wh3_dlc23_chd_raw_materials_technology,technology,wh3_dlc23_chd_raw_materials,-2147483647,0,,,,,,,,,,,,,,,,,,,
tab_membership,warhammer_3,8.1.1,24237342,Chaos Dwarfs,chaos_dwarfs,wh3_dlc23_chd_zhatan,The Warhost of Zharr,wh3_dlc23_chd_chaos_dwarfs,wh3_dlc23_sc_chd_chaos_dwarfs,LOCKED_STANDARD,chd_mil@unspecified_campaign,generic_candidate,Conjunction of nonblank source faction/culture/subculture selectors; campaign condition preserved. Engine precedence is not decoded.,,chd_mil,,wh3_dlc23_chd_chaos_dwarfs,,,wh3_dlc23_tech_chd_industry_15,,,wh3_dlc23_tech_chd_industry_15,Industrial Revolution,"Blood, sweat and corpses: the price to be paid for rapid and relentless progress.",,,,,,,Military Technologies,Chaos Dwarf Military Technology Tree,,,,,,,,,,,,technology_ui_tabs_to_technology_nodes_junctions_tables,db/technology_ui_tabs_to_technology_nodes_junctions_tables/data__.tsv,9,wh3_dlc23_tech_chd_industry_15|chd_industry,,,,,,,,,,,,,,,,,,,,,,,,,,,,,,,,,,,,,,,,,,,,,,,,,,,,,,,,,,,,,,,,,,,,,chd_industry,,,,,,,,,,,
node,warhammer_3,8.1.1,24237342,Chaos Dwarfs,chaos_dwarfs,wh3_dlc23_chd_zhatan,The Warhost of Zharr,wh3_dlc23_chd_chaos_dwarfs,wh3_dlc23_sc_chd_chaos_dwarfs,LOCKED_STANDARD,chd_mil@unspecified_campaign,generic_candidate,Conjunction of nonblank source faction/culture/subculture selectors; campaign condition preserved. Engine precedence is not decoded.,,chd_mil,,wh3_dlc23_chd_chaos_dwarfs,,,wh3_dlc23_tech_chd_industry_11,,,wh3_dlc23_tech_chd_industry_11,Hotter Furnaces,"The red glow of a thousand diabolical furnaces intensifies, symbolising the Chaos Dwarfs’ growing industrial might.",,,,,,,Military Technologies,Chaos Dwarf Military Technology Tree,,,,,,,,,,,structural_node,technology_nodes_tables,db/technology_nodes_tables/data__.tsv,798,wh3_dlc23_tech_chd_industry_11,,,,,,,,5,23,300,0,0,,,0,0,80,,,,,,,,,,,,,,,,,,,,,,,,,,,,,,,,,,,,,,,,,,,,,,,,,,,,,,,,,,,,,,,
technology,warhammer_3,8.1.1,24237342,Chaos Dwarfs,chaos_dwarfs,wh3_dlc23_chd_zhatan,The Warhost of Zharr,wh3_dlc23_chd_chaos_dwarfs,wh3_dlc23_sc_chd_chaos_dwarfs,LOCKED_STANDARD,chd_mil@unspecified_campaign,generic_candidate,Conjunction of nonblank source faction/culture/subculture selectors; campaign condition preserved. Engine precedence is not decoded.,,chd_mil,,wh3_dlc23_chd_chaos_dwarfs,,,wh3_dlc23_tech_chd_industry_11,,,wh3_dlc23_tech_chd_industry_11,Hotter Furnaces,"The red glow of a thousand diabolical furnaces intensifies, symbolising the Chaos Dwarfs’ growing industrial might.",,,,,,,Military Technologies,Chaos Dwarf Military Technology Tree,,,,,,,,,,,,technologies_tables,db/technologies_tables/data__.tsv,666,wh3_dlc23_tech_chd_industry_11,,,,,,,,,,,,,,,,,,wh_main_chs_port_ruin,1,wh3_dlc23_tech_chd_industry_11,false,false,placeholder.tga,944944529,false,false,true,false,,,,,,,,,,,,,,,,,,,,,,,,,,,,,,,,,,,,,,,,,,,,,,,,,,,,
effect,warhammer_3,8.1.1,24237342,Chaos Dwarfs,chaos_dwarfs,wh3_dlc23_chd_zhatan,The Warhost of Zharr,wh3_dlc23_chd_chaos_dwarfs,wh3_dlc23_sc_chd_chaos_dwarfs,LOCKED_STANDARD,chd_mil@unspecified_campaign,generic_candidate,Conjunction of nonblank source faction/culture/subculture selectors; campaign condition preserved. Engine precedence is not decoded.,,chd_mil,,wh3_dlc23_chd_chaos_dwarfs,,,wh3_dlc23_tech_chd_industry_11,,,wh3_dlc23_tech_chd_industry_11,Hotter Furnaces,"The red glow of a thousand diabolical furnaces intensifies, symbolising the Chaos Dwarfs’ growing industrial might.",,wh3_dlc23_effect_economy_gpd_manufacture,faction_to_region_own_unseen,10.0000,Income from Refinery buildings: %+n%,,Military Technologies,Chaos Dwarf Military Technology Tree,,,,,,,,,,,,technology_effects_junction_tables,db/technology_effects_junction_tables/data__.tsv,1372,wh3_dlc23_tech_chd_industry_11|wh3_dlc23_effect_economy_gpd_manufacture,,,,,,,,,,,,,,,,,,,,,,,,,,,,,,,,,,,,,,,,,,,,,,,,,,,,,,,,,,,,,,,,,,,,,,,,,,,,income.png,3,income.png,campaign,true
effect,warhammer_3,8.1.1,24237342,Chaos Dwarfs,chaos_dwarfs,wh3_dlc23_chd_zhatan,The Warhost of Zharr,wh3_dlc23_chd_chaos_dwarfs,wh3_dlc23_sc_chd_chaos_dwarfs,LOCKED_STANDARD,chd_mil@unspecified_campaign,generic_candidate,Conjunction of nonblank source faction/culture/subculture selectors; campaign condition preserved. Engine precedence is not decoded.,,chd_mil,,wh3_dlc23_chd_chaos_dwarfs,,,wh3_dlc23_tech_chd_industry_11,,,wh3_dlc23_tech_chd_industry_11,Hotter Furnaces,"The red glow of a thousand diabolical furnaces intensifies, symbolising the Chaos Dwarfs’ growing industrial might.",,wh3_dlc23_pooled_resource_chd_armaments_modifier,faction_to_province_own_unseen,10.0000,Armaments output: %+n%,,Military Technologies,Chaos Dwarf Military Technology Tree,,,,,,,,,,,,technology_effects_junction_tables,db/technology_effects_junction_tables/data__.tsv,1373,wh3_dlc23_tech_chd_industry_11|wh3_dlc23_pooled_resource_chd_armaments_modifier,,,,,,,,,,,,,,,,,,,,,,,,,,,,,,,,,,,,,,,,,,,,,,,,,,,,,,,,,,,,,,,,,,,,,,,,,,,,chd_armaments.png,151,chd_armaments.png,campaign,true
tab_membership,warhammer_3,8.1.1,24237342,Chaos Dwarfs,chaos_dwarfs,wh3_dlc23_chd_zhatan,The Warhost of Zharr,wh3_dlc23_chd_chaos_dwarfs,wh3_dlc23_sc_chd_chaos_dwarfs,LOCKED_STANDARD,chd_mil@unspecified_campaign,generic_candidate,Conjunction of nonblank source faction/culture/subculture selectors; campaign condition preserved. Engine precedence is not decoded.,,chd_mil,,wh3_dlc23_chd_chaos_dwarfs,,,wh3_dlc23_tech_chd_industry_11,,,wh3_dlc23_tech_chd_industry_11,Hotter Furnaces,"The red glow of a thousand diabolical furnaces intensifies, symbolising the Chaos Dwarfs’ growing industrial might.",,,,,,,Military Technologies,Chaos Dwarf Military Technology Tree,,,,,,,,,,,,technology_ui_tabs_to_technology_nodes_junctions_tables,db/technology_ui_tabs_to_technology_nodes_junctions_tables/data__.tsv,5,wh3_dlc23_tech_chd_industry_11|chd_industry,,,,,,,,,,,,,,,,,,,,,,,,,,,,,,,,,,,,,,,,,,,,,,,,,,,,,,,,,,,,,,,,,,,,,chd_industry,,,,,,,,,,,
node,warhammer_3,8.1.1,24237342,Chaos Dwarfs,chaos_dwarfs,wh3_dlc23_chd_zhatan,The Warhost of Zharr,wh3_dlc23_chd_chaos_dwarfs,wh3_dlc23_sc_chd_chaos_dwarfs,LOCKED_STANDARD,chd_mil@unspecified_campaign,generic_candidate,Conjunction of nonblank source faction/culture/subculture selectors; campaign condition preserved. Engine precedence is not decoded.,,chd_mil,,wh3_dlc23_chd_chaos_dwarfs,,,wh3_dlc23_tech_chd_industry_7,,,wh3_dlc23_tech_chd_industry_7,Harbour Guilds,"This union of specialist builders, working together with common aims, means ports will be built faster and for the best possible price.",,,,,,,Military Technologies,Chaos Dwarf Military Technology Tree,,,,,,,,,,,structural_node,technology_nodes_tables,db/technology_nodes_tables/data__.tsv,817,wh3_dlc23_tech_chd_industry_7,,,,,,,,7,23,300,0,0,,,0,0,40,,,,,,,,,,,,,,,,,,,,,,,,,,,,,,,,,,,,,,,,,,,,,,,,,,,,,,,,,,,,,,,
technology,warhammer_3,8.1.1,24237342,Chaos Dwarfs,chaos_dwarfs,wh3_dlc23_chd_zhatan,The Warhost of Zharr,wh3_dlc23_chd_chaos_dwarfs,wh3_dlc23_sc_chd_chaos_dwarfs,LOCKED_STANDARD,chd_mil@unspecified_campaign,generic_candidate,Conjunction of nonblank source faction/culture/subculture selectors; campaign condition preserved. Engine precedence is not decoded.,,chd_mil,,wh3_dlc23_chd_chaos_dwarfs,,,wh3_dlc23_tech_chd_industry_7,,,wh3_dlc23_tech_chd_industry_7,Harbour Guilds,"This union of specialist builders, working together with common aims, means ports will be built faster and for the best possible price.",,,,,,,Military Technologies,Chaos Dwarf Military Technology Tree,,,,,,,,,,,,technologies_tables,db/technologies_tables/data__.tsv,685,wh3_dlc23_tech_chd_industry_7,,,,,,,,,,,,,,,,,,wh_main_chs_port_ruin,1,wh3_dlc23_tech_chd_industry_7,false,false,placeholder.tga,2139883167,false,false,true,false,,,,,,,,,,,,,,,,,,,,,,,,,,,,,,,,,,,,,,,,,,,,,,,,,,,,
effect,warhammer_3,8.1.1,24237342,Chaos Dwarfs,chaos_dwarfs,wh3_dlc23_chd_zhatan,The Warhost of Zharr,wh3_dlc23_chd_chaos_dwarfs,wh3_dlc23_sc_chd_chaos_dwarfs,LOCKED_STANDARD,chd_mil@unspecified_campaign,generic_candidate,Conjunction of nonblank source faction/culture/subculture selectors; campaign condition preserved. Engine precedence is not decoded.,,chd_mil,,wh3_dlc23_chd_chaos_dwarfs,,,wh3_dlc23_tech_chd_industry_7,,,wh3_dlc23_tech_chd_industry_7,Harbour Guilds,"This union of specialist builders, working together with common aims, means ports will be built faster and for the best possible price.",,wh2_main_effect_building_construction_cost_mod_ports,faction_to_region_own_unseen,-15.0000,Construction cost: %+n% for Ports,,Military Technologies,Chaos Dwarf Military Technology Tree,,,,,,,,,,,,technology_effects_junction_tables,db/technology_effects_junction_tables/data__.tsv,1408,wh3_dlc23_tech_chd_industry_7|wh2_main_effect_building_construction_cost_mod_ports,,,,,,,,,,,,,,,,,,,,,,,,,,,,,,,,,,,,,,,,,,,,,,,,,,,,,,,,,,,,,,,,,,,,,,,,,,,,treasury.png,101,treasury.png,campaign,false
effect,warhammer_3,8.1.1,24237342,Chaos Dwarfs,chaos_dwarfs,wh3_dlc23_chd_zhatan,The Warhost of Zharr,wh3_dlc23_chd_chaos_dwarfs,wh3_dlc23_sc_chd_chaos_dwarfs,LOCKED_STANDARD,chd_mil@unspecified_campaign,generic_candidate,Conjunction of nonblank source faction/culture/subculture selectors; campaign condition preserved. Engine precedence is not decoded.,,chd_mil,,wh3_dlc23_chd_chaos_dwarfs,,,wh3_dlc23_tech_chd_industry_7,,,wh3_dlc23_tech_chd_industry_7,Harbour Guilds,"This union of specialist builders, working together with common aims, means ports will be built faster and for the best possible price.",,wh2_main_effect_building_construction_time_mod_ports,faction_to_region_own_unseen,-1.0000,Construction time: %+n for Ports,,Military Technologies,Chaos Dwarf Military Technology Tree,,,,,,,,,,,,technology_effects_junction_tables,db/technology_effects_junction_tables/data__.tsv,1409,wh3_dlc23_tech_chd_industry_7|wh2_main_effect_building_construction_time_mod_ports,,,,,,,,,,,,,,,,,,,,,,,,,,,,,,,,,,,,,,,,,,,,,,,,,,,,,,,,,,,,,,,,,,,,,,,,,,,,construction.png,102,construction.png,campaign,false
tab_membership,warhammer_3,8.1.1,24237342,Chaos Dwarfs,chaos_dwarfs,wh3_dlc23_chd_zhatan,The Warhost of Zharr,wh3_dlc23_chd_chaos_dwarfs,wh3_dlc23_sc_chd_chaos_dwarfs,LOCKED_STANDARD,chd_mil@unspecified_campaign,generic_candidate,Conjunction of nonblank source faction/culture/subculture selectors; campaign condition preserved. Engine precedence is not decoded.,,chd_mil,,wh3_dlc23_chd_chaos_dwarfs,,,wh3_dlc23_tech_chd_industry_7,,,wh3_dlc23_tech_chd_industry_7,Harbour Guilds,"This union of specialist builders, working together with common aims, means ports will be built faster and for the best possible price.",,,,,,,Military Technologies,Chaos Dwarf Military Technology Tree,,,,,,,,,,,,technology_ui_tabs_to_technology_nodes_junctions_tables,db/technology_ui_tabs_to_technology_nodes_junctions_tables/data__.tsv,24,wh3_dlc23_tech_chd_industry_7|chd_industry,,,,,,,,,,,,,,,,,,,,,,,,,,,,,,,,,,,,,,,,,,,,,,,,,,,,,,,,,,,,,,,,,,,,,chd_industry,,,,,,,,,,,
node,warhammer_3,8.1.1,24237342,Chaos Dwarfs,chaos_dwarfs,wh3_dlc23_chd_zhatan,The Warhost of Zharr,wh3_dlc23_chd_chaos_dwarfs,wh3_dlc23_sc_chd_chaos_dwarfs,LOCKED_STANDARD,chd_mil@unspecified_campaign,generic_candidate,Conjunction of nonblank source faction/culture/subculture selectors; campaign condition preserved. Engine precedence is not decoded.,,chd_mil,,wh3_dlc23_chd_chaos_dwarfs,,,wh3_dlc23_tech_chd_industry_3,,,wh3_dlc23_tech_chd_industry_3,Labour Quotas,"Quotas must be met. If it's got a pulse, get it onto the production line.",,,,,,,Military Technologies,Chaos Dwarf Military Technology Tree,,,,,,,,,,,structural_node,technology_nodes_tables,db/technology_nodes_tables/data__.tsv,813,wh3_dlc23_tech_chd_industry_3,,,,,,,,9,23,200,0,0,,,0,0,0,,,,,,,,,,,,,,,,,,,,,,,,,,,,,,,,,,,,,,,,,,,,,,,,,,,,,,,,,,,,,,,
technology,warhammer_3,8.1.1,24237342,Chaos Dwarfs,chaos_dwarfs,wh3_dlc23_chd_zhatan,The Warhost of Zharr,wh3_dlc23_chd_chaos_dwarfs,wh3_dlc23_sc_chd_chaos_dwarfs,LOCKED_STANDARD,chd_mil@unspecified_campaign,generic_candidate,Conjunction of nonblank source faction/culture/subculture selectors; campaign condition preserved. Engine precedence is not decoded.,,chd_mil,,wh3_dlc23_chd_chaos_dwarfs,,,wh3_dlc23_tech_chd_industry_3,,,wh3_dlc23_tech_chd_industry_3,Labour Quotas,"Quotas must be met. If it's got a pulse, get it onto the production line.",,,,,,,Military Technologies,Chaos Dwarf Military Technology Tree,,,,,,,,,,,,technologies_tables,db/technologies_tables/data__.tsv,681,wh3_dlc23_tech_chd_industry_3,,,,,,,,,,,,,,,,,,wh_main_chs_port_ruin,1,wh3_dlc23_tech_chd_industry_3,false,false,placeholder.tga,1931587315,false,false,true,false,,,,,,,,,,,,,,,,,,,,,,,,,,,,,,,,,,,,,,,,,,,,,,,,,,,,
effect,warhammer_3,8.1.1,24237342,Chaos Dwarfs,chaos_dwarfs,wh3_dlc23_chd_zhatan,The Warhost of Zharr,wh3_dlc23_chd_chaos_dwarfs,wh3_dlc23_sc_chd_chaos_dwarfs,LOCKED_STANDARD,chd_mil@unspecified_campaign,generic_candidate,Conjunction of nonblank source faction/culture/subculture selectors; campaign condition preserved. Engine precedence is not decoded.,,chd_mil,,wh3_dlc23_chd_chaos_dwarfs,,,wh3_dlc23_tech_chd_industry_3,,,wh3_dlc23_tech_chd_industry_3,Labour Quotas,"Quotas must be met. If it's got a pulse, get it onto the production line.",,wh3_dlc23_effect_force_chd_campaign_post_battle_labour,faction_to_character_own_factionwide_armytext,5.0000,Labour gained post-battle: %+n%,,Military Technologies,Chaos Dwarf Military Technology Tree,,,,,,,,,,,,technology_effects_junction_tables,db/technology_effects_junction_tables/data__.tsv,1401,wh3_dlc23_tech_chd_industry_3|wh3_dlc23_effect_force_chd_campaign_post_battle_labour,,,,,,,,,,,,,,,,,,,,,,,,,,,,,,,,,,,,,,,,,,,,,,,,,,,,,,,,,,,,,,,,,,,,,,,,,,,,chd_labour.png,201,chd_labour.png,campaign,true
tab_membership,warhammer_3,8.1.1,24237342,Chaos Dwarfs,chaos_dwarfs,wh3_dlc23_chd_zhatan,The Warhost of Zharr,wh3_dlc23_chd_chaos_dwarfs,wh3_dlc23_sc_chd_chaos_dwarfs,LOCKED_STANDARD,chd_mil@unspecified_campaign,generic_candidate,Conjunction of nonblank source faction/culture/subculture selectors; campaign condition preserved. Engine precedence is not decoded.,,chd_mil,,wh3_dlc23_chd_chaos_dwarfs,,,wh3_dlc23_tech_chd_industry_3,,,wh3_dlc23_tech_chd_industry_3,Labour Quotas,"Quotas must be met. If it's got a pulse, get it onto the production line.",,,,,,,Military Technologies,Chaos Dwarf Military Technology Tree,,,,,,,,,,,,technology_ui_tabs_to_technology_nodes_junctions_tables,db/technology_ui_tabs_to_technology_nodes_junctions_tables/data__.tsv,20,wh3_dlc23_tech_chd_industry_3|chd_industry,,,,,,,,,,,,,,,,,,,,,,,,,,,,,,,,,,,,,,,,,,,,,,,,,,,,,,,,,,,,,,,,,,,,,chd_industry,,,,,,,,,,,
node,warhammer_3,8.1.1,24237342,Chaos Dwarfs,chaos_dwarfs,wh3_dlc23_chd_zhatan,The Warhost of Zharr,wh3_dlc23_chd_chaos_dwarfs,wh3_dlc23_sc_chd_chaos_dwarfs,LOCKED_STANDARD,chd_mil@unspecified_campaign,generic_candidate,Conjunction of nonblank source faction/culture/subculture selectors; campaign condition preserved. Engine precedence is not decoded.,,chd_mil,,wh3_dlc23_chd_chaos_dwarfs,,,wh3_dlc23_tech_chd_industry_24,,,wh3_dlc23_tech_chd_industry_24,Unilateral Agreements,All I see here is a signature and someone who hasn’t read the fine print.,,,,,,,Military Technologies,Chaos Dwarf Military Technology Tree,,,,,,,,,,,structural_node,technology_nodes_tables,db/technology_nodes_tables/data__.tsv,812,wh3_dlc23_tech_chd_industry_24,,,,,,,,0,24,500,0,0,,,0,0,0,,,,,,,,,,,,,,,,,,,,,,,,,,,,,,,,,,,,,,,,,,,,,,,,,,,,,,,,,,,,,,,
technology,warhammer_3,8.1.1,24237342,Chaos Dwarfs,chaos_dwarfs,wh3_dlc23_chd_zhatan,The Warhost of Zharr,wh3_dlc23_chd_chaos_dwarfs,wh3_dlc23_sc_chd_chaos_dwarfs,LOCKED_STANDARD,chd_mil@unspecified_campaign,generic_candidate,Conjunction of nonblank source faction/culture/subculture selectors; campaign condition preserved. Engine precedence is not decoded.,,chd_mil,,wh3_dlc23_chd_chaos_dwarfs,,,wh3_dlc23_tech_chd_industry_24,,,wh3_dlc23_tech_chd_industry_24,Unilateral Agreements,All I see here is a signature and someone who hasn’t read the fine print.,,,,,,,Military Technologies,Chaos Dwarf Military Technology Tree,,,,,,,,,,,,technologies_tables,db/technologies_tables/data__.tsv,680,wh3_dlc23_tech_chd_industry_24,,,,,,,,,,,,,,,,,,wh_main_chs_port_ruin,1,wh3_dlc23_tech_chd_industry_24,false,false,placeholder.tga,1092758474,false,false,true,false,,,,,,,,,,,,,,,,,,,,,,,,,,,,,,,,,,,,,,,,,,,,,,,,,,,,
effect,warhammer_3,8.1.1,24237342,Chaos Dwarfs,chaos_dwarfs,wh3_dlc23_chd_zhatan,The Warhost of Zharr,wh3_dlc23_chd_chaos_dwarfs,wh3_dlc23_sc_chd_chaos_dwarfs,LOCKED_STANDARD,chd_mil@unspecified_campaign,generic_candidate,Conjunction of nonblank source faction/culture/subculture selectors; campaign condition preserved. Engine precedence is not decoded.,,chd_mil,,wh3_dlc23_chd_chaos_dwarfs,,,wh3_dlc23_tech_chd_industry_24,,,wh3_dlc23_tech_chd_industry_24,Unilateral Agreements,All I see here is a signature and someone who hasn’t read the fine print.,,wh3_dlc23_effect_chd_convoy_additional_unit_reward_scripted,faction_to_faction_own_unseen,1.0000,All Convoys gain an additional unit when completing Convoy route,,Military Technologies,Chaos Dwarf Military Technology Tree,,,,,,,,,,,,technology_effects_junction_tables,db/technology_effects_junction_tables/data__.tsv,1397,wh3_dlc23_tech_chd_industry_24|wh3_dlc23_effect_chd_convoy_additional_unit_reward_scripted,,,,,,,,,,,,,,,,,,,,,,,,,,,,,,,,,,,,,,,,,,,,,,,,,,,,,,,,,,,,,,,,,,,,,,,,,,,,army.png,1,army.png,campaign,true
effect,warhammer_3,8.1.1,24237342,Chaos Dwarfs,chaos_dwarfs,wh3_dlc23_chd_zhatan,The Warhost of Zharr,wh3_dlc23_chd_chaos_dwarfs,wh3_dlc23_sc_chd_chaos_dwarfs,LOCKED_STANDARD,chd_mil@unspecified_campaign,generic_candidate,Conjunction of nonblank source faction/culture/subculture selectors; campaign condition preserved. Engine precedence is not decoded.,,chd_mil,,wh3_dlc23_chd_chaos_dwarfs,,,wh3_dlc23_tech_chd_industry_24,,,wh3_dlc23_tech_chd_industry_24,Unilateral Agreements,All I see here is a signature and someone who hasn’t read the fine print.,,wh3_dlc23_effect_chd_convoy_trade_tariff_scripted,faction_to_faction_own_unseen,5.0000,Income from trade tariffs: %+n% for every completed Convoy route,,Military Technologies,Chaos Dwarf Military Technology Tree,,,,,,,,,,,,technology_effects_junction_tables,db/technology_effects_junction_tables/data__.tsv,1398,wh3_dlc23_tech_chd_industry_24|wh3_dlc23_effect_chd_convoy_trade_tariff_scripted,,,,,,,,,,,,,,,,,,,,,,,,,,,,,,,,,,,,,,,,,,,,,,,,,,,,,,,,,,,,,,,,,,,,,,,,,,,,income.png,2,income.png,campaign,true
tab_membership,warhammer_3,8.1.1,24237342,Chaos Dwarfs,chaos_dwarfs,wh3_dlc23_chd_zhatan,The Warhost of Zharr,wh3_dlc23_chd_chaos_dwarfs,wh3_dlc23_sc_chd_chaos_dwarfs,LOCKED_STANDARD,chd_mil@unspecified_campaign,generic_candidate,Conjunction of nonblank source faction/culture/subculture selectors; campaign condition preserved. Engine precedence is not decoded.,,chd_mil,,wh3_dlc23_chd_chaos_dwarfs,,,wh3_dlc23_tech_chd_industry_24,,,wh3_dlc23_tech_chd_industry_24,Unilateral Agreements,All I see here is a signature and someone who hasn’t read the fine print.,,,,,,,Military Technologies,Chaos Dwarf Military Technology Tree,,,,,,,,,,,,technology_ui_tabs_to_technology_nodes_junctions_tables,db/technology_ui_tabs_to_technology_nodes_junctions_tables/data__.tsv,19,wh3_dlc23_tech_chd_industry_24|chd_industry,,,,,,,,,,,,,,,,,,,,,,,,,,,,,,,,,,,,,,,,,,,,,,,,,,,,,,,,,,,,,,,,,,,,,chd_industry,,,,,,,,,,,
node,warhammer_3,8.1.1,24237342,Chaos Dwarfs,chaos_dwarfs,wh3_dlc23_chd_zhatan,The Warhost of Zharr,wh3_dlc23_chd_chaos_dwarfs,wh3_dlc23_sc_chd_chaos_dwarfs,LOCKED_STANDARD,chd_mil@unspecified_campaign,generic_candidate,Conjunction of nonblank source faction/culture/subculture selectors; campaign condition preserved. Engine precedence is not decoded.,,chd_mil,,wh3_dlc23_chd_chaos_dwarfs,,,wh3_dlc23_tech_chd_industry_21,,,wh3_dlc23_tech_chd_industry_21,Arms Monopoly,The secret to controlling the arms trade is to produce more and trade further afield than any of your rivals can.,,,,,,,Military Technologies,Chaos Dwarf Military Technology Tree,,,,,,,,,,,structural_node,technology_nodes_tables,db/technology_nodes_tables/data__.tsv,809,wh3_dlc23_tech_chd_industry_21,,,,,,,,1,24,100,0,0,,wh3_dlc23_tech_chd_industry_high,0,0,40,,,,,,,,,,,,,,,,,,,,,,,,,,,,,,,,,,,,,,,,,,,,,,,,,,,,,,,,,,,,,,,
technology,warhammer_3,8.1.1,24237342,Chaos Dwarfs,chaos_dwarfs,wh3_dlc23_chd_zhatan,The Warhost of Zharr,wh3_dlc23_chd_chaos_dwarfs,wh3_dlc23_sc_chd_chaos_dwarfs,LOCKED_STANDARD,chd_mil@unspecified_campaign,generic_candidate,Conjunction of nonblank source faction/culture/subculture selectors; campaign condition preserved. Engine precedence is not decoded.,,chd_mil,,wh3_dlc23_chd_chaos_dwarfs,,,wh3_dlc23_tech_chd_industry_21,,,wh3_dlc23_tech_chd_industry_21,Arms Monopoly,The secret to controlling the arms trade is to produce more and trade further afield than any of your rivals can.,,,,,,,Military Technologies,Chaos Dwarf Military Technology Tree,,,,,,,,,,,,technologies_tables,db/technologies_tables/data__.tsv,677,wh3_dlc23_tech_chd_industry_21,,,,,,,,,,,,,,,,,,wh_main_chs_port_ruin,1,wh3_dlc23_tech_chd_industry_21,false,false,placeholder.tga,668323566,false,false,true,false,,,,,,,,,,,,,,,,,,,,,,,,,,,,,,,,,,,,,,,,,,,,,,,,,,,,
effect,warhammer_3,8.1.1,24237342,Chaos Dwarfs,chaos_dwarfs,wh3_dlc23_chd_zhatan,The Warhost of Zharr,wh3_dlc23_chd_chaos_dwarfs,wh3_dlc23_sc_chd_chaos_dwarfs,LOCKED_STANDARD,chd_mil@unspecified_campaign,generic_candidate,Conjunction of nonblank source faction/culture/subculture selectors; campaign condition preserved. Engine precedence is not decoded.,,chd_mil,,wh3_dlc23_chd_chaos_dwarfs,,,wh3_dlc23_tech_chd_industry_21,,,wh3_dlc23_tech_chd_industry_21,Arms Monopoly,The secret to controlling the arms trade is to produce more and trade further afield than any of your rivals can.,,wh3_main_effect_caravan_cargo_capacity,faction_to_character_own_unseen,15.0000,Maximum {{tr:wh3_campaign_notification_caravan}} cargo capacity: %+n%,,Military Technologies,Chaos Dwarf Military Technology Tree,,,,,,,,,,,,technology_effects_junction_tables,db/technology_effects_junction_tables/data__.tsv,1391,wh3_dlc23_tech_chd_industry_21|wh3_main_effect_caravan_cargo_capacity,,,,,,,,,,,,,,,,,,,,,,,,,,,,,,,,,,,,,,,,,,,,,,,,,,,,,,,,,,,,,,,,,,,,,,,,,,,,cargo.png,2,cargo.png,campaign,true
effect,warhammer_3,8.1.1,24237342,Chaos Dwarfs,chaos_dwarfs,wh3_dlc23_chd_zhatan,The Warhost of Zharr,wh3_dlc23_chd_chaos_dwarfs,wh3_dlc23_sc_chd_chaos_dwarfs,LOCKED_STANDARD,chd_mil@unspecified_campaign,generic_candidate,Conjunction of nonblank source faction/culture/subculture selectors; campaign condition preserved. Engine precedence is not decoded.,,chd_mil,,wh3_dlc23_chd_chaos_dwarfs,,,wh3_dlc23_tech_chd_industry_21,,,wh3_dlc23_tech_chd_industry_21,Arms Monopoly,The secret to controlling the arms trade is to produce more and trade further afield than any of your rivals can.,,wh3_main_effect_caravan_cargo_value,faction_to_region_own_unseen,15.0000,Sale value of cargo: %+n%,,Military Technologies,Chaos Dwarf Military Technology Tree,,,,,,,,,,,,technology_effects_junction_tables,db/technology_effects_junction_tables/data__.tsv,1392,wh3_dlc23_tech_chd_industry_21|wh3_main_effect_caravan_cargo_value,,,,,,,,,,,,,,,,,,,,,,,,,,,,,,,,,,,,,,,,,,,,,,,,,,,,,,,,,,,,,,,,,,,,,,,,,,,,cargo.png,1,cargo.png,campaign,true
resource_cost,warhammer_3,8.1.1,24237342,Chaos Dwarfs,chaos_dwarfs,wh3_dlc23_chd_zhatan,The Warhost of Zharr,wh3_dlc23_chd_chaos_dwarfs,wh3_dlc23_sc_chd_chaos_dwarfs,LOCKED_STANDARD,chd_mil@unspecified_campaign,generic_candidate,Conjunction of nonblank source faction/culture/subculture selectors; campaign condition preserved. Engine precedence is not decoded.,,chd_mil,,wh3_dlc23_chd_chaos_dwarfs,,,wh3_dlc23_tech_chd_industry_21,,,wh3_dlc23_tech_chd_industry_21,Arms Monopoly,The secret to controlling the arms trade is to produce more and trade further afield than any of your rivals can.,,,,,,,Military Technologies,Chaos Dwarf Military Technology Tree,,,,,,,,,,,,resource_costs_tables,db/resource_costs_tables/data__.tsv,958,wh3_dlc23_tech_chd_industry_high,,,,,,,,,,,,,,wh3_dlc23_tech_chd_industry_high,,,,,,,,,,,,,,,,,,,,,,,,,,,,,,,,,,0,TECHNOLOGIES,TECHNOLOGIES,ARMY_UPKEEP,BACKGROUND_INCOME,,,,,,,,,,,,,,,,,,,,,,,,,,,,
pooled_resource_cost,warhammer_3,8.1.1,24237342,Chaos Dwarfs,chaos_dwarfs,wh3_dlc23_chd_zhatan,The Warhost of Zharr,wh3_dlc23_chd_chaos_dwarfs,wh3_dlc23_sc_chd_chaos_dwarfs,LOCKED_STANDARD,chd_mil@unspecified_campaign,generic_candidate,Conjunction of nonblank source faction/culture/subculture selectors; campaign condition preserved. Engine precedence is not decoded.,,chd_mil,,wh3_dlc23_chd_chaos_dwarfs,,,wh3_dlc23_tech_chd_industry_21,,,wh3_dlc23_tech_chd_industry_21,Arms Monopoly,The secret to controlling the arms trade is to produce more and trade further afield than any of your rivals can.,,,,,,,Military Technologies,Chaos Dwarf Military Technology Tree,,,,,,,,,,,,resource_cost_pooled_resource_junctions_tables,db/resource_cost_pooled_resource_junctions_tables/data__.tsv,1056,wh3_dlc23_chd_raw_materials_technology|wh3_dlc23_tech_chd_industry_high,,,,,,,,,,,,,,wh3_dlc23_tech_chd_industry_high,,,,,,,,,,,,,,,,,,,,,,,,,,,,,,,,,,,,,,,wh3_dlc23_chd_raw_materials_technology,-2000,absolute,default,,,,,,,,,,,,,,,,,,,,,,,,
resource_factor,warhammer_3,8.1.1,24237342,Chaos Dwarfs,chaos_dwarfs,wh3_dlc23_chd_zhatan,The Warhost of Zharr,wh3_dlc23_chd_chaos_dwarfs,wh3_dlc23_sc_chd_chaos_dwarfs,LOCKED_STANDARD,chd_mil@unspecified_campaign,generic_candidate,Conjunction of nonblank source faction/culture/subculture selectors; campaign condition preserved. Engine precedence is not decoded.,,chd_mil,,wh3_dlc23_chd_chaos_dwarfs,,,wh3_dlc23_tech_chd_industry_21,,,wh3_dlc23_tech_chd_industry_21,Arms Monopoly,The secret to controlling the arms trade is to produce more and trade further afield than any of your rivals can.,,,,,,,Military Technologies,Chaos Dwarf Military Technology Tree,,,,,,,,,,,,pooled_resource_factor_junctions_tables,db/pooled_resource_factor_junctions_tables/data__.tsv,558,wh3_dlc23_chd_raw_materials_technology,,,,,,,,,,,,,,wh3_dlc23_tech_chd_industry_high,,,,,,,,,,,,,,,,,,,,,,,,,,,,,,,,,,,,,,,,,,,wh3_dlc23_chd_raw_materials_technology,technology,wh3_dlc23_chd_raw_materials,-2147483647,0,,,,,,,,,,,,,,,,,,,
tab_membership,warhammer_3,8.1.1,24237342,Chaos Dwarfs,chaos_dwarfs,wh3_dlc23_chd_zhatan,The Warhost of Zharr,wh3_dlc23_chd_chaos_dwarfs,wh3_dlc23_sc_chd_chaos_dwarfs,LOCKED_STANDARD,chd_mil@unspecified_campaign,generic_candidate,Conjunction of nonblank source faction/culture/subculture selectors; campaign condition preserved. Engine precedence is not decoded.,,chd_mil,,wh3_dlc23_chd_chaos_dwarfs,,,wh3_dlc23_tech_chd_industry_21,,,wh3_dlc23_tech_chd_industry_21,Arms Monopoly,The secret to controlling the arms trade is to produce more and trade further afield than any of your rivals can.,,,,,,,Military Technologies,Chaos Dwarf Military Technology Tree,,,,,,,,,,,,technology_ui_tabs_to_technology_nodes_junctions_tables,db/technology_ui_tabs_to_technology_nodes_junctions_tables/data__.tsv,16,wh3_dlc23_tech_chd_industry_21|chd_industry,,,,,,,,,,,,,,,,,,,,,,,,,,,,,,,,,,,,,,,,,,,,,,,,,,,,,,,,,,,,,,,,,,,,,chd_industry,,,,,,,,,,,
node,warhammer_3,8.1.1,24237342,Chaos Dwarfs,chaos_dwarfs,wh3_dlc23_chd_zhatan,The Warhost of Zharr,wh3_dlc23_chd_chaos_dwarfs,wh3_dlc23_sc_chd_chaos_dwarfs,LOCKED_STANDARD,chd_mil@unspecified_campaign,generic_candidate,Conjunction of nonblank source faction/culture/subculture selectors; campaign condition preserved. Engine precedence is not decoded.,,chd_mil,,wh3_dlc23_chd_chaos_dwarfs,,,wh3_dlc23_tech_chd_industry_18,,,wh3_dlc23_tech_chd_industry_18,Resource Extractors,"The Chaos Dwarfs have become masters of trade and industry, as well as war, because they know which way total victory lies.",,,,,,,Military Technologies,Chaos Dwarf Military Technology Tree,,,,,,,,,,,structural_node,technology_nodes_tables,db/technology_nodes_tables/data__.tsv,805,wh3_dlc23_tech_chd_industry_18,,,,,,,,2,24,400,0,0,,,0,0,80,,,,,,,,,,,,,,,,,,,,,,,,,,,,,,,,,,,,,,,,,,,,,,,,,,,,,,,,,,,,,,,
technology,warhammer_3,8.1.1,24237342,Chaos Dwarfs,chaos_dwarfs,wh3_dlc23_chd_zhatan,The Warhost of Zharr,wh3_dlc23_chd_chaos_dwarfs,wh3_dlc23_sc_chd_chaos_dwarfs,LOCKED_STANDARD,chd_mil@unspecified_campaign,generic_candidate,Conjunction of nonblank source faction/culture/subculture selectors; campaign condition preserved. Engine precedence is not decoded.,,chd_mil,,wh3_dlc23_chd_chaos_dwarfs,,,wh3_dlc23_tech_chd_industry_18,,,wh3_dlc23_tech_chd_industry_18,Resource Extractors,"The Chaos Dwarfs have become masters of trade and industry, as well as war, because they know which way total victory lies.",,,,,,,Military Technologies,Chaos Dwarf Military Technology Tree,,,,,,,,,,,,technologies_tables,db/technologies_tables/data__.tsv,673,wh3_dlc23_tech_chd_industry_18,,,,,,,,,,,,,,,,,,wh_main_chs_port_ruin,1,wh3_dlc23_tech_chd_industry_18,false,false,placeholder.tga,1064279730,false,false,true,false,,,,,,,,,,,,,,,,,,,,,,,,,,,,,,,,,,,,,,,,,,,,,,,,,,,,
effect,warhammer_3,8.1.1,24237342,Chaos Dwarfs,chaos_dwarfs,wh3_dlc23_chd_zhatan,The Warhost of Zharr,wh3_dlc23_chd_chaos_dwarfs,wh3_dlc23_sc_chd_chaos_dwarfs,LOCKED_STANDARD,chd_mil@unspecified_campaign,generic_candidate,Conjunction of nonblank source faction/culture/subculture selectors; campaign condition preserved. Engine precedence is not decoded.,,chd_mil,,wh3_dlc23_chd_chaos_dwarfs,,,wh3_dlc23_tech_chd_industry_18,,,wh3_dlc23_tech_chd_industry_18,Resource Extractors,"The Chaos Dwarfs have become masters of trade and industry, as well as war, because they know which way total victory lies.",,wh3_dlc23_effect_technology_gdp_mining_manufacture_mod_chd_resource_gold_gem_context_dummy,faction_to_faction_own_unseen,20.0000,Income from Gem and Gold Mines: %+n%,,Military Technologies,Chaos Dwarf Military Technology Tree,,,,,,,,,,,,technology_effects_junction_tables,db/technology_effects_junction_tables/data__.tsv,1384,wh3_dlc23_tech_chd_industry_18|wh3_dlc23_effect_technology_gdp_mining_manufacture_mod_chd_resource_gold_gem_context_dummy,,,,,,,,,,,,,,,,,,,,,,,,,,,,,,,,,,,,,,,,,,,,,,,,,,,,,,,,,,,,,,,,,,,,,,,,,,,,income.png,170,income.png,campaign,true
tab_membership,warhammer_3,8.1.1,24237342,Chaos Dwarfs,chaos_dwarfs,wh3_dlc23_chd_zhatan,The Warhost of Zharr,wh3_dlc23_chd_chaos_dwarfs,wh3_dlc23_sc_chd_chaos_dwarfs,LOCKED_STANDARD,chd_mil@unspecified_campaign,generic_candidate,Conjunction of nonblank source faction/culture/subculture selectors; campaign condition preserved. Engine precedence is not decoded.,,chd_mil,,wh3_dlc23_chd_chaos_dwarfs,,,wh3_dlc23_tech_chd_industry_18,,,wh3_dlc23_tech_chd_industry_18,Resource Extractors,"The Chaos Dwarfs have become masters of trade and industry, as well as war, because they know which way total victory lies.",,,,,,,Military Technologies,Chaos Dwarf Military Technology Tree,,,,,,,,,,,,technology_ui_tabs_to_technology_nodes_junctions_tables,db/technology_ui_tabs_to_technology_nodes_junctions_tables/data__.tsv,12,wh3_dlc23_tech_chd_industry_18|chd_industry,,,,,,,,,,,,,,,,,,,,,,,,,,,,,,,,,,,,,,,,,,,,,,,,,,,,,,,,,,,,,,,,,,,,,chd_industry,,,,,,,,,,,
node,warhammer_3,8.1.1,24237342,Chaos Dwarfs,chaos_dwarfs,wh3_dlc23_chd_zhatan,The Warhost of Zharr,wh3_dlc23_chd_chaos_dwarfs,wh3_dlc23_sc_chd_chaos_dwarfs,LOCKED_STANDARD,chd_mil@unspecified_campaign,generic_candidate,Conjunction of nonblank source faction/culture/subculture selectors; campaign condition preserved. Engine precedence is not decoded.,,chd_mil,,wh3_dlc23_chd_chaos_dwarfs,,,wh3_dlc23_tech_chd_industry_16,,,wh3_dlc23_tech_chd_industry_16,Industrial Security,"Scheduled patrols of mines and factories give guards the lie of the land, ensuring more efficient protection of lucrative holdings.",,,,,,,Military Technologies,Chaos Dwarf Military Technology Tree,,,,,,,,,,,structural_node,technology_nodes_tables,db/technology_nodes_tables/data__.tsv,803,wh3_dlc23_tech_chd_industry_16,,,,,,,,3,24,100,0,0,,wh3_dlc23_tech_chd_industry_medium,0,0,120,,,,,,,,,,,,,,,,,,,,,,,,,,,,,,,,,,,,,,,,,,,,,,,,,,,,,,,,,,,,,,,
technology,warhammer_3,8.1.1,24237342,Chaos Dwarfs,chaos_dwarfs,wh3_dlc23_chd_zhatan,The Warhost of Zharr,wh3_dlc23_chd_chaos_dwarfs,wh3_dlc23_sc_chd_chaos_dwarfs,LOCKED_STANDARD,chd_mil@unspecified_campaign,generic_candidate,Conjunction of nonblank source faction/culture/subculture selectors; campaign condition preserved. Engine precedence is not decoded.,,chd_mil,,wh3_dlc23_chd_chaos_dwarfs,,,wh3_dlc23_tech_chd_industry_16,,,wh3_dlc23_tech_chd_industry_16,Industrial Security,"Scheduled patrols of mines and factories give guards the lie of the land, ensuring more efficient protection of lucrative holdings.",,,,,,,Military Technologies,Chaos Dwarf Military Technology Tree,,,,,,,,,,,,technologies_tables,db/technologies_tables/data__.tsv,671,wh3_dlc23_tech_chd_industry_16,,,,,,,,,,,,,,,,,,wh_main_chs_port_ruin,1,wh3_dlc23_tech_chd_industry_16,false,false,placeholder.tga,1016145417,false,false,true,false,,,,,,,,,,,,,,,,,,,,,,,,,,,,,,,,,,,,,,,,,,,,,,,,,,,,
effect,warhammer_3,8.1.1,24237342,Chaos Dwarfs,chaos_dwarfs,wh3_dlc23_chd_zhatan,The Warhost of Zharr,wh3_dlc23_chd_chaos_dwarfs,wh3_dlc23_sc_chd_chaos_dwarfs,LOCKED_STANDARD,chd_mil@unspecified_campaign,generic_candidate,Conjunction of nonblank source faction/culture/subculture selectors; campaign condition preserved. Engine precedence is not decoded.,,chd_mil,,wh3_dlc23_chd_chaos_dwarfs,,,wh3_dlc23_tech_chd_industry_16,,,wh3_dlc23_tech_chd_industry_16,Industrial Security,"Scheduled patrols of mines and factories give guards the lie of the land, ensuring more efficient protection of lucrative holdings.",,wh3_dlc23_effect_patrols_building_campaign_movement_context_dummy,faction_to_faction_own_unseen,10.0000,Campaign movement range from Tower Patrols buildings: %+n%,,Military Technologies,Chaos Dwarf Military Technology Tree,,,,,,,,,,,,technology_effects_junction_tables,db/technology_effects_junction_tables/data__.tsv,1381,wh3_dlc23_tech_chd_industry_16|wh3_dlc23_effect_patrols_building_campaign_movement_context_dummy,,,,,,,,,,,,,,,,,,,,,,,,,,,,,,,,,,,,,,,,,,,,,,,,,,,,,,,,,,,,,,,,,,,,,,,,,,,,campaign_movement.png,13,campaign_movement.png,campaign,true
effect,warhammer_3,8.1.1,24237342,Chaos Dwarfs,chaos_dwarfs,wh3_dlc23_chd_zhatan,The Warhost of Zharr,wh3_dlc23_chd_chaos_dwarfs,wh3_dlc23_sc_chd_chaos_dwarfs,LOCKED_STANDARD,chd_mil@unspecified_campaign,generic_candidate,Conjunction of nonblank source faction/culture/subculture selectors; campaign condition preserved. Engine precedence is not decoded.,,chd_mil,,wh3_dlc23_chd_chaos_dwarfs,,,wh3_dlc23_tech_chd_industry_16,,,wh3_dlc23_tech_chd_industry_16,Industrial Security,"Scheduled patrols of mines and factories give guards the lie of the land, ensuring more efficient protection of lucrative holdings.",,wh3_dlc23_effect_patrols_building_upkeep_context_dummy,faction_to_faction_own_unseen,-5.0000,Upkeep from Tower Patrols buildings : %+n%,,Military Technologies,Chaos Dwarf Military Technology Tree,,,,,,,,,,,,technology_effects_junction_tables,db/technology_effects_junction_tables/data__.tsv,1382,wh3_dlc23_tech_chd_industry_16|wh3_dlc23_effect_patrols_building_upkeep_context_dummy,,,,,,,,,,,,,,,,,,,,,,,,,,,,,,,,,,,,,,,,,,,,,,,,,,,,,,,,,,,,,,,,,,,,,,,,,,,,military_spending.png,105,military_spending.png,campaign,false
resource_cost,warhammer_3,8.1.1,24237342,Chaos Dwarfs,chaos_dwarfs,wh3_dlc23_chd_zhatan,The Warhost of Zharr,wh3_dlc23_chd_chaos_dwarfs,wh3_dlc23_sc_chd_chaos_dwarfs,LOCKED_STANDARD,chd_mil@unspecified_campaign,generic_candidate,Conjunction of nonblank source faction/culture/subculture selectors; campaign condition preserved. Engine precedence is not decoded.,,chd_mil,,wh3_dlc23_chd_chaos_dwarfs,,,wh3_dlc23_tech_chd_industry_16,,,wh3_dlc23_tech_chd_industry_16,Industrial Security,"Scheduled patrols of mines and factories give guards the lie of the land, ensuring more efficient protection of lucrative holdings.",,,,,,,Military Technologies,Chaos Dwarf Military Technology Tree,,,,,,,,,,,,resource_costs_tables,db/resource_costs_tables/data__.tsv,960,wh3_dlc23_tech_chd_industry_medium,,,,,,,,,,,,,,wh3_dlc23_tech_chd_industry_medium,,,,,,,,,,,,,,,,,,,,,,,,,,,,,,,,,,0,TECHNOLOGIES,TECHNOLOGIES,ARMY_UPKEEP,BACKGROUND_INCOME,,,,,,,,,,,,,,,,,,,,,,,,,,,,
pooled_resource_cost,warhammer_3,8.1.1,24237342,Chaos Dwarfs,chaos_dwarfs,wh3_dlc23_chd_zhatan,The Warhost of Zharr,wh3_dlc23_chd_chaos_dwarfs,wh3_dlc23_sc_chd_chaos_dwarfs,LOCKED_STANDARD,chd_mil@unspecified_campaign,generic_candidate,Conjunction of nonblank source faction/culture/subculture selectors; campaign condition preserved. Engine precedence is not decoded.,,chd_mil,,wh3_dlc23_chd_chaos_dwarfs,,,wh3_dlc23_tech_chd_industry_16,,,wh3_dlc23_tech_chd_industry_16,Industrial Security,"Scheduled patrols of mines and factories give guards the lie of the land, ensuring more efficient protection of lucrative holdings.",,,,,,,Military Technologies,Chaos Dwarf Military Technology Tree,,,,,,,,,,,,resource_cost_pooled_resource_junctions_tables,db/resource_cost_pooled_resource_junctions_tables/data__.tsv,1058,wh3_dlc23_chd_raw_materials_technology|wh3_dlc23_tech_chd_industry_medium,,,,,,,,,,,,,,wh3_dlc23_tech_chd_industry_medium,,,,,,,,,,,,,,,,,,,,,,,,,,,,,,,,,,,,,,,wh3_dlc23_chd_raw_materials_technology,-1500,absolute,default,,,,,,,,,,,,,,,,,,,,,,,,
resource_factor,warhammer_3,8.1.1,24237342,Chaos Dwarfs,chaos_dwarfs,wh3_dlc23_chd_zhatan,The Warhost of Zharr,wh3_dlc23_chd_chaos_dwarfs,wh3_dlc23_sc_chd_chaos_dwarfs,LOCKED_STANDARD,chd_mil@unspecified_campaign,generic_candidate,Conjunction of nonblank source faction/culture/subculture selectors; campaign condition preserved. Engine precedence is not decoded.,,chd_mil,,wh3_dlc23_chd_chaos_dwarfs,,,wh3_dlc23_tech_chd_industry_16,,,wh3_dlc23_tech_chd_industry_16,Industrial Security,"Scheduled patrols of mines and factories give guards the lie of the land, ensuring more efficient protection of lucrative holdings.",,,,,,,Military Technologies,Chaos Dwarf Military Technology Tree,,,,,,,,,,,,pooled_resource_factor_junctions_tables,db/pooled_resource_factor_junctions_tables/data__.tsv,558,wh3_dlc23_chd_raw_materials_technology,,,,,,,,,,,,,,wh3_dlc23_tech_chd_industry_medium,,,,,,,,,,,,,,,,,,,,,,,,,,,,,,,,,,,,,,,,,,,wh3_dlc23_chd_raw_materials_technology,technology,wh3_dlc23_chd_raw_materials,-2147483647,0,,,,,,,,,,,,,,,,,,,
tab_membership,warhammer_3,8.1.1,24237342,Chaos Dwarfs,chaos_dwarfs,wh3_dlc23_chd_zhatan,The Warhost of Zharr,wh3_dlc23_chd_chaos_dwarfs,wh3_dlc23_sc_chd_chaos_dwarfs,LOCKED_STANDARD,chd_mil@unspecified_campaign,generic_candidate,Conjunction of nonblank source faction/culture/subculture selectors; campaign condition preserved. Engine precedence is not decoded.,,chd_mil,,wh3_dlc23_chd_chaos_dwarfs,,,wh3_dlc23_tech_chd_industry_16,,,wh3_dlc23_tech_chd_industry_16,Industrial Security,"Scheduled patrols of mines and factories give guards the lie of the land, ensuring more efficient protection of lucrative holdings.",,,,,,,Military Technologies,Chaos Dwarf Military Technology Tree,,,,,,,,,,,,technology_ui_tabs_to_technology_nodes_junctions_tables,db/technology_ui_tabs_to_technology_nodes_junctions_tables/data__.tsv,10,wh3_dlc23_tech_chd_industry_16|chd_industry,,,,,,,,,,,,,,,,,,,,,,,,,,,,,,,,,,,,,,,,,,,,,,,,,,,,,,,,,,,,,,,,,,,,,chd_industry,,,,,,,,,,,
node,warhammer_3,8.1.1,24237342,Chaos Dwarfs,chaos_dwarfs,wh3_dlc23_chd_zhatan,The Warhost of Zharr,wh3_dlc23_chd_chaos_dwarfs,wh3_dlc23_sc_chd_chaos_dwarfs,LOCKED_STANDARD,chd_mil@unspecified_campaign,generic_candidate,Conjunction of nonblank source faction/culture/subculture selectors; campaign condition preserved. Engine precedence is not decoded.,,chd_mil,,wh3_dlc23_chd_chaos_dwarfs,,,wh3_dlc23_tech_chd_industry_12,,,wh3_dlc23_tech_chd_industry_12,Overseer Organisation,"Left unsupervised, Labourers cannot be trusted.",,,,,,,Military Technologies,Chaos Dwarf Military Technology Tree,,,,,,,,,,,structural_node,technology_nodes_tables,db/technology_nodes_tables/data__.tsv,799,wh3_dlc23_tech_chd_industry_12,,,,,,,,5,24,300,0,0,,,0,0,80,,,,,,,,,,,,,,,,,,,,,,,,,,,,,,,,,,,,,,,,,,,,,,,,,,,,,,,,,,,,,,,
technology,warhammer_3,8.1.1,24237342,Chaos Dwarfs,chaos_dwarfs,wh3_dlc23_chd_zhatan,The Warhost of Zharr,wh3_dlc23_chd_chaos_dwarfs,wh3_dlc23_sc_chd_chaos_dwarfs,LOCKED_STANDARD,chd_mil@unspecified_campaign,generic_candidate,Conjunction of nonblank source faction/culture/subculture selectors; campaign condition preserved. Engine precedence is not decoded.,,chd_mil,,wh3_dlc23_chd_chaos_dwarfs,,,wh3_dlc23_tech_chd_industry_12,,,wh3_dlc23_tech_chd_industry_12,Overseer Organisation,"Left unsupervised, Labourers cannot be trusted.",,,,,,,Military Technologies,Chaos Dwarf Military Technology Tree,,,,,,,,,,,,technologies_tables,db/technologies_tables/data__.tsv,667,wh3_dlc23_tech_chd_industry_12,,,,,,,,,,,,,,,,,,wh_main_chs_port_ruin,1,wh3_dlc23_tech_chd_industry_12,false,false,placeholder.tga,2010934757,false,false,true,false,,,,,,,,,,,,,,,,,,,,,,,,,,,,,,,,,,,,,,,,,,,,,,,,,,,,
effect,warhammer_3,8.1.1,24237342,Chaos Dwarfs,chaos_dwarfs,wh3_dlc23_chd_zhatan,The Warhost of Zharr,wh3_dlc23_chd_chaos_dwarfs,wh3_dlc23_sc_chd_chaos_dwarfs,LOCKED_STANDARD,chd_mil@unspecified_campaign,generic_candidate,Conjunction of nonblank source faction/culture/subculture selectors; campaign condition preserved. Engine precedence is not decoded.,,chd_mil,,wh3_dlc23_chd_chaos_dwarfs,,,wh3_dlc23_tech_chd_industry_12,,,wh3_dlc23_tech_chd_industry_12,Overseer Organisation,"Left unsupervised, Labourers cannot be trusted.",,wh3_main_effect_caravan_cargo_capacity,faction_to_character_own_unseen,15.0000,Maximum {{tr:wh3_campaign_notification_caravan}} cargo capacity: %+n%,,Military Technologies,Chaos Dwarf Military Technology Tree,,,,,,,,,,,,technology_effects_junction_tables,db/technology_effects_junction_tables/data__.tsv,1374,wh3_dlc23_tech_chd_industry_12|wh3_main_effect_caravan_cargo_capacity,,,,,,,,,,,,,,,,,,,,,,,,,,,,,,,,,,,,,,,,,,,,,,,,,,,,,,,,,,,,,,,,,,,,,,,,,,,,cargo.png,2,cargo.png,campaign,true
tab_membership,warhammer_3,8.1.1,24237342,Chaos Dwarfs,chaos_dwarfs,wh3_dlc23_chd_zhatan,The Warhost of Zharr,wh3_dlc23_chd_chaos_dwarfs,wh3_dlc23_sc_chd_chaos_dwarfs,LOCKED_STANDARD,chd_mil@unspecified_campaign,generic_candidate,Conjunction of nonblank source faction/culture/subculture selectors; campaign condition preserved. Engine precedence is not decoded.,,chd_mil,,wh3_dlc23_chd_chaos_dwarfs,,,wh3_dlc23_tech_chd_industry_12,,,wh3_dlc23_tech_chd_industry_12,Overseer Organisation,"Left unsupervised, Labourers cannot be trusted.",,,,,,,Military Technologies,Chaos Dwarf Military Technology Tree,,,,,,,,,,,,technology_ui_tabs_to_technology_nodes_junctions_tables,db/technology_ui_tabs_to_technology_nodes_junctions_tables/data__.tsv,6,wh3_dlc23_tech_chd_industry_12|chd_industry,,,,,,,,,,,,,,,,,,,,,,,,,,,,,,,,,,,,,,,,,,,,,,,,,,,,,,,,,,,,,,,,,,,,,chd_industry,,,,,,,,,,,
node,warhammer_3,8.1.1,24237342,Chaos Dwarfs,chaos_dwarfs,wh3_dlc23_chd_zhatan,The Warhost of Zharr,wh3_dlc23_chd_chaos_dwarfs,wh3_dlc23_sc_chd_chaos_dwarfs,LOCKED_STANDARD,chd_mil@unspecified_campaign,generic_candidate,Conjunction of nonblank source faction/culture/subculture selectors; campaign condition preserved. Engine precedence is not decoded.,,chd_mil,,wh3_dlc23_chd_chaos_dwarfs,,,wh3_dlc23_tech_chd_industry_8,,,wh3_dlc23_tech_chd_industry_8,Veteran Convoy Master,"Trucking across the world on a Convoy is a life suited only to the hardiest Dawi, and the more experienced they are, the better. ",,,,,,,Military Technologies,Chaos Dwarf Military Technology Tree,,,,,,,,,,,structural_node,technology_nodes_tables,db/technology_nodes_tables/data__.tsv,818,wh3_dlc23_tech_chd_industry_8,,,,,,,,7,24,300,0,0,,,0,0,40,,,,,,,,,,,,,,,,,,,,,,,,,,,,,,,,,,,,,,,,,,,,,,,,,,,,,,,,,,,,,,,
technology,warhammer_3,8.1.1,24237342,Chaos Dwarfs,chaos_dwarfs,wh3_dlc23_chd_zhatan,The Warhost of Zharr,wh3_dlc23_chd_chaos_dwarfs,wh3_dlc23_sc_chd_chaos_dwarfs,LOCKED_STANDARD,chd_mil@unspecified_campaign,generic_candidate,Conjunction of nonblank source faction/culture/subculture selectors; campaign condition preserved. Engine precedence is not decoded.,,chd_mil,,wh3_dlc23_chd_chaos_dwarfs,,,wh3_dlc23_tech_chd_industry_8,,,wh3_dlc23_tech_chd_industry_8,Veteran Convoy Master,"Trucking across the world on a Convoy is a life suited only to the hardiest Dawi, and the more experienced they are, the better. ",,,,,,,Military Technologies,Chaos Dwarf Military Technology Tree,,,,,,,,,,,,technologies_tables,db/technologies_tables/data__.tsv,686,wh3_dlc23_tech_chd_industry_8,,,,,,,,,,,,,,,,,,wh_main_chs_port_ruin,1,wh3_dlc23_tech_chd_industry_8,false,false,placeholder.tga,1938033112,false,false,true,false,,,,,,,,,,,,,,,,,,,,,,,,,,,,,,,,,,,,,,,,,,,,,,,,,,,,
effect,warhammer_3,8.1.1,24237342,Chaos Dwarfs,chaos_dwarfs,wh3_dlc23_chd_zhatan,The Warhost of Zharr,wh3_dlc23_chd_chaos_dwarfs,wh3_dlc23_sc_chd_chaos_dwarfs,LOCKED_STANDARD,chd_mil@unspecified_campaign,generic_candidate,Conjunction of nonblank source faction/culture/subculture selectors; campaign condition preserved. Engine precedence is not decoded.,,chd_mil,,wh3_dlc23_chd_chaos_dwarfs,,,wh3_dlc23_tech_chd_industry_8,,,wh3_dlc23_tech_chd_industry_8,Veteran Convoy Master,"Trucking across the world on a Convoy is a life suited only to the hardiest Dawi, and the more experienced they are, the better. ",,wh3_dlc23_effect_force_army_campaign_experience_chd_convoy_overseer_per_turn,faction_to_character_own_unseen,100.0000,Experience per turn: %+n for Convoy Overseers,,Military Technologies,Chaos Dwarf Military Technology Tree,,,,,,,,,,,,technology_effects_junction_tables,db/technology_effects_junction_tables/data__.tsv,1410,wh3_dlc23_tech_chd_industry_8|wh3_dlc23_effect_force_army_campaign_experience_chd_convoy_overseer_per_turn,,,,,,,,,,,,,,,,,,,,,,,,,,,,,,,,,,,,,,,,,,,,,,,,,,,,,,,,,,,,,,,,,,,,,,,,,,,,experience.png,15,experience.png,campaign,true
effect,warhammer_3,8.1.1,24237342,Chaos Dwarfs,chaos_dwarfs,wh3_dlc23_chd_zhatan,The Warhost of Zharr,wh3_dlc23_chd_chaos_dwarfs,wh3_dlc23_sc_chd_chaos_dwarfs,LOCKED_STANDARD,chd_mil@unspecified_campaign,generic_candidate,Conjunction of nonblank source faction/culture/subculture selectors; campaign condition preserved. Engine precedence is not decoded.,,chd_mil,,wh3_dlc23_chd_chaos_dwarfs,,,wh3_dlc23_tech_chd_industry_8,,,wh3_dlc23_tech_chd_industry_8,Veteran Convoy Master,"Trucking across the world on a Convoy is a life suited only to the hardiest Dawi, and the more experienced they are, the better. ",,wh3_dlc23_faction_xp_increase_generals_chd_convoy_overseers,faction_to_faction_own,3.0000,Lord recruit rank: %+n for Convoy Overseer,,Military Technologies,Chaos Dwarf Military Technology Tree,,,,,,,,,,,,technology_effects_junction_tables,db/technology_effects_junction_tables/data__.tsv,1411,wh3_dlc23_tech_chd_industry_8|wh3_dlc23_faction_xp_increase_generals_chd_convoy_overseers,,,,,,,,,,,,,,,,,,,,,,,,,,,,,,,,,,,,,,,,,,,,,,,,,,,,,,,,,,,,,,,,,,,,,,,,,,,,army.png,51,army.png,campaign,true
tab_membership,warhammer_3,8.1.1,24237342,Chaos Dwarfs,chaos_dwarfs,wh3_dlc23_chd_zhatan,The Warhost of Zharr,wh3_dlc23_chd_chaos_dwarfs,wh3_dlc23_sc_chd_chaos_dwarfs,LOCKED_STANDARD,chd_mil@unspecified_campaign,generic_candidate,Conjunction of nonblank source faction/culture/subculture selectors; campaign condition preserved. Engine precedence is not decoded.,,chd_mil,,wh3_dlc23_chd_chaos_dwarfs,,,wh3_dlc23_tech_chd_industry_8,,,wh3_dlc23_tech_chd_industry_8,Veteran Convoy Master,"Trucking across the world on a Convoy is a life suited only to the hardiest Dawi, and the more experienced they are, the better. ",,,,,,,Military Technologies,Chaos Dwarf Military Technology Tree,,,,,,,,,,,,technology_ui_tabs_to_technology_nodes_junctions_tables,db/technology_ui_tabs_to_technology_nodes_junctions_tables/data__.tsv,25,wh3_dlc23_tech_chd_industry_8|chd_industry,,,,,,,,,,,,,,,,,,,,,,,,,,,,,,,,,,,,,,,,,,,,,,,,,,,,,,,,,,,,,,,,,,,,,chd_industry,,,,,,,,,,,
node,warhammer_3,8.1.1,24237342,Chaos Dwarfs,chaos_dwarfs,wh3_dlc23_chd_zhatan,The Warhost of Zharr,wh3_dlc23_chd_chaos_dwarfs,wh3_dlc23_sc_chd_chaos_dwarfs,LOCKED_STANDARD,chd_mil@unspecified_campaign,generic_candidate,Conjunction of nonblank source faction/culture/subculture selectors; campaign condition preserved. Engine precedence is not decoded.,,chd_mil,,wh3_dlc23_chd_chaos_dwarfs,,,wh3_dlc23_tech_chd_industry_4,,,wh3_dlc23_tech_chd_industry_4,Merchant Guilds,"When it comes to matters of trade, guilds are an ingenious device for increasing profits without individual responsibility.",,,,,,,Military Technologies,Chaos Dwarf Military Technology Tree,,,,,,,,,,,structural_node,technology_nodes_tables,db/technology_nodes_tables/data__.tsv,814,wh3_dlc23_tech_chd_industry_4,,,,,,,,9,24,200,0,0,,,0,0,0,,,,,,,,,,,,,,,,,,,,,,,,,,,,,,,,,,,,,,,,,,,,,,,,,,,,,,,,,,,,,,,
technology,warhammer_3,8.1.1,24237342,Chaos Dwarfs,chaos_dwarfs,wh3_dlc23_chd_zhatan,The Warhost of Zharr,wh3_dlc23_chd_chaos_dwarfs,wh3_dlc23_sc_chd_chaos_dwarfs,LOCKED_STANDARD,chd_mil@unspecified_campaign,generic_candidate,Conjunction of nonblank source faction/culture/subculture selectors; campaign condition preserved. Engine precedence is not decoded.,,chd_mil,,wh3_dlc23_chd_chaos_dwarfs,,,wh3_dlc23_tech_chd_industry_4,,,wh3_dlc23_tech_chd_industry_4,Merchant Guilds,"When it comes to matters of trade, guilds are an ingenious device for increasing profits without individual responsibility.",,,,,,,Military Technologies,Chaos Dwarf Military Technology Tree,,,,,,,,,,,,technologies_tables,db/technologies_tables/data__.tsv,682,wh3_dlc23_tech_chd_industry_4,,,,,,,,,,,,,,,,,,wh_main_chs_port_ruin,1,wh3_dlc23_tech_chd_industry_4,false,false,placeholder.tga,1165354904,false,false,true,false,,,,,,,,,,,,,,,,,,,,,,,,,,,,,,,,,,,,,,,,,,,,,,,,,,,,
effect,warhammer_3,8.1.1,24237342,Chaos Dwarfs,chaos_dwarfs,wh3_dlc23_chd_zhatan,The Warhost of Zharr,wh3_dlc23_chd_chaos_dwarfs,wh3_dlc23_sc_chd_chaos_dwarfs,LOCKED_STANDARD,chd_mil@unspecified_campaign,generic_candidate,Conjunction of nonblank source faction/culture/subculture selectors; campaign condition preserved. Engine precedence is not decoded.,,chd_mil,,wh3_dlc23_chd_chaos_dwarfs,,,wh3_dlc23_tech_chd_industry_4,,,wh3_dlc23_tech_chd_industry_4,Merchant Guilds,"When it comes to matters of trade, guilds are an ingenious device for increasing profits without individual responsibility.",,wh_main_effect_economy_trade_good_commodity_mod,faction_to_faction_own_unseen,10.0000,Tradable resources produced: %+n%,,Military Technologies,Chaos Dwarf Military Technology Tree,,,,,,,,,,,,technology_effects_junction_tables,db/technology_effects_junction_tables/data__.tsv,1402,wh3_dlc23_tech_chd_industry_4|wh_main_effect_economy_trade_good_commodity_mod,,,,,,,,,,,,,,,,,,,,,,,,,,,,,,,,,,,,,,,,,,,,,,,,,,,,,,,,,,,,,,,,,,,,,,,,,,,,trade_agreement.png,102,trade_agreement.png,campaign,true
effect,warhammer_3,8.1.1,24237342,Chaos Dwarfs,chaos_dwarfs,wh3_dlc23_chd_zhatan,The Warhost of Zharr,wh3_dlc23_chd_chaos_dwarfs,wh3_dlc23_sc_chd_chaos_dwarfs,LOCKED_STANDARD,chd_mil@unspecified_campaign,generic_candidate,Conjunction of nonblank source faction/culture/subculture selectors; campaign condition preserved. Engine precedence is not decoded.,,chd_mil,,wh3_dlc23_chd_chaos_dwarfs,,,wh3_dlc23_tech_chd_industry_4,,,wh3_dlc23_tech_chd_industry_4,Merchant Guilds,"When it comes to matters of trade, guilds are an ingenious device for increasing profits without individual responsibility.",,wh_main_effect_economy_trade_tariff_mod,faction_to_faction_own_unseen,10.0000,Income from trade tariffs: %+n%,,Military Technologies,Chaos Dwarf Military Technology Tree,,,,,,,,,,,,technology_effects_junction_tables,db/technology_effects_junction_tables/data__.tsv,1403,wh3_dlc23_tech_chd_industry_4|wh_main_effect_economy_trade_tariff_mod,,,,,,,,,,,,,,,,,,,,,,,,,,,,,,,,,,,,,,,,,,,,,,,,,,,,,,,,,,,,,,,,,,,,,,,,,,,,income.png,101,income.png,campaign,true
tab_membership,warhammer_3,8.1.1,24237342,Chaos Dwarfs,chaos_dwarfs,wh3_dlc23_chd_zhatan,The Warhost of Zharr,wh3_dlc23_chd_chaos_dwarfs,wh3_dlc23_sc_chd_chaos_dwarfs,LOCKED_STANDARD,chd_mil@unspecified_campaign,generic_candidate,Conjunction of nonblank source faction/culture/subculture selectors; campaign condition preserved. Engine precedence is not decoded.,,chd_mil,,wh3_dlc23_chd_chaos_dwarfs,,,wh3_dlc23_tech_chd_industry_4,,,wh3_dlc23_tech_chd_industry_4,Merchant Guilds,"When it comes to matters of trade, guilds are an ingenious device for increasing profits without individual responsibility.",,,,,,,Military Technologies,Chaos Dwarf Military Technology Tree,,,,,,,,,,,,technology_ui_tabs_to_technology_nodes_junctions_tables,db/technology_ui_tabs_to_technology_nodes_junctions_tables/data__.tsv,21,wh3_dlc23_tech_chd_industry_4|chd_industry,,,,,,,,,,,,,,,,,,,,,,,,,,,,,,,,,,,,,,,,,,,,,,,,,,,,,,,,,,,,,,,,,,,,,chd_industry,,,,,,,,,,,
node,warhammer_3,8.1.1,24237342,Chaos Dwarfs,chaos_dwarfs,wh3_dlc23_chd_zhatan,The Warhost of Zharr,wh3_dlc23_chd_chaos_dwarfs,wh3_dlc23_sc_chd_chaos_dwarfs,LOCKED_STANDARD,chd_mil@unspecified_campaign,generic_candidate,Conjunction of nonblank source faction/culture/subculture selectors; campaign condition preserved. Engine precedence is not decoded.,,chd_mil,,wh3_dlc23_chd_chaos_dwarfs,,,wh3_dlc23_tech_chd_industry_22,,,wh3_dlc23_tech_chd_industry_22,Convoy Cartographers,"Mapping the terrain ensures future Convoys avoid the pitfalls, both figurative and literal, that have hindered their predecessors' progress.",,,,,,,Military Technologies,Chaos Dwarf Military Technology Tree,,,,,,,,,,,structural_node,technology_nodes_tables,db/technology_nodes_tables/data__.tsv,810,wh3_dlc23_tech_chd_industry_22,,,,,,,,1,25,500,0,0,,,0,0,40,,,,,,,,,,,,,,,,,,,,,,,,,,,,,,,,,,,,,,,,,,,,,,,,,,,,,,,,,,,,,,,
technology,warhammer_3,8.1.1,24237342,Chaos Dwarfs,chaos_dwarfs,wh3_dlc23_chd_zhatan,The Warhost of Zharr,wh3_dlc23_chd_chaos_dwarfs,wh3_dlc23_sc_chd_chaos_dwarfs,LOCKED_STANDARD,chd_mil@unspecified_campaign,generic_candidate,Conjunction of nonblank source faction/culture/subculture selectors; campaign condition preserved. Engine precedence is not decoded.,,chd_mil,,wh3_dlc23_chd_chaos_dwarfs,,,wh3_dlc23_tech_chd_industry_22,,,wh3_dlc23_tech_chd_industry_22,Convoy Cartographers,"Mapping the terrain ensures future Convoys avoid the pitfalls, both figurative and literal, that have hindered their predecessors' progress.",,,,,,,Military Technologies,Chaos Dwarf Military Technology Tree,,,,,,,,,,,,technologies_tables,db/technologies_tables/data__.tsv,678,wh3_dlc23_tech_chd_industry_22,,,,,,,,,,,,,,,,,,wh_main_chs_port_ruin,1,wh3_dlc23_tech_chd_industry_22,false,false,placeholder.tga,986657715,false,false,true,false,,,,,,,,,,,,,,,,,,,,,,,,,,,,,,,,,,,,,,,,,,,,,,,,,,,,
effect,warhammer_3,8.1.1,24237342,Chaos Dwarfs,chaos_dwarfs,wh3_dlc23_chd_zhatan,The Warhost of Zharr,wh3_dlc23_chd_chaos_dwarfs,wh3_dlc23_sc_chd_chaos_dwarfs,LOCKED_STANDARD,chd_mil@unspecified_campaign,generic_candidate,Conjunction of nonblank source faction/culture/subculture selectors; campaign condition preserved. Engine precedence is not decoded.,,chd_mil,,wh3_dlc23_chd_chaos_dwarfs,,,wh3_dlc23_tech_chd_industry_22,,,wh3_dlc23_tech_chd_industry_22,Convoy Cartographers,"Mapping the terrain ensures future Convoys avoid the pitfalls, both figurative and literal, that have hindered their predecessors' progress.",,wh3_dlc23_effect_technology_chd_convoy_mod_active_convoys,faction_to_faction_own_unseen,1.0000,Maximum number of active Convoys: %+n,,Military Technologies,Chaos Dwarf Military Technology Tree,,,,,,,,,,,,technology_effects_junction_tables,db/technology_effects_junction_tables/data__.tsv,1393,wh3_dlc23_tech_chd_industry_22|wh3_dlc23_effect_technology_chd_convoy_mod_active_convoys,,,,,,,,,,,,,,,,,,,,,,,,,,,,,,,,,,,,,,,,,,,,,,,,,,,,,,,,,,,,,,,,,,,,,,,,,,,,army.png,2,army.png,campaign,true
effect,warhammer_3,8.1.1,24237342,Chaos Dwarfs,chaos_dwarfs,wh3_dlc23_chd_zhatan,The Warhost of Zharr,wh3_dlc23_chd_chaos_dwarfs,wh3_dlc23_sc_chd_chaos_dwarfs,LOCKED_STANDARD,chd_mil@unspecified_campaign,generic_candidate,Conjunction of nonblank source faction/culture/subculture selectors; campaign condition preserved. Engine precedence is not decoded.,,chd_mil,,wh3_dlc23_chd_chaos_dwarfs,,,wh3_dlc23_tech_chd_industry_22,,,wh3_dlc23_tech_chd_industry_22,Convoy Cartographers,"Mapping the terrain ensures future Convoys avoid the pitfalls, both figurative and literal, that have hindered their predecessors' progress.",,wh3_main_effect_caravan_scouts,faction_to_character_own_unseen,-25.0000,Chance of {{tr:wh3_campaign_notification_caravan}} intercept battle being an ambush: %+n%,,Military Technologies,Chaos Dwarf Military Technology Tree,,,,,,,,,,,,technology_effects_junction_tables,db/technology_effects_junction_tables/data__.tsv,1394,wh3_dlc23_tech_chd_industry_22|wh3_main_effect_caravan_scouts,,,,,,,,,,,,,,,,,,,,,,,,,,,,,,,,,,,,,,,,,,,,,,,,,,,,,,,,,,,,,,,,,,,,,,,,,,,,icon_effects_ambush.png,1,icon_effects_ambush.png,campaign,false
tab_membership,warhammer_3,8.1.1,24237342,Chaos Dwarfs,chaos_dwarfs,wh3_dlc23_chd_zhatan,The Warhost of Zharr,wh3_dlc23_chd_chaos_dwarfs,wh3_dlc23_sc_chd_chaos_dwarfs,LOCKED_STANDARD,chd_mil@unspecified_campaign,generic_candidate,Conjunction of nonblank source faction/culture/subculture selectors; campaign condition preserved. Engine precedence is not decoded.,,chd_mil,,wh3_dlc23_chd_chaos_dwarfs,,,wh3_dlc23_tech_chd_industry_22,,,wh3_dlc23_tech_chd_industry_22,Convoy Cartographers,"Mapping the terrain ensures future Convoys avoid the pitfalls, both figurative and literal, that have hindered their predecessors' progress.",,,,,,,Military Technologies,Chaos Dwarf Military Technology Tree,,,,,,,,,,,,technology_ui_tabs_to_technology_nodes_junctions_tables,db/technology_ui_tabs_to_technology_nodes_junctions_tables/data__.tsv,17,wh3_dlc23_tech_chd_industry_22|chd_industry,,,,,,,,,,,,,,,,,,,,,,,,,,,,,,,,,,,,,,,,,,,,,,,,,,,,,,,,,,,,,,,,,,,,,chd_industry,,,,,,,,,,,
node,warhammer_3,8.1.1,24237342,Chaos Dwarfs,chaos_dwarfs,wh3_dlc23_chd_zhatan,The Warhost of Zharr,wh3_dlc23_chd_chaos_dwarfs,wh3_dlc23_sc_chd_chaos_dwarfs,LOCKED_STANDARD,chd_mil@unspecified_campaign,generic_candidate,Conjunction of nonblank source faction/culture/subculture selectors; campaign condition preserved. Engine precedence is not decoded.,,chd_mil,,wh3_dlc23_chd_chaos_dwarfs,,,wh3_dlc23_tech_chd_industry_14,,,wh3_dlc23_tech_chd_industry_14,Siege Supplies,"Caches of food, weapons and munitions are kept because the perpetual aggressor can just as easily be forced into a defensive stance, and they intend to be ready for all eventualities.",,,,,,,Military Technologies,Chaos Dwarf Military Technology Tree,,,,,,,,,,,structural_node,technology_nodes_tables,db/technology_nodes_tables/data__.tsv,801,wh3_dlc23_tech_chd_industry_14,,,,,,,,5,25,400,0,0,,,0,25,0,,,,,,,,,,,,,,,,,,,,,,,,,,,,,,,,,,,,,,,,,,,,,,,,,,,,,,,,,,,,,,,
technology,warhammer_3,8.1.1,24237342,Chaos Dwarfs,chaos_dwarfs,wh3_dlc23_chd_zhatan,The Warhost of Zharr,wh3_dlc23_chd_chaos_dwarfs,wh3_dlc23_sc_chd_chaos_dwarfs,LOCKED_STANDARD,chd_mil@unspecified_campaign,generic_candidate,Conjunction of nonblank source faction/culture/subculture selectors; campaign condition preserved. Engine precedence is not decoded.,,chd_mil,,wh3_dlc23_chd_chaos_dwarfs,,,wh3_dlc23_tech_chd_industry_14,,,wh3_dlc23_tech_chd_industry_14,Siege Supplies,"Caches of food, weapons and munitions are kept because the perpetual aggressor can just as easily be forced into a defensive stance, and they intend to be ready for all eventualities.",,,,,,,Military Technologies,Chaos Dwarf Military Technology Tree,,,,,,,,,,,,technologies_tables,db/technologies_tables/data__.tsv,669,wh3_dlc23_tech_chd_industry_14,,,,,,,,,,,,,,,,,,wh_main_chs_port_ruin,1,wh3_dlc23_tech_chd_industry_14,false,false,placeholder.tga,1650330731,false,false,true,false,,,,,,,,,,,,,,,,,,,,,,,,,,,,,,,,,,,,,,,,,,,,,,,,,,,,
effect,warhammer_3,8.1.1,24237342,Chaos Dwarfs,chaos_dwarfs,wh3_dlc23_chd_zhatan,The Warhost of Zharr,wh3_dlc23_chd_chaos_dwarfs,wh3_dlc23_sc_chd_chaos_dwarfs,LOCKED_STANDARD,chd_mil@unspecified_campaign,generic_candidate,Conjunction of nonblank source faction/culture/subculture selectors; campaign condition preserved. Engine precedence is not decoded.,,chd_mil,,wh3_dlc23_chd_chaos_dwarfs,,,wh3_dlc23_tech_chd_industry_14,,,wh3_dlc23_tech_chd_industry_14,Siege Supplies,"Caches of food, weapons and munitions are kept because the perpetual aggressor can just as easily be forced into a defensive stance, and they intend to be ready for all eventualities.",,wh3_main_effect_building_settlement_initial_supply_points,faction_to_region_own_unseen,500.0000,Defensive supplies: %+n,,Military Technologies,Chaos Dwarf Military Technology Tree,,,,,,,,,,,,technology_effects_junction_tables,db/technology_effects_junction_tables/data__.tsv,1377,wh3_dlc23_tech_chd_industry_14|wh3_main_effect_building_settlement_initial_supply_points,,,,,,,,,,,,,,,,,,,,,,,,,,,,,,,,,,,,,,,,,,,,,,,,,,,,,,,,,,,,,,,,,,,,,,,,,,,,supplies.png,9,supplies.png,campaign,true
effect,warhammer_3,8.1.1,24237342,Chaos Dwarfs,chaos_dwarfs,wh3_dlc23_chd_zhatan,The Warhost of Zharr,wh3_dlc23_chd_chaos_dwarfs,wh3_dlc23_sc_chd_chaos_dwarfs,LOCKED_STANDARD,chd_mil@unspecified_campaign,generic_candidate,Conjunction of nonblank source faction/culture/subculture selectors; campaign condition preserved. Engine precedence is not decoded.,,chd_mil,,wh3_dlc23_chd_chaos_dwarfs,,,wh3_dlc23_tech_chd_industry_14,,,wh3_dlc23_tech_chd_industry_14,Siege Supplies,"Caches of food, weapons and munitions are kept because the perpetual aggressor can just as easily be forced into a defensive stance, and they intend to be ready for all eventualities.",,wh_main_effect_force_army_campaign_siege_defend_attrition,faction_to_force_own_unseen,-20.0000,Attrition: %+n% when under siege,,Military Technologies,Chaos Dwarf Military Technology Tree,,,,,,,,,,,,technology_effects_junction_tables,db/technology_effects_junction_tables/data__.tsv,1378,wh3_dlc23_tech_chd_industry_14|wh_main_effect_force_army_campaign_siege_defend_attrition,,,,,,,,,,,,,,,,,,,,,,,,,,,,,,,,,,,,,,,,,,,,,,,,,,,,,,,,,,,,,,,,,,,,,,,,,,,,attrition.png,101,attrition.png,campaign,false
tab_membership,warhammer_3,8.1.1,24237342,Chaos Dwarfs,chaos_dwarfs,wh3_dlc23_chd_zhatan,The Warhost of Zharr,wh3_dlc23_chd_chaos_dwarfs,wh3_dlc23_sc_chd_chaos_dwarfs,LOCKED_STANDARD,chd_mil@unspecified_campaign,generic_candidate,Conjunction of nonblank source faction/culture/subculture selectors; campaign condition preserved. Engine precedence is not decoded.,,chd_mil,,wh3_dlc23_chd_chaos_dwarfs,,,wh3_dlc23_tech_chd_industry_14,,,wh3_dlc23_tech_chd_industry_14,Siege Supplies,"Caches of food, weapons and munitions are kept because the perpetual aggressor can just as easily be forced into a defensive stance, and they intend to be ready for all eventualities.",,,,,,,Military Technologies,Chaos Dwarf Military Technology Tree,,,,,,,,,,,,technology_ui_tabs_to_technology_nodes_junctions_tables,db/technology_ui_tabs_to_technology_nodes_junctions_tables/data__.tsv,8,wh3_dlc23_tech_chd_industry_14|chd_industry,,,,,,,,,,,,,,,,,,,,,,,,,,,,,,,,,,,,,,,,,,,,,,,,,,,,,,,,,,,,,,,,,,,,,chd_industry,,,,,,,,,,,
node,warhammer_3,8.1.1,24237342,Chaos Dwarfs,chaos_dwarfs,wh3_dlc23_chd_zhatan,The Warhost of Zharr,wh3_dlc23_chd_chaos_dwarfs,wh3_dlc23_sc_chd_chaos_dwarfs,LOCKED_STANDARD,chd_mil@unspecified_campaign,generic_candidate,Conjunction of nonblank source faction/culture/subculture selectors; campaign condition preserved. Engine precedence is not decoded.,,chd_mil,,wh3_dlc23_chd_chaos_dwarfs,,,wh3_dlc23_tech_chd_industry_5,,,wh3_dlc23_tech_chd_industry_5,Wartime Economy,Resources prioritised and mobilised for the sole purpose of war ensure military supremacy is maintained.,,,,,,,Military Technologies,Chaos Dwarf Military Technology Tree,,,,,,,,,,,structural_node,technology_nodes_tables,db/technology_nodes_tables/data__.tsv,815,wh3_dlc23_tech_chd_industry_5,,,,,,,,9,25,100,0,0,,wh3_dlc23_tech_chd_industry_low,0,25,0,,,,,,,,,,,,,,,,,,,,,,,,,,,,,,,,,,,,,,,,,,,,,,,,,,,,,,,,,,,,,,,
technology,warhammer_3,8.1.1,24237342,Chaos Dwarfs,chaos_dwarfs,wh3_dlc23_chd_zhatan,The Warhost of Zharr,wh3_dlc23_chd_chaos_dwarfs,wh3_dlc23_sc_chd_chaos_dwarfs,LOCKED_STANDARD,chd_mil@unspecified_campaign,generic_candidate,Conjunction of nonblank source faction/culture/subculture selectors; campaign condition preserved. Engine precedence is not decoded.,,chd_mil,,wh3_dlc23_chd_chaos_dwarfs,,,wh3_dlc23_tech_chd_industry_5,,,wh3_dlc23_tech_chd_industry_5,Wartime Economy,Resources prioritised and mobilised for the sole purpose of war ensure military supremacy is maintained.,,,,,,,Military Technologies,Chaos Dwarf Military Technology Tree,,,,,,,,,,,,technologies_tables,db/technologies_tables/data__.tsv,683,wh3_dlc23_tech_chd_industry_5,,,,,,,,,,,,,,,,,,wh_main_chs_port_ruin,1,wh3_dlc23_tech_chd_industry_5,false,false,placeholder.tga,1557456807,false,false,true,false,,,,,,,,,,,,,,,,,,,,,,,,,,,,,,,,,,,,,,,,,,,,,,,,,,,,
effect,warhammer_3,8.1.1,24237342,Chaos Dwarfs,chaos_dwarfs,wh3_dlc23_chd_zhatan,The Warhost of Zharr,wh3_dlc23_chd_chaos_dwarfs,wh3_dlc23_sc_chd_chaos_dwarfs,LOCKED_STANDARD,chd_mil@unspecified_campaign,generic_candidate,Conjunction of nonblank source faction/culture/subculture selectors; campaign condition preserved. Engine precedence is not decoded.,,chd_mil,,wh3_dlc23_chd_chaos_dwarfs,,,wh3_dlc23_tech_chd_industry_5,,,wh3_dlc23_tech_chd_industry_5,Wartime Economy,Resources prioritised and mobilised for the sole purpose of war ensure military supremacy is maintained.,,wh3_dlc23_effect_building_construction_cost_mod_chd_military,faction_to_region_own_unseen,-15.0000,Construction cost: %+n% for Basic and Advanced Military buildings,,Military Technologies,Chaos Dwarf Military Technology Tree,,,,,,,,,,,,technology_effects_junction_tables,db/technology_effects_junction_tables/data__.tsv,1404,wh3_dlc23_tech_chd_industry_5|wh3_dlc23_effect_building_construction_cost_mod_chd_military,,,,,,,,,,,,,,,,,,,,,,,,,,,,,,,,,,,,,,,,,,,,,,,,,,,,,,,,,,,,,,,,,,,,,,,,,,,,treasury.png,102,treasury.png,campaign,false
effect,warhammer_3,8.1.1,24237342,Chaos Dwarfs,chaos_dwarfs,wh3_dlc23_chd_zhatan,The Warhost of Zharr,wh3_dlc23_chd_chaos_dwarfs,wh3_dlc23_sc_chd_chaos_dwarfs,LOCKED_STANDARD,chd_mil@unspecified_campaign,generic_candidate,Conjunction of nonblank source faction/culture/subculture selectors; campaign condition preserved. Engine precedence is not decoded.,,chd_mil,,wh3_dlc23_chd_chaos_dwarfs,,,wh3_dlc23_tech_chd_industry_5,,,wh3_dlc23_tech_chd_industry_5,Wartime Economy,Resources prioritised and mobilised for the sole purpose of war ensure military supremacy is maintained.,,wh3_dlc23_effect_building_construction_time_mod_chd_military,faction_to_region_own_unseen,-1.0000,Construction time: %+n for Basic and Advanced Military buildings,,Military Technologies,Chaos Dwarf Military Technology Tree,,,,,,,,,,,,technology_effects_junction_tables,db/technology_effects_junction_tables/data__.tsv,1405,wh3_dlc23_tech_chd_industry_5|wh3_dlc23_effect_building_construction_time_mod_chd_military,,,,,,,,,,,,,,,,,,,,,,,,,,,,,,,,,,,,,,,,,,,,,,,,,,,,,,,,,,,,,,,,,,,,,,,,,,,,construction.png,102,construction.png,campaign,false
resource_cost,warhammer_3,8.1.1,24237342,Chaos Dwarfs,chaos_dwarfs,wh3_dlc23_chd_zhatan,The Warhost of Zharr,wh3_dlc23_chd_chaos_dwarfs,wh3_dlc23_sc_chd_chaos_dwarfs,LOCKED_STANDARD,chd_mil@unspecified_campaign,generic_candidate,Conjunction of nonblank source faction/culture/subculture selectors; campaign condition preserved. Engine precedence is not decoded.,,chd_mil,,wh3_dlc23_chd_chaos_dwarfs,,,wh3_dlc23_tech_chd_industry_5,,,wh3_dlc23_tech_chd_industry_5,Wartime Economy,Resources prioritised and mobilised for the sole purpose of war ensure military supremacy is maintained.,,,,,,,Military Technologies,Chaos Dwarf Military Technology Tree,,,,,,,,,,,,resource_costs_tables,db/resource_costs_tables/data__.tsv,959,wh3_dlc23_tech_chd_industry_low,,,,,,,,,,,,,,wh3_dlc23_tech_chd_industry_low,,,,,,,,,,,,,,,,,,,,,,,,,,,,,,,,,,0,TECHNOLOGIES,TECHNOLOGIES,ARMY_UPKEEP,BACKGROUND_INCOME,,,,,,,,,,,,,,,,,,,,,,,,,,,,
pooled_resource_cost,warhammer_3,8.1.1,24237342,Chaos Dwarfs,chaos_dwarfs,wh3_dlc23_chd_zhatan,The Warhost of Zharr,wh3_dlc23_chd_chaos_dwarfs,wh3_dlc23_sc_chd_chaos_dwarfs,LOCKED_STANDARD,chd_mil@unspecified_campaign,generic_candidate,Conjunction of nonblank source faction/culture/subculture selectors; campaign condition preserved. Engine precedence is not decoded.,,chd_mil,,wh3_dlc23_chd_chaos_dwarfs,,,wh3_dlc23_tech_chd_industry_5,,,wh3_dlc23_tech_chd_industry_5,Wartime Economy,Resources prioritised and mobilised for the sole purpose of war ensure military supremacy is maintained.,,,,,,,Military Technologies,Chaos Dwarf Military Technology Tree,,,,,,,,,,,,resource_cost_pooled_resource_junctions_tables,db/resource_cost_pooled_resource_junctions_tables/data__.tsv,1057,wh3_dlc23_chd_raw_materials_technology|wh3_dlc23_tech_chd_industry_low,,,,,,,,,,,,,,wh3_dlc23_tech_chd_industry_low,,,,,,,,,,,,,,,,,,,,,,,,,,,,,,,,,,,,,,,wh3_dlc23_chd_raw_materials_technology,-1000,absolute,default,,,,,,,,,,,,,,,,,,,,,,,,
resource_factor,warhammer_3,8.1.1,24237342,Chaos Dwarfs,chaos_dwarfs,wh3_dlc23_chd_zhatan,The Warhost of Zharr,wh3_dlc23_chd_chaos_dwarfs,wh3_dlc23_sc_chd_chaos_dwarfs,LOCKED_STANDARD,chd_mil@unspecified_campaign,generic_candidate,Conjunction of nonblank source faction/culture/subculture selectors; campaign condition preserved. Engine precedence is not decoded.,,chd_mil,,wh3_dlc23_chd_chaos_dwarfs,,,wh3_dlc23_tech_chd_industry_5,,,wh3_dlc23_tech_chd_industry_5,Wartime Economy,Resources prioritised and mobilised for the sole purpose of war ensure military supremacy is maintained.,,,,,,,Military Technologies,Chaos Dwarf Military Technology Tree,,,,,,,,,,,,pooled_resource_factor_junctions_tables,db/pooled_resource_factor_junctions_tables/data__.tsv,558,wh3_dlc23_chd_raw_materials_technology,,,,,,,,,,,,,,wh3_dlc23_tech_chd_industry_low,,,,,,,,,,,,,,,,,,,,,,,,,,,,,,,,,,,,,,,,,,,wh3_dlc23_chd_raw_materials_technology,technology,wh3_dlc23_chd_raw_materials,-2147483647,0,,,,,,,,,,,,,,,,,,,
tab_membership,warhammer_3,8.1.1,24237342,Chaos Dwarfs,chaos_dwarfs,wh3_dlc23_chd_zhatan,The Warhost of Zharr,wh3_dlc23_chd_chaos_dwarfs,wh3_dlc23_sc_chd_chaos_dwarfs,LOCKED_STANDARD,chd_mil@unspecified_campaign,generic_candidate,Conjunction of nonblank source faction/culture/subculture selectors; campaign condition preserved. Engine precedence is not decoded.,,chd_mil,,wh3_dlc23_chd_chaos_dwarfs,,,wh3_dlc23_tech_chd_industry_5,,,wh3_dlc23_tech_chd_industry_5,Wartime Economy,Resources prioritised and mobilised for the sole purpose of war ensure military supremacy is maintained.,,,,,,,Military Technologies,Chaos Dwarf Military Technology Tree,,,,,,,,,,,,technology_ui_tabs_to_technology_nodes_junctions_tables,db/technology_ui_tabs_to_technology_nodes_junctions_tables/data__.tsv,22,wh3_dlc23_tech_chd_industry_5|chd_industry,,,,,,,,,,,,,,,,,,,,,,,,,,,,,,,,,,,,,,,,,,,,,,,,,,,,,,,,,,,,,,,,,,,,,chd_industry,,,,,,,,,,,
node,warhammer_3,8.1.1,24237342,Chaos Dwarfs,chaos_dwarfs,wh3_dlc23_chd_zhatan,The Warhost of Zharr,wh3_dlc23_chd_chaos_dwarfs,wh3_dlc23_sc_chd_chaos_dwarfs,LOCKED_STANDARD,chd_mil@unspecified_campaign,generic_candidate,Conjunction of nonblank source faction/culture/subculture selectors; campaign condition preserved. Engine precedence is not decoded.,,chd_mil,,wh3_dlc23_chd_chaos_dwarfs,,,wh3_dlc23_tech_chd_industry_10,,,wh3_dlc23_tech_chd_industry_10,Siege Logistics,The Dawi-Zharr’s natural proficiency in logistics gets the most out of their armouries and quartermasters when it is needed the most.,,,,,,,Military Technologies,Chaos Dwarf Military Technology Tree,,,,,,,,,,,structural_node,technology_nodes_tables,db/technology_nodes_tables/data__.tsv,797,wh3_dlc23_tech_chd_industry_10,,,,,,,,7,26,300,0,0,,,0,-75,0,,,,,,,,,,,,,,,,,,,,,,,,,,,,,,,,,,,,,,,,,,,,,,,,,,,,,,,,,,,,,,,
technology,warhammer_3,8.1.1,24237342,Chaos Dwarfs,chaos_dwarfs,wh3_dlc23_chd_zhatan,The Warhost of Zharr,wh3_dlc23_chd_chaos_dwarfs,wh3_dlc23_sc_chd_chaos_dwarfs,LOCKED_STANDARD,chd_mil@unspecified_campaign,generic_candidate,Conjunction of nonblank source faction/culture/subculture selectors; campaign condition preserved. Engine precedence is not decoded.,,chd_mil,,wh3_dlc23_chd_chaos_dwarfs,,,wh3_dlc23_tech_chd_industry_10,,,wh3_dlc23_tech_chd_industry_10,Siege Logistics,The Dawi-Zharr’s natural proficiency in logistics gets the most out of their armouries and quartermasters when it is needed the most.,,,,,,,Military Technologies,Chaos Dwarf Military Technology Tree,,,,,,,,,,,,technologies_tables,db/technologies_tables/data__.tsv,665,wh3_dlc23_tech_chd_industry_10,,,,,,,,,,,,,,,,,,wh_main_chs_port_ruin,1,wh3_dlc23_tech_chd_industry_10,false,false,placeholder.tga,302500647,false,false,true,false,,,,,,,,,,,,,,,,,,,,,,,,,,,,,,,,,,,,,,,,,,,,,,,,,,,,
effect,warhammer_3,8.1.1,24237342,Chaos Dwarfs,chaos_dwarfs,wh3_dlc23_chd_zhatan,The Warhost of Zharr,wh3_dlc23_chd_chaos_dwarfs,wh3_dlc23_sc_chd_chaos_dwarfs,LOCKED_STANDARD,chd_mil@unspecified_campaign,generic_candidate,Conjunction of nonblank source faction/culture/subculture selectors; campaign condition preserved. Engine precedence is not decoded.,,chd_mil,,wh3_dlc23_chd_chaos_dwarfs,,,wh3_dlc23_tech_chd_industry_10,,,wh3_dlc23_tech_chd_industry_10,Siege Logistics,The Dawi-Zharr’s natural proficiency in logistics gets the most out of their armouries and quartermasters when it is needed the most.,,wh_dlc05_effect_force_stat_ammunition_siege_defence,faction_to_force_own_unseen,20.0000,Ammunition: %+n% when under siege,,Military Technologies,Chaos Dwarf Military Technology Tree,,,,,,,,,,,,technology_effects_junction_tables,db/technology_effects_junction_tables/data__.tsv,1370,wh3_dlc23_tech_chd_industry_10|wh_dlc05_effect_force_stat_ammunition_siege_defence,,,,,,,,,,,,,,,,,,,,,,,,,,,,,,,,,,,,,,,,,,,,,,,,,,,,,,,,,,,,,,,,,,,,,,,,,,,,ammo.png,511,ammo.png,battle,true
effect,warhammer_3,8.1.1,24237342,Chaos Dwarfs,chaos_dwarfs,wh3_dlc23_chd_zhatan,The Warhost of Zharr,wh3_dlc23_chd_chaos_dwarfs,wh3_dlc23_sc_chd_chaos_dwarfs,LOCKED_STANDARD,chd_mil@unspecified_campaign,generic_candidate,Conjunction of nonblank source faction/culture/subculture selectors; campaign condition preserved. Engine precedence is not decoded.,,chd_mil,,wh3_dlc23_chd_chaos_dwarfs,,,wh3_dlc23_tech_chd_industry_10,,,wh3_dlc23_tech_chd_industry_10,Siege Logistics,The Dawi-Zharr’s natural proficiency in logistics gets the most out of their armouries and quartermasters when it is needed the most.,,wh_main_effect_force_stat_melee_defence_siege_defence,faction_to_force_own_unseen,5.0000,Melee defence: %+n when under siege,,Military Technologies,Chaos Dwarf Military Technology Tree,,,,,,,,,,,,technology_effects_junction_tables,db/technology_effects_junction_tables/data__.tsv,1371,wh3_dlc23_tech_chd_industry_10|wh_main_effect_force_stat_melee_defence_siege_defence,,,,,,,,,,,,,,,,,,,,,,,,,,,,,,,,,,,,,,,,,,,,,,,,,,,,,,,,,,,,,,,,,,,,,,,,,,,,defence.png,451,defence.png,battle,true
tab_membership,warhammer_3,8.1.1,24237342,Chaos Dwarfs,chaos_dwarfs,wh3_dlc23_chd_zhatan,The Warhost of Zharr,wh3_dlc23_chd_chaos_dwarfs,wh3_dlc23_sc_chd_chaos_dwarfs,LOCKED_STANDARD,chd_mil@unspecified_campaign,generic_candidate,Conjunction of nonblank source faction/culture/subculture selectors; campaign condition preserved. Engine precedence is not decoded.,,chd_mil,,wh3_dlc23_chd_chaos_dwarfs,,,wh3_dlc23_tech_chd_industry_10,,,wh3_dlc23_tech_chd_industry_10,Siege Logistics,The Dawi-Zharr’s natural proficiency in logistics gets the most out of their armouries and quartermasters when it is needed the most.,,,,,,,Military Technologies,Chaos Dwarf Military Technology Tree,,,,,,,,,,,,technology_ui_tabs_to_technology_nodes_junctions_tables,db/technology_ui_tabs_to_technology_nodes_junctions_tables/data__.tsv,4,wh3_dlc23_tech_chd_industry_10|chd_industry,,,,,,,,,,,,,,,,,,,,,,,,,,,,,,,,,,,,,,,,,,,,,,,,,,,,,,,,,,,,,,,,,,,,,chd_industry,,,,,,,,,,,
node,warhammer_3,8.1.1,24237342,Chaos Dwarfs,chaos_dwarfs,wh3_dlc23_chd_zhatan,The Warhost of Zharr,wh3_dlc23_chd_chaos_dwarfs,wh3_dlc23_sc_chd_chaos_dwarfs,LOCKED_STANDARD,chd_mil@unspecified_campaign,generic_candidate,Conjunction of nonblank source faction/culture/subculture selectors; campaign condition preserved. Engine precedence is not decoded.,,chd_mil,,wh3_dlc23_chd_chaos_dwarfs,,,wh3_dlc23_tech_chd_industry_6,,,wh3_dlc23_tech_chd_industry_6,Territorial Consignments,No empire survives this long in the Dark Lands without paying heed to its regions' individual defence needs.,,,,,,,Military Technologies,Chaos Dwarf Military Technology Tree,,,,,,,,,,,structural_node,technology_nodes_tables,db/technology_nodes_tables/data__.tsv,816,wh3_dlc23_tech_chd_industry_6,,,,,,,,9,26,300,0,0,,,0,60,0,,,,,,,,,,,,,,,,,,,,,,,,,,,,,,,,,,,,,,,,,,,,,,,,,,,,,,,,,,,,,,,
technology,warhammer_3,8.1.1,24237342,Chaos Dwarfs,chaos_dwarfs,wh3_dlc23_chd_zhatan,The Warhost of Zharr,wh3_dlc23_chd_chaos_dwarfs,wh3_dlc23_sc_chd_chaos_dwarfs,LOCKED_STANDARD,chd_mil@unspecified_campaign,generic_candidate,Conjunction of nonblank source faction/culture/subculture selectors; campaign condition preserved. Engine precedence is not decoded.,,chd_mil,,wh3_dlc23_chd_chaos_dwarfs,,,wh3_dlc23_tech_chd_industry_6,,,wh3_dlc23_tech_chd_industry_6,Territorial Consignments,No empire survives this long in the Dark Lands without paying heed to its regions' individual defence needs.,,,,,,,Military Technologies,Chaos Dwarf Military Technology Tree,,,,,,,,,,,,technologies_tables,db/technologies_tables/data__.tsv,684,wh3_dlc23_tech_chd_industry_6,,,,,,,,,,,,,,,,,,wh_main_chs_port_ruin,1,wh3_dlc23_tech_chd_industry_6,false,false,placeholder.tga,2049255305,false,false,true,false,,,,,,,,,,,,,,,,,,,,,,,,,,,,,,,,,,,,,,,,,,,,,,,,,,,,
effect,warhammer_3,8.1.1,24237342,Chaos Dwarfs,chaos_dwarfs,wh3_dlc23_chd_zhatan,The Warhost of Zharr,wh3_dlc23_chd_chaos_dwarfs,wh3_dlc23_sc_chd_chaos_dwarfs,LOCKED_STANDARD,chd_mil@unspecified_campaign,generic_candidate,Conjunction of nonblank source faction/culture/subculture selectors; campaign condition preserved. Engine precedence is not decoded.,,chd_mil,,wh3_dlc23_chd_chaos_dwarfs,,,wh3_dlc23_tech_chd_industry_6,,,wh3_dlc23_tech_chd_industry_6,Territorial Consignments,No empire survives this long in the Dark Lands without paying heed to its regions' individual defence needs.,,wh3_dlc23_effect_building_construction_cost_mod_chd_garrison_chains,faction_to_region_own_unseen,-15.0000,Construction cost: %+n% for Defence buildings,,Military Technologies,Chaos Dwarf Military Technology Tree,,,,,,,,,,,,technology_effects_junction_tables,db/technology_effects_junction_tables/data__.tsv,1406,wh3_dlc23_tech_chd_industry_6|wh3_dlc23_effect_building_construction_cost_mod_chd_garrison_chains,,,,,,,,,,,,,,,,,,,,,,,,,,,,,,,,,,,,,,,,,,,,,,,,,,,,,,,,,,,,,,,,,,,,,,,,,,,,treasury.png,102,treasury.png,campaign,false
effect,warhammer_3,8.1.1,24237342,Chaos Dwarfs,chaos_dwarfs,wh3_dlc23_chd_zhatan,The Warhost of Zharr,wh3_dlc23_chd_chaos_dwarfs,wh3_dlc23_sc_chd_chaos_dwarfs,LOCKED_STANDARD,chd_mil@unspecified_campaign,generic_candidate,Conjunction of nonblank source faction/culture/subculture selectors; campaign condition preserved. Engine precedence is not decoded.,,chd_mil,,wh3_dlc23_chd_chaos_dwarfs,,,wh3_dlc23_tech_chd_industry_6,,,wh3_dlc23_tech_chd_industry_6,Territorial Consignments,No empire survives this long in the Dark Lands without paying heed to its regions' individual defence needs.,,wh3_dlc23_effect_building_construction_time_mod_chd_garrison_chains,faction_to_region_own_unseen,-1.0000,Construction time: %+n for Defence buildings,,Military Technologies,Chaos Dwarf Military Technology Tree,,,,,,,,,,,,technology_effects_junction_tables,db/technology_effects_junction_tables/data__.tsv,1407,wh3_dlc23_tech_chd_industry_6|wh3_dlc23_effect_building_construction_time_mod_chd_garrison_chains,,,,,,,,,,,,,,,,,,,,,,,,,,,,,,,,,,,,,,,,,,,,,,,,,,,,,,,,,,,,,,,,,,,,,,,,,,,,construction.png,102,construction.png,campaign,false
tab_membership,warhammer_3,8.1.1,24237342,Chaos Dwarfs,chaos_dwarfs,wh3_dlc23_chd_zhatan,The Warhost of Zharr,wh3_dlc23_chd_chaos_dwarfs,wh3_dlc23_sc_chd_chaos_dwarfs,LOCKED_STANDARD,chd_mil@unspecified_campaign,generic_candidate,Conjunction of nonblank source faction/culture/subculture selectors; campaign condition preserved. Engine precedence is not decoded.,,chd_mil,,wh3_dlc23_chd_chaos_dwarfs,,,wh3_dlc23_tech_chd_industry_6,,,wh3_dlc23_tech_chd_industry_6,Territorial Consignments,No empire survives this long in the Dark Lands without paying heed to its regions' individual defence needs.,,,,,,,Military Technologies,Chaos Dwarf Military Technology Tree,,,,,,,,,,,,technology_ui_tabs_to_technology_nodes_junctions_tables,db/technology_ui_tabs_to_technology_nodes_junctions_tables/data__.tsv,23,wh3_dlc23_tech_chd_industry_6|chd_industry,,,,,,,,,,,,,,,,,,,,,,,,,,,,,,,,,,,,,,,,,,,,,,,,,,,,,,,,,,,,,,,,,,,,,chd_industry,,,,,,,,,,,
node,warhammer_3,8.1.1,24237342,Chaos Dwarfs,chaos_dwarfs,wh3_dlc23_chd_zhatan,The Warhost of Zharr,wh3_dlc23_chd_chaos_dwarfs,wh3_dlc23_sc_chd_chaos_dwarfs,LOCKED_STANDARD,chd_mil@unspecified_campaign,generic_candidate,Conjunction of nonblank source faction/culture/subculture selectors; campaign condition preserved. Engine precedence is not decoded.,,chd_mil,,wh3_dlc23_chd_chaos_dwarfs,,,wh3_dlc23_tech_chd_third_carriage_hidden,,,wh3_dlc23_tech_chd_third_carriage_hidden,Reach 12 unit capacity for Warmachines to unlock second carriage,HIDDEN,,,,,,,Military Technologies,Chaos Dwarf Military Technology Tree,,,,,,,,,,,hidden,technology_nodes_tables,db/technology_nodes_tables/data__.tsv,873,wh3_dlc23_tech_chd_third_carriage_hidden,,,,,,,,998,998,100,0,0,,,0,0,0,,,,,,,,,,,,,,,,,,,,,,,,,,,,,,,,,,,,,,,,,,,,,,,,,,,,,,,,,,,,,,,
technology,warhammer_3,8.1.1,24237342,Chaos Dwarfs,chaos_dwarfs,wh3_dlc23_chd_zhatan,The Warhost of Zharr,wh3_dlc23_chd_chaos_dwarfs,wh3_dlc23_sc_chd_chaos_dwarfs,LOCKED_STANDARD,chd_mil@unspecified_campaign,generic_candidate,Conjunction of nonblank source faction/culture/subculture selectors; campaign condition preserved. Engine precedence is not decoded.,,chd_mil,,wh3_dlc23_chd_chaos_dwarfs,,,wh3_dlc23_tech_chd_third_carriage_hidden,,,wh3_dlc23_tech_chd_third_carriage_hidden,Reach 12 unit capacity for Warmachines to unlock second carriage,HIDDEN,,,,,,,Military Technologies,Chaos Dwarf Military Technology Tree,,,,,,,,,,,,technologies_tables,db/technologies_tables/data__.tsv,741,wh3_dlc23_tech_chd_third_carriage_hidden,,,,,,,,,,,,,,,,,,wh_main_chs_port_ruin,1,.,false,false,placeholder.tga,1591132571,false,false,true,true,,,,,,,,,,,,,,,,,,,,,,,,,,,,,,,,,,,,,,,,,,,,,,,,,,,,
effect,warhammer_3,8.1.1,24237342,Chaos Dwarfs,chaos_dwarfs,wh3_dlc23_chd_zhatan,The Warhost of Zharr,wh3_dlc23_chd_chaos_dwarfs,wh3_dlc23_sc_chd_chaos_dwarfs,LOCKED_STANDARD,chd_mil@unspecified_campaign,generic_candidate,Conjunction of nonblank source faction/culture/subculture selectors; campaign condition preserved. Engine precedence is not decoded.,,chd_mil,,wh3_dlc23_chd_chaos_dwarfs,,,wh3_dlc23_tech_chd_third_carriage_hidden,,,wh3_dlc23_tech_chd_third_carriage_hidden,Reach 12 unit capacity for Warmachines to unlock second carriage,HIDDEN,,wh3_dlc23_tech_unlock_3_carriages_context_dummy,faction_to_faction_own_unseen,1.0000,Unlocks a third carriage slot for your Iron Daemon or Skull Cracker,,Military Technologies,Chaos Dwarf Military Technology Tree,,,,,,,,,,,,technology_effects_junction_tables,db/technology_effects_junction_tables/data__.tsv,1521,wh3_dlc23_tech_chd_third_carriage_hidden|wh3_dlc23_tech_unlock_3_carriages_context_dummy,,,,,,,,,,,,,,,,,,,,,,,,,,,,,,,,,,,,,,,,,,,,,,,,,,,,,,,,,,,,,,,,,,,,,,,,,,,,army.png,0,army.png,campaign,true
unit_upgrade_unlock,warhammer_3,8.1.1,24237342,Chaos Dwarfs,chaos_dwarfs,wh3_dlc23_chd_zhatan,The Warhost of Zharr,wh3_dlc23_chd_chaos_dwarfs,wh3_dlc23_sc_chd_chaos_dwarfs,LOCKED_STANDARD,chd_mil@unspecified_campaign,generic_candidate,Conjunction of nonblank source faction/culture/subculture selectors; campaign condition preserved. Engine precedence is not decoded.,,chd_mil,,wh3_dlc23_chd_chaos_dwarfs,,,wh3_dlc23_tech_chd_third_carriage_hidden,,,wh3_dlc23_tech_chd_third_carriage_hidden,Reach 12 unit capacity for Warmachines to unlock second carriage,HIDDEN,,,,,,,Military Technologies,Chaos Dwarf Military Technology Tree,,,,,,,,,,,,unit_upgrade_to_tech_requirements_tables,db/unit_upgrade_to_tech_requirements_tables/data__.tsv,100,wh3_dlc23_tech_chd_third_carriage_hidden|wh3_dlc23_chd_iron_daemon_1deathshrieker_1dreadquake_add_1dreadquake,,,,,,,,,,,,,,,,,,,,,,,,,,,,,,,,,,,,,,,,,wh3_dlc23_chd_iron_daemon_1deathshrieker_1dreadquake_add_1dreadquake,,,,,,,,,,,,,,,,,,,,,,,,,,,,,,,,,,,,,,,
unit_upgrade_unlock,warhammer_3,8.1.1,24237342,Chaos Dwarfs,chaos_dwarfs,wh3_dlc23_chd_zhatan,The Warhost of Zharr,wh3_dlc23_chd_chaos_dwarfs,wh3_dlc23_sc_chd_chaos_dwarfs,LOCKED_STANDARD,chd_mil@unspecified_campaign,generic_candidate,Conjunction of nonblank source faction/culture/subculture selectors; campaign condition preserved. Engine precedence is not decoded.,,chd_mil,,wh3_dlc23_chd_chaos_dwarfs,,,wh3_dlc23_tech_chd_third_carriage_hidden,,,wh3_dlc23_tech_chd_third_carriage_hidden,Reach 12 unit capacity for Warmachines to unlock second carriage,HIDDEN,,,,,,,Military Technologies,Chaos Dwarf Military Technology Tree,,,,,,,,,,,,unit_upgrade_to_tech_requirements_tables,db/unit_upgrade_to_tech_requirements_tables/data__.tsv,105,wh3_dlc23_tech_chd_third_carriage_hidden|wh3_dlc23_chd_iron_daemon_1magma_1dreadquake_add_1dreadquake,,,,,,,,,,,,,,,,,,,,,,,,,,,,,,,,,,,,,,,,,wh3_dlc23_chd_iron_daemon_1magma_1dreadquake_add_1dreadquake,,,,,,,,,,,,,,,,,,,,,,,,,,,,,,,,,,,,,,,
unit_upgrade_unlock,warhammer_3,8.1.1,24237342,Chaos Dwarfs,chaos_dwarfs,wh3_dlc23_chd_zhatan,The Warhost of Zharr,wh3_dlc23_chd_chaos_dwarfs,wh3_dlc23_sc_chd_chaos_dwarfs,LOCKED_STANDARD,chd_mil@unspecified_campaign,generic_candidate,Conjunction of nonblank source faction/culture/subculture selectors; campaign condition preserved. Engine precedence is not decoded.,,chd_mil,,wh3_dlc23_chd_chaos_dwarfs,,,wh3_dlc23_tech_chd_third_carriage_hidden,,,wh3_dlc23_tech_chd_third_carriage_hidden,Reach 12 unit capacity for Warmachines to unlock second carriage,HIDDEN,,,,,,,Military Technologies,Chaos Dwarf Military Technology Tree,,,,,,,,,,,,unit_upgrade_to_tech_requirements_tables,db/unit_upgrade_to_tech_requirements_tables/data__.tsv,107,wh3_dlc23_tech_chd_third_carriage_hidden|wh3_dlc23_chd_iron_daemon_2dreadquake_add_1deathshrieker,,,,,,,,,,,,,,,,,,,,,,,,,,,,,,,,,,,,,,,,,wh3_dlc23_chd_iron_daemon_2dreadquake_add_1deathshrieker,,,,,,,,,,,,,,,,,,,,,,,,,,,,,,,,,,,,,,,
unit_upgrade_unlock,warhammer_3,8.1.1,24237342,Chaos Dwarfs,chaos_dwarfs,wh3_dlc23_chd_zhatan,The Warhost of Zharr,wh3_dlc23_chd_chaos_dwarfs,wh3_dlc23_sc_chd_chaos_dwarfs,LOCKED_STANDARD,chd_mil@unspecified_campaign,generic_candidate,Conjunction of nonblank source faction/culture/subculture selectors; campaign condition preserved. Engine precedence is not decoded.,,chd_mil,,wh3_dlc23_chd_chaos_dwarfs,,,wh3_dlc23_tech_chd_third_carriage_hidden,,,wh3_dlc23_tech_chd_third_carriage_hidden,Reach 12 unit capacity for Warmachines to unlock second carriage,HIDDEN,,,,,,,Military Technologies,Chaos Dwarf Military Technology Tree,,,,,,,,,,,,unit_upgrade_to_tech_requirements_tables,db/unit_upgrade_to_tech_requirements_tables/data__.tsv,108,wh3_dlc23_tech_chd_third_carriage_hidden|wh3_dlc23_chd_iron_daemon_2dreadquake_add_1dreadquake,,,,,,,,,,,,,,,,,,,,,,,,,,,,,,,,,,,,,,,,,wh3_dlc23_chd_iron_daemon_2dreadquake_add_1dreadquake,,,,,,,,,,,,,,,,,,,,,,,,,,,,,,,,,,,,,,,
unit_upgrade_unlock,warhammer_3,8.1.1,24237342,Chaos Dwarfs,chaos_dwarfs,wh3_dlc23_chd_zhatan,The Warhost of Zharr,wh3_dlc23_chd_chaos_dwarfs,wh3_dlc23_sc_chd_chaos_dwarfs,LOCKED_STANDARD,chd_mil@unspecified_campaign,generic_candidate,Conjunction of nonblank source faction/culture/subculture selectors; campaign condition preserved. Engine precedence is not decoded.,,chd_mil,,wh3_dlc23_chd_chaos_dwarfs,,,wh3_dlc23_tech_chd_third_carriage_hidden,,,wh3_dlc23_tech_chd_third_carriage_hidden,Reach 12 unit capacity for Warmachines to unlock second carriage,HIDDEN,,,,,,,Military Technologies,Chaos Dwarf Military Technology Tree,,,,,,,,,,,,unit_upgrade_to_tech_requirements_tables,db/unit_upgrade_to_tech_requirements_tables/data__.tsv,109,wh3_dlc23_tech_chd_third_carriage_hidden|wh3_dlc23_chd_iron_daemon_2dreadquake_add_1magma,,,,,,,,,,,,,,,,,,,,,,,,,,,,,,,,,,,,,,,,,wh3_dlc23_chd_iron_daemon_2dreadquake_add_1magma,,,,,,,,,,,,,,,,,,,,,,,,,,,,,,,,,,,,,,,
unit_upgrade_unlock,warhammer_3,8.1.1,24237342,Chaos Dwarfs,chaos_dwarfs,wh3_dlc23_chd_zhatan,The Warhost of Zharr,wh3_dlc23_chd_chaos_dwarfs,wh3_dlc23_sc_chd_chaos_dwarfs,LOCKED_STANDARD,chd_mil@unspecified_campaign,generic_candidate,Conjunction of nonblank source faction/culture/subculture selectors; campaign condition preserved. Engine precedence is not decoded.,,chd_mil,,wh3_dlc23_chd_chaos_dwarfs,,,wh3_dlc23_tech_chd_third_carriage_hidden,,,wh3_dlc23_tech_chd_third_carriage_hidden,Reach 12 unit capacity for Warmachines to unlock second carriage,HIDDEN,,,,,,,Military Technologies,Chaos Dwarf Military Technology Tree,,,,,,,,,,,,unit_upgrade_to_tech_requirements_tables,db/unit_upgrade_to_tech_requirements_tables/data__.tsv,110,wh3_dlc23_tech_chd_third_carriage_hidden|wh3_dlc23_chd_iron_daemon_ror_1deathshrieker_1dreadquake_add_1dreadquake,,,,,,,,,,,,,,,,,,,,,,,,,,,,,,,,,,,,,,,,,wh3_dlc23_chd_iron_daemon_ror_1deathshrieker_1dreadquake_add_1dreadquake,,,,,,,,,,,,,,,,,,,,,,,,,,,,,,,,,,,,,,,
unit_upgrade_unlock,warhammer_3,8.1.1,24237342,Chaos Dwarfs,chaos_dwarfs,wh3_dlc23_chd_zhatan,The Warhost of Zharr,wh3_dlc23_chd_chaos_dwarfs,wh3_dlc23_sc_chd_chaos_dwarfs,LOCKED_STANDARD,chd_mil@unspecified_campaign,generic_candidate,Conjunction of nonblank source faction/culture/subculture selectors; campaign condition preserved. Engine precedence is not decoded.,,chd_mil,,wh3_dlc23_chd_chaos_dwarfs,,,wh3_dlc23_tech_chd_third_carriage_hidden,,,wh3_dlc23_tech_chd_third_carriage_hidden,Reach 12 unit capacity for Warmachines to unlock second carriage,HIDDEN,,,,,,,Military Technologies,Chaos Dwarf Military Technology Tree,,,,,,,,,,,,unit_upgrade_to_tech_requirements_tables,db/unit_upgrade_to_tech_requirements_tables/data__.tsv,115,wh3_dlc23_tech_chd_third_carriage_hidden|wh3_dlc23_chd_iron_daemon_ror_1magma_1dreadquake_add_1dreadquake,,,,,,,,,,,,,,,,,,,,,,,,,,,,,,,,,,,,,,,,,wh3_dlc23_chd_iron_daemon_ror_1magma_1dreadquake_add_1dreadquake,,,,,,,,,,,,,,,,,,,,,,,,,,,,,,,,,,,,,,,
unit_upgrade_unlock,warhammer_3,8.1.1,24237342,Chaos Dwarfs,chaos_dwarfs,wh3_dlc23_chd_zhatan,The Warhost of Zharr,wh3_dlc23_chd_chaos_dwarfs,wh3_dlc23_sc_chd_chaos_dwarfs,LOCKED_STANDARD,chd_mil@unspecified_campaign,generic_candidate,Conjunction of nonblank source faction/culture/subculture selectors; campaign condition preserved. Engine precedence is not decoded.,,chd_mil,,wh3_dlc23_chd_chaos_dwarfs,,,wh3_dlc23_tech_chd_third_carriage_hidden,,,wh3_dlc23_tech_chd_third_carriage_hidden,Reach 12 unit capacity for Warmachines to unlock second carriage,HIDDEN,,,,,,,Military Technologies,Chaos Dwarf Military Technology Tree,,,,,,,,,,,,unit_upgrade_to_tech_requirements_tables,db/unit_upgrade_to_tech_requirements_tables/data__.tsv,117,wh3_dlc23_tech_chd_third_carriage_hidden|wh3_dlc23_chd_iron_daemon_ror_2dreadquake_add_1deathshrieker,,,,,,,,,,,,,,,,,,,,,,,,,,,,,,,,,,,,,,,,,wh3_dlc23_chd_iron_daemon_ror_2dreadquake_add_1deathshrieker,,,,,,,,,,,,,,,,,,,,,,,,,,,,,,,,,,,,,,,
unit_upgrade_unlock,warhammer_3,8.1.1,24237342,Chaos Dwarfs,chaos_dwarfs,wh3_dlc23_chd_zhatan,The Warhost of Zharr,wh3_dlc23_chd_chaos_dwarfs,wh3_dlc23_sc_chd_chaos_dwarfs,LOCKED_STANDARD,chd_mil@unspecified_campaign,generic_candidate,Conjunction of nonblank source faction/culture/subculture selectors; campaign condition preserved. Engine precedence is not decoded.,,chd_mil,,wh3_dlc23_chd_chaos_dwarfs,,,wh3_dlc23_tech_chd_third_carriage_hidden,,,wh3_dlc23_tech_chd_third_carriage_hidden,Reach 12 unit capacity for Warmachines to unlock second carriage,HIDDEN,,,,,,,Military Technologies,Chaos Dwarf Military Technology Tree,,,,,,,,,,,,unit_upgrade_to_tech_requirements_tables,db/unit_upgrade_to_tech_requirements_tables/data__.tsv,118,wh3_dlc23_tech_chd_third_carriage_hidden|wh3_dlc23_chd_iron_daemon_ror_2dreadquake_add_1dreadquake,,,,,,,,,,,,,,,,,,,,,,,,,,,,,,,,,,,,,,,,,wh3_dlc23_chd_iron_daemon_ror_2dreadquake_add_1dreadquake,,,,,,,,,,,,,,,,,,,,,,,,,,,,,,,,,,,,,,,
unit_upgrade_unlock,warhammer_3,8.1.1,24237342,Chaos Dwarfs,chaos_dwarfs,wh3_dlc23_chd_zhatan,The Warhost of Zharr,wh3_dlc23_chd_chaos_dwarfs,wh3_dlc23_sc_chd_chaos_dwarfs,LOCKED_STANDARD,chd_mil@unspecified_campaign,generic_candidate,Conjunction of nonblank source faction/culture/subculture selectors; campaign condition preserved. Engine precedence is not decoded.,,chd_mil,,wh3_dlc23_chd_chaos_dwarfs,,,wh3_dlc23_tech_chd_third_carriage_hidden,,,wh3_dlc23_tech_chd_third_carriage_hidden,Reach 12 unit capacity for Warmachines to unlock second carriage,HIDDEN,,,,,,,Military Technologies,Chaos Dwarf Military Technology Tree,,,,,,,,,,,,unit_upgrade_to_tech_requirements_tables,db/unit_upgrade_to_tech_requirements_tables/data__.tsv,119,wh3_dlc23_tech_chd_third_carriage_hidden|wh3_dlc23_chd_iron_daemon_ror_2dreadquake_add_1magma,,,,,,,,,,,,,,,,,,,,,,,,,,,,,,,,,,,,,,,,,wh3_dlc23_chd_iron_daemon_ror_2dreadquake_add_1magma,,,,,,,,,,,,,,,,,,,,,,,,,,,,,,,,,,,,,,,
unit_upgrade_unlock,warhammer_3,8.1.1,24237342,Chaos Dwarfs,chaos_dwarfs,wh3_dlc23_chd_zhatan,The Warhost of Zharr,wh3_dlc23_chd_chaos_dwarfs,wh3_dlc23_sc_chd_chaos_dwarfs,LOCKED_STANDARD,chd_mil@unspecified_campaign,generic_candidate,Conjunction of nonblank source faction/culture/subculture selectors; campaign condition preserved. Engine precedence is not decoded.,,chd_mil,,wh3_dlc23_chd_chaos_dwarfs,,,wh3_dlc23_tech_chd_third_carriage_hidden,,,wh3_dlc23_tech_chd_third_carriage_hidden,Reach 12 unit capacity for Warmachines to unlock second carriage,HIDDEN,,,,,,,Military Technologies,Chaos Dwarf Military Technology Tree,,,,,,,,,,,,unit_upgrade_to_tech_requirements_tables,db/unit_upgrade_to_tech_requirements_tables/data__.tsv,120,wh3_dlc23_tech_chd_third_carriage_hidden|wh3_dlc23_chd_skullcracker_1deathshrieker_1dreadquake_add_1dreadquake,,,,,,,,,,,,,,,,,,,,,,,,,,,,,,,,,,,,,,,,,wh3_dlc23_chd_skullcracker_1deathshrieker_1dreadquake_add_1dreadquake,,,,,,,,,,,,,,,,,,,,,,,,,,,,,,,,,,,,,,,
unit_upgrade_unlock,warhammer_3,8.1.1,24237342,Chaos Dwarfs,chaos_dwarfs,wh3_dlc23_chd_zhatan,The Warhost of Zharr,wh3_dlc23_chd_chaos_dwarfs,wh3_dlc23_sc_chd_chaos_dwarfs,LOCKED_STANDARD,chd_mil@unspecified_campaign,generic_candidate,Conjunction of nonblank source faction/culture/subculture selectors; campaign condition preserved. Engine precedence is not decoded.,,chd_mil,,wh3_dlc23_chd_chaos_dwarfs,,,wh3_dlc23_tech_chd_third_carriage_hidden,,,wh3_dlc23_tech_chd_third_carriage_hidden,Reach 12 unit capacity for Warmachines to unlock second carriage,HIDDEN,,,,,,,Military Technologies,Chaos Dwarf Military Technology Tree,,,,,,,,,,,,unit_upgrade_to_tech_requirements_tables,db/unit_upgrade_to_tech_requirements_tables/data__.tsv,125,wh3_dlc23_tech_chd_third_carriage_hidden|wh3_dlc23_chd_skullcracker_1magma_1dreadquake_add_1dreadquake,,,,,,,,,,,,,,,,,,,,,,,,,,,,,,,,,,,,,,,,,wh3_dlc23_chd_skullcracker_1magma_1dreadquake_add_1dreadquake,,,,,,,,,,,,,,,,,,,,,,,,,,,,,,,,,,,,,,,
unit_upgrade_unlock,warhammer_3,8.1.1,24237342,Chaos Dwarfs,chaos_dwarfs,wh3_dlc23_chd_zhatan,The Warhost of Zharr,wh3_dlc23_chd_chaos_dwarfs,wh3_dlc23_sc_chd_chaos_dwarfs,LOCKED_STANDARD,chd_mil@unspecified_campaign,generic_candidate,Conjunction of nonblank source faction/culture/subculture selectors; campaign condition preserved. Engine precedence is not decoded.,,chd_mil,,wh3_dlc23_chd_chaos_dwarfs,,,wh3_dlc23_tech_chd_third_carriage_hidden,,,wh3_dlc23_tech_chd_third_carriage_hidden,Reach 12 unit capacity for Warmachines to unlock second carriage,HIDDEN,,,,,,,Military Technologies,Chaos Dwarf Military Technology Tree,,,,,,,,,,,,unit_upgrade_to_tech_requirements_tables,db/unit_upgrade_to_tech_requirements_tables/data__.tsv,127,wh3_dlc23_tech_chd_third_carriage_hidden|wh3_dlc23_chd_skullcracker_2dreadquake_add_1deathshrieker,,,,,,,,,,,,,,,,,,,,,,,,,,,,,,,,,,,,,,,,,wh3_dlc23_chd_skullcracker_2dreadquake_add_1deathshrieker,,,,,,,,,,,,,,,,,,,,,,,,,,,,,,,,,,,,,,,
unit_upgrade_unlock,warhammer_3,8.1.1,24237342,Chaos Dwarfs,chaos_dwarfs,wh3_dlc23_chd_zhatan,The Warhost of Zharr,wh3_dlc23_chd_chaos_dwarfs,wh3_dlc23_sc_chd_chaos_dwarfs,LOCKED_STANDARD,chd_mil@unspecified_campaign,generic_candidate,Conjunction of nonblank source faction/culture/subculture selectors; campaign condition preserved. Engine precedence is not decoded.,,chd_mil,,wh3_dlc23_chd_chaos_dwarfs,,,wh3_dlc23_tech_chd_third_carriage_hidden,,,wh3_dlc23_tech_chd_third_carriage_hidden,Reach 12 unit capacity for Warmachines to unlock second carriage,HIDDEN,,,,,,,Military Technologies,Chaos Dwarf Military Technology Tree,,,,,,,,,,,,unit_upgrade_to_tech_requirements_tables,db/unit_upgrade_to_tech_requirements_tables/data__.tsv,128,wh3_dlc23_tech_chd_third_carriage_hidden|wh3_dlc23_chd_skullcracker_2dreadquake_add_1dreadquake,,,,,,,,,,,,,,,,,,,,,,,,,,,,,,,,,,,,,,,,,wh3_dlc23_chd_skullcracker_2dreadquake_add_1dreadquake,,,,,,,,,,,,,,,,,,,,,,,,,,,,,,,,,,,,,,,
unit_upgrade_unlock,warhammer_3,8.1.1,24237342,Chaos Dwarfs,chaos_dwarfs,wh3_dlc23_chd_zhatan,The Warhost of Zharr,wh3_dlc23_chd_chaos_dwarfs,wh3_dlc23_sc_chd_chaos_dwarfs,LOCKED_STANDARD,chd_mil@unspecified_campaign,generic_candidate,Conjunction of nonblank source faction/culture/subculture selectors; campaign condition preserved. Engine precedence is not decoded.,,chd_mil,,wh3_dlc23_chd_chaos_dwarfs,,,wh3_dlc23_tech_chd_third_carriage_hidden,,,wh3_dlc23_tech_chd_third_carriage_hidden,Reach 12 unit capacity for Warmachines to unlock second carriage,HIDDEN,,,,,,,Military Technologies,Chaos Dwarf Military Technology Tree,,,,,,,,,,,,unit_upgrade_to_tech_requirements_tables,db/unit_upgrade_to_tech_requirements_tables/data__.tsv,129,wh3_dlc23_tech_chd_third_carriage_hidden|wh3_dlc23_chd_skullcracker_2dreadquake_add_1magma,,,,,,,,,,,,,,,,,,,,,,,,,,,,,,,,,,,,,,,,,wh3_dlc23_chd_skullcracker_2dreadquake_add_1magma,,,,,,,,,,,,,,,,,,,,,,,,,,,,,,,,,,,,,,,
node,warhammer_3,8.1.1,24237342,Chaos Dwarfs,chaos_dwarfs,wh3_dlc23_chd_zhatan,The Warhost of Zharr,wh3_dlc23_chd_chaos_dwarfs,wh3_dlc23_sc_chd_chaos_dwarfs,LOCKED_STANDARD,chd_mil@unspecified_campaign,generic_candidate,Conjunction of nonblank source faction/culture/subculture selectors; campaign condition preserved. Engine precedence is not decoded.,,chd_mil,,wh3_dlc23_chd_chaos_dwarfs,,,wh3_dlc23_tech_chd_second_carriage_hidden,,,wh3_dlc23_tech_chd_second_carriage_hidden,Reach 10 unit capacity for Warmachines to unlock second carriage,HIDDEN,,,,,,,Military Technologies,Chaos Dwarf Military Technology Tree,,,,,,,,,,,hidden,technology_nodes_tables,db/technology_nodes_tables/data__.tsv,849,wh3_dlc23_tech_chd_second_carriage_hidden,,,,,,,,999,999,100,0,0,,,0,0,0,,,,,,,,,,,,,,,,,,,,,,,,,,,,,,,,,,,,,,,,,,,,,,,,,,,,,,,,,,,,,,,
technology,warhammer_3,8.1.1,24237342,Chaos Dwarfs,chaos_dwarfs,wh3_dlc23_chd_zhatan,The Warhost of Zharr,wh3_dlc23_chd_chaos_dwarfs,wh3_dlc23_sc_chd_chaos_dwarfs,LOCKED_STANDARD,chd_mil@unspecified_campaign,generic_candidate,Conjunction of nonblank source faction/culture/subculture selectors; campaign condition preserved. Engine precedence is not decoded.,,chd_mil,,wh3_dlc23_chd_chaos_dwarfs,,,wh3_dlc23_tech_chd_second_carriage_hidden,,,wh3_dlc23_tech_chd_second_carriage_hidden,Reach 10 unit capacity for Warmachines to unlock second carriage,HIDDEN,,,,,,,Military Technologies,Chaos Dwarf Military Technology Tree,,,,,,,,,,,,technologies_tables,db/technologies_tables/data__.tsv,717,wh3_dlc23_tech_chd_second_carriage_hidden,,,,,,,,,,,,,,,,,,wh_main_chs_port_ruin,1,.,false,false,placeholder.tga,1986602649,false,false,true,true,,,,,,,,,,,,,,,,,,,,,,,,,,,,,,,,,,,,,,,,,,,,,,,,,,,,
effect,warhammer_3,8.1.1,24237342,Chaos Dwarfs,chaos_dwarfs,wh3_dlc23_chd_zhatan,The Warhost of Zharr,wh3_dlc23_chd_chaos_dwarfs,wh3_dlc23_sc_chd_chaos_dwarfs,LOCKED_STANDARD,chd_mil@unspecified_campaign,generic_candidate,Conjunction of nonblank source faction/culture/subculture selectors; campaign condition preserved. Engine precedence is not decoded.,,chd_mil,,wh3_dlc23_chd_chaos_dwarfs,,,wh3_dlc23_tech_chd_second_carriage_hidden,,,wh3_dlc23_tech_chd_second_carriage_hidden,Reach 10 unit capacity for Warmachines to unlock second carriage,HIDDEN,,wh3_dlc23_tech_unlock_2_carriages_context_dummy,faction_to_faction_own_unseen,1.0000,Unlocks a second carriage slot for your Iron Daemon or Skull Cracker,,Military Technologies,Chaos Dwarf Military Technology Tree,,,,,,,,,,,,technology_effects_junction_tables,db/technology_effects_junction_tables/data__.tsv,1473,wh3_dlc23_tech_chd_second_carriage_hidden|wh3_dlc23_tech_unlock_2_carriages_context_dummy,,,,,,,,,,,,,,,,,,,,,,,,,,,,,,,,,,,,,,,,,,,,,,,,,,,,,,,,,,,,,,,,,,,,,,,,,,,,army.png,0,army.png,campaign,true
unit_upgrade_unlock,warhammer_3,8.1.1,24237342,Chaos Dwarfs,chaos_dwarfs,wh3_dlc23_chd_zhatan,The Warhost of Zharr,wh3_dlc23_chd_chaos_dwarfs,wh3_dlc23_sc_chd_chaos_dwarfs,LOCKED_STANDARD,chd_mil@unspecified_campaign,generic_candidate,Conjunction of nonblank source faction/culture/subculture selectors; campaign condition preserved. Engine precedence is not decoded.,,chd_mil,,wh3_dlc23_chd_chaos_dwarfs,,,wh3_dlc23_tech_chd_second_carriage_hidden,,,wh3_dlc23_tech_chd_second_carriage_hidden,Reach 10 unit capacity for Warmachines to unlock second carriage,HIDDEN,,,,,,,Military Technologies,Chaos Dwarf Military Technology Tree,,,,,,,,,,,,unit_upgrade_to_tech_requirements_tables,db/unit_upgrade_to_tech_requirements_tables/data__.tsv,101,wh3_dlc23_tech_chd_second_carriage_hidden|wh3_dlc23_chd_iron_daemon_1deathshrieker_add_1dreadquake,,,,,,,,,,,,,,,,,,,,,,,,,,,,,,,,,,,,,,,,,wh3_dlc23_chd_iron_daemon_1deathshrieker_add_1dreadquake,,,,,,,,,,,,,,,,,,,,,,,,,,,,,,,,,,,,,,,
unit_upgrade_unlock,warhammer_3,8.1.1,24237342,Chaos Dwarfs,chaos_dwarfs,wh3_dlc23_chd_zhatan,The Warhost of Zharr,wh3_dlc23_chd_chaos_dwarfs,wh3_dlc23_sc_chd_chaos_dwarfs,LOCKED_STANDARD,chd_mil@unspecified_campaign,generic_candidate,Conjunction of nonblank source faction/culture/subculture selectors; campaign condition preserved. Engine precedence is not decoded.,,chd_mil,,wh3_dlc23_chd_chaos_dwarfs,,,wh3_dlc23_tech_chd_second_carriage_hidden,,,wh3_dlc23_tech_chd_second_carriage_hidden,Reach 10 unit capacity for Warmachines to unlock second carriage,HIDDEN,,,,,,,Military Technologies,Chaos Dwarf Military Technology Tree,,,,,,,,,,,,unit_upgrade_to_tech_requirements_tables,db/unit_upgrade_to_tech_requirements_tables/data__.tsv,102,wh3_dlc23_tech_chd_second_carriage_hidden|wh3_dlc23_chd_iron_daemon_1dreadquake_add_1deathshrieker,,,,,,,,,,,,,,,,,,,,,,,,,,,,,,,,,,,,,,,,,wh3_dlc23_chd_iron_daemon_1dreadquake_add_1deathshrieker,,,,,,,,,,,,,,,,,,,,,,,,,,,,,,,,,,,,,,,
unit_upgrade_unlock,warhammer_3,8.1.1,24237342,Chaos Dwarfs,chaos_dwarfs,wh3_dlc23_chd_zhatan,The Warhost of Zharr,wh3_dlc23_chd_chaos_dwarfs,wh3_dlc23_sc_chd_chaos_dwarfs,LOCKED_STANDARD,chd_mil@unspecified_campaign,generic_candidate,Conjunction of nonblank source faction/culture/subculture selectors; campaign condition preserved. Engine precedence is not decoded.,,chd_mil,,wh3_dlc23_chd_chaos_dwarfs,,,wh3_dlc23_tech_chd_second_carriage_hidden,,,wh3_dlc23_tech_chd_second_carriage_hidden,Reach 10 unit capacity for Warmachines to unlock second carriage,HIDDEN,,,,,,,Military Technologies,Chaos Dwarf Military Technology Tree,,,,,,,,,,,,unit_upgrade_to_tech_requirements_tables,db/unit_upgrade_to_tech_requirements_tables/data__.tsv,103,wh3_dlc23_tech_chd_second_carriage_hidden|wh3_dlc23_chd_iron_daemon_1dreadquake_add_1dreadquake,,,,,,,,,,,,,,,,,,,,,,,,,,,,,,,,,,,,,,,,,wh3_dlc23_chd_iron_daemon_1dreadquake_add_1dreadquake,,,,,,,,,,,,,,,,,,,,,,,,,,,,,,,,,,,,,,,
unit_upgrade_unlock,warhammer_3,8.1.1,24237342,Chaos Dwarfs,chaos_dwarfs,wh3_dlc23_chd_zhatan,The Warhost of Zharr,wh3_dlc23_chd_chaos_dwarfs,wh3_dlc23_sc_chd_chaos_dwarfs,LOCKED_STANDARD,chd_mil@unspecified_campaign,generic_candidate,Conjunction of nonblank source faction/culture/subculture selectors; campaign condition preserved. Engine precedence is not decoded.,,chd_mil,,wh3_dlc23_chd_chaos_dwarfs,,,wh3_dlc23_tech_chd_second_carriage_hidden,,,wh3_dlc23_tech_chd_second_carriage_hidden,Reach 10 unit capacity for Warmachines to unlock second carriage,HIDDEN,,,,,,,Military Technologies,Chaos Dwarf Military Technology Tree,,,,,,,,,,,,unit_upgrade_to_tech_requirements_tables,db/unit_upgrade_to_tech_requirements_tables/data__.tsv,104,wh3_dlc23_tech_chd_second_carriage_hidden|wh3_dlc23_chd_iron_daemon_1dreadquake_add_1magma,,,,,,,,,,,,,,,,,,,,,,,,,,,,,,,,,,,,,,,,,wh3_dlc23_chd_iron_daemon_1dreadquake_add_1magma,,,,,,,,,,,,,,,,,,,,,,,,,,,,,,,,,,,,,,,
unit_upgrade_unlock,warhammer_3,8.1.1,24237342,Chaos Dwarfs,chaos_dwarfs,wh3_dlc23_chd_zhatan,The Warhost of Zharr,wh3_dlc23_chd_chaos_dwarfs,wh3_dlc23_sc_chd_chaos_dwarfs,LOCKED_STANDARD,chd_mil@unspecified_campaign,generic_candidate,Conjunction of nonblank source faction/culture/subculture selectors; campaign condition preserved. Engine precedence is not decoded.,,chd_mil,,wh3_dlc23_chd_chaos_dwarfs,,,wh3_dlc23_tech_chd_second_carriage_hidden,,,wh3_dlc23_tech_chd_second_carriage_hidden,Reach 10 unit capacity for Warmachines to unlock second carriage,HIDDEN,,,,,,,Military Technologies,Chaos Dwarf Military Technology Tree,,,,,,,,,,,,unit_upgrade_to_tech_requirements_tables,db/unit_upgrade_to_tech_requirements_tables/data__.tsv,106,wh3_dlc23_tech_chd_second_carriage_hidden|wh3_dlc23_chd_iron_daemon_1magma_add_1dreadquake,,,,,,,,,,,,,,,,,,,,,,,,,,,,,,,,,,,,,,,,,wh3_dlc23_chd_iron_daemon_1magma_add_1dreadquake,,,,,,,,,,,,,,,,,,,,,,,,,,,,,,,,,,,,,,,
unit_upgrade_unlock,warhammer_3,8.1.1,24237342,Chaos Dwarfs,chaos_dwarfs,wh3_dlc23_chd_zhatan,The Warhost of Zharr,wh3_dlc23_chd_chaos_dwarfs,wh3_dlc23_sc_chd_chaos_dwarfs,LOCKED_STANDARD,chd_mil@unspecified_campaign,generic_candidate,Conjunction of nonblank source faction/culture/subculture selectors; campaign condition preserved. Engine precedence is not decoded.,,chd_mil,,wh3_dlc23_chd_chaos_dwarfs,,,wh3_dlc23_tech_chd_second_carriage_hidden,,,wh3_dlc23_tech_chd_second_carriage_hidden,Reach 10 unit capacity for Warmachines to unlock second carriage,HIDDEN,,,,,,,Military Technologies,Chaos Dwarf Military Technology Tree,,,,,,,,,,,,unit_upgrade_to_tech_requirements_tables,db/unit_upgrade_to_tech_requirements_tables/data__.tsv,111,wh3_dlc23_tech_chd_second_carriage_hidden|wh3_dlc23_chd_iron_daemon_ror_1deathshrieker_add_1dreadquake,,,,,,,,,,,,,,,,,,,,,,,,,,,,,,,,,,,,,,,,,wh3_dlc23_chd_iron_daemon_ror_1deathshrieker_add_1dreadquake,,,,,,,,,,,,,,,,,,,,,,,,,,,,,,,,,,,,,,,
unit_upgrade_unlock,warhammer_3,8.1.1,24237342,Chaos Dwarfs,chaos_dwarfs,wh3_dlc23_chd_zhatan,The Warhost of Zharr,wh3_dlc23_chd_chaos_dwarfs,wh3_dlc23_sc_chd_chaos_dwarfs,LOCKED_STANDARD,chd_mil@unspecified_campaign,generic_candidate,Conjunction of nonblank source faction/culture/subculture selectors; campaign condition preserved. Engine precedence is not decoded.,,chd_mil,,wh3_dlc23_chd_chaos_dwarfs,,,wh3_dlc23_tech_chd_second_carriage_hidden,,,wh3_dlc23_tech_chd_second_carriage_hidden,Reach 10 unit capacity for Warmachines to unlock second carriage,HIDDEN,,,,,,,Military Technologies,Chaos Dwarf Military Technology Tree,,,,,,,,,,,,unit_upgrade_to_tech_requirements_tables,db/unit_upgrade_to_tech_requirements_tables/data__.tsv,112,wh3_dlc23_tech_chd_second_carriage_hidden|wh3_dlc23_chd_iron_daemon_ror_1dreadquake_add_1deathshrieker,,,,,,,,,,,,,,,,,,,,,,,,,,,,,,,,,,,,,,,,,wh3_dlc23_chd_iron_daemon_ror_1dreadquake_add_1deathshrieker,,,,,,,,,,,,,,,,,,,,,,,,,,,,,,,,,,,,,,,
unit_upgrade_unlock,warhammer_3,8.1.1,24237342,Chaos Dwarfs,chaos_dwarfs,wh3_dlc23_chd_zhatan,The Warhost of Zharr,wh3_dlc23_chd_chaos_dwarfs,wh3_dlc23_sc_chd_chaos_dwarfs,LOCKED_STANDARD,chd_mil@unspecified_campaign,generic_candidate,Conjunction of nonblank source faction/culture/subculture selectors; campaign condition preserved. Engine precedence is not decoded.,,chd_mil,,wh3_dlc23_chd_chaos_dwarfs,,,wh3_dlc23_tech_chd_second_carriage_hidden,,,wh3_dlc23_tech_chd_second_carriage_hidden,Reach 10 unit capacity for Warmachines to unlock second carriage,HIDDEN,,,,,,,Military Technologies,Chaos Dwarf Military Technology Tree,,,,,,,,,,,,unit_upgrade_to_tech_requirements_tables,db/unit_upgrade_to_tech_requirements_tables/data__.tsv,113,wh3_dlc23_tech_chd_second_carriage_hidden|wh3_dlc23_chd_iron_daemon_ror_1dreadquake_add_1dreadquake,,,,,,,,,,,,,,,,,,,,,,,,,,,,,,,,,,,,,,,,,wh3_dlc23_chd_iron_daemon_ror_1dreadquake_add_1dreadquake,,,,,,,,,,,,,,,,,,,,,,,,,,,,,,,,,,,,,,,
unit_upgrade_unlock,warhammer_3,8.1.1,24237342,Chaos Dwarfs,chaos_dwarfs,wh3_dlc23_chd_zhatan,The Warhost of Zharr,wh3_dlc23_chd_chaos_dwarfs,wh3_dlc23_sc_chd_chaos_dwarfs,LOCKED_STANDARD,chd_mil@unspecified_campaign,generic_candidate,Conjunction of nonblank source faction/culture/subculture selectors; campaign condition preserved. Engine precedence is not decoded.,,chd_mil,,wh3_dlc23_chd_chaos_dwarfs,,,wh3_dlc23_tech_chd_second_carriage_hidden,,,wh3_dlc23_tech_chd_second_carriage_hidden,Reach 10 unit capacity for Warmachines to unlock second carriage,HIDDEN,,,,,,,Military Technologies,Chaos Dwarf Military Technology Tree,,,,,,,,,,,,unit_upgrade_to_tech_requirements_tables,db/unit_upgrade_to_tech_requirements_tables/data__.tsv,114,wh3_dlc23_tech_chd_second_carriage_hidden|wh3_dlc23_chd_iron_daemon_ror_1dreadquake_add_1magma,,,,,,,,,,,,,,,,,,,,,,,,,,,,,,,,,,,,,,,,,wh3_dlc23_chd_iron_daemon_ror_1dreadquake_add_1magma,,,,,,,,,,,,,,,,,,,,,,,,,,,,,,,,,,,,,,,
unit_upgrade_unlock,warhammer_3,8.1.1,24237342,Chaos Dwarfs,chaos_dwarfs,wh3_dlc23_chd_zhatan,The Warhost of Zharr,wh3_dlc23_chd_chaos_dwarfs,wh3_dlc23_sc_chd_chaos_dwarfs,LOCKED_STANDARD,chd_mil@unspecified_campaign,generic_candidate,Conjunction of nonblank source faction/culture/subculture selectors; campaign condition preserved. Engine precedence is not decoded.,,chd_mil,,wh3_dlc23_chd_chaos_dwarfs,,,wh3_dlc23_tech_chd_second_carriage_hidden,,,wh3_dlc23_tech_chd_second_carriage_hidden,Reach 10 unit capacity for Warmachines to unlock second carriage,HIDDEN,,,,,,,Military Technologies,Chaos Dwarf Military Technology Tree,,,,,,,,,,,,unit_upgrade_to_tech_requirements_tables,db/unit_upgrade_to_tech_requirements_tables/data__.tsv,116,wh3_dlc23_tech_chd_second_carriage_hidden|wh3_dlc23_chd_iron_daemon_ror_1magma_add_1dreadquake,,,,,,,,,,,,,,,,,,,,,,,,,,,,,,,,,,,,,,,,,wh3_dlc23_chd_iron_daemon_ror_1magma_add_1dreadquake,,,,,,,,,,,,,,,,,,,,,,,,,,,,,,,,,,,,,,,
unit_upgrade_unlock,warhammer_3,8.1.1,24237342,Chaos Dwarfs,chaos_dwarfs,wh3_dlc23_chd_zhatan,The Warhost of Zharr,wh3_dlc23_chd_chaos_dwarfs,wh3_dlc23_sc_chd_chaos_dwarfs,LOCKED_STANDARD,chd_mil@unspecified_campaign,generic_candidate,Conjunction of nonblank source faction/culture/subculture selectors; campaign condition preserved. Engine precedence is not decoded.,,chd_mil,,wh3_dlc23_chd_chaos_dwarfs,,,wh3_dlc23_tech_chd_second_carriage_hidden,,,wh3_dlc23_tech_chd_second_carriage_hidden,Reach 10 unit capacity for Warmachines to unlock second carriage,HIDDEN,,,,,,,Military Technologies,Chaos Dwarf Military Technology Tree,,,,,,,,,,,,unit_upgrade_to_tech_requirements_tables,db/unit_upgrade_to_tech_requirements_tables/data__.tsv,121,wh3_dlc23_tech_chd_second_carriage_hidden|wh3_dlc23_chd_skullcracker_1deathshrieker_add_1dreadquake,,,,,,,,,,,,,,,,,,,,,,,,,,,,,,,,,,,,,,,,,wh3_dlc23_chd_skullcracker_1deathshrieker_add_1dreadquake,,,,,,,,,,,,,,,,,,,,,,,,,,,,,,,,,,,,,,,
unit_upgrade_unlock,warhammer_3,8.1.1,24237342,Chaos Dwarfs,chaos_dwarfs,wh3_dlc23_chd_zhatan,The Warhost of Zharr,wh3_dlc23_chd_chaos_dwarfs,wh3_dlc23_sc_chd_chaos_dwarfs,LOCKED_STANDARD,chd_mil@unspecified_campaign,generic_candidate,Conjunction of nonblank source faction/culture/subculture selectors; campaign condition preserved. Engine precedence is not decoded.,,chd_mil,,wh3_dlc23_chd_chaos_dwarfs,,,wh3_dlc23_tech_chd_second_carriage_hidden,,,wh3_dlc23_tech_chd_second_carriage_hidden,Reach 10 unit capacity for Warmachines to unlock second carriage,HIDDEN,,,,,,,Military Technologies,Chaos Dwarf Military Technology Tree,,,,,,,,,,,,unit_upgrade_to_tech_requirements_tables,db/unit_upgrade_to_tech_requirements_tables/data__.tsv,122,wh3_dlc23_tech_chd_second_carriage_hidden|wh3_dlc23_chd_skullcracker_1dreadquake_add_1deathshrieker,,,,,,,,,,,,,,,,,,,,,,,,,,,,,,,,,,,,,,,,,wh3_dlc23_chd_skullcracker_1dreadquake_add_1deathshrieker,,,,,,,,,,,,,,,,,,,,,,,,,,,,,,,,,,,,,,,
unit_upgrade_unlock,warhammer_3,8.1.1,24237342,Chaos Dwarfs,chaos_dwarfs,wh3_dlc23_chd_zhatan,The Warhost of Zharr,wh3_dlc23_chd_chaos_dwarfs,wh3_dlc23_sc_chd_chaos_dwarfs,LOCKED_STANDARD,chd_mil@unspecified_campaign,generic_candidate,Conjunction of nonblank source faction/culture/subculture selectors; campaign condition preserved. Engine precedence is not decoded.,,chd_mil,,wh3_dlc23_chd_chaos_dwarfs,,,wh3_dlc23_tech_chd_second_carriage_hidden,,,wh3_dlc23_tech_chd_second_carriage_hidden,Reach 10 unit capacity for Warmachines to unlock second carriage,HIDDEN,,,,,,,Military Technologies,Chaos Dwarf Military Technology Tree,,,,,,,,,,,,unit_upgrade_to_tech_requirements_tables,db/unit_upgrade_to_tech_requirements_tables/data__.tsv,123,wh3_dlc23_tech_chd_second_carriage_hidden|wh3_dlc23_chd_skullcracker_1dreadquake_add_1dreadquake,,,,,,,,,,,,,,,,,,,,,,,,,,,,,,,,,,,,,,,,,wh3_dlc23_chd_skullcracker_1dreadquake_add_1dreadquake,,,,,,,,,,,,,,,,,,,,,,,,,,,,,,,,,,,,,,,
unit_upgrade_unlock,warhammer_3,8.1.1,24237342,Chaos Dwarfs,chaos_dwarfs,wh3_dlc23_chd_zhatan,The Warhost of Zharr,wh3_dlc23_chd_chaos_dwarfs,wh3_dlc23_sc_chd_chaos_dwarfs,LOCKED_STANDARD,chd_mil@unspecified_campaign,generic_candidate,Conjunction of nonblank source faction/culture/subculture selectors; campaign condition preserved. Engine precedence is not decoded.,,chd_mil,,wh3_dlc23_chd_chaos_dwarfs,,,wh3_dlc23_tech_chd_second_carriage_hidden,,,wh3_dlc23_tech_chd_second_carriage_hidden,Reach 10 unit capacity for Warmachines to unlock second carriage,HIDDEN,,,,,,,Military Technologies,Chaos Dwarf Military Technology Tree,,,,,,,,,,,,unit_upgrade_to_tech_requirements_tables,db/unit_upgrade_to_tech_requirements_tables/data__.tsv,124,wh3_dlc23_tech_chd_second_carriage_hidden|wh3_dlc23_chd_skullcracker_1dreadquake_add_1magma,,,,,,,,,,,,,,,,,,,,,,,,,,,,,,,,,,,,,,,,,wh3_dlc23_chd_skullcracker_1dreadquake_add_1magma,,,,,,,,,,,,,,,,,,,,,,,,,,,,,,,,,,,,,,,
unit_upgrade_unlock,warhammer_3,8.1.1,24237342,Chaos Dwarfs,chaos_dwarfs,wh3_dlc23_chd_zhatan,The Warhost of Zharr,wh3_dlc23_chd_chaos_dwarfs,wh3_dlc23_sc_chd_chaos_dwarfs,LOCKED_STANDARD,chd_mil@unspecified_campaign,generic_candidate,Conjunction of nonblank source faction/culture/subculture selectors; campaign condition preserved. Engine precedence is not decoded.,,chd_mil,,wh3_dlc23_chd_chaos_dwarfs,,,wh3_dlc23_tech_chd_second_carriage_hidden,,,wh3_dlc23_tech_chd_second_carriage_hidden,Reach 10 unit capacity for Warmachines to unlock second carriage,HIDDEN,,,,,,,Military Technologies,Chaos Dwarf Military Technology Tree,,,,,,,,,,,,unit_upgrade_to_tech_requirements_tables,db/unit_upgrade_to_tech_requirements_tables/data__.tsv,126,wh3_dlc23_tech_chd_second_carriage_hidden|wh3_dlc23_chd_skullcracker_1magma_add_1dreadquake,,,,,,,,,,,,,,,,,,,,,,,,,,,,,,,,,,,,,,,,,wh3_dlc23_chd_skullcracker_1magma_add_1dreadquake,,,,,,,,,,,,,,,,,,,,,,,,,,,,,,,,,,,,,,,
dependency_link,warhammer_3,8.1.1,24237342,Chaos Dwarfs,chaos_dwarfs,wh3_dlc23_chd_zhatan,The Warhost of Zharr,wh3_dlc23_chd_chaos_dwarfs,wh3_dlc23_sc_chd_chaos_dwarfs,LOCKED_STANDARD,chd_mil@unspecified_campaign,generic_candidate,Conjunction of nonblank source faction/culture/subculture selectors; campaign condition preserved. Engine precedence is not decoded.,,chd_mil,,wh3_dlc23_chd_chaos_dwarfs,,,,,,,,,,,,,,,Military Technologies,Chaos Dwarf Military Technology Tree,,,,,,,,wh3_dlc23_tech_chd_industry_10,wh3_dlc23_tech_chd_industry_14,node_parent,endpoint_resolved,technology_node_links_tables,db/technology_node_links_tables/data__.tsv,683,wh3_dlc23_tech_chd_industry_14|wh3_dlc23_tech_chd_industry_10,,,,,,,,,,,,,,,,,,,,,,,,,,,,,0,1,2,0.0000,0.0000,true,,,,,,,,,,,,,,,,,,,,,,,,,,,,,,,,,,,,,,,,,,,,,,
dependency_link,warhammer_3,8.1.1,24237342,Chaos Dwarfs,chaos_dwarfs,wh3_dlc23_chd_zhatan,The Warhost of Zharr,wh3_dlc23_chd_chaos_dwarfs,wh3_dlc23_sc_chd_chaos_dwarfs,LOCKED_STANDARD,chd_mil@unspecified_campaign,generic_candidate,Conjunction of nonblank source faction/culture/subculture selectors; campaign condition preserved. Engine precedence is not decoded.,,chd_mil,,wh3_dlc23_chd_chaos_dwarfs,,,,,,,,,,,,,,,Military Technologies,Chaos Dwarf Military Technology Tree,,,,,,,,wh3_dlc23_tech_chd_industry_11,wh3_dlc23_tech_chd_industry_15,node_parent,endpoint_resolved,technology_node_links_tables,db/technology_node_links_tables/data__.tsv,684,wh3_dlc23_tech_chd_industry_15|wh3_dlc23_tech_chd_industry_11,,,,,,,,,,,,,,,,,,,,,,,,,,,,,0,1,3,0.0000,0.0000,true,,,,,,,,,,,,,,,,,,,,,,,,,,,,,,,,,,,,,,,,,,,,,,
dependency_link,warhammer_3,8.1.1,24237342,Chaos Dwarfs,chaos_dwarfs,wh3_dlc23_chd_zhatan,The Warhost of Zharr,wh3_dlc23_chd_chaos_dwarfs,wh3_dlc23_sc_chd_chaos_dwarfs,LOCKED_STANDARD,chd_mil@unspecified_campaign,generic_candidate,Conjunction of nonblank source faction/culture/subculture selectors; campaign condition preserved. Engine precedence is not decoded.,,chd_mil,,wh3_dlc23_chd_chaos_dwarfs,,,,,,,,,,,,,,,Military Technologies,Chaos Dwarf Military Technology Tree,,,,,,,,wh3_dlc23_tech_chd_industry_12,wh3_dlc23_tech_chd_industry_16,node_parent,endpoint_resolved,technology_node_links_tables,db/technology_node_links_tables/data__.tsv,685,wh3_dlc23_tech_chd_industry_16|wh3_dlc23_tech_chd_industry_12,,,,,,,,,,,,,,,,,,,,,,,,,,,,,0,1,3,0.0000,0.0000,true,,,,,,,,,,,,,,,,,,,,,,,,,,,,,,,,,,,,,,,,,,,,,,
dependency_link,warhammer_3,8.1.1,24237342,Chaos Dwarfs,chaos_dwarfs,wh3_dlc23_chd_zhatan,The Warhost of Zharr,wh3_dlc23_chd_chaos_dwarfs,wh3_dlc23_sc_chd_chaos_dwarfs,LOCKED_STANDARD,chd_mil@unspecified_campaign,generic_candidate,Conjunction of nonblank source faction/culture/subculture selectors; campaign condition preserved. Engine precedence is not decoded.,,chd_mil,,wh3_dlc23_chd_chaos_dwarfs,,,,,,,,,,,,,,,Military Technologies,Chaos Dwarf Military Technology Tree,,,,,,,,wh3_dlc23_tech_chd_industry_15,wh3_dlc23_tech_chd_industry_17,node_parent,endpoint_resolved,technology_node_links_tables,db/technology_node_links_tables/data__.tsv,686,wh3_dlc23_tech_chd_industry_17|wh3_dlc23_tech_chd_industry_15,,,,,,,,,,,,,,,,,,,,,,,,,,,,,0,1,3,0.0000,0.0000,true,,,,,,,,,,,,,,,,,,,,,,,,,,,,,,,,,,,,,,,,,,,,,,
dependency_link,warhammer_3,8.1.1,24237342,Chaos Dwarfs,chaos_dwarfs,wh3_dlc23_chd_zhatan,The Warhost of Zharr,wh3_dlc23_chd_chaos_dwarfs,wh3_dlc23_sc_chd_chaos_dwarfs,LOCKED_STANDARD,chd_mil@unspecified_campaign,generic_candidate,Conjunction of nonblank source faction/culture/subculture selectors; campaign condition preserved. Engine precedence is not decoded.,,chd_mil,,wh3_dlc23_chd_chaos_dwarfs,,,,,,,,,,,,,,,Military Technologies,Chaos Dwarf Military Technology Tree,,,,,,,,wh3_dlc23_tech_chd_industry_16,wh3_dlc23_tech_chd_industry_18,node_parent,endpoint_resolved,technology_node_links_tables,db/technology_node_links_tables/data__.tsv,687,wh3_dlc23_tech_chd_industry_18|wh3_dlc23_tech_chd_industry_16,,,,,,,,,,,,,,,,,,,,,,,,,,,,,0,1,3,0.0000,0.0000,true,,,,,,,,,,,,,,,,,,,,,,,,,,,,,,,,,,,,,,,,,,,,,,
dependency_link,warhammer_3,8.1.1,24237342,Chaos Dwarfs,chaos_dwarfs,wh3_dlc23_chd_zhatan,The Warhost of Zharr,wh3_dlc23_chd_chaos_dwarfs,wh3_dlc23_sc_chd_chaos_dwarfs,LOCKED_STANDARD,chd_mil@unspecified_campaign,generic_candidate,Conjunction of nonblank source faction/culture/subculture selectors; campaign condition preserved. Engine precedence is not decoded.,,chd_mil,,wh3_dlc23_chd_chaos_dwarfs,,,,,,,,,,,,,,,Military Technologies,Chaos Dwarf Military Technology Tree,,,,,,,,wh3_dlc23_tech_chd_industry_17,wh3_dlc23_tech_chd_industry_20,node_parent,endpoint_resolved,technology_node_links_tables,db/technology_node_links_tables/data__.tsv,688,wh3_dlc23_tech_chd_industry_20|wh3_dlc23_tech_chd_industry_17,,,,,,,,,,,,,,,,,,,,,,,,,,,,,0,1,3,0.0000,0.0000,true,,,,,,,,,,,,,,,,,,,,,,,,,,,,,,,,,,,,,,,,,,,,,,
dependency_link,warhammer_3,8.1.1,24237342,Chaos Dwarfs,chaos_dwarfs,wh3_dlc23_chd_zhatan,The Warhost of Zharr,wh3_dlc23_chd_chaos_dwarfs,wh3_dlc23_sc_chd_chaos_dwarfs,LOCKED_STANDARD,chd_mil@unspecified_campaign,generic_candidate,Conjunction of nonblank source faction/culture/subculture selectors; campaign condition preserved. Engine precedence is not decoded.,,chd_mil,,wh3_dlc23_chd_chaos_dwarfs,,,,,,,,,,,,,,,Military Technologies,Chaos Dwarf Military Technology Tree,,,,,,,,wh3_dlc23_tech_chd_industry_18,wh3_dlc23_tech_chd_industry_21,node_parent,endpoint_resolved,technology_node_links_tables,db/technology_node_links_tables/data__.tsv,689,wh3_dlc23_tech_chd_industry_21|wh3_dlc23_tech_chd_industry_18,,,,,,,,,,,,,,,,,,,,,,,,,,,,,0,1,3,0.0000,0.0000,true,,,,,,,,,,,,,,,,,,,,,,,,,,,,,,,,,,,,,,,,,,,,,,
dependency_link,warhammer_3,8.1.1,24237342,Chaos Dwarfs,chaos_dwarfs,wh3_dlc23_chd_zhatan,The Warhost of Zharr,wh3_dlc23_chd_chaos_dwarfs,wh3_dlc23_sc_chd_chaos_dwarfs,LOCKED_STANDARD,chd_mil@unspecified_campaign,generic_candidate,Conjunction of nonblank source faction/culture/subculture selectors; campaign condition preserved. Engine precedence is not decoded.,,chd_mil,,wh3_dlc23_chd_chaos_dwarfs,,,,,,,,,,,,,,,Military Technologies,Chaos Dwarf Military Technology Tree,,,,,,,,wh3_dlc23_tech_chd_industry_1,wh3_dlc23_tech_chd_industry_9,node_parent,endpoint_resolved,technology_node_links_tables,db/technology_node_links_tables/data__.tsv,690,wh3_dlc23_tech_chd_industry_9|wh3_dlc23_tech_chd_industry_1,,,,,,,,,,,,,,,,,,,,,,,,,,,,,0,1,4,0.0000,0.0000,true,,,,,,,,,,,,,,,,,,,,,,,,,,,,,,,,,,,,,,,,,,,,,,
dependency_link,warhammer_3,8.1.1,24237342,Chaos Dwarfs,chaos_dwarfs,wh3_dlc23_chd_zhatan,The Warhost of Zharr,wh3_dlc23_chd_chaos_dwarfs,wh3_dlc23_sc_chd_chaos_dwarfs,LOCKED_STANDARD,chd_mil@unspecified_campaign,generic_candidate,Conjunction of nonblank source faction/culture/subculture selectors; campaign condition preserved. Engine precedence is not decoded.,,chd_mil,,wh3_dlc23_chd_chaos_dwarfs,,,,,,,,,,,,,,,Military Technologies,Chaos Dwarf Military Technology Tree,,,,,,,,wh3_dlc23_tech_chd_industry_20,wh3_dlc23_tech_chd_industry_19,node_parent,endpoint_resolved,technology_node_links_tables,db/technology_node_links_tables/data__.tsv,691,wh3_dlc23_tech_chd_industry_19|wh3_dlc23_tech_chd_industry_20,,,,,,,,,,,,,,,,,,,,,,,,,,,,,0,4,2,0.0000,0.0000,true,,,,,,,,,,,,,,,,,,,,,,,,,,,,,,,,,,,,,,,,,,,,,,
dependency_link,warhammer_3,8.1.1,24237342,Chaos Dwarfs,chaos_dwarfs,wh3_dlc23_chd_zhatan,The Warhost of Zharr,wh3_dlc23_chd_chaos_dwarfs,wh3_dlc23_sc_chd_chaos_dwarfs,LOCKED_STANDARD,chd_mil@unspecified_campaign,generic_candidate,Conjunction of nonblank source faction/culture/subculture selectors; campaign condition preserved. Engine precedence is not decoded.,,chd_mil,,wh3_dlc23_chd_chaos_dwarfs,,,,,,,,,,,,,,,Military Technologies,Chaos Dwarf Military Technology Tree,,,,,,,,wh3_dlc23_tech_chd_industry_20,wh3_dlc23_tech_chd_industry_23,node_parent,endpoint_resolved,technology_node_links_tables,db/technology_node_links_tables/data__.tsv,692,wh3_dlc23_tech_chd_industry_23|wh3_dlc23_tech_chd_industry_20,,,,,,,,,,,,,,,,,,,,,,,,,,,,,0,1,3,0.0000,0.0000,true,,,,,,,,,,,,,,,,,,,,,,,,,,,,,,,,,,,,,,,,,,,,,,
dependency_link,warhammer_3,8.1.1,24237342,Chaos Dwarfs,chaos_dwarfs,wh3_dlc23_chd_zhatan,The Warhost of Zharr,wh3_dlc23_chd_chaos_dwarfs,wh3_dlc23_sc_chd_chaos_dwarfs,LOCKED_STANDARD,chd_mil@unspecified_campaign,generic_candidate,Conjunction of nonblank source faction/culture/subculture selectors; campaign condition preserved. Engine precedence is not decoded.,,chd_mil,,wh3_dlc23_chd_chaos_dwarfs,,,,,,,,,,,,,,,Military Technologies,Chaos Dwarf Military Technology Tree,,,,,,,,wh3_dlc23_tech_chd_industry_21,wh3_dlc23_tech_chd_industry_22,node_parent,endpoint_resolved,technology_node_links_tables,db/technology_node_links_tables/data__.tsv,693,wh3_dlc23_tech_chd_industry_22|wh3_dlc23_tech_chd_industry_21,,,,,,,,,,,,,,,,,,,,,,,,,,,,,0,2,4,0.0000,0.0000,true,,,,,,,,,,,,,,,,,,,,,,,,,,,,,,,,,,,,,,,,,,,,,,
dependency_link,warhammer_3,8.1.1,24237342,Chaos Dwarfs,chaos_dwarfs,wh3_dlc23_chd_zhatan,The Warhost of Zharr,wh3_dlc23_chd_chaos_dwarfs,wh3_dlc23_sc_chd_chaos_dwarfs,LOCKED_STANDARD,chd_mil@unspecified_campaign,generic_candidate,Conjunction of nonblank source faction/culture/subculture selectors; campaign condition preserved. Engine precedence is not decoded.,,chd_mil,,wh3_dlc23_chd_chaos_dwarfs,,,,,,,,,,,,,,,Military Technologies,Chaos Dwarf Military Technology Tree,,,,,,,,wh3_dlc23_tech_chd_industry_21,wh3_dlc23_tech_chd_industry_24,node_parent,endpoint_resolved,technology_node_links_tables,db/technology_node_links_tables/data__.tsv,694,wh3_dlc23_tech_chd_industry_24|wh3_dlc23_tech_chd_industry_21,,,,,,,,,,,,,,,,,,,,,,,,,,,,,0,1,3,0.0000,0.0000,true,,,,,,,,,,,,,,,,,,,,,,,,,,,,,,,,,,,,,,,,,,,,,,
dependency_link,warhammer_3,8.1.1,24237342,Chaos Dwarfs,chaos_dwarfs,wh3_dlc23_chd_zhatan,The Warhost of Zharr,wh3_dlc23_chd_chaos_dwarfs,wh3_dlc23_sc_chd_chaos_dwarfs,LOCKED_STANDARD,chd_mil@unspecified_campaign,generic_candidate,Conjunction of nonblank source faction/culture/subculture selectors; campaign condition preserved. Engine precedence is not decoded.,,chd_mil,,wh3_dlc23_chd_chaos_dwarfs,,,,,,,,,,,,,,,Military Technologies,Chaos Dwarf Military Technology Tree,,,,,,,,wh3_dlc23_tech_chd_industry_2,wh3_dlc23_tech_chd_industry_1,node_parent,endpoint_resolved,technology_node_links_tables,db/technology_node_links_tables/data__.tsv,695,wh3_dlc23_tech_chd_industry_1|wh3_dlc23_tech_chd_industry_2,,,,,,,,,,,,,,,,,,,,,,,,,,,,,0,4,2,0.0000,0.0000,true,,,,,,,,,,,,,,,,,,,,,,,,,,,,,,,,,,,,,,,,,,,,,,
dependency_link,warhammer_3,8.1.1,24237342,Chaos Dwarfs,chaos_dwarfs,wh3_dlc23_chd_zhatan,The Warhost of Zharr,wh3_dlc23_chd_chaos_dwarfs,wh3_dlc23_sc_chd_chaos_dwarfs,LOCKED_STANDARD,chd_mil@unspecified_campaign,generic_candidate,Conjunction of nonblank source faction/culture/subculture selectors; campaign condition preserved. Engine precedence is not decoded.,,chd_mil,,wh3_dlc23_chd_chaos_dwarfs,,,,,,,,,,,,,,,Military Technologies,Chaos Dwarf Military Technology Tree,,,,,,,,wh3_dlc23_tech_chd_industry_3,wh3_dlc23_tech_chd_industry_2,node_parent,endpoint_resolved,technology_node_links_tables,db/technology_node_links_tables/data__.tsv,696,wh3_dlc23_tech_chd_industry_2|wh3_dlc23_tech_chd_industry_3,,,,,,,,,,,,,,,,,,,,,,,,,,,,,0,4,2,0.0000,0.0000,true,,,,,,,,,,,,,,,,,,,,,,,,,,,,,,,,,,,,,,,,,,,,,,
dependency_link,warhammer_3,8.1.1,24237342,Chaos Dwarfs,chaos_dwarfs,wh3_dlc23_chd_zhatan,The Warhost of Zharr,wh3_dlc23_chd_chaos_dwarfs,wh3_dlc23_sc_chd_chaos_dwarfs,LOCKED_STANDARD,chd_mil@unspecified_campaign,generic_candidate,Conjunction of nonblank source faction/culture/subculture selectors; campaign condition preserved. Engine precedence is not decoded.,,chd_mil,,wh3_dlc23_chd_chaos_dwarfs,,,,,,,,,,,,,,,Military Technologies,Chaos Dwarf Military Technology Tree,,,,,,,,wh3_dlc23_tech_chd_industry_3,wh3_dlc23_tech_chd_industry_7,node_parent,endpoint_resolved,technology_node_links_tables,db/technology_node_links_tables/data__.tsv,697,wh3_dlc23_tech_chd_industry_7|wh3_dlc23_tech_chd_industry_3,,,,,,,,,,,,,,,,,,,,,,,,,,,,,0,1,3,0.0000,0.0000,true,,,,,,,,,,,,,,,,,,,,,,,,,,,,,,,,,,,,,,,,,,,,,,
dependency_link,warhammer_3,8.1.1,24237342,Chaos Dwarfs,chaos_dwarfs,wh3_dlc23_chd_zhatan,The Warhost of Zharr,wh3_dlc23_chd_chaos_dwarfs,wh3_dlc23_sc_chd_chaos_dwarfs,LOCKED_STANDARD,chd_mil@unspecified_campaign,generic_candidate,Conjunction of nonblank source faction/culture/subculture selectors; campaign condition preserved. Engine precedence is not decoded.,,chd_mil,,wh3_dlc23_chd_chaos_dwarfs,,,,,,,,,,,,,,,Military Technologies,Chaos Dwarf Military Technology Tree,,,,,,,,wh3_dlc23_tech_chd_industry_4,wh3_dlc23_tech_chd_industry_5,node_parent,endpoint_resolved,technology_node_links_tables,db/technology_node_links_tables/data__.tsv,698,wh3_dlc23_tech_chd_industry_5|wh3_dlc23_tech_chd_industry_4,,,,,,,,,,,,,,,,,,,,,,,,,,,,,0,2,4,0.0000,0.0000,true,,,,,,,,,,,,,,,,,,,,,,,,,,,,,,,,,,,,,,,,,,,,,,
dependency_link,warhammer_3,8.1.1,24237342,Chaos Dwarfs,chaos_dwarfs,wh3_dlc23_chd_zhatan,The Warhost of Zharr,wh3_dlc23_chd_chaos_dwarfs,wh3_dlc23_sc_chd_chaos_dwarfs,LOCKED_STANDARD,chd_mil@unspecified_campaign,generic_candidate,Conjunction of nonblank source faction/culture/subculture selectors; campaign condition preserved. Engine precedence is not decoded.,,chd_mil,,wh3_dlc23_chd_chaos_dwarfs,,,,,,,,,,,,,,,Military Technologies,Chaos Dwarf Military Technology Tree,,,,,,,,wh3_dlc23_tech_chd_industry_4,wh3_dlc23_tech_chd_industry_8,node_parent,endpoint_resolved,technology_node_links_tables,db/technology_node_links_tables/data__.tsv,699,wh3_dlc23_tech_chd_industry_8|wh3_dlc23_tech_chd_industry_4,,,,,,,,,,,,,,,,,,,,,,,,,,,,,0,1,3,0.0000,0.0000,true,,,,,,,,,,,,,,,,,,,,,,,,,,,,,,,,,,,,,,,,,,,,,,
dependency_link,warhammer_3,8.1.1,24237342,Chaos Dwarfs,chaos_dwarfs,wh3_dlc23_chd_zhatan,The Warhost of Zharr,wh3_dlc23_chd_chaos_dwarfs,wh3_dlc23_sc_chd_chaos_dwarfs,LOCKED_STANDARD,chd_mil@unspecified_campaign,generic_candidate,Conjunction of nonblank source faction/culture/subculture selectors; campaign condition preserved. Engine precedence is not decoded.,,chd_mil,,wh3_dlc23_chd_chaos_dwarfs,,,,,,,,,,,,,,,Military Technologies,Chaos Dwarf Military Technology Tree,,,,,,,,wh3_dlc23_tech_chd_industry_5,wh3_dlc23_tech_chd_industry_6,node_parent,endpoint_resolved,technology_node_links_tables,db/technology_node_links_tables/data__.tsv,700,wh3_dlc23_tech_chd_industry_6|wh3_dlc23_tech_chd_industry_5,,,,,,,,,,,,,,,,,,,,,,,,,,,,,0,2,4,0.0000,0.0000,true,,,,,,,,,,,,,,,,,,,,,,,,,,,,,,,,,,,,,,,,,,,,,,
dependency_link,warhammer_3,8.1.1,24237342,Chaos Dwarfs,chaos_dwarfs,wh3_dlc23_chd_zhatan,The Warhost of Zharr,wh3_dlc23_chd_chaos_dwarfs,wh3_dlc23_sc_chd_chaos_dwarfs,LOCKED_STANDARD,chd_mil@unspecified_campaign,generic_candidate,Conjunction of nonblank source faction/culture/subculture selectors; campaign condition preserved. Engine precedence is not decoded.,,chd_mil,,wh3_dlc23_chd_chaos_dwarfs,,,,,,,,,,,,,,,Military Technologies,Chaos Dwarf Military Technology Tree,,,,,,,,wh3_dlc23_tech_chd_industry_6,wh3_dlc23_tech_chd_industry_10,node_parent,endpoint_resolved,technology_node_links_tables,db/technology_node_links_tables/data__.tsv,701,wh3_dlc23_tech_chd_industry_10|wh3_dlc23_tech_chd_industry_6,,,,,,,,,,,,,,,,,,,,,,,,,,,,,0,1,2,0.0000,0.0000,true,,,,,,,,,,,,,,,,,,,,,,,,,,,,,,,,,,,,,,,,,,,,,,
dependency_link,warhammer_3,8.1.1,24237342,Chaos Dwarfs,chaos_dwarfs,wh3_dlc23_chd_zhatan,The Warhost of Zharr,wh3_dlc23_chd_chaos_dwarfs,wh3_dlc23_sc_chd_chaos_dwarfs,LOCKED_STANDARD,chd_mil@unspecified_campaign,generic_candidate,Conjunction of nonblank source faction/culture/subculture selectors; campaign condition preserved. Engine precedence is not decoded.,,chd_mil,,wh3_dlc23_chd_chaos_dwarfs,,,,,,,,,,,,,,,Military Technologies,Chaos Dwarf Military Technology Tree,,,,,,,,wh3_dlc23_tech_chd_industry_7,wh3_dlc23_tech_chd_industry_11,node_parent,endpoint_resolved,technology_node_links_tables,db/technology_node_links_tables/data__.tsv,702,wh3_dlc23_tech_chd_industry_11|wh3_dlc23_tech_chd_industry_7,,,,,,,,,,,,,,,,,,,,,,,,,,,,,0,1,3,0.0000,0.0000,true,,,,,,,,,,,,,,,,,,,,,,,,,,,,,,,,,,,,,,,,,,,,,,
dependency_link,warhammer_3,8.1.1,24237342,Chaos Dwarfs,chaos_dwarfs,wh3_dlc23_chd_zhatan,The Warhost of Zharr,wh3_dlc23_chd_chaos_dwarfs,wh3_dlc23_sc_chd_chaos_dwarfs,LOCKED_STANDARD,chd_mil@unspecified_campaign,generic_candidate,Conjunction of nonblank source faction/culture/subculture selectors; campaign condition preserved. Engine precedence is not decoded.,,chd_mil,,wh3_dlc23_chd_chaos_dwarfs,,,,,,,,,,,,,,,Military Technologies,Chaos Dwarf Military Technology Tree,,,,,,,,wh3_dlc23_tech_chd_industry_8,wh3_dlc23_tech_chd_industry_12,node_parent,endpoint_resolved,technology_node_links_tables,db/technology_node_links_tables/data__.tsv,703,wh3_dlc23_tech_chd_industry_12|wh3_dlc23_tech_chd_industry_8,,,,,,,,,,,,,,,,,,,,,,,,,,,,,0,1,3,0.0000,0.0000,true,,,,,,,,,,,,,,,,,,,,,,,,,,,,,,,,,,,,,,,,,,,,,,
dependency_link,warhammer_3,8.1.1,24237342,Chaos Dwarfs,chaos_dwarfs,wh3_dlc23_chd_zhatan,The Warhost of Zharr,wh3_dlc23_chd_chaos_dwarfs,wh3_dlc23_sc_chd_chaos_dwarfs,LOCKED_STANDARD,chd_mil@unspecified_campaign,generic_candidate,Conjunction of nonblank source faction/culture/subculture selectors; campaign condition preserved. Engine precedence is not decoded.,,chd_mil,,wh3_dlc23_chd_chaos_dwarfs,,,,,,,,,,,,,,,Military Technologies,Chaos Dwarf Military Technology Tree,,,,,,,,wh3_dlc23_tech_chd_industry_9,wh3_dlc23_tech_chd_industry_13,node_parent,endpoint_resolved,technology_node_links_tables,db/technology_node_links_tables/data__.tsv,704,wh3_dlc23_tech_chd_industry_13|wh3_dlc23_tech_chd_industry_9,,,,,,,,,,,,,,,,,,,,,,,,,,,,,0,1,4,0.0000,0.0000,true,,,,,,,,,,,,,,,,,,,,,,,,,,,,,,,,,,,,,,,,,,,,,,
dependency_link,warhammer_3,8.1.1,24237342,Chaos Dwarfs,chaos_dwarfs,wh3_dlc23_chd_zhatan,The Warhost of Zharr,wh3_dlc23_chd_chaos_dwarfs,wh3_dlc23_sc_chd_chaos_dwarfs,LOCKED_STANDARD,chd_mil@unspecified_campaign,generic_candidate,Conjunction of nonblank source faction/culture/subculture selectors; campaign condition preserved. Engine precedence is not decoded.,,chd_mil,,wh3_dlc23_chd_chaos_dwarfs,,,,,,,,,,,,,,,Military Technologies,Chaos Dwarf Military Technology Tree,,,,,,,,wh3_dlc23_tech_chd_military_13,wh3_dlc23_tech_chd_military_15,node_parent,endpoint_resolved,technology_node_links_tables,db/technology_node_links_tables/data__.tsv,705,wh3_dlc23_tech_chd_military_15|wh3_dlc23_tech_chd_military_13,,,,,,,,,,,,,,,,,,,,,,,,,,,,,0,2,3,0.0000,0.0000,true,,,,,,,,,,,,,,,,,,,,,,,,,,,,,,,,,,,,,,,,,,,,,,
dependency_link,warhammer_3,8.1.1,24237342,Chaos Dwarfs,chaos_dwarfs,wh3_dlc23_chd_zhatan,The Warhost of Zharr,wh3_dlc23_chd_chaos_dwarfs,wh3_dlc23_sc_chd_chaos_dwarfs,LOCKED_STANDARD,chd_mil@unspecified_campaign,generic_candidate,Conjunction of nonblank source faction/culture/subculture selectors; campaign condition preserved. Engine precedence is not decoded.,,chd_mil,,wh3_dlc23_chd_chaos_dwarfs,,,,,,,,,,,,,,,Military Technologies,Chaos Dwarf Military Technology Tree,,,,,,,,wh3_dlc23_tech_chd_military_14,wh3_dlc23_tech_chd_military_16,node_parent,endpoint_resolved,technology_node_links_tables,db/technology_node_links_tables/data__.tsv,706,wh3_dlc23_tech_chd_military_16|wh3_dlc23_tech_chd_military_14,,,,,,,,,,,,,,,,,,,,,,,,,,,,,0,4,3,0.0000,0.0000,true,,,,,,,,,,,,,,,,,,,,,,,,,,,,,,,,,,,,,,,,,,,,,,
dependency_link,warhammer_3,8.1.1,24237342,Chaos Dwarfs,chaos_dwarfs,wh3_dlc23_chd_zhatan,The Warhost of Zharr,wh3_dlc23_chd_chaos_dwarfs,wh3_dlc23_sc_chd_chaos_dwarfs,LOCKED_STANDARD,chd_mil@unspecified_campaign,generic_candidate,Conjunction of nonblank source faction/culture/subculture selectors; campaign condition preserved. Engine precedence is not decoded.,,chd_mil,,wh3_dlc23_chd_chaos_dwarfs,,,,,,,,,,,,,,,Military Technologies,Chaos Dwarf Military Technology Tree,,,,,,,,wh3_dlc23_tech_chd_military_15,wh3_dlc23_tech_chd_military_17,node_parent,endpoint_resolved,technology_node_links_tables,db/technology_node_links_tables/data__.tsv,707,wh3_dlc23_tech_chd_military_17|wh3_dlc23_tech_chd_military_15,,,,,,,,,,,,,,,,,,,,,,,,,,,,,0,2,3,0.0000,0.0000,true,,,,,,,,,,,,,,,,,,,,,,,,,,,,,,,,,,,,,,,,,,,,,,
dependency_link,warhammer_3,8.1.1,24237342,Chaos Dwarfs,chaos_dwarfs,wh3_dlc23_chd_zhatan,The Warhost of Zharr,wh3_dlc23_chd_chaos_dwarfs,wh3_dlc23_sc_chd_chaos_dwarfs,LOCKED_STANDARD,chd_mil@unspecified_campaign,generic_candidate,Conjunction of nonblank source faction/culture/subculture selectors; campaign condition preserved. Engine precedence is not decoded.,,chd_mil,,wh3_dlc23_chd_chaos_dwarfs,,,,,,,,,,,,,,,Military Technologies,Chaos Dwarf Military Technology Tree,,,,,,,,wh3_dlc23_tech_chd_military_16,wh3_dlc23_tech_chd_military_19,node_parent,endpoint_resolved,technology_node_links_tables,db/technology_node_links_tables/data__.tsv,708,wh3_dlc23_tech_chd_military_19|wh3_dlc23_tech_chd_military_16,,,,,,,,,,,,,,,,,,,,,,,,,,,,,0,4,3,0.0000,0.0000,true,,,,,,,,,,,,,,,,,,,,,,,,,,,,,,,,,,,,,,,,,,,,,,
dependency_link,warhammer_3,8.1.1,24237342,Chaos Dwarfs,chaos_dwarfs,wh3_dlc23_chd_zhatan,The Warhost of Zharr,wh3_dlc23_chd_chaos_dwarfs,wh3_dlc23_sc_chd_chaos_dwarfs,LOCKED_STANDARD,chd_mil@unspecified_campaign,generic_candidate,Conjunction of nonblank source faction/culture/subculture selectors; campaign condition preserved. Engine precedence is not decoded.,,chd_mil,,wh3_dlc23_chd_chaos_dwarfs,,,,,,,,,,,,,,,Military Technologies,Chaos Dwarf Military Technology Tree,,,,,,,,wh3_dlc23_tech_chd_military_17,wh3_dlc23_tech_chd_military_22,node_parent,endpoint_resolved,technology_node_links_tables,db/technology_node_links_tables/data__.tsv,709,wh3_dlc23_tech_chd_military_22|wh3_dlc23_tech_chd_military_17,,,,,,,,,,,,,,,,,,,,,,,,,,,,,0,1,2,0.0000,0.0000,true,,,,,,,,,,,,,,,,,,,,,,,,,,,,,,,,,,,,,,,,,,,,,,
dependency_link,warhammer_3,8.1.1,24237342,Chaos Dwarfs,chaos_dwarfs,wh3_dlc23_chd_zhatan,The Warhost of Zharr,wh3_dlc23_chd_chaos_dwarfs,wh3_dlc23_sc_chd_chaos_dwarfs,LOCKED_STANDARD,chd_mil@unspecified_campaign,generic_candidate,Conjunction of nonblank source faction/culture/subculture selectors; campaign condition preserved. Engine precedence is not decoded.,,chd_mil,,wh3_dlc23_chd_chaos_dwarfs,,,,,,,,,,,,,,,Military Technologies,Chaos Dwarf Military Technology Tree,,,,,,,,wh3_dlc23_tech_chd_military_18,wh3_dlc23_tech_chd_military_20,node_parent,endpoint_resolved,technology_node_links_tables,db/technology_node_links_tables/data__.tsv,710,wh3_dlc23_tech_chd_military_20|wh3_dlc23_tech_chd_military_18,,,,,,,,,,,,,,,,,,,,,,,,,,,,,0,1,3,0.0000,0.0000,true,,,,,,,,,,,,,,,,,,,,,,,,,,,,,,,,,,,,,,,,,,,,,,
dependency_link,warhammer_3,8.1.1,24237342,Chaos Dwarfs,chaos_dwarfs,wh3_dlc23_chd_zhatan,The Warhost of Zharr,wh3_dlc23_chd_chaos_dwarfs,wh3_dlc23_sc_chd_chaos_dwarfs,LOCKED_STANDARD,chd_mil@unspecified_campaign,generic_candidate,Conjunction of nonblank source faction/culture/subculture selectors; campaign condition preserved. Engine precedence is not decoded.,,chd_mil,,wh3_dlc23_chd_chaos_dwarfs,,,,,,,,,,,,,,,Military Technologies,Chaos Dwarf Military Technology Tree,,,,,,,,wh3_dlc23_tech_chd_military_19,wh3_dlc23_tech_chd_military_26,node_parent,endpoint_resolved,technology_node_links_tables,db/technology_node_links_tables/data__.tsv,711,wh3_dlc23_tech_chd_military_26|wh3_dlc23_tech_chd_military_19,,,,,,,,,,,,,,,,,,,,,,,,,,,,,0,1,4,0.0000,0.0000,true,,,,,,,,,,,,,,,,,,,,,,,,,,,,,,,,,,,,,,,,,,,,,,
dependency_link,warhammer_3,8.1.1,24237342,Chaos Dwarfs,chaos_dwarfs,wh3_dlc23_chd_zhatan,The Warhost of Zharr,wh3_dlc23_chd_chaos_dwarfs,wh3_dlc23_sc_chd_chaos_dwarfs,LOCKED_STANDARD,chd_mil@unspecified_campaign,generic_candidate,Conjunction of nonblank source faction/culture/subculture selectors; campaign condition preserved. Engine precedence is not decoded.,,chd_mil,,wh3_dlc23_chd_chaos_dwarfs,,,,,,,,,,,,,,,Military Technologies,Chaos Dwarf Military Technology Tree,,,,,,,,wh3_dlc23_tech_chd_military_1,wh3_dlc23_tech_chd_military_13,node_parent,endpoint_resolved,technology_node_links_tables,db/technology_node_links_tables/data__.tsv,712,wh3_dlc23_tech_chd_military_13|wh3_dlc23_tech_chd_military_1,,,,,,,,,,,,,,,,,,,,,,,,,,,,,0,1,3,0.0000,0.0000,true,,,,,,,,,,,,,,,,,,,,,,,,,,,,,,,,,,,,,,,,,,,,,,
dependency_link,warhammer_3,8.1.1,24237342,Chaos Dwarfs,chaos_dwarfs,wh3_dlc23_chd_zhatan,The Warhost of Zharr,wh3_dlc23_chd_chaos_dwarfs,wh3_dlc23_sc_chd_chaos_dwarfs,LOCKED_STANDARD,chd_mil@unspecified_campaign,generic_candidate,Conjunction of nonblank source faction/culture/subculture selectors; campaign condition preserved. Engine precedence is not decoded.,,chd_mil,,wh3_dlc23_chd_chaos_dwarfs,,,,,,,,,,,,,,,Military Technologies,Chaos Dwarf Military Technology Tree,,,,,,,,wh3_dlc23_tech_chd_military_20,wh3_dlc23_tech_chd_military_21,node_parent,endpoint_resolved,technology_node_links_tables,db/technology_node_links_tables/data__.tsv,713,wh3_dlc23_tech_chd_military_21|wh3_dlc23_tech_chd_military_20,,,,,,,,,,,,,,,,,,,,,,,,,,,,,0,1,3,0.0000,0.0000,true,,,,,,,,,,,,,,,,,,,,,,,,,,,,,,,,,,,,,,,,,,,,,,
dependency_link,warhammer_3,8.1.1,24237342,Chaos Dwarfs,chaos_dwarfs,wh3_dlc23_chd_zhatan,The Warhost of Zharr,wh3_dlc23_chd_chaos_dwarfs,wh3_dlc23_sc_chd_chaos_dwarfs,LOCKED_STANDARD,chd_mil@unspecified_campaign,generic_candidate,Conjunction of nonblank source faction/culture/subculture selectors; campaign condition preserved. Engine precedence is not decoded.,,chd_mil,,wh3_dlc23_chd_chaos_dwarfs,,,,,,,,,,,,,,,Military Technologies,Chaos Dwarf Military Technology Tree,,,,,,,,wh3_dlc23_tech_chd_military_21,wh3_dlc23_tech_chd_military_24,node_parent,endpoint_resolved,technology_node_links_tables,db/technology_node_links_tables/data__.tsv,714,wh3_dlc23_tech_chd_military_24|wh3_dlc23_tech_chd_military_21,,,,,,,,,,,,,,,,,,,,,,,,,,,,,0,1,3,0.0000,0.0000,true,,,,,,,,,,,,,,,,,,,,,,,,,,,,,,,,,,,,,,,,,,,,,,
dependency_link,warhammer_3,8.1.1,24237342,Chaos Dwarfs,chaos_dwarfs,wh3_dlc23_chd_zhatan,The Warhost of Zharr,wh3_dlc23_chd_chaos_dwarfs,wh3_dlc23_sc_chd_chaos_dwarfs,LOCKED_STANDARD,chd_mil@unspecified_campaign,generic_candidate,Conjunction of nonblank source faction/culture/subculture selectors; campaign condition preserved. Engine precedence is not decoded.,,chd_mil,,wh3_dlc23_chd_chaos_dwarfs,,,,,,,,,,,,,,,Military Technologies,Chaos Dwarf Military Technology Tree,,,,,,,,wh3_dlc23_tech_chd_military_22,wh3_dlc23_tech_chd_military_27,node_parent,endpoint_resolved,technology_node_links_tables,db/technology_node_links_tables/data__.tsv,715,wh3_dlc23_tech_chd_military_27|wh3_dlc23_tech_chd_military_22,,,,,,,,,,,,,,,,,,,,,,,,,,,,,0,1,2,0.0000,0.0000,true,,,,,,,,,,,,,,,,,,,,,,,,,,,,,,,,,,,,,,,,,,,,,,
dependency_link,warhammer_3,8.1.1,24237342,Chaos Dwarfs,chaos_dwarfs,wh3_dlc23_chd_zhatan,The Warhost of Zharr,wh3_dlc23_chd_chaos_dwarfs,wh3_dlc23_sc_chd_chaos_dwarfs,LOCKED_STANDARD,chd_mil@unspecified_campaign,generic_candidate,Conjunction of nonblank source faction/culture/subculture selectors; campaign condition preserved. Engine precedence is not decoded.,,chd_mil,,wh3_dlc23_chd_chaos_dwarfs,,,,,,,,,,,,,,,Military Technologies,Chaos Dwarf Military Technology Tree,,,,,,,,wh3_dlc23_tech_chd_military_24,wh3_dlc23_tech_chd_military_23,node_parent,endpoint_resolved,technology_node_links_tables,db/technology_node_links_tables/data__.tsv,716,wh3_dlc23_tech_chd_military_23|wh3_dlc23_tech_chd_military_24,,,,,,,,,,,,,,,,,,,,,,,,,,,,,0,4,2,0.0000,0.0000,true,,,,,,,,,,,,,,,,,,,,,,,,,,,,,,,,,,,,,,,,,,,,,,
dependency_link,warhammer_3,8.1.1,24237342,Chaos Dwarfs,chaos_dwarfs,wh3_dlc23_chd_zhatan,The Warhost of Zharr,wh3_dlc23_chd_chaos_dwarfs,wh3_dlc23_sc_chd_chaos_dwarfs,LOCKED_STANDARD,chd_mil@unspecified_campaign,generic_candidate,Conjunction of nonblank source faction/culture/subculture selectors; campaign condition preserved. Engine precedence is not decoded.,,chd_mil,,wh3_dlc23_chd_chaos_dwarfs,,,,,,,,,,,,,,,Military Technologies,Chaos Dwarf Military Technology Tree,,,,,,,,wh3_dlc23_tech_chd_military_24,wh3_dlc23_tech_chd_military_25,node_parent,endpoint_resolved,technology_node_links_tables,db/technology_node_links_tables/data__.tsv,717,wh3_dlc23_tech_chd_military_25|wh3_dlc23_tech_chd_military_24,,,,,,,,,,,,,,,,,,,,,,,,,,,,,0,2,4,0.0000,0.0000,true,,,,,,,,,,,,,,,,,,,,,,,,,,,,,,,,,,,,,,,,,,,,,,
dependency_link,warhammer_3,8.1.1,24237342,Chaos Dwarfs,chaos_dwarfs,wh3_dlc23_chd_zhatan,The Warhost of Zharr,wh3_dlc23_chd_chaos_dwarfs,wh3_dlc23_sc_chd_chaos_dwarfs,LOCKED_STANDARD,chd_mil@unspecified_campaign,generic_candidate,Conjunction of nonblank source faction/culture/subculture selectors; campaign condition preserved. Engine precedence is not decoded.,,chd_mil,,wh3_dlc23_chd_chaos_dwarfs,,,,,,,,,,,,,,,Military Technologies,Chaos Dwarf Military Technology Tree,,,,,,,,wh3_dlc23_tech_chd_military_24,wh3_dlc23_tech_chd_military_28,node_parent,endpoint_resolved,technology_node_links_tables,db/technology_node_links_tables/data__.tsv,718,wh3_dlc23_tech_chd_military_28|wh3_dlc23_tech_chd_military_24,,,,,,,,,,,,,,,,,,,,,,,,,,,,,0,1,3,0.0000,0.0000,true,,,,,,,,,,,,,,,,,,,,,,,,,,,,,,,,,,,,,,,,,,,,,,
dependency_link,warhammer_3,8.1.1,24237342,Chaos Dwarfs,chaos_dwarfs,wh3_dlc23_chd_zhatan,The Warhost of Zharr,wh3_dlc23_chd_chaos_dwarfs,wh3_dlc23_sc_chd_chaos_dwarfs,LOCKED_STANDARD,chd_mil@unspecified_campaign,generic_candidate,Conjunction of nonblank source faction/culture/subculture selectors; campaign condition preserved. Engine precedence is not decoded.,,chd_mil,,wh3_dlc23_chd_chaos_dwarfs,,,,,,,,,,,,,,,Military Technologies,Chaos Dwarf Military Technology Tree,,,,,,,,wh3_dlc23_tech_chd_military_26,wh3_dlc23_tech_chd_military_29,node_parent,endpoint_resolved,technology_node_links_tables,db/technology_node_links_tables/data__.tsv,719,wh3_dlc23_tech_chd_military_29|wh3_dlc23_tech_chd_military_26,,,,,,,,,,,,,,,,,,,,,,,,,,,,,0,1,4,0.0000,0.0000,true,,,,,,,,,,,,,,,,,,,,,,,,,,,,,,,,,,,,,,,,,,,,,,
dependency_link,warhammer_3,8.1.1,24237342,Chaos Dwarfs,chaos_dwarfs,wh3_dlc23_chd_zhatan,The Warhost of Zharr,wh3_dlc23_chd_chaos_dwarfs,wh3_dlc23_sc_chd_chaos_dwarfs,LOCKED_STANDARD,chd_mil@unspecified_campaign,generic_candidate,Conjunction of nonblank source faction/culture/subculture selectors; campaign condition preserved. Engine precedence is not decoded.,,chd_mil,,wh3_dlc23_chd_chaos_dwarfs,,,,,,,,,,,,,,,Military Technologies,Chaos Dwarf Military Technology Tree,,,,,,,,wh3_dlc23_tech_chd_military_2,wh3_dlc23_tech_chd_military_1,node_parent,endpoint_resolved,technology_node_links_tables,db/technology_node_links_tables/data__.tsv,720,wh3_dlc23_tech_chd_military_1|wh3_dlc23_tech_chd_military_2,,,,,,,,,,,,,,,,,,,,,,,,,,,,,0,4,2,0.0000,0.0000,true,,,,,,,,,,,,,,,,,,,,,,,,,,,,,,,,,,,,,,,,,,,,,,
dependency_link,warhammer_3,8.1.1,24237342,Chaos Dwarfs,chaos_dwarfs,wh3_dlc23_chd_zhatan,The Warhost of Zharr,wh3_dlc23_chd_chaos_dwarfs,wh3_dlc23_sc_chd_chaos_dwarfs,LOCKED_STANDARD,chd_mil@unspecified_campaign,generic_candidate,Conjunction of nonblank source faction/culture/subculture selectors; campaign condition preserved. Engine precedence is not decoded.,,chd_mil,,wh3_dlc23_chd_chaos_dwarfs,,,,,,,,,,,,,,,Military Technologies,Chaos Dwarf Military Technology Tree,,,,,,,,wh3_dlc23_tech_chd_military_2,wh3_dlc23_tech_chd_military_6,node_parent,endpoint_resolved,technology_node_links_tables,db/technology_node_links_tables/data__.tsv,721,wh3_dlc23_tech_chd_military_6|wh3_dlc23_tech_chd_military_2,,,,,,,,,,,,,,,,,,,,,,,,,,,,,0,1,3,0.0000,0.0000,true,,,,,,,,,,,,,,,,,,,,,,,,,,,,,,,,,,,,,,,,,,,,,,
dependency_link,warhammer_3,8.1.1,24237342,Chaos Dwarfs,chaos_dwarfs,wh3_dlc23_chd_zhatan,The Warhost of Zharr,wh3_dlc23_chd_chaos_dwarfs,wh3_dlc23_sc_chd_chaos_dwarfs,LOCKED_STANDARD,chd_mil@unspecified_campaign,generic_candidate,Conjunction of nonblank source faction/culture/subculture selectors; campaign condition preserved. Engine precedence is not decoded.,,chd_mil,,wh3_dlc23_chd_chaos_dwarfs,,,,,,,,,,,,,,,Military Technologies,Chaos Dwarf Military Technology Tree,,,,,,,,wh3_dlc23_tech_chd_military_3,wh3_dlc23_tech_chd_military_4,node_parent,endpoint_resolved,technology_node_links_tables,db/technology_node_links_tables/data__.tsv,722,wh3_dlc23_tech_chd_military_4|wh3_dlc23_tech_chd_military_3,,,,,,,,,,,,,,,,,,,,,,,,,,,,,0,2,4,0.0000,0.0000,true,,,,,,,,,,,,,,,,,,,,,,,,,,,,,,,,,,,,,,,,,,,,,,
dependency_link,warhammer_3,8.1.1,24237342,Chaos Dwarfs,chaos_dwarfs,wh3_dlc23_chd_zhatan,The Warhost of Zharr,wh3_dlc23_chd_chaos_dwarfs,wh3_dlc23_sc_chd_chaos_dwarfs,LOCKED_STANDARD,chd_mil@unspecified_campaign,generic_candidate,Conjunction of nonblank source faction/culture/subculture selectors; campaign condition preserved. Engine precedence is not decoded.,,chd_mil,,wh3_dlc23_chd_chaos_dwarfs,,,,,,,,,,,,,,,Military Technologies,Chaos Dwarf Military Technology Tree,,,,,,,,wh3_dlc23_tech_chd_military_3,wh3_dlc23_tech_chd_military_9,node_parent,endpoint_resolved,technology_node_links_tables,db/technology_node_links_tables/data__.tsv,723,wh3_dlc23_tech_chd_military_9|wh3_dlc23_tech_chd_military_3,,,,,,,,,,,,,,,,,,,,,,,,,,,,,0,1,3,0.0000,0.0000,true,,,,,,,,,,,,,,,,,,,,,,,,,,,,,,,,,,,,,,,,,,,,,,
dependency_link,warhammer_3,8.1.1,24237342,Chaos Dwarfs,chaos_dwarfs,wh3_dlc23_chd_zhatan,The Warhost of Zharr,wh3_dlc23_chd_chaos_dwarfs,wh3_dlc23_sc_chd_chaos_dwarfs,LOCKED_STANDARD,chd_mil@unspecified_campaign,generic_candidate,Conjunction of nonblank source faction/culture/subculture selectors; campaign condition preserved. Engine precedence is not decoded.,,chd_mil,,wh3_dlc23_chd_chaos_dwarfs,,,,,,,,,,,,,,,Military Technologies,Chaos Dwarf Military Technology Tree,,,,,,,,wh3_dlc23_tech_chd_military_4,wh3_dlc23_tech_chd_military_14,node_parent,endpoint_resolved,technology_node_links_tables,db/technology_node_links_tables/data__.tsv,724,wh3_dlc23_tech_chd_military_14|wh3_dlc23_tech_chd_military_4,,,,,,,,,,,,,,,,,,,,,,,,,,,,,0,1,3,0.0000,0.0000,true,,,,,,,,,,,,,,,,,,,,,,,,,,,,,,,,,,,,,,,,,,,,,,
dependency_link,warhammer_3,8.1.1,24237342,Chaos Dwarfs,chaos_dwarfs,wh3_dlc23_chd_zhatan,The Warhost of Zharr,wh3_dlc23_chd_chaos_dwarfs,wh3_dlc23_sc_chd_chaos_dwarfs,LOCKED_STANDARD,chd_mil@unspecified_campaign,generic_candidate,Conjunction of nonblank source faction/culture/subculture selectors; campaign condition preserved. Engine precedence is not decoded.,,chd_mil,,wh3_dlc23_chd_chaos_dwarfs,,,,,,,,,,,,,,,Military Technologies,Chaos Dwarf Military Technology Tree,,,,,,,,wh3_dlc23_tech_chd_military_6,wh3_dlc23_tech_chd_military_11,node_parent,endpoint_resolved,technology_node_links_tables,db/technology_node_links_tables/data__.tsv,725,wh3_dlc23_tech_chd_military_11|wh3_dlc23_tech_chd_military_6,,,,,,,,,,,,,,,,,,,,,,,,,,,,,0,1,3,0.0000,0.0000,true,,,,,,,,,,,,,,,,,,,,,,,,,,,,,,,,,,,,,,,,,,,,,,
dependency_link,warhammer_3,8.1.1,24237342,Chaos Dwarfs,chaos_dwarfs,wh3_dlc23_chd_zhatan,The Warhost of Zharr,wh3_dlc23_chd_chaos_dwarfs,wh3_dlc23_sc_chd_chaos_dwarfs,LOCKED_STANDARD,chd_mil@unspecified_campaign,generic_candidate,Conjunction of nonblank source faction/culture/subculture selectors; campaign condition preserved. Engine precedence is not decoded.,,chd_mil,,wh3_dlc23_chd_chaos_dwarfs,,,,,,,,,,,,,,,Military Technologies,Chaos Dwarf Military Technology Tree,,,,,,,,wh3_dlc23_tech_chd_military_6,wh3_dlc23_tech_chd_military_5,node_parent,endpoint_resolved,technology_node_links_tables,db/technology_node_links_tables/data__.tsv,726,wh3_dlc23_tech_chd_military_5|wh3_dlc23_tech_chd_military_6,,,,,,,,,,,,,,,,,,,,,,,,,,,,,0,4,2,0.0000,0.0000,true,,,,,,,,,,,,,,,,,,,,,,,,,,,,,,,,,,,,,,,,,,,,,,
dependency_link,warhammer_3,8.1.1,24237342,Chaos Dwarfs,chaos_dwarfs,wh3_dlc23_chd_zhatan,The Warhost of Zharr,wh3_dlc23_chd_chaos_dwarfs,wh3_dlc23_sc_chd_chaos_dwarfs,LOCKED_STANDARD,chd_mil@unspecified_campaign,generic_candidate,Conjunction of nonblank source faction/culture/subculture selectors; campaign condition preserved. Engine precedence is not decoded.,,chd_mil,,wh3_dlc23_chd_chaos_dwarfs,,,,,,,,,,,,,,,Military Technologies,Chaos Dwarf Military Technology Tree,,,,,,,,wh3_dlc23_tech_chd_military_6,wh3_dlc23_tech_chd_military_7,node_parent,endpoint_resolved,technology_node_links_tables,db/technology_node_links_tables/data__.tsv,727,wh3_dlc23_tech_chd_military_7|wh3_dlc23_tech_chd_military_6,,,,,,,,,,,,,,,,,,,,,,,,,,,,,0,2,4,0.0000,0.0000,true,,,,,,,,,,,,,,,,,,,,,,,,,,,,,,,,,,,,,,,,,,,,,,
dependency_link,warhammer_3,8.1.1,24237342,Chaos Dwarfs,chaos_dwarfs,wh3_dlc23_chd_zhatan,The Warhost of Zharr,wh3_dlc23_chd_chaos_dwarfs,wh3_dlc23_sc_chd_chaos_dwarfs,LOCKED_STANDARD,chd_mil@unspecified_campaign,generic_candidate,Conjunction of nonblank source faction/culture/subculture selectors; campaign condition preserved. Engine precedence is not decoded.,,chd_mil,,wh3_dlc23_chd_chaos_dwarfs,,,,,,,,,,,,,,,Military Technologies,Chaos Dwarf Military Technology Tree,,,,,,,,wh3_dlc23_tech_chd_military_9,wh3_dlc23_tech_chd_military_10,node_parent,endpoint_resolved,technology_node_links_tables,db/technology_node_links_tables/data__.tsv,728,wh3_dlc23_tech_chd_military_10|wh3_dlc23_tech_chd_military_9,,,,,,,,,,,,,,,,,,,,,,,,,,,,,0,2,4,0.0000,0.0000,true,,,,,,,,,,,,,,,,,,,,,,,,,,,,,,,,,,,,,,,,,,,,,,
dependency_link,warhammer_3,8.1.1,24237342,Chaos Dwarfs,chaos_dwarfs,wh3_dlc23_chd_zhatan,The Warhost of Zharr,wh3_dlc23_chd_chaos_dwarfs,wh3_dlc23_sc_chd_chaos_dwarfs,LOCKED_STANDARD,chd_mil@unspecified_campaign,generic_candidate,Conjunction of nonblank source faction/culture/subculture selectors; campaign condition preserved. Engine precedence is not decoded.,,chd_mil,,wh3_dlc23_chd_chaos_dwarfs,,,,,,,,,,,,,,,Military Technologies,Chaos Dwarf Military Technology Tree,,,,,,,,wh3_dlc23_tech_chd_military_9,wh3_dlc23_tech_chd_military_12,node_parent,endpoint_resolved,technology_node_links_tables,db/technology_node_links_tables/data__.tsv,729,wh3_dlc23_tech_chd_military_12|wh3_dlc23_tech_chd_military_9,,,,,,,,,,,,,,,,,,,,,,,,,,,,,0,1,3,0.0000,0.0000,true,,,,,,,,,,,,,,,,,,,,,,,,,,,,,,,,,,,,,,,,,,,,,,
dependency_link,warhammer_3,8.1.1,24237342,Chaos Dwarfs,chaos_dwarfs,wh3_dlc23_chd_zhatan,The Warhost of Zharr,wh3_dlc23_chd_chaos_dwarfs,wh3_dlc23_sc_chd_chaos_dwarfs,LOCKED_STANDARD,chd_mil@unspecified_campaign,generic_candidate,Conjunction of nonblank source faction/culture/subculture selectors; campaign condition preserved. Engine precedence is not decoded.,,chd_mil,,wh3_dlc23_chd_chaos_dwarfs,,,,,,,,,,,,,,,Military Technologies,Chaos Dwarf Military Technology Tree,,,,,,,,wh3_dlc23_tech_chd_military_9,wh3_dlc23_tech_chd_military_8,node_parent,endpoint_resolved,technology_node_links_tables,db/technology_node_links_tables/data__.tsv,730,wh3_dlc23_tech_chd_military_8|wh3_dlc23_tech_chd_military_9,,,,,,,,,,,,,,,,,,,,,,,,,,,,,0,4,2,0.0000,0.0000,true,,,,,,,,,,,,,,,,,,,,,,,,,,,,,,,,,,,,,,,,,,,,,,
dependency_link,warhammer_3,8.1.1,24237342,Chaos Dwarfs,chaos_dwarfs,wh3_dlc23_chd_zhatan,The Warhost of Zharr,wh3_dlc23_chd_chaos_dwarfs,wh3_dlc23_sc_chd_chaos_dwarfs,LOCKED_STANDARD,chd_mil@unspecified_campaign,generic_candidate,Conjunction of nonblank source faction/culture/subculture selectors; campaign condition preserved. Engine precedence is not decoded.,,chd_mil,,wh3_dlc23_chd_chaos_dwarfs,,,,,,,,,,,,,,,Military Technologies,Chaos Dwarf Military Technology Tree,,,,,,,,wh3_dlc23_tech_chd_sorcery_10,wh3_dlc23_tech_chd_sorcery_12,node_parent,endpoint_resolved,technology_node_links_tables,db/technology_node_links_tables/data__.tsv,731,wh3_dlc23_tech_chd_sorcery_12|wh3_dlc23_tech_chd_sorcery_10,,,,,,,,,,,,,,,,,,,,,,,,,,,,,0,1,3,0.0000,0.0000,true,,,,,,,,,,,,,,,,,,,,,,,,,,,,,,,,,,,,,,,,,,,,,,
dependency_link,warhammer_3,8.1.1,24237342,Chaos Dwarfs,chaos_dwarfs,wh3_dlc23_chd_zhatan,The Warhost of Zharr,wh3_dlc23_chd_chaos_dwarfs,wh3_dlc23_sc_chd_chaos_dwarfs,LOCKED_STANDARD,chd_mil@unspecified_campaign,generic_candidate,Conjunction of nonblank source faction/culture/subculture selectors; campaign condition preserved. Engine precedence is not decoded.,,chd_mil,,wh3_dlc23_chd_chaos_dwarfs,,,,,,,,,,,,,,,Military Technologies,Chaos Dwarf Military Technology Tree,,,,,,,,wh3_dlc23_tech_chd_sorcery_11,wh3_dlc23_tech_chd_sorcery_14,node_parent,endpoint_resolved,technology_node_links_tables,db/technology_node_links_tables/data__.tsv,732,wh3_dlc23_tech_chd_sorcery_14|wh3_dlc23_tech_chd_sorcery_11,,,,,,,,,,,,,,,,,,,,,,,,,,,,,0,1,3,0.0000,0.0000,true,,,,,,,,,,,,,,,,,,,,,,,,,,,,,,,,,,,,,,,,,,,,,,
dependency_link,warhammer_3,8.1.1,24237342,Chaos Dwarfs,chaos_dwarfs,wh3_dlc23_chd_zhatan,The Warhost of Zharr,wh3_dlc23_chd_chaos_dwarfs,wh3_dlc23_sc_chd_chaos_dwarfs,LOCKED_STANDARD,chd_mil@unspecified_campaign,generic_candidate,Conjunction of nonblank source faction/culture/subculture selectors; campaign condition preserved. Engine precedence is not decoded.,,chd_mil,,wh3_dlc23_chd_chaos_dwarfs,,,,,,,,,,,,,,,Military Technologies,Chaos Dwarf Military Technology Tree,,,,,,,,wh3_dlc23_tech_chd_sorcery_12,wh3_dlc23_tech_chd_sorcery_16,node_parent,endpoint_resolved,technology_node_links_tables,db/technology_node_links_tables/data__.tsv,733,wh3_dlc23_tech_chd_sorcery_16|wh3_dlc23_tech_chd_sorcery_12,,,,,,,,,,,,,,,,,,,,,,,,,,,,,0,1,3,0.0000,0.0000,true,,,,,,,,,,,,,,,,,,,,,,,,,,,,,,,,,,,,,,,,,,,,,,
dependency_link,warhammer_3,8.1.1,24237342,Chaos Dwarfs,chaos_dwarfs,wh3_dlc23_chd_zhatan,The Warhost of Zharr,wh3_dlc23_chd_chaos_dwarfs,wh3_dlc23_sc_chd_chaos_dwarfs,LOCKED_STANDARD,chd_mil@unspecified_campaign,generic_candidate,Conjunction of nonblank source faction/culture/subculture selectors; campaign condition preserved. Engine precedence is not decoded.,,chd_mil,,wh3_dlc23_chd_chaos_dwarfs,,,,,,,,,,,,,,,Military Technologies,Chaos Dwarf Military Technology Tree,,,,,,,,wh3_dlc23_tech_chd_sorcery_13,wh3_dlc23_tech_chd_sorcery_18,node_parent,endpoint_resolved,technology_node_links_tables,db/technology_node_links_tables/data__.tsv,734,wh3_dlc23_tech_chd_sorcery_18|wh3_dlc23_tech_chd_sorcery_13,,,,,,,,,,,,,,,,,,,,,,,,,,,,,0,1,3,0.0000,0.5000,true,,,,,,,,,,,,,,,,,,,,,,,,,,,,,,,,,,,,,,,,,,,,,,
dependency_link,warhammer_3,8.1.1,24237342,Chaos Dwarfs,chaos_dwarfs,wh3_dlc23_chd_zhatan,The Warhost of Zharr,wh3_dlc23_chd_chaos_dwarfs,wh3_dlc23_sc_chd_chaos_dwarfs,LOCKED_STANDARD,chd_mil@unspecified_campaign,generic_candidate,Conjunction of nonblank source faction/culture/subculture selectors; campaign condition preserved. Engine precedence is not decoded.,,chd_mil,,wh3_dlc23_chd_chaos_dwarfs,,,,,,,,,,,,,,,Military Technologies,Chaos Dwarf Military Technology Tree,,,,,,,,wh3_dlc23_tech_chd_sorcery_14,wh3_dlc23_tech_chd_sorcery_13,node_parent,endpoint_resolved,technology_node_links_tables,db/technology_node_links_tables/data__.tsv,735,wh3_dlc23_tech_chd_sorcery_13|wh3_dlc23_tech_chd_sorcery_14,,,,,,,,,,,,,,,,,,,,,,,,,,,,,0,4,2,0.0000,0.0000,true,,,,,,,,,,,,,,,,,,,,,,,,,,,,,,,,,,,,,,,,,,,,,,
dependency_link,warhammer_3,8.1.1,24237342,Chaos Dwarfs,chaos_dwarfs,wh3_dlc23_chd_zhatan,The Warhost of Zharr,wh3_dlc23_chd_chaos_dwarfs,wh3_dlc23_sc_chd_chaos_dwarfs,LOCKED_STANDARD,chd_mil@unspecified_campaign,generic_candidate,Conjunction of nonblank source faction/culture/subculture selectors; campaign condition preserved. Engine precedence is not decoded.,,chd_mil,,wh3_dlc23_chd_chaos_dwarfs,,,,,,,,,,,,,,,Military Technologies,Chaos Dwarf Military Technology Tree,,,,,,,,wh3_dlc23_tech_chd_sorcery_14,wh3_dlc23_tech_chd_sorcery_19,node_parent,endpoint_resolved,technology_node_links_tables,db/technology_node_links_tables/data__.tsv,736,wh3_dlc23_tech_chd_sorcery_19|wh3_dlc23_tech_chd_sorcery_14,,,,,,,,,,,,,,,,,,,,,,,,,,,,,0,2,3,0.0000,0.0000,true,,,,,,,,,,,,,,,,,,,,,,,,,,,,,,,,,,,,,,,,,,,,,,
dependency_link,warhammer_3,8.1.1,24237342,Chaos Dwarfs,chaos_dwarfs,wh3_dlc23_chd_zhatan,The Warhost of Zharr,wh3_dlc23_chd_chaos_dwarfs,wh3_dlc23_sc_chd_chaos_dwarfs,LOCKED_STANDARD,chd_mil@unspecified_campaign,generic_candidate,Conjunction of nonblank source faction/culture/subculture selectors; campaign condition preserved. Engine precedence is not decoded.,,chd_mil,,wh3_dlc23_chd_chaos_dwarfs,,,,,,,,,,,,,,,Military Technologies,Chaos Dwarf Military Technology Tree,,,,,,,,wh3_dlc23_tech_chd_sorcery_16,wh3_dlc23_tech_chd_sorcery_17,node_parent,endpoint_resolved,technology_node_links_tables,db/technology_node_links_tables/data__.tsv,737,wh3_dlc23_tech_chd_sorcery_17|wh3_dlc23_tech_chd_sorcery_16,,,,,,,,,,,,,,,,,,,,,,,,,,,,,0,2,4,0.0000,0.0000,true,,,,,,,,,,,,,,,,,,,,,,,,,,,,,,,,,,,,,,,,,,,,,,
dependency_link,warhammer_3,8.1.1,24237342,Chaos Dwarfs,chaos_dwarfs,wh3_dlc23_chd_zhatan,The Warhost of Zharr,wh3_dlc23_chd_chaos_dwarfs,wh3_dlc23_sc_chd_chaos_dwarfs,LOCKED_STANDARD,chd_mil@unspecified_campaign,generic_candidate,Conjunction of nonblank source faction/culture/subculture selectors; campaign condition preserved. Engine precedence is not decoded.,,chd_mil,,wh3_dlc23_chd_chaos_dwarfs,,,,,,,,,,,,,,,Military Technologies,Chaos Dwarf Military Technology Tree,,,,,,,,wh3_dlc23_tech_chd_sorcery_16,wh3_dlc23_tech_chd_sorcery_20,node_parent,endpoint_resolved,technology_node_links_tables,db/technology_node_links_tables/data__.tsv,738,wh3_dlc23_tech_chd_sorcery_20|wh3_dlc23_tech_chd_sorcery_16,,,,,,,,,,,,,,,,,,,,,,,,,,,,,0,4,3,0.0000,0.0000,true,,,,,,,,,,,,,,,,,,,,,,,,,,,,,,,,,,,,,,,,,,,,,,
dependency_link,warhammer_3,8.1.1,24237342,Chaos Dwarfs,chaos_dwarfs,wh3_dlc23_chd_zhatan,The Warhost of Zharr,wh3_dlc23_chd_chaos_dwarfs,wh3_dlc23_sc_chd_chaos_dwarfs,LOCKED_STANDARD,chd_mil@unspecified_campaign,generic_candidate,Conjunction of nonblank source faction/culture/subculture selectors; campaign condition preserved. Engine precedence is not decoded.,,chd_mil,,wh3_dlc23_chd_chaos_dwarfs,,,,,,,,,,,,,,,Military Technologies,Chaos Dwarf Military Technology Tree,,,,,,,,wh3_dlc23_tech_chd_sorcery_17,wh3_dlc23_tech_chd_sorcery_21,node_parent,endpoint_resolved,technology_node_links_tables,db/technology_node_links_tables/data__.tsv,739,wh3_dlc23_tech_chd_sorcery_21|wh3_dlc23_tech_chd_sorcery_17,,,,,,,,,,,,,,,,,,,,,,,,,,,,,0,1,3,0.0000,-0.5000,true,,,,,,,,,,,,,,,,,,,,,,,,,,,,,,,,,,,,,,,,,,,,,,
dependency_link,warhammer_3,8.1.1,24237342,Chaos Dwarfs,chaos_dwarfs,wh3_dlc23_chd_zhatan,The Warhost of Zharr,wh3_dlc23_chd_chaos_dwarfs,wh3_dlc23_sc_chd_chaos_dwarfs,LOCKED_STANDARD,chd_mil@unspecified_campaign,generic_candidate,Conjunction of nonblank source faction/culture/subculture selectors; campaign condition preserved. Engine precedence is not decoded.,,chd_mil,,wh3_dlc23_chd_chaos_dwarfs,,,,,,,,,,,,,,,Military Technologies,Chaos Dwarf Military Technology Tree,,,,,,,,wh3_dlc23_tech_chd_sorcery_18,wh3_dlc23_tech_chd_sorcery_22,node_parent,endpoint_resolved,technology_node_links_tables,db/technology_node_links_tables/data__.tsv,740,wh3_dlc23_tech_chd_sorcery_22|wh3_dlc23_tech_chd_sorcery_18,,,,,,,,,,,,,,,,,,,,,,,,,,,,,0,1,3,0.0000,0.5200,true,,,,,,,,,,,,,,,,,,,,,,,,,,,,,,,,,,,,,,,,,,,,,,
dependency_link,warhammer_3,8.1.1,24237342,Chaos Dwarfs,chaos_dwarfs,wh3_dlc23_chd_zhatan,The Warhost of Zharr,wh3_dlc23_chd_chaos_dwarfs,wh3_dlc23_sc_chd_chaos_dwarfs,LOCKED_STANDARD,chd_mil@unspecified_campaign,generic_candidate,Conjunction of nonblank source faction/culture/subculture selectors; campaign condition preserved. Engine precedence is not decoded.,,chd_mil,,wh3_dlc23_chd_chaos_dwarfs,,,,,,,,,,,,,,,Military Technologies,Chaos Dwarf Military Technology Tree,,,,,,,,wh3_dlc23_tech_chd_sorcery_19,wh3_dlc23_tech_chd_sorcery_15,node_parent,endpoint_resolved,technology_node_links_tables,db/technology_node_links_tables/data__.tsv,741,wh3_dlc23_tech_chd_sorcery_15|wh3_dlc23_tech_chd_sorcery_19,,,,,,,,,,,,,,,,,,,,,,,,,,,,,0,2,1,0.0000,-0.2500,true,,,,,,,,,,,,,,,,,,,,,,,,,,,,,,,,,,,,,,,,,,,,,,
dependency_link,warhammer_3,8.1.1,24237342,Chaos Dwarfs,chaos_dwarfs,wh3_dlc23_chd_zhatan,The Warhost of Zharr,wh3_dlc23_chd_chaos_dwarfs,wh3_dlc23_sc_chd_chaos_dwarfs,LOCKED_STANDARD,chd_mil@unspecified_campaign,generic_candidate,Conjunction of nonblank source faction/culture/subculture selectors; campaign condition preserved. Engine precedence is not decoded.,,chd_mil,,wh3_dlc23_chd_chaos_dwarfs,,,,,,,,,,,,,,,Military Technologies,Chaos Dwarf Military Technology Tree,,,,,,,,wh3_dlc23_tech_chd_sorcery_1,wh3_dlc23_tech_chd_sorcery_2,node_parent,endpoint_resolved,technology_node_links_tables,db/technology_node_links_tables/data__.tsv,742,wh3_dlc23_tech_chd_sorcery_2|wh3_dlc23_tech_chd_sorcery_1,,,,,,,,,,,,,,,,,,,,,,,,,,,,,0,1,3,0.0000,0.0000,true,,,,,,,,,,,,,,,,,,,,,,,,,,,,,,,,,,,,,,,,,,,,,,
dependency_link,warhammer_3,8.1.1,24237342,Chaos Dwarfs,chaos_dwarfs,wh3_dlc23_chd_zhatan,The Warhost of Zharr,wh3_dlc23_chd_chaos_dwarfs,wh3_dlc23_sc_chd_chaos_dwarfs,LOCKED_STANDARD,chd_mil@unspecified_campaign,generic_candidate,Conjunction of nonblank source faction/culture/subculture selectors; campaign condition preserved. Engine precedence is not decoded.,,chd_mil,,wh3_dlc23_chd_chaos_dwarfs,,,,,,,,,,,,,,,Military Technologies,Chaos Dwarf Military Technology Tree,,,,,,,,wh3_dlc23_tech_chd_sorcery_20,wh3_dlc23_tech_chd_sorcery_15,node_parent,endpoint_resolved,technology_node_links_tables,db/technology_node_links_tables/data__.tsv,743,wh3_dlc23_tech_chd_sorcery_15|wh3_dlc23_tech_chd_sorcery_20,,,,,,,,,,,,,,,,,,,,,,,,,,,,,0,4,1,0.0000,0.2500,true,,,,,,,,,,,,,,,,,,,,,,,,,,,,,,,,,,,,,,,,,,,,,,
dependency_link,warhammer_3,8.1.1,24237342,Chaos Dwarfs,chaos_dwarfs,wh3_dlc23_chd_zhatan,The Warhost of Zharr,wh3_dlc23_chd_chaos_dwarfs,wh3_dlc23_sc_chd_chaos_dwarfs,LOCKED_STANDARD,chd_mil@unspecified_campaign,generic_candidate,Conjunction of nonblank source faction/culture/subculture selectors; campaign condition preserved. Engine precedence is not decoded.,,chd_mil,,wh3_dlc23_chd_chaos_dwarfs,,,,,,,,,,,,,,,Military Technologies,Chaos Dwarf Military Technology Tree,,,,,,,,wh3_dlc23_tech_chd_sorcery_21,wh3_dlc23_tech_chd_sorcery_23,node_parent,endpoint_resolved,technology_node_links_tables,db/technology_node_links_tables/data__.tsv,744,wh3_dlc23_tech_chd_sorcery_23|wh3_dlc23_tech_chd_sorcery_21,,,,,,,,,,,,,,,,,,,,,,,,,,,,,0,1,3,0.0000,-0.5200,true,,,,,,,,,,,,,,,,,,,,,,,,,,,,,,,,,,,,,,,,,,,,,,
dependency_link,warhammer_3,8.1.1,24237342,Chaos Dwarfs,chaos_dwarfs,wh3_dlc23_chd_zhatan,The Warhost of Zharr,wh3_dlc23_chd_chaos_dwarfs,wh3_dlc23_sc_chd_chaos_dwarfs,LOCKED_STANDARD,chd_mil@unspecified_campaign,generic_candidate,Conjunction of nonblank source faction/culture/subculture selectors; campaign condition preserved. Engine precedence is not decoded.,,chd_mil,,wh3_dlc23_chd_chaos_dwarfs,,,,,,,,,,,,,,,Military Technologies,Chaos Dwarf Military Technology Tree,,,,,,,,wh3_dlc23_tech_chd_sorcery_2,wh3_dlc23_tech_chd_sorcery_3,node_parent,endpoint_resolved,technology_node_links_tables,db/technology_node_links_tables/data__.tsv,745,wh3_dlc23_tech_chd_sorcery_3|wh3_dlc23_tech_chd_sorcery_2,,,,,,,,,,,,,,,,,,,,,,,,,,,,,0,4,3,0.0000,0.0000,true,,,,,,,,,,,,,,,,,,,,,,,,,,,,,,,,,,,,,,,,,,,,,,
dependency_link,warhammer_3,8.1.1,24237342,Chaos Dwarfs,chaos_dwarfs,wh3_dlc23_chd_zhatan,The Warhost of Zharr,wh3_dlc23_chd_chaos_dwarfs,wh3_dlc23_sc_chd_chaos_dwarfs,LOCKED_STANDARD,chd_mil@unspecified_campaign,generic_candidate,Conjunction of nonblank source faction/culture/subculture selectors; campaign condition preserved. Engine precedence is not decoded.,,chd_mil,,wh3_dlc23_chd_chaos_dwarfs,,,,,,,,,,,,,,,Military Technologies,Chaos Dwarf Military Technology Tree,,,,,,,,wh3_dlc23_tech_chd_sorcery_2,wh3_dlc23_tech_chd_sorcery_4,node_parent,endpoint_resolved,technology_node_links_tables,db/technology_node_links_tables/data__.tsv,746,wh3_dlc23_tech_chd_sorcery_4|wh3_dlc23_tech_chd_sorcery_2,,,,,,,,,,,,,,,,,,,,,,,,,,,,,0,2,3,0.0000,0.0000,true,,,,,,,,,,,,,,,,,,,,,,,,,,,,,,,,,,,,,,,,,,,,,,
dependency_link,warhammer_3,8.1.1,24237342,Chaos Dwarfs,chaos_dwarfs,wh3_dlc23_chd_zhatan,The Warhost of Zharr,wh3_dlc23_chd_chaos_dwarfs,wh3_dlc23_sc_chd_chaos_dwarfs,LOCKED_STANDARD,chd_mil@unspecified_campaign,generic_candidate,Conjunction of nonblank source faction/culture/subculture selectors; campaign condition preserved. Engine precedence is not decoded.,,chd_mil,,wh3_dlc23_chd_chaos_dwarfs,,,,,,,,,,,,,,,Military Technologies,Chaos Dwarf Military Technology Tree,,,,,,,,wh3_dlc23_tech_chd_sorcery_3,wh3_dlc23_tech_chd_sorcery_5,node_parent,endpoint_resolved,technology_node_links_tables,db/technology_node_links_tables/data__.tsv,747,wh3_dlc23_tech_chd_sorcery_5|wh3_dlc23_tech_chd_sorcery_3,,,,,,,,,,,,,,,,,,,,,,,,,,,,,0,1,3,0.0000,0.0000,true,,,,,,,,,,,,,,,,,,,,,,,,,,,,,,,,,,,,,,,,,,,,,,
dependency_link,warhammer_3,8.1.1,24237342,Chaos Dwarfs,chaos_dwarfs,wh3_dlc23_chd_zhatan,The Warhost of Zharr,wh3_dlc23_chd_chaos_dwarfs,wh3_dlc23_sc_chd_chaos_dwarfs,LOCKED_STANDARD,chd_mil@unspecified_campaign,generic_candidate,Conjunction of nonblank source faction/culture/subculture selectors; campaign condition preserved. Engine precedence is not decoded.,,chd_mil,,wh3_dlc23_chd_chaos_dwarfs,,,,,,,,,,,,,,,Military Technologies,Chaos Dwarf Military Technology Tree,,,,,,,,wh3_dlc23_tech_chd_sorcery_4,wh3_dlc23_tech_chd_sorcery_6,node_parent,endpoint_resolved,technology_node_links_tables,db/technology_node_links_tables/data__.tsv,748,wh3_dlc23_tech_chd_sorcery_6|wh3_dlc23_tech_chd_sorcery_4,,,,,,,,,,,,,,,,,,,,,,,,,,,,,0,1,3,0.0000,0.0000,true,,,,,,,,,,,,,,,,,,,,,,,,,,,,,,,,,,,,,,,,,,,,,,
dependency_link,warhammer_3,8.1.1,24237342,Chaos Dwarfs,chaos_dwarfs,wh3_dlc23_chd_zhatan,The Warhost of Zharr,wh3_dlc23_chd_chaos_dwarfs,wh3_dlc23_sc_chd_chaos_dwarfs,LOCKED_STANDARD,chd_mil@unspecified_campaign,generic_candidate,Conjunction of nonblank source faction/culture/subculture selectors; campaign condition preserved. Engine precedence is not decoded.,,chd_mil,,wh3_dlc23_chd_chaos_dwarfs,,,,,,,,,,,,,,,Military Technologies,Chaos Dwarf Military Technology Tree,,,,,,,,wh3_dlc23_tech_chd_sorcery_5,wh3_dlc23_tech_chd_sorcery_7,node_parent,endpoint_resolved,technology_node_links_tables,db/technology_node_links_tables/data__.tsv,749,wh3_dlc23_tech_chd_sorcery_7|wh3_dlc23_tech_chd_sorcery_5,,,,,,,,,,,,,,,,,,,,,,,,,,,,,0,1,3,0.0000,0.0000,true,,,,,,,,,,,,,,,,,,,,,,,,,,,,,,,,,,,,,,,,,,,,,,
dependency_link,warhammer_3,8.1.1,24237342,Chaos Dwarfs,chaos_dwarfs,wh3_dlc23_chd_zhatan,The Warhost of Zharr,wh3_dlc23_chd_chaos_dwarfs,wh3_dlc23_sc_chd_chaos_dwarfs,LOCKED_STANDARD,chd_mil@unspecified_campaign,generic_candidate,Conjunction of nonblank source faction/culture/subculture selectors; campaign condition preserved. Engine precedence is not decoded.,,chd_mil,,wh3_dlc23_chd_chaos_dwarfs,,,,,,,,,,,,,,,Military Technologies,Chaos Dwarf Military Technology Tree,,,,,,,,wh3_dlc23_tech_chd_sorcery_6,wh3_dlc23_tech_chd_sorcery_8,node_parent,endpoint_resolved,technology_node_links_tables,db/technology_node_links_tables/data__.tsv,750,wh3_dlc23_tech_chd_sorcery_8|wh3_dlc23_tech_chd_sorcery_6,,,,,,,,,,,,,,,,,,,,,,,,,,,,,0,1,3,0.0000,0.0000,true,,,,,,,,,,,,,,,,,,,,,,,,,,,,,,,,,,,,,,,,,,,,,,
dependency_link,warhammer_3,8.1.1,24237342,Chaos Dwarfs,chaos_dwarfs,wh3_dlc23_chd_zhatan,The Warhost of Zharr,wh3_dlc23_chd_chaos_dwarfs,wh3_dlc23_sc_chd_chaos_dwarfs,LOCKED_STANDARD,chd_mil@unspecified_campaign,generic_candidate,Conjunction of nonblank source faction/culture/subculture selectors; campaign condition preserved. Engine precedence is not decoded.,,chd_mil,,wh3_dlc23_chd_chaos_dwarfs,,,,,,,,,,,,,,,Military Technologies,Chaos Dwarf Military Technology Tree,,,,,,,,wh3_dlc23_tech_chd_sorcery_7,wh3_dlc23_tech_chd_sorcery_9,node_parent,endpoint_resolved,technology_node_links_tables,db/technology_node_links_tables/data__.tsv,751,wh3_dlc23_tech_chd_sorcery_9|wh3_dlc23_tech_chd_sorcery_7,,,,,,,,,,,,,,,,,,,,,,,,,,,,,0,1,2,0.0000,0.0000,true,,,,,,,,,,,,,,,,,,,,,,,,,,,,,,,,,,,,,,,,,,,,,,
dependency_link,warhammer_3,8.1.1,24237342,Chaos Dwarfs,chaos_dwarfs,wh3_dlc23_chd_zhatan,The Warhost of Zharr,wh3_dlc23_chd_chaos_dwarfs,wh3_dlc23_sc_chd_chaos_dwarfs,LOCKED_STANDARD,chd_mil@unspecified_campaign,generic_candidate,Conjunction of nonblank source faction/culture/subculture selectors; campaign condition preserved. Engine precedence is not decoded.,,chd_mil,,wh3_dlc23_chd_chaos_dwarfs,,,,,,,,,,,,,,,Military Technologies,Chaos Dwarf Military Technology Tree,,,,,,,,wh3_dlc23_tech_chd_sorcery_8,wh3_dlc23_tech_chd_sorcery_10,node_parent,endpoint_resolved,technology_node_links_tables,db/technology_node_links_tables/data__.tsv,752,wh3_dlc23_tech_chd_sorcery_10|wh3_dlc23_tech_chd_sorcery_8,,,,,,,,,,,,,,,,,,,,,,,,,,,,,0,1,4,0.0000,0.0000,true,,,,,,,,,,,,,,,,,,,,,,,,,,,,,,,,,,,,,,,,,,,,,,
dependency_link,warhammer_3,8.1.1,24237342,Chaos Dwarfs,chaos_dwarfs,wh3_dlc23_chd_zhatan,The Warhost of Zharr,wh3_dlc23_chd_chaos_dwarfs,wh3_dlc23_sc_chd_chaos_dwarfs,LOCKED_STANDARD,chd_mil@unspecified_campaign,generic_candidate,Conjunction of nonblank source faction/culture/subculture selectors; campaign condition preserved. Engine precedence is not decoded.,,chd_mil,,wh3_dlc23_chd_chaos_dwarfs,,,,,,,,,,,,,,,Military Technologies,Chaos Dwarf Military Technology Tree,,,,,,,,wh3_dlc23_tech_chd_sorcery_9,wh3_dlc23_tech_chd_sorcery_11,node_parent,endpoint_resolved,technology_node_links_tables,db/technology_node_links_tables/data__.tsv,753,wh3_dlc23_tech_chd_sorcery_11|wh3_dlc23_tech_chd_sorcery_9,,,,,,,,,,,,,,,,,,,,,,,,,,,,,0,1,3,0.0000,0.0000,true,,,,,,,,,,,,,,,,,,,,,,,,,,,,,,,,,,,,,,,,,,,,,,
ui_tab,warhammer_3,8.1.1,24237342,Chaos Dwarfs,chaos_dwarfs,wh3_dlc23_chd_zhatan,The Warhost of Zharr,wh3_dlc23_chd_chaos_dwarfs,wh3_dlc23_sc_chd_chaos_dwarfs,LOCKED_STANDARD,chd_mil@unspecified_campaign,generic_candidate,Conjunction of nonblank source faction/culture/subculture selectors; campaign condition preserved. Engine precedence is not decoded.,,chd_mil,,wh3_dlc23_chd_chaos_dwarfs,,,,,,,,,,,,,,,Military Technologies,Chaos Dwarf Military Technology Tree,,,Industry,The technologies in this section are focused around improving your economy and construction capabilities.\\n\\nSome technologies require [[img:icon_raw_materials]][[/img]]Raw Materials to research.,,,,,,,,technology_ui_tabs_tables,db/technology_ui_tabs_tables/data__.tsv,3,chd_industry,,,,,,,,,,,,,,,,,,,,,,,,,,,,,,,,,,,,,,,,,,,,,,,,,,,,,,,,,,,,,,,,,,,,,chd_industry,2,20,,,,,,,,,
ui_tab,warhammer_3,8.1.1,24237342,Chaos Dwarfs,chaos_dwarfs,wh3_dlc23_chd_zhatan,The Warhost of Zharr,wh3_dlc23_chd_chaos_dwarfs,wh3_dlc23_sc_chd_chaos_dwarfs,LOCKED_STANDARD,chd_mil@unspecified_campaign,generic_candidate,Conjunction of nonblank source faction/culture/subculture selectors; campaign condition preserved. Engine precedence is not decoded.,,chd_mil,,wh3_dlc23_chd_chaos_dwarfs,,,,,,,,,,,,,,,Military Technologies,Chaos Dwarf Military Technology Tree,,,Military,The technologies in this section are focused around improving your military strength and recruitment capabilities.\\n\\nSome technologies require [[img:icon_armaments]][[/img]]Armaments to research.,,,,,,,,technology_ui_tabs_tables,db/technology_ui_tabs_tables/data__.tsv,4,chd_military,,,,,,,,,,,,,,,,,,,,,,,,,,,,,,,,,,,,,,,,,,,,,,,,,,,,,,,,,,,,,,,,,,,,,chd_military,0,0,,,,,,,,,
ui_tab,warhammer_3,8.1.1,24237342,Chaos Dwarfs,chaos_dwarfs,wh3_dlc23_chd_zhatan,The Warhost of Zharr,wh3_dlc23_chd_chaos_dwarfs,wh3_dlc23_sc_chd_chaos_dwarfs,LOCKED_STANDARD,chd_mil@unspecified_campaign,generic_candidate,Conjunction of nonblank source faction/culture/subculture selectors; campaign condition preserved. Engine precedence is not decoded.,,chd_mil,,wh3_dlc23_chd_chaos_dwarfs,,,,,,,,,,,,,,,Military Technologies,Chaos Dwarf Military Technology Tree,,,Sorcery,"The technologies in this section are focused around improving your diplomatic and provincial management tools, as well as your faction's magical capabilities.\\n\\nSome technologies require [[img:icon_conclave_influence]][[/img]]Conclave Influence to research.",,,,,,,,technology_ui_tabs_tables,db/technology_ui_tabs_tables/data__.tsv,5,chd_sorcery,,,,,,,,,,,,,,,,,,,,,,,,,,,,,,,,,,,,,,,,,,,,,,,,,,,,,,,,,,,,,,,,,,,,,chd_sorcery,1,10,,,,,,,,,
