record_type,game,patch,steam_build_id,race,race_slug,subculture_key,character_name,character_slug,character_class,agent_subtype_key,primary_agent_type,permitted_agent_types,permitted_faction_keys,is_legendary_lord,is_unique_agent,is_recruitable,show_in_ui,auto_generate,is_caster,magic_lore,recruitment_category,node_set_key,node_set_name,node_set_index,node_set_agent_key,node_set_for_army,node_set_for_navy,node_set_faction_key,node_set_campaign_key,node_set_subculture_key,node_key,skill_key,skill_name,skill_description,skill_icon_path,node_tier,node_indent,points_on_creation,required_num_parents,visible_in_ui,skill_unlocked_at_rank,skill_max_level,skill_level,level_name,level_description,level_unlocked_at_rank,level_image_path,level_campaign_key,level_faction_key,level_subculture_key,effect_key,effect_description,effect_additional_tooltip,effect_scope,effect_value,effect_category,effect_priority,effect_is_positive_value_good,effect_icon,effect_icon_negative,parent_node_key,parent_skill_key,parent_skill_name,child_node_key,child_skill_key,child_skill_name,link_type,initial_descent_tiers,parent_link_position,child_link_position,parent_link_position_offset,child_link_position_offset,locked_skill_key,locked_skill_name,locked_skill_level,ancillary_key,ancillary_name,ancillary_type,ancillary_category,dilemma_key,dilemma_title,dilemma_random_selection,source_table,source_key
character,warhammer_3,8.1.1,24237342,Vampire Counts,vampire_counts,wh_main_sc_vmp_vampire_counts,Vampire (Death),Vampire_Death,hero,wh_main_vmp_vampire_death,dignitary,dignitary,wh2_dlc11_vmp_the_barrow_legion|wh2_dlc16_vmp_lahmian_sisterhood|wh2_main_vmp_necrarch_brotherhood|wh2_main_vmp_strygos_empire|wh2_main_vmp_the_silver_host|wh3_dlc21_vmp_jiangshi_rebels|wh3_dlc25_vmp_the_court_of_night|wh3_dlc25_vmp_vampire_counts_invasion|wh3_dlc26_vmp_templehof_qb|wh3_main_ie_vmp_sires_of_mourkain|wh3_main_vmp_caravan_of_blue_roses|wh3_main_vmp_lahmian_sisterhood|wh3_main_vmp_nagashizzar|wh_main_vmp_mousillon|wh_main_vmp_rival_sylvanian_vamps|wh_main_vmp_schwartzhafen|wh_main_vmp_vampire_counts|wh_main_vmp_vampire_counts_qb1|wh_main_vmp_vampire_counts_qb2|wh_main_vmp_vampire_counts_qb3|wh_main_vmp_vampire_rebels|wh_main_vmp_waldenhof,false,false,true,true,true,true,,,,,,,,,,,,,,,,,,,,,,,,,,,,,,,,,,,,,,,,,,,,,,,,,,,,,,,,,,,,,,,,agent_subtypes_tables,wh_main_vmp_vampire_death
node_set,warhammer_3,8.1.1,24237342,Vampire Counts,vampire_counts,wh_main_sc_vmp_vampire_counts,Vampire (Death),Vampire_Death,hero,wh_main_vmp_vampire_death,dignitary,dignitary,wh2_dlc11_vmp_the_barrow_legion|wh2_dlc16_vmp_lahmian_sisterhood|wh2_main_vmp_necrarch_brotherhood|wh2_main_vmp_strygos_empire|wh2_main_vmp_the_silver_host|wh3_dlc21_vmp_jiangshi_rebels|wh3_dlc25_vmp_the_court_of_night|wh3_dlc25_vmp_vampire_counts_invasion|wh3_dlc26_vmp_templehof_qb|wh3_main_ie_vmp_sires_of_mourkain|wh3_main_vmp_caravan_of_blue_roses|wh3_main_vmp_lahmian_sisterhood|wh3_main_vmp_nagashizzar|wh_main_vmp_mousillon|wh_main_vmp_rival_sylvanian_vamps|wh_main_vmp_schwartzhafen|wh_main_vmp_vampire_counts|wh_main_vmp_vampire_counts_qb1|wh_main_vmp_vampire_counts_qb2|wh_main_vmp_vampire_counts_qb3|wh_main_vmp_vampire_rebels|wh_main_vmp_waldenhof,false,false,true,true,true,true,,,wh_main_skill_node_set_vmp_vampire,,1,dignitary,false,false,,,,,,,,,,,,,,,,,,,,,,,,,,,,,,,,,,,,,,,,,,,,,,,,,,,,,,,,character_skill_node_sets_tables,wh_main_skill_node_set_vmp_vampire
node,warhammer_3,8.1.1,24237342,Vampire Counts,vampire_counts,wh_main_sc_vmp_vampire_counts,Vampire (Death),Vampire_Death,hero,wh_main_vmp_vampire_death,dignitary,dignitary,wh2_dlc11_vmp_the_barrow_legion|wh2_dlc16_vmp_lahmian_sisterhood|wh2_main_vmp_necrarch_brotherhood|wh2_main_vmp_strygos_empire|wh2_main_vmp_the_silver_host|wh3_dlc21_vmp_jiangshi_rebels|wh3_dlc25_vmp_the_court_of_night|wh3_dlc25_vmp_vampire_counts_invasion|wh3_dlc26_vmp_templehof_qb|wh3_main_ie_vmp_sires_of_mourkain|wh3_main_vmp_caravan_of_blue_roses|wh3_main_vmp_lahmian_sisterhood|wh3_main_vmp_nagashizzar|wh_main_vmp_mousillon|wh_main_vmp_rival_sylvanian_vamps|wh_main_vmp_schwartzhafen|wh_main_vmp_vampire_counts|wh_main_vmp_vampire_counts_qb1|wh_main_vmp_vampire_counts_qb2|wh_main_vmp_vampire_counts_qb3|wh_main_vmp_vampire_rebels|wh_main_vmp_waldenhof,false,false,true,true,true,true,,,wh_main_skill_node_set_vmp_vampire,,1,dignitary,false,false,,,,wh_main_skill_node_vmp_dignitary_unique_01,wh_main_skill_vmp_dignitary_unique_vampire_barded_nightmare,Barded Nightmare,Nightmares are often clad in heavy barding or wear caparisons of thick chainmail.,mount_barded_nightmare.png,0,0,0,0,true,7,1,,,,,,,,,,,,,,,,,,,,,,,,,,,,,,,,,,,,,,,,,character_skill_nodes_tables,wh_main_skill_node_vmp_dignitary_unique_01
skill_level,warhammer_3,8.1.1,24237342,Vampire Counts,vampire_counts,wh_main_sc_vmp_vampire_counts,Vampire (Death),Vampire_Death,hero,wh_main_vmp_vampire_death,dignitary,dignitary,wh2_dlc11_vmp_the_barrow_legion|wh2_dlc16_vmp_lahmian_sisterhood|wh2_main_vmp_necrarch_brotherhood|wh2_main_vmp_strygos_empire|wh2_main_vmp_the_silver_host|wh3_dlc21_vmp_jiangshi_rebels|wh3_dlc25_vmp_the_court_of_night|wh3_dlc25_vmp_vampire_counts_invasion|wh3_dlc26_vmp_templehof_qb|wh3_main_ie_vmp_sires_of_mourkain|wh3_main_vmp_caravan_of_blue_roses|wh3_main_vmp_lahmian_sisterhood|wh3_main_vmp_nagashizzar|wh_main_vmp_mousillon|wh_main_vmp_rival_sylvanian_vamps|wh_main_vmp_schwartzhafen|wh_main_vmp_vampire_counts|wh_main_vmp_vampire_counts_qb1|wh_main_vmp_vampire_counts_qb2|wh_main_vmp_vampire_counts_qb3|wh_main_vmp_vampire_rebels|wh_main_vmp_waldenhof,false,false,true,true,true,true,,,wh_main_skill_node_set_vmp_vampire,,1,dignitary,false,false,,,,wh_main_skill_node_vmp_dignitary_unique_01,wh_main_skill_vmp_dignitary_unique_vampire_barded_nightmare,Barded Nightmare,Nightmares are often clad in heavy barding or wear caparisons of thick chainmail.,mount_barded_nightmare.png,0,0,0,0,true,7,1,1,Barded Nightmare,Nightmares are often clad in heavy barding or wear caparisons of thick chainmail.,7,x,,,,,,,,,,,,,,,,,,,,,,,,,,,,,,,,,,,,character_skill_level_details_tables,wh_main_skill_vmp_dignitary_unique_vampire_barded_nightmare|1|||
effect,warhammer_3,8.1.1,24237342,Vampire Counts,vampire_counts,wh_main_sc_vmp_vampire_counts,Vampire (Death),Vampire_Death,hero,wh_main_vmp_vampire_death,dignitary,dignitary,wh2_dlc11_vmp_the_barrow_legion|wh2_dlc16_vmp_lahmian_sisterhood|wh2_main_vmp_necrarch_brotherhood|wh2_main_vmp_strygos_empire|wh2_main_vmp_the_silver_host|wh3_dlc21_vmp_jiangshi_rebels|wh3_dlc25_vmp_the_court_of_night|wh3_dlc25_vmp_vampire_counts_invasion|wh3_dlc26_vmp_templehof_qb|wh3_main_ie_vmp_sires_of_mourkain|wh3_main_vmp_caravan_of_blue_roses|wh3_main_vmp_lahmian_sisterhood|wh3_main_vmp_nagashizzar|wh_main_vmp_mousillon|wh_main_vmp_rival_sylvanian_vamps|wh_main_vmp_schwartzhafen|wh_main_vmp_vampire_counts|wh_main_vmp_vampire_counts_qb1|wh_main_vmp_vampire_counts_qb2|wh_main_vmp_vampire_counts_qb3|wh_main_vmp_vampire_rebels|wh_main_vmp_waldenhof,false,false,true,true,true,true,,,wh_main_skill_node_set_vmp_vampire,,1,dignitary,false,false,,,,wh_main_skill_node_vmp_dignitary_unique_01,wh_main_skill_vmp_dignitary_unique_vampire_barded_nightmare,Barded Nightmare,Nightmares are often clad in heavy barding or wear caparisons of thick chainmail.,mount_barded_nightmare.png,0,0,0,0,true,7,1,1,Barded Nightmare,Nightmares are often clad in heavy barding or wear caparisons of thick chainmail.,,,,,,wh_main_effect_enable_mount_barded_nightmare,Mount: Barded Nightmare,,character_to_character_own,1,both,50,true,mount.png,mount.png,,,,,,,,,,,,,,,,,,,,,,,character_skill_level_to_effects_junctions_tables,wh_main_skill_vmp_dignitary_unique_vampire_barded_nightmare|wh_main_effect_enable_mount_barded_nightmare|1|character_to_character_own
ancillary_grant,warhammer_3,8.1.1,24237342,Vampire Counts,vampire_counts,wh_main_sc_vmp_vampire_counts,Vampire (Death),Vampire_Death,hero,wh_main_vmp_vampire_death,dignitary,dignitary,wh2_dlc11_vmp_the_barrow_legion|wh2_dlc16_vmp_lahmian_sisterhood|wh2_main_vmp_necrarch_brotherhood|wh2_main_vmp_strygos_empire|wh2_main_vmp_the_silver_host|wh3_dlc21_vmp_jiangshi_rebels|wh3_dlc25_vmp_the_court_of_night|wh3_dlc25_vmp_vampire_counts_invasion|wh3_dlc26_vmp_templehof_qb|wh3_main_ie_vmp_sires_of_mourkain|wh3_main_vmp_caravan_of_blue_roses|wh3_main_vmp_lahmian_sisterhood|wh3_main_vmp_nagashizzar|wh_main_vmp_mousillon|wh_main_vmp_rival_sylvanian_vamps|wh_main_vmp_schwartzhafen|wh_main_vmp_vampire_counts|wh_main_vmp_vampire_counts_qb1|wh_main_vmp_vampire_counts_qb2|wh_main_vmp_vampire_counts_qb3|wh_main_vmp_vampire_rebels|wh_main_vmp_waldenhof,false,false,true,true,true,true,,,wh_main_skill_node_set_vmp_vampire,,1,dignitary,false,false,,,,wh_main_skill_node_vmp_dignitary_unique_01,wh_main_skill_vmp_dignitary_unique_vampire_barded_nightmare,Barded Nightmare,Nightmares are often clad in heavy barding or wear caparisons of thick chainmail.,mount_barded_nightmare.png,0,0,0,0,true,7,1,1,,,,,,,,,,,,,,,,,,,,,,,,,,,,,,,,,wh_main_anc_mount_vmp_vampire_barded_nightmare,Barded Nightmare,wh_main_anc_mount_barded_nightmare,mount,,,,character_skill_level_to_ancillaries_junctions_tables,wh_main_skill_vmp_dignitary_unique_vampire_barded_nightmare|wh_main_anc_mount_vmp_vampire_barded_nightmare|1
node,warhammer_3,8.1.1,24237342,Vampire Counts,vampire_counts,wh_main_sc_vmp_vampire_counts,Vampire (Death),Vampire_Death,hero,wh_main_vmp_vampire_death,dignitary,dignitary,wh2_dlc11_vmp_the_barrow_legion|wh2_dlc16_vmp_lahmian_sisterhood|wh2_main_vmp_necrarch_brotherhood|wh2_main_vmp_strygos_empire|wh2_main_vmp_the_silver_host|wh3_dlc21_vmp_jiangshi_rebels|wh3_dlc25_vmp_the_court_of_night|wh3_dlc25_vmp_vampire_counts_invasion|wh3_dlc26_vmp_templehof_qb|wh3_main_ie_vmp_sires_of_mourkain|wh3_main_vmp_caravan_of_blue_roses|wh3_main_vmp_lahmian_sisterhood|wh3_main_vmp_nagashizzar|wh_main_vmp_mousillon|wh_main_vmp_rival_sylvanian_vamps|wh_main_vmp_schwartzhafen|wh_main_vmp_vampire_counts|wh_main_vmp_vampire_counts_qb1|wh_main_vmp_vampire_counts_qb2|wh_main_vmp_vampire_counts_qb3|wh_main_vmp_vampire_rebels|wh_main_vmp_waldenhof,false,false,true,true,true,true,,,wh_main_skill_node_set_vmp_vampire,,1,dignitary,false,false,,,,wh_main_skill_node_vmp_dignitary_self_01,wh_main_skill_all_dignitary_self_safeguard,Safeguard,It is no easy task to bend or break the armour of this being.,character_armour.png,0,1,0,0,true,0,1,,,,,,,,,,,,,,,,,,,,,,,,,,,,,,,,,,,,,,,,,character_skill_nodes_tables,wh_main_skill_node_vmp_dignitary_self_01
effect,warhammer_3,8.1.1,24237342,Vampire Counts,vampire_counts,wh_main_sc_vmp_vampire_counts,Vampire (Death),Vampire_Death,hero,wh_main_vmp_vampire_death,dignitary,dignitary,wh2_dlc11_vmp_the_barrow_legion|wh2_dlc16_vmp_lahmian_sisterhood|wh2_main_vmp_necrarch_brotherhood|wh2_main_vmp_strygos_empire|wh2_main_vmp_the_silver_host|wh3_dlc21_vmp_jiangshi_rebels|wh3_dlc25_vmp_the_court_of_night|wh3_dlc25_vmp_vampire_counts_invasion|wh3_dlc26_vmp_templehof_qb|wh3_main_ie_vmp_sires_of_mourkain|wh3_main_vmp_caravan_of_blue_roses|wh3_main_vmp_lahmian_sisterhood|wh3_main_vmp_nagashizzar|wh_main_vmp_mousillon|wh_main_vmp_rival_sylvanian_vamps|wh_main_vmp_schwartzhafen|wh_main_vmp_vampire_counts|wh_main_vmp_vampire_counts_qb1|wh_main_vmp_vampire_counts_qb2|wh_main_vmp_vampire_counts_qb3|wh_main_vmp_vampire_rebels|wh_main_vmp_waldenhof,false,false,true,true,true,true,,,wh_main_skill_node_set_vmp_vampire,,1,dignitary,false,false,,,,wh_main_skill_node_vmp_dignitary_self_01,wh_main_skill_all_dignitary_self_safeguard,Safeguard,It is no easy task to bend or break the armour of this being.,character_armour.png,0,1,0,0,true,0,1,1,Safeguard,It is no easy task to bend or break the armour of this being.,,,,,,wh_main_effect_character_stat_armour,Armour: %+n,,character_to_character_own,6,both,100,true,armour_character.png,armour_character.png,,,,,,,,,,,,,,,,,,,,,,,character_skill_level_to_effects_junctions_tables,wh_main_skill_all_dignitary_self_safeguard|wh_main_effect_character_stat_armour|1|character_to_character_own
node,warhammer_3,8.1.1,24237342,Vampire Counts,vampire_counts,wh_main_sc_vmp_vampire_counts,Vampire (Death),Vampire_Death,hero,wh_main_vmp_vampire_death,dignitary,dignitary,wh2_dlc11_vmp_the_barrow_legion|wh2_dlc16_vmp_lahmian_sisterhood|wh2_main_vmp_necrarch_brotherhood|wh2_main_vmp_strygos_empire|wh2_main_vmp_the_silver_host|wh3_dlc21_vmp_jiangshi_rebels|wh3_dlc25_vmp_the_court_of_night|wh3_dlc25_vmp_vampire_counts_invasion|wh3_dlc26_vmp_templehof_qb|wh3_main_ie_vmp_sires_of_mourkain|wh3_main_vmp_caravan_of_blue_roses|wh3_main_vmp_lahmian_sisterhood|wh3_main_vmp_nagashizzar|wh_main_vmp_mousillon|wh_main_vmp_rival_sylvanian_vamps|wh_main_vmp_schwartzhafen|wh_main_vmp_vampire_counts|wh_main_vmp_vampire_counts_qb1|wh_main_vmp_vampire_counts_qb2|wh_main_vmp_vampire_counts_qb3|wh_main_vmp_vampire_rebels|wh_main_vmp_waldenhof,false,false,true,true,true,true,,,wh_main_skill_node_set_vmp_vampire,,1,dignitary,false,false,,,,wh_main_skill_node_vmp_dignitary_magic1_01,wh_main_skill_all_magic_death_01_spirit_leech,Spirit Leech,,wh_main_spell_death_spirit_leech.png,0,2,0,0,true,0,2,,,,,,,,,,,,,,,,,,,,,,,,,,,,,,,,,,,,,,,,,character_skill_nodes_tables,wh_main_skill_node_vmp_dignitary_magic1_01
effect,warhammer_3,8.1.1,24237342,Vampire Counts,vampire_counts,wh_main_sc_vmp_vampire_counts,Vampire (Death),Vampire_Death,hero,wh_main_vmp_vampire_death,dignitary,dignitary,wh2_dlc11_vmp_the_barrow_legion|wh2_dlc16_vmp_lahmian_sisterhood|wh2_main_vmp_necrarch_brotherhood|wh2_main_vmp_strygos_empire|wh2_main_vmp_the_silver_host|wh3_dlc21_vmp_jiangshi_rebels|wh3_dlc25_vmp_the_court_of_night|wh3_dlc25_vmp_vampire_counts_invasion|wh3_dlc26_vmp_templehof_qb|wh3_main_ie_vmp_sires_of_mourkain|wh3_main_vmp_caravan_of_blue_roses|wh3_main_vmp_lahmian_sisterhood|wh3_main_vmp_nagashizzar|wh_main_vmp_mousillon|wh_main_vmp_rival_sylvanian_vamps|wh_main_vmp_schwartzhafen|wh_main_vmp_vampire_counts|wh_main_vmp_vampire_counts_qb1|wh_main_vmp_vampire_counts_qb2|wh_main_vmp_vampire_counts_qb3|wh_main_vmp_vampire_rebels|wh_main_vmp_waldenhof,false,false,true,true,true,true,,,wh_main_skill_node_set_vmp_vampire,,1,dignitary,false,false,,,,wh_main_skill_node_vmp_dignitary_magic1_01,wh_main_skill_all_magic_death_01_spirit_leech,Spirit Leech,,wh_main_spell_death_spirit_leech.png,0,2,0,0,true,0,2,1,Spirit Leech,,,,,,,wh_main_effect_ability_cooldown_spirit_leech,"Cooldown: %+n% to ""Spirit Leech""",,character_to_character_own,-30,both,293,false,magic_cooldown.png,magic_cooldown.png,,,,,,,,,,,,,,,,,,,,,,,character_skill_level_to_effects_junctions_tables,wh_main_skill_all_magic_death_01_spirit_leech|wh_main_effect_ability_cooldown_spirit_leech|1|character_to_character_own
effect,warhammer_3,8.1.1,24237342,Vampire Counts,vampire_counts,wh_main_sc_vmp_vampire_counts,Vampire (Death),Vampire_Death,hero,wh_main_vmp_vampire_death,dignitary,dignitary,wh2_dlc11_vmp_the_barrow_legion|wh2_dlc16_vmp_lahmian_sisterhood|wh2_main_vmp_necrarch_brotherhood|wh2_main_vmp_strygos_empire|wh2_main_vmp_the_silver_host|wh3_dlc21_vmp_jiangshi_rebels|wh3_dlc25_vmp_the_court_of_night|wh3_dlc25_vmp_vampire_counts_invasion|wh3_dlc26_vmp_templehof_qb|wh3_main_ie_vmp_sires_of_mourkain|wh3_main_vmp_caravan_of_blue_roses|wh3_main_vmp_lahmian_sisterhood|wh3_main_vmp_nagashizzar|wh_main_vmp_mousillon|wh_main_vmp_rival_sylvanian_vamps|wh_main_vmp_schwartzhafen|wh_main_vmp_vampire_counts|wh_main_vmp_vampire_counts_qb1|wh_main_vmp_vampire_counts_qb2|wh_main_vmp_vampire_counts_qb3|wh_main_vmp_vampire_rebels|wh_main_vmp_waldenhof,false,false,true,true,true,true,,,wh_main_skill_node_set_vmp_vampire,,1,dignitary,false,false,,,,wh_main_skill_node_vmp_dignitary_magic1_01,wh_main_skill_all_magic_death_01_spirit_leech,Spirit Leech,,wh_main_spell_death_spirit_leech.png,0,2,0,0,true,0,2,1,Spirit Leech,,,,,,,wh2_main_effect_ability_overcast_spirit_leech,"Overcast spell: ""Spirit Leech Upgraded""",,character_to_character_own,1,both,292,true,magic_character.png,magic_character.png,,,,,,,,,,,,,,,,,,,,,,,character_skill_level_to_effects_junctions_tables,wh_main_skill_all_magic_death_01_spirit_leech|wh2_main_effect_ability_overcast_spirit_leech|1|character_to_character_own
effect,warhammer_3,8.1.1,24237342,Vampire Counts,vampire_counts,wh_main_sc_vmp_vampire_counts,Vampire (Death),Vampire_Death,hero,wh_main_vmp_vampire_death,dignitary,dignitary,wh2_dlc11_vmp_the_barrow_legion|wh2_dlc16_vmp_lahmian_sisterhood|wh2_main_vmp_necrarch_brotherhood|wh2_main_vmp_strygos_empire|wh2_main_vmp_the_silver_host|wh3_dlc21_vmp_jiangshi_rebels|wh3_dlc25_vmp_the_court_of_night|wh3_dlc25_vmp_vampire_counts_invasion|wh3_dlc26_vmp_templehof_qb|wh3_main_ie_vmp_sires_of_mourkain|wh3_main_vmp_caravan_of_blue_roses|wh3_main_vmp_lahmian_sisterhood|wh3_main_vmp_nagashizzar|wh_main_vmp_mousillon|wh_main_vmp_rival_sylvanian_vamps|wh_main_vmp_schwartzhafen|wh_main_vmp_vampire_counts|wh_main_vmp_vampire_counts_qb1|wh_main_vmp_vampire_counts_qb2|wh_main_vmp_vampire_counts_qb3|wh_main_vmp_vampire_rebels|wh_main_vmp_waldenhof,false,false,true,true,true,true,,,wh_main_skill_node_set_vmp_vampire,,1,dignitary,false,false,,,,wh_main_skill_node_vmp_dignitary_magic1_01,wh_main_skill_all_magic_death_01_spirit_leech,Spirit Leech,,wh_main_spell_death_spirit_leech.png,0,2,0,0,true,0,2,2,Spirit Leech,,,,,,,wh_main_effect_ability_cooldown_spirit_leech,"Cooldown: %+n% to ""Spirit Leech""",,character_to_character_own,-50,both,293,false,magic_cooldown.png,magic_cooldown.png,,,,,,,,,,,,,,,,,,,,,,,character_skill_level_to_effects_junctions_tables,wh_main_skill_all_magic_death_01_spirit_leech|wh_main_effect_ability_cooldown_spirit_leech|2|character_to_character_own
effect,warhammer_3,8.1.1,24237342,Vampire Counts,vampire_counts,wh_main_sc_vmp_vampire_counts,Vampire (Death),Vampire_Death,hero,wh_main_vmp_vampire_death,dignitary,dignitary,wh2_dlc11_vmp_the_barrow_legion|wh2_dlc16_vmp_lahmian_sisterhood|wh2_main_vmp_necrarch_brotherhood|wh2_main_vmp_strygos_empire|wh2_main_vmp_the_silver_host|wh3_dlc21_vmp_jiangshi_rebels|wh3_dlc25_vmp_the_court_of_night|wh3_dlc25_vmp_vampire_counts_invasion|wh3_dlc26_vmp_templehof_qb|wh3_main_ie_vmp_sires_of_mourkain|wh3_main_vmp_caravan_of_blue_roses|wh3_main_vmp_lahmian_sisterhood|wh3_main_vmp_nagashizzar|wh_main_vmp_mousillon|wh_main_vmp_rival_sylvanian_vamps|wh_main_vmp_schwartzhafen|wh_main_vmp_vampire_counts|wh_main_vmp_vampire_counts_qb1|wh_main_vmp_vampire_counts_qb2|wh_main_vmp_vampire_counts_qb3|wh_main_vmp_vampire_rebels|wh_main_vmp_waldenhof,false,false,true,true,true,true,,,wh_main_skill_node_set_vmp_vampire,,1,dignitary,false,false,,,,wh_main_skill_node_vmp_dignitary_magic1_01,wh_main_skill_all_magic_death_01_spirit_leech,Spirit Leech,,wh_main_spell_death_spirit_leech.png,0,2,0,0,true,0,2,2,Spirit Leech,,,,,,,wh2_main_effect_ability_miscast_spirit_leech_upgraded,"Miscast base chance: %+n% for ""Spirit Leech Upgraded""",,character_to_character_own,-15,both,298,false,magic.png,magic.png,,,,,,,,,,,,,,,,,,,,,,,character_skill_level_to_effects_junctions_tables,wh_main_skill_all_magic_death_01_spirit_leech|wh2_main_effect_ability_miscast_spirit_leech_upgraded|2|character_to_character_own
effect,warhammer_3,8.1.1,24237342,Vampire Counts,vampire_counts,wh_main_sc_vmp_vampire_counts,Vampire (Death),Vampire_Death,hero,wh_main_vmp_vampire_death,dignitary,dignitary,wh2_dlc11_vmp_the_barrow_legion|wh2_dlc16_vmp_lahmian_sisterhood|wh2_main_vmp_necrarch_brotherhood|wh2_main_vmp_strygos_empire|wh2_main_vmp_the_silver_host|wh3_dlc21_vmp_jiangshi_rebels|wh3_dlc25_vmp_the_court_of_night|wh3_dlc25_vmp_vampire_counts_invasion|wh3_dlc26_vmp_templehof_qb|wh3_main_ie_vmp_sires_of_mourkain|wh3_main_vmp_caravan_of_blue_roses|wh3_main_vmp_lahmian_sisterhood|wh3_main_vmp_nagashizzar|wh_main_vmp_mousillon|wh_main_vmp_rival_sylvanian_vamps|wh_main_vmp_schwartzhafen|wh_main_vmp_vampire_counts|wh_main_vmp_vampire_counts_qb1|wh_main_vmp_vampire_counts_qb2|wh_main_vmp_vampire_counts_qb3|wh_main_vmp_vampire_rebels|wh_main_vmp_waldenhof,false,false,true,true,true,true,,,wh_main_skill_node_set_vmp_vampire,,1,dignitary,false,false,,,,wh_main_skill_node_vmp_dignitary_magic1_01,wh_main_skill_all_magic_death_01_spirit_leech,Spirit Leech,,wh_main_spell_death_spirit_leech.png,0,2,0,0,true,0,2,2,Spirit Leech,,,,,,,wh2_main_effect_ability_overcast_spirit_leech,"Overcast spell: ""Spirit Leech Upgraded""",,character_to_character_own,1,both,292,true,magic_character.png,magic_character.png,,,,,,,,,,,,,,,,,,,,,,,character_skill_level_to_effects_junctions_tables,wh_main_skill_all_magic_death_01_spirit_leech|wh2_main_effect_ability_overcast_spirit_leech|2|character_to_character_own
effect,warhammer_3,8.1.1,24237342,Vampire Counts,vampire_counts,wh_main_sc_vmp_vampire_counts,Vampire (Death),Vampire_Death,hero,wh_main_vmp_vampire_death,dignitary,dignitary,wh2_dlc11_vmp_the_barrow_legion|wh2_dlc16_vmp_lahmian_sisterhood|wh2_main_vmp_necrarch_brotherhood|wh2_main_vmp_strygos_empire|wh2_main_vmp_the_silver_host|wh3_dlc21_vmp_jiangshi_rebels|wh3_dlc25_vmp_the_court_of_night|wh3_dlc25_vmp_vampire_counts_invasion|wh3_dlc26_vmp_templehof_qb|wh3_main_ie_vmp_sires_of_mourkain|wh3_main_vmp_caravan_of_blue_roses|wh3_main_vmp_lahmian_sisterhood|wh3_main_vmp_nagashizzar|wh_main_vmp_mousillon|wh_main_vmp_rival_sylvanian_vamps|wh_main_vmp_schwartzhafen|wh_main_vmp_vampire_counts|wh_main_vmp_vampire_counts_qb1|wh_main_vmp_vampire_counts_qb2|wh_main_vmp_vampire_counts_qb3|wh_main_vmp_vampire_rebels|wh_main_vmp_waldenhof,false,false,true,true,true,true,,,wh_main_skill_node_set_vmp_vampire,,1,dignitary,false,false,,,,wh_main_skill_node_vmp_dignitary_magic1_01,wh_main_skill_all_magic_death_01_spirit_leech,Spirit Leech,,wh_main_spell_death_spirit_leech.png,0,2,0,0,true,0,2,2,Spirit Leech,,,,,,,wh2_main_effect_ability_wom_cost_spirit_leech,"Winds of Magic cost: %n for ""Spirit Leech""",,character_to_character_own,-2,both,294,false,magic_character.png,magic_character.png,,,,,,,,,,,,,,,,,,,,,,,character_skill_level_to_effects_junctions_tables,wh_main_skill_all_magic_death_01_spirit_leech|wh2_main_effect_ability_wom_cost_spirit_leech|2|character_to_character_own
effect,warhammer_3,8.1.1,24237342,Vampire Counts,vampire_counts,wh_main_sc_vmp_vampire_counts,Vampire (Death),Vampire_Death,hero,wh_main_vmp_vampire_death,dignitary,dignitary,wh2_dlc11_vmp_the_barrow_legion|wh2_dlc16_vmp_lahmian_sisterhood|wh2_main_vmp_necrarch_brotherhood|wh2_main_vmp_strygos_empire|wh2_main_vmp_the_silver_host|wh3_dlc21_vmp_jiangshi_rebels|wh3_dlc25_vmp_the_court_of_night|wh3_dlc25_vmp_vampire_counts_invasion|wh3_dlc26_vmp_templehof_qb|wh3_main_ie_vmp_sires_of_mourkain|wh3_main_vmp_caravan_of_blue_roses|wh3_main_vmp_lahmian_sisterhood|wh3_main_vmp_nagashizzar|wh_main_vmp_mousillon|wh_main_vmp_rival_sylvanian_vamps|wh_main_vmp_schwartzhafen|wh_main_vmp_vampire_counts|wh_main_vmp_vampire_counts_qb1|wh_main_vmp_vampire_counts_qb2|wh_main_vmp_vampire_counts_qb3|wh_main_vmp_vampire_rebels|wh_main_vmp_waldenhof,false,false,true,true,true,true,,,wh_main_skill_node_set_vmp_vampire,,1,dignitary,false,false,,,,wh_main_skill_node_vmp_dignitary_magic1_01,wh_main_skill_all_magic_death_01_spirit_leech,Spirit Leech,,wh_main_spell_death_spirit_leech.png,0,2,0,0,true,0,2,2,Spirit Leech,,,,,,,wh2_main_effect_ability_wom_cost_spirit_leech_upgraded,"Winds of Magic cost: %n for ""Spirit Leech Upgraded""",,character_to_character_own,-2,both,295,false,magic_character.png,magic_character.png,,,,,,,,,,,,,,,,,,,,,,,character_skill_level_to_effects_junctions_tables,wh_main_skill_all_magic_death_01_spirit_leech|wh2_main_effect_ability_wom_cost_spirit_leech_upgraded|2|character_to_character_own
node,warhammer_3,8.1.1,24237342,Vampire Counts,vampire_counts,wh_main_sc_vmp_vampire_counts,Vampire (Death),Vampire_Death,hero,wh_main_vmp_vampire_death,dignitary,dignitary,wh2_dlc11_vmp_the_barrow_legion|wh2_dlc16_vmp_lahmian_sisterhood|wh2_main_vmp_necrarch_brotherhood|wh2_main_vmp_strygos_empire|wh2_main_vmp_the_silver_host|wh3_dlc21_vmp_jiangshi_rebels|wh3_dlc25_vmp_the_court_of_night|wh3_dlc25_vmp_vampire_counts_invasion|wh3_dlc26_vmp_templehof_qb|wh3_main_ie_vmp_sires_of_mourkain|wh3_main_vmp_caravan_of_blue_roses|wh3_main_vmp_lahmian_sisterhood|wh3_main_vmp_nagashizzar|wh_main_vmp_mousillon|wh_main_vmp_rival_sylvanian_vamps|wh_main_vmp_schwartzhafen|wh_main_vmp_vampire_counts|wh_main_vmp_vampire_counts_qb1|wh_main_vmp_vampire_counts_qb2|wh_main_vmp_vampire_counts_qb3|wh_main_vmp_vampire_rebels|wh_main_vmp_waldenhof,false,false,true,true,true,true,,,wh_main_skill_node_set_vmp_vampire,,1,dignitary,false,false,,,,wh_main_skill_node_vmp_dignitary_campaign_01,wh2_main_skill_all_hero_assist_army_replenish_troops,{{tr:agent_action_name_replenish_troops}},Those in the army can find succour or be replenished by the power of this champion.,campaign_replenishment.png,0,5,0,0,true,0,3,,,,,,,,,,,,,,,,,,,,,,,,,,,,,,,,,,,,,,,,,character_skill_nodes_tables,wh_main_skill_node_vmp_dignitary_campaign_01
skill_level,warhammer_3,8.1.1,24237342,Vampire Counts,vampire_counts,wh_main_sc_vmp_vampire_counts,Vampire (Death),Vampire_Death,hero,wh_main_vmp_vampire_death,dignitary,dignitary,wh2_dlc11_vmp_the_barrow_legion|wh2_dlc16_vmp_lahmian_sisterhood|wh2_main_vmp_necrarch_brotherhood|wh2_main_vmp_strygos_empire|wh2_main_vmp_the_silver_host|wh3_dlc21_vmp_jiangshi_rebels|wh3_dlc25_vmp_the_court_of_night|wh3_dlc25_vmp_vampire_counts_invasion|wh3_dlc26_vmp_templehof_qb|wh3_main_ie_vmp_sires_of_mourkain|wh3_main_vmp_caravan_of_blue_roses|wh3_main_vmp_lahmian_sisterhood|wh3_main_vmp_nagashizzar|wh_main_vmp_mousillon|wh_main_vmp_rival_sylvanian_vamps|wh_main_vmp_schwartzhafen|wh_main_vmp_vampire_counts|wh_main_vmp_vampire_counts_qb1|wh_main_vmp_vampire_counts_qb2|wh_main_vmp_vampire_counts_qb3|wh_main_vmp_vampire_rebels|wh_main_vmp_waldenhof,false,false,true,true,true,true,,,wh_main_skill_node_set_vmp_vampire,,1,dignitary,false,false,,,,wh_main_skill_node_vmp_dignitary_campaign_01,wh2_main_skill_all_hero_assist_army_replenish_troops,{{tr:agent_action_name_replenish_troops}},Those in the army can find succour or be replenished by the power of this champion.,campaign_replenishment.png,0,5,0,0,true,0,3,2,{{tr:agent_action_name_replenish_troops}},Those in the army can find succour or be replenished by the power of this champion.,4,x,,,,,,,,,,,,,,,,,,,,,,,,,,,,,,,,,,,,character_skill_level_details_tables,wh2_main_skill_all_hero_assist_army_replenish_troops|2|||
skill_level,warhammer_3,8.1.1,24237342,Vampire Counts,vampire_counts,wh_main_sc_vmp_vampire_counts,Vampire (Death),Vampire_Death,hero,wh_main_vmp_vampire_death,dignitary,dignitary,wh2_dlc11_vmp_the_barrow_legion|wh2_dlc16_vmp_lahmian_sisterhood|wh2_main_vmp_necrarch_brotherhood|wh2_main_vmp_strygos_empire|wh2_main_vmp_the_silver_host|wh3_dlc21_vmp_jiangshi_rebels|wh3_dlc25_vmp_the_court_of_night|wh3_dlc25_vmp_vampire_counts_invasion|wh3_dlc26_vmp_templehof_qb|wh3_main_ie_vmp_sires_of_mourkain|wh3_main_vmp_caravan_of_blue_roses|wh3_main_vmp_lahmian_sisterhood|wh3_main_vmp_nagashizzar|wh_main_vmp_mousillon|wh_main_vmp_rival_sylvanian_vamps|wh_main_vmp_schwartzhafen|wh_main_vmp_vampire_counts|wh_main_vmp_vampire_counts_qb1|wh_main_vmp_vampire_counts_qb2|wh_main_vmp_vampire_counts_qb3|wh_main_vmp_vampire_rebels|wh_main_vmp_waldenhof,false,false,true,true,true,true,,,wh_main_skill_node_set_vmp_vampire,,1,dignitary,false,false,,,,wh_main_skill_node_vmp_dignitary_campaign_01,wh2_main_skill_all_hero_assist_army_replenish_troops,{{tr:agent_action_name_replenish_troops}},Those in the army can find succour or be replenished by the power of this champion.,campaign_replenishment.png,0,5,0,0,true,0,3,3,{{tr:agent_action_name_replenish_troops}},Those in the army can find succour or be replenished by the power of this champion.,9,x,,,,,,,,,,,,,,,,,,,,,,,,,,,,,,,,,,,,character_skill_level_details_tables,wh2_main_skill_all_hero_assist_army_replenish_troops|3|||
effect,warhammer_3,8.1.1,24237342,Vampire Counts,vampire_counts,wh_main_sc_vmp_vampire_counts,Vampire (Death),Vampire_Death,hero,wh_main_vmp_vampire_death,dignitary,dignitary,wh2_dlc11_vmp_the_barrow_legion|wh2_dlc16_vmp_lahmian_sisterhood|wh2_main_vmp_necrarch_brotherhood|wh2_main_vmp_strygos_empire|wh2_main_vmp_the_silver_host|wh3_dlc21_vmp_jiangshi_rebels|wh3_dlc25_vmp_the_court_of_night|wh3_dlc25_vmp_vampire_counts_invasion|wh3_dlc26_vmp_templehof_qb|wh3_main_ie_vmp_sires_of_mourkain|wh3_main_vmp_caravan_of_blue_roses|wh3_main_vmp_lahmian_sisterhood|wh3_main_vmp_nagashizzar|wh_main_vmp_mousillon|wh_main_vmp_rival_sylvanian_vamps|wh_main_vmp_schwartzhafen|wh_main_vmp_vampire_counts|wh_main_vmp_vampire_counts_qb1|wh_main_vmp_vampire_counts_qb2|wh_main_vmp_vampire_counts_qb3|wh_main_vmp_vampire_rebels|wh_main_vmp_waldenhof,false,false,true,true,true,true,,,wh_main_skill_node_set_vmp_vampire,,1,dignitary,false,false,,,,wh_main_skill_node_vmp_dignitary_campaign_01,wh2_main_skill_all_hero_assist_army_replenish_troops,{{tr:agent_action_name_replenish_troops}},Those in the army can find succour or be replenished by the power of this champion.,campaign_replenishment.png,0,5,0,0,true,0,3,1,{{tr:agent_action_name_replenish_troops}},Those in the army can find succour or be replenished by the power of this champion.,,,,,,wh2_main_effect_agent_action_assist_army_replenish_troops_buff,[[col:yellow]]{{tr:agent_action_name_replenish_troops}}[[/col]] action: Replenishment rate is increased by an additional %n%,[[col:yellow]]{{tr:agent_action_name_replenish_troops}}[[/col]] (Assist Army)\\nIncreases replenishment of the parent army.,character_to_character_own,3,campaign,7,true,replenishment.png,replenishment.png,,,,,,,,,,,,,,,,,,,,,,,character_skill_level_to_effects_junctions_tables,wh2_main_skill_all_hero_assist_army_replenish_troops|wh2_main_effect_agent_action_assist_army_replenish_troops_buff|1|character_to_character_own
effect,warhammer_3,8.1.1,24237342,Vampire Counts,vampire_counts,wh_main_sc_vmp_vampire_counts,Vampire (Death),Vampire_Death,hero,wh_main_vmp_vampire_death,dignitary,dignitary,wh2_dlc11_vmp_the_barrow_legion|wh2_dlc16_vmp_lahmian_sisterhood|wh2_main_vmp_necrarch_brotherhood|wh2_main_vmp_strygos_empire|wh2_main_vmp_the_silver_host|wh3_dlc21_vmp_jiangshi_rebels|wh3_dlc25_vmp_the_court_of_night|wh3_dlc25_vmp_vampire_counts_invasion|wh3_dlc26_vmp_templehof_qb|wh3_main_ie_vmp_sires_of_mourkain|wh3_main_vmp_caravan_of_blue_roses|wh3_main_vmp_lahmian_sisterhood|wh3_main_vmp_nagashizzar|wh_main_vmp_mousillon|wh_main_vmp_rival_sylvanian_vamps|wh_main_vmp_schwartzhafen|wh_main_vmp_vampire_counts|wh_main_vmp_vampire_counts_qb1|wh_main_vmp_vampire_counts_qb2|wh_main_vmp_vampire_counts_qb3|wh_main_vmp_vampire_rebels|wh_main_vmp_waldenhof,false,false,true,true,true,true,,,wh_main_skill_node_set_vmp_vampire,,1,dignitary,false,false,,,,wh_main_skill_node_vmp_dignitary_campaign_01,wh2_main_skill_all_hero_assist_army_replenish_troops,{{tr:agent_action_name_replenish_troops}},Those in the army can find succour or be replenished by the power of this champion.,campaign_replenishment.png,0,5,0,0,true,0,3,2,{{tr:agent_action_name_replenish_troops}},Those in the army can find succour or be replenished by the power of this champion.,,,,,,wh2_main_effect_agent_action_assist_army_replenish_troops_buff,[[col:yellow]]{{tr:agent_action_name_replenish_troops}}[[/col]] action: Replenishment rate is increased by an additional %n%,[[col:yellow]]{{tr:agent_action_name_replenish_troops}}[[/col]] (Assist Army)\\nIncreases replenishment of the parent army.,character_to_character_own,6,campaign,7,true,replenishment.png,replenishment.png,,,,,,,,,,,,,,,,,,,,,,,character_skill_level_to_effects_junctions_tables,wh2_main_skill_all_hero_assist_army_replenish_troops|wh2_main_effect_agent_action_assist_army_replenish_troops_buff|2|character_to_character_own
effect,warhammer_3,8.1.1,24237342,Vampire Counts,vampire_counts,wh_main_sc_vmp_vampire_counts,Vampire (Death),Vampire_Death,hero,wh_main_vmp_vampire_death,dignitary,dignitary,wh2_dlc11_vmp_the_barrow_legion|wh2_dlc16_vmp_lahmian_sisterhood|wh2_main_vmp_necrarch_brotherhood|wh2_main_vmp_strygos_empire|wh2_main_vmp_the_silver_host|wh3_dlc21_vmp_jiangshi_rebels|wh3_dlc25_vmp_the_court_of_night|wh3_dlc25_vmp_vampire_counts_invasion|wh3_dlc26_vmp_templehof_qb|wh3_main_ie_vmp_sires_of_mourkain|wh3_main_vmp_caravan_of_blue_roses|wh3_main_vmp_lahmian_sisterhood|wh3_main_vmp_nagashizzar|wh_main_vmp_mousillon|wh_main_vmp_rival_sylvanian_vamps|wh_main_vmp_schwartzhafen|wh_main_vmp_vampire_counts|wh_main_vmp_vampire_counts_qb1|wh_main_vmp_vampire_counts_qb2|wh_main_vmp_vampire_counts_qb3|wh_main_vmp_vampire_rebels|wh_main_vmp_waldenhof,false,false,true,true,true,true,,,wh_main_skill_node_set_vmp_vampire,,1,dignitary,false,false,,,,wh_main_skill_node_vmp_dignitary_campaign_01,wh2_main_skill_all_hero_assist_army_replenish_troops,{{tr:agent_action_name_replenish_troops}},Those in the army can find succour or be replenished by the power of this champion.,campaign_replenishment.png,0,5,0,0,true,0,3,3,{{tr:agent_action_name_replenish_troops}},Those in the army can find succour or be replenished by the power of this champion.,,,,,,wh2_main_effect_agent_action_assist_army_replenish_troops_buff,[[col:yellow]]{{tr:agent_action_name_replenish_troops}}[[/col]] action: Replenishment rate is increased by an additional %n%,[[col:yellow]]{{tr:agent_action_name_replenish_troops}}[[/col]] (Assist Army)\\nIncreases replenishment of the parent army.,character_to_character_own,9,campaign,7,true,replenishment.png,replenishment.png,,,,,,,,,,,,,,,,,,,,,,,character_skill_level_to_effects_junctions_tables,wh2_main_skill_all_hero_assist_army_replenish_troops|wh2_main_effect_agent_action_assist_army_replenish_troops_buff|3|character_to_character_own
node,warhammer_3,8.1.1,24237342,Vampire Counts,vampire_counts,wh_main_sc_vmp_vampire_counts,Vampire (Death),Vampire_Death,hero,wh_main_vmp_vampire_death,dignitary,dignitary,wh2_dlc11_vmp_the_barrow_legion|wh2_dlc16_vmp_lahmian_sisterhood|wh2_main_vmp_necrarch_brotherhood|wh2_main_vmp_strygos_empire|wh2_main_vmp_the_silver_host|wh3_dlc21_vmp_jiangshi_rebels|wh3_dlc25_vmp_the_court_of_night|wh3_dlc25_vmp_vampire_counts_invasion|wh3_dlc26_vmp_templehof_qb|wh3_main_ie_vmp_sires_of_mourkain|wh3_main_vmp_caravan_of_blue_roses|wh3_main_vmp_lahmian_sisterhood|wh3_main_vmp_nagashizzar|wh_main_vmp_mousillon|wh_main_vmp_rival_sylvanian_vamps|wh_main_vmp_schwartzhafen|wh_main_vmp_vampire_counts|wh_main_vmp_vampire_counts_qb1|wh_main_vmp_vampire_counts_qb2|wh_main_vmp_vampire_counts_qb3|wh_main_vmp_vampire_rebels|wh_main_vmp_waldenhof,false,false,true,true,true,true,,,wh_main_skill_node_set_vmp_vampire,,1,dignitary,false,false,,,,wh_main_skill_node_vmp_vampire_innate_01,wh2_main_skill_innate_vmp_dark_majesty,Dark Majesty,"Glory in your dark majesty, my lord.",trait_vampire_counts.png,0,6,0,0,false,0,1,,,,,,,,,,,,,,,,,,,,,,,,,,,,,,,,,,,,,,,,,character_skill_nodes_tables,wh_main_skill_node_vmp_vampire_innate_01
effect,warhammer_3,8.1.1,24237342,Vampire Counts,vampire_counts,wh_main_sc_vmp_vampire_counts,Vampire (Death),Vampire_Death,hero,wh_main_vmp_vampire_death,dignitary,dignitary,wh2_dlc11_vmp_the_barrow_legion|wh2_dlc16_vmp_lahmian_sisterhood|wh2_main_vmp_necrarch_brotherhood|wh2_main_vmp_strygos_empire|wh2_main_vmp_the_silver_host|wh3_dlc21_vmp_jiangshi_rebels|wh3_dlc25_vmp_the_court_of_night|wh3_dlc25_vmp_vampire_counts_invasion|wh3_dlc26_vmp_templehof_qb|wh3_main_ie_vmp_sires_of_mourkain|wh3_main_vmp_caravan_of_blue_roses|wh3_main_vmp_lahmian_sisterhood|wh3_main_vmp_nagashizzar|wh_main_vmp_mousillon|wh_main_vmp_rival_sylvanian_vamps|wh_main_vmp_schwartzhafen|wh_main_vmp_vampire_counts|wh_main_vmp_vampire_counts_qb1|wh_main_vmp_vampire_counts_qb2|wh_main_vmp_vampire_counts_qb3|wh_main_vmp_vampire_rebels|wh_main_vmp_waldenhof,false,false,true,true,true,true,,,wh_main_skill_node_set_vmp_vampire,,1,dignitary,false,false,,,,wh_main_skill_node_vmp_vampire_innate_01,wh2_main_skill_innate_vmp_dark_majesty,Dark Majesty,"Glory in your dark majesty, my lord.",trait_vampire_counts.png,0,6,0,0,false,0,1,1,Dark Majesty,"Glory in your dark majesty, my lord.",,,,,,wh_main_effect_character_stat_aura_leadership_effect,Character's aura leadership effect: %+n,Aura. Any unit standing within this character's aura in battle will receive a [[img:icon_morale]][[/img]]leadership bonus.,character_to_character_own,8,battle,260,true,morale_character.png,morale_character.png,,,,,,,,,,,,,,,,,,,,,,,character_skill_level_to_effects_junctions_tables,wh2_main_skill_innate_vmp_dark_majesty|wh_main_effect_character_stat_aura_leadership_effect|1|character_to_character_own
effect,warhammer_3,8.1.1,24237342,Vampire Counts,vampire_counts,wh_main_sc_vmp_vampire_counts,Vampire (Death),Vampire_Death,hero,wh_main_vmp_vampire_death,dignitary,dignitary,wh2_dlc11_vmp_the_barrow_legion|wh2_dlc16_vmp_lahmian_sisterhood|wh2_main_vmp_necrarch_brotherhood|wh2_main_vmp_strygos_empire|wh2_main_vmp_the_silver_host|wh3_dlc21_vmp_jiangshi_rebels|wh3_dlc25_vmp_the_court_of_night|wh3_dlc25_vmp_vampire_counts_invasion|wh3_dlc26_vmp_templehof_qb|wh3_main_ie_vmp_sires_of_mourkain|wh3_main_vmp_caravan_of_blue_roses|wh3_main_vmp_lahmian_sisterhood|wh3_main_vmp_nagashizzar|wh_main_vmp_mousillon|wh_main_vmp_rival_sylvanian_vamps|wh_main_vmp_schwartzhafen|wh_main_vmp_vampire_counts|wh_main_vmp_vampire_counts_qb1|wh_main_vmp_vampire_counts_qb2|wh_main_vmp_vampire_counts_qb3|wh_main_vmp_vampire_rebels|wh_main_vmp_waldenhof,false,false,true,true,true,true,,,wh_main_skill_node_set_vmp_vampire,,1,dignitary,false,false,,,,wh_main_skill_node_vmp_vampire_innate_01,wh2_main_skill_innate_vmp_dark_majesty,Dark Majesty,"Glory in your dark majesty, my lord.",trait_vampire_counts.png,0,6,0,0,false,0,1,1,Dark Majesty,"Glory in your dark majesty, my lord.",,,,,,wh_main_effect_character_stat_leadership_aura_size,Leadership aura size: %+n%,Aura. Any unit standing within this character's aura in battle will receive a [[img:icon_morale]][[/img]]leadership bonus.,character_to_character_own,100,battle,260,true,general_ability.png,general_ability.png,,,,,,,,,,,,,,,,,,,,,,,character_skill_level_to_effects_junctions_tables,wh2_main_skill_innate_vmp_dark_majesty|wh_main_effect_character_stat_leadership_aura_size|1|character_to_character_own
node,warhammer_3,8.1.1,24237342,Vampire Counts,vampire_counts,wh_main_sc_vmp_vampire_counts,Vampire (Death),Vampire_Death,hero,wh_main_vmp_vampire_death,dignitary,dignitary,wh2_dlc11_vmp_the_barrow_legion|wh2_dlc16_vmp_lahmian_sisterhood|wh2_main_vmp_necrarch_brotherhood|wh2_main_vmp_strygos_empire|wh2_main_vmp_the_silver_host|wh3_dlc21_vmp_jiangshi_rebels|wh3_dlc25_vmp_the_court_of_night|wh3_dlc25_vmp_vampire_counts_invasion|wh3_dlc26_vmp_templehof_qb|wh3_main_ie_vmp_sires_of_mourkain|wh3_main_vmp_caravan_of_blue_roses|wh3_main_vmp_lahmian_sisterhood|wh3_main_vmp_nagashizzar|wh_main_vmp_mousillon|wh_main_vmp_rival_sylvanian_vamps|wh_main_vmp_schwartzhafen|wh_main_vmp_vampire_counts|wh_main_vmp_vampire_counts_qb1|wh_main_vmp_vampire_counts_qb2|wh_main_vmp_vampire_counts_qb3|wh_main_vmp_vampire_rebels|wh_main_vmp_waldenhof,false,false,true,true,true,true,,,wh_main_skill_node_set_vmp_vampire,,1,dignitary,false,false,,,,wh_main_skill_node_vmp_vampire_campaign_actions_dummy,wh2_main_skill_all_dummy_agent_actions_vmp_vampire,Actions [HIDDEN],,battle_attack.png,0,8,1,0,false,0,1,,,,,,,,,,,,,,,,,,,,,,,,,,,,,,,,,,,,,,,,,character_skill_nodes_tables,wh_main_skill_node_vmp_vampire_campaign_actions_dummy
effect,warhammer_3,8.1.1,24237342,Vampire Counts,vampire_counts,wh_main_sc_vmp_vampire_counts,Vampire (Death),Vampire_Death,hero,wh_main_vmp_vampire_death,dignitary,dignitary,wh2_dlc11_vmp_the_barrow_legion|wh2_dlc16_vmp_lahmian_sisterhood|wh2_main_vmp_necrarch_brotherhood|wh2_main_vmp_strygos_empire|wh2_main_vmp_the_silver_host|wh3_dlc21_vmp_jiangshi_rebels|wh3_dlc25_vmp_the_court_of_night|wh3_dlc25_vmp_vampire_counts_invasion|wh3_dlc26_vmp_templehof_qb|wh3_main_ie_vmp_sires_of_mourkain|wh3_main_vmp_caravan_of_blue_roses|wh3_main_vmp_lahmian_sisterhood|wh3_main_vmp_nagashizzar|wh_main_vmp_mousillon|wh_main_vmp_rival_sylvanian_vamps|wh_main_vmp_schwartzhafen|wh_main_vmp_vampire_counts|wh_main_vmp_vampire_counts_qb1|wh_main_vmp_vampire_counts_qb2|wh_main_vmp_vampire_counts_qb3|wh_main_vmp_vampire_rebels|wh_main_vmp_waldenhof,false,false,true,true,true,true,,,wh_main_skill_node_set_vmp_vampire,,1,dignitary,false,false,,,,wh_main_skill_node_vmp_vampire_campaign_actions_dummy,wh2_main_skill_all_dummy_agent_actions_vmp_vampire,Actions [HIDDEN],,battle_attack.png,0,8,1,0,false,0,1,1,Actions [HIDDEN],,,,,,,wh2_main_effect_agent_action_enable_dignitary_assist_army_replenish_troops,,,character_to_character_own,1,campaign,0,true,,,,,,,,,,,,,,,,,,,,,,,,,character_skill_level_to_effects_junctions_tables,wh2_main_skill_all_dummy_agent_actions_vmp_vampire|wh2_main_effect_agent_action_enable_dignitary_assist_army_replenish_troops|1|character_to_character_own
effect,warhammer_3,8.1.1,24237342,Vampire Counts,vampire_counts,wh_main_sc_vmp_vampire_counts,Vampire (Death),Vampire_Death,hero,wh_main_vmp_vampire_death,dignitary,dignitary,wh2_dlc11_vmp_the_barrow_legion|wh2_dlc16_vmp_lahmian_sisterhood|wh2_main_vmp_necrarch_brotherhood|wh2_main_vmp_strygos_empire|wh2_main_vmp_the_silver_host|wh3_dlc21_vmp_jiangshi_rebels|wh3_dlc25_vmp_the_court_of_night|wh3_dlc25_vmp_vampire_counts_invasion|wh3_dlc26_vmp_templehof_qb|wh3_main_ie_vmp_sires_of_mourkain|wh3_main_vmp_caravan_of_blue_roses|wh3_main_vmp_lahmian_sisterhood|wh3_main_vmp_nagashizzar|wh_main_vmp_mousillon|wh_main_vmp_rival_sylvanian_vamps|wh_main_vmp_schwartzhafen|wh_main_vmp_vampire_counts|wh_main_vmp_vampire_counts_qb1|wh_main_vmp_vampire_counts_qb2|wh_main_vmp_vampire_counts_qb3|wh_main_vmp_vampire_rebels|wh_main_vmp_waldenhof,false,false,true,true,true,true,,,wh_main_skill_node_set_vmp_vampire,,1,dignitary,false,false,,,,wh_main_skill_node_vmp_vampire_campaign_actions_dummy,wh2_main_skill_all_dummy_agent_actions_vmp_vampire,Actions [HIDDEN],,battle_attack.png,0,8,1,0,false,0,1,1,Actions [HIDDEN],,,,,,,wh2_main_effect_agent_action_enable_dignitary_hinder_agent_wound,,,character_to_character_own,1,campaign,0,true,,,,,,,,,,,,,,,,,,,,,,,,,character_skill_level_to_effects_junctions_tables,wh2_main_skill_all_dummy_agent_actions_vmp_vampire|wh2_main_effect_agent_action_enable_dignitary_hinder_agent_wound|1|character_to_character_own
effect,warhammer_3,8.1.1,24237342,Vampire Counts,vampire_counts,wh_main_sc_vmp_vampire_counts,Vampire (Death),Vampire_Death,hero,wh_main_vmp_vampire_death,dignitary,dignitary,wh2_dlc11_vmp_the_barrow_legion|wh2_dlc16_vmp_lahmian_sisterhood|wh2_main_vmp_necrarch_brotherhood|wh2_main_vmp_strygos_empire|wh2_main_vmp_the_silver_host|wh3_dlc21_vmp_jiangshi_rebels|wh3_dlc25_vmp_the_court_of_night|wh3_dlc25_vmp_vampire_counts_invasion|wh3_dlc26_vmp_templehof_qb|wh3_main_ie_vmp_sires_of_mourkain|wh3_main_vmp_caravan_of_blue_roses|wh3_main_vmp_lahmian_sisterhood|wh3_main_vmp_nagashizzar|wh_main_vmp_mousillon|wh_main_vmp_rival_sylvanian_vamps|wh_main_vmp_schwartzhafen|wh_main_vmp_vampire_counts|wh_main_vmp_vampire_counts_qb1|wh_main_vmp_vampire_counts_qb2|wh_main_vmp_vampire_counts_qb3|wh_main_vmp_vampire_rebels|wh_main_vmp_waldenhof,false,false,true,true,true,true,,,wh_main_skill_node_set_vmp_vampire,,1,dignitary,false,false,,,,wh_main_skill_node_vmp_vampire_campaign_actions_dummy,wh2_main_skill_all_dummy_agent_actions_vmp_vampire,Actions [HIDDEN],,battle_attack.png,0,8,1,0,false,0,1,1,Actions [HIDDEN],,,,,,,wh2_main_effect_agent_action_enable_dignitary_hinder_army_hinder_replenishment,,,character_to_character_own,1,campaign,0,true,,,,,,,,,,,,,,,,,,,,,,,,,character_skill_level_to_effects_junctions_tables,wh2_main_skill_all_dummy_agent_actions_vmp_vampire|wh2_main_effect_agent_action_enable_dignitary_hinder_army_hinder_replenishment|1|character_to_character_own
effect,warhammer_3,8.1.1,24237342,Vampire Counts,vampire_counts,wh_main_sc_vmp_vampire_counts,Vampire (Death),Vampire_Death,hero,wh_main_vmp_vampire_death,dignitary,dignitary,wh2_dlc11_vmp_the_barrow_legion|wh2_dlc16_vmp_lahmian_sisterhood|wh2_main_vmp_necrarch_brotherhood|wh2_main_vmp_strygos_empire|wh2_main_vmp_the_silver_host|wh3_dlc21_vmp_jiangshi_rebels|wh3_dlc25_vmp_the_court_of_night|wh3_dlc25_vmp_vampire_counts_invasion|wh3_dlc26_vmp_templehof_qb|wh3_main_ie_vmp_sires_of_mourkain|wh3_main_vmp_caravan_of_blue_roses|wh3_main_vmp_lahmian_sisterhood|wh3_main_vmp_nagashizzar|wh_main_vmp_mousillon|wh_main_vmp_rival_sylvanian_vamps|wh_main_vmp_schwartzhafen|wh_main_vmp_vampire_counts|wh_main_vmp_vampire_counts_qb1|wh_main_vmp_vampire_counts_qb2|wh_main_vmp_vampire_counts_qb3|wh_main_vmp_vampire_rebels|wh_main_vmp_waldenhof,false,false,true,true,true,true,,,wh_main_skill_node_set_vmp_vampire,,1,dignitary,false,false,,,,wh_main_skill_node_vmp_vampire_campaign_actions_dummy,wh2_main_skill_all_dummy_agent_actions_vmp_vampire,Actions [HIDDEN],,battle_attack.png,0,8,1,0,false,0,1,1,Actions [HIDDEN],,,,,,,wh2_main_effect_agent_action_enable_dignitary_hinder_settlement_damage_building,,,character_to_character_own,1,campaign,0,true,,,,,,,,,,,,,,,,,,,,,,,,,character_skill_level_to_effects_junctions_tables,wh2_main_skill_all_dummy_agent_actions_vmp_vampire|wh2_main_effect_agent_action_enable_dignitary_hinder_settlement_damage_building|1|character_to_character_own
effect,warhammer_3,8.1.1,24237342,Vampire Counts,vampire_counts,wh_main_sc_vmp_vampire_counts,Vampire (Death),Vampire_Death,hero,wh_main_vmp_vampire_death,dignitary,dignitary,wh2_dlc11_vmp_the_barrow_legion|wh2_dlc16_vmp_lahmian_sisterhood|wh2_main_vmp_necrarch_brotherhood|wh2_main_vmp_strygos_empire|wh2_main_vmp_the_silver_host|wh3_dlc21_vmp_jiangshi_rebels|wh3_dlc25_vmp_the_court_of_night|wh3_dlc25_vmp_vampire_counts_invasion|wh3_dlc26_vmp_templehof_qb|wh3_main_ie_vmp_sires_of_mourkain|wh3_main_vmp_caravan_of_blue_roses|wh3_main_vmp_lahmian_sisterhood|wh3_main_vmp_nagashizzar|wh_main_vmp_mousillon|wh_main_vmp_rival_sylvanian_vamps|wh_main_vmp_schwartzhafen|wh_main_vmp_vampire_counts|wh_main_vmp_vampire_counts_qb1|wh_main_vmp_vampire_counts_qb2|wh_main_vmp_vampire_counts_qb3|wh_main_vmp_vampire_rebels|wh_main_vmp_waldenhof,false,false,true,true,true,true,,,wh_main_skill_node_set_vmp_vampire,,1,dignitary,false,false,,,,wh_main_skill_node_vmp_vampire_campaign_actions_dummy,wh2_main_skill_all_dummy_agent_actions_vmp_vampire,Actions [HIDDEN],,battle_attack.png,0,8,1,0,false,0,1,1,Actions [HIDDEN],,,,,,,wh2_main_effect_agent_action_enable_dignitary_hinder_settlement_scout_settlement,,,character_to_character_own,1,campaign,0,true,,,,,,,,,,,,,,,,,,,,,,,,,character_skill_level_to_effects_junctions_tables,wh2_main_skill_all_dummy_agent_actions_vmp_vampire|wh2_main_effect_agent_action_enable_dignitary_hinder_settlement_scout_settlement|1|character_to_character_own
effect,warhammer_3,8.1.1,24237342,Vampire Counts,vampire_counts,wh_main_sc_vmp_vampire_counts,Vampire (Death),Vampire_Death,hero,wh_main_vmp_vampire_death,dignitary,dignitary,wh2_dlc11_vmp_the_barrow_legion|wh2_dlc16_vmp_lahmian_sisterhood|wh2_main_vmp_necrarch_brotherhood|wh2_main_vmp_strygos_empire|wh2_main_vmp_the_silver_host|wh3_dlc21_vmp_jiangshi_rebels|wh3_dlc25_vmp_the_court_of_night|wh3_dlc25_vmp_vampire_counts_invasion|wh3_dlc26_vmp_templehof_qb|wh3_main_ie_vmp_sires_of_mourkain|wh3_main_vmp_caravan_of_blue_roses|wh3_main_vmp_lahmian_sisterhood|wh3_main_vmp_nagashizzar|wh_main_vmp_mousillon|wh_main_vmp_rival_sylvanian_vamps|wh_main_vmp_schwartzhafen|wh_main_vmp_vampire_counts|wh_main_vmp_vampire_counts_qb1|wh_main_vmp_vampire_counts_qb2|wh_main_vmp_vampire_counts_qb3|wh_main_vmp_vampire_rebels|wh_main_vmp_waldenhof,false,false,true,true,true,true,,,wh_main_skill_node_set_vmp_vampire,,1,dignitary,false,false,,,,wh_main_skill_node_vmp_vampire_campaign_actions_dummy,wh2_main_skill_all_dummy_agent_actions_vmp_vampire,Actions [HIDDEN],,battle_attack.png,0,8,1,0,false,0,1,1,Actions [HIDDEN],,,,,,,wh2_main_effect_agent_action_enable_dignitary_passive_spread_corruption_vmp,,,character_to_character_own,1,campaign,0,true,,,,,,,,,,,,,,,,,,,,,,,,,character_skill_level_to_effects_junctions_tables,wh2_main_skill_all_dummy_agent_actions_vmp_vampire|wh2_main_effect_agent_action_enable_dignitary_passive_spread_corruption_vmp|1|character_to_character_own
effect,warhammer_3,8.1.1,24237342,Vampire Counts,vampire_counts,wh_main_sc_vmp_vampire_counts,Vampire (Death),Vampire_Death,hero,wh_main_vmp_vampire_death,dignitary,dignitary,wh2_dlc11_vmp_the_barrow_legion|wh2_dlc16_vmp_lahmian_sisterhood|wh2_main_vmp_necrarch_brotherhood|wh2_main_vmp_strygos_empire|wh2_main_vmp_the_silver_host|wh3_dlc21_vmp_jiangshi_rebels|wh3_dlc25_vmp_the_court_of_night|wh3_dlc25_vmp_vampire_counts_invasion|wh3_dlc26_vmp_templehof_qb|wh3_main_ie_vmp_sires_of_mourkain|wh3_main_vmp_caravan_of_blue_roses|wh3_main_vmp_lahmian_sisterhood|wh3_main_vmp_nagashizzar|wh_main_vmp_mousillon|wh_main_vmp_rival_sylvanian_vamps|wh_main_vmp_schwartzhafen|wh_main_vmp_vampire_counts|wh_main_vmp_vampire_counts_qb1|wh_main_vmp_vampire_counts_qb2|wh_main_vmp_vampire_counts_qb3|wh_main_vmp_vampire_rebels|wh_main_vmp_waldenhof,false,false,true,true,true,true,,,wh_main_skill_node_set_vmp_vampire,,1,dignitary,false,false,,,,wh_main_skill_node_vmp_vampire_campaign_actions_dummy,wh2_main_skill_all_dummy_agent_actions_vmp_vampire,Actions [HIDDEN],,battle_attack.png,0,8,1,0,false,0,1,1,Actions [HIDDEN],,,,,,,wh3_main_effect_agent_action_passive_spread_corruption_vampiric_effect,Vampiric corruption: %+n,,character_to_province_any,2,campaign,0,true,corruption_vampiric.png,corruption_vampiric.png,,,,,,,,,,,,,,,,,,,,,,,character_skill_level_to_effects_junctions_tables,wh2_main_skill_all_dummy_agent_actions_vmp_vampire|wh3_main_effect_agent_action_passive_spread_corruption_vampiric_effect|1|character_to_province_any
node,warhammer_3,8.1.1,24237342,Vampire Counts,vampire_counts,wh_main_sc_vmp_vampire_counts,Vampire (Death),Vampire_Death,hero,wh_main_vmp_vampire_death,dignitary,dignitary,wh2_dlc11_vmp_the_barrow_legion|wh2_dlc16_vmp_lahmian_sisterhood|wh2_main_vmp_necrarch_brotherhood|wh2_main_vmp_strygos_empire|wh2_main_vmp_the_silver_host|wh3_dlc21_vmp_jiangshi_rebels|wh3_dlc25_vmp_the_court_of_night|wh3_dlc25_vmp_vampire_counts_invasion|wh3_dlc26_vmp_templehof_qb|wh3_main_ie_vmp_sires_of_mourkain|wh3_main_vmp_caravan_of_blue_roses|wh3_main_vmp_lahmian_sisterhood|wh3_main_vmp_nagashizzar|wh_main_vmp_mousillon|wh_main_vmp_rival_sylvanian_vamps|wh_main_vmp_schwartzhafen|wh_main_vmp_vampire_counts|wh_main_vmp_vampire_counts_qb1|wh_main_vmp_vampire_counts_qb2|wh_main_vmp_vampire_counts_qb3|wh_main_vmp_vampire_rebels|wh_main_vmp_waldenhof,false,false,true,true,true,true,,,wh_main_skill_node_set_vmp_vampire,,1,dignitary,false,false,,,,wh3_main_agent_action_scaling,wh3_main_skill_agent_action_success_scaling,Agent action success modifer,Hidden skill that scales action success/defence chance,mount_hellsteed.png,0,99,0,0,false,0,49,,,,,,,,,,,,,,,,,,,,,,,,,,,,,,,,,,,,,,,,,character_skill_nodes_tables,wh3_main_agent_action_scaling
effect,warhammer_3,8.1.1,24237342,Vampire Counts,vampire_counts,wh_main_sc_vmp_vampire_counts,Vampire (Death),Vampire_Death,hero,wh_main_vmp_vampire_death,dignitary,dignitary,wh2_dlc11_vmp_the_barrow_legion|wh2_dlc16_vmp_lahmian_sisterhood|wh2_main_vmp_necrarch_brotherhood|wh2_main_vmp_strygos_empire|wh2_main_vmp_the_silver_host|wh3_dlc21_vmp_jiangshi_rebels|wh3_dlc25_vmp_the_court_of_night|wh3_dlc25_vmp_vampire_counts_invasion|wh3_dlc26_vmp_templehof_qb|wh3_main_ie_vmp_sires_of_mourkain|wh3_main_vmp_caravan_of_blue_roses|wh3_main_vmp_lahmian_sisterhood|wh3_main_vmp_nagashizzar|wh_main_vmp_mousillon|wh_main_vmp_rival_sylvanian_vamps|wh_main_vmp_schwartzhafen|wh_main_vmp_vampire_counts|wh_main_vmp_vampire_counts_qb1|wh_main_vmp_vampire_counts_qb2|wh_main_vmp_vampire_counts_qb3|wh_main_vmp_vampire_rebels|wh_main_vmp_waldenhof,false,false,true,true,true,true,,,wh_main_skill_node_set_vmp_vampire,,1,dignitary,false,false,,,,wh3_main_agent_action_scaling,wh3_main_skill_agent_action_success_scaling,Agent action success modifer,Hidden skill that scales action success/defence chance,mount_hellsteed.png,0,99,0,0,false,0,49,1,Agent action success modifer,Hidden skill that scales action success/defence chance,,,,,,wh_main_effect_agent_action_success_chance_enemy_skill,[HIDDEN] Enemy Hero action success chance: %+n% (from skill),,character_to_character_own,-1,campaign,0,true,,,,,,,,,,,,,,,,,,,,,,,,,character_skill_level_to_effects_junctions_tables,wh3_main_skill_agent_action_success_scaling|wh_main_effect_agent_action_success_chance_enemy_skill|1|character_to_character_own
effect,warhammer_3,8.1.1,24237342,Vampire Counts,vampire_counts,wh_main_sc_vmp_vampire_counts,Vampire (Death),Vampire_Death,hero,wh_main_vmp_vampire_death,dignitary,dignitary,wh2_dlc11_vmp_the_barrow_legion|wh2_dlc16_vmp_lahmian_sisterhood|wh2_main_vmp_necrarch_brotherhood|wh2_main_vmp_strygos_empire|wh2_main_vmp_the_silver_host|wh3_dlc21_vmp_jiangshi_rebels|wh3_dlc25_vmp_the_court_of_night|wh3_dlc25_vmp_vampire_counts_invasion|wh3_dlc26_vmp_templehof_qb|wh3_main_ie_vmp_sires_of_mourkain|wh3_main_vmp_caravan_of_blue_roses|wh3_main_vmp_lahmian_sisterhood|wh3_main_vmp_nagashizzar|wh_main_vmp_mousillon|wh_main_vmp_rival_sylvanian_vamps|wh_main_vmp_schwartzhafen|wh_main_vmp_vampire_counts|wh_main_vmp_vampire_counts_qb1|wh_main_vmp_vampire_counts_qb2|wh_main_vmp_vampire_counts_qb3|wh_main_vmp_vampire_rebels|wh_main_vmp_waldenhof,false,false,true,true,true,true,,,wh_main_skill_node_set_vmp_vampire,,1,dignitary,false,false,,,,wh3_main_agent_action_scaling,wh3_main_skill_agent_action_success_scaling,Agent action success modifer,Hidden skill that scales action success/defence chance,mount_hellsteed.png,0,99,0,0,false,0,49,1,Agent action success modifer,Hidden skill that scales action success/defence chance,,,,,,wh_main_effect_agent_action_success_chance_skill,[HIDDEN] Hero action success chance: %+n% (from skill),,character_to_character_own,1,campaign,0,true,,,,,,,,,,,,,,,,,,,,,,,,,character_skill_level_to_effects_junctions_tables,wh3_main_skill_agent_action_success_scaling|wh_main_effect_agent_action_success_chance_skill|1|character_to_character_own
effect,warhammer_3,8.1.1,24237342,Vampire Counts,vampire_counts,wh_main_sc_vmp_vampire_counts,Vampire (Death),Vampire_Death,hero,wh_main_vmp_vampire_death,dignitary,dignitary,wh2_dlc11_vmp_the_barrow_legion|wh2_dlc16_vmp_lahmian_sisterhood|wh2_main_vmp_necrarch_brotherhood|wh2_main_vmp_strygos_empire|wh2_main_vmp_the_silver_host|wh3_dlc21_vmp_jiangshi_rebels|wh3_dlc25_vmp_the_court_of_night|wh3_dlc25_vmp_vampire_counts_invasion|wh3_dlc26_vmp_templehof_qb|wh3_main_ie_vmp_sires_of_mourkain|wh3_main_vmp_caravan_of_blue_roses|wh3_main_vmp_lahmian_sisterhood|wh3_main_vmp_nagashizzar|wh_main_vmp_mousillon|wh_main_vmp_rival_sylvanian_vamps|wh_main_vmp_schwartzhafen|wh_main_vmp_vampire_counts|wh_main_vmp_vampire_counts_qb1|wh_main_vmp_vampire_counts_qb2|wh_main_vmp_vampire_counts_qb3|wh_main_vmp_vampire_rebels|wh_main_vmp_waldenhof,false,false,true,true,true,true,,,wh_main_skill_node_set_vmp_vampire,,1,dignitary,false,false,,,,wh3_main_agent_action_scaling,wh3_main_skill_agent_action_success_scaling,Agent action success modifer,Hidden skill that scales action success/defence chance,mount_hellsteed.png,0,99,0,0,false,0,49,2,Agent action success modifer,Hidden skill that scales action success/defence chance,,,,,,wh_main_effect_agent_action_success_chance_enemy_skill,[HIDDEN] Enemy Hero action success chance: %+n% (from skill),,character_to_character_own,-2,campaign,0,true,,,,,,,,,,,,,,,,,,,,,,,,,character_skill_level_to_effects_junctions_tables,wh3_main_skill_agent_action_success_scaling|wh_main_effect_agent_action_success_chance_enemy_skill|2|character_to_character_own
effect,warhammer_3,8.1.1,24237342,Vampire Counts,vampire_counts,wh_main_sc_vmp_vampire_counts,Vampire (Death),Vampire_Death,hero,wh_main_vmp_vampire_death,dignitary,dignitary,wh2_dlc11_vmp_the_barrow_legion|wh2_dlc16_vmp_lahmian_sisterhood|wh2_main_vmp_necrarch_brotherhood|wh2_main_vmp_strygos_empire|wh2_main_vmp_the_silver_host|wh3_dlc21_vmp_jiangshi_rebels|wh3_dlc25_vmp_the_court_of_night|wh3_dlc25_vmp_vampire_counts_invasion|wh3_dlc26_vmp_templehof_qb|wh3_main_ie_vmp_sires_of_mourkain|wh3_main_vmp_caravan_of_blue_roses|wh3_main_vmp_lahmian_sisterhood|wh3_main_vmp_nagashizzar|wh_main_vmp_mousillon|wh_main_vmp_rival_sylvanian_vamps|wh_main_vmp_schwartzhafen|wh_main_vmp_vampire_counts|wh_main_vmp_vampire_counts_qb1|wh_main_vmp_vampire_counts_qb2|wh_main_vmp_vampire_counts_qb3|wh_main_vmp_vampire_rebels|wh_main_vmp_waldenhof,false,false,true,true,true,true,,,wh_main_skill_node_set_vmp_vampire,,1,dignitary,false,false,,,,wh3_main_agent_action_scaling,wh3_main_skill_agent_action_success_scaling,Agent action success modifer,Hidden skill that scales action success/defence chance,mount_hellsteed.png,0,99,0,0,false,0,49,2,Agent action success modifer,Hidden skill that scales action success/defence chance,,,,,,wh_main_effect_agent_action_success_chance_skill,[HIDDEN] Hero action success chance: %+n% (from skill),,character_to_character_own,2,campaign,0,true,,,,,,,,,,,,,,,,,,,,,,,,,character_skill_level_to_effects_junctions_tables,wh3_main_skill_agent_action_success_scaling|wh_main_effect_agent_action_success_chance_skill|2|character_to_character_own
effect,warhammer_3,8.1.1,24237342,Vampire Counts,vampire_counts,wh_main_sc_vmp_vampire_counts,Vampire (Death),Vampire_Death,hero,wh_main_vmp_vampire_death,dignitary,dignitary,wh2_dlc11_vmp_the_barrow_legion|wh2_dlc16_vmp_lahmian_sisterhood|wh2_main_vmp_necrarch_brotherhood|wh2_main_vmp_strygos_empire|wh2_main_vmp_the_silver_host|wh3_dlc21_vmp_jiangshi_rebels|wh3_dlc25_vmp_the_court_of_night|wh3_dlc25_vmp_vampire_counts_invasion|wh3_dlc26_vmp_templehof_qb|wh3_main_ie_vmp_sires_of_mourkain|wh3_main_vmp_caravan_of_blue_roses|wh3_main_vmp_lahmian_sisterhood|wh3_main_vmp_nagashizzar|wh_main_vmp_mousillon|wh_main_vmp_rival_sylvanian_vamps|wh_main_vmp_schwartzhafen|wh_main_vmp_vampire_counts|wh_main_vmp_vampire_counts_qb1|wh_main_vmp_vampire_counts_qb2|wh_main_vmp_vampire_counts_qb3|wh_main_vmp_vampire_rebels|wh_main_vmp_waldenhof,false,false,true,true,true,true,,,wh_main_skill_node_set_vmp_vampire,,1,dignitary,false,false,,,,wh3_main_agent_action_scaling,wh3_main_skill_agent_action_success_scaling,Agent action success modifer,Hidden skill that scales action success/defence chance,mount_hellsteed.png,0,99,0,0,false,0,49,3,Agent action success modifer,Hidden skill that scales action success/defence chance,,,,,,wh_main_effect_agent_action_success_chance_enemy_skill,[HIDDEN] Enemy Hero action success chance: %+n% (from skill),,character_to_character_own,-3,campaign,0,true,,,,,,,,,,,,,,,,,,,,,,,,,character_skill_level_to_effects_junctions_tables,wh3_main_skill_agent_action_success_scaling|wh_main_effect_agent_action_success_chance_enemy_skill|3|character_to_character_own
effect,warhammer_3,8.1.1,24237342,Vampire Counts,vampire_counts,wh_main_sc_vmp_vampire_counts,Vampire (Death),Vampire_Death,hero,wh_main_vmp_vampire_death,dignitary,dignitary,wh2_dlc11_vmp_the_barrow_legion|wh2_dlc16_vmp_lahmian_sisterhood|wh2_main_vmp_necrarch_brotherhood|wh2_main_vmp_strygos_empire|wh2_main_vmp_the_silver_host|wh3_dlc21_vmp_jiangshi_rebels|wh3_dlc25_vmp_the_court_of_night|wh3_dlc25_vmp_vampire_counts_invasion|wh3_dlc26_vmp_templehof_qb|wh3_main_ie_vmp_sires_of_mourkain|wh3_main_vmp_caravan_of_blue_roses|wh3_main_vmp_lahmian_sisterhood|wh3_main_vmp_nagashizzar|wh_main_vmp_mousillon|wh_main_vmp_rival_sylvanian_vamps|wh_main_vmp_schwartzhafen|wh_main_vmp_vampire_counts|wh_main_vmp_vampire_counts_qb1|wh_main_vmp_vampire_counts_qb2|wh_main_vmp_vampire_counts_qb3|wh_main_vmp_vampire_rebels|wh_main_vmp_waldenhof,false,false,true,true,true,true,,,wh_main_skill_node_set_vmp_vampire,,1,dignitary,false,false,,,,wh3_main_agent_action_scaling,wh3_main_skill_agent_action_success_scaling,Agent action success modifer,Hidden skill that scales action success/defence chance,mount_hellsteed.png,0,99,0,0,false,0,49,3,Agent action success modifer,Hidden skill that scales action success/defence chance,,,,,,wh_main_effect_agent_action_success_chance_skill,[HIDDEN] Hero action success chance: %+n% (from skill),,character_to_character_own,3,campaign,0,true,,,,,,,,,,,,,,,,,,,,,,,,,character_skill_level_to_effects_junctions_tables,wh3_main_skill_agent_action_success_scaling|wh_main_effect_agent_action_success_chance_skill|3|character_to_character_own
effect,warhammer_3,8.1.1,24237342,Vampire Counts,vampire_counts,wh_main_sc_vmp_vampire_counts,Vampire (Death),Vampire_Death,hero,wh_main_vmp_vampire_death,dignitary,dignitary,wh2_dlc11_vmp_the_barrow_legion|wh2_dlc16_vmp_lahmian_sisterhood|wh2_main_vmp_necrarch_brotherhood|wh2_main_vmp_strygos_empire|wh2_main_vmp_the_silver_host|wh3_dlc21_vmp_jiangshi_rebels|wh3_dlc25_vmp_the_court_of_night|wh3_dlc25_vmp_vampire_counts_invasion|wh3_dlc26_vmp_templehof_qb|wh3_main_ie_vmp_sires_of_mourkain|wh3_main_vmp_caravan_of_blue_roses|wh3_main_vmp_lahmian_sisterhood|wh3_main_vmp_nagashizzar|wh_main_vmp_mousillon|wh_main_vmp_rival_sylvanian_vamps|wh_main_vmp_schwartzhafen|wh_main_vmp_vampire_counts|wh_main_vmp_vampire_counts_qb1|wh_main_vmp_vampire_counts_qb2|wh_main_vmp_vampire_counts_qb3|wh_main_vmp_vampire_rebels|wh_main_vmp_waldenhof,false,false,true,true,true,true,,,wh_main_skill_node_set_vmp_vampire,,1,dignitary,false,false,,,,wh3_main_agent_action_scaling,wh3_main_skill_agent_action_success_scaling,Agent action success modifer,Hidden skill that scales action success/defence chance,mount_hellsteed.png,0,99,0,0,false,0,49,4,Agent action success modifer,Hidden skill that scales action success/defence chance,,,,,,wh_main_effect_agent_action_success_chance_enemy_skill,[HIDDEN] Enemy Hero action success chance: %+n% (from skill),,character_to_character_own,-4,campaign,0,true,,,,,,,,,,,,,,,,,,,,,,,,,character_skill_level_to_effects_junctions_tables,wh3_main_skill_agent_action_success_scaling|wh_main_effect_agent_action_success_chance_enemy_skill|4|character_to_character_own
effect,warhammer_3,8.1.1,24237342,Vampire Counts,vampire_counts,wh_main_sc_vmp_vampire_counts,Vampire (Death),Vampire_Death,hero,wh_main_vmp_vampire_death,dignitary,dignitary,wh2_dlc11_vmp_the_barrow_legion|wh2_dlc16_vmp_lahmian_sisterhood|wh2_main_vmp_necrarch_brotherhood|wh2_main_vmp_strygos_empire|wh2_main_vmp_the_silver_host|wh3_dlc21_vmp_jiangshi_rebels|wh3_dlc25_vmp_the_court_of_night|wh3_dlc25_vmp_vampire_counts_invasion|wh3_dlc26_vmp_templehof_qb|wh3_main_ie_vmp_sires_of_mourkain|wh3_main_vmp_caravan_of_blue_roses|wh3_main_vmp_lahmian_sisterhood|wh3_main_vmp_nagashizzar|wh_main_vmp_mousillon|wh_main_vmp_rival_sylvanian_vamps|wh_main_vmp_schwartzhafen|wh_main_vmp_vampire_counts|wh_main_vmp_vampire_counts_qb1|wh_main_vmp_vampire_counts_qb2|wh_main_vmp_vampire_counts_qb3|wh_main_vmp_vampire_rebels|wh_main_vmp_waldenhof,false,false,true,true,true,true,,,wh_main_skill_node_set_vmp_vampire,,1,dignitary,false,false,,,,wh3_main_agent_action_scaling,wh3_main_skill_agent_action_success_scaling,Agent action success modifer,Hidden skill that scales action success/defence chance,mount_hellsteed.png,0,99,0,0,false,0,49,4,Agent action success modifer,Hidden skill that scales action success/defence chance,,,,,,wh_main_effect_agent_action_success_chance_skill,[HIDDEN] Hero action success chance: %+n% (from skill),,character_to_character_own,4,campaign,0,true,,,,,,,,,,,,,,,,,,,,,,,,,character_skill_level_to_effects_junctions_tables,wh3_main_skill_agent_action_success_scaling|wh_main_effect_agent_action_success_chance_skill|4|character_to_character_own
effect,warhammer_3,8.1.1,24237342,Vampire Counts,vampire_counts,wh_main_sc_vmp_vampire_counts,Vampire (Death),Vampire_Death,hero,wh_main_vmp_vampire_death,dignitary,dignitary,wh2_dlc11_vmp_the_barrow_legion|wh2_dlc16_vmp_lahmian_sisterhood|wh2_main_vmp_necrarch_brotherhood|wh2_main_vmp_strygos_empire|wh2_main_vmp_the_silver_host|wh3_dlc21_vmp_jiangshi_rebels|wh3_dlc25_vmp_the_court_of_night|wh3_dlc25_vmp_vampire_counts_invasion|wh3_dlc26_vmp_templehof_qb|wh3_main_ie_vmp_sires_of_mourkain|wh3_main_vmp_caravan_of_blue_roses|wh3_main_vmp_lahmian_sisterhood|wh3_main_vmp_nagashizzar|wh_main_vmp_mousillon|wh_main_vmp_rival_sylvanian_vamps|wh_main_vmp_schwartzhafen|wh_main_vmp_vampire_counts|wh_main_vmp_vampire_counts_qb1|wh_main_vmp_vampire_counts_qb2|wh_main_vmp_vampire_counts_qb3|wh_main_vmp_vampire_rebels|wh_main_vmp_waldenhof,false,false,true,true,true,true,,,wh_main_skill_node_set_vmp_vampire,,1,dignitary,false,false,,,,wh3_main_agent_action_scaling,wh3_main_skill_agent_action_success_scaling,Agent action success modifer,Hidden skill that scales action success/defence chance,mount_hellsteed.png,0,99,0,0,false,0,49,5,Agent action success modifer,Hidden skill that scales action success/defence chance,,,,,,wh_main_effect_agent_action_success_chance_enemy_skill,[HIDDEN] Enemy Hero action success chance: %+n% (from skill),,character_to_character_own,-5,campaign,0,true,,,,,,,,,,,,,,,,,,,,,,,,,character_skill_level_to_effects_junctions_tables,wh3_main_skill_agent_action_success_scaling|wh_main_effect_agent_action_success_chance_enemy_skill|5|character_to_character_own
effect,warhammer_3,8.1.1,24237342,Vampire Counts,vampire_counts,wh_main_sc_vmp_vampire_counts,Vampire (Death),Vampire_Death,hero,wh_main_vmp_vampire_death,dignitary,dignitary,wh2_dlc11_vmp_the_barrow_legion|wh2_dlc16_vmp_lahmian_sisterhood|wh2_main_vmp_necrarch_brotherhood|wh2_main_vmp_strygos_empire|wh2_main_vmp_the_silver_host|wh3_dlc21_vmp_jiangshi_rebels|wh3_dlc25_vmp_the_court_of_night|wh3_dlc25_vmp_vampire_counts_invasion|wh3_dlc26_vmp_templehof_qb|wh3_main_ie_vmp_sires_of_mourkain|wh3_main_vmp_caravan_of_blue_roses|wh3_main_vmp_lahmian_sisterhood|wh3_main_vmp_nagashizzar|wh_main_vmp_mousillon|wh_main_vmp_rival_sylvanian_vamps|wh_main_vmp_schwartzhafen|wh_main_vmp_vampire_counts|wh_main_vmp_vampire_counts_qb1|wh_main_vmp_vampire_counts_qb2|wh_main_vmp_vampire_counts_qb3|wh_main_vmp_vampire_rebels|wh_main_vmp_waldenhof,false,false,true,true,true,true,,,wh_main_skill_node_set_vmp_vampire,,1,dignitary,false,false,,,,wh3_main_agent_action_scaling,wh3_main_skill_agent_action_success_scaling,Agent action success modifer,Hidden skill that scales action success/defence chance,mount_hellsteed.png,0,99,0,0,false,0,49,5,Agent action success modifer,Hidden skill that scales action success/defence chance,,,,,,wh_main_effect_agent_action_success_chance_skill,[HIDDEN] Hero action success chance: %+n% (from skill),,character_to_character_own,5,campaign,0,true,,,,,,,,,,,,,,,,,,,,,,,,,character_skill_level_to_effects_junctions_tables,wh3_main_skill_agent_action_success_scaling|wh_main_effect_agent_action_success_chance_skill|5|character_to_character_own
effect,warhammer_3,8.1.1,24237342,Vampire Counts,vampire_counts,wh_main_sc_vmp_vampire_counts,Vampire (Death),Vampire_Death,hero,wh_main_vmp_vampire_death,dignitary,dignitary,wh2_dlc11_vmp_the_barrow_legion|wh2_dlc16_vmp_lahmian_sisterhood|wh2_main_vmp_necrarch_brotherhood|wh2_main_vmp_strygos_empire|wh2_main_vmp_the_silver_host|wh3_dlc21_vmp_jiangshi_rebels|wh3_dlc25_vmp_the_court_of_night|wh3_dlc25_vmp_vampire_counts_invasion|wh3_dlc26_vmp_templehof_qb|wh3_main_ie_vmp_sires_of_mourkain|wh3_main_vmp_caravan_of_blue_roses|wh3_main_vmp_lahmian_sisterhood|wh3_main_vmp_nagashizzar|wh_main_vmp_mousillon|wh_main_vmp_rival_sylvanian_vamps|wh_main_vmp_schwartzhafen|wh_main_vmp_vampire_counts|wh_main_vmp_vampire_counts_qb1|wh_main_vmp_vampire_counts_qb2|wh_main_vmp_vampire_counts_qb3|wh_main_vmp_vampire_rebels|wh_main_vmp_waldenhof,false,false,true,true,true,true,,,wh_main_skill_node_set_vmp_vampire,,1,dignitary,false,false,,,,wh3_main_agent_action_scaling,wh3_main_skill_agent_action_success_scaling,Agent action success modifer,Hidden skill that scales action success/defence chance,mount_hellsteed.png,0,99,0,0,false,0,49,6,Agent action success modifer,Hidden skill that scales action success/defence chance,,,,,,wh_main_effect_agent_action_success_chance_enemy_skill,[HIDDEN] Enemy Hero action success chance: %+n% (from skill),,character_to_character_own,-6,campaign,0,true,,,,,,,,,,,,,,,,,,,,,,,,,character_skill_level_to_effects_junctions_tables,wh3_main_skill_agent_action_success_scaling|wh_main_effect_agent_action_success_chance_enemy_skill|6|character_to_character_own
effect,warhammer_3,8.1.1,24237342,Vampire Counts,vampire_counts,wh_main_sc_vmp_vampire_counts,Vampire (Death),Vampire_Death,hero,wh_main_vmp_vampire_death,dignitary,dignitary,wh2_dlc11_vmp_the_barrow_legion|wh2_dlc16_vmp_lahmian_sisterhood|wh2_main_vmp_necrarch_brotherhood|wh2_main_vmp_strygos_empire|wh2_main_vmp_the_silver_host|wh3_dlc21_vmp_jiangshi_rebels|wh3_dlc25_vmp_the_court_of_night|wh3_dlc25_vmp_vampire_counts_invasion|wh3_dlc26_vmp_templehof_qb|wh3_main_ie_vmp_sires_of_mourkain|wh3_main_vmp_caravan_of_blue_roses|wh3_main_vmp_lahmian_sisterhood|wh3_main_vmp_nagashizzar|wh_main_vmp_mousillon|wh_main_vmp_rival_sylvanian_vamps|wh_main_vmp_schwartzhafen|wh_main_vmp_vampire_counts|wh_main_vmp_vampire_counts_qb1|wh_main_vmp_vampire_counts_qb2|wh_main_vmp_vampire_counts_qb3|wh_main_vmp_vampire_rebels|wh_main_vmp_waldenhof,false,false,true,true,true,true,,,wh_main_skill_node_set_vmp_vampire,,1,dignitary,false,false,,,,wh3_main_agent_action_scaling,wh3_main_skill_agent_action_success_scaling,Agent action success modifer,Hidden skill that scales action success/defence chance,mount_hellsteed.png,0,99,0,0,false,0,49,6,Agent action success modifer,Hidden skill that scales action success/defence chance,,,,,,wh_main_effect_agent_action_success_chance_skill,[HIDDEN] Hero action success chance: %+n% (from skill),,character_to_character_own,6,campaign,0,true,,,,,,,,,,,,,,,,,,,,,,,,,character_skill_level_to_effects_junctions_tables,wh3_main_skill_agent_action_success_scaling|wh_main_effect_agent_action_success_chance_skill|6|character_to_character_own
effect,warhammer_3,8.1.1,24237342,Vampire Counts,vampire_counts,wh_main_sc_vmp_vampire_counts,Vampire (Death),Vampire_Death,hero,wh_main_vmp_vampire_death,dignitary,dignitary,wh2_dlc11_vmp_the_barrow_legion|wh2_dlc16_vmp_lahmian_sisterhood|wh2_main_vmp_necrarch_brotherhood|wh2_main_vmp_strygos_empire|wh2_main_vmp_the_silver_host|wh3_dlc21_vmp_jiangshi_rebels|wh3_dlc25_vmp_the_court_of_night|wh3_dlc25_vmp_vampire_counts_invasion|wh3_dlc26_vmp_templehof_qb|wh3_main_ie_vmp_sires_of_mourkain|wh3_main_vmp_caravan_of_blue_roses|wh3_main_vmp_lahmian_sisterhood|wh3_main_vmp_nagashizzar|wh_main_vmp_mousillon|wh_main_vmp_rival_sylvanian_vamps|wh_main_vmp_schwartzhafen|wh_main_vmp_vampire_counts|wh_main_vmp_vampire_counts_qb1|wh_main_vmp_vampire_counts_qb2|wh_main_vmp_vampire_counts_qb3|wh_main_vmp_vampire_rebels|wh_main_vmp_waldenhof,false,false,true,true,true,true,,,wh_main_skill_node_set_vmp_vampire,,1,dignitary,false,false,,,,wh3_main_agent_action_scaling,wh3_main_skill_agent_action_success_scaling,Agent action success modifer,Hidden skill that scales action success/defence chance,mount_hellsteed.png,0,99,0,0,false,0,49,7,Agent action success modifer,Hidden skill that scales action success/defence chance,,,,,,wh_main_effect_agent_action_success_chance_enemy_skill,[HIDDEN] Enemy Hero action success chance: %+n% (from skill),,character_to_character_own,-7,campaign,0,true,,,,,,,,,,,,,,,,,,,,,,,,,character_skill_level_to_effects_junctions_tables,wh3_main_skill_agent_action_success_scaling|wh_main_effect_agent_action_success_chance_enemy_skill|7|character_to_character_own
effect,warhammer_3,8.1.1,24237342,Vampire Counts,vampire_counts,wh_main_sc_vmp_vampire_counts,Vampire (Death),Vampire_Death,hero,wh_main_vmp_vampire_death,dignitary,dignitary,wh2_dlc11_vmp_the_barrow_legion|wh2_dlc16_vmp_lahmian_sisterhood|wh2_main_vmp_necrarch_brotherhood|wh2_main_vmp_strygos_empire|wh2_main_vmp_the_silver_host|wh3_dlc21_vmp_jiangshi_rebels|wh3_dlc25_vmp_the_court_of_night|wh3_dlc25_vmp_vampire_counts_invasion|wh3_dlc26_vmp_templehof_qb|wh3_main_ie_vmp_sires_of_mourkain|wh3_main_vmp_caravan_of_blue_roses|wh3_main_vmp_lahmian_sisterhood|wh3_main_vmp_nagashizzar|wh_main_vmp_mousillon|wh_main_vmp_rival_sylvanian_vamps|wh_main_vmp_schwartzhafen|wh_main_vmp_vampire_counts|wh_main_vmp_vampire_counts_qb1|wh_main_vmp_vampire_counts_qb2|wh_main_vmp_vampire_counts_qb3|wh_main_vmp_vampire_rebels|wh_main_vmp_waldenhof,false,false,true,true,true,true,,,wh_main_skill_node_set_vmp_vampire,,1,dignitary,false,false,,,,wh3_main_agent_action_scaling,wh3_main_skill_agent_action_success_scaling,Agent action success modifer,Hidden skill that scales action success/defence chance,mount_hellsteed.png,0,99,0,0,false,0,49,7,Agent action success modifer,Hidden skill that scales action success/defence chance,,,,,,wh_main_effect_agent_action_success_chance_skill,[HIDDEN] Hero action success chance: %+n% (from skill),,character_to_character_own,7,campaign,0,true,,,,,,,,,,,,,,,,,,,,,,,,,character_skill_level_to_effects_junctions_tables,wh3_main_skill_agent_action_success_scaling|wh_main_effect_agent_action_success_chance_skill|7|character_to_character_own
effect,warhammer_3,8.1.1,24237342,Vampire Counts,vampire_counts,wh_main_sc_vmp_vampire_counts,Vampire (Death),Vampire_Death,hero,wh_main_vmp_vampire_death,dignitary,dignitary,wh2_dlc11_vmp_the_barrow_legion|wh2_dlc16_vmp_lahmian_sisterhood|wh2_main_vmp_necrarch_brotherhood|wh2_main_vmp_strygos_empire|wh2_main_vmp_the_silver_host|wh3_dlc21_vmp_jiangshi_rebels|wh3_dlc25_vmp_the_court_of_night|wh3_dlc25_vmp_vampire_counts_invasion|wh3_dlc26_vmp_templehof_qb|wh3_main_ie_vmp_sires_of_mourkain|wh3_main_vmp_caravan_of_blue_roses|wh3_main_vmp_lahmian_sisterhood|wh3_main_vmp_nagashizzar|wh_main_vmp_mousillon|wh_main_vmp_rival_sylvanian_vamps|wh_main_vmp_schwartzhafen|wh_main_vmp_vampire_counts|wh_main_vmp_vampire_counts_qb1|wh_main_vmp_vampire_counts_qb2|wh_main_vmp_vampire_counts_qb3|wh_main_vmp_vampire_rebels|wh_main_vmp_waldenhof,false,false,true,true,true,true,,,wh_main_skill_node_set_vmp_vampire,,1,dignitary,false,false,,,,wh3_main_agent_action_scaling,wh3_main_skill_agent_action_success_scaling,Agent action success modifer,Hidden skill that scales action success/defence chance,mount_hellsteed.png,0,99,0,0,false,0,49,8,Agent action success modifer,Hidden skill that scales action success/defence chance,,,,,,wh_main_effect_agent_action_success_chance_enemy_skill,[HIDDEN] Enemy Hero action success chance: %+n% (from skill),,character_to_character_own,-8,campaign,0,true,,,,,,,,,,,,,,,,,,,,,,,,,character_skill_level_to_effects_junctions_tables,wh3_main_skill_agent_action_success_scaling|wh_main_effect_agent_action_success_chance_enemy_skill|8|character_to_character_own
effect,warhammer_3,8.1.1,24237342,Vampire Counts,vampire_counts,wh_main_sc_vmp_vampire_counts,Vampire (Death),Vampire_Death,hero,wh_main_vmp_vampire_death,dignitary,dignitary,wh2_dlc11_vmp_the_barrow_legion|wh2_dlc16_vmp_lahmian_sisterhood|wh2_main_vmp_necrarch_brotherhood|wh2_main_vmp_strygos_empire|wh2_main_vmp_the_silver_host|wh3_dlc21_vmp_jiangshi_rebels|wh3_dlc25_vmp_the_court_of_night|wh3_dlc25_vmp_vampire_counts_invasion|wh3_dlc26_vmp_templehof_qb|wh3_main_ie_vmp_sires_of_mourkain|wh3_main_vmp_caravan_of_blue_roses|wh3_main_vmp_lahmian_sisterhood|wh3_main_vmp_nagashizzar|wh_main_vmp_mousillon|wh_main_vmp_rival_sylvanian_vamps|wh_main_vmp_schwartzhafen|wh_main_vmp_vampire_counts|wh_main_vmp_vampire_counts_qb1|wh_main_vmp_vampire_counts_qb2|wh_main_vmp_vampire_counts_qb3|wh_main_vmp_vampire_rebels|wh_main_vmp_waldenhof,false,false,true,true,true,true,,,wh_main_skill_node_set_vmp_vampire,,1,dignitary,false,false,,,,wh3_main_agent_action_scaling,wh3_main_skill_agent_action_success_scaling,Agent action success modifer,Hidden skill that scales action success/defence chance,mount_hellsteed.png,0,99,0,0,false,0,49,8,Agent action success modifer,Hidden skill that scales action success/defence chance,,,,,,wh_main_effect_agent_action_success_chance_skill,[HIDDEN] Hero action success chance: %+n% (from skill),,character_to_character_own,8,campaign,0,true,,,,,,,,,,,,,,,,,,,,,,,,,character_skill_level_to_effects_junctions_tables,wh3_main_skill_agent_action_success_scaling|wh_main_effect_agent_action_success_chance_skill|8|character_to_character_own
effect,warhammer_3,8.1.1,24237342,Vampire Counts,vampire_counts,wh_main_sc_vmp_vampire_counts,Vampire (Death),Vampire_Death,hero,wh_main_vmp_vampire_death,dignitary,dignitary,wh2_dlc11_vmp_the_barrow_legion|wh2_dlc16_vmp_lahmian_sisterhood|wh2_main_vmp_necrarch_brotherhood|wh2_main_vmp_strygos_empire|wh2_main_vmp_the_silver_host|wh3_dlc21_vmp_jiangshi_rebels|wh3_dlc25_vmp_the_court_of_night|wh3_dlc25_vmp_vampire_counts_invasion|wh3_dlc26_vmp_templehof_qb|wh3_main_ie_vmp_sires_of_mourkain|wh3_main_vmp_caravan_of_blue_roses|wh3_main_vmp_lahmian_sisterhood|wh3_main_vmp_nagashizzar|wh_main_vmp_mousillon|wh_main_vmp_rival_sylvanian_vamps|wh_main_vmp_schwartzhafen|wh_main_vmp_vampire_counts|wh_main_vmp_vampire_counts_qb1|wh_main_vmp_vampire_counts_qb2|wh_main_vmp_vampire_counts_qb3|wh_main_vmp_vampire_rebels|wh_main_vmp_waldenhof,false,false,true,true,true,true,,,wh_main_skill_node_set_vmp_vampire,,1,dignitary,false,false,,,,wh3_main_agent_action_scaling,wh3_main_skill_agent_action_success_scaling,Agent action success modifer,Hidden skill that scales action success/defence chance,mount_hellsteed.png,0,99,0,0,false,0,49,9,Agent action success modifer,Hidden skill that scales action success/defence chance,,,,,,wh_main_effect_agent_action_success_chance_enemy_skill,[HIDDEN] Enemy Hero action success chance: %+n% (from skill),,character_to_character_own,-9,campaign,0,true,,,,,,,,,,,,,,,,,,,,,,,,,character_skill_level_to_effects_junctions_tables,wh3_main_skill_agent_action_success_scaling|wh_main_effect_agent_action_success_chance_enemy_skill|9|character_to_character_own
effect,warhammer_3,8.1.1,24237342,Vampire Counts,vampire_counts,wh_main_sc_vmp_vampire_counts,Vampire (Death),Vampire_Death,hero,wh_main_vmp_vampire_death,dignitary,dignitary,wh2_dlc11_vmp_the_barrow_legion|wh2_dlc16_vmp_lahmian_sisterhood|wh2_main_vmp_necrarch_brotherhood|wh2_main_vmp_strygos_empire|wh2_main_vmp_the_silver_host|wh3_dlc21_vmp_jiangshi_rebels|wh3_dlc25_vmp_the_court_of_night|wh3_dlc25_vmp_vampire_counts_invasion|wh3_dlc26_vmp_templehof_qb|wh3_main_ie_vmp_sires_of_mourkain|wh3_main_vmp_caravan_of_blue_roses|wh3_main_vmp_lahmian_sisterhood|wh3_main_vmp_nagashizzar|wh_main_vmp_mousillon|wh_main_vmp_rival_sylvanian_vamps|wh_main_vmp_schwartzhafen|wh_main_vmp_vampire_counts|wh_main_vmp_vampire_counts_qb1|wh_main_vmp_vampire_counts_qb2|wh_main_vmp_vampire_counts_qb3|wh_main_vmp_vampire_rebels|wh_main_vmp_waldenhof,false,false,true,true,true,true,,,wh_main_skill_node_set_vmp_vampire,,1,dignitary,false,false,,,,wh3_main_agent_action_scaling,wh3_main_skill_agent_action_success_scaling,Agent action success modifer,Hidden skill that scales action success/defence chance,mount_hellsteed.png,0,99,0,0,false,0,49,9,Agent action success modifer,Hidden skill that scales action success/defence chance,,,,,,wh_main_effect_agent_action_success_chance_skill,[HIDDEN] Hero action success chance: %+n% (from skill),,character_to_character_own,9,campaign,0,true,,,,,,,,,,,,,,,,,,,,,,,,,character_skill_level_to_effects_junctions_tables,wh3_main_skill_agent_action_success_scaling|wh_main_effect_agent_action_success_chance_skill|9|character_to_character_own
effect,warhammer_3,8.1.1,24237342,Vampire Counts,vampire_counts,wh_main_sc_vmp_vampire_counts,Vampire (Death),Vampire_Death,hero,wh_main_vmp_vampire_death,dignitary,dignitary,wh2_dlc11_vmp_the_barrow_legion|wh2_dlc16_vmp_lahmian_sisterhood|wh2_main_vmp_necrarch_brotherhood|wh2_main_vmp_strygos_empire|wh2_main_vmp_the_silver_host|wh3_dlc21_vmp_jiangshi_rebels|wh3_dlc25_vmp_the_court_of_night|wh3_dlc25_vmp_vampire_counts_invasion|wh3_dlc26_vmp_templehof_qb|wh3_main_ie_vmp_sires_of_mourkain|wh3_main_vmp_caravan_of_blue_roses|wh3_main_vmp_lahmian_sisterhood|wh3_main_vmp_nagashizzar|wh_main_vmp_mousillon|wh_main_vmp_rival_sylvanian_vamps|wh_main_vmp_schwartzhafen|wh_main_vmp_vampire_counts|wh_main_vmp_vampire_counts_qb1|wh_main_vmp_vampire_counts_qb2|wh_main_vmp_vampire_counts_qb3|wh_main_vmp_vampire_rebels|wh_main_vmp_waldenhof,false,false,true,true,true,true,,,wh_main_skill_node_set_vmp_vampire,,1,dignitary,false,false,,,,wh3_main_agent_action_scaling,wh3_main_skill_agent_action_success_scaling,Agent action success modifer,Hidden skill that scales action success/defence chance,mount_hellsteed.png,0,99,0,0,false,0,49,10,Agent action success modifer,Hidden skill that scales action success/defence chance,,,,,,wh_main_effect_agent_action_success_chance_enemy_skill,[HIDDEN] Enemy Hero action success chance: %+n% (from skill),,character_to_character_own,-10,campaign,0,true,,,,,,,,,,,,,,,,,,,,,,,,,character_skill_level_to_effects_junctions_tables,wh3_main_skill_agent_action_success_scaling|wh_main_effect_agent_action_success_chance_enemy_skill|10|character_to_character_own
effect,warhammer_3,8.1.1,24237342,Vampire Counts,vampire_counts,wh_main_sc_vmp_vampire_counts,Vampire (Death),Vampire_Death,hero,wh_main_vmp_vampire_death,dignitary,dignitary,wh2_dlc11_vmp_the_barrow_legion|wh2_dlc16_vmp_lahmian_sisterhood|wh2_main_vmp_necrarch_brotherhood|wh2_main_vmp_strygos_empire|wh2_main_vmp_the_silver_host|wh3_dlc21_vmp_jiangshi_rebels|wh3_dlc25_vmp_the_court_of_night|wh3_dlc25_vmp_vampire_counts_invasion|wh3_dlc26_vmp_templehof_qb|wh3_main_ie_vmp_sires_of_mourkain|wh3_main_vmp_caravan_of_blue_roses|wh3_main_vmp_lahmian_sisterhood|wh3_main_vmp_nagashizzar|wh_main_vmp_mousillon|wh_main_vmp_rival_sylvanian_vamps|wh_main_vmp_schwartzhafen|wh_main_vmp_vampire_counts|wh_main_vmp_vampire_counts_qb1|wh_main_vmp_vampire_counts_qb2|wh_main_vmp_vampire_counts_qb3|wh_main_vmp_vampire_rebels|wh_main_vmp_waldenhof,false,false,true,true,true,true,,,wh_main_skill_node_set_vmp_vampire,,1,dignitary,false,false,,,,wh3_main_agent_action_scaling,wh3_main_skill_agent_action_success_scaling,Agent action success modifer,Hidden skill that scales action success/defence chance,mount_hellsteed.png,0,99,0,0,false,0,49,10,Agent action success modifer,Hidden skill that scales action success/defence chance,,,,,,wh_main_effect_agent_action_success_chance_skill,[HIDDEN] Hero action success chance: %+n% (from skill),,character_to_character_own,10,campaign,0,true,,,,,,,,,,,,,,,,,,,,,,,,,character_skill_level_to_effects_junctions_tables,wh3_main_skill_agent_action_success_scaling|wh_main_effect_agent_action_success_chance_skill|10|character_to_character_own
effect,warhammer_3,8.1.1,24237342,Vampire Counts,vampire_counts,wh_main_sc_vmp_vampire_counts,Vampire (Death),Vampire_Death,hero,wh_main_vmp_vampire_death,dignitary,dignitary,wh2_dlc11_vmp_the_barrow_legion|wh2_dlc16_vmp_lahmian_sisterhood|wh2_main_vmp_necrarch_brotherhood|wh2_main_vmp_strygos_empire|wh2_main_vmp_the_silver_host|wh3_dlc21_vmp_jiangshi_rebels|wh3_dlc25_vmp_the_court_of_night|wh3_dlc25_vmp_vampire_counts_invasion|wh3_dlc26_vmp_templehof_qb|wh3_main_ie_vmp_sires_of_mourkain|wh3_main_vmp_caravan_of_blue_roses|wh3_main_vmp_lahmian_sisterhood|wh3_main_vmp_nagashizzar|wh_main_vmp_mousillon|wh_main_vmp_rival_sylvanian_vamps|wh_main_vmp_schwartzhafen|wh_main_vmp_vampire_counts|wh_main_vmp_vampire_counts_qb1|wh_main_vmp_vampire_counts_qb2|wh_main_vmp_vampire_counts_qb3|wh_main_vmp_vampire_rebels|wh_main_vmp_waldenhof,false,false,true,true,true,true,,,wh_main_skill_node_set_vmp_vampire,,1,dignitary,false,false,,,,wh3_main_agent_action_scaling,wh3_main_skill_agent_action_success_scaling,Agent action success modifer,Hidden skill that scales action success/defence chance,mount_hellsteed.png,0,99,0,0,false,0,49,11,Agent action success modifer,Hidden skill that scales action success/defence chance,,,,,,wh_main_effect_agent_action_success_chance_enemy_skill,[HIDDEN] Enemy Hero action success chance: %+n% (from skill),,character_to_character_own,-11,campaign,0,true,,,,,,,,,,,,,,,,,,,,,,,,,character_skill_level_to_effects_junctions_tables,wh3_main_skill_agent_action_success_scaling|wh_main_effect_agent_action_success_chance_enemy_skill|11|character_to_character_own
effect,warhammer_3,8.1.1,24237342,Vampire Counts,vampire_counts,wh_main_sc_vmp_vampire_counts,Vampire (Death),Vampire_Death,hero,wh_main_vmp_vampire_death,dignitary,dignitary,wh2_dlc11_vmp_the_barrow_legion|wh2_dlc16_vmp_lahmian_sisterhood|wh2_main_vmp_necrarch_brotherhood|wh2_main_vmp_strygos_empire|wh2_main_vmp_the_silver_host|wh3_dlc21_vmp_jiangshi_rebels|wh3_dlc25_vmp_the_court_of_night|wh3_dlc25_vmp_vampire_counts_invasion|wh3_dlc26_vmp_templehof_qb|wh3_main_ie_vmp_sires_of_mourkain|wh3_main_vmp_caravan_of_blue_roses|wh3_main_vmp_lahmian_sisterhood|wh3_main_vmp_nagashizzar|wh_main_vmp_mousillon|wh_main_vmp_rival_sylvanian_vamps|wh_main_vmp_schwartzhafen|wh_main_vmp_vampire_counts|wh_main_vmp_vampire_counts_qb1|wh_main_vmp_vampire_counts_qb2|wh_main_vmp_vampire_counts_qb3|wh_main_vmp_vampire_rebels|wh_main_vmp_waldenhof,false,false,true,true,true,true,,,wh_main_skill_node_set_vmp_vampire,,1,dignitary,false,false,,,,wh3_main_agent_action_scaling,wh3_main_skill_agent_action_success_scaling,Agent action success modifer,Hidden skill that scales action success/defence chance,mount_hellsteed.png,0,99,0,0,false,0,49,11,Agent action success modifer,Hidden skill that scales action success/defence chance,,,,,,wh_main_effect_agent_action_success_chance_skill,[HIDDEN] Hero action success chance: %+n% (from skill),,character_to_character_own,11,campaign,0,true,,,,,,,,,,,,,,,,,,,,,,,,,character_skill_level_to_effects_junctions_tables,wh3_main_skill_agent_action_success_scaling|wh_main_effect_agent_action_success_chance_skill|11|character_to_character_own
effect,warhammer_3,8.1.1,24237342,Vampire Counts,vampire_counts,wh_main_sc_vmp_vampire_counts,Vampire (Death),Vampire_Death,hero,wh_main_vmp_vampire_death,dignitary,dignitary,wh2_dlc11_vmp_the_barrow_legion|wh2_dlc16_vmp_lahmian_sisterhood|wh2_main_vmp_necrarch_brotherhood|wh2_main_vmp_strygos_empire|wh2_main_vmp_the_silver_host|wh3_dlc21_vmp_jiangshi_rebels|wh3_dlc25_vmp_the_court_of_night|wh3_dlc25_vmp_vampire_counts_invasion|wh3_dlc26_vmp_templehof_qb|wh3_main_ie_vmp_sires_of_mourkain|wh3_main_vmp_caravan_of_blue_roses|wh3_main_vmp_lahmian_sisterhood|wh3_main_vmp_nagashizzar|wh_main_vmp_mousillon|wh_main_vmp_rival_sylvanian_vamps|wh_main_vmp_schwartzhafen|wh_main_vmp_vampire_counts|wh_main_vmp_vampire_counts_qb1|wh_main_vmp_vampire_counts_qb2|wh_main_vmp_vampire_counts_qb3|wh_main_vmp_vampire_rebels|wh_main_vmp_waldenhof,false,false,true,true,true,true,,,wh_main_skill_node_set_vmp_vampire,,1,dignitary,false,false,,,,wh3_main_agent_action_scaling,wh3_main_skill_agent_action_success_scaling,Agent action success modifer,Hidden skill that scales action success/defence chance,mount_hellsteed.png,0,99,0,0,false,0,49,12,Agent action success modifer,Hidden skill that scales action success/defence chance,,,,,,wh_main_effect_agent_action_success_chance_enemy_skill,[HIDDEN] Enemy Hero action success chance: %+n% (from skill),,character_to_character_own,-12,campaign,0,true,,,,,,,,,,,,,,,,,,,,,,,,,character_skill_level_to_effects_junctions_tables,wh3_main_skill_agent_action_success_scaling|wh_main_effect_agent_action_success_chance_enemy_skill|12|character_to_character_own
effect,warhammer_3,8.1.1,24237342,Vampire Counts,vampire_counts,wh_main_sc_vmp_vampire_counts,Vampire (Death),Vampire_Death,hero,wh_main_vmp_vampire_death,dignitary,dignitary,wh2_dlc11_vmp_the_barrow_legion|wh2_dlc16_vmp_lahmian_sisterhood|wh2_main_vmp_necrarch_brotherhood|wh2_main_vmp_strygos_empire|wh2_main_vmp_the_silver_host|wh3_dlc21_vmp_jiangshi_rebels|wh3_dlc25_vmp_the_court_of_night|wh3_dlc25_vmp_vampire_counts_invasion|wh3_dlc26_vmp_templehof_qb|wh3_main_ie_vmp_sires_of_mourkain|wh3_main_vmp_caravan_of_blue_roses|wh3_main_vmp_lahmian_sisterhood|wh3_main_vmp_nagashizzar|wh_main_vmp_mousillon|wh_main_vmp_rival_sylvanian_vamps|wh_main_vmp_schwartzhafen|wh_main_vmp_vampire_counts|wh_main_vmp_vampire_counts_qb1|wh_main_vmp_vampire_counts_qb2|wh_main_vmp_vampire_counts_qb3|wh_main_vmp_vampire_rebels|wh_main_vmp_waldenhof,false,false,true,true,true,true,,,wh_main_skill_node_set_vmp_vampire,,1,dignitary,false,false,,,,wh3_main_agent_action_scaling,wh3_main_skill_agent_action_success_scaling,Agent action success modifer,Hidden skill that scales action success/defence chance,mount_hellsteed.png,0,99,0,0,false,0,49,12,Agent action success modifer,Hidden skill that scales action success/defence chance,,,,,,wh_main_effect_agent_action_success_chance_skill,[HIDDEN] Hero action success chance: %+n% (from skill),,character_to_character_own,12,campaign,0,true,,,,,,,,,,,,,,,,,,,,,,,,,character_skill_level_to_effects_junctions_tables,wh3_main_skill_agent_action_success_scaling|wh_main_effect_agent_action_success_chance_skill|12|character_to_character_own
effect,warhammer_3,8.1.1,24237342,Vampire Counts,vampire_counts,wh_main_sc_vmp_vampire_counts,Vampire (Death),Vampire_Death,hero,wh_main_vmp_vampire_death,dignitary,dignitary,wh2_dlc11_vmp_the_barrow_legion|wh2_dlc16_vmp_lahmian_sisterhood|wh2_main_vmp_necrarch_brotherhood|wh2_main_vmp_strygos_empire|wh2_main_vmp_the_silver_host|wh3_dlc21_vmp_jiangshi_rebels|wh3_dlc25_vmp_the_court_of_night|wh3_dlc25_vmp_vampire_counts_invasion|wh3_dlc26_vmp_templehof_qb|wh3_main_ie_vmp_sires_of_mourkain|wh3_main_vmp_caravan_of_blue_roses|wh3_main_vmp_lahmian_sisterhood|wh3_main_vmp_nagashizzar|wh_main_vmp_mousillon|wh_main_vmp_rival_sylvanian_vamps|wh_main_vmp_schwartzhafen|wh_main_vmp_vampire_counts|wh_main_vmp_vampire_counts_qb1|wh_main_vmp_vampire_counts_qb2|wh_main_vmp_vampire_counts_qb3|wh_main_vmp_vampire_rebels|wh_main_vmp_waldenhof,false,false,true,true,true,true,,,wh_main_skill_node_set_vmp_vampire,,1,dignitary,false,false,,,,wh3_main_agent_action_scaling,wh3_main_skill_agent_action_success_scaling,Agent action success modifer,Hidden skill that scales action success/defence chance,mount_hellsteed.png,0,99,0,0,false,0,49,13,Agent action success modifer,Hidden skill that scales action success/defence chance,,,,,,wh_main_effect_agent_action_success_chance_enemy_skill,[HIDDEN] Enemy Hero action success chance: %+n% (from skill),,character_to_character_own,-13,campaign,0,true,,,,,,,,,,,,,,,,,,,,,,,,,character_skill_level_to_effects_junctions_tables,wh3_main_skill_agent_action_success_scaling|wh_main_effect_agent_action_success_chance_enemy_skill|13|character_to_character_own
effect,warhammer_3,8.1.1,24237342,Vampire Counts,vampire_counts,wh_main_sc_vmp_vampire_counts,Vampire (Death),Vampire_Death,hero,wh_main_vmp_vampire_death,dignitary,dignitary,wh2_dlc11_vmp_the_barrow_legion|wh2_dlc16_vmp_lahmian_sisterhood|wh2_main_vmp_necrarch_brotherhood|wh2_main_vmp_strygos_empire|wh2_main_vmp_the_silver_host|wh3_dlc21_vmp_jiangshi_rebels|wh3_dlc25_vmp_the_court_of_night|wh3_dlc25_vmp_vampire_counts_invasion|wh3_dlc26_vmp_templehof_qb|wh3_main_ie_vmp_sires_of_mourkain|wh3_main_vmp_caravan_of_blue_roses|wh3_main_vmp_lahmian_sisterhood|wh3_main_vmp_nagashizzar|wh_main_vmp_mousillon|wh_main_vmp_rival_sylvanian_vamps|wh_main_vmp_schwartzhafen|wh_main_vmp_vampire_counts|wh_main_vmp_vampire_counts_qb1|wh_main_vmp_vampire_counts_qb2|wh_main_vmp_vampire_counts_qb3|wh_main_vmp_vampire_rebels|wh_main_vmp_waldenhof,false,false,true,true,true,true,,,wh_main_skill_node_set_vmp_vampire,,1,dignitary,false,false,,,,wh3_main_agent_action_scaling,wh3_main_skill_agent_action_success_scaling,Agent action success modifer,Hidden skill that scales action success/defence chance,mount_hellsteed.png,0,99,0,0,false,0,49,13,Agent action success modifer,Hidden skill that scales action success/defence chance,,,,,,wh_main_effect_agent_action_success_chance_skill,[HIDDEN] Hero action success chance: %+n% (from skill),,character_to_character_own,13,campaign,0,true,,,,,,,,,,,,,,,,,,,,,,,,,character_skill_level_to_effects_junctions_tables,wh3_main_skill_agent_action_success_scaling|wh_main_effect_agent_action_success_chance_skill|13|character_to_character_own
effect,warhammer_3,8.1.1,24237342,Vampire Counts,vampire_counts,wh_main_sc_vmp_vampire_counts,Vampire (Death),Vampire_Death,hero,wh_main_vmp_vampire_death,dignitary,dignitary,wh2_dlc11_vmp_the_barrow_legion|wh2_dlc16_vmp_lahmian_sisterhood|wh2_main_vmp_necrarch_brotherhood|wh2_main_vmp_strygos_empire|wh2_main_vmp_the_silver_host|wh3_dlc21_vmp_jiangshi_rebels|wh3_dlc25_vmp_the_court_of_night|wh3_dlc25_vmp_vampire_counts_invasion|wh3_dlc26_vmp_templehof_qb|wh3_main_ie_vmp_sires_of_mourkain|wh3_main_vmp_caravan_of_blue_roses|wh3_main_vmp_lahmian_sisterhood|wh3_main_vmp_nagashizzar|wh_main_vmp_mousillon|wh_main_vmp_rival_sylvanian_vamps|wh_main_vmp_schwartzhafen|wh_main_vmp_vampire_counts|wh_main_vmp_vampire_counts_qb1|wh_main_vmp_vampire_counts_qb2|wh_main_vmp_vampire_counts_qb3|wh_main_vmp_vampire_rebels|wh_main_vmp_waldenhof,false,false,true,true,true,true,,,wh_main_skill_node_set_vmp_vampire,,1,dignitary,false,false,,,,wh3_main_agent_action_scaling,wh3_main_skill_agent_action_success_scaling,Agent action success modifer,Hidden skill that scales action success/defence chance,mount_hellsteed.png,0,99,0,0,false,0,49,14,Agent action success modifer,Hidden skill that scales action success/defence chance,,,,,,wh_main_effect_agent_action_success_chance_enemy_skill,[HIDDEN] Enemy Hero action success chance: %+n% (from skill),,character_to_character_own,-14,campaign,0,true,,,,,,,,,,,,,,,,,,,,,,,,,character_skill_level_to_effects_junctions_tables,wh3_main_skill_agent_action_success_scaling|wh_main_effect_agent_action_success_chance_enemy_skill|14|character_to_character_own
effect,warhammer_3,8.1.1,24237342,Vampire Counts,vampire_counts,wh_main_sc_vmp_vampire_counts,Vampire (Death),Vampire_Death,hero,wh_main_vmp_vampire_death,dignitary,dignitary,wh2_dlc11_vmp_the_barrow_legion|wh2_dlc16_vmp_lahmian_sisterhood|wh2_main_vmp_necrarch_brotherhood|wh2_main_vmp_strygos_empire|wh2_main_vmp_the_silver_host|wh3_dlc21_vmp_jiangshi_rebels|wh3_dlc25_vmp_the_court_of_night|wh3_dlc25_vmp_vampire_counts_invasion|wh3_dlc26_vmp_templehof_qb|wh3_main_ie_vmp_sires_of_mourkain|wh3_main_vmp_caravan_of_blue_roses|wh3_main_vmp_lahmian_sisterhood|wh3_main_vmp_nagashizzar|wh_main_vmp_mousillon|wh_main_vmp_rival_sylvanian_vamps|wh_main_vmp_schwartzhafen|wh_main_vmp_vampire_counts|wh_main_vmp_vampire_counts_qb1|wh_main_vmp_vampire_counts_qb2|wh_main_vmp_vampire_counts_qb3|wh_main_vmp_vampire_rebels|wh_main_vmp_waldenhof,false,false,true,true,true,true,,,wh_main_skill_node_set_vmp_vampire,,1,dignitary,false,false,,,,wh3_main_agent_action_scaling,wh3_main_skill_agent_action_success_scaling,Agent action success modifer,Hidden skill that scales action success/defence chance,mount_hellsteed.png,0,99,0,0,false,0,49,14,Agent action success modifer,Hidden skill that scales action success/defence chance,,,,,,wh_main_effect_agent_action_success_chance_skill,[HIDDEN] Hero action success chance: %+n% (from skill),,character_to_character_own,14,campaign,0,true,,,,,,,,,,,,,,,,,,,,,,,,,character_skill_level_to_effects_junctions_tables,wh3_main_skill_agent_action_success_scaling|wh_main_effect_agent_action_success_chance_skill|14|character_to_character_own
effect,warhammer_3,8.1.1,24237342,Vampire Counts,vampire_counts,wh_main_sc_vmp_vampire_counts,Vampire (Death),Vampire_Death,hero,wh_main_vmp_vampire_death,dignitary,dignitary,wh2_dlc11_vmp_the_barrow_legion|wh2_dlc16_vmp_lahmian_sisterhood|wh2_main_vmp_necrarch_brotherhood|wh2_main_vmp_strygos_empire|wh2_main_vmp_the_silver_host|wh3_dlc21_vmp_jiangshi_rebels|wh3_dlc25_vmp_the_court_of_night|wh3_dlc25_vmp_vampire_counts_invasion|wh3_dlc26_vmp_templehof_qb|wh3_main_ie_vmp_sires_of_mourkain|wh3_main_vmp_caravan_of_blue_roses|wh3_main_vmp_lahmian_sisterhood|wh3_main_vmp_nagashizzar|wh_main_vmp_mousillon|wh_main_vmp_rival_sylvanian_vamps|wh_main_vmp_schwartzhafen|wh_main_vmp_vampire_counts|wh_main_vmp_vampire_counts_qb1|wh_main_vmp_vampire_counts_qb2|wh_main_vmp_vampire_counts_qb3|wh_main_vmp_vampire_rebels|wh_main_vmp_waldenhof,false,false,true,true,true,true,,,wh_main_skill_node_set_vmp_vampire,,1,dignitary,false,false,,,,wh3_main_agent_action_scaling,wh3_main_skill_agent_action_success_scaling,Agent action success modifer,Hidden skill that scales action success/defence chance,mount_hellsteed.png,0,99,0,0,false,0,49,15,Agent action success modifer,Hidden skill that scales action success/defence chance,,,,,,wh_main_effect_agent_action_success_chance_enemy_skill,[HIDDEN] Enemy Hero action success chance: %+n% (from skill),,character_to_character_own,-15,campaign,0,true,,,,,,,,,,,,,,,,,,,,,,,,,character_skill_level_to_effects_junctions_tables,wh3_main_skill_agent_action_success_scaling|wh_main_effect_agent_action_success_chance_enemy_skill|15|character_to_character_own
effect,warhammer_3,8.1.1,24237342,Vampire Counts,vampire_counts,wh_main_sc_vmp_vampire_counts,Vampire (Death),Vampire_Death,hero,wh_main_vmp_vampire_death,dignitary,dignitary,wh2_dlc11_vmp_the_barrow_legion|wh2_dlc16_vmp_lahmian_sisterhood|wh2_main_vmp_necrarch_brotherhood|wh2_main_vmp_strygos_empire|wh2_main_vmp_the_silver_host|wh3_dlc21_vmp_jiangshi_rebels|wh3_dlc25_vmp_the_court_of_night|wh3_dlc25_vmp_vampire_counts_invasion|wh3_dlc26_vmp_templehof_qb|wh3_main_ie_vmp_sires_of_mourkain|wh3_main_vmp_caravan_of_blue_roses|wh3_main_vmp_lahmian_sisterhood|wh3_main_vmp_nagashizzar|wh_main_vmp_mousillon|wh_main_vmp_rival_sylvanian_vamps|wh_main_vmp_schwartzhafen|wh_main_vmp_vampire_counts|wh_main_vmp_vampire_counts_qb1|wh_main_vmp_vampire_counts_qb2|wh_main_vmp_vampire_counts_qb3|wh_main_vmp_vampire_rebels|wh_main_vmp_waldenhof,false,false,true,true,true,true,,,wh_main_skill_node_set_vmp_vampire,,1,dignitary,false,false,,,,wh3_main_agent_action_scaling,wh3_main_skill_agent_action_success_scaling,Agent action success modifer,Hidden skill that scales action success/defence chance,mount_hellsteed.png,0,99,0,0,false,0,49,15,Agent action success modifer,Hidden skill that scales action success/defence chance,,,,,,wh_main_effect_agent_action_success_chance_skill,[HIDDEN] Hero action success chance: %+n% (from skill),,character_to_character_own,15,campaign,0,true,,,,,,,,,,,,,,,,,,,,,,,,,character_skill_level_to_effects_junctions_tables,wh3_main_skill_agent_action_success_scaling|wh_main_effect_agent_action_success_chance_skill|15|character_to_character_own
effect,warhammer_3,8.1.1,24237342,Vampire Counts,vampire_counts,wh_main_sc_vmp_vampire_counts,Vampire (Death),Vampire_Death,hero,wh_main_vmp_vampire_death,dignitary,dignitary,wh2_dlc11_vmp_the_barrow_legion|wh2_dlc16_vmp_lahmian_sisterhood|wh2_main_vmp_necrarch_brotherhood|wh2_main_vmp_strygos_empire|wh2_main_vmp_the_silver_host|wh3_dlc21_vmp_jiangshi_rebels|wh3_dlc25_vmp_the_court_of_night|wh3_dlc25_vmp_vampire_counts_invasion|wh3_dlc26_vmp_templehof_qb|wh3_main_ie_vmp_sires_of_mourkain|wh3_main_vmp_caravan_of_blue_roses|wh3_main_vmp_lahmian_sisterhood|wh3_main_vmp_nagashizzar|wh_main_vmp_mousillon|wh_main_vmp_rival_sylvanian_vamps|wh_main_vmp_schwartzhafen|wh_main_vmp_vampire_counts|wh_main_vmp_vampire_counts_qb1|wh_main_vmp_vampire_counts_qb2|wh_main_vmp_vampire_counts_qb3|wh_main_vmp_vampire_rebels|wh_main_vmp_waldenhof,false,false,true,true,true,true,,,wh_main_skill_node_set_vmp_vampire,,1,dignitary,false,false,,,,wh3_main_agent_action_scaling,wh3_main_skill_agent_action_success_scaling,Agent action success modifer,Hidden skill that scales action success/defence chance,mount_hellsteed.png,0,99,0,0,false,0,49,16,Agent action success modifer,Hidden skill that scales action success/defence chance,,,,,,wh_main_effect_agent_action_success_chance_enemy_skill,[HIDDEN] Enemy Hero action success chance: %+n% (from skill),,character_to_character_own,-16,campaign,0,true,,,,,,,,,,,,,,,,,,,,,,,,,character_skill_level_to_effects_junctions_tables,wh3_main_skill_agent_action_success_scaling|wh_main_effect_agent_action_success_chance_enemy_skill|16|character_to_character_own
effect,warhammer_3,8.1.1,24237342,Vampire Counts,vampire_counts,wh_main_sc_vmp_vampire_counts,Vampire (Death),Vampire_Death,hero,wh_main_vmp_vampire_death,dignitary,dignitary,wh2_dlc11_vmp_the_barrow_legion|wh2_dlc16_vmp_lahmian_sisterhood|wh2_main_vmp_necrarch_brotherhood|wh2_main_vmp_strygos_empire|wh2_main_vmp_the_silver_host|wh3_dlc21_vmp_jiangshi_rebels|wh3_dlc25_vmp_the_court_of_night|wh3_dlc25_vmp_vampire_counts_invasion|wh3_dlc26_vmp_templehof_qb|wh3_main_ie_vmp_sires_of_mourkain|wh3_main_vmp_caravan_of_blue_roses|wh3_main_vmp_lahmian_sisterhood|wh3_main_vmp_nagashizzar|wh_main_vmp_mousillon|wh_main_vmp_rival_sylvanian_vamps|wh_main_vmp_schwartzhafen|wh_main_vmp_vampire_counts|wh_main_vmp_vampire_counts_qb1|wh_main_vmp_vampire_counts_qb2|wh_main_vmp_vampire_counts_qb3|wh_main_vmp_vampire_rebels|wh_main_vmp_waldenhof,false,false,true,true,true,true,,,wh_main_skill_node_set_vmp_vampire,,1,dignitary,false,false,,,,wh3_main_agent_action_scaling,wh3_main_skill_agent_action_success_scaling,Agent action success modifer,Hidden skill that scales action success/defence chance,mount_hellsteed.png,0,99,0,0,false,0,49,16,Agent action success modifer,Hidden skill that scales action success/defence chance,,,,,,wh_main_effect_agent_action_success_chance_skill,[HIDDEN] Hero action success chance: %+n% (from skill),,character_to_character_own,16,campaign,0,true,,,,,,,,,,,,,,,,,,,,,,,,,character_skill_level_to_effects_junctions_tables,wh3_main_skill_agent_action_success_scaling|wh_main_effect_agent_action_success_chance_skill|16|character_to_character_own
effect,warhammer_3,8.1.1,24237342,Vampire Counts,vampire_counts,wh_main_sc_vmp_vampire_counts,Vampire (Death),Vampire_Death,hero,wh_main_vmp_vampire_death,dignitary,dignitary,wh2_dlc11_vmp_the_barrow_legion|wh2_dlc16_vmp_lahmian_sisterhood|wh2_main_vmp_necrarch_brotherhood|wh2_main_vmp_strygos_empire|wh2_main_vmp_the_silver_host|wh3_dlc21_vmp_jiangshi_rebels|wh3_dlc25_vmp_the_court_of_night|wh3_dlc25_vmp_vampire_counts_invasion|wh3_dlc26_vmp_templehof_qb|wh3_main_ie_vmp_sires_of_mourkain|wh3_main_vmp_caravan_of_blue_roses|wh3_main_vmp_lahmian_sisterhood|wh3_main_vmp_nagashizzar|wh_main_vmp_mousillon|wh_main_vmp_rival_sylvanian_vamps|wh_main_vmp_schwartzhafen|wh_main_vmp_vampire_counts|wh_main_vmp_vampire_counts_qb1|wh_main_vmp_vampire_counts_qb2|wh_main_vmp_vampire_counts_qb3|wh_main_vmp_vampire_rebels|wh_main_vmp_waldenhof,false,false,true,true,true,true,,,wh_main_skill_node_set_vmp_vampire,,1,dignitary,false,false,,,,wh3_main_agent_action_scaling,wh3_main_skill_agent_action_success_scaling,Agent action success modifer,Hidden skill that scales action success/defence chance,mount_hellsteed.png,0,99,0,0,false,0,49,17,Agent action success modifer,Hidden skill that scales action success/defence chance,,,,,,wh_main_effect_agent_action_success_chance_enemy_skill,[HIDDEN] Enemy Hero action success chance: %+n% (from skill),,character_to_character_own,-17,campaign,0,true,,,,,,,,,,,,,,,,,,,,,,,,,character_skill_level_to_effects_junctions_tables,wh3_main_skill_agent_action_success_scaling|wh_main_effect_agent_action_success_chance_enemy_skill|17|character_to_character_own
effect,warhammer_3,8.1.1,24237342,Vampire Counts,vampire_counts,wh_main_sc_vmp_vampire_counts,Vampire (Death),Vampire_Death,hero,wh_main_vmp_vampire_death,dignitary,dignitary,wh2_dlc11_vmp_the_barrow_legion|wh2_dlc16_vmp_lahmian_sisterhood|wh2_main_vmp_necrarch_brotherhood|wh2_main_vmp_strygos_empire|wh2_main_vmp_the_silver_host|wh3_dlc21_vmp_jiangshi_rebels|wh3_dlc25_vmp_the_court_of_night|wh3_dlc25_vmp_vampire_counts_invasion|wh3_dlc26_vmp_templehof_qb|wh3_main_ie_vmp_sires_of_mourkain|wh3_main_vmp_caravan_of_blue_roses|wh3_main_vmp_lahmian_sisterhood|wh3_main_vmp_nagashizzar|wh_main_vmp_mousillon|wh_main_vmp_rival_sylvanian_vamps|wh_main_vmp_schwartzhafen|wh_main_vmp_vampire_counts|wh_main_vmp_vampire_counts_qb1|wh_main_vmp_vampire_counts_qb2|wh_main_vmp_vampire_counts_qb3|wh_main_vmp_vampire_rebels|wh_main_vmp_waldenhof,false,false,true,true,true,true,,,wh_main_skill_node_set_vmp_vampire,,1,dignitary,false,false,,,,wh3_main_agent_action_scaling,wh3_main_skill_agent_action_success_scaling,Agent action success modifer,Hidden skill that scales action success/defence chance,mount_hellsteed.png,0,99,0,0,false,0,49,17,Agent action success modifer,Hidden skill that scales action success/defence chance,,,,,,wh_main_effect_agent_action_success_chance_skill,[HIDDEN] Hero action success chance: %+n% (from skill),,character_to_character_own,17,campaign,0,true,,,,,,,,,,,,,,,,,,,,,,,,,character_skill_level_to_effects_junctions_tables,wh3_main_skill_agent_action_success_scaling|wh_main_effect_agent_action_success_chance_skill|17|character_to_character_own
effect,warhammer_3,8.1.1,24237342,Vampire Counts,vampire_counts,wh_main_sc_vmp_vampire_counts,Vampire (Death),Vampire_Death,hero,wh_main_vmp_vampire_death,dignitary,dignitary,wh2_dlc11_vmp_the_barrow_legion|wh2_dlc16_vmp_lahmian_sisterhood|wh2_main_vmp_necrarch_brotherhood|wh2_main_vmp_strygos_empire|wh2_main_vmp_the_silver_host|wh3_dlc21_vmp_jiangshi_rebels|wh3_dlc25_vmp_the_court_of_night|wh3_dlc25_vmp_vampire_counts_invasion|wh3_dlc26_vmp_templehof_qb|wh3_main_ie_vmp_sires_of_mourkain|wh3_main_vmp_caravan_of_blue_roses|wh3_main_vmp_lahmian_sisterhood|wh3_main_vmp_nagashizzar|wh_main_vmp_mousillon|wh_main_vmp_rival_sylvanian_vamps|wh_main_vmp_schwartzhafen|wh_main_vmp_vampire_counts|wh_main_vmp_vampire_counts_qb1|wh_main_vmp_vampire_counts_qb2|wh_main_vmp_vampire_counts_qb3|wh_main_vmp_vampire_rebels|wh_main_vmp_waldenhof,false,false,true,true,true,true,,,wh_main_skill_node_set_vmp_vampire,,1,dignitary,false,false,,,,wh3_main_agent_action_scaling,wh3_main_skill_agent_action_success_scaling,Agent action success modifer,Hidden skill that scales action success/defence chance,mount_hellsteed.png,0,99,0,0,false,0,49,18,Agent action success modifer,Hidden skill that scales action success/defence chance,,,,,,wh_main_effect_agent_action_success_chance_enemy_skill,[HIDDEN] Enemy Hero action success chance: %+n% (from skill),,character_to_character_own,-18,campaign,0,true,,,,,,,,,,,,,,,,,,,,,,,,,character_skill_level_to_effects_junctions_tables,wh3_main_skill_agent_action_success_scaling|wh_main_effect_agent_action_success_chance_enemy_skill|18|character_to_character_own
effect,warhammer_3,8.1.1,24237342,Vampire Counts,vampire_counts,wh_main_sc_vmp_vampire_counts,Vampire (Death),Vampire_Death,hero,wh_main_vmp_vampire_death,dignitary,dignitary,wh2_dlc11_vmp_the_barrow_legion|wh2_dlc16_vmp_lahmian_sisterhood|wh2_main_vmp_necrarch_brotherhood|wh2_main_vmp_strygos_empire|wh2_main_vmp_the_silver_host|wh3_dlc21_vmp_jiangshi_rebels|wh3_dlc25_vmp_the_court_of_night|wh3_dlc25_vmp_vampire_counts_invasion|wh3_dlc26_vmp_templehof_qb|wh3_main_ie_vmp_sires_of_mourkain|wh3_main_vmp_caravan_of_blue_roses|wh3_main_vmp_lahmian_sisterhood|wh3_main_vmp_nagashizzar|wh_main_vmp_mousillon|wh_main_vmp_rival_sylvanian_vamps|wh_main_vmp_schwartzhafen|wh_main_vmp_vampire_counts|wh_main_vmp_vampire_counts_qb1|wh_main_vmp_vampire_counts_qb2|wh_main_vmp_vampire_counts_qb3|wh_main_vmp_vampire_rebels|wh_main_vmp_waldenhof,false,false,true,true,true,true,,,wh_main_skill_node_set_vmp_vampire,,1,dignitary,false,false,,,,wh3_main_agent_action_scaling,wh3_main_skill_agent_action_success_scaling,Agent action success modifer,Hidden skill that scales action success/defence chance,mount_hellsteed.png,0,99,0,0,false,0,49,18,Agent action success modifer,Hidden skill that scales action success/defence chance,,,,,,wh_main_effect_agent_action_success_chance_skill,[HIDDEN] Hero action success chance: %+n% (from skill),,character_to_character_own,18,campaign,0,true,,,,,,,,,,,,,,,,,,,,,,,,,character_skill_level_to_effects_junctions_tables,wh3_main_skill_agent_action_success_scaling|wh_main_effect_agent_action_success_chance_skill|18|character_to_character_own
effect,warhammer_3,8.1.1,24237342,Vampire Counts,vampire_counts,wh_main_sc_vmp_vampire_counts,Vampire (Death),Vampire_Death,hero,wh_main_vmp_vampire_death,dignitary,dignitary,wh2_dlc11_vmp_the_barrow_legion|wh2_dlc16_vmp_lahmian_sisterhood|wh2_main_vmp_necrarch_brotherhood|wh2_main_vmp_strygos_empire|wh2_main_vmp_the_silver_host|wh3_dlc21_vmp_jiangshi_rebels|wh3_dlc25_vmp_the_court_of_night|wh3_dlc25_vmp_vampire_counts_invasion|wh3_dlc26_vmp_templehof_qb|wh3_main_ie_vmp_sires_of_mourkain|wh3_main_vmp_caravan_of_blue_roses|wh3_main_vmp_lahmian_sisterhood|wh3_main_vmp_nagashizzar|wh_main_vmp_mousillon|wh_main_vmp_rival_sylvanian_vamps|wh_main_vmp_schwartzhafen|wh_main_vmp_vampire_counts|wh_main_vmp_vampire_counts_qb1|wh_main_vmp_vampire_counts_qb2|wh_main_vmp_vampire_counts_qb3|wh_main_vmp_vampire_rebels|wh_main_vmp_waldenhof,false,false,true,true,true,true,,,wh_main_skill_node_set_vmp_vampire,,1,dignitary,false,false,,,,wh3_main_agent_action_scaling,wh3_main_skill_agent_action_success_scaling,Agent action success modifer,Hidden skill that scales action success/defence chance,mount_hellsteed.png,0,99,0,0,false,0,49,19,Agent action success modifer,Hidden skill that scales action success/defence chance,,,,,,wh_main_effect_agent_action_success_chance_enemy_skill,[HIDDEN] Enemy Hero action success chance: %+n% (from skill),,character_to_character_own,-19,campaign,0,true,,,,,,,,,,,,,,,,,,,,,,,,,character_skill_level_to_effects_junctions_tables,wh3_main_skill_agent_action_success_scaling|wh_main_effect_agent_action_success_chance_enemy_skill|19|character_to_character_own
effect,warhammer_3,8.1.1,24237342,Vampire Counts,vampire_counts,wh_main_sc_vmp_vampire_counts,Vampire (Death),Vampire_Death,hero,wh_main_vmp_vampire_death,dignitary,dignitary,wh2_dlc11_vmp_the_barrow_legion|wh2_dlc16_vmp_lahmian_sisterhood|wh2_main_vmp_necrarch_brotherhood|wh2_main_vmp_strygos_empire|wh2_main_vmp_the_silver_host|wh3_dlc21_vmp_jiangshi_rebels|wh3_dlc25_vmp_the_court_of_night|wh3_dlc25_vmp_vampire_counts_invasion|wh3_dlc26_vmp_templehof_qb|wh3_main_ie_vmp_sires_of_mourkain|wh3_main_vmp_caravan_of_blue_roses|wh3_main_vmp_lahmian_sisterhood|wh3_main_vmp_nagashizzar|wh_main_vmp_mousillon|wh_main_vmp_rival_sylvanian_vamps|wh_main_vmp_schwartzhafen|wh_main_vmp_vampire_counts|wh_main_vmp_vampire_counts_qb1|wh_main_vmp_vampire_counts_qb2|wh_main_vmp_vampire_counts_qb3|wh_main_vmp_vampire_rebels|wh_main_vmp_waldenhof,false,false,true,true,true,true,,,wh_main_skill_node_set_vmp_vampire,,1,dignitary,false,false,,,,wh3_main_agent_action_scaling,wh3_main_skill_agent_action_success_scaling,Agent action success modifer,Hidden skill that scales action success/defence chance,mount_hellsteed.png,0,99,0,0,false,0,49,19,Agent action success modifer,Hidden skill that scales action success/defence chance,,,,,,wh_main_effect_agent_action_success_chance_skill,[HIDDEN] Hero action success chance: %+n% (from skill),,character_to_character_own,19,campaign,0,true,,,,,,,,,,,,,,,,,,,,,,,,,character_skill_level_to_effects_junctions_tables,wh3_main_skill_agent_action_success_scaling|wh_main_effect_agent_action_success_chance_skill|19|character_to_character_own
effect,warhammer_3,8.1.1,24237342,Vampire Counts,vampire_counts,wh_main_sc_vmp_vampire_counts,Vampire (Death),Vampire_Death,hero,wh_main_vmp_vampire_death,dignitary,dignitary,wh2_dlc11_vmp_the_barrow_legion|wh2_dlc16_vmp_lahmian_sisterhood|wh2_main_vmp_necrarch_brotherhood|wh2_main_vmp_strygos_empire|wh2_main_vmp_the_silver_host|wh3_dlc21_vmp_jiangshi_rebels|wh3_dlc25_vmp_the_court_of_night|wh3_dlc25_vmp_vampire_counts_invasion|wh3_dlc26_vmp_templehof_qb|wh3_main_ie_vmp_sires_of_mourkain|wh3_main_vmp_caravan_of_blue_roses|wh3_main_vmp_lahmian_sisterhood|wh3_main_vmp_nagashizzar|wh_main_vmp_mousillon|wh_main_vmp_rival_sylvanian_vamps|wh_main_vmp_schwartzhafen|wh_main_vmp_vampire_counts|wh_main_vmp_vampire_counts_qb1|wh_main_vmp_vampire_counts_qb2|wh_main_vmp_vampire_counts_qb3|wh_main_vmp_vampire_rebels|wh_main_vmp_waldenhof,false,false,true,true,true,true,,,wh_main_skill_node_set_vmp_vampire,,1,dignitary,false,false,,,,wh3_main_agent_action_scaling,wh3_main_skill_agent_action_success_scaling,Agent action success modifer,Hidden skill that scales action success/defence chance,mount_hellsteed.png,0,99,0,0,false,0,49,20,Agent action success modifer,Hidden skill that scales action success/defence chance,,,,,,wh_main_effect_agent_action_success_chance_enemy_skill,[HIDDEN] Enemy Hero action success chance: %+n% (from skill),,character_to_character_own,-20,campaign,0,true,,,,,,,,,,,,,,,,,,,,,,,,,character_skill_level_to_effects_junctions_tables,wh3_main_skill_agent_action_success_scaling|wh_main_effect_agent_action_success_chance_enemy_skill|20|character_to_character_own
effect,warhammer_3,8.1.1,24237342,Vampire Counts,vampire_counts,wh_main_sc_vmp_vampire_counts,Vampire (Death),Vampire_Death,hero,wh_main_vmp_vampire_death,dignitary,dignitary,wh2_dlc11_vmp_the_barrow_legion|wh2_dlc16_vmp_lahmian_sisterhood|wh2_main_vmp_necrarch_brotherhood|wh2_main_vmp_strygos_empire|wh2_main_vmp_the_silver_host|wh3_dlc21_vmp_jiangshi_rebels|wh3_dlc25_vmp_the_court_of_night|wh3_dlc25_vmp_vampire_counts_invasion|wh3_dlc26_vmp_templehof_qb|wh3_main_ie_vmp_sires_of_mourkain|wh3_main_vmp_caravan_of_blue_roses|wh3_main_vmp_lahmian_sisterhood|wh3_main_vmp_nagashizzar|wh_main_vmp_mousillon|wh_main_vmp_rival_sylvanian_vamps|wh_main_vmp_schwartzhafen|wh_main_vmp_vampire_counts|wh_main_vmp_vampire_counts_qb1|wh_main_vmp_vampire_counts_qb2|wh_main_vmp_vampire_counts_qb3|wh_main_vmp_vampire_rebels|wh_main_vmp_waldenhof,false,false,true,true,true,true,,,wh_main_skill_node_set_vmp_vampire,,1,dignitary,false,false,,,,wh3_main_agent_action_scaling,wh3_main_skill_agent_action_success_scaling,Agent action success modifer,Hidden skill that scales action success/defence chance,mount_hellsteed.png,0,99,0,0,false,0,49,20,Agent action success modifer,Hidden skill that scales action success/defence chance,,,,,,wh_main_effect_agent_action_success_chance_skill,[HIDDEN] Hero action success chance: %+n% (from skill),,character_to_character_own,20,campaign,0,true,,,,,,,,,,,,,,,,,,,,,,,,,character_skill_level_to_effects_junctions_tables,wh3_main_skill_agent_action_success_scaling|wh_main_effect_agent_action_success_chance_skill|20|character_to_character_own
effect,warhammer_3,8.1.1,24237342,Vampire Counts,vampire_counts,wh_main_sc_vmp_vampire_counts,Vampire (Death),Vampire_Death,hero,wh_main_vmp_vampire_death,dignitary,dignitary,wh2_dlc11_vmp_the_barrow_legion|wh2_dlc16_vmp_lahmian_sisterhood|wh2_main_vmp_necrarch_brotherhood|wh2_main_vmp_strygos_empire|wh2_main_vmp_the_silver_host|wh3_dlc21_vmp_jiangshi_rebels|wh3_dlc25_vmp_the_court_of_night|wh3_dlc25_vmp_vampire_counts_invasion|wh3_dlc26_vmp_templehof_qb|wh3_main_ie_vmp_sires_of_mourkain|wh3_main_vmp_caravan_of_blue_roses|wh3_main_vmp_lahmian_sisterhood|wh3_main_vmp_nagashizzar|wh_main_vmp_mousillon|wh_main_vmp_rival_sylvanian_vamps|wh_main_vmp_schwartzhafen|wh_main_vmp_vampire_counts|wh_main_vmp_vampire_counts_qb1|wh_main_vmp_vampire_counts_qb2|wh_main_vmp_vampire_counts_qb3|wh_main_vmp_vampire_rebels|wh_main_vmp_waldenhof,false,false,true,true,true,true,,,wh_main_skill_node_set_vmp_vampire,,1,dignitary,false,false,,,,wh3_main_agent_action_scaling,wh3_main_skill_agent_action_success_scaling,Agent action success modifer,Hidden skill that scales action success/defence chance,mount_hellsteed.png,0,99,0,0,false,0,49,21,Agent action success modifer,Hidden skill that scales action success/defence chance,,,,,,wh_main_effect_agent_action_success_chance_enemy_skill,[HIDDEN] Enemy Hero action success chance: %+n% (from skill),,character_to_character_own,-21,campaign,0,true,,,,,,,,,,,,,,,,,,,,,,,,,character_skill_level_to_effects_junctions_tables,wh3_main_skill_agent_action_success_scaling|wh_main_effect_agent_action_success_chance_enemy_skill|21|character_to_character_own
effect,warhammer_3,8.1.1,24237342,Vampire Counts,vampire_counts,wh_main_sc_vmp_vampire_counts,Vampire (Death),Vampire_Death,hero,wh_main_vmp_vampire_death,dignitary,dignitary,wh2_dlc11_vmp_the_barrow_legion|wh2_dlc16_vmp_lahmian_sisterhood|wh2_main_vmp_necrarch_brotherhood|wh2_main_vmp_strygos_empire|wh2_main_vmp_the_silver_host|wh3_dlc21_vmp_jiangshi_rebels|wh3_dlc25_vmp_the_court_of_night|wh3_dlc25_vmp_vampire_counts_invasion|wh3_dlc26_vmp_templehof_qb|wh3_main_ie_vmp_sires_of_mourkain|wh3_main_vmp_caravan_of_blue_roses|wh3_main_vmp_lahmian_sisterhood|wh3_main_vmp_nagashizzar|wh_main_vmp_mousillon|wh_main_vmp_rival_sylvanian_vamps|wh_main_vmp_schwartzhafen|wh_main_vmp_vampire_counts|wh_main_vmp_vampire_counts_qb1|wh_main_vmp_vampire_counts_qb2|wh_main_vmp_vampire_counts_qb3|wh_main_vmp_vampire_rebels|wh_main_vmp_waldenhof,false,false,true,true,true,true,,,wh_main_skill_node_set_vmp_vampire,,1,dignitary,false,false,,,,wh3_main_agent_action_scaling,wh3_main_skill_agent_action_success_scaling,Agent action success modifer,Hidden skill that scales action success/defence chance,mount_hellsteed.png,0,99,0,0,false,0,49,21,Agent action success modifer,Hidden skill that scales action success/defence chance,,,,,,wh_main_effect_agent_action_success_chance_skill,[HIDDEN] Hero action success chance: %+n% (from skill),,character_to_character_own,21,campaign,0,true,,,,,,,,,,,,,,,,,,,,,,,,,character_skill_level_to_effects_junctions_tables,wh3_main_skill_agent_action_success_scaling|wh_main_effect_agent_action_success_chance_skill|21|character_to_character_own
effect,warhammer_3,8.1.1,24237342,Vampire Counts,vampire_counts,wh_main_sc_vmp_vampire_counts,Vampire (Death),Vampire_Death,hero,wh_main_vmp_vampire_death,dignitary,dignitary,wh2_dlc11_vmp_the_barrow_legion|wh2_dlc16_vmp_lahmian_sisterhood|wh2_main_vmp_necrarch_brotherhood|wh2_main_vmp_strygos_empire|wh2_main_vmp_the_silver_host|wh3_dlc21_vmp_jiangshi_rebels|wh3_dlc25_vmp_the_court_of_night|wh3_dlc25_vmp_vampire_counts_invasion|wh3_dlc26_vmp_templehof_qb|wh3_main_ie_vmp_sires_of_mourkain|wh3_main_vmp_caravan_of_blue_roses|wh3_main_vmp_lahmian_sisterhood|wh3_main_vmp_nagashizzar|wh_main_vmp_mousillon|wh_main_vmp_rival_sylvanian_vamps|wh_main_vmp_schwartzhafen|wh_main_vmp_vampire_counts|wh_main_vmp_vampire_counts_qb1|wh_main_vmp_vampire_counts_qb2|wh_main_vmp_vampire_counts_qb3|wh_main_vmp_vampire_rebels|wh_main_vmp_waldenhof,false,false,true,true,true,true,,,wh_main_skill_node_set_vmp_vampire,,1,dignitary,false,false,,,,wh3_main_agent_action_scaling,wh3_main_skill_agent_action_success_scaling,Agent action success modifer,Hidden skill that scales action success/defence chance,mount_hellsteed.png,0,99,0,0,false,0,49,22,Agent action success modifer,Hidden skill that scales action success/defence chance,,,,,,wh_main_effect_agent_action_success_chance_enemy_skill,[HIDDEN] Enemy Hero action success chance: %+n% (from skill),,character_to_character_own,-22,campaign,0,true,,,,,,,,,,,,,,,,,,,,,,,,,character_skill_level_to_effects_junctions_tables,wh3_main_skill_agent_action_success_scaling|wh_main_effect_agent_action_success_chance_enemy_skill|22|character_to_character_own
effect,warhammer_3,8.1.1,24237342,Vampire Counts,vampire_counts,wh_main_sc_vmp_vampire_counts,Vampire (Death),Vampire_Death,hero,wh_main_vmp_vampire_death,dignitary,dignitary,wh2_dlc11_vmp_the_barrow_legion|wh2_dlc16_vmp_lahmian_sisterhood|wh2_main_vmp_necrarch_brotherhood|wh2_main_vmp_strygos_empire|wh2_main_vmp_the_silver_host|wh3_dlc21_vmp_jiangshi_rebels|wh3_dlc25_vmp_the_court_of_night|wh3_dlc25_vmp_vampire_counts_invasion|wh3_dlc26_vmp_templehof_qb|wh3_main_ie_vmp_sires_of_mourkain|wh3_main_vmp_caravan_of_blue_roses|wh3_main_vmp_lahmian_sisterhood|wh3_main_vmp_nagashizzar|wh_main_vmp_mousillon|wh_main_vmp_rival_sylvanian_vamps|wh_main_vmp_schwartzhafen|wh_main_vmp_vampire_counts|wh_main_vmp_vampire_counts_qb1|wh_main_vmp_vampire_counts_qb2|wh_main_vmp_vampire_counts_qb3|wh_main_vmp_vampire_rebels|wh_main_vmp_waldenhof,false,false,true,true,true,true,,,wh_main_skill_node_set_vmp_vampire,,1,dignitary,false,false,,,,wh3_main_agent_action_scaling,wh3_main_skill_agent_action_success_scaling,Agent action success modifer,Hidden skill that scales action success/defence chance,mount_hellsteed.png,0,99,0,0,false,0,49,22,Agent action success modifer,Hidden skill that scales action success/defence chance,,,,,,wh_main_effect_agent_action_success_chance_skill,[HIDDEN] Hero action success chance: %+n% (from skill),,character_to_character_own,22,campaign,0,true,,,,,,,,,,,,,,,,,,,,,,,,,character_skill_level_to_effects_junctions_tables,wh3_main_skill_agent_action_success_scaling|wh_main_effect_agent_action_success_chance_skill|22|character_to_character_own
effect,warhammer_3,8.1.1,24237342,Vampire Counts,vampire_counts,wh_main_sc_vmp_vampire_counts,Vampire (Death),Vampire_Death,hero,wh_main_vmp_vampire_death,dignitary,dignitary,wh2_dlc11_vmp_the_barrow_legion|wh2_dlc16_vmp_lahmian_sisterhood|wh2_main_vmp_necrarch_brotherhood|wh2_main_vmp_strygos_empire|wh2_main_vmp_the_silver_host|wh3_dlc21_vmp_jiangshi_rebels|wh3_dlc25_vmp_the_court_of_night|wh3_dlc25_vmp_vampire_counts_invasion|wh3_dlc26_vmp_templehof_qb|wh3_main_ie_vmp_sires_of_mourkain|wh3_main_vmp_caravan_of_blue_roses|wh3_main_vmp_lahmian_sisterhood|wh3_main_vmp_nagashizzar|wh_main_vmp_mousillon|wh_main_vmp_rival_sylvanian_vamps|wh_main_vmp_schwartzhafen|wh_main_vmp_vampire_counts|wh_main_vmp_vampire_counts_qb1|wh_main_vmp_vampire_counts_qb2|wh_main_vmp_vampire_counts_qb3|wh_main_vmp_vampire_rebels|wh_main_vmp_waldenhof,false,false,true,true,true,true,,,wh_main_skill_node_set_vmp_vampire,,1,dignitary,false,false,,,,wh3_main_agent_action_scaling,wh3_main_skill_agent_action_success_scaling,Agent action success modifer,Hidden skill that scales action success/defence chance,mount_hellsteed.png,0,99,0,0,false,0,49,23,Agent action success modifer,Hidden skill that scales action success/defence chance,,,,,,wh_main_effect_agent_action_success_chance_enemy_skill,[HIDDEN] Enemy Hero action success chance: %+n% (from skill),,character_to_character_own,-23,campaign,0,true,,,,,,,,,,,,,,,,,,,,,,,,,character_skill_level_to_effects_junctions_tables,wh3_main_skill_agent_action_success_scaling|wh_main_effect_agent_action_success_chance_enemy_skill|23|character_to_character_own
effect,warhammer_3,8.1.1,24237342,Vampire Counts,vampire_counts,wh_main_sc_vmp_vampire_counts,Vampire (Death),Vampire_Death,hero,wh_main_vmp_vampire_death,dignitary,dignitary,wh2_dlc11_vmp_the_barrow_legion|wh2_dlc16_vmp_lahmian_sisterhood|wh2_main_vmp_necrarch_brotherhood|wh2_main_vmp_strygos_empire|wh2_main_vmp_the_silver_host|wh3_dlc21_vmp_jiangshi_rebels|wh3_dlc25_vmp_the_court_of_night|wh3_dlc25_vmp_vampire_counts_invasion|wh3_dlc26_vmp_templehof_qb|wh3_main_ie_vmp_sires_of_mourkain|wh3_main_vmp_caravan_of_blue_roses|wh3_main_vmp_lahmian_sisterhood|wh3_main_vmp_nagashizzar|wh_main_vmp_mousillon|wh_main_vmp_rival_sylvanian_vamps|wh_main_vmp_schwartzhafen|wh_main_vmp_vampire_counts|wh_main_vmp_vampire_counts_qb1|wh_main_vmp_vampire_counts_qb2|wh_main_vmp_vampire_counts_qb3|wh_main_vmp_vampire_rebels|wh_main_vmp_waldenhof,false,false,true,true,true,true,,,wh_main_skill_node_set_vmp_vampire,,1,dignitary,false,false,,,,wh3_main_agent_action_scaling,wh3_main_skill_agent_action_success_scaling,Agent action success modifer,Hidden skill that scales action success/defence chance,mount_hellsteed.png,0,99,0,0,false,0,49,23,Agent action success modifer,Hidden skill that scales action success/defence chance,,,,,,wh_main_effect_agent_action_success_chance_skill,[HIDDEN] Hero action success chance: %+n% (from skill),,character_to_character_own,23,campaign,0,true,,,,,,,,,,,,,,,,,,,,,,,,,character_skill_level_to_effects_junctions_tables,wh3_main_skill_agent_action_success_scaling|wh_main_effect_agent_action_success_chance_skill|23|character_to_character_own
effect,warhammer_3,8.1.1,24237342,Vampire Counts,vampire_counts,wh_main_sc_vmp_vampire_counts,Vampire (Death),Vampire_Death,hero,wh_main_vmp_vampire_death,dignitary,dignitary,wh2_dlc11_vmp_the_barrow_legion|wh2_dlc16_vmp_lahmian_sisterhood|wh2_main_vmp_necrarch_brotherhood|wh2_main_vmp_strygos_empire|wh2_main_vmp_the_silver_host|wh3_dlc21_vmp_jiangshi_rebels|wh3_dlc25_vmp_the_court_of_night|wh3_dlc25_vmp_vampire_counts_invasion|wh3_dlc26_vmp_templehof_qb|wh3_main_ie_vmp_sires_of_mourkain|wh3_main_vmp_caravan_of_blue_roses|wh3_main_vmp_lahmian_sisterhood|wh3_main_vmp_nagashizzar|wh_main_vmp_mousillon|wh_main_vmp_rival_sylvanian_vamps|wh_main_vmp_schwartzhafen|wh_main_vmp_vampire_counts|wh_main_vmp_vampire_counts_qb1|wh_main_vmp_vampire_counts_qb2|wh_main_vmp_vampire_counts_qb3|wh_main_vmp_vampire_rebels|wh_main_vmp_waldenhof,false,false,true,true,true,true,,,wh_main_skill_node_set_vmp_vampire,,1,dignitary,false,false,,,,wh3_main_agent_action_scaling,wh3_main_skill_agent_action_success_scaling,Agent action success modifer,Hidden skill that scales action success/defence chance,mount_hellsteed.png,0,99,0,0,false,0,49,24,Agent action success modifer,Hidden skill that scales action success/defence chance,,,,,,wh_main_effect_agent_action_success_chance_enemy_skill,[HIDDEN] Enemy Hero action success chance: %+n% (from skill),,character_to_character_own,-24,campaign,0,true,,,,,,,,,,,,,,,,,,,,,,,,,character_skill_level_to_effects_junctions_tables,wh3_main_skill_agent_action_success_scaling|wh_main_effect_agent_action_success_chance_enemy_skill|24|character_to_character_own
effect,warhammer_3,8.1.1,24237342,Vampire Counts,vampire_counts,wh_main_sc_vmp_vampire_counts,Vampire (Death),Vampire_Death,hero,wh_main_vmp_vampire_death,dignitary,dignitary,wh2_dlc11_vmp_the_barrow_legion|wh2_dlc16_vmp_lahmian_sisterhood|wh2_main_vmp_necrarch_brotherhood|wh2_main_vmp_strygos_empire|wh2_main_vmp_the_silver_host|wh3_dlc21_vmp_jiangshi_rebels|wh3_dlc25_vmp_the_court_of_night|wh3_dlc25_vmp_vampire_counts_invasion|wh3_dlc26_vmp_templehof_qb|wh3_main_ie_vmp_sires_of_mourkain|wh3_main_vmp_caravan_of_blue_roses|wh3_main_vmp_lahmian_sisterhood|wh3_main_vmp_nagashizzar|wh_main_vmp_mousillon|wh_main_vmp_rival_sylvanian_vamps|wh_main_vmp_schwartzhafen|wh_main_vmp_vampire_counts|wh_main_vmp_vampire_counts_qb1|wh_main_vmp_vampire_counts_qb2|wh_main_vmp_vampire_counts_qb3|wh_main_vmp_vampire_rebels|wh_main_vmp_waldenhof,false,false,true,true,true,true,,,wh_main_skill_node_set_vmp_vampire,,1,dignitary,false,false,,,,wh3_main_agent_action_scaling,wh3_main_skill_agent_action_success_scaling,Agent action success modifer,Hidden skill that scales action success/defence chance,mount_hellsteed.png,0,99,0,0,false,0,49,24,Agent action success modifer,Hidden skill that scales action success/defence chance,,,,,,wh_main_effect_agent_action_success_chance_skill,[HIDDEN] Hero action success chance: %+n% (from skill),,character_to_character_own,24,campaign,0,true,,,,,,,,,,,,,,,,,,,,,,,,,character_skill_level_to_effects_junctions_tables,wh3_main_skill_agent_action_success_scaling|wh_main_effect_agent_action_success_chance_skill|24|character_to_character_own
effect,warhammer_3,8.1.1,24237342,Vampire Counts,vampire_counts,wh_main_sc_vmp_vampire_counts,Vampire (Death),Vampire_Death,hero,wh_main_vmp_vampire_death,dignitary,dignitary,wh2_dlc11_vmp_the_barrow_legion|wh2_dlc16_vmp_lahmian_sisterhood|wh2_main_vmp_necrarch_brotherhood|wh2_main_vmp_strygos_empire|wh2_main_vmp_the_silver_host|wh3_dlc21_vmp_jiangshi_rebels|wh3_dlc25_vmp_the_court_of_night|wh3_dlc25_vmp_vampire_counts_invasion|wh3_dlc26_vmp_templehof_qb|wh3_main_ie_vmp_sires_of_mourkain|wh3_main_vmp_caravan_of_blue_roses|wh3_main_vmp_lahmian_sisterhood|wh3_main_vmp_nagashizzar|wh_main_vmp_mousillon|wh_main_vmp_rival_sylvanian_vamps|wh_main_vmp_schwartzhafen|wh_main_vmp_vampire_counts|wh_main_vmp_vampire_counts_qb1|wh_main_vmp_vampire_counts_qb2|wh_main_vmp_vampire_counts_qb3|wh_main_vmp_vampire_rebels|wh_main_vmp_waldenhof,false,false,true,true,true,true,,,wh_main_skill_node_set_vmp_vampire,,1,dignitary,false,false,,,,wh3_main_agent_action_scaling,wh3_main_skill_agent_action_success_scaling,Agent action success modifer,Hidden skill that scales action success/defence chance,mount_hellsteed.png,0,99,0,0,false,0,49,25,Agent action success modifer,Hidden skill that scales action success/defence chance,,,,,,wh_main_effect_agent_action_success_chance_enemy_skill,[HIDDEN] Enemy Hero action success chance: %+n% (from skill),,character_to_character_own,-25,campaign,0,true,,,,,,,,,,,,,,,,,,,,,,,,,character_skill_level_to_effects_junctions_tables,wh3_main_skill_agent_action_success_scaling|wh_main_effect_agent_action_success_chance_enemy_skill|25|character_to_character_own
effect,warhammer_3,8.1.1,24237342,Vampire Counts,vampire_counts,wh_main_sc_vmp_vampire_counts,Vampire (Death),Vampire_Death,hero,wh_main_vmp_vampire_death,dignitary,dignitary,wh2_dlc11_vmp_the_barrow_legion|wh2_dlc16_vmp_lahmian_sisterhood|wh2_main_vmp_necrarch_brotherhood|wh2_main_vmp_strygos_empire|wh2_main_vmp_the_silver_host|wh3_dlc21_vmp_jiangshi_rebels|wh3_dlc25_vmp_the_court_of_night|wh3_dlc25_vmp_vampire_counts_invasion|wh3_dlc26_vmp_templehof_qb|wh3_main_ie_vmp_sires_of_mourkain|wh3_main_vmp_caravan_of_blue_roses|wh3_main_vmp_lahmian_sisterhood|wh3_main_vmp_nagashizzar|wh_main_vmp_mousillon|wh_main_vmp_rival_sylvanian_vamps|wh_main_vmp_schwartzhafen|wh_main_vmp_vampire_counts|wh_main_vmp_vampire_counts_qb1|wh_main_vmp_vampire_counts_qb2|wh_main_vmp_vampire_counts_qb3|wh_main_vmp_vampire_rebels|wh_main_vmp_waldenhof,false,false,true,true,true,true,,,wh_main_skill_node_set_vmp_vampire,,1,dignitary,false,false,,,,wh3_main_agent_action_scaling,wh3_main_skill_agent_action_success_scaling,Agent action success modifer,Hidden skill that scales action success/defence chance,mount_hellsteed.png,0,99,0,0,false,0,49,25,Agent action success modifer,Hidden skill that scales action success/defence chance,,,,,,wh_main_effect_agent_action_success_chance_skill,[HIDDEN] Hero action success chance: %+n% (from skill),,character_to_character_own,25,campaign,0,true,,,,,,,,,,,,,,,,,,,,,,,,,character_skill_level_to_effects_junctions_tables,wh3_main_skill_agent_action_success_scaling|wh_main_effect_agent_action_success_chance_skill|25|character_to_character_own
effect,warhammer_3,8.1.1,24237342,Vampire Counts,vampire_counts,wh_main_sc_vmp_vampire_counts,Vampire (Death),Vampire_Death,hero,wh_main_vmp_vampire_death,dignitary,dignitary,wh2_dlc11_vmp_the_barrow_legion|wh2_dlc16_vmp_lahmian_sisterhood|wh2_main_vmp_necrarch_brotherhood|wh2_main_vmp_strygos_empire|wh2_main_vmp_the_silver_host|wh3_dlc21_vmp_jiangshi_rebels|wh3_dlc25_vmp_the_court_of_night|wh3_dlc25_vmp_vampire_counts_invasion|wh3_dlc26_vmp_templehof_qb|wh3_main_ie_vmp_sires_of_mourkain|wh3_main_vmp_caravan_of_blue_roses|wh3_main_vmp_lahmian_sisterhood|wh3_main_vmp_nagashizzar|wh_main_vmp_mousillon|wh_main_vmp_rival_sylvanian_vamps|wh_main_vmp_schwartzhafen|wh_main_vmp_vampire_counts|wh_main_vmp_vampire_counts_qb1|wh_main_vmp_vampire_counts_qb2|wh_main_vmp_vampire_counts_qb3|wh_main_vmp_vampire_rebels|wh_main_vmp_waldenhof,false,false,true,true,true,true,,,wh_main_skill_node_set_vmp_vampire,,1,dignitary,false,false,,,,wh3_main_agent_action_scaling,wh3_main_skill_agent_action_success_scaling,Agent action success modifer,Hidden skill that scales action success/defence chance,mount_hellsteed.png,0,99,0,0,false,0,49,26,Agent action success modifer,Hidden skill that scales action success/defence chance,,,,,,wh_main_effect_agent_action_success_chance_enemy_skill,[HIDDEN] Enemy Hero action success chance: %+n% (from skill),,character_to_character_own,-26,campaign,0,true,,,,,,,,,,,,,,,,,,,,,,,,,character_skill_level_to_effects_junctions_tables,wh3_main_skill_agent_action_success_scaling|wh_main_effect_agent_action_success_chance_enemy_skill|26|character_to_character_own
effect,warhammer_3,8.1.1,24237342,Vampire Counts,vampire_counts,wh_main_sc_vmp_vampire_counts,Vampire (Death),Vampire_Death,hero,wh_main_vmp_vampire_death,dignitary,dignitary,wh2_dlc11_vmp_the_barrow_legion|wh2_dlc16_vmp_lahmian_sisterhood|wh2_main_vmp_necrarch_brotherhood|wh2_main_vmp_strygos_empire|wh2_main_vmp_the_silver_host|wh3_dlc21_vmp_jiangshi_rebels|wh3_dlc25_vmp_the_court_of_night|wh3_dlc25_vmp_vampire_counts_invasion|wh3_dlc26_vmp_templehof_qb|wh3_main_ie_vmp_sires_of_mourkain|wh3_main_vmp_caravan_of_blue_roses|wh3_main_vmp_lahmian_sisterhood|wh3_main_vmp_nagashizzar|wh_main_vmp_mousillon|wh_main_vmp_rival_sylvanian_vamps|wh_main_vmp_schwartzhafen|wh_main_vmp_vampire_counts|wh_main_vmp_vampire_counts_qb1|wh_main_vmp_vampire_counts_qb2|wh_main_vmp_vampire_counts_qb3|wh_main_vmp_vampire_rebels|wh_main_vmp_waldenhof,false,false,true,true,true,true,,,wh_main_skill_node_set_vmp_vampire,,1,dignitary,false,false,,,,wh3_main_agent_action_scaling,wh3_main_skill_agent_action_success_scaling,Agent action success modifer,Hidden skill that scales action success/defence chance,mount_hellsteed.png,0,99,0,0,false,0,49,26,Agent action success modifer,Hidden skill that scales action success/defence chance,,,,,,wh_main_effect_agent_action_success_chance_skill,[HIDDEN] Hero action success chance: %+n% (from skill),,character_to_character_own,26,campaign,0,true,,,,,,,,,,,,,,,,,,,,,,,,,character_skill_level_to_effects_junctions_tables,wh3_main_skill_agent_action_success_scaling|wh_main_effect_agent_action_success_chance_skill|26|character_to_character_own
effect,warhammer_3,8.1.1,24237342,Vampire Counts,vampire_counts,wh_main_sc_vmp_vampire_counts,Vampire (Death),Vampire_Death,hero,wh_main_vmp_vampire_death,dignitary,dignitary,wh2_dlc11_vmp_the_barrow_legion|wh2_dlc16_vmp_lahmian_sisterhood|wh2_main_vmp_necrarch_brotherhood|wh2_main_vmp_strygos_empire|wh2_main_vmp_the_silver_host|wh3_dlc21_vmp_jiangshi_rebels|wh3_dlc25_vmp_the_court_of_night|wh3_dlc25_vmp_vampire_counts_invasion|wh3_dlc26_vmp_templehof_qb|wh3_main_ie_vmp_sires_of_mourkain|wh3_main_vmp_caravan_of_blue_roses|wh3_main_vmp_lahmian_sisterhood|wh3_main_vmp_nagashizzar|wh_main_vmp_mousillon|wh_main_vmp_rival_sylvanian_vamps|wh_main_vmp_schwartzhafen|wh_main_vmp_vampire_counts|wh_main_vmp_vampire_counts_qb1|wh_main_vmp_vampire_counts_qb2|wh_main_vmp_vampire_counts_qb3|wh_main_vmp_vampire_rebels|wh_main_vmp_waldenhof,false,false,true,true,true,true,,,wh_main_skill_node_set_vmp_vampire,,1,dignitary,false,false,,,,wh3_main_agent_action_scaling,wh3_main_skill_agent_action_success_scaling,Agent action success modifer,Hidden skill that scales action success/defence chance,mount_hellsteed.png,0,99,0,0,false,0,49,27,Agent action success modifer,Hidden skill that scales action success/defence chance,,,,,,wh_main_effect_agent_action_success_chance_enemy_skill,[HIDDEN] Enemy Hero action success chance: %+n% (from skill),,character_to_character_own,-27,campaign,0,true,,,,,,,,,,,,,,,,,,,,,,,,,character_skill_level_to_effects_junctions_tables,wh3_main_skill_agent_action_success_scaling|wh_main_effect_agent_action_success_chance_enemy_skill|27|character_to_character_own
effect,warhammer_3,8.1.1,24237342,Vampire Counts,vampire_counts,wh_main_sc_vmp_vampire_counts,Vampire (Death),Vampire_Death,hero,wh_main_vmp_vampire_death,dignitary,dignitary,wh2_dlc11_vmp_the_barrow_legion|wh2_dlc16_vmp_lahmian_sisterhood|wh2_main_vmp_necrarch_brotherhood|wh2_main_vmp_strygos_empire|wh2_main_vmp_the_silver_host|wh3_dlc21_vmp_jiangshi_rebels|wh3_dlc25_vmp_the_court_of_night|wh3_dlc25_vmp_vampire_counts_invasion|wh3_dlc26_vmp_templehof_qb|wh3_main_ie_vmp_sires_of_mourkain|wh3_main_vmp_caravan_of_blue_roses|wh3_main_vmp_lahmian_sisterhood|wh3_main_vmp_nagashizzar|wh_main_vmp_mousillon|wh_main_vmp_rival_sylvanian_vamps|wh_main_vmp_schwartzhafen|wh_main_vmp_vampire_counts|wh_main_vmp_vampire_counts_qb1|wh_main_vmp_vampire_counts_qb2|wh_main_vmp_vampire_counts_qb3|wh_main_vmp_vampire_rebels|wh_main_vmp_waldenhof,false,false,true,true,true,true,,,wh_main_skill_node_set_vmp_vampire,,1,dignitary,false,false,,,,wh3_main_agent_action_scaling,wh3_main_skill_agent_action_success_scaling,Agent action success modifer,Hidden skill that scales action success/defence chance,mount_hellsteed.png,0,99,0,0,false,0,49,27,Agent action success modifer,Hidden skill that scales action success/defence chance,,,,,,wh_main_effect_agent_action_success_chance_skill,[HIDDEN] Hero action success chance: %+n% (from skill),,character_to_character_own,27,campaign,0,true,,,,,,,,,,,,,,,,,,,,,,,,,character_skill_level_to_effects_junctions_tables,wh3_main_skill_agent_action_success_scaling|wh_main_effect_agent_action_success_chance_skill|27|character_to_character_own
effect,warhammer_3,8.1.1,24237342,Vampire Counts,vampire_counts,wh_main_sc_vmp_vampire_counts,Vampire (Death),Vampire_Death,hero,wh_main_vmp_vampire_death,dignitary,dignitary,wh2_dlc11_vmp_the_barrow_legion|wh2_dlc16_vmp_lahmian_sisterhood|wh2_main_vmp_necrarch_brotherhood|wh2_main_vmp_strygos_empire|wh2_main_vmp_the_silver_host|wh3_dlc21_vmp_jiangshi_rebels|wh3_dlc25_vmp_the_court_of_night|wh3_dlc25_vmp_vampire_counts_invasion|wh3_dlc26_vmp_templehof_qb|wh3_main_ie_vmp_sires_of_mourkain|wh3_main_vmp_caravan_of_blue_roses|wh3_main_vmp_lahmian_sisterhood|wh3_main_vmp_nagashizzar|wh_main_vmp_mousillon|wh_main_vmp_rival_sylvanian_vamps|wh_main_vmp_schwartzhafen|wh_main_vmp_vampire_counts|wh_main_vmp_vampire_counts_qb1|wh_main_vmp_vampire_counts_qb2|wh_main_vmp_vampire_counts_qb3|wh_main_vmp_vampire_rebels|wh_main_vmp_waldenhof,false,false,true,true,true,true,,,wh_main_skill_node_set_vmp_vampire,,1,dignitary,false,false,,,,wh3_main_agent_action_scaling,wh3_main_skill_agent_action_success_scaling,Agent action success modifer,Hidden skill that scales action success/defence chance,mount_hellsteed.png,0,99,0,0,false,0,49,28,Agent action success modifer,Hidden skill that scales action success/defence chance,,,,,,wh_main_effect_agent_action_success_chance_enemy_skill,[HIDDEN] Enemy Hero action success chance: %+n% (from skill),,character_to_character_own,-28,campaign,0,true,,,,,,,,,,,,,,,,,,,,,,,,,character_skill_level_to_effects_junctions_tables,wh3_main_skill_agent_action_success_scaling|wh_main_effect_agent_action_success_chance_enemy_skill|28|character_to_character_own
effect,warhammer_3,8.1.1,24237342,Vampire Counts,vampire_counts,wh_main_sc_vmp_vampire_counts,Vampire (Death),Vampire_Death,hero,wh_main_vmp_vampire_death,dignitary,dignitary,wh2_dlc11_vmp_the_barrow_legion|wh2_dlc16_vmp_lahmian_sisterhood|wh2_main_vmp_necrarch_brotherhood|wh2_main_vmp_strygos_empire|wh2_main_vmp_the_silver_host|wh3_dlc21_vmp_jiangshi_rebels|wh3_dlc25_vmp_the_court_of_night|wh3_dlc25_vmp_vampire_counts_invasion|wh3_dlc26_vmp_templehof_qb|wh3_main_ie_vmp_sires_of_mourkain|wh3_main_vmp_caravan_of_blue_roses|wh3_main_vmp_lahmian_sisterhood|wh3_main_vmp_nagashizzar|wh_main_vmp_mousillon|wh_main_vmp_rival_sylvanian_vamps|wh_main_vmp_schwartzhafen|wh_main_vmp_vampire_counts|wh_main_vmp_vampire_counts_qb1|wh_main_vmp_vampire_counts_qb2|wh_main_vmp_vampire_counts_qb3|wh_main_vmp_vampire_rebels|wh_main_vmp_waldenhof,false,false,true,true,true,true,,,wh_main_skill_node_set_vmp_vampire,,1,dignitary,false,false,,,,wh3_main_agent_action_scaling,wh3_main_skill_agent_action_success_scaling,Agent action success modifer,Hidden skill that scales action success/defence chance,mount_hellsteed.png,0,99,0,0,false,0,49,28,Agent action success modifer,Hidden skill that scales action success/defence chance,,,,,,wh_main_effect_agent_action_success_chance_skill,[HIDDEN] Hero action success chance: %+n% (from skill),,character_to_character_own,28,campaign,0,true,,,,,,,,,,,,,,,,,,,,,,,,,character_skill_level_to_effects_junctions_tables,wh3_main_skill_agent_action_success_scaling|wh_main_effect_agent_action_success_chance_skill|28|character_to_character_own
effect,warhammer_3,8.1.1,24237342,Vampire Counts,vampire_counts,wh_main_sc_vmp_vampire_counts,Vampire (Death),Vampire_Death,hero,wh_main_vmp_vampire_death,dignitary,dignitary,wh2_dlc11_vmp_the_barrow_legion|wh2_dlc16_vmp_lahmian_sisterhood|wh2_main_vmp_necrarch_brotherhood|wh2_main_vmp_strygos_empire|wh2_main_vmp_the_silver_host|wh3_dlc21_vmp_jiangshi_rebels|wh3_dlc25_vmp_the_court_of_night|wh3_dlc25_vmp_vampire_counts_invasion|wh3_dlc26_vmp_templehof_qb|wh3_main_ie_vmp_sires_of_mourkain|wh3_main_vmp_caravan_of_blue_roses|wh3_main_vmp_lahmian_sisterhood|wh3_main_vmp_nagashizzar|wh_main_vmp_mousillon|wh_main_vmp_rival_sylvanian_vamps|wh_main_vmp_schwartzhafen|wh_main_vmp_vampire_counts|wh_main_vmp_vampire_counts_qb1|wh_main_vmp_vampire_counts_qb2|wh_main_vmp_vampire_counts_qb3|wh_main_vmp_vampire_rebels|wh_main_vmp_waldenhof,false,false,true,true,true,true,,,wh_main_skill_node_set_vmp_vampire,,1,dignitary,false,false,,,,wh3_main_agent_action_scaling,wh3_main_skill_agent_action_success_scaling,Agent action success modifer,Hidden skill that scales action success/defence chance,mount_hellsteed.png,0,99,0,0,false,0,49,29,Agent action success modifer,Hidden skill that scales action success/defence chance,,,,,,wh_main_effect_agent_action_success_chance_enemy_skill,[HIDDEN] Enemy Hero action success chance: %+n% (from skill),,character_to_character_own,-29,campaign,0,true,,,,,,,,,,,,,,,,,,,,,,,,,character_skill_level_to_effects_junctions_tables,wh3_main_skill_agent_action_success_scaling|wh_main_effect_agent_action_success_chance_enemy_skill|29|character_to_character_own
effect,warhammer_3,8.1.1,24237342,Vampire Counts,vampire_counts,wh_main_sc_vmp_vampire_counts,Vampire (Death),Vampire_Death,hero,wh_main_vmp_vampire_death,dignitary,dignitary,wh2_dlc11_vmp_the_barrow_legion|wh2_dlc16_vmp_lahmian_sisterhood|wh2_main_vmp_necrarch_brotherhood|wh2_main_vmp_strygos_empire|wh2_main_vmp_the_silver_host|wh3_dlc21_vmp_jiangshi_rebels|wh3_dlc25_vmp_the_court_of_night|wh3_dlc25_vmp_vampire_counts_invasion|wh3_dlc26_vmp_templehof_qb|wh3_main_ie_vmp_sires_of_mourkain|wh3_main_vmp_caravan_of_blue_roses|wh3_main_vmp_lahmian_sisterhood|wh3_main_vmp_nagashizzar|wh_main_vmp_mousillon|wh_main_vmp_rival_sylvanian_vamps|wh_main_vmp_schwartzhafen|wh_main_vmp_vampire_counts|wh_main_vmp_vampire_counts_qb1|wh_main_vmp_vampire_counts_qb2|wh_main_vmp_vampire_counts_qb3|wh_main_vmp_vampire_rebels|wh_main_vmp_waldenhof,false,false,true,true,true,true,,,wh_main_skill_node_set_vmp_vampire,,1,dignitary,false,false,,,,wh3_main_agent_action_scaling,wh3_main_skill_agent_action_success_scaling,Agent action success modifer,Hidden skill that scales action success/defence chance,mount_hellsteed.png,0,99,0,0,false,0,49,29,Agent action success modifer,Hidden skill that scales action success/defence chance,,,,,,wh_main_effect_agent_action_success_chance_skill,[HIDDEN] Hero action success chance: %+n% (from skill),,character_to_character_own,29,campaign,0,true,,,,,,,,,,,,,,,,,,,,,,,,,character_skill_level_to_effects_junctions_tables,wh3_main_skill_agent_action_success_scaling|wh_main_effect_agent_action_success_chance_skill|29|character_to_character_own
effect,warhammer_3,8.1.1,24237342,Vampire Counts,vampire_counts,wh_main_sc_vmp_vampire_counts,Vampire (Death),Vampire_Death,hero,wh_main_vmp_vampire_death,dignitary,dignitary,wh2_dlc11_vmp_the_barrow_legion|wh2_dlc16_vmp_lahmian_sisterhood|wh2_main_vmp_necrarch_brotherhood|wh2_main_vmp_strygos_empire|wh2_main_vmp_the_silver_host|wh3_dlc21_vmp_jiangshi_rebels|wh3_dlc25_vmp_the_court_of_night|wh3_dlc25_vmp_vampire_counts_invasion|wh3_dlc26_vmp_templehof_qb|wh3_main_ie_vmp_sires_of_mourkain|wh3_main_vmp_caravan_of_blue_roses|wh3_main_vmp_lahmian_sisterhood|wh3_main_vmp_nagashizzar|wh_main_vmp_mousillon|wh_main_vmp_rival_sylvanian_vamps|wh_main_vmp_schwartzhafen|wh_main_vmp_vampire_counts|wh_main_vmp_vampire_counts_qb1|wh_main_vmp_vampire_counts_qb2|wh_main_vmp_vampire_counts_qb3|wh_main_vmp_vampire_rebels|wh_main_vmp_waldenhof,false,false,true,true,true,true,,,wh_main_skill_node_set_vmp_vampire,,1,dignitary,false,false,,,,wh3_main_agent_action_scaling,wh3_main_skill_agent_action_success_scaling,Agent action success modifer,Hidden skill that scales action success/defence chance,mount_hellsteed.png,0,99,0,0,false,0,49,30,Agent action success modifer,Hidden skill that scales action success/defence chance,,,,,,wh_main_effect_agent_action_success_chance_enemy_skill,[HIDDEN] Enemy Hero action success chance: %+n% (from skill),,character_to_character_own,-30,campaign,0,true,,,,,,,,,,,,,,,,,,,,,,,,,character_skill_level_to_effects_junctions_tables,wh3_main_skill_agent_action_success_scaling|wh_main_effect_agent_action_success_chance_enemy_skill|30|character_to_character_own
effect,warhammer_3,8.1.1,24237342,Vampire Counts,vampire_counts,wh_main_sc_vmp_vampire_counts,Vampire (Death),Vampire_Death,hero,wh_main_vmp_vampire_death,dignitary,dignitary,wh2_dlc11_vmp_the_barrow_legion|wh2_dlc16_vmp_lahmian_sisterhood|wh2_main_vmp_necrarch_brotherhood|wh2_main_vmp_strygos_empire|wh2_main_vmp_the_silver_host|wh3_dlc21_vmp_jiangshi_rebels|wh3_dlc25_vmp_the_court_of_night|wh3_dlc25_vmp_vampire_counts_invasion|wh3_dlc26_vmp_templehof_qb|wh3_main_ie_vmp_sires_of_mourkain|wh3_main_vmp_caravan_of_blue_roses|wh3_main_vmp_lahmian_sisterhood|wh3_main_vmp_nagashizzar|wh_main_vmp_mousillon|wh_main_vmp_rival_sylvanian_vamps|wh_main_vmp_schwartzhafen|wh_main_vmp_vampire_counts|wh_main_vmp_vampire_counts_qb1|wh_main_vmp_vampire_counts_qb2|wh_main_vmp_vampire_counts_qb3|wh_main_vmp_vampire_rebels|wh_main_vmp_waldenhof,false,false,true,true,true,true,,,wh_main_skill_node_set_vmp_vampire,,1,dignitary,false,false,,,,wh3_main_agent_action_scaling,wh3_main_skill_agent_action_success_scaling,Agent action success modifer,Hidden skill that scales action success/defence chance,mount_hellsteed.png,0,99,0,0,false,0,49,30,Agent action success modifer,Hidden skill that scales action success/defence chance,,,,,,wh_main_effect_agent_action_success_chance_skill,[HIDDEN] Hero action success chance: %+n% (from skill),,character_to_character_own,30,campaign,0,true,,,,,,,,,,,,,,,,,,,,,,,,,character_skill_level_to_effects_junctions_tables,wh3_main_skill_agent_action_success_scaling|wh_main_effect_agent_action_success_chance_skill|30|character_to_character_own
effect,warhammer_3,8.1.1,24237342,Vampire Counts,vampire_counts,wh_main_sc_vmp_vampire_counts,Vampire (Death),Vampire_Death,hero,wh_main_vmp_vampire_death,dignitary,dignitary,wh2_dlc11_vmp_the_barrow_legion|wh2_dlc16_vmp_lahmian_sisterhood|wh2_main_vmp_necrarch_brotherhood|wh2_main_vmp_strygos_empire|wh2_main_vmp_the_silver_host|wh3_dlc21_vmp_jiangshi_rebels|wh3_dlc25_vmp_the_court_of_night|wh3_dlc25_vmp_vampire_counts_invasion|wh3_dlc26_vmp_templehof_qb|wh3_main_ie_vmp_sires_of_mourkain|wh3_main_vmp_caravan_of_blue_roses|wh3_main_vmp_lahmian_sisterhood|wh3_main_vmp_nagashizzar|wh_main_vmp_mousillon|wh_main_vmp_rival_sylvanian_vamps|wh_main_vmp_schwartzhafen|wh_main_vmp_vampire_counts|wh_main_vmp_vampire_counts_qb1|wh_main_vmp_vampire_counts_qb2|wh_main_vmp_vampire_counts_qb3|wh_main_vmp_vampire_rebels|wh_main_vmp_waldenhof,false,false,true,true,true,true,,,wh_main_skill_node_set_vmp_vampire,,1,dignitary,false,false,,,,wh3_main_agent_action_scaling,wh3_main_skill_agent_action_success_scaling,Agent action success modifer,Hidden skill that scales action success/defence chance,mount_hellsteed.png,0,99,0,0,false,0,49,31,Agent action success modifer,Hidden skill that scales action success/defence chance,,,,,,wh_main_effect_agent_action_success_chance_enemy_skill,[HIDDEN] Enemy Hero action success chance: %+n% (from skill),,character_to_character_own,-31,campaign,0,true,,,,,,,,,,,,,,,,,,,,,,,,,character_skill_level_to_effects_junctions_tables,wh3_main_skill_agent_action_success_scaling|wh_main_effect_agent_action_success_chance_enemy_skill|31|character_to_character_own
effect,warhammer_3,8.1.1,24237342,Vampire Counts,vampire_counts,wh_main_sc_vmp_vampire_counts,Vampire (Death),Vampire_Death,hero,wh_main_vmp_vampire_death,dignitary,dignitary,wh2_dlc11_vmp_the_barrow_legion|wh2_dlc16_vmp_lahmian_sisterhood|wh2_main_vmp_necrarch_brotherhood|wh2_main_vmp_strygos_empire|wh2_main_vmp_the_silver_host|wh3_dlc21_vmp_jiangshi_rebels|wh3_dlc25_vmp_the_court_of_night|wh3_dlc25_vmp_vampire_counts_invasion|wh3_dlc26_vmp_templehof_qb|wh3_main_ie_vmp_sires_of_mourkain|wh3_main_vmp_caravan_of_blue_roses|wh3_main_vmp_lahmian_sisterhood|wh3_main_vmp_nagashizzar|wh_main_vmp_mousillon|wh_main_vmp_rival_sylvanian_vamps|wh_main_vmp_schwartzhafen|wh_main_vmp_vampire_counts|wh_main_vmp_vampire_counts_qb1|wh_main_vmp_vampire_counts_qb2|wh_main_vmp_vampire_counts_qb3|wh_main_vmp_vampire_rebels|wh_main_vmp_waldenhof,false,false,true,true,true,true,,,wh_main_skill_node_set_vmp_vampire,,1,dignitary,false,false,,,,wh3_main_agent_action_scaling,wh3_main_skill_agent_action_success_scaling,Agent action success modifer,Hidden skill that scales action success/defence chance,mount_hellsteed.png,0,99,0,0,false,0,49,31,Agent action success modifer,Hidden skill that scales action success/defence chance,,,,,,wh_main_effect_agent_action_success_chance_skill,[HIDDEN] Hero action success chance: %+n% (from skill),,character_to_character_own,31,campaign,0,true,,,,,,,,,,,,,,,,,,,,,,,,,character_skill_level_to_effects_junctions_tables,wh3_main_skill_agent_action_success_scaling|wh_main_effect_agent_action_success_chance_skill|31|character_to_character_own
effect,warhammer_3,8.1.1,24237342,Vampire Counts,vampire_counts,wh_main_sc_vmp_vampire_counts,Vampire (Death),Vampire_Death,hero,wh_main_vmp_vampire_death,dignitary,dignitary,wh2_dlc11_vmp_the_barrow_legion|wh2_dlc16_vmp_lahmian_sisterhood|wh2_main_vmp_necrarch_brotherhood|wh2_main_vmp_strygos_empire|wh2_main_vmp_the_silver_host|wh3_dlc21_vmp_jiangshi_rebels|wh3_dlc25_vmp_the_court_of_night|wh3_dlc25_vmp_vampire_counts_invasion|wh3_dlc26_vmp_templehof_qb|wh3_main_ie_vmp_sires_of_mourkain|wh3_main_vmp_caravan_of_blue_roses|wh3_main_vmp_lahmian_sisterhood|wh3_main_vmp_nagashizzar|wh_main_vmp_mousillon|wh_main_vmp_rival_sylvanian_vamps|wh_main_vmp_schwartzhafen|wh_main_vmp_vampire_counts|wh_main_vmp_vampire_counts_qb1|wh_main_vmp_vampire_counts_qb2|wh_main_vmp_vampire_counts_qb3|wh_main_vmp_vampire_rebels|wh_main_vmp_waldenhof,false,false,true,true,true,true,,,wh_main_skill_node_set_vmp_vampire,,1,dignitary,false,false,,,,wh3_main_agent_action_scaling,wh3_main_skill_agent_action_success_scaling,Agent action success modifer,Hidden skill that scales action success/defence chance,mount_hellsteed.png,0,99,0,0,false,0,49,32,Agent action success modifer,Hidden skill that scales action success/defence chance,,,,,,wh_main_effect_agent_action_success_chance_enemy_skill,[HIDDEN] Enemy Hero action success chance: %+n% (from skill),,character_to_character_own,-32,campaign,0,true,,,,,,,,,,,,,,,,,,,,,,,,,character_skill_level_to_effects_junctions_tables,wh3_main_skill_agent_action_success_scaling|wh_main_effect_agent_action_success_chance_enemy_skill|32|character_to_character_own
effect,warhammer_3,8.1.1,24237342,Vampire Counts,vampire_counts,wh_main_sc_vmp_vampire_counts,Vampire (Death),Vampire_Death,hero,wh_main_vmp_vampire_death,dignitary,dignitary,wh2_dlc11_vmp_the_barrow_legion|wh2_dlc16_vmp_lahmian_sisterhood|wh2_main_vmp_necrarch_brotherhood|wh2_main_vmp_strygos_empire|wh2_main_vmp_the_silver_host|wh3_dlc21_vmp_jiangshi_rebels|wh3_dlc25_vmp_the_court_of_night|wh3_dlc25_vmp_vampire_counts_invasion|wh3_dlc26_vmp_templehof_qb|wh3_main_ie_vmp_sires_of_mourkain|wh3_main_vmp_caravan_of_blue_roses|wh3_main_vmp_lahmian_sisterhood|wh3_main_vmp_nagashizzar|wh_main_vmp_mousillon|wh_main_vmp_rival_sylvanian_vamps|wh_main_vmp_schwartzhafen|wh_main_vmp_vampire_counts|wh_main_vmp_vampire_counts_qb1|wh_main_vmp_vampire_counts_qb2|wh_main_vmp_vampire_counts_qb3|wh_main_vmp_vampire_rebels|wh_main_vmp_waldenhof,false,false,true,true,true,true,,,wh_main_skill_node_set_vmp_vampire,,1,dignitary,false,false,,,,wh3_main_agent_action_scaling,wh3_main_skill_agent_action_success_scaling,Agent action success modifer,Hidden skill that scales action success/defence chance,mount_hellsteed.png,0,99,0,0,false,0,49,32,Agent action success modifer,Hidden skill that scales action success/defence chance,,,,,,wh_main_effect_agent_action_success_chance_skill,[HIDDEN] Hero action success chance: %+n% (from skill),,character_to_character_own,32,campaign,0,true,,,,,,,,,,,,,,,,,,,,,,,,,character_skill_level_to_effects_junctions_tables,wh3_main_skill_agent_action_success_scaling|wh_main_effect_agent_action_success_chance_skill|32|character_to_character_own
effect,warhammer_3,8.1.1,24237342,Vampire Counts,vampire_counts,wh_main_sc_vmp_vampire_counts,Vampire (Death),Vampire_Death,hero,wh_main_vmp_vampire_death,dignitary,dignitary,wh2_dlc11_vmp_the_barrow_legion|wh2_dlc16_vmp_lahmian_sisterhood|wh2_main_vmp_necrarch_brotherhood|wh2_main_vmp_strygos_empire|wh2_main_vmp_the_silver_host|wh3_dlc21_vmp_jiangshi_rebels|wh3_dlc25_vmp_the_court_of_night|wh3_dlc25_vmp_vampire_counts_invasion|wh3_dlc26_vmp_templehof_qb|wh3_main_ie_vmp_sires_of_mourkain|wh3_main_vmp_caravan_of_blue_roses|wh3_main_vmp_lahmian_sisterhood|wh3_main_vmp_nagashizzar|wh_main_vmp_mousillon|wh_main_vmp_rival_sylvanian_vamps|wh_main_vmp_schwartzhafen|wh_main_vmp_vampire_counts|wh_main_vmp_vampire_counts_qb1|wh_main_vmp_vampire_counts_qb2|wh_main_vmp_vampire_counts_qb3|wh_main_vmp_vampire_rebels|wh_main_vmp_waldenhof,false,false,true,true,true,true,,,wh_main_skill_node_set_vmp_vampire,,1,dignitary,false,false,,,,wh3_main_agent_action_scaling,wh3_main_skill_agent_action_success_scaling,Agent action success modifer,Hidden skill that scales action success/defence chance,mount_hellsteed.png,0,99,0,0,false,0,49,33,Agent action success modifer,Hidden skill that scales action success/defence chance,,,,,,wh_main_effect_agent_action_success_chance_enemy_skill,[HIDDEN] Enemy Hero action success chance: %+n% (from skill),,character_to_character_own,-33,campaign,0,true,,,,,,,,,,,,,,,,,,,,,,,,,character_skill_level_to_effects_junctions_tables,wh3_main_skill_agent_action_success_scaling|wh_main_effect_agent_action_success_chance_enemy_skill|33|character_to_character_own
effect,warhammer_3,8.1.1,24237342,Vampire Counts,vampire_counts,wh_main_sc_vmp_vampire_counts,Vampire (Death),Vampire_Death,hero,wh_main_vmp_vampire_death,dignitary,dignitary,wh2_dlc11_vmp_the_barrow_legion|wh2_dlc16_vmp_lahmian_sisterhood|wh2_main_vmp_necrarch_brotherhood|wh2_main_vmp_strygos_empire|wh2_main_vmp_the_silver_host|wh3_dlc21_vmp_jiangshi_rebels|wh3_dlc25_vmp_the_court_of_night|wh3_dlc25_vmp_vampire_counts_invasion|wh3_dlc26_vmp_templehof_qb|wh3_main_ie_vmp_sires_of_mourkain|wh3_main_vmp_caravan_of_blue_roses|wh3_main_vmp_lahmian_sisterhood|wh3_main_vmp_nagashizzar|wh_main_vmp_mousillon|wh_main_vmp_rival_sylvanian_vamps|wh_main_vmp_schwartzhafen|wh_main_vmp_vampire_counts|wh_main_vmp_vampire_counts_qb1|wh_main_vmp_vampire_counts_qb2|wh_main_vmp_vampire_counts_qb3|wh_main_vmp_vampire_rebels|wh_main_vmp_waldenhof,false,false,true,true,true,true,,,wh_main_skill_node_set_vmp_vampire,,1,dignitary,false,false,,,,wh3_main_agent_action_scaling,wh3_main_skill_agent_action_success_scaling,Agent action success modifer,Hidden skill that scales action success/defence chance,mount_hellsteed.png,0,99,0,0,false,0,49,33,Agent action success modifer,Hidden skill that scales action success/defence chance,,,,,,wh_main_effect_agent_action_success_chance_skill,[HIDDEN] Hero action success chance: %+n% (from skill),,character_to_character_own,33,campaign,0,true,,,,,,,,,,,,,,,,,,,,,,,,,character_skill_level_to_effects_junctions_tables,wh3_main_skill_agent_action_success_scaling|wh_main_effect_agent_action_success_chance_skill|33|character_to_character_own
effect,warhammer_3,8.1.1,24237342,Vampire Counts,vampire_counts,wh_main_sc_vmp_vampire_counts,Vampire (Death),Vampire_Death,hero,wh_main_vmp_vampire_death,dignitary,dignitary,wh2_dlc11_vmp_the_barrow_legion|wh2_dlc16_vmp_lahmian_sisterhood|wh2_main_vmp_necrarch_brotherhood|wh2_main_vmp_strygos_empire|wh2_main_vmp_the_silver_host|wh3_dlc21_vmp_jiangshi_rebels|wh3_dlc25_vmp_the_court_of_night|wh3_dlc25_vmp_vampire_counts_invasion|wh3_dlc26_vmp_templehof_qb|wh3_main_ie_vmp_sires_of_mourkain|wh3_main_vmp_caravan_of_blue_roses|wh3_main_vmp_lahmian_sisterhood|wh3_main_vmp_nagashizzar|wh_main_vmp_mousillon|wh_main_vmp_rival_sylvanian_vamps|wh_main_vmp_schwartzhafen|wh_main_vmp_vampire_counts|wh_main_vmp_vampire_counts_qb1|wh_main_vmp_vampire_counts_qb2|wh_main_vmp_vampire_counts_qb3|wh_main_vmp_vampire_rebels|wh_main_vmp_waldenhof,false,false,true,true,true,true,,,wh_main_skill_node_set_vmp_vampire,,1,dignitary,false,false,,,,wh3_main_agent_action_scaling,wh3_main_skill_agent_action_success_scaling,Agent action success modifer,Hidden skill that scales action success/defence chance,mount_hellsteed.png,0,99,0,0,false,0,49,34,Agent action success modifer,Hidden skill that scales action success/defence chance,,,,,,wh_main_effect_agent_action_success_chance_enemy_skill,[HIDDEN] Enemy Hero action success chance: %+n% (from skill),,character_to_character_own,-34,campaign,0,true,,,,,,,,,,,,,,,,,,,,,,,,,character_skill_level_to_effects_junctions_tables,wh3_main_skill_agent_action_success_scaling|wh_main_effect_agent_action_success_chance_enemy_skill|34|character_to_character_own
effect,warhammer_3,8.1.1,24237342,Vampire Counts,vampire_counts,wh_main_sc_vmp_vampire_counts,Vampire (Death),Vampire_Death,hero,wh_main_vmp_vampire_death,dignitary,dignitary,wh2_dlc11_vmp_the_barrow_legion|wh2_dlc16_vmp_lahmian_sisterhood|wh2_main_vmp_necrarch_brotherhood|wh2_main_vmp_strygos_empire|wh2_main_vmp_the_silver_host|wh3_dlc21_vmp_jiangshi_rebels|wh3_dlc25_vmp_the_court_of_night|wh3_dlc25_vmp_vampire_counts_invasion|wh3_dlc26_vmp_templehof_qb|wh3_main_ie_vmp_sires_of_mourkain|wh3_main_vmp_caravan_of_blue_roses|wh3_main_vmp_lahmian_sisterhood|wh3_main_vmp_nagashizzar|wh_main_vmp_mousillon|wh_main_vmp_rival_sylvanian_vamps|wh_main_vmp_schwartzhafen|wh_main_vmp_vampire_counts|wh_main_vmp_vampire_counts_qb1|wh_main_vmp_vampire_counts_qb2|wh_main_vmp_vampire_counts_qb3|wh_main_vmp_vampire_rebels|wh_main_vmp_waldenhof,false,false,true,true,true,true,,,wh_main_skill_node_set_vmp_vampire,,1,dignitary,false,false,,,,wh3_main_agent_action_scaling,wh3_main_skill_agent_action_success_scaling,Agent action success modifer,Hidden skill that scales action success/defence chance,mount_hellsteed.png,0,99,0,0,false,0,49,34,Agent action success modifer,Hidden skill that scales action success/defence chance,,,,,,wh_main_effect_agent_action_success_chance_skill,[HIDDEN] Hero action success chance: %+n% (from skill),,character_to_character_own,34,campaign,0,true,,,,,,,,,,,,,,,,,,,,,,,,,character_skill_level_to_effects_junctions_tables,wh3_main_skill_agent_action_success_scaling|wh_main_effect_agent_action_success_chance_skill|34|character_to_character_own
effect,warhammer_3,8.1.1,24237342,Vampire Counts,vampire_counts,wh_main_sc_vmp_vampire_counts,Vampire (Death),Vampire_Death,hero,wh_main_vmp_vampire_death,dignitary,dignitary,wh2_dlc11_vmp_the_barrow_legion|wh2_dlc16_vmp_lahmian_sisterhood|wh2_main_vmp_necrarch_brotherhood|wh2_main_vmp_strygos_empire|wh2_main_vmp_the_silver_host|wh3_dlc21_vmp_jiangshi_rebels|wh3_dlc25_vmp_the_court_of_night|wh3_dlc25_vmp_vampire_counts_invasion|wh3_dlc26_vmp_templehof_qb|wh3_main_ie_vmp_sires_of_mourkain|wh3_main_vmp_caravan_of_blue_roses|wh3_main_vmp_lahmian_sisterhood|wh3_main_vmp_nagashizzar|wh_main_vmp_mousillon|wh_main_vmp_rival_sylvanian_vamps|wh_main_vmp_schwartzhafen|wh_main_vmp_vampire_counts|wh_main_vmp_vampire_counts_qb1|wh_main_vmp_vampire_counts_qb2|wh_main_vmp_vampire_counts_qb3|wh_main_vmp_vampire_rebels|wh_main_vmp_waldenhof,false,false,true,true,true,true,,,wh_main_skill_node_set_vmp_vampire,,1,dignitary,false,false,,,,wh3_main_agent_action_scaling,wh3_main_skill_agent_action_success_scaling,Agent action success modifer,Hidden skill that scales action success/defence chance,mount_hellsteed.png,0,99,0,0,false,0,49,35,Agent action success modifer,Hidden skill that scales action success/defence chance,,,,,,wh_main_effect_agent_action_success_chance_enemy_skill,[HIDDEN] Enemy Hero action success chance: %+n% (from skill),,character_to_character_own,-35,campaign,0,true,,,,,,,,,,,,,,,,,,,,,,,,,character_skill_level_to_effects_junctions_tables,wh3_main_skill_agent_action_success_scaling|wh_main_effect_agent_action_success_chance_enemy_skill|35|character_to_character_own
effect,warhammer_3,8.1.1,24237342,Vampire Counts,vampire_counts,wh_main_sc_vmp_vampire_counts,Vampire (Death),Vampire_Death,hero,wh_main_vmp_vampire_death,dignitary,dignitary,wh2_dlc11_vmp_the_barrow_legion|wh2_dlc16_vmp_lahmian_sisterhood|wh2_main_vmp_necrarch_brotherhood|wh2_main_vmp_strygos_empire|wh2_main_vmp_the_silver_host|wh3_dlc21_vmp_jiangshi_rebels|wh3_dlc25_vmp_the_court_of_night|wh3_dlc25_vmp_vampire_counts_invasion|wh3_dlc26_vmp_templehof_qb|wh3_main_ie_vmp_sires_of_mourkain|wh3_main_vmp_caravan_of_blue_roses|wh3_main_vmp_lahmian_sisterhood|wh3_main_vmp_nagashizzar|wh_main_vmp_mousillon|wh_main_vmp_rival_sylvanian_vamps|wh_main_vmp_schwartzhafen|wh_main_vmp_vampire_counts|wh_main_vmp_vampire_counts_qb1|wh_main_vmp_vampire_counts_qb2|wh_main_vmp_vampire_counts_qb3|wh_main_vmp_vampire_rebels|wh_main_vmp_waldenhof,false,false,true,true,true,true,,,wh_main_skill_node_set_vmp_vampire,,1,dignitary,false,false,,,,wh3_main_agent_action_scaling,wh3_main_skill_agent_action_success_scaling,Agent action success modifer,Hidden skill that scales action success/defence chance,mount_hellsteed.png,0,99,0,0,false,0,49,35,Agent action success modifer,Hidden skill that scales action success/defence chance,,,,,,wh_main_effect_agent_action_success_chance_skill,[HIDDEN] Hero action success chance: %+n% (from skill),,character_to_character_own,35,campaign,0,true,,,,,,,,,,,,,,,,,,,,,,,,,character_skill_level_to_effects_junctions_tables,wh3_main_skill_agent_action_success_scaling|wh_main_effect_agent_action_success_chance_skill|35|character_to_character_own
effect,warhammer_3,8.1.1,24237342,Vampire Counts,vampire_counts,wh_main_sc_vmp_vampire_counts,Vampire (Death),Vampire_Death,hero,wh_main_vmp_vampire_death,dignitary,dignitary,wh2_dlc11_vmp_the_barrow_legion|wh2_dlc16_vmp_lahmian_sisterhood|wh2_main_vmp_necrarch_brotherhood|wh2_main_vmp_strygos_empire|wh2_main_vmp_the_silver_host|wh3_dlc21_vmp_jiangshi_rebels|wh3_dlc25_vmp_the_court_of_night|wh3_dlc25_vmp_vampire_counts_invasion|wh3_dlc26_vmp_templehof_qb|wh3_main_ie_vmp_sires_of_mourkain|wh3_main_vmp_caravan_of_blue_roses|wh3_main_vmp_lahmian_sisterhood|wh3_main_vmp_nagashizzar|wh_main_vmp_mousillon|wh_main_vmp_rival_sylvanian_vamps|wh_main_vmp_schwartzhafen|wh_main_vmp_vampire_counts|wh_main_vmp_vampire_counts_qb1|wh_main_vmp_vampire_counts_qb2|wh_main_vmp_vampire_counts_qb3|wh_main_vmp_vampire_rebels|wh_main_vmp_waldenhof,false,false,true,true,true,true,,,wh_main_skill_node_set_vmp_vampire,,1,dignitary,false,false,,,,wh3_main_agent_action_scaling,wh3_main_skill_agent_action_success_scaling,Agent action success modifer,Hidden skill that scales action success/defence chance,mount_hellsteed.png,0,99,0,0,false,0,49,36,Agent action success modifer,Hidden skill that scales action success/defence chance,,,,,,wh_main_effect_agent_action_success_chance_enemy_skill,[HIDDEN] Enemy Hero action success chance: %+n% (from skill),,character_to_character_own,-36,campaign,0,true,,,,,,,,,,,,,,,,,,,,,,,,,character_skill_level_to_effects_junctions_tables,wh3_main_skill_agent_action_success_scaling|wh_main_effect_agent_action_success_chance_enemy_skill|36|character_to_character_own
effect,warhammer_3,8.1.1,24237342,Vampire Counts,vampire_counts,wh_main_sc_vmp_vampire_counts,Vampire (Death),Vampire_Death,hero,wh_main_vmp_vampire_death,dignitary,dignitary,wh2_dlc11_vmp_the_barrow_legion|wh2_dlc16_vmp_lahmian_sisterhood|wh2_main_vmp_necrarch_brotherhood|wh2_main_vmp_strygos_empire|wh2_main_vmp_the_silver_host|wh3_dlc21_vmp_jiangshi_rebels|wh3_dlc25_vmp_the_court_of_night|wh3_dlc25_vmp_vampire_counts_invasion|wh3_dlc26_vmp_templehof_qb|wh3_main_ie_vmp_sires_of_mourkain|wh3_main_vmp_caravan_of_blue_roses|wh3_main_vmp_lahmian_sisterhood|wh3_main_vmp_nagashizzar|wh_main_vmp_mousillon|wh_main_vmp_rival_sylvanian_vamps|wh_main_vmp_schwartzhafen|wh_main_vmp_vampire_counts|wh_main_vmp_vampire_counts_qb1|wh_main_vmp_vampire_counts_qb2|wh_main_vmp_vampire_counts_qb3|wh_main_vmp_vampire_rebels|wh_main_vmp_waldenhof,false,false,true,true,true,true,,,wh_main_skill_node_set_vmp_vampire,,1,dignitary,false,false,,,,wh3_main_agent_action_scaling,wh3_main_skill_agent_action_success_scaling,Agent action success modifer,Hidden skill that scales action success/defence chance,mount_hellsteed.png,0,99,0,0,false,0,49,36,Agent action success modifer,Hidden skill that scales action success/defence chance,,,,,,wh_main_effect_agent_action_success_chance_skill,[HIDDEN] Hero action success chance: %+n% (from skill),,character_to_character_own,36,campaign,0,true,,,,,,,,,,,,,,,,,,,,,,,,,character_skill_level_to_effects_junctions_tables,wh3_main_skill_agent_action_success_scaling|wh_main_effect_agent_action_success_chance_skill|36|character_to_character_own
effect,warhammer_3,8.1.1,24237342,Vampire Counts,vampire_counts,wh_main_sc_vmp_vampire_counts,Vampire (Death),Vampire_Death,hero,wh_main_vmp_vampire_death,dignitary,dignitary,wh2_dlc11_vmp_the_barrow_legion|wh2_dlc16_vmp_lahmian_sisterhood|wh2_main_vmp_necrarch_brotherhood|wh2_main_vmp_strygos_empire|wh2_main_vmp_the_silver_host|wh3_dlc21_vmp_jiangshi_rebels|wh3_dlc25_vmp_the_court_of_night|wh3_dlc25_vmp_vampire_counts_invasion|wh3_dlc26_vmp_templehof_qb|wh3_main_ie_vmp_sires_of_mourkain|wh3_main_vmp_caravan_of_blue_roses|wh3_main_vmp_lahmian_sisterhood|wh3_main_vmp_nagashizzar|wh_main_vmp_mousillon|wh_main_vmp_rival_sylvanian_vamps|wh_main_vmp_schwartzhafen|wh_main_vmp_vampire_counts|wh_main_vmp_vampire_counts_qb1|wh_main_vmp_vampire_counts_qb2|wh_main_vmp_vampire_counts_qb3|wh_main_vmp_vampire_rebels|wh_main_vmp_waldenhof,false,false,true,true,true,true,,,wh_main_skill_node_set_vmp_vampire,,1,dignitary,false,false,,,,wh3_main_agent_action_scaling,wh3_main_skill_agent_action_success_scaling,Agent action success modifer,Hidden skill that scales action success/defence chance,mount_hellsteed.png,0,99,0,0,false,0,49,37,Agent action success modifer,Hidden skill that scales action success/defence chance,,,,,,wh_main_effect_agent_action_success_chance_enemy_skill,[HIDDEN] Enemy Hero action success chance: %+n% (from skill),,character_to_character_own,-37,campaign,0,true,,,,,,,,,,,,,,,,,,,,,,,,,character_skill_level_to_effects_junctions_tables,wh3_main_skill_agent_action_success_scaling|wh_main_effect_agent_action_success_chance_enemy_skill|37|character_to_character_own
effect,warhammer_3,8.1.1,24237342,Vampire Counts,vampire_counts,wh_main_sc_vmp_vampire_counts,Vampire (Death),Vampire_Death,hero,wh_main_vmp_vampire_death,dignitary,dignitary,wh2_dlc11_vmp_the_barrow_legion|wh2_dlc16_vmp_lahmian_sisterhood|wh2_main_vmp_necrarch_brotherhood|wh2_main_vmp_strygos_empire|wh2_main_vmp_the_silver_host|wh3_dlc21_vmp_jiangshi_rebels|wh3_dlc25_vmp_the_court_of_night|wh3_dlc25_vmp_vampire_counts_invasion|wh3_dlc26_vmp_templehof_qb|wh3_main_ie_vmp_sires_of_mourkain|wh3_main_vmp_caravan_of_blue_roses|wh3_main_vmp_lahmian_sisterhood|wh3_main_vmp_nagashizzar|wh_main_vmp_mousillon|wh_main_vmp_rival_sylvanian_vamps|wh_main_vmp_schwartzhafen|wh_main_vmp_vampire_counts|wh_main_vmp_vampire_counts_qb1|wh_main_vmp_vampire_counts_qb2|wh_main_vmp_vampire_counts_qb3|wh_main_vmp_vampire_rebels|wh_main_vmp_waldenhof,false,false,true,true,true,true,,,wh_main_skill_node_set_vmp_vampire,,1,dignitary,false,false,,,,wh3_main_agent_action_scaling,wh3_main_skill_agent_action_success_scaling,Agent action success modifer,Hidden skill that scales action success/defence chance,mount_hellsteed.png,0,99,0,0,false,0,49,37,Agent action success modifer,Hidden skill that scales action success/defence chance,,,,,,wh_main_effect_agent_action_success_chance_skill,[HIDDEN] Hero action success chance: %+n% (from skill),,character_to_character_own,37,campaign,0,true,,,,,,,,,,,,,,,,,,,,,,,,,character_skill_level_to_effects_junctions_tables,wh3_main_skill_agent_action_success_scaling|wh_main_effect_agent_action_success_chance_skill|37|character_to_character_own
effect,warhammer_3,8.1.1,24237342,Vampire Counts,vampire_counts,wh_main_sc_vmp_vampire_counts,Vampire (Death),Vampire_Death,hero,wh_main_vmp_vampire_death,dignitary,dignitary,wh2_dlc11_vmp_the_barrow_legion|wh2_dlc16_vmp_lahmian_sisterhood|wh2_main_vmp_necrarch_brotherhood|wh2_main_vmp_strygos_empire|wh2_main_vmp_the_silver_host|wh3_dlc21_vmp_jiangshi_rebels|wh3_dlc25_vmp_the_court_of_night|wh3_dlc25_vmp_vampire_counts_invasion|wh3_dlc26_vmp_templehof_qb|wh3_main_ie_vmp_sires_of_mourkain|wh3_main_vmp_caravan_of_blue_roses|wh3_main_vmp_lahmian_sisterhood|wh3_main_vmp_nagashizzar|wh_main_vmp_mousillon|wh_main_vmp_rival_sylvanian_vamps|wh_main_vmp_schwartzhafen|wh_main_vmp_vampire_counts|wh_main_vmp_vampire_counts_qb1|wh_main_vmp_vampire_counts_qb2|wh_main_vmp_vampire_counts_qb3|wh_main_vmp_vampire_rebels|wh_main_vmp_waldenhof,false,false,true,true,true,true,,,wh_main_skill_node_set_vmp_vampire,,1,dignitary,false,false,,,,wh3_main_agent_action_scaling,wh3_main_skill_agent_action_success_scaling,Agent action success modifer,Hidden skill that scales action success/defence chance,mount_hellsteed.png,0,99,0,0,false,0,49,38,Agent action success modifer,Hidden skill that scales action success/defence chance,,,,,,wh_main_effect_agent_action_success_chance_enemy_skill,[HIDDEN] Enemy Hero action success chance: %+n% (from skill),,character_to_character_own,-38,campaign,0,true,,,,,,,,,,,,,,,,,,,,,,,,,character_skill_level_to_effects_junctions_tables,wh3_main_skill_agent_action_success_scaling|wh_main_effect_agent_action_success_chance_enemy_skill|38|character_to_character_own
effect,warhammer_3,8.1.1,24237342,Vampire Counts,vampire_counts,wh_main_sc_vmp_vampire_counts,Vampire (Death),Vampire_Death,hero,wh_main_vmp_vampire_death,dignitary,dignitary,wh2_dlc11_vmp_the_barrow_legion|wh2_dlc16_vmp_lahmian_sisterhood|wh2_main_vmp_necrarch_brotherhood|wh2_main_vmp_strygos_empire|wh2_main_vmp_the_silver_host|wh3_dlc21_vmp_jiangshi_rebels|wh3_dlc25_vmp_the_court_of_night|wh3_dlc25_vmp_vampire_counts_invasion|wh3_dlc26_vmp_templehof_qb|wh3_main_ie_vmp_sires_of_mourkain|wh3_main_vmp_caravan_of_blue_roses|wh3_main_vmp_lahmian_sisterhood|wh3_main_vmp_nagashizzar|wh_main_vmp_mousillon|wh_main_vmp_rival_sylvanian_vamps|wh_main_vmp_schwartzhafen|wh_main_vmp_vampire_counts|wh_main_vmp_vampire_counts_qb1|wh_main_vmp_vampire_counts_qb2|wh_main_vmp_vampire_counts_qb3|wh_main_vmp_vampire_rebels|wh_main_vmp_waldenhof,false,false,true,true,true,true,,,wh_main_skill_node_set_vmp_vampire,,1,dignitary,false,false,,,,wh3_main_agent_action_scaling,wh3_main_skill_agent_action_success_scaling,Agent action success modifer,Hidden skill that scales action success/defence chance,mount_hellsteed.png,0,99,0,0,false,0,49,38,Agent action success modifer,Hidden skill that scales action success/defence chance,,,,,,wh_main_effect_agent_action_success_chance_skill,[HIDDEN] Hero action success chance: %+n% (from skill),,character_to_character_own,38,campaign,0,true,,,,,,,,,,,,,,,,,,,,,,,,,character_skill_level_to_effects_junctions_tables,wh3_main_skill_agent_action_success_scaling|wh_main_effect_agent_action_success_chance_skill|38|character_to_character_own
effect,warhammer_3,8.1.1,24237342,Vampire Counts,vampire_counts,wh_main_sc_vmp_vampire_counts,Vampire (Death),Vampire_Death,hero,wh_main_vmp_vampire_death,dignitary,dignitary,wh2_dlc11_vmp_the_barrow_legion|wh2_dlc16_vmp_lahmian_sisterhood|wh2_main_vmp_necrarch_brotherhood|wh2_main_vmp_strygos_empire|wh2_main_vmp_the_silver_host|wh3_dlc21_vmp_jiangshi_rebels|wh3_dlc25_vmp_the_court_of_night|wh3_dlc25_vmp_vampire_counts_invasion|wh3_dlc26_vmp_templehof_qb|wh3_main_ie_vmp_sires_of_mourkain|wh3_main_vmp_caravan_of_blue_roses|wh3_main_vmp_lahmian_sisterhood|wh3_main_vmp_nagashizzar|wh_main_vmp_mousillon|wh_main_vmp_rival_sylvanian_vamps|wh_main_vmp_schwartzhafen|wh_main_vmp_vampire_counts|wh_main_vmp_vampire_counts_qb1|wh_main_vmp_vampire_counts_qb2|wh_main_vmp_vampire_counts_qb3|wh_main_vmp_vampire_rebels|wh_main_vmp_waldenhof,false,false,true,true,true,true,,,wh_main_skill_node_set_vmp_vampire,,1,dignitary,false,false,,,,wh3_main_agent_action_scaling,wh3_main_skill_agent_action_success_scaling,Agent action success modifer,Hidden skill that scales action success/defence chance,mount_hellsteed.png,0,99,0,0,false,0,49,39,Agent action success modifer,Hidden skill that scales action success/defence chance,,,,,,wh_main_effect_agent_action_success_chance_enemy_skill,[HIDDEN] Enemy Hero action success chance: %+n% (from skill),,character_to_character_own,-39,campaign,0,true,,,,,,,,,,,,,,,,,,,,,,,,,character_skill_level_to_effects_junctions_tables,wh3_main_skill_agent_action_success_scaling|wh_main_effect_agent_action_success_chance_enemy_skill|39|character_to_character_own
effect,warhammer_3,8.1.1,24237342,Vampire Counts,vampire_counts,wh_main_sc_vmp_vampire_counts,Vampire (Death),Vampire_Death,hero,wh_main_vmp_vampire_death,dignitary,dignitary,wh2_dlc11_vmp_the_barrow_legion|wh2_dlc16_vmp_lahmian_sisterhood|wh2_main_vmp_necrarch_brotherhood|wh2_main_vmp_strygos_empire|wh2_main_vmp_the_silver_host|wh3_dlc21_vmp_jiangshi_rebels|wh3_dlc25_vmp_the_court_of_night|wh3_dlc25_vmp_vampire_counts_invasion|wh3_dlc26_vmp_templehof_qb|wh3_main_ie_vmp_sires_of_mourkain|wh3_main_vmp_caravan_of_blue_roses|wh3_main_vmp_lahmian_sisterhood|wh3_main_vmp_nagashizzar|wh_main_vmp_mousillon|wh_main_vmp_rival_sylvanian_vamps|wh_main_vmp_schwartzhafen|wh_main_vmp_vampire_counts|wh_main_vmp_vampire_counts_qb1|wh_main_vmp_vampire_counts_qb2|wh_main_vmp_vampire_counts_qb3|wh_main_vmp_vampire_rebels|wh_main_vmp_waldenhof,false,false,true,true,true,true,,,wh_main_skill_node_set_vmp_vampire,,1,dignitary,false,false,,,,wh3_main_agent_action_scaling,wh3_main_skill_agent_action_success_scaling,Agent action success modifer,Hidden skill that scales action success/defence chance,mount_hellsteed.png,0,99,0,0,false,0,49,39,Agent action success modifer,Hidden skill that scales action success/defence chance,,,,,,wh_main_effect_agent_action_success_chance_skill,[HIDDEN] Hero action success chance: %+n% (from skill),,character_to_character_own,39,campaign,0,true,,,,,,,,,,,,,,,,,,,,,,,,,character_skill_level_to_effects_junctions_tables,wh3_main_skill_agent_action_success_scaling|wh_main_effect_agent_action_success_chance_skill|39|character_to_character_own
effect,warhammer_3,8.1.1,24237342,Vampire Counts,vampire_counts,wh_main_sc_vmp_vampire_counts,Vampire (Death),Vampire_Death,hero,wh_main_vmp_vampire_death,dignitary,dignitary,wh2_dlc11_vmp_the_barrow_legion|wh2_dlc16_vmp_lahmian_sisterhood|wh2_main_vmp_necrarch_brotherhood|wh2_main_vmp_strygos_empire|wh2_main_vmp_the_silver_host|wh3_dlc21_vmp_jiangshi_rebels|wh3_dlc25_vmp_the_court_of_night|wh3_dlc25_vmp_vampire_counts_invasion|wh3_dlc26_vmp_templehof_qb|wh3_main_ie_vmp_sires_of_mourkain|wh3_main_vmp_caravan_of_blue_roses|wh3_main_vmp_lahmian_sisterhood|wh3_main_vmp_nagashizzar|wh_main_vmp_mousillon|wh_main_vmp_rival_sylvanian_vamps|wh_main_vmp_schwartzhafen|wh_main_vmp_vampire_counts|wh_main_vmp_vampire_counts_qb1|wh_main_vmp_vampire_counts_qb2|wh_main_vmp_vampire_counts_qb3|wh_main_vmp_vampire_rebels|wh_main_vmp_waldenhof,false,false,true,true,true,true,,,wh_main_skill_node_set_vmp_vampire,,1,dignitary,false,false,,,,wh3_main_agent_action_scaling,wh3_main_skill_agent_action_success_scaling,Agent action success modifer,Hidden skill that scales action success/defence chance,mount_hellsteed.png,0,99,0,0,false,0,49,40,Agent action success modifer,Hidden skill that scales action success/defence chance,,,,,,wh_main_effect_agent_action_success_chance_enemy_skill,[HIDDEN] Enemy Hero action success chance: %+n% (from skill),,character_to_character_own,-40,campaign,0,true,,,,,,,,,,,,,,,,,,,,,,,,,character_skill_level_to_effects_junctions_tables,wh3_main_skill_agent_action_success_scaling|wh_main_effect_agent_action_success_chance_enemy_skill|40|character_to_character_own
effect,warhammer_3,8.1.1,24237342,Vampire Counts,vampire_counts,wh_main_sc_vmp_vampire_counts,Vampire (Death),Vampire_Death,hero,wh_main_vmp_vampire_death,dignitary,dignitary,wh2_dlc11_vmp_the_barrow_legion|wh2_dlc16_vmp_lahmian_sisterhood|wh2_main_vmp_necrarch_brotherhood|wh2_main_vmp_strygos_empire|wh2_main_vmp_the_silver_host|wh3_dlc21_vmp_jiangshi_rebels|wh3_dlc25_vmp_the_court_of_night|wh3_dlc25_vmp_vampire_counts_invasion|wh3_dlc26_vmp_templehof_qb|wh3_main_ie_vmp_sires_of_mourkain|wh3_main_vmp_caravan_of_blue_roses|wh3_main_vmp_lahmian_sisterhood|wh3_main_vmp_nagashizzar|wh_main_vmp_mousillon|wh_main_vmp_rival_sylvanian_vamps|wh_main_vmp_schwartzhafen|wh_main_vmp_vampire_counts|wh_main_vmp_vampire_counts_qb1|wh_main_vmp_vampire_counts_qb2|wh_main_vmp_vampire_counts_qb3|wh_main_vmp_vampire_rebels|wh_main_vmp_waldenhof,false,false,true,true,true,true,,,wh_main_skill_node_set_vmp_vampire,,1,dignitary,false,false,,,,wh3_main_agent_action_scaling,wh3_main_skill_agent_action_success_scaling,Agent action success modifer,Hidden skill that scales action success/defence chance,mount_hellsteed.png,0,99,0,0,false,0,49,40,Agent action success modifer,Hidden skill that scales action success/defence chance,,,,,,wh_main_effect_agent_action_success_chance_skill,[HIDDEN] Hero action success chance: %+n% (from skill),,character_to_character_own,40,campaign,0,true,,,,,,,,,,,,,,,,,,,,,,,,,character_skill_level_to_effects_junctions_tables,wh3_main_skill_agent_action_success_scaling|wh_main_effect_agent_action_success_chance_skill|40|character_to_character_own
effect,warhammer_3,8.1.1,24237342,Vampire Counts,vampire_counts,wh_main_sc_vmp_vampire_counts,Vampire (Death),Vampire_Death,hero,wh_main_vmp_vampire_death,dignitary,dignitary,wh2_dlc11_vmp_the_barrow_legion|wh2_dlc16_vmp_lahmian_sisterhood|wh2_main_vmp_necrarch_brotherhood|wh2_main_vmp_strygos_empire|wh2_main_vmp_the_silver_host|wh3_dlc21_vmp_jiangshi_rebels|wh3_dlc25_vmp_the_court_of_night|wh3_dlc25_vmp_vampire_counts_invasion|wh3_dlc26_vmp_templehof_qb|wh3_main_ie_vmp_sires_of_mourkain|wh3_main_vmp_caravan_of_blue_roses|wh3_main_vmp_lahmian_sisterhood|wh3_main_vmp_nagashizzar|wh_main_vmp_mousillon|wh_main_vmp_rival_sylvanian_vamps|wh_main_vmp_schwartzhafen|wh_main_vmp_vampire_counts|wh_main_vmp_vampire_counts_qb1|wh_main_vmp_vampire_counts_qb2|wh_main_vmp_vampire_counts_qb3|wh_main_vmp_vampire_rebels|wh_main_vmp_waldenhof,false,false,true,true,true,true,,,wh_main_skill_node_set_vmp_vampire,,1,dignitary,false,false,,,,wh3_main_agent_action_scaling,wh3_main_skill_agent_action_success_scaling,Agent action success modifer,Hidden skill that scales action success/defence chance,mount_hellsteed.png,0,99,0,0,false,0,49,41,Agent action success modifer,Hidden skill that scales action success/defence chance,,,,,,wh_main_effect_agent_action_success_chance_enemy_skill,[HIDDEN] Enemy Hero action success chance: %+n% (from skill),,character_to_character_own,-41,campaign,0,true,,,,,,,,,,,,,,,,,,,,,,,,,character_skill_level_to_effects_junctions_tables,wh3_main_skill_agent_action_success_scaling|wh_main_effect_agent_action_success_chance_enemy_skill|41|character_to_character_own
effect,warhammer_3,8.1.1,24237342,Vampire Counts,vampire_counts,wh_main_sc_vmp_vampire_counts,Vampire (Death),Vampire_Death,hero,wh_main_vmp_vampire_death,dignitary,dignitary,wh2_dlc11_vmp_the_barrow_legion|wh2_dlc16_vmp_lahmian_sisterhood|wh2_main_vmp_necrarch_brotherhood|wh2_main_vmp_strygos_empire|wh2_main_vmp_the_silver_host|wh3_dlc21_vmp_jiangshi_rebels|wh3_dlc25_vmp_the_court_of_night|wh3_dlc25_vmp_vampire_counts_invasion|wh3_dlc26_vmp_templehof_qb|wh3_main_ie_vmp_sires_of_mourkain|wh3_main_vmp_caravan_of_blue_roses|wh3_main_vmp_lahmian_sisterhood|wh3_main_vmp_nagashizzar|wh_main_vmp_mousillon|wh_main_vmp_rival_sylvanian_vamps|wh_main_vmp_schwartzhafen|wh_main_vmp_vampire_counts|wh_main_vmp_vampire_counts_qb1|wh_main_vmp_vampire_counts_qb2|wh_main_vmp_vampire_counts_qb3|wh_main_vmp_vampire_rebels|wh_main_vmp_waldenhof,false,false,true,true,true,true,,,wh_main_skill_node_set_vmp_vampire,,1,dignitary,false,false,,,,wh3_main_agent_action_scaling,wh3_main_skill_agent_action_success_scaling,Agent action success modifer,Hidden skill that scales action success/defence chance,mount_hellsteed.png,0,99,0,0,false,0,49,41,Agent action success modifer,Hidden skill that scales action success/defence chance,,,,,,wh_main_effect_agent_action_success_chance_skill,[HIDDEN] Hero action success chance: %+n% (from skill),,character_to_character_own,41,campaign,0,true,,,,,,,,,,,,,,,,,,,,,,,,,character_skill_level_to_effects_junctions_tables,wh3_main_skill_agent_action_success_scaling|wh_main_effect_agent_action_success_chance_skill|41|character_to_character_own
effect,warhammer_3,8.1.1,24237342,Vampire Counts,vampire_counts,wh_main_sc_vmp_vampire_counts,Vampire (Death),Vampire_Death,hero,wh_main_vmp_vampire_death,dignitary,dignitary,wh2_dlc11_vmp_the_barrow_legion|wh2_dlc16_vmp_lahmian_sisterhood|wh2_main_vmp_necrarch_brotherhood|wh2_main_vmp_strygos_empire|wh2_main_vmp_the_silver_host|wh3_dlc21_vmp_jiangshi_rebels|wh3_dlc25_vmp_the_court_of_night|wh3_dlc25_vmp_vampire_counts_invasion|wh3_dlc26_vmp_templehof_qb|wh3_main_ie_vmp_sires_of_mourkain|wh3_main_vmp_caravan_of_blue_roses|wh3_main_vmp_lahmian_sisterhood|wh3_main_vmp_nagashizzar|wh_main_vmp_mousillon|wh_main_vmp_rival_sylvanian_vamps|wh_main_vmp_schwartzhafen|wh_main_vmp_vampire_counts|wh_main_vmp_vampire_counts_qb1|wh_main_vmp_vampire_counts_qb2|wh_main_vmp_vampire_counts_qb3|wh_main_vmp_vampire_rebels|wh_main_vmp_waldenhof,false,false,true,true,true,true,,,wh_main_skill_node_set_vmp_vampire,,1,dignitary,false,false,,,,wh3_main_agent_action_scaling,wh3_main_skill_agent_action_success_scaling,Agent action success modifer,Hidden skill that scales action success/defence chance,mount_hellsteed.png,0,99,0,0,false,0,49,42,Agent action success modifer,Hidden skill that scales action success/defence chance,,,,,,wh_main_effect_agent_action_success_chance_enemy_skill,[HIDDEN] Enemy Hero action success chance: %+n% (from skill),,character_to_character_own,-42,campaign,0,true,,,,,,,,,,,,,,,,,,,,,,,,,character_skill_level_to_effects_junctions_tables,wh3_main_skill_agent_action_success_scaling|wh_main_effect_agent_action_success_chance_enemy_skill|42|character_to_character_own
effect,warhammer_3,8.1.1,24237342,Vampire Counts,vampire_counts,wh_main_sc_vmp_vampire_counts,Vampire (Death),Vampire_Death,hero,wh_main_vmp_vampire_death,dignitary,dignitary,wh2_dlc11_vmp_the_barrow_legion|wh2_dlc16_vmp_lahmian_sisterhood|wh2_main_vmp_necrarch_brotherhood|wh2_main_vmp_strygos_empire|wh2_main_vmp_the_silver_host|wh3_dlc21_vmp_jiangshi_rebels|wh3_dlc25_vmp_the_court_of_night|wh3_dlc25_vmp_vampire_counts_invasion|wh3_dlc26_vmp_templehof_qb|wh3_main_ie_vmp_sires_of_mourkain|wh3_main_vmp_caravan_of_blue_roses|wh3_main_vmp_lahmian_sisterhood|wh3_main_vmp_nagashizzar|wh_main_vmp_mousillon|wh_main_vmp_rival_sylvanian_vamps|wh_main_vmp_schwartzhafen|wh_main_vmp_vampire_counts|wh_main_vmp_vampire_counts_qb1|wh_main_vmp_vampire_counts_qb2|wh_main_vmp_vampire_counts_qb3|wh_main_vmp_vampire_rebels|wh_main_vmp_waldenhof,false,false,true,true,true,true,,,wh_main_skill_node_set_vmp_vampire,,1,dignitary,false,false,,,,wh3_main_agent_action_scaling,wh3_main_skill_agent_action_success_scaling,Agent action success modifer,Hidden skill that scales action success/defence chance,mount_hellsteed.png,0,99,0,0,false,0,49,42,Agent action success modifer,Hidden skill that scales action success/defence chance,,,,,,wh_main_effect_agent_action_success_chance_skill,[HIDDEN] Hero action success chance: %+n% (from skill),,character_to_character_own,42,campaign,0,true,,,,,,,,,,,,,,,,,,,,,,,,,character_skill_level_to_effects_junctions_tables,wh3_main_skill_agent_action_success_scaling|wh_main_effect_agent_action_success_chance_skill|42|character_to_character_own
effect,warhammer_3,8.1.1,24237342,Vampire Counts,vampire_counts,wh_main_sc_vmp_vampire_counts,Vampire (Death),Vampire_Death,hero,wh_main_vmp_vampire_death,dignitary,dignitary,wh2_dlc11_vmp_the_barrow_legion|wh2_dlc16_vmp_lahmian_sisterhood|wh2_main_vmp_necrarch_brotherhood|wh2_main_vmp_strygos_empire|wh2_main_vmp_the_silver_host|wh3_dlc21_vmp_jiangshi_rebels|wh3_dlc25_vmp_the_court_of_night|wh3_dlc25_vmp_vampire_counts_invasion|wh3_dlc26_vmp_templehof_qb|wh3_main_ie_vmp_sires_of_mourkain|wh3_main_vmp_caravan_of_blue_roses|wh3_main_vmp_lahmian_sisterhood|wh3_main_vmp_nagashizzar|wh_main_vmp_mousillon|wh_main_vmp_rival_sylvanian_vamps|wh_main_vmp_schwartzhafen|wh_main_vmp_vampire_counts|wh_main_vmp_vampire_counts_qb1|wh_main_vmp_vampire_counts_qb2|wh_main_vmp_vampire_counts_qb3|wh_main_vmp_vampire_rebels|wh_main_vmp_waldenhof,false,false,true,true,true,true,,,wh_main_skill_node_set_vmp_vampire,,1,dignitary,false,false,,,,wh3_main_agent_action_scaling,wh3_main_skill_agent_action_success_scaling,Agent action success modifer,Hidden skill that scales action success/defence chance,mount_hellsteed.png,0,99,0,0,false,0,49,43,Agent action success modifer,Hidden skill that scales action success/defence chance,,,,,,wh_main_effect_agent_action_success_chance_enemy_skill,[HIDDEN] Enemy Hero action success chance: %+n% (from skill),,character_to_character_own,-43,campaign,0,true,,,,,,,,,,,,,,,,,,,,,,,,,character_skill_level_to_effects_junctions_tables,wh3_main_skill_agent_action_success_scaling|wh_main_effect_agent_action_success_chance_enemy_skill|43|character_to_character_own
effect,warhammer_3,8.1.1,24237342,Vampire Counts,vampire_counts,wh_main_sc_vmp_vampire_counts,Vampire (Death),Vampire_Death,hero,wh_main_vmp_vampire_death,dignitary,dignitary,wh2_dlc11_vmp_the_barrow_legion|wh2_dlc16_vmp_lahmian_sisterhood|wh2_main_vmp_necrarch_brotherhood|wh2_main_vmp_strygos_empire|wh2_main_vmp_the_silver_host|wh3_dlc21_vmp_jiangshi_rebels|wh3_dlc25_vmp_the_court_of_night|wh3_dlc25_vmp_vampire_counts_invasion|wh3_dlc26_vmp_templehof_qb|wh3_main_ie_vmp_sires_of_mourkain|wh3_main_vmp_caravan_of_blue_roses|wh3_main_vmp_lahmian_sisterhood|wh3_main_vmp_nagashizzar|wh_main_vmp_mousillon|wh_main_vmp_rival_sylvanian_vamps|wh_main_vmp_schwartzhafen|wh_main_vmp_vampire_counts|wh_main_vmp_vampire_counts_qb1|wh_main_vmp_vampire_counts_qb2|wh_main_vmp_vampire_counts_qb3|wh_main_vmp_vampire_rebels|wh_main_vmp_waldenhof,false,false,true,true,true,true,,,wh_main_skill_node_set_vmp_vampire,,1,dignitary,false,false,,,,wh3_main_agent_action_scaling,wh3_main_skill_agent_action_success_scaling,Agent action success modifer,Hidden skill that scales action success/defence chance,mount_hellsteed.png,0,99,0,0,false,0,49,43,Agent action success modifer,Hidden skill that scales action success/defence chance,,,,,,wh_main_effect_agent_action_success_chance_skill,[HIDDEN] Hero action success chance: %+n% (from skill),,character_to_character_own,43,campaign,0,true,,,,,,,,,,,,,,,,,,,,,,,,,character_skill_level_to_effects_junctions_tables,wh3_main_skill_agent_action_success_scaling|wh_main_effect_agent_action_success_chance_skill|43|character_to_character_own
effect,warhammer_3,8.1.1,24237342,Vampire Counts,vampire_counts,wh_main_sc_vmp_vampire_counts,Vampire (Death),Vampire_Death,hero,wh_main_vmp_vampire_death,dignitary,dignitary,wh2_dlc11_vmp_the_barrow_legion|wh2_dlc16_vmp_lahmian_sisterhood|wh2_main_vmp_necrarch_brotherhood|wh2_main_vmp_strygos_empire|wh2_main_vmp_the_silver_host|wh3_dlc21_vmp_jiangshi_rebels|wh3_dlc25_vmp_the_court_of_night|wh3_dlc25_vmp_vampire_counts_invasion|wh3_dlc26_vmp_templehof_qb|wh3_main_ie_vmp_sires_of_mourkain|wh3_main_vmp_caravan_of_blue_roses|wh3_main_vmp_lahmian_sisterhood|wh3_main_vmp_nagashizzar|wh_main_vmp_mousillon|wh_main_vmp_rival_sylvanian_vamps|wh_main_vmp_schwartzhafen|wh_main_vmp_vampire_counts|wh_main_vmp_vampire_counts_qb1|wh_main_vmp_vampire_counts_qb2|wh_main_vmp_vampire_counts_qb3|wh_main_vmp_vampire_rebels|wh_main_vmp_waldenhof,false,false,true,true,true,true,,,wh_main_skill_node_set_vmp_vampire,,1,dignitary,false,false,,,,wh3_main_agent_action_scaling,wh3_main_skill_agent_action_success_scaling,Agent action success modifer,Hidden skill that scales action success/defence chance,mount_hellsteed.png,0,99,0,0,false,0,49,44,Agent action success modifer,Hidden skill that scales action success/defence chance,,,,,,wh_main_effect_agent_action_success_chance_enemy_skill,[HIDDEN] Enemy Hero action success chance: %+n% (from skill),,character_to_character_own,-44,campaign,0,true,,,,,,,,,,,,,,,,,,,,,,,,,character_skill_level_to_effects_junctions_tables,wh3_main_skill_agent_action_success_scaling|wh_main_effect_agent_action_success_chance_enemy_skill|44|character_to_character_own
effect,warhammer_3,8.1.1,24237342,Vampire Counts,vampire_counts,wh_main_sc_vmp_vampire_counts,Vampire (Death),Vampire_Death,hero,wh_main_vmp_vampire_death,dignitary,dignitary,wh2_dlc11_vmp_the_barrow_legion|wh2_dlc16_vmp_lahmian_sisterhood|wh2_main_vmp_necrarch_brotherhood|wh2_main_vmp_strygos_empire|wh2_main_vmp_the_silver_host|wh3_dlc21_vmp_jiangshi_rebels|wh3_dlc25_vmp_the_court_of_night|wh3_dlc25_vmp_vampire_counts_invasion|wh3_dlc26_vmp_templehof_qb|wh3_main_ie_vmp_sires_of_mourkain|wh3_main_vmp_caravan_of_blue_roses|wh3_main_vmp_lahmian_sisterhood|wh3_main_vmp_nagashizzar|wh_main_vmp_mousillon|wh_main_vmp_rival_sylvanian_vamps|wh_main_vmp_schwartzhafen|wh_main_vmp_vampire_counts|wh_main_vmp_vampire_counts_qb1|wh_main_vmp_vampire_counts_qb2|wh_main_vmp_vampire_counts_qb3|wh_main_vmp_vampire_rebels|wh_main_vmp_waldenhof,false,false,true,true,true,true,,,wh_main_skill_node_set_vmp_vampire,,1,dignitary,false,false,,,,wh3_main_agent_action_scaling,wh3_main_skill_agent_action_success_scaling,Agent action success modifer,Hidden skill that scales action success/defence chance,mount_hellsteed.png,0,99,0,0,false,0,49,44,Agent action success modifer,Hidden skill that scales action success/defence chance,,,,,,wh_main_effect_agent_action_success_chance_skill,[HIDDEN] Hero action success chance: %+n% (from skill),,character_to_character_own,44,campaign,0,true,,,,,,,,,,,,,,,,,,,,,,,,,character_skill_level_to_effects_junctions_tables,wh3_main_skill_agent_action_success_scaling|wh_main_effect_agent_action_success_chance_skill|44|character_to_character_own
effect,warhammer_3,8.1.1,24237342,Vampire Counts,vampire_counts,wh_main_sc_vmp_vampire_counts,Vampire (Death),Vampire_Death,hero,wh_main_vmp_vampire_death,dignitary,dignitary,wh2_dlc11_vmp_the_barrow_legion|wh2_dlc16_vmp_lahmian_sisterhood|wh2_main_vmp_necrarch_brotherhood|wh2_main_vmp_strygos_empire|wh2_main_vmp_the_silver_host|wh3_dlc21_vmp_jiangshi_rebels|wh3_dlc25_vmp_the_court_of_night|wh3_dlc25_vmp_vampire_counts_invasion|wh3_dlc26_vmp_templehof_qb|wh3_main_ie_vmp_sires_of_mourkain|wh3_main_vmp_caravan_of_blue_roses|wh3_main_vmp_lahmian_sisterhood|wh3_main_vmp_nagashizzar|wh_main_vmp_mousillon|wh_main_vmp_rival_sylvanian_vamps|wh_main_vmp_schwartzhafen|wh_main_vmp_vampire_counts|wh_main_vmp_vampire_counts_qb1|wh_main_vmp_vampire_counts_qb2|wh_main_vmp_vampire_counts_qb3|wh_main_vmp_vampire_rebels|wh_main_vmp_waldenhof,false,false,true,true,true,true,,,wh_main_skill_node_set_vmp_vampire,,1,dignitary,false,false,,,,wh3_main_agent_action_scaling,wh3_main_skill_agent_action_success_scaling,Agent action success modifer,Hidden skill that scales action success/defence chance,mount_hellsteed.png,0,99,0,0,false,0,49,45,Agent action success modifer,Hidden skill that scales action success/defence chance,,,,,,wh_main_effect_agent_action_success_chance_enemy_skill,[HIDDEN] Enemy Hero action success chance: %+n% (from skill),,character_to_character_own,-45,campaign,0,true,,,,,,,,,,,,,,,,,,,,,,,,,character_skill_level_to_effects_junctions_tables,wh3_main_skill_agent_action_success_scaling|wh_main_effect_agent_action_success_chance_enemy_skill|45|character_to_character_own
effect,warhammer_3,8.1.1,24237342,Vampire Counts,vampire_counts,wh_main_sc_vmp_vampire_counts,Vampire (Death),Vampire_Death,hero,wh_main_vmp_vampire_death,dignitary,dignitary,wh2_dlc11_vmp_the_barrow_legion|wh2_dlc16_vmp_lahmian_sisterhood|wh2_main_vmp_necrarch_brotherhood|wh2_main_vmp_strygos_empire|wh2_main_vmp_the_silver_host|wh3_dlc21_vmp_jiangshi_rebels|wh3_dlc25_vmp_the_court_of_night|wh3_dlc25_vmp_vampire_counts_invasion|wh3_dlc26_vmp_templehof_qb|wh3_main_ie_vmp_sires_of_mourkain|wh3_main_vmp_caravan_of_blue_roses|wh3_main_vmp_lahmian_sisterhood|wh3_main_vmp_nagashizzar|wh_main_vmp_mousillon|wh_main_vmp_rival_sylvanian_vamps|wh_main_vmp_schwartzhafen|wh_main_vmp_vampire_counts|wh_main_vmp_vampire_counts_qb1|wh_main_vmp_vampire_counts_qb2|wh_main_vmp_vampire_counts_qb3|wh_main_vmp_vampire_rebels|wh_main_vmp_waldenhof,false,false,true,true,true,true,,,wh_main_skill_node_set_vmp_vampire,,1,dignitary,false,false,,,,wh3_main_agent_action_scaling,wh3_main_skill_agent_action_success_scaling,Agent action success modifer,Hidden skill that scales action success/defence chance,mount_hellsteed.png,0,99,0,0,false,0,49,45,Agent action success modifer,Hidden skill that scales action success/defence chance,,,,,,wh_main_effect_agent_action_success_chance_skill,[HIDDEN] Hero action success chance: %+n% (from skill),,character_to_character_own,45,campaign,0,true,,,,,,,,,,,,,,,,,,,,,,,,,character_skill_level_to_effects_junctions_tables,wh3_main_skill_agent_action_success_scaling|wh_main_effect_agent_action_success_chance_skill|45|character_to_character_own
effect,warhammer_3,8.1.1,24237342,Vampire Counts,vampire_counts,wh_main_sc_vmp_vampire_counts,Vampire (Death),Vampire_Death,hero,wh_main_vmp_vampire_death,dignitary,dignitary,wh2_dlc11_vmp_the_barrow_legion|wh2_dlc16_vmp_lahmian_sisterhood|wh2_main_vmp_necrarch_brotherhood|wh2_main_vmp_strygos_empire|wh2_main_vmp_the_silver_host|wh3_dlc21_vmp_jiangshi_rebels|wh3_dlc25_vmp_the_court_of_night|wh3_dlc25_vmp_vampire_counts_invasion|wh3_dlc26_vmp_templehof_qb|wh3_main_ie_vmp_sires_of_mourkain|wh3_main_vmp_caravan_of_blue_roses|wh3_main_vmp_lahmian_sisterhood|wh3_main_vmp_nagashizzar|wh_main_vmp_mousillon|wh_main_vmp_rival_sylvanian_vamps|wh_main_vmp_schwartzhafen|wh_main_vmp_vampire_counts|wh_main_vmp_vampire_counts_qb1|wh_main_vmp_vampire_counts_qb2|wh_main_vmp_vampire_counts_qb3|wh_main_vmp_vampire_rebels|wh_main_vmp_waldenhof,false,false,true,true,true,true,,,wh_main_skill_node_set_vmp_vampire,,1,dignitary,false,false,,,,wh3_main_agent_action_scaling,wh3_main_skill_agent_action_success_scaling,Agent action success modifer,Hidden skill that scales action success/defence chance,mount_hellsteed.png,0,99,0,0,false,0,49,46,Agent action success modifer,Hidden skill that scales action success/defence chance,,,,,,wh_main_effect_agent_action_success_chance_enemy_skill,[HIDDEN] Enemy Hero action success chance: %+n% (from skill),,character_to_character_own,-46,campaign,0,true,,,,,,,,,,,,,,,,,,,,,,,,,character_skill_level_to_effects_junctions_tables,wh3_main_skill_agent_action_success_scaling|wh_main_effect_agent_action_success_chance_enemy_skill|46|character_to_character_own
effect,warhammer_3,8.1.1,24237342,Vampire Counts,vampire_counts,wh_main_sc_vmp_vampire_counts,Vampire (Death),Vampire_Death,hero,wh_main_vmp_vampire_death,dignitary,dignitary,wh2_dlc11_vmp_the_barrow_legion|wh2_dlc16_vmp_lahmian_sisterhood|wh2_main_vmp_necrarch_brotherhood|wh2_main_vmp_strygos_empire|wh2_main_vmp_the_silver_host|wh3_dlc21_vmp_jiangshi_rebels|wh3_dlc25_vmp_the_court_of_night|wh3_dlc25_vmp_vampire_counts_invasion|wh3_dlc26_vmp_templehof_qb|wh3_main_ie_vmp_sires_of_mourkain|wh3_main_vmp_caravan_of_blue_roses|wh3_main_vmp_lahmian_sisterhood|wh3_main_vmp_nagashizzar|wh_main_vmp_mousillon|wh_main_vmp_rival_sylvanian_vamps|wh_main_vmp_schwartzhafen|wh_main_vmp_vampire_counts|wh_main_vmp_vampire_counts_qb1|wh_main_vmp_vampire_counts_qb2|wh_main_vmp_vampire_counts_qb3|wh_main_vmp_vampire_rebels|wh_main_vmp_waldenhof,false,false,true,true,true,true,,,wh_main_skill_node_set_vmp_vampire,,1,dignitary,false,false,,,,wh3_main_agent_action_scaling,wh3_main_skill_agent_action_success_scaling,Agent action success modifer,Hidden skill that scales action success/defence chance,mount_hellsteed.png,0,99,0,0,false,0,49,46,Agent action success modifer,Hidden skill that scales action success/defence chance,,,,,,wh_main_effect_agent_action_success_chance_skill,[HIDDEN] Hero action success chance: %+n% (from skill),,character_to_character_own,46,campaign,0,true,,,,,,,,,,,,,,,,,,,,,,,,,character_skill_level_to_effects_junctions_tables,wh3_main_skill_agent_action_success_scaling|wh_main_effect_agent_action_success_chance_skill|46|character_to_character_own
effect,warhammer_3,8.1.1,24237342,Vampire Counts,vampire_counts,wh_main_sc_vmp_vampire_counts,Vampire (Death),Vampire_Death,hero,wh_main_vmp_vampire_death,dignitary,dignitary,wh2_dlc11_vmp_the_barrow_legion|wh2_dlc16_vmp_lahmian_sisterhood|wh2_main_vmp_necrarch_brotherhood|wh2_main_vmp_strygos_empire|wh2_main_vmp_the_silver_host|wh3_dlc21_vmp_jiangshi_rebels|wh3_dlc25_vmp_the_court_of_night|wh3_dlc25_vmp_vampire_counts_invasion|wh3_dlc26_vmp_templehof_qb|wh3_main_ie_vmp_sires_of_mourkain|wh3_main_vmp_caravan_of_blue_roses|wh3_main_vmp_lahmian_sisterhood|wh3_main_vmp_nagashizzar|wh_main_vmp_mousillon|wh_main_vmp_rival_sylvanian_vamps|wh_main_vmp_schwartzhafen|wh_main_vmp_vampire_counts|wh_main_vmp_vampire_counts_qb1|wh_main_vmp_vampire_counts_qb2|wh_main_vmp_vampire_counts_qb3|wh_main_vmp_vampire_rebels|wh_main_vmp_waldenhof,false,false,true,true,true,true,,,wh_main_skill_node_set_vmp_vampire,,1,dignitary,false,false,,,,wh3_main_agent_action_scaling,wh3_main_skill_agent_action_success_scaling,Agent action success modifer,Hidden skill that scales action success/defence chance,mount_hellsteed.png,0,99,0,0,false,0,49,47,Agent action success modifer,Hidden skill that scales action success/defence chance,,,,,,wh_main_effect_agent_action_success_chance_enemy_skill,[HIDDEN] Enemy Hero action success chance: %+n% (from skill),,character_to_character_own,-47,campaign,0,true,,,,,,,,,,,,,,,,,,,,,,,,,character_skill_level_to_effects_junctions_tables,wh3_main_skill_agent_action_success_scaling|wh_main_effect_agent_action_success_chance_enemy_skill|47|character_to_character_own
effect,warhammer_3,8.1.1,24237342,Vampire Counts,vampire_counts,wh_main_sc_vmp_vampire_counts,Vampire (Death),Vampire_Death,hero,wh_main_vmp_vampire_death,dignitary,dignitary,wh2_dlc11_vmp_the_barrow_legion|wh2_dlc16_vmp_lahmian_sisterhood|wh2_main_vmp_necrarch_brotherhood|wh2_main_vmp_strygos_empire|wh2_main_vmp_the_silver_host|wh3_dlc21_vmp_jiangshi_rebels|wh3_dlc25_vmp_the_court_of_night|wh3_dlc25_vmp_vampire_counts_invasion|wh3_dlc26_vmp_templehof_qb|wh3_main_ie_vmp_sires_of_mourkain|wh3_main_vmp_caravan_of_blue_roses|wh3_main_vmp_lahmian_sisterhood|wh3_main_vmp_nagashizzar|wh_main_vmp_mousillon|wh_main_vmp_rival_sylvanian_vamps|wh_main_vmp_schwartzhafen|wh_main_vmp_vampire_counts|wh_main_vmp_vampire_counts_qb1|wh_main_vmp_vampire_counts_qb2|wh_main_vmp_vampire_counts_qb3|wh_main_vmp_vampire_rebels|wh_main_vmp_waldenhof,false,false,true,true,true,true,,,wh_main_skill_node_set_vmp_vampire,,1,dignitary,false,false,,,,wh3_main_agent_action_scaling,wh3_main_skill_agent_action_success_scaling,Agent action success modifer,Hidden skill that scales action success/defence chance,mount_hellsteed.png,0,99,0,0,false,0,49,47,Agent action success modifer,Hidden skill that scales action success/defence chance,,,,,,wh_main_effect_agent_action_success_chance_skill,[HIDDEN] Hero action success chance: %+n% (from skill),,character_to_character_own,47,campaign,0,true,,,,,,,,,,,,,,,,,,,,,,,,,character_skill_level_to_effects_junctions_tables,wh3_main_skill_agent_action_success_scaling|wh_main_effect_agent_action_success_chance_skill|47|character_to_character_own
effect,warhammer_3,8.1.1,24237342,Vampire Counts,vampire_counts,wh_main_sc_vmp_vampire_counts,Vampire (Death),Vampire_Death,hero,wh_main_vmp_vampire_death,dignitary,dignitary,wh2_dlc11_vmp_the_barrow_legion|wh2_dlc16_vmp_lahmian_sisterhood|wh2_main_vmp_necrarch_brotherhood|wh2_main_vmp_strygos_empire|wh2_main_vmp_the_silver_host|wh3_dlc21_vmp_jiangshi_rebels|wh3_dlc25_vmp_the_court_of_night|wh3_dlc25_vmp_vampire_counts_invasion|wh3_dlc26_vmp_templehof_qb|wh3_main_ie_vmp_sires_of_mourkain|wh3_main_vmp_caravan_of_blue_roses|wh3_main_vmp_lahmian_sisterhood|wh3_main_vmp_nagashizzar|wh_main_vmp_mousillon|wh_main_vmp_rival_sylvanian_vamps|wh_main_vmp_schwartzhafen|wh_main_vmp_vampire_counts|wh_main_vmp_vampire_counts_qb1|wh_main_vmp_vampire_counts_qb2|wh_main_vmp_vampire_counts_qb3|wh_main_vmp_vampire_rebels|wh_main_vmp_waldenhof,false,false,true,true,true,true,,,wh_main_skill_node_set_vmp_vampire,,1,dignitary,false,false,,,,wh3_main_agent_action_scaling,wh3_main_skill_agent_action_success_scaling,Agent action success modifer,Hidden skill that scales action success/defence chance,mount_hellsteed.png,0,99,0,0,false,0,49,48,Agent action success modifer,Hidden skill that scales action success/defence chance,,,,,,wh_main_effect_agent_action_success_chance_enemy_skill,[HIDDEN] Enemy Hero action success chance: %+n% (from skill),,character_to_character_own,-48,campaign,0,true,,,,,,,,,,,,,,,,,,,,,,,,,character_skill_level_to_effects_junctions_tables,wh3_main_skill_agent_action_success_scaling|wh_main_effect_agent_action_success_chance_enemy_skill|48|character_to_character_own
effect,warhammer_3,8.1.1,24237342,Vampire Counts,vampire_counts,wh_main_sc_vmp_vampire_counts,Vampire (Death),Vampire_Death,hero,wh_main_vmp_vampire_death,dignitary,dignitary,wh2_dlc11_vmp_the_barrow_legion|wh2_dlc16_vmp_lahmian_sisterhood|wh2_main_vmp_necrarch_brotherhood|wh2_main_vmp_strygos_empire|wh2_main_vmp_the_silver_host|wh3_dlc21_vmp_jiangshi_rebels|wh3_dlc25_vmp_the_court_of_night|wh3_dlc25_vmp_vampire_counts_invasion|wh3_dlc26_vmp_templehof_qb|wh3_main_ie_vmp_sires_of_mourkain|wh3_main_vmp_caravan_of_blue_roses|wh3_main_vmp_lahmian_sisterhood|wh3_main_vmp_nagashizzar|wh_main_vmp_mousillon|wh_main_vmp_rival_sylvanian_vamps|wh_main_vmp_schwartzhafen|wh_main_vmp_vampire_counts|wh_main_vmp_vampire_counts_qb1|wh_main_vmp_vampire_counts_qb2|wh_main_vmp_vampire_counts_qb3|wh_main_vmp_vampire_rebels|wh_main_vmp_waldenhof,false,false,true,true,true,true,,,wh_main_skill_node_set_vmp_vampire,,1,dignitary,false,false,,,,wh3_main_agent_action_scaling,wh3_main_skill_agent_action_success_scaling,Agent action success modifer,Hidden skill that scales action success/defence chance,mount_hellsteed.png,0,99,0,0,false,0,49,48,Agent action success modifer,Hidden skill that scales action success/defence chance,,,,,,wh_main_effect_agent_action_success_chance_skill,[HIDDEN] Hero action success chance: %+n% (from skill),,character_to_character_own,48,campaign,0,true,,,,,,,,,,,,,,,,,,,,,,,,,character_skill_level_to_effects_junctions_tables,wh3_main_skill_agent_action_success_scaling|wh_main_effect_agent_action_success_chance_skill|48|character_to_character_own
effect,warhammer_3,8.1.1,24237342,Vampire Counts,vampire_counts,wh_main_sc_vmp_vampire_counts,Vampire (Death),Vampire_Death,hero,wh_main_vmp_vampire_death,dignitary,dignitary,wh2_dlc11_vmp_the_barrow_legion|wh2_dlc16_vmp_lahmian_sisterhood|wh2_main_vmp_necrarch_brotherhood|wh2_main_vmp_strygos_empire|wh2_main_vmp_the_silver_host|wh3_dlc21_vmp_jiangshi_rebels|wh3_dlc25_vmp_the_court_of_night|wh3_dlc25_vmp_vampire_counts_invasion|wh3_dlc26_vmp_templehof_qb|wh3_main_ie_vmp_sires_of_mourkain|wh3_main_vmp_caravan_of_blue_roses|wh3_main_vmp_lahmian_sisterhood|wh3_main_vmp_nagashizzar|wh_main_vmp_mousillon|wh_main_vmp_rival_sylvanian_vamps|wh_main_vmp_schwartzhafen|wh_main_vmp_vampire_counts|wh_main_vmp_vampire_counts_qb1|wh_main_vmp_vampire_counts_qb2|wh_main_vmp_vampire_counts_qb3|wh_main_vmp_vampire_rebels|wh_main_vmp_waldenhof,false,false,true,true,true,true,,,wh_main_skill_node_set_vmp_vampire,,1,dignitary,false,false,,,,wh3_main_agent_action_scaling,wh3_main_skill_agent_action_success_scaling,Agent action success modifer,Hidden skill that scales action success/defence chance,mount_hellsteed.png,0,99,0,0,false,0,49,49,Agent action success modifer,Hidden skill that scales action success/defence chance,,,,,,wh_main_effect_agent_action_success_chance_enemy_skill,[HIDDEN] Enemy Hero action success chance: %+n% (from skill),,character_to_character_own,-49,campaign,0,true,,,,,,,,,,,,,,,,,,,,,,,,,character_skill_level_to_effects_junctions_tables,wh3_main_skill_agent_action_success_scaling|wh_main_effect_agent_action_success_chance_enemy_skill|49|character_to_character_own
effect,warhammer_3,8.1.1,24237342,Vampire Counts,vampire_counts,wh_main_sc_vmp_vampire_counts,Vampire (Death),Vampire_Death,hero,wh_main_vmp_vampire_death,dignitary,dignitary,wh2_dlc11_vmp_the_barrow_legion|wh2_dlc16_vmp_lahmian_sisterhood|wh2_main_vmp_necrarch_brotherhood|wh2_main_vmp_strygos_empire|wh2_main_vmp_the_silver_host|wh3_dlc21_vmp_jiangshi_rebels|wh3_dlc25_vmp_the_court_of_night|wh3_dlc25_vmp_vampire_counts_invasion|wh3_dlc26_vmp_templehof_qb|wh3_main_ie_vmp_sires_of_mourkain|wh3_main_vmp_caravan_of_blue_roses|wh3_main_vmp_lahmian_sisterhood|wh3_main_vmp_nagashizzar|wh_main_vmp_mousillon|wh_main_vmp_rival_sylvanian_vamps|wh_main_vmp_schwartzhafen|wh_main_vmp_vampire_counts|wh_main_vmp_vampire_counts_qb1|wh_main_vmp_vampire_counts_qb2|wh_main_vmp_vampire_counts_qb3|wh_main_vmp_vampire_rebels|wh_main_vmp_waldenhof,false,false,true,true,true,true,,,wh_main_skill_node_set_vmp_vampire,,1,dignitary,false,false,,,,wh3_main_agent_action_scaling,wh3_main_skill_agent_action_success_scaling,Agent action success modifer,Hidden skill that scales action success/defence chance,mount_hellsteed.png,0,99,0,0,false,0,49,49,Agent action success modifer,Hidden skill that scales action success/defence chance,,,,,,wh_main_effect_agent_action_success_chance_skill,[HIDDEN] Hero action success chance: %+n% (from skill),,character_to_character_own,49,campaign,0,true,,,,,,,,,,,,,,,,,,,,,,,,,character_skill_level_to_effects_junctions_tables,wh3_main_skill_agent_action_success_scaling|wh_main_effect_agent_action_success_chance_skill|49|character_to_character_own
node,warhammer_3,8.1.1,24237342,Vampire Counts,vampire_counts,wh_main_sc_vmp_vampire_counts,Vampire (Death),Vampire_Death,hero,wh_main_vmp_vampire_death,dignitary,dignitary,wh2_dlc11_vmp_the_barrow_legion|wh2_dlc16_vmp_lahmian_sisterhood|wh2_main_vmp_necrarch_brotherhood|wh2_main_vmp_strygos_empire|wh2_main_vmp_the_silver_host|wh3_dlc21_vmp_jiangshi_rebels|wh3_dlc25_vmp_the_court_of_night|wh3_dlc25_vmp_vampire_counts_invasion|wh3_dlc26_vmp_templehof_qb|wh3_main_ie_vmp_sires_of_mourkain|wh3_main_vmp_caravan_of_blue_roses|wh3_main_vmp_lahmian_sisterhood|wh3_main_vmp_nagashizzar|wh_main_vmp_mousillon|wh_main_vmp_rival_sylvanian_vamps|wh_main_vmp_schwartzhafen|wh_main_vmp_vampire_counts|wh_main_vmp_vampire_counts_qb1|wh_main_vmp_vampire_counts_qb2|wh_main_vmp_vampire_counts_qb3|wh_main_vmp_vampire_rebels|wh_main_vmp_waldenhof,false,false,true,true,true,true,,,wh_main_skill_node_set_vmp_vampire,,1,dignitary,false,false,,,,wh_main_skill_node_vmp_dignitary_unique_02,wh_main_skill_vmp_dignitary_unique_vampire_hellsteed,Hellsteed,Hellsteeds are vicious. Vampires that dabble in the binding of beasts delight in breaking these wild creatures to their will.,mount_hellsteed.png,1,0,0,0,true,9,1,,,,,,,,,,,,,,,,,,,,,,,,,,,,,,,,,,,,,,,,,character_skill_nodes_tables,wh_main_skill_node_vmp_dignitary_unique_02
skill_level,warhammer_3,8.1.1,24237342,Vampire Counts,vampire_counts,wh_main_sc_vmp_vampire_counts,Vampire (Death),Vampire_Death,hero,wh_main_vmp_vampire_death,dignitary,dignitary,wh2_dlc11_vmp_the_barrow_legion|wh2_dlc16_vmp_lahmian_sisterhood|wh2_main_vmp_necrarch_brotherhood|wh2_main_vmp_strygos_empire|wh2_main_vmp_the_silver_host|wh3_dlc21_vmp_jiangshi_rebels|wh3_dlc25_vmp_the_court_of_night|wh3_dlc25_vmp_vampire_counts_invasion|wh3_dlc26_vmp_templehof_qb|wh3_main_ie_vmp_sires_of_mourkain|wh3_main_vmp_caravan_of_blue_roses|wh3_main_vmp_lahmian_sisterhood|wh3_main_vmp_nagashizzar|wh_main_vmp_mousillon|wh_main_vmp_rival_sylvanian_vamps|wh_main_vmp_schwartzhafen|wh_main_vmp_vampire_counts|wh_main_vmp_vampire_counts_qb1|wh_main_vmp_vampire_counts_qb2|wh_main_vmp_vampire_counts_qb3|wh_main_vmp_vampire_rebels|wh_main_vmp_waldenhof,false,false,true,true,true,true,,,wh_main_skill_node_set_vmp_vampire,,1,dignitary,false,false,,,,wh_main_skill_node_vmp_dignitary_unique_02,wh_main_skill_vmp_dignitary_unique_vampire_hellsteed,Hellsteed,Hellsteeds are vicious. Vampires that dabble in the binding of beasts delight in breaking these wild creatures to their will.,mount_hellsteed.png,1,0,0,0,true,9,1,1,Hellsteed,Hellsteeds are vicious. Vampires that dabble in the binding of beasts delight in breaking these wild creatures to their will.,9,x,,,,,,,,,,,,,,,,,,,,,,,,,,,,,,,,,,,,character_skill_level_details_tables,wh_main_skill_vmp_dignitary_unique_vampire_hellsteed|1|||
effect,warhammer_3,8.1.1,24237342,Vampire Counts,vampire_counts,wh_main_sc_vmp_vampire_counts,Vampire (Death),Vampire_Death,hero,wh_main_vmp_vampire_death,dignitary,dignitary,wh2_dlc11_vmp_the_barrow_legion|wh2_dlc16_vmp_lahmian_sisterhood|wh2_main_vmp_necrarch_brotherhood|wh2_main_vmp_strygos_empire|wh2_main_vmp_the_silver_host|wh3_dlc21_vmp_jiangshi_rebels|wh3_dlc25_vmp_the_court_of_night|wh3_dlc25_vmp_vampire_counts_invasion|wh3_dlc26_vmp_templehof_qb|wh3_main_ie_vmp_sires_of_mourkain|wh3_main_vmp_caravan_of_blue_roses|wh3_main_vmp_lahmian_sisterhood|wh3_main_vmp_nagashizzar|wh_main_vmp_mousillon|wh_main_vmp_rival_sylvanian_vamps|wh_main_vmp_schwartzhafen|wh_main_vmp_vampire_counts|wh_main_vmp_vampire_counts_qb1|wh_main_vmp_vampire_counts_qb2|wh_main_vmp_vampire_counts_qb3|wh_main_vmp_vampire_rebels|wh_main_vmp_waldenhof,false,false,true,true,true,true,,,wh_main_skill_node_set_vmp_vampire,,1,dignitary,false,false,,,,wh_main_skill_node_vmp_dignitary_unique_02,wh_main_skill_vmp_dignitary_unique_vampire_hellsteed,Hellsteed,Hellsteeds are vicious. Vampires that dabble in the binding of beasts delight in breaking these wild creatures to their will.,mount_hellsteed.png,1,0,0,0,true,9,1,1,Hellsteed,Hellsteeds are vicious. Vampires that dabble in the binding of beasts delight in breaking these wild creatures to their will.,,,,,,wh_main_effect_enable_mount_hellsteed,Mount: Hellsteed,,character_to_character_own,1,both,50,true,mount.png,mount.png,,,,,,,,,,,,,,,,,,,,,,,character_skill_level_to_effects_junctions_tables,wh_main_skill_vmp_dignitary_unique_vampire_hellsteed|wh_main_effect_enable_mount_hellsteed|1|character_to_character_own
ancillary_grant,warhammer_3,8.1.1,24237342,Vampire Counts,vampire_counts,wh_main_sc_vmp_vampire_counts,Vampire (Death),Vampire_Death,hero,wh_main_vmp_vampire_death,dignitary,dignitary,wh2_dlc11_vmp_the_barrow_legion|wh2_dlc16_vmp_lahmian_sisterhood|wh2_main_vmp_necrarch_brotherhood|wh2_main_vmp_strygos_empire|wh2_main_vmp_the_silver_host|wh3_dlc21_vmp_jiangshi_rebels|wh3_dlc25_vmp_the_court_of_night|wh3_dlc25_vmp_vampire_counts_invasion|wh3_dlc26_vmp_templehof_qb|wh3_main_ie_vmp_sires_of_mourkain|wh3_main_vmp_caravan_of_blue_roses|wh3_main_vmp_lahmian_sisterhood|wh3_main_vmp_nagashizzar|wh_main_vmp_mousillon|wh_main_vmp_rival_sylvanian_vamps|wh_main_vmp_schwartzhafen|wh_main_vmp_vampire_counts|wh_main_vmp_vampire_counts_qb1|wh_main_vmp_vampire_counts_qb2|wh_main_vmp_vampire_counts_qb3|wh_main_vmp_vampire_rebels|wh_main_vmp_waldenhof,false,false,true,true,true,true,,,wh_main_skill_node_set_vmp_vampire,,1,dignitary,false,false,,,,wh_main_skill_node_vmp_dignitary_unique_02,wh_main_skill_vmp_dignitary_unique_vampire_hellsteed,Hellsteed,Hellsteeds are vicious. Vampires that dabble in the binding of beasts delight in breaking these wild creatures to their will.,mount_hellsteed.png,1,0,0,0,true,9,1,1,,,,,,,,,,,,,,,,,,,,,,,,,,,,,,,,,wh_main_anc_mount_vmp_vampire_hellsteed,Hellsteed,wh_main_anc_mount_hellsteed,mount,,,,character_skill_level_to_ancillaries_junctions_tables,wh_main_skill_vmp_dignitary_unique_vampire_hellsteed|wh_main_anc_mount_vmp_vampire_hellsteed|1
node,warhammer_3,8.1.1,24237342,Vampire Counts,vampire_counts,wh_main_sc_vmp_vampire_counts,Vampire (Death),Vampire_Death,hero,wh_main_vmp_vampire_death,dignitary,dignitary,wh2_dlc11_vmp_the_barrow_legion|wh2_dlc16_vmp_lahmian_sisterhood|wh2_main_vmp_necrarch_brotherhood|wh2_main_vmp_strygos_empire|wh2_main_vmp_the_silver_host|wh3_dlc21_vmp_jiangshi_rebels|wh3_dlc25_vmp_the_court_of_night|wh3_dlc25_vmp_vampire_counts_invasion|wh3_dlc26_vmp_templehof_qb|wh3_main_ie_vmp_sires_of_mourkain|wh3_main_vmp_caravan_of_blue_roses|wh3_main_vmp_lahmian_sisterhood|wh3_main_vmp_nagashizzar|wh_main_vmp_mousillon|wh_main_vmp_rival_sylvanian_vamps|wh_main_vmp_schwartzhafen|wh_main_vmp_vampire_counts|wh_main_vmp_vampire_counts_qb1|wh_main_vmp_vampire_counts_qb2|wh_main_vmp_vampire_counts_qb3|wh_main_vmp_vampire_rebels|wh_main_vmp_waldenhof,false,false,true,true,true,true,,,wh_main_skill_node_set_vmp_vampire,,1,dignitary,false,false,,,,wh_main_skill_node_vmp_dignitary_self_02,wh_main_skill_all_dignitary_self_impassioned,Impassioned,There is nothing but utter belief. There is no reasoning with this one.,character_defence.png,1,1,0,0,true,0,3,,,,,,,,,,,,,,,,,,,,,,,,,,,,,,,,,,,,,,,,,character_skill_nodes_tables,wh_main_skill_node_vmp_dignitary_self_02
effect,warhammer_3,8.1.1,24237342,Vampire Counts,vampire_counts,wh_main_sc_vmp_vampire_counts,Vampire (Death),Vampire_Death,hero,wh_main_vmp_vampire_death,dignitary,dignitary,wh2_dlc11_vmp_the_barrow_legion|wh2_dlc16_vmp_lahmian_sisterhood|wh2_main_vmp_necrarch_brotherhood|wh2_main_vmp_strygos_empire|wh2_main_vmp_the_silver_host|wh3_dlc21_vmp_jiangshi_rebels|wh3_dlc25_vmp_the_court_of_night|wh3_dlc25_vmp_vampire_counts_invasion|wh3_dlc26_vmp_templehof_qb|wh3_main_ie_vmp_sires_of_mourkain|wh3_main_vmp_caravan_of_blue_roses|wh3_main_vmp_lahmian_sisterhood|wh3_main_vmp_nagashizzar|wh_main_vmp_mousillon|wh_main_vmp_rival_sylvanian_vamps|wh_main_vmp_schwartzhafen|wh_main_vmp_vampire_counts|wh_main_vmp_vampire_counts_qb1|wh_main_vmp_vampire_counts_qb2|wh_main_vmp_vampire_counts_qb3|wh_main_vmp_vampire_rebels|wh_main_vmp_waldenhof,false,false,true,true,true,true,,,wh_main_skill_node_set_vmp_vampire,,1,dignitary,false,false,,,,wh_main_skill_node_vmp_dignitary_self_02,wh_main_skill_all_dignitary_self_impassioned,Impassioned,There is nothing but utter belief. There is no reasoning with this one.,character_defence.png,1,1,0,0,true,0,3,1,Impassioned,There is nothing but utter belief. There is no reasoning with this one.,,,,,,wh_main_effect_character_stat_melee_defence,Melee defence: %+n,,character_to_character_own,3,both,150,true,defence_character.png,defence_character.png,,,,,,,,,,,,,,,,,,,,,,,character_skill_level_to_effects_junctions_tables,wh_main_skill_all_dignitary_self_impassioned|wh_main_effect_character_stat_melee_defence|1|character_to_character_own
effect,warhammer_3,8.1.1,24237342,Vampire Counts,vampire_counts,wh_main_sc_vmp_vampire_counts,Vampire (Death),Vampire_Death,hero,wh_main_vmp_vampire_death,dignitary,dignitary,wh2_dlc11_vmp_the_barrow_legion|wh2_dlc16_vmp_lahmian_sisterhood|wh2_main_vmp_necrarch_brotherhood|wh2_main_vmp_strygos_empire|wh2_main_vmp_the_silver_host|wh3_dlc21_vmp_jiangshi_rebels|wh3_dlc25_vmp_the_court_of_night|wh3_dlc25_vmp_vampire_counts_invasion|wh3_dlc26_vmp_templehof_qb|wh3_main_ie_vmp_sires_of_mourkain|wh3_main_vmp_caravan_of_blue_roses|wh3_main_vmp_lahmian_sisterhood|wh3_main_vmp_nagashizzar|wh_main_vmp_mousillon|wh_main_vmp_rival_sylvanian_vamps|wh_main_vmp_schwartzhafen|wh_main_vmp_vampire_counts|wh_main_vmp_vampire_counts_qb1|wh_main_vmp_vampire_counts_qb2|wh_main_vmp_vampire_counts_qb3|wh_main_vmp_vampire_rebels|wh_main_vmp_waldenhof,false,false,true,true,true,true,,,wh_main_skill_node_set_vmp_vampire,,1,dignitary,false,false,,,,wh_main_skill_node_vmp_dignitary_self_02,wh_main_skill_all_dignitary_self_impassioned,Impassioned,There is nothing but utter belief. There is no reasoning with this one.,character_defence.png,1,1,0,0,true,0,3,2,Impassioned,There is nothing but utter belief. There is no reasoning with this one.,,,,,,wh_main_effect_character_stat_melee_defence,Melee defence: %+n,,character_to_character_own,7,both,150,true,defence_character.png,defence_character.png,,,,,,,,,,,,,,,,,,,,,,,character_skill_level_to_effects_junctions_tables,wh_main_skill_all_dignitary_self_impassioned|wh_main_effect_character_stat_melee_defence|2|character_to_character_own
effect,warhammer_3,8.1.1,24237342,Vampire Counts,vampire_counts,wh_main_sc_vmp_vampire_counts,Vampire (Death),Vampire_Death,hero,wh_main_vmp_vampire_death,dignitary,dignitary,wh2_dlc11_vmp_the_barrow_legion|wh2_dlc16_vmp_lahmian_sisterhood|wh2_main_vmp_necrarch_brotherhood|wh2_main_vmp_strygos_empire|wh2_main_vmp_the_silver_host|wh3_dlc21_vmp_jiangshi_rebels|wh3_dlc25_vmp_the_court_of_night|wh3_dlc25_vmp_vampire_counts_invasion|wh3_dlc26_vmp_templehof_qb|wh3_main_ie_vmp_sires_of_mourkain|wh3_main_vmp_caravan_of_blue_roses|wh3_main_vmp_lahmian_sisterhood|wh3_main_vmp_nagashizzar|wh_main_vmp_mousillon|wh_main_vmp_rival_sylvanian_vamps|wh_main_vmp_schwartzhafen|wh_main_vmp_vampire_counts|wh_main_vmp_vampire_counts_qb1|wh_main_vmp_vampire_counts_qb2|wh_main_vmp_vampire_counts_qb3|wh_main_vmp_vampire_rebels|wh_main_vmp_waldenhof,false,false,true,true,true,true,,,wh_main_skill_node_set_vmp_vampire,,1,dignitary,false,false,,,,wh_main_skill_node_vmp_dignitary_self_02,wh_main_skill_all_dignitary_self_impassioned,Impassioned,There is nothing but utter belief. There is no reasoning with this one.,character_defence.png,1,1,0,0,true,0,3,3,Impassioned,There is nothing but utter belief. There is no reasoning with this one.,,,,,,wh_main_effect_character_stat_melee_defence,Melee defence: %+n,,character_to_character_own,12,both,150,true,defence_character.png,defence_character.png,,,,,,,,,,,,,,,,,,,,,,,character_skill_level_to_effects_junctions_tables,wh_main_skill_all_dignitary_self_impassioned|wh_main_effect_character_stat_melee_defence|3|character_to_character_own
node,warhammer_3,8.1.1,24237342,Vampire Counts,vampire_counts,wh_main_sc_vmp_vampire_counts,Vampire (Death),Vampire_Death,hero,wh_main_vmp_vampire_death,dignitary,dignitary,wh2_dlc11_vmp_the_barrow_legion|wh2_dlc16_vmp_lahmian_sisterhood|wh2_main_vmp_necrarch_brotherhood|wh2_main_vmp_strygos_empire|wh2_main_vmp_the_silver_host|wh3_dlc21_vmp_jiangshi_rebels|wh3_dlc25_vmp_the_court_of_night|wh3_dlc25_vmp_vampire_counts_invasion|wh3_dlc26_vmp_templehof_qb|wh3_main_ie_vmp_sires_of_mourkain|wh3_main_vmp_caravan_of_blue_roses|wh3_main_vmp_lahmian_sisterhood|wh3_main_vmp_nagashizzar|wh_main_vmp_mousillon|wh_main_vmp_rival_sylvanian_vamps|wh_main_vmp_schwartzhafen|wh_main_vmp_vampire_counts|wh_main_vmp_vampire_counts_qb1|wh_main_vmp_vampire_counts_qb2|wh_main_vmp_vampire_counts_qb3|wh_main_vmp_vampire_rebels|wh_main_vmp_waldenhof,false,false,true,true,true,true,,,wh_main_skill_node_set_vmp_vampire,,1,dignitary,false,false,,,,wh_main_skill_node_vmp_dignitary_magic1_02,wh_main_skill_all_magic_death_03_life_leeching,Life-Leeching,,wh_main_lore_passive_life_leeching.png,1,2,0,0,true,0,1,,,,,,,,,,,,,,,,,,,,,,,,,,,,,,,,,,,,,,,,,character_skill_nodes_tables,wh_main_skill_node_vmp_dignitary_magic1_02
effect,warhammer_3,8.1.1,24237342,Vampire Counts,vampire_counts,wh_main_sc_vmp_vampire_counts,Vampire (Death),Vampire_Death,hero,wh_main_vmp_vampire_death,dignitary,dignitary,wh2_dlc11_vmp_the_barrow_legion|wh2_dlc16_vmp_lahmian_sisterhood|wh2_main_vmp_necrarch_brotherhood|wh2_main_vmp_strygos_empire|wh2_main_vmp_the_silver_host|wh3_dlc21_vmp_jiangshi_rebels|wh3_dlc25_vmp_the_court_of_night|wh3_dlc25_vmp_vampire_counts_invasion|wh3_dlc26_vmp_templehof_qb|wh3_main_ie_vmp_sires_of_mourkain|wh3_main_vmp_caravan_of_blue_roses|wh3_main_vmp_lahmian_sisterhood|wh3_main_vmp_nagashizzar|wh_main_vmp_mousillon|wh_main_vmp_rival_sylvanian_vamps|wh_main_vmp_schwartzhafen|wh_main_vmp_vampire_counts|wh_main_vmp_vampire_counts_qb1|wh_main_vmp_vampire_counts_qb2|wh_main_vmp_vampire_counts_qb3|wh_main_vmp_vampire_rebels|wh_main_vmp_waldenhof,false,false,true,true,true,true,,,wh_main_skill_node_set_vmp_vampire,,1,dignitary,false,false,,,,wh_main_skill_node_vmp_dignitary_magic1_02,wh_main_skill_all_magic_death_03_life_leeching,Life-Leeching,,wh_main_lore_passive_life_leeching.png,1,2,0,0,true,0,1,1,Life-Leeching,,,,,,,wh_main_effect_ability_enable_life-leeching,"Passive ability: ""Life Leeching""",,character_to_character_own,1,battle,310,true,general_ability.png,general_ability.png,,,,,,,,,,,,,,,,,,,,,,,character_skill_level_to_effects_junctions_tables,wh_main_skill_all_magic_death_03_life_leeching|wh_main_effect_ability_enable_life-leeching|1|character_to_character_own
node,warhammer_3,8.1.1,24237342,Vampire Counts,vampire_counts,wh_main_sc_vmp_vampire_counts,Vampire (Death),Vampire_Death,hero,wh_main_vmp_vampire_death,dignitary,dignitary,wh2_dlc11_vmp_the_barrow_legion|wh2_dlc16_vmp_lahmian_sisterhood|wh2_main_vmp_necrarch_brotherhood|wh2_main_vmp_strygos_empire|wh2_main_vmp_the_silver_host|wh3_dlc21_vmp_jiangshi_rebels|wh3_dlc25_vmp_the_court_of_night|wh3_dlc25_vmp_vampire_counts_invasion|wh3_dlc26_vmp_templehof_qb|wh3_main_ie_vmp_sires_of_mourkain|wh3_main_vmp_caravan_of_blue_roses|wh3_main_vmp_lahmian_sisterhood|wh3_main_vmp_nagashizzar|wh_main_vmp_mousillon|wh_main_vmp_rival_sylvanian_vamps|wh_main_vmp_schwartzhafen|wh_main_vmp_vampire_counts|wh_main_vmp_vampire_counts_qb1|wh_main_vmp_vampire_counts_qb2|wh_main_vmp_vampire_counts_qb3|wh_main_vmp_vampire_rebels|wh_main_vmp_waldenhof,false,false,true,true,true,true,,,wh_main_skill_node_set_vmp_vampire,,1,dignitary,false,false,,,,wh_main_skill_node_vmp_dignitary_campaign_02,wh2_main_skill_all_hero_passive_spread_corruption_vmp,{{tr:agent_action_name_spread_corruption}},The locals take notice and will be inspired or frightened into action.,campaign_vampiric_corruption.png,1,5,0,0,true,0,3,,,,,,,,,,,,,,,,,,,,,,,,,,,,,,,,,,,,,,,,,character_skill_nodes_tables,wh_main_skill_node_vmp_dignitary_campaign_02
skill_level,warhammer_3,8.1.1,24237342,Vampire Counts,vampire_counts,wh_main_sc_vmp_vampire_counts,Vampire (Death),Vampire_Death,hero,wh_main_vmp_vampire_death,dignitary,dignitary,wh2_dlc11_vmp_the_barrow_legion|wh2_dlc16_vmp_lahmian_sisterhood|wh2_main_vmp_necrarch_brotherhood|wh2_main_vmp_strygos_empire|wh2_main_vmp_the_silver_host|wh3_dlc21_vmp_jiangshi_rebels|wh3_dlc25_vmp_the_court_of_night|wh3_dlc25_vmp_vampire_counts_invasion|wh3_dlc26_vmp_templehof_qb|wh3_main_ie_vmp_sires_of_mourkain|wh3_main_vmp_caravan_of_blue_roses|wh3_main_vmp_lahmian_sisterhood|wh3_main_vmp_nagashizzar|wh_main_vmp_mousillon|wh_main_vmp_rival_sylvanian_vamps|wh_main_vmp_schwartzhafen|wh_main_vmp_vampire_counts|wh_main_vmp_vampire_counts_qb1|wh_main_vmp_vampire_counts_qb2|wh_main_vmp_vampire_counts_qb3|wh_main_vmp_vampire_rebels|wh_main_vmp_waldenhof,false,false,true,true,true,true,,,wh_main_skill_node_set_vmp_vampire,,1,dignitary,false,false,,,,wh_main_skill_node_vmp_dignitary_campaign_02,wh2_main_skill_all_hero_passive_spread_corruption_vmp,{{tr:agent_action_name_spread_corruption}},The locals take notice and will be inspired or frightened into action.,campaign_vampiric_corruption.png,1,5,0,0,true,0,3,2,{{tr:agent_action_name_spread_corruption}},The locals take notice and will be inspired or frightened into action.,4,x,,,,,,,,,,,,,,,,,,,,,,,,,,,,,,,,,,,,character_skill_level_details_tables,wh2_main_skill_all_hero_passive_spread_corruption_vmp|2|||
skill_level,warhammer_3,8.1.1,24237342,Vampire Counts,vampire_counts,wh_main_sc_vmp_vampire_counts,Vampire (Death),Vampire_Death,hero,wh_main_vmp_vampire_death,dignitary,dignitary,wh2_dlc11_vmp_the_barrow_legion|wh2_dlc16_vmp_lahmian_sisterhood|wh2_main_vmp_necrarch_brotherhood|wh2_main_vmp_strygos_empire|wh2_main_vmp_the_silver_host|wh3_dlc21_vmp_jiangshi_rebels|wh3_dlc25_vmp_the_court_of_night|wh3_dlc25_vmp_vampire_counts_invasion|wh3_dlc26_vmp_templehof_qb|wh3_main_ie_vmp_sires_of_mourkain|wh3_main_vmp_caravan_of_blue_roses|wh3_main_vmp_lahmian_sisterhood|wh3_main_vmp_nagashizzar|wh_main_vmp_mousillon|wh_main_vmp_rival_sylvanian_vamps|wh_main_vmp_schwartzhafen|wh_main_vmp_vampire_counts|wh_main_vmp_vampire_counts_qb1|wh_main_vmp_vampire_counts_qb2|wh_main_vmp_vampire_counts_qb3|wh_main_vmp_vampire_rebels|wh_main_vmp_waldenhof,false,false,true,true,true,true,,,wh_main_skill_node_set_vmp_vampire,,1,dignitary,false,false,,,,wh_main_skill_node_vmp_dignitary_campaign_02,wh2_main_skill_all_hero_passive_spread_corruption_vmp,{{tr:agent_action_name_spread_corruption}},The locals take notice and will be inspired or frightened into action.,campaign_vampiric_corruption.png,1,5,0,0,true,0,3,3,{{tr:agent_action_name_spread_corruption}},The locals take notice and will be inspired or frightened into action.,9,x,,,,,,,,,,,,,,,,,,,,,,,,,,,,,,,,,,,,character_skill_level_details_tables,wh2_main_skill_all_hero_passive_spread_corruption_vmp|3|||
effect,warhammer_3,8.1.1,24237342,Vampire Counts,vampire_counts,wh_main_sc_vmp_vampire_counts,Vampire (Death),Vampire_Death,hero,wh_main_vmp_vampire_death,dignitary,dignitary,wh2_dlc11_vmp_the_barrow_legion|wh2_dlc16_vmp_lahmian_sisterhood|wh2_main_vmp_necrarch_brotherhood|wh2_main_vmp_strygos_empire|wh2_main_vmp_the_silver_host|wh3_dlc21_vmp_jiangshi_rebels|wh3_dlc25_vmp_the_court_of_night|wh3_dlc25_vmp_vampire_counts_invasion|wh3_dlc26_vmp_templehof_qb|wh3_main_ie_vmp_sires_of_mourkain|wh3_main_vmp_caravan_of_blue_roses|wh3_main_vmp_lahmian_sisterhood|wh3_main_vmp_nagashizzar|wh_main_vmp_mousillon|wh_main_vmp_rival_sylvanian_vamps|wh_main_vmp_schwartzhafen|wh_main_vmp_vampire_counts|wh_main_vmp_vampire_counts_qb1|wh_main_vmp_vampire_counts_qb2|wh_main_vmp_vampire_counts_qb3|wh_main_vmp_vampire_rebels|wh_main_vmp_waldenhof,false,false,true,true,true,true,,,wh_main_skill_node_set_vmp_vampire,,1,dignitary,false,false,,,,wh_main_skill_node_vmp_dignitary_campaign_02,wh2_main_skill_all_hero_passive_spread_corruption_vmp,{{tr:agent_action_name_spread_corruption}},The locals take notice and will be inspired or frightened into action.,campaign_vampiric_corruption.png,1,5,0,0,true,0,3,1,{{tr:agent_action_name_spread_corruption}},The locals take notice and will be inspired or frightened into action.,,,,,,wh2_main_effect_agent_action_passive_spread_corruption_buff_vmp,[[col:yellow]]{{tr:agent_action_name_spread_corruption}}[[/col]] action: Vampiric corruption is increased by an additional %n,[[col:yellow]]{{tr:agent_action_name_spread_corruption}}[[/col]] (Constant Local Effect)\\nIncreases the amount of [[img:icon_corruption_vmp]][[/img]]Vampiric corruption in the local province.,character_to_character_own,1,campaign,8,true,corruption_vampiric.png,corruption_vampiric.png,,,,,,,,,,,,,,,,,,,,,,,character_skill_level_to_effects_junctions_tables,wh2_main_skill_all_hero_passive_spread_corruption_vmp|wh2_main_effect_agent_action_passive_spread_corruption_buff_vmp|1|character_to_character_own
effect,warhammer_3,8.1.1,24237342,Vampire Counts,vampire_counts,wh_main_sc_vmp_vampire_counts,Vampire (Death),Vampire_Death,hero,wh_main_vmp_vampire_death,dignitary,dignitary,wh2_dlc11_vmp_the_barrow_legion|wh2_dlc16_vmp_lahmian_sisterhood|wh2_main_vmp_necrarch_brotherhood|wh2_main_vmp_strygos_empire|wh2_main_vmp_the_silver_host|wh3_dlc21_vmp_jiangshi_rebels|wh3_dlc25_vmp_the_court_of_night|wh3_dlc25_vmp_vampire_counts_invasion|wh3_dlc26_vmp_templehof_qb|wh3_main_ie_vmp_sires_of_mourkain|wh3_main_vmp_caravan_of_blue_roses|wh3_main_vmp_lahmian_sisterhood|wh3_main_vmp_nagashizzar|wh_main_vmp_mousillon|wh_main_vmp_rival_sylvanian_vamps|wh_main_vmp_schwartzhafen|wh_main_vmp_vampire_counts|wh_main_vmp_vampire_counts_qb1|wh_main_vmp_vampire_counts_qb2|wh_main_vmp_vampire_counts_qb3|wh_main_vmp_vampire_rebels|wh_main_vmp_waldenhof,false,false,true,true,true,true,,,wh_main_skill_node_set_vmp_vampire,,1,dignitary,false,false,,,,wh_main_skill_node_vmp_dignitary_campaign_02,wh2_main_skill_all_hero_passive_spread_corruption_vmp,{{tr:agent_action_name_spread_corruption}},The locals take notice and will be inspired or frightened into action.,campaign_vampiric_corruption.png,1,5,0,0,true,0,3,1,{{tr:agent_action_name_spread_corruption}},The locals take notice and will be inspired or frightened into action.,,,,,,wh3_main_effect_agent_action_passive_spread_corruption_vampiric_effect,Vampiric corruption: %+n,,character_to_province_any,1,campaign,0,true,corruption_vampiric.png,corruption_vampiric.png,,,,,,,,,,,,,,,,,,,,,,,character_skill_level_to_effects_junctions_tables,wh2_main_skill_all_hero_passive_spread_corruption_vmp|wh3_main_effect_agent_action_passive_spread_corruption_vampiric_effect|1|character_to_province_any
effect,warhammer_3,8.1.1,24237342,Vampire Counts,vampire_counts,wh_main_sc_vmp_vampire_counts,Vampire (Death),Vampire_Death,hero,wh_main_vmp_vampire_death,dignitary,dignitary,wh2_dlc11_vmp_the_barrow_legion|wh2_dlc16_vmp_lahmian_sisterhood|wh2_main_vmp_necrarch_brotherhood|wh2_main_vmp_strygos_empire|wh2_main_vmp_the_silver_host|wh3_dlc21_vmp_jiangshi_rebels|wh3_dlc25_vmp_the_court_of_night|wh3_dlc25_vmp_vampire_counts_invasion|wh3_dlc26_vmp_templehof_qb|wh3_main_ie_vmp_sires_of_mourkain|wh3_main_vmp_caravan_of_blue_roses|wh3_main_vmp_lahmian_sisterhood|wh3_main_vmp_nagashizzar|wh_main_vmp_mousillon|wh_main_vmp_rival_sylvanian_vamps|wh_main_vmp_schwartzhafen|wh_main_vmp_vampire_counts|wh_main_vmp_vampire_counts_qb1|wh_main_vmp_vampire_counts_qb2|wh_main_vmp_vampire_counts_qb3|wh_main_vmp_vampire_rebels|wh_main_vmp_waldenhof,false,false,true,true,true,true,,,wh_main_skill_node_set_vmp_vampire,,1,dignitary,false,false,,,,wh_main_skill_node_vmp_dignitary_campaign_02,wh2_main_skill_all_hero_passive_spread_corruption_vmp,{{tr:agent_action_name_spread_corruption}},The locals take notice and will be inspired or frightened into action.,campaign_vampiric_corruption.png,1,5,0,0,true,0,3,2,{{tr:agent_action_name_spread_corruption}},The locals take notice and will be inspired or frightened into action.,,,,,,wh2_main_effect_agent_action_passive_spread_corruption_buff_vmp,[[col:yellow]]{{tr:agent_action_name_spread_corruption}}[[/col]] action: Vampiric corruption is increased by an additional %n,[[col:yellow]]{{tr:agent_action_name_spread_corruption}}[[/col]] (Constant Local Effect)\\nIncreases the amount of [[img:icon_corruption_vmp]][[/img]]Vampiric corruption in the local province.,character_to_character_own,2,campaign,8,true,corruption_vampiric.png,corruption_vampiric.png,,,,,,,,,,,,,,,,,,,,,,,character_skill_level_to_effects_junctions_tables,wh2_main_skill_all_hero_passive_spread_corruption_vmp|wh2_main_effect_agent_action_passive_spread_corruption_buff_vmp|2|character_to_character_own
effect,warhammer_3,8.1.1,24237342,Vampire Counts,vampire_counts,wh_main_sc_vmp_vampire_counts,Vampire (Death),Vampire_Death,hero,wh_main_vmp_vampire_death,dignitary,dignitary,wh2_dlc11_vmp_the_barrow_legion|wh2_dlc16_vmp_lahmian_sisterhood|wh2_main_vmp_necrarch_brotherhood|wh2_main_vmp_strygos_empire|wh2_main_vmp_the_silver_host|wh3_dlc21_vmp_jiangshi_rebels|wh3_dlc25_vmp_the_court_of_night|wh3_dlc25_vmp_vampire_counts_invasion|wh3_dlc26_vmp_templehof_qb|wh3_main_ie_vmp_sires_of_mourkain|wh3_main_vmp_caravan_of_blue_roses|wh3_main_vmp_lahmian_sisterhood|wh3_main_vmp_nagashizzar|wh_main_vmp_mousillon|wh_main_vmp_rival_sylvanian_vamps|wh_main_vmp_schwartzhafen|wh_main_vmp_vampire_counts|wh_main_vmp_vampire_counts_qb1|wh_main_vmp_vampire_counts_qb2|wh_main_vmp_vampire_counts_qb3|wh_main_vmp_vampire_rebels|wh_main_vmp_waldenhof,false,false,true,true,true,true,,,wh_main_skill_node_set_vmp_vampire,,1,dignitary,false,false,,,,wh_main_skill_node_vmp_dignitary_campaign_02,wh2_main_skill_all_hero_passive_spread_corruption_vmp,{{tr:agent_action_name_spread_corruption}},The locals take notice and will be inspired or frightened into action.,campaign_vampiric_corruption.png,1,5,0,0,true,0,3,2,{{tr:agent_action_name_spread_corruption}},The locals take notice and will be inspired or frightened into action.,,,,,,wh3_main_effect_agent_action_passive_spread_corruption_vampiric_effect,Vampiric corruption: %+n,,character_to_province_any,2,campaign,0,true,corruption_vampiric.png,corruption_vampiric.png,,,,,,,,,,,,,,,,,,,,,,,character_skill_level_to_effects_junctions_tables,wh2_main_skill_all_hero_passive_spread_corruption_vmp|wh3_main_effect_agent_action_passive_spread_corruption_vampiric_effect|2|character_to_province_any
effect,warhammer_3,8.1.1,24237342,Vampire Counts,vampire_counts,wh_main_sc_vmp_vampire_counts,Vampire (Death),Vampire_Death,hero,wh_main_vmp_vampire_death,dignitary,dignitary,wh2_dlc11_vmp_the_barrow_legion|wh2_dlc16_vmp_lahmian_sisterhood|wh2_main_vmp_necrarch_brotherhood|wh2_main_vmp_strygos_empire|wh2_main_vmp_the_silver_host|wh3_dlc21_vmp_jiangshi_rebels|wh3_dlc25_vmp_the_court_of_night|wh3_dlc25_vmp_vampire_counts_invasion|wh3_dlc26_vmp_templehof_qb|wh3_main_ie_vmp_sires_of_mourkain|wh3_main_vmp_caravan_of_blue_roses|wh3_main_vmp_lahmian_sisterhood|wh3_main_vmp_nagashizzar|wh_main_vmp_mousillon|wh_main_vmp_rival_sylvanian_vamps|wh_main_vmp_schwartzhafen|wh_main_vmp_vampire_counts|wh_main_vmp_vampire_counts_qb1|wh_main_vmp_vampire_counts_qb2|wh_main_vmp_vampire_counts_qb3|wh_main_vmp_vampire_rebels|wh_main_vmp_waldenhof,false,false,true,true,true,true,,,wh_main_skill_node_set_vmp_vampire,,1,dignitary,false,false,,,,wh_main_skill_node_vmp_dignitary_campaign_02,wh2_main_skill_all_hero_passive_spread_corruption_vmp,{{tr:agent_action_name_spread_corruption}},The locals take notice and will be inspired or frightened into action.,campaign_vampiric_corruption.png,1,5,0,0,true,0,3,3,{{tr:agent_action_name_spread_corruption}},The locals take notice and will be inspired or frightened into action.,,,,,,wh2_main_effect_agent_action_passive_spread_corruption_buff_vmp,[[col:yellow]]{{tr:agent_action_name_spread_corruption}}[[/col]] action: Vampiric corruption is increased by an additional %n,[[col:yellow]]{{tr:agent_action_name_spread_corruption}}[[/col]] (Constant Local Effect)\\nIncreases the amount of [[img:icon_corruption_vmp]][[/img]]Vampiric corruption in the local province.,character_to_character_own,3,campaign,8,true,corruption_vampiric.png,corruption_vampiric.png,,,,,,,,,,,,,,,,,,,,,,,character_skill_level_to_effects_junctions_tables,wh2_main_skill_all_hero_passive_spread_corruption_vmp|wh2_main_effect_agent_action_passive_spread_corruption_buff_vmp|3|character_to_character_own
effect,warhammer_3,8.1.1,24237342,Vampire Counts,vampire_counts,wh_main_sc_vmp_vampire_counts,Vampire (Death),Vampire_Death,hero,wh_main_vmp_vampire_death,dignitary,dignitary,wh2_dlc11_vmp_the_barrow_legion|wh2_dlc16_vmp_lahmian_sisterhood|wh2_main_vmp_necrarch_brotherhood|wh2_main_vmp_strygos_empire|wh2_main_vmp_the_silver_host|wh3_dlc21_vmp_jiangshi_rebels|wh3_dlc25_vmp_the_court_of_night|wh3_dlc25_vmp_vampire_counts_invasion|wh3_dlc26_vmp_templehof_qb|wh3_main_ie_vmp_sires_of_mourkain|wh3_main_vmp_caravan_of_blue_roses|wh3_main_vmp_lahmian_sisterhood|wh3_main_vmp_nagashizzar|wh_main_vmp_mousillon|wh_main_vmp_rival_sylvanian_vamps|wh_main_vmp_schwartzhafen|wh_main_vmp_vampire_counts|wh_main_vmp_vampire_counts_qb1|wh_main_vmp_vampire_counts_qb2|wh_main_vmp_vampire_counts_qb3|wh_main_vmp_vampire_rebels|wh_main_vmp_waldenhof,false,false,true,true,true,true,,,wh_main_skill_node_set_vmp_vampire,,1,dignitary,false,false,,,,wh_main_skill_node_vmp_dignitary_campaign_02,wh2_main_skill_all_hero_passive_spread_corruption_vmp,{{tr:agent_action_name_spread_corruption}},The locals take notice and will be inspired or frightened into action.,campaign_vampiric_corruption.png,1,5,0,0,true,0,3,3,{{tr:agent_action_name_spread_corruption}},The locals take notice and will be inspired or frightened into action.,,,,,,wh3_main_effect_agent_action_passive_spread_corruption_vampiric_effect,Vampiric corruption: %+n,,character_to_province_any,3,campaign,0,true,corruption_vampiric.png,corruption_vampiric.png,,,,,,,,,,,,,,,,,,,,,,,character_skill_level_to_effects_junctions_tables,wh2_main_skill_all_hero_passive_spread_corruption_vmp|wh3_main_effect_agent_action_passive_spread_corruption_vampiric_effect|3|character_to_province_any
node,warhammer_3,8.1.1,24237342,Vampire Counts,vampire_counts,wh_main_sc_vmp_vampire_counts,Vampire (Death),Vampire_Death,hero,wh_main_vmp_vampire_death,dignitary,dignitary,wh2_dlc11_vmp_the_barrow_legion|wh2_dlc16_vmp_lahmian_sisterhood|wh2_main_vmp_necrarch_brotherhood|wh2_main_vmp_strygos_empire|wh2_main_vmp_the_silver_host|wh3_dlc21_vmp_jiangshi_rebels|wh3_dlc25_vmp_the_court_of_night|wh3_dlc25_vmp_vampire_counts_invasion|wh3_dlc26_vmp_templehof_qb|wh3_main_ie_vmp_sires_of_mourkain|wh3_main_vmp_caravan_of_blue_roses|wh3_main_vmp_lahmian_sisterhood|wh3_main_vmp_nagashizzar|wh_main_vmp_mousillon|wh_main_vmp_rival_sylvanian_vamps|wh_main_vmp_schwartzhafen|wh_main_vmp_vampire_counts|wh_main_vmp_vampire_counts_qb1|wh_main_vmp_vampire_counts_qb2|wh_main_vmp_vampire_counts_qb3|wh_main_vmp_vampire_rebels|wh_main_vmp_waldenhof,false,false,true,true,true,true,,,wh_main_skill_node_set_vmp_vampire,,1,dignitary,false,false,,,,wh_main_skill_node_vmp_vampire_innate_02,wh2_main_skill_innate_vmp_devious,Devious ,Vampires and their liche-servants are devious creatures; manipulative with many mortal servants in their thrall.,trait_vampire_counts.png,1,6,0,0,false,0,1,,,,,,,,,,,,,,,,,,,,,,,,,,,,,,,,,,,,,,,,,character_skill_nodes_tables,wh_main_skill_node_vmp_vampire_innate_02
effect,warhammer_3,8.1.1,24237342,Vampire Counts,vampire_counts,wh_main_sc_vmp_vampire_counts,Vampire (Death),Vampire_Death,hero,wh_main_vmp_vampire_death,dignitary,dignitary,wh2_dlc11_vmp_the_barrow_legion|wh2_dlc16_vmp_lahmian_sisterhood|wh2_main_vmp_necrarch_brotherhood|wh2_main_vmp_strygos_empire|wh2_main_vmp_the_silver_host|wh3_dlc21_vmp_jiangshi_rebels|wh3_dlc25_vmp_the_court_of_night|wh3_dlc25_vmp_vampire_counts_invasion|wh3_dlc26_vmp_templehof_qb|wh3_main_ie_vmp_sires_of_mourkain|wh3_main_vmp_caravan_of_blue_roses|wh3_main_vmp_lahmian_sisterhood|wh3_main_vmp_nagashizzar|wh_main_vmp_mousillon|wh_main_vmp_rival_sylvanian_vamps|wh_main_vmp_schwartzhafen|wh_main_vmp_vampire_counts|wh_main_vmp_vampire_counts_qb1|wh_main_vmp_vampire_counts_qb2|wh_main_vmp_vampire_counts_qb3|wh_main_vmp_vampire_rebels|wh_main_vmp_waldenhof,false,false,true,true,true,true,,,wh_main_skill_node_set_vmp_vampire,,1,dignitary,false,false,,,,wh_main_skill_node_vmp_vampire_innate_02,wh2_main_skill_innate_vmp_devious,Devious ,Vampires and their liche-servants are devious creatures; manipulative with many mortal servants in their thrall.,trait_vampire_counts.png,1,6,0,0,false,0,1,1,Devious ,Vampires and their liche-servants are devious creatures; manipulative with many mortal servants in their thrall.,,,,,,wh_main_effect_agent_action_cost_mod,Hero action cost: %+n%,,character_to_character_provincewide,-15,campaign,100,false,treasury.png,treasury.png,,,,,,,,,,,,,,,,,,,,,,,character_skill_level_to_effects_junctions_tables,wh2_main_skill_innate_vmp_devious|wh_main_effect_agent_action_cost_mod|1|character_to_character_provincewide
effect,warhammer_3,8.1.1,24237342,Vampire Counts,vampire_counts,wh_main_sc_vmp_vampire_counts,Vampire (Death),Vampire_Death,hero,wh_main_vmp_vampire_death,dignitary,dignitary,wh2_dlc11_vmp_the_barrow_legion|wh2_dlc16_vmp_lahmian_sisterhood|wh2_main_vmp_necrarch_brotherhood|wh2_main_vmp_strygos_empire|wh2_main_vmp_the_silver_host|wh3_dlc21_vmp_jiangshi_rebels|wh3_dlc25_vmp_the_court_of_night|wh3_dlc25_vmp_vampire_counts_invasion|wh3_dlc26_vmp_templehof_qb|wh3_main_ie_vmp_sires_of_mourkain|wh3_main_vmp_caravan_of_blue_roses|wh3_main_vmp_lahmian_sisterhood|wh3_main_vmp_nagashizzar|wh_main_vmp_mousillon|wh_main_vmp_rival_sylvanian_vamps|wh_main_vmp_schwartzhafen|wh_main_vmp_vampire_counts|wh_main_vmp_vampire_counts_qb1|wh_main_vmp_vampire_counts_qb2|wh_main_vmp_vampire_counts_qb3|wh_main_vmp_vampire_rebels|wh_main_vmp_waldenhof,false,false,true,true,true,true,,,wh_main_skill_node_set_vmp_vampire,,1,dignitary,false,false,,,,wh_main_skill_node_vmp_vampire_innate_02,wh2_main_skill_innate_vmp_devious,Devious ,Vampires and their liche-servants are devious creatures; manipulative with many mortal servants in their thrall.,trait_vampire_counts.png,1,6,0,0,false,0,1,1,Devious ,Vampires and their liche-servants are devious creatures; manipulative with many mortal servants in their thrall.,,,,,,wh_main_effect_agent_action_success_chance,Hero action success chance: %+n%,,character_to_character_provincewide,8,campaign,101,true,agent.png,agent.png,,,,,,,,,,,,,,,,,,,,,,,character_skill_level_to_effects_junctions_tables,wh2_main_skill_innate_vmp_devious|wh_main_effect_agent_action_success_chance|1|character_to_character_provincewide
effect,warhammer_3,8.1.1,24237342,Vampire Counts,vampire_counts,wh_main_sc_vmp_vampire_counts,Vampire (Death),Vampire_Death,hero,wh_main_vmp_vampire_death,dignitary,dignitary,wh2_dlc11_vmp_the_barrow_legion|wh2_dlc16_vmp_lahmian_sisterhood|wh2_main_vmp_necrarch_brotherhood|wh2_main_vmp_strygos_empire|wh2_main_vmp_the_silver_host|wh3_dlc21_vmp_jiangshi_rebels|wh3_dlc25_vmp_the_court_of_night|wh3_dlc25_vmp_vampire_counts_invasion|wh3_dlc26_vmp_templehof_qb|wh3_main_ie_vmp_sires_of_mourkain|wh3_main_vmp_caravan_of_blue_roses|wh3_main_vmp_lahmian_sisterhood|wh3_main_vmp_nagashizzar|wh_main_vmp_mousillon|wh_main_vmp_rival_sylvanian_vamps|wh_main_vmp_schwartzhafen|wh_main_vmp_vampire_counts|wh_main_vmp_vampire_counts_qb1|wh_main_vmp_vampire_counts_qb2|wh_main_vmp_vampire_counts_qb3|wh_main_vmp_vampire_rebels|wh_main_vmp_waldenhof,false,false,true,true,true,true,,,wh_main_skill_node_set_vmp_vampire,,1,dignitary,false,false,,,,wh_main_skill_node_vmp_vampire_innate_02,wh2_main_skill_innate_vmp_devious,Devious ,Vampires and their liche-servants are devious creatures; manipulative with many mortal servants in their thrall.,trait_vampire_counts.png,1,6,0,0,false,0,1,1,Devious ,Vampires and their liche-servants are devious creatures; manipulative with many mortal servants in their thrall.,,,,,,wh_main_effect_attribute_enable_stalk,Attribute: Stalk,,character_to_character_own,1,both,320,true,attribute_stalk.png,attribute_stalk.png,,,,,,,,,,,,,,,,,,,,,,,character_skill_level_to_effects_junctions_tables,wh2_main_skill_innate_vmp_devious|wh_main_effect_attribute_enable_stalk|1|character_to_character_own
node,warhammer_3,8.1.1,24237342,Vampire Counts,vampire_counts,wh_main_sc_vmp_vampire_counts,Vampire (Death),Vampire_Death,hero,wh_main_vmp_vampire_death,dignitary,dignitary,wh2_dlc11_vmp_the_barrow_legion|wh2_dlc16_vmp_lahmian_sisterhood|wh2_main_vmp_necrarch_brotherhood|wh2_main_vmp_strygos_empire|wh2_main_vmp_the_silver_host|wh3_dlc21_vmp_jiangshi_rebels|wh3_dlc25_vmp_the_court_of_night|wh3_dlc25_vmp_vampire_counts_invasion|wh3_dlc26_vmp_templehof_qb|wh3_main_ie_vmp_sires_of_mourkain|wh3_main_vmp_caravan_of_blue_roses|wh3_main_vmp_lahmian_sisterhood|wh3_main_vmp_nagashizzar|wh_main_vmp_mousillon|wh_main_vmp_rival_sylvanian_vamps|wh_main_vmp_schwartzhafen|wh_main_vmp_vampire_counts|wh_main_vmp_vampire_counts_qb1|wh_main_vmp_vampire_counts_qb2|wh_main_vmp_vampire_counts_qb3|wh_main_vmp_vampire_rebels|wh_main_vmp_waldenhof,false,false,true,true,true,true,,,wh_main_skill_node_set_vmp_vampire,,1,dignitary,false,false,,,,wh_main_skill_node_vmp_dignitary_unique_03,wh_main_skill_vmp_dignitary_unique_the_hunger,The Hunger,,wh_main_lord_passive_the_hunger.png,2,0,0,0,true,7,1,,,,,,,,,,,,,,,,,,,,,,,,,,,,,,,,,,,,,,,,,character_skill_nodes_tables,wh_main_skill_node_vmp_dignitary_unique_03
skill_level,warhammer_3,8.1.1,24237342,Vampire Counts,vampire_counts,wh_main_sc_vmp_vampire_counts,Vampire (Death),Vampire_Death,hero,wh_main_vmp_vampire_death,dignitary,dignitary,wh2_dlc11_vmp_the_barrow_legion|wh2_dlc16_vmp_lahmian_sisterhood|wh2_main_vmp_necrarch_brotherhood|wh2_main_vmp_strygos_empire|wh2_main_vmp_the_silver_host|wh3_dlc21_vmp_jiangshi_rebels|wh3_dlc25_vmp_the_court_of_night|wh3_dlc25_vmp_vampire_counts_invasion|wh3_dlc26_vmp_templehof_qb|wh3_main_ie_vmp_sires_of_mourkain|wh3_main_vmp_caravan_of_blue_roses|wh3_main_vmp_lahmian_sisterhood|wh3_main_vmp_nagashizzar|wh_main_vmp_mousillon|wh_main_vmp_rival_sylvanian_vamps|wh_main_vmp_schwartzhafen|wh_main_vmp_vampire_counts|wh_main_vmp_vampire_counts_qb1|wh_main_vmp_vampire_counts_qb2|wh_main_vmp_vampire_counts_qb3|wh_main_vmp_vampire_rebels|wh_main_vmp_waldenhof,false,false,true,true,true,true,,,wh_main_skill_node_set_vmp_vampire,,1,dignitary,false,false,,,,wh_main_skill_node_vmp_dignitary_unique_03,wh_main_skill_vmp_dignitary_unique_the_hunger,The Hunger,,wh_main_lord_passive_the_hunger.png,2,0,0,0,true,7,1,1,The Hunger,,7,x,,,,,,,,,,,,,,,,,,,,,,,,,,,,,,,,,,,,character_skill_level_details_tables,wh_main_skill_vmp_dignitary_unique_the_hunger|1|||
effect,warhammer_3,8.1.1,24237342,Vampire Counts,vampire_counts,wh_main_sc_vmp_vampire_counts,Vampire (Death),Vampire_Death,hero,wh_main_vmp_vampire_death,dignitary,dignitary,wh2_dlc11_vmp_the_barrow_legion|wh2_dlc16_vmp_lahmian_sisterhood|wh2_main_vmp_necrarch_brotherhood|wh2_main_vmp_strygos_empire|wh2_main_vmp_the_silver_host|wh3_dlc21_vmp_jiangshi_rebels|wh3_dlc25_vmp_the_court_of_night|wh3_dlc25_vmp_vampire_counts_invasion|wh3_dlc26_vmp_templehof_qb|wh3_main_ie_vmp_sires_of_mourkain|wh3_main_vmp_caravan_of_blue_roses|wh3_main_vmp_lahmian_sisterhood|wh3_main_vmp_nagashizzar|wh_main_vmp_mousillon|wh_main_vmp_rival_sylvanian_vamps|wh_main_vmp_schwartzhafen|wh_main_vmp_vampire_counts|wh_main_vmp_vampire_counts_qb1|wh_main_vmp_vampire_counts_qb2|wh_main_vmp_vampire_counts_qb3|wh_main_vmp_vampire_rebels|wh_main_vmp_waldenhof,false,false,true,true,true,true,,,wh_main_skill_node_set_vmp_vampire,,1,dignitary,false,false,,,,wh_main_skill_node_vmp_dignitary_unique_03,wh_main_skill_vmp_dignitary_unique_the_hunger,The Hunger,,wh_main_lord_passive_the_hunger.png,2,0,0,0,true,7,1,1,The Hunger,,,,,,,wh_main_effect_ability_enable_the_hunger,"Passive ability: ""The Hunger""",,character_to_character_own,1,battle,310,true,general_ability.png,general_ability.png,,,,,,,,,,,,,,,,,,,,,,,character_skill_level_to_effects_junctions_tables,wh_main_skill_vmp_dignitary_unique_the_hunger|wh_main_effect_ability_enable_the_hunger|1|character_to_character_own
node,warhammer_3,8.1.1,24237342,Vampire Counts,vampire_counts,wh_main_sc_vmp_vampire_counts,Vampire (Death),Vampire_Death,hero,wh_main_vmp_vampire_death,dignitary,dignitary,wh2_dlc11_vmp_the_barrow_legion|wh2_dlc16_vmp_lahmian_sisterhood|wh2_main_vmp_necrarch_brotherhood|wh2_main_vmp_strygos_empire|wh2_main_vmp_the_silver_host|wh3_dlc21_vmp_jiangshi_rebels|wh3_dlc25_vmp_the_court_of_night|wh3_dlc25_vmp_vampire_counts_invasion|wh3_dlc26_vmp_templehof_qb|wh3_main_ie_vmp_sires_of_mourkain|wh3_main_vmp_caravan_of_blue_roses|wh3_main_vmp_lahmian_sisterhood|wh3_main_vmp_nagashizzar|wh_main_vmp_mousillon|wh_main_vmp_rival_sylvanian_vamps|wh_main_vmp_schwartzhafen|wh_main_vmp_vampire_counts|wh_main_vmp_vampire_counts_qb1|wh_main_vmp_vampire_counts_qb2|wh_main_vmp_vampire_counts_qb3|wh_main_vmp_vampire_rebels|wh_main_vmp_waldenhof,false,false,true,true,true,true,,,wh_main_skill_node_set_vmp_vampire,,1,dignitary,false,false,,,,wh_main_skill_node_vmp_dignitary_self_03,wh_main_skill_all_dignitary_self_wild-eyed,Wild-Eyed,"Don't look into their eyes, there is only death there!",character_attack.png,2,1,0,0,true,0,3,,,,,,,,,,,,,,,,,,,,,,,,,,,,,,,,,,,,,,,,,character_skill_nodes_tables,wh_main_skill_node_vmp_dignitary_self_03
effect,warhammer_3,8.1.1,24237342,Vampire Counts,vampire_counts,wh_main_sc_vmp_vampire_counts,Vampire (Death),Vampire_Death,hero,wh_main_vmp_vampire_death,dignitary,dignitary,wh2_dlc11_vmp_the_barrow_legion|wh2_dlc16_vmp_lahmian_sisterhood|wh2_main_vmp_necrarch_brotherhood|wh2_main_vmp_strygos_empire|wh2_main_vmp_the_silver_host|wh3_dlc21_vmp_jiangshi_rebels|wh3_dlc25_vmp_the_court_of_night|wh3_dlc25_vmp_vampire_counts_invasion|wh3_dlc26_vmp_templehof_qb|wh3_main_ie_vmp_sires_of_mourkain|wh3_main_vmp_caravan_of_blue_roses|wh3_main_vmp_lahmian_sisterhood|wh3_main_vmp_nagashizzar|wh_main_vmp_mousillon|wh_main_vmp_rival_sylvanian_vamps|wh_main_vmp_schwartzhafen|wh_main_vmp_vampire_counts|wh_main_vmp_vampire_counts_qb1|wh_main_vmp_vampire_counts_qb2|wh_main_vmp_vampire_counts_qb3|wh_main_vmp_vampire_rebels|wh_main_vmp_waldenhof,false,false,true,true,true,true,,,wh_main_skill_node_set_vmp_vampire,,1,dignitary,false,false,,,,wh_main_skill_node_vmp_dignitary_self_03,wh_main_skill_all_dignitary_self_wild-eyed,Wild-Eyed,"Don't look into their eyes, there is only death there!",character_attack.png,2,1,0,0,true,0,3,1,Wild-Eyed,"Don't look into their eyes, there is only death there!",,,,,,wh_main_effect_character_stat_melee_attack,Melee attack: %+n,,character_to_character_own,3,both,130,true,melee_character.png,melee_character.png,,,,,,,,,,,,,,,,,,,,,,,character_skill_level_to_effects_junctions_tables,wh_main_skill_all_dignitary_self_wild-eyed|wh_main_effect_character_stat_melee_attack|1|character_to_character_own
effect,warhammer_3,8.1.1,24237342,Vampire Counts,vampire_counts,wh_main_sc_vmp_vampire_counts,Vampire (Death),Vampire_Death,hero,wh_main_vmp_vampire_death,dignitary,dignitary,wh2_dlc11_vmp_the_barrow_legion|wh2_dlc16_vmp_lahmian_sisterhood|wh2_main_vmp_necrarch_brotherhood|wh2_main_vmp_strygos_empire|wh2_main_vmp_the_silver_host|wh3_dlc21_vmp_jiangshi_rebels|wh3_dlc25_vmp_the_court_of_night|wh3_dlc25_vmp_vampire_counts_invasion|wh3_dlc26_vmp_templehof_qb|wh3_main_ie_vmp_sires_of_mourkain|wh3_main_vmp_caravan_of_blue_roses|wh3_main_vmp_lahmian_sisterhood|wh3_main_vmp_nagashizzar|wh_main_vmp_mousillon|wh_main_vmp_rival_sylvanian_vamps|wh_main_vmp_schwartzhafen|wh_main_vmp_vampire_counts|wh_main_vmp_vampire_counts_qb1|wh_main_vmp_vampire_counts_qb2|wh_main_vmp_vampire_counts_qb3|wh_main_vmp_vampire_rebels|wh_main_vmp_waldenhof,false,false,true,true,true,true,,,wh_main_skill_node_set_vmp_vampire,,1,dignitary,false,false,,,,wh_main_skill_node_vmp_dignitary_self_03,wh_main_skill_all_dignitary_self_wild-eyed,Wild-Eyed,"Don't look into their eyes, there is only death there!",character_attack.png,2,1,0,0,true,0,3,2,Wild-Eyed,"Don't look into their eyes, there is only death there!",,,,,,wh_main_effect_character_stat_melee_attack,Melee attack: %+n,,character_to_character_own,6,both,130,true,melee_character.png,melee_character.png,,,,,,,,,,,,,,,,,,,,,,,character_skill_level_to_effects_junctions_tables,wh_main_skill_all_dignitary_self_wild-eyed|wh_main_effect_character_stat_melee_attack|2|character_to_character_own
effect,warhammer_3,8.1.1,24237342,Vampire Counts,vampire_counts,wh_main_sc_vmp_vampire_counts,Vampire (Death),Vampire_Death,hero,wh_main_vmp_vampire_death,dignitary,dignitary,wh2_dlc11_vmp_the_barrow_legion|wh2_dlc16_vmp_lahmian_sisterhood|wh2_main_vmp_necrarch_brotherhood|wh2_main_vmp_strygos_empire|wh2_main_vmp_the_silver_host|wh3_dlc21_vmp_jiangshi_rebels|wh3_dlc25_vmp_the_court_of_night|wh3_dlc25_vmp_vampire_counts_invasion|wh3_dlc26_vmp_templehof_qb|wh3_main_ie_vmp_sires_of_mourkain|wh3_main_vmp_caravan_of_blue_roses|wh3_main_vmp_lahmian_sisterhood|wh3_main_vmp_nagashizzar|wh_main_vmp_mousillon|wh_main_vmp_rival_sylvanian_vamps|wh_main_vmp_schwartzhafen|wh_main_vmp_vampire_counts|wh_main_vmp_vampire_counts_qb1|wh_main_vmp_vampire_counts_qb2|wh_main_vmp_vampire_counts_qb3|wh_main_vmp_vampire_rebels|wh_main_vmp_waldenhof,false,false,true,true,true,true,,,wh_main_skill_node_set_vmp_vampire,,1,dignitary,false,false,,,,wh_main_skill_node_vmp_dignitary_self_03,wh_main_skill_all_dignitary_self_wild-eyed,Wild-Eyed,"Don't look into their eyes, there is only death there!",character_attack.png,2,1,0,0,true,0,3,3,Wild-Eyed,"Don't look into their eyes, there is only death there!",,,,,,wh_main_effect_character_stat_melee_attack,Melee attack: %+n,,character_to_character_own,9,both,130,true,melee_character.png,melee_character.png,,,,,,,,,,,,,,,,,,,,,,,character_skill_level_to_effects_junctions_tables,wh_main_skill_all_dignitary_self_wild-eyed|wh_main_effect_character_stat_melee_attack|3|character_to_character_own
node,warhammer_3,8.1.1,24237342,Vampire Counts,vampire_counts,wh_main_sc_vmp_vampire_counts,Vampire (Death),Vampire_Death,hero,wh_main_vmp_vampire_death,dignitary,dignitary,wh2_dlc11_vmp_the_barrow_legion|wh2_dlc16_vmp_lahmian_sisterhood|wh2_main_vmp_necrarch_brotherhood|wh2_main_vmp_strygos_empire|wh2_main_vmp_the_silver_host|wh3_dlc21_vmp_jiangshi_rebels|wh3_dlc25_vmp_the_court_of_night|wh3_dlc25_vmp_vampire_counts_invasion|wh3_dlc26_vmp_templehof_qb|wh3_main_ie_vmp_sires_of_mourkain|wh3_main_vmp_caravan_of_blue_roses|wh3_main_vmp_lahmian_sisterhood|wh3_main_vmp_nagashizzar|wh_main_vmp_mousillon|wh_main_vmp_rival_sylvanian_vamps|wh_main_vmp_schwartzhafen|wh_main_vmp_vampire_counts|wh_main_vmp_vampire_counts_qb1|wh_main_vmp_vampire_counts_qb2|wh_main_vmp_vampire_counts_qb3|wh_main_vmp_vampire_rebels|wh_main_vmp_waldenhof,false,false,true,true,true,true,,,wh_main_skill_node_set_vmp_vampire,,1,dignitary,false,false,,,,wh_main_skill_node_vmp_dignitary_magic1_03,wh_main_skill_all_magic_death_02_aspect_of_the_dreadknight,Aspect of the Dread Knight,,wh_main_spell_death_aspect_of_the_dreadknight.png,2,2,0,0,true,0,3,,,,,,,,,,,,,,,,,,,,,,,,,,,,,,,,,,,,,,,,,character_skill_nodes_tables,wh_main_skill_node_vmp_dignitary_magic1_03
effect,warhammer_3,8.1.1,24237342,Vampire Counts,vampire_counts,wh_main_sc_vmp_vampire_counts,Vampire (Death),Vampire_Death,hero,wh_main_vmp_vampire_death,dignitary,dignitary,wh2_dlc11_vmp_the_barrow_legion|wh2_dlc16_vmp_lahmian_sisterhood|wh2_main_vmp_necrarch_brotherhood|wh2_main_vmp_strygos_empire|wh2_main_vmp_the_silver_host|wh3_dlc21_vmp_jiangshi_rebels|wh3_dlc25_vmp_the_court_of_night|wh3_dlc25_vmp_vampire_counts_invasion|wh3_dlc26_vmp_templehof_qb|wh3_main_ie_vmp_sires_of_mourkain|wh3_main_vmp_caravan_of_blue_roses|wh3_main_vmp_lahmian_sisterhood|wh3_main_vmp_nagashizzar|wh_main_vmp_mousillon|wh_main_vmp_rival_sylvanian_vamps|wh_main_vmp_schwartzhafen|wh_main_vmp_vampire_counts|wh_main_vmp_vampire_counts_qb1|wh_main_vmp_vampire_counts_qb2|wh_main_vmp_vampire_counts_qb3|wh_main_vmp_vampire_rebels|wh_main_vmp_waldenhof,false,false,true,true,true,true,,,wh_main_skill_node_set_vmp_vampire,,1,dignitary,false,false,,,,wh_main_skill_node_vmp_dignitary_magic1_03,wh_main_skill_all_magic_death_02_aspect_of_the_dreadknight,Aspect of the Dread Knight,,wh_main_spell_death_aspect_of_the_dreadknight.png,2,2,0,0,true,0,3,1,Aspect of the Dread Knight,,,,,,,wh_main_effect_ability_enable_aspect_of_the_dreadknight,"Spell: ""Aspect of the Dread Knight""",,character_to_character_own,1,battle,290,true,magic_character.png,magic_character.png,,,,,,,,,,,,,,,,,,,,,,,character_skill_level_to_effects_junctions_tables,wh_main_skill_all_magic_death_02_aspect_of_the_dreadknight|wh_main_effect_ability_enable_aspect_of_the_dreadknight|1|character_to_character_own
effect,warhammer_3,8.1.1,24237342,Vampire Counts,vampire_counts,wh_main_sc_vmp_vampire_counts,Vampire (Death),Vampire_Death,hero,wh_main_vmp_vampire_death,dignitary,dignitary,wh2_dlc11_vmp_the_barrow_legion|wh2_dlc16_vmp_lahmian_sisterhood|wh2_main_vmp_necrarch_brotherhood|wh2_main_vmp_strygos_empire|wh2_main_vmp_the_silver_host|wh3_dlc21_vmp_jiangshi_rebels|wh3_dlc25_vmp_the_court_of_night|wh3_dlc25_vmp_vampire_counts_invasion|wh3_dlc26_vmp_templehof_qb|wh3_main_ie_vmp_sires_of_mourkain|wh3_main_vmp_caravan_of_blue_roses|wh3_main_vmp_lahmian_sisterhood|wh3_main_vmp_nagashizzar|wh_main_vmp_mousillon|wh_main_vmp_rival_sylvanian_vamps|wh_main_vmp_schwartzhafen|wh_main_vmp_vampire_counts|wh_main_vmp_vampire_counts_qb1|wh_main_vmp_vampire_counts_qb2|wh_main_vmp_vampire_counts_qb3|wh_main_vmp_vampire_rebels|wh_main_vmp_waldenhof,false,false,true,true,true,true,,,wh_main_skill_node_set_vmp_vampire,,1,dignitary,false,false,,,,wh_main_skill_node_vmp_dignitary_magic1_03,wh_main_skill_all_magic_death_02_aspect_of_the_dreadknight,Aspect of the Dread Knight,,wh_main_spell_death_aspect_of_the_dreadknight.png,2,2,0,0,true,0,3,2,Aspect of the Dread Knight,,,,,,,wh_main_effect_ability_cooldown_aspect_of_the_dreadknight,"Cooldown: %+n% to ""Aspect of the Dread Knight""",,character_to_character_own,-30,both,293,false,magic_cooldown.png,magic_cooldown.png,,,,,,,,,,,,,,,,,,,,,,,character_skill_level_to_effects_junctions_tables,wh_main_skill_all_magic_death_02_aspect_of_the_dreadknight|wh_main_effect_ability_cooldown_aspect_of_the_dreadknight|2|character_to_character_own
effect,warhammer_3,8.1.1,24237342,Vampire Counts,vampire_counts,wh_main_sc_vmp_vampire_counts,Vampire (Death),Vampire_Death,hero,wh_main_vmp_vampire_death,dignitary,dignitary,wh2_dlc11_vmp_the_barrow_legion|wh2_dlc16_vmp_lahmian_sisterhood|wh2_main_vmp_necrarch_brotherhood|wh2_main_vmp_strygos_empire|wh2_main_vmp_the_silver_host|wh3_dlc21_vmp_jiangshi_rebels|wh3_dlc25_vmp_the_court_of_night|wh3_dlc25_vmp_vampire_counts_invasion|wh3_dlc26_vmp_templehof_qb|wh3_main_ie_vmp_sires_of_mourkain|wh3_main_vmp_caravan_of_blue_roses|wh3_main_vmp_lahmian_sisterhood|wh3_main_vmp_nagashizzar|wh_main_vmp_mousillon|wh_main_vmp_rival_sylvanian_vamps|wh_main_vmp_schwartzhafen|wh_main_vmp_vampire_counts|wh_main_vmp_vampire_counts_qb1|wh_main_vmp_vampire_counts_qb2|wh_main_vmp_vampire_counts_qb3|wh_main_vmp_vampire_rebels|wh_main_vmp_waldenhof,false,false,true,true,true,true,,,wh_main_skill_node_set_vmp_vampire,,1,dignitary,false,false,,,,wh_main_skill_node_vmp_dignitary_magic1_03,wh_main_skill_all_magic_death_02_aspect_of_the_dreadknight,Aspect of the Dread Knight,,wh_main_spell_death_aspect_of_the_dreadknight.png,2,2,0,0,true,0,3,2,Aspect of the Dread Knight,,,,,,,wh2_main_effect_ability_overcast_aspect_of_the_dreadknight,"Overcast spell: ""Aspect of the Dread Knight Upgraded""",,character_to_character_own,1,both,292,true,magic_character.png,magic_character.png,,,,,,,,,,,,,,,,,,,,,,,character_skill_level_to_effects_junctions_tables,wh_main_skill_all_magic_death_02_aspect_of_the_dreadknight|wh2_main_effect_ability_overcast_aspect_of_the_dreadknight|2|character_to_character_own
effect,warhammer_3,8.1.1,24237342,Vampire Counts,vampire_counts,wh_main_sc_vmp_vampire_counts,Vampire (Death),Vampire_Death,hero,wh_main_vmp_vampire_death,dignitary,dignitary,wh2_dlc11_vmp_the_barrow_legion|wh2_dlc16_vmp_lahmian_sisterhood|wh2_main_vmp_necrarch_brotherhood|wh2_main_vmp_strygos_empire|wh2_main_vmp_the_silver_host|wh3_dlc21_vmp_jiangshi_rebels|wh3_dlc25_vmp_the_court_of_night|wh3_dlc25_vmp_vampire_counts_invasion|wh3_dlc26_vmp_templehof_qb|wh3_main_ie_vmp_sires_of_mourkain|wh3_main_vmp_caravan_of_blue_roses|wh3_main_vmp_lahmian_sisterhood|wh3_main_vmp_nagashizzar|wh_main_vmp_mousillon|wh_main_vmp_rival_sylvanian_vamps|wh_main_vmp_schwartzhafen|wh_main_vmp_vampire_counts|wh_main_vmp_vampire_counts_qb1|wh_main_vmp_vampire_counts_qb2|wh_main_vmp_vampire_counts_qb3|wh_main_vmp_vampire_rebels|wh_main_vmp_waldenhof,false,false,true,true,true,true,,,wh_main_skill_node_set_vmp_vampire,,1,dignitary,false,false,,,,wh_main_skill_node_vmp_dignitary_magic1_03,wh_main_skill_all_magic_death_02_aspect_of_the_dreadknight,Aspect of the Dread Knight,,wh_main_spell_death_aspect_of_the_dreadknight.png,2,2,0,0,true,0,3,3,Aspect of the Dread Knight,,,,,,,wh_main_effect_ability_cooldown_aspect_of_the_dreadknight,"Cooldown: %+n% to ""Aspect of the Dread Knight""",,character_to_character_own,-50,both,293,false,magic_cooldown.png,magic_cooldown.png,,,,,,,,,,,,,,,,,,,,,,,character_skill_level_to_effects_junctions_tables,wh_main_skill_all_magic_death_02_aspect_of_the_dreadknight|wh_main_effect_ability_cooldown_aspect_of_the_dreadknight|3|character_to_character_own
effect,warhammer_3,8.1.1,24237342,Vampire Counts,vampire_counts,wh_main_sc_vmp_vampire_counts,Vampire (Death),Vampire_Death,hero,wh_main_vmp_vampire_death,dignitary,dignitary,wh2_dlc11_vmp_the_barrow_legion|wh2_dlc16_vmp_lahmian_sisterhood|wh2_main_vmp_necrarch_brotherhood|wh2_main_vmp_strygos_empire|wh2_main_vmp_the_silver_host|wh3_dlc21_vmp_jiangshi_rebels|wh3_dlc25_vmp_the_court_of_night|wh3_dlc25_vmp_vampire_counts_invasion|wh3_dlc26_vmp_templehof_qb|wh3_main_ie_vmp_sires_of_mourkain|wh3_main_vmp_caravan_of_blue_roses|wh3_main_vmp_lahmian_sisterhood|wh3_main_vmp_nagashizzar|wh_main_vmp_mousillon|wh_main_vmp_rival_sylvanian_vamps|wh_main_vmp_schwartzhafen|wh_main_vmp_vampire_counts|wh_main_vmp_vampire_counts_qb1|wh_main_vmp_vampire_counts_qb2|wh_main_vmp_vampire_counts_qb3|wh_main_vmp_vampire_rebels|wh_main_vmp_waldenhof,false,false,true,true,true,true,,,wh_main_skill_node_set_vmp_vampire,,1,dignitary,false,false,,,,wh_main_skill_node_vmp_dignitary_magic1_03,wh_main_skill_all_magic_death_02_aspect_of_the_dreadknight,Aspect of the Dread Knight,,wh_main_spell_death_aspect_of_the_dreadknight.png,2,2,0,0,true,0,3,3,Aspect of the Dread Knight,,,,,,,wh2_main_effect_ability_miscast_aspect_of_the_dreadknight_upgraded,"Miscast base chance: %+n% for ""Aspect of the Dread Knight Upgraded""",,character_to_character_own,-15,both,298,false,magic.png,magic.png,,,,,,,,,,,,,,,,,,,,,,,character_skill_level_to_effects_junctions_tables,wh_main_skill_all_magic_death_02_aspect_of_the_dreadknight|wh2_main_effect_ability_miscast_aspect_of_the_dreadknight_upgraded|3|character_to_character_own
effect,warhammer_3,8.1.1,24237342,Vampire Counts,vampire_counts,wh_main_sc_vmp_vampire_counts,Vampire (Death),Vampire_Death,hero,wh_main_vmp_vampire_death,dignitary,dignitary,wh2_dlc11_vmp_the_barrow_legion|wh2_dlc16_vmp_lahmian_sisterhood|wh2_main_vmp_necrarch_brotherhood|wh2_main_vmp_strygos_empire|wh2_main_vmp_the_silver_host|wh3_dlc21_vmp_jiangshi_rebels|wh3_dlc25_vmp_the_court_of_night|wh3_dlc25_vmp_vampire_counts_invasion|wh3_dlc26_vmp_templehof_qb|wh3_main_ie_vmp_sires_of_mourkain|wh3_main_vmp_caravan_of_blue_roses|wh3_main_vmp_lahmian_sisterhood|wh3_main_vmp_nagashizzar|wh_main_vmp_mousillon|wh_main_vmp_rival_sylvanian_vamps|wh_main_vmp_schwartzhafen|wh_main_vmp_vampire_counts|wh_main_vmp_vampire_counts_qb1|wh_main_vmp_vampire_counts_qb2|wh_main_vmp_vampire_counts_qb3|wh_main_vmp_vampire_rebels|wh_main_vmp_waldenhof,false,false,true,true,true,true,,,wh_main_skill_node_set_vmp_vampire,,1,dignitary,false,false,,,,wh_main_skill_node_vmp_dignitary_magic1_03,wh_main_skill_all_magic_death_02_aspect_of_the_dreadknight,Aspect of the Dread Knight,,wh_main_spell_death_aspect_of_the_dreadknight.png,2,2,0,0,true,0,3,3,Aspect of the Dread Knight,,,,,,,wh2_main_effect_ability_overcast_aspect_of_the_dreadknight,"Overcast spell: ""Aspect of the Dread Knight Upgraded""",,character_to_character_own,1,both,292,true,magic_character.png,magic_character.png,,,,,,,,,,,,,,,,,,,,,,,character_skill_level_to_effects_junctions_tables,wh_main_skill_all_magic_death_02_aspect_of_the_dreadknight|wh2_main_effect_ability_overcast_aspect_of_the_dreadknight|3|character_to_character_own
effect,warhammer_3,8.1.1,24237342,Vampire Counts,vampire_counts,wh_main_sc_vmp_vampire_counts,Vampire (Death),Vampire_Death,hero,wh_main_vmp_vampire_death,dignitary,dignitary,wh2_dlc11_vmp_the_barrow_legion|wh2_dlc16_vmp_lahmian_sisterhood|wh2_main_vmp_necrarch_brotherhood|wh2_main_vmp_strygos_empire|wh2_main_vmp_the_silver_host|wh3_dlc21_vmp_jiangshi_rebels|wh3_dlc25_vmp_the_court_of_night|wh3_dlc25_vmp_vampire_counts_invasion|wh3_dlc26_vmp_templehof_qb|wh3_main_ie_vmp_sires_of_mourkain|wh3_main_vmp_caravan_of_blue_roses|wh3_main_vmp_lahmian_sisterhood|wh3_main_vmp_nagashizzar|wh_main_vmp_mousillon|wh_main_vmp_rival_sylvanian_vamps|wh_main_vmp_schwartzhafen|wh_main_vmp_vampire_counts|wh_main_vmp_vampire_counts_qb1|wh_main_vmp_vampire_counts_qb2|wh_main_vmp_vampire_counts_qb3|wh_main_vmp_vampire_rebels|wh_main_vmp_waldenhof,false,false,true,true,true,true,,,wh_main_skill_node_set_vmp_vampire,,1,dignitary,false,false,,,,wh_main_skill_node_vmp_dignitary_magic1_03,wh_main_skill_all_magic_death_02_aspect_of_the_dreadknight,Aspect of the Dread Knight,,wh_main_spell_death_aspect_of_the_dreadknight.png,2,2,0,0,true,0,3,3,Aspect of the Dread Knight,,,,,,,wh2_main_effect_ability_wom_cost_aspect_of_the_dreadknight,"Winds of Magic cost: %n for ""Aspect of the Dread Knight""",,character_to_character_own,-1,both,294,false,magic_character.png,magic_character.png,,,,,,,,,,,,,,,,,,,,,,,character_skill_level_to_effects_junctions_tables,wh_main_skill_all_magic_death_02_aspect_of_the_dreadknight|wh2_main_effect_ability_wom_cost_aspect_of_the_dreadknight|3|character_to_character_own
effect,warhammer_3,8.1.1,24237342,Vampire Counts,vampire_counts,wh_main_sc_vmp_vampire_counts,Vampire (Death),Vampire_Death,hero,wh_main_vmp_vampire_death,dignitary,dignitary,wh2_dlc11_vmp_the_barrow_legion|wh2_dlc16_vmp_lahmian_sisterhood|wh2_main_vmp_necrarch_brotherhood|wh2_main_vmp_strygos_empire|wh2_main_vmp_the_silver_host|wh3_dlc21_vmp_jiangshi_rebels|wh3_dlc25_vmp_the_court_of_night|wh3_dlc25_vmp_vampire_counts_invasion|wh3_dlc26_vmp_templehof_qb|wh3_main_ie_vmp_sires_of_mourkain|wh3_main_vmp_caravan_of_blue_roses|wh3_main_vmp_lahmian_sisterhood|wh3_main_vmp_nagashizzar|wh_main_vmp_mousillon|wh_main_vmp_rival_sylvanian_vamps|wh_main_vmp_schwartzhafen|wh_main_vmp_vampire_counts|wh_main_vmp_vampire_counts_qb1|wh_main_vmp_vampire_counts_qb2|wh_main_vmp_vampire_counts_qb3|wh_main_vmp_vampire_rebels|wh_main_vmp_waldenhof,false,false,true,true,true,true,,,wh_main_skill_node_set_vmp_vampire,,1,dignitary,false,false,,,,wh_main_skill_node_vmp_dignitary_magic1_03,wh_main_skill_all_magic_death_02_aspect_of_the_dreadknight,Aspect of the Dread Knight,,wh_main_spell_death_aspect_of_the_dreadknight.png,2,2,0,0,true,0,3,3,Aspect of the Dread Knight,,,,,,,wh2_main_effect_ability_wom_cost_aspect_of_the_dreadknight_upgraded,"Winds of Magic cost: %n for ""Aspect of the Dread Knight Upgraded""",,character_to_character_own,-2,both,295,false,magic_character.png,magic_character.png,,,,,,,,,,,,,,,,,,,,,,,character_skill_level_to_effects_junctions_tables,wh_main_skill_all_magic_death_02_aspect_of_the_dreadknight|wh2_main_effect_ability_wom_cost_aspect_of_the_dreadknight_upgraded|3|character_to_character_own
node,warhammer_3,8.1.1,24237342,Vampire Counts,vampire_counts,wh_main_sc_vmp_vampire_counts,Vampire (Death),Vampire_Death,hero,wh_main_vmp_vampire_death,dignitary,dignitary,wh2_dlc11_vmp_the_barrow_legion|wh2_dlc16_vmp_lahmian_sisterhood|wh2_main_vmp_necrarch_brotherhood|wh2_main_vmp_strygos_empire|wh2_main_vmp_the_silver_host|wh3_dlc21_vmp_jiangshi_rebels|wh3_dlc25_vmp_the_court_of_night|wh3_dlc25_vmp_vampire_counts_invasion|wh3_dlc26_vmp_templehof_qb|wh3_main_ie_vmp_sires_of_mourkain|wh3_main_vmp_caravan_of_blue_roses|wh3_main_vmp_lahmian_sisterhood|wh3_main_vmp_nagashizzar|wh_main_vmp_mousillon|wh_main_vmp_rival_sylvanian_vamps|wh_main_vmp_schwartzhafen|wh_main_vmp_vampire_counts|wh_main_vmp_vampire_counts_qb1|wh_main_vmp_vampire_counts_qb2|wh_main_vmp_vampire_counts_qb3|wh_main_vmp_vampire_rebels|wh_main_vmp_waldenhof,false,false,true,true,true,true,,,wh_main_skill_node_set_vmp_vampire,,1,dignitary,false,false,,,,wh_main_skill_node_vmp_dignitary_campaign_03,wh2_main_skill_all_hero_hinder_settlement_damage_building,{{tr:agent_action_name_damage_building}},"It is not just the forces of Chaos that can despoil, break and ruin.",campaign_siege_attack.png,2,5,0,0,true,0,3,,,,,,,,,,,,,,,,,,,,,,,,,,,,,,,,,,,,,,,,,character_skill_nodes_tables,wh_main_skill_node_vmp_dignitary_campaign_03
skill_level,warhammer_3,8.1.1,24237342,Vampire Counts,vampire_counts,wh_main_sc_vmp_vampire_counts,Vampire (Death),Vampire_Death,hero,wh_main_vmp_vampire_death,dignitary,dignitary,wh2_dlc11_vmp_the_barrow_legion|wh2_dlc16_vmp_lahmian_sisterhood|wh2_main_vmp_necrarch_brotherhood|wh2_main_vmp_strygos_empire|wh2_main_vmp_the_silver_host|wh3_dlc21_vmp_jiangshi_rebels|wh3_dlc25_vmp_the_court_of_night|wh3_dlc25_vmp_vampire_counts_invasion|wh3_dlc26_vmp_templehof_qb|wh3_main_ie_vmp_sires_of_mourkain|wh3_main_vmp_caravan_of_blue_roses|wh3_main_vmp_lahmian_sisterhood|wh3_main_vmp_nagashizzar|wh_main_vmp_mousillon|wh_main_vmp_rival_sylvanian_vamps|wh_main_vmp_schwartzhafen|wh_main_vmp_vampire_counts|wh_main_vmp_vampire_counts_qb1|wh_main_vmp_vampire_counts_qb2|wh_main_vmp_vampire_counts_qb3|wh_main_vmp_vampire_rebels|wh_main_vmp_waldenhof,false,false,true,true,true,true,,,wh_main_skill_node_set_vmp_vampire,,1,dignitary,false,false,,,,wh_main_skill_node_vmp_dignitary_campaign_03,wh2_main_skill_all_hero_hinder_settlement_damage_building,{{tr:agent_action_name_damage_building}},"It is not just the forces of Chaos that can despoil, break and ruin.",campaign_siege_attack.png,2,5,0,0,true,0,3,2,{{tr:agent_action_name_damage_building}},"It is not just the forces of Chaos that can despoil, break and ruin.",4,x,,,,,,,,,,,,,,,,,,,,,,,,,,,,,,,,,,,,character_skill_level_details_tables,wh2_main_skill_all_hero_hinder_settlement_damage_building|2|||
skill_level,warhammer_3,8.1.1,24237342,Vampire Counts,vampire_counts,wh_main_sc_vmp_vampire_counts,Vampire (Death),Vampire_Death,hero,wh_main_vmp_vampire_death,dignitary,dignitary,wh2_dlc11_vmp_the_barrow_legion|wh2_dlc16_vmp_lahmian_sisterhood|wh2_main_vmp_necrarch_brotherhood|wh2_main_vmp_strygos_empire|wh2_main_vmp_the_silver_host|wh3_dlc21_vmp_jiangshi_rebels|wh3_dlc25_vmp_the_court_of_night|wh3_dlc25_vmp_vampire_counts_invasion|wh3_dlc26_vmp_templehof_qb|wh3_main_ie_vmp_sires_of_mourkain|wh3_main_vmp_caravan_of_blue_roses|wh3_main_vmp_lahmian_sisterhood|wh3_main_vmp_nagashizzar|wh_main_vmp_mousillon|wh_main_vmp_rival_sylvanian_vamps|wh_main_vmp_schwartzhafen|wh_main_vmp_vampire_counts|wh_main_vmp_vampire_counts_qb1|wh_main_vmp_vampire_counts_qb2|wh_main_vmp_vampire_counts_qb3|wh_main_vmp_vampire_rebels|wh_main_vmp_waldenhof,false,false,true,true,true,true,,,wh_main_skill_node_set_vmp_vampire,,1,dignitary,false,false,,,,wh_main_skill_node_vmp_dignitary_campaign_03,wh2_main_skill_all_hero_hinder_settlement_damage_building,{{tr:agent_action_name_damage_building}},"It is not just the forces of Chaos that can despoil, break and ruin.",campaign_siege_attack.png,2,5,0,0,true,0,3,3,{{tr:agent_action_name_damage_building}},"It is not just the forces of Chaos that can despoil, break and ruin.",9,x,,,,,,,,,,,,,,,,,,,,,,,,,,,,,,,,,,,,character_skill_level_details_tables,wh2_main_skill_all_hero_hinder_settlement_damage_building|3|||
effect,warhammer_3,8.1.1,24237342,Vampire Counts,vampire_counts,wh_main_sc_vmp_vampire_counts,Vampire (Death),Vampire_Death,hero,wh_main_vmp_vampire_death,dignitary,dignitary,wh2_dlc11_vmp_the_barrow_legion|wh2_dlc16_vmp_lahmian_sisterhood|wh2_main_vmp_necrarch_brotherhood|wh2_main_vmp_strygos_empire|wh2_main_vmp_the_silver_host|wh3_dlc21_vmp_jiangshi_rebels|wh3_dlc25_vmp_the_court_of_night|wh3_dlc25_vmp_vampire_counts_invasion|wh3_dlc26_vmp_templehof_qb|wh3_main_ie_vmp_sires_of_mourkain|wh3_main_vmp_caravan_of_blue_roses|wh3_main_vmp_lahmian_sisterhood|wh3_main_vmp_nagashizzar|wh_main_vmp_mousillon|wh_main_vmp_rival_sylvanian_vamps|wh_main_vmp_schwartzhafen|wh_main_vmp_vampire_counts|wh_main_vmp_vampire_counts_qb1|wh_main_vmp_vampire_counts_qb2|wh_main_vmp_vampire_counts_qb3|wh_main_vmp_vampire_rebels|wh_main_vmp_waldenhof,false,false,true,true,true,true,,,wh_main_skill_node_set_vmp_vampire,,1,dignitary,false,false,,,,wh_main_skill_node_vmp_dignitary_campaign_03,wh2_main_skill_all_hero_hinder_settlement_damage_building,{{tr:agent_action_name_damage_building}},"It is not just the forces of Chaos that can despoil, break and ruin.",campaign_siege_attack.png,2,5,0,0,true,0,3,1,{{tr:agent_action_name_damage_building}},"It is not just the forces of Chaos that can despoil, break and ruin.",,,,,,wh2_main_effect_agent_action_hinder_settlement_damage_building_buff,[[col:yellow]]{{tr:agent_action_name_damage_building}}[[/col]] action: Additional %n% damage caused,[[col:yellow]]{{tr:agent_action_name_damage_building}}[[/col]] (Target: Settlement)\\nInflicts damage upon a building in the target settlement.,character_to_character_own,5,campaign,9,true,siege_attack.png,siege_attack.png,,,,,,,,,,,,,,,,,,,,,,,character_skill_level_to_effects_junctions_tables,wh2_main_skill_all_hero_hinder_settlement_damage_building|wh2_main_effect_agent_action_hinder_settlement_damage_building_buff|1|character_to_character_own
effect,warhammer_3,8.1.1,24237342,Vampire Counts,vampire_counts,wh_main_sc_vmp_vampire_counts,Vampire (Death),Vampire_Death,hero,wh_main_vmp_vampire_death,dignitary,dignitary,wh2_dlc11_vmp_the_barrow_legion|wh2_dlc16_vmp_lahmian_sisterhood|wh2_main_vmp_necrarch_brotherhood|wh2_main_vmp_strygos_empire|wh2_main_vmp_the_silver_host|wh3_dlc21_vmp_jiangshi_rebels|wh3_dlc25_vmp_the_court_of_night|wh3_dlc25_vmp_vampire_counts_invasion|wh3_dlc26_vmp_templehof_qb|wh3_main_ie_vmp_sires_of_mourkain|wh3_main_vmp_caravan_of_blue_roses|wh3_main_vmp_lahmian_sisterhood|wh3_main_vmp_nagashizzar|wh_main_vmp_mousillon|wh_main_vmp_rival_sylvanian_vamps|wh_main_vmp_schwartzhafen|wh_main_vmp_vampire_counts|wh_main_vmp_vampire_counts_qb1|wh_main_vmp_vampire_counts_qb2|wh_main_vmp_vampire_counts_qb3|wh_main_vmp_vampire_rebels|wh_main_vmp_waldenhof,false,false,true,true,true,true,,,wh_main_skill_node_set_vmp_vampire,,1,dignitary,false,false,,,,wh_main_skill_node_vmp_dignitary_campaign_03,wh2_main_skill_all_hero_hinder_settlement_damage_building,{{tr:agent_action_name_damage_building}},"It is not just the forces of Chaos that can despoil, break and ruin.",campaign_siege_attack.png,2,5,0,0,true,0,3,2,{{tr:agent_action_name_damage_building}},"It is not just the forces of Chaos that can despoil, break and ruin.",,,,,,wh2_main_effect_agent_action_hinder_settlement_damage_building_buff,[[col:yellow]]{{tr:agent_action_name_damage_building}}[[/col]] action: Additional %n% damage caused,[[col:yellow]]{{tr:agent_action_name_damage_building}}[[/col]] (Target: Settlement)\\nInflicts damage upon a building in the target settlement.,character_to_character_own,15,campaign,9,true,siege_attack.png,siege_attack.png,,,,,,,,,,,,,,,,,,,,,,,character_skill_level_to_effects_junctions_tables,wh2_main_skill_all_hero_hinder_settlement_damage_building|wh2_main_effect_agent_action_hinder_settlement_damage_building_buff|2|character_to_character_own
effect,warhammer_3,8.1.1,24237342,Vampire Counts,vampire_counts,wh_main_sc_vmp_vampire_counts,Vampire (Death),Vampire_Death,hero,wh_main_vmp_vampire_death,dignitary,dignitary,wh2_dlc11_vmp_the_barrow_legion|wh2_dlc16_vmp_lahmian_sisterhood|wh2_main_vmp_necrarch_brotherhood|wh2_main_vmp_strygos_empire|wh2_main_vmp_the_silver_host|wh3_dlc21_vmp_jiangshi_rebels|wh3_dlc25_vmp_the_court_of_night|wh3_dlc25_vmp_vampire_counts_invasion|wh3_dlc26_vmp_templehof_qb|wh3_main_ie_vmp_sires_of_mourkain|wh3_main_vmp_caravan_of_blue_roses|wh3_main_vmp_lahmian_sisterhood|wh3_main_vmp_nagashizzar|wh_main_vmp_mousillon|wh_main_vmp_rival_sylvanian_vamps|wh_main_vmp_schwartzhafen|wh_main_vmp_vampire_counts|wh_main_vmp_vampire_counts_qb1|wh_main_vmp_vampire_counts_qb2|wh_main_vmp_vampire_counts_qb3|wh_main_vmp_vampire_rebels|wh_main_vmp_waldenhof,false,false,true,true,true,true,,,wh_main_skill_node_set_vmp_vampire,,1,dignitary,false,false,,,,wh_main_skill_node_vmp_dignitary_campaign_03,wh2_main_skill_all_hero_hinder_settlement_damage_building,{{tr:agent_action_name_damage_building}},"It is not just the forces of Chaos that can despoil, break and ruin.",campaign_siege_attack.png,2,5,0,0,true,0,3,3,{{tr:agent_action_name_damage_building}},"It is not just the forces of Chaos that can despoil, break and ruin.",,,,,,wh2_main_effect_agent_action_hinder_settlement_damage_building_buff,[[col:yellow]]{{tr:agent_action_name_damage_building}}[[/col]] action: Additional %n% damage caused,[[col:yellow]]{{tr:agent_action_name_damage_building}}[[/col]] (Target: Settlement)\\nInflicts damage upon a building in the target settlement.,character_to_character_own,30,campaign,9,true,siege_attack.png,siege_attack.png,,,,,,,,,,,,,,,,,,,,,,,character_skill_level_to_effects_junctions_tables,wh2_main_skill_all_hero_hinder_settlement_damage_building|wh2_main_effect_agent_action_hinder_settlement_damage_building_buff|3|character_to_character_own
node,warhammer_3,8.1.1,24237342,Vampire Counts,vampire_counts,wh_main_sc_vmp_vampire_counts,Vampire (Death),Vampire_Death,hero,wh_main_vmp_vampire_death,dignitary,dignitary,wh2_dlc11_vmp_the_barrow_legion|wh2_dlc16_vmp_lahmian_sisterhood|wh2_main_vmp_necrarch_brotherhood|wh2_main_vmp_strygos_empire|wh2_main_vmp_the_silver_host|wh3_dlc21_vmp_jiangshi_rebels|wh3_dlc25_vmp_the_court_of_night|wh3_dlc25_vmp_vampire_counts_invasion|wh3_dlc26_vmp_templehof_qb|wh3_main_ie_vmp_sires_of_mourkain|wh3_main_vmp_caravan_of_blue_roses|wh3_main_vmp_lahmian_sisterhood|wh3_main_vmp_nagashizzar|wh_main_vmp_mousillon|wh_main_vmp_rival_sylvanian_vamps|wh_main_vmp_schwartzhafen|wh_main_vmp_vampire_counts|wh_main_vmp_vampire_counts_qb1|wh_main_vmp_vampire_counts_qb2|wh_main_vmp_vampire_counts_qb3|wh_main_vmp_vampire_rebels|wh_main_vmp_waldenhof,false,false,true,true,true,true,,,wh_main_skill_node_set_vmp_vampire,,1,dignitary,false,false,,,,wh_main_skill_node_vmp_vampire_innate_03,wh2_main_skill_innate_vmp_dread_incarnate,Dread Incarnate,"They will tremble, my lord, oh, they will fear!",trait_vampire_counts.png,2,6,0,0,false,0,1,,,,,,,,,,,,,,,,,,,,,,,,,,,,,,,,,,,,,,,,,character_skill_nodes_tables,wh_main_skill_node_vmp_vampire_innate_03
effect,warhammer_3,8.1.1,24237342,Vampire Counts,vampire_counts,wh_main_sc_vmp_vampire_counts,Vampire (Death),Vampire_Death,hero,wh_main_vmp_vampire_death,dignitary,dignitary,wh2_dlc11_vmp_the_barrow_legion|wh2_dlc16_vmp_lahmian_sisterhood|wh2_main_vmp_necrarch_brotherhood|wh2_main_vmp_strygos_empire|wh2_main_vmp_the_silver_host|wh3_dlc21_vmp_jiangshi_rebels|wh3_dlc25_vmp_the_court_of_night|wh3_dlc25_vmp_vampire_counts_invasion|wh3_dlc26_vmp_templehof_qb|wh3_main_ie_vmp_sires_of_mourkain|wh3_main_vmp_caravan_of_blue_roses|wh3_main_vmp_lahmian_sisterhood|wh3_main_vmp_nagashizzar|wh_main_vmp_mousillon|wh_main_vmp_rival_sylvanian_vamps|wh_main_vmp_schwartzhafen|wh_main_vmp_vampire_counts|wh_main_vmp_vampire_counts_qb1|wh_main_vmp_vampire_counts_qb2|wh_main_vmp_vampire_counts_qb3|wh_main_vmp_vampire_rebels|wh_main_vmp_waldenhof,false,false,true,true,true,true,,,wh_main_skill_node_set_vmp_vampire,,1,dignitary,false,false,,,,wh_main_skill_node_vmp_vampire_innate_03,wh2_main_skill_innate_vmp_dread_incarnate,Dread Incarnate,"They will tremble, my lord, oh, they will fear!",trait_vampire_counts.png,2,6,0,0,false,0,1,1,Dread Incarnate,"They will tremble, my lord, oh, they will fear!",,,,,,wh_main_effect_attribute_enable_causes_terror,Attribute: Causes Terror,,character_to_character_own,1,both,320,true,attribute_causes_terror.png,attribute_causes_terror.png,,,,,,,,,,,,,,,,,,,,,,,character_skill_level_to_effects_junctions_tables,wh2_main_skill_innate_vmp_dread_incarnate|wh_main_effect_attribute_enable_causes_terror|1|character_to_character_own
effect,warhammer_3,8.1.1,24237342,Vampire Counts,vampire_counts,wh_main_sc_vmp_vampire_counts,Vampire (Death),Vampire_Death,hero,wh_main_vmp_vampire_death,dignitary,dignitary,wh2_dlc11_vmp_the_barrow_legion|wh2_dlc16_vmp_lahmian_sisterhood|wh2_main_vmp_necrarch_brotherhood|wh2_main_vmp_strygos_empire|wh2_main_vmp_the_silver_host|wh3_dlc21_vmp_jiangshi_rebels|wh3_dlc25_vmp_the_court_of_night|wh3_dlc25_vmp_vampire_counts_invasion|wh3_dlc26_vmp_templehof_qb|wh3_main_ie_vmp_sires_of_mourkain|wh3_main_vmp_caravan_of_blue_roses|wh3_main_vmp_lahmian_sisterhood|wh3_main_vmp_nagashizzar|wh_main_vmp_mousillon|wh_main_vmp_rival_sylvanian_vamps|wh_main_vmp_schwartzhafen|wh_main_vmp_vampire_counts|wh_main_vmp_vampire_counts_qb1|wh_main_vmp_vampire_counts_qb2|wh_main_vmp_vampire_counts_qb3|wh_main_vmp_vampire_rebels|wh_main_vmp_waldenhof,false,false,true,true,true,true,,,wh_main_skill_node_set_vmp_vampire,,1,dignitary,false,false,,,,wh_main_skill_node_vmp_vampire_innate_03,wh2_main_skill_innate_vmp_dread_incarnate,Dread Incarnate,"They will tremble, my lord, oh, they will fear!",trait_vampire_counts.png,2,6,0,0,false,0,1,1,Dread Incarnate,"They will tremble, my lord, oh, they will fear!",,,,,,wh_main_effect_force_stat_leadership_enemy_unit,Enemy leadership: %+n,,character_to_force_enemy_provincewide,-2,battle,411,false,morale.png,morale.png,,,,,,,,,,,,,,,,,,,,,,,character_skill_level_to_effects_junctions_tables,wh2_main_skill_innate_vmp_dread_incarnate|wh_main_effect_force_stat_leadership_enemy_unit|1|character_to_force_enemy_provincewide
effect,warhammer_3,8.1.1,24237342,Vampire Counts,vampire_counts,wh_main_sc_vmp_vampire_counts,Vampire (Death),Vampire_Death,hero,wh_main_vmp_vampire_death,dignitary,dignitary,wh2_dlc11_vmp_the_barrow_legion|wh2_dlc16_vmp_lahmian_sisterhood|wh2_main_vmp_necrarch_brotherhood|wh2_main_vmp_strygos_empire|wh2_main_vmp_the_silver_host|wh3_dlc21_vmp_jiangshi_rebels|wh3_dlc25_vmp_the_court_of_night|wh3_dlc25_vmp_vampire_counts_invasion|wh3_dlc26_vmp_templehof_qb|wh3_main_ie_vmp_sires_of_mourkain|wh3_main_vmp_caravan_of_blue_roses|wh3_main_vmp_lahmian_sisterhood|wh3_main_vmp_nagashizzar|wh_main_vmp_mousillon|wh_main_vmp_rival_sylvanian_vamps|wh_main_vmp_schwartzhafen|wh_main_vmp_vampire_counts|wh_main_vmp_vampire_counts_qb1|wh_main_vmp_vampire_counts_qb2|wh_main_vmp_vampire_counts_qb3|wh_main_vmp_vampire_rebels|wh_main_vmp_waldenhof,false,false,true,true,true,true,,,wh_main_skill_node_set_vmp_vampire,,1,dignitary,false,false,,,,wh_main_skill_node_vmp_vampire_innate_03,wh2_main_skill_innate_vmp_dread_incarnate,Dread Incarnate,"They will tremble, my lord, oh, they will fear!",trait_vampire_counts.png,2,6,0,0,false,0,1,1,Dread Incarnate,"They will tremble, my lord, oh, they will fear!",,,,,,wh2_dlc16_effect_ability_enable_blight_of_terrors,"Ability: ""Blight of Terrors""",,character_to_character_own,1,battle,600,true,general_ability.png,general_ability.png,,,,,,,,,,,,,,,,,,,,,,,character_skill_level_to_effects_junctions_tables,wh2_main_skill_innate_vmp_dread_incarnate|wh2_dlc16_effect_ability_enable_blight_of_terrors|1|character_to_character_own
node,warhammer_3,8.1.1,24237342,Vampire Counts,vampire_counts,wh_main_sc_vmp_vampire_counts,Vampire (Death),Vampire_Death,hero,wh_main_vmp_vampire_death,dignitary,dignitary,wh2_dlc11_vmp_the_barrow_legion|wh2_dlc16_vmp_lahmian_sisterhood|wh2_main_vmp_necrarch_brotherhood|wh2_main_vmp_strygos_empire|wh2_main_vmp_the_silver_host|wh3_dlc21_vmp_jiangshi_rebels|wh3_dlc25_vmp_the_court_of_night|wh3_dlc25_vmp_vampire_counts_invasion|wh3_dlc26_vmp_templehof_qb|wh3_main_ie_vmp_sires_of_mourkain|wh3_main_vmp_caravan_of_blue_roses|wh3_main_vmp_lahmian_sisterhood|wh3_main_vmp_nagashizzar|wh_main_vmp_mousillon|wh_main_vmp_rival_sylvanian_vamps|wh_main_vmp_schwartzhafen|wh_main_vmp_vampire_counts|wh_main_vmp_vampire_counts_qb1|wh_main_vmp_vampire_counts_qb2|wh_main_vmp_vampire_counts_qb3|wh_main_vmp_vampire_rebels|wh_main_vmp_waldenhof,false,false,true,true,true,true,,,wh_main_skill_node_set_vmp_vampire,,1,dignitary,false,false,,,,wh_main_skill_node_vmp_dignitary_unique_04,wh_main_skill_vmp_all_unique_grave_ward,Grave Ward,Whereby the power of death itself is used to hold back the physical world.,character_ward_save.png,3,0,0,0,true,7,1,,,,,,,,,,,,,,,,,,,,,,,,,,,,,,,,,,,,,,,,,character_skill_nodes_tables,wh_main_skill_node_vmp_dignitary_unique_04
skill_level,warhammer_3,8.1.1,24237342,Vampire Counts,vampire_counts,wh_main_sc_vmp_vampire_counts,Vampire (Death),Vampire_Death,hero,wh_main_vmp_vampire_death,dignitary,dignitary,wh2_dlc11_vmp_the_barrow_legion|wh2_dlc16_vmp_lahmian_sisterhood|wh2_main_vmp_necrarch_brotherhood|wh2_main_vmp_strygos_empire|wh2_main_vmp_the_silver_host|wh3_dlc21_vmp_jiangshi_rebels|wh3_dlc25_vmp_the_court_of_night|wh3_dlc25_vmp_vampire_counts_invasion|wh3_dlc26_vmp_templehof_qb|wh3_main_ie_vmp_sires_of_mourkain|wh3_main_vmp_caravan_of_blue_roses|wh3_main_vmp_lahmian_sisterhood|wh3_main_vmp_nagashizzar|wh_main_vmp_mousillon|wh_main_vmp_rival_sylvanian_vamps|wh_main_vmp_schwartzhafen|wh_main_vmp_vampire_counts|wh_main_vmp_vampire_counts_qb1|wh_main_vmp_vampire_counts_qb2|wh_main_vmp_vampire_counts_qb3|wh_main_vmp_vampire_rebels|wh_main_vmp_waldenhof,false,false,true,true,true,true,,,wh_main_skill_node_set_vmp_vampire,,1,dignitary,false,false,,,,wh_main_skill_node_vmp_dignitary_unique_04,wh_main_skill_vmp_all_unique_grave_ward,Grave Ward,Whereby the power of death itself is used to hold back the physical world.,character_ward_save.png,3,0,0,0,true,7,1,1,Grave Ward,Whereby the power of death itself is used to hold back the physical world.,7,x,,,,,,,,,,,,,,,,,,,,,,,,,,,,,,,,,,,,character_skill_level_details_tables,wh_main_skill_vmp_all_unique_grave_ward|1|||
effect,warhammer_3,8.1.1,24237342,Vampire Counts,vampire_counts,wh_main_sc_vmp_vampire_counts,Vampire (Death),Vampire_Death,hero,wh_main_vmp_vampire_death,dignitary,dignitary,wh2_dlc11_vmp_the_barrow_legion|wh2_dlc16_vmp_lahmian_sisterhood|wh2_main_vmp_necrarch_brotherhood|wh2_main_vmp_strygos_empire|wh2_main_vmp_the_silver_host|wh3_dlc21_vmp_jiangshi_rebels|wh3_dlc25_vmp_the_court_of_night|wh3_dlc25_vmp_vampire_counts_invasion|wh3_dlc26_vmp_templehof_qb|wh3_main_ie_vmp_sires_of_mourkain|wh3_main_vmp_caravan_of_blue_roses|wh3_main_vmp_lahmian_sisterhood|wh3_main_vmp_nagashizzar|wh_main_vmp_mousillon|wh_main_vmp_rival_sylvanian_vamps|wh_main_vmp_schwartzhafen|wh_main_vmp_vampire_counts|wh_main_vmp_vampire_counts_qb1|wh_main_vmp_vampire_counts_qb2|wh_main_vmp_vampire_counts_qb3|wh_main_vmp_vampire_rebels|wh_main_vmp_waldenhof,false,false,true,true,true,true,,,wh_main_skill_node_set_vmp_vampire,,1,dignitary,false,false,,,,wh_main_skill_node_vmp_dignitary_unique_04,wh_main_skill_vmp_all_unique_grave_ward,Grave Ward,Whereby the power of death itself is used to hold back the physical world.,character_ward_save.png,3,0,0,0,true,7,1,1,Grave Ward,Whereby the power of death itself is used to hold back the physical world.,,,,,,wh_main_effect_character_stat_missile_resistance,Missile resistance: %n%,"Missile Resistance. Damage of missile attacks is reduced by this amount, up to a maximum of 90%",character_to_character_own,10,both,280,true,resistance_missile.png,resistance_missile.png,,,,,,,,,,,,,,,,,,,,,,,character_skill_level_to_effects_junctions_tables,wh_main_skill_vmp_all_unique_grave_ward|wh_main_effect_character_stat_missile_resistance|1|character_to_character_own
node,warhammer_3,8.1.1,24237342,Vampire Counts,vampire_counts,wh_main_sc_vmp_vampire_counts,Vampire (Death),Vampire_Death,hero,wh_main_vmp_vampire_death,dignitary,dignitary,wh2_dlc11_vmp_the_barrow_legion|wh2_dlc16_vmp_lahmian_sisterhood|wh2_main_vmp_necrarch_brotherhood|wh2_main_vmp_strygos_empire|wh2_main_vmp_the_silver_host|wh3_dlc21_vmp_jiangshi_rebels|wh3_dlc25_vmp_the_court_of_night|wh3_dlc25_vmp_vampire_counts_invasion|wh3_dlc26_vmp_templehof_qb|wh3_main_ie_vmp_sires_of_mourkain|wh3_main_vmp_caravan_of_blue_roses|wh3_main_vmp_lahmian_sisterhood|wh3_main_vmp_nagashizzar|wh_main_vmp_mousillon|wh_main_vmp_rival_sylvanian_vamps|wh_main_vmp_schwartzhafen|wh_main_vmp_vampire_counts|wh_main_vmp_vampire_counts_qb1|wh_main_vmp_vampire_counts_qb2|wh_main_vmp_vampire_counts_qb3|wh_main_vmp_vampire_rebels|wh_main_vmp_waldenhof,false,false,true,true,true,true,,,wh_main_skill_node_set_vmp_vampire,,1,dignitary,false,false,,,,wh_main_skill_node_vmp_dignitary_self_04,wh_main_skill_all_dignitary_self_conviction,Conviction,Such is this one's conviction that others have no choice but to believe.,character_morale.png,3,1,0,0,true,0,3,,,,,,,,,,,,,,,,,,,,,,,,,,,,,,,,,,,,,,,,,character_skill_nodes_tables,wh_main_skill_node_vmp_dignitary_self_04
effect,warhammer_3,8.1.1,24237342,Vampire Counts,vampire_counts,wh_main_sc_vmp_vampire_counts,Vampire (Death),Vampire_Death,hero,wh_main_vmp_vampire_death,dignitary,dignitary,wh2_dlc11_vmp_the_barrow_legion|wh2_dlc16_vmp_lahmian_sisterhood|wh2_main_vmp_necrarch_brotherhood|wh2_main_vmp_strygos_empire|wh2_main_vmp_the_silver_host|wh3_dlc21_vmp_jiangshi_rebels|wh3_dlc25_vmp_the_court_of_night|wh3_dlc25_vmp_vampire_counts_invasion|wh3_dlc26_vmp_templehof_qb|wh3_main_ie_vmp_sires_of_mourkain|wh3_main_vmp_caravan_of_blue_roses|wh3_main_vmp_lahmian_sisterhood|wh3_main_vmp_nagashizzar|wh_main_vmp_mousillon|wh_main_vmp_rival_sylvanian_vamps|wh_main_vmp_schwartzhafen|wh_main_vmp_vampire_counts|wh_main_vmp_vampire_counts_qb1|wh_main_vmp_vampire_counts_qb2|wh_main_vmp_vampire_counts_qb3|wh_main_vmp_vampire_rebels|wh_main_vmp_waldenhof,false,false,true,true,true,true,,,wh_main_skill_node_set_vmp_vampire,,1,dignitary,false,false,,,,wh_main_skill_node_vmp_dignitary_self_04,wh_main_skill_all_dignitary_self_conviction,Conviction,Such is this one's conviction that others have no choice but to believe.,character_morale.png,3,1,0,0,true,0,3,1,Conviction,Such is this one's conviction that others have no choice but to believe.,,,,,,wh_main_effect_character_stat_leadership,Leadership: %+n,,character_to_character_own,2,both,110,true,morale_character.png,morale_character.png,,,,,,,,,,,,,,,,,,,,,,,character_skill_level_to_effects_junctions_tables,wh_main_skill_all_dignitary_self_conviction|wh_main_effect_character_stat_leadership|1|character_to_character_own
effect,warhammer_3,8.1.1,24237342,Vampire Counts,vampire_counts,wh_main_sc_vmp_vampire_counts,Vampire (Death),Vampire_Death,hero,wh_main_vmp_vampire_death,dignitary,dignitary,wh2_dlc11_vmp_the_barrow_legion|wh2_dlc16_vmp_lahmian_sisterhood|wh2_main_vmp_necrarch_brotherhood|wh2_main_vmp_strygos_empire|wh2_main_vmp_the_silver_host|wh3_dlc21_vmp_jiangshi_rebels|wh3_dlc25_vmp_the_court_of_night|wh3_dlc25_vmp_vampire_counts_invasion|wh3_dlc26_vmp_templehof_qb|wh3_main_ie_vmp_sires_of_mourkain|wh3_main_vmp_caravan_of_blue_roses|wh3_main_vmp_lahmian_sisterhood|wh3_main_vmp_nagashizzar|wh_main_vmp_mousillon|wh_main_vmp_rival_sylvanian_vamps|wh_main_vmp_schwartzhafen|wh_main_vmp_vampire_counts|wh_main_vmp_vampire_counts_qb1|wh_main_vmp_vampire_counts_qb2|wh_main_vmp_vampire_counts_qb3|wh_main_vmp_vampire_rebels|wh_main_vmp_waldenhof,false,false,true,true,true,true,,,wh_main_skill_node_set_vmp_vampire,,1,dignitary,false,false,,,,wh_main_skill_node_vmp_dignitary_self_04,wh_main_skill_all_dignitary_self_conviction,Conviction,Such is this one's conviction that others have no choice but to believe.,character_morale.png,3,1,0,0,true,0,3,2,Conviction,Such is this one's conviction that others have no choice but to believe.,,,,,,wh_main_effect_character_stat_leadership,Leadership: %+n,,character_to_character_own,5,both,110,true,morale_character.png,morale_character.png,,,,,,,,,,,,,,,,,,,,,,,character_skill_level_to_effects_junctions_tables,wh_main_skill_all_dignitary_self_conviction|wh_main_effect_character_stat_leadership|2|character_to_character_own
effect,warhammer_3,8.1.1,24237342,Vampire Counts,vampire_counts,wh_main_sc_vmp_vampire_counts,Vampire (Death),Vampire_Death,hero,wh_main_vmp_vampire_death,dignitary,dignitary,wh2_dlc11_vmp_the_barrow_legion|wh2_dlc16_vmp_lahmian_sisterhood|wh2_main_vmp_necrarch_brotherhood|wh2_main_vmp_strygos_empire|wh2_main_vmp_the_silver_host|wh3_dlc21_vmp_jiangshi_rebels|wh3_dlc25_vmp_the_court_of_night|wh3_dlc25_vmp_vampire_counts_invasion|wh3_dlc26_vmp_templehof_qb|wh3_main_ie_vmp_sires_of_mourkain|wh3_main_vmp_caravan_of_blue_roses|wh3_main_vmp_lahmian_sisterhood|wh3_main_vmp_nagashizzar|wh_main_vmp_mousillon|wh_main_vmp_rival_sylvanian_vamps|wh_main_vmp_schwartzhafen|wh_main_vmp_vampire_counts|wh_main_vmp_vampire_counts_qb1|wh_main_vmp_vampire_counts_qb2|wh_main_vmp_vampire_counts_qb3|wh_main_vmp_vampire_rebels|wh_main_vmp_waldenhof,false,false,true,true,true,true,,,wh_main_skill_node_set_vmp_vampire,,1,dignitary,false,false,,,,wh_main_skill_node_vmp_dignitary_self_04,wh_main_skill_all_dignitary_self_conviction,Conviction,Such is this one's conviction that others have no choice but to believe.,character_morale.png,3,1,0,0,true,0,3,3,Conviction,Such is this one's conviction that others have no choice but to believe.,,,,,,wh_main_effect_character_stat_leadership,Leadership: %+n,,character_to_character_own,9,both,110,true,morale_character.png,morale_character.png,,,,,,,,,,,,,,,,,,,,,,,character_skill_level_to_effects_junctions_tables,wh_main_skill_all_dignitary_self_conviction|wh_main_effect_character_stat_leadership|3|character_to_character_own
node,warhammer_3,8.1.1,24237342,Vampire Counts,vampire_counts,wh_main_sc_vmp_vampire_counts,Vampire (Death),Vampire_Death,hero,wh_main_vmp_vampire_death,dignitary,dignitary,wh2_dlc11_vmp_the_barrow_legion|wh2_dlc16_vmp_lahmian_sisterhood|wh2_main_vmp_necrarch_brotherhood|wh2_main_vmp_strygos_empire|wh2_main_vmp_the_silver_host|wh3_dlc21_vmp_jiangshi_rebels|wh3_dlc25_vmp_the_court_of_night|wh3_dlc25_vmp_vampire_counts_invasion|wh3_dlc26_vmp_templehof_qb|wh3_main_ie_vmp_sires_of_mourkain|wh3_main_vmp_caravan_of_blue_roses|wh3_main_vmp_lahmian_sisterhood|wh3_main_vmp_nagashizzar|wh_main_vmp_mousillon|wh_main_vmp_rival_sylvanian_vamps|wh_main_vmp_schwartzhafen|wh_main_vmp_vampire_counts|wh_main_vmp_vampire_counts_qb1|wh_main_vmp_vampire_counts_qb2|wh_main_vmp_vampire_counts_qb3|wh_main_vmp_vampire_rebels|wh_main_vmp_waldenhof,false,false,true,true,true,true,,,wh_main_skill_node_set_vmp_vampire,,1,dignitary,false,false,,,,wh_main_skill_node_vmp_dignitary_magic1_04,wh_main_skill_all_magic_death_04_soulblight,Soulblight,,wh_main_spell_death_soulblight.png,3,2,0,0,true,0,3,,,,,,,,,,,,,,,,,,,,,,,,,,,,,,,,,,,,,,,,,character_skill_nodes_tables,wh_main_skill_node_vmp_dignitary_magic1_04
effect,warhammer_3,8.1.1,24237342,Vampire Counts,vampire_counts,wh_main_sc_vmp_vampire_counts,Vampire (Death),Vampire_Death,hero,wh_main_vmp_vampire_death,dignitary,dignitary,wh2_dlc11_vmp_the_barrow_legion|wh2_dlc16_vmp_lahmian_sisterhood|wh2_main_vmp_necrarch_brotherhood|wh2_main_vmp_strygos_empire|wh2_main_vmp_the_silver_host|wh3_dlc21_vmp_jiangshi_rebels|wh3_dlc25_vmp_the_court_of_night|wh3_dlc25_vmp_vampire_counts_invasion|wh3_dlc26_vmp_templehof_qb|wh3_main_ie_vmp_sires_of_mourkain|wh3_main_vmp_caravan_of_blue_roses|wh3_main_vmp_lahmian_sisterhood|wh3_main_vmp_nagashizzar|wh_main_vmp_mousillon|wh_main_vmp_rival_sylvanian_vamps|wh_main_vmp_schwartzhafen|wh_main_vmp_vampire_counts|wh_main_vmp_vampire_counts_qb1|wh_main_vmp_vampire_counts_qb2|wh_main_vmp_vampire_counts_qb3|wh_main_vmp_vampire_rebels|wh_main_vmp_waldenhof,false,false,true,true,true,true,,,wh_main_skill_node_set_vmp_vampire,,1,dignitary,false,false,,,,wh_main_skill_node_vmp_dignitary_magic1_04,wh_main_skill_all_magic_death_04_soulblight,Soulblight,,wh_main_spell_death_soulblight.png,3,2,0,0,true,0,3,1,Soulblight,,,,,,,wh_main_effect_ability_enable_soulblight,"Spell: ""Soulblight""",,character_to_character_own,1,battle,290,true,magic_character.png,magic_character.png,,,,,,,,,,,,,,,,,,,,,,,character_skill_level_to_effects_junctions_tables,wh_main_skill_all_magic_death_04_soulblight|wh_main_effect_ability_enable_soulblight|1|character_to_character_own
effect,warhammer_3,8.1.1,24237342,Vampire Counts,vampire_counts,wh_main_sc_vmp_vampire_counts,Vampire (Death),Vampire_Death,hero,wh_main_vmp_vampire_death,dignitary,dignitary,wh2_dlc11_vmp_the_barrow_legion|wh2_dlc16_vmp_lahmian_sisterhood|wh2_main_vmp_necrarch_brotherhood|wh2_main_vmp_strygos_empire|wh2_main_vmp_the_silver_host|wh3_dlc21_vmp_jiangshi_rebels|wh3_dlc25_vmp_the_court_of_night|wh3_dlc25_vmp_vampire_counts_invasion|wh3_dlc26_vmp_templehof_qb|wh3_main_ie_vmp_sires_of_mourkain|wh3_main_vmp_caravan_of_blue_roses|wh3_main_vmp_lahmian_sisterhood|wh3_main_vmp_nagashizzar|wh_main_vmp_mousillon|wh_main_vmp_rival_sylvanian_vamps|wh_main_vmp_schwartzhafen|wh_main_vmp_vampire_counts|wh_main_vmp_vampire_counts_qb1|wh_main_vmp_vampire_counts_qb2|wh_main_vmp_vampire_counts_qb3|wh_main_vmp_vampire_rebels|wh_main_vmp_waldenhof,false,false,true,true,true,true,,,wh_main_skill_node_set_vmp_vampire,,1,dignitary,false,false,,,,wh_main_skill_node_vmp_dignitary_magic1_04,wh_main_skill_all_magic_death_04_soulblight,Soulblight,,wh_main_spell_death_soulblight.png,3,2,0,0,true,0,3,2,Soulblight,,,,,,,wh_main_effect_ability_cooldown_soulblight,"Cooldown: %+n% to ""Soulblight""",,character_to_character_own,-30,both,293,false,magic_cooldown.png,magic_cooldown.png,,,,,,,,,,,,,,,,,,,,,,,character_skill_level_to_effects_junctions_tables,wh_main_skill_all_magic_death_04_soulblight|wh_main_effect_ability_cooldown_soulblight|2|character_to_character_own
effect,warhammer_3,8.1.1,24237342,Vampire Counts,vampire_counts,wh_main_sc_vmp_vampire_counts,Vampire (Death),Vampire_Death,hero,wh_main_vmp_vampire_death,dignitary,dignitary,wh2_dlc11_vmp_the_barrow_legion|wh2_dlc16_vmp_lahmian_sisterhood|wh2_main_vmp_necrarch_brotherhood|wh2_main_vmp_strygos_empire|wh2_main_vmp_the_silver_host|wh3_dlc21_vmp_jiangshi_rebels|wh3_dlc25_vmp_the_court_of_night|wh3_dlc25_vmp_vampire_counts_invasion|wh3_dlc26_vmp_templehof_qb|wh3_main_ie_vmp_sires_of_mourkain|wh3_main_vmp_caravan_of_blue_roses|wh3_main_vmp_lahmian_sisterhood|wh3_main_vmp_nagashizzar|wh_main_vmp_mousillon|wh_main_vmp_rival_sylvanian_vamps|wh_main_vmp_schwartzhafen|wh_main_vmp_vampire_counts|wh_main_vmp_vampire_counts_qb1|wh_main_vmp_vampire_counts_qb2|wh_main_vmp_vampire_counts_qb3|wh_main_vmp_vampire_rebels|wh_main_vmp_waldenhof,false,false,true,true,true,true,,,wh_main_skill_node_set_vmp_vampire,,1,dignitary,false,false,,,,wh_main_skill_node_vmp_dignitary_magic1_04,wh_main_skill_all_magic_death_04_soulblight,Soulblight,,wh_main_spell_death_soulblight.png,3,2,0,0,true,0,3,2,Soulblight,,,,,,,wh2_main_effect_ability_overcast_soulblight,"Overcast spell: ""Soulblight Upgraded""",,character_to_character_own,1,both,292,true,magic_character.png,magic_character.png,,,,,,,,,,,,,,,,,,,,,,,character_skill_level_to_effects_junctions_tables,wh_main_skill_all_magic_death_04_soulblight|wh2_main_effect_ability_overcast_soulblight|2|character_to_character_own
effect,warhammer_3,8.1.1,24237342,Vampire Counts,vampire_counts,wh_main_sc_vmp_vampire_counts,Vampire (Death),Vampire_Death,hero,wh_main_vmp_vampire_death,dignitary,dignitary,wh2_dlc11_vmp_the_barrow_legion|wh2_dlc16_vmp_lahmian_sisterhood|wh2_main_vmp_necrarch_brotherhood|wh2_main_vmp_strygos_empire|wh2_main_vmp_the_silver_host|wh3_dlc21_vmp_jiangshi_rebels|wh3_dlc25_vmp_the_court_of_night|wh3_dlc25_vmp_vampire_counts_invasion|wh3_dlc26_vmp_templehof_qb|wh3_main_ie_vmp_sires_of_mourkain|wh3_main_vmp_caravan_of_blue_roses|wh3_main_vmp_lahmian_sisterhood|wh3_main_vmp_nagashizzar|wh_main_vmp_mousillon|wh_main_vmp_rival_sylvanian_vamps|wh_main_vmp_schwartzhafen|wh_main_vmp_vampire_counts|wh_main_vmp_vampire_counts_qb1|wh_main_vmp_vampire_counts_qb2|wh_main_vmp_vampire_counts_qb3|wh_main_vmp_vampire_rebels|wh_main_vmp_waldenhof,false,false,true,true,true,true,,,wh_main_skill_node_set_vmp_vampire,,1,dignitary,false,false,,,,wh_main_skill_node_vmp_dignitary_magic1_04,wh_main_skill_all_magic_death_04_soulblight,Soulblight,,wh_main_spell_death_soulblight.png,3,2,0,0,true,0,3,3,Soulblight,,,,,,,wh_main_effect_ability_cooldown_soulblight,"Cooldown: %+n% to ""Soulblight""",,character_to_character_own,-50,both,293,false,magic_cooldown.png,magic_cooldown.png,,,,,,,,,,,,,,,,,,,,,,,character_skill_level_to_effects_junctions_tables,wh_main_skill_all_magic_death_04_soulblight|wh_main_effect_ability_cooldown_soulblight|3|character_to_character_own
effect,warhammer_3,8.1.1,24237342,Vampire Counts,vampire_counts,wh_main_sc_vmp_vampire_counts,Vampire (Death),Vampire_Death,hero,wh_main_vmp_vampire_death,dignitary,dignitary,wh2_dlc11_vmp_the_barrow_legion|wh2_dlc16_vmp_lahmian_sisterhood|wh2_main_vmp_necrarch_brotherhood|wh2_main_vmp_strygos_empire|wh2_main_vmp_the_silver_host|wh3_dlc21_vmp_jiangshi_rebels|wh3_dlc25_vmp_the_court_of_night|wh3_dlc25_vmp_vampire_counts_invasion|wh3_dlc26_vmp_templehof_qb|wh3_main_ie_vmp_sires_of_mourkain|wh3_main_vmp_caravan_of_blue_roses|wh3_main_vmp_lahmian_sisterhood|wh3_main_vmp_nagashizzar|wh_main_vmp_mousillon|wh_main_vmp_rival_sylvanian_vamps|wh_main_vmp_schwartzhafen|wh_main_vmp_vampire_counts|wh_main_vmp_vampire_counts_qb1|wh_main_vmp_vampire_counts_qb2|wh_main_vmp_vampire_counts_qb3|wh_main_vmp_vampire_rebels|wh_main_vmp_waldenhof,false,false,true,true,true,true,,,wh_main_skill_node_set_vmp_vampire,,1,dignitary,false,false,,,,wh_main_skill_node_vmp_dignitary_magic1_04,wh_main_skill_all_magic_death_04_soulblight,Soulblight,,wh_main_spell_death_soulblight.png,3,2,0,0,true,0,3,3,Soulblight,,,,,,,wh2_main_effect_ability_miscast_soulblight_upgraded,"Miscast base chance: %+n% for ""Soulblight Upgraded""",,character_to_character_own,-15,both,298,false,magic.png,magic.png,,,,,,,,,,,,,,,,,,,,,,,character_skill_level_to_effects_junctions_tables,wh_main_skill_all_magic_death_04_soulblight|wh2_main_effect_ability_miscast_soulblight_upgraded|3|character_to_character_own
effect,warhammer_3,8.1.1,24237342,Vampire Counts,vampire_counts,wh_main_sc_vmp_vampire_counts,Vampire (Death),Vampire_Death,hero,wh_main_vmp_vampire_death,dignitary,dignitary,wh2_dlc11_vmp_the_barrow_legion|wh2_dlc16_vmp_lahmian_sisterhood|wh2_main_vmp_necrarch_brotherhood|wh2_main_vmp_strygos_empire|wh2_main_vmp_the_silver_host|wh3_dlc21_vmp_jiangshi_rebels|wh3_dlc25_vmp_the_court_of_night|wh3_dlc25_vmp_vampire_counts_invasion|wh3_dlc26_vmp_templehof_qb|wh3_main_ie_vmp_sires_of_mourkain|wh3_main_vmp_caravan_of_blue_roses|wh3_main_vmp_lahmian_sisterhood|wh3_main_vmp_nagashizzar|wh_main_vmp_mousillon|wh_main_vmp_rival_sylvanian_vamps|wh_main_vmp_schwartzhafen|wh_main_vmp_vampire_counts|wh_main_vmp_vampire_counts_qb1|wh_main_vmp_vampire_counts_qb2|wh_main_vmp_vampire_counts_qb3|wh_main_vmp_vampire_rebels|wh_main_vmp_waldenhof,false,false,true,true,true,true,,,wh_main_skill_node_set_vmp_vampire,,1,dignitary,false,false,,,,wh_main_skill_node_vmp_dignitary_magic1_04,wh_main_skill_all_magic_death_04_soulblight,Soulblight,,wh_main_spell_death_soulblight.png,3,2,0,0,true,0,3,3,Soulblight,,,,,,,wh2_main_effect_ability_overcast_soulblight,"Overcast spell: ""Soulblight Upgraded""",,character_to_character_own,1,both,292,true,magic_character.png,magic_character.png,,,,,,,,,,,,,,,,,,,,,,,character_skill_level_to_effects_junctions_tables,wh_main_skill_all_magic_death_04_soulblight|wh2_main_effect_ability_overcast_soulblight|3|character_to_character_own
effect,warhammer_3,8.1.1,24237342,Vampire Counts,vampire_counts,wh_main_sc_vmp_vampire_counts,Vampire (Death),Vampire_Death,hero,wh_main_vmp_vampire_death,dignitary,dignitary,wh2_dlc11_vmp_the_barrow_legion|wh2_dlc16_vmp_lahmian_sisterhood|wh2_main_vmp_necrarch_brotherhood|wh2_main_vmp_strygos_empire|wh2_main_vmp_the_silver_host|wh3_dlc21_vmp_jiangshi_rebels|wh3_dlc25_vmp_the_court_of_night|wh3_dlc25_vmp_vampire_counts_invasion|wh3_dlc26_vmp_templehof_qb|wh3_main_ie_vmp_sires_of_mourkain|wh3_main_vmp_caravan_of_blue_roses|wh3_main_vmp_lahmian_sisterhood|wh3_main_vmp_nagashizzar|wh_main_vmp_mousillon|wh_main_vmp_rival_sylvanian_vamps|wh_main_vmp_schwartzhafen|wh_main_vmp_vampire_counts|wh_main_vmp_vampire_counts_qb1|wh_main_vmp_vampire_counts_qb2|wh_main_vmp_vampire_counts_qb3|wh_main_vmp_vampire_rebels|wh_main_vmp_waldenhof,false,false,true,true,true,true,,,wh_main_skill_node_set_vmp_vampire,,1,dignitary,false,false,,,,wh_main_skill_node_vmp_dignitary_magic1_04,wh_main_skill_all_magic_death_04_soulblight,Soulblight,,wh_main_spell_death_soulblight.png,3,2,0,0,true,0,3,3,Soulblight,,,,,,,wh2_main_effect_ability_wom_cost_soulblight,"Winds of Magic cost: %n for ""Soulblight""",,character_to_character_own,-2,both,294,false,magic_character.png,magic_character.png,,,,,,,,,,,,,,,,,,,,,,,character_skill_level_to_effects_junctions_tables,wh_main_skill_all_magic_death_04_soulblight|wh2_main_effect_ability_wom_cost_soulblight|3|character_to_character_own
effect,warhammer_3,8.1.1,24237342,Vampire Counts,vampire_counts,wh_main_sc_vmp_vampire_counts,Vampire (Death),Vampire_Death,hero,wh_main_vmp_vampire_death,dignitary,dignitary,wh2_dlc11_vmp_the_barrow_legion|wh2_dlc16_vmp_lahmian_sisterhood|wh2_main_vmp_necrarch_brotherhood|wh2_main_vmp_strygos_empire|wh2_main_vmp_the_silver_host|wh3_dlc21_vmp_jiangshi_rebels|wh3_dlc25_vmp_the_court_of_night|wh3_dlc25_vmp_vampire_counts_invasion|wh3_dlc26_vmp_templehof_qb|wh3_main_ie_vmp_sires_of_mourkain|wh3_main_vmp_caravan_of_blue_roses|wh3_main_vmp_lahmian_sisterhood|wh3_main_vmp_nagashizzar|wh_main_vmp_mousillon|wh_main_vmp_rival_sylvanian_vamps|wh_main_vmp_schwartzhafen|wh_main_vmp_vampire_counts|wh_main_vmp_vampire_counts_qb1|wh_main_vmp_vampire_counts_qb2|wh_main_vmp_vampire_counts_qb3|wh_main_vmp_vampire_rebels|wh_main_vmp_waldenhof,false,false,true,true,true,true,,,wh_main_skill_node_set_vmp_vampire,,1,dignitary,false,false,,,,wh_main_skill_node_vmp_dignitary_magic1_04,wh_main_skill_all_magic_death_04_soulblight,Soulblight,,wh_main_spell_death_soulblight.png,3,2,0,0,true,0,3,3,Soulblight,,,,,,,wh2_main_effect_ability_wom_cost_soulblight_upgraded,"Winds of Magic cost: %n for ""Soulblight Upgraded""",,character_to_character_own,-3,both,295,false,magic_character.png,magic_character.png,,,,,,,,,,,,,,,,,,,,,,,character_skill_level_to_effects_junctions_tables,wh_main_skill_all_magic_death_04_soulblight|wh2_main_effect_ability_wom_cost_soulblight_upgraded|3|character_to_character_own
node,warhammer_3,8.1.1,24237342,Vampire Counts,vampire_counts,wh_main_sc_vmp_vampire_counts,Vampire (Death),Vampire_Death,hero,wh_main_vmp_vampire_death,dignitary,dignitary,wh2_dlc11_vmp_the_barrow_legion|wh2_dlc16_vmp_lahmian_sisterhood|wh2_main_vmp_necrarch_brotherhood|wh2_main_vmp_strygos_empire|wh2_main_vmp_the_silver_host|wh3_dlc21_vmp_jiangshi_rebels|wh3_dlc25_vmp_the_court_of_night|wh3_dlc25_vmp_vampire_counts_invasion|wh3_dlc26_vmp_templehof_qb|wh3_main_ie_vmp_sires_of_mourkain|wh3_main_vmp_caravan_of_blue_roses|wh3_main_vmp_lahmian_sisterhood|wh3_main_vmp_nagashizzar|wh_main_vmp_mousillon|wh_main_vmp_rival_sylvanian_vamps|wh_main_vmp_schwartzhafen|wh_main_vmp_vampire_counts|wh_main_vmp_vampire_counts_qb1|wh_main_vmp_vampire_counts_qb2|wh_main_vmp_vampire_counts_qb3|wh_main_vmp_vampire_rebels|wh_main_vmp_waldenhof,false,false,true,true,true,true,,,wh_main_skill_node_set_vmp_vampire,,1,dignitary,false,false,,,,wh_main_skill_node_vmp_dignitary_campaign_04,wh2_main_skill_all_hero_hinder_agent_wound,{{tr:agent_action_name_wound}},"Such a champion will not bend or break, but slay in their Lord's name.",campaign_wound_time.png,3,5,0,0,true,0,3,,,,,,,,,,,,,,,,,,,,,,,,,,,,,,,,,,,,,,,,,character_skill_nodes_tables,wh_main_skill_node_vmp_dignitary_campaign_04
skill_level,warhammer_3,8.1.1,24237342,Vampire Counts,vampire_counts,wh_main_sc_vmp_vampire_counts,Vampire (Death),Vampire_Death,hero,wh_main_vmp_vampire_death,dignitary,dignitary,wh2_dlc11_vmp_the_barrow_legion|wh2_dlc16_vmp_lahmian_sisterhood|wh2_main_vmp_necrarch_brotherhood|wh2_main_vmp_strygos_empire|wh2_main_vmp_the_silver_host|wh3_dlc21_vmp_jiangshi_rebels|wh3_dlc25_vmp_the_court_of_night|wh3_dlc25_vmp_vampire_counts_invasion|wh3_dlc26_vmp_templehof_qb|wh3_main_ie_vmp_sires_of_mourkain|wh3_main_vmp_caravan_of_blue_roses|wh3_main_vmp_lahmian_sisterhood|wh3_main_vmp_nagashizzar|wh_main_vmp_mousillon|wh_main_vmp_rival_sylvanian_vamps|wh_main_vmp_schwartzhafen|wh_main_vmp_vampire_counts|wh_main_vmp_vampire_counts_qb1|wh_main_vmp_vampire_counts_qb2|wh_main_vmp_vampire_counts_qb3|wh_main_vmp_vampire_rebels|wh_main_vmp_waldenhof,false,false,true,true,true,true,,,wh_main_skill_node_set_vmp_vampire,,1,dignitary,false,false,,,,wh_main_skill_node_vmp_dignitary_campaign_04,wh2_main_skill_all_hero_hinder_agent_wound,{{tr:agent_action_name_wound}},"Such a champion will not bend or break, but slay in their Lord's name.",campaign_wound_time.png,3,5,0,0,true,0,3,2,{{tr:agent_action_name_wound}},"Such a champion will not bend or break, but slay in their Lord's name.",4,x,,,,,,,,,,,,,,,,,,,,,,,,,,,,,,,,,,,,character_skill_level_details_tables,wh2_main_skill_all_hero_hinder_agent_wound|2|||
skill_level,warhammer_3,8.1.1,24237342,Vampire Counts,vampire_counts,wh_main_sc_vmp_vampire_counts,Vampire (Death),Vampire_Death,hero,wh_main_vmp_vampire_death,dignitary,dignitary,wh2_dlc11_vmp_the_barrow_legion|wh2_dlc16_vmp_lahmian_sisterhood|wh2_main_vmp_necrarch_brotherhood|wh2_main_vmp_strygos_empire|wh2_main_vmp_the_silver_host|wh3_dlc21_vmp_jiangshi_rebels|wh3_dlc25_vmp_the_court_of_night|wh3_dlc25_vmp_vampire_counts_invasion|wh3_dlc26_vmp_templehof_qb|wh3_main_ie_vmp_sires_of_mourkain|wh3_main_vmp_caravan_of_blue_roses|wh3_main_vmp_lahmian_sisterhood|wh3_main_vmp_nagashizzar|wh_main_vmp_mousillon|wh_main_vmp_rival_sylvanian_vamps|wh_main_vmp_schwartzhafen|wh_main_vmp_vampire_counts|wh_main_vmp_vampire_counts_qb1|wh_main_vmp_vampire_counts_qb2|wh_main_vmp_vampire_counts_qb3|wh_main_vmp_vampire_rebels|wh_main_vmp_waldenhof,false,false,true,true,true,true,,,wh_main_skill_node_set_vmp_vampire,,1,dignitary,false,false,,,,wh_main_skill_node_vmp_dignitary_campaign_04,wh2_main_skill_all_hero_hinder_agent_wound,{{tr:agent_action_name_wound}},"Such a champion will not bend or break, but slay in their Lord's name.",campaign_wound_time.png,3,5,0,0,true,0,3,3,{{tr:agent_action_name_wound}},"Such a champion will not bend or break, but slay in their Lord's name.",9,x,,,,,,,,,,,,,,,,,,,,,,,,,,,,,,,,,,,,character_skill_level_details_tables,wh2_main_skill_all_hero_hinder_agent_wound|3|||
effect,warhammer_3,8.1.1,24237342,Vampire Counts,vampire_counts,wh_main_sc_vmp_vampire_counts,Vampire (Death),Vampire_Death,hero,wh_main_vmp_vampire_death,dignitary,dignitary,wh2_dlc11_vmp_the_barrow_legion|wh2_dlc16_vmp_lahmian_sisterhood|wh2_main_vmp_necrarch_brotherhood|wh2_main_vmp_strygos_empire|wh2_main_vmp_the_silver_host|wh3_dlc21_vmp_jiangshi_rebels|wh3_dlc25_vmp_the_court_of_night|wh3_dlc25_vmp_vampire_counts_invasion|wh3_dlc26_vmp_templehof_qb|wh3_main_ie_vmp_sires_of_mourkain|wh3_main_vmp_caravan_of_blue_roses|wh3_main_vmp_lahmian_sisterhood|wh3_main_vmp_nagashizzar|wh_main_vmp_mousillon|wh_main_vmp_rival_sylvanian_vamps|wh_main_vmp_schwartzhafen|wh_main_vmp_vampire_counts|wh_main_vmp_vampire_counts_qb1|wh_main_vmp_vampire_counts_qb2|wh_main_vmp_vampire_counts_qb3|wh_main_vmp_vampire_rebels|wh_main_vmp_waldenhof,false,false,true,true,true,true,,,wh_main_skill_node_set_vmp_vampire,,1,dignitary,false,false,,,,wh_main_skill_node_vmp_dignitary_campaign_04,wh2_main_skill_all_hero_hinder_agent_wound,{{tr:agent_action_name_wound}},"Such a champion will not bend or break, but slay in their Lord's name.",campaign_wound_time.png,3,5,0,0,true,0,3,1,{{tr:agent_action_name_wound}},"Such a champion will not bend or break, but slay in their Lord's name.",,,,,,wh2_main_effect_agent_action_hinder_agent_wound_buff,[[col:yellow]]{{tr:agent_action_name_wound}}[[/col]] action: Additional %n% chance of wounding target,[[col:yellow]]{{tr:agent_action_name_wound}}[[/col]] (Target: Hero)\\nWounds the target [[img:icon_hero]][[/img]]Hero.,character_to_character_own,5,campaign,10,true,wound_time.png,wound_time.png,,,,,,,,,,,,,,,,,,,,,,,character_skill_level_to_effects_junctions_tables,wh2_main_skill_all_hero_hinder_agent_wound|wh2_main_effect_agent_action_hinder_agent_wound_buff|1|character_to_character_own
effect,warhammer_3,8.1.1,24237342,Vampire Counts,vampire_counts,wh_main_sc_vmp_vampire_counts,Vampire (Death),Vampire_Death,hero,wh_main_vmp_vampire_death,dignitary,dignitary,wh2_dlc11_vmp_the_barrow_legion|wh2_dlc16_vmp_lahmian_sisterhood|wh2_main_vmp_necrarch_brotherhood|wh2_main_vmp_strygos_empire|wh2_main_vmp_the_silver_host|wh3_dlc21_vmp_jiangshi_rebels|wh3_dlc25_vmp_the_court_of_night|wh3_dlc25_vmp_vampire_counts_invasion|wh3_dlc26_vmp_templehof_qb|wh3_main_ie_vmp_sires_of_mourkain|wh3_main_vmp_caravan_of_blue_roses|wh3_main_vmp_lahmian_sisterhood|wh3_main_vmp_nagashizzar|wh_main_vmp_mousillon|wh_main_vmp_rival_sylvanian_vamps|wh_main_vmp_schwartzhafen|wh_main_vmp_vampire_counts|wh_main_vmp_vampire_counts_qb1|wh_main_vmp_vampire_counts_qb2|wh_main_vmp_vampire_counts_qb3|wh_main_vmp_vampire_rebels|wh_main_vmp_waldenhof,false,false,true,true,true,true,,,wh_main_skill_node_set_vmp_vampire,,1,dignitary,false,false,,,,wh_main_skill_node_vmp_dignitary_campaign_04,wh2_main_skill_all_hero_hinder_agent_wound,{{tr:agent_action_name_wound}},"Such a champion will not bend or break, but slay in their Lord's name.",campaign_wound_time.png,3,5,0,0,true,0,3,2,{{tr:agent_action_name_wound}},"Such a champion will not bend or break, but slay in their Lord's name.",,,,,,wh2_main_effect_agent_action_hinder_agent_wound_buff,[[col:yellow]]{{tr:agent_action_name_wound}}[[/col]] action: Additional %n% chance of wounding target,[[col:yellow]]{{tr:agent_action_name_wound}}[[/col]] (Target: Hero)\\nWounds the target [[img:icon_hero]][[/img]]Hero.,character_to_character_own,12,campaign,10,true,wound_time.png,wound_time.png,,,,,,,,,,,,,,,,,,,,,,,character_skill_level_to_effects_junctions_tables,wh2_main_skill_all_hero_hinder_agent_wound|wh2_main_effect_agent_action_hinder_agent_wound_buff|2|character_to_character_own
effect,warhammer_3,8.1.1,24237342,Vampire Counts,vampire_counts,wh_main_sc_vmp_vampire_counts,Vampire (Death),Vampire_Death,hero,wh_main_vmp_vampire_death,dignitary,dignitary,wh2_dlc11_vmp_the_barrow_legion|wh2_dlc16_vmp_lahmian_sisterhood|wh2_main_vmp_necrarch_brotherhood|wh2_main_vmp_strygos_empire|wh2_main_vmp_the_silver_host|wh3_dlc21_vmp_jiangshi_rebels|wh3_dlc25_vmp_the_court_of_night|wh3_dlc25_vmp_vampire_counts_invasion|wh3_dlc26_vmp_templehof_qb|wh3_main_ie_vmp_sires_of_mourkain|wh3_main_vmp_caravan_of_blue_roses|wh3_main_vmp_lahmian_sisterhood|wh3_main_vmp_nagashizzar|wh_main_vmp_mousillon|wh_main_vmp_rival_sylvanian_vamps|wh_main_vmp_schwartzhafen|wh_main_vmp_vampire_counts|wh_main_vmp_vampire_counts_qb1|wh_main_vmp_vampire_counts_qb2|wh_main_vmp_vampire_counts_qb3|wh_main_vmp_vampire_rebels|wh_main_vmp_waldenhof,false,false,true,true,true,true,,,wh_main_skill_node_set_vmp_vampire,,1,dignitary,false,false,,,,wh_main_skill_node_vmp_dignitary_campaign_04,wh2_main_skill_all_hero_hinder_agent_wound,{{tr:agent_action_name_wound}},"Such a champion will not bend or break, but slay in their Lord's name.",campaign_wound_time.png,3,5,0,0,true,0,3,3,{{tr:agent_action_name_wound}},"Such a champion will not bend or break, but slay in their Lord's name.",,,,,,wh2_main_effect_agent_action_hinder_agent_wound_buff,[[col:yellow]]{{tr:agent_action_name_wound}}[[/col]] action: Additional %n% chance of wounding target,[[col:yellow]]{{tr:agent_action_name_wound}}[[/col]] (Target: Hero)\\nWounds the target [[img:icon_hero]][[/img]]Hero.,character_to_character_own,21,campaign,10,true,wound_time.png,wound_time.png,,,,,,,,,,,,,,,,,,,,,,,character_skill_level_to_effects_junctions_tables,wh2_main_skill_all_hero_hinder_agent_wound|wh2_main_effect_agent_action_hinder_agent_wound_buff|3|character_to_character_own
node,warhammer_3,8.1.1,24237342,Vampire Counts,vampire_counts,wh_main_sc_vmp_vampire_counts,Vampire (Death),Vampire_Death,hero,wh_main_vmp_vampire_death,dignitary,dignitary,wh2_dlc11_vmp_the_barrow_legion|wh2_dlc16_vmp_lahmian_sisterhood|wh2_main_vmp_necrarch_brotherhood|wh2_main_vmp_strygos_empire|wh2_main_vmp_the_silver_host|wh3_dlc21_vmp_jiangshi_rebels|wh3_dlc25_vmp_the_court_of_night|wh3_dlc25_vmp_vampire_counts_invasion|wh3_dlc26_vmp_templehof_qb|wh3_main_ie_vmp_sires_of_mourkain|wh3_main_vmp_caravan_of_blue_roses|wh3_main_vmp_lahmian_sisterhood|wh3_main_vmp_nagashizzar|wh_main_vmp_mousillon|wh_main_vmp_rival_sylvanian_vamps|wh_main_vmp_schwartzhafen|wh_main_vmp_vampire_counts|wh_main_vmp_vampire_counts_qb1|wh_main_vmp_vampire_counts_qb2|wh_main_vmp_vampire_counts_qb3|wh_main_vmp_vampire_rebels|wh_main_vmp_waldenhof,false,false,true,true,true,true,,,wh_main_skill_node_set_vmp_vampire,,1,dignitary,false,false,,,,wh_main_skill_node_vmp_vampire_innate_04,wh2_main_skill_innate_vmp_lore_keeper,Lore Keeper ,"Once forbidden knowledge is acquired, Necromancers and Vampires will jealously guard it from rivals' eyes.",trait_vampire_counts.png,3,6,0,0,false,0,1,,,,,,,,,,,,,,,,,,,,,,,,,,,,,,,,,,,,,,,,,character_skill_nodes_tables,wh_main_skill_node_vmp_vampire_innate_04
effect,warhammer_3,8.1.1,24237342,Vampire Counts,vampire_counts,wh_main_sc_vmp_vampire_counts,Vampire (Death),Vampire_Death,hero,wh_main_vmp_vampire_death,dignitary,dignitary,wh2_dlc11_vmp_the_barrow_legion|wh2_dlc16_vmp_lahmian_sisterhood|wh2_main_vmp_necrarch_brotherhood|wh2_main_vmp_strygos_empire|wh2_main_vmp_the_silver_host|wh3_dlc21_vmp_jiangshi_rebels|wh3_dlc25_vmp_the_court_of_night|wh3_dlc25_vmp_vampire_counts_invasion|wh3_dlc26_vmp_templehof_qb|wh3_main_ie_vmp_sires_of_mourkain|wh3_main_vmp_caravan_of_blue_roses|wh3_main_vmp_lahmian_sisterhood|wh3_main_vmp_nagashizzar|wh_main_vmp_mousillon|wh_main_vmp_rival_sylvanian_vamps|wh_main_vmp_schwartzhafen|wh_main_vmp_vampire_counts|wh_main_vmp_vampire_counts_qb1|wh_main_vmp_vampire_counts_qb2|wh_main_vmp_vampire_counts_qb3|wh_main_vmp_vampire_rebels|wh_main_vmp_waldenhof,false,false,true,true,true,true,,,wh_main_skill_node_set_vmp_vampire,,1,dignitary,false,false,,,,wh_main_skill_node_vmp_vampire_innate_04,wh2_main_skill_innate_vmp_lore_keeper,Lore Keeper ,"Once forbidden knowledge is acquired, Necromancers and Vampires will jealously guard it from rivals' eyes.",trait_vampire_counts.png,3,6,0,0,false,0,1,1,Lore Keeper ,"Once forbidden knowledge is acquired, Necromancers and Vampires will jealously guard it from rivals' eyes.",,,,,,wh3_main_effect_battle_barrier_health_add,Barrier hit points: %+n,,character_to_character_own,250,battle,320,true,barrier.png,barrier.png,,,,,,,,,,,,,,,,,,,,,,,character_skill_level_to_effects_junctions_tables,wh2_main_skill_innate_vmp_lore_keeper|wh3_main_effect_battle_barrier_health_add|1|character_to_character_own
effect,warhammer_3,8.1.1,24237342,Vampire Counts,vampire_counts,wh_main_sc_vmp_vampire_counts,Vampire (Death),Vampire_Death,hero,wh_main_vmp_vampire_death,dignitary,dignitary,wh2_dlc11_vmp_the_barrow_legion|wh2_dlc16_vmp_lahmian_sisterhood|wh2_main_vmp_necrarch_brotherhood|wh2_main_vmp_strygos_empire|wh2_main_vmp_the_silver_host|wh3_dlc21_vmp_jiangshi_rebels|wh3_dlc25_vmp_the_court_of_night|wh3_dlc25_vmp_vampire_counts_invasion|wh3_dlc26_vmp_templehof_qb|wh3_main_ie_vmp_sires_of_mourkain|wh3_main_vmp_caravan_of_blue_roses|wh3_main_vmp_lahmian_sisterhood|wh3_main_vmp_nagashizzar|wh_main_vmp_mousillon|wh_main_vmp_rival_sylvanian_vamps|wh_main_vmp_schwartzhafen|wh_main_vmp_vampire_counts|wh_main_vmp_vampire_counts_qb1|wh_main_vmp_vampire_counts_qb2|wh_main_vmp_vampire_counts_qb3|wh_main_vmp_vampire_rebels|wh_main_vmp_waldenhof,false,false,true,true,true,true,,,wh_main_skill_node_set_vmp_vampire,,1,dignitary,false,false,,,,wh_main_skill_node_vmp_vampire_innate_04,wh2_main_skill_innate_vmp_lore_keeper,Lore Keeper ,"Once forbidden knowledge is acquired, Necromancers and Vampires will jealously guard it from rivals' eyes.",trait_vampire_counts.png,3,6,0,0,false,0,1,1,Lore Keeper ,"Once forbidden knowledge is acquired, Necromancers and Vampires will jealously guard it from rivals' eyes.",,,,,,wh3_main_effect_winds_of_magic_character,Winds of Magic power reserve: %+n per turn,,character_to_force_own_alt_text,1,campaign,4,true,magic_campaign.png,magic_campaign.png,,,,,,,,,,,,,,,,,,,,,,,character_skill_level_to_effects_junctions_tables,wh2_main_skill_innate_vmp_lore_keeper|wh3_main_effect_winds_of_magic_character|1|character_to_force_own_alt_text
effect,warhammer_3,8.1.1,24237342,Vampire Counts,vampire_counts,wh_main_sc_vmp_vampire_counts,Vampire (Death),Vampire_Death,hero,wh_main_vmp_vampire_death,dignitary,dignitary,wh2_dlc11_vmp_the_barrow_legion|wh2_dlc16_vmp_lahmian_sisterhood|wh2_main_vmp_necrarch_brotherhood|wh2_main_vmp_strygos_empire|wh2_main_vmp_the_silver_host|wh3_dlc21_vmp_jiangshi_rebels|wh3_dlc25_vmp_the_court_of_night|wh3_dlc25_vmp_vampire_counts_invasion|wh3_dlc26_vmp_templehof_qb|wh3_main_ie_vmp_sires_of_mourkain|wh3_main_vmp_caravan_of_blue_roses|wh3_main_vmp_lahmian_sisterhood|wh3_main_vmp_nagashizzar|wh_main_vmp_mousillon|wh_main_vmp_rival_sylvanian_vamps|wh_main_vmp_schwartzhafen|wh_main_vmp_vampire_counts|wh_main_vmp_vampire_counts_qb1|wh_main_vmp_vampire_counts_qb2|wh_main_vmp_vampire_counts_qb3|wh_main_vmp_vampire_rebels|wh_main_vmp_waldenhof,false,false,true,true,true,true,,,wh_main_skill_node_set_vmp_vampire,,1,dignitary,false,false,,,,wh_main_skill_node_vmp_vampire_innate_04,wh2_main_skill_innate_vmp_lore_keeper,Lore Keeper ,"Once forbidden knowledge is acquired, Necromancers and Vampires will jealously guard it from rivals' eyes.",trait_vampire_counts.png,3,6,0,0,false,0,1,1,Lore Keeper ,"Once forbidden knowledge is acquired, Necromancers and Vampires will jealously guard it from rivals' eyes.",,,,,,wh3_main_effect_winds_of_magic_pool_cap,Winds of Magic power reserve capacity: %+n,,character_to_force_own_alt_text,8,campaign,390,true,magic_campaign.png,magic_campaign.png,,,,,,,,,,,,,,,,,,,,,,,character_skill_level_to_effects_junctions_tables,wh2_main_skill_innate_vmp_lore_keeper|wh3_main_effect_winds_of_magic_pool_cap|1|character_to_force_own_alt_text
node,warhammer_3,8.1.1,24237342,Vampire Counts,vampire_counts,wh_main_sc_vmp_vampire_counts,Vampire (Death),Vampire_Death,hero,wh_main_vmp_vampire_death,dignitary,dignitary,wh2_dlc11_vmp_the_barrow_legion|wh2_dlc16_vmp_lahmian_sisterhood|wh2_main_vmp_necrarch_brotherhood|wh2_main_vmp_strygos_empire|wh2_main_vmp_the_silver_host|wh3_dlc21_vmp_jiangshi_rebels|wh3_dlc25_vmp_the_court_of_night|wh3_dlc25_vmp_vampire_counts_invasion|wh3_dlc26_vmp_templehof_qb|wh3_main_ie_vmp_sires_of_mourkain|wh3_main_vmp_caravan_of_blue_roses|wh3_main_vmp_lahmian_sisterhood|wh3_main_vmp_nagashizzar|wh_main_vmp_mousillon|wh_main_vmp_rival_sylvanian_vamps|wh_main_vmp_schwartzhafen|wh_main_vmp_vampire_counts|wh_main_vmp_vampire_counts_qb1|wh_main_vmp_vampire_counts_qb2|wh_main_vmp_vampire_counts_qb3|wh_main_vmp_vampire_rebels|wh_main_vmp_waldenhof,false,false,true,true,true,true,,,wh_main_skill_node_set_vmp_vampire,,1,dignitary,false,false,,,,wh_main_skill_node_vmp_dignitary_self_05,wh_main_skill_all_dignitary_self_soothsaying,Soothsaying,Speaking words of power or faith can alter perceptions on the battlefield.,character_general_ability.png,4,1,0,0,true,0,3,,,,,,,,,,,,,,,,,,,,,,,,,,,,,,,,,,,,,,,,,character_skill_nodes_tables,wh_main_skill_node_vmp_dignitary_self_05
effect,warhammer_3,8.1.1,24237342,Vampire Counts,vampire_counts,wh_main_sc_vmp_vampire_counts,Vampire (Death),Vampire_Death,hero,wh_main_vmp_vampire_death,dignitary,dignitary,wh2_dlc11_vmp_the_barrow_legion|wh2_dlc16_vmp_lahmian_sisterhood|wh2_main_vmp_necrarch_brotherhood|wh2_main_vmp_strygos_empire|wh2_main_vmp_the_silver_host|wh3_dlc21_vmp_jiangshi_rebels|wh3_dlc25_vmp_the_court_of_night|wh3_dlc25_vmp_vampire_counts_invasion|wh3_dlc26_vmp_templehof_qb|wh3_main_ie_vmp_sires_of_mourkain|wh3_main_vmp_caravan_of_blue_roses|wh3_main_vmp_lahmian_sisterhood|wh3_main_vmp_nagashizzar|wh_main_vmp_mousillon|wh_main_vmp_rival_sylvanian_vamps|wh_main_vmp_schwartzhafen|wh_main_vmp_vampire_counts|wh_main_vmp_vampire_counts_qb1|wh_main_vmp_vampire_counts_qb2|wh_main_vmp_vampire_counts_qb3|wh_main_vmp_vampire_rebels|wh_main_vmp_waldenhof,false,false,true,true,true,true,,,wh_main_skill_node_set_vmp_vampire,,1,dignitary,false,false,,,,wh_main_skill_node_vmp_dignitary_self_05,wh_main_skill_all_dignitary_self_soothsaying,Soothsaying,Speaking words of power or faith can alter perceptions on the battlefield.,character_general_ability.png,4,1,0,0,true,0,3,1,Soothsaying,Speaking words of power or faith can alter perceptions on the battlefield.,,,,,,wh_main_effect_character_stat_leadership_aura_size,Leadership aura size: %+n%,Aura. Any unit standing within this character's aura in battle will receive a [[img:icon_morale]][[/img]]leadership bonus.,character_to_character_own,10,battle,260,true,general_ability.png,general_ability.png,,,,,,,,,,,,,,,,,,,,,,,character_skill_level_to_effects_junctions_tables,wh_main_skill_all_dignitary_self_soothsaying|wh_main_effect_character_stat_leadership_aura_size|1|character_to_character_own
effect,warhammer_3,8.1.1,24237342,Vampire Counts,vampire_counts,wh_main_sc_vmp_vampire_counts,Vampire (Death),Vampire_Death,hero,wh_main_vmp_vampire_death,dignitary,dignitary,wh2_dlc11_vmp_the_barrow_legion|wh2_dlc16_vmp_lahmian_sisterhood|wh2_main_vmp_necrarch_brotherhood|wh2_main_vmp_strygos_empire|wh2_main_vmp_the_silver_host|wh3_dlc21_vmp_jiangshi_rebels|wh3_dlc25_vmp_the_court_of_night|wh3_dlc25_vmp_vampire_counts_invasion|wh3_dlc26_vmp_templehof_qb|wh3_main_ie_vmp_sires_of_mourkain|wh3_main_vmp_caravan_of_blue_roses|wh3_main_vmp_lahmian_sisterhood|wh3_main_vmp_nagashizzar|wh_main_vmp_mousillon|wh_main_vmp_rival_sylvanian_vamps|wh_main_vmp_schwartzhafen|wh_main_vmp_vampire_counts|wh_main_vmp_vampire_counts_qb1|wh_main_vmp_vampire_counts_qb2|wh_main_vmp_vampire_counts_qb3|wh_main_vmp_vampire_rebels|wh_main_vmp_waldenhof,false,false,true,true,true,true,,,wh_main_skill_node_set_vmp_vampire,,1,dignitary,false,false,,,,wh_main_skill_node_vmp_dignitary_self_05,wh_main_skill_all_dignitary_self_soothsaying,Soothsaying,Speaking words of power or faith can alter perceptions on the battlefield.,character_general_ability.png,4,1,0,0,true,0,3,2,Soothsaying,Speaking words of power or faith can alter perceptions on the battlefield.,,,,,,wh_main_effect_character_stat_leadership_aura_size,Leadership aura size: %+n%,Aura. Any unit standing within this character's aura in battle will receive a [[img:icon_morale]][[/img]]leadership bonus.,character_to_character_own,20,battle,260,true,general_ability.png,general_ability.png,,,,,,,,,,,,,,,,,,,,,,,character_skill_level_to_effects_junctions_tables,wh_main_skill_all_dignitary_self_soothsaying|wh_main_effect_character_stat_leadership_aura_size|2|character_to_character_own
effect,warhammer_3,8.1.1,24237342,Vampire Counts,vampire_counts,wh_main_sc_vmp_vampire_counts,Vampire (Death),Vampire_Death,hero,wh_main_vmp_vampire_death,dignitary,dignitary,wh2_dlc11_vmp_the_barrow_legion|wh2_dlc16_vmp_lahmian_sisterhood|wh2_main_vmp_necrarch_brotherhood|wh2_main_vmp_strygos_empire|wh2_main_vmp_the_silver_host|wh3_dlc21_vmp_jiangshi_rebels|wh3_dlc25_vmp_the_court_of_night|wh3_dlc25_vmp_vampire_counts_invasion|wh3_dlc26_vmp_templehof_qb|wh3_main_ie_vmp_sires_of_mourkain|wh3_main_vmp_caravan_of_blue_roses|wh3_main_vmp_lahmian_sisterhood|wh3_main_vmp_nagashizzar|wh_main_vmp_mousillon|wh_main_vmp_rival_sylvanian_vamps|wh_main_vmp_schwartzhafen|wh_main_vmp_vampire_counts|wh_main_vmp_vampire_counts_qb1|wh_main_vmp_vampire_counts_qb2|wh_main_vmp_vampire_counts_qb3|wh_main_vmp_vampire_rebels|wh_main_vmp_waldenhof,false,false,true,true,true,true,,,wh_main_skill_node_set_vmp_vampire,,1,dignitary,false,false,,,,wh_main_skill_node_vmp_dignitary_self_05,wh_main_skill_all_dignitary_self_soothsaying,Soothsaying,Speaking words of power or faith can alter perceptions on the battlefield.,character_general_ability.png,4,1,0,0,true,0,3,3,Soothsaying,Speaking words of power or faith can alter perceptions on the battlefield.,,,,,,wh_main_effect_character_stat_leadership_aura_size,Leadership aura size: %+n%,Aura. Any unit standing within this character's aura in battle will receive a [[img:icon_morale]][[/img]]leadership bonus.,character_to_character_own,40,battle,260,true,general_ability.png,general_ability.png,,,,,,,,,,,,,,,,,,,,,,,character_skill_level_to_effects_junctions_tables,wh_main_skill_all_dignitary_self_soothsaying|wh_main_effect_character_stat_leadership_aura_size|3|character_to_character_own
node,warhammer_3,8.1.1,24237342,Vampire Counts,vampire_counts,wh_main_sc_vmp_vampire_counts,Vampire (Death),Vampire_Death,hero,wh_main_vmp_vampire_death,dignitary,dignitary,wh2_dlc11_vmp_the_barrow_legion|wh2_dlc16_vmp_lahmian_sisterhood|wh2_main_vmp_necrarch_brotherhood|wh2_main_vmp_strygos_empire|wh2_main_vmp_the_silver_host|wh3_dlc21_vmp_jiangshi_rebels|wh3_dlc25_vmp_the_court_of_night|wh3_dlc25_vmp_vampire_counts_invasion|wh3_dlc26_vmp_templehof_qb|wh3_main_ie_vmp_sires_of_mourkain|wh3_main_vmp_caravan_of_blue_roses|wh3_main_vmp_lahmian_sisterhood|wh3_main_vmp_nagashizzar|wh_main_vmp_mousillon|wh_main_vmp_rival_sylvanian_vamps|wh_main_vmp_schwartzhafen|wh_main_vmp_vampire_counts|wh_main_vmp_vampire_counts_qb1|wh_main_vmp_vampire_counts_qb2|wh_main_vmp_vampire_counts_qb3|wh_main_vmp_vampire_rebels|wh_main_vmp_waldenhof,false,false,true,true,true,true,,,wh_main_skill_node_set_vmp_vampire,,1,dignitary,false,false,,,,wh_main_skill_node_vmp_dignitary_magic1_05,wh_main_skill_all_magic_death_05_doom_and_darkness,Doom & Darkness,,wh_main_spell_death_doom_and_darkness.png,4,2,0,0,true,0,3,,,,,,,,,,,,,,,,,,,,,,,,,,,,,,,,,,,,,,,,,character_skill_nodes_tables,wh_main_skill_node_vmp_dignitary_magic1_05
effect,warhammer_3,8.1.1,24237342,Vampire Counts,vampire_counts,wh_main_sc_vmp_vampire_counts,Vampire (Death),Vampire_Death,hero,wh_main_vmp_vampire_death,dignitary,dignitary,wh2_dlc11_vmp_the_barrow_legion|wh2_dlc16_vmp_lahmian_sisterhood|wh2_main_vmp_necrarch_brotherhood|wh2_main_vmp_strygos_empire|wh2_main_vmp_the_silver_host|wh3_dlc21_vmp_jiangshi_rebels|wh3_dlc25_vmp_the_court_of_night|wh3_dlc25_vmp_vampire_counts_invasion|wh3_dlc26_vmp_templehof_qb|wh3_main_ie_vmp_sires_of_mourkain|wh3_main_vmp_caravan_of_blue_roses|wh3_main_vmp_lahmian_sisterhood|wh3_main_vmp_nagashizzar|wh_main_vmp_mousillon|wh_main_vmp_rival_sylvanian_vamps|wh_main_vmp_schwartzhafen|wh_main_vmp_vampire_counts|wh_main_vmp_vampire_counts_qb1|wh_main_vmp_vampire_counts_qb2|wh_main_vmp_vampire_counts_qb3|wh_main_vmp_vampire_rebels|wh_main_vmp_waldenhof,false,false,true,true,true,true,,,wh_main_skill_node_set_vmp_vampire,,1,dignitary,false,false,,,,wh_main_skill_node_vmp_dignitary_magic1_05,wh_main_skill_all_magic_death_05_doom_and_darkness,Doom & Darkness,,wh_main_spell_death_doom_and_darkness.png,4,2,0,0,true,0,3,1,Doom & Darkness,,,,,,,wh_main_effect_ability_enable_doom_and_darkness,"Spell: ""Doom & Darkness""",,character_to_character_own,1,battle,290,true,magic_character.png,magic_character.png,,,,,,,,,,,,,,,,,,,,,,,character_skill_level_to_effects_junctions_tables,wh_main_skill_all_magic_death_05_doom_and_darkness|wh_main_effect_ability_enable_doom_and_darkness|1|character_to_character_own
effect,warhammer_3,8.1.1,24237342,Vampire Counts,vampire_counts,wh_main_sc_vmp_vampire_counts,Vampire (Death),Vampire_Death,hero,wh_main_vmp_vampire_death,dignitary,dignitary,wh2_dlc11_vmp_the_barrow_legion|wh2_dlc16_vmp_lahmian_sisterhood|wh2_main_vmp_necrarch_brotherhood|wh2_main_vmp_strygos_empire|wh2_main_vmp_the_silver_host|wh3_dlc21_vmp_jiangshi_rebels|wh3_dlc25_vmp_the_court_of_night|wh3_dlc25_vmp_vampire_counts_invasion|wh3_dlc26_vmp_templehof_qb|wh3_main_ie_vmp_sires_of_mourkain|wh3_main_vmp_caravan_of_blue_roses|wh3_main_vmp_lahmian_sisterhood|wh3_main_vmp_nagashizzar|wh_main_vmp_mousillon|wh_main_vmp_rival_sylvanian_vamps|wh_main_vmp_schwartzhafen|wh_main_vmp_vampire_counts|wh_main_vmp_vampire_counts_qb1|wh_main_vmp_vampire_counts_qb2|wh_main_vmp_vampire_counts_qb3|wh_main_vmp_vampire_rebels|wh_main_vmp_waldenhof,false,false,true,true,true,true,,,wh_main_skill_node_set_vmp_vampire,,1,dignitary,false,false,,,,wh_main_skill_node_vmp_dignitary_magic1_05,wh_main_skill_all_magic_death_05_doom_and_darkness,Doom & Darkness,,wh_main_spell_death_doom_and_darkness.png,4,2,0,0,true,0,3,2,Doom & Darkness,,,,,,,wh_main_effect_ability_cooldown_doom_and_darkness,"Cooldown: %+n% to ""Doom & Darkness""",,character_to_character_own,-30,both,293,false,magic_cooldown.png,magic_cooldown.png,,,,,,,,,,,,,,,,,,,,,,,character_skill_level_to_effects_junctions_tables,wh_main_skill_all_magic_death_05_doom_and_darkness|wh_main_effect_ability_cooldown_doom_and_darkness|2|character_to_character_own
effect,warhammer_3,8.1.1,24237342,Vampire Counts,vampire_counts,wh_main_sc_vmp_vampire_counts,Vampire (Death),Vampire_Death,hero,wh_main_vmp_vampire_death,dignitary,dignitary,wh2_dlc11_vmp_the_barrow_legion|wh2_dlc16_vmp_lahmian_sisterhood|wh2_main_vmp_necrarch_brotherhood|wh2_main_vmp_strygos_empire|wh2_main_vmp_the_silver_host|wh3_dlc21_vmp_jiangshi_rebels|wh3_dlc25_vmp_the_court_of_night|wh3_dlc25_vmp_vampire_counts_invasion|wh3_dlc26_vmp_templehof_qb|wh3_main_ie_vmp_sires_of_mourkain|wh3_main_vmp_caravan_of_blue_roses|wh3_main_vmp_lahmian_sisterhood|wh3_main_vmp_nagashizzar|wh_main_vmp_mousillon|wh_main_vmp_rival_sylvanian_vamps|wh_main_vmp_schwartzhafen|wh_main_vmp_vampire_counts|wh_main_vmp_vampire_counts_qb1|wh_main_vmp_vampire_counts_qb2|wh_main_vmp_vampire_counts_qb3|wh_main_vmp_vampire_rebels|wh_main_vmp_waldenhof,false,false,true,true,true,true,,,wh_main_skill_node_set_vmp_vampire,,1,dignitary,false,false,,,,wh_main_skill_node_vmp_dignitary_magic1_05,wh_main_skill_all_magic_death_05_doom_and_darkness,Doom & Darkness,,wh_main_spell_death_doom_and_darkness.png,4,2,0,0,true,0,3,2,Doom & Darkness,,,,,,,wh2_main_effect_ability_overcast_doom_and_darkness,"Overcast spell: ""Doom & Darkness Upgraded""",,character_to_character_own,1,both,292,true,magic_character.png,magic_character.png,,,,,,,,,,,,,,,,,,,,,,,character_skill_level_to_effects_junctions_tables,wh_main_skill_all_magic_death_05_doom_and_darkness|wh2_main_effect_ability_overcast_doom_and_darkness|2|character_to_character_own
effect,warhammer_3,8.1.1,24237342,Vampire Counts,vampire_counts,wh_main_sc_vmp_vampire_counts,Vampire (Death),Vampire_Death,hero,wh_main_vmp_vampire_death,dignitary,dignitary,wh2_dlc11_vmp_the_barrow_legion|wh2_dlc16_vmp_lahmian_sisterhood|wh2_main_vmp_necrarch_brotherhood|wh2_main_vmp_strygos_empire|wh2_main_vmp_the_silver_host|wh3_dlc21_vmp_jiangshi_rebels|wh3_dlc25_vmp_the_court_of_night|wh3_dlc25_vmp_vampire_counts_invasion|wh3_dlc26_vmp_templehof_qb|wh3_main_ie_vmp_sires_of_mourkain|wh3_main_vmp_caravan_of_blue_roses|wh3_main_vmp_lahmian_sisterhood|wh3_main_vmp_nagashizzar|wh_main_vmp_mousillon|wh_main_vmp_rival_sylvanian_vamps|wh_main_vmp_schwartzhafen|wh_main_vmp_vampire_counts|wh_main_vmp_vampire_counts_qb1|wh_main_vmp_vampire_counts_qb2|wh_main_vmp_vampire_counts_qb3|wh_main_vmp_vampire_rebels|wh_main_vmp_waldenhof,false,false,true,true,true,true,,,wh_main_skill_node_set_vmp_vampire,,1,dignitary,false,false,,,,wh_main_skill_node_vmp_dignitary_magic1_05,wh_main_skill_all_magic_death_05_doom_and_darkness,Doom & Darkness,,wh_main_spell_death_doom_and_darkness.png,4,2,0,0,true,0,3,3,Doom & Darkness,,,,,,,wh_main_effect_ability_cooldown_doom_and_darkness,"Cooldown: %+n% to ""Doom & Darkness""",,character_to_character_own,-50,both,293,false,magic_cooldown.png,magic_cooldown.png,,,,,,,,,,,,,,,,,,,,,,,character_skill_level_to_effects_junctions_tables,wh_main_skill_all_magic_death_05_doom_and_darkness|wh_main_effect_ability_cooldown_doom_and_darkness|3|character_to_character_own
effect,warhammer_3,8.1.1,24237342,Vampire Counts,vampire_counts,wh_main_sc_vmp_vampire_counts,Vampire (Death),Vampire_Death,hero,wh_main_vmp_vampire_death,dignitary,dignitary,wh2_dlc11_vmp_the_barrow_legion|wh2_dlc16_vmp_lahmian_sisterhood|wh2_main_vmp_necrarch_brotherhood|wh2_main_vmp_strygos_empire|wh2_main_vmp_the_silver_host|wh3_dlc21_vmp_jiangshi_rebels|wh3_dlc25_vmp_the_court_of_night|wh3_dlc25_vmp_vampire_counts_invasion|wh3_dlc26_vmp_templehof_qb|wh3_main_ie_vmp_sires_of_mourkain|wh3_main_vmp_caravan_of_blue_roses|wh3_main_vmp_lahmian_sisterhood|wh3_main_vmp_nagashizzar|wh_main_vmp_mousillon|wh_main_vmp_rival_sylvanian_vamps|wh_main_vmp_schwartzhafen|wh_main_vmp_vampire_counts|wh_main_vmp_vampire_counts_qb1|wh_main_vmp_vampire_counts_qb2|wh_main_vmp_vampire_counts_qb3|wh_main_vmp_vampire_rebels|wh_main_vmp_waldenhof,false,false,true,true,true,true,,,wh_main_skill_node_set_vmp_vampire,,1,dignitary,false,false,,,,wh_main_skill_node_vmp_dignitary_magic1_05,wh_main_skill_all_magic_death_05_doom_and_darkness,Doom & Darkness,,wh_main_spell_death_doom_and_darkness.png,4,2,0,0,true,0,3,3,Doom & Darkness,,,,,,,wh2_main_effect_ability_miscast_doom_and_darkness_upgraded,"Miscast base chance: %+n% for ""Doom & Darkness Upgraded""",,character_to_character_own,-15,both,298,false,magic.png,magic.png,,,,,,,,,,,,,,,,,,,,,,,character_skill_level_to_effects_junctions_tables,wh_main_skill_all_magic_death_05_doom_and_darkness|wh2_main_effect_ability_miscast_doom_and_darkness_upgraded|3|character_to_character_own
effect,warhammer_3,8.1.1,24237342,Vampire Counts,vampire_counts,wh_main_sc_vmp_vampire_counts,Vampire (Death),Vampire_Death,hero,wh_main_vmp_vampire_death,dignitary,dignitary,wh2_dlc11_vmp_the_barrow_legion|wh2_dlc16_vmp_lahmian_sisterhood|wh2_main_vmp_necrarch_brotherhood|wh2_main_vmp_strygos_empire|wh2_main_vmp_the_silver_host|wh3_dlc21_vmp_jiangshi_rebels|wh3_dlc25_vmp_the_court_of_night|wh3_dlc25_vmp_vampire_counts_invasion|wh3_dlc26_vmp_templehof_qb|wh3_main_ie_vmp_sires_of_mourkain|wh3_main_vmp_caravan_of_blue_roses|wh3_main_vmp_lahmian_sisterhood|wh3_main_vmp_nagashizzar|wh_main_vmp_mousillon|wh_main_vmp_rival_sylvanian_vamps|wh_main_vmp_schwartzhafen|wh_main_vmp_vampire_counts|wh_main_vmp_vampire_counts_qb1|wh_main_vmp_vampire_counts_qb2|wh_main_vmp_vampire_counts_qb3|wh_main_vmp_vampire_rebels|wh_main_vmp_waldenhof,false,false,true,true,true,true,,,wh_main_skill_node_set_vmp_vampire,,1,dignitary,false,false,,,,wh_main_skill_node_vmp_dignitary_magic1_05,wh_main_skill_all_magic_death_05_doom_and_darkness,Doom & Darkness,,wh_main_spell_death_doom_and_darkness.png,4,2,0,0,true,0,3,3,Doom & Darkness,,,,,,,wh2_main_effect_ability_overcast_doom_and_darkness,"Overcast spell: ""Doom & Darkness Upgraded""",,character_to_character_own,1,both,292,true,magic_character.png,magic_character.png,,,,,,,,,,,,,,,,,,,,,,,character_skill_level_to_effects_junctions_tables,wh_main_skill_all_magic_death_05_doom_and_darkness|wh2_main_effect_ability_overcast_doom_and_darkness|3|character_to_character_own
effect,warhammer_3,8.1.1,24237342,Vampire Counts,vampire_counts,wh_main_sc_vmp_vampire_counts,Vampire (Death),Vampire_Death,hero,wh_main_vmp_vampire_death,dignitary,dignitary,wh2_dlc11_vmp_the_barrow_legion|wh2_dlc16_vmp_lahmian_sisterhood|wh2_main_vmp_necrarch_brotherhood|wh2_main_vmp_strygos_empire|wh2_main_vmp_the_silver_host|wh3_dlc21_vmp_jiangshi_rebels|wh3_dlc25_vmp_the_court_of_night|wh3_dlc25_vmp_vampire_counts_invasion|wh3_dlc26_vmp_templehof_qb|wh3_main_ie_vmp_sires_of_mourkain|wh3_main_vmp_caravan_of_blue_roses|wh3_main_vmp_lahmian_sisterhood|wh3_main_vmp_nagashizzar|wh_main_vmp_mousillon|wh_main_vmp_rival_sylvanian_vamps|wh_main_vmp_schwartzhafen|wh_main_vmp_vampire_counts|wh_main_vmp_vampire_counts_qb1|wh_main_vmp_vampire_counts_qb2|wh_main_vmp_vampire_counts_qb3|wh_main_vmp_vampire_rebels|wh_main_vmp_waldenhof,false,false,true,true,true,true,,,wh_main_skill_node_set_vmp_vampire,,1,dignitary,false,false,,,,wh_main_skill_node_vmp_dignitary_magic1_05,wh_main_skill_all_magic_death_05_doom_and_darkness,Doom & Darkness,,wh_main_spell_death_doom_and_darkness.png,4,2,0,0,true,0,3,3,Doom & Darkness,,,,,,,wh2_main_effect_ability_wom_cost_doom_and_darkness,"Winds of Magic cost: %n for ""Doom & Darkness""",,character_to_character_own,-1,both,294,false,magic_character.png,magic_character.png,,,,,,,,,,,,,,,,,,,,,,,character_skill_level_to_effects_junctions_tables,wh_main_skill_all_magic_death_05_doom_and_darkness|wh2_main_effect_ability_wom_cost_doom_and_darkness|3|character_to_character_own
effect,warhammer_3,8.1.1,24237342,Vampire Counts,vampire_counts,wh_main_sc_vmp_vampire_counts,Vampire (Death),Vampire_Death,hero,wh_main_vmp_vampire_death,dignitary,dignitary,wh2_dlc11_vmp_the_barrow_legion|wh2_dlc16_vmp_lahmian_sisterhood|wh2_main_vmp_necrarch_brotherhood|wh2_main_vmp_strygos_empire|wh2_main_vmp_the_silver_host|wh3_dlc21_vmp_jiangshi_rebels|wh3_dlc25_vmp_the_court_of_night|wh3_dlc25_vmp_vampire_counts_invasion|wh3_dlc26_vmp_templehof_qb|wh3_main_ie_vmp_sires_of_mourkain|wh3_main_vmp_caravan_of_blue_roses|wh3_main_vmp_lahmian_sisterhood|wh3_main_vmp_nagashizzar|wh_main_vmp_mousillon|wh_main_vmp_rival_sylvanian_vamps|wh_main_vmp_schwartzhafen|wh_main_vmp_vampire_counts|wh_main_vmp_vampire_counts_qb1|wh_main_vmp_vampire_counts_qb2|wh_main_vmp_vampire_counts_qb3|wh_main_vmp_vampire_rebels|wh_main_vmp_waldenhof,false,false,true,true,true,true,,,wh_main_skill_node_set_vmp_vampire,,1,dignitary,false,false,,,,wh_main_skill_node_vmp_dignitary_magic1_05,wh_main_skill_all_magic_death_05_doom_and_darkness,Doom & Darkness,,wh_main_spell_death_doom_and_darkness.png,4,2,0,0,true,0,3,3,Doom & Darkness,,,,,,,wh2_main_effect_ability_wom_cost_doom_and_darkness_upgraded,"Winds of Magic cost: %n for ""Doom & Darkness Upgraded""",,character_to_character_own,-2,both,295,false,magic_character.png,magic_character.png,,,,,,,,,,,,,,,,,,,,,,,character_skill_level_to_effects_junctions_tables,wh_main_skill_all_magic_death_05_doom_and_darkness|wh2_main_effect_ability_wom_cost_doom_and_darkness_upgraded|3|character_to_character_own
node,warhammer_3,8.1.1,24237342,Vampire Counts,vampire_counts,wh_main_sc_vmp_vampire_counts,Vampire (Death),Vampire_Death,hero,wh_main_vmp_vampire_death,dignitary,dignitary,wh2_dlc11_vmp_the_barrow_legion|wh2_dlc16_vmp_lahmian_sisterhood|wh2_main_vmp_necrarch_brotherhood|wh2_main_vmp_strygos_empire|wh2_main_vmp_the_silver_host|wh3_dlc21_vmp_jiangshi_rebels|wh3_dlc25_vmp_the_court_of_night|wh3_dlc25_vmp_vampire_counts_invasion|wh3_dlc26_vmp_templehof_qb|wh3_main_ie_vmp_sires_of_mourkain|wh3_main_vmp_caravan_of_blue_roses|wh3_main_vmp_lahmian_sisterhood|wh3_main_vmp_nagashizzar|wh_main_vmp_mousillon|wh_main_vmp_rival_sylvanian_vamps|wh_main_vmp_schwartzhafen|wh_main_vmp_vampire_counts|wh_main_vmp_vampire_counts_qb1|wh_main_vmp_vampire_counts_qb2|wh_main_vmp_vampire_counts_qb3|wh_main_vmp_vampire_rebels|wh_main_vmp_waldenhof,false,false,true,true,true,true,,,wh_main_skill_node_set_vmp_vampire,,1,dignitary,false,false,,,,wh_main_skill_node_vmp_dignitary_campaign_05,wh2_main_skill_all_hero_hinder_army_hinder_replenishment,{{tr:agent_action_name_hinder_replenishment}},The sight of a powerful figure extolling death and blasphemies can bring enemy ranks to their knees.,campaign_replenishment.png,4,5,0,0,true,0,3,,,,,,,,,,,,,,,,,,,,,,,,,,,,,,,,,,,,,,,,,character_skill_nodes_tables,wh_main_skill_node_vmp_dignitary_campaign_05
skill_level,warhammer_3,8.1.1,24237342,Vampire Counts,vampire_counts,wh_main_sc_vmp_vampire_counts,Vampire (Death),Vampire_Death,hero,wh_main_vmp_vampire_death,dignitary,dignitary,wh2_dlc11_vmp_the_barrow_legion|wh2_dlc16_vmp_lahmian_sisterhood|wh2_main_vmp_necrarch_brotherhood|wh2_main_vmp_strygos_empire|wh2_main_vmp_the_silver_host|wh3_dlc21_vmp_jiangshi_rebels|wh3_dlc25_vmp_the_court_of_night|wh3_dlc25_vmp_vampire_counts_invasion|wh3_dlc26_vmp_templehof_qb|wh3_main_ie_vmp_sires_of_mourkain|wh3_main_vmp_caravan_of_blue_roses|wh3_main_vmp_lahmian_sisterhood|wh3_main_vmp_nagashizzar|wh_main_vmp_mousillon|wh_main_vmp_rival_sylvanian_vamps|wh_main_vmp_schwartzhafen|wh_main_vmp_vampire_counts|wh_main_vmp_vampire_counts_qb1|wh_main_vmp_vampire_counts_qb2|wh_main_vmp_vampire_counts_qb3|wh_main_vmp_vampire_rebels|wh_main_vmp_waldenhof,false,false,true,true,true,true,,,wh_main_skill_node_set_vmp_vampire,,1,dignitary,false,false,,,,wh_main_skill_node_vmp_dignitary_campaign_05,wh2_main_skill_all_hero_hinder_army_hinder_replenishment,{{tr:agent_action_name_hinder_replenishment}},The sight of a powerful figure extolling death and blasphemies can bring enemy ranks to their knees.,campaign_replenishment.png,4,5,0,0,true,0,3,2,{{tr:agent_action_name_hinder_replenishment}},The sight of a powerful figure extolling death and blasphemies can bring enemy ranks to their knees.,4,x,,,,,,,,,,,,,,,,,,,,,,,,,,,,,,,,,,,,character_skill_level_details_tables,wh2_main_skill_all_hero_hinder_army_hinder_replenishment|2|||
skill_level,warhammer_3,8.1.1,24237342,Vampire Counts,vampire_counts,wh_main_sc_vmp_vampire_counts,Vampire (Death),Vampire_Death,hero,wh_main_vmp_vampire_death,dignitary,dignitary,wh2_dlc11_vmp_the_barrow_legion|wh2_dlc16_vmp_lahmian_sisterhood|wh2_main_vmp_necrarch_brotherhood|wh2_main_vmp_strygos_empire|wh2_main_vmp_the_silver_host|wh3_dlc21_vmp_jiangshi_rebels|wh3_dlc25_vmp_the_court_of_night|wh3_dlc25_vmp_vampire_counts_invasion|wh3_dlc26_vmp_templehof_qb|wh3_main_ie_vmp_sires_of_mourkain|wh3_main_vmp_caravan_of_blue_roses|wh3_main_vmp_lahmian_sisterhood|wh3_main_vmp_nagashizzar|wh_main_vmp_mousillon|wh_main_vmp_rival_sylvanian_vamps|wh_main_vmp_schwartzhafen|wh_main_vmp_vampire_counts|wh_main_vmp_vampire_counts_qb1|wh_main_vmp_vampire_counts_qb2|wh_main_vmp_vampire_counts_qb3|wh_main_vmp_vampire_rebels|wh_main_vmp_waldenhof,false,false,true,true,true,true,,,wh_main_skill_node_set_vmp_vampire,,1,dignitary,false,false,,,,wh_main_skill_node_vmp_dignitary_campaign_05,wh2_main_skill_all_hero_hinder_army_hinder_replenishment,{{tr:agent_action_name_hinder_replenishment}},The sight of a powerful figure extolling death and blasphemies can bring enemy ranks to their knees.,campaign_replenishment.png,4,5,0,0,true,0,3,3,{{tr:agent_action_name_hinder_replenishment}},The sight of a powerful figure extolling death and blasphemies can bring enemy ranks to their knees.,9,x,,,,,,,,,,,,,,,,,,,,,,,,,,,,,,,,,,,,character_skill_level_details_tables,wh2_main_skill_all_hero_hinder_army_hinder_replenishment|3|||
effect,warhammer_3,8.1.1,24237342,Vampire Counts,vampire_counts,wh_main_sc_vmp_vampire_counts,Vampire (Death),Vampire_Death,hero,wh_main_vmp_vampire_death,dignitary,dignitary,wh2_dlc11_vmp_the_barrow_legion|wh2_dlc16_vmp_lahmian_sisterhood|wh2_main_vmp_necrarch_brotherhood|wh2_main_vmp_strygos_empire|wh2_main_vmp_the_silver_host|wh3_dlc21_vmp_jiangshi_rebels|wh3_dlc25_vmp_the_court_of_night|wh3_dlc25_vmp_vampire_counts_invasion|wh3_dlc26_vmp_templehof_qb|wh3_main_ie_vmp_sires_of_mourkain|wh3_main_vmp_caravan_of_blue_roses|wh3_main_vmp_lahmian_sisterhood|wh3_main_vmp_nagashizzar|wh_main_vmp_mousillon|wh_main_vmp_rival_sylvanian_vamps|wh_main_vmp_schwartzhafen|wh_main_vmp_vampire_counts|wh_main_vmp_vampire_counts_qb1|wh_main_vmp_vampire_counts_qb2|wh_main_vmp_vampire_counts_qb3|wh_main_vmp_vampire_rebels|wh_main_vmp_waldenhof,false,false,true,true,true,true,,,wh_main_skill_node_set_vmp_vampire,,1,dignitary,false,false,,,,wh_main_skill_node_vmp_dignitary_campaign_05,wh2_main_skill_all_hero_hinder_army_hinder_replenishment,{{tr:agent_action_name_hinder_replenishment}},The sight of a powerful figure extolling death and blasphemies can bring enemy ranks to their knees.,campaign_replenishment.png,4,5,0,0,true,0,3,1,{{tr:agent_action_name_hinder_replenishment}},The sight of a powerful figure extolling death and blasphemies can bring enemy ranks to their knees.,,,,,,wh2_main_effect_agent_action_hinder_army_hinder_replenishment_buff,[[col:yellow]]{{tr:agent_action_name_hinder_replenishment}}[[/col]] action: Replenishment is modified by an additional %n%,[[col:yellow]]{{tr:agent_action_name_hinder_replenishment}}[[/col]] (Target: Army)\\nModifies the replenishment of the target army.,character_to_character_own,-10,campaign,11,false,replenishment.png,replenishment.png,,,,,,,,,,,,,,,,,,,,,,,character_skill_level_to_effects_junctions_tables,wh2_main_skill_all_hero_hinder_army_hinder_replenishment|wh2_main_effect_agent_action_hinder_army_hinder_replenishment_buff|1|character_to_character_own
effect,warhammer_3,8.1.1,24237342,Vampire Counts,vampire_counts,wh_main_sc_vmp_vampire_counts,Vampire (Death),Vampire_Death,hero,wh_main_vmp_vampire_death,dignitary,dignitary,wh2_dlc11_vmp_the_barrow_legion|wh2_dlc16_vmp_lahmian_sisterhood|wh2_main_vmp_necrarch_brotherhood|wh2_main_vmp_strygos_empire|wh2_main_vmp_the_silver_host|wh3_dlc21_vmp_jiangshi_rebels|wh3_dlc25_vmp_the_court_of_night|wh3_dlc25_vmp_vampire_counts_invasion|wh3_dlc26_vmp_templehof_qb|wh3_main_ie_vmp_sires_of_mourkain|wh3_main_vmp_caravan_of_blue_roses|wh3_main_vmp_lahmian_sisterhood|wh3_main_vmp_nagashizzar|wh_main_vmp_mousillon|wh_main_vmp_rival_sylvanian_vamps|wh_main_vmp_schwartzhafen|wh_main_vmp_vampire_counts|wh_main_vmp_vampire_counts_qb1|wh_main_vmp_vampire_counts_qb2|wh_main_vmp_vampire_counts_qb3|wh_main_vmp_vampire_rebels|wh_main_vmp_waldenhof,false,false,true,true,true,true,,,wh_main_skill_node_set_vmp_vampire,,1,dignitary,false,false,,,,wh_main_skill_node_vmp_dignitary_campaign_05,wh2_main_skill_all_hero_hinder_army_hinder_replenishment,{{tr:agent_action_name_hinder_replenishment}},The sight of a powerful figure extolling death and blasphemies can bring enemy ranks to their knees.,campaign_replenishment.png,4,5,0,0,true,0,3,2,{{tr:agent_action_name_hinder_replenishment}},The sight of a powerful figure extolling death and blasphemies can bring enemy ranks to their knees.,,,,,,wh2_main_effect_agent_action_hinder_army_hinder_replenishment_buff,[[col:yellow]]{{tr:agent_action_name_hinder_replenishment}}[[/col]] action: Replenishment is modified by an additional %n%,[[col:yellow]]{{tr:agent_action_name_hinder_replenishment}}[[/col]] (Target: Army)\\nModifies the replenishment of the target army.,character_to_character_own,-20,campaign,11,false,replenishment.png,replenishment.png,,,,,,,,,,,,,,,,,,,,,,,character_skill_level_to_effects_junctions_tables,wh2_main_skill_all_hero_hinder_army_hinder_replenishment|wh2_main_effect_agent_action_hinder_army_hinder_replenishment_buff|2|character_to_character_own
effect,warhammer_3,8.1.1,24237342,Vampire Counts,vampire_counts,wh_main_sc_vmp_vampire_counts,Vampire (Death),Vampire_Death,hero,wh_main_vmp_vampire_death,dignitary,dignitary,wh2_dlc11_vmp_the_barrow_legion|wh2_dlc16_vmp_lahmian_sisterhood|wh2_main_vmp_necrarch_brotherhood|wh2_main_vmp_strygos_empire|wh2_main_vmp_the_silver_host|wh3_dlc21_vmp_jiangshi_rebels|wh3_dlc25_vmp_the_court_of_night|wh3_dlc25_vmp_vampire_counts_invasion|wh3_dlc26_vmp_templehof_qb|wh3_main_ie_vmp_sires_of_mourkain|wh3_main_vmp_caravan_of_blue_roses|wh3_main_vmp_lahmian_sisterhood|wh3_main_vmp_nagashizzar|wh_main_vmp_mousillon|wh_main_vmp_rival_sylvanian_vamps|wh_main_vmp_schwartzhafen|wh_main_vmp_vampire_counts|wh_main_vmp_vampire_counts_qb1|wh_main_vmp_vampire_counts_qb2|wh_main_vmp_vampire_counts_qb3|wh_main_vmp_vampire_rebels|wh_main_vmp_waldenhof,false,false,true,true,true,true,,,wh_main_skill_node_set_vmp_vampire,,1,dignitary,false,false,,,,wh_main_skill_node_vmp_dignitary_campaign_05,wh2_main_skill_all_hero_hinder_army_hinder_replenishment,{{tr:agent_action_name_hinder_replenishment}},The sight of a powerful figure extolling death and blasphemies can bring enemy ranks to their knees.,campaign_replenishment.png,4,5,0,0,true,0,3,3,{{tr:agent_action_name_hinder_replenishment}},The sight of a powerful figure extolling death and blasphemies can bring enemy ranks to their knees.,,,,,,wh2_main_effect_agent_action_hinder_army_hinder_replenishment_buff,[[col:yellow]]{{tr:agent_action_name_hinder_replenishment}}[[/col]] action: Replenishment is modified by an additional %n%,[[col:yellow]]{{tr:agent_action_name_hinder_replenishment}}[[/col]] (Target: Army)\\nModifies the replenishment of the target army.,character_to_character_own,-40,campaign,11,false,replenishment.png,replenishment.png,,,,,,,,,,,,,,,,,,,,,,,character_skill_level_to_effects_junctions_tables,wh2_main_skill_all_hero_hinder_army_hinder_replenishment|wh2_main_effect_agent_action_hinder_army_hinder_replenishment_buff|3|character_to_character_own
node,warhammer_3,8.1.1,24237342,Vampire Counts,vampire_counts,wh_main_sc_vmp_vampire_counts,Vampire (Death),Vampire_Death,hero,wh_main_vmp_vampire_death,dignitary,dignitary,wh2_dlc11_vmp_the_barrow_legion|wh2_dlc16_vmp_lahmian_sisterhood|wh2_main_vmp_necrarch_brotherhood|wh2_main_vmp_strygos_empire|wh2_main_vmp_the_silver_host|wh3_dlc21_vmp_jiangshi_rebels|wh3_dlc25_vmp_the_court_of_night|wh3_dlc25_vmp_vampire_counts_invasion|wh3_dlc26_vmp_templehof_qb|wh3_main_ie_vmp_sires_of_mourkain|wh3_main_vmp_caravan_of_blue_roses|wh3_main_vmp_lahmian_sisterhood|wh3_main_vmp_nagashizzar|wh_main_vmp_mousillon|wh_main_vmp_rival_sylvanian_vamps|wh_main_vmp_schwartzhafen|wh_main_vmp_vampire_counts|wh_main_vmp_vampire_counts_qb1|wh_main_vmp_vampire_counts_qb2|wh_main_vmp_vampire_counts_qb3|wh_main_vmp_vampire_rebels|wh_main_vmp_waldenhof,false,false,true,true,true,true,,,wh_main_skill_node_set_vmp_vampire,,1,dignitary,false,false,,,,wh_main_skill_node_vmp_vampire_innate_05,wh2_main_skill_innate_vmp_master_of_the_black_arts,Master of the Black Arts ,A master indeed - to rival the Great Necromancer himself?,trait_vampire_counts.png,4,6,0,0,false,0,1,,,,,,,,,,,,,,,,,,,,,,,,,,,,,,,,,,,,,,,,,character_skill_nodes_tables,wh_main_skill_node_vmp_vampire_innate_05
effect,warhammer_3,8.1.1,24237342,Vampire Counts,vampire_counts,wh_main_sc_vmp_vampire_counts,Vampire (Death),Vampire_Death,hero,wh_main_vmp_vampire_death,dignitary,dignitary,wh2_dlc11_vmp_the_barrow_legion|wh2_dlc16_vmp_lahmian_sisterhood|wh2_main_vmp_necrarch_brotherhood|wh2_main_vmp_strygos_empire|wh2_main_vmp_the_silver_host|wh3_dlc21_vmp_jiangshi_rebels|wh3_dlc25_vmp_the_court_of_night|wh3_dlc25_vmp_vampire_counts_invasion|wh3_dlc26_vmp_templehof_qb|wh3_main_ie_vmp_sires_of_mourkain|wh3_main_vmp_caravan_of_blue_roses|wh3_main_vmp_lahmian_sisterhood|wh3_main_vmp_nagashizzar|wh_main_vmp_mousillon|wh_main_vmp_rival_sylvanian_vamps|wh_main_vmp_schwartzhafen|wh_main_vmp_vampire_counts|wh_main_vmp_vampire_counts_qb1|wh_main_vmp_vampire_counts_qb2|wh_main_vmp_vampire_counts_qb3|wh_main_vmp_vampire_rebels|wh_main_vmp_waldenhof,false,false,true,true,true,true,,,wh_main_skill_node_set_vmp_vampire,,1,dignitary,false,false,,,,wh_main_skill_node_vmp_vampire_innate_05,wh2_main_skill_innate_vmp_master_of_the_black_arts,Master of the Black Arts ,A master indeed - to rival the Great Necromancer himself?,trait_vampire_counts.png,4,6,0,0,false,0,1,1,Master of the Black Arts ,A master indeed - to rival the Great Necromancer himself?,,,,,,wh2_main_effect_force_stat_miscast,Miscast base chance: %+n% for all spellcasters,,character_to_character_regionwide_local_region,-10,battle,100,false,magic.png,magic.png,,,,,,,,,,,,,,,,,,,,,,,character_skill_level_to_effects_junctions_tables,wh2_main_skill_innate_vmp_master_of_the_black_arts|wh2_main_effect_force_stat_miscast|1|character_to_character_regionwide_local_region
effect,warhammer_3,8.1.1,24237342,Vampire Counts,vampire_counts,wh_main_sc_vmp_vampire_counts,Vampire (Death),Vampire_Death,hero,wh_main_vmp_vampire_death,dignitary,dignitary,wh2_dlc11_vmp_the_barrow_legion|wh2_dlc16_vmp_lahmian_sisterhood|wh2_main_vmp_necrarch_brotherhood|wh2_main_vmp_strygos_empire|wh2_main_vmp_the_silver_host|wh3_dlc21_vmp_jiangshi_rebels|wh3_dlc25_vmp_the_court_of_night|wh3_dlc25_vmp_vampire_counts_invasion|wh3_dlc26_vmp_templehof_qb|wh3_main_ie_vmp_sires_of_mourkain|wh3_main_vmp_caravan_of_blue_roses|wh3_main_vmp_lahmian_sisterhood|wh3_main_vmp_nagashizzar|wh_main_vmp_mousillon|wh_main_vmp_rival_sylvanian_vamps|wh_main_vmp_schwartzhafen|wh_main_vmp_vampire_counts|wh_main_vmp_vampire_counts_qb1|wh_main_vmp_vampire_counts_qb2|wh_main_vmp_vampire_counts_qb3|wh_main_vmp_vampire_rebels|wh_main_vmp_waldenhof,false,false,true,true,true,true,,,wh_main_skill_node_set_vmp_vampire,,1,dignitary,false,false,,,,wh_main_skill_node_vmp_vampire_innate_05,wh2_main_skill_innate_vmp_master_of_the_black_arts,Master of the Black Arts ,A master indeed - to rival the Great Necromancer himself?,trait_vampire_counts.png,4,6,0,0,false,0,1,1,Master of the Black Arts ,A master indeed - to rival the Great Necromancer himself?,,,,,,wh3_main_effect_ability_enable_bound_spirit_leech,"Bound spell: ""Spirit Leech""",,character_to_character_own,1,battle,291,true,item_ability.png,item_ability.png,,,,,,,,,,,,,,,,,,,,,,,character_skill_level_to_effects_junctions_tables,wh2_main_skill_innate_vmp_master_of_the_black_arts|wh3_main_effect_ability_enable_bound_spirit_leech|1|character_to_character_own
effect,warhammer_3,8.1.1,24237342,Vampire Counts,vampire_counts,wh_main_sc_vmp_vampire_counts,Vampire (Death),Vampire_Death,hero,wh_main_vmp_vampire_death,dignitary,dignitary,wh2_dlc11_vmp_the_barrow_legion|wh2_dlc16_vmp_lahmian_sisterhood|wh2_main_vmp_necrarch_brotherhood|wh2_main_vmp_strygos_empire|wh2_main_vmp_the_silver_host|wh3_dlc21_vmp_jiangshi_rebels|wh3_dlc25_vmp_the_court_of_night|wh3_dlc25_vmp_vampire_counts_invasion|wh3_dlc26_vmp_templehof_qb|wh3_main_ie_vmp_sires_of_mourkain|wh3_main_vmp_caravan_of_blue_roses|wh3_main_vmp_lahmian_sisterhood|wh3_main_vmp_nagashizzar|wh_main_vmp_mousillon|wh_main_vmp_rival_sylvanian_vamps|wh_main_vmp_schwartzhafen|wh_main_vmp_vampire_counts|wh_main_vmp_vampire_counts_qb1|wh_main_vmp_vampire_counts_qb2|wh_main_vmp_vampire_counts_qb3|wh_main_vmp_vampire_rebels|wh_main_vmp_waldenhof,false,false,true,true,true,true,,,wh_main_skill_node_set_vmp_vampire,,1,dignitary,false,false,,,,wh_main_skill_node_vmp_vampire_innate_05,wh2_main_skill_innate_vmp_master_of_the_black_arts,Master of the Black Arts ,A master indeed - to rival the Great Necromancer himself?,trait_vampire_counts.png,4,6,0,0,false,0,1,1,Master of the Black Arts ,A master indeed - to rival the Great Necromancer himself?,,,,,,wh3_main_effect_spell_mastery,Spell intensity: %+n%,"Spell Intensity. Any type of spell damage, and positive or negative bonus will be modified by the given percentage amount.",character_to_character_own_spellcaster_text,10,battle,1,true,wizard.png,wizard.png,,,,,,,,,,,,,,,,,,,,,,,character_skill_level_to_effects_junctions_tables,wh2_main_skill_innate_vmp_master_of_the_black_arts|wh3_main_effect_spell_mastery|1|character_to_character_own_spellcaster_text
node,warhammer_3,8.1.1,24237342,Vampire Counts,vampire_counts,wh_main_sc_vmp_vampire_counts,Vampire (Death),Vampire_Death,hero,wh_main_vmp_vampire_death,dignitary,dignitary,wh2_dlc11_vmp_the_barrow_legion|wh2_dlc16_vmp_lahmian_sisterhood|wh2_main_vmp_necrarch_brotherhood|wh2_main_vmp_strygos_empire|wh2_main_vmp_the_silver_host|wh3_dlc21_vmp_jiangshi_rebels|wh3_dlc25_vmp_the_court_of_night|wh3_dlc25_vmp_vampire_counts_invasion|wh3_dlc26_vmp_templehof_qb|wh3_main_ie_vmp_sires_of_mourkain|wh3_main_vmp_caravan_of_blue_roses|wh3_main_vmp_lahmian_sisterhood|wh3_main_vmp_nagashizzar|wh_main_vmp_mousillon|wh_main_vmp_rival_sylvanian_vamps|wh_main_vmp_schwartzhafen|wh_main_vmp_vampire_counts|wh_main_vmp_vampire_counts_qb1|wh_main_vmp_vampire_counts_qb2|wh_main_vmp_vampire_counts_qb3|wh_main_vmp_vampire_rebels|wh_main_vmp_waldenhof,false,false,true,true,true,true,,,wh_main_skill_node_set_vmp_vampire,,1,dignitary,false,false,,,,wh_main_skill_node_vmp_dignitary_self_06,wh_main_skill_vmp_dignitary_self_immortal_will,Immortal Will,,wh_main_hero_abilities_immortal_will.png,5,1,0,4,true,0,1,,,,,,,,,,,,,,,,,,,,,,,,,,,,,,,,,,,,,,,,,character_skill_nodes_tables,wh_main_skill_node_vmp_dignitary_self_06
effect,warhammer_3,8.1.1,24237342,Vampire Counts,vampire_counts,wh_main_sc_vmp_vampire_counts,Vampire (Death),Vampire_Death,hero,wh_main_vmp_vampire_death,dignitary,dignitary,wh2_dlc11_vmp_the_barrow_legion|wh2_dlc16_vmp_lahmian_sisterhood|wh2_main_vmp_necrarch_brotherhood|wh2_main_vmp_strygos_empire|wh2_main_vmp_the_silver_host|wh3_dlc21_vmp_jiangshi_rebels|wh3_dlc25_vmp_the_court_of_night|wh3_dlc25_vmp_vampire_counts_invasion|wh3_dlc26_vmp_templehof_qb|wh3_main_ie_vmp_sires_of_mourkain|wh3_main_vmp_caravan_of_blue_roses|wh3_main_vmp_lahmian_sisterhood|wh3_main_vmp_nagashizzar|wh_main_vmp_mousillon|wh_main_vmp_rival_sylvanian_vamps|wh_main_vmp_schwartzhafen|wh_main_vmp_vampire_counts|wh_main_vmp_vampire_counts_qb1|wh_main_vmp_vampire_counts_qb2|wh_main_vmp_vampire_counts_qb3|wh_main_vmp_vampire_rebels|wh_main_vmp_waldenhof,false,false,true,true,true,true,,,wh_main_skill_node_set_vmp_vampire,,1,dignitary,false,false,,,,wh_main_skill_node_vmp_dignitary_self_06,wh_main_skill_vmp_dignitary_self_immortal_will,Immortal Will,,wh_main_hero_abilities_immortal_will.png,5,1,0,4,true,0,1,1,Immortal Will,,,,,,,wh_main_effect_ability_enable_immortal_will,"Ability: ""Immortal Will""",,character_to_character_own,1,battle,300,true,general_ability.png,general_ability.png,,,,,,,,,,,,,,,,,,,,,,,character_skill_level_to_effects_junctions_tables,wh_main_skill_vmp_dignitary_self_immortal_will|wh_main_effect_ability_enable_immortal_will|1|character_to_character_own
node,warhammer_3,8.1.1,24237342,Vampire Counts,vampire_counts,wh_main_sc_vmp_vampire_counts,Vampire (Death),Vampire_Death,hero,wh_main_vmp_vampire_death,dignitary,dignitary,wh2_dlc11_vmp_the_barrow_legion|wh2_dlc16_vmp_lahmian_sisterhood|wh2_main_vmp_necrarch_brotherhood|wh2_main_vmp_strygos_empire|wh2_main_vmp_the_silver_host|wh3_dlc21_vmp_jiangshi_rebels|wh3_dlc25_vmp_the_court_of_night|wh3_dlc25_vmp_vampire_counts_invasion|wh3_dlc26_vmp_templehof_qb|wh3_main_ie_vmp_sires_of_mourkain|wh3_main_vmp_caravan_of_blue_roses|wh3_main_vmp_lahmian_sisterhood|wh3_main_vmp_nagashizzar|wh_main_vmp_mousillon|wh_main_vmp_rival_sylvanian_vamps|wh_main_vmp_schwartzhafen|wh_main_vmp_vampire_counts|wh_main_vmp_vampire_counts_qb1|wh_main_vmp_vampire_counts_qb2|wh_main_vmp_vampire_counts_qb3|wh_main_vmp_vampire_rebels|wh_main_vmp_waldenhof,false,false,true,true,true,true,,,wh_main_skill_node_set_vmp_vampire,,1,dignitary,false,false,,,,wh_main_skill_node_vmp_dignitary_magic1_06,wh_main_skill_all_magic_all_06_evasion,Evasion,,wh_main_character_passive_evasion.png,5,2,0,4,true,0,1,,,,,,,,,,,,,,,,,,,,,,,,,,,,,,,,,,,,,,,,,character_skill_nodes_tables,wh_main_skill_node_vmp_dignitary_magic1_06
effect,warhammer_3,8.1.1,24237342,Vampire Counts,vampire_counts,wh_main_sc_vmp_vampire_counts,Vampire (Death),Vampire_Death,hero,wh_main_vmp_vampire_death,dignitary,dignitary,wh2_dlc11_vmp_the_barrow_legion|wh2_dlc16_vmp_lahmian_sisterhood|wh2_main_vmp_necrarch_brotherhood|wh2_main_vmp_strygos_empire|wh2_main_vmp_the_silver_host|wh3_dlc21_vmp_jiangshi_rebels|wh3_dlc25_vmp_the_court_of_night|wh3_dlc25_vmp_vampire_counts_invasion|wh3_dlc26_vmp_templehof_qb|wh3_main_ie_vmp_sires_of_mourkain|wh3_main_vmp_caravan_of_blue_roses|wh3_main_vmp_lahmian_sisterhood|wh3_main_vmp_nagashizzar|wh_main_vmp_mousillon|wh_main_vmp_rival_sylvanian_vamps|wh_main_vmp_schwartzhafen|wh_main_vmp_vampire_counts|wh_main_vmp_vampire_counts_qb1|wh_main_vmp_vampire_counts_qb2|wh_main_vmp_vampire_counts_qb3|wh_main_vmp_vampire_rebels|wh_main_vmp_waldenhof,false,false,true,true,true,true,,,wh_main_skill_node_set_vmp_vampire,,1,dignitary,false,false,,,,wh_main_skill_node_vmp_dignitary_magic1_06,wh_main_skill_all_magic_all_06_evasion,Evasion,,wh_main_character_passive_evasion.png,5,2,0,4,true,0,1,1,Evasion,,,,,,,wh_main_effect_ability_enable_evasion,"Passive ability: ""Evasion""",,character_to_character_own,1,battle,310,true,general_ability.png,general_ability.png,,,,,,,,,,,,,,,,,,,,,,,character_skill_level_to_effects_junctions_tables,wh_main_skill_all_magic_all_06_evasion|wh_main_effect_ability_enable_evasion|1|character_to_character_own
node,warhammer_3,8.1.1,24237342,Vampire Counts,vampire_counts,wh_main_sc_vmp_vampire_counts,Vampire (Death),Vampire_Death,hero,wh_main_vmp_vampire_death,dignitary,dignitary,wh2_dlc11_vmp_the_barrow_legion|wh2_dlc16_vmp_lahmian_sisterhood|wh2_main_vmp_necrarch_brotherhood|wh2_main_vmp_strygos_empire|wh2_main_vmp_the_silver_host|wh3_dlc21_vmp_jiangshi_rebels|wh3_dlc25_vmp_the_court_of_night|wh3_dlc25_vmp_vampire_counts_invasion|wh3_dlc26_vmp_templehof_qb|wh3_main_ie_vmp_sires_of_mourkain|wh3_main_vmp_caravan_of_blue_roses|wh3_main_vmp_lahmian_sisterhood|wh3_main_vmp_nagashizzar|wh_main_vmp_mousillon|wh_main_vmp_rival_sylvanian_vamps|wh_main_vmp_schwartzhafen|wh_main_vmp_vampire_counts|wh_main_vmp_vampire_counts_qb1|wh_main_vmp_vampire_counts_qb2|wh_main_vmp_vampire_counts_qb3|wh_main_vmp_vampire_rebels|wh_main_vmp_waldenhof,false,false,true,true,true,true,,,wh_main_skill_node_set_vmp_vampire,,1,dignitary,false,false,,,,wh_main_skill_node_vmp_dignitary_campaign_06,wh2_main_skill_all_hero_reduce_action_cost,Specialist,"An expert in their craft, this Hero knows all the mistakes that can be made and how to best avoid making them.",campaign_military_spending.png,5,5,0,0,true,0,3,,,,,,,,,,,,,,,,,,,,,,,,,,,,,,,,,,,,,,,,,character_skill_nodes_tables,wh_main_skill_node_vmp_dignitary_campaign_06
effect,warhammer_3,8.1.1,24237342,Vampire Counts,vampire_counts,wh_main_sc_vmp_vampire_counts,Vampire (Death),Vampire_Death,hero,wh_main_vmp_vampire_death,dignitary,dignitary,wh2_dlc11_vmp_the_barrow_legion|wh2_dlc16_vmp_lahmian_sisterhood|wh2_main_vmp_necrarch_brotherhood|wh2_main_vmp_strygos_empire|wh2_main_vmp_the_silver_host|wh3_dlc21_vmp_jiangshi_rebels|wh3_dlc25_vmp_the_court_of_night|wh3_dlc25_vmp_vampire_counts_invasion|wh3_dlc26_vmp_templehof_qb|wh3_main_ie_vmp_sires_of_mourkain|wh3_main_vmp_caravan_of_blue_roses|wh3_main_vmp_lahmian_sisterhood|wh3_main_vmp_nagashizzar|wh_main_vmp_mousillon|wh_main_vmp_rival_sylvanian_vamps|wh_main_vmp_schwartzhafen|wh_main_vmp_vampire_counts|wh_main_vmp_vampire_counts_qb1|wh_main_vmp_vampire_counts_qb2|wh_main_vmp_vampire_counts_qb3|wh_main_vmp_vampire_rebels|wh_main_vmp_waldenhof,false,false,true,true,true,true,,,wh_main_skill_node_set_vmp_vampire,,1,dignitary,false,false,,,,wh_main_skill_node_vmp_dignitary_campaign_06,wh2_main_skill_all_hero_reduce_action_cost,Specialist,"An expert in their craft, this Hero knows all the mistakes that can be made and how to best avoid making them.",campaign_military_spending.png,5,5,0,0,true,0,3,1,Specialist,"An expert in their craft, this Hero knows all the mistakes that can be made and how to best avoid making them.",,,,,,wh_main_effect_agent_action_cost_mod,Hero action cost: %+n%,,character_to_character_own,-10,campaign,100,false,treasury.png,treasury.png,,,,,,,,,,,,,,,,,,,,,,,character_skill_level_to_effects_junctions_tables,wh2_main_skill_all_hero_reduce_action_cost|wh_main_effect_agent_action_cost_mod|1|character_to_character_own
effect,warhammer_3,8.1.1,24237342,Vampire Counts,vampire_counts,wh_main_sc_vmp_vampire_counts,Vampire (Death),Vampire_Death,hero,wh_main_vmp_vampire_death,dignitary,dignitary,wh2_dlc11_vmp_the_barrow_legion|wh2_dlc16_vmp_lahmian_sisterhood|wh2_main_vmp_necrarch_brotherhood|wh2_main_vmp_strygos_empire|wh2_main_vmp_the_silver_host|wh3_dlc21_vmp_jiangshi_rebels|wh3_dlc25_vmp_the_court_of_night|wh3_dlc25_vmp_vampire_counts_invasion|wh3_dlc26_vmp_templehof_qb|wh3_main_ie_vmp_sires_of_mourkain|wh3_main_vmp_caravan_of_blue_roses|wh3_main_vmp_lahmian_sisterhood|wh3_main_vmp_nagashizzar|wh_main_vmp_mousillon|wh_main_vmp_rival_sylvanian_vamps|wh_main_vmp_schwartzhafen|wh_main_vmp_vampire_counts|wh_main_vmp_vampire_counts_qb1|wh_main_vmp_vampire_counts_qb2|wh_main_vmp_vampire_counts_qb3|wh_main_vmp_vampire_rebels|wh_main_vmp_waldenhof,false,false,true,true,true,true,,,wh_main_skill_node_set_vmp_vampire,,1,dignitary,false,false,,,,wh_main_skill_node_vmp_dignitary_campaign_06,wh2_main_skill_all_hero_reduce_action_cost,Specialist,"An expert in their craft, this Hero knows all the mistakes that can be made and how to best avoid making them.",campaign_military_spending.png,5,5,0,0,true,0,3,1,Specialist,"An expert in their craft, this Hero knows all the mistakes that can be made and how to best avoid making them.",,,,,,wh_main_effect_agent_action_success_chance,Hero action success chance: %+n%,,character_to_character_own,1,campaign,101,true,agent.png,agent.png,,,,,,,,,,,,,,,,,,,,,,,character_skill_level_to_effects_junctions_tables,wh2_main_skill_all_hero_reduce_action_cost|wh_main_effect_agent_action_success_chance|1|character_to_character_own
effect,warhammer_3,8.1.1,24237342,Vampire Counts,vampire_counts,wh_main_sc_vmp_vampire_counts,Vampire (Death),Vampire_Death,hero,wh_main_vmp_vampire_death,dignitary,dignitary,wh2_dlc11_vmp_the_barrow_legion|wh2_dlc16_vmp_lahmian_sisterhood|wh2_main_vmp_necrarch_brotherhood|wh2_main_vmp_strygos_empire|wh2_main_vmp_the_silver_host|wh3_dlc21_vmp_jiangshi_rebels|wh3_dlc25_vmp_the_court_of_night|wh3_dlc25_vmp_vampire_counts_invasion|wh3_dlc26_vmp_templehof_qb|wh3_main_ie_vmp_sires_of_mourkain|wh3_main_vmp_caravan_of_blue_roses|wh3_main_vmp_lahmian_sisterhood|wh3_main_vmp_nagashizzar|wh_main_vmp_mousillon|wh_main_vmp_rival_sylvanian_vamps|wh_main_vmp_schwartzhafen|wh_main_vmp_vampire_counts|wh_main_vmp_vampire_counts_qb1|wh_main_vmp_vampire_counts_qb2|wh_main_vmp_vampire_counts_qb3|wh_main_vmp_vampire_rebels|wh_main_vmp_waldenhof,false,false,true,true,true,true,,,wh_main_skill_node_set_vmp_vampire,,1,dignitary,false,false,,,,wh_main_skill_node_vmp_dignitary_campaign_06,wh2_main_skill_all_hero_reduce_action_cost,Specialist,"An expert in their craft, this Hero knows all the mistakes that can be made and how to best avoid making them.",campaign_military_spending.png,5,5,0,0,true,0,3,2,Specialist,"An expert in their craft, this Hero knows all the mistakes that can be made and how to best avoid making them.",,,,,,wh_main_effect_agent_action_cost_mod,Hero action cost: %+n%,,character_to_character_own,-20,campaign,100,false,treasury.png,treasury.png,,,,,,,,,,,,,,,,,,,,,,,character_skill_level_to_effects_junctions_tables,wh2_main_skill_all_hero_reduce_action_cost|wh_main_effect_agent_action_cost_mod|2|character_to_character_own
effect,warhammer_3,8.1.1,24237342,Vampire Counts,vampire_counts,wh_main_sc_vmp_vampire_counts,Vampire (Death),Vampire_Death,hero,wh_main_vmp_vampire_death,dignitary,dignitary,wh2_dlc11_vmp_the_barrow_legion|wh2_dlc16_vmp_lahmian_sisterhood|wh2_main_vmp_necrarch_brotherhood|wh2_main_vmp_strygos_empire|wh2_main_vmp_the_silver_host|wh3_dlc21_vmp_jiangshi_rebels|wh3_dlc25_vmp_the_court_of_night|wh3_dlc25_vmp_vampire_counts_invasion|wh3_dlc26_vmp_templehof_qb|wh3_main_ie_vmp_sires_of_mourkain|wh3_main_vmp_caravan_of_blue_roses|wh3_main_vmp_lahmian_sisterhood|wh3_main_vmp_nagashizzar|wh_main_vmp_mousillon|wh_main_vmp_rival_sylvanian_vamps|wh_main_vmp_schwartzhafen|wh_main_vmp_vampire_counts|wh_main_vmp_vampire_counts_qb1|wh_main_vmp_vampire_counts_qb2|wh_main_vmp_vampire_counts_qb3|wh_main_vmp_vampire_rebels|wh_main_vmp_waldenhof,false,false,true,true,true,true,,,wh_main_skill_node_set_vmp_vampire,,1,dignitary,false,false,,,,wh_main_skill_node_vmp_dignitary_campaign_06,wh2_main_skill_all_hero_reduce_action_cost,Specialist,"An expert in their craft, this Hero knows all the mistakes that can be made and how to best avoid making them.",campaign_military_spending.png,5,5,0,0,true,0,3,2,Specialist,"An expert in their craft, this Hero knows all the mistakes that can be made and how to best avoid making them.",,,,,,wh_main_effect_agent_action_success_chance,Hero action success chance: %+n%,,character_to_character_own,3,campaign,101,true,agent.png,agent.png,,,,,,,,,,,,,,,,,,,,,,,character_skill_level_to_effects_junctions_tables,wh2_main_skill_all_hero_reduce_action_cost|wh_main_effect_agent_action_success_chance|2|character_to_character_own
effect,warhammer_3,8.1.1,24237342,Vampire Counts,vampire_counts,wh_main_sc_vmp_vampire_counts,Vampire (Death),Vampire_Death,hero,wh_main_vmp_vampire_death,dignitary,dignitary,wh2_dlc11_vmp_the_barrow_legion|wh2_dlc16_vmp_lahmian_sisterhood|wh2_main_vmp_necrarch_brotherhood|wh2_main_vmp_strygos_empire|wh2_main_vmp_the_silver_host|wh3_dlc21_vmp_jiangshi_rebels|wh3_dlc25_vmp_the_court_of_night|wh3_dlc25_vmp_vampire_counts_invasion|wh3_dlc26_vmp_templehof_qb|wh3_main_ie_vmp_sires_of_mourkain|wh3_main_vmp_caravan_of_blue_roses|wh3_main_vmp_lahmian_sisterhood|wh3_main_vmp_nagashizzar|wh_main_vmp_mousillon|wh_main_vmp_rival_sylvanian_vamps|wh_main_vmp_schwartzhafen|wh_main_vmp_vampire_counts|wh_main_vmp_vampire_counts_qb1|wh_main_vmp_vampire_counts_qb2|wh_main_vmp_vampire_counts_qb3|wh_main_vmp_vampire_rebels|wh_main_vmp_waldenhof,false,false,true,true,true,true,,,wh_main_skill_node_set_vmp_vampire,,1,dignitary,false,false,,,,wh_main_skill_node_vmp_dignitary_campaign_06,wh2_main_skill_all_hero_reduce_action_cost,Specialist,"An expert in their craft, this Hero knows all the mistakes that can be made and how to best avoid making them.",campaign_military_spending.png,5,5,0,0,true,0,3,3,Specialist,"An expert in their craft, this Hero knows all the mistakes that can be made and how to best avoid making them.",,,,,,wh_main_effect_agent_action_cost_mod,Hero action cost: %+n%,,character_to_character_own,-40,campaign,100,false,treasury.png,treasury.png,,,,,,,,,,,,,,,,,,,,,,,character_skill_level_to_effects_junctions_tables,wh2_main_skill_all_hero_reduce_action_cost|wh_main_effect_agent_action_cost_mod|3|character_to_character_own
effect,warhammer_3,8.1.1,24237342,Vampire Counts,vampire_counts,wh_main_sc_vmp_vampire_counts,Vampire (Death),Vampire_Death,hero,wh_main_vmp_vampire_death,dignitary,dignitary,wh2_dlc11_vmp_the_barrow_legion|wh2_dlc16_vmp_lahmian_sisterhood|wh2_main_vmp_necrarch_brotherhood|wh2_main_vmp_strygos_empire|wh2_main_vmp_the_silver_host|wh3_dlc21_vmp_jiangshi_rebels|wh3_dlc25_vmp_the_court_of_night|wh3_dlc25_vmp_vampire_counts_invasion|wh3_dlc26_vmp_templehof_qb|wh3_main_ie_vmp_sires_of_mourkain|wh3_main_vmp_caravan_of_blue_roses|wh3_main_vmp_lahmian_sisterhood|wh3_main_vmp_nagashizzar|wh_main_vmp_mousillon|wh_main_vmp_rival_sylvanian_vamps|wh_main_vmp_schwartzhafen|wh_main_vmp_vampire_counts|wh_main_vmp_vampire_counts_qb1|wh_main_vmp_vampire_counts_qb2|wh_main_vmp_vampire_counts_qb3|wh_main_vmp_vampire_rebels|wh_main_vmp_waldenhof,false,false,true,true,true,true,,,wh_main_skill_node_set_vmp_vampire,,1,dignitary,false,false,,,,wh_main_skill_node_vmp_dignitary_campaign_06,wh2_main_skill_all_hero_reduce_action_cost,Specialist,"An expert in their craft, this Hero knows all the mistakes that can be made and how to best avoid making them.",campaign_military_spending.png,5,5,0,0,true,0,3,3,Specialist,"An expert in their craft, this Hero knows all the mistakes that can be made and how to best avoid making them.",,,,,,wh_main_effect_agent_action_success_chance,Hero action success chance: %+n%,,character_to_character_own,6,campaign,101,true,agent.png,agent.png,,,,,,,,,,,,,,,,,,,,,,,character_skill_level_to_effects_junctions_tables,wh2_main_skill_all_hero_reduce_action_cost|wh_main_effect_agent_action_success_chance|3|character_to_character_own
node,warhammer_3,8.1.1,24237342,Vampire Counts,vampire_counts,wh_main_sc_vmp_vampire_counts,Vampire (Death),Vampire_Death,hero,wh_main_vmp_vampire_death,dignitary,dignitary,wh2_dlc11_vmp_the_barrow_legion|wh2_dlc16_vmp_lahmian_sisterhood|wh2_main_vmp_necrarch_brotherhood|wh2_main_vmp_strygos_empire|wh2_main_vmp_the_silver_host|wh3_dlc21_vmp_jiangshi_rebels|wh3_dlc25_vmp_the_court_of_night|wh3_dlc25_vmp_vampire_counts_invasion|wh3_dlc26_vmp_templehof_qb|wh3_main_ie_vmp_sires_of_mourkain|wh3_main_vmp_caravan_of_blue_roses|wh3_main_vmp_lahmian_sisterhood|wh3_main_vmp_nagashizzar|wh_main_vmp_mousillon|wh_main_vmp_rival_sylvanian_vamps|wh_main_vmp_schwartzhafen|wh_main_vmp_vampire_counts|wh_main_vmp_vampire_counts_qb1|wh_main_vmp_vampire_counts_qb2|wh_main_vmp_vampire_counts_qb3|wh_main_vmp_vampire_rebels|wh_main_vmp_waldenhof,false,false,true,true,true,true,,,wh_main_skill_node_set_vmp_vampire,,1,dignitary,false,false,,,,wh_main_skill_node_vmp_vampire_innate_06,wh2_main_skill_innate_all_fleet_footed,Fleet-Footed,Being fleet of foot is useful in a fight… or when trying to get away afterwards!,trait_personality.png,5,6,0,0,false,0,1,,,,,,,,,,,,,,,,,,,,,,,,,,,,,,,,,,,,,,,,,character_skill_nodes_tables,wh_main_skill_node_vmp_vampire_innate_06
effect,warhammer_3,8.1.1,24237342,Vampire Counts,vampire_counts,wh_main_sc_vmp_vampire_counts,Vampire (Death),Vampire_Death,hero,wh_main_vmp_vampire_death,dignitary,dignitary,wh2_dlc11_vmp_the_barrow_legion|wh2_dlc16_vmp_lahmian_sisterhood|wh2_main_vmp_necrarch_brotherhood|wh2_main_vmp_strygos_empire|wh2_main_vmp_the_silver_host|wh3_dlc21_vmp_jiangshi_rebels|wh3_dlc25_vmp_the_court_of_night|wh3_dlc25_vmp_vampire_counts_invasion|wh3_dlc26_vmp_templehof_qb|wh3_main_ie_vmp_sires_of_mourkain|wh3_main_vmp_caravan_of_blue_roses|wh3_main_vmp_lahmian_sisterhood|wh3_main_vmp_nagashizzar|wh_main_vmp_mousillon|wh_main_vmp_rival_sylvanian_vamps|wh_main_vmp_schwartzhafen|wh_main_vmp_vampire_counts|wh_main_vmp_vampire_counts_qb1|wh_main_vmp_vampire_counts_qb2|wh_main_vmp_vampire_counts_qb3|wh_main_vmp_vampire_rebels|wh_main_vmp_waldenhof,false,false,true,true,true,true,,,wh_main_skill_node_set_vmp_vampire,,1,dignitary,false,false,,,,wh_main_skill_node_vmp_vampire_innate_06,wh2_main_skill_innate_all_fleet_footed,Fleet-Footed,Being fleet of foot is useful in a fight… or when trying to get away afterwards!,trait_personality.png,5,6,0,0,false,0,1,1,Fleet-Footed,Being fleet of foot is useful in a fight… or when trying to get away afterwards!,,,,,,wh_main_effect_character_stat_speed,Speed: %+n%,,character_to_character_own,20,both,120,true,battle_movement_character.png,battle_movement_character.png,,,,,,,,,,,,,,,,,,,,,,,character_skill_level_to_effects_junctions_tables,wh2_main_skill_innate_all_fleet_footed|wh_main_effect_character_stat_speed|1|character_to_character_own
effect,warhammer_3,8.1.1,24237342,Vampire Counts,vampire_counts,wh_main_sc_vmp_vampire_counts,Vampire (Death),Vampire_Death,hero,wh_main_vmp_vampire_death,dignitary,dignitary,wh2_dlc11_vmp_the_barrow_legion|wh2_dlc16_vmp_lahmian_sisterhood|wh2_main_vmp_necrarch_brotherhood|wh2_main_vmp_strygos_empire|wh2_main_vmp_the_silver_host|wh3_dlc21_vmp_jiangshi_rebels|wh3_dlc25_vmp_the_court_of_night|wh3_dlc25_vmp_vampire_counts_invasion|wh3_dlc26_vmp_templehof_qb|wh3_main_ie_vmp_sires_of_mourkain|wh3_main_vmp_caravan_of_blue_roses|wh3_main_vmp_lahmian_sisterhood|wh3_main_vmp_nagashizzar|wh_main_vmp_mousillon|wh_main_vmp_rival_sylvanian_vamps|wh_main_vmp_schwartzhafen|wh_main_vmp_vampire_counts|wh_main_vmp_vampire_counts_qb1|wh_main_vmp_vampire_counts_qb2|wh_main_vmp_vampire_counts_qb3|wh_main_vmp_vampire_rebels|wh_main_vmp_waldenhof,false,false,true,true,true,true,,,wh_main_skill_node_set_vmp_vampire,,1,dignitary,false,false,,,,wh_main_skill_node_vmp_vampire_innate_06,wh2_main_skill_innate_all_fleet_footed,Fleet-Footed,Being fleet of foot is useful in a fight… or when trying to get away afterwards!,trait_personality.png,5,6,0,0,false,0,1,1,Fleet-Footed,Being fleet of foot is useful in a fight… or when trying to get away afterwards!,,,,,,wh2_dlc17_effect_ability_enable_wayfarer,"Passive ability: ""Wayfarer""",,character_to_character_own,1,battle,400,true,general_ability.png,general_ability.png,,,,,,,,,,,,,,,,,,,,,,,character_skill_level_to_effects_junctions_tables,wh2_main_skill_innate_all_fleet_footed|wh2_dlc17_effect_ability_enable_wayfarer|1|character_to_character_own
node,warhammer_3,8.1.1,24237342,Vampire Counts,vampire_counts,wh_main_sc_vmp_vampire_counts,Vampire (Death),Vampire_Death,hero,wh_main_vmp_vampire_death,dignitary,dignitary,wh2_dlc11_vmp_the_barrow_legion|wh2_dlc16_vmp_lahmian_sisterhood|wh2_main_vmp_necrarch_brotherhood|wh2_main_vmp_strygos_empire|wh2_main_vmp_the_silver_host|wh3_dlc21_vmp_jiangshi_rebels|wh3_dlc25_vmp_the_court_of_night|wh3_dlc25_vmp_vampire_counts_invasion|wh3_dlc26_vmp_templehof_qb|wh3_main_ie_vmp_sires_of_mourkain|wh3_main_vmp_caravan_of_blue_roses|wh3_main_vmp_lahmian_sisterhood|wh3_main_vmp_nagashizzar|wh_main_vmp_mousillon|wh_main_vmp_rival_sylvanian_vamps|wh_main_vmp_schwartzhafen|wh_main_vmp_vampire_counts|wh_main_vmp_vampire_counts_qb1|wh_main_vmp_vampire_counts_qb2|wh_main_vmp_vampire_counts_qb3|wh_main_vmp_vampire_rebels|wh_main_vmp_waldenhof,false,false,true,true,true,true,,,wh_main_skill_node_set_vmp_vampire,,1,dignitary,false,false,,,,wh_main_skill_node_vmp_dignitary_self_07,wh_main_skill_all_dignitary_self_tenacity_2,Tenacity,This one will not go down easily – it will be necessary to break both the will and the body first.,character_health.png,6,1,0,0,true,0,3,,,,,,,,,,,,,,,,,,,,,,,,,,,,,,,,,,,,,,,,,character_skill_nodes_tables,wh_main_skill_node_vmp_dignitary_self_07
effect,warhammer_3,8.1.1,24237342,Vampire Counts,vampire_counts,wh_main_sc_vmp_vampire_counts,Vampire (Death),Vampire_Death,hero,wh_main_vmp_vampire_death,dignitary,dignitary,wh2_dlc11_vmp_the_barrow_legion|wh2_dlc16_vmp_lahmian_sisterhood|wh2_main_vmp_necrarch_brotherhood|wh2_main_vmp_strygos_empire|wh2_main_vmp_the_silver_host|wh3_dlc21_vmp_jiangshi_rebels|wh3_dlc25_vmp_the_court_of_night|wh3_dlc25_vmp_vampire_counts_invasion|wh3_dlc26_vmp_templehof_qb|wh3_main_ie_vmp_sires_of_mourkain|wh3_main_vmp_caravan_of_blue_roses|wh3_main_vmp_lahmian_sisterhood|wh3_main_vmp_nagashizzar|wh_main_vmp_mousillon|wh_main_vmp_rival_sylvanian_vamps|wh_main_vmp_schwartzhafen|wh_main_vmp_vampire_counts|wh_main_vmp_vampire_counts_qb1|wh_main_vmp_vampire_counts_qb2|wh_main_vmp_vampire_counts_qb3|wh_main_vmp_vampire_rebels|wh_main_vmp_waldenhof,false,false,true,true,true,true,,,wh_main_skill_node_set_vmp_vampire,,1,dignitary,false,false,,,,wh_main_skill_node_vmp_dignitary_self_07,wh_main_skill_all_dignitary_self_tenacity_2,Tenacity,This one will not go down easily – it will be necessary to break both the will and the body first.,character_health.png,6,1,0,0,true,0,3,1,Tenacity,This one will not go down easily – it will be necessary to break both the will and the body first.,,,,,,wh_main_effect_character_stat_unit_health,Hit points: %+n%,,character_to_character_own,3,both,90,true,health_character.png,health_character.png,,,,,,,,,,,,,,,,,,,,,,,character_skill_level_to_effects_junctions_tables,wh_main_skill_all_dignitary_self_tenacity_2|wh_main_effect_character_stat_unit_health|1|character_to_character_own
effect,warhammer_3,8.1.1,24237342,Vampire Counts,vampire_counts,wh_main_sc_vmp_vampire_counts,Vampire (Death),Vampire_Death,hero,wh_main_vmp_vampire_death,dignitary,dignitary,wh2_dlc11_vmp_the_barrow_legion|wh2_dlc16_vmp_lahmian_sisterhood|wh2_main_vmp_necrarch_brotherhood|wh2_main_vmp_strygos_empire|wh2_main_vmp_the_silver_host|wh3_dlc21_vmp_jiangshi_rebels|wh3_dlc25_vmp_the_court_of_night|wh3_dlc25_vmp_vampire_counts_invasion|wh3_dlc26_vmp_templehof_qb|wh3_main_ie_vmp_sires_of_mourkain|wh3_main_vmp_caravan_of_blue_roses|wh3_main_vmp_lahmian_sisterhood|wh3_main_vmp_nagashizzar|wh_main_vmp_mousillon|wh_main_vmp_rival_sylvanian_vamps|wh_main_vmp_schwartzhafen|wh_main_vmp_vampire_counts|wh_main_vmp_vampire_counts_qb1|wh_main_vmp_vampire_counts_qb2|wh_main_vmp_vampire_counts_qb3|wh_main_vmp_vampire_rebels|wh_main_vmp_waldenhof,false,false,true,true,true,true,,,wh_main_skill_node_set_vmp_vampire,,1,dignitary,false,false,,,,wh_main_skill_node_vmp_dignitary_self_07,wh_main_skill_all_dignitary_self_tenacity_2,Tenacity,This one will not go down easily – it will be necessary to break both the will and the body first.,character_health.png,6,1,0,0,true,0,3,2,Tenacity,This one will not go down easily – it will be necessary to break both the will and the body first.,,,,,,wh_main_effect_character_stat_unit_health,Hit points: %+n%,,character_to_character_own,8,both,90,true,health_character.png,health_character.png,,,,,,,,,,,,,,,,,,,,,,,character_skill_level_to_effects_junctions_tables,wh_main_skill_all_dignitary_self_tenacity_2|wh_main_effect_character_stat_unit_health|2|character_to_character_own
effect,warhammer_3,8.1.1,24237342,Vampire Counts,vampire_counts,wh_main_sc_vmp_vampire_counts,Vampire (Death),Vampire_Death,hero,wh_main_vmp_vampire_death,dignitary,dignitary,wh2_dlc11_vmp_the_barrow_legion|wh2_dlc16_vmp_lahmian_sisterhood|wh2_main_vmp_necrarch_brotherhood|wh2_main_vmp_strygos_empire|wh2_main_vmp_the_silver_host|wh3_dlc21_vmp_jiangshi_rebels|wh3_dlc25_vmp_the_court_of_night|wh3_dlc25_vmp_vampire_counts_invasion|wh3_dlc26_vmp_templehof_qb|wh3_main_ie_vmp_sires_of_mourkain|wh3_main_vmp_caravan_of_blue_roses|wh3_main_vmp_lahmian_sisterhood|wh3_main_vmp_nagashizzar|wh_main_vmp_mousillon|wh_main_vmp_rival_sylvanian_vamps|wh_main_vmp_schwartzhafen|wh_main_vmp_vampire_counts|wh_main_vmp_vampire_counts_qb1|wh_main_vmp_vampire_counts_qb2|wh_main_vmp_vampire_counts_qb3|wh_main_vmp_vampire_rebels|wh_main_vmp_waldenhof,false,false,true,true,true,true,,,wh_main_skill_node_set_vmp_vampire,,1,dignitary,false,false,,,,wh_main_skill_node_vmp_dignitary_self_07,wh_main_skill_all_dignitary_self_tenacity_2,Tenacity,This one will not go down easily – it will be necessary to break both the will and the body first.,character_health.png,6,1,0,0,true,0,3,3,Tenacity,This one will not go down easily – it will be necessary to break both the will and the body first.,,,,,,wh_main_effect_character_stat_unit_health,Hit points: %+n%,,character_to_character_own,15,both,90,true,health_character.png,health_character.png,,,,,,,,,,,,,,,,,,,,,,,character_skill_level_to_effects_junctions_tables,wh_main_skill_all_dignitary_self_tenacity_2|wh_main_effect_character_stat_unit_health|3|character_to_character_own
node,warhammer_3,8.1.1,24237342,Vampire Counts,vampire_counts,wh_main_sc_vmp_vampire_counts,Vampire (Death),Vampire_Death,hero,wh_main_vmp_vampire_death,dignitary,dignitary,wh2_dlc11_vmp_the_barrow_legion|wh2_dlc16_vmp_lahmian_sisterhood|wh2_main_vmp_necrarch_brotherhood|wh2_main_vmp_strygos_empire|wh2_main_vmp_the_silver_host|wh3_dlc21_vmp_jiangshi_rebels|wh3_dlc25_vmp_the_court_of_night|wh3_dlc25_vmp_vampire_counts_invasion|wh3_dlc26_vmp_templehof_qb|wh3_main_ie_vmp_sires_of_mourkain|wh3_main_vmp_caravan_of_blue_roses|wh3_main_vmp_lahmian_sisterhood|wh3_main_vmp_nagashizzar|wh_main_vmp_mousillon|wh_main_vmp_rival_sylvanian_vamps|wh_main_vmp_schwartzhafen|wh_main_vmp_vampire_counts|wh_main_vmp_vampire_counts_qb1|wh_main_vmp_vampire_counts_qb2|wh_main_vmp_vampire_counts_qb3|wh_main_vmp_vampire_rebels|wh_main_vmp_waldenhof,false,false,true,true,true,true,,,wh_main_skill_node_set_vmp_vampire,,1,dignitary,false,false,,,,wh_main_skill_node_vmp_dignitary_magic1_09,wh_main_skill_all_magic_death_09_the_fate_of_bjuna,The Fate of Bjuna,,wh_main_spell_death_the_fate_of_bjuna.png,6,2,0,0,true,0,2,,,,,,,,,,,,,,,,,,,,,,,,,,,,,,,,,,,,,,,,,character_skill_nodes_tables,wh_main_skill_node_vmp_dignitary_magic1_09
effect,warhammer_3,8.1.1,24237342,Vampire Counts,vampire_counts,wh_main_sc_vmp_vampire_counts,Vampire (Death),Vampire_Death,hero,wh_main_vmp_vampire_death,dignitary,dignitary,wh2_dlc11_vmp_the_barrow_legion|wh2_dlc16_vmp_lahmian_sisterhood|wh2_main_vmp_necrarch_brotherhood|wh2_main_vmp_strygos_empire|wh2_main_vmp_the_silver_host|wh3_dlc21_vmp_jiangshi_rebels|wh3_dlc25_vmp_the_court_of_night|wh3_dlc25_vmp_vampire_counts_invasion|wh3_dlc26_vmp_templehof_qb|wh3_main_ie_vmp_sires_of_mourkain|wh3_main_vmp_caravan_of_blue_roses|wh3_main_vmp_lahmian_sisterhood|wh3_main_vmp_nagashizzar|wh_main_vmp_mousillon|wh_main_vmp_rival_sylvanian_vamps|wh_main_vmp_schwartzhafen|wh_main_vmp_vampire_counts|wh_main_vmp_vampire_counts_qb1|wh_main_vmp_vampire_counts_qb2|wh_main_vmp_vampire_counts_qb3|wh_main_vmp_vampire_rebels|wh_main_vmp_waldenhof,false,false,true,true,true,true,,,wh_main_skill_node_set_vmp_vampire,,1,dignitary,false,false,,,,wh_main_skill_node_vmp_dignitary_magic1_09,wh_main_skill_all_magic_death_09_the_fate_of_bjuna,The Fate of Bjuna,,wh_main_spell_death_the_fate_of_bjuna.png,6,2,0,0,true,0,2,1,The Fate of Bjuna,,,,,,,wh_main_effect_ability_enable_the_fate_of_bjuna,"Spell: ""The Fate of Bjuna""",,character_to_character_own,1,battle,290,true,magic_character.png,magic_character.png,,,,,,,,,,,,,,,,,,,,,,,character_skill_level_to_effects_junctions_tables,wh_main_skill_all_magic_death_09_the_fate_of_bjuna|wh_main_effect_ability_enable_the_fate_of_bjuna|1|character_to_character_own
effect,warhammer_3,8.1.1,24237342,Vampire Counts,vampire_counts,wh_main_sc_vmp_vampire_counts,Vampire (Death),Vampire_Death,hero,wh_main_vmp_vampire_death,dignitary,dignitary,wh2_dlc11_vmp_the_barrow_legion|wh2_dlc16_vmp_lahmian_sisterhood|wh2_main_vmp_necrarch_brotherhood|wh2_main_vmp_strygos_empire|wh2_main_vmp_the_silver_host|wh3_dlc21_vmp_jiangshi_rebels|wh3_dlc25_vmp_the_court_of_night|wh3_dlc25_vmp_vampire_counts_invasion|wh3_dlc26_vmp_templehof_qb|wh3_main_ie_vmp_sires_of_mourkain|wh3_main_vmp_caravan_of_blue_roses|wh3_main_vmp_lahmian_sisterhood|wh3_main_vmp_nagashizzar|wh_main_vmp_mousillon|wh_main_vmp_rival_sylvanian_vamps|wh_main_vmp_schwartzhafen|wh_main_vmp_vampire_counts|wh_main_vmp_vampire_counts_qb1|wh_main_vmp_vampire_counts_qb2|wh_main_vmp_vampire_counts_qb3|wh_main_vmp_vampire_rebels|wh_main_vmp_waldenhof,false,false,true,true,true,true,,,wh_main_skill_node_set_vmp_vampire,,1,dignitary,false,false,,,,wh_main_skill_node_vmp_dignitary_magic1_09,wh_main_skill_all_magic_death_09_the_fate_of_bjuna,The Fate of Bjuna,,wh_main_spell_death_the_fate_of_bjuna.png,6,2,0,0,true,0,2,2,The Fate of Bjuna,,,,,,,wh_main_effect_ability_cooldown_the_fate_of_bjuna,"Cooldown: %+n% to ""The Fate of Bjuna""",,character_to_character_own,-50,both,293,false,magic_cooldown.png,magic_cooldown.png,,,,,,,,,,,,,,,,,,,,,,,character_skill_level_to_effects_junctions_tables,wh_main_skill_all_magic_death_09_the_fate_of_bjuna|wh_main_effect_ability_cooldown_the_fate_of_bjuna|2|character_to_character_own
effect,warhammer_3,8.1.1,24237342,Vampire Counts,vampire_counts,wh_main_sc_vmp_vampire_counts,Vampire (Death),Vampire_Death,hero,wh_main_vmp_vampire_death,dignitary,dignitary,wh2_dlc11_vmp_the_barrow_legion|wh2_dlc16_vmp_lahmian_sisterhood|wh2_main_vmp_necrarch_brotherhood|wh2_main_vmp_strygos_empire|wh2_main_vmp_the_silver_host|wh3_dlc21_vmp_jiangshi_rebels|wh3_dlc25_vmp_the_court_of_night|wh3_dlc25_vmp_vampire_counts_invasion|wh3_dlc26_vmp_templehof_qb|wh3_main_ie_vmp_sires_of_mourkain|wh3_main_vmp_caravan_of_blue_roses|wh3_main_vmp_lahmian_sisterhood|wh3_main_vmp_nagashizzar|wh_main_vmp_mousillon|wh_main_vmp_rival_sylvanian_vamps|wh_main_vmp_schwartzhafen|wh_main_vmp_vampire_counts|wh_main_vmp_vampire_counts_qb1|wh_main_vmp_vampire_counts_qb2|wh_main_vmp_vampire_counts_qb3|wh_main_vmp_vampire_rebels|wh_main_vmp_waldenhof,false,false,true,true,true,true,,,wh_main_skill_node_set_vmp_vampire,,1,dignitary,false,false,,,,wh_main_skill_node_vmp_dignitary_magic1_09,wh_main_skill_all_magic_death_09_the_fate_of_bjuna,The Fate of Bjuna,,wh_main_spell_death_the_fate_of_bjuna.png,6,2,0,0,true,0,2,2,The Fate of Bjuna,,,,,,,wh_main_effect_ability_enable_the_fate_of_bjuna,"Spell: ""The Fate of Bjuna""",,character_to_character_own,1,battle,290,true,magic_character.png,magic_character.png,,,,,,,,,,,,,,,,,,,,,,,character_skill_level_to_effects_junctions_tables,wh_main_skill_all_magic_death_09_the_fate_of_bjuna|wh_main_effect_ability_enable_the_fate_of_bjuna|2|character_to_character_own
effect,warhammer_3,8.1.1,24237342,Vampire Counts,vampire_counts,wh_main_sc_vmp_vampire_counts,Vampire (Death),Vampire_Death,hero,wh_main_vmp_vampire_death,dignitary,dignitary,wh2_dlc11_vmp_the_barrow_legion|wh2_dlc16_vmp_lahmian_sisterhood|wh2_main_vmp_necrarch_brotherhood|wh2_main_vmp_strygos_empire|wh2_main_vmp_the_silver_host|wh3_dlc21_vmp_jiangshi_rebels|wh3_dlc25_vmp_the_court_of_night|wh3_dlc25_vmp_vampire_counts_invasion|wh3_dlc26_vmp_templehof_qb|wh3_main_ie_vmp_sires_of_mourkain|wh3_main_vmp_caravan_of_blue_roses|wh3_main_vmp_lahmian_sisterhood|wh3_main_vmp_nagashizzar|wh_main_vmp_mousillon|wh_main_vmp_rival_sylvanian_vamps|wh_main_vmp_schwartzhafen|wh_main_vmp_vampire_counts|wh_main_vmp_vampire_counts_qb1|wh_main_vmp_vampire_counts_qb2|wh_main_vmp_vampire_counts_qb3|wh_main_vmp_vampire_rebels|wh_main_vmp_waldenhof,false,false,true,true,true,true,,,wh_main_skill_node_set_vmp_vampire,,1,dignitary,false,false,,,,wh_main_skill_node_vmp_dignitary_magic1_09,wh_main_skill_all_magic_death_09_the_fate_of_bjuna,The Fate of Bjuna,,wh_main_spell_death_the_fate_of_bjuna.png,6,2,0,0,true,0,2,2,The Fate of Bjuna,,,,,,,wh2_main_effect_ability_wom_cost_the_fate_of_bjuna,"Winds of Magic cost: %n for ""The Fate of Bjuna""",,character_to_character_own,-3,both,294,false,magic_character.png,magic_character.png,,,,,,,,,,,,,,,,,,,,,,,character_skill_level_to_effects_junctions_tables,wh_main_skill_all_magic_death_09_the_fate_of_bjuna|wh2_main_effect_ability_wom_cost_the_fate_of_bjuna|2|character_to_character_own
node,warhammer_3,8.1.1,24237342,Vampire Counts,vampire_counts,wh_main_sc_vmp_vampire_counts,Vampire (Death),Vampire_Death,hero,wh_main_vmp_vampire_death,dignitary,dignitary,wh2_dlc11_vmp_the_barrow_legion|wh2_dlc16_vmp_lahmian_sisterhood|wh2_main_vmp_necrarch_brotherhood|wh2_main_vmp_strygos_empire|wh2_main_vmp_the_silver_host|wh3_dlc21_vmp_jiangshi_rebels|wh3_dlc25_vmp_the_court_of_night|wh3_dlc25_vmp_vampire_counts_invasion|wh3_dlc26_vmp_templehof_qb|wh3_main_ie_vmp_sires_of_mourkain|wh3_main_vmp_caravan_of_blue_roses|wh3_main_vmp_lahmian_sisterhood|wh3_main_vmp_nagashizzar|wh_main_vmp_mousillon|wh_main_vmp_rival_sylvanian_vamps|wh_main_vmp_schwartzhafen|wh_main_vmp_vampire_counts|wh_main_vmp_vampire_counts_qb1|wh_main_vmp_vampire_counts_qb2|wh_main_vmp_vampire_counts_qb3|wh_main_vmp_vampire_rebels|wh_main_vmp_waldenhof,false,false,true,true,true,true,,,wh_main_skill_node_set_vmp_vampire,,1,dignitary,false,false,,,,wh_main_skill_node_vmp_vampire_innate_07,wh2_main_skill_innate_all_cunning,Cunning,Deceit is a perfectly acceptable means of attack.,trait_personality.png,6,6,0,0,false,0,1,,,,,,,,,,,,,,,,,,,,,,,,,,,,,,,,,,,,,,,,,character_skill_nodes_tables,wh_main_skill_node_vmp_vampire_innate_07
effect,warhammer_3,8.1.1,24237342,Vampire Counts,vampire_counts,wh_main_sc_vmp_vampire_counts,Vampire (Death),Vampire_Death,hero,wh_main_vmp_vampire_death,dignitary,dignitary,wh2_dlc11_vmp_the_barrow_legion|wh2_dlc16_vmp_lahmian_sisterhood|wh2_main_vmp_necrarch_brotherhood|wh2_main_vmp_strygos_empire|wh2_main_vmp_the_silver_host|wh3_dlc21_vmp_jiangshi_rebels|wh3_dlc25_vmp_the_court_of_night|wh3_dlc25_vmp_vampire_counts_invasion|wh3_dlc26_vmp_templehof_qb|wh3_main_ie_vmp_sires_of_mourkain|wh3_main_vmp_caravan_of_blue_roses|wh3_main_vmp_lahmian_sisterhood|wh3_main_vmp_nagashizzar|wh_main_vmp_mousillon|wh_main_vmp_rival_sylvanian_vamps|wh_main_vmp_schwartzhafen|wh_main_vmp_vampire_counts|wh_main_vmp_vampire_counts_qb1|wh_main_vmp_vampire_counts_qb2|wh_main_vmp_vampire_counts_qb3|wh_main_vmp_vampire_rebels|wh_main_vmp_waldenhof,false,false,true,true,true,true,,,wh_main_skill_node_set_vmp_vampire,,1,dignitary,false,false,,,,wh_main_skill_node_vmp_vampire_innate_07,wh2_main_skill_innate_all_cunning,Cunning,Deceit is a perfectly acceptable means of attack.,trait_personality.png,6,6,0,0,false,0,1,1,Cunning,Deceit is a perfectly acceptable means of attack.,,,,,,wh_main_effect_character_stat_enable_poison_attacks,Enables poison attacks,,character_to_character_own,1,both,140,true,phase_posion.png,phase_posion.png,,,,,,,,,,,,,,,,,,,,,,,character_skill_level_to_effects_junctions_tables,wh2_main_skill_innate_all_cunning|wh_main_effect_character_stat_enable_poison_attacks|1|character_to_character_own
effect,warhammer_3,8.1.1,24237342,Vampire Counts,vampire_counts,wh_main_sc_vmp_vampire_counts,Vampire (Death),Vampire_Death,hero,wh_main_vmp_vampire_death,dignitary,dignitary,wh2_dlc11_vmp_the_barrow_legion|wh2_dlc16_vmp_lahmian_sisterhood|wh2_main_vmp_necrarch_brotherhood|wh2_main_vmp_strygos_empire|wh2_main_vmp_the_silver_host|wh3_dlc21_vmp_jiangshi_rebels|wh3_dlc25_vmp_the_court_of_night|wh3_dlc25_vmp_vampire_counts_invasion|wh3_dlc26_vmp_templehof_qb|wh3_main_ie_vmp_sires_of_mourkain|wh3_main_vmp_caravan_of_blue_roses|wh3_main_vmp_lahmian_sisterhood|wh3_main_vmp_nagashizzar|wh_main_vmp_mousillon|wh_main_vmp_rival_sylvanian_vamps|wh_main_vmp_schwartzhafen|wh_main_vmp_vampire_counts|wh_main_vmp_vampire_counts_qb1|wh_main_vmp_vampire_counts_qb2|wh_main_vmp_vampire_counts_qb3|wh_main_vmp_vampire_rebels|wh_main_vmp_waldenhof,false,false,true,true,true,true,,,wh_main_skill_node_set_vmp_vampire,,1,dignitary,false,false,,,,wh_main_skill_node_vmp_vampire_innate_07,wh2_main_skill_innate_all_cunning,Cunning,Deceit is a perfectly acceptable means of attack.,trait_personality.png,6,6,0,0,false,0,1,1,Cunning,Deceit is a perfectly acceptable means of attack.,,,,,,wh_main_effect_character_stat_melee_defence,Melee defence: %+n,,character_to_character_own,10,both,150,true,defence_character.png,defence_character.png,,,,,,,,,,,,,,,,,,,,,,,character_skill_level_to_effects_junctions_tables,wh2_main_skill_innate_all_cunning|wh_main_effect_character_stat_melee_defence|1|character_to_character_own
effect,warhammer_3,8.1.1,24237342,Vampire Counts,vampire_counts,wh_main_sc_vmp_vampire_counts,Vampire (Death),Vampire_Death,hero,wh_main_vmp_vampire_death,dignitary,dignitary,wh2_dlc11_vmp_the_barrow_legion|wh2_dlc16_vmp_lahmian_sisterhood|wh2_main_vmp_necrarch_brotherhood|wh2_main_vmp_strygos_empire|wh2_main_vmp_the_silver_host|wh3_dlc21_vmp_jiangshi_rebels|wh3_dlc25_vmp_the_court_of_night|wh3_dlc25_vmp_vampire_counts_invasion|wh3_dlc26_vmp_templehof_qb|wh3_main_ie_vmp_sires_of_mourkain|wh3_main_vmp_caravan_of_blue_roses|wh3_main_vmp_lahmian_sisterhood|wh3_main_vmp_nagashizzar|wh_main_vmp_mousillon|wh_main_vmp_rival_sylvanian_vamps|wh_main_vmp_schwartzhafen|wh_main_vmp_vampire_counts|wh_main_vmp_vampire_counts_qb1|wh_main_vmp_vampire_counts_qb2|wh_main_vmp_vampire_counts_qb3|wh_main_vmp_vampire_rebels|wh_main_vmp_waldenhof,false,false,true,true,true,true,,,wh_main_skill_node_set_vmp_vampire,,1,dignitary,false,false,,,,wh_main_skill_node_vmp_vampire_innate_07,wh2_main_skill_innate_all_cunning,Cunning,Deceit is a perfectly acceptable means of attack.,trait_personality.png,6,6,0,0,false,0,1,1,Cunning,Deceit is a perfectly acceptable means of attack.,,,,,,wh_main_effect_force_army_campaign_ambush_attack_success_chance,Ambush success chance: %+n%,,character_to_force_regionwide_own,25,campaign,101,true,icon_effects_ambush.png,icon_effects_ambush.png,,,,,,,,,,,,,,,,,,,,,,,character_skill_level_to_effects_junctions_tables,wh2_main_skill_innate_all_cunning|wh_main_effect_force_army_campaign_ambush_attack_success_chance|1|character_to_force_regionwide_own
node,warhammer_3,8.1.1,24237342,Vampire Counts,vampire_counts,wh_main_sc_vmp_vampire_counts,Vampire (Death),Vampire_Death,hero,wh_main_vmp_vampire_death,dignitary,dignitary,wh2_dlc11_vmp_the_barrow_legion|wh2_dlc16_vmp_lahmian_sisterhood|wh2_main_vmp_necrarch_brotherhood|wh2_main_vmp_strygos_empire|wh2_main_vmp_the_silver_host|wh3_dlc21_vmp_jiangshi_rebels|wh3_dlc25_vmp_the_court_of_night|wh3_dlc25_vmp_vampire_counts_invasion|wh3_dlc26_vmp_templehof_qb|wh3_main_ie_vmp_sires_of_mourkain|wh3_main_vmp_caravan_of_blue_roses|wh3_main_vmp_lahmian_sisterhood|wh3_main_vmp_nagashizzar|wh_main_vmp_mousillon|wh_main_vmp_rival_sylvanian_vamps|wh_main_vmp_schwartzhafen|wh_main_vmp_vampire_counts|wh_main_vmp_vampire_counts_qb1|wh_main_vmp_vampire_counts_qb2|wh_main_vmp_vampire_counts_qb3|wh_main_vmp_vampire_rebels|wh_main_vmp_waldenhof,false,false,true,true,true,true,,,wh_main_skill_node_set_vmp_vampire,,1,dignitary,false,false,,,,wh_main_skill_node_vmp_dignitary_self_08,wh_main_skill_all_dignitary_self_augury,Augury,"An omen, a sign - this being knows things and any who follow will share their glory.",character_morale.png,7,1,0,0,true,0,3,,,,,,,,,,,,,,,,,,,,,,,,,,,,,,,,,,,,,,,,,character_skill_nodes_tables,wh_main_skill_node_vmp_dignitary_self_08
effect,warhammer_3,8.1.1,24237342,Vampire Counts,vampire_counts,wh_main_sc_vmp_vampire_counts,Vampire (Death),Vampire_Death,hero,wh_main_vmp_vampire_death,dignitary,dignitary,wh2_dlc11_vmp_the_barrow_legion|wh2_dlc16_vmp_lahmian_sisterhood|wh2_main_vmp_necrarch_brotherhood|wh2_main_vmp_strygos_empire|wh2_main_vmp_the_silver_host|wh3_dlc21_vmp_jiangshi_rebels|wh3_dlc25_vmp_the_court_of_night|wh3_dlc25_vmp_vampire_counts_invasion|wh3_dlc26_vmp_templehof_qb|wh3_main_ie_vmp_sires_of_mourkain|wh3_main_vmp_caravan_of_blue_roses|wh3_main_vmp_lahmian_sisterhood|wh3_main_vmp_nagashizzar|wh_main_vmp_mousillon|wh_main_vmp_rival_sylvanian_vamps|wh_main_vmp_schwartzhafen|wh_main_vmp_vampire_counts|wh_main_vmp_vampire_counts_qb1|wh_main_vmp_vampire_counts_qb2|wh_main_vmp_vampire_counts_qb3|wh_main_vmp_vampire_rebels|wh_main_vmp_waldenhof,false,false,true,true,true,true,,,wh_main_skill_node_set_vmp_vampire,,1,dignitary,false,false,,,,wh_main_skill_node_vmp_dignitary_self_08,wh_main_skill_all_dignitary_self_augury,Augury,"An omen, a sign - this being knows things and any who follow will share their glory.",character_morale.png,7,1,0,0,true,0,3,1,Augury,"An omen, a sign - this being knows things and any who follow will share their glory.",,,,,,wh_main_effect_character_stat_aura_leadership_effect,Character's aura leadership effect: %+n,Aura. Any unit standing within this character's aura in battle will receive a [[img:icon_morale]][[/img]]leadership bonus.,character_to_character_own,2,battle,260,true,morale_character.png,morale_character.png,,,,,,,,,,,,,,,,,,,,,,,character_skill_level_to_effects_junctions_tables,wh_main_skill_all_dignitary_self_augury|wh_main_effect_character_stat_aura_leadership_effect|1|character_to_character_own
effect,warhammer_3,8.1.1,24237342,Vampire Counts,vampire_counts,wh_main_sc_vmp_vampire_counts,Vampire (Death),Vampire_Death,hero,wh_main_vmp_vampire_death,dignitary,dignitary,wh2_dlc11_vmp_the_barrow_legion|wh2_dlc16_vmp_lahmian_sisterhood|wh2_main_vmp_necrarch_brotherhood|wh2_main_vmp_strygos_empire|wh2_main_vmp_the_silver_host|wh3_dlc21_vmp_jiangshi_rebels|wh3_dlc25_vmp_the_court_of_night|wh3_dlc25_vmp_vampire_counts_invasion|wh3_dlc26_vmp_templehof_qb|wh3_main_ie_vmp_sires_of_mourkain|wh3_main_vmp_caravan_of_blue_roses|wh3_main_vmp_lahmian_sisterhood|wh3_main_vmp_nagashizzar|wh_main_vmp_mousillon|wh_main_vmp_rival_sylvanian_vamps|wh_main_vmp_schwartzhafen|wh_main_vmp_vampire_counts|wh_main_vmp_vampire_counts_qb1|wh_main_vmp_vampire_counts_qb2|wh_main_vmp_vampire_counts_qb3|wh_main_vmp_vampire_rebels|wh_main_vmp_waldenhof,false,false,true,true,true,true,,,wh_main_skill_node_set_vmp_vampire,,1,dignitary,false,false,,,,wh_main_skill_node_vmp_dignitary_self_08,wh_main_skill_all_dignitary_self_augury,Augury,"An omen, a sign - this being knows things and any who follow will share their glory.",character_morale.png,7,1,0,0,true,0,3,2,Augury,"An omen, a sign - this being knows things and any who follow will share their glory.",,,,,,wh_main_effect_character_stat_aura_leadership_effect,Character's aura leadership effect: %+n,Aura. Any unit standing within this character's aura in battle will receive a [[img:icon_morale]][[/img]]leadership bonus.,character_to_character_own,5,battle,260,true,morale_character.png,morale_character.png,,,,,,,,,,,,,,,,,,,,,,,character_skill_level_to_effects_junctions_tables,wh_main_skill_all_dignitary_self_augury|wh_main_effect_character_stat_aura_leadership_effect|2|character_to_character_own
effect,warhammer_3,8.1.1,24237342,Vampire Counts,vampire_counts,wh_main_sc_vmp_vampire_counts,Vampire (Death),Vampire_Death,hero,wh_main_vmp_vampire_death,dignitary,dignitary,wh2_dlc11_vmp_the_barrow_legion|wh2_dlc16_vmp_lahmian_sisterhood|wh2_main_vmp_necrarch_brotherhood|wh2_main_vmp_strygos_empire|wh2_main_vmp_the_silver_host|wh3_dlc21_vmp_jiangshi_rebels|wh3_dlc25_vmp_the_court_of_night|wh3_dlc25_vmp_vampire_counts_invasion|wh3_dlc26_vmp_templehof_qb|wh3_main_ie_vmp_sires_of_mourkain|wh3_main_vmp_caravan_of_blue_roses|wh3_main_vmp_lahmian_sisterhood|wh3_main_vmp_nagashizzar|wh_main_vmp_mousillon|wh_main_vmp_rival_sylvanian_vamps|wh_main_vmp_schwartzhafen|wh_main_vmp_vampire_counts|wh_main_vmp_vampire_counts_qb1|wh_main_vmp_vampire_counts_qb2|wh_main_vmp_vampire_counts_qb3|wh_main_vmp_vampire_rebels|wh_main_vmp_waldenhof,false,false,true,true,true,true,,,wh_main_skill_node_set_vmp_vampire,,1,dignitary,false,false,,,,wh_main_skill_node_vmp_dignitary_self_08,wh_main_skill_all_dignitary_self_augury,Augury,"An omen, a sign - this being knows things and any who follow will share their glory.",character_morale.png,7,1,0,0,true,0,3,3,Augury,"An omen, a sign - this being knows things and any who follow will share their glory.",,,,,,wh_main_effect_character_stat_aura_leadership_effect,Character's aura leadership effect: %+n,Aura. Any unit standing within this character's aura in battle will receive a [[img:icon_morale]][[/img]]leadership bonus.,character_to_character_own,9,battle,260,true,morale_character.png,morale_character.png,,,,,,,,,,,,,,,,,,,,,,,character_skill_level_to_effects_junctions_tables,wh_main_skill_all_dignitary_self_augury|wh_main_effect_character_stat_aura_leadership_effect|3|character_to_character_own
node,warhammer_3,8.1.1,24237342,Vampire Counts,vampire_counts,wh_main_sc_vmp_vampire_counts,Vampire (Death),Vampire_Death,hero,wh_main_vmp_vampire_death,dignitary,dignitary,wh2_dlc11_vmp_the_barrow_legion|wh2_dlc16_vmp_lahmian_sisterhood|wh2_main_vmp_necrarch_brotherhood|wh2_main_vmp_strygos_empire|wh2_main_vmp_the_silver_host|wh3_dlc21_vmp_jiangshi_rebels|wh3_dlc25_vmp_the_court_of_night|wh3_dlc25_vmp_vampire_counts_invasion|wh3_dlc26_vmp_templehof_qb|wh3_main_ie_vmp_sires_of_mourkain|wh3_main_vmp_caravan_of_blue_roses|wh3_main_vmp_lahmian_sisterhood|wh3_main_vmp_nagashizzar|wh_main_vmp_mousillon|wh_main_vmp_rival_sylvanian_vamps|wh_main_vmp_schwartzhafen|wh_main_vmp_vampire_counts|wh_main_vmp_vampire_counts_qb1|wh_main_vmp_vampire_counts_qb2|wh_main_vmp_vampire_counts_qb3|wh_main_vmp_vampire_rebels|wh_main_vmp_waldenhof,false,false,true,true,true,true,,,wh_main_skill_node_set_vmp_vampire,,1,dignitary,false,false,,,,wh_main_skill_node_vmp_dignitary_magic1_10,wh_main_skill_all_magic_death_10_the_purple_sun_of_xereus,The Purple Sun of Xereus,,wh_main_spell_death_the_purple_sun_of_xereus.png,7,2,0,0,true,0,3,,,,,,,,,,,,,,,,,,,,,,,,,,,,,,,,,,,,,,,,,character_skill_nodes_tables,wh_main_skill_node_vmp_dignitary_magic1_10
effect,warhammer_3,8.1.1,24237342,Vampire Counts,vampire_counts,wh_main_sc_vmp_vampire_counts,Vampire (Death),Vampire_Death,hero,wh_main_vmp_vampire_death,dignitary,dignitary,wh2_dlc11_vmp_the_barrow_legion|wh2_dlc16_vmp_lahmian_sisterhood|wh2_main_vmp_necrarch_brotherhood|wh2_main_vmp_strygos_empire|wh2_main_vmp_the_silver_host|wh3_dlc21_vmp_jiangshi_rebels|wh3_dlc25_vmp_the_court_of_night|wh3_dlc25_vmp_vampire_counts_invasion|wh3_dlc26_vmp_templehof_qb|wh3_main_ie_vmp_sires_of_mourkain|wh3_main_vmp_caravan_of_blue_roses|wh3_main_vmp_lahmian_sisterhood|wh3_main_vmp_nagashizzar|wh_main_vmp_mousillon|wh_main_vmp_rival_sylvanian_vamps|wh_main_vmp_schwartzhafen|wh_main_vmp_vampire_counts|wh_main_vmp_vampire_counts_qb1|wh_main_vmp_vampire_counts_qb2|wh_main_vmp_vampire_counts_qb3|wh_main_vmp_vampire_rebels|wh_main_vmp_waldenhof,false,false,true,true,true,true,,,wh_main_skill_node_set_vmp_vampire,,1,dignitary,false,false,,,,wh_main_skill_node_vmp_dignitary_magic1_10,wh_main_skill_all_magic_death_10_the_purple_sun_of_xereus,The Purple Sun of Xereus,,wh_main_spell_death_the_purple_sun_of_xereus.png,7,2,0,0,true,0,3,1,The Purple Sun of Xereus,,,,,,,wh_main_effect_ability_enable_the_purple_sun_of_xereus,"Spell: ""The Purple Sun of Xereus""",,character_to_character_own,1,battle,290,true,magic_character.png,magic_character.png,,,,,,,,,,,,,,,,,,,,,,,character_skill_level_to_effects_junctions_tables,wh_main_skill_all_magic_death_10_the_purple_sun_of_xereus|wh_main_effect_ability_enable_the_purple_sun_of_xereus|1|character_to_character_own
effect,warhammer_3,8.1.1,24237342,Vampire Counts,vampire_counts,wh_main_sc_vmp_vampire_counts,Vampire (Death),Vampire_Death,hero,wh_main_vmp_vampire_death,dignitary,dignitary,wh2_dlc11_vmp_the_barrow_legion|wh2_dlc16_vmp_lahmian_sisterhood|wh2_main_vmp_necrarch_brotherhood|wh2_main_vmp_strygos_empire|wh2_main_vmp_the_silver_host|wh3_dlc21_vmp_jiangshi_rebels|wh3_dlc25_vmp_the_court_of_night|wh3_dlc25_vmp_vampire_counts_invasion|wh3_dlc26_vmp_templehof_qb|wh3_main_ie_vmp_sires_of_mourkain|wh3_main_vmp_caravan_of_blue_roses|wh3_main_vmp_lahmian_sisterhood|wh3_main_vmp_nagashizzar|wh_main_vmp_mousillon|wh_main_vmp_rival_sylvanian_vamps|wh_main_vmp_schwartzhafen|wh_main_vmp_vampire_counts|wh_main_vmp_vampire_counts_qb1|wh_main_vmp_vampire_counts_qb2|wh_main_vmp_vampire_counts_qb3|wh_main_vmp_vampire_rebels|wh_main_vmp_waldenhof,false,false,true,true,true,true,,,wh_main_skill_node_set_vmp_vampire,,1,dignitary,false,false,,,,wh_main_skill_node_vmp_dignitary_magic1_10,wh_main_skill_all_magic_death_10_the_purple_sun_of_xereus,The Purple Sun of Xereus,,wh_main_spell_death_the_purple_sun_of_xereus.png,7,2,0,0,true,0,3,2,The Purple Sun of Xereus,,,,,,,wh_main_effect_ability_cooldown_the_purple_sun_of_xereus,"Cooldown: %+n% to ""The Purple Sun of Xereus""",,character_to_character_own,-30,both,293,false,magic_cooldown.png,magic_cooldown.png,,,,,,,,,,,,,,,,,,,,,,,character_skill_level_to_effects_junctions_tables,wh_main_skill_all_magic_death_10_the_purple_sun_of_xereus|wh_main_effect_ability_cooldown_the_purple_sun_of_xereus|2|character_to_character_own
effect,warhammer_3,8.1.1,24237342,Vampire Counts,vampire_counts,wh_main_sc_vmp_vampire_counts,Vampire (Death),Vampire_Death,hero,wh_main_vmp_vampire_death,dignitary,dignitary,wh2_dlc11_vmp_the_barrow_legion|wh2_dlc16_vmp_lahmian_sisterhood|wh2_main_vmp_necrarch_brotherhood|wh2_main_vmp_strygos_empire|wh2_main_vmp_the_silver_host|wh3_dlc21_vmp_jiangshi_rebels|wh3_dlc25_vmp_the_court_of_night|wh3_dlc25_vmp_vampire_counts_invasion|wh3_dlc26_vmp_templehof_qb|wh3_main_ie_vmp_sires_of_mourkain|wh3_main_vmp_caravan_of_blue_roses|wh3_main_vmp_lahmian_sisterhood|wh3_main_vmp_nagashizzar|wh_main_vmp_mousillon|wh_main_vmp_rival_sylvanian_vamps|wh_main_vmp_schwartzhafen|wh_main_vmp_vampire_counts|wh_main_vmp_vampire_counts_qb1|wh_main_vmp_vampire_counts_qb2|wh_main_vmp_vampire_counts_qb3|wh_main_vmp_vampire_rebels|wh_main_vmp_waldenhof,false,false,true,true,true,true,,,wh_main_skill_node_set_vmp_vampire,,1,dignitary,false,false,,,,wh_main_skill_node_vmp_dignitary_magic1_10,wh_main_skill_all_magic_death_10_the_purple_sun_of_xereus,The Purple Sun of Xereus,,wh_main_spell_death_the_purple_sun_of_xereus.png,7,2,0,0,true,0,3,2,The Purple Sun of Xereus,,,,,,,wh2_main_effect_ability_overcast_the_purple_sun_of_xereus,"Overcast spell: ""The Purple Sun of Xereus Upgraded""",,character_to_character_own,1,both,292,true,magic_character.png,magic_character.png,,,,,,,,,,,,,,,,,,,,,,,character_skill_level_to_effects_junctions_tables,wh_main_skill_all_magic_death_10_the_purple_sun_of_xereus|wh2_main_effect_ability_overcast_the_purple_sun_of_xereus|2|character_to_character_own
effect,warhammer_3,8.1.1,24237342,Vampire Counts,vampire_counts,wh_main_sc_vmp_vampire_counts,Vampire (Death),Vampire_Death,hero,wh_main_vmp_vampire_death,dignitary,dignitary,wh2_dlc11_vmp_the_barrow_legion|wh2_dlc16_vmp_lahmian_sisterhood|wh2_main_vmp_necrarch_brotherhood|wh2_main_vmp_strygos_empire|wh2_main_vmp_the_silver_host|wh3_dlc21_vmp_jiangshi_rebels|wh3_dlc25_vmp_the_court_of_night|wh3_dlc25_vmp_vampire_counts_invasion|wh3_dlc26_vmp_templehof_qb|wh3_main_ie_vmp_sires_of_mourkain|wh3_main_vmp_caravan_of_blue_roses|wh3_main_vmp_lahmian_sisterhood|wh3_main_vmp_nagashizzar|wh_main_vmp_mousillon|wh_main_vmp_rival_sylvanian_vamps|wh_main_vmp_schwartzhafen|wh_main_vmp_vampire_counts|wh_main_vmp_vampire_counts_qb1|wh_main_vmp_vampire_counts_qb2|wh_main_vmp_vampire_counts_qb3|wh_main_vmp_vampire_rebels|wh_main_vmp_waldenhof,false,false,true,true,true,true,,,wh_main_skill_node_set_vmp_vampire,,1,dignitary,false,false,,,,wh_main_skill_node_vmp_dignitary_magic1_10,wh_main_skill_all_magic_death_10_the_purple_sun_of_xereus,The Purple Sun of Xereus,,wh_main_spell_death_the_purple_sun_of_xereus.png,7,2,0,0,true,0,3,3,The Purple Sun of Xereus,,,,,,,wh_main_effect_ability_cooldown_the_purple_sun_of_xereus,"Cooldown: %+n% to ""The Purple Sun of Xereus""",,character_to_character_own,-50,both,293,false,magic_cooldown.png,magic_cooldown.png,,,,,,,,,,,,,,,,,,,,,,,character_skill_level_to_effects_junctions_tables,wh_main_skill_all_magic_death_10_the_purple_sun_of_xereus|wh_main_effect_ability_cooldown_the_purple_sun_of_xereus|3|character_to_character_own
effect,warhammer_3,8.1.1,24237342,Vampire Counts,vampire_counts,wh_main_sc_vmp_vampire_counts,Vampire (Death),Vampire_Death,hero,wh_main_vmp_vampire_death,dignitary,dignitary,wh2_dlc11_vmp_the_barrow_legion|wh2_dlc16_vmp_lahmian_sisterhood|wh2_main_vmp_necrarch_brotherhood|wh2_main_vmp_strygos_empire|wh2_main_vmp_the_silver_host|wh3_dlc21_vmp_jiangshi_rebels|wh3_dlc25_vmp_the_court_of_night|wh3_dlc25_vmp_vampire_counts_invasion|wh3_dlc26_vmp_templehof_qb|wh3_main_ie_vmp_sires_of_mourkain|wh3_main_vmp_caravan_of_blue_roses|wh3_main_vmp_lahmian_sisterhood|wh3_main_vmp_nagashizzar|wh_main_vmp_mousillon|wh_main_vmp_rival_sylvanian_vamps|wh_main_vmp_schwartzhafen|wh_main_vmp_vampire_counts|wh_main_vmp_vampire_counts_qb1|wh_main_vmp_vampire_counts_qb2|wh_main_vmp_vampire_counts_qb3|wh_main_vmp_vampire_rebels|wh_main_vmp_waldenhof,false,false,true,true,true,true,,,wh_main_skill_node_set_vmp_vampire,,1,dignitary,false,false,,,,wh_main_skill_node_vmp_dignitary_magic1_10,wh_main_skill_all_magic_death_10_the_purple_sun_of_xereus,The Purple Sun of Xereus,,wh_main_spell_death_the_purple_sun_of_xereus.png,7,2,0,0,true,0,3,3,The Purple Sun of Xereus,,,,,,,wh2_main_effect_ability_miscast_the_purple_sun_of_xereus_upgraded,"Miscast base chance: %+n% for ""The Purple Sun of Xereus Upgraded""",,character_to_character_own,-15,both,298,false,magic.png,magic.png,,,,,,,,,,,,,,,,,,,,,,,character_skill_level_to_effects_junctions_tables,wh_main_skill_all_magic_death_10_the_purple_sun_of_xereus|wh2_main_effect_ability_miscast_the_purple_sun_of_xereus_upgraded|3|character_to_character_own
effect,warhammer_3,8.1.1,24237342,Vampire Counts,vampire_counts,wh_main_sc_vmp_vampire_counts,Vampire (Death),Vampire_Death,hero,wh_main_vmp_vampire_death,dignitary,dignitary,wh2_dlc11_vmp_the_barrow_legion|wh2_dlc16_vmp_lahmian_sisterhood|wh2_main_vmp_necrarch_brotherhood|wh2_main_vmp_strygos_empire|wh2_main_vmp_the_silver_host|wh3_dlc21_vmp_jiangshi_rebels|wh3_dlc25_vmp_the_court_of_night|wh3_dlc25_vmp_vampire_counts_invasion|wh3_dlc26_vmp_templehof_qb|wh3_main_ie_vmp_sires_of_mourkain|wh3_main_vmp_caravan_of_blue_roses|wh3_main_vmp_lahmian_sisterhood|wh3_main_vmp_nagashizzar|wh_main_vmp_mousillon|wh_main_vmp_rival_sylvanian_vamps|wh_main_vmp_schwartzhafen|wh_main_vmp_vampire_counts|wh_main_vmp_vampire_counts_qb1|wh_main_vmp_vampire_counts_qb2|wh_main_vmp_vampire_counts_qb3|wh_main_vmp_vampire_rebels|wh_main_vmp_waldenhof,false,false,true,true,true,true,,,wh_main_skill_node_set_vmp_vampire,,1,dignitary,false,false,,,,wh_main_skill_node_vmp_dignitary_magic1_10,wh_main_skill_all_magic_death_10_the_purple_sun_of_xereus,The Purple Sun of Xereus,,wh_main_spell_death_the_purple_sun_of_xereus.png,7,2,0,0,true,0,3,3,The Purple Sun of Xereus,,,,,,,wh2_main_effect_ability_overcast_the_purple_sun_of_xereus,"Overcast spell: ""The Purple Sun of Xereus Upgraded""",,character_to_character_own,1,both,292,true,magic_character.png,magic_character.png,,,,,,,,,,,,,,,,,,,,,,,character_skill_level_to_effects_junctions_tables,wh_main_skill_all_magic_death_10_the_purple_sun_of_xereus|wh2_main_effect_ability_overcast_the_purple_sun_of_xereus|3|character_to_character_own
effect,warhammer_3,8.1.1,24237342,Vampire Counts,vampire_counts,wh_main_sc_vmp_vampire_counts,Vampire (Death),Vampire_Death,hero,wh_main_vmp_vampire_death,dignitary,dignitary,wh2_dlc11_vmp_the_barrow_legion|wh2_dlc16_vmp_lahmian_sisterhood|wh2_main_vmp_necrarch_brotherhood|wh2_main_vmp_strygos_empire|wh2_main_vmp_the_silver_host|wh3_dlc21_vmp_jiangshi_rebels|wh3_dlc25_vmp_the_court_of_night|wh3_dlc25_vmp_vampire_counts_invasion|wh3_dlc26_vmp_templehof_qb|wh3_main_ie_vmp_sires_of_mourkain|wh3_main_vmp_caravan_of_blue_roses|wh3_main_vmp_lahmian_sisterhood|wh3_main_vmp_nagashizzar|wh_main_vmp_mousillon|wh_main_vmp_rival_sylvanian_vamps|wh_main_vmp_schwartzhafen|wh_main_vmp_vampire_counts|wh_main_vmp_vampire_counts_qb1|wh_main_vmp_vampire_counts_qb2|wh_main_vmp_vampire_counts_qb3|wh_main_vmp_vampire_rebels|wh_main_vmp_waldenhof,false,false,true,true,true,true,,,wh_main_skill_node_set_vmp_vampire,,1,dignitary,false,false,,,,wh_main_skill_node_vmp_dignitary_magic1_10,wh_main_skill_all_magic_death_10_the_purple_sun_of_xereus,The Purple Sun of Xereus,,wh_main_spell_death_the_purple_sun_of_xereus.png,7,2,0,0,true,0,3,3,The Purple Sun of Xereus,,,,,,,wh2_main_effect_ability_wom_cost_the_purple_sun_of_xereus,"Winds of Magic cost: %n for ""The Purple Sun of Xereus""",,character_to_character_own,-2,both,294,false,magic_character.png,magic_character.png,,,,,,,,,,,,,,,,,,,,,,,character_skill_level_to_effects_junctions_tables,wh_main_skill_all_magic_death_10_the_purple_sun_of_xereus|wh2_main_effect_ability_wom_cost_the_purple_sun_of_xereus|3|character_to_character_own
effect,warhammer_3,8.1.1,24237342,Vampire Counts,vampire_counts,wh_main_sc_vmp_vampire_counts,Vampire (Death),Vampire_Death,hero,wh_main_vmp_vampire_death,dignitary,dignitary,wh2_dlc11_vmp_the_barrow_legion|wh2_dlc16_vmp_lahmian_sisterhood|wh2_main_vmp_necrarch_brotherhood|wh2_main_vmp_strygos_empire|wh2_main_vmp_the_silver_host|wh3_dlc21_vmp_jiangshi_rebels|wh3_dlc25_vmp_the_court_of_night|wh3_dlc25_vmp_vampire_counts_invasion|wh3_dlc26_vmp_templehof_qb|wh3_main_ie_vmp_sires_of_mourkain|wh3_main_vmp_caravan_of_blue_roses|wh3_main_vmp_lahmian_sisterhood|wh3_main_vmp_nagashizzar|wh_main_vmp_mousillon|wh_main_vmp_rival_sylvanian_vamps|wh_main_vmp_schwartzhafen|wh_main_vmp_vampire_counts|wh_main_vmp_vampire_counts_qb1|wh_main_vmp_vampire_counts_qb2|wh_main_vmp_vampire_counts_qb3|wh_main_vmp_vampire_rebels|wh_main_vmp_waldenhof,false,false,true,true,true,true,,,wh_main_skill_node_set_vmp_vampire,,1,dignitary,false,false,,,,wh_main_skill_node_vmp_dignitary_magic1_10,wh_main_skill_all_magic_death_10_the_purple_sun_of_xereus,The Purple Sun of Xereus,,wh_main_spell_death_the_purple_sun_of_xereus.png,7,2,0,0,true,0,3,3,The Purple Sun of Xereus,,,,,,,wh2_main_effect_ability_wom_cost_the_purple_sun_of_xereus_upgraded,"Winds of Magic cost: %n for ""The Purple Sun of Xereus Upgraded""",,character_to_character_own,-3,both,295,false,magic_character.png,magic_character.png,,,,,,,,,,,,,,,,,,,,,,,character_skill_level_to_effects_junctions_tables,wh_main_skill_all_magic_death_10_the_purple_sun_of_xereus|wh2_main_effect_ability_wom_cost_the_purple_sun_of_xereus_upgraded|3|character_to_character_own
node,warhammer_3,8.1.1,24237342,Vampire Counts,vampire_counts,wh_main_sc_vmp_vampire_counts,Vampire (Death),Vampire_Death,hero,wh_main_vmp_vampire_death,dignitary,dignitary,wh2_dlc11_vmp_the_barrow_legion|wh2_dlc16_vmp_lahmian_sisterhood|wh2_main_vmp_necrarch_brotherhood|wh2_main_vmp_strygos_empire|wh2_main_vmp_the_silver_host|wh3_dlc21_vmp_jiangshi_rebels|wh3_dlc25_vmp_the_court_of_night|wh3_dlc25_vmp_vampire_counts_invasion|wh3_dlc26_vmp_templehof_qb|wh3_main_ie_vmp_sires_of_mourkain|wh3_main_vmp_caravan_of_blue_roses|wh3_main_vmp_lahmian_sisterhood|wh3_main_vmp_nagashizzar|wh_main_vmp_mousillon|wh_main_vmp_rival_sylvanian_vamps|wh_main_vmp_schwartzhafen|wh_main_vmp_vampire_counts|wh_main_vmp_vampire_counts_qb1|wh_main_vmp_vampire_counts_qb2|wh_main_vmp_vampire_counts_qb3|wh_main_vmp_vampire_rebels|wh_main_vmp_waldenhof,false,false,true,true,true,true,,,wh_main_skill_node_set_vmp_vampire,,1,dignitary,false,false,,,,wh_main_skill_node_vmp_vampire_innate_08,wh2_main_skill_innate_all_determined,Determined,Having a modicum of resolve is useful in a world that continually tests it.,trait_personality.png,7,6,0,0,false,0,1,,,,,,,,,,,,,,,,,,,,,,,,,,,,,,,,,,,,,,,,,character_skill_nodes_tables,wh_main_skill_node_vmp_vampire_innate_08
effect,warhammer_3,8.1.1,24237342,Vampire Counts,vampire_counts,wh_main_sc_vmp_vampire_counts,Vampire (Death),Vampire_Death,hero,wh_main_vmp_vampire_death,dignitary,dignitary,wh2_dlc11_vmp_the_barrow_legion|wh2_dlc16_vmp_lahmian_sisterhood|wh2_main_vmp_necrarch_brotherhood|wh2_main_vmp_strygos_empire|wh2_main_vmp_the_silver_host|wh3_dlc21_vmp_jiangshi_rebels|wh3_dlc25_vmp_the_court_of_night|wh3_dlc25_vmp_vampire_counts_invasion|wh3_dlc26_vmp_templehof_qb|wh3_main_ie_vmp_sires_of_mourkain|wh3_main_vmp_caravan_of_blue_roses|wh3_main_vmp_lahmian_sisterhood|wh3_main_vmp_nagashizzar|wh_main_vmp_mousillon|wh_main_vmp_rival_sylvanian_vamps|wh_main_vmp_schwartzhafen|wh_main_vmp_vampire_counts|wh_main_vmp_vampire_counts_qb1|wh_main_vmp_vampire_counts_qb2|wh_main_vmp_vampire_counts_qb3|wh_main_vmp_vampire_rebels|wh_main_vmp_waldenhof,false,false,true,true,true,true,,,wh_main_skill_node_set_vmp_vampire,,1,dignitary,false,false,,,,wh_main_skill_node_vmp_vampire_innate_08,wh2_main_skill_innate_all_determined,Determined,Having a modicum of resolve is useful in a world that continually tests it.,trait_personality.png,7,6,0,0,false,0,1,1,Determined,Having a modicum of resolve is useful in a world that continually tests it.,,,,,,wh_main_effect_attribute_enable_immune_to_psychology,Attribute: Immune to Psychology,,character_to_character_own,1,both,70,true,attribute_immune_to_psychology.png,attribute_immune_to_psychology.png,,,,,,,,,,,,,,,,,,,,,,,character_skill_level_to_effects_junctions_tables,wh2_main_skill_innate_all_determined|wh_main_effect_attribute_enable_immune_to_psychology|1|character_to_character_own
effect,warhammer_3,8.1.1,24237342,Vampire Counts,vampire_counts,wh_main_sc_vmp_vampire_counts,Vampire (Death),Vampire_Death,hero,wh_main_vmp_vampire_death,dignitary,dignitary,wh2_dlc11_vmp_the_barrow_legion|wh2_dlc16_vmp_lahmian_sisterhood|wh2_main_vmp_necrarch_brotherhood|wh2_main_vmp_strygos_empire|wh2_main_vmp_the_silver_host|wh3_dlc21_vmp_jiangshi_rebels|wh3_dlc25_vmp_the_court_of_night|wh3_dlc25_vmp_vampire_counts_invasion|wh3_dlc26_vmp_templehof_qb|wh3_main_ie_vmp_sires_of_mourkain|wh3_main_vmp_caravan_of_blue_roses|wh3_main_vmp_lahmian_sisterhood|wh3_main_vmp_nagashizzar|wh_main_vmp_mousillon|wh_main_vmp_rival_sylvanian_vamps|wh_main_vmp_schwartzhafen|wh_main_vmp_vampire_counts|wh_main_vmp_vampire_counts_qb1|wh_main_vmp_vampire_counts_qb2|wh_main_vmp_vampire_counts_qb3|wh_main_vmp_vampire_rebels|wh_main_vmp_waldenhof,false,false,true,true,true,true,,,wh_main_skill_node_set_vmp_vampire,,1,dignitary,false,false,,,,wh_main_skill_node_vmp_vampire_innate_08,wh2_main_skill_innate_all_determined,Determined,Having a modicum of resolve is useful in a world that continually tests it.,trait_personality.png,7,6,0,0,false,0,1,1,Determined,Having a modicum of resolve is useful in a world that continually tests it.,,,,,,wh_main_effect_character_stat_leadership,Leadership: %+n,,character_to_character_own,15,both,110,true,morale_character.png,morale_character.png,,,,,,,,,,,,,,,,,,,,,,,character_skill_level_to_effects_junctions_tables,wh2_main_skill_innate_all_determined|wh_main_effect_character_stat_leadership|1|character_to_character_own
effect,warhammer_3,8.1.1,24237342,Vampire Counts,vampire_counts,wh_main_sc_vmp_vampire_counts,Vampire (Death),Vampire_Death,hero,wh_main_vmp_vampire_death,dignitary,dignitary,wh2_dlc11_vmp_the_barrow_legion|wh2_dlc16_vmp_lahmian_sisterhood|wh2_main_vmp_necrarch_brotherhood|wh2_main_vmp_strygos_empire|wh2_main_vmp_the_silver_host|wh3_dlc21_vmp_jiangshi_rebels|wh3_dlc25_vmp_the_court_of_night|wh3_dlc25_vmp_vampire_counts_invasion|wh3_dlc26_vmp_templehof_qb|wh3_main_ie_vmp_sires_of_mourkain|wh3_main_vmp_caravan_of_blue_roses|wh3_main_vmp_lahmian_sisterhood|wh3_main_vmp_nagashizzar|wh_main_vmp_mousillon|wh_main_vmp_rival_sylvanian_vamps|wh_main_vmp_schwartzhafen|wh_main_vmp_vampire_counts|wh_main_vmp_vampire_counts_qb1|wh_main_vmp_vampire_counts_qb2|wh_main_vmp_vampire_counts_qb3|wh_main_vmp_vampire_rebels|wh_main_vmp_waldenhof,false,false,true,true,true,true,,,wh_main_skill_node_set_vmp_vampire,,1,dignitary,false,false,,,,wh_main_skill_node_vmp_vampire_innate_08,wh2_main_skill_innate_all_determined,Determined,Having a modicum of resolve is useful in a world that continually tests it.,trait_personality.png,7,6,0,0,false,0,1,1,Determined,Having a modicum of resolve is useful in a world that continually tests it.,,,,,,wh_main_effect_character_stat_unit_health,Hit points: %+n%,,character_to_character_own,10,both,90,true,health_character.png,health_character.png,,,,,,,,,,,,,,,,,,,,,,,character_skill_level_to_effects_junctions_tables,wh2_main_skill_innate_all_determined|wh_main_effect_character_stat_unit_health|1|character_to_character_own
effect,warhammer_3,8.1.1,24237342,Vampire Counts,vampire_counts,wh_main_sc_vmp_vampire_counts,Vampire (Death),Vampire_Death,hero,wh_main_vmp_vampire_death,dignitary,dignitary,wh2_dlc11_vmp_the_barrow_legion|wh2_dlc16_vmp_lahmian_sisterhood|wh2_main_vmp_necrarch_brotherhood|wh2_main_vmp_strygos_empire|wh2_main_vmp_the_silver_host|wh3_dlc21_vmp_jiangshi_rebels|wh3_dlc25_vmp_the_court_of_night|wh3_dlc25_vmp_vampire_counts_invasion|wh3_dlc26_vmp_templehof_qb|wh3_main_ie_vmp_sires_of_mourkain|wh3_main_vmp_caravan_of_blue_roses|wh3_main_vmp_lahmian_sisterhood|wh3_main_vmp_nagashizzar|wh_main_vmp_mousillon|wh_main_vmp_rival_sylvanian_vamps|wh_main_vmp_schwartzhafen|wh_main_vmp_vampire_counts|wh_main_vmp_vampire_counts_qb1|wh_main_vmp_vampire_counts_qb2|wh_main_vmp_vampire_counts_qb3|wh_main_vmp_vampire_rebels|wh_main_vmp_waldenhof,false,false,true,true,true,true,,,wh_main_skill_node_set_vmp_vampire,,1,dignitary,false,false,,,,wh_main_skill_node_vmp_vampire_innate_08,wh2_main_skill_innate_all_determined,Determined,Having a modicum of resolve is useful in a world that continually tests it.,trait_personality.png,7,6,0,0,false,0,1,1,Determined,Having a modicum of resolve is useful in a world that continually tests it.,,,,,,wh3_main_effect_character_campaign_experience_mod,Character experience gain: %+n%,,character_to_character_own,30,campaign,14,true,experience.png,experience.png,,,,,,,,,,,,,,,,,,,,,,,character_skill_level_to_effects_junctions_tables,wh2_main_skill_innate_all_determined|wh3_main_effect_character_campaign_experience_mod|1|character_to_character_own
node,warhammer_3,8.1.1,24237342,Vampire Counts,vampire_counts,wh_main_sc_vmp_vampire_counts,Vampire (Death),Vampire_Death,hero,wh_main_vmp_vampire_death,dignitary,dignitary,wh2_dlc11_vmp_the_barrow_legion|wh2_dlc16_vmp_lahmian_sisterhood|wh2_main_vmp_necrarch_brotherhood|wh2_main_vmp_strygos_empire|wh2_main_vmp_the_silver_host|wh3_dlc21_vmp_jiangshi_rebels|wh3_dlc25_vmp_the_court_of_night|wh3_dlc25_vmp_vampire_counts_invasion|wh3_dlc26_vmp_templehof_qb|wh3_main_ie_vmp_sires_of_mourkain|wh3_main_vmp_caravan_of_blue_roses|wh3_main_vmp_lahmian_sisterhood|wh3_main_vmp_nagashizzar|wh_main_vmp_mousillon|wh_main_vmp_rival_sylvanian_vamps|wh_main_vmp_schwartzhafen|wh_main_vmp_vampire_counts|wh_main_vmp_vampire_counts_qb1|wh_main_vmp_vampire_counts_qb2|wh_main_vmp_vampire_counts_qb3|wh_main_vmp_vampire_rebels|wh_main_vmp_waldenhof,false,false,true,true,true,true,,,wh_main_skill_node_set_vmp_vampire,,1,dignitary,false,false,,,,wh_main_skill_node_vmp_dignitary_self_09,wh_main_skill_all_dignitary_self_inviolable_2,Inviolable,Never to be broken or dishonoured – never to succumb to the foe.,character_armour.png,8,1,0,0,true,0,3,,,,,,,,,,,,,,,,,,,,,,,,,,,,,,,,,,,,,,,,,character_skill_nodes_tables,wh_main_skill_node_vmp_dignitary_self_09
effect,warhammer_3,8.1.1,24237342,Vampire Counts,vampire_counts,wh_main_sc_vmp_vampire_counts,Vampire (Death),Vampire_Death,hero,wh_main_vmp_vampire_death,dignitary,dignitary,wh2_dlc11_vmp_the_barrow_legion|wh2_dlc16_vmp_lahmian_sisterhood|wh2_main_vmp_necrarch_brotherhood|wh2_main_vmp_strygos_empire|wh2_main_vmp_the_silver_host|wh3_dlc21_vmp_jiangshi_rebels|wh3_dlc25_vmp_the_court_of_night|wh3_dlc25_vmp_vampire_counts_invasion|wh3_dlc26_vmp_templehof_qb|wh3_main_ie_vmp_sires_of_mourkain|wh3_main_vmp_caravan_of_blue_roses|wh3_main_vmp_lahmian_sisterhood|wh3_main_vmp_nagashizzar|wh_main_vmp_mousillon|wh_main_vmp_rival_sylvanian_vamps|wh_main_vmp_schwartzhafen|wh_main_vmp_vampire_counts|wh_main_vmp_vampire_counts_qb1|wh_main_vmp_vampire_counts_qb2|wh_main_vmp_vampire_counts_qb3|wh_main_vmp_vampire_rebels|wh_main_vmp_waldenhof,false,false,true,true,true,true,,,wh_main_skill_node_set_vmp_vampire,,1,dignitary,false,false,,,,wh_main_skill_node_vmp_dignitary_self_09,wh_main_skill_all_dignitary_self_inviolable_2,Inviolable,Never to be broken or dishonoured – never to succumb to the foe.,character_armour.png,8,1,0,0,true,0,3,1,Inviolable,Never to be broken or dishonoured – never to succumb to the foe.,,,,,,wh_main_effect_character_stat_armour,Armour: %+n,,character_to_character_own,3,both,100,true,armour_character.png,armour_character.png,,,,,,,,,,,,,,,,,,,,,,,character_skill_level_to_effects_junctions_tables,wh_main_skill_all_dignitary_self_inviolable_2|wh_main_effect_character_stat_armour|1|character_to_character_own
effect,warhammer_3,8.1.1,24237342,Vampire Counts,vampire_counts,wh_main_sc_vmp_vampire_counts,Vampire (Death),Vampire_Death,hero,wh_main_vmp_vampire_death,dignitary,dignitary,wh2_dlc11_vmp_the_barrow_legion|wh2_dlc16_vmp_lahmian_sisterhood|wh2_main_vmp_necrarch_brotherhood|wh2_main_vmp_strygos_empire|wh2_main_vmp_the_silver_host|wh3_dlc21_vmp_jiangshi_rebels|wh3_dlc25_vmp_the_court_of_night|wh3_dlc25_vmp_vampire_counts_invasion|wh3_dlc26_vmp_templehof_qb|wh3_main_ie_vmp_sires_of_mourkain|wh3_main_vmp_caravan_of_blue_roses|wh3_main_vmp_lahmian_sisterhood|wh3_main_vmp_nagashizzar|wh_main_vmp_mousillon|wh_main_vmp_rival_sylvanian_vamps|wh_main_vmp_schwartzhafen|wh_main_vmp_vampire_counts|wh_main_vmp_vampire_counts_qb1|wh_main_vmp_vampire_counts_qb2|wh_main_vmp_vampire_counts_qb3|wh_main_vmp_vampire_rebels|wh_main_vmp_waldenhof,false,false,true,true,true,true,,,wh_main_skill_node_set_vmp_vampire,,1,dignitary,false,false,,,,wh_main_skill_node_vmp_dignitary_self_09,wh_main_skill_all_dignitary_self_inviolable_2,Inviolable,Never to be broken or dishonoured – never to succumb to the foe.,character_armour.png,8,1,0,0,true,0,3,2,Inviolable,Never to be broken or dishonoured – never to succumb to the foe.,,,,,,wh_main_effect_character_stat_armour,Armour: %+n,,character_to_character_own,8,both,100,true,armour_character.png,armour_character.png,,,,,,,,,,,,,,,,,,,,,,,character_skill_level_to_effects_junctions_tables,wh_main_skill_all_dignitary_self_inviolable_2|wh_main_effect_character_stat_armour|2|character_to_character_own
effect,warhammer_3,8.1.1,24237342,Vampire Counts,vampire_counts,wh_main_sc_vmp_vampire_counts,Vampire (Death),Vampire_Death,hero,wh_main_vmp_vampire_death,dignitary,dignitary,wh2_dlc11_vmp_the_barrow_legion|wh2_dlc16_vmp_lahmian_sisterhood|wh2_main_vmp_necrarch_brotherhood|wh2_main_vmp_strygos_empire|wh2_main_vmp_the_silver_host|wh3_dlc21_vmp_jiangshi_rebels|wh3_dlc25_vmp_the_court_of_night|wh3_dlc25_vmp_vampire_counts_invasion|wh3_dlc26_vmp_templehof_qb|wh3_main_ie_vmp_sires_of_mourkain|wh3_main_vmp_caravan_of_blue_roses|wh3_main_vmp_lahmian_sisterhood|wh3_main_vmp_nagashizzar|wh_main_vmp_mousillon|wh_main_vmp_rival_sylvanian_vamps|wh_main_vmp_schwartzhafen|wh_main_vmp_vampire_counts|wh_main_vmp_vampire_counts_qb1|wh_main_vmp_vampire_counts_qb2|wh_main_vmp_vampire_counts_qb3|wh_main_vmp_vampire_rebels|wh_main_vmp_waldenhof,false,false,true,true,true,true,,,wh_main_skill_node_set_vmp_vampire,,1,dignitary,false,false,,,,wh_main_skill_node_vmp_dignitary_self_09,wh_main_skill_all_dignitary_self_inviolable_2,Inviolable,Never to be broken or dishonoured – never to succumb to the foe.,character_armour.png,8,1,0,0,true,0,3,3,Inviolable,Never to be broken or dishonoured – never to succumb to the foe.,,,,,,wh_main_effect_character_stat_armour,Armour: %+n,,character_to_character_own,15,both,100,true,armour_character.png,armour_character.png,,,,,,,,,,,,,,,,,,,,,,,character_skill_level_to_effects_junctions_tables,wh_main_skill_all_dignitary_self_inviolable_2|wh_main_effect_character_stat_armour|3|character_to_character_own
node,warhammer_3,8.1.1,24237342,Vampire Counts,vampire_counts,wh_main_sc_vmp_vampire_counts,Vampire (Death),Vampire_Death,hero,wh_main_vmp_vampire_death,dignitary,dignitary,wh2_dlc11_vmp_the_barrow_legion|wh2_dlc16_vmp_lahmian_sisterhood|wh2_main_vmp_necrarch_brotherhood|wh2_main_vmp_strygos_empire|wh2_main_vmp_the_silver_host|wh3_dlc21_vmp_jiangshi_rebels|wh3_dlc25_vmp_the_court_of_night|wh3_dlc25_vmp_vampire_counts_invasion|wh3_dlc26_vmp_templehof_qb|wh3_main_ie_vmp_sires_of_mourkain|wh3_main_vmp_caravan_of_blue_roses|wh3_main_vmp_lahmian_sisterhood|wh3_main_vmp_nagashizzar|wh_main_vmp_mousillon|wh_main_vmp_rival_sylvanian_vamps|wh_main_vmp_schwartzhafen|wh_main_vmp_vampire_counts|wh_main_vmp_vampire_counts_qb1|wh_main_vmp_vampire_counts_qb2|wh_main_vmp_vampire_counts_qb3|wh_main_vmp_vampire_rebels|wh_main_vmp_waldenhof,false,false,true,true,true,true,,,wh_main_skill_node_set_vmp_vampire,,1,dignitary,false,false,,,,wh_main_skill_node_vmp_dignitary_magic1_07,wh_main_skill_all_magic_all_07_earthing,Earthing,"By stabbing a staff or some arcane conduit into the ground, an accomplished magic-user can earth or tether the Winds and hopefully reduce a chance of miscasting.",character_magic.png,8,2,0,0,true,0,1,,,,,,,,,,,,,,,,,,,,,,,,,,,,,,,,,,,,,,,,,character_skill_nodes_tables,wh_main_skill_node_vmp_dignitary_magic1_07
effect,warhammer_3,8.1.1,24237342,Vampire Counts,vampire_counts,wh_main_sc_vmp_vampire_counts,Vampire (Death),Vampire_Death,hero,wh_main_vmp_vampire_death,dignitary,dignitary,wh2_dlc11_vmp_the_barrow_legion|wh2_dlc16_vmp_lahmian_sisterhood|wh2_main_vmp_necrarch_brotherhood|wh2_main_vmp_strygos_empire|wh2_main_vmp_the_silver_host|wh3_dlc21_vmp_jiangshi_rebels|wh3_dlc25_vmp_the_court_of_night|wh3_dlc25_vmp_vampire_counts_invasion|wh3_dlc26_vmp_templehof_qb|wh3_main_ie_vmp_sires_of_mourkain|wh3_main_vmp_caravan_of_blue_roses|wh3_main_vmp_lahmian_sisterhood|wh3_main_vmp_nagashizzar|wh_main_vmp_mousillon|wh_main_vmp_rival_sylvanian_vamps|wh_main_vmp_schwartzhafen|wh_main_vmp_vampire_counts|wh_main_vmp_vampire_counts_qb1|wh_main_vmp_vampire_counts_qb2|wh_main_vmp_vampire_counts_qb3|wh_main_vmp_vampire_rebels|wh_main_vmp_waldenhof,false,false,true,true,true,true,,,wh_main_skill_node_set_vmp_vampire,,1,dignitary,false,false,,,,wh_main_skill_node_vmp_dignitary_magic1_07,wh_main_skill_all_magic_all_07_earthing,Earthing,"By stabbing a staff or some arcane conduit into the ground, an accomplished magic-user can earth or tether the Winds and hopefully reduce a chance of miscasting.",character_magic.png,8,2,0,0,true,0,1,1,Earthing,"By stabbing a staff or some arcane conduit into the ground, an accomplished magic-user can earth or tether the Winds and hopefully reduce a chance of miscasting.",,,,,,wh_main_effect_character_stat_miscast,Miscast base chance: %+n%,,character_to_character_own,-15,battle,298,false,magic_character.png,magic_character.png,,,,,,,,,,,,,,,,,,,,,,,character_skill_level_to_effects_junctions_tables,wh_main_skill_all_magic_all_07_earthing|wh_main_effect_character_stat_miscast|1|character_to_character_own
node,warhammer_3,8.1.1,24237342,Vampire Counts,vampire_counts,wh_main_sc_vmp_vampire_counts,Vampire (Death),Vampire_Death,hero,wh_main_vmp_vampire_death,dignitary,dignitary,wh2_dlc11_vmp_the_barrow_legion|wh2_dlc16_vmp_lahmian_sisterhood|wh2_main_vmp_necrarch_brotherhood|wh2_main_vmp_strygos_empire|wh2_main_vmp_the_silver_host|wh3_dlc21_vmp_jiangshi_rebels|wh3_dlc25_vmp_the_court_of_night|wh3_dlc25_vmp_vampire_counts_invasion|wh3_dlc26_vmp_templehof_qb|wh3_main_ie_vmp_sires_of_mourkain|wh3_main_vmp_caravan_of_blue_roses|wh3_main_vmp_lahmian_sisterhood|wh3_main_vmp_nagashizzar|wh_main_vmp_mousillon|wh_main_vmp_rival_sylvanian_vamps|wh_main_vmp_schwartzhafen|wh_main_vmp_vampire_counts|wh_main_vmp_vampire_counts_qb1|wh_main_vmp_vampire_counts_qb2|wh_main_vmp_vampire_counts_qb3|wh_main_vmp_vampire_rebels|wh_main_vmp_waldenhof,false,false,true,true,true,true,,,wh_main_skill_node_set_vmp_vampire,,1,dignitary,false,false,,,,wh_main_skill_node_vmp_vampire_innate_09,wh2_main_skill_innate_all_confident,Confident,Self-belief is a fine thing when not misplaced.,trait_personality.png,8,6,0,0,false,0,1,,,,,,,,,,,,,,,,,,,,,,,,,,,,,,,,,,,,,,,,,character_skill_nodes_tables,wh_main_skill_node_vmp_vampire_innate_09
effect,warhammer_3,8.1.1,24237342,Vampire Counts,vampire_counts,wh_main_sc_vmp_vampire_counts,Vampire (Death),Vampire_Death,hero,wh_main_vmp_vampire_death,dignitary,dignitary,wh2_dlc11_vmp_the_barrow_legion|wh2_dlc16_vmp_lahmian_sisterhood|wh2_main_vmp_necrarch_brotherhood|wh2_main_vmp_strygos_empire|wh2_main_vmp_the_silver_host|wh3_dlc21_vmp_jiangshi_rebels|wh3_dlc25_vmp_the_court_of_night|wh3_dlc25_vmp_vampire_counts_invasion|wh3_dlc26_vmp_templehof_qb|wh3_main_ie_vmp_sires_of_mourkain|wh3_main_vmp_caravan_of_blue_roses|wh3_main_vmp_lahmian_sisterhood|wh3_main_vmp_nagashizzar|wh_main_vmp_mousillon|wh_main_vmp_rival_sylvanian_vamps|wh_main_vmp_schwartzhafen|wh_main_vmp_vampire_counts|wh_main_vmp_vampire_counts_qb1|wh_main_vmp_vampire_counts_qb2|wh_main_vmp_vampire_counts_qb3|wh_main_vmp_vampire_rebels|wh_main_vmp_waldenhof,false,false,true,true,true,true,,,wh_main_skill_node_set_vmp_vampire,,1,dignitary,false,false,,,,wh_main_skill_node_vmp_vampire_innate_09,wh2_main_skill_innate_all_confident,Confident,Self-belief is a fine thing when not misplaced.,trait_personality.png,8,6,0,0,false,0,1,1,Confident,Self-belief is a fine thing when not misplaced.,,,,,,wh_main_effect_attribute_enable_immune_to_psychology,Attribute: Immune to Psychology,,character_to_character_own,1,both,70,true,attribute_immune_to_psychology.png,attribute_immune_to_psychology.png,,,,,,,,,,,,,,,,,,,,,,,character_skill_level_to_effects_junctions_tables,wh2_main_skill_innate_all_confident|wh_main_effect_attribute_enable_immune_to_psychology|1|character_to_character_own
effect,warhammer_3,8.1.1,24237342,Vampire Counts,vampire_counts,wh_main_sc_vmp_vampire_counts,Vampire (Death),Vampire_Death,hero,wh_main_vmp_vampire_death,dignitary,dignitary,wh2_dlc11_vmp_the_barrow_legion|wh2_dlc16_vmp_lahmian_sisterhood|wh2_main_vmp_necrarch_brotherhood|wh2_main_vmp_strygos_empire|wh2_main_vmp_the_silver_host|wh3_dlc21_vmp_jiangshi_rebels|wh3_dlc25_vmp_the_court_of_night|wh3_dlc25_vmp_vampire_counts_invasion|wh3_dlc26_vmp_templehof_qb|wh3_main_ie_vmp_sires_of_mourkain|wh3_main_vmp_caravan_of_blue_roses|wh3_main_vmp_lahmian_sisterhood|wh3_main_vmp_nagashizzar|wh_main_vmp_mousillon|wh_main_vmp_rival_sylvanian_vamps|wh_main_vmp_schwartzhafen|wh_main_vmp_vampire_counts|wh_main_vmp_vampire_counts_qb1|wh_main_vmp_vampire_counts_qb2|wh_main_vmp_vampire_counts_qb3|wh_main_vmp_vampire_rebels|wh_main_vmp_waldenhof,false,false,true,true,true,true,,,wh_main_skill_node_set_vmp_vampire,,1,dignitary,false,false,,,,wh_main_skill_node_vmp_vampire_innate_09,wh2_main_skill_innate_all_confident,Confident,Self-belief is a fine thing when not misplaced.,trait_personality.png,8,6,0,0,false,0,1,1,Confident,Self-belief is a fine thing when not misplaced.,,,,,,wh_main_effect_character_stat_leadership,Leadership: %+n,,character_to_character_own,10,both,110,true,morale_character.png,morale_character.png,,,,,,,,,,,,,,,,,,,,,,,character_skill_level_to_effects_junctions_tables,wh2_main_skill_innate_all_confident|wh_main_effect_character_stat_leadership|1|character_to_character_own
effect,warhammer_3,8.1.1,24237342,Vampire Counts,vampire_counts,wh_main_sc_vmp_vampire_counts,Vampire (Death),Vampire_Death,hero,wh_main_vmp_vampire_death,dignitary,dignitary,wh2_dlc11_vmp_the_barrow_legion|wh2_dlc16_vmp_lahmian_sisterhood|wh2_main_vmp_necrarch_brotherhood|wh2_main_vmp_strygos_empire|wh2_main_vmp_the_silver_host|wh3_dlc21_vmp_jiangshi_rebels|wh3_dlc25_vmp_the_court_of_night|wh3_dlc25_vmp_vampire_counts_invasion|wh3_dlc26_vmp_templehof_qb|wh3_main_ie_vmp_sires_of_mourkain|wh3_main_vmp_caravan_of_blue_roses|wh3_main_vmp_lahmian_sisterhood|wh3_main_vmp_nagashizzar|wh_main_vmp_mousillon|wh_main_vmp_rival_sylvanian_vamps|wh_main_vmp_schwartzhafen|wh_main_vmp_vampire_counts|wh_main_vmp_vampire_counts_qb1|wh_main_vmp_vampire_counts_qb2|wh_main_vmp_vampire_counts_qb3|wh_main_vmp_vampire_rebels|wh_main_vmp_waldenhof,false,false,true,true,true,true,,,wh_main_skill_node_set_vmp_vampire,,1,dignitary,false,false,,,,wh_main_skill_node_vmp_vampire_innate_09,wh2_main_skill_innate_all_confident,Confident,Self-belief is a fine thing when not misplaced.,trait_personality.png,8,6,0,0,false,0,1,1,Confident,Self-belief is a fine thing when not misplaced.,,,,,,wh_main_effect_force_stat_leadership,Leadership: %+n,,character_to_force_own,2,battle,410,true,morale.png,morale.png,,,,,,,,,,,,,,,,,,,,,,,character_skill_level_to_effects_junctions_tables,wh2_main_skill_innate_all_confident|wh_main_effect_force_stat_leadership|1|character_to_force_own
effect,warhammer_3,8.1.1,24237342,Vampire Counts,vampire_counts,wh_main_sc_vmp_vampire_counts,Vampire (Death),Vampire_Death,hero,wh_main_vmp_vampire_death,dignitary,dignitary,wh2_dlc11_vmp_the_barrow_legion|wh2_dlc16_vmp_lahmian_sisterhood|wh2_main_vmp_necrarch_brotherhood|wh2_main_vmp_strygos_empire|wh2_main_vmp_the_silver_host|wh3_dlc21_vmp_jiangshi_rebels|wh3_dlc25_vmp_the_court_of_night|wh3_dlc25_vmp_vampire_counts_invasion|wh3_dlc26_vmp_templehof_qb|wh3_main_ie_vmp_sires_of_mourkain|wh3_main_vmp_caravan_of_blue_roses|wh3_main_vmp_lahmian_sisterhood|wh3_main_vmp_nagashizzar|wh_main_vmp_mousillon|wh_main_vmp_rival_sylvanian_vamps|wh_main_vmp_schwartzhafen|wh_main_vmp_vampire_counts|wh_main_vmp_vampire_counts_qb1|wh_main_vmp_vampire_counts_qb2|wh_main_vmp_vampire_counts_qb3|wh_main_vmp_vampire_rebels|wh_main_vmp_waldenhof,false,false,true,true,true,true,,,wh_main_skill_node_set_vmp_vampire,,1,dignitary,false,false,,,,wh_main_skill_node_vmp_vampire_innate_09,wh2_main_skill_innate_all_confident,Confident,Self-belief is a fine thing when not misplaced.,trait_personality.png,8,6,0,0,false,0,1,1,Confident,Self-belief is a fine thing when not misplaced.,,,,,,wh3_dlc25_effect_ability_enable_rabble_rouse,"Passive ability: ""Rabble Rouse""",,character_to_character_own,1,battle,1,true,general_ability.png,general_ability.png,,,,,,,,,,,,,,,,,,,,,,,character_skill_level_to_effects_junctions_tables,wh2_main_skill_innate_all_confident|wh3_dlc25_effect_ability_enable_rabble_rouse|1|character_to_character_own
node,warhammer_3,8.1.1,24237342,Vampire Counts,vampire_counts,wh_main_sc_vmp_vampire_counts,Vampire (Death),Vampire_Death,hero,wh_main_vmp_vampire_death,dignitary,dignitary,wh2_dlc11_vmp_the_barrow_legion|wh2_dlc16_vmp_lahmian_sisterhood|wh2_main_vmp_necrarch_brotherhood|wh2_main_vmp_strygos_empire|wh2_main_vmp_the_silver_host|wh3_dlc21_vmp_jiangshi_rebels|wh3_dlc25_vmp_the_court_of_night|wh3_dlc25_vmp_vampire_counts_invasion|wh3_dlc26_vmp_templehof_qb|wh3_main_ie_vmp_sires_of_mourkain|wh3_main_vmp_caravan_of_blue_roses|wh3_main_vmp_lahmian_sisterhood|wh3_main_vmp_nagashizzar|wh_main_vmp_mousillon|wh_main_vmp_rival_sylvanian_vamps|wh_main_vmp_schwartzhafen|wh_main_vmp_vampire_counts|wh_main_vmp_vampire_counts_qb1|wh_main_vmp_vampire_counts_qb2|wh_main_vmp_vampire_counts_qb3|wh_main_vmp_vampire_rebels|wh_main_vmp_waldenhof,false,false,true,true,true,true,,,wh_main_skill_node_set_vmp_vampire,,1,dignitary,false,false,,,,wh_main_skill_node_vmp_dignitary_self_10,wh_main_skill_all_dignitary_self_fervour,Fervour,This one fights with a fervour to be both admired and despised.,character_damage.png,9,1,0,0,true,0,3,,,,,,,,,,,,,,,,,,,,,,,,,,,,,,,,,,,,,,,,,character_skill_nodes_tables,wh_main_skill_node_vmp_dignitary_self_10
effect,warhammer_3,8.1.1,24237342,Vampire Counts,vampire_counts,wh_main_sc_vmp_vampire_counts,Vampire (Death),Vampire_Death,hero,wh_main_vmp_vampire_death,dignitary,dignitary,wh2_dlc11_vmp_the_barrow_legion|wh2_dlc16_vmp_lahmian_sisterhood|wh2_main_vmp_necrarch_brotherhood|wh2_main_vmp_strygos_empire|wh2_main_vmp_the_silver_host|wh3_dlc21_vmp_jiangshi_rebels|wh3_dlc25_vmp_the_court_of_night|wh3_dlc25_vmp_vampire_counts_invasion|wh3_dlc26_vmp_templehof_qb|wh3_main_ie_vmp_sires_of_mourkain|wh3_main_vmp_caravan_of_blue_roses|wh3_main_vmp_lahmian_sisterhood|wh3_main_vmp_nagashizzar|wh_main_vmp_mousillon|wh_main_vmp_rival_sylvanian_vamps|wh_main_vmp_schwartzhafen|wh_main_vmp_vampire_counts|wh_main_vmp_vampire_counts_qb1|wh_main_vmp_vampire_counts_qb2|wh_main_vmp_vampire_counts_qb3|wh_main_vmp_vampire_rebels|wh_main_vmp_waldenhof,false,false,true,true,true,true,,,wh_main_skill_node_set_vmp_vampire,,1,dignitary,false,false,,,,wh_main_skill_node_vmp_dignitary_self_10,wh_main_skill_all_dignitary_self_fervour,Fervour,This one fights with a fervour to be both admired and despised.,character_damage.png,9,1,0,0,true,0,3,1,Fervour,This one fights with a fervour to be both admired and despised.,,,,,,wh_main_effect_character_stat_weapon_strength,Weapon strength: %+n%,,character_to_character_own,5,both,160,true,weapon_damage_character.png,weapon_damage_character.png,,,,,,,,,,,,,,,,,,,,,,,character_skill_level_to_effects_junctions_tables,wh_main_skill_all_dignitary_self_fervour|wh_main_effect_character_stat_weapon_strength|1|character_to_character_own
effect,warhammer_3,8.1.1,24237342,Vampire Counts,vampire_counts,wh_main_sc_vmp_vampire_counts,Vampire (Death),Vampire_Death,hero,wh_main_vmp_vampire_death,dignitary,dignitary,wh2_dlc11_vmp_the_barrow_legion|wh2_dlc16_vmp_lahmian_sisterhood|wh2_main_vmp_necrarch_brotherhood|wh2_main_vmp_strygos_empire|wh2_main_vmp_the_silver_host|wh3_dlc21_vmp_jiangshi_rebels|wh3_dlc25_vmp_the_court_of_night|wh3_dlc25_vmp_vampire_counts_invasion|wh3_dlc26_vmp_templehof_qb|wh3_main_ie_vmp_sires_of_mourkain|wh3_main_vmp_caravan_of_blue_roses|wh3_main_vmp_lahmian_sisterhood|wh3_main_vmp_nagashizzar|wh_main_vmp_mousillon|wh_main_vmp_rival_sylvanian_vamps|wh_main_vmp_schwartzhafen|wh_main_vmp_vampire_counts|wh_main_vmp_vampire_counts_qb1|wh_main_vmp_vampire_counts_qb2|wh_main_vmp_vampire_counts_qb3|wh_main_vmp_vampire_rebels|wh_main_vmp_waldenhof,false,false,true,true,true,true,,,wh_main_skill_node_set_vmp_vampire,,1,dignitary,false,false,,,,wh_main_skill_node_vmp_dignitary_self_10,wh_main_skill_all_dignitary_self_fervour,Fervour,This one fights with a fervour to be both admired and despised.,character_damage.png,9,1,0,0,true,0,3,2,Fervour,This one fights with a fervour to be both admired and despised.,,,,,,wh_main_effect_character_stat_weapon_strength,Weapon strength: %+n%,,character_to_character_own,12,both,160,true,weapon_damage_character.png,weapon_damage_character.png,,,,,,,,,,,,,,,,,,,,,,,character_skill_level_to_effects_junctions_tables,wh_main_skill_all_dignitary_self_fervour|wh_main_effect_character_stat_weapon_strength|2|character_to_character_own
effect,warhammer_3,8.1.1,24237342,Vampire Counts,vampire_counts,wh_main_sc_vmp_vampire_counts,Vampire (Death),Vampire_Death,hero,wh_main_vmp_vampire_death,dignitary,dignitary,wh2_dlc11_vmp_the_barrow_legion|wh2_dlc16_vmp_lahmian_sisterhood|wh2_main_vmp_necrarch_brotherhood|wh2_main_vmp_strygos_empire|wh2_main_vmp_the_silver_host|wh3_dlc21_vmp_jiangshi_rebels|wh3_dlc25_vmp_the_court_of_night|wh3_dlc25_vmp_vampire_counts_invasion|wh3_dlc26_vmp_templehof_qb|wh3_main_ie_vmp_sires_of_mourkain|wh3_main_vmp_caravan_of_blue_roses|wh3_main_vmp_lahmian_sisterhood|wh3_main_vmp_nagashizzar|wh_main_vmp_mousillon|wh_main_vmp_rival_sylvanian_vamps|wh_main_vmp_schwartzhafen|wh_main_vmp_vampire_counts|wh_main_vmp_vampire_counts_qb1|wh_main_vmp_vampire_counts_qb2|wh_main_vmp_vampire_counts_qb3|wh_main_vmp_vampire_rebels|wh_main_vmp_waldenhof,false,false,true,true,true,true,,,wh_main_skill_node_set_vmp_vampire,,1,dignitary,false,false,,,,wh_main_skill_node_vmp_dignitary_self_10,wh_main_skill_all_dignitary_self_fervour,Fervour,This one fights with a fervour to be both admired and despised.,character_damage.png,9,1,0,0,true,0,3,3,Fervour,This one fights with a fervour to be both admired and despised.,,,,,,wh_main_effect_character_stat_weapon_strength,Weapon strength: %+n%,,character_to_character_own,20,both,160,true,weapon_damage_character.png,weapon_damage_character.png,,,,,,,,,,,,,,,,,,,,,,,character_skill_level_to_effects_junctions_tables,wh_main_skill_all_dignitary_self_fervour|wh_main_effect_character_stat_weapon_strength|3|character_to_character_own
node,warhammer_3,8.1.1,24237342,Vampire Counts,vampire_counts,wh_main_sc_vmp_vampire_counts,Vampire (Death),Vampire_Death,hero,wh_main_vmp_vampire_death,dignitary,dignitary,wh2_dlc11_vmp_the_barrow_legion|wh2_dlc16_vmp_lahmian_sisterhood|wh2_main_vmp_necrarch_brotherhood|wh2_main_vmp_strygos_empire|wh2_main_vmp_the_silver_host|wh3_dlc21_vmp_jiangshi_rebels|wh3_dlc25_vmp_the_court_of_night|wh3_dlc25_vmp_vampire_counts_invasion|wh3_dlc26_vmp_templehof_qb|wh3_main_ie_vmp_sires_of_mourkain|wh3_main_vmp_caravan_of_blue_roses|wh3_main_vmp_lahmian_sisterhood|wh3_main_vmp_nagashizzar|wh_main_vmp_mousillon|wh_main_vmp_rival_sylvanian_vamps|wh_main_vmp_schwartzhafen|wh_main_vmp_vampire_counts|wh_main_vmp_vampire_counts_qb1|wh_main_vmp_vampire_counts_qb2|wh_main_vmp_vampire_counts_qb3|wh_main_vmp_vampire_rebels|wh_main_vmp_waldenhof,false,false,true,true,true,true,,,wh_main_skill_node_set_vmp_vampire,,1,dignitary,false,false,,,,wh_main_skill_node_vmp_dignitary_magic1_08,wh_main_skill_all_magic_all_08_power_drain,Magical Reserves,"A few magic-users have the ability to store the Winds of Magic for later use, increasing their spellcasting power when it really counts.",character_magic.png,9,2,0,0,true,0,1,,,,,,,,,,,,,,,,,,,,,,,,,,,,,,,,,,,,,,,,,character_skill_nodes_tables,wh_main_skill_node_vmp_dignitary_magic1_08
effect,warhammer_3,8.1.1,24237342,Vampire Counts,vampire_counts,wh_main_sc_vmp_vampire_counts,Vampire (Death),Vampire_Death,hero,wh_main_vmp_vampire_death,dignitary,dignitary,wh2_dlc11_vmp_the_barrow_legion|wh2_dlc16_vmp_lahmian_sisterhood|wh2_main_vmp_necrarch_brotherhood|wh2_main_vmp_strygos_empire|wh2_main_vmp_the_silver_host|wh3_dlc21_vmp_jiangshi_rebels|wh3_dlc25_vmp_the_court_of_night|wh3_dlc25_vmp_vampire_counts_invasion|wh3_dlc26_vmp_templehof_qb|wh3_main_ie_vmp_sires_of_mourkain|wh3_main_vmp_caravan_of_blue_roses|wh3_main_vmp_lahmian_sisterhood|wh3_main_vmp_nagashizzar|wh_main_vmp_mousillon|wh_main_vmp_rival_sylvanian_vamps|wh_main_vmp_schwartzhafen|wh_main_vmp_vampire_counts|wh_main_vmp_vampire_counts_qb1|wh_main_vmp_vampire_counts_qb2|wh_main_vmp_vampire_counts_qb3|wh_main_vmp_vampire_rebels|wh_main_vmp_waldenhof,false,false,true,true,true,true,,,wh_main_skill_node_set_vmp_vampire,,1,dignitary,false,false,,,,wh_main_skill_node_vmp_dignitary_magic1_08,wh_main_skill_all_magic_all_08_power_drain,Magical Reserves,"A few magic-users have the ability to store the Winds of Magic for later use, increasing their spellcasting power when it really counts.",character_magic.png,9,2,0,0,true,0,1,1,Magical Reserves,"A few magic-users have the ability to store the Winds of Magic for later use, increasing their spellcasting power when it really counts.",,,,,,wh3_main_effect_winds_of_magic_pool_cap,Winds of Magic power reserve capacity: %+n,,character_to_force_own_unseen,5,campaign,390,true,magic_campaign.png,magic_campaign.png,,,,,,,,,,,,,,,,,,,,,,,character_skill_level_to_effects_junctions_tables,wh_main_skill_all_magic_all_08_power_drain|wh3_main_effect_winds_of_magic_pool_cap|1|character_to_force_own_unseen
node,warhammer_3,8.1.1,24237342,Vampire Counts,vampire_counts,wh_main_sc_vmp_vampire_counts,Vampire (Death),Vampire_Death,hero,wh_main_vmp_vampire_death,dignitary,dignitary,wh2_dlc11_vmp_the_barrow_legion|wh2_dlc16_vmp_lahmian_sisterhood|wh2_main_vmp_necrarch_brotherhood|wh2_main_vmp_strygos_empire|wh2_main_vmp_the_silver_host|wh3_dlc21_vmp_jiangshi_rebels|wh3_dlc25_vmp_the_court_of_night|wh3_dlc25_vmp_vampire_counts_invasion|wh3_dlc26_vmp_templehof_qb|wh3_main_ie_vmp_sires_of_mourkain|wh3_main_vmp_caravan_of_blue_roses|wh3_main_vmp_lahmian_sisterhood|wh3_main_vmp_nagashizzar|wh_main_vmp_mousillon|wh_main_vmp_rival_sylvanian_vamps|wh_main_vmp_schwartzhafen|wh_main_vmp_vampire_counts|wh_main_vmp_vampire_counts_qb1|wh_main_vmp_vampire_counts_qb2|wh_main_vmp_vampire_counts_qb3|wh_main_vmp_vampire_rebels|wh_main_vmp_waldenhof,false,false,true,true,true,true,,,wh_main_skill_node_set_vmp_vampire,,1,dignitary,false,false,,,,wh_main_skill_node_vmp_vampire_innate_10,wh2_main_skill_innate_all_disciplined,Disciplined,"Always in control, this one leaves no stone unturned and nothing to chance.",trait_personality.png,9,6,0,0,false,0,1,,,,,,,,,,,,,,,,,,,,,,,,,,,,,,,,,,,,,,,,,character_skill_nodes_tables,wh_main_skill_node_vmp_vampire_innate_10
effect,warhammer_3,8.1.1,24237342,Vampire Counts,vampire_counts,wh_main_sc_vmp_vampire_counts,Vampire (Death),Vampire_Death,hero,wh_main_vmp_vampire_death,dignitary,dignitary,wh2_dlc11_vmp_the_barrow_legion|wh2_dlc16_vmp_lahmian_sisterhood|wh2_main_vmp_necrarch_brotherhood|wh2_main_vmp_strygos_empire|wh2_main_vmp_the_silver_host|wh3_dlc21_vmp_jiangshi_rebels|wh3_dlc25_vmp_the_court_of_night|wh3_dlc25_vmp_vampire_counts_invasion|wh3_dlc26_vmp_templehof_qb|wh3_main_ie_vmp_sires_of_mourkain|wh3_main_vmp_caravan_of_blue_roses|wh3_main_vmp_lahmian_sisterhood|wh3_main_vmp_nagashizzar|wh_main_vmp_mousillon|wh_main_vmp_rival_sylvanian_vamps|wh_main_vmp_schwartzhafen|wh_main_vmp_vampire_counts|wh_main_vmp_vampire_counts_qb1|wh_main_vmp_vampire_counts_qb2|wh_main_vmp_vampire_counts_qb3|wh_main_vmp_vampire_rebels|wh_main_vmp_waldenhof,false,false,true,true,true,true,,,wh_main_skill_node_set_vmp_vampire,,1,dignitary,false,false,,,,wh_main_skill_node_vmp_vampire_innate_10,wh2_main_skill_innate_all_disciplined,Disciplined,"Always in control, this one leaves no stone unturned and nothing to chance.",trait_personality.png,9,6,0,0,false,0,1,1,Disciplined,"Always in control, this one leaves no stone unturned and nothing to chance.",,,,,,wh_main_effect_character_stat_melee_attack,Melee attack: %+n,,character_to_character_own,8,both,130,true,melee_character.png,melee_character.png,,,,,,,,,,,,,,,,,,,,,,,character_skill_level_to_effects_junctions_tables,wh2_main_skill_innate_all_disciplined|wh_main_effect_character_stat_melee_attack|1|character_to_character_own
effect,warhammer_3,8.1.1,24237342,Vampire Counts,vampire_counts,wh_main_sc_vmp_vampire_counts,Vampire (Death),Vampire_Death,hero,wh_main_vmp_vampire_death,dignitary,dignitary,wh2_dlc11_vmp_the_barrow_legion|wh2_dlc16_vmp_lahmian_sisterhood|wh2_main_vmp_necrarch_brotherhood|wh2_main_vmp_strygos_empire|wh2_main_vmp_the_silver_host|wh3_dlc21_vmp_jiangshi_rebels|wh3_dlc25_vmp_the_court_of_night|wh3_dlc25_vmp_vampire_counts_invasion|wh3_dlc26_vmp_templehof_qb|wh3_main_ie_vmp_sires_of_mourkain|wh3_main_vmp_caravan_of_blue_roses|wh3_main_vmp_lahmian_sisterhood|wh3_main_vmp_nagashizzar|wh_main_vmp_mousillon|wh_main_vmp_rival_sylvanian_vamps|wh_main_vmp_schwartzhafen|wh_main_vmp_vampire_counts|wh_main_vmp_vampire_counts_qb1|wh_main_vmp_vampire_counts_qb2|wh_main_vmp_vampire_counts_qb3|wh_main_vmp_vampire_rebels|wh_main_vmp_waldenhof,false,false,true,true,true,true,,,wh_main_skill_node_set_vmp_vampire,,1,dignitary,false,false,,,,wh_main_skill_node_vmp_vampire_innate_10,wh2_main_skill_innate_all_disciplined,Disciplined,"Always in control, this one leaves no stone unturned and nothing to chance.",trait_personality.png,9,6,0,0,false,0,1,1,Disciplined,"Always in control, this one leaves no stone unturned and nothing to chance.",,,,,,wh_main_effect_character_stat_melee_defence,Melee defence: %+n,,character_to_character_own,8,both,150,true,defence_character.png,defence_character.png,,,,,,,,,,,,,,,,,,,,,,,character_skill_level_to_effects_junctions_tables,wh2_main_skill_innate_all_disciplined|wh_main_effect_character_stat_melee_defence|1|character_to_character_own
effect,warhammer_3,8.1.1,24237342,Vampire Counts,vampire_counts,wh_main_sc_vmp_vampire_counts,Vampire (Death),Vampire_Death,hero,wh_main_vmp_vampire_death,dignitary,dignitary,wh2_dlc11_vmp_the_barrow_legion|wh2_dlc16_vmp_lahmian_sisterhood|wh2_main_vmp_necrarch_brotherhood|wh2_main_vmp_strygos_empire|wh2_main_vmp_the_silver_host|wh3_dlc21_vmp_jiangshi_rebels|wh3_dlc25_vmp_the_court_of_night|wh3_dlc25_vmp_vampire_counts_invasion|wh3_dlc26_vmp_templehof_qb|wh3_main_ie_vmp_sires_of_mourkain|wh3_main_vmp_caravan_of_blue_roses|wh3_main_vmp_lahmian_sisterhood|wh3_main_vmp_nagashizzar|wh_main_vmp_mousillon|wh_main_vmp_rival_sylvanian_vamps|wh_main_vmp_schwartzhafen|wh_main_vmp_vampire_counts|wh_main_vmp_vampire_counts_qb1|wh_main_vmp_vampire_counts_qb2|wh_main_vmp_vampire_counts_qb3|wh_main_vmp_vampire_rebels|wh_main_vmp_waldenhof,false,false,true,true,true,true,,,wh_main_skill_node_set_vmp_vampire,,1,dignitary,false,false,,,,wh_main_skill_node_vmp_vampire_innate_10,wh2_main_skill_innate_all_disciplined,Disciplined,"Always in control, this one leaves no stone unturned and nothing to chance.",trait_personality.png,9,6,0,0,false,0,1,1,Disciplined,"Always in control, this one leaves no stone unturned and nothing to chance.",,,,,,wh_main_effect_force_stat_leadership,Leadership: %+n,,character_to_force_own,2,battle,410,true,morale.png,morale.png,,,,,,,,,,,,,,,,,,,,,,,character_skill_level_to_effects_junctions_tables,wh2_main_skill_innate_all_disciplined|wh_main_effect_force_stat_leadership|1|character_to_force_own
effect,warhammer_3,8.1.1,24237342,Vampire Counts,vampire_counts,wh_main_sc_vmp_vampire_counts,Vampire (Death),Vampire_Death,hero,wh_main_vmp_vampire_death,dignitary,dignitary,wh2_dlc11_vmp_the_barrow_legion|wh2_dlc16_vmp_lahmian_sisterhood|wh2_main_vmp_necrarch_brotherhood|wh2_main_vmp_strygos_empire|wh2_main_vmp_the_silver_host|wh3_dlc21_vmp_jiangshi_rebels|wh3_dlc25_vmp_the_court_of_night|wh3_dlc25_vmp_vampire_counts_invasion|wh3_dlc26_vmp_templehof_qb|wh3_main_ie_vmp_sires_of_mourkain|wh3_main_vmp_caravan_of_blue_roses|wh3_main_vmp_lahmian_sisterhood|wh3_main_vmp_nagashizzar|wh_main_vmp_mousillon|wh_main_vmp_rival_sylvanian_vamps|wh_main_vmp_schwartzhafen|wh_main_vmp_vampire_counts|wh_main_vmp_vampire_counts_qb1|wh_main_vmp_vampire_counts_qb2|wh_main_vmp_vampire_counts_qb3|wh_main_vmp_vampire_rebels|wh_main_vmp_waldenhof,false,false,true,true,true,true,,,wh_main_skill_node_set_vmp_vampire,,1,dignitary,false,false,,,,wh_main_skill_node_vmp_vampire_innate_10,wh2_main_skill_innate_all_disciplined,Disciplined,"Always in control, this one leaves no stone unturned and nothing to chance.",trait_personality.png,9,6,0,0,false,0,1,1,Disciplined,"Always in control, this one leaves no stone unturned and nothing to chance.",,,,,,wh_main_effect_force_stat_melee_attack,Melee attack: %+n,,character_to_force_own,2,battle,420,true,melee.png,melee.png,,,,,,,,,,,,,,,,,,,,,,,character_skill_level_to_effects_junctions_tables,wh2_main_skill_innate_all_disciplined|wh_main_effect_force_stat_melee_attack|1|character_to_force_own
node,warhammer_3,8.1.1,24237342,Vampire Counts,vampire_counts,wh_main_sc_vmp_vampire_counts,Vampire (Death),Vampire_Death,hero,wh_main_vmp_vampire_death,dignitary,dignitary,wh2_dlc11_vmp_the_barrow_legion|wh2_dlc16_vmp_lahmian_sisterhood|wh2_main_vmp_necrarch_brotherhood|wh2_main_vmp_strygos_empire|wh2_main_vmp_the_silver_host|wh3_dlc21_vmp_jiangshi_rebels|wh3_dlc25_vmp_the_court_of_night|wh3_dlc25_vmp_vampire_counts_invasion|wh3_dlc26_vmp_templehof_qb|wh3_main_ie_vmp_sires_of_mourkain|wh3_main_vmp_caravan_of_blue_roses|wh3_main_vmp_lahmian_sisterhood|wh3_main_vmp_nagashizzar|wh_main_vmp_mousillon|wh_main_vmp_rival_sylvanian_vamps|wh_main_vmp_schwartzhafen|wh_main_vmp_vampire_counts|wh_main_vmp_vampire_counts_qb1|wh_main_vmp_vampire_counts_qb2|wh_main_vmp_vampire_counts_qb3|wh_main_vmp_vampire_rebels|wh_main_vmp_waldenhof,false,false,true,true,true,true,,,wh_main_skill_node_set_vmp_vampire,,1,dignitary,false,false,,,,wh_main_skill_node_vmp_dignitary_self_11,wh_main_skill_vmp_dignitary_self_dark_benediction,Dark Benediction,,wh_main_character_passive_dark_benediction.png,10,1,0,4,true,0,1,,,,,,,,,,,,,,,,,,,,,,,,,,,,,,,,,,,,,,,,,character_skill_nodes_tables,wh_main_skill_node_vmp_dignitary_self_11
effect,warhammer_3,8.1.1,24237342,Vampire Counts,vampire_counts,wh_main_sc_vmp_vampire_counts,Vampire (Death),Vampire_Death,hero,wh_main_vmp_vampire_death,dignitary,dignitary,wh2_dlc11_vmp_the_barrow_legion|wh2_dlc16_vmp_lahmian_sisterhood|wh2_main_vmp_necrarch_brotherhood|wh2_main_vmp_strygos_empire|wh2_main_vmp_the_silver_host|wh3_dlc21_vmp_jiangshi_rebels|wh3_dlc25_vmp_the_court_of_night|wh3_dlc25_vmp_vampire_counts_invasion|wh3_dlc26_vmp_templehof_qb|wh3_main_ie_vmp_sires_of_mourkain|wh3_main_vmp_caravan_of_blue_roses|wh3_main_vmp_lahmian_sisterhood|wh3_main_vmp_nagashizzar|wh_main_vmp_mousillon|wh_main_vmp_rival_sylvanian_vamps|wh_main_vmp_schwartzhafen|wh_main_vmp_vampire_counts|wh_main_vmp_vampire_counts_qb1|wh_main_vmp_vampire_counts_qb2|wh_main_vmp_vampire_counts_qb3|wh_main_vmp_vampire_rebels|wh_main_vmp_waldenhof,false,false,true,true,true,true,,,wh_main_skill_node_set_vmp_vampire,,1,dignitary,false,false,,,,wh_main_skill_node_vmp_dignitary_self_11,wh_main_skill_vmp_dignitary_self_dark_benediction,Dark Benediction,,wh_main_character_passive_dark_benediction.png,10,1,0,4,true,0,1,1,Dark Benediction,,,,,,,wh_main_effect_ability_enable_dark_benediction,"Passive ability: ""Dark Benediction""",,character_to_character_own,1,battle,310,true,general_ability.png,general_ability.png,,,,,,,,,,,,,,,,,,,,,,,character_skill_level_to_effects_junctions_tables,wh_main_skill_vmp_dignitary_self_dark_benediction|wh_main_effect_ability_enable_dark_benediction|1|character_to_character_own
node,warhammer_3,8.1.1,24237342,Vampire Counts,vampire_counts,wh_main_sc_vmp_vampire_counts,Vampire (Death),Vampire_Death,hero,wh_main_vmp_vampire_death,dignitary,dignitary,wh2_dlc11_vmp_the_barrow_legion|wh2_dlc16_vmp_lahmian_sisterhood|wh2_main_vmp_necrarch_brotherhood|wh2_main_vmp_strygos_empire|wh2_main_vmp_the_silver_host|wh3_dlc21_vmp_jiangshi_rebels|wh3_dlc25_vmp_the_court_of_night|wh3_dlc25_vmp_vampire_counts_invasion|wh3_dlc26_vmp_templehof_qb|wh3_main_ie_vmp_sires_of_mourkain|wh3_main_vmp_caravan_of_blue_roses|wh3_main_vmp_lahmian_sisterhood|wh3_main_vmp_nagashizzar|wh_main_vmp_mousillon|wh_main_vmp_rival_sylvanian_vamps|wh_main_vmp_schwartzhafen|wh_main_vmp_vampire_counts|wh_main_vmp_vampire_counts_qb1|wh_main_vmp_vampire_counts_qb2|wh_main_vmp_vampire_counts_qb3|wh_main_vmp_vampire_rebels|wh_main_vmp_waldenhof,false,false,true,true,true,true,,,wh_main_skill_node_set_vmp_vampire,,1,dignitary,false,false,,,,wh_main_skill_node_vmp_dignitary_magic1_11,wh_main_skill_all_magic_all_11_arcane_conduit,Arcane Conduit,,wh_main_character_abilities_arcane_conduit.png,10,2,0,4,true,0,1,,,,,,,,,,,,,,,,,,,,,,,,,,,,,,,,,,,,,,,,,character_skill_nodes_tables,wh_main_skill_node_vmp_dignitary_magic1_11
effect,warhammer_3,8.1.1,24237342,Vampire Counts,vampire_counts,wh_main_sc_vmp_vampire_counts,Vampire (Death),Vampire_Death,hero,wh_main_vmp_vampire_death,dignitary,dignitary,wh2_dlc11_vmp_the_barrow_legion|wh2_dlc16_vmp_lahmian_sisterhood|wh2_main_vmp_necrarch_brotherhood|wh2_main_vmp_strygos_empire|wh2_main_vmp_the_silver_host|wh3_dlc21_vmp_jiangshi_rebels|wh3_dlc25_vmp_the_court_of_night|wh3_dlc25_vmp_vampire_counts_invasion|wh3_dlc26_vmp_templehof_qb|wh3_main_ie_vmp_sires_of_mourkain|wh3_main_vmp_caravan_of_blue_roses|wh3_main_vmp_lahmian_sisterhood|wh3_main_vmp_nagashizzar|wh_main_vmp_mousillon|wh_main_vmp_rival_sylvanian_vamps|wh_main_vmp_schwartzhafen|wh_main_vmp_vampire_counts|wh_main_vmp_vampire_counts_qb1|wh_main_vmp_vampire_counts_qb2|wh_main_vmp_vampire_counts_qb3|wh_main_vmp_vampire_rebels|wh_main_vmp_waldenhof,false,false,true,true,true,true,,,wh_main_skill_node_set_vmp_vampire,,1,dignitary,false,false,,,,wh_main_skill_node_vmp_dignitary_magic1_11,wh_main_skill_all_magic_all_11_arcane_conduit,Arcane Conduit,,wh_main_character_abilities_arcane_conduit.png,10,2,0,4,true,0,1,1,Arcane Conduit,,,,,,,wh_main_effect_ability_enable_arcane_conduit,"Passive ability: ""Arcane Conduit""",,character_to_character_own,1,battle,300,true,general_ability.png,general_ability.png,,,,,,,,,,,,,,,,,,,,,,,character_skill_level_to_effects_junctions_tables,wh_main_skill_all_magic_all_11_arcane_conduit|wh_main_effect_ability_enable_arcane_conduit|1|character_to_character_own
node,warhammer_3,8.1.1,24237342,Vampire Counts,vampire_counts,wh_main_sc_vmp_vampire_counts,Vampire (Death),Vampire_Death,hero,wh_main_vmp_vampire_death,dignitary,dignitary,wh2_dlc11_vmp_the_barrow_legion|wh2_dlc16_vmp_lahmian_sisterhood|wh2_main_vmp_necrarch_brotherhood|wh2_main_vmp_strygos_empire|wh2_main_vmp_the_silver_host|wh3_dlc21_vmp_jiangshi_rebels|wh3_dlc25_vmp_the_court_of_night|wh3_dlc25_vmp_vampire_counts_invasion|wh3_dlc26_vmp_templehof_qb|wh3_main_ie_vmp_sires_of_mourkain|wh3_main_vmp_caravan_of_blue_roses|wh3_main_vmp_lahmian_sisterhood|wh3_main_vmp_nagashizzar|wh_main_vmp_mousillon|wh_main_vmp_rival_sylvanian_vamps|wh_main_vmp_schwartzhafen|wh_main_vmp_vampire_counts|wh_main_vmp_vampire_counts_qb1|wh_main_vmp_vampire_counts_qb2|wh_main_vmp_vampire_counts_qb3|wh_main_vmp_vampire_rebels|wh_main_vmp_waldenhof,false,false,true,true,true,true,,,wh_main_skill_node_set_vmp_vampire,,1,dignitary,false,false,,,,wh_main_skill_node_vmp_vampire_innate_11,wh2_main_skill_innate_all_perceptive,Perceptive,"Although actually reading minds is not in their skillset, this one has extraordinary insight into the motives of others.",trait_personality.png,10,6,0,0,false,0,1,,,,,,,,,,,,,,,,,,,,,,,,,,,,,,,,,,,,,,,,,character_skill_nodes_tables,wh_main_skill_node_vmp_vampire_innate_11
effect,warhammer_3,8.1.1,24237342,Vampire Counts,vampire_counts,wh_main_sc_vmp_vampire_counts,Vampire (Death),Vampire_Death,hero,wh_main_vmp_vampire_death,dignitary,dignitary,wh2_dlc11_vmp_the_barrow_legion|wh2_dlc16_vmp_lahmian_sisterhood|wh2_main_vmp_necrarch_brotherhood|wh2_main_vmp_strygos_empire|wh2_main_vmp_the_silver_host|wh3_dlc21_vmp_jiangshi_rebels|wh3_dlc25_vmp_the_court_of_night|wh3_dlc25_vmp_vampire_counts_invasion|wh3_dlc26_vmp_templehof_qb|wh3_main_ie_vmp_sires_of_mourkain|wh3_main_vmp_caravan_of_blue_roses|wh3_main_vmp_lahmian_sisterhood|wh3_main_vmp_nagashizzar|wh_main_vmp_mousillon|wh_main_vmp_rival_sylvanian_vamps|wh_main_vmp_schwartzhafen|wh_main_vmp_vampire_counts|wh_main_vmp_vampire_counts_qb1|wh_main_vmp_vampire_counts_qb2|wh_main_vmp_vampire_counts_qb3|wh_main_vmp_vampire_rebels|wh_main_vmp_waldenhof,false,false,true,true,true,true,,,wh_main_skill_node_set_vmp_vampire,,1,dignitary,false,false,,,,wh_main_skill_node_vmp_vampire_innate_11,wh2_main_skill_innate_all_perceptive,Perceptive,"Although actually reading minds is not in their skillset, this one has extraordinary insight into the motives of others.",trait_personality.png,10,6,0,0,false,0,1,1,Perceptive,"Although actually reading minds is not in their skillset, this one has extraordinary insight into the motives of others.",,,,,,wh_main_effect_agent_field_line_of_sight_mod,Campaign line of sight: %+n%,,character_to_character_own,25,campaign,101,true,agent.png,agent.png,,,,,,,,,,,,,,,,,,,,,,,character_skill_level_to_effects_junctions_tables,wh2_main_skill_innate_all_perceptive|wh_main_effect_agent_field_line_of_sight_mod|1|character_to_character_own
effect,warhammer_3,8.1.1,24237342,Vampire Counts,vampire_counts,wh_main_sc_vmp_vampire_counts,Vampire (Death),Vampire_Death,hero,wh_main_vmp_vampire_death,dignitary,dignitary,wh2_dlc11_vmp_the_barrow_legion|wh2_dlc16_vmp_lahmian_sisterhood|wh2_main_vmp_necrarch_brotherhood|wh2_main_vmp_strygos_empire|wh2_main_vmp_the_silver_host|wh3_dlc21_vmp_jiangshi_rebels|wh3_dlc25_vmp_the_court_of_night|wh3_dlc25_vmp_vampire_counts_invasion|wh3_dlc26_vmp_templehof_qb|wh3_main_ie_vmp_sires_of_mourkain|wh3_main_vmp_caravan_of_blue_roses|wh3_main_vmp_lahmian_sisterhood|wh3_main_vmp_nagashizzar|wh_main_vmp_mousillon|wh_main_vmp_rival_sylvanian_vamps|wh_main_vmp_schwartzhafen|wh_main_vmp_vampire_counts|wh_main_vmp_vampire_counts_qb1|wh_main_vmp_vampire_counts_qb2|wh_main_vmp_vampire_counts_qb3|wh_main_vmp_vampire_rebels|wh_main_vmp_waldenhof,false,false,true,true,true,true,,,wh_main_skill_node_set_vmp_vampire,,1,dignitary,false,false,,,,wh_main_skill_node_vmp_vampire_innate_11,wh2_main_skill_innate_all_perceptive,Perceptive,"Although actually reading minds is not in their skillset, this one has extraordinary insight into the motives of others.",trait_personality.png,10,6,0,0,false,0,1,1,Perceptive,"Although actually reading minds is not in their skillset, this one has extraordinary insight into the motives of others.",,,,,,wh_main_effect_character_mod_ancillary_drop,Magic item drop chance from battle: %+n%,,character_to_force_own_unseen,15,campaign,110,true,item_ability.png,item_ability.png,,,,,,,,,,,,,,,,,,,,,,,character_skill_level_to_effects_junctions_tables,wh2_main_skill_innate_all_perceptive|wh_main_effect_character_mod_ancillary_drop|1|character_to_force_own_unseen
effect,warhammer_3,8.1.1,24237342,Vampire Counts,vampire_counts,wh_main_sc_vmp_vampire_counts,Vampire (Death),Vampire_Death,hero,wh_main_vmp_vampire_death,dignitary,dignitary,wh2_dlc11_vmp_the_barrow_legion|wh2_dlc16_vmp_lahmian_sisterhood|wh2_main_vmp_necrarch_brotherhood|wh2_main_vmp_strygos_empire|wh2_main_vmp_the_silver_host|wh3_dlc21_vmp_jiangshi_rebels|wh3_dlc25_vmp_the_court_of_night|wh3_dlc25_vmp_vampire_counts_invasion|wh3_dlc26_vmp_templehof_qb|wh3_main_ie_vmp_sires_of_mourkain|wh3_main_vmp_caravan_of_blue_roses|wh3_main_vmp_lahmian_sisterhood|wh3_main_vmp_nagashizzar|wh_main_vmp_mousillon|wh_main_vmp_rival_sylvanian_vamps|wh_main_vmp_schwartzhafen|wh_main_vmp_vampire_counts|wh_main_vmp_vampire_counts_qb1|wh_main_vmp_vampire_counts_qb2|wh_main_vmp_vampire_counts_qb3|wh_main_vmp_vampire_rebels|wh_main_vmp_waldenhof,false,false,true,true,true,true,,,wh_main_skill_node_set_vmp_vampire,,1,dignitary,false,false,,,,wh_main_skill_node_vmp_vampire_innate_11,wh2_main_skill_innate_all_perceptive,Perceptive,"Although actually reading minds is not in their skillset, this one has extraordinary insight into the motives of others.",trait_personality.png,10,6,0,0,false,0,1,1,Perceptive,"Although actually reading minds is not in their skillset, this one has extraordinary insight into the motives of others.",,,,,,wh_main_effect_force_army_campaign_ambush_defence_success_chance,Ambush defence chance: %+n%,,character_to_force_own_alt_text,15,campaign,110,true,icon_effects_ambush.png,icon_effects_ambush.png,,,,,,,,,,,,,,,,,,,,,,,character_skill_level_to_effects_junctions_tables,wh2_main_skill_innate_all_perceptive|wh_main_effect_force_army_campaign_ambush_defence_success_chance|1|character_to_force_own_alt_text
effect,warhammer_3,8.1.1,24237342,Vampire Counts,vampire_counts,wh_main_sc_vmp_vampire_counts,Vampire (Death),Vampire_Death,hero,wh_main_vmp_vampire_death,dignitary,dignitary,wh2_dlc11_vmp_the_barrow_legion|wh2_dlc16_vmp_lahmian_sisterhood|wh2_main_vmp_necrarch_brotherhood|wh2_main_vmp_strygos_empire|wh2_main_vmp_the_silver_host|wh3_dlc21_vmp_jiangshi_rebels|wh3_dlc25_vmp_the_court_of_night|wh3_dlc25_vmp_vampire_counts_invasion|wh3_dlc26_vmp_templehof_qb|wh3_main_ie_vmp_sires_of_mourkain|wh3_main_vmp_caravan_of_blue_roses|wh3_main_vmp_lahmian_sisterhood|wh3_main_vmp_nagashizzar|wh_main_vmp_mousillon|wh_main_vmp_rival_sylvanian_vamps|wh_main_vmp_schwartzhafen|wh_main_vmp_vampire_counts|wh_main_vmp_vampire_counts_qb1|wh_main_vmp_vampire_counts_qb2|wh_main_vmp_vampire_counts_qb3|wh_main_vmp_vampire_rebels|wh_main_vmp_waldenhof,false,false,true,true,true,true,,,wh_main_skill_node_set_vmp_vampire,,1,dignitary,false,false,,,,wh_main_skill_node_vmp_vampire_innate_11,wh2_main_skill_innate_all_perceptive,Perceptive,"Although actually reading minds is not in their skillset, this one has extraordinary insight into the motives of others.",trait_personality.png,10,6,0,0,false,0,1,1,Perceptive,"Although actually reading minds is not in their skillset, this one has extraordinary insight into the motives of others.",,,,,,wh3_main_effect_ability_enable_spotter,"Passive ability: ""Spotter""",,character_to_character_own,1,battle,300,true,general_ability.png,general_ability.png,,,,,,,,,,,,,,,,,,,,,,,character_skill_level_to_effects_junctions_tables,wh2_main_skill_innate_all_perceptive|wh3_main_effect_ability_enable_spotter|1|character_to_character_own
node,warhammer_3,8.1.1,24237342,Vampire Counts,vampire_counts,wh_main_sc_vmp_vampire_counts,Vampire (Death),Vampire_Death,hero,wh_main_vmp_vampire_death,dignitary,dignitary,wh2_dlc11_vmp_the_barrow_legion|wh2_dlc16_vmp_lahmian_sisterhood|wh2_main_vmp_necrarch_brotherhood|wh2_main_vmp_strygos_empire|wh2_main_vmp_the_silver_host|wh3_dlc21_vmp_jiangshi_rebels|wh3_dlc25_vmp_the_court_of_night|wh3_dlc25_vmp_vampire_counts_invasion|wh3_dlc26_vmp_templehof_qb|wh3_main_ie_vmp_sires_of_mourkain|wh3_main_vmp_caravan_of_blue_roses|wh3_main_vmp_lahmian_sisterhood|wh3_main_vmp_nagashizzar|wh_main_vmp_mousillon|wh_main_vmp_rival_sylvanian_vamps|wh_main_vmp_schwartzhafen|wh_main_vmp_vampire_counts|wh_main_vmp_vampire_counts_qb1|wh_main_vmp_vampire_counts_qb2|wh_main_vmp_vampire_counts_qb3|wh_main_vmp_vampire_rebels|wh_main_vmp_waldenhof,false,false,true,true,true,true,,,wh_main_skill_node_set_vmp_vampire,,1,dignitary,false,false,,,,wh_main_skill_node_vmp_dignitary_magic1_dummy,wh_main_skill_all_magic_death_dummy_spirit_leech,Spirit Leech [HIDDEN],,battle_attack.png,11,2,1,0,false,0,1,,,,,,,,,,,,,,,,,,,,,,,,,,,,,,,,,,,,,,,,,character_skill_nodes_tables,wh_main_skill_node_vmp_dignitary_magic1_dummy
effect,warhammer_3,8.1.1,24237342,Vampire Counts,vampire_counts,wh_main_sc_vmp_vampire_counts,Vampire (Death),Vampire_Death,hero,wh_main_vmp_vampire_death,dignitary,dignitary,wh2_dlc11_vmp_the_barrow_legion|wh2_dlc16_vmp_lahmian_sisterhood|wh2_main_vmp_necrarch_brotherhood|wh2_main_vmp_strygos_empire|wh2_main_vmp_the_silver_host|wh3_dlc21_vmp_jiangshi_rebels|wh3_dlc25_vmp_the_court_of_night|wh3_dlc25_vmp_vampire_counts_invasion|wh3_dlc26_vmp_templehof_qb|wh3_main_ie_vmp_sires_of_mourkain|wh3_main_vmp_caravan_of_blue_roses|wh3_main_vmp_lahmian_sisterhood|wh3_main_vmp_nagashizzar|wh_main_vmp_mousillon|wh_main_vmp_rival_sylvanian_vamps|wh_main_vmp_schwartzhafen|wh_main_vmp_vampire_counts|wh_main_vmp_vampire_counts_qb1|wh_main_vmp_vampire_counts_qb2|wh_main_vmp_vampire_counts_qb3|wh_main_vmp_vampire_rebels|wh_main_vmp_waldenhof,false,false,true,true,true,true,,,wh_main_skill_node_set_vmp_vampire,,1,dignitary,false,false,,,,wh_main_skill_node_vmp_dignitary_magic1_dummy,wh_main_skill_all_magic_death_dummy_spirit_leech,Spirit Leech [HIDDEN],,battle_attack.png,11,2,1,0,false,0,1,1,Spirit Leech [HIDDEN],,,,,,,wh_main_effect_ability_enable_spirit_leech,"Spell: ""Spirit Leech""",,character_to_character_own,1,battle,290,true,magic_character.png,magic_character.png,,,,,,,,,,,,,,,,,,,,,,,character_skill_level_to_effects_junctions_tables,wh_main_skill_all_magic_death_dummy_spirit_leech|wh_main_effect_ability_enable_spirit_leech|1|character_to_character_own
node,warhammer_3,8.1.1,24237342,Vampire Counts,vampire_counts,wh_main_sc_vmp_vampire_counts,Vampire (Death),Vampire_Death,hero,wh_main_vmp_vampire_death,dignitary,dignitary,wh2_dlc11_vmp_the_barrow_legion|wh2_dlc16_vmp_lahmian_sisterhood|wh2_main_vmp_necrarch_brotherhood|wh2_main_vmp_strygos_empire|wh2_main_vmp_the_silver_host|wh3_dlc21_vmp_jiangshi_rebels|wh3_dlc25_vmp_the_court_of_night|wh3_dlc25_vmp_vampire_counts_invasion|wh3_dlc26_vmp_templehof_qb|wh3_main_ie_vmp_sires_of_mourkain|wh3_main_vmp_caravan_of_blue_roses|wh3_main_vmp_lahmian_sisterhood|wh3_main_vmp_nagashizzar|wh_main_vmp_mousillon|wh_main_vmp_rival_sylvanian_vamps|wh_main_vmp_schwartzhafen|wh_main_vmp_vampire_counts|wh_main_vmp_vampire_counts_qb1|wh_main_vmp_vampire_counts_qb2|wh_main_vmp_vampire_counts_qb3|wh_main_vmp_vampire_rebels|wh_main_vmp_waldenhof,false,false,true,true,true,true,,,wh_main_skill_node_set_vmp_vampire,,1,dignitary,false,false,,,,wh_main_skill_node_vmp_vampire_innate_12,wh2_main_skill_innate_all_aggressive,Aggressive,"If you're gonna die, you may as well die with your boots on.",trait_personality.png,11,6,0,0,false,0,1,,,,,,,,,,,,,,,,,,,,,,,,,,,,,,,,,,,,,,,,,character_skill_nodes_tables,wh_main_skill_node_vmp_vampire_innate_12
effect,warhammer_3,8.1.1,24237342,Vampire Counts,vampire_counts,wh_main_sc_vmp_vampire_counts,Vampire (Death),Vampire_Death,hero,wh_main_vmp_vampire_death,dignitary,dignitary,wh2_dlc11_vmp_the_barrow_legion|wh2_dlc16_vmp_lahmian_sisterhood|wh2_main_vmp_necrarch_brotherhood|wh2_main_vmp_strygos_empire|wh2_main_vmp_the_silver_host|wh3_dlc21_vmp_jiangshi_rebels|wh3_dlc25_vmp_the_court_of_night|wh3_dlc25_vmp_vampire_counts_invasion|wh3_dlc26_vmp_templehof_qb|wh3_main_ie_vmp_sires_of_mourkain|wh3_main_vmp_caravan_of_blue_roses|wh3_main_vmp_lahmian_sisterhood|wh3_main_vmp_nagashizzar|wh_main_vmp_mousillon|wh_main_vmp_rival_sylvanian_vamps|wh_main_vmp_schwartzhafen|wh_main_vmp_vampire_counts|wh_main_vmp_vampire_counts_qb1|wh_main_vmp_vampire_counts_qb2|wh_main_vmp_vampire_counts_qb3|wh_main_vmp_vampire_rebels|wh_main_vmp_waldenhof,false,false,true,true,true,true,,,wh_main_skill_node_set_vmp_vampire,,1,dignitary,false,false,,,,wh_main_skill_node_vmp_vampire_innate_12,wh2_main_skill_innate_all_aggressive,Aggressive,"If you're gonna die, you may as well die with your boots on.",trait_personality.png,11,6,0,0,false,0,1,1,Aggressive,"If you're gonna die, you may as well die with your boots on.",,,,,,wh_main_effect_character_stat_charge_bonus_add,Charge bonus: %+n,,character_to_character_own,15,both,200,true,charge_character.png,charge_character.png,,,,,,,,,,,,,,,,,,,,,,,character_skill_level_to_effects_junctions_tables,wh2_main_skill_innate_all_aggressive|wh_main_effect_character_stat_charge_bonus_add|1|character_to_character_own
effect,warhammer_3,8.1.1,24237342,Vampire Counts,vampire_counts,wh_main_sc_vmp_vampire_counts,Vampire (Death),Vampire_Death,hero,wh_main_vmp_vampire_death,dignitary,dignitary,wh2_dlc11_vmp_the_barrow_legion|wh2_dlc16_vmp_lahmian_sisterhood|wh2_main_vmp_necrarch_brotherhood|wh2_main_vmp_strygos_empire|wh2_main_vmp_the_silver_host|wh3_dlc21_vmp_jiangshi_rebels|wh3_dlc25_vmp_the_court_of_night|wh3_dlc25_vmp_vampire_counts_invasion|wh3_dlc26_vmp_templehof_qb|wh3_main_ie_vmp_sires_of_mourkain|wh3_main_vmp_caravan_of_blue_roses|wh3_main_vmp_lahmian_sisterhood|wh3_main_vmp_nagashizzar|wh_main_vmp_mousillon|wh_main_vmp_rival_sylvanian_vamps|wh_main_vmp_schwartzhafen|wh_main_vmp_vampire_counts|wh_main_vmp_vampire_counts_qb1|wh_main_vmp_vampire_counts_qb2|wh_main_vmp_vampire_counts_qb3|wh_main_vmp_vampire_rebels|wh_main_vmp_waldenhof,false,false,true,true,true,true,,,wh_main_skill_node_set_vmp_vampire,,1,dignitary,false,false,,,,wh_main_skill_node_vmp_vampire_innate_12,wh2_main_skill_innate_all_aggressive,Aggressive,"If you're gonna die, you may as well die with your boots on.",trait_personality.png,11,6,0,0,false,0,1,1,Aggressive,"If you're gonna die, you may as well die with your boots on.",,,,,,wh_main_effect_character_stat_melee_attack,Melee attack: %+n,,character_to_character_own,10,both,130,true,melee_character.png,melee_character.png,,,,,,,,,,,,,,,,,,,,,,,character_skill_level_to_effects_junctions_tables,wh2_main_skill_innate_all_aggressive|wh_main_effect_character_stat_melee_attack|1|character_to_character_own
effect,warhammer_3,8.1.1,24237342,Vampire Counts,vampire_counts,wh_main_sc_vmp_vampire_counts,Vampire (Death),Vampire_Death,hero,wh_main_vmp_vampire_death,dignitary,dignitary,wh2_dlc11_vmp_the_barrow_legion|wh2_dlc16_vmp_lahmian_sisterhood|wh2_main_vmp_necrarch_brotherhood|wh2_main_vmp_strygos_empire|wh2_main_vmp_the_silver_host|wh3_dlc21_vmp_jiangshi_rebels|wh3_dlc25_vmp_the_court_of_night|wh3_dlc25_vmp_vampire_counts_invasion|wh3_dlc26_vmp_templehof_qb|wh3_main_ie_vmp_sires_of_mourkain|wh3_main_vmp_caravan_of_blue_roses|wh3_main_vmp_lahmian_sisterhood|wh3_main_vmp_nagashizzar|wh_main_vmp_mousillon|wh_main_vmp_rival_sylvanian_vamps|wh_main_vmp_schwartzhafen|wh_main_vmp_vampire_counts|wh_main_vmp_vampire_counts_qb1|wh_main_vmp_vampire_counts_qb2|wh_main_vmp_vampire_counts_qb3|wh_main_vmp_vampire_rebels|wh_main_vmp_waldenhof,false,false,true,true,true,true,,,wh_main_skill_node_set_vmp_vampire,,1,dignitary,false,false,,,,wh_main_skill_node_vmp_vampire_innate_12,wh2_main_skill_innate_all_aggressive,Aggressive,"If you're gonna die, you may as well die with your boots on.",trait_personality.png,11,6,0,0,false,0,1,1,Aggressive,"If you're gonna die, you may as well die with your boots on.",,,,,,wh_main_effect_character_stat_weapon_strength,Weapon strength: %+n%,,character_to_character_own,10,both,160,true,weapon_damage_character.png,weapon_damage_character.png,,,,,,,,,,,,,,,,,,,,,,,character_skill_level_to_effects_junctions_tables,wh2_main_skill_innate_all_aggressive|wh_main_effect_character_stat_weapon_strength|1|character_to_character_own
node,warhammer_3,8.1.1,24237342,Vampire Counts,vampire_counts,wh_main_sc_vmp_vampire_counts,Vampire (Death),Vampire_Death,hero,wh_main_vmp_vampire_death,dignitary,dignitary,wh2_dlc11_vmp_the_barrow_legion|wh2_dlc16_vmp_lahmian_sisterhood|wh2_main_vmp_necrarch_brotherhood|wh2_main_vmp_strygos_empire|wh2_main_vmp_the_silver_host|wh3_dlc21_vmp_jiangshi_rebels|wh3_dlc25_vmp_the_court_of_night|wh3_dlc25_vmp_vampire_counts_invasion|wh3_dlc26_vmp_templehof_qb|wh3_main_ie_vmp_sires_of_mourkain|wh3_main_vmp_caravan_of_blue_roses|wh3_main_vmp_lahmian_sisterhood|wh3_main_vmp_nagashizzar|wh_main_vmp_mousillon|wh_main_vmp_rival_sylvanian_vamps|wh_main_vmp_schwartzhafen|wh_main_vmp_vampire_counts|wh_main_vmp_vampire_counts_qb1|wh_main_vmp_vampire_counts_qb2|wh_main_vmp_vampire_counts_qb3|wh_main_vmp_vampire_rebels|wh_main_vmp_waldenhof,false,false,true,true,true,true,,,wh_main_skill_node_set_vmp_vampire,,1,dignitary,false,false,,,,wh_main_skill_node_vmp_vampire_innate_13,wh2_main_skill_innate_all_tough,Tough,"Rugged, resistant, and almost unbreakable, this being can and will take on all comers.",trait_personality.png,12,6,0,0,false,0,1,,,,,,,,,,,,,,,,,,,,,,,,,,,,,,,,,,,,,,,,,character_skill_nodes_tables,wh_main_skill_node_vmp_vampire_innate_13
effect,warhammer_3,8.1.1,24237342,Vampire Counts,vampire_counts,wh_main_sc_vmp_vampire_counts,Vampire (Death),Vampire_Death,hero,wh_main_vmp_vampire_death,dignitary,dignitary,wh2_dlc11_vmp_the_barrow_legion|wh2_dlc16_vmp_lahmian_sisterhood|wh2_main_vmp_necrarch_brotherhood|wh2_main_vmp_strygos_empire|wh2_main_vmp_the_silver_host|wh3_dlc21_vmp_jiangshi_rebels|wh3_dlc25_vmp_the_court_of_night|wh3_dlc25_vmp_vampire_counts_invasion|wh3_dlc26_vmp_templehof_qb|wh3_main_ie_vmp_sires_of_mourkain|wh3_main_vmp_caravan_of_blue_roses|wh3_main_vmp_lahmian_sisterhood|wh3_main_vmp_nagashizzar|wh_main_vmp_mousillon|wh_main_vmp_rival_sylvanian_vamps|wh_main_vmp_schwartzhafen|wh_main_vmp_vampire_counts|wh_main_vmp_vampire_counts_qb1|wh_main_vmp_vampire_counts_qb2|wh_main_vmp_vampire_counts_qb3|wh_main_vmp_vampire_rebels|wh_main_vmp_waldenhof,false,false,true,true,true,true,,,wh_main_skill_node_set_vmp_vampire,,1,dignitary,false,false,,,,wh_main_skill_node_vmp_vampire_innate_13,wh2_main_skill_innate_all_tough,Tough,"Rugged, resistant, and almost unbreakable, this being can and will take on all comers.",trait_personality.png,12,6,0,0,false,0,1,1,Tough,"Rugged, resistant, and almost unbreakable, this being can and will take on all comers.",,,,,,wh_main_effect_character_stat_armour,Armour: %+n,,character_to_character_own,25,both,100,true,armour_character.png,armour_character.png,,,,,,,,,,,,,,,,,,,,,,,character_skill_level_to_effects_junctions_tables,wh2_main_skill_innate_all_tough|wh_main_effect_character_stat_armour|1|character_to_character_own
effect,warhammer_3,8.1.1,24237342,Vampire Counts,vampire_counts,wh_main_sc_vmp_vampire_counts,Vampire (Death),Vampire_Death,hero,wh_main_vmp_vampire_death,dignitary,dignitary,wh2_dlc11_vmp_the_barrow_legion|wh2_dlc16_vmp_lahmian_sisterhood|wh2_main_vmp_necrarch_brotherhood|wh2_main_vmp_strygos_empire|wh2_main_vmp_the_silver_host|wh3_dlc21_vmp_jiangshi_rebels|wh3_dlc25_vmp_the_court_of_night|wh3_dlc25_vmp_vampire_counts_invasion|wh3_dlc26_vmp_templehof_qb|wh3_main_ie_vmp_sires_of_mourkain|wh3_main_vmp_caravan_of_blue_roses|wh3_main_vmp_lahmian_sisterhood|wh3_main_vmp_nagashizzar|wh_main_vmp_mousillon|wh_main_vmp_rival_sylvanian_vamps|wh_main_vmp_schwartzhafen|wh_main_vmp_vampire_counts|wh_main_vmp_vampire_counts_qb1|wh_main_vmp_vampire_counts_qb2|wh_main_vmp_vampire_counts_qb3|wh_main_vmp_vampire_rebels|wh_main_vmp_waldenhof,false,false,true,true,true,true,,,wh_main_skill_node_set_vmp_vampire,,1,dignitary,false,false,,,,wh_main_skill_node_vmp_vampire_innate_13,wh2_main_skill_innate_all_tough,Tough,"Rugged, resistant, and almost unbreakable, this being can and will take on all comers.",trait_personality.png,12,6,0,0,false,0,1,1,Tough,"Rugged, resistant, and almost unbreakable, this being can and will take on all comers.",,,,,,wh_main_effect_character_stat_melee_defence,Melee defence: %+n,,character_to_character_own,8,both,150,true,defence_character.png,defence_character.png,,,,,,,,,,,,,,,,,,,,,,,character_skill_level_to_effects_junctions_tables,wh2_main_skill_innate_all_tough|wh_main_effect_character_stat_melee_defence|1|character_to_character_own
effect,warhammer_3,8.1.1,24237342,Vampire Counts,vampire_counts,wh_main_sc_vmp_vampire_counts,Vampire (Death),Vampire_Death,hero,wh_main_vmp_vampire_death,dignitary,dignitary,wh2_dlc11_vmp_the_barrow_legion|wh2_dlc16_vmp_lahmian_sisterhood|wh2_main_vmp_necrarch_brotherhood|wh2_main_vmp_strygos_empire|wh2_main_vmp_the_silver_host|wh3_dlc21_vmp_jiangshi_rebels|wh3_dlc25_vmp_the_court_of_night|wh3_dlc25_vmp_vampire_counts_invasion|wh3_dlc26_vmp_templehof_qb|wh3_main_ie_vmp_sires_of_mourkain|wh3_main_vmp_caravan_of_blue_roses|wh3_main_vmp_lahmian_sisterhood|wh3_main_vmp_nagashizzar|wh_main_vmp_mousillon|wh_main_vmp_rival_sylvanian_vamps|wh_main_vmp_schwartzhafen|wh_main_vmp_vampire_counts|wh_main_vmp_vampire_counts_qb1|wh_main_vmp_vampire_counts_qb2|wh_main_vmp_vampire_counts_qb3|wh_main_vmp_vampire_rebels|wh_main_vmp_waldenhof,false,false,true,true,true,true,,,wh_main_skill_node_set_vmp_vampire,,1,dignitary,false,false,,,,wh_main_skill_node_vmp_vampire_innate_13,wh2_main_skill_innate_all_tough,Tough,"Rugged, resistant, and almost unbreakable, this being can and will take on all comers.",trait_personality.png,12,6,0,0,false,0,1,1,Tough,"Rugged, resistant, and almost unbreakable, this being can and will take on all comers.",,,,,,wh_main_effect_character_stat_unit_health,Hit points: %+n%,,character_to_character_own,10,both,90,true,health_character.png,health_character.png,,,,,,,,,,,,,,,,,,,,,,,character_skill_level_to_effects_junctions_tables,wh2_main_skill_innate_all_tough|wh_main_effect_character_stat_unit_health|1|character_to_character_own
node,warhammer_3,8.1.1,24237342,Vampire Counts,vampire_counts,wh_main_sc_vmp_vampire_counts,Vampire (Death),Vampire_Death,hero,wh_main_vmp_vampire_death,dignitary,dignitary,wh2_dlc11_vmp_the_barrow_legion|wh2_dlc16_vmp_lahmian_sisterhood|wh2_main_vmp_necrarch_brotherhood|wh2_main_vmp_strygos_empire|wh2_main_vmp_the_silver_host|wh3_dlc21_vmp_jiangshi_rebels|wh3_dlc25_vmp_the_court_of_night|wh3_dlc25_vmp_vampire_counts_invasion|wh3_dlc26_vmp_templehof_qb|wh3_main_ie_vmp_sires_of_mourkain|wh3_main_vmp_caravan_of_blue_roses|wh3_main_vmp_lahmian_sisterhood|wh3_main_vmp_nagashizzar|wh_main_vmp_mousillon|wh_main_vmp_rival_sylvanian_vamps|wh_main_vmp_schwartzhafen|wh_main_vmp_vampire_counts|wh_main_vmp_vampire_counts_qb1|wh_main_vmp_vampire_counts_qb2|wh_main_vmp_vampire_counts_qb3|wh_main_vmp_vampire_rebels|wh_main_vmp_waldenhof,false,false,true,true,true,true,,,wh_main_skill_node_set_vmp_vampire,,1,dignitary,false,false,,,,wh_main_skill_node_vmp_vampire_innate_14,wh2_main_skill_innate_all_strong,Strong,"Well built, robust. Powerful.",trait_personality.png,13,6,0,0,false,0,1,,,,,,,,,,,,,,,,,,,,,,,,,,,,,,,,,,,,,,,,,character_skill_nodes_tables,wh_main_skill_node_vmp_vampire_innate_14
effect,warhammer_3,8.1.1,24237342,Vampire Counts,vampire_counts,wh_main_sc_vmp_vampire_counts,Vampire (Death),Vampire_Death,hero,wh_main_vmp_vampire_death,dignitary,dignitary,wh2_dlc11_vmp_the_barrow_legion|wh2_dlc16_vmp_lahmian_sisterhood|wh2_main_vmp_necrarch_brotherhood|wh2_main_vmp_strygos_empire|wh2_main_vmp_the_silver_host|wh3_dlc21_vmp_jiangshi_rebels|wh3_dlc25_vmp_the_court_of_night|wh3_dlc25_vmp_vampire_counts_invasion|wh3_dlc26_vmp_templehof_qb|wh3_main_ie_vmp_sires_of_mourkain|wh3_main_vmp_caravan_of_blue_roses|wh3_main_vmp_lahmian_sisterhood|wh3_main_vmp_nagashizzar|wh_main_vmp_mousillon|wh_main_vmp_rival_sylvanian_vamps|wh_main_vmp_schwartzhafen|wh_main_vmp_vampire_counts|wh_main_vmp_vampire_counts_qb1|wh_main_vmp_vampire_counts_qb2|wh_main_vmp_vampire_counts_qb3|wh_main_vmp_vampire_rebels|wh_main_vmp_waldenhof,false,false,true,true,true,true,,,wh_main_skill_node_set_vmp_vampire,,1,dignitary,false,false,,,,wh_main_skill_node_vmp_vampire_innate_14,wh2_main_skill_innate_all_strong,Strong,"Well built, robust. Powerful.",trait_personality.png,13,6,0,0,false,0,1,1,Strong,"Well built, robust. Powerful.",,,,,,wh_main_effect_character_stat_armour,Armour: %+n,,character_to_character_own,15,both,100,true,armour_character.png,armour_character.png,,,,,,,,,,,,,,,,,,,,,,,character_skill_level_to_effects_junctions_tables,wh2_main_skill_innate_all_strong|wh_main_effect_character_stat_armour|1|character_to_character_own
effect,warhammer_3,8.1.1,24237342,Vampire Counts,vampire_counts,wh_main_sc_vmp_vampire_counts,Vampire (Death),Vampire_Death,hero,wh_main_vmp_vampire_death,dignitary,dignitary,wh2_dlc11_vmp_the_barrow_legion|wh2_dlc16_vmp_lahmian_sisterhood|wh2_main_vmp_necrarch_brotherhood|wh2_main_vmp_strygos_empire|wh2_main_vmp_the_silver_host|wh3_dlc21_vmp_jiangshi_rebels|wh3_dlc25_vmp_the_court_of_night|wh3_dlc25_vmp_vampire_counts_invasion|wh3_dlc26_vmp_templehof_qb|wh3_main_ie_vmp_sires_of_mourkain|wh3_main_vmp_caravan_of_blue_roses|wh3_main_vmp_lahmian_sisterhood|wh3_main_vmp_nagashizzar|wh_main_vmp_mousillon|wh_main_vmp_rival_sylvanian_vamps|wh_main_vmp_schwartzhafen|wh_main_vmp_vampire_counts|wh_main_vmp_vampire_counts_qb1|wh_main_vmp_vampire_counts_qb2|wh_main_vmp_vampire_counts_qb3|wh_main_vmp_vampire_rebels|wh_main_vmp_waldenhof,false,false,true,true,true,true,,,wh_main_skill_node_set_vmp_vampire,,1,dignitary,false,false,,,,wh_main_skill_node_vmp_vampire_innate_14,wh2_main_skill_innate_all_strong,Strong,"Well built, robust. Powerful.",trait_personality.png,13,6,0,0,false,0,1,1,Strong,"Well built, robust. Powerful.",,,,,,wh_main_effect_character_stat_melee_attack,Melee attack: %+n,,character_to_character_own,10,both,130,true,melee_character.png,melee_character.png,,,,,,,,,,,,,,,,,,,,,,,character_skill_level_to_effects_junctions_tables,wh2_main_skill_innate_all_strong|wh_main_effect_character_stat_melee_attack|1|character_to_character_own
effect,warhammer_3,8.1.1,24237342,Vampire Counts,vampire_counts,wh_main_sc_vmp_vampire_counts,Vampire (Death),Vampire_Death,hero,wh_main_vmp_vampire_death,dignitary,dignitary,wh2_dlc11_vmp_the_barrow_legion|wh2_dlc16_vmp_lahmian_sisterhood|wh2_main_vmp_necrarch_brotherhood|wh2_main_vmp_strygos_empire|wh2_main_vmp_the_silver_host|wh3_dlc21_vmp_jiangshi_rebels|wh3_dlc25_vmp_the_court_of_night|wh3_dlc25_vmp_vampire_counts_invasion|wh3_dlc26_vmp_templehof_qb|wh3_main_ie_vmp_sires_of_mourkain|wh3_main_vmp_caravan_of_blue_roses|wh3_main_vmp_lahmian_sisterhood|wh3_main_vmp_nagashizzar|wh_main_vmp_mousillon|wh_main_vmp_rival_sylvanian_vamps|wh_main_vmp_schwartzhafen|wh_main_vmp_vampire_counts|wh_main_vmp_vampire_counts_qb1|wh_main_vmp_vampire_counts_qb2|wh_main_vmp_vampire_counts_qb3|wh_main_vmp_vampire_rebels|wh_main_vmp_waldenhof,false,false,true,true,true,true,,,wh_main_skill_node_set_vmp_vampire,,1,dignitary,false,false,,,,wh_main_skill_node_vmp_vampire_innate_14,wh2_main_skill_innate_all_strong,Strong,"Well built, robust. Powerful.",trait_personality.png,13,6,0,0,false,0,1,1,Strong,"Well built, robust. Powerful.",,,,,,wh_main_effect_character_stat_weapon_strength,Weapon strength: %+n%,,character_to_character_own,10,both,160,true,weapon_damage_character.png,weapon_damage_character.png,,,,,,,,,,,,,,,,,,,,,,,character_skill_level_to_effects_junctions_tables,wh2_main_skill_innate_all_strong|wh_main_effect_character_stat_weapon_strength|1|character_to_character_own
node,warhammer_3,8.1.1,24237342,Vampire Counts,vampire_counts,wh_main_sc_vmp_vampire_counts,Vampire (Death),Vampire_Death,hero,wh_main_vmp_vampire_death,dignitary,dignitary,wh2_dlc11_vmp_the_barrow_legion|wh2_dlc16_vmp_lahmian_sisterhood|wh2_main_vmp_necrarch_brotherhood|wh2_main_vmp_strygos_empire|wh2_main_vmp_the_silver_host|wh3_dlc21_vmp_jiangshi_rebels|wh3_dlc25_vmp_the_court_of_night|wh3_dlc25_vmp_vampire_counts_invasion|wh3_dlc26_vmp_templehof_qb|wh3_main_ie_vmp_sires_of_mourkain|wh3_main_vmp_caravan_of_blue_roses|wh3_main_vmp_lahmian_sisterhood|wh3_main_vmp_nagashizzar|wh_main_vmp_mousillon|wh_main_vmp_rival_sylvanian_vamps|wh_main_vmp_schwartzhafen|wh_main_vmp_vampire_counts|wh_main_vmp_vampire_counts_qb1|wh_main_vmp_vampire_counts_qb2|wh_main_vmp_vampire_counts_qb3|wh_main_vmp_vampire_rebels|wh_main_vmp_waldenhof,false,false,true,true,true,true,,,wh_main_skill_node_set_vmp_vampire,,1,dignitary,false,false,,,,wh_main_skill_node_vmp_vampire_innate_15,wh2_main_skill_innate_all_weapon_master_melee_only,Weapon Master,"If you can swing, slash, stab or gouge, it, this warrior has mastered every aspect of its use.",trait_personality.png,14,6,0,0,false,0,1,,,,,,,,,,,,,,,,,,,,,,,,,,,,,,,,,,,,,,,,,character_skill_nodes_tables,wh_main_skill_node_vmp_vampire_innate_15
effect,warhammer_3,8.1.1,24237342,Vampire Counts,vampire_counts,wh_main_sc_vmp_vampire_counts,Vampire (Death),Vampire_Death,hero,wh_main_vmp_vampire_death,dignitary,dignitary,wh2_dlc11_vmp_the_barrow_legion|wh2_dlc16_vmp_lahmian_sisterhood|wh2_main_vmp_necrarch_brotherhood|wh2_main_vmp_strygos_empire|wh2_main_vmp_the_silver_host|wh3_dlc21_vmp_jiangshi_rebels|wh3_dlc25_vmp_the_court_of_night|wh3_dlc25_vmp_vampire_counts_invasion|wh3_dlc26_vmp_templehof_qb|wh3_main_ie_vmp_sires_of_mourkain|wh3_main_vmp_caravan_of_blue_roses|wh3_main_vmp_lahmian_sisterhood|wh3_main_vmp_nagashizzar|wh_main_vmp_mousillon|wh_main_vmp_rival_sylvanian_vamps|wh_main_vmp_schwartzhafen|wh_main_vmp_vampire_counts|wh_main_vmp_vampire_counts_qb1|wh_main_vmp_vampire_counts_qb2|wh_main_vmp_vampire_counts_qb3|wh_main_vmp_vampire_rebels|wh_main_vmp_waldenhof,false,false,true,true,true,true,,,wh_main_skill_node_set_vmp_vampire,,1,dignitary,false,false,,,,wh_main_skill_node_vmp_vampire_innate_15,wh2_main_skill_innate_all_weapon_master_melee_only,Weapon Master,"If you can swing, slash, stab or gouge, it, this warrior has mastered every aspect of its use.",trait_personality.png,14,6,0,0,false,0,1,1,Weapon Master,"If you can swing, slash, stab or gouge, it, this warrior has mastered every aspect of its use.",,,,,,wh_main_effect_character_stat_ap_damage,Armour-piercing weapon damage: %+n,,character_to_character_own,75,both,170,true,armour_piercing_character.png,armour_piercing_character.png,,,,,,,,,,,,,,,,,,,,,,,character_skill_level_to_effects_junctions_tables,wh2_main_skill_innate_all_weapon_master_melee_only|wh_main_effect_character_stat_ap_damage|1|character_to_character_own
effect,warhammer_3,8.1.1,24237342,Vampire Counts,vampire_counts,wh_main_sc_vmp_vampire_counts,Vampire (Death),Vampire_Death,hero,wh_main_vmp_vampire_death,dignitary,dignitary,wh2_dlc11_vmp_the_barrow_legion|wh2_dlc16_vmp_lahmian_sisterhood|wh2_main_vmp_necrarch_brotherhood|wh2_main_vmp_strygos_empire|wh2_main_vmp_the_silver_host|wh3_dlc21_vmp_jiangshi_rebels|wh3_dlc25_vmp_the_court_of_night|wh3_dlc25_vmp_vampire_counts_invasion|wh3_dlc26_vmp_templehof_qb|wh3_main_ie_vmp_sires_of_mourkain|wh3_main_vmp_caravan_of_blue_roses|wh3_main_vmp_lahmian_sisterhood|wh3_main_vmp_nagashizzar|wh_main_vmp_mousillon|wh_main_vmp_rival_sylvanian_vamps|wh_main_vmp_schwartzhafen|wh_main_vmp_vampire_counts|wh_main_vmp_vampire_counts_qb1|wh_main_vmp_vampire_counts_qb2|wh_main_vmp_vampire_counts_qb3|wh_main_vmp_vampire_rebels|wh_main_vmp_waldenhof,false,false,true,true,true,true,,,wh_main_skill_node_set_vmp_vampire,,1,dignitary,false,false,,,,wh_main_skill_node_vmp_vampire_innate_15,wh2_main_skill_innate_all_weapon_master_melee_only,Weapon Master,"If you can swing, slash, stab or gouge, it, this warrior has mastered every aspect of its use.",trait_personality.png,14,6,0,0,false,0,1,1,Weapon Master,"If you can swing, slash, stab or gouge, it, this warrior has mastered every aspect of its use.",,,,,,wh_main_effect_character_stat_melee_attack,Melee attack: %+n,,character_to_character_own,8,both,130,true,melee_character.png,melee_character.png,,,,,,,,,,,,,,,,,,,,,,,character_skill_level_to_effects_junctions_tables,wh2_main_skill_innate_all_weapon_master_melee_only|wh_main_effect_character_stat_melee_attack|1|character_to_character_own
effect,warhammer_3,8.1.1,24237342,Vampire Counts,vampire_counts,wh_main_sc_vmp_vampire_counts,Vampire (Death),Vampire_Death,hero,wh_main_vmp_vampire_death,dignitary,dignitary,wh2_dlc11_vmp_the_barrow_legion|wh2_dlc16_vmp_lahmian_sisterhood|wh2_main_vmp_necrarch_brotherhood|wh2_main_vmp_strygos_empire|wh2_main_vmp_the_silver_host|wh3_dlc21_vmp_jiangshi_rebels|wh3_dlc25_vmp_the_court_of_night|wh3_dlc25_vmp_vampire_counts_invasion|wh3_dlc26_vmp_templehof_qb|wh3_main_ie_vmp_sires_of_mourkain|wh3_main_vmp_caravan_of_blue_roses|wh3_main_vmp_lahmian_sisterhood|wh3_main_vmp_nagashizzar|wh_main_vmp_mousillon|wh_main_vmp_rival_sylvanian_vamps|wh_main_vmp_schwartzhafen|wh_main_vmp_vampire_counts|wh_main_vmp_vampire_counts_qb1|wh_main_vmp_vampire_counts_qb2|wh_main_vmp_vampire_counts_qb3|wh_main_vmp_vampire_rebels|wh_main_vmp_waldenhof,false,false,true,true,true,true,,,wh_main_skill_node_set_vmp_vampire,,1,dignitary,false,false,,,,wh_main_skill_node_vmp_vampire_innate_15,wh2_main_skill_innate_all_weapon_master_melee_only,Weapon Master,"If you can swing, slash, stab or gouge, it, this warrior has mastered every aspect of its use.",trait_personality.png,14,6,0,0,false,0,1,1,Weapon Master,"If you can swing, slash, stab or gouge, it, this warrior has mastered every aspect of its use.",,,,,,wh2_dlc10_effect_character_stat_enable_sundering_attacks,Enables sundering attacks,,character_to_character_own,1,battle,140,true,phase_sunder_armour.png,phase_sunder_armour.png,,,,,,,,,,,,,,,,,,,,,,,character_skill_level_to_effects_junctions_tables,wh2_main_skill_innate_all_weapon_master_melee_only|wh2_dlc10_effect_character_stat_enable_sundering_attacks|1|character_to_character_own
node,warhammer_3,8.1.1,24237342,Vampire Counts,vampire_counts,wh_main_sc_vmp_vampire_counts,Vampire (Death),Vampire_Death,hero,wh_main_vmp_vampire_death,dignitary,dignitary,wh2_dlc11_vmp_the_barrow_legion|wh2_dlc16_vmp_lahmian_sisterhood|wh2_main_vmp_necrarch_brotherhood|wh2_main_vmp_strygos_empire|wh2_main_vmp_the_silver_host|wh3_dlc21_vmp_jiangshi_rebels|wh3_dlc25_vmp_the_court_of_night|wh3_dlc25_vmp_vampire_counts_invasion|wh3_dlc26_vmp_templehof_qb|wh3_main_ie_vmp_sires_of_mourkain|wh3_main_vmp_caravan_of_blue_roses|wh3_main_vmp_lahmian_sisterhood|wh3_main_vmp_nagashizzar|wh_main_vmp_mousillon|wh_main_vmp_rival_sylvanian_vamps|wh_main_vmp_schwartzhafen|wh_main_vmp_vampire_counts|wh_main_vmp_vampire_counts_qb1|wh_main_vmp_vampire_counts_qb2|wh_main_vmp_vampire_counts_qb3|wh_main_vmp_vampire_rebels|wh_main_vmp_waldenhof,false,false,true,true,true,true,,,wh_main_skill_node_set_vmp_vampire,,1,dignitary,false,false,,,,wh_main_skill_node_vmp_vampire_innate_16,wh2_main_skill_innate_all_strategist,Strategist,"This being has a plan - not just a game plan, but a master plan to achieve their long-term aims.",trait_personality.png,15,6,0,0,false,0,1,,,,,,,,,,,,,,,,,,,,,,,,,,,,,,,,,,,,,,,,,character_skill_nodes_tables,wh_main_skill_node_vmp_vampire_innate_16
effect,warhammer_3,8.1.1,24237342,Vampire Counts,vampire_counts,wh_main_sc_vmp_vampire_counts,Vampire (Death),Vampire_Death,hero,wh_main_vmp_vampire_death,dignitary,dignitary,wh2_dlc11_vmp_the_barrow_legion|wh2_dlc16_vmp_lahmian_sisterhood|wh2_main_vmp_necrarch_brotherhood|wh2_main_vmp_strygos_empire|wh2_main_vmp_the_silver_host|wh3_dlc21_vmp_jiangshi_rebels|wh3_dlc25_vmp_the_court_of_night|wh3_dlc25_vmp_vampire_counts_invasion|wh3_dlc26_vmp_templehof_qb|wh3_main_ie_vmp_sires_of_mourkain|wh3_main_vmp_caravan_of_blue_roses|wh3_main_vmp_lahmian_sisterhood|wh3_main_vmp_nagashizzar|wh_main_vmp_mousillon|wh_main_vmp_rival_sylvanian_vamps|wh_main_vmp_schwartzhafen|wh_main_vmp_vampire_counts|wh_main_vmp_vampire_counts_qb1|wh_main_vmp_vampire_counts_qb2|wh_main_vmp_vampire_counts_qb3|wh_main_vmp_vampire_rebels|wh_main_vmp_waldenhof,false,false,true,true,true,true,,,wh_main_skill_node_set_vmp_vampire,,1,dignitary,false,false,,,,wh_main_skill_node_vmp_vampire_innate_16,wh2_main_skill_innate_all_strategist,Strategist,"This being has a plan - not just a game plan, but a master plan to achieve their long-term aims.",trait_personality.png,15,6,0,0,false,0,1,1,Strategist,"This being has a plan - not just a game plan, but a master plan to achieve their long-term aims.",,,,,,wh_main_effect_agent_movement_range_mod,Campaign movement range: %+n%,{{tr:campaign_movement_range_additional_tooltip}},character_to_character_own,5,campaign,100,true,campaign_movement.png,campaign_movement.png,,,,,,,,,,,,,,,,,,,,,,,character_skill_level_to_effects_junctions_tables,wh2_main_skill_innate_all_strategist|wh_main_effect_agent_movement_range_mod|1|character_to_character_own
effect,warhammer_3,8.1.1,24237342,Vampire Counts,vampire_counts,wh_main_sc_vmp_vampire_counts,Vampire (Death),Vampire_Death,hero,wh_main_vmp_vampire_death,dignitary,dignitary,wh2_dlc11_vmp_the_barrow_legion|wh2_dlc16_vmp_lahmian_sisterhood|wh2_main_vmp_necrarch_brotherhood|wh2_main_vmp_strygos_empire|wh2_main_vmp_the_silver_host|wh3_dlc21_vmp_jiangshi_rebels|wh3_dlc25_vmp_the_court_of_night|wh3_dlc25_vmp_vampire_counts_invasion|wh3_dlc26_vmp_templehof_qb|wh3_main_ie_vmp_sires_of_mourkain|wh3_main_vmp_caravan_of_blue_roses|wh3_main_vmp_lahmian_sisterhood|wh3_main_vmp_nagashizzar|wh_main_vmp_mousillon|wh_main_vmp_rival_sylvanian_vamps|wh_main_vmp_schwartzhafen|wh_main_vmp_vampire_counts|wh_main_vmp_vampire_counts_qb1|wh_main_vmp_vampire_counts_qb2|wh_main_vmp_vampire_counts_qb3|wh_main_vmp_vampire_rebels|wh_main_vmp_waldenhof,false,false,true,true,true,true,,,wh_main_skill_node_set_vmp_vampire,,1,dignitary,false,false,,,,wh_main_skill_node_vmp_vampire_innate_16,wh2_main_skill_innate_all_strategist,Strategist,"This being has a plan - not just a game plan, but a master plan to achieve their long-term aims.",trait_personality.png,15,6,0,0,false,0,1,1,Strategist,"This being has a plan - not just a game plan, but a master plan to achieve their long-term aims.",,,,,,wh_main_effect_attribute_enable_vanguard_deployment,Attribute: Vanguard Deployment,,character_to_character_own,1,both,320,true,attribute_guerrilla_deploy.png,attribute_guerrilla_deploy.png,,,,,,,,,,,,,,,,,,,,,,,character_skill_level_to_effects_junctions_tables,wh2_main_skill_innate_all_strategist|wh_main_effect_attribute_enable_vanguard_deployment|1|character_to_character_own
effect,warhammer_3,8.1.1,24237342,Vampire Counts,vampire_counts,wh_main_sc_vmp_vampire_counts,Vampire (Death),Vampire_Death,hero,wh_main_vmp_vampire_death,dignitary,dignitary,wh2_dlc11_vmp_the_barrow_legion|wh2_dlc16_vmp_lahmian_sisterhood|wh2_main_vmp_necrarch_brotherhood|wh2_main_vmp_strygos_empire|wh2_main_vmp_the_silver_host|wh3_dlc21_vmp_jiangshi_rebels|wh3_dlc25_vmp_the_court_of_night|wh3_dlc25_vmp_vampire_counts_invasion|wh3_dlc26_vmp_templehof_qb|wh3_main_ie_vmp_sires_of_mourkain|wh3_main_vmp_caravan_of_blue_roses|wh3_main_vmp_lahmian_sisterhood|wh3_main_vmp_nagashizzar|wh_main_vmp_mousillon|wh_main_vmp_rival_sylvanian_vamps|wh_main_vmp_schwartzhafen|wh_main_vmp_vampire_counts|wh_main_vmp_vampire_counts_qb1|wh_main_vmp_vampire_counts_qb2|wh_main_vmp_vampire_counts_qb3|wh_main_vmp_vampire_rebels|wh_main_vmp_waldenhof,false,false,true,true,true,true,,,wh_main_skill_node_set_vmp_vampire,,1,dignitary,false,false,,,,wh_main_skill_node_vmp_vampire_innate_16,wh2_main_skill_innate_all_strategist,Strategist,"This being has a plan - not just a game plan, but a master plan to achieve their long-term aims.",trait_personality.png,15,6,0,0,false,0,1,1,Strategist,"This being has a plan - not just a game plan, but a master plan to achieve their long-term aims.",,,,,,wh3_dlc24_effect_ability_enable_tacticians_stand_your_ground,"Ability: ""{{tr:unit_abilities_onscreen_name_wh3_dlc24_character_abilities_tacticians_stand_your_ground}}""",,character_to_character_own,1,battle,300,true,general_ability.png,general_ability.png,,,,,,,,,,,,,,,,,,,,,,,character_skill_level_to_effects_junctions_tables,wh2_main_skill_innate_all_strategist|wh3_dlc24_effect_ability_enable_tacticians_stand_your_ground|1|character_to_character_own
node,warhammer_3,8.1.1,24237342,Vampire Counts,vampire_counts,wh_main_sc_vmp_vampire_counts,Vampire (Death),Vampire_Death,hero,wh_main_vmp_vampire_death,dignitary,dignitary,wh2_dlc11_vmp_the_barrow_legion|wh2_dlc16_vmp_lahmian_sisterhood|wh2_main_vmp_necrarch_brotherhood|wh2_main_vmp_strygos_empire|wh2_main_vmp_the_silver_host|wh3_dlc21_vmp_jiangshi_rebels|wh3_dlc25_vmp_the_court_of_night|wh3_dlc25_vmp_vampire_counts_invasion|wh3_dlc26_vmp_templehof_qb|wh3_main_ie_vmp_sires_of_mourkain|wh3_main_vmp_caravan_of_blue_roses|wh3_main_vmp_lahmian_sisterhood|wh3_main_vmp_nagashizzar|wh_main_vmp_mousillon|wh_main_vmp_rival_sylvanian_vamps|wh_main_vmp_schwartzhafen|wh_main_vmp_vampire_counts|wh_main_vmp_vampire_counts_qb1|wh_main_vmp_vampire_counts_qb2|wh_main_vmp_vampire_counts_qb3|wh_main_vmp_vampire_rebels|wh_main_vmp_waldenhof,false,false,true,true,true,true,,,wh_main_skill_node_set_vmp_vampire,,1,dignitary,false,false,,,,wh_main_skill_node_vmp_vampire_innate_17,wh2_main_skill_innate_all_tactician,Tactician,"Careful planning, knowledge of the terrain and the weaknesses of the enemy are the key to victory.",trait_personality.png,16,6,0,0,false,0,1,,,,,,,,,,,,,,,,,,,,,,,,,,,,,,,,,,,,,,,,,character_skill_nodes_tables,wh_main_skill_node_vmp_vampire_innate_17
effect,warhammer_3,8.1.1,24237342,Vampire Counts,vampire_counts,wh_main_sc_vmp_vampire_counts,Vampire (Death),Vampire_Death,hero,wh_main_vmp_vampire_death,dignitary,dignitary,wh2_dlc11_vmp_the_barrow_legion|wh2_dlc16_vmp_lahmian_sisterhood|wh2_main_vmp_necrarch_brotherhood|wh2_main_vmp_strygos_empire|wh2_main_vmp_the_silver_host|wh3_dlc21_vmp_jiangshi_rebels|wh3_dlc25_vmp_the_court_of_night|wh3_dlc25_vmp_vampire_counts_invasion|wh3_dlc26_vmp_templehof_qb|wh3_main_ie_vmp_sires_of_mourkain|wh3_main_vmp_caravan_of_blue_roses|wh3_main_vmp_lahmian_sisterhood|wh3_main_vmp_nagashizzar|wh_main_vmp_mousillon|wh_main_vmp_rival_sylvanian_vamps|wh_main_vmp_schwartzhafen|wh_main_vmp_vampire_counts|wh_main_vmp_vampire_counts_qb1|wh_main_vmp_vampire_counts_qb2|wh_main_vmp_vampire_counts_qb3|wh_main_vmp_vampire_rebels|wh_main_vmp_waldenhof,false,false,true,true,true,true,,,wh_main_skill_node_set_vmp_vampire,,1,dignitary,false,false,,,,wh_main_skill_node_vmp_vampire_innate_17,wh2_main_skill_innate_all_tactician,Tactician,"Careful planning, knowledge of the terrain and the weaknesses of the enemy are the key to victory.",trait_personality.png,16,6,0,0,false,0,1,1,Tactician,"Careful planning, knowledge of the terrain and the weaknesses of the enemy are the key to victory.",,,,,,wh_main_effect_character_stat_aura_leadership_effect,Character's aura leadership effect: %+n,Aura. Any unit standing within this character's aura in battle will receive a [[img:icon_morale]][[/img]]leadership bonus.,character_to_character_own,4,battle,260,true,morale_character.png,morale_character.png,,,,,,,,,,,,,,,,,,,,,,,character_skill_level_to_effects_junctions_tables,wh2_main_skill_innate_all_tactician|wh_main_effect_character_stat_aura_leadership_effect|1|character_to_character_own
effect,warhammer_3,8.1.1,24237342,Vampire Counts,vampire_counts,wh_main_sc_vmp_vampire_counts,Vampire (Death),Vampire_Death,hero,wh_main_vmp_vampire_death,dignitary,dignitary,wh2_dlc11_vmp_the_barrow_legion|wh2_dlc16_vmp_lahmian_sisterhood|wh2_main_vmp_necrarch_brotherhood|wh2_main_vmp_strygos_empire|wh2_main_vmp_the_silver_host|wh3_dlc21_vmp_jiangshi_rebels|wh3_dlc25_vmp_the_court_of_night|wh3_dlc25_vmp_vampire_counts_invasion|wh3_dlc26_vmp_templehof_qb|wh3_main_ie_vmp_sires_of_mourkain|wh3_main_vmp_caravan_of_blue_roses|wh3_main_vmp_lahmian_sisterhood|wh3_main_vmp_nagashizzar|wh_main_vmp_mousillon|wh_main_vmp_rival_sylvanian_vamps|wh_main_vmp_schwartzhafen|wh_main_vmp_vampire_counts|wh_main_vmp_vampire_counts_qb1|wh_main_vmp_vampire_counts_qb2|wh_main_vmp_vampire_counts_qb3|wh_main_vmp_vampire_rebels|wh_main_vmp_waldenhof,false,false,true,true,true,true,,,wh_main_skill_node_set_vmp_vampire,,1,dignitary,false,false,,,,wh_main_skill_node_vmp_vampire_innate_17,wh2_main_skill_innate_all_tactician,Tactician,"Careful planning, knowledge of the terrain and the weaknesses of the enemy are the key to victory.",trait_personality.png,16,6,0,0,false,0,1,1,Tactician,"Careful planning, knowledge of the terrain and the weaknesses of the enemy are the key to victory.",,,,,,wh_main_effect_character_stat_leadership_aura_size,Leadership aura size: %+n%,Aura. Any unit standing within this character's aura in battle will receive a [[img:icon_morale]][[/img]]leadership bonus.,character_to_character_own,50,battle,260,true,general_ability.png,general_ability.png,,,,,,,,,,,,,,,,,,,,,,,character_skill_level_to_effects_junctions_tables,wh2_main_skill_innate_all_tactician|wh_main_effect_character_stat_leadership_aura_size|1|character_to_character_own
effect,warhammer_3,8.1.1,24237342,Vampire Counts,vampire_counts,wh_main_sc_vmp_vampire_counts,Vampire (Death),Vampire_Death,hero,wh_main_vmp_vampire_death,dignitary,dignitary,wh2_dlc11_vmp_the_barrow_legion|wh2_dlc16_vmp_lahmian_sisterhood|wh2_main_vmp_necrarch_brotherhood|wh2_main_vmp_strygos_empire|wh2_main_vmp_the_silver_host|wh3_dlc21_vmp_jiangshi_rebels|wh3_dlc25_vmp_the_court_of_night|wh3_dlc25_vmp_vampire_counts_invasion|wh3_dlc26_vmp_templehof_qb|wh3_main_ie_vmp_sires_of_mourkain|wh3_main_vmp_caravan_of_blue_roses|wh3_main_vmp_lahmian_sisterhood|wh3_main_vmp_nagashizzar|wh_main_vmp_mousillon|wh_main_vmp_rival_sylvanian_vamps|wh_main_vmp_schwartzhafen|wh_main_vmp_vampire_counts|wh_main_vmp_vampire_counts_qb1|wh_main_vmp_vampire_counts_qb2|wh_main_vmp_vampire_counts_qb3|wh_main_vmp_vampire_rebels|wh_main_vmp_waldenhof,false,false,true,true,true,true,,,wh_main_skill_node_set_vmp_vampire,,1,dignitary,false,false,,,,wh_main_skill_node_vmp_vampire_innate_17,wh2_main_skill_innate_all_tactician,Tactician,"Careful planning, knowledge of the terrain and the weaknesses of the enemy are the key to victory.",trait_personality.png,16,6,0,0,false,0,1,1,Tactician,"Careful planning, knowledge of the terrain and the weaknesses of the enemy are the key to victory.",,,,,,wh3_main_effect_ability_enable_strategist,"Passive ability: ""Tactician""",,character_to_character_own,1,battle,310,true,general_ability.png,general_ability.png,,,,,,,,,,,,,,,,,,,,,,,character_skill_level_to_effects_junctions_tables,wh2_main_skill_innate_all_tactician|wh3_main_effect_ability_enable_strategist|1|character_to_character_own
effect,warhammer_3,8.1.1,24237342,Vampire Counts,vampire_counts,wh_main_sc_vmp_vampire_counts,Vampire (Death),Vampire_Death,hero,wh_main_vmp_vampire_death,dignitary,dignitary,wh2_dlc11_vmp_the_barrow_legion|wh2_dlc16_vmp_lahmian_sisterhood|wh2_main_vmp_necrarch_brotherhood|wh2_main_vmp_strygos_empire|wh2_main_vmp_the_silver_host|wh3_dlc21_vmp_jiangshi_rebels|wh3_dlc25_vmp_the_court_of_night|wh3_dlc25_vmp_vampire_counts_invasion|wh3_dlc26_vmp_templehof_qb|wh3_main_ie_vmp_sires_of_mourkain|wh3_main_vmp_caravan_of_blue_roses|wh3_main_vmp_lahmian_sisterhood|wh3_main_vmp_nagashizzar|wh_main_vmp_mousillon|wh_main_vmp_rival_sylvanian_vamps|wh_main_vmp_schwartzhafen|wh_main_vmp_vampire_counts|wh_main_vmp_vampire_counts_qb1|wh_main_vmp_vampire_counts_qb2|wh_main_vmp_vampire_counts_qb3|wh_main_vmp_vampire_rebels|wh_main_vmp_waldenhof,false,false,true,true,true,true,,,wh_main_skill_node_set_vmp_vampire,,1,dignitary,false,false,,,,wh_main_skill_node_vmp_vampire_innate_17,wh2_main_skill_innate_all_tactician,Tactician,"Careful planning, knowledge of the terrain and the weaknesses of the enemy are the key to victory.",trait_personality.png,16,6,0,0,false,0,1,1,Tactician,"Careful planning, knowledge of the terrain and the weaknesses of the enemy are the key to victory.",,,,,,wh3_main_effect_reinforcement_adjustment_budget,Reinforcements supporting this army can have their arrival point adjusted by %+n metres without incurring any time penalty,,character_to_force_own_unseen,500,campaign,101,true,military.png,military.png,,,,,,,,,,,,,,,,,,,,,,,character_skill_level_to_effects_junctions_tables,wh2_main_skill_innate_all_tactician|wh3_main_effect_reinforcement_adjustment_budget|1|character_to_force_own_unseen
node,warhammer_3,8.1.1,24237342,Vampire Counts,vampire_counts,wh_main_sc_vmp_vampire_counts,Vampire (Death),Vampire_Death,hero,wh_main_vmp_vampire_death,dignitary,dignitary,wh2_dlc11_vmp_the_barrow_legion|wh2_dlc16_vmp_lahmian_sisterhood|wh2_main_vmp_necrarch_brotherhood|wh2_main_vmp_strygos_empire|wh2_main_vmp_the_silver_host|wh3_dlc21_vmp_jiangshi_rebels|wh3_dlc25_vmp_the_court_of_night|wh3_dlc25_vmp_vampire_counts_invasion|wh3_dlc26_vmp_templehof_qb|wh3_main_ie_vmp_sires_of_mourkain|wh3_main_vmp_caravan_of_blue_roses|wh3_main_vmp_lahmian_sisterhood|wh3_main_vmp_nagashizzar|wh_main_vmp_mousillon|wh_main_vmp_rival_sylvanian_vamps|wh_main_vmp_schwartzhafen|wh_main_vmp_vampire_counts|wh_main_vmp_vampire_counts_qb1|wh_main_vmp_vampire_counts_qb2|wh_main_vmp_vampire_counts_qb3|wh_main_vmp_vampire_rebels|wh_main_vmp_waldenhof,false,false,true,true,true,true,,,wh_main_skill_node_set_vmp_vampire,,1,dignitary,false,false,,,,wh3_dlc24_skill_generic_immortality_hero,wh2_main_skill_all_immortality_hero,Immortality,"Who wants to live forever? As it turns out, most beings wouldn't say no…",character_wound_time.png,29,0,0,0,true,19,1,,,,,,,,,,,,,,,,,,,,,,,,,,,,,,,,,,,,,,,,,character_skill_nodes_tables,wh3_dlc24_skill_generic_immortality_hero
skill_level,warhammer_3,8.1.1,24237342,Vampire Counts,vampire_counts,wh_main_sc_vmp_vampire_counts,Vampire (Death),Vampire_Death,hero,wh_main_vmp_vampire_death,dignitary,dignitary,wh2_dlc11_vmp_the_barrow_legion|wh2_dlc16_vmp_lahmian_sisterhood|wh2_main_vmp_necrarch_brotherhood|wh2_main_vmp_strygos_empire|wh2_main_vmp_the_silver_host|wh3_dlc21_vmp_jiangshi_rebels|wh3_dlc25_vmp_the_court_of_night|wh3_dlc25_vmp_vampire_counts_invasion|wh3_dlc26_vmp_templehof_qb|wh3_main_ie_vmp_sires_of_mourkain|wh3_main_vmp_caravan_of_blue_roses|wh3_main_vmp_lahmian_sisterhood|wh3_main_vmp_nagashizzar|wh_main_vmp_mousillon|wh_main_vmp_rival_sylvanian_vamps|wh_main_vmp_schwartzhafen|wh_main_vmp_vampire_counts|wh_main_vmp_vampire_counts_qb1|wh_main_vmp_vampire_counts_qb2|wh_main_vmp_vampire_counts_qb3|wh_main_vmp_vampire_rebels|wh_main_vmp_waldenhof,false,false,true,true,true,true,,,wh_main_skill_node_set_vmp_vampire,,1,dignitary,false,false,,,,wh3_dlc24_skill_generic_immortality_hero,wh2_main_skill_all_immortality_hero,Immortality,"Who wants to live forever? As it turns out, most beings wouldn't say no…",character_wound_time.png,29,0,0,0,true,19,1,1,Immortality,"Who wants to live forever? As it turns out, most beings wouldn't say no…",19,x,,,,,,,,,,,,,,,,,,,,,,,,,,,,,,,,,,,,character_skill_level_details_tables,wh2_main_skill_all_immortality_hero|1|||
effect,warhammer_3,8.1.1,24237342,Vampire Counts,vampire_counts,wh_main_sc_vmp_vampire_counts,Vampire (Death),Vampire_Death,hero,wh_main_vmp_vampire_death,dignitary,dignitary,wh2_dlc11_vmp_the_barrow_legion|wh2_dlc16_vmp_lahmian_sisterhood|wh2_main_vmp_necrarch_brotherhood|wh2_main_vmp_strygos_empire|wh2_main_vmp_the_silver_host|wh3_dlc21_vmp_jiangshi_rebels|wh3_dlc25_vmp_the_court_of_night|wh3_dlc25_vmp_vampire_counts_invasion|wh3_dlc26_vmp_templehof_qb|wh3_main_ie_vmp_sires_of_mourkain|wh3_main_vmp_caravan_of_blue_roses|wh3_main_vmp_lahmian_sisterhood|wh3_main_vmp_nagashizzar|wh_main_vmp_mousillon|wh_main_vmp_rival_sylvanian_vamps|wh_main_vmp_schwartzhafen|wh_main_vmp_vampire_counts|wh_main_vmp_vampire_counts_qb1|wh_main_vmp_vampire_counts_qb2|wh_main_vmp_vampire_counts_qb3|wh_main_vmp_vampire_rebels|wh_main_vmp_waldenhof,false,false,true,true,true,true,,,wh_main_skill_node_set_vmp_vampire,,1,dignitary,false,false,,,,wh3_dlc24_skill_generic_immortality_hero,wh2_main_skill_all_immortality_hero,Immortality,"Who wants to live forever? As it turns out, most beings wouldn't say no…",character_wound_time.png,29,0,0,0,true,19,1,1,Immortality,"Who wants to live forever? As it turns out, most beings wouldn't say no…",,,,,,wh2_main_effect_grant_immortality_hero,"When normally killed in action, this [[img:icon_hero]][[/img]]Hero will be wounded instead",,character_to_character_own,1,campaign,1,true,wound_time.png,wound_time.png,,,,,,,,,,,,,,,,,,,,,,,character_skill_level_to_effects_junctions_tables,wh2_main_skill_all_immortality_hero|wh2_main_effect_grant_immortality_hero|1|character_to_character_own
node,warhammer_3,8.1.1,24237342,Vampire Counts,vampire_counts,wh_main_sc_vmp_vampire_counts,Vampire (Death),Vampire_Death,hero,wh_main_vmp_vampire_death,dignitary,dignitary,wh2_dlc11_vmp_the_barrow_legion|wh2_dlc16_vmp_lahmian_sisterhood|wh2_main_vmp_necrarch_brotherhood|wh2_main_vmp_strygos_empire|wh2_main_vmp_the_silver_host|wh3_dlc21_vmp_jiangshi_rebels|wh3_dlc25_vmp_the_court_of_night|wh3_dlc25_vmp_vampire_counts_invasion|wh3_dlc26_vmp_templehof_qb|wh3_main_ie_vmp_sires_of_mourkain|wh3_main_vmp_caravan_of_blue_roses|wh3_main_vmp_lahmian_sisterhood|wh3_main_vmp_nagashizzar|wh_main_vmp_mousillon|wh_main_vmp_rival_sylvanian_vamps|wh_main_vmp_schwartzhafen|wh_main_vmp_vampire_counts|wh_main_vmp_vampire_counts_qb1|wh_main_vmp_vampire_counts_qb2|wh_main_vmp_vampire_counts_qb3|wh_main_vmp_vampire_rebels|wh_main_vmp_waldenhof,false,false,true,true,true,true,,,wh_main_skill_node_set_vmp_vampire,,1,dignitary,false,false,,,,wh3_dlc24_skill_node_all_mentor_hero,wh3_main_skill_all_mentor_hero,{{tr:character_skills_localised_name_wh3_main_skill_all_mentor_lord}},{{tr:character_skills_localised_description_wh3_main_skill_all_mentor_lord}},character_experience.png,30,0,0,0,true,0,3,,,,,,,,,,,,,,,,,,,,,,,,,,,,,,,,,,,,,,,,,character_skill_nodes_tables,wh3_dlc24_skill_node_all_mentor_hero
skill_level,warhammer_3,8.1.1,24237342,Vampire Counts,vampire_counts,wh_main_sc_vmp_vampire_counts,Vampire (Death),Vampire_Death,hero,wh_main_vmp_vampire_death,dignitary,dignitary,wh2_dlc11_vmp_the_barrow_legion|wh2_dlc16_vmp_lahmian_sisterhood|wh2_main_vmp_necrarch_brotherhood|wh2_main_vmp_strygos_empire|wh2_main_vmp_the_silver_host|wh3_dlc21_vmp_jiangshi_rebels|wh3_dlc25_vmp_the_court_of_night|wh3_dlc25_vmp_vampire_counts_invasion|wh3_dlc26_vmp_templehof_qb|wh3_main_ie_vmp_sires_of_mourkain|wh3_main_vmp_caravan_of_blue_roses|wh3_main_vmp_lahmian_sisterhood|wh3_main_vmp_nagashizzar|wh_main_vmp_mousillon|wh_main_vmp_rival_sylvanian_vamps|wh_main_vmp_schwartzhafen|wh_main_vmp_vampire_counts|wh_main_vmp_vampire_counts_qb1|wh_main_vmp_vampire_counts_qb2|wh_main_vmp_vampire_counts_qb3|wh_main_vmp_vampire_rebels|wh_main_vmp_waldenhof,false,false,true,true,true,true,,,wh_main_skill_node_set_vmp_vampire,,1,dignitary,false,false,,,,wh3_dlc24_skill_node_all_mentor_hero,wh3_main_skill_all_mentor_hero,{{tr:character_skills_localised_name_wh3_main_skill_all_mentor_lord}},{{tr:character_skills_localised_description_wh3_main_skill_all_mentor_lord}},character_experience.png,30,0,0,0,true,0,3,1,{{tr:character_skills_localised_name_wh3_main_skill_all_mentor_lord}},{{tr:character_skills_localised_description_wh3_main_skill_all_mentor_lord}},29,x,,,,,,,,,,,,,,,,,,,,,,,,,,,,,,,,,,,,character_skill_level_details_tables,wh3_main_skill_all_mentor_hero|1|||
skill_level,warhammer_3,8.1.1,24237342,Vampire Counts,vampire_counts,wh_main_sc_vmp_vampire_counts,Vampire (Death),Vampire_Death,hero,wh_main_vmp_vampire_death,dignitary,dignitary,wh2_dlc11_vmp_the_barrow_legion|wh2_dlc16_vmp_lahmian_sisterhood|wh2_main_vmp_necrarch_brotherhood|wh2_main_vmp_strygos_empire|wh2_main_vmp_the_silver_host|wh3_dlc21_vmp_jiangshi_rebels|wh3_dlc25_vmp_the_court_of_night|wh3_dlc25_vmp_vampire_counts_invasion|wh3_dlc26_vmp_templehof_qb|wh3_main_ie_vmp_sires_of_mourkain|wh3_main_vmp_caravan_of_blue_roses|wh3_main_vmp_lahmian_sisterhood|wh3_main_vmp_nagashizzar|wh_main_vmp_mousillon|wh_main_vmp_rival_sylvanian_vamps|wh_main_vmp_schwartzhafen|wh_main_vmp_vampire_counts|wh_main_vmp_vampire_counts_qb1|wh_main_vmp_vampire_counts_qb2|wh_main_vmp_vampire_counts_qb3|wh_main_vmp_vampire_rebels|wh_main_vmp_waldenhof,false,false,true,true,true,true,,,wh_main_skill_node_set_vmp_vampire,,1,dignitary,false,false,,,,wh3_dlc24_skill_node_all_mentor_hero,wh3_main_skill_all_mentor_hero,{{tr:character_skills_localised_name_wh3_main_skill_all_mentor_lord}},{{tr:character_skills_localised_description_wh3_main_skill_all_mentor_lord}},character_experience.png,30,0,0,0,true,0,3,2,{{tr:character_skills_localised_name_wh3_main_skill_all_mentor_lord}},{{tr:character_skills_localised_description_wh3_main_skill_all_mentor_lord}},39,x,,,,,,,,,,,,,,,,,,,,,,,,,,,,,,,,,,,,character_skill_level_details_tables,wh3_main_skill_all_mentor_hero|2|||
skill_level,warhammer_3,8.1.1,24237342,Vampire Counts,vampire_counts,wh_main_sc_vmp_vampire_counts,Vampire (Death),Vampire_Death,hero,wh_main_vmp_vampire_death,dignitary,dignitary,wh2_dlc11_vmp_the_barrow_legion|wh2_dlc16_vmp_lahmian_sisterhood|wh2_main_vmp_necrarch_brotherhood|wh2_main_vmp_strygos_empire|wh2_main_vmp_the_silver_host|wh3_dlc21_vmp_jiangshi_rebels|wh3_dlc25_vmp_the_court_of_night|wh3_dlc25_vmp_vampire_counts_invasion|wh3_dlc26_vmp_templehof_qb|wh3_main_ie_vmp_sires_of_mourkain|wh3_main_vmp_caravan_of_blue_roses|wh3_main_vmp_lahmian_sisterhood|wh3_main_vmp_nagashizzar|wh_main_vmp_mousillon|wh_main_vmp_rival_sylvanian_vamps|wh_main_vmp_schwartzhafen|wh_main_vmp_vampire_counts|wh_main_vmp_vampire_counts_qb1|wh_main_vmp_vampire_counts_qb2|wh_main_vmp_vampire_counts_qb3|wh_main_vmp_vampire_rebels|wh_main_vmp_waldenhof,false,false,true,true,true,true,,,wh_main_skill_node_set_vmp_vampire,,1,dignitary,false,false,,,,wh3_dlc24_skill_node_all_mentor_hero,wh3_main_skill_all_mentor_hero,{{tr:character_skills_localised_name_wh3_main_skill_all_mentor_lord}},{{tr:character_skills_localised_description_wh3_main_skill_all_mentor_lord}},character_experience.png,30,0,0,0,true,0,3,3,{{tr:character_skills_localised_name_wh3_main_skill_all_mentor_lord}},{{tr:character_skills_localised_description_wh3_main_skill_all_mentor_lord}},49,x,,,,,,,,,,,,,,,,,,,,,,,,,,,,,,,,,,,,character_skill_level_details_tables,wh3_main_skill_all_mentor_hero|3|||
effect,warhammer_3,8.1.1,24237342,Vampire Counts,vampire_counts,wh_main_sc_vmp_vampire_counts,Vampire (Death),Vampire_Death,hero,wh_main_vmp_vampire_death,dignitary,dignitary,wh2_dlc11_vmp_the_barrow_legion|wh2_dlc16_vmp_lahmian_sisterhood|wh2_main_vmp_necrarch_brotherhood|wh2_main_vmp_strygos_empire|wh2_main_vmp_the_silver_host|wh3_dlc21_vmp_jiangshi_rebels|wh3_dlc25_vmp_the_court_of_night|wh3_dlc25_vmp_vampire_counts_invasion|wh3_dlc26_vmp_templehof_qb|wh3_main_ie_vmp_sires_of_mourkain|wh3_main_vmp_caravan_of_blue_roses|wh3_main_vmp_lahmian_sisterhood|wh3_main_vmp_nagashizzar|wh_main_vmp_mousillon|wh_main_vmp_rival_sylvanian_vamps|wh_main_vmp_schwartzhafen|wh_main_vmp_vampire_counts|wh_main_vmp_vampire_counts_qb1|wh_main_vmp_vampire_counts_qb2|wh_main_vmp_vampire_counts_qb3|wh_main_vmp_vampire_rebels|wh_main_vmp_waldenhof,false,false,true,true,true,true,,,wh_main_skill_node_set_vmp_vampire,,1,dignitary,false,false,,,,wh3_dlc24_skill_node_all_mentor_hero,wh3_main_skill_all_mentor_hero,{{tr:character_skills_localised_name_wh3_main_skill_all_mentor_lord}},{{tr:character_skills_localised_description_wh3_main_skill_all_mentor_lord}},character_experience.png,30,0,0,0,true,0,3,1,{{tr:character_skills_localised_name_wh3_main_skill_all_mentor_lord}},{{tr:character_skills_localised_description_wh3_main_skill_all_mentor_lord}},,,,,,wh3_main_effect_character_xp_share_generic_herotext,Character will share %+n% of experience earned between all other active [[img:icon_hero]][[/img]]Heroes of the same type,,character_to_character_own,15,campaign,10,true,experience.png,experience.png,,,,,,,,,,,,,,,,,,,,,,,character_skill_level_to_effects_junctions_tables,wh3_main_skill_all_mentor_hero|wh3_main_effect_character_xp_share_generic_herotext|1|character_to_character_own
effect,warhammer_3,8.1.1,24237342,Vampire Counts,vampire_counts,wh_main_sc_vmp_vampire_counts,Vampire (Death),Vampire_Death,hero,wh_main_vmp_vampire_death,dignitary,dignitary,wh2_dlc11_vmp_the_barrow_legion|wh2_dlc16_vmp_lahmian_sisterhood|wh2_main_vmp_necrarch_brotherhood|wh2_main_vmp_strygos_empire|wh2_main_vmp_the_silver_host|wh3_dlc21_vmp_jiangshi_rebels|wh3_dlc25_vmp_the_court_of_night|wh3_dlc25_vmp_vampire_counts_invasion|wh3_dlc26_vmp_templehof_qb|wh3_main_ie_vmp_sires_of_mourkain|wh3_main_vmp_caravan_of_blue_roses|wh3_main_vmp_lahmian_sisterhood|wh3_main_vmp_nagashizzar|wh_main_vmp_mousillon|wh_main_vmp_rival_sylvanian_vamps|wh_main_vmp_schwartzhafen|wh_main_vmp_vampire_counts|wh_main_vmp_vampire_counts_qb1|wh_main_vmp_vampire_counts_qb2|wh_main_vmp_vampire_counts_qb3|wh_main_vmp_vampire_rebels|wh_main_vmp_waldenhof,false,false,true,true,true,true,,,wh_main_skill_node_set_vmp_vampire,,1,dignitary,false,false,,,,wh3_dlc24_skill_node_all_mentor_hero,wh3_main_skill_all_mentor_hero,{{tr:character_skills_localised_name_wh3_main_skill_all_mentor_lord}},{{tr:character_skills_localised_description_wh3_main_skill_all_mentor_lord}},character_experience.png,30,0,0,0,true,0,3,2,{{tr:character_skills_localised_name_wh3_main_skill_all_mentor_lord}},{{tr:character_skills_localised_description_wh3_main_skill_all_mentor_lord}},,,,,,wh3_main_effect_character_xp_share_generic_herotext,Character will share %+n% of experience earned between all other active [[img:icon_hero]][[/img]]Heroes of the same type,,character_to_character_own,30,campaign,10,true,experience.png,experience.png,,,,,,,,,,,,,,,,,,,,,,,character_skill_level_to_effects_junctions_tables,wh3_main_skill_all_mentor_hero|wh3_main_effect_character_xp_share_generic_herotext|2|character_to_character_own
effect,warhammer_3,8.1.1,24237342,Vampire Counts,vampire_counts,wh_main_sc_vmp_vampire_counts,Vampire (Death),Vampire_Death,hero,wh_main_vmp_vampire_death,dignitary,dignitary,wh2_dlc11_vmp_the_barrow_legion|wh2_dlc16_vmp_lahmian_sisterhood|wh2_main_vmp_necrarch_brotherhood|wh2_main_vmp_strygos_empire|wh2_main_vmp_the_silver_host|wh3_dlc21_vmp_jiangshi_rebels|wh3_dlc25_vmp_the_court_of_night|wh3_dlc25_vmp_vampire_counts_invasion|wh3_dlc26_vmp_templehof_qb|wh3_main_ie_vmp_sires_of_mourkain|wh3_main_vmp_caravan_of_blue_roses|wh3_main_vmp_lahmian_sisterhood|wh3_main_vmp_nagashizzar|wh_main_vmp_mousillon|wh_main_vmp_rival_sylvanian_vamps|wh_main_vmp_schwartzhafen|wh_main_vmp_vampire_counts|wh_main_vmp_vampire_counts_qb1|wh_main_vmp_vampire_counts_qb2|wh_main_vmp_vampire_counts_qb3|wh_main_vmp_vampire_rebels|wh_main_vmp_waldenhof,false,false,true,true,true,true,,,wh_main_skill_node_set_vmp_vampire,,1,dignitary,false,false,,,,wh3_dlc24_skill_node_all_mentor_hero,wh3_main_skill_all_mentor_hero,{{tr:character_skills_localised_name_wh3_main_skill_all_mentor_lord}},{{tr:character_skills_localised_description_wh3_main_skill_all_mentor_lord}},character_experience.png,30,0,0,0,true,0,3,3,{{tr:character_skills_localised_name_wh3_main_skill_all_mentor_lord}},{{tr:character_skills_localised_description_wh3_main_skill_all_mentor_lord}},,,,,,wh3_main_effect_character_xp_share_generic_herotext,Character will share %+n% of experience earned between all other active [[img:icon_hero]][[/img]]Heroes of the same type,,character_to_character_own,50,campaign,10,true,experience.png,experience.png,,,,,,,,,,,,,,,,,,,,,,,character_skill_level_to_effects_junctions_tables,wh3_main_skill_all_mentor_hero|wh3_main_effect_character_xp_share_generic_herotext|3|character_to_character_own
prerequisite,warhammer_3,8.1.1,24237342,Vampire Counts,vampire_counts,wh_main_sc_vmp_vampire_counts,Vampire (Death),Vampire_Death,hero,wh_main_vmp_vampire_death,dignitary,dignitary,wh2_dlc11_vmp_the_barrow_legion|wh2_dlc16_vmp_lahmian_sisterhood|wh2_main_vmp_necrarch_brotherhood|wh2_main_vmp_strygos_empire|wh2_main_vmp_the_silver_host|wh3_dlc21_vmp_jiangshi_rebels|wh3_dlc25_vmp_the_court_of_night|wh3_dlc25_vmp_vampire_counts_invasion|wh3_dlc26_vmp_templehof_qb|wh3_main_ie_vmp_sires_of_mourkain|wh3_main_vmp_caravan_of_blue_roses|wh3_main_vmp_lahmian_sisterhood|wh3_main_vmp_nagashizzar|wh_main_vmp_mousillon|wh_main_vmp_rival_sylvanian_vamps|wh_main_vmp_schwartzhafen|wh_main_vmp_vampire_counts|wh_main_vmp_vampire_counts_qb1|wh_main_vmp_vampire_counts_qb2|wh_main_vmp_vampire_counts_qb3|wh_main_vmp_vampire_rebels|wh_main_vmp_waldenhof,false,false,true,true,true,true,,,wh_main_skill_node_set_vmp_vampire,,1,dignitary,false,false,,,,wh_main_skill_node_vmp_dignitary_magic1_02,wh_main_skill_all_magic_death_03_life_leeching,Life-Leeching,,,,,,,,,,,,,,,,,,,,,,,,,,,,wh_main_skill_node_vmp_dignitary_magic1_01,wh_main_skill_all_magic_death_01_spirit_leech,Spirit Leech,wh_main_skill_node_vmp_dignitary_magic1_02,wh_main_skill_all_magic_death_03_life_leeching,Life-Leeching,REQUIRED,0,1,1,0,0,,,,,,,,,,,character_skill_node_links_tables,wh_main_skill_node_vmp_dignitary_magic1_01|wh_main_skill_node_vmp_dignitary_magic1_02|REQUIRED
prerequisite,warhammer_3,8.1.1,24237342,Vampire Counts,vampire_counts,wh_main_sc_vmp_vampire_counts,Vampire (Death),Vampire_Death,hero,wh_main_vmp_vampire_death,dignitary,dignitary,wh2_dlc11_vmp_the_barrow_legion|wh2_dlc16_vmp_lahmian_sisterhood|wh2_main_vmp_necrarch_brotherhood|wh2_main_vmp_strygos_empire|wh2_main_vmp_the_silver_host|wh3_dlc21_vmp_jiangshi_rebels|wh3_dlc25_vmp_the_court_of_night|wh3_dlc25_vmp_vampire_counts_invasion|wh3_dlc26_vmp_templehof_qb|wh3_main_ie_vmp_sires_of_mourkain|wh3_main_vmp_caravan_of_blue_roses|wh3_main_vmp_lahmian_sisterhood|wh3_main_vmp_nagashizzar|wh_main_vmp_mousillon|wh_main_vmp_rival_sylvanian_vamps|wh_main_vmp_schwartzhafen|wh_main_vmp_vampire_counts|wh_main_vmp_vampire_counts_qb1|wh_main_vmp_vampire_counts_qb2|wh_main_vmp_vampire_counts_qb3|wh_main_vmp_vampire_rebels|wh_main_vmp_waldenhof,false,false,true,true,true,true,,,wh_main_skill_node_set_vmp_vampire,,1,dignitary,false,false,,,,wh_main_skill_node_vmp_dignitary_magic1_03,wh_main_skill_all_magic_death_02_aspect_of_the_dreadknight,Aspect of the Dread Knight,,,,,,,,,,,,,,,,,,,,,,,,,,,,wh_main_skill_node_vmp_dignitary_magic1_01,wh_main_skill_all_magic_death_01_spirit_leech,Spirit Leech,wh_main_skill_node_vmp_dignitary_magic1_03,wh_main_skill_all_magic_death_02_aspect_of_the_dreadknight,Aspect of the Dread Knight,REQUIRED,0,1,1,0,0,,,,,,,,,,,character_skill_node_links_tables,wh_main_skill_node_vmp_dignitary_magic1_01|wh_main_skill_node_vmp_dignitary_magic1_03|REQUIRED
prerequisite,warhammer_3,8.1.1,24237342,Vampire Counts,vampire_counts,wh_main_sc_vmp_vampire_counts,Vampire (Death),Vampire_Death,hero,wh_main_vmp_vampire_death,dignitary,dignitary,wh2_dlc11_vmp_the_barrow_legion|wh2_dlc16_vmp_lahmian_sisterhood|wh2_main_vmp_necrarch_brotherhood|wh2_main_vmp_strygos_empire|wh2_main_vmp_the_silver_host|wh3_dlc21_vmp_jiangshi_rebels|wh3_dlc25_vmp_the_court_of_night|wh3_dlc25_vmp_vampire_counts_invasion|wh3_dlc26_vmp_templehof_qb|wh3_main_ie_vmp_sires_of_mourkain|wh3_main_vmp_caravan_of_blue_roses|wh3_main_vmp_lahmian_sisterhood|wh3_main_vmp_nagashizzar|wh_main_vmp_mousillon|wh_main_vmp_rival_sylvanian_vamps|wh_main_vmp_schwartzhafen|wh_main_vmp_vampire_counts|wh_main_vmp_vampire_counts_qb1|wh_main_vmp_vampire_counts_qb2|wh_main_vmp_vampire_counts_qb3|wh_main_vmp_vampire_rebels|wh_main_vmp_waldenhof,false,false,true,true,true,true,,,wh_main_skill_node_set_vmp_vampire,,1,dignitary,false,false,,,,wh_main_skill_node_vmp_dignitary_magic1_04,wh_main_skill_all_magic_death_04_soulblight,Soulblight,,,,,,,,,,,,,,,,,,,,,,,,,,,,wh_main_skill_node_vmp_dignitary_magic1_01,wh_main_skill_all_magic_death_01_spirit_leech,Spirit Leech,wh_main_skill_node_vmp_dignitary_magic1_04,wh_main_skill_all_magic_death_04_soulblight,Soulblight,REQUIRED,0,1,1,0,0,,,,,,,,,,,character_skill_node_links_tables,wh_main_skill_node_vmp_dignitary_magic1_01|wh_main_skill_node_vmp_dignitary_magic1_04|REQUIRED
prerequisite,warhammer_3,8.1.1,24237342,Vampire Counts,vampire_counts,wh_main_sc_vmp_vampire_counts,Vampire (Death),Vampire_Death,hero,wh_main_vmp_vampire_death,dignitary,dignitary,wh2_dlc11_vmp_the_barrow_legion|wh2_dlc16_vmp_lahmian_sisterhood|wh2_main_vmp_necrarch_brotherhood|wh2_main_vmp_strygos_empire|wh2_main_vmp_the_silver_host|wh3_dlc21_vmp_jiangshi_rebels|wh3_dlc25_vmp_the_court_of_night|wh3_dlc25_vmp_vampire_counts_invasion|wh3_dlc26_vmp_templehof_qb|wh3_main_ie_vmp_sires_of_mourkain|wh3_main_vmp_caravan_of_blue_roses|wh3_main_vmp_lahmian_sisterhood|wh3_main_vmp_nagashizzar|wh_main_vmp_mousillon|wh_main_vmp_rival_sylvanian_vamps|wh_main_vmp_schwartzhafen|wh_main_vmp_vampire_counts|wh_main_vmp_vampire_counts_qb1|wh_main_vmp_vampire_counts_qb2|wh_main_vmp_vampire_counts_qb3|wh_main_vmp_vampire_rebels|wh_main_vmp_waldenhof,false,false,true,true,true,true,,,wh_main_skill_node_set_vmp_vampire,,1,dignitary,false,false,,,,wh_main_skill_node_vmp_dignitary_magic1_05,wh_main_skill_all_magic_death_05_doom_and_darkness,Doom & Darkness,,,,,,,,,,,,,,,,,,,,,,,,,,,,wh_main_skill_node_vmp_dignitary_magic1_01,wh_main_skill_all_magic_death_01_spirit_leech,Spirit Leech,wh_main_skill_node_vmp_dignitary_magic1_05,wh_main_skill_all_magic_death_05_doom_and_darkness,Doom & Darkness,REQUIRED,0,1,1,0,0,,,,,,,,,,,character_skill_node_links_tables,wh_main_skill_node_vmp_dignitary_magic1_01|wh_main_skill_node_vmp_dignitary_magic1_05|REQUIRED
prerequisite,warhammer_3,8.1.1,24237342,Vampire Counts,vampire_counts,wh_main_sc_vmp_vampire_counts,Vampire (Death),Vampire_Death,hero,wh_main_vmp_vampire_death,dignitary,dignitary,wh2_dlc11_vmp_the_barrow_legion|wh2_dlc16_vmp_lahmian_sisterhood|wh2_main_vmp_necrarch_brotherhood|wh2_main_vmp_strygos_empire|wh2_main_vmp_the_silver_host|wh3_dlc21_vmp_jiangshi_rebels|wh3_dlc25_vmp_the_court_of_night|wh3_dlc25_vmp_vampire_counts_invasion|wh3_dlc26_vmp_templehof_qb|wh3_main_ie_vmp_sires_of_mourkain|wh3_main_vmp_caravan_of_blue_roses|wh3_main_vmp_lahmian_sisterhood|wh3_main_vmp_nagashizzar|wh_main_vmp_mousillon|wh_main_vmp_rival_sylvanian_vamps|wh_main_vmp_schwartzhafen|wh_main_vmp_vampire_counts|wh_main_vmp_vampire_counts_qb1|wh_main_vmp_vampire_counts_qb2|wh_main_vmp_vampire_counts_qb3|wh_main_vmp_vampire_rebels|wh_main_vmp_waldenhof,false,false,true,true,true,true,,,wh_main_skill_node_set_vmp_vampire,,1,dignitary,false,false,,,,wh_main_skill_node_vmp_dignitary_magic1_06,wh_main_skill_all_magic_all_06_evasion,Evasion,,,,,,,,,,,,,,,,,,,,,,,,,,,,wh_main_skill_node_vmp_dignitary_magic1_02,wh_main_skill_all_magic_death_03_life_leeching,Life-Leeching,wh_main_skill_node_vmp_dignitary_magic1_06,wh_main_skill_all_magic_all_06_evasion,Evasion,SUBSET_REQUIRED,0,1,1,0,0,,,,,,,,,,,character_skill_node_links_tables,wh_main_skill_node_vmp_dignitary_magic1_02|wh_main_skill_node_vmp_dignitary_magic1_06|SUBSET_REQUIRED
prerequisite,warhammer_3,8.1.1,24237342,Vampire Counts,vampire_counts,wh_main_sc_vmp_vampire_counts,Vampire (Death),Vampire_Death,hero,wh_main_vmp_vampire_death,dignitary,dignitary,wh2_dlc11_vmp_the_barrow_legion|wh2_dlc16_vmp_lahmian_sisterhood|wh2_main_vmp_necrarch_brotherhood|wh2_main_vmp_strygos_empire|wh2_main_vmp_the_silver_host|wh3_dlc21_vmp_jiangshi_rebels|wh3_dlc25_vmp_the_court_of_night|wh3_dlc25_vmp_vampire_counts_invasion|wh3_dlc26_vmp_templehof_qb|wh3_main_ie_vmp_sires_of_mourkain|wh3_main_vmp_caravan_of_blue_roses|wh3_main_vmp_lahmian_sisterhood|wh3_main_vmp_nagashizzar|wh_main_vmp_mousillon|wh_main_vmp_rival_sylvanian_vamps|wh_main_vmp_schwartzhafen|wh_main_vmp_vampire_counts|wh_main_vmp_vampire_counts_qb1|wh_main_vmp_vampire_counts_qb2|wh_main_vmp_vampire_counts_qb3|wh_main_vmp_vampire_rebels|wh_main_vmp_waldenhof,false,false,true,true,true,true,,,wh_main_skill_node_set_vmp_vampire,,1,dignitary,false,false,,,,wh_main_skill_node_vmp_dignitary_magic1_06,wh_main_skill_all_magic_all_06_evasion,Evasion,,,,,,,,,,,,,,,,,,,,,,,,,,,,wh_main_skill_node_vmp_dignitary_magic1_03,wh_main_skill_all_magic_death_02_aspect_of_the_dreadknight,Aspect of the Dread Knight,wh_main_skill_node_vmp_dignitary_magic1_06,wh_main_skill_all_magic_all_06_evasion,Evasion,SUBSET_REQUIRED,0,1,1,0,0,,,,,,,,,,,character_skill_node_links_tables,wh_main_skill_node_vmp_dignitary_magic1_03|wh_main_skill_node_vmp_dignitary_magic1_06|SUBSET_REQUIRED
prerequisite,warhammer_3,8.1.1,24237342,Vampire Counts,vampire_counts,wh_main_sc_vmp_vampire_counts,Vampire (Death),Vampire_Death,hero,wh_main_vmp_vampire_death,dignitary,dignitary,wh2_dlc11_vmp_the_barrow_legion|wh2_dlc16_vmp_lahmian_sisterhood|wh2_main_vmp_necrarch_brotherhood|wh2_main_vmp_strygos_empire|wh2_main_vmp_the_silver_host|wh3_dlc21_vmp_jiangshi_rebels|wh3_dlc25_vmp_the_court_of_night|wh3_dlc25_vmp_vampire_counts_invasion|wh3_dlc26_vmp_templehof_qb|wh3_main_ie_vmp_sires_of_mourkain|wh3_main_vmp_caravan_of_blue_roses|wh3_main_vmp_lahmian_sisterhood|wh3_main_vmp_nagashizzar|wh_main_vmp_mousillon|wh_main_vmp_rival_sylvanian_vamps|wh_main_vmp_schwartzhafen|wh_main_vmp_vampire_counts|wh_main_vmp_vampire_counts_qb1|wh_main_vmp_vampire_counts_qb2|wh_main_vmp_vampire_counts_qb3|wh_main_vmp_vampire_rebels|wh_main_vmp_waldenhof,false,false,true,true,true,true,,,wh_main_skill_node_set_vmp_vampire,,1,dignitary,false,false,,,,wh_main_skill_node_vmp_dignitary_magic1_06,wh_main_skill_all_magic_all_06_evasion,Evasion,,,,,,,,,,,,,,,,,,,,,,,,,,,,wh_main_skill_node_vmp_dignitary_magic1_04,wh_main_skill_all_magic_death_04_soulblight,Soulblight,wh_main_skill_node_vmp_dignitary_magic1_06,wh_main_skill_all_magic_all_06_evasion,Evasion,SUBSET_REQUIRED,0,1,1,0,0,,,,,,,,,,,character_skill_node_links_tables,wh_main_skill_node_vmp_dignitary_magic1_04|wh_main_skill_node_vmp_dignitary_magic1_06|SUBSET_REQUIRED
prerequisite,warhammer_3,8.1.1,24237342,Vampire Counts,vampire_counts,wh_main_sc_vmp_vampire_counts,Vampire (Death),Vampire_Death,hero,wh_main_vmp_vampire_death,dignitary,dignitary,wh2_dlc11_vmp_the_barrow_legion|wh2_dlc16_vmp_lahmian_sisterhood|wh2_main_vmp_necrarch_brotherhood|wh2_main_vmp_strygos_empire|wh2_main_vmp_the_silver_host|wh3_dlc21_vmp_jiangshi_rebels|wh3_dlc25_vmp_the_court_of_night|wh3_dlc25_vmp_vampire_counts_invasion|wh3_dlc26_vmp_templehof_qb|wh3_main_ie_vmp_sires_of_mourkain|wh3_main_vmp_caravan_of_blue_roses|wh3_main_vmp_lahmian_sisterhood|wh3_main_vmp_nagashizzar|wh_main_vmp_mousillon|wh_main_vmp_rival_sylvanian_vamps|wh_main_vmp_schwartzhafen|wh_main_vmp_vampire_counts|wh_main_vmp_vampire_counts_qb1|wh_main_vmp_vampire_counts_qb2|wh_main_vmp_vampire_counts_qb3|wh_main_vmp_vampire_rebels|wh_main_vmp_waldenhof,false,false,true,true,true,true,,,wh_main_skill_node_set_vmp_vampire,,1,dignitary,false,false,,,,wh_main_skill_node_vmp_dignitary_magic1_06,wh_main_skill_all_magic_all_06_evasion,Evasion,,,,,,,,,,,,,,,,,,,,,,,,,,,,wh_main_skill_node_vmp_dignitary_magic1_05,wh_main_skill_all_magic_death_05_doom_and_darkness,Doom & Darkness,wh_main_skill_node_vmp_dignitary_magic1_06,wh_main_skill_all_magic_all_06_evasion,Evasion,SUBSET_REQUIRED,0,1,1,0,0,,,,,,,,,,,character_skill_node_links_tables,wh_main_skill_node_vmp_dignitary_magic1_05|wh_main_skill_node_vmp_dignitary_magic1_06|SUBSET_REQUIRED
prerequisite,warhammer_3,8.1.1,24237342,Vampire Counts,vampire_counts,wh_main_sc_vmp_vampire_counts,Vampire (Death),Vampire_Death,hero,wh_main_vmp_vampire_death,dignitary,dignitary,wh2_dlc11_vmp_the_barrow_legion|wh2_dlc16_vmp_lahmian_sisterhood|wh2_main_vmp_necrarch_brotherhood|wh2_main_vmp_strygos_empire|wh2_main_vmp_the_silver_host|wh3_dlc21_vmp_jiangshi_rebels|wh3_dlc25_vmp_the_court_of_night|wh3_dlc25_vmp_vampire_counts_invasion|wh3_dlc26_vmp_templehof_qb|wh3_main_ie_vmp_sires_of_mourkain|wh3_main_vmp_caravan_of_blue_roses|wh3_main_vmp_lahmian_sisterhood|wh3_main_vmp_nagashizzar|wh_main_vmp_mousillon|wh_main_vmp_rival_sylvanian_vamps|wh_main_vmp_schwartzhafen|wh_main_vmp_vampire_counts|wh_main_vmp_vampire_counts_qb1|wh_main_vmp_vampire_counts_qb2|wh_main_vmp_vampire_counts_qb3|wh_main_vmp_vampire_rebels|wh_main_vmp_waldenhof,false,false,true,true,true,true,,,wh_main_skill_node_set_vmp_vampire,,1,dignitary,false,false,,,,wh_main_skill_node_vmp_dignitary_magic1_07,wh_main_skill_all_magic_all_07_earthing,Earthing,,,,,,,,,,,,,,,,,,,,,,,,,,,,wh_main_skill_node_vmp_dignitary_magic1_06,wh_main_skill_all_magic_all_06_evasion,Evasion,wh_main_skill_node_vmp_dignitary_magic1_07,wh_main_skill_all_magic_all_07_earthing,Earthing,REQUIRED,0,1,1,0,0,,,,,,,,,,,character_skill_node_links_tables,wh_main_skill_node_vmp_dignitary_magic1_06|wh_main_skill_node_vmp_dignitary_magic1_07|REQUIRED
prerequisite,warhammer_3,8.1.1,24237342,Vampire Counts,vampire_counts,wh_main_sc_vmp_vampire_counts,Vampire (Death),Vampire_Death,hero,wh_main_vmp_vampire_death,dignitary,dignitary,wh2_dlc11_vmp_the_barrow_legion|wh2_dlc16_vmp_lahmian_sisterhood|wh2_main_vmp_necrarch_brotherhood|wh2_main_vmp_strygos_empire|wh2_main_vmp_the_silver_host|wh3_dlc21_vmp_jiangshi_rebels|wh3_dlc25_vmp_the_court_of_night|wh3_dlc25_vmp_vampire_counts_invasion|wh3_dlc26_vmp_templehof_qb|wh3_main_ie_vmp_sires_of_mourkain|wh3_main_vmp_caravan_of_blue_roses|wh3_main_vmp_lahmian_sisterhood|wh3_main_vmp_nagashizzar|wh_main_vmp_mousillon|wh_main_vmp_rival_sylvanian_vamps|wh_main_vmp_schwartzhafen|wh_main_vmp_vampire_counts|wh_main_vmp_vampire_counts_qb1|wh_main_vmp_vampire_counts_qb2|wh_main_vmp_vampire_counts_qb3|wh_main_vmp_vampire_rebels|wh_main_vmp_waldenhof,false,false,true,true,true,true,,,wh_main_skill_node_set_vmp_vampire,,1,dignitary,false,false,,,,wh_main_skill_node_vmp_dignitary_magic1_08,wh_main_skill_all_magic_all_08_power_drain,Magical Reserves,,,,,,,,,,,,,,,,,,,,,,,,,,,,wh_main_skill_node_vmp_dignitary_magic1_06,wh_main_skill_all_magic_all_06_evasion,Evasion,wh_main_skill_node_vmp_dignitary_magic1_08,wh_main_skill_all_magic_all_08_power_drain,Magical Reserves,REQUIRED,0,1,1,0,0,,,,,,,,,,,character_skill_node_links_tables,wh_main_skill_node_vmp_dignitary_magic1_06|wh_main_skill_node_vmp_dignitary_magic1_08|REQUIRED
prerequisite,warhammer_3,8.1.1,24237342,Vampire Counts,vampire_counts,wh_main_sc_vmp_vampire_counts,Vampire (Death),Vampire_Death,hero,wh_main_vmp_vampire_death,dignitary,dignitary,wh2_dlc11_vmp_the_barrow_legion|wh2_dlc16_vmp_lahmian_sisterhood|wh2_main_vmp_necrarch_brotherhood|wh2_main_vmp_strygos_empire|wh2_main_vmp_the_silver_host|wh3_dlc21_vmp_jiangshi_rebels|wh3_dlc25_vmp_the_court_of_night|wh3_dlc25_vmp_vampire_counts_invasion|wh3_dlc26_vmp_templehof_qb|wh3_main_ie_vmp_sires_of_mourkain|wh3_main_vmp_caravan_of_blue_roses|wh3_main_vmp_lahmian_sisterhood|wh3_main_vmp_nagashizzar|wh_main_vmp_mousillon|wh_main_vmp_rival_sylvanian_vamps|wh_main_vmp_schwartzhafen|wh_main_vmp_vampire_counts|wh_main_vmp_vampire_counts_qb1|wh_main_vmp_vampire_counts_qb2|wh_main_vmp_vampire_counts_qb3|wh_main_vmp_vampire_rebels|wh_main_vmp_waldenhof,false,false,true,true,true,true,,,wh_main_skill_node_set_vmp_vampire,,1,dignitary,false,false,,,,wh_main_skill_node_vmp_dignitary_magic1_09,wh_main_skill_all_magic_death_09_the_fate_of_bjuna,The Fate of Bjuna,,,,,,,,,,,,,,,,,,,,,,,,,,,,wh_main_skill_node_vmp_dignitary_magic1_06,wh_main_skill_all_magic_all_06_evasion,Evasion,wh_main_skill_node_vmp_dignitary_magic1_09,wh_main_skill_all_magic_death_09_the_fate_of_bjuna,The Fate of Bjuna,REQUIRED,0,1,1,0,0,,,,,,,,,,,character_skill_node_links_tables,wh_main_skill_node_vmp_dignitary_magic1_06|wh_main_skill_node_vmp_dignitary_magic1_09|REQUIRED
prerequisite,warhammer_3,8.1.1,24237342,Vampire Counts,vampire_counts,wh_main_sc_vmp_vampire_counts,Vampire (Death),Vampire_Death,hero,wh_main_vmp_vampire_death,dignitary,dignitary,wh2_dlc11_vmp_the_barrow_legion|wh2_dlc16_vmp_lahmian_sisterhood|wh2_main_vmp_necrarch_brotherhood|wh2_main_vmp_strygos_empire|wh2_main_vmp_the_silver_host|wh3_dlc21_vmp_jiangshi_rebels|wh3_dlc25_vmp_the_court_of_night|wh3_dlc25_vmp_vampire_counts_invasion|wh3_dlc26_vmp_templehof_qb|wh3_main_ie_vmp_sires_of_mourkain|wh3_main_vmp_caravan_of_blue_roses|wh3_main_vmp_lahmian_sisterhood|wh3_main_vmp_nagashizzar|wh_main_vmp_mousillon|wh_main_vmp_rival_sylvanian_vamps|wh_main_vmp_schwartzhafen|wh_main_vmp_vampire_counts|wh_main_vmp_vampire_counts_qb1|wh_main_vmp_vampire_counts_qb2|wh_main_vmp_vampire_counts_qb3|wh_main_vmp_vampire_rebels|wh_main_vmp_waldenhof,false,false,true,true,true,true,,,wh_main_skill_node_set_vmp_vampire,,1,dignitary,false,false,,,,wh_main_skill_node_vmp_dignitary_magic1_10,wh_main_skill_all_magic_death_10_the_purple_sun_of_xereus,The Purple Sun of Xereus,,,,,,,,,,,,,,,,,,,,,,,,,,,,wh_main_skill_node_vmp_dignitary_magic1_06,wh_main_skill_all_magic_all_06_evasion,Evasion,wh_main_skill_node_vmp_dignitary_magic1_10,wh_main_skill_all_magic_death_10_the_purple_sun_of_xereus,The Purple Sun of Xereus,REQUIRED,0,1,1,0,0,,,,,,,,,,,character_skill_node_links_tables,wh_main_skill_node_vmp_dignitary_magic1_06|wh_main_skill_node_vmp_dignitary_magic1_10|REQUIRED
prerequisite,warhammer_3,8.1.1,24237342,Vampire Counts,vampire_counts,wh_main_sc_vmp_vampire_counts,Vampire (Death),Vampire_Death,hero,wh_main_vmp_vampire_death,dignitary,dignitary,wh2_dlc11_vmp_the_barrow_legion|wh2_dlc16_vmp_lahmian_sisterhood|wh2_main_vmp_necrarch_brotherhood|wh2_main_vmp_strygos_empire|wh2_main_vmp_the_silver_host|wh3_dlc21_vmp_jiangshi_rebels|wh3_dlc25_vmp_the_court_of_night|wh3_dlc25_vmp_vampire_counts_invasion|wh3_dlc26_vmp_templehof_qb|wh3_main_ie_vmp_sires_of_mourkain|wh3_main_vmp_caravan_of_blue_roses|wh3_main_vmp_lahmian_sisterhood|wh3_main_vmp_nagashizzar|wh_main_vmp_mousillon|wh_main_vmp_rival_sylvanian_vamps|wh_main_vmp_schwartzhafen|wh_main_vmp_vampire_counts|wh_main_vmp_vampire_counts_qb1|wh_main_vmp_vampire_counts_qb2|wh_main_vmp_vampire_counts_qb3|wh_main_vmp_vampire_rebels|wh_main_vmp_waldenhof,false,false,true,true,true,true,,,wh_main_skill_node_set_vmp_vampire,,1,dignitary,false,false,,,,wh_main_skill_node_vmp_dignitary_magic1_11,wh_main_skill_all_magic_all_11_arcane_conduit,Arcane Conduit,,,,,,,,,,,,,,,,,,,,,,,,,,,,wh_main_skill_node_vmp_dignitary_magic1_07,wh_main_skill_all_magic_all_07_earthing,Earthing,wh_main_skill_node_vmp_dignitary_magic1_11,wh_main_skill_all_magic_all_11_arcane_conduit,Arcane Conduit,SUBSET_REQUIRED,0,1,1,0,0,,,,,,,,,,,character_skill_node_links_tables,wh_main_skill_node_vmp_dignitary_magic1_07|wh_main_skill_node_vmp_dignitary_magic1_11|SUBSET_REQUIRED
prerequisite,warhammer_3,8.1.1,24237342,Vampire Counts,vampire_counts,wh_main_sc_vmp_vampire_counts,Vampire (Death),Vampire_Death,hero,wh_main_vmp_vampire_death,dignitary,dignitary,wh2_dlc11_vmp_the_barrow_legion|wh2_dlc16_vmp_lahmian_sisterhood|wh2_main_vmp_necrarch_brotherhood|wh2_main_vmp_strygos_empire|wh2_main_vmp_the_silver_host|wh3_dlc21_vmp_jiangshi_rebels|wh3_dlc25_vmp_the_court_of_night|wh3_dlc25_vmp_vampire_counts_invasion|wh3_dlc26_vmp_templehof_qb|wh3_main_ie_vmp_sires_of_mourkain|wh3_main_vmp_caravan_of_blue_roses|wh3_main_vmp_lahmian_sisterhood|wh3_main_vmp_nagashizzar|wh_main_vmp_mousillon|wh_main_vmp_rival_sylvanian_vamps|wh_main_vmp_schwartzhafen|wh_main_vmp_vampire_counts|wh_main_vmp_vampire_counts_qb1|wh_main_vmp_vampire_counts_qb2|wh_main_vmp_vampire_counts_qb3|wh_main_vmp_vampire_rebels|wh_main_vmp_waldenhof,false,false,true,true,true,true,,,wh_main_skill_node_set_vmp_vampire,,1,dignitary,false,false,,,,wh_main_skill_node_vmp_dignitary_magic1_11,wh_main_skill_all_magic_all_11_arcane_conduit,Arcane Conduit,,,,,,,,,,,,,,,,,,,,,,,,,,,,wh_main_skill_node_vmp_dignitary_magic1_08,wh_main_skill_all_magic_all_08_power_drain,Magical Reserves,wh_main_skill_node_vmp_dignitary_magic1_11,wh_main_skill_all_magic_all_11_arcane_conduit,Arcane Conduit,SUBSET_REQUIRED,0,1,1,0,0,,,,,,,,,,,character_skill_node_links_tables,wh_main_skill_node_vmp_dignitary_magic1_08|wh_main_skill_node_vmp_dignitary_magic1_11|SUBSET_REQUIRED
prerequisite,warhammer_3,8.1.1,24237342,Vampire Counts,vampire_counts,wh_main_sc_vmp_vampire_counts,Vampire (Death),Vampire_Death,hero,wh_main_vmp_vampire_death,dignitary,dignitary,wh2_dlc11_vmp_the_barrow_legion|wh2_dlc16_vmp_lahmian_sisterhood|wh2_main_vmp_necrarch_brotherhood|wh2_main_vmp_strygos_empire|wh2_main_vmp_the_silver_host|wh3_dlc21_vmp_jiangshi_rebels|wh3_dlc25_vmp_the_court_of_night|wh3_dlc25_vmp_vampire_counts_invasion|wh3_dlc26_vmp_templehof_qb|wh3_main_ie_vmp_sires_of_mourkain|wh3_main_vmp_caravan_of_blue_roses|wh3_main_vmp_lahmian_sisterhood|wh3_main_vmp_nagashizzar|wh_main_vmp_mousillon|wh_main_vmp_rival_sylvanian_vamps|wh_main_vmp_schwartzhafen|wh_main_vmp_vampire_counts|wh_main_vmp_vampire_counts_qb1|wh_main_vmp_vampire_counts_qb2|wh_main_vmp_vampire_counts_qb3|wh_main_vmp_vampire_rebels|wh_main_vmp_waldenhof,false,false,true,true,true,true,,,wh_main_skill_node_set_vmp_vampire,,1,dignitary,false,false,,,,wh_main_skill_node_vmp_dignitary_magic1_11,wh_main_skill_all_magic_all_11_arcane_conduit,Arcane Conduit,,,,,,,,,,,,,,,,,,,,,,,,,,,,wh_main_skill_node_vmp_dignitary_magic1_09,wh_main_skill_all_magic_death_09_the_fate_of_bjuna,The Fate of Bjuna,wh_main_skill_node_vmp_dignitary_magic1_11,wh_main_skill_all_magic_all_11_arcane_conduit,Arcane Conduit,SUBSET_REQUIRED,0,1,1,0,0,,,,,,,,,,,character_skill_node_links_tables,wh_main_skill_node_vmp_dignitary_magic1_09|wh_main_skill_node_vmp_dignitary_magic1_11|SUBSET_REQUIRED
prerequisite,warhammer_3,8.1.1,24237342,Vampire Counts,vampire_counts,wh_main_sc_vmp_vampire_counts,Vampire (Death),Vampire_Death,hero,wh_main_vmp_vampire_death,dignitary,dignitary,wh2_dlc11_vmp_the_barrow_legion|wh2_dlc16_vmp_lahmian_sisterhood|wh2_main_vmp_necrarch_brotherhood|wh2_main_vmp_strygos_empire|wh2_main_vmp_the_silver_host|wh3_dlc21_vmp_jiangshi_rebels|wh3_dlc25_vmp_the_court_of_night|wh3_dlc25_vmp_vampire_counts_invasion|wh3_dlc26_vmp_templehof_qb|wh3_main_ie_vmp_sires_of_mourkain|wh3_main_vmp_caravan_of_blue_roses|wh3_main_vmp_lahmian_sisterhood|wh3_main_vmp_nagashizzar|wh_main_vmp_mousillon|wh_main_vmp_rival_sylvanian_vamps|wh_main_vmp_schwartzhafen|wh_main_vmp_vampire_counts|wh_main_vmp_vampire_counts_qb1|wh_main_vmp_vampire_counts_qb2|wh_main_vmp_vampire_counts_qb3|wh_main_vmp_vampire_rebels|wh_main_vmp_waldenhof,false,false,true,true,true,true,,,wh_main_skill_node_set_vmp_vampire,,1,dignitary,false,false,,,,wh_main_skill_node_vmp_dignitary_magic1_11,wh_main_skill_all_magic_all_11_arcane_conduit,Arcane Conduit,,,,,,,,,,,,,,,,,,,,,,,,,,,,wh_main_skill_node_vmp_dignitary_magic1_10,wh_main_skill_all_magic_death_10_the_purple_sun_of_xereus,The Purple Sun of Xereus,wh_main_skill_node_vmp_dignitary_magic1_11,wh_main_skill_all_magic_all_11_arcane_conduit,Arcane Conduit,SUBSET_REQUIRED,0,1,1,0,0,,,,,,,,,,,character_skill_node_links_tables,wh_main_skill_node_vmp_dignitary_magic1_10|wh_main_skill_node_vmp_dignitary_magic1_11|SUBSET_REQUIRED
prerequisite,warhammer_3,8.1.1,24237342,Vampire Counts,vampire_counts,wh_main_sc_vmp_vampire_counts,Vampire (Death),Vampire_Death,hero,wh_main_vmp_vampire_death,dignitary,dignitary,wh2_dlc11_vmp_the_barrow_legion|wh2_dlc16_vmp_lahmian_sisterhood|wh2_main_vmp_necrarch_brotherhood|wh2_main_vmp_strygos_empire|wh2_main_vmp_the_silver_host|wh3_dlc21_vmp_jiangshi_rebels|wh3_dlc25_vmp_the_court_of_night|wh3_dlc25_vmp_vampire_counts_invasion|wh3_dlc26_vmp_templehof_qb|wh3_main_ie_vmp_sires_of_mourkain|wh3_main_vmp_caravan_of_blue_roses|wh3_main_vmp_lahmian_sisterhood|wh3_main_vmp_nagashizzar|wh_main_vmp_mousillon|wh_main_vmp_rival_sylvanian_vamps|wh_main_vmp_schwartzhafen|wh_main_vmp_vampire_counts|wh_main_vmp_vampire_counts_qb1|wh_main_vmp_vampire_counts_qb2|wh_main_vmp_vampire_counts_qb3|wh_main_vmp_vampire_rebels|wh_main_vmp_waldenhof,false,false,true,true,true,true,,,wh_main_skill_node_set_vmp_vampire,,1,dignitary,false,false,,,,wh_main_skill_node_vmp_dignitary_self_02,wh_main_skill_all_dignitary_self_impassioned,Impassioned,,,,,,,,,,,,,,,,,,,,,,,,,,,,wh_main_skill_node_vmp_dignitary_self_01,wh_main_skill_all_dignitary_self_safeguard,Safeguard,wh_main_skill_node_vmp_dignitary_self_02,wh_main_skill_all_dignitary_self_impassioned,Impassioned,REQUIRED,0,1,1,0,0,,,,,,,,,,,character_skill_node_links_tables,wh_main_skill_node_vmp_dignitary_self_01|wh_main_skill_node_vmp_dignitary_self_02|REQUIRED
prerequisite,warhammer_3,8.1.1,24237342,Vampire Counts,vampire_counts,wh_main_sc_vmp_vampire_counts,Vampire (Death),Vampire_Death,hero,wh_main_vmp_vampire_death,dignitary,dignitary,wh2_dlc11_vmp_the_barrow_legion|wh2_dlc16_vmp_lahmian_sisterhood|wh2_main_vmp_necrarch_brotherhood|wh2_main_vmp_strygos_empire|wh2_main_vmp_the_silver_host|wh3_dlc21_vmp_jiangshi_rebels|wh3_dlc25_vmp_the_court_of_night|wh3_dlc25_vmp_vampire_counts_invasion|wh3_dlc26_vmp_templehof_qb|wh3_main_ie_vmp_sires_of_mourkain|wh3_main_vmp_caravan_of_blue_roses|wh3_main_vmp_lahmian_sisterhood|wh3_main_vmp_nagashizzar|wh_main_vmp_mousillon|wh_main_vmp_rival_sylvanian_vamps|wh_main_vmp_schwartzhafen|wh_main_vmp_vampire_counts|wh_main_vmp_vampire_counts_qb1|wh_main_vmp_vampire_counts_qb2|wh_main_vmp_vampire_counts_qb3|wh_main_vmp_vampire_rebels|wh_main_vmp_waldenhof,false,false,true,true,true,true,,,wh_main_skill_node_set_vmp_vampire,,1,dignitary,false,false,,,,wh_main_skill_node_vmp_dignitary_self_03,wh_main_skill_all_dignitary_self_wild-eyed,Wild-Eyed,,,,,,,,,,,,,,,,,,,,,,,,,,,,wh_main_skill_node_vmp_dignitary_self_01,wh_main_skill_all_dignitary_self_safeguard,Safeguard,wh_main_skill_node_vmp_dignitary_self_03,wh_main_skill_all_dignitary_self_wild-eyed,Wild-Eyed,REQUIRED,0,1,1,0,0,,,,,,,,,,,character_skill_node_links_tables,wh_main_skill_node_vmp_dignitary_self_01|wh_main_skill_node_vmp_dignitary_self_03|REQUIRED
prerequisite,warhammer_3,8.1.1,24237342,Vampire Counts,vampire_counts,wh_main_sc_vmp_vampire_counts,Vampire (Death),Vampire_Death,hero,wh_main_vmp_vampire_death,dignitary,dignitary,wh2_dlc11_vmp_the_barrow_legion|wh2_dlc16_vmp_lahmian_sisterhood|wh2_main_vmp_necrarch_brotherhood|wh2_main_vmp_strygos_empire|wh2_main_vmp_the_silver_host|wh3_dlc21_vmp_jiangshi_rebels|wh3_dlc25_vmp_the_court_of_night|wh3_dlc25_vmp_vampire_counts_invasion|wh3_dlc26_vmp_templehof_qb|wh3_main_ie_vmp_sires_of_mourkain|wh3_main_vmp_caravan_of_blue_roses|wh3_main_vmp_lahmian_sisterhood|wh3_main_vmp_nagashizzar|wh_main_vmp_mousillon|wh_main_vmp_rival_sylvanian_vamps|wh_main_vmp_schwartzhafen|wh_main_vmp_vampire_counts|wh_main_vmp_vampire_counts_qb1|wh_main_vmp_vampire_counts_qb2|wh_main_vmp_vampire_counts_qb3|wh_main_vmp_vampire_rebels|wh_main_vmp_waldenhof,false,false,true,true,true,true,,,wh_main_skill_node_set_vmp_vampire,,1,dignitary,false,false,,,,wh_main_skill_node_vmp_dignitary_self_04,wh_main_skill_all_dignitary_self_conviction,Conviction,,,,,,,,,,,,,,,,,,,,,,,,,,,,wh_main_skill_node_vmp_dignitary_self_01,wh_main_skill_all_dignitary_self_safeguard,Safeguard,wh_main_skill_node_vmp_dignitary_self_04,wh_main_skill_all_dignitary_self_conviction,Conviction,REQUIRED,0,1,1,0,0,,,,,,,,,,,character_skill_node_links_tables,wh_main_skill_node_vmp_dignitary_self_01|wh_main_skill_node_vmp_dignitary_self_04|REQUIRED
prerequisite,warhammer_3,8.1.1,24237342,Vampire Counts,vampire_counts,wh_main_sc_vmp_vampire_counts,Vampire (Death),Vampire_Death,hero,wh_main_vmp_vampire_death,dignitary,dignitary,wh2_dlc11_vmp_the_barrow_legion|wh2_dlc16_vmp_lahmian_sisterhood|wh2_main_vmp_necrarch_brotherhood|wh2_main_vmp_strygos_empire|wh2_main_vmp_the_silver_host|wh3_dlc21_vmp_jiangshi_rebels|wh3_dlc25_vmp_the_court_of_night|wh3_dlc25_vmp_vampire_counts_invasion|wh3_dlc26_vmp_templehof_qb|wh3_main_ie_vmp_sires_of_mourkain|wh3_main_vmp_caravan_of_blue_roses|wh3_main_vmp_lahmian_sisterhood|wh3_main_vmp_nagashizzar|wh_main_vmp_mousillon|wh_main_vmp_rival_sylvanian_vamps|wh_main_vmp_schwartzhafen|wh_main_vmp_vampire_counts|wh_main_vmp_vampire_counts_qb1|wh_main_vmp_vampire_counts_qb2|wh_main_vmp_vampire_counts_qb3|wh_main_vmp_vampire_rebels|wh_main_vmp_waldenhof,false,false,true,true,true,true,,,wh_main_skill_node_set_vmp_vampire,,1,dignitary,false,false,,,,wh_main_skill_node_vmp_dignitary_self_05,wh_main_skill_all_dignitary_self_soothsaying,Soothsaying,,,,,,,,,,,,,,,,,,,,,,,,,,,,wh_main_skill_node_vmp_dignitary_self_01,wh_main_skill_all_dignitary_self_safeguard,Safeguard,wh_main_skill_node_vmp_dignitary_self_05,wh_main_skill_all_dignitary_self_soothsaying,Soothsaying,REQUIRED,0,1,1,0,0,,,,,,,,,,,character_skill_node_links_tables,wh_main_skill_node_vmp_dignitary_self_01|wh_main_skill_node_vmp_dignitary_self_05|REQUIRED
prerequisite,warhammer_3,8.1.1,24237342,Vampire Counts,vampire_counts,wh_main_sc_vmp_vampire_counts,Vampire (Death),Vampire_Death,hero,wh_main_vmp_vampire_death,dignitary,dignitary,wh2_dlc11_vmp_the_barrow_legion|wh2_dlc16_vmp_lahmian_sisterhood|wh2_main_vmp_necrarch_brotherhood|wh2_main_vmp_strygos_empire|wh2_main_vmp_the_silver_host|wh3_dlc21_vmp_jiangshi_rebels|wh3_dlc25_vmp_the_court_of_night|wh3_dlc25_vmp_vampire_counts_invasion|wh3_dlc26_vmp_templehof_qb|wh3_main_ie_vmp_sires_of_mourkain|wh3_main_vmp_caravan_of_blue_roses|wh3_main_vmp_lahmian_sisterhood|wh3_main_vmp_nagashizzar|wh_main_vmp_mousillon|wh_main_vmp_rival_sylvanian_vamps|wh_main_vmp_schwartzhafen|wh_main_vmp_vampire_counts|wh_main_vmp_vampire_counts_qb1|wh_main_vmp_vampire_counts_qb2|wh_main_vmp_vampire_counts_qb3|wh_main_vmp_vampire_rebels|wh_main_vmp_waldenhof,false,false,true,true,true,true,,,wh_main_skill_node_set_vmp_vampire,,1,dignitary,false,false,,,,wh_main_skill_node_vmp_dignitary_self_06,wh_main_skill_vmp_dignitary_self_immortal_will,Immortal Will,,,,,,,,,,,,,,,,,,,,,,,,,,,,wh_main_skill_node_vmp_dignitary_self_02,wh_main_skill_all_dignitary_self_impassioned,Impassioned,wh_main_skill_node_vmp_dignitary_self_06,wh_main_skill_vmp_dignitary_self_immortal_will,Immortal Will,SUBSET_REQUIRED,0,1,1,0,0,,,,,,,,,,,character_skill_node_links_tables,wh_main_skill_node_vmp_dignitary_self_02|wh_main_skill_node_vmp_dignitary_self_06|SUBSET_REQUIRED
prerequisite,warhammer_3,8.1.1,24237342,Vampire Counts,vampire_counts,wh_main_sc_vmp_vampire_counts,Vampire (Death),Vampire_Death,hero,wh_main_vmp_vampire_death,dignitary,dignitary,wh2_dlc11_vmp_the_barrow_legion|wh2_dlc16_vmp_lahmian_sisterhood|wh2_main_vmp_necrarch_brotherhood|wh2_main_vmp_strygos_empire|wh2_main_vmp_the_silver_host|wh3_dlc21_vmp_jiangshi_rebels|wh3_dlc25_vmp_the_court_of_night|wh3_dlc25_vmp_vampire_counts_invasion|wh3_dlc26_vmp_templehof_qb|wh3_main_ie_vmp_sires_of_mourkain|wh3_main_vmp_caravan_of_blue_roses|wh3_main_vmp_lahmian_sisterhood|wh3_main_vmp_nagashizzar|wh_main_vmp_mousillon|wh_main_vmp_rival_sylvanian_vamps|wh_main_vmp_schwartzhafen|wh_main_vmp_vampire_counts|wh_main_vmp_vampire_counts_qb1|wh_main_vmp_vampire_counts_qb2|wh_main_vmp_vampire_counts_qb3|wh_main_vmp_vampire_rebels|wh_main_vmp_waldenhof,false,false,true,true,true,true,,,wh_main_skill_node_set_vmp_vampire,,1,dignitary,false,false,,,,wh_main_skill_node_vmp_dignitary_self_06,wh_main_skill_vmp_dignitary_self_immortal_will,Immortal Will,,,,,,,,,,,,,,,,,,,,,,,,,,,,wh_main_skill_node_vmp_dignitary_self_03,wh_main_skill_all_dignitary_self_wild-eyed,Wild-Eyed,wh_main_skill_node_vmp_dignitary_self_06,wh_main_skill_vmp_dignitary_self_immortal_will,Immortal Will,SUBSET_REQUIRED,0,1,1,0,0,,,,,,,,,,,character_skill_node_links_tables,wh_main_skill_node_vmp_dignitary_self_03|wh_main_skill_node_vmp_dignitary_self_06|SUBSET_REQUIRED
prerequisite,warhammer_3,8.1.1,24237342,Vampire Counts,vampire_counts,wh_main_sc_vmp_vampire_counts,Vampire (Death),Vampire_Death,hero,wh_main_vmp_vampire_death,dignitary,dignitary,wh2_dlc11_vmp_the_barrow_legion|wh2_dlc16_vmp_lahmian_sisterhood|wh2_main_vmp_necrarch_brotherhood|wh2_main_vmp_strygos_empire|wh2_main_vmp_the_silver_host|wh3_dlc21_vmp_jiangshi_rebels|wh3_dlc25_vmp_the_court_of_night|wh3_dlc25_vmp_vampire_counts_invasion|wh3_dlc26_vmp_templehof_qb|wh3_main_ie_vmp_sires_of_mourkain|wh3_main_vmp_caravan_of_blue_roses|wh3_main_vmp_lahmian_sisterhood|wh3_main_vmp_nagashizzar|wh_main_vmp_mousillon|wh_main_vmp_rival_sylvanian_vamps|wh_main_vmp_schwartzhafen|wh_main_vmp_vampire_counts|wh_main_vmp_vampire_counts_qb1|wh_main_vmp_vampire_counts_qb2|wh_main_vmp_vampire_counts_qb3|wh_main_vmp_vampire_rebels|wh_main_vmp_waldenhof,false,false,true,true,true,true,,,wh_main_skill_node_set_vmp_vampire,,1,dignitary,false,false,,,,wh_main_skill_node_vmp_dignitary_self_06,wh_main_skill_vmp_dignitary_self_immortal_will,Immortal Will,,,,,,,,,,,,,,,,,,,,,,,,,,,,wh_main_skill_node_vmp_dignitary_self_04,wh_main_skill_all_dignitary_self_conviction,Conviction,wh_main_skill_node_vmp_dignitary_self_06,wh_main_skill_vmp_dignitary_self_immortal_will,Immortal Will,SUBSET_REQUIRED,0,1,1,0,0,,,,,,,,,,,character_skill_node_links_tables,wh_main_skill_node_vmp_dignitary_self_04|wh_main_skill_node_vmp_dignitary_self_06|SUBSET_REQUIRED
prerequisite,warhammer_3,8.1.1,24237342,Vampire Counts,vampire_counts,wh_main_sc_vmp_vampire_counts,Vampire (Death),Vampire_Death,hero,wh_main_vmp_vampire_death,dignitary,dignitary,wh2_dlc11_vmp_the_barrow_legion|wh2_dlc16_vmp_lahmian_sisterhood|wh2_main_vmp_necrarch_brotherhood|wh2_main_vmp_strygos_empire|wh2_main_vmp_the_silver_host|wh3_dlc21_vmp_jiangshi_rebels|wh3_dlc25_vmp_the_court_of_night|wh3_dlc25_vmp_vampire_counts_invasion|wh3_dlc26_vmp_templehof_qb|wh3_main_ie_vmp_sires_of_mourkain|wh3_main_vmp_caravan_of_blue_roses|wh3_main_vmp_lahmian_sisterhood|wh3_main_vmp_nagashizzar|wh_main_vmp_mousillon|wh_main_vmp_rival_sylvanian_vamps|wh_main_vmp_schwartzhafen|wh_main_vmp_vampire_counts|wh_main_vmp_vampire_counts_qb1|wh_main_vmp_vampire_counts_qb2|wh_main_vmp_vampire_counts_qb3|wh_main_vmp_vampire_rebels|wh_main_vmp_waldenhof,false,false,true,true,true,true,,,wh_main_skill_node_set_vmp_vampire,,1,dignitary,false,false,,,,wh_main_skill_node_vmp_dignitary_self_06,wh_main_skill_vmp_dignitary_self_immortal_will,Immortal Will,,,,,,,,,,,,,,,,,,,,,,,,,,,,wh_main_skill_node_vmp_dignitary_self_05,wh_main_skill_all_dignitary_self_soothsaying,Soothsaying,wh_main_skill_node_vmp_dignitary_self_06,wh_main_skill_vmp_dignitary_self_immortal_will,Immortal Will,SUBSET_REQUIRED,0,1,1,0,0,,,,,,,,,,,character_skill_node_links_tables,wh_main_skill_node_vmp_dignitary_self_05|wh_main_skill_node_vmp_dignitary_self_06|SUBSET_REQUIRED
prerequisite,warhammer_3,8.1.1,24237342,Vampire Counts,vampire_counts,wh_main_sc_vmp_vampire_counts,Vampire (Death),Vampire_Death,hero,wh_main_vmp_vampire_death,dignitary,dignitary,wh2_dlc11_vmp_the_barrow_legion|wh2_dlc16_vmp_lahmian_sisterhood|wh2_main_vmp_necrarch_brotherhood|wh2_main_vmp_strygos_empire|wh2_main_vmp_the_silver_host|wh3_dlc21_vmp_jiangshi_rebels|wh3_dlc25_vmp_the_court_of_night|wh3_dlc25_vmp_vampire_counts_invasion|wh3_dlc26_vmp_templehof_qb|wh3_main_ie_vmp_sires_of_mourkain|wh3_main_vmp_caravan_of_blue_roses|wh3_main_vmp_lahmian_sisterhood|wh3_main_vmp_nagashizzar|wh_main_vmp_mousillon|wh_main_vmp_rival_sylvanian_vamps|wh_main_vmp_schwartzhafen|wh_main_vmp_vampire_counts|wh_main_vmp_vampire_counts_qb1|wh_main_vmp_vampire_counts_qb2|wh_main_vmp_vampire_counts_qb3|wh_main_vmp_vampire_rebels|wh_main_vmp_waldenhof,false,false,true,true,true,true,,,wh_main_skill_node_set_vmp_vampire,,1,dignitary,false,false,,,,wh_main_skill_node_vmp_dignitary_self_07,wh_main_skill_all_dignitary_self_tenacity_2,Tenacity,,,,,,,,,,,,,,,,,,,,,,,,,,,,wh_main_skill_node_vmp_dignitary_self_06,wh_main_skill_vmp_dignitary_self_immortal_will,Immortal Will,wh_main_skill_node_vmp_dignitary_self_07,wh_main_skill_all_dignitary_self_tenacity_2,Tenacity,REQUIRED,0,1,1,0,0,,,,,,,,,,,character_skill_node_links_tables,wh_main_skill_node_vmp_dignitary_self_06|wh_main_skill_node_vmp_dignitary_self_07|REQUIRED
prerequisite,warhammer_3,8.1.1,24237342,Vampire Counts,vampire_counts,wh_main_sc_vmp_vampire_counts,Vampire (Death),Vampire_Death,hero,wh_main_vmp_vampire_death,dignitary,dignitary,wh2_dlc11_vmp_the_barrow_legion|wh2_dlc16_vmp_lahmian_sisterhood|wh2_main_vmp_necrarch_brotherhood|wh2_main_vmp_strygos_empire|wh2_main_vmp_the_silver_host|wh3_dlc21_vmp_jiangshi_rebels|wh3_dlc25_vmp_the_court_of_night|wh3_dlc25_vmp_vampire_counts_invasion|wh3_dlc26_vmp_templehof_qb|wh3_main_ie_vmp_sires_of_mourkain|wh3_main_vmp_caravan_of_blue_roses|wh3_main_vmp_lahmian_sisterhood|wh3_main_vmp_nagashizzar|wh_main_vmp_mousillon|wh_main_vmp_rival_sylvanian_vamps|wh_main_vmp_schwartzhafen|wh_main_vmp_vampire_counts|wh_main_vmp_vampire_counts_qb1|wh_main_vmp_vampire_counts_qb2|wh_main_vmp_vampire_counts_qb3|wh_main_vmp_vampire_rebels|wh_main_vmp_waldenhof,false,false,true,true,true,true,,,wh_main_skill_node_set_vmp_vampire,,1,dignitary,false,false,,,,wh_main_skill_node_vmp_dignitary_self_08,wh_main_skill_all_dignitary_self_augury,Augury,,,,,,,,,,,,,,,,,,,,,,,,,,,,wh_main_skill_node_vmp_dignitary_self_06,wh_main_skill_vmp_dignitary_self_immortal_will,Immortal Will,wh_main_skill_node_vmp_dignitary_self_08,wh_main_skill_all_dignitary_self_augury,Augury,REQUIRED,0,1,1,0,0,,,,,,,,,,,character_skill_node_links_tables,wh_main_skill_node_vmp_dignitary_self_06|wh_main_skill_node_vmp_dignitary_self_08|REQUIRED
prerequisite,warhammer_3,8.1.1,24237342,Vampire Counts,vampire_counts,wh_main_sc_vmp_vampire_counts,Vampire (Death),Vampire_Death,hero,wh_main_vmp_vampire_death,dignitary,dignitary,wh2_dlc11_vmp_the_barrow_legion|wh2_dlc16_vmp_lahmian_sisterhood|wh2_main_vmp_necrarch_brotherhood|wh2_main_vmp_strygos_empire|wh2_main_vmp_the_silver_host|wh3_dlc21_vmp_jiangshi_rebels|wh3_dlc25_vmp_the_court_of_night|wh3_dlc25_vmp_vampire_counts_invasion|wh3_dlc26_vmp_templehof_qb|wh3_main_ie_vmp_sires_of_mourkain|wh3_main_vmp_caravan_of_blue_roses|wh3_main_vmp_lahmian_sisterhood|wh3_main_vmp_nagashizzar|wh_main_vmp_mousillon|wh_main_vmp_rival_sylvanian_vamps|wh_main_vmp_schwartzhafen|wh_main_vmp_vampire_counts|wh_main_vmp_vampire_counts_qb1|wh_main_vmp_vampire_counts_qb2|wh_main_vmp_vampire_counts_qb3|wh_main_vmp_vampire_rebels|wh_main_vmp_waldenhof,false,false,true,true,true,true,,,wh_main_skill_node_set_vmp_vampire,,1,dignitary,false,false,,,,wh_main_skill_node_vmp_dignitary_self_09,wh_main_skill_all_dignitary_self_inviolable_2,Inviolable,,,,,,,,,,,,,,,,,,,,,,,,,,,,wh_main_skill_node_vmp_dignitary_self_06,wh_main_skill_vmp_dignitary_self_immortal_will,Immortal Will,wh_main_skill_node_vmp_dignitary_self_09,wh_main_skill_all_dignitary_self_inviolable_2,Inviolable,REQUIRED,0,1,1,0,0,,,,,,,,,,,character_skill_node_links_tables,wh_main_skill_node_vmp_dignitary_self_06|wh_main_skill_node_vmp_dignitary_self_09|REQUIRED
prerequisite,warhammer_3,8.1.1,24237342,Vampire Counts,vampire_counts,wh_main_sc_vmp_vampire_counts,Vampire (Death),Vampire_Death,hero,wh_main_vmp_vampire_death,dignitary,dignitary,wh2_dlc11_vmp_the_barrow_legion|wh2_dlc16_vmp_lahmian_sisterhood|wh2_main_vmp_necrarch_brotherhood|wh2_main_vmp_strygos_empire|wh2_main_vmp_the_silver_host|wh3_dlc21_vmp_jiangshi_rebels|wh3_dlc25_vmp_the_court_of_night|wh3_dlc25_vmp_vampire_counts_invasion|wh3_dlc26_vmp_templehof_qb|wh3_main_ie_vmp_sires_of_mourkain|wh3_main_vmp_caravan_of_blue_roses|wh3_main_vmp_lahmian_sisterhood|wh3_main_vmp_nagashizzar|wh_main_vmp_mousillon|wh_main_vmp_rival_sylvanian_vamps|wh_main_vmp_schwartzhafen|wh_main_vmp_vampire_counts|wh_main_vmp_vampire_counts_qb1|wh_main_vmp_vampire_counts_qb2|wh_main_vmp_vampire_counts_qb3|wh_main_vmp_vampire_rebels|wh_main_vmp_waldenhof,false,false,true,true,true,true,,,wh_main_skill_node_set_vmp_vampire,,1,dignitary,false,false,,,,wh_main_skill_node_vmp_dignitary_self_10,wh_main_skill_all_dignitary_self_fervour,Fervour,,,,,,,,,,,,,,,,,,,,,,,,,,,,wh_main_skill_node_vmp_dignitary_self_06,wh_main_skill_vmp_dignitary_self_immortal_will,Immortal Will,wh_main_skill_node_vmp_dignitary_self_10,wh_main_skill_all_dignitary_self_fervour,Fervour,REQUIRED,0,1,1,0,0,,,,,,,,,,,character_skill_node_links_tables,wh_main_skill_node_vmp_dignitary_self_06|wh_main_skill_node_vmp_dignitary_self_10|REQUIRED
prerequisite,warhammer_3,8.1.1,24237342,Vampire Counts,vampire_counts,wh_main_sc_vmp_vampire_counts,Vampire (Death),Vampire_Death,hero,wh_main_vmp_vampire_death,dignitary,dignitary,wh2_dlc11_vmp_the_barrow_legion|wh2_dlc16_vmp_lahmian_sisterhood|wh2_main_vmp_necrarch_brotherhood|wh2_main_vmp_strygos_empire|wh2_main_vmp_the_silver_host|wh3_dlc21_vmp_jiangshi_rebels|wh3_dlc25_vmp_the_court_of_night|wh3_dlc25_vmp_vampire_counts_invasion|wh3_dlc26_vmp_templehof_qb|wh3_main_ie_vmp_sires_of_mourkain|wh3_main_vmp_caravan_of_blue_roses|wh3_main_vmp_lahmian_sisterhood|wh3_main_vmp_nagashizzar|wh_main_vmp_mousillon|wh_main_vmp_rival_sylvanian_vamps|wh_main_vmp_schwartzhafen|wh_main_vmp_vampire_counts|wh_main_vmp_vampire_counts_qb1|wh_main_vmp_vampire_counts_qb2|wh_main_vmp_vampire_counts_qb3|wh_main_vmp_vampire_rebels|wh_main_vmp_waldenhof,false,false,true,true,true,true,,,wh_main_skill_node_set_vmp_vampire,,1,dignitary,false,false,,,,wh_main_skill_node_vmp_dignitary_self_11,wh_main_skill_vmp_dignitary_self_dark_benediction,Dark Benediction,,,,,,,,,,,,,,,,,,,,,,,,,,,,wh_main_skill_node_vmp_dignitary_self_07,wh_main_skill_all_dignitary_self_tenacity_2,Tenacity,wh_main_skill_node_vmp_dignitary_self_11,wh_main_skill_vmp_dignitary_self_dark_benediction,Dark Benediction,SUBSET_REQUIRED,0,1,1,0,0,,,,,,,,,,,character_skill_node_links_tables,wh_main_skill_node_vmp_dignitary_self_07|wh_main_skill_node_vmp_dignitary_self_11|SUBSET_REQUIRED
prerequisite,warhammer_3,8.1.1,24237342,Vampire Counts,vampire_counts,wh_main_sc_vmp_vampire_counts,Vampire (Death),Vampire_Death,hero,wh_main_vmp_vampire_death,dignitary,dignitary,wh2_dlc11_vmp_the_barrow_legion|wh2_dlc16_vmp_lahmian_sisterhood|wh2_main_vmp_necrarch_brotherhood|wh2_main_vmp_strygos_empire|wh2_main_vmp_the_silver_host|wh3_dlc21_vmp_jiangshi_rebels|wh3_dlc25_vmp_the_court_of_night|wh3_dlc25_vmp_vampire_counts_invasion|wh3_dlc26_vmp_templehof_qb|wh3_main_ie_vmp_sires_of_mourkain|wh3_main_vmp_caravan_of_blue_roses|wh3_main_vmp_lahmian_sisterhood|wh3_main_vmp_nagashizzar|wh_main_vmp_mousillon|wh_main_vmp_rival_sylvanian_vamps|wh_main_vmp_schwartzhafen|wh_main_vmp_vampire_counts|wh_main_vmp_vampire_counts_qb1|wh_main_vmp_vampire_counts_qb2|wh_main_vmp_vampire_counts_qb3|wh_main_vmp_vampire_rebels|wh_main_vmp_waldenhof,false,false,true,true,true,true,,,wh_main_skill_node_set_vmp_vampire,,1,dignitary,false,false,,,,wh_main_skill_node_vmp_dignitary_self_11,wh_main_skill_vmp_dignitary_self_dark_benediction,Dark Benediction,,,,,,,,,,,,,,,,,,,,,,,,,,,,wh_main_skill_node_vmp_dignitary_self_08,wh_main_skill_all_dignitary_self_augury,Augury,wh_main_skill_node_vmp_dignitary_self_11,wh_main_skill_vmp_dignitary_self_dark_benediction,Dark Benediction,SUBSET_REQUIRED,0,1,1,0,0,,,,,,,,,,,character_skill_node_links_tables,wh_main_skill_node_vmp_dignitary_self_08|wh_main_skill_node_vmp_dignitary_self_11|SUBSET_REQUIRED
prerequisite,warhammer_3,8.1.1,24237342,Vampire Counts,vampire_counts,wh_main_sc_vmp_vampire_counts,Vampire (Death),Vampire_Death,hero,wh_main_vmp_vampire_death,dignitary,dignitary,wh2_dlc11_vmp_the_barrow_legion|wh2_dlc16_vmp_lahmian_sisterhood|wh2_main_vmp_necrarch_brotherhood|wh2_main_vmp_strygos_empire|wh2_main_vmp_the_silver_host|wh3_dlc21_vmp_jiangshi_rebels|wh3_dlc25_vmp_the_court_of_night|wh3_dlc25_vmp_vampire_counts_invasion|wh3_dlc26_vmp_templehof_qb|wh3_main_ie_vmp_sires_of_mourkain|wh3_main_vmp_caravan_of_blue_roses|wh3_main_vmp_lahmian_sisterhood|wh3_main_vmp_nagashizzar|wh_main_vmp_mousillon|wh_main_vmp_rival_sylvanian_vamps|wh_main_vmp_schwartzhafen|wh_main_vmp_vampire_counts|wh_main_vmp_vampire_counts_qb1|wh_main_vmp_vampire_counts_qb2|wh_main_vmp_vampire_counts_qb3|wh_main_vmp_vampire_rebels|wh_main_vmp_waldenhof,false,false,true,true,true,true,,,wh_main_skill_node_set_vmp_vampire,,1,dignitary,false,false,,,,wh_main_skill_node_vmp_dignitary_self_11,wh_main_skill_vmp_dignitary_self_dark_benediction,Dark Benediction,,,,,,,,,,,,,,,,,,,,,,,,,,,,wh_main_skill_node_vmp_dignitary_self_09,wh_main_skill_all_dignitary_self_inviolable_2,Inviolable,wh_main_skill_node_vmp_dignitary_self_11,wh_main_skill_vmp_dignitary_self_dark_benediction,Dark Benediction,SUBSET_REQUIRED,0,1,1,0,0,,,,,,,,,,,character_skill_node_links_tables,wh_main_skill_node_vmp_dignitary_self_09|wh_main_skill_node_vmp_dignitary_self_11|SUBSET_REQUIRED
prerequisite,warhammer_3,8.1.1,24237342,Vampire Counts,vampire_counts,wh_main_sc_vmp_vampire_counts,Vampire (Death),Vampire_Death,hero,wh_main_vmp_vampire_death,dignitary,dignitary,wh2_dlc11_vmp_the_barrow_legion|wh2_dlc16_vmp_lahmian_sisterhood|wh2_main_vmp_necrarch_brotherhood|wh2_main_vmp_strygos_empire|wh2_main_vmp_the_silver_host|wh3_dlc21_vmp_jiangshi_rebels|wh3_dlc25_vmp_the_court_of_night|wh3_dlc25_vmp_vampire_counts_invasion|wh3_dlc26_vmp_templehof_qb|wh3_main_ie_vmp_sires_of_mourkain|wh3_main_vmp_caravan_of_blue_roses|wh3_main_vmp_lahmian_sisterhood|wh3_main_vmp_nagashizzar|wh_main_vmp_mousillon|wh_main_vmp_rival_sylvanian_vamps|wh_main_vmp_schwartzhafen|wh_main_vmp_vampire_counts|wh_main_vmp_vampire_counts_qb1|wh_main_vmp_vampire_counts_qb2|wh_main_vmp_vampire_counts_qb3|wh_main_vmp_vampire_rebels|wh_main_vmp_waldenhof,false,false,true,true,true,true,,,wh_main_skill_node_set_vmp_vampire,,1,dignitary,false,false,,,,wh_main_skill_node_vmp_dignitary_self_11,wh_main_skill_vmp_dignitary_self_dark_benediction,Dark Benediction,,,,,,,,,,,,,,,,,,,,,,,,,,,,wh_main_skill_node_vmp_dignitary_self_10,wh_main_skill_all_dignitary_self_fervour,Fervour,wh_main_skill_node_vmp_dignitary_self_11,wh_main_skill_vmp_dignitary_self_dark_benediction,Dark Benediction,SUBSET_REQUIRED,0,1,1,0,0,,,,,,,,,,,character_skill_node_links_tables,wh_main_skill_node_vmp_dignitary_self_10|wh_main_skill_node_vmp_dignitary_self_11|SUBSET_REQUIRED
