record_type,game,patch,steam_build_id,race,race_slug,subculture_key,character_name,character_slug,character_class,agent_subtype_key,primary_agent_type,permitted_agent_types,permitted_faction_keys,is_legendary_lord,is_unique_agent,is_recruitable,show_in_ui,auto_generate,is_caster,magic_lore,recruitment_category,node_set_key,node_set_name,node_set_index,node_set_agent_key,node_set_for_army,node_set_for_navy,node_set_faction_key,node_set_campaign_key,node_set_subculture_key,node_key,skill_key,skill_name,skill_description,skill_icon_path,node_tier,node_indent,points_on_creation,required_num_parents,visible_in_ui,skill_unlocked_at_rank,skill_max_level,skill_level,level_name,level_description,level_unlocked_at_rank,level_image_path,level_campaign_key,level_faction_key,level_subculture_key,effect_key,effect_description,effect_additional_tooltip,effect_scope,effect_value,effect_category,effect_priority,effect_is_positive_value_good,effect_icon,effect_icon_negative,parent_node_key,parent_skill_key,parent_skill_name,child_node_key,child_skill_key,child_skill_name,link_type,initial_descent_tiers,parent_link_position,child_link_position,parent_link_position_offset,child_link_position_offset,locked_skill_key,locked_skill_name,locked_skill_level,ancillary_key,ancillary_name,ancillary_type,ancillary_category,dilemma_key,dilemma_title,dilemma_random_selection,source_table,source_key
character,warhammer_3,8.1.1,24237342,Beastmen,beastmen,wh_dlc03_sc_bst_beastmen,Bray-Shaman (Shadows),Bray_Shaman_Shadows,hero,wh_dlc03_bst_bray_shaman_shadows,wizard,wizard,wh2_dlc13_bst_beastmen_invasion|wh2_dlc17_bst_malagor|wh2_dlc17_bst_taurox|wh2_main_bst_blooded_axe|wh2_main_bst_manblight|wh2_main_bst_ripper_horn|wh2_main_bst_shadowgor|wh2_main_bst_skrinderkin|wh2_main_bst_stone_horn|wh3_dlc27_bst_beastmen_dm|wh_dlc03_bst_beastmen|wh_dlc03_bst_beastmen_chaos|wh_dlc03_bst_beastmen_rebels|wh_dlc03_bst_jagged_horn|wh_dlc03_bst_redhorn|wh_dlc05_bst_morghur_herd,false,false,true,true,true,true,,,,,,,,,,,,,,,,,,,,,,,,,,,,,,,,,,,,,,,,,,,,,,,,,,,,,,,,,,,,,,,,agent_subtypes_tables,wh_dlc03_bst_bray_shaman_shadows
node_set,warhammer_3,8.1.1,24237342,Beastmen,beastmen,wh_dlc03_sc_bst_beastmen,Bray-Shaman (Shadows),Bray_Shaman_Shadows,hero,wh_dlc03_bst_bray_shaman_shadows,wizard,wizard,wh2_dlc13_bst_beastmen_invasion|wh2_dlc17_bst_malagor|wh2_dlc17_bst_taurox|wh2_main_bst_blooded_axe|wh2_main_bst_manblight|wh2_main_bst_ripper_horn|wh2_main_bst_shadowgor|wh2_main_bst_skrinderkin|wh2_main_bst_stone_horn|wh3_dlc27_bst_beastmen_dm|wh_dlc03_bst_beastmen|wh_dlc03_bst_beastmen_chaos|wh_dlc03_bst_beastmen_rebels|wh_dlc03_bst_jagged_horn|wh_dlc03_bst_redhorn|wh_dlc05_bst_morghur_herd,false,false,true,true,true,true,,,wh_dlc03_skill_node_set_bst_bray_shaman_shadows,,1,wizard,false,false,,,,,,,,,,,,,,,,,,,,,,,,,,,,,,,,,,,,,,,,,,,,,,,,,,,,,,,,character_skill_node_sets_tables,wh_dlc03_skill_node_set_bst_bray_shaman_shadows
node,warhammer_3,8.1.1,24237342,Beastmen,beastmen,wh_dlc03_sc_bst_beastmen,Bray-Shaman (Shadows),Bray_Shaman_Shadows,hero,wh_dlc03_bst_bray_shaman_shadows,wizard,wizard,wh2_dlc13_bst_beastmen_invasion|wh2_dlc17_bst_malagor|wh2_dlc17_bst_taurox|wh2_main_bst_blooded_axe|wh2_main_bst_manblight|wh2_main_bst_ripper_horn|wh2_main_bst_shadowgor|wh2_main_bst_skrinderkin|wh2_main_bst_stone_horn|wh3_dlc27_bst_beastmen_dm|wh_dlc03_bst_beastmen|wh_dlc03_bst_beastmen_chaos|wh_dlc03_bst_beastmen_rebels|wh_dlc03_bst_jagged_horn|wh_dlc03_bst_redhorn|wh_dlc05_bst_morghur_herd,false,false,true,true,true,true,,,wh_dlc03_skill_node_set_bst_bray_shaman_shadows,,1,wizard,false,false,,,,wh_dlc03_skill_node_bst_bray_shaman_shadows_unique_05,wh2_dlc17_skill_bst_bray_shaman_shadows_unique_tuskgor,Tuskgor Chariot,"Pugnacious and stubborn, the war beasts that pull these ramshackle chariots are grotesque combinations of great boar and mighty ram.",mount_tuskgor_chariot.png,0,0,0,0,true,11,1,,,,,,,,,,,,,,,,,,,,,,,,,,,,,,,,,,,,,,,,,character_skill_nodes_tables,wh_dlc03_skill_node_bst_bray_shaman_shadows_unique_05
skill_level,warhammer_3,8.1.1,24237342,Beastmen,beastmen,wh_dlc03_sc_bst_beastmen,Bray-Shaman (Shadows),Bray_Shaman_Shadows,hero,wh_dlc03_bst_bray_shaman_shadows,wizard,wizard,wh2_dlc13_bst_beastmen_invasion|wh2_dlc17_bst_malagor|wh2_dlc17_bst_taurox|wh2_main_bst_blooded_axe|wh2_main_bst_manblight|wh2_main_bst_ripper_horn|wh2_main_bst_shadowgor|wh2_main_bst_skrinderkin|wh2_main_bst_stone_horn|wh3_dlc27_bst_beastmen_dm|wh_dlc03_bst_beastmen|wh_dlc03_bst_beastmen_chaos|wh_dlc03_bst_beastmen_rebels|wh_dlc03_bst_jagged_horn|wh_dlc03_bst_redhorn|wh_dlc05_bst_morghur_herd,false,false,true,true,true,true,,,wh_dlc03_skill_node_set_bst_bray_shaman_shadows,,1,wizard,false,false,,,,wh_dlc03_skill_node_bst_bray_shaman_shadows_unique_05,wh2_dlc17_skill_bst_bray_shaman_shadows_unique_tuskgor,Tuskgor Chariot,"Pugnacious and stubborn, the war beasts that pull these ramshackle chariots are grotesque combinations of great boar and mighty ram.",mount_tuskgor_chariot.png,0,0,0,0,true,11,1,1,Tuskgor Chariot,"Pugnacious and stubborn, the war beasts that pull these ramshackle chariots are grotesque combinations of great boar and mighty ram.",11,x,,,,,,,,,,,,,,,,,,,,,,,,,,,,,,,,,,,,character_skill_level_details_tables,wh2_dlc17_skill_bst_bray_shaman_shadows_unique_tuskgor|1|||
effect,warhammer_3,8.1.1,24237342,Beastmen,beastmen,wh_dlc03_sc_bst_beastmen,Bray-Shaman (Shadows),Bray_Shaman_Shadows,hero,wh_dlc03_bst_bray_shaman_shadows,wizard,wizard,wh2_dlc13_bst_beastmen_invasion|wh2_dlc17_bst_malagor|wh2_dlc17_bst_taurox|wh2_main_bst_blooded_axe|wh2_main_bst_manblight|wh2_main_bst_ripper_horn|wh2_main_bst_shadowgor|wh2_main_bst_skrinderkin|wh2_main_bst_stone_horn|wh3_dlc27_bst_beastmen_dm|wh_dlc03_bst_beastmen|wh_dlc03_bst_beastmen_chaos|wh_dlc03_bst_beastmen_rebels|wh_dlc03_bst_jagged_horn|wh_dlc03_bst_redhorn|wh_dlc05_bst_morghur_herd,false,false,true,true,true,true,,,wh_dlc03_skill_node_set_bst_bray_shaman_shadows,,1,wizard,false,false,,,,wh_dlc03_skill_node_bst_bray_shaman_shadows_unique_05,wh2_dlc17_skill_bst_bray_shaman_shadows_unique_tuskgor,Tuskgor Chariot,"Pugnacious and stubborn, the war beasts that pull these ramshackle chariots are grotesque combinations of great boar and mighty ram.",mount_tuskgor_chariot.png,0,0,0,0,true,11,1,1,Tuskgor Chariot,"Pugnacious and stubborn, the war beasts that pull these ramshackle chariots are grotesque combinations of great boar and mighty ram.",,,,,,wh2_dlc17_effect_enable_mount_tuskgor_chariot,Mount: Tuskgor Chariot,,character_to_character_own,1,both,50,true,mount.png,mount.png,,,,,,,,,,,,,,,,,,,,,,,character_skill_level_to_effects_junctions_tables,wh2_dlc17_skill_bst_bray_shaman_shadows_unique_tuskgor|wh2_dlc17_effect_enable_mount_tuskgor_chariot|1|character_to_character_own
ancillary_grant,warhammer_3,8.1.1,24237342,Beastmen,beastmen,wh_dlc03_sc_bst_beastmen,Bray-Shaman (Shadows),Bray_Shaman_Shadows,hero,wh_dlc03_bst_bray_shaman_shadows,wizard,wizard,wh2_dlc13_bst_beastmen_invasion|wh2_dlc17_bst_malagor|wh2_dlc17_bst_taurox|wh2_main_bst_blooded_axe|wh2_main_bst_manblight|wh2_main_bst_ripper_horn|wh2_main_bst_shadowgor|wh2_main_bst_skrinderkin|wh2_main_bst_stone_horn|wh3_dlc27_bst_beastmen_dm|wh_dlc03_bst_beastmen|wh_dlc03_bst_beastmen_chaos|wh_dlc03_bst_beastmen_rebels|wh_dlc03_bst_jagged_horn|wh_dlc03_bst_redhorn|wh_dlc05_bst_morghur_herd,false,false,true,true,true,true,,,wh_dlc03_skill_node_set_bst_bray_shaman_shadows,,1,wizard,false,false,,,,wh_dlc03_skill_node_bst_bray_shaman_shadows_unique_05,wh2_dlc17_skill_bst_bray_shaman_shadows_unique_tuskgor,Tuskgor Chariot,"Pugnacious and stubborn, the war beasts that pull these ramshackle chariots are grotesque combinations of great boar and mighty ram.",mount_tuskgor_chariot.png,0,0,0,0,true,11,1,1,,,,,,,,,,,,,,,,,,,,,,,,,,,,,,,,,wh2_dlc17_anc_mount_bst_cha_bray_shaman_shadows_tuskgor_chariot,Tuskgor Chariot,wh2_dlc17_anc_mount_tuskgor_chariot,mount,,,,character_skill_level_to_ancillaries_junctions_tables,wh2_dlc17_skill_bst_bray_shaman_shadows_unique_tuskgor|wh2_dlc17_anc_mount_bst_cha_bray_shaman_shadows_tuskgor_chariot|1
node,warhammer_3,8.1.1,24237342,Beastmen,beastmen,wh_dlc03_sc_bst_beastmen,Bray-Shaman (Shadows),Bray_Shaman_Shadows,hero,wh_dlc03_bst_bray_shaman_shadows,wizard,wizard,wh2_dlc13_bst_beastmen_invasion|wh2_dlc17_bst_malagor|wh2_dlc17_bst_taurox|wh2_main_bst_blooded_axe|wh2_main_bst_manblight|wh2_main_bst_ripper_horn|wh2_main_bst_shadowgor|wh2_main_bst_skrinderkin|wh2_main_bst_stone_horn|wh3_dlc27_bst_beastmen_dm|wh_dlc03_bst_beastmen|wh_dlc03_bst_beastmen_chaos|wh_dlc03_bst_beastmen_rebels|wh_dlc03_bst_jagged_horn|wh_dlc03_bst_redhorn|wh_dlc05_bst_morghur_herd,false,false,true,true,true,true,,,wh_dlc03_skill_node_set_bst_bray_shaman_shadows,,1,wizard,false,false,,,,wh_dlc03_skill_node_bst_bray_shaman_shadows_magic_01,wh_dlc05_skill_magic_shadow_mystifying_miasma,Melkoth's Mystifying Miasma,"The caster weaves a confounding fog that numbs and deludes enemies, causing them to stumble and stagger.",wh_dlc05_spell_shadow_melkoths_mystifying_miasma.png,0,2,0,0,true,0,2,,,,,,,,,,,,,,,,,,,,,,,,,,,,,,,,,,,,,,,,,character_skill_nodes_tables,wh_dlc03_skill_node_bst_bray_shaman_shadows_magic_01
effect,warhammer_3,8.1.1,24237342,Beastmen,beastmen,wh_dlc03_sc_bst_beastmen,Bray-Shaman (Shadows),Bray_Shaman_Shadows,hero,wh_dlc03_bst_bray_shaman_shadows,wizard,wizard,wh2_dlc13_bst_beastmen_invasion|wh2_dlc17_bst_malagor|wh2_dlc17_bst_taurox|wh2_main_bst_blooded_axe|wh2_main_bst_manblight|wh2_main_bst_ripper_horn|wh2_main_bst_shadowgor|wh2_main_bst_skrinderkin|wh2_main_bst_stone_horn|wh3_dlc27_bst_beastmen_dm|wh_dlc03_bst_beastmen|wh_dlc03_bst_beastmen_chaos|wh_dlc03_bst_beastmen_rebels|wh_dlc03_bst_jagged_horn|wh_dlc03_bst_redhorn|wh_dlc05_bst_morghur_herd,false,false,true,true,true,true,,,wh_dlc03_skill_node_set_bst_bray_shaman_shadows,,1,wizard,false,false,,,,wh_dlc03_skill_node_bst_bray_shaman_shadows_magic_01,wh_dlc05_skill_magic_shadow_mystifying_miasma,Melkoth's Mystifying Miasma,"The caster weaves a confounding fog that numbs and deludes enemies, causing them to stumble and stagger.",wh_dlc05_spell_shadow_melkoths_mystifying_miasma.png,0,2,0,0,true,0,2,1,Melkoth's Mystifying Miasma,"The caster weaves a confounding fog that numbs and deludes enemies, causing them to stumble and stagger.",,,,,,wh_dlc05_effect_ability_cooldown_melkoths_mystifying_miasma,"Cooldown: %+n% to ""Melkoth's Mystifying Miasma""",,character_to_character_own,-30,both,293,false,magic_cooldown.png,magic_cooldown.png,,,,,,,,,,,,,,,,,,,,,,,character_skill_level_to_effects_junctions_tables,wh_dlc05_skill_magic_shadow_mystifying_miasma|wh_dlc05_effect_ability_cooldown_melkoths_mystifying_miasma|1|character_to_character_own
effect,warhammer_3,8.1.1,24237342,Beastmen,beastmen,wh_dlc03_sc_bst_beastmen,Bray-Shaman (Shadows),Bray_Shaman_Shadows,hero,wh_dlc03_bst_bray_shaman_shadows,wizard,wizard,wh2_dlc13_bst_beastmen_invasion|wh2_dlc17_bst_malagor|wh2_dlc17_bst_taurox|wh2_main_bst_blooded_axe|wh2_main_bst_manblight|wh2_main_bst_ripper_horn|wh2_main_bst_shadowgor|wh2_main_bst_skrinderkin|wh2_main_bst_stone_horn|wh3_dlc27_bst_beastmen_dm|wh_dlc03_bst_beastmen|wh_dlc03_bst_beastmen_chaos|wh_dlc03_bst_beastmen_rebels|wh_dlc03_bst_jagged_horn|wh_dlc03_bst_redhorn|wh_dlc05_bst_morghur_herd,false,false,true,true,true,true,,,wh_dlc03_skill_node_set_bst_bray_shaman_shadows,,1,wizard,false,false,,,,wh_dlc03_skill_node_bst_bray_shaman_shadows_magic_01,wh_dlc05_skill_magic_shadow_mystifying_miasma,Melkoth's Mystifying Miasma,"The caster weaves a confounding fog that numbs and deludes enemies, causing them to stumble and stagger.",wh_dlc05_spell_shadow_melkoths_mystifying_miasma.png,0,2,0,0,true,0,2,1,Melkoth's Mystifying Miasma,"The caster weaves a confounding fog that numbs and deludes enemies, causing them to stumble and stagger.",,,,,,wh2_main_effect_ability_overcast_melkoths_mystifying_miasma,"Overcast spell: ""Melkoth's Mystifying Miasma Upgraded""",,character_to_character_own,1,both,292,true,magic_character.png,magic_character.png,,,,,,,,,,,,,,,,,,,,,,,character_skill_level_to_effects_junctions_tables,wh_dlc05_skill_magic_shadow_mystifying_miasma|wh2_main_effect_ability_overcast_melkoths_mystifying_miasma|1|character_to_character_own
effect,warhammer_3,8.1.1,24237342,Beastmen,beastmen,wh_dlc03_sc_bst_beastmen,Bray-Shaman (Shadows),Bray_Shaman_Shadows,hero,wh_dlc03_bst_bray_shaman_shadows,wizard,wizard,wh2_dlc13_bst_beastmen_invasion|wh2_dlc17_bst_malagor|wh2_dlc17_bst_taurox|wh2_main_bst_blooded_axe|wh2_main_bst_manblight|wh2_main_bst_ripper_horn|wh2_main_bst_shadowgor|wh2_main_bst_skrinderkin|wh2_main_bst_stone_horn|wh3_dlc27_bst_beastmen_dm|wh_dlc03_bst_beastmen|wh_dlc03_bst_beastmen_chaos|wh_dlc03_bst_beastmen_rebels|wh_dlc03_bst_jagged_horn|wh_dlc03_bst_redhorn|wh_dlc05_bst_morghur_herd,false,false,true,true,true,true,,,wh_dlc03_skill_node_set_bst_bray_shaman_shadows,,1,wizard,false,false,,,,wh_dlc03_skill_node_bst_bray_shaman_shadows_magic_01,wh_dlc05_skill_magic_shadow_mystifying_miasma,Melkoth's Mystifying Miasma,"The caster weaves a confounding fog that numbs and deludes enemies, causing them to stumble and stagger.",wh_dlc05_spell_shadow_melkoths_mystifying_miasma.png,0,2,0,0,true,0,2,2,Melkoth's Mystifying Miasma,"The caster weaves a confounding fog that numbs and deludes enemies, causing them to stumble and stagger.",,,,,,wh_dlc05_effect_ability_cooldown_melkoths_mystifying_miasma,"Cooldown: %+n% to ""Melkoth's Mystifying Miasma""",,character_to_character_own,-50,both,293,false,magic_cooldown.png,magic_cooldown.png,,,,,,,,,,,,,,,,,,,,,,,character_skill_level_to_effects_junctions_tables,wh_dlc05_skill_magic_shadow_mystifying_miasma|wh_dlc05_effect_ability_cooldown_melkoths_mystifying_miasma|2|character_to_character_own
effect,warhammer_3,8.1.1,24237342,Beastmen,beastmen,wh_dlc03_sc_bst_beastmen,Bray-Shaman (Shadows),Bray_Shaman_Shadows,hero,wh_dlc03_bst_bray_shaman_shadows,wizard,wizard,wh2_dlc13_bst_beastmen_invasion|wh2_dlc17_bst_malagor|wh2_dlc17_bst_taurox|wh2_main_bst_blooded_axe|wh2_main_bst_manblight|wh2_main_bst_ripper_horn|wh2_main_bst_shadowgor|wh2_main_bst_skrinderkin|wh2_main_bst_stone_horn|wh3_dlc27_bst_beastmen_dm|wh_dlc03_bst_beastmen|wh_dlc03_bst_beastmen_chaos|wh_dlc03_bst_beastmen_rebels|wh_dlc03_bst_jagged_horn|wh_dlc03_bst_redhorn|wh_dlc05_bst_morghur_herd,false,false,true,true,true,true,,,wh_dlc03_skill_node_set_bst_bray_shaman_shadows,,1,wizard,false,false,,,,wh_dlc03_skill_node_bst_bray_shaman_shadows_magic_01,wh_dlc05_skill_magic_shadow_mystifying_miasma,Melkoth's Mystifying Miasma,"The caster weaves a confounding fog that numbs and deludes enemies, causing them to stumble and stagger.",wh_dlc05_spell_shadow_melkoths_mystifying_miasma.png,0,2,0,0,true,0,2,2,Melkoth's Mystifying Miasma,"The caster weaves a confounding fog that numbs and deludes enemies, causing them to stumble and stagger.",,,,,,wh2_main_effect_ability_miscast_melkoths_mystifying_miasma_upgraded,"Miscast base chance: %+n% for ""Melkoth's Mystifying Miasma Upgraded""",,character_to_character_own,-15,both,298,false,magic.png,magic.png,,,,,,,,,,,,,,,,,,,,,,,character_skill_level_to_effects_junctions_tables,wh_dlc05_skill_magic_shadow_mystifying_miasma|wh2_main_effect_ability_miscast_melkoths_mystifying_miasma_upgraded|2|character_to_character_own
effect,warhammer_3,8.1.1,24237342,Beastmen,beastmen,wh_dlc03_sc_bst_beastmen,Bray-Shaman (Shadows),Bray_Shaman_Shadows,hero,wh_dlc03_bst_bray_shaman_shadows,wizard,wizard,wh2_dlc13_bst_beastmen_invasion|wh2_dlc17_bst_malagor|wh2_dlc17_bst_taurox|wh2_main_bst_blooded_axe|wh2_main_bst_manblight|wh2_main_bst_ripper_horn|wh2_main_bst_shadowgor|wh2_main_bst_skrinderkin|wh2_main_bst_stone_horn|wh3_dlc27_bst_beastmen_dm|wh_dlc03_bst_beastmen|wh_dlc03_bst_beastmen_chaos|wh_dlc03_bst_beastmen_rebels|wh_dlc03_bst_jagged_horn|wh_dlc03_bst_redhorn|wh_dlc05_bst_morghur_herd,false,false,true,true,true,true,,,wh_dlc03_skill_node_set_bst_bray_shaman_shadows,,1,wizard,false,false,,,,wh_dlc03_skill_node_bst_bray_shaman_shadows_magic_01,wh_dlc05_skill_magic_shadow_mystifying_miasma,Melkoth's Mystifying Miasma,"The caster weaves a confounding fog that numbs and deludes enemies, causing them to stumble and stagger.",wh_dlc05_spell_shadow_melkoths_mystifying_miasma.png,0,2,0,0,true,0,2,2,Melkoth's Mystifying Miasma,"The caster weaves a confounding fog that numbs and deludes enemies, causing them to stumble and stagger.",,,,,,wh2_main_effect_ability_overcast_melkoths_mystifying_miasma,"Overcast spell: ""Melkoth's Mystifying Miasma Upgraded""",,character_to_character_own,1,both,292,true,magic_character.png,magic_character.png,,,,,,,,,,,,,,,,,,,,,,,character_skill_level_to_effects_junctions_tables,wh_dlc05_skill_magic_shadow_mystifying_miasma|wh2_main_effect_ability_overcast_melkoths_mystifying_miasma|2|character_to_character_own
effect,warhammer_3,8.1.1,24237342,Beastmen,beastmen,wh_dlc03_sc_bst_beastmen,Bray-Shaman (Shadows),Bray_Shaman_Shadows,hero,wh_dlc03_bst_bray_shaman_shadows,wizard,wizard,wh2_dlc13_bst_beastmen_invasion|wh2_dlc17_bst_malagor|wh2_dlc17_bst_taurox|wh2_main_bst_blooded_axe|wh2_main_bst_manblight|wh2_main_bst_ripper_horn|wh2_main_bst_shadowgor|wh2_main_bst_skrinderkin|wh2_main_bst_stone_horn|wh3_dlc27_bst_beastmen_dm|wh_dlc03_bst_beastmen|wh_dlc03_bst_beastmen_chaos|wh_dlc03_bst_beastmen_rebels|wh_dlc03_bst_jagged_horn|wh_dlc03_bst_redhorn|wh_dlc05_bst_morghur_herd,false,false,true,true,true,true,,,wh_dlc03_skill_node_set_bst_bray_shaman_shadows,,1,wizard,false,false,,,,wh_dlc03_skill_node_bst_bray_shaman_shadows_magic_01,wh_dlc05_skill_magic_shadow_mystifying_miasma,Melkoth's Mystifying Miasma,"The caster weaves a confounding fog that numbs and deludes enemies, causing them to stumble and stagger.",wh_dlc05_spell_shadow_melkoths_mystifying_miasma.png,0,2,0,0,true,0,2,2,Melkoth's Mystifying Miasma,"The caster weaves a confounding fog that numbs and deludes enemies, causing them to stumble and stagger.",,,,,,wh2_main_effect_ability_wom_cost_melkoths_mystifying_miasma,"Winds of Magic cost: %n for ""Melkoth's Mystifying Miasma""",,character_to_character_own,-1,both,294,false,magic_character.png,magic_character.png,,,,,,,,,,,,,,,,,,,,,,,character_skill_level_to_effects_junctions_tables,wh_dlc05_skill_magic_shadow_mystifying_miasma|wh2_main_effect_ability_wom_cost_melkoths_mystifying_miasma|2|character_to_character_own
effect,warhammer_3,8.1.1,24237342,Beastmen,beastmen,wh_dlc03_sc_bst_beastmen,Bray-Shaman (Shadows),Bray_Shaman_Shadows,hero,wh_dlc03_bst_bray_shaman_shadows,wizard,wizard,wh2_dlc13_bst_beastmen_invasion|wh2_dlc17_bst_malagor|wh2_dlc17_bst_taurox|wh2_main_bst_blooded_axe|wh2_main_bst_manblight|wh2_main_bst_ripper_horn|wh2_main_bst_shadowgor|wh2_main_bst_skrinderkin|wh2_main_bst_stone_horn|wh3_dlc27_bst_beastmen_dm|wh_dlc03_bst_beastmen|wh_dlc03_bst_beastmen_chaos|wh_dlc03_bst_beastmen_rebels|wh_dlc03_bst_jagged_horn|wh_dlc03_bst_redhorn|wh_dlc05_bst_morghur_herd,false,false,true,true,true,true,,,wh_dlc03_skill_node_set_bst_bray_shaman_shadows,,1,wizard,false,false,,,,wh_dlc03_skill_node_bst_bray_shaman_shadows_magic_01,wh_dlc05_skill_magic_shadow_mystifying_miasma,Melkoth's Mystifying Miasma,"The caster weaves a confounding fog that numbs and deludes enemies, causing them to stumble and stagger.",wh_dlc05_spell_shadow_melkoths_mystifying_miasma.png,0,2,0,0,true,0,2,2,Melkoth's Mystifying Miasma,"The caster weaves a confounding fog that numbs and deludes enemies, causing them to stumble and stagger.",,,,,,wh2_main_effect_ability_wom_cost_melkoths_mystifying_miasma_upgraded,"Winds of Magic cost: %n for ""Melkoth's Mystifying Miasma Upgraded""",,character_to_character_own,-2,both,295,false,magic_character.png,magic_character.png,,,,,,,,,,,,,,,,,,,,,,,character_skill_level_to_effects_junctions_tables,wh_dlc05_skill_magic_shadow_mystifying_miasma|wh2_main_effect_ability_wom_cost_melkoths_mystifying_miasma_upgraded|2|character_to_character_own
node,warhammer_3,8.1.1,24237342,Beastmen,beastmen,wh_dlc03_sc_bst_beastmen,Bray-Shaman (Shadows),Bray_Shaman_Shadows,hero,wh_dlc03_bst_bray_shaman_shadows,wizard,wizard,wh2_dlc13_bst_beastmen_invasion|wh2_dlc17_bst_malagor|wh2_dlc17_bst_taurox|wh2_main_bst_blooded_axe|wh2_main_bst_manblight|wh2_main_bst_ripper_horn|wh2_main_bst_shadowgor|wh2_main_bst_skrinderkin|wh2_main_bst_stone_horn|wh3_dlc27_bst_beastmen_dm|wh_dlc03_bst_beastmen|wh_dlc03_bst_beastmen_chaos|wh_dlc03_bst_beastmen_rebels|wh_dlc03_bst_jagged_horn|wh_dlc03_bst_redhorn|wh_dlc05_bst_morghur_herd,false,false,true,true,true,true,,,wh_dlc03_skill_node_set_bst_bray_shaman_shadows,,1,wizard,false,false,,,,wh_dlc03_skill_node_bst_bray_shaman_shadows_campaign_01,wh2_main_skill_all_hero_assist_army_scouting,{{tr:agent_action_name_scouting}},Spellcasters can oft-sense when magic is close or being drawn from the Winds.,campaign_item.png,0,5,0,0,true,0,3,,,,,,,,,,,,,,,,,,,,,,,,,,,,,,,,,,,,,,,,,character_skill_nodes_tables,wh_dlc03_skill_node_bst_bray_shaman_shadows_campaign_01
skill_level,warhammer_3,8.1.1,24237342,Beastmen,beastmen,wh_dlc03_sc_bst_beastmen,Bray-Shaman (Shadows),Bray_Shaman_Shadows,hero,wh_dlc03_bst_bray_shaman_shadows,wizard,wizard,wh2_dlc13_bst_beastmen_invasion|wh2_dlc17_bst_malagor|wh2_dlc17_bst_taurox|wh2_main_bst_blooded_axe|wh2_main_bst_manblight|wh2_main_bst_ripper_horn|wh2_main_bst_shadowgor|wh2_main_bst_skrinderkin|wh2_main_bst_stone_horn|wh3_dlc27_bst_beastmen_dm|wh_dlc03_bst_beastmen|wh_dlc03_bst_beastmen_chaos|wh_dlc03_bst_beastmen_rebels|wh_dlc03_bst_jagged_horn|wh_dlc03_bst_redhorn|wh_dlc05_bst_morghur_herd,false,false,true,true,true,true,,,wh_dlc03_skill_node_set_bst_bray_shaman_shadows,,1,wizard,false,false,,,,wh_dlc03_skill_node_bst_bray_shaman_shadows_campaign_01,wh2_main_skill_all_hero_assist_army_scouting,{{tr:agent_action_name_scouting}},Spellcasters can oft-sense when magic is close or being drawn from the Winds.,campaign_item.png,0,5,0,0,true,0,3,2,{{tr:agent_action_name_scouting}},Spellcasters can oft-sense when magic is close or being drawn from the Winds.,4,x,,,,,,,,,,,,,,,,,,,,,,,,,,,,,,,,,,,,character_skill_level_details_tables,wh2_main_skill_all_hero_assist_army_scouting|2|||
skill_level,warhammer_3,8.1.1,24237342,Beastmen,beastmen,wh_dlc03_sc_bst_beastmen,Bray-Shaman (Shadows),Bray_Shaman_Shadows,hero,wh_dlc03_bst_bray_shaman_shadows,wizard,wizard,wh2_dlc13_bst_beastmen_invasion|wh2_dlc17_bst_malagor|wh2_dlc17_bst_taurox|wh2_main_bst_blooded_axe|wh2_main_bst_manblight|wh2_main_bst_ripper_horn|wh2_main_bst_shadowgor|wh2_main_bst_skrinderkin|wh2_main_bst_stone_horn|wh3_dlc27_bst_beastmen_dm|wh_dlc03_bst_beastmen|wh_dlc03_bst_beastmen_chaos|wh_dlc03_bst_beastmen_rebels|wh_dlc03_bst_jagged_horn|wh_dlc03_bst_redhorn|wh_dlc05_bst_morghur_herd,false,false,true,true,true,true,,,wh_dlc03_skill_node_set_bst_bray_shaman_shadows,,1,wizard,false,false,,,,wh_dlc03_skill_node_bst_bray_shaman_shadows_campaign_01,wh2_main_skill_all_hero_assist_army_scouting,{{tr:agent_action_name_scouting}},Spellcasters can oft-sense when magic is close or being drawn from the Winds.,campaign_item.png,0,5,0,0,true,0,3,3,{{tr:agent_action_name_scouting}},Spellcasters can oft-sense when magic is close or being drawn from the Winds.,9,x,,,,,,,,,,,,,,,,,,,,,,,,,,,,,,,,,,,,character_skill_level_details_tables,wh2_main_skill_all_hero_assist_army_scouting|3|||
effect,warhammer_3,8.1.1,24237342,Beastmen,beastmen,wh_dlc03_sc_bst_beastmen,Bray-Shaman (Shadows),Bray_Shaman_Shadows,hero,wh_dlc03_bst_bray_shaman_shadows,wizard,wizard,wh2_dlc13_bst_beastmen_invasion|wh2_dlc17_bst_malagor|wh2_dlc17_bst_taurox|wh2_main_bst_blooded_axe|wh2_main_bst_manblight|wh2_main_bst_ripper_horn|wh2_main_bst_shadowgor|wh2_main_bst_skrinderkin|wh2_main_bst_stone_horn|wh3_dlc27_bst_beastmen_dm|wh_dlc03_bst_beastmen|wh_dlc03_bst_beastmen_chaos|wh_dlc03_bst_beastmen_rebels|wh_dlc03_bst_jagged_horn|wh_dlc03_bst_redhorn|wh_dlc05_bst_morghur_herd,false,false,true,true,true,true,,,wh_dlc03_skill_node_set_bst_bray_shaman_shadows,,1,wizard,false,false,,,,wh_dlc03_skill_node_bst_bray_shaman_shadows_campaign_01,wh2_main_skill_all_hero_assist_army_scouting,{{tr:agent_action_name_scouting}},Spellcasters can oft-sense when magic is close or being drawn from the Winds.,campaign_item.png,0,5,0,0,true,0,3,1,{{tr:agent_action_name_scouting}},Spellcasters can oft-sense when magic is close or being drawn from the Winds.,,,,,,wh2_main_effect_agent_action_assist_army_scouting_buff,[[col:yellow]]{{tr:agent_action_name_scouting}}[[/col]] action: Magic item drop chance is increased by an additional %n%,[[col:yellow]]{{tr:agent_action_name_scouting}}[[/col]] (Assist Army)\\nIncreases the parent army's chance of finding a magic item after winning a battle.,character_to_character_own,5,campaign,7,true,item_ability.png,item_ability.png,,,,,,,,,,,,,,,,,,,,,,,character_skill_level_to_effects_junctions_tables,wh2_main_skill_all_hero_assist_army_scouting|wh2_main_effect_agent_action_assist_army_scouting_buff|1|character_to_character_own
effect,warhammer_3,8.1.1,24237342,Beastmen,beastmen,wh_dlc03_sc_bst_beastmen,Bray-Shaman (Shadows),Bray_Shaman_Shadows,hero,wh_dlc03_bst_bray_shaman_shadows,wizard,wizard,wh2_dlc13_bst_beastmen_invasion|wh2_dlc17_bst_malagor|wh2_dlc17_bst_taurox|wh2_main_bst_blooded_axe|wh2_main_bst_manblight|wh2_main_bst_ripper_horn|wh2_main_bst_shadowgor|wh2_main_bst_skrinderkin|wh2_main_bst_stone_horn|wh3_dlc27_bst_beastmen_dm|wh_dlc03_bst_beastmen|wh_dlc03_bst_beastmen_chaos|wh_dlc03_bst_beastmen_rebels|wh_dlc03_bst_jagged_horn|wh_dlc03_bst_redhorn|wh_dlc05_bst_morghur_herd,false,false,true,true,true,true,,,wh_dlc03_skill_node_set_bst_bray_shaman_shadows,,1,wizard,false,false,,,,wh_dlc03_skill_node_bst_bray_shaman_shadows_campaign_01,wh2_main_skill_all_hero_assist_army_scouting,{{tr:agent_action_name_scouting}},Spellcasters can oft-sense when magic is close or being drawn from the Winds.,campaign_item.png,0,5,0,0,true,0,3,2,{{tr:agent_action_name_scouting}},Spellcasters can oft-sense when magic is close or being drawn from the Winds.,,,,,,wh2_main_effect_agent_action_assist_army_scouting_buff,[[col:yellow]]{{tr:agent_action_name_scouting}}[[/col]] action: Magic item drop chance is increased by an additional %n%,[[col:yellow]]{{tr:agent_action_name_scouting}}[[/col]] (Assist Army)\\nIncreases the parent army's chance of finding a magic item after winning a battle.,character_to_character_own,10,campaign,7,true,item_ability.png,item_ability.png,,,,,,,,,,,,,,,,,,,,,,,character_skill_level_to_effects_junctions_tables,wh2_main_skill_all_hero_assist_army_scouting|wh2_main_effect_agent_action_assist_army_scouting_buff|2|character_to_character_own
effect,warhammer_3,8.1.1,24237342,Beastmen,beastmen,wh_dlc03_sc_bst_beastmen,Bray-Shaman (Shadows),Bray_Shaman_Shadows,hero,wh_dlc03_bst_bray_shaman_shadows,wizard,wizard,wh2_dlc13_bst_beastmen_invasion|wh2_dlc17_bst_malagor|wh2_dlc17_bst_taurox|wh2_main_bst_blooded_axe|wh2_main_bst_manblight|wh2_main_bst_ripper_horn|wh2_main_bst_shadowgor|wh2_main_bst_skrinderkin|wh2_main_bst_stone_horn|wh3_dlc27_bst_beastmen_dm|wh_dlc03_bst_beastmen|wh_dlc03_bst_beastmen_chaos|wh_dlc03_bst_beastmen_rebels|wh_dlc03_bst_jagged_horn|wh_dlc03_bst_redhorn|wh_dlc05_bst_morghur_herd,false,false,true,true,true,true,,,wh_dlc03_skill_node_set_bst_bray_shaman_shadows,,1,wizard,false,false,,,,wh_dlc03_skill_node_bst_bray_shaman_shadows_campaign_01,wh2_main_skill_all_hero_assist_army_scouting,{{tr:agent_action_name_scouting}},Spellcasters can oft-sense when magic is close or being drawn from the Winds.,campaign_item.png,0,5,0,0,true,0,3,3,{{tr:agent_action_name_scouting}},Spellcasters can oft-sense when magic is close or being drawn from the Winds.,,,,,,wh2_main_effect_agent_action_assist_army_scouting_buff,[[col:yellow]]{{tr:agent_action_name_scouting}}[[/col]] action: Magic item drop chance is increased by an additional %n%,[[col:yellow]]{{tr:agent_action_name_scouting}}[[/col]] (Assist Army)\\nIncreases the parent army's chance of finding a magic item after winning a battle.,character_to_character_own,15,campaign,7,true,item_ability.png,item_ability.png,,,,,,,,,,,,,,,,,,,,,,,character_skill_level_to_effects_junctions_tables,wh2_main_skill_all_hero_assist_army_scouting|wh2_main_effect_agent_action_assist_army_scouting_buff|3|character_to_character_own
node,warhammer_3,8.1.1,24237342,Beastmen,beastmen,wh_dlc03_sc_bst_beastmen,Bray-Shaman (Shadows),Bray_Shaman_Shadows,hero,wh_dlc03_bst_bray_shaman_shadows,wizard,wizard,wh2_dlc13_bst_beastmen_invasion|wh2_dlc17_bst_malagor|wh2_dlc17_bst_taurox|wh2_main_bst_blooded_axe|wh2_main_bst_manblight|wh2_main_bst_ripper_horn|wh2_main_bst_shadowgor|wh2_main_bst_skrinderkin|wh2_main_bst_stone_horn|wh3_dlc27_bst_beastmen_dm|wh_dlc03_bst_beastmen|wh_dlc03_bst_beastmen_chaos|wh_dlc03_bst_beastmen_rebels|wh_dlc03_bst_jagged_horn|wh_dlc03_bst_redhorn|wh_dlc05_bst_morghur_herd,false,false,true,true,true,true,,,wh_dlc03_skill_node_set_bst_bray_shaman_shadows,,1,wizard,false,false,,,,wh_dlc03_skill_node_bst_bray_shaman_shadows_innate_01,wh2_main_skill_innate_bst_booze_cravings,Booze Cravings,Some beings just don't know when to put the bottle down.,trait_beastmen.png,0,6,0,0,false,0,1,,,,,,,,,,,,,,,,,,,,,,,,,,,,,,,,,,,,,,,,,character_skill_nodes_tables,wh_dlc03_skill_node_bst_bray_shaman_shadows_innate_01
effect,warhammer_3,8.1.1,24237342,Beastmen,beastmen,wh_dlc03_sc_bst_beastmen,Bray-Shaman (Shadows),Bray_Shaman_Shadows,hero,wh_dlc03_bst_bray_shaman_shadows,wizard,wizard,wh2_dlc13_bst_beastmen_invasion|wh2_dlc17_bst_malagor|wh2_dlc17_bst_taurox|wh2_main_bst_blooded_axe|wh2_main_bst_manblight|wh2_main_bst_ripper_horn|wh2_main_bst_shadowgor|wh2_main_bst_skrinderkin|wh2_main_bst_stone_horn|wh3_dlc27_bst_beastmen_dm|wh_dlc03_bst_beastmen|wh_dlc03_bst_beastmen_chaos|wh_dlc03_bst_beastmen_rebels|wh_dlc03_bst_jagged_horn|wh_dlc03_bst_redhorn|wh_dlc05_bst_morghur_herd,false,false,true,true,true,true,,,wh_dlc03_skill_node_set_bst_bray_shaman_shadows,,1,wizard,false,false,,,,wh_dlc03_skill_node_bst_bray_shaman_shadows_innate_01,wh2_main_skill_innate_bst_booze_cravings,Booze Cravings,Some beings just don't know when to put the bottle down.,trait_beastmen.png,0,6,0,0,false,0,1,1,Booze Cravings,Some beings just don't know when to put the bottle down.,,,,,,wh_main_effect_ability_enable_potion_of_toughness,"Ability: ""Potion of Toughness""",,character_to_character_own,1,battle,300,true,general_ability.png,general_ability.png,,,,,,,,,,,,,,,,,,,,,,,character_skill_level_to_effects_junctions_tables,wh2_main_skill_innate_bst_booze_cravings|wh_main_effect_ability_enable_potion_of_toughness|1|character_to_character_own
effect,warhammer_3,8.1.1,24237342,Beastmen,beastmen,wh_dlc03_sc_bst_beastmen,Bray-Shaman (Shadows),Bray_Shaman_Shadows,hero,wh_dlc03_bst_bray_shaman_shadows,wizard,wizard,wh2_dlc13_bst_beastmen_invasion|wh2_dlc17_bst_malagor|wh2_dlc17_bst_taurox|wh2_main_bst_blooded_axe|wh2_main_bst_manblight|wh2_main_bst_ripper_horn|wh2_main_bst_shadowgor|wh2_main_bst_skrinderkin|wh2_main_bst_stone_horn|wh3_dlc27_bst_beastmen_dm|wh_dlc03_bst_beastmen|wh_dlc03_bst_beastmen_chaos|wh_dlc03_bst_beastmen_rebels|wh_dlc03_bst_jagged_horn|wh_dlc03_bst_redhorn|wh_dlc05_bst_morghur_herd,false,false,true,true,true,true,,,wh_dlc03_skill_node_set_bst_bray_shaman_shadows,,1,wizard,false,false,,,,wh_dlc03_skill_node_bst_bray_shaman_shadows_innate_01,wh2_main_skill_innate_bst_booze_cravings,Booze Cravings,Some beings just don't know when to put the bottle down.,trait_beastmen.png,0,6,0,0,false,0,1,1,Booze Cravings,Some beings just don't know when to put the bottle down.,,,,,,wh2_dlc17_effect_ability_enable_rowdy,"Passive ability: ""Rowdy""",,character_to_character_own,1,battle,600,true,general_ability.png,general_ability.png,,,,,,,,,,,,,,,,,,,,,,,character_skill_level_to_effects_junctions_tables,wh2_main_skill_innate_bst_booze_cravings|wh2_dlc17_effect_ability_enable_rowdy|1|character_to_character_own
effect,warhammer_3,8.1.1,24237342,Beastmen,beastmen,wh_dlc03_sc_bst_beastmen,Bray-Shaman (Shadows),Bray_Shaman_Shadows,hero,wh_dlc03_bst_bray_shaman_shadows,wizard,wizard,wh2_dlc13_bst_beastmen_invasion|wh2_dlc17_bst_malagor|wh2_dlc17_bst_taurox|wh2_main_bst_blooded_axe|wh2_main_bst_manblight|wh2_main_bst_ripper_horn|wh2_main_bst_shadowgor|wh2_main_bst_skrinderkin|wh2_main_bst_stone_horn|wh3_dlc27_bst_beastmen_dm|wh_dlc03_bst_beastmen|wh_dlc03_bst_beastmen_chaos|wh_dlc03_bst_beastmen_rebels|wh_dlc03_bst_jagged_horn|wh_dlc03_bst_redhorn|wh_dlc05_bst_morghur_herd,false,false,true,true,true,true,,,wh_dlc03_skill_node_set_bst_bray_shaman_shadows,,1,wizard,false,false,,,,wh_dlc03_skill_node_bst_bray_shaman_shadows_innate_01,wh2_main_skill_innate_bst_booze_cravings,Booze Cravings,Some beings just don't know when to put the bottle down.,trait_beastmen.png,0,6,0,0,false,0,1,1,Booze Cravings,Some beings just don't know when to put the bottle down.,,,,,,wh2_main_effect_ability_uses_potion_of_toughness,"Ability number of uses: %+n for ""Potion of Toughness""",,character_to_character_own,1,battle,301,true,general_ability.png,general_ability.png,,,,,,,,,,,,,,,,,,,,,,,character_skill_level_to_effects_junctions_tables,wh2_main_skill_innate_bst_booze_cravings|wh2_main_effect_ability_uses_potion_of_toughness|1|character_to_character_own
node,warhammer_3,8.1.1,24237342,Beastmen,beastmen,wh_dlc03_sc_bst_beastmen,Bray-Shaman (Shadows),Bray_Shaman_Shadows,hero,wh_dlc03_bst_bray_shaman_shadows,wizard,wizard,wh2_dlc13_bst_beastmen_invasion|wh2_dlc17_bst_malagor|wh2_dlc17_bst_taurox|wh2_main_bst_blooded_axe|wh2_main_bst_manblight|wh2_main_bst_ripper_horn|wh2_main_bst_shadowgor|wh2_main_bst_skrinderkin|wh2_main_bst_stone_horn|wh3_dlc27_bst_beastmen_dm|wh_dlc03_bst_beastmen|wh_dlc03_bst_beastmen_chaos|wh_dlc03_bst_beastmen_rebels|wh_dlc03_bst_jagged_horn|wh_dlc03_bst_redhorn|wh_dlc05_bst_morghur_herd,false,false,true,true,true,true,,,wh_dlc03_skill_node_set_bst_bray_shaman_shadows,,1,wizard,false,false,,,,wh_dlc03_skill_node_bst_bray_shaman_shadows_campaign_actions_dummy,wh2_main_skill_all_dummy_agent_actions_bst_bray_shaman,Actions [HIDDEN],,battle_attack.png,0,8,1,0,false,0,1,,,,,,,,,,,,,,,,,,,,,,,,,,,,,,,,,,,,,,,,,character_skill_nodes_tables,wh_dlc03_skill_node_bst_bray_shaman_shadows_campaign_actions_dummy
effect,warhammer_3,8.1.1,24237342,Beastmen,beastmen,wh_dlc03_sc_bst_beastmen,Bray-Shaman (Shadows),Bray_Shaman_Shadows,hero,wh_dlc03_bst_bray_shaman_shadows,wizard,wizard,wh2_dlc13_bst_beastmen_invasion|wh2_dlc17_bst_malagor|wh2_dlc17_bst_taurox|wh2_main_bst_blooded_axe|wh2_main_bst_manblight|wh2_main_bst_ripper_horn|wh2_main_bst_shadowgor|wh2_main_bst_skrinderkin|wh2_main_bst_stone_horn|wh3_dlc27_bst_beastmen_dm|wh_dlc03_bst_beastmen|wh_dlc03_bst_beastmen_chaos|wh_dlc03_bst_beastmen_rebels|wh_dlc03_bst_jagged_horn|wh_dlc03_bst_redhorn|wh_dlc05_bst_morghur_herd,false,false,true,true,true,true,,,wh_dlc03_skill_node_set_bst_bray_shaman_shadows,,1,wizard,false,false,,,,wh_dlc03_skill_node_bst_bray_shaman_shadows_campaign_actions_dummy,wh2_main_skill_all_dummy_agent_actions_bst_bray_shaman,Actions [HIDDEN],,battle_attack.png,0,8,1,0,false,0,1,1,Actions [HIDDEN],,,,,,,wh2_main_effect_agent_action_enable_wizard_assist_army_scouting,,,character_to_character_own,1,campaign,0,true,,,,,,,,,,,,,,,,,,,,,,,,,character_skill_level_to_effects_junctions_tables,wh2_main_skill_all_dummy_agent_actions_bst_bray_shaman|wh2_main_effect_agent_action_enable_wizard_assist_army_scouting|1|character_to_character_own
effect,warhammer_3,8.1.1,24237342,Beastmen,beastmen,wh_dlc03_sc_bst_beastmen,Bray-Shaman (Shadows),Bray_Shaman_Shadows,hero,wh_dlc03_bst_bray_shaman_shadows,wizard,wizard,wh2_dlc13_bst_beastmen_invasion|wh2_dlc17_bst_malagor|wh2_dlc17_bst_taurox|wh2_main_bst_blooded_axe|wh2_main_bst_manblight|wh2_main_bst_ripper_horn|wh2_main_bst_shadowgor|wh2_main_bst_skrinderkin|wh2_main_bst_stone_horn|wh3_dlc27_bst_beastmen_dm|wh_dlc03_bst_beastmen|wh_dlc03_bst_beastmen_chaos|wh_dlc03_bst_beastmen_rebels|wh_dlc03_bst_jagged_horn|wh_dlc03_bst_redhorn|wh_dlc05_bst_morghur_herd,false,false,true,true,true,true,,,wh_dlc03_skill_node_set_bst_bray_shaman_shadows,,1,wizard,false,false,,,,wh_dlc03_skill_node_bst_bray_shaman_shadows_campaign_actions_dummy,wh2_main_skill_all_dummy_agent_actions_bst_bray_shaman,Actions [HIDDEN],,battle_attack.png,0,8,1,0,false,0,1,1,Actions [HIDDEN],,,,,,,wh2_main_effect_agent_action_enable_wizard_hinder_agent_wound,,,character_to_character_own,1,campaign,0,true,,,,,,,,,,,,,,,,,,,,,,,,,character_skill_level_to_effects_junctions_tables,wh2_main_skill_all_dummy_agent_actions_bst_bray_shaman|wh2_main_effect_agent_action_enable_wizard_hinder_agent_wound|1|character_to_character_own
effect,warhammer_3,8.1.1,24237342,Beastmen,beastmen,wh_dlc03_sc_bst_beastmen,Bray-Shaman (Shadows),Bray_Shaman_Shadows,hero,wh_dlc03_bst_bray_shaman_shadows,wizard,wizard,wh2_dlc13_bst_beastmen_invasion|wh2_dlc17_bst_malagor|wh2_dlc17_bst_taurox|wh2_main_bst_blooded_axe|wh2_main_bst_manblight|wh2_main_bst_ripper_horn|wh2_main_bst_shadowgor|wh2_main_bst_skrinderkin|wh2_main_bst_stone_horn|wh3_dlc27_bst_beastmen_dm|wh_dlc03_bst_beastmen|wh_dlc03_bst_beastmen_chaos|wh_dlc03_bst_beastmen_rebels|wh_dlc03_bst_jagged_horn|wh_dlc03_bst_redhorn|wh_dlc05_bst_morghur_herd,false,false,true,true,true,true,,,wh_dlc03_skill_node_set_bst_bray_shaman_shadows,,1,wizard,false,false,,,,wh_dlc03_skill_node_bst_bray_shaman_shadows_campaign_actions_dummy,wh2_main_skill_all_dummy_agent_actions_bst_bray_shaman,Actions [HIDDEN],,battle_attack.png,0,8,1,0,false,0,1,1,Actions [HIDDEN],,,,,,,wh2_main_effect_agent_action_enable_wizard_hinder_army_block_army,,,character_to_character_own,1,campaign,0,true,,,,,,,,,,,,,,,,,,,,,,,,,character_skill_level_to_effects_junctions_tables,wh2_main_skill_all_dummy_agent_actions_bst_bray_shaman|wh2_main_effect_agent_action_enable_wizard_hinder_army_block_army|1|character_to_character_own
effect,warhammer_3,8.1.1,24237342,Beastmen,beastmen,wh_dlc03_sc_bst_beastmen,Bray-Shaman (Shadows),Bray_Shaman_Shadows,hero,wh_dlc03_bst_bray_shaman_shadows,wizard,wizard,wh2_dlc13_bst_beastmen_invasion|wh2_dlc17_bst_malagor|wh2_dlc17_bst_taurox|wh2_main_bst_blooded_axe|wh2_main_bst_manblight|wh2_main_bst_ripper_horn|wh2_main_bst_shadowgor|wh2_main_bst_skrinderkin|wh2_main_bst_stone_horn|wh3_dlc27_bst_beastmen_dm|wh_dlc03_bst_beastmen|wh_dlc03_bst_beastmen_chaos|wh_dlc03_bst_beastmen_rebels|wh_dlc03_bst_jagged_horn|wh_dlc03_bst_redhorn|wh_dlc05_bst_morghur_herd,false,false,true,true,true,true,,,wh_dlc03_skill_node_set_bst_bray_shaman_shadows,,1,wizard,false,false,,,,wh_dlc03_skill_node_bst_bray_shaman_shadows_campaign_actions_dummy,wh2_main_skill_all_dummy_agent_actions_bst_bray_shaman,Actions [HIDDEN],,battle_attack.png,0,8,1,0,false,0,1,1,Actions [HIDDEN],,,,,,,wh2_main_effect_agent_action_enable_wizard_hinder_settlement_scout_settlement,,,character_to_character_own,1,campaign,0,true,,,,,,,,,,,,,,,,,,,,,,,,,character_skill_level_to_effects_junctions_tables,wh2_main_skill_all_dummy_agent_actions_bst_bray_shaman|wh2_main_effect_agent_action_enable_wizard_hinder_settlement_scout_settlement|1|character_to_character_own
effect,warhammer_3,8.1.1,24237342,Beastmen,beastmen,wh_dlc03_sc_bst_beastmen,Bray-Shaman (Shadows),Bray_Shaman_Shadows,hero,wh_dlc03_bst_bray_shaman_shadows,wizard,wizard,wh2_dlc13_bst_beastmen_invasion|wh2_dlc17_bst_malagor|wh2_dlc17_bst_taurox|wh2_main_bst_blooded_axe|wh2_main_bst_manblight|wh2_main_bst_ripper_horn|wh2_main_bst_shadowgor|wh2_main_bst_skrinderkin|wh2_main_bst_stone_horn|wh3_dlc27_bst_beastmen_dm|wh_dlc03_bst_beastmen|wh_dlc03_bst_beastmen_chaos|wh_dlc03_bst_beastmen_rebels|wh_dlc03_bst_jagged_horn|wh_dlc03_bst_redhorn|wh_dlc05_bst_morghur_herd,false,false,true,true,true,true,,,wh_dlc03_skill_node_set_bst_bray_shaman_shadows,,1,wizard,false,false,,,,wh_dlc03_skill_node_bst_bray_shaman_shadows_campaign_actions_dummy,wh2_main_skill_all_dummy_agent_actions_bst_bray_shaman,Actions [HIDDEN],,battle_attack.png,0,8,1,0,false,0,1,1,Actions [HIDDEN],,,,,,,wh2_main_effect_agent_action_enable_wizard_hinder_settlement_steal_technology,,,character_to_character_own,1,campaign,0,true,,,,,,,,,,,,,,,,,,,,,,,,,character_skill_level_to_effects_junctions_tables,wh2_main_skill_all_dummy_agent_actions_bst_bray_shaman|wh2_main_effect_agent_action_enable_wizard_hinder_settlement_steal_technology|1|character_to_character_own
effect,warhammer_3,8.1.1,24237342,Beastmen,beastmen,wh_dlc03_sc_bst_beastmen,Bray-Shaman (Shadows),Bray_Shaman_Shadows,hero,wh_dlc03_bst_bray_shaman_shadows,wizard,wizard,wh2_dlc13_bst_beastmen_invasion|wh2_dlc17_bst_malagor|wh2_dlc17_bst_taurox|wh2_main_bst_blooded_axe|wh2_main_bst_manblight|wh2_main_bst_ripper_horn|wh2_main_bst_shadowgor|wh2_main_bst_skrinderkin|wh2_main_bst_stone_horn|wh3_dlc27_bst_beastmen_dm|wh_dlc03_bst_beastmen|wh_dlc03_bst_beastmen_chaos|wh_dlc03_bst_beastmen_rebels|wh_dlc03_bst_jagged_horn|wh_dlc03_bst_redhorn|wh_dlc05_bst_morghur_herd,false,false,true,true,true,true,,,wh_dlc03_skill_node_set_bst_bray_shaman_shadows,,1,wizard,false,false,,,,wh_dlc03_skill_node_bst_bray_shaman_shadows_campaign_actions_dummy,wh2_main_skill_all_dummy_agent_actions_bst_bray_shaman,Actions [HIDDEN],,battle_attack.png,0,8,1,0,false,0,1,1,Actions [HIDDEN],,,,,,,wh2_main_effect_agent_action_enable_wizard_passive_spread_corruption_chs,,,character_to_character_own,1,campaign,0,true,,,,,,,,,,,,,,,,,,,,,,,,,character_skill_level_to_effects_junctions_tables,wh2_main_skill_all_dummy_agent_actions_bst_bray_shaman|wh2_main_effect_agent_action_enable_wizard_passive_spread_corruption_chs|1|character_to_character_own
effect,warhammer_3,8.1.1,24237342,Beastmen,beastmen,wh_dlc03_sc_bst_beastmen,Bray-Shaman (Shadows),Bray_Shaman_Shadows,hero,wh_dlc03_bst_bray_shaman_shadows,wizard,wizard,wh2_dlc13_bst_beastmen_invasion|wh2_dlc17_bst_malagor|wh2_dlc17_bst_taurox|wh2_main_bst_blooded_axe|wh2_main_bst_manblight|wh2_main_bst_ripper_horn|wh2_main_bst_shadowgor|wh2_main_bst_skrinderkin|wh2_main_bst_stone_horn|wh3_dlc27_bst_beastmen_dm|wh_dlc03_bst_beastmen|wh_dlc03_bst_beastmen_chaos|wh_dlc03_bst_beastmen_rebels|wh_dlc03_bst_jagged_horn|wh_dlc03_bst_redhorn|wh_dlc05_bst_morghur_herd,false,false,true,true,true,true,,,wh_dlc03_skill_node_set_bst_bray_shaman_shadows,,1,wizard,false,false,,,,wh_dlc03_skill_node_bst_bray_shaman_shadows_campaign_actions_dummy,wh2_main_skill_all_dummy_agent_actions_bst_bray_shaman,Actions [HIDDEN],,battle_attack.png,0,8,1,0,false,0,1,1,Actions [HIDDEN],,,,,,,wh3_main_effect_agent_action_passive_spread_corruption_chaos_effect,Chaos Undivided corruption: %+n,,character_to_province_any,2,campaign,0,true,corruption_chaos.png,corruption_chaos.png,,,,,,,,,,,,,,,,,,,,,,,character_skill_level_to_effects_junctions_tables,wh2_main_skill_all_dummy_agent_actions_bst_bray_shaman|wh3_main_effect_agent_action_passive_spread_corruption_chaos_effect|1|character_to_province_any
node,warhammer_3,8.1.1,24237342,Beastmen,beastmen,wh_dlc03_sc_bst_beastmen,Bray-Shaman (Shadows),Bray_Shaman_Shadows,hero,wh_dlc03_bst_bray_shaman_shadows,wizard,wizard,wh2_dlc13_bst_beastmen_invasion|wh2_dlc17_bst_malagor|wh2_dlc17_bst_taurox|wh2_main_bst_blooded_axe|wh2_main_bst_manblight|wh2_main_bst_ripper_horn|wh2_main_bst_shadowgor|wh2_main_bst_skrinderkin|wh2_main_bst_stone_horn|wh3_dlc27_bst_beastmen_dm|wh_dlc03_bst_beastmen|wh_dlc03_bst_beastmen_chaos|wh_dlc03_bst_beastmen_rebels|wh_dlc03_bst_jagged_horn|wh_dlc03_bst_redhorn|wh_dlc05_bst_morghur_herd,false,false,true,true,true,true,,,wh_dlc03_skill_node_set_bst_bray_shaman_shadows,,1,wizard,false,false,,,,wh3_main_agent_action_scaling,wh3_main_skill_agent_action_success_scaling,Agent action success modifer,Hidden skill that scales action success/defence chance,mount_hellsteed.png,0,99,0,0,false,0,49,,,,,,,,,,,,,,,,,,,,,,,,,,,,,,,,,,,,,,,,,character_skill_nodes_tables,wh3_main_agent_action_scaling
effect,warhammer_3,8.1.1,24237342,Beastmen,beastmen,wh_dlc03_sc_bst_beastmen,Bray-Shaman (Shadows),Bray_Shaman_Shadows,hero,wh_dlc03_bst_bray_shaman_shadows,wizard,wizard,wh2_dlc13_bst_beastmen_invasion|wh2_dlc17_bst_malagor|wh2_dlc17_bst_taurox|wh2_main_bst_blooded_axe|wh2_main_bst_manblight|wh2_main_bst_ripper_horn|wh2_main_bst_shadowgor|wh2_main_bst_skrinderkin|wh2_main_bst_stone_horn|wh3_dlc27_bst_beastmen_dm|wh_dlc03_bst_beastmen|wh_dlc03_bst_beastmen_chaos|wh_dlc03_bst_beastmen_rebels|wh_dlc03_bst_jagged_horn|wh_dlc03_bst_redhorn|wh_dlc05_bst_morghur_herd,false,false,true,true,true,true,,,wh_dlc03_skill_node_set_bst_bray_shaman_shadows,,1,wizard,false,false,,,,wh3_main_agent_action_scaling,wh3_main_skill_agent_action_success_scaling,Agent action success modifer,Hidden skill that scales action success/defence chance,mount_hellsteed.png,0,99,0,0,false,0,49,1,Agent action success modifer,Hidden skill that scales action success/defence chance,,,,,,wh_main_effect_agent_action_success_chance_enemy_skill,[HIDDEN] Enemy Hero action success chance: %+n% (from skill),,character_to_character_own,-1,campaign,0,true,,,,,,,,,,,,,,,,,,,,,,,,,character_skill_level_to_effects_junctions_tables,wh3_main_skill_agent_action_success_scaling|wh_main_effect_agent_action_success_chance_enemy_skill|1|character_to_character_own
effect,warhammer_3,8.1.1,24237342,Beastmen,beastmen,wh_dlc03_sc_bst_beastmen,Bray-Shaman (Shadows),Bray_Shaman_Shadows,hero,wh_dlc03_bst_bray_shaman_shadows,wizard,wizard,wh2_dlc13_bst_beastmen_invasion|wh2_dlc17_bst_malagor|wh2_dlc17_bst_taurox|wh2_main_bst_blooded_axe|wh2_main_bst_manblight|wh2_main_bst_ripper_horn|wh2_main_bst_shadowgor|wh2_main_bst_skrinderkin|wh2_main_bst_stone_horn|wh3_dlc27_bst_beastmen_dm|wh_dlc03_bst_beastmen|wh_dlc03_bst_beastmen_chaos|wh_dlc03_bst_beastmen_rebels|wh_dlc03_bst_jagged_horn|wh_dlc03_bst_redhorn|wh_dlc05_bst_morghur_herd,false,false,true,true,true,true,,,wh_dlc03_skill_node_set_bst_bray_shaman_shadows,,1,wizard,false,false,,,,wh3_main_agent_action_scaling,wh3_main_skill_agent_action_success_scaling,Agent action success modifer,Hidden skill that scales action success/defence chance,mount_hellsteed.png,0,99,0,0,false,0,49,1,Agent action success modifer,Hidden skill that scales action success/defence chance,,,,,,wh_main_effect_agent_action_success_chance_skill,[HIDDEN] Hero action success chance: %+n% (from skill),,character_to_character_own,1,campaign,0,true,,,,,,,,,,,,,,,,,,,,,,,,,character_skill_level_to_effects_junctions_tables,wh3_main_skill_agent_action_success_scaling|wh_main_effect_agent_action_success_chance_skill|1|character_to_character_own
effect,warhammer_3,8.1.1,24237342,Beastmen,beastmen,wh_dlc03_sc_bst_beastmen,Bray-Shaman (Shadows),Bray_Shaman_Shadows,hero,wh_dlc03_bst_bray_shaman_shadows,wizard,wizard,wh2_dlc13_bst_beastmen_invasion|wh2_dlc17_bst_malagor|wh2_dlc17_bst_taurox|wh2_main_bst_blooded_axe|wh2_main_bst_manblight|wh2_main_bst_ripper_horn|wh2_main_bst_shadowgor|wh2_main_bst_skrinderkin|wh2_main_bst_stone_horn|wh3_dlc27_bst_beastmen_dm|wh_dlc03_bst_beastmen|wh_dlc03_bst_beastmen_chaos|wh_dlc03_bst_beastmen_rebels|wh_dlc03_bst_jagged_horn|wh_dlc03_bst_redhorn|wh_dlc05_bst_morghur_herd,false,false,true,true,true,true,,,wh_dlc03_skill_node_set_bst_bray_shaman_shadows,,1,wizard,false,false,,,,wh3_main_agent_action_scaling,wh3_main_skill_agent_action_success_scaling,Agent action success modifer,Hidden skill that scales action success/defence chance,mount_hellsteed.png,0,99,0,0,false,0,49,2,Agent action success modifer,Hidden skill that scales action success/defence chance,,,,,,wh_main_effect_agent_action_success_chance_enemy_skill,[HIDDEN] Enemy Hero action success chance: %+n% (from skill),,character_to_character_own,-2,campaign,0,true,,,,,,,,,,,,,,,,,,,,,,,,,character_skill_level_to_effects_junctions_tables,wh3_main_skill_agent_action_success_scaling|wh_main_effect_agent_action_success_chance_enemy_skill|2|character_to_character_own
effect,warhammer_3,8.1.1,24237342,Beastmen,beastmen,wh_dlc03_sc_bst_beastmen,Bray-Shaman (Shadows),Bray_Shaman_Shadows,hero,wh_dlc03_bst_bray_shaman_shadows,wizard,wizard,wh2_dlc13_bst_beastmen_invasion|wh2_dlc17_bst_malagor|wh2_dlc17_bst_taurox|wh2_main_bst_blooded_axe|wh2_main_bst_manblight|wh2_main_bst_ripper_horn|wh2_main_bst_shadowgor|wh2_main_bst_skrinderkin|wh2_main_bst_stone_horn|wh3_dlc27_bst_beastmen_dm|wh_dlc03_bst_beastmen|wh_dlc03_bst_beastmen_chaos|wh_dlc03_bst_beastmen_rebels|wh_dlc03_bst_jagged_horn|wh_dlc03_bst_redhorn|wh_dlc05_bst_morghur_herd,false,false,true,true,true,true,,,wh_dlc03_skill_node_set_bst_bray_shaman_shadows,,1,wizard,false,false,,,,wh3_main_agent_action_scaling,wh3_main_skill_agent_action_success_scaling,Agent action success modifer,Hidden skill that scales action success/defence chance,mount_hellsteed.png,0,99,0,0,false,0,49,2,Agent action success modifer,Hidden skill that scales action success/defence chance,,,,,,wh_main_effect_agent_action_success_chance_skill,[HIDDEN] Hero action success chance: %+n% (from skill),,character_to_character_own,2,campaign,0,true,,,,,,,,,,,,,,,,,,,,,,,,,character_skill_level_to_effects_junctions_tables,wh3_main_skill_agent_action_success_scaling|wh_main_effect_agent_action_success_chance_skill|2|character_to_character_own
effect,warhammer_3,8.1.1,24237342,Beastmen,beastmen,wh_dlc03_sc_bst_beastmen,Bray-Shaman (Shadows),Bray_Shaman_Shadows,hero,wh_dlc03_bst_bray_shaman_shadows,wizard,wizard,wh2_dlc13_bst_beastmen_invasion|wh2_dlc17_bst_malagor|wh2_dlc17_bst_taurox|wh2_main_bst_blooded_axe|wh2_main_bst_manblight|wh2_main_bst_ripper_horn|wh2_main_bst_shadowgor|wh2_main_bst_skrinderkin|wh2_main_bst_stone_horn|wh3_dlc27_bst_beastmen_dm|wh_dlc03_bst_beastmen|wh_dlc03_bst_beastmen_chaos|wh_dlc03_bst_beastmen_rebels|wh_dlc03_bst_jagged_horn|wh_dlc03_bst_redhorn|wh_dlc05_bst_morghur_herd,false,false,true,true,true,true,,,wh_dlc03_skill_node_set_bst_bray_shaman_shadows,,1,wizard,false,false,,,,wh3_main_agent_action_scaling,wh3_main_skill_agent_action_success_scaling,Agent action success modifer,Hidden skill that scales action success/defence chance,mount_hellsteed.png,0,99,0,0,false,0,49,3,Agent action success modifer,Hidden skill that scales action success/defence chance,,,,,,wh_main_effect_agent_action_success_chance_enemy_skill,[HIDDEN] Enemy Hero action success chance: %+n% (from skill),,character_to_character_own,-3,campaign,0,true,,,,,,,,,,,,,,,,,,,,,,,,,character_skill_level_to_effects_junctions_tables,wh3_main_skill_agent_action_success_scaling|wh_main_effect_agent_action_success_chance_enemy_skill|3|character_to_character_own
effect,warhammer_3,8.1.1,24237342,Beastmen,beastmen,wh_dlc03_sc_bst_beastmen,Bray-Shaman (Shadows),Bray_Shaman_Shadows,hero,wh_dlc03_bst_bray_shaman_shadows,wizard,wizard,wh2_dlc13_bst_beastmen_invasion|wh2_dlc17_bst_malagor|wh2_dlc17_bst_taurox|wh2_main_bst_blooded_axe|wh2_main_bst_manblight|wh2_main_bst_ripper_horn|wh2_main_bst_shadowgor|wh2_main_bst_skrinderkin|wh2_main_bst_stone_horn|wh3_dlc27_bst_beastmen_dm|wh_dlc03_bst_beastmen|wh_dlc03_bst_beastmen_chaos|wh_dlc03_bst_beastmen_rebels|wh_dlc03_bst_jagged_horn|wh_dlc03_bst_redhorn|wh_dlc05_bst_morghur_herd,false,false,true,true,true,true,,,wh_dlc03_skill_node_set_bst_bray_shaman_shadows,,1,wizard,false,false,,,,wh3_main_agent_action_scaling,wh3_main_skill_agent_action_success_scaling,Agent action success modifer,Hidden skill that scales action success/defence chance,mount_hellsteed.png,0,99,0,0,false,0,49,3,Agent action success modifer,Hidden skill that scales action success/defence chance,,,,,,wh_main_effect_agent_action_success_chance_skill,[HIDDEN] Hero action success chance: %+n% (from skill),,character_to_character_own,3,campaign,0,true,,,,,,,,,,,,,,,,,,,,,,,,,character_skill_level_to_effects_junctions_tables,wh3_main_skill_agent_action_success_scaling|wh_main_effect_agent_action_success_chance_skill|3|character_to_character_own
effect,warhammer_3,8.1.1,24237342,Beastmen,beastmen,wh_dlc03_sc_bst_beastmen,Bray-Shaman (Shadows),Bray_Shaman_Shadows,hero,wh_dlc03_bst_bray_shaman_shadows,wizard,wizard,wh2_dlc13_bst_beastmen_invasion|wh2_dlc17_bst_malagor|wh2_dlc17_bst_taurox|wh2_main_bst_blooded_axe|wh2_main_bst_manblight|wh2_main_bst_ripper_horn|wh2_main_bst_shadowgor|wh2_main_bst_skrinderkin|wh2_main_bst_stone_horn|wh3_dlc27_bst_beastmen_dm|wh_dlc03_bst_beastmen|wh_dlc03_bst_beastmen_chaos|wh_dlc03_bst_beastmen_rebels|wh_dlc03_bst_jagged_horn|wh_dlc03_bst_redhorn|wh_dlc05_bst_morghur_herd,false,false,true,true,true,true,,,wh_dlc03_skill_node_set_bst_bray_shaman_shadows,,1,wizard,false,false,,,,wh3_main_agent_action_scaling,wh3_main_skill_agent_action_success_scaling,Agent action success modifer,Hidden skill that scales action success/defence chance,mount_hellsteed.png,0,99,0,0,false,0,49,4,Agent action success modifer,Hidden skill that scales action success/defence chance,,,,,,wh_main_effect_agent_action_success_chance_enemy_skill,[HIDDEN] Enemy Hero action success chance: %+n% (from skill),,character_to_character_own,-4,campaign,0,true,,,,,,,,,,,,,,,,,,,,,,,,,character_skill_level_to_effects_junctions_tables,wh3_main_skill_agent_action_success_scaling|wh_main_effect_agent_action_success_chance_enemy_skill|4|character_to_character_own
effect,warhammer_3,8.1.1,24237342,Beastmen,beastmen,wh_dlc03_sc_bst_beastmen,Bray-Shaman (Shadows),Bray_Shaman_Shadows,hero,wh_dlc03_bst_bray_shaman_shadows,wizard,wizard,wh2_dlc13_bst_beastmen_invasion|wh2_dlc17_bst_malagor|wh2_dlc17_bst_taurox|wh2_main_bst_blooded_axe|wh2_main_bst_manblight|wh2_main_bst_ripper_horn|wh2_main_bst_shadowgor|wh2_main_bst_skrinderkin|wh2_main_bst_stone_horn|wh3_dlc27_bst_beastmen_dm|wh_dlc03_bst_beastmen|wh_dlc03_bst_beastmen_chaos|wh_dlc03_bst_beastmen_rebels|wh_dlc03_bst_jagged_horn|wh_dlc03_bst_redhorn|wh_dlc05_bst_morghur_herd,false,false,true,true,true,true,,,wh_dlc03_skill_node_set_bst_bray_shaman_shadows,,1,wizard,false,false,,,,wh3_main_agent_action_scaling,wh3_main_skill_agent_action_success_scaling,Agent action success modifer,Hidden skill that scales action success/defence chance,mount_hellsteed.png,0,99,0,0,false,0,49,4,Agent action success modifer,Hidden skill that scales action success/defence chance,,,,,,wh_main_effect_agent_action_success_chance_skill,[HIDDEN] Hero action success chance: %+n% (from skill),,character_to_character_own,4,campaign,0,true,,,,,,,,,,,,,,,,,,,,,,,,,character_skill_level_to_effects_junctions_tables,wh3_main_skill_agent_action_success_scaling|wh_main_effect_agent_action_success_chance_skill|4|character_to_character_own
effect,warhammer_3,8.1.1,24237342,Beastmen,beastmen,wh_dlc03_sc_bst_beastmen,Bray-Shaman (Shadows),Bray_Shaman_Shadows,hero,wh_dlc03_bst_bray_shaman_shadows,wizard,wizard,wh2_dlc13_bst_beastmen_invasion|wh2_dlc17_bst_malagor|wh2_dlc17_bst_taurox|wh2_main_bst_blooded_axe|wh2_main_bst_manblight|wh2_main_bst_ripper_horn|wh2_main_bst_shadowgor|wh2_main_bst_skrinderkin|wh2_main_bst_stone_horn|wh3_dlc27_bst_beastmen_dm|wh_dlc03_bst_beastmen|wh_dlc03_bst_beastmen_chaos|wh_dlc03_bst_beastmen_rebels|wh_dlc03_bst_jagged_horn|wh_dlc03_bst_redhorn|wh_dlc05_bst_morghur_herd,false,false,true,true,true,true,,,wh_dlc03_skill_node_set_bst_bray_shaman_shadows,,1,wizard,false,false,,,,wh3_main_agent_action_scaling,wh3_main_skill_agent_action_success_scaling,Agent action success modifer,Hidden skill that scales action success/defence chance,mount_hellsteed.png,0,99,0,0,false,0,49,5,Agent action success modifer,Hidden skill that scales action success/defence chance,,,,,,wh_main_effect_agent_action_success_chance_enemy_skill,[HIDDEN] Enemy Hero action success chance: %+n% (from skill),,character_to_character_own,-5,campaign,0,true,,,,,,,,,,,,,,,,,,,,,,,,,character_skill_level_to_effects_junctions_tables,wh3_main_skill_agent_action_success_scaling|wh_main_effect_agent_action_success_chance_enemy_skill|5|character_to_character_own
effect,warhammer_3,8.1.1,24237342,Beastmen,beastmen,wh_dlc03_sc_bst_beastmen,Bray-Shaman (Shadows),Bray_Shaman_Shadows,hero,wh_dlc03_bst_bray_shaman_shadows,wizard,wizard,wh2_dlc13_bst_beastmen_invasion|wh2_dlc17_bst_malagor|wh2_dlc17_bst_taurox|wh2_main_bst_blooded_axe|wh2_main_bst_manblight|wh2_main_bst_ripper_horn|wh2_main_bst_shadowgor|wh2_main_bst_skrinderkin|wh2_main_bst_stone_horn|wh3_dlc27_bst_beastmen_dm|wh_dlc03_bst_beastmen|wh_dlc03_bst_beastmen_chaos|wh_dlc03_bst_beastmen_rebels|wh_dlc03_bst_jagged_horn|wh_dlc03_bst_redhorn|wh_dlc05_bst_morghur_herd,false,false,true,true,true,true,,,wh_dlc03_skill_node_set_bst_bray_shaman_shadows,,1,wizard,false,false,,,,wh3_main_agent_action_scaling,wh3_main_skill_agent_action_success_scaling,Agent action success modifer,Hidden skill that scales action success/defence chance,mount_hellsteed.png,0,99,0,0,false,0,49,5,Agent action success modifer,Hidden skill that scales action success/defence chance,,,,,,wh_main_effect_agent_action_success_chance_skill,[HIDDEN] Hero action success chance: %+n% (from skill),,character_to_character_own,5,campaign,0,true,,,,,,,,,,,,,,,,,,,,,,,,,character_skill_level_to_effects_junctions_tables,wh3_main_skill_agent_action_success_scaling|wh_main_effect_agent_action_success_chance_skill|5|character_to_character_own
effect,warhammer_3,8.1.1,24237342,Beastmen,beastmen,wh_dlc03_sc_bst_beastmen,Bray-Shaman (Shadows),Bray_Shaman_Shadows,hero,wh_dlc03_bst_bray_shaman_shadows,wizard,wizard,wh2_dlc13_bst_beastmen_invasion|wh2_dlc17_bst_malagor|wh2_dlc17_bst_taurox|wh2_main_bst_blooded_axe|wh2_main_bst_manblight|wh2_main_bst_ripper_horn|wh2_main_bst_shadowgor|wh2_main_bst_skrinderkin|wh2_main_bst_stone_horn|wh3_dlc27_bst_beastmen_dm|wh_dlc03_bst_beastmen|wh_dlc03_bst_beastmen_chaos|wh_dlc03_bst_beastmen_rebels|wh_dlc03_bst_jagged_horn|wh_dlc03_bst_redhorn|wh_dlc05_bst_morghur_herd,false,false,true,true,true,true,,,wh_dlc03_skill_node_set_bst_bray_shaman_shadows,,1,wizard,false,false,,,,wh3_main_agent_action_scaling,wh3_main_skill_agent_action_success_scaling,Agent action success modifer,Hidden skill that scales action success/defence chance,mount_hellsteed.png,0,99,0,0,false,0,49,6,Agent action success modifer,Hidden skill that scales action success/defence chance,,,,,,wh_main_effect_agent_action_success_chance_enemy_skill,[HIDDEN] Enemy Hero action success chance: %+n% (from skill),,character_to_character_own,-6,campaign,0,true,,,,,,,,,,,,,,,,,,,,,,,,,character_skill_level_to_effects_junctions_tables,wh3_main_skill_agent_action_success_scaling|wh_main_effect_agent_action_success_chance_enemy_skill|6|character_to_character_own
effect,warhammer_3,8.1.1,24237342,Beastmen,beastmen,wh_dlc03_sc_bst_beastmen,Bray-Shaman (Shadows),Bray_Shaman_Shadows,hero,wh_dlc03_bst_bray_shaman_shadows,wizard,wizard,wh2_dlc13_bst_beastmen_invasion|wh2_dlc17_bst_malagor|wh2_dlc17_bst_taurox|wh2_main_bst_blooded_axe|wh2_main_bst_manblight|wh2_main_bst_ripper_horn|wh2_main_bst_shadowgor|wh2_main_bst_skrinderkin|wh2_main_bst_stone_horn|wh3_dlc27_bst_beastmen_dm|wh_dlc03_bst_beastmen|wh_dlc03_bst_beastmen_chaos|wh_dlc03_bst_beastmen_rebels|wh_dlc03_bst_jagged_horn|wh_dlc03_bst_redhorn|wh_dlc05_bst_morghur_herd,false,false,true,true,true,true,,,wh_dlc03_skill_node_set_bst_bray_shaman_shadows,,1,wizard,false,false,,,,wh3_main_agent_action_scaling,wh3_main_skill_agent_action_success_scaling,Agent action success modifer,Hidden skill that scales action success/defence chance,mount_hellsteed.png,0,99,0,0,false,0,49,6,Agent action success modifer,Hidden skill that scales action success/defence chance,,,,,,wh_main_effect_agent_action_success_chance_skill,[HIDDEN] Hero action success chance: %+n% (from skill),,character_to_character_own,6,campaign,0,true,,,,,,,,,,,,,,,,,,,,,,,,,character_skill_level_to_effects_junctions_tables,wh3_main_skill_agent_action_success_scaling|wh_main_effect_agent_action_success_chance_skill|6|character_to_character_own
effect,warhammer_3,8.1.1,24237342,Beastmen,beastmen,wh_dlc03_sc_bst_beastmen,Bray-Shaman (Shadows),Bray_Shaman_Shadows,hero,wh_dlc03_bst_bray_shaman_shadows,wizard,wizard,wh2_dlc13_bst_beastmen_invasion|wh2_dlc17_bst_malagor|wh2_dlc17_bst_taurox|wh2_main_bst_blooded_axe|wh2_main_bst_manblight|wh2_main_bst_ripper_horn|wh2_main_bst_shadowgor|wh2_main_bst_skrinderkin|wh2_main_bst_stone_horn|wh3_dlc27_bst_beastmen_dm|wh_dlc03_bst_beastmen|wh_dlc03_bst_beastmen_chaos|wh_dlc03_bst_beastmen_rebels|wh_dlc03_bst_jagged_horn|wh_dlc03_bst_redhorn|wh_dlc05_bst_morghur_herd,false,false,true,true,true,true,,,wh_dlc03_skill_node_set_bst_bray_shaman_shadows,,1,wizard,false,false,,,,wh3_main_agent_action_scaling,wh3_main_skill_agent_action_success_scaling,Agent action success modifer,Hidden skill that scales action success/defence chance,mount_hellsteed.png,0,99,0,0,false,0,49,7,Agent action success modifer,Hidden skill that scales action success/defence chance,,,,,,wh_main_effect_agent_action_success_chance_enemy_skill,[HIDDEN] Enemy Hero action success chance: %+n% (from skill),,character_to_character_own,-7,campaign,0,true,,,,,,,,,,,,,,,,,,,,,,,,,character_skill_level_to_effects_junctions_tables,wh3_main_skill_agent_action_success_scaling|wh_main_effect_agent_action_success_chance_enemy_skill|7|character_to_character_own
effect,warhammer_3,8.1.1,24237342,Beastmen,beastmen,wh_dlc03_sc_bst_beastmen,Bray-Shaman (Shadows),Bray_Shaman_Shadows,hero,wh_dlc03_bst_bray_shaman_shadows,wizard,wizard,wh2_dlc13_bst_beastmen_invasion|wh2_dlc17_bst_malagor|wh2_dlc17_bst_taurox|wh2_main_bst_blooded_axe|wh2_main_bst_manblight|wh2_main_bst_ripper_horn|wh2_main_bst_shadowgor|wh2_main_bst_skrinderkin|wh2_main_bst_stone_horn|wh3_dlc27_bst_beastmen_dm|wh_dlc03_bst_beastmen|wh_dlc03_bst_beastmen_chaos|wh_dlc03_bst_beastmen_rebels|wh_dlc03_bst_jagged_horn|wh_dlc03_bst_redhorn|wh_dlc05_bst_morghur_herd,false,false,true,true,true,true,,,wh_dlc03_skill_node_set_bst_bray_shaman_shadows,,1,wizard,false,false,,,,wh3_main_agent_action_scaling,wh3_main_skill_agent_action_success_scaling,Agent action success modifer,Hidden skill that scales action success/defence chance,mount_hellsteed.png,0,99,0,0,false,0,49,7,Agent action success modifer,Hidden skill that scales action success/defence chance,,,,,,wh_main_effect_agent_action_success_chance_skill,[HIDDEN] Hero action success chance: %+n% (from skill),,character_to_character_own,7,campaign,0,true,,,,,,,,,,,,,,,,,,,,,,,,,character_skill_level_to_effects_junctions_tables,wh3_main_skill_agent_action_success_scaling|wh_main_effect_agent_action_success_chance_skill|7|character_to_character_own
effect,warhammer_3,8.1.1,24237342,Beastmen,beastmen,wh_dlc03_sc_bst_beastmen,Bray-Shaman (Shadows),Bray_Shaman_Shadows,hero,wh_dlc03_bst_bray_shaman_shadows,wizard,wizard,wh2_dlc13_bst_beastmen_invasion|wh2_dlc17_bst_malagor|wh2_dlc17_bst_taurox|wh2_main_bst_blooded_axe|wh2_main_bst_manblight|wh2_main_bst_ripper_horn|wh2_main_bst_shadowgor|wh2_main_bst_skrinderkin|wh2_main_bst_stone_horn|wh3_dlc27_bst_beastmen_dm|wh_dlc03_bst_beastmen|wh_dlc03_bst_beastmen_chaos|wh_dlc03_bst_beastmen_rebels|wh_dlc03_bst_jagged_horn|wh_dlc03_bst_redhorn|wh_dlc05_bst_morghur_herd,false,false,true,true,true,true,,,wh_dlc03_skill_node_set_bst_bray_shaman_shadows,,1,wizard,false,false,,,,wh3_main_agent_action_scaling,wh3_main_skill_agent_action_success_scaling,Agent action success modifer,Hidden skill that scales action success/defence chance,mount_hellsteed.png,0,99,0,0,false,0,49,8,Agent action success modifer,Hidden skill that scales action success/defence chance,,,,,,wh_main_effect_agent_action_success_chance_enemy_skill,[HIDDEN] Enemy Hero action success chance: %+n% (from skill),,character_to_character_own,-8,campaign,0,true,,,,,,,,,,,,,,,,,,,,,,,,,character_skill_level_to_effects_junctions_tables,wh3_main_skill_agent_action_success_scaling|wh_main_effect_agent_action_success_chance_enemy_skill|8|character_to_character_own
effect,warhammer_3,8.1.1,24237342,Beastmen,beastmen,wh_dlc03_sc_bst_beastmen,Bray-Shaman (Shadows),Bray_Shaman_Shadows,hero,wh_dlc03_bst_bray_shaman_shadows,wizard,wizard,wh2_dlc13_bst_beastmen_invasion|wh2_dlc17_bst_malagor|wh2_dlc17_bst_taurox|wh2_main_bst_blooded_axe|wh2_main_bst_manblight|wh2_main_bst_ripper_horn|wh2_main_bst_shadowgor|wh2_main_bst_skrinderkin|wh2_main_bst_stone_horn|wh3_dlc27_bst_beastmen_dm|wh_dlc03_bst_beastmen|wh_dlc03_bst_beastmen_chaos|wh_dlc03_bst_beastmen_rebels|wh_dlc03_bst_jagged_horn|wh_dlc03_bst_redhorn|wh_dlc05_bst_morghur_herd,false,false,true,true,true,true,,,wh_dlc03_skill_node_set_bst_bray_shaman_shadows,,1,wizard,false,false,,,,wh3_main_agent_action_scaling,wh3_main_skill_agent_action_success_scaling,Agent action success modifer,Hidden skill that scales action success/defence chance,mount_hellsteed.png,0,99,0,0,false,0,49,8,Agent action success modifer,Hidden skill that scales action success/defence chance,,,,,,wh_main_effect_agent_action_success_chance_skill,[HIDDEN] Hero action success chance: %+n% (from skill),,character_to_character_own,8,campaign,0,true,,,,,,,,,,,,,,,,,,,,,,,,,character_skill_level_to_effects_junctions_tables,wh3_main_skill_agent_action_success_scaling|wh_main_effect_agent_action_success_chance_skill|8|character_to_character_own
effect,warhammer_3,8.1.1,24237342,Beastmen,beastmen,wh_dlc03_sc_bst_beastmen,Bray-Shaman (Shadows),Bray_Shaman_Shadows,hero,wh_dlc03_bst_bray_shaman_shadows,wizard,wizard,wh2_dlc13_bst_beastmen_invasion|wh2_dlc17_bst_malagor|wh2_dlc17_bst_taurox|wh2_main_bst_blooded_axe|wh2_main_bst_manblight|wh2_main_bst_ripper_horn|wh2_main_bst_shadowgor|wh2_main_bst_skrinderkin|wh2_main_bst_stone_horn|wh3_dlc27_bst_beastmen_dm|wh_dlc03_bst_beastmen|wh_dlc03_bst_beastmen_chaos|wh_dlc03_bst_beastmen_rebels|wh_dlc03_bst_jagged_horn|wh_dlc03_bst_redhorn|wh_dlc05_bst_morghur_herd,false,false,true,true,true,true,,,wh_dlc03_skill_node_set_bst_bray_shaman_shadows,,1,wizard,false,false,,,,wh3_main_agent_action_scaling,wh3_main_skill_agent_action_success_scaling,Agent action success modifer,Hidden skill that scales action success/defence chance,mount_hellsteed.png,0,99,0,0,false,0,49,9,Agent action success modifer,Hidden skill that scales action success/defence chance,,,,,,wh_main_effect_agent_action_success_chance_enemy_skill,[HIDDEN] Enemy Hero action success chance: %+n% (from skill),,character_to_character_own,-9,campaign,0,true,,,,,,,,,,,,,,,,,,,,,,,,,character_skill_level_to_effects_junctions_tables,wh3_main_skill_agent_action_success_scaling|wh_main_effect_agent_action_success_chance_enemy_skill|9|character_to_character_own
effect,warhammer_3,8.1.1,24237342,Beastmen,beastmen,wh_dlc03_sc_bst_beastmen,Bray-Shaman (Shadows),Bray_Shaman_Shadows,hero,wh_dlc03_bst_bray_shaman_shadows,wizard,wizard,wh2_dlc13_bst_beastmen_invasion|wh2_dlc17_bst_malagor|wh2_dlc17_bst_taurox|wh2_main_bst_blooded_axe|wh2_main_bst_manblight|wh2_main_bst_ripper_horn|wh2_main_bst_shadowgor|wh2_main_bst_skrinderkin|wh2_main_bst_stone_horn|wh3_dlc27_bst_beastmen_dm|wh_dlc03_bst_beastmen|wh_dlc03_bst_beastmen_chaos|wh_dlc03_bst_beastmen_rebels|wh_dlc03_bst_jagged_horn|wh_dlc03_bst_redhorn|wh_dlc05_bst_morghur_herd,false,false,true,true,true,true,,,wh_dlc03_skill_node_set_bst_bray_shaman_shadows,,1,wizard,false,false,,,,wh3_main_agent_action_scaling,wh3_main_skill_agent_action_success_scaling,Agent action success modifer,Hidden skill that scales action success/defence chance,mount_hellsteed.png,0,99,0,0,false,0,49,9,Agent action success modifer,Hidden skill that scales action success/defence chance,,,,,,wh_main_effect_agent_action_success_chance_skill,[HIDDEN] Hero action success chance: %+n% (from skill),,character_to_character_own,9,campaign,0,true,,,,,,,,,,,,,,,,,,,,,,,,,character_skill_level_to_effects_junctions_tables,wh3_main_skill_agent_action_success_scaling|wh_main_effect_agent_action_success_chance_skill|9|character_to_character_own
effect,warhammer_3,8.1.1,24237342,Beastmen,beastmen,wh_dlc03_sc_bst_beastmen,Bray-Shaman (Shadows),Bray_Shaman_Shadows,hero,wh_dlc03_bst_bray_shaman_shadows,wizard,wizard,wh2_dlc13_bst_beastmen_invasion|wh2_dlc17_bst_malagor|wh2_dlc17_bst_taurox|wh2_main_bst_blooded_axe|wh2_main_bst_manblight|wh2_main_bst_ripper_horn|wh2_main_bst_shadowgor|wh2_main_bst_skrinderkin|wh2_main_bst_stone_horn|wh3_dlc27_bst_beastmen_dm|wh_dlc03_bst_beastmen|wh_dlc03_bst_beastmen_chaos|wh_dlc03_bst_beastmen_rebels|wh_dlc03_bst_jagged_horn|wh_dlc03_bst_redhorn|wh_dlc05_bst_morghur_herd,false,false,true,true,true,true,,,wh_dlc03_skill_node_set_bst_bray_shaman_shadows,,1,wizard,false,false,,,,wh3_main_agent_action_scaling,wh3_main_skill_agent_action_success_scaling,Agent action success modifer,Hidden skill that scales action success/defence chance,mount_hellsteed.png,0,99,0,0,false,0,49,10,Agent action success modifer,Hidden skill that scales action success/defence chance,,,,,,wh_main_effect_agent_action_success_chance_enemy_skill,[HIDDEN] Enemy Hero action success chance: %+n% (from skill),,character_to_character_own,-10,campaign,0,true,,,,,,,,,,,,,,,,,,,,,,,,,character_skill_level_to_effects_junctions_tables,wh3_main_skill_agent_action_success_scaling|wh_main_effect_agent_action_success_chance_enemy_skill|10|character_to_character_own
effect,warhammer_3,8.1.1,24237342,Beastmen,beastmen,wh_dlc03_sc_bst_beastmen,Bray-Shaman (Shadows),Bray_Shaman_Shadows,hero,wh_dlc03_bst_bray_shaman_shadows,wizard,wizard,wh2_dlc13_bst_beastmen_invasion|wh2_dlc17_bst_malagor|wh2_dlc17_bst_taurox|wh2_main_bst_blooded_axe|wh2_main_bst_manblight|wh2_main_bst_ripper_horn|wh2_main_bst_shadowgor|wh2_main_bst_skrinderkin|wh2_main_bst_stone_horn|wh3_dlc27_bst_beastmen_dm|wh_dlc03_bst_beastmen|wh_dlc03_bst_beastmen_chaos|wh_dlc03_bst_beastmen_rebels|wh_dlc03_bst_jagged_horn|wh_dlc03_bst_redhorn|wh_dlc05_bst_morghur_herd,false,false,true,true,true,true,,,wh_dlc03_skill_node_set_bst_bray_shaman_shadows,,1,wizard,false,false,,,,wh3_main_agent_action_scaling,wh3_main_skill_agent_action_success_scaling,Agent action success modifer,Hidden skill that scales action success/defence chance,mount_hellsteed.png,0,99,0,0,false,0,49,10,Agent action success modifer,Hidden skill that scales action success/defence chance,,,,,,wh_main_effect_agent_action_success_chance_skill,[HIDDEN] Hero action success chance: %+n% (from skill),,character_to_character_own,10,campaign,0,true,,,,,,,,,,,,,,,,,,,,,,,,,character_skill_level_to_effects_junctions_tables,wh3_main_skill_agent_action_success_scaling|wh_main_effect_agent_action_success_chance_skill|10|character_to_character_own
effect,warhammer_3,8.1.1,24237342,Beastmen,beastmen,wh_dlc03_sc_bst_beastmen,Bray-Shaman (Shadows),Bray_Shaman_Shadows,hero,wh_dlc03_bst_bray_shaman_shadows,wizard,wizard,wh2_dlc13_bst_beastmen_invasion|wh2_dlc17_bst_malagor|wh2_dlc17_bst_taurox|wh2_main_bst_blooded_axe|wh2_main_bst_manblight|wh2_main_bst_ripper_horn|wh2_main_bst_shadowgor|wh2_main_bst_skrinderkin|wh2_main_bst_stone_horn|wh3_dlc27_bst_beastmen_dm|wh_dlc03_bst_beastmen|wh_dlc03_bst_beastmen_chaos|wh_dlc03_bst_beastmen_rebels|wh_dlc03_bst_jagged_horn|wh_dlc03_bst_redhorn|wh_dlc05_bst_morghur_herd,false,false,true,true,true,true,,,wh_dlc03_skill_node_set_bst_bray_shaman_shadows,,1,wizard,false,false,,,,wh3_main_agent_action_scaling,wh3_main_skill_agent_action_success_scaling,Agent action success modifer,Hidden skill that scales action success/defence chance,mount_hellsteed.png,0,99,0,0,false,0,49,11,Agent action success modifer,Hidden skill that scales action success/defence chance,,,,,,wh_main_effect_agent_action_success_chance_enemy_skill,[HIDDEN] Enemy Hero action success chance: %+n% (from skill),,character_to_character_own,-11,campaign,0,true,,,,,,,,,,,,,,,,,,,,,,,,,character_skill_level_to_effects_junctions_tables,wh3_main_skill_agent_action_success_scaling|wh_main_effect_agent_action_success_chance_enemy_skill|11|character_to_character_own
effect,warhammer_3,8.1.1,24237342,Beastmen,beastmen,wh_dlc03_sc_bst_beastmen,Bray-Shaman (Shadows),Bray_Shaman_Shadows,hero,wh_dlc03_bst_bray_shaman_shadows,wizard,wizard,wh2_dlc13_bst_beastmen_invasion|wh2_dlc17_bst_malagor|wh2_dlc17_bst_taurox|wh2_main_bst_blooded_axe|wh2_main_bst_manblight|wh2_main_bst_ripper_horn|wh2_main_bst_shadowgor|wh2_main_bst_skrinderkin|wh2_main_bst_stone_horn|wh3_dlc27_bst_beastmen_dm|wh_dlc03_bst_beastmen|wh_dlc03_bst_beastmen_chaos|wh_dlc03_bst_beastmen_rebels|wh_dlc03_bst_jagged_horn|wh_dlc03_bst_redhorn|wh_dlc05_bst_morghur_herd,false,false,true,true,true,true,,,wh_dlc03_skill_node_set_bst_bray_shaman_shadows,,1,wizard,false,false,,,,wh3_main_agent_action_scaling,wh3_main_skill_agent_action_success_scaling,Agent action success modifer,Hidden skill that scales action success/defence chance,mount_hellsteed.png,0,99,0,0,false,0,49,11,Agent action success modifer,Hidden skill that scales action success/defence chance,,,,,,wh_main_effect_agent_action_success_chance_skill,[HIDDEN] Hero action success chance: %+n% (from skill),,character_to_character_own,11,campaign,0,true,,,,,,,,,,,,,,,,,,,,,,,,,character_skill_level_to_effects_junctions_tables,wh3_main_skill_agent_action_success_scaling|wh_main_effect_agent_action_success_chance_skill|11|character_to_character_own
effect,warhammer_3,8.1.1,24237342,Beastmen,beastmen,wh_dlc03_sc_bst_beastmen,Bray-Shaman (Shadows),Bray_Shaman_Shadows,hero,wh_dlc03_bst_bray_shaman_shadows,wizard,wizard,wh2_dlc13_bst_beastmen_invasion|wh2_dlc17_bst_malagor|wh2_dlc17_bst_taurox|wh2_main_bst_blooded_axe|wh2_main_bst_manblight|wh2_main_bst_ripper_horn|wh2_main_bst_shadowgor|wh2_main_bst_skrinderkin|wh2_main_bst_stone_horn|wh3_dlc27_bst_beastmen_dm|wh_dlc03_bst_beastmen|wh_dlc03_bst_beastmen_chaos|wh_dlc03_bst_beastmen_rebels|wh_dlc03_bst_jagged_horn|wh_dlc03_bst_redhorn|wh_dlc05_bst_morghur_herd,false,false,true,true,true,true,,,wh_dlc03_skill_node_set_bst_bray_shaman_shadows,,1,wizard,false,false,,,,wh3_main_agent_action_scaling,wh3_main_skill_agent_action_success_scaling,Agent action success modifer,Hidden skill that scales action success/defence chance,mount_hellsteed.png,0,99,0,0,false,0,49,12,Agent action success modifer,Hidden skill that scales action success/defence chance,,,,,,wh_main_effect_agent_action_success_chance_enemy_skill,[HIDDEN] Enemy Hero action success chance: %+n% (from skill),,character_to_character_own,-12,campaign,0,true,,,,,,,,,,,,,,,,,,,,,,,,,character_skill_level_to_effects_junctions_tables,wh3_main_skill_agent_action_success_scaling|wh_main_effect_agent_action_success_chance_enemy_skill|12|character_to_character_own
effect,warhammer_3,8.1.1,24237342,Beastmen,beastmen,wh_dlc03_sc_bst_beastmen,Bray-Shaman (Shadows),Bray_Shaman_Shadows,hero,wh_dlc03_bst_bray_shaman_shadows,wizard,wizard,wh2_dlc13_bst_beastmen_invasion|wh2_dlc17_bst_malagor|wh2_dlc17_bst_taurox|wh2_main_bst_blooded_axe|wh2_main_bst_manblight|wh2_main_bst_ripper_horn|wh2_main_bst_shadowgor|wh2_main_bst_skrinderkin|wh2_main_bst_stone_horn|wh3_dlc27_bst_beastmen_dm|wh_dlc03_bst_beastmen|wh_dlc03_bst_beastmen_chaos|wh_dlc03_bst_beastmen_rebels|wh_dlc03_bst_jagged_horn|wh_dlc03_bst_redhorn|wh_dlc05_bst_morghur_herd,false,false,true,true,true,true,,,wh_dlc03_skill_node_set_bst_bray_shaman_shadows,,1,wizard,false,false,,,,wh3_main_agent_action_scaling,wh3_main_skill_agent_action_success_scaling,Agent action success modifer,Hidden skill that scales action success/defence chance,mount_hellsteed.png,0,99,0,0,false,0,49,12,Agent action success modifer,Hidden skill that scales action success/defence chance,,,,,,wh_main_effect_agent_action_success_chance_skill,[HIDDEN] Hero action success chance: %+n% (from skill),,character_to_character_own,12,campaign,0,true,,,,,,,,,,,,,,,,,,,,,,,,,character_skill_level_to_effects_junctions_tables,wh3_main_skill_agent_action_success_scaling|wh_main_effect_agent_action_success_chance_skill|12|character_to_character_own
effect,warhammer_3,8.1.1,24237342,Beastmen,beastmen,wh_dlc03_sc_bst_beastmen,Bray-Shaman (Shadows),Bray_Shaman_Shadows,hero,wh_dlc03_bst_bray_shaman_shadows,wizard,wizard,wh2_dlc13_bst_beastmen_invasion|wh2_dlc17_bst_malagor|wh2_dlc17_bst_taurox|wh2_main_bst_blooded_axe|wh2_main_bst_manblight|wh2_main_bst_ripper_horn|wh2_main_bst_shadowgor|wh2_main_bst_skrinderkin|wh2_main_bst_stone_horn|wh3_dlc27_bst_beastmen_dm|wh_dlc03_bst_beastmen|wh_dlc03_bst_beastmen_chaos|wh_dlc03_bst_beastmen_rebels|wh_dlc03_bst_jagged_horn|wh_dlc03_bst_redhorn|wh_dlc05_bst_morghur_herd,false,false,true,true,true,true,,,wh_dlc03_skill_node_set_bst_bray_shaman_shadows,,1,wizard,false,false,,,,wh3_main_agent_action_scaling,wh3_main_skill_agent_action_success_scaling,Agent action success modifer,Hidden skill that scales action success/defence chance,mount_hellsteed.png,0,99,0,0,false,0,49,13,Agent action success modifer,Hidden skill that scales action success/defence chance,,,,,,wh_main_effect_agent_action_success_chance_enemy_skill,[HIDDEN] Enemy Hero action success chance: %+n% (from skill),,character_to_character_own,-13,campaign,0,true,,,,,,,,,,,,,,,,,,,,,,,,,character_skill_level_to_effects_junctions_tables,wh3_main_skill_agent_action_success_scaling|wh_main_effect_agent_action_success_chance_enemy_skill|13|character_to_character_own
effect,warhammer_3,8.1.1,24237342,Beastmen,beastmen,wh_dlc03_sc_bst_beastmen,Bray-Shaman (Shadows),Bray_Shaman_Shadows,hero,wh_dlc03_bst_bray_shaman_shadows,wizard,wizard,wh2_dlc13_bst_beastmen_invasion|wh2_dlc17_bst_malagor|wh2_dlc17_bst_taurox|wh2_main_bst_blooded_axe|wh2_main_bst_manblight|wh2_main_bst_ripper_horn|wh2_main_bst_shadowgor|wh2_main_bst_skrinderkin|wh2_main_bst_stone_horn|wh3_dlc27_bst_beastmen_dm|wh_dlc03_bst_beastmen|wh_dlc03_bst_beastmen_chaos|wh_dlc03_bst_beastmen_rebels|wh_dlc03_bst_jagged_horn|wh_dlc03_bst_redhorn|wh_dlc05_bst_morghur_herd,false,false,true,true,true,true,,,wh_dlc03_skill_node_set_bst_bray_shaman_shadows,,1,wizard,false,false,,,,wh3_main_agent_action_scaling,wh3_main_skill_agent_action_success_scaling,Agent action success modifer,Hidden skill that scales action success/defence chance,mount_hellsteed.png,0,99,0,0,false,0,49,13,Agent action success modifer,Hidden skill that scales action success/defence chance,,,,,,wh_main_effect_agent_action_success_chance_skill,[HIDDEN] Hero action success chance: %+n% (from skill),,character_to_character_own,13,campaign,0,true,,,,,,,,,,,,,,,,,,,,,,,,,character_skill_level_to_effects_junctions_tables,wh3_main_skill_agent_action_success_scaling|wh_main_effect_agent_action_success_chance_skill|13|character_to_character_own
effect,warhammer_3,8.1.1,24237342,Beastmen,beastmen,wh_dlc03_sc_bst_beastmen,Bray-Shaman (Shadows),Bray_Shaman_Shadows,hero,wh_dlc03_bst_bray_shaman_shadows,wizard,wizard,wh2_dlc13_bst_beastmen_invasion|wh2_dlc17_bst_malagor|wh2_dlc17_bst_taurox|wh2_main_bst_blooded_axe|wh2_main_bst_manblight|wh2_main_bst_ripper_horn|wh2_main_bst_shadowgor|wh2_main_bst_skrinderkin|wh2_main_bst_stone_horn|wh3_dlc27_bst_beastmen_dm|wh_dlc03_bst_beastmen|wh_dlc03_bst_beastmen_chaos|wh_dlc03_bst_beastmen_rebels|wh_dlc03_bst_jagged_horn|wh_dlc03_bst_redhorn|wh_dlc05_bst_morghur_herd,false,false,true,true,true,true,,,wh_dlc03_skill_node_set_bst_bray_shaman_shadows,,1,wizard,false,false,,,,wh3_main_agent_action_scaling,wh3_main_skill_agent_action_success_scaling,Agent action success modifer,Hidden skill that scales action success/defence chance,mount_hellsteed.png,0,99,0,0,false,0,49,14,Agent action success modifer,Hidden skill that scales action success/defence chance,,,,,,wh_main_effect_agent_action_success_chance_enemy_skill,[HIDDEN] Enemy Hero action success chance: %+n% (from skill),,character_to_character_own,-14,campaign,0,true,,,,,,,,,,,,,,,,,,,,,,,,,character_skill_level_to_effects_junctions_tables,wh3_main_skill_agent_action_success_scaling|wh_main_effect_agent_action_success_chance_enemy_skill|14|character_to_character_own
effect,warhammer_3,8.1.1,24237342,Beastmen,beastmen,wh_dlc03_sc_bst_beastmen,Bray-Shaman (Shadows),Bray_Shaman_Shadows,hero,wh_dlc03_bst_bray_shaman_shadows,wizard,wizard,wh2_dlc13_bst_beastmen_invasion|wh2_dlc17_bst_malagor|wh2_dlc17_bst_taurox|wh2_main_bst_blooded_axe|wh2_main_bst_manblight|wh2_main_bst_ripper_horn|wh2_main_bst_shadowgor|wh2_main_bst_skrinderkin|wh2_main_bst_stone_horn|wh3_dlc27_bst_beastmen_dm|wh_dlc03_bst_beastmen|wh_dlc03_bst_beastmen_chaos|wh_dlc03_bst_beastmen_rebels|wh_dlc03_bst_jagged_horn|wh_dlc03_bst_redhorn|wh_dlc05_bst_morghur_herd,false,false,true,true,true,true,,,wh_dlc03_skill_node_set_bst_bray_shaman_shadows,,1,wizard,false,false,,,,wh3_main_agent_action_scaling,wh3_main_skill_agent_action_success_scaling,Agent action success modifer,Hidden skill that scales action success/defence chance,mount_hellsteed.png,0,99,0,0,false,0,49,14,Agent action success modifer,Hidden skill that scales action success/defence chance,,,,,,wh_main_effect_agent_action_success_chance_skill,[HIDDEN] Hero action success chance: %+n% (from skill),,character_to_character_own,14,campaign,0,true,,,,,,,,,,,,,,,,,,,,,,,,,character_skill_level_to_effects_junctions_tables,wh3_main_skill_agent_action_success_scaling|wh_main_effect_agent_action_success_chance_skill|14|character_to_character_own
effect,warhammer_3,8.1.1,24237342,Beastmen,beastmen,wh_dlc03_sc_bst_beastmen,Bray-Shaman (Shadows),Bray_Shaman_Shadows,hero,wh_dlc03_bst_bray_shaman_shadows,wizard,wizard,wh2_dlc13_bst_beastmen_invasion|wh2_dlc17_bst_malagor|wh2_dlc17_bst_taurox|wh2_main_bst_blooded_axe|wh2_main_bst_manblight|wh2_main_bst_ripper_horn|wh2_main_bst_shadowgor|wh2_main_bst_skrinderkin|wh2_main_bst_stone_horn|wh3_dlc27_bst_beastmen_dm|wh_dlc03_bst_beastmen|wh_dlc03_bst_beastmen_chaos|wh_dlc03_bst_beastmen_rebels|wh_dlc03_bst_jagged_horn|wh_dlc03_bst_redhorn|wh_dlc05_bst_morghur_herd,false,false,true,true,true,true,,,wh_dlc03_skill_node_set_bst_bray_shaman_shadows,,1,wizard,false,false,,,,wh3_main_agent_action_scaling,wh3_main_skill_agent_action_success_scaling,Agent action success modifer,Hidden skill that scales action success/defence chance,mount_hellsteed.png,0,99,0,0,false,0,49,15,Agent action success modifer,Hidden skill that scales action success/defence chance,,,,,,wh_main_effect_agent_action_success_chance_enemy_skill,[HIDDEN] Enemy Hero action success chance: %+n% (from skill),,character_to_character_own,-15,campaign,0,true,,,,,,,,,,,,,,,,,,,,,,,,,character_skill_level_to_effects_junctions_tables,wh3_main_skill_agent_action_success_scaling|wh_main_effect_agent_action_success_chance_enemy_skill|15|character_to_character_own
effect,warhammer_3,8.1.1,24237342,Beastmen,beastmen,wh_dlc03_sc_bst_beastmen,Bray-Shaman (Shadows),Bray_Shaman_Shadows,hero,wh_dlc03_bst_bray_shaman_shadows,wizard,wizard,wh2_dlc13_bst_beastmen_invasion|wh2_dlc17_bst_malagor|wh2_dlc17_bst_taurox|wh2_main_bst_blooded_axe|wh2_main_bst_manblight|wh2_main_bst_ripper_horn|wh2_main_bst_shadowgor|wh2_main_bst_skrinderkin|wh2_main_bst_stone_horn|wh3_dlc27_bst_beastmen_dm|wh_dlc03_bst_beastmen|wh_dlc03_bst_beastmen_chaos|wh_dlc03_bst_beastmen_rebels|wh_dlc03_bst_jagged_horn|wh_dlc03_bst_redhorn|wh_dlc05_bst_morghur_herd,false,false,true,true,true,true,,,wh_dlc03_skill_node_set_bst_bray_shaman_shadows,,1,wizard,false,false,,,,wh3_main_agent_action_scaling,wh3_main_skill_agent_action_success_scaling,Agent action success modifer,Hidden skill that scales action success/defence chance,mount_hellsteed.png,0,99,0,0,false,0,49,15,Agent action success modifer,Hidden skill that scales action success/defence chance,,,,,,wh_main_effect_agent_action_success_chance_skill,[HIDDEN] Hero action success chance: %+n% (from skill),,character_to_character_own,15,campaign,0,true,,,,,,,,,,,,,,,,,,,,,,,,,character_skill_level_to_effects_junctions_tables,wh3_main_skill_agent_action_success_scaling|wh_main_effect_agent_action_success_chance_skill|15|character_to_character_own
effect,warhammer_3,8.1.1,24237342,Beastmen,beastmen,wh_dlc03_sc_bst_beastmen,Bray-Shaman (Shadows),Bray_Shaman_Shadows,hero,wh_dlc03_bst_bray_shaman_shadows,wizard,wizard,wh2_dlc13_bst_beastmen_invasion|wh2_dlc17_bst_malagor|wh2_dlc17_bst_taurox|wh2_main_bst_blooded_axe|wh2_main_bst_manblight|wh2_main_bst_ripper_horn|wh2_main_bst_shadowgor|wh2_main_bst_skrinderkin|wh2_main_bst_stone_horn|wh3_dlc27_bst_beastmen_dm|wh_dlc03_bst_beastmen|wh_dlc03_bst_beastmen_chaos|wh_dlc03_bst_beastmen_rebels|wh_dlc03_bst_jagged_horn|wh_dlc03_bst_redhorn|wh_dlc05_bst_morghur_herd,false,false,true,true,true,true,,,wh_dlc03_skill_node_set_bst_bray_shaman_shadows,,1,wizard,false,false,,,,wh3_main_agent_action_scaling,wh3_main_skill_agent_action_success_scaling,Agent action success modifer,Hidden skill that scales action success/defence chance,mount_hellsteed.png,0,99,0,0,false,0,49,16,Agent action success modifer,Hidden skill that scales action success/defence chance,,,,,,wh_main_effect_agent_action_success_chance_enemy_skill,[HIDDEN] Enemy Hero action success chance: %+n% (from skill),,character_to_character_own,-16,campaign,0,true,,,,,,,,,,,,,,,,,,,,,,,,,character_skill_level_to_effects_junctions_tables,wh3_main_skill_agent_action_success_scaling|wh_main_effect_agent_action_success_chance_enemy_skill|16|character_to_character_own
effect,warhammer_3,8.1.1,24237342,Beastmen,beastmen,wh_dlc03_sc_bst_beastmen,Bray-Shaman (Shadows),Bray_Shaman_Shadows,hero,wh_dlc03_bst_bray_shaman_shadows,wizard,wizard,wh2_dlc13_bst_beastmen_invasion|wh2_dlc17_bst_malagor|wh2_dlc17_bst_taurox|wh2_main_bst_blooded_axe|wh2_main_bst_manblight|wh2_main_bst_ripper_horn|wh2_main_bst_shadowgor|wh2_main_bst_skrinderkin|wh2_main_bst_stone_horn|wh3_dlc27_bst_beastmen_dm|wh_dlc03_bst_beastmen|wh_dlc03_bst_beastmen_chaos|wh_dlc03_bst_beastmen_rebels|wh_dlc03_bst_jagged_horn|wh_dlc03_bst_redhorn|wh_dlc05_bst_morghur_herd,false,false,true,true,true,true,,,wh_dlc03_skill_node_set_bst_bray_shaman_shadows,,1,wizard,false,false,,,,wh3_main_agent_action_scaling,wh3_main_skill_agent_action_success_scaling,Agent action success modifer,Hidden skill that scales action success/defence chance,mount_hellsteed.png,0,99,0,0,false,0,49,16,Agent action success modifer,Hidden skill that scales action success/defence chance,,,,,,wh_main_effect_agent_action_success_chance_skill,[HIDDEN] Hero action success chance: %+n% (from skill),,character_to_character_own,16,campaign,0,true,,,,,,,,,,,,,,,,,,,,,,,,,character_skill_level_to_effects_junctions_tables,wh3_main_skill_agent_action_success_scaling|wh_main_effect_agent_action_success_chance_skill|16|character_to_character_own
effect,warhammer_3,8.1.1,24237342,Beastmen,beastmen,wh_dlc03_sc_bst_beastmen,Bray-Shaman (Shadows),Bray_Shaman_Shadows,hero,wh_dlc03_bst_bray_shaman_shadows,wizard,wizard,wh2_dlc13_bst_beastmen_invasion|wh2_dlc17_bst_malagor|wh2_dlc17_bst_taurox|wh2_main_bst_blooded_axe|wh2_main_bst_manblight|wh2_main_bst_ripper_horn|wh2_main_bst_shadowgor|wh2_main_bst_skrinderkin|wh2_main_bst_stone_horn|wh3_dlc27_bst_beastmen_dm|wh_dlc03_bst_beastmen|wh_dlc03_bst_beastmen_chaos|wh_dlc03_bst_beastmen_rebels|wh_dlc03_bst_jagged_horn|wh_dlc03_bst_redhorn|wh_dlc05_bst_morghur_herd,false,false,true,true,true,true,,,wh_dlc03_skill_node_set_bst_bray_shaman_shadows,,1,wizard,false,false,,,,wh3_main_agent_action_scaling,wh3_main_skill_agent_action_success_scaling,Agent action success modifer,Hidden skill that scales action success/defence chance,mount_hellsteed.png,0,99,0,0,false,0,49,17,Agent action success modifer,Hidden skill that scales action success/defence chance,,,,,,wh_main_effect_agent_action_success_chance_enemy_skill,[HIDDEN] Enemy Hero action success chance: %+n% (from skill),,character_to_character_own,-17,campaign,0,true,,,,,,,,,,,,,,,,,,,,,,,,,character_skill_level_to_effects_junctions_tables,wh3_main_skill_agent_action_success_scaling|wh_main_effect_agent_action_success_chance_enemy_skill|17|character_to_character_own
effect,warhammer_3,8.1.1,24237342,Beastmen,beastmen,wh_dlc03_sc_bst_beastmen,Bray-Shaman (Shadows),Bray_Shaman_Shadows,hero,wh_dlc03_bst_bray_shaman_shadows,wizard,wizard,wh2_dlc13_bst_beastmen_invasion|wh2_dlc17_bst_malagor|wh2_dlc17_bst_taurox|wh2_main_bst_blooded_axe|wh2_main_bst_manblight|wh2_main_bst_ripper_horn|wh2_main_bst_shadowgor|wh2_main_bst_skrinderkin|wh2_main_bst_stone_horn|wh3_dlc27_bst_beastmen_dm|wh_dlc03_bst_beastmen|wh_dlc03_bst_beastmen_chaos|wh_dlc03_bst_beastmen_rebels|wh_dlc03_bst_jagged_horn|wh_dlc03_bst_redhorn|wh_dlc05_bst_morghur_herd,false,false,true,true,true,true,,,wh_dlc03_skill_node_set_bst_bray_shaman_shadows,,1,wizard,false,false,,,,wh3_main_agent_action_scaling,wh3_main_skill_agent_action_success_scaling,Agent action success modifer,Hidden skill that scales action success/defence chance,mount_hellsteed.png,0,99,0,0,false,0,49,17,Agent action success modifer,Hidden skill that scales action success/defence chance,,,,,,wh_main_effect_agent_action_success_chance_skill,[HIDDEN] Hero action success chance: %+n% (from skill),,character_to_character_own,17,campaign,0,true,,,,,,,,,,,,,,,,,,,,,,,,,character_skill_level_to_effects_junctions_tables,wh3_main_skill_agent_action_success_scaling|wh_main_effect_agent_action_success_chance_skill|17|character_to_character_own
effect,warhammer_3,8.1.1,24237342,Beastmen,beastmen,wh_dlc03_sc_bst_beastmen,Bray-Shaman (Shadows),Bray_Shaman_Shadows,hero,wh_dlc03_bst_bray_shaman_shadows,wizard,wizard,wh2_dlc13_bst_beastmen_invasion|wh2_dlc17_bst_malagor|wh2_dlc17_bst_taurox|wh2_main_bst_blooded_axe|wh2_main_bst_manblight|wh2_main_bst_ripper_horn|wh2_main_bst_shadowgor|wh2_main_bst_skrinderkin|wh2_main_bst_stone_horn|wh3_dlc27_bst_beastmen_dm|wh_dlc03_bst_beastmen|wh_dlc03_bst_beastmen_chaos|wh_dlc03_bst_beastmen_rebels|wh_dlc03_bst_jagged_horn|wh_dlc03_bst_redhorn|wh_dlc05_bst_morghur_herd,false,false,true,true,true,true,,,wh_dlc03_skill_node_set_bst_bray_shaman_shadows,,1,wizard,false,false,,,,wh3_main_agent_action_scaling,wh3_main_skill_agent_action_success_scaling,Agent action success modifer,Hidden skill that scales action success/defence chance,mount_hellsteed.png,0,99,0,0,false,0,49,18,Agent action success modifer,Hidden skill that scales action success/defence chance,,,,,,wh_main_effect_agent_action_success_chance_enemy_skill,[HIDDEN] Enemy Hero action success chance: %+n% (from skill),,character_to_character_own,-18,campaign,0,true,,,,,,,,,,,,,,,,,,,,,,,,,character_skill_level_to_effects_junctions_tables,wh3_main_skill_agent_action_success_scaling|wh_main_effect_agent_action_success_chance_enemy_skill|18|character_to_character_own
effect,warhammer_3,8.1.1,24237342,Beastmen,beastmen,wh_dlc03_sc_bst_beastmen,Bray-Shaman (Shadows),Bray_Shaman_Shadows,hero,wh_dlc03_bst_bray_shaman_shadows,wizard,wizard,wh2_dlc13_bst_beastmen_invasion|wh2_dlc17_bst_malagor|wh2_dlc17_bst_taurox|wh2_main_bst_blooded_axe|wh2_main_bst_manblight|wh2_main_bst_ripper_horn|wh2_main_bst_shadowgor|wh2_main_bst_skrinderkin|wh2_main_bst_stone_horn|wh3_dlc27_bst_beastmen_dm|wh_dlc03_bst_beastmen|wh_dlc03_bst_beastmen_chaos|wh_dlc03_bst_beastmen_rebels|wh_dlc03_bst_jagged_horn|wh_dlc03_bst_redhorn|wh_dlc05_bst_morghur_herd,false,false,true,true,true,true,,,wh_dlc03_skill_node_set_bst_bray_shaman_shadows,,1,wizard,false,false,,,,wh3_main_agent_action_scaling,wh3_main_skill_agent_action_success_scaling,Agent action success modifer,Hidden skill that scales action success/defence chance,mount_hellsteed.png,0,99,0,0,false,0,49,18,Agent action success modifer,Hidden skill that scales action success/defence chance,,,,,,wh_main_effect_agent_action_success_chance_skill,[HIDDEN] Hero action success chance: %+n% (from skill),,character_to_character_own,18,campaign,0,true,,,,,,,,,,,,,,,,,,,,,,,,,character_skill_level_to_effects_junctions_tables,wh3_main_skill_agent_action_success_scaling|wh_main_effect_agent_action_success_chance_skill|18|character_to_character_own
effect,warhammer_3,8.1.1,24237342,Beastmen,beastmen,wh_dlc03_sc_bst_beastmen,Bray-Shaman (Shadows),Bray_Shaman_Shadows,hero,wh_dlc03_bst_bray_shaman_shadows,wizard,wizard,wh2_dlc13_bst_beastmen_invasion|wh2_dlc17_bst_malagor|wh2_dlc17_bst_taurox|wh2_main_bst_blooded_axe|wh2_main_bst_manblight|wh2_main_bst_ripper_horn|wh2_main_bst_shadowgor|wh2_main_bst_skrinderkin|wh2_main_bst_stone_horn|wh3_dlc27_bst_beastmen_dm|wh_dlc03_bst_beastmen|wh_dlc03_bst_beastmen_chaos|wh_dlc03_bst_beastmen_rebels|wh_dlc03_bst_jagged_horn|wh_dlc03_bst_redhorn|wh_dlc05_bst_morghur_herd,false,false,true,true,true,true,,,wh_dlc03_skill_node_set_bst_bray_shaman_shadows,,1,wizard,false,false,,,,wh3_main_agent_action_scaling,wh3_main_skill_agent_action_success_scaling,Agent action success modifer,Hidden skill that scales action success/defence chance,mount_hellsteed.png,0,99,0,0,false,0,49,19,Agent action success modifer,Hidden skill that scales action success/defence chance,,,,,,wh_main_effect_agent_action_success_chance_enemy_skill,[HIDDEN] Enemy Hero action success chance: %+n% (from skill),,character_to_character_own,-19,campaign,0,true,,,,,,,,,,,,,,,,,,,,,,,,,character_skill_level_to_effects_junctions_tables,wh3_main_skill_agent_action_success_scaling|wh_main_effect_agent_action_success_chance_enemy_skill|19|character_to_character_own
effect,warhammer_3,8.1.1,24237342,Beastmen,beastmen,wh_dlc03_sc_bst_beastmen,Bray-Shaman (Shadows),Bray_Shaman_Shadows,hero,wh_dlc03_bst_bray_shaman_shadows,wizard,wizard,wh2_dlc13_bst_beastmen_invasion|wh2_dlc17_bst_malagor|wh2_dlc17_bst_taurox|wh2_main_bst_blooded_axe|wh2_main_bst_manblight|wh2_main_bst_ripper_horn|wh2_main_bst_shadowgor|wh2_main_bst_skrinderkin|wh2_main_bst_stone_horn|wh3_dlc27_bst_beastmen_dm|wh_dlc03_bst_beastmen|wh_dlc03_bst_beastmen_chaos|wh_dlc03_bst_beastmen_rebels|wh_dlc03_bst_jagged_horn|wh_dlc03_bst_redhorn|wh_dlc05_bst_morghur_herd,false,false,true,true,true,true,,,wh_dlc03_skill_node_set_bst_bray_shaman_shadows,,1,wizard,false,false,,,,wh3_main_agent_action_scaling,wh3_main_skill_agent_action_success_scaling,Agent action success modifer,Hidden skill that scales action success/defence chance,mount_hellsteed.png,0,99,0,0,false,0,49,19,Agent action success modifer,Hidden skill that scales action success/defence chance,,,,,,wh_main_effect_agent_action_success_chance_skill,[HIDDEN] Hero action success chance: %+n% (from skill),,character_to_character_own,19,campaign,0,true,,,,,,,,,,,,,,,,,,,,,,,,,character_skill_level_to_effects_junctions_tables,wh3_main_skill_agent_action_success_scaling|wh_main_effect_agent_action_success_chance_skill|19|character_to_character_own
effect,warhammer_3,8.1.1,24237342,Beastmen,beastmen,wh_dlc03_sc_bst_beastmen,Bray-Shaman (Shadows),Bray_Shaman_Shadows,hero,wh_dlc03_bst_bray_shaman_shadows,wizard,wizard,wh2_dlc13_bst_beastmen_invasion|wh2_dlc17_bst_malagor|wh2_dlc17_bst_taurox|wh2_main_bst_blooded_axe|wh2_main_bst_manblight|wh2_main_bst_ripper_horn|wh2_main_bst_shadowgor|wh2_main_bst_skrinderkin|wh2_main_bst_stone_horn|wh3_dlc27_bst_beastmen_dm|wh_dlc03_bst_beastmen|wh_dlc03_bst_beastmen_chaos|wh_dlc03_bst_beastmen_rebels|wh_dlc03_bst_jagged_horn|wh_dlc03_bst_redhorn|wh_dlc05_bst_morghur_herd,false,false,true,true,true,true,,,wh_dlc03_skill_node_set_bst_bray_shaman_shadows,,1,wizard,false,false,,,,wh3_main_agent_action_scaling,wh3_main_skill_agent_action_success_scaling,Agent action success modifer,Hidden skill that scales action success/defence chance,mount_hellsteed.png,0,99,0,0,false,0,49,20,Agent action success modifer,Hidden skill that scales action success/defence chance,,,,,,wh_main_effect_agent_action_success_chance_enemy_skill,[HIDDEN] Enemy Hero action success chance: %+n% (from skill),,character_to_character_own,-20,campaign,0,true,,,,,,,,,,,,,,,,,,,,,,,,,character_skill_level_to_effects_junctions_tables,wh3_main_skill_agent_action_success_scaling|wh_main_effect_agent_action_success_chance_enemy_skill|20|character_to_character_own
effect,warhammer_3,8.1.1,24237342,Beastmen,beastmen,wh_dlc03_sc_bst_beastmen,Bray-Shaman (Shadows),Bray_Shaman_Shadows,hero,wh_dlc03_bst_bray_shaman_shadows,wizard,wizard,wh2_dlc13_bst_beastmen_invasion|wh2_dlc17_bst_malagor|wh2_dlc17_bst_taurox|wh2_main_bst_blooded_axe|wh2_main_bst_manblight|wh2_main_bst_ripper_horn|wh2_main_bst_shadowgor|wh2_main_bst_skrinderkin|wh2_main_bst_stone_horn|wh3_dlc27_bst_beastmen_dm|wh_dlc03_bst_beastmen|wh_dlc03_bst_beastmen_chaos|wh_dlc03_bst_beastmen_rebels|wh_dlc03_bst_jagged_horn|wh_dlc03_bst_redhorn|wh_dlc05_bst_morghur_herd,false,false,true,true,true,true,,,wh_dlc03_skill_node_set_bst_bray_shaman_shadows,,1,wizard,false,false,,,,wh3_main_agent_action_scaling,wh3_main_skill_agent_action_success_scaling,Agent action success modifer,Hidden skill that scales action success/defence chance,mount_hellsteed.png,0,99,0,0,false,0,49,20,Agent action success modifer,Hidden skill that scales action success/defence chance,,,,,,wh_main_effect_agent_action_success_chance_skill,[HIDDEN] Hero action success chance: %+n% (from skill),,character_to_character_own,20,campaign,0,true,,,,,,,,,,,,,,,,,,,,,,,,,character_skill_level_to_effects_junctions_tables,wh3_main_skill_agent_action_success_scaling|wh_main_effect_agent_action_success_chance_skill|20|character_to_character_own
effect,warhammer_3,8.1.1,24237342,Beastmen,beastmen,wh_dlc03_sc_bst_beastmen,Bray-Shaman (Shadows),Bray_Shaman_Shadows,hero,wh_dlc03_bst_bray_shaman_shadows,wizard,wizard,wh2_dlc13_bst_beastmen_invasion|wh2_dlc17_bst_malagor|wh2_dlc17_bst_taurox|wh2_main_bst_blooded_axe|wh2_main_bst_manblight|wh2_main_bst_ripper_horn|wh2_main_bst_shadowgor|wh2_main_bst_skrinderkin|wh2_main_bst_stone_horn|wh3_dlc27_bst_beastmen_dm|wh_dlc03_bst_beastmen|wh_dlc03_bst_beastmen_chaos|wh_dlc03_bst_beastmen_rebels|wh_dlc03_bst_jagged_horn|wh_dlc03_bst_redhorn|wh_dlc05_bst_morghur_herd,false,false,true,true,true,true,,,wh_dlc03_skill_node_set_bst_bray_shaman_shadows,,1,wizard,false,false,,,,wh3_main_agent_action_scaling,wh3_main_skill_agent_action_success_scaling,Agent action success modifer,Hidden skill that scales action success/defence chance,mount_hellsteed.png,0,99,0,0,false,0,49,21,Agent action success modifer,Hidden skill that scales action success/defence chance,,,,,,wh_main_effect_agent_action_success_chance_enemy_skill,[HIDDEN] Enemy Hero action success chance: %+n% (from skill),,character_to_character_own,-21,campaign,0,true,,,,,,,,,,,,,,,,,,,,,,,,,character_skill_level_to_effects_junctions_tables,wh3_main_skill_agent_action_success_scaling|wh_main_effect_agent_action_success_chance_enemy_skill|21|character_to_character_own
effect,warhammer_3,8.1.1,24237342,Beastmen,beastmen,wh_dlc03_sc_bst_beastmen,Bray-Shaman (Shadows),Bray_Shaman_Shadows,hero,wh_dlc03_bst_bray_shaman_shadows,wizard,wizard,wh2_dlc13_bst_beastmen_invasion|wh2_dlc17_bst_malagor|wh2_dlc17_bst_taurox|wh2_main_bst_blooded_axe|wh2_main_bst_manblight|wh2_main_bst_ripper_horn|wh2_main_bst_shadowgor|wh2_main_bst_skrinderkin|wh2_main_bst_stone_horn|wh3_dlc27_bst_beastmen_dm|wh_dlc03_bst_beastmen|wh_dlc03_bst_beastmen_chaos|wh_dlc03_bst_beastmen_rebels|wh_dlc03_bst_jagged_horn|wh_dlc03_bst_redhorn|wh_dlc05_bst_morghur_herd,false,false,true,true,true,true,,,wh_dlc03_skill_node_set_bst_bray_shaman_shadows,,1,wizard,false,false,,,,wh3_main_agent_action_scaling,wh3_main_skill_agent_action_success_scaling,Agent action success modifer,Hidden skill that scales action success/defence chance,mount_hellsteed.png,0,99,0,0,false,0,49,21,Agent action success modifer,Hidden skill that scales action success/defence chance,,,,,,wh_main_effect_agent_action_success_chance_skill,[HIDDEN] Hero action success chance: %+n% (from skill),,character_to_character_own,21,campaign,0,true,,,,,,,,,,,,,,,,,,,,,,,,,character_skill_level_to_effects_junctions_tables,wh3_main_skill_agent_action_success_scaling|wh_main_effect_agent_action_success_chance_skill|21|character_to_character_own
effect,warhammer_3,8.1.1,24237342,Beastmen,beastmen,wh_dlc03_sc_bst_beastmen,Bray-Shaman (Shadows),Bray_Shaman_Shadows,hero,wh_dlc03_bst_bray_shaman_shadows,wizard,wizard,wh2_dlc13_bst_beastmen_invasion|wh2_dlc17_bst_malagor|wh2_dlc17_bst_taurox|wh2_main_bst_blooded_axe|wh2_main_bst_manblight|wh2_main_bst_ripper_horn|wh2_main_bst_shadowgor|wh2_main_bst_skrinderkin|wh2_main_bst_stone_horn|wh3_dlc27_bst_beastmen_dm|wh_dlc03_bst_beastmen|wh_dlc03_bst_beastmen_chaos|wh_dlc03_bst_beastmen_rebels|wh_dlc03_bst_jagged_horn|wh_dlc03_bst_redhorn|wh_dlc05_bst_morghur_herd,false,false,true,true,true,true,,,wh_dlc03_skill_node_set_bst_bray_shaman_shadows,,1,wizard,false,false,,,,wh3_main_agent_action_scaling,wh3_main_skill_agent_action_success_scaling,Agent action success modifer,Hidden skill that scales action success/defence chance,mount_hellsteed.png,0,99,0,0,false,0,49,22,Agent action success modifer,Hidden skill that scales action success/defence chance,,,,,,wh_main_effect_agent_action_success_chance_enemy_skill,[HIDDEN] Enemy Hero action success chance: %+n% (from skill),,character_to_character_own,-22,campaign,0,true,,,,,,,,,,,,,,,,,,,,,,,,,character_skill_level_to_effects_junctions_tables,wh3_main_skill_agent_action_success_scaling|wh_main_effect_agent_action_success_chance_enemy_skill|22|character_to_character_own
effect,warhammer_3,8.1.1,24237342,Beastmen,beastmen,wh_dlc03_sc_bst_beastmen,Bray-Shaman (Shadows),Bray_Shaman_Shadows,hero,wh_dlc03_bst_bray_shaman_shadows,wizard,wizard,wh2_dlc13_bst_beastmen_invasion|wh2_dlc17_bst_malagor|wh2_dlc17_bst_taurox|wh2_main_bst_blooded_axe|wh2_main_bst_manblight|wh2_main_bst_ripper_horn|wh2_main_bst_shadowgor|wh2_main_bst_skrinderkin|wh2_main_bst_stone_horn|wh3_dlc27_bst_beastmen_dm|wh_dlc03_bst_beastmen|wh_dlc03_bst_beastmen_chaos|wh_dlc03_bst_beastmen_rebels|wh_dlc03_bst_jagged_horn|wh_dlc03_bst_redhorn|wh_dlc05_bst_morghur_herd,false,false,true,true,true,true,,,wh_dlc03_skill_node_set_bst_bray_shaman_shadows,,1,wizard,false,false,,,,wh3_main_agent_action_scaling,wh3_main_skill_agent_action_success_scaling,Agent action success modifer,Hidden skill that scales action success/defence chance,mount_hellsteed.png,0,99,0,0,false,0,49,22,Agent action success modifer,Hidden skill that scales action success/defence chance,,,,,,wh_main_effect_agent_action_success_chance_skill,[HIDDEN] Hero action success chance: %+n% (from skill),,character_to_character_own,22,campaign,0,true,,,,,,,,,,,,,,,,,,,,,,,,,character_skill_level_to_effects_junctions_tables,wh3_main_skill_agent_action_success_scaling|wh_main_effect_agent_action_success_chance_skill|22|character_to_character_own
effect,warhammer_3,8.1.1,24237342,Beastmen,beastmen,wh_dlc03_sc_bst_beastmen,Bray-Shaman (Shadows),Bray_Shaman_Shadows,hero,wh_dlc03_bst_bray_shaman_shadows,wizard,wizard,wh2_dlc13_bst_beastmen_invasion|wh2_dlc17_bst_malagor|wh2_dlc17_bst_taurox|wh2_main_bst_blooded_axe|wh2_main_bst_manblight|wh2_main_bst_ripper_horn|wh2_main_bst_shadowgor|wh2_main_bst_skrinderkin|wh2_main_bst_stone_horn|wh3_dlc27_bst_beastmen_dm|wh_dlc03_bst_beastmen|wh_dlc03_bst_beastmen_chaos|wh_dlc03_bst_beastmen_rebels|wh_dlc03_bst_jagged_horn|wh_dlc03_bst_redhorn|wh_dlc05_bst_morghur_herd,false,false,true,true,true,true,,,wh_dlc03_skill_node_set_bst_bray_shaman_shadows,,1,wizard,false,false,,,,wh3_main_agent_action_scaling,wh3_main_skill_agent_action_success_scaling,Agent action success modifer,Hidden skill that scales action success/defence chance,mount_hellsteed.png,0,99,0,0,false,0,49,23,Agent action success modifer,Hidden skill that scales action success/defence chance,,,,,,wh_main_effect_agent_action_success_chance_enemy_skill,[HIDDEN] Enemy Hero action success chance: %+n% (from skill),,character_to_character_own,-23,campaign,0,true,,,,,,,,,,,,,,,,,,,,,,,,,character_skill_level_to_effects_junctions_tables,wh3_main_skill_agent_action_success_scaling|wh_main_effect_agent_action_success_chance_enemy_skill|23|character_to_character_own
effect,warhammer_3,8.1.1,24237342,Beastmen,beastmen,wh_dlc03_sc_bst_beastmen,Bray-Shaman (Shadows),Bray_Shaman_Shadows,hero,wh_dlc03_bst_bray_shaman_shadows,wizard,wizard,wh2_dlc13_bst_beastmen_invasion|wh2_dlc17_bst_malagor|wh2_dlc17_bst_taurox|wh2_main_bst_blooded_axe|wh2_main_bst_manblight|wh2_main_bst_ripper_horn|wh2_main_bst_shadowgor|wh2_main_bst_skrinderkin|wh2_main_bst_stone_horn|wh3_dlc27_bst_beastmen_dm|wh_dlc03_bst_beastmen|wh_dlc03_bst_beastmen_chaos|wh_dlc03_bst_beastmen_rebels|wh_dlc03_bst_jagged_horn|wh_dlc03_bst_redhorn|wh_dlc05_bst_morghur_herd,false,false,true,true,true,true,,,wh_dlc03_skill_node_set_bst_bray_shaman_shadows,,1,wizard,false,false,,,,wh3_main_agent_action_scaling,wh3_main_skill_agent_action_success_scaling,Agent action success modifer,Hidden skill that scales action success/defence chance,mount_hellsteed.png,0,99,0,0,false,0,49,23,Agent action success modifer,Hidden skill that scales action success/defence chance,,,,,,wh_main_effect_agent_action_success_chance_skill,[HIDDEN] Hero action success chance: %+n% (from skill),,character_to_character_own,23,campaign,0,true,,,,,,,,,,,,,,,,,,,,,,,,,character_skill_level_to_effects_junctions_tables,wh3_main_skill_agent_action_success_scaling|wh_main_effect_agent_action_success_chance_skill|23|character_to_character_own
effect,warhammer_3,8.1.1,24237342,Beastmen,beastmen,wh_dlc03_sc_bst_beastmen,Bray-Shaman (Shadows),Bray_Shaman_Shadows,hero,wh_dlc03_bst_bray_shaman_shadows,wizard,wizard,wh2_dlc13_bst_beastmen_invasion|wh2_dlc17_bst_malagor|wh2_dlc17_bst_taurox|wh2_main_bst_blooded_axe|wh2_main_bst_manblight|wh2_main_bst_ripper_horn|wh2_main_bst_shadowgor|wh2_main_bst_skrinderkin|wh2_main_bst_stone_horn|wh3_dlc27_bst_beastmen_dm|wh_dlc03_bst_beastmen|wh_dlc03_bst_beastmen_chaos|wh_dlc03_bst_beastmen_rebels|wh_dlc03_bst_jagged_horn|wh_dlc03_bst_redhorn|wh_dlc05_bst_morghur_herd,false,false,true,true,true,true,,,wh_dlc03_skill_node_set_bst_bray_shaman_shadows,,1,wizard,false,false,,,,wh3_main_agent_action_scaling,wh3_main_skill_agent_action_success_scaling,Agent action success modifer,Hidden skill that scales action success/defence chance,mount_hellsteed.png,0,99,0,0,false,0,49,24,Agent action success modifer,Hidden skill that scales action success/defence chance,,,,,,wh_main_effect_agent_action_success_chance_enemy_skill,[HIDDEN] Enemy Hero action success chance: %+n% (from skill),,character_to_character_own,-24,campaign,0,true,,,,,,,,,,,,,,,,,,,,,,,,,character_skill_level_to_effects_junctions_tables,wh3_main_skill_agent_action_success_scaling|wh_main_effect_agent_action_success_chance_enemy_skill|24|character_to_character_own
effect,warhammer_3,8.1.1,24237342,Beastmen,beastmen,wh_dlc03_sc_bst_beastmen,Bray-Shaman (Shadows),Bray_Shaman_Shadows,hero,wh_dlc03_bst_bray_shaman_shadows,wizard,wizard,wh2_dlc13_bst_beastmen_invasion|wh2_dlc17_bst_malagor|wh2_dlc17_bst_taurox|wh2_main_bst_blooded_axe|wh2_main_bst_manblight|wh2_main_bst_ripper_horn|wh2_main_bst_shadowgor|wh2_main_bst_skrinderkin|wh2_main_bst_stone_horn|wh3_dlc27_bst_beastmen_dm|wh_dlc03_bst_beastmen|wh_dlc03_bst_beastmen_chaos|wh_dlc03_bst_beastmen_rebels|wh_dlc03_bst_jagged_horn|wh_dlc03_bst_redhorn|wh_dlc05_bst_morghur_herd,false,false,true,true,true,true,,,wh_dlc03_skill_node_set_bst_bray_shaman_shadows,,1,wizard,false,false,,,,wh3_main_agent_action_scaling,wh3_main_skill_agent_action_success_scaling,Agent action success modifer,Hidden skill that scales action success/defence chance,mount_hellsteed.png,0,99,0,0,false,0,49,24,Agent action success modifer,Hidden skill that scales action success/defence chance,,,,,,wh_main_effect_agent_action_success_chance_skill,[HIDDEN] Hero action success chance: %+n% (from skill),,character_to_character_own,24,campaign,0,true,,,,,,,,,,,,,,,,,,,,,,,,,character_skill_level_to_effects_junctions_tables,wh3_main_skill_agent_action_success_scaling|wh_main_effect_agent_action_success_chance_skill|24|character_to_character_own
effect,warhammer_3,8.1.1,24237342,Beastmen,beastmen,wh_dlc03_sc_bst_beastmen,Bray-Shaman (Shadows),Bray_Shaman_Shadows,hero,wh_dlc03_bst_bray_shaman_shadows,wizard,wizard,wh2_dlc13_bst_beastmen_invasion|wh2_dlc17_bst_malagor|wh2_dlc17_bst_taurox|wh2_main_bst_blooded_axe|wh2_main_bst_manblight|wh2_main_bst_ripper_horn|wh2_main_bst_shadowgor|wh2_main_bst_skrinderkin|wh2_main_bst_stone_horn|wh3_dlc27_bst_beastmen_dm|wh_dlc03_bst_beastmen|wh_dlc03_bst_beastmen_chaos|wh_dlc03_bst_beastmen_rebels|wh_dlc03_bst_jagged_horn|wh_dlc03_bst_redhorn|wh_dlc05_bst_morghur_herd,false,false,true,true,true,true,,,wh_dlc03_skill_node_set_bst_bray_shaman_shadows,,1,wizard,false,false,,,,wh3_main_agent_action_scaling,wh3_main_skill_agent_action_success_scaling,Agent action success modifer,Hidden skill that scales action success/defence chance,mount_hellsteed.png,0,99,0,0,false,0,49,25,Agent action success modifer,Hidden skill that scales action success/defence chance,,,,,,wh_main_effect_agent_action_success_chance_enemy_skill,[HIDDEN] Enemy Hero action success chance: %+n% (from skill),,character_to_character_own,-25,campaign,0,true,,,,,,,,,,,,,,,,,,,,,,,,,character_skill_level_to_effects_junctions_tables,wh3_main_skill_agent_action_success_scaling|wh_main_effect_agent_action_success_chance_enemy_skill|25|character_to_character_own
effect,warhammer_3,8.1.1,24237342,Beastmen,beastmen,wh_dlc03_sc_bst_beastmen,Bray-Shaman (Shadows),Bray_Shaman_Shadows,hero,wh_dlc03_bst_bray_shaman_shadows,wizard,wizard,wh2_dlc13_bst_beastmen_invasion|wh2_dlc17_bst_malagor|wh2_dlc17_bst_taurox|wh2_main_bst_blooded_axe|wh2_main_bst_manblight|wh2_main_bst_ripper_horn|wh2_main_bst_shadowgor|wh2_main_bst_skrinderkin|wh2_main_bst_stone_horn|wh3_dlc27_bst_beastmen_dm|wh_dlc03_bst_beastmen|wh_dlc03_bst_beastmen_chaos|wh_dlc03_bst_beastmen_rebels|wh_dlc03_bst_jagged_horn|wh_dlc03_bst_redhorn|wh_dlc05_bst_morghur_herd,false,false,true,true,true,true,,,wh_dlc03_skill_node_set_bst_bray_shaman_shadows,,1,wizard,false,false,,,,wh3_main_agent_action_scaling,wh3_main_skill_agent_action_success_scaling,Agent action success modifer,Hidden skill that scales action success/defence chance,mount_hellsteed.png,0,99,0,0,false,0,49,25,Agent action success modifer,Hidden skill that scales action success/defence chance,,,,,,wh_main_effect_agent_action_success_chance_skill,[HIDDEN] Hero action success chance: %+n% (from skill),,character_to_character_own,25,campaign,0,true,,,,,,,,,,,,,,,,,,,,,,,,,character_skill_level_to_effects_junctions_tables,wh3_main_skill_agent_action_success_scaling|wh_main_effect_agent_action_success_chance_skill|25|character_to_character_own
effect,warhammer_3,8.1.1,24237342,Beastmen,beastmen,wh_dlc03_sc_bst_beastmen,Bray-Shaman (Shadows),Bray_Shaman_Shadows,hero,wh_dlc03_bst_bray_shaman_shadows,wizard,wizard,wh2_dlc13_bst_beastmen_invasion|wh2_dlc17_bst_malagor|wh2_dlc17_bst_taurox|wh2_main_bst_blooded_axe|wh2_main_bst_manblight|wh2_main_bst_ripper_horn|wh2_main_bst_shadowgor|wh2_main_bst_skrinderkin|wh2_main_bst_stone_horn|wh3_dlc27_bst_beastmen_dm|wh_dlc03_bst_beastmen|wh_dlc03_bst_beastmen_chaos|wh_dlc03_bst_beastmen_rebels|wh_dlc03_bst_jagged_horn|wh_dlc03_bst_redhorn|wh_dlc05_bst_morghur_herd,false,false,true,true,true,true,,,wh_dlc03_skill_node_set_bst_bray_shaman_shadows,,1,wizard,false,false,,,,wh3_main_agent_action_scaling,wh3_main_skill_agent_action_success_scaling,Agent action success modifer,Hidden skill that scales action success/defence chance,mount_hellsteed.png,0,99,0,0,false,0,49,26,Agent action success modifer,Hidden skill that scales action success/defence chance,,,,,,wh_main_effect_agent_action_success_chance_enemy_skill,[HIDDEN] Enemy Hero action success chance: %+n% (from skill),,character_to_character_own,-26,campaign,0,true,,,,,,,,,,,,,,,,,,,,,,,,,character_skill_level_to_effects_junctions_tables,wh3_main_skill_agent_action_success_scaling|wh_main_effect_agent_action_success_chance_enemy_skill|26|character_to_character_own
effect,warhammer_3,8.1.1,24237342,Beastmen,beastmen,wh_dlc03_sc_bst_beastmen,Bray-Shaman (Shadows),Bray_Shaman_Shadows,hero,wh_dlc03_bst_bray_shaman_shadows,wizard,wizard,wh2_dlc13_bst_beastmen_invasion|wh2_dlc17_bst_malagor|wh2_dlc17_bst_taurox|wh2_main_bst_blooded_axe|wh2_main_bst_manblight|wh2_main_bst_ripper_horn|wh2_main_bst_shadowgor|wh2_main_bst_skrinderkin|wh2_main_bst_stone_horn|wh3_dlc27_bst_beastmen_dm|wh_dlc03_bst_beastmen|wh_dlc03_bst_beastmen_chaos|wh_dlc03_bst_beastmen_rebels|wh_dlc03_bst_jagged_horn|wh_dlc03_bst_redhorn|wh_dlc05_bst_morghur_herd,false,false,true,true,true,true,,,wh_dlc03_skill_node_set_bst_bray_shaman_shadows,,1,wizard,false,false,,,,wh3_main_agent_action_scaling,wh3_main_skill_agent_action_success_scaling,Agent action success modifer,Hidden skill that scales action success/defence chance,mount_hellsteed.png,0,99,0,0,false,0,49,26,Agent action success modifer,Hidden skill that scales action success/defence chance,,,,,,wh_main_effect_agent_action_success_chance_skill,[HIDDEN] Hero action success chance: %+n% (from skill),,character_to_character_own,26,campaign,0,true,,,,,,,,,,,,,,,,,,,,,,,,,character_skill_level_to_effects_junctions_tables,wh3_main_skill_agent_action_success_scaling|wh_main_effect_agent_action_success_chance_skill|26|character_to_character_own
effect,warhammer_3,8.1.1,24237342,Beastmen,beastmen,wh_dlc03_sc_bst_beastmen,Bray-Shaman (Shadows),Bray_Shaman_Shadows,hero,wh_dlc03_bst_bray_shaman_shadows,wizard,wizard,wh2_dlc13_bst_beastmen_invasion|wh2_dlc17_bst_malagor|wh2_dlc17_bst_taurox|wh2_main_bst_blooded_axe|wh2_main_bst_manblight|wh2_main_bst_ripper_horn|wh2_main_bst_shadowgor|wh2_main_bst_skrinderkin|wh2_main_bst_stone_horn|wh3_dlc27_bst_beastmen_dm|wh_dlc03_bst_beastmen|wh_dlc03_bst_beastmen_chaos|wh_dlc03_bst_beastmen_rebels|wh_dlc03_bst_jagged_horn|wh_dlc03_bst_redhorn|wh_dlc05_bst_morghur_herd,false,false,true,true,true,true,,,wh_dlc03_skill_node_set_bst_bray_shaman_shadows,,1,wizard,false,false,,,,wh3_main_agent_action_scaling,wh3_main_skill_agent_action_success_scaling,Agent action success modifer,Hidden skill that scales action success/defence chance,mount_hellsteed.png,0,99,0,0,false,0,49,27,Agent action success modifer,Hidden skill that scales action success/defence chance,,,,,,wh_main_effect_agent_action_success_chance_enemy_skill,[HIDDEN] Enemy Hero action success chance: %+n% (from skill),,character_to_character_own,-27,campaign,0,true,,,,,,,,,,,,,,,,,,,,,,,,,character_skill_level_to_effects_junctions_tables,wh3_main_skill_agent_action_success_scaling|wh_main_effect_agent_action_success_chance_enemy_skill|27|character_to_character_own
effect,warhammer_3,8.1.1,24237342,Beastmen,beastmen,wh_dlc03_sc_bst_beastmen,Bray-Shaman (Shadows),Bray_Shaman_Shadows,hero,wh_dlc03_bst_bray_shaman_shadows,wizard,wizard,wh2_dlc13_bst_beastmen_invasion|wh2_dlc17_bst_malagor|wh2_dlc17_bst_taurox|wh2_main_bst_blooded_axe|wh2_main_bst_manblight|wh2_main_bst_ripper_horn|wh2_main_bst_shadowgor|wh2_main_bst_skrinderkin|wh2_main_bst_stone_horn|wh3_dlc27_bst_beastmen_dm|wh_dlc03_bst_beastmen|wh_dlc03_bst_beastmen_chaos|wh_dlc03_bst_beastmen_rebels|wh_dlc03_bst_jagged_horn|wh_dlc03_bst_redhorn|wh_dlc05_bst_morghur_herd,false,false,true,true,true,true,,,wh_dlc03_skill_node_set_bst_bray_shaman_shadows,,1,wizard,false,false,,,,wh3_main_agent_action_scaling,wh3_main_skill_agent_action_success_scaling,Agent action success modifer,Hidden skill that scales action success/defence chance,mount_hellsteed.png,0,99,0,0,false,0,49,27,Agent action success modifer,Hidden skill that scales action success/defence chance,,,,,,wh_main_effect_agent_action_success_chance_skill,[HIDDEN] Hero action success chance: %+n% (from skill),,character_to_character_own,27,campaign,0,true,,,,,,,,,,,,,,,,,,,,,,,,,character_skill_level_to_effects_junctions_tables,wh3_main_skill_agent_action_success_scaling|wh_main_effect_agent_action_success_chance_skill|27|character_to_character_own
effect,warhammer_3,8.1.1,24237342,Beastmen,beastmen,wh_dlc03_sc_bst_beastmen,Bray-Shaman (Shadows),Bray_Shaman_Shadows,hero,wh_dlc03_bst_bray_shaman_shadows,wizard,wizard,wh2_dlc13_bst_beastmen_invasion|wh2_dlc17_bst_malagor|wh2_dlc17_bst_taurox|wh2_main_bst_blooded_axe|wh2_main_bst_manblight|wh2_main_bst_ripper_horn|wh2_main_bst_shadowgor|wh2_main_bst_skrinderkin|wh2_main_bst_stone_horn|wh3_dlc27_bst_beastmen_dm|wh_dlc03_bst_beastmen|wh_dlc03_bst_beastmen_chaos|wh_dlc03_bst_beastmen_rebels|wh_dlc03_bst_jagged_horn|wh_dlc03_bst_redhorn|wh_dlc05_bst_morghur_herd,false,false,true,true,true,true,,,wh_dlc03_skill_node_set_bst_bray_shaman_shadows,,1,wizard,false,false,,,,wh3_main_agent_action_scaling,wh3_main_skill_agent_action_success_scaling,Agent action success modifer,Hidden skill that scales action success/defence chance,mount_hellsteed.png,0,99,0,0,false,0,49,28,Agent action success modifer,Hidden skill that scales action success/defence chance,,,,,,wh_main_effect_agent_action_success_chance_enemy_skill,[HIDDEN] Enemy Hero action success chance: %+n% (from skill),,character_to_character_own,-28,campaign,0,true,,,,,,,,,,,,,,,,,,,,,,,,,character_skill_level_to_effects_junctions_tables,wh3_main_skill_agent_action_success_scaling|wh_main_effect_agent_action_success_chance_enemy_skill|28|character_to_character_own
effect,warhammer_3,8.1.1,24237342,Beastmen,beastmen,wh_dlc03_sc_bst_beastmen,Bray-Shaman (Shadows),Bray_Shaman_Shadows,hero,wh_dlc03_bst_bray_shaman_shadows,wizard,wizard,wh2_dlc13_bst_beastmen_invasion|wh2_dlc17_bst_malagor|wh2_dlc17_bst_taurox|wh2_main_bst_blooded_axe|wh2_main_bst_manblight|wh2_main_bst_ripper_horn|wh2_main_bst_shadowgor|wh2_main_bst_skrinderkin|wh2_main_bst_stone_horn|wh3_dlc27_bst_beastmen_dm|wh_dlc03_bst_beastmen|wh_dlc03_bst_beastmen_chaos|wh_dlc03_bst_beastmen_rebels|wh_dlc03_bst_jagged_horn|wh_dlc03_bst_redhorn|wh_dlc05_bst_morghur_herd,false,false,true,true,true,true,,,wh_dlc03_skill_node_set_bst_bray_shaman_shadows,,1,wizard,false,false,,,,wh3_main_agent_action_scaling,wh3_main_skill_agent_action_success_scaling,Agent action success modifer,Hidden skill that scales action success/defence chance,mount_hellsteed.png,0,99,0,0,false,0,49,28,Agent action success modifer,Hidden skill that scales action success/defence chance,,,,,,wh_main_effect_agent_action_success_chance_skill,[HIDDEN] Hero action success chance: %+n% (from skill),,character_to_character_own,28,campaign,0,true,,,,,,,,,,,,,,,,,,,,,,,,,character_skill_level_to_effects_junctions_tables,wh3_main_skill_agent_action_success_scaling|wh_main_effect_agent_action_success_chance_skill|28|character_to_character_own
effect,warhammer_3,8.1.1,24237342,Beastmen,beastmen,wh_dlc03_sc_bst_beastmen,Bray-Shaman (Shadows),Bray_Shaman_Shadows,hero,wh_dlc03_bst_bray_shaman_shadows,wizard,wizard,wh2_dlc13_bst_beastmen_invasion|wh2_dlc17_bst_malagor|wh2_dlc17_bst_taurox|wh2_main_bst_blooded_axe|wh2_main_bst_manblight|wh2_main_bst_ripper_horn|wh2_main_bst_shadowgor|wh2_main_bst_skrinderkin|wh2_main_bst_stone_horn|wh3_dlc27_bst_beastmen_dm|wh_dlc03_bst_beastmen|wh_dlc03_bst_beastmen_chaos|wh_dlc03_bst_beastmen_rebels|wh_dlc03_bst_jagged_horn|wh_dlc03_bst_redhorn|wh_dlc05_bst_morghur_herd,false,false,true,true,true,true,,,wh_dlc03_skill_node_set_bst_bray_shaman_shadows,,1,wizard,false,false,,,,wh3_main_agent_action_scaling,wh3_main_skill_agent_action_success_scaling,Agent action success modifer,Hidden skill that scales action success/defence chance,mount_hellsteed.png,0,99,0,0,false,0,49,29,Agent action success modifer,Hidden skill that scales action success/defence chance,,,,,,wh_main_effect_agent_action_success_chance_enemy_skill,[HIDDEN] Enemy Hero action success chance: %+n% (from skill),,character_to_character_own,-29,campaign,0,true,,,,,,,,,,,,,,,,,,,,,,,,,character_skill_level_to_effects_junctions_tables,wh3_main_skill_agent_action_success_scaling|wh_main_effect_agent_action_success_chance_enemy_skill|29|character_to_character_own
effect,warhammer_3,8.1.1,24237342,Beastmen,beastmen,wh_dlc03_sc_bst_beastmen,Bray-Shaman (Shadows),Bray_Shaman_Shadows,hero,wh_dlc03_bst_bray_shaman_shadows,wizard,wizard,wh2_dlc13_bst_beastmen_invasion|wh2_dlc17_bst_malagor|wh2_dlc17_bst_taurox|wh2_main_bst_blooded_axe|wh2_main_bst_manblight|wh2_main_bst_ripper_horn|wh2_main_bst_shadowgor|wh2_main_bst_skrinderkin|wh2_main_bst_stone_horn|wh3_dlc27_bst_beastmen_dm|wh_dlc03_bst_beastmen|wh_dlc03_bst_beastmen_chaos|wh_dlc03_bst_beastmen_rebels|wh_dlc03_bst_jagged_horn|wh_dlc03_bst_redhorn|wh_dlc05_bst_morghur_herd,false,false,true,true,true,true,,,wh_dlc03_skill_node_set_bst_bray_shaman_shadows,,1,wizard,false,false,,,,wh3_main_agent_action_scaling,wh3_main_skill_agent_action_success_scaling,Agent action success modifer,Hidden skill that scales action success/defence chance,mount_hellsteed.png,0,99,0,0,false,0,49,29,Agent action success modifer,Hidden skill that scales action success/defence chance,,,,,,wh_main_effect_agent_action_success_chance_skill,[HIDDEN] Hero action success chance: %+n% (from skill),,character_to_character_own,29,campaign,0,true,,,,,,,,,,,,,,,,,,,,,,,,,character_skill_level_to_effects_junctions_tables,wh3_main_skill_agent_action_success_scaling|wh_main_effect_agent_action_success_chance_skill|29|character_to_character_own
effect,warhammer_3,8.1.1,24237342,Beastmen,beastmen,wh_dlc03_sc_bst_beastmen,Bray-Shaman (Shadows),Bray_Shaman_Shadows,hero,wh_dlc03_bst_bray_shaman_shadows,wizard,wizard,wh2_dlc13_bst_beastmen_invasion|wh2_dlc17_bst_malagor|wh2_dlc17_bst_taurox|wh2_main_bst_blooded_axe|wh2_main_bst_manblight|wh2_main_bst_ripper_horn|wh2_main_bst_shadowgor|wh2_main_bst_skrinderkin|wh2_main_bst_stone_horn|wh3_dlc27_bst_beastmen_dm|wh_dlc03_bst_beastmen|wh_dlc03_bst_beastmen_chaos|wh_dlc03_bst_beastmen_rebels|wh_dlc03_bst_jagged_horn|wh_dlc03_bst_redhorn|wh_dlc05_bst_morghur_herd,false,false,true,true,true,true,,,wh_dlc03_skill_node_set_bst_bray_shaman_shadows,,1,wizard,false,false,,,,wh3_main_agent_action_scaling,wh3_main_skill_agent_action_success_scaling,Agent action success modifer,Hidden skill that scales action success/defence chance,mount_hellsteed.png,0,99,0,0,false,0,49,30,Agent action success modifer,Hidden skill that scales action success/defence chance,,,,,,wh_main_effect_agent_action_success_chance_enemy_skill,[HIDDEN] Enemy Hero action success chance: %+n% (from skill),,character_to_character_own,-30,campaign,0,true,,,,,,,,,,,,,,,,,,,,,,,,,character_skill_level_to_effects_junctions_tables,wh3_main_skill_agent_action_success_scaling|wh_main_effect_agent_action_success_chance_enemy_skill|30|character_to_character_own
effect,warhammer_3,8.1.1,24237342,Beastmen,beastmen,wh_dlc03_sc_bst_beastmen,Bray-Shaman (Shadows),Bray_Shaman_Shadows,hero,wh_dlc03_bst_bray_shaman_shadows,wizard,wizard,wh2_dlc13_bst_beastmen_invasion|wh2_dlc17_bst_malagor|wh2_dlc17_bst_taurox|wh2_main_bst_blooded_axe|wh2_main_bst_manblight|wh2_main_bst_ripper_horn|wh2_main_bst_shadowgor|wh2_main_bst_skrinderkin|wh2_main_bst_stone_horn|wh3_dlc27_bst_beastmen_dm|wh_dlc03_bst_beastmen|wh_dlc03_bst_beastmen_chaos|wh_dlc03_bst_beastmen_rebels|wh_dlc03_bst_jagged_horn|wh_dlc03_bst_redhorn|wh_dlc05_bst_morghur_herd,false,false,true,true,true,true,,,wh_dlc03_skill_node_set_bst_bray_shaman_shadows,,1,wizard,false,false,,,,wh3_main_agent_action_scaling,wh3_main_skill_agent_action_success_scaling,Agent action success modifer,Hidden skill that scales action success/defence chance,mount_hellsteed.png,0,99,0,0,false,0,49,30,Agent action success modifer,Hidden skill that scales action success/defence chance,,,,,,wh_main_effect_agent_action_success_chance_skill,[HIDDEN] Hero action success chance: %+n% (from skill),,character_to_character_own,30,campaign,0,true,,,,,,,,,,,,,,,,,,,,,,,,,character_skill_level_to_effects_junctions_tables,wh3_main_skill_agent_action_success_scaling|wh_main_effect_agent_action_success_chance_skill|30|character_to_character_own
effect,warhammer_3,8.1.1,24237342,Beastmen,beastmen,wh_dlc03_sc_bst_beastmen,Bray-Shaman (Shadows),Bray_Shaman_Shadows,hero,wh_dlc03_bst_bray_shaman_shadows,wizard,wizard,wh2_dlc13_bst_beastmen_invasion|wh2_dlc17_bst_malagor|wh2_dlc17_bst_taurox|wh2_main_bst_blooded_axe|wh2_main_bst_manblight|wh2_main_bst_ripper_horn|wh2_main_bst_shadowgor|wh2_main_bst_skrinderkin|wh2_main_bst_stone_horn|wh3_dlc27_bst_beastmen_dm|wh_dlc03_bst_beastmen|wh_dlc03_bst_beastmen_chaos|wh_dlc03_bst_beastmen_rebels|wh_dlc03_bst_jagged_horn|wh_dlc03_bst_redhorn|wh_dlc05_bst_morghur_herd,false,false,true,true,true,true,,,wh_dlc03_skill_node_set_bst_bray_shaman_shadows,,1,wizard,false,false,,,,wh3_main_agent_action_scaling,wh3_main_skill_agent_action_success_scaling,Agent action success modifer,Hidden skill that scales action success/defence chance,mount_hellsteed.png,0,99,0,0,false,0,49,31,Agent action success modifer,Hidden skill that scales action success/defence chance,,,,,,wh_main_effect_agent_action_success_chance_enemy_skill,[HIDDEN] Enemy Hero action success chance: %+n% (from skill),,character_to_character_own,-31,campaign,0,true,,,,,,,,,,,,,,,,,,,,,,,,,character_skill_level_to_effects_junctions_tables,wh3_main_skill_agent_action_success_scaling|wh_main_effect_agent_action_success_chance_enemy_skill|31|character_to_character_own
effect,warhammer_3,8.1.1,24237342,Beastmen,beastmen,wh_dlc03_sc_bst_beastmen,Bray-Shaman (Shadows),Bray_Shaman_Shadows,hero,wh_dlc03_bst_bray_shaman_shadows,wizard,wizard,wh2_dlc13_bst_beastmen_invasion|wh2_dlc17_bst_malagor|wh2_dlc17_bst_taurox|wh2_main_bst_blooded_axe|wh2_main_bst_manblight|wh2_main_bst_ripper_horn|wh2_main_bst_shadowgor|wh2_main_bst_skrinderkin|wh2_main_bst_stone_horn|wh3_dlc27_bst_beastmen_dm|wh_dlc03_bst_beastmen|wh_dlc03_bst_beastmen_chaos|wh_dlc03_bst_beastmen_rebels|wh_dlc03_bst_jagged_horn|wh_dlc03_bst_redhorn|wh_dlc05_bst_morghur_herd,false,false,true,true,true,true,,,wh_dlc03_skill_node_set_bst_bray_shaman_shadows,,1,wizard,false,false,,,,wh3_main_agent_action_scaling,wh3_main_skill_agent_action_success_scaling,Agent action success modifer,Hidden skill that scales action success/defence chance,mount_hellsteed.png,0,99,0,0,false,0,49,31,Agent action success modifer,Hidden skill that scales action success/defence chance,,,,,,wh_main_effect_agent_action_success_chance_skill,[HIDDEN] Hero action success chance: %+n% (from skill),,character_to_character_own,31,campaign,0,true,,,,,,,,,,,,,,,,,,,,,,,,,character_skill_level_to_effects_junctions_tables,wh3_main_skill_agent_action_success_scaling|wh_main_effect_agent_action_success_chance_skill|31|character_to_character_own
effect,warhammer_3,8.1.1,24237342,Beastmen,beastmen,wh_dlc03_sc_bst_beastmen,Bray-Shaman (Shadows),Bray_Shaman_Shadows,hero,wh_dlc03_bst_bray_shaman_shadows,wizard,wizard,wh2_dlc13_bst_beastmen_invasion|wh2_dlc17_bst_malagor|wh2_dlc17_bst_taurox|wh2_main_bst_blooded_axe|wh2_main_bst_manblight|wh2_main_bst_ripper_horn|wh2_main_bst_shadowgor|wh2_main_bst_skrinderkin|wh2_main_bst_stone_horn|wh3_dlc27_bst_beastmen_dm|wh_dlc03_bst_beastmen|wh_dlc03_bst_beastmen_chaos|wh_dlc03_bst_beastmen_rebels|wh_dlc03_bst_jagged_horn|wh_dlc03_bst_redhorn|wh_dlc05_bst_morghur_herd,false,false,true,true,true,true,,,wh_dlc03_skill_node_set_bst_bray_shaman_shadows,,1,wizard,false,false,,,,wh3_main_agent_action_scaling,wh3_main_skill_agent_action_success_scaling,Agent action success modifer,Hidden skill that scales action success/defence chance,mount_hellsteed.png,0,99,0,0,false,0,49,32,Agent action success modifer,Hidden skill that scales action success/defence chance,,,,,,wh_main_effect_agent_action_success_chance_enemy_skill,[HIDDEN] Enemy Hero action success chance: %+n% (from skill),,character_to_character_own,-32,campaign,0,true,,,,,,,,,,,,,,,,,,,,,,,,,character_skill_level_to_effects_junctions_tables,wh3_main_skill_agent_action_success_scaling|wh_main_effect_agent_action_success_chance_enemy_skill|32|character_to_character_own
effect,warhammer_3,8.1.1,24237342,Beastmen,beastmen,wh_dlc03_sc_bst_beastmen,Bray-Shaman (Shadows),Bray_Shaman_Shadows,hero,wh_dlc03_bst_bray_shaman_shadows,wizard,wizard,wh2_dlc13_bst_beastmen_invasion|wh2_dlc17_bst_malagor|wh2_dlc17_bst_taurox|wh2_main_bst_blooded_axe|wh2_main_bst_manblight|wh2_main_bst_ripper_horn|wh2_main_bst_shadowgor|wh2_main_bst_skrinderkin|wh2_main_bst_stone_horn|wh3_dlc27_bst_beastmen_dm|wh_dlc03_bst_beastmen|wh_dlc03_bst_beastmen_chaos|wh_dlc03_bst_beastmen_rebels|wh_dlc03_bst_jagged_horn|wh_dlc03_bst_redhorn|wh_dlc05_bst_morghur_herd,false,false,true,true,true,true,,,wh_dlc03_skill_node_set_bst_bray_shaman_shadows,,1,wizard,false,false,,,,wh3_main_agent_action_scaling,wh3_main_skill_agent_action_success_scaling,Agent action success modifer,Hidden skill that scales action success/defence chance,mount_hellsteed.png,0,99,0,0,false,0,49,32,Agent action success modifer,Hidden skill that scales action success/defence chance,,,,,,wh_main_effect_agent_action_success_chance_skill,[HIDDEN] Hero action success chance: %+n% (from skill),,character_to_character_own,32,campaign,0,true,,,,,,,,,,,,,,,,,,,,,,,,,character_skill_level_to_effects_junctions_tables,wh3_main_skill_agent_action_success_scaling|wh_main_effect_agent_action_success_chance_skill|32|character_to_character_own
effect,warhammer_3,8.1.1,24237342,Beastmen,beastmen,wh_dlc03_sc_bst_beastmen,Bray-Shaman (Shadows),Bray_Shaman_Shadows,hero,wh_dlc03_bst_bray_shaman_shadows,wizard,wizard,wh2_dlc13_bst_beastmen_invasion|wh2_dlc17_bst_malagor|wh2_dlc17_bst_taurox|wh2_main_bst_blooded_axe|wh2_main_bst_manblight|wh2_main_bst_ripper_horn|wh2_main_bst_shadowgor|wh2_main_bst_skrinderkin|wh2_main_bst_stone_horn|wh3_dlc27_bst_beastmen_dm|wh_dlc03_bst_beastmen|wh_dlc03_bst_beastmen_chaos|wh_dlc03_bst_beastmen_rebels|wh_dlc03_bst_jagged_horn|wh_dlc03_bst_redhorn|wh_dlc05_bst_morghur_herd,false,false,true,true,true,true,,,wh_dlc03_skill_node_set_bst_bray_shaman_shadows,,1,wizard,false,false,,,,wh3_main_agent_action_scaling,wh3_main_skill_agent_action_success_scaling,Agent action success modifer,Hidden skill that scales action success/defence chance,mount_hellsteed.png,0,99,0,0,false,0,49,33,Agent action success modifer,Hidden skill that scales action success/defence chance,,,,,,wh_main_effect_agent_action_success_chance_enemy_skill,[HIDDEN] Enemy Hero action success chance: %+n% (from skill),,character_to_character_own,-33,campaign,0,true,,,,,,,,,,,,,,,,,,,,,,,,,character_skill_level_to_effects_junctions_tables,wh3_main_skill_agent_action_success_scaling|wh_main_effect_agent_action_success_chance_enemy_skill|33|character_to_character_own
effect,warhammer_3,8.1.1,24237342,Beastmen,beastmen,wh_dlc03_sc_bst_beastmen,Bray-Shaman (Shadows),Bray_Shaman_Shadows,hero,wh_dlc03_bst_bray_shaman_shadows,wizard,wizard,wh2_dlc13_bst_beastmen_invasion|wh2_dlc17_bst_malagor|wh2_dlc17_bst_taurox|wh2_main_bst_blooded_axe|wh2_main_bst_manblight|wh2_main_bst_ripper_horn|wh2_main_bst_shadowgor|wh2_main_bst_skrinderkin|wh2_main_bst_stone_horn|wh3_dlc27_bst_beastmen_dm|wh_dlc03_bst_beastmen|wh_dlc03_bst_beastmen_chaos|wh_dlc03_bst_beastmen_rebels|wh_dlc03_bst_jagged_horn|wh_dlc03_bst_redhorn|wh_dlc05_bst_morghur_herd,false,false,true,true,true,true,,,wh_dlc03_skill_node_set_bst_bray_shaman_shadows,,1,wizard,false,false,,,,wh3_main_agent_action_scaling,wh3_main_skill_agent_action_success_scaling,Agent action success modifer,Hidden skill that scales action success/defence chance,mount_hellsteed.png,0,99,0,0,false,0,49,33,Agent action success modifer,Hidden skill that scales action success/defence chance,,,,,,wh_main_effect_agent_action_success_chance_skill,[HIDDEN] Hero action success chance: %+n% (from skill),,character_to_character_own,33,campaign,0,true,,,,,,,,,,,,,,,,,,,,,,,,,character_skill_level_to_effects_junctions_tables,wh3_main_skill_agent_action_success_scaling|wh_main_effect_agent_action_success_chance_skill|33|character_to_character_own
effect,warhammer_3,8.1.1,24237342,Beastmen,beastmen,wh_dlc03_sc_bst_beastmen,Bray-Shaman (Shadows),Bray_Shaman_Shadows,hero,wh_dlc03_bst_bray_shaman_shadows,wizard,wizard,wh2_dlc13_bst_beastmen_invasion|wh2_dlc17_bst_malagor|wh2_dlc17_bst_taurox|wh2_main_bst_blooded_axe|wh2_main_bst_manblight|wh2_main_bst_ripper_horn|wh2_main_bst_shadowgor|wh2_main_bst_skrinderkin|wh2_main_bst_stone_horn|wh3_dlc27_bst_beastmen_dm|wh_dlc03_bst_beastmen|wh_dlc03_bst_beastmen_chaos|wh_dlc03_bst_beastmen_rebels|wh_dlc03_bst_jagged_horn|wh_dlc03_bst_redhorn|wh_dlc05_bst_morghur_herd,false,false,true,true,true,true,,,wh_dlc03_skill_node_set_bst_bray_shaman_shadows,,1,wizard,false,false,,,,wh3_main_agent_action_scaling,wh3_main_skill_agent_action_success_scaling,Agent action success modifer,Hidden skill that scales action success/defence chance,mount_hellsteed.png,0,99,0,0,false,0,49,34,Agent action success modifer,Hidden skill that scales action success/defence chance,,,,,,wh_main_effect_agent_action_success_chance_enemy_skill,[HIDDEN] Enemy Hero action success chance: %+n% (from skill),,character_to_character_own,-34,campaign,0,true,,,,,,,,,,,,,,,,,,,,,,,,,character_skill_level_to_effects_junctions_tables,wh3_main_skill_agent_action_success_scaling|wh_main_effect_agent_action_success_chance_enemy_skill|34|character_to_character_own
effect,warhammer_3,8.1.1,24237342,Beastmen,beastmen,wh_dlc03_sc_bst_beastmen,Bray-Shaman (Shadows),Bray_Shaman_Shadows,hero,wh_dlc03_bst_bray_shaman_shadows,wizard,wizard,wh2_dlc13_bst_beastmen_invasion|wh2_dlc17_bst_malagor|wh2_dlc17_bst_taurox|wh2_main_bst_blooded_axe|wh2_main_bst_manblight|wh2_main_bst_ripper_horn|wh2_main_bst_shadowgor|wh2_main_bst_skrinderkin|wh2_main_bst_stone_horn|wh3_dlc27_bst_beastmen_dm|wh_dlc03_bst_beastmen|wh_dlc03_bst_beastmen_chaos|wh_dlc03_bst_beastmen_rebels|wh_dlc03_bst_jagged_horn|wh_dlc03_bst_redhorn|wh_dlc05_bst_morghur_herd,false,false,true,true,true,true,,,wh_dlc03_skill_node_set_bst_bray_shaman_shadows,,1,wizard,false,false,,,,wh3_main_agent_action_scaling,wh3_main_skill_agent_action_success_scaling,Agent action success modifer,Hidden skill that scales action success/defence chance,mount_hellsteed.png,0,99,0,0,false,0,49,34,Agent action success modifer,Hidden skill that scales action success/defence chance,,,,,,wh_main_effect_agent_action_success_chance_skill,[HIDDEN] Hero action success chance: %+n% (from skill),,character_to_character_own,34,campaign,0,true,,,,,,,,,,,,,,,,,,,,,,,,,character_skill_level_to_effects_junctions_tables,wh3_main_skill_agent_action_success_scaling|wh_main_effect_agent_action_success_chance_skill|34|character_to_character_own
effect,warhammer_3,8.1.1,24237342,Beastmen,beastmen,wh_dlc03_sc_bst_beastmen,Bray-Shaman (Shadows),Bray_Shaman_Shadows,hero,wh_dlc03_bst_bray_shaman_shadows,wizard,wizard,wh2_dlc13_bst_beastmen_invasion|wh2_dlc17_bst_malagor|wh2_dlc17_bst_taurox|wh2_main_bst_blooded_axe|wh2_main_bst_manblight|wh2_main_bst_ripper_horn|wh2_main_bst_shadowgor|wh2_main_bst_skrinderkin|wh2_main_bst_stone_horn|wh3_dlc27_bst_beastmen_dm|wh_dlc03_bst_beastmen|wh_dlc03_bst_beastmen_chaos|wh_dlc03_bst_beastmen_rebels|wh_dlc03_bst_jagged_horn|wh_dlc03_bst_redhorn|wh_dlc05_bst_morghur_herd,false,false,true,true,true,true,,,wh_dlc03_skill_node_set_bst_bray_shaman_shadows,,1,wizard,false,false,,,,wh3_main_agent_action_scaling,wh3_main_skill_agent_action_success_scaling,Agent action success modifer,Hidden skill that scales action success/defence chance,mount_hellsteed.png,0,99,0,0,false,0,49,35,Agent action success modifer,Hidden skill that scales action success/defence chance,,,,,,wh_main_effect_agent_action_success_chance_enemy_skill,[HIDDEN] Enemy Hero action success chance: %+n% (from skill),,character_to_character_own,-35,campaign,0,true,,,,,,,,,,,,,,,,,,,,,,,,,character_skill_level_to_effects_junctions_tables,wh3_main_skill_agent_action_success_scaling|wh_main_effect_agent_action_success_chance_enemy_skill|35|character_to_character_own
effect,warhammer_3,8.1.1,24237342,Beastmen,beastmen,wh_dlc03_sc_bst_beastmen,Bray-Shaman (Shadows),Bray_Shaman_Shadows,hero,wh_dlc03_bst_bray_shaman_shadows,wizard,wizard,wh2_dlc13_bst_beastmen_invasion|wh2_dlc17_bst_malagor|wh2_dlc17_bst_taurox|wh2_main_bst_blooded_axe|wh2_main_bst_manblight|wh2_main_bst_ripper_horn|wh2_main_bst_shadowgor|wh2_main_bst_skrinderkin|wh2_main_bst_stone_horn|wh3_dlc27_bst_beastmen_dm|wh_dlc03_bst_beastmen|wh_dlc03_bst_beastmen_chaos|wh_dlc03_bst_beastmen_rebels|wh_dlc03_bst_jagged_horn|wh_dlc03_bst_redhorn|wh_dlc05_bst_morghur_herd,false,false,true,true,true,true,,,wh_dlc03_skill_node_set_bst_bray_shaman_shadows,,1,wizard,false,false,,,,wh3_main_agent_action_scaling,wh3_main_skill_agent_action_success_scaling,Agent action success modifer,Hidden skill that scales action success/defence chance,mount_hellsteed.png,0,99,0,0,false,0,49,35,Agent action success modifer,Hidden skill that scales action success/defence chance,,,,,,wh_main_effect_agent_action_success_chance_skill,[HIDDEN] Hero action success chance: %+n% (from skill),,character_to_character_own,35,campaign,0,true,,,,,,,,,,,,,,,,,,,,,,,,,character_skill_level_to_effects_junctions_tables,wh3_main_skill_agent_action_success_scaling|wh_main_effect_agent_action_success_chance_skill|35|character_to_character_own
effect,warhammer_3,8.1.1,24237342,Beastmen,beastmen,wh_dlc03_sc_bst_beastmen,Bray-Shaman (Shadows),Bray_Shaman_Shadows,hero,wh_dlc03_bst_bray_shaman_shadows,wizard,wizard,wh2_dlc13_bst_beastmen_invasion|wh2_dlc17_bst_malagor|wh2_dlc17_bst_taurox|wh2_main_bst_blooded_axe|wh2_main_bst_manblight|wh2_main_bst_ripper_horn|wh2_main_bst_shadowgor|wh2_main_bst_skrinderkin|wh2_main_bst_stone_horn|wh3_dlc27_bst_beastmen_dm|wh_dlc03_bst_beastmen|wh_dlc03_bst_beastmen_chaos|wh_dlc03_bst_beastmen_rebels|wh_dlc03_bst_jagged_horn|wh_dlc03_bst_redhorn|wh_dlc05_bst_morghur_herd,false,false,true,true,true,true,,,wh_dlc03_skill_node_set_bst_bray_shaman_shadows,,1,wizard,false,false,,,,wh3_main_agent_action_scaling,wh3_main_skill_agent_action_success_scaling,Agent action success modifer,Hidden skill that scales action success/defence chance,mount_hellsteed.png,0,99,0,0,false,0,49,36,Agent action success modifer,Hidden skill that scales action success/defence chance,,,,,,wh_main_effect_agent_action_success_chance_enemy_skill,[HIDDEN] Enemy Hero action success chance: %+n% (from skill),,character_to_character_own,-36,campaign,0,true,,,,,,,,,,,,,,,,,,,,,,,,,character_skill_level_to_effects_junctions_tables,wh3_main_skill_agent_action_success_scaling|wh_main_effect_agent_action_success_chance_enemy_skill|36|character_to_character_own
effect,warhammer_3,8.1.1,24237342,Beastmen,beastmen,wh_dlc03_sc_bst_beastmen,Bray-Shaman (Shadows),Bray_Shaman_Shadows,hero,wh_dlc03_bst_bray_shaman_shadows,wizard,wizard,wh2_dlc13_bst_beastmen_invasion|wh2_dlc17_bst_malagor|wh2_dlc17_bst_taurox|wh2_main_bst_blooded_axe|wh2_main_bst_manblight|wh2_main_bst_ripper_horn|wh2_main_bst_shadowgor|wh2_main_bst_skrinderkin|wh2_main_bst_stone_horn|wh3_dlc27_bst_beastmen_dm|wh_dlc03_bst_beastmen|wh_dlc03_bst_beastmen_chaos|wh_dlc03_bst_beastmen_rebels|wh_dlc03_bst_jagged_horn|wh_dlc03_bst_redhorn|wh_dlc05_bst_morghur_herd,false,false,true,true,true,true,,,wh_dlc03_skill_node_set_bst_bray_shaman_shadows,,1,wizard,false,false,,,,wh3_main_agent_action_scaling,wh3_main_skill_agent_action_success_scaling,Agent action success modifer,Hidden skill that scales action success/defence chance,mount_hellsteed.png,0,99,0,0,false,0,49,36,Agent action success modifer,Hidden skill that scales action success/defence chance,,,,,,wh_main_effect_agent_action_success_chance_skill,[HIDDEN] Hero action success chance: %+n% (from skill),,character_to_character_own,36,campaign,0,true,,,,,,,,,,,,,,,,,,,,,,,,,character_skill_level_to_effects_junctions_tables,wh3_main_skill_agent_action_success_scaling|wh_main_effect_agent_action_success_chance_skill|36|character_to_character_own
effect,warhammer_3,8.1.1,24237342,Beastmen,beastmen,wh_dlc03_sc_bst_beastmen,Bray-Shaman (Shadows),Bray_Shaman_Shadows,hero,wh_dlc03_bst_bray_shaman_shadows,wizard,wizard,wh2_dlc13_bst_beastmen_invasion|wh2_dlc17_bst_malagor|wh2_dlc17_bst_taurox|wh2_main_bst_blooded_axe|wh2_main_bst_manblight|wh2_main_bst_ripper_horn|wh2_main_bst_shadowgor|wh2_main_bst_skrinderkin|wh2_main_bst_stone_horn|wh3_dlc27_bst_beastmen_dm|wh_dlc03_bst_beastmen|wh_dlc03_bst_beastmen_chaos|wh_dlc03_bst_beastmen_rebels|wh_dlc03_bst_jagged_horn|wh_dlc03_bst_redhorn|wh_dlc05_bst_morghur_herd,false,false,true,true,true,true,,,wh_dlc03_skill_node_set_bst_bray_shaman_shadows,,1,wizard,false,false,,,,wh3_main_agent_action_scaling,wh3_main_skill_agent_action_success_scaling,Agent action success modifer,Hidden skill that scales action success/defence chance,mount_hellsteed.png,0,99,0,0,false,0,49,37,Agent action success modifer,Hidden skill that scales action success/defence chance,,,,,,wh_main_effect_agent_action_success_chance_enemy_skill,[HIDDEN] Enemy Hero action success chance: %+n% (from skill),,character_to_character_own,-37,campaign,0,true,,,,,,,,,,,,,,,,,,,,,,,,,character_skill_level_to_effects_junctions_tables,wh3_main_skill_agent_action_success_scaling|wh_main_effect_agent_action_success_chance_enemy_skill|37|character_to_character_own
effect,warhammer_3,8.1.1,24237342,Beastmen,beastmen,wh_dlc03_sc_bst_beastmen,Bray-Shaman (Shadows),Bray_Shaman_Shadows,hero,wh_dlc03_bst_bray_shaman_shadows,wizard,wizard,wh2_dlc13_bst_beastmen_invasion|wh2_dlc17_bst_malagor|wh2_dlc17_bst_taurox|wh2_main_bst_blooded_axe|wh2_main_bst_manblight|wh2_main_bst_ripper_horn|wh2_main_bst_shadowgor|wh2_main_bst_skrinderkin|wh2_main_bst_stone_horn|wh3_dlc27_bst_beastmen_dm|wh_dlc03_bst_beastmen|wh_dlc03_bst_beastmen_chaos|wh_dlc03_bst_beastmen_rebels|wh_dlc03_bst_jagged_horn|wh_dlc03_bst_redhorn|wh_dlc05_bst_morghur_herd,false,false,true,true,true,true,,,wh_dlc03_skill_node_set_bst_bray_shaman_shadows,,1,wizard,false,false,,,,wh3_main_agent_action_scaling,wh3_main_skill_agent_action_success_scaling,Agent action success modifer,Hidden skill that scales action success/defence chance,mount_hellsteed.png,0,99,0,0,false,0,49,37,Agent action success modifer,Hidden skill that scales action success/defence chance,,,,,,wh_main_effect_agent_action_success_chance_skill,[HIDDEN] Hero action success chance: %+n% (from skill),,character_to_character_own,37,campaign,0,true,,,,,,,,,,,,,,,,,,,,,,,,,character_skill_level_to_effects_junctions_tables,wh3_main_skill_agent_action_success_scaling|wh_main_effect_agent_action_success_chance_skill|37|character_to_character_own
effect,warhammer_3,8.1.1,24237342,Beastmen,beastmen,wh_dlc03_sc_bst_beastmen,Bray-Shaman (Shadows),Bray_Shaman_Shadows,hero,wh_dlc03_bst_bray_shaman_shadows,wizard,wizard,wh2_dlc13_bst_beastmen_invasion|wh2_dlc17_bst_malagor|wh2_dlc17_bst_taurox|wh2_main_bst_blooded_axe|wh2_main_bst_manblight|wh2_main_bst_ripper_horn|wh2_main_bst_shadowgor|wh2_main_bst_skrinderkin|wh2_main_bst_stone_horn|wh3_dlc27_bst_beastmen_dm|wh_dlc03_bst_beastmen|wh_dlc03_bst_beastmen_chaos|wh_dlc03_bst_beastmen_rebels|wh_dlc03_bst_jagged_horn|wh_dlc03_bst_redhorn|wh_dlc05_bst_morghur_herd,false,false,true,true,true,true,,,wh_dlc03_skill_node_set_bst_bray_shaman_shadows,,1,wizard,false,false,,,,wh3_main_agent_action_scaling,wh3_main_skill_agent_action_success_scaling,Agent action success modifer,Hidden skill that scales action success/defence chance,mount_hellsteed.png,0,99,0,0,false,0,49,38,Agent action success modifer,Hidden skill that scales action success/defence chance,,,,,,wh_main_effect_agent_action_success_chance_enemy_skill,[HIDDEN] Enemy Hero action success chance: %+n% (from skill),,character_to_character_own,-38,campaign,0,true,,,,,,,,,,,,,,,,,,,,,,,,,character_skill_level_to_effects_junctions_tables,wh3_main_skill_agent_action_success_scaling|wh_main_effect_agent_action_success_chance_enemy_skill|38|character_to_character_own
effect,warhammer_3,8.1.1,24237342,Beastmen,beastmen,wh_dlc03_sc_bst_beastmen,Bray-Shaman (Shadows),Bray_Shaman_Shadows,hero,wh_dlc03_bst_bray_shaman_shadows,wizard,wizard,wh2_dlc13_bst_beastmen_invasion|wh2_dlc17_bst_malagor|wh2_dlc17_bst_taurox|wh2_main_bst_blooded_axe|wh2_main_bst_manblight|wh2_main_bst_ripper_horn|wh2_main_bst_shadowgor|wh2_main_bst_skrinderkin|wh2_main_bst_stone_horn|wh3_dlc27_bst_beastmen_dm|wh_dlc03_bst_beastmen|wh_dlc03_bst_beastmen_chaos|wh_dlc03_bst_beastmen_rebels|wh_dlc03_bst_jagged_horn|wh_dlc03_bst_redhorn|wh_dlc05_bst_morghur_herd,false,false,true,true,true,true,,,wh_dlc03_skill_node_set_bst_bray_shaman_shadows,,1,wizard,false,false,,,,wh3_main_agent_action_scaling,wh3_main_skill_agent_action_success_scaling,Agent action success modifer,Hidden skill that scales action success/defence chance,mount_hellsteed.png,0,99,0,0,false,0,49,38,Agent action success modifer,Hidden skill that scales action success/defence chance,,,,,,wh_main_effect_agent_action_success_chance_skill,[HIDDEN] Hero action success chance: %+n% (from skill),,character_to_character_own,38,campaign,0,true,,,,,,,,,,,,,,,,,,,,,,,,,character_skill_level_to_effects_junctions_tables,wh3_main_skill_agent_action_success_scaling|wh_main_effect_agent_action_success_chance_skill|38|character_to_character_own
effect,warhammer_3,8.1.1,24237342,Beastmen,beastmen,wh_dlc03_sc_bst_beastmen,Bray-Shaman (Shadows),Bray_Shaman_Shadows,hero,wh_dlc03_bst_bray_shaman_shadows,wizard,wizard,wh2_dlc13_bst_beastmen_invasion|wh2_dlc17_bst_malagor|wh2_dlc17_bst_taurox|wh2_main_bst_blooded_axe|wh2_main_bst_manblight|wh2_main_bst_ripper_horn|wh2_main_bst_shadowgor|wh2_main_bst_skrinderkin|wh2_main_bst_stone_horn|wh3_dlc27_bst_beastmen_dm|wh_dlc03_bst_beastmen|wh_dlc03_bst_beastmen_chaos|wh_dlc03_bst_beastmen_rebels|wh_dlc03_bst_jagged_horn|wh_dlc03_bst_redhorn|wh_dlc05_bst_morghur_herd,false,false,true,true,true,true,,,wh_dlc03_skill_node_set_bst_bray_shaman_shadows,,1,wizard,false,false,,,,wh3_main_agent_action_scaling,wh3_main_skill_agent_action_success_scaling,Agent action success modifer,Hidden skill that scales action success/defence chance,mount_hellsteed.png,0,99,0,0,false,0,49,39,Agent action success modifer,Hidden skill that scales action success/defence chance,,,,,,wh_main_effect_agent_action_success_chance_enemy_skill,[HIDDEN] Enemy Hero action success chance: %+n% (from skill),,character_to_character_own,-39,campaign,0,true,,,,,,,,,,,,,,,,,,,,,,,,,character_skill_level_to_effects_junctions_tables,wh3_main_skill_agent_action_success_scaling|wh_main_effect_agent_action_success_chance_enemy_skill|39|character_to_character_own
effect,warhammer_3,8.1.1,24237342,Beastmen,beastmen,wh_dlc03_sc_bst_beastmen,Bray-Shaman (Shadows),Bray_Shaman_Shadows,hero,wh_dlc03_bst_bray_shaman_shadows,wizard,wizard,wh2_dlc13_bst_beastmen_invasion|wh2_dlc17_bst_malagor|wh2_dlc17_bst_taurox|wh2_main_bst_blooded_axe|wh2_main_bst_manblight|wh2_main_bst_ripper_horn|wh2_main_bst_shadowgor|wh2_main_bst_skrinderkin|wh2_main_bst_stone_horn|wh3_dlc27_bst_beastmen_dm|wh_dlc03_bst_beastmen|wh_dlc03_bst_beastmen_chaos|wh_dlc03_bst_beastmen_rebels|wh_dlc03_bst_jagged_horn|wh_dlc03_bst_redhorn|wh_dlc05_bst_morghur_herd,false,false,true,true,true,true,,,wh_dlc03_skill_node_set_bst_bray_shaman_shadows,,1,wizard,false,false,,,,wh3_main_agent_action_scaling,wh3_main_skill_agent_action_success_scaling,Agent action success modifer,Hidden skill that scales action success/defence chance,mount_hellsteed.png,0,99,0,0,false,0,49,39,Agent action success modifer,Hidden skill that scales action success/defence chance,,,,,,wh_main_effect_agent_action_success_chance_skill,[HIDDEN] Hero action success chance: %+n% (from skill),,character_to_character_own,39,campaign,0,true,,,,,,,,,,,,,,,,,,,,,,,,,character_skill_level_to_effects_junctions_tables,wh3_main_skill_agent_action_success_scaling|wh_main_effect_agent_action_success_chance_skill|39|character_to_character_own
effect,warhammer_3,8.1.1,24237342,Beastmen,beastmen,wh_dlc03_sc_bst_beastmen,Bray-Shaman (Shadows),Bray_Shaman_Shadows,hero,wh_dlc03_bst_bray_shaman_shadows,wizard,wizard,wh2_dlc13_bst_beastmen_invasion|wh2_dlc17_bst_malagor|wh2_dlc17_bst_taurox|wh2_main_bst_blooded_axe|wh2_main_bst_manblight|wh2_main_bst_ripper_horn|wh2_main_bst_shadowgor|wh2_main_bst_skrinderkin|wh2_main_bst_stone_horn|wh3_dlc27_bst_beastmen_dm|wh_dlc03_bst_beastmen|wh_dlc03_bst_beastmen_chaos|wh_dlc03_bst_beastmen_rebels|wh_dlc03_bst_jagged_horn|wh_dlc03_bst_redhorn|wh_dlc05_bst_morghur_herd,false,false,true,true,true,true,,,wh_dlc03_skill_node_set_bst_bray_shaman_shadows,,1,wizard,false,false,,,,wh3_main_agent_action_scaling,wh3_main_skill_agent_action_success_scaling,Agent action success modifer,Hidden skill that scales action success/defence chance,mount_hellsteed.png,0,99,0,0,false,0,49,40,Agent action success modifer,Hidden skill that scales action success/defence chance,,,,,,wh_main_effect_agent_action_success_chance_enemy_skill,[HIDDEN] Enemy Hero action success chance: %+n% (from skill),,character_to_character_own,-40,campaign,0,true,,,,,,,,,,,,,,,,,,,,,,,,,character_skill_level_to_effects_junctions_tables,wh3_main_skill_agent_action_success_scaling|wh_main_effect_agent_action_success_chance_enemy_skill|40|character_to_character_own
effect,warhammer_3,8.1.1,24237342,Beastmen,beastmen,wh_dlc03_sc_bst_beastmen,Bray-Shaman (Shadows),Bray_Shaman_Shadows,hero,wh_dlc03_bst_bray_shaman_shadows,wizard,wizard,wh2_dlc13_bst_beastmen_invasion|wh2_dlc17_bst_malagor|wh2_dlc17_bst_taurox|wh2_main_bst_blooded_axe|wh2_main_bst_manblight|wh2_main_bst_ripper_horn|wh2_main_bst_shadowgor|wh2_main_bst_skrinderkin|wh2_main_bst_stone_horn|wh3_dlc27_bst_beastmen_dm|wh_dlc03_bst_beastmen|wh_dlc03_bst_beastmen_chaos|wh_dlc03_bst_beastmen_rebels|wh_dlc03_bst_jagged_horn|wh_dlc03_bst_redhorn|wh_dlc05_bst_morghur_herd,false,false,true,true,true,true,,,wh_dlc03_skill_node_set_bst_bray_shaman_shadows,,1,wizard,false,false,,,,wh3_main_agent_action_scaling,wh3_main_skill_agent_action_success_scaling,Agent action success modifer,Hidden skill that scales action success/defence chance,mount_hellsteed.png,0,99,0,0,false,0,49,40,Agent action success modifer,Hidden skill that scales action success/defence chance,,,,,,wh_main_effect_agent_action_success_chance_skill,[HIDDEN] Hero action success chance: %+n% (from skill),,character_to_character_own,40,campaign,0,true,,,,,,,,,,,,,,,,,,,,,,,,,character_skill_level_to_effects_junctions_tables,wh3_main_skill_agent_action_success_scaling|wh_main_effect_agent_action_success_chance_skill|40|character_to_character_own
effect,warhammer_3,8.1.1,24237342,Beastmen,beastmen,wh_dlc03_sc_bst_beastmen,Bray-Shaman (Shadows),Bray_Shaman_Shadows,hero,wh_dlc03_bst_bray_shaman_shadows,wizard,wizard,wh2_dlc13_bst_beastmen_invasion|wh2_dlc17_bst_malagor|wh2_dlc17_bst_taurox|wh2_main_bst_blooded_axe|wh2_main_bst_manblight|wh2_main_bst_ripper_horn|wh2_main_bst_shadowgor|wh2_main_bst_skrinderkin|wh2_main_bst_stone_horn|wh3_dlc27_bst_beastmen_dm|wh_dlc03_bst_beastmen|wh_dlc03_bst_beastmen_chaos|wh_dlc03_bst_beastmen_rebels|wh_dlc03_bst_jagged_horn|wh_dlc03_bst_redhorn|wh_dlc05_bst_morghur_herd,false,false,true,true,true,true,,,wh_dlc03_skill_node_set_bst_bray_shaman_shadows,,1,wizard,false,false,,,,wh3_main_agent_action_scaling,wh3_main_skill_agent_action_success_scaling,Agent action success modifer,Hidden skill that scales action success/defence chance,mount_hellsteed.png,0,99,0,0,false,0,49,41,Agent action success modifer,Hidden skill that scales action success/defence chance,,,,,,wh_main_effect_agent_action_success_chance_enemy_skill,[HIDDEN] Enemy Hero action success chance: %+n% (from skill),,character_to_character_own,-41,campaign,0,true,,,,,,,,,,,,,,,,,,,,,,,,,character_skill_level_to_effects_junctions_tables,wh3_main_skill_agent_action_success_scaling|wh_main_effect_agent_action_success_chance_enemy_skill|41|character_to_character_own
effect,warhammer_3,8.1.1,24237342,Beastmen,beastmen,wh_dlc03_sc_bst_beastmen,Bray-Shaman (Shadows),Bray_Shaman_Shadows,hero,wh_dlc03_bst_bray_shaman_shadows,wizard,wizard,wh2_dlc13_bst_beastmen_invasion|wh2_dlc17_bst_malagor|wh2_dlc17_bst_taurox|wh2_main_bst_blooded_axe|wh2_main_bst_manblight|wh2_main_bst_ripper_horn|wh2_main_bst_shadowgor|wh2_main_bst_skrinderkin|wh2_main_bst_stone_horn|wh3_dlc27_bst_beastmen_dm|wh_dlc03_bst_beastmen|wh_dlc03_bst_beastmen_chaos|wh_dlc03_bst_beastmen_rebels|wh_dlc03_bst_jagged_horn|wh_dlc03_bst_redhorn|wh_dlc05_bst_morghur_herd,false,false,true,true,true,true,,,wh_dlc03_skill_node_set_bst_bray_shaman_shadows,,1,wizard,false,false,,,,wh3_main_agent_action_scaling,wh3_main_skill_agent_action_success_scaling,Agent action success modifer,Hidden skill that scales action success/defence chance,mount_hellsteed.png,0,99,0,0,false,0,49,41,Agent action success modifer,Hidden skill that scales action success/defence chance,,,,,,wh_main_effect_agent_action_success_chance_skill,[HIDDEN] Hero action success chance: %+n% (from skill),,character_to_character_own,41,campaign,0,true,,,,,,,,,,,,,,,,,,,,,,,,,character_skill_level_to_effects_junctions_tables,wh3_main_skill_agent_action_success_scaling|wh_main_effect_agent_action_success_chance_skill|41|character_to_character_own
effect,warhammer_3,8.1.1,24237342,Beastmen,beastmen,wh_dlc03_sc_bst_beastmen,Bray-Shaman (Shadows),Bray_Shaman_Shadows,hero,wh_dlc03_bst_bray_shaman_shadows,wizard,wizard,wh2_dlc13_bst_beastmen_invasion|wh2_dlc17_bst_malagor|wh2_dlc17_bst_taurox|wh2_main_bst_blooded_axe|wh2_main_bst_manblight|wh2_main_bst_ripper_horn|wh2_main_bst_shadowgor|wh2_main_bst_skrinderkin|wh2_main_bst_stone_horn|wh3_dlc27_bst_beastmen_dm|wh_dlc03_bst_beastmen|wh_dlc03_bst_beastmen_chaos|wh_dlc03_bst_beastmen_rebels|wh_dlc03_bst_jagged_horn|wh_dlc03_bst_redhorn|wh_dlc05_bst_morghur_herd,false,false,true,true,true,true,,,wh_dlc03_skill_node_set_bst_bray_shaman_shadows,,1,wizard,false,false,,,,wh3_main_agent_action_scaling,wh3_main_skill_agent_action_success_scaling,Agent action success modifer,Hidden skill that scales action success/defence chance,mount_hellsteed.png,0,99,0,0,false,0,49,42,Agent action success modifer,Hidden skill that scales action success/defence chance,,,,,,wh_main_effect_agent_action_success_chance_enemy_skill,[HIDDEN] Enemy Hero action success chance: %+n% (from skill),,character_to_character_own,-42,campaign,0,true,,,,,,,,,,,,,,,,,,,,,,,,,character_skill_level_to_effects_junctions_tables,wh3_main_skill_agent_action_success_scaling|wh_main_effect_agent_action_success_chance_enemy_skill|42|character_to_character_own
effect,warhammer_3,8.1.1,24237342,Beastmen,beastmen,wh_dlc03_sc_bst_beastmen,Bray-Shaman (Shadows),Bray_Shaman_Shadows,hero,wh_dlc03_bst_bray_shaman_shadows,wizard,wizard,wh2_dlc13_bst_beastmen_invasion|wh2_dlc17_bst_malagor|wh2_dlc17_bst_taurox|wh2_main_bst_blooded_axe|wh2_main_bst_manblight|wh2_main_bst_ripper_horn|wh2_main_bst_shadowgor|wh2_main_bst_skrinderkin|wh2_main_bst_stone_horn|wh3_dlc27_bst_beastmen_dm|wh_dlc03_bst_beastmen|wh_dlc03_bst_beastmen_chaos|wh_dlc03_bst_beastmen_rebels|wh_dlc03_bst_jagged_horn|wh_dlc03_bst_redhorn|wh_dlc05_bst_morghur_herd,false,false,true,true,true,true,,,wh_dlc03_skill_node_set_bst_bray_shaman_shadows,,1,wizard,false,false,,,,wh3_main_agent_action_scaling,wh3_main_skill_agent_action_success_scaling,Agent action success modifer,Hidden skill that scales action success/defence chance,mount_hellsteed.png,0,99,0,0,false,0,49,42,Agent action success modifer,Hidden skill that scales action success/defence chance,,,,,,wh_main_effect_agent_action_success_chance_skill,[HIDDEN] Hero action success chance: %+n% (from skill),,character_to_character_own,42,campaign,0,true,,,,,,,,,,,,,,,,,,,,,,,,,character_skill_level_to_effects_junctions_tables,wh3_main_skill_agent_action_success_scaling|wh_main_effect_agent_action_success_chance_skill|42|character_to_character_own
effect,warhammer_3,8.1.1,24237342,Beastmen,beastmen,wh_dlc03_sc_bst_beastmen,Bray-Shaman (Shadows),Bray_Shaman_Shadows,hero,wh_dlc03_bst_bray_shaman_shadows,wizard,wizard,wh2_dlc13_bst_beastmen_invasion|wh2_dlc17_bst_malagor|wh2_dlc17_bst_taurox|wh2_main_bst_blooded_axe|wh2_main_bst_manblight|wh2_main_bst_ripper_horn|wh2_main_bst_shadowgor|wh2_main_bst_skrinderkin|wh2_main_bst_stone_horn|wh3_dlc27_bst_beastmen_dm|wh_dlc03_bst_beastmen|wh_dlc03_bst_beastmen_chaos|wh_dlc03_bst_beastmen_rebels|wh_dlc03_bst_jagged_horn|wh_dlc03_bst_redhorn|wh_dlc05_bst_morghur_herd,false,false,true,true,true,true,,,wh_dlc03_skill_node_set_bst_bray_shaman_shadows,,1,wizard,false,false,,,,wh3_main_agent_action_scaling,wh3_main_skill_agent_action_success_scaling,Agent action success modifer,Hidden skill that scales action success/defence chance,mount_hellsteed.png,0,99,0,0,false,0,49,43,Agent action success modifer,Hidden skill that scales action success/defence chance,,,,,,wh_main_effect_agent_action_success_chance_enemy_skill,[HIDDEN] Enemy Hero action success chance: %+n% (from skill),,character_to_character_own,-43,campaign,0,true,,,,,,,,,,,,,,,,,,,,,,,,,character_skill_level_to_effects_junctions_tables,wh3_main_skill_agent_action_success_scaling|wh_main_effect_agent_action_success_chance_enemy_skill|43|character_to_character_own
effect,warhammer_3,8.1.1,24237342,Beastmen,beastmen,wh_dlc03_sc_bst_beastmen,Bray-Shaman (Shadows),Bray_Shaman_Shadows,hero,wh_dlc03_bst_bray_shaman_shadows,wizard,wizard,wh2_dlc13_bst_beastmen_invasion|wh2_dlc17_bst_malagor|wh2_dlc17_bst_taurox|wh2_main_bst_blooded_axe|wh2_main_bst_manblight|wh2_main_bst_ripper_horn|wh2_main_bst_shadowgor|wh2_main_bst_skrinderkin|wh2_main_bst_stone_horn|wh3_dlc27_bst_beastmen_dm|wh_dlc03_bst_beastmen|wh_dlc03_bst_beastmen_chaos|wh_dlc03_bst_beastmen_rebels|wh_dlc03_bst_jagged_horn|wh_dlc03_bst_redhorn|wh_dlc05_bst_morghur_herd,false,false,true,true,true,true,,,wh_dlc03_skill_node_set_bst_bray_shaman_shadows,,1,wizard,false,false,,,,wh3_main_agent_action_scaling,wh3_main_skill_agent_action_success_scaling,Agent action success modifer,Hidden skill that scales action success/defence chance,mount_hellsteed.png,0,99,0,0,false,0,49,43,Agent action success modifer,Hidden skill that scales action success/defence chance,,,,,,wh_main_effect_agent_action_success_chance_skill,[HIDDEN] Hero action success chance: %+n% (from skill),,character_to_character_own,43,campaign,0,true,,,,,,,,,,,,,,,,,,,,,,,,,character_skill_level_to_effects_junctions_tables,wh3_main_skill_agent_action_success_scaling|wh_main_effect_agent_action_success_chance_skill|43|character_to_character_own
effect,warhammer_3,8.1.1,24237342,Beastmen,beastmen,wh_dlc03_sc_bst_beastmen,Bray-Shaman (Shadows),Bray_Shaman_Shadows,hero,wh_dlc03_bst_bray_shaman_shadows,wizard,wizard,wh2_dlc13_bst_beastmen_invasion|wh2_dlc17_bst_malagor|wh2_dlc17_bst_taurox|wh2_main_bst_blooded_axe|wh2_main_bst_manblight|wh2_main_bst_ripper_horn|wh2_main_bst_shadowgor|wh2_main_bst_skrinderkin|wh2_main_bst_stone_horn|wh3_dlc27_bst_beastmen_dm|wh_dlc03_bst_beastmen|wh_dlc03_bst_beastmen_chaos|wh_dlc03_bst_beastmen_rebels|wh_dlc03_bst_jagged_horn|wh_dlc03_bst_redhorn|wh_dlc05_bst_morghur_herd,false,false,true,true,true,true,,,wh_dlc03_skill_node_set_bst_bray_shaman_shadows,,1,wizard,false,false,,,,wh3_main_agent_action_scaling,wh3_main_skill_agent_action_success_scaling,Agent action success modifer,Hidden skill that scales action success/defence chance,mount_hellsteed.png,0,99,0,0,false,0,49,44,Agent action success modifer,Hidden skill that scales action success/defence chance,,,,,,wh_main_effect_agent_action_success_chance_enemy_skill,[HIDDEN] Enemy Hero action success chance: %+n% (from skill),,character_to_character_own,-44,campaign,0,true,,,,,,,,,,,,,,,,,,,,,,,,,character_skill_level_to_effects_junctions_tables,wh3_main_skill_agent_action_success_scaling|wh_main_effect_agent_action_success_chance_enemy_skill|44|character_to_character_own
effect,warhammer_3,8.1.1,24237342,Beastmen,beastmen,wh_dlc03_sc_bst_beastmen,Bray-Shaman (Shadows),Bray_Shaman_Shadows,hero,wh_dlc03_bst_bray_shaman_shadows,wizard,wizard,wh2_dlc13_bst_beastmen_invasion|wh2_dlc17_bst_malagor|wh2_dlc17_bst_taurox|wh2_main_bst_blooded_axe|wh2_main_bst_manblight|wh2_main_bst_ripper_horn|wh2_main_bst_shadowgor|wh2_main_bst_skrinderkin|wh2_main_bst_stone_horn|wh3_dlc27_bst_beastmen_dm|wh_dlc03_bst_beastmen|wh_dlc03_bst_beastmen_chaos|wh_dlc03_bst_beastmen_rebels|wh_dlc03_bst_jagged_horn|wh_dlc03_bst_redhorn|wh_dlc05_bst_morghur_herd,false,false,true,true,true,true,,,wh_dlc03_skill_node_set_bst_bray_shaman_shadows,,1,wizard,false,false,,,,wh3_main_agent_action_scaling,wh3_main_skill_agent_action_success_scaling,Agent action success modifer,Hidden skill that scales action success/defence chance,mount_hellsteed.png,0,99,0,0,false,0,49,44,Agent action success modifer,Hidden skill that scales action success/defence chance,,,,,,wh_main_effect_agent_action_success_chance_skill,[HIDDEN] Hero action success chance: %+n% (from skill),,character_to_character_own,44,campaign,0,true,,,,,,,,,,,,,,,,,,,,,,,,,character_skill_level_to_effects_junctions_tables,wh3_main_skill_agent_action_success_scaling|wh_main_effect_agent_action_success_chance_skill|44|character_to_character_own
effect,warhammer_3,8.1.1,24237342,Beastmen,beastmen,wh_dlc03_sc_bst_beastmen,Bray-Shaman (Shadows),Bray_Shaman_Shadows,hero,wh_dlc03_bst_bray_shaman_shadows,wizard,wizard,wh2_dlc13_bst_beastmen_invasion|wh2_dlc17_bst_malagor|wh2_dlc17_bst_taurox|wh2_main_bst_blooded_axe|wh2_main_bst_manblight|wh2_main_bst_ripper_horn|wh2_main_bst_shadowgor|wh2_main_bst_skrinderkin|wh2_main_bst_stone_horn|wh3_dlc27_bst_beastmen_dm|wh_dlc03_bst_beastmen|wh_dlc03_bst_beastmen_chaos|wh_dlc03_bst_beastmen_rebels|wh_dlc03_bst_jagged_horn|wh_dlc03_bst_redhorn|wh_dlc05_bst_morghur_herd,false,false,true,true,true,true,,,wh_dlc03_skill_node_set_bst_bray_shaman_shadows,,1,wizard,false,false,,,,wh3_main_agent_action_scaling,wh3_main_skill_agent_action_success_scaling,Agent action success modifer,Hidden skill that scales action success/defence chance,mount_hellsteed.png,0,99,0,0,false,0,49,45,Agent action success modifer,Hidden skill that scales action success/defence chance,,,,,,wh_main_effect_agent_action_success_chance_enemy_skill,[HIDDEN] Enemy Hero action success chance: %+n% (from skill),,character_to_character_own,-45,campaign,0,true,,,,,,,,,,,,,,,,,,,,,,,,,character_skill_level_to_effects_junctions_tables,wh3_main_skill_agent_action_success_scaling|wh_main_effect_agent_action_success_chance_enemy_skill|45|character_to_character_own
effect,warhammer_3,8.1.1,24237342,Beastmen,beastmen,wh_dlc03_sc_bst_beastmen,Bray-Shaman (Shadows),Bray_Shaman_Shadows,hero,wh_dlc03_bst_bray_shaman_shadows,wizard,wizard,wh2_dlc13_bst_beastmen_invasion|wh2_dlc17_bst_malagor|wh2_dlc17_bst_taurox|wh2_main_bst_blooded_axe|wh2_main_bst_manblight|wh2_main_bst_ripper_horn|wh2_main_bst_shadowgor|wh2_main_bst_skrinderkin|wh2_main_bst_stone_horn|wh3_dlc27_bst_beastmen_dm|wh_dlc03_bst_beastmen|wh_dlc03_bst_beastmen_chaos|wh_dlc03_bst_beastmen_rebels|wh_dlc03_bst_jagged_horn|wh_dlc03_bst_redhorn|wh_dlc05_bst_morghur_herd,false,false,true,true,true,true,,,wh_dlc03_skill_node_set_bst_bray_shaman_shadows,,1,wizard,false,false,,,,wh3_main_agent_action_scaling,wh3_main_skill_agent_action_success_scaling,Agent action success modifer,Hidden skill that scales action success/defence chance,mount_hellsteed.png,0,99,0,0,false,0,49,45,Agent action success modifer,Hidden skill that scales action success/defence chance,,,,,,wh_main_effect_agent_action_success_chance_skill,[HIDDEN] Hero action success chance: %+n% (from skill),,character_to_character_own,45,campaign,0,true,,,,,,,,,,,,,,,,,,,,,,,,,character_skill_level_to_effects_junctions_tables,wh3_main_skill_agent_action_success_scaling|wh_main_effect_agent_action_success_chance_skill|45|character_to_character_own
effect,warhammer_3,8.1.1,24237342,Beastmen,beastmen,wh_dlc03_sc_bst_beastmen,Bray-Shaman (Shadows),Bray_Shaman_Shadows,hero,wh_dlc03_bst_bray_shaman_shadows,wizard,wizard,wh2_dlc13_bst_beastmen_invasion|wh2_dlc17_bst_malagor|wh2_dlc17_bst_taurox|wh2_main_bst_blooded_axe|wh2_main_bst_manblight|wh2_main_bst_ripper_horn|wh2_main_bst_shadowgor|wh2_main_bst_skrinderkin|wh2_main_bst_stone_horn|wh3_dlc27_bst_beastmen_dm|wh_dlc03_bst_beastmen|wh_dlc03_bst_beastmen_chaos|wh_dlc03_bst_beastmen_rebels|wh_dlc03_bst_jagged_horn|wh_dlc03_bst_redhorn|wh_dlc05_bst_morghur_herd,false,false,true,true,true,true,,,wh_dlc03_skill_node_set_bst_bray_shaman_shadows,,1,wizard,false,false,,,,wh3_main_agent_action_scaling,wh3_main_skill_agent_action_success_scaling,Agent action success modifer,Hidden skill that scales action success/defence chance,mount_hellsteed.png,0,99,0,0,false,0,49,46,Agent action success modifer,Hidden skill that scales action success/defence chance,,,,,,wh_main_effect_agent_action_success_chance_enemy_skill,[HIDDEN] Enemy Hero action success chance: %+n% (from skill),,character_to_character_own,-46,campaign,0,true,,,,,,,,,,,,,,,,,,,,,,,,,character_skill_level_to_effects_junctions_tables,wh3_main_skill_agent_action_success_scaling|wh_main_effect_agent_action_success_chance_enemy_skill|46|character_to_character_own
effect,warhammer_3,8.1.1,24237342,Beastmen,beastmen,wh_dlc03_sc_bst_beastmen,Bray-Shaman (Shadows),Bray_Shaman_Shadows,hero,wh_dlc03_bst_bray_shaman_shadows,wizard,wizard,wh2_dlc13_bst_beastmen_invasion|wh2_dlc17_bst_malagor|wh2_dlc17_bst_taurox|wh2_main_bst_blooded_axe|wh2_main_bst_manblight|wh2_main_bst_ripper_horn|wh2_main_bst_shadowgor|wh2_main_bst_skrinderkin|wh2_main_bst_stone_horn|wh3_dlc27_bst_beastmen_dm|wh_dlc03_bst_beastmen|wh_dlc03_bst_beastmen_chaos|wh_dlc03_bst_beastmen_rebels|wh_dlc03_bst_jagged_horn|wh_dlc03_bst_redhorn|wh_dlc05_bst_morghur_herd,false,false,true,true,true,true,,,wh_dlc03_skill_node_set_bst_bray_shaman_shadows,,1,wizard,false,false,,,,wh3_main_agent_action_scaling,wh3_main_skill_agent_action_success_scaling,Agent action success modifer,Hidden skill that scales action success/defence chance,mount_hellsteed.png,0,99,0,0,false,0,49,46,Agent action success modifer,Hidden skill that scales action success/defence chance,,,,,,wh_main_effect_agent_action_success_chance_skill,[HIDDEN] Hero action success chance: %+n% (from skill),,character_to_character_own,46,campaign,0,true,,,,,,,,,,,,,,,,,,,,,,,,,character_skill_level_to_effects_junctions_tables,wh3_main_skill_agent_action_success_scaling|wh_main_effect_agent_action_success_chance_skill|46|character_to_character_own
effect,warhammer_3,8.1.1,24237342,Beastmen,beastmen,wh_dlc03_sc_bst_beastmen,Bray-Shaman (Shadows),Bray_Shaman_Shadows,hero,wh_dlc03_bst_bray_shaman_shadows,wizard,wizard,wh2_dlc13_bst_beastmen_invasion|wh2_dlc17_bst_malagor|wh2_dlc17_bst_taurox|wh2_main_bst_blooded_axe|wh2_main_bst_manblight|wh2_main_bst_ripper_horn|wh2_main_bst_shadowgor|wh2_main_bst_skrinderkin|wh2_main_bst_stone_horn|wh3_dlc27_bst_beastmen_dm|wh_dlc03_bst_beastmen|wh_dlc03_bst_beastmen_chaos|wh_dlc03_bst_beastmen_rebels|wh_dlc03_bst_jagged_horn|wh_dlc03_bst_redhorn|wh_dlc05_bst_morghur_herd,false,false,true,true,true,true,,,wh_dlc03_skill_node_set_bst_bray_shaman_shadows,,1,wizard,false,false,,,,wh3_main_agent_action_scaling,wh3_main_skill_agent_action_success_scaling,Agent action success modifer,Hidden skill that scales action success/defence chance,mount_hellsteed.png,0,99,0,0,false,0,49,47,Agent action success modifer,Hidden skill that scales action success/defence chance,,,,,,wh_main_effect_agent_action_success_chance_enemy_skill,[HIDDEN] Enemy Hero action success chance: %+n% (from skill),,character_to_character_own,-47,campaign,0,true,,,,,,,,,,,,,,,,,,,,,,,,,character_skill_level_to_effects_junctions_tables,wh3_main_skill_agent_action_success_scaling|wh_main_effect_agent_action_success_chance_enemy_skill|47|character_to_character_own
effect,warhammer_3,8.1.1,24237342,Beastmen,beastmen,wh_dlc03_sc_bst_beastmen,Bray-Shaman (Shadows),Bray_Shaman_Shadows,hero,wh_dlc03_bst_bray_shaman_shadows,wizard,wizard,wh2_dlc13_bst_beastmen_invasion|wh2_dlc17_bst_malagor|wh2_dlc17_bst_taurox|wh2_main_bst_blooded_axe|wh2_main_bst_manblight|wh2_main_bst_ripper_horn|wh2_main_bst_shadowgor|wh2_main_bst_skrinderkin|wh2_main_bst_stone_horn|wh3_dlc27_bst_beastmen_dm|wh_dlc03_bst_beastmen|wh_dlc03_bst_beastmen_chaos|wh_dlc03_bst_beastmen_rebels|wh_dlc03_bst_jagged_horn|wh_dlc03_bst_redhorn|wh_dlc05_bst_morghur_herd,false,false,true,true,true,true,,,wh_dlc03_skill_node_set_bst_bray_shaman_shadows,,1,wizard,false,false,,,,wh3_main_agent_action_scaling,wh3_main_skill_agent_action_success_scaling,Agent action success modifer,Hidden skill that scales action success/defence chance,mount_hellsteed.png,0,99,0,0,false,0,49,47,Agent action success modifer,Hidden skill that scales action success/defence chance,,,,,,wh_main_effect_agent_action_success_chance_skill,[HIDDEN] Hero action success chance: %+n% (from skill),,character_to_character_own,47,campaign,0,true,,,,,,,,,,,,,,,,,,,,,,,,,character_skill_level_to_effects_junctions_tables,wh3_main_skill_agent_action_success_scaling|wh_main_effect_agent_action_success_chance_skill|47|character_to_character_own
effect,warhammer_3,8.1.1,24237342,Beastmen,beastmen,wh_dlc03_sc_bst_beastmen,Bray-Shaman (Shadows),Bray_Shaman_Shadows,hero,wh_dlc03_bst_bray_shaman_shadows,wizard,wizard,wh2_dlc13_bst_beastmen_invasion|wh2_dlc17_bst_malagor|wh2_dlc17_bst_taurox|wh2_main_bst_blooded_axe|wh2_main_bst_manblight|wh2_main_bst_ripper_horn|wh2_main_bst_shadowgor|wh2_main_bst_skrinderkin|wh2_main_bst_stone_horn|wh3_dlc27_bst_beastmen_dm|wh_dlc03_bst_beastmen|wh_dlc03_bst_beastmen_chaos|wh_dlc03_bst_beastmen_rebels|wh_dlc03_bst_jagged_horn|wh_dlc03_bst_redhorn|wh_dlc05_bst_morghur_herd,false,false,true,true,true,true,,,wh_dlc03_skill_node_set_bst_bray_shaman_shadows,,1,wizard,false,false,,,,wh3_main_agent_action_scaling,wh3_main_skill_agent_action_success_scaling,Agent action success modifer,Hidden skill that scales action success/defence chance,mount_hellsteed.png,0,99,0,0,false,0,49,48,Agent action success modifer,Hidden skill that scales action success/defence chance,,,,,,wh_main_effect_agent_action_success_chance_enemy_skill,[HIDDEN] Enemy Hero action success chance: %+n% (from skill),,character_to_character_own,-48,campaign,0,true,,,,,,,,,,,,,,,,,,,,,,,,,character_skill_level_to_effects_junctions_tables,wh3_main_skill_agent_action_success_scaling|wh_main_effect_agent_action_success_chance_enemy_skill|48|character_to_character_own
effect,warhammer_3,8.1.1,24237342,Beastmen,beastmen,wh_dlc03_sc_bst_beastmen,Bray-Shaman (Shadows),Bray_Shaman_Shadows,hero,wh_dlc03_bst_bray_shaman_shadows,wizard,wizard,wh2_dlc13_bst_beastmen_invasion|wh2_dlc17_bst_malagor|wh2_dlc17_bst_taurox|wh2_main_bst_blooded_axe|wh2_main_bst_manblight|wh2_main_bst_ripper_horn|wh2_main_bst_shadowgor|wh2_main_bst_skrinderkin|wh2_main_bst_stone_horn|wh3_dlc27_bst_beastmen_dm|wh_dlc03_bst_beastmen|wh_dlc03_bst_beastmen_chaos|wh_dlc03_bst_beastmen_rebels|wh_dlc03_bst_jagged_horn|wh_dlc03_bst_redhorn|wh_dlc05_bst_morghur_herd,false,false,true,true,true,true,,,wh_dlc03_skill_node_set_bst_bray_shaman_shadows,,1,wizard,false,false,,,,wh3_main_agent_action_scaling,wh3_main_skill_agent_action_success_scaling,Agent action success modifer,Hidden skill that scales action success/defence chance,mount_hellsteed.png,0,99,0,0,false,0,49,48,Agent action success modifer,Hidden skill that scales action success/defence chance,,,,,,wh_main_effect_agent_action_success_chance_skill,[HIDDEN] Hero action success chance: %+n% (from skill),,character_to_character_own,48,campaign,0,true,,,,,,,,,,,,,,,,,,,,,,,,,character_skill_level_to_effects_junctions_tables,wh3_main_skill_agent_action_success_scaling|wh_main_effect_agent_action_success_chance_skill|48|character_to_character_own
effect,warhammer_3,8.1.1,24237342,Beastmen,beastmen,wh_dlc03_sc_bst_beastmen,Bray-Shaman (Shadows),Bray_Shaman_Shadows,hero,wh_dlc03_bst_bray_shaman_shadows,wizard,wizard,wh2_dlc13_bst_beastmen_invasion|wh2_dlc17_bst_malagor|wh2_dlc17_bst_taurox|wh2_main_bst_blooded_axe|wh2_main_bst_manblight|wh2_main_bst_ripper_horn|wh2_main_bst_shadowgor|wh2_main_bst_skrinderkin|wh2_main_bst_stone_horn|wh3_dlc27_bst_beastmen_dm|wh_dlc03_bst_beastmen|wh_dlc03_bst_beastmen_chaos|wh_dlc03_bst_beastmen_rebels|wh_dlc03_bst_jagged_horn|wh_dlc03_bst_redhorn|wh_dlc05_bst_morghur_herd,false,false,true,true,true,true,,,wh_dlc03_skill_node_set_bst_bray_shaman_shadows,,1,wizard,false,false,,,,wh3_main_agent_action_scaling,wh3_main_skill_agent_action_success_scaling,Agent action success modifer,Hidden skill that scales action success/defence chance,mount_hellsteed.png,0,99,0,0,false,0,49,49,Agent action success modifer,Hidden skill that scales action success/defence chance,,,,,,wh_main_effect_agent_action_success_chance_enemy_skill,[HIDDEN] Enemy Hero action success chance: %+n% (from skill),,character_to_character_own,-49,campaign,0,true,,,,,,,,,,,,,,,,,,,,,,,,,character_skill_level_to_effects_junctions_tables,wh3_main_skill_agent_action_success_scaling|wh_main_effect_agent_action_success_chance_enemy_skill|49|character_to_character_own
effect,warhammer_3,8.1.1,24237342,Beastmen,beastmen,wh_dlc03_sc_bst_beastmen,Bray-Shaman (Shadows),Bray_Shaman_Shadows,hero,wh_dlc03_bst_bray_shaman_shadows,wizard,wizard,wh2_dlc13_bst_beastmen_invasion|wh2_dlc17_bst_malagor|wh2_dlc17_bst_taurox|wh2_main_bst_blooded_axe|wh2_main_bst_manblight|wh2_main_bst_ripper_horn|wh2_main_bst_shadowgor|wh2_main_bst_skrinderkin|wh2_main_bst_stone_horn|wh3_dlc27_bst_beastmen_dm|wh_dlc03_bst_beastmen|wh_dlc03_bst_beastmen_chaos|wh_dlc03_bst_beastmen_rebels|wh_dlc03_bst_jagged_horn|wh_dlc03_bst_redhorn|wh_dlc05_bst_morghur_herd,false,false,true,true,true,true,,,wh_dlc03_skill_node_set_bst_bray_shaman_shadows,,1,wizard,false,false,,,,wh3_main_agent_action_scaling,wh3_main_skill_agent_action_success_scaling,Agent action success modifer,Hidden skill that scales action success/defence chance,mount_hellsteed.png,0,99,0,0,false,0,49,49,Agent action success modifer,Hidden skill that scales action success/defence chance,,,,,,wh_main_effect_agent_action_success_chance_skill,[HIDDEN] Hero action success chance: %+n% (from skill),,character_to_character_own,49,campaign,0,true,,,,,,,,,,,,,,,,,,,,,,,,,character_skill_level_to_effects_junctions_tables,wh3_main_skill_agent_action_success_scaling|wh_main_effect_agent_action_success_chance_skill|49|character_to_character_own
node,warhammer_3,8.1.1,24237342,Beastmen,beastmen,wh_dlc03_sc_bst_beastmen,Bray-Shaman (Shadows),Bray_Shaman_Shadows,hero,wh_dlc03_bst_bray_shaman_shadows,wizard,wizard,wh2_dlc13_bst_beastmen_invasion|wh2_dlc17_bst_malagor|wh2_dlc17_bst_taurox|wh2_main_bst_blooded_axe|wh2_main_bst_manblight|wh2_main_bst_ripper_horn|wh2_main_bst_shadowgor|wh2_main_bst_skrinderkin|wh2_main_bst_stone_horn|wh3_dlc27_bst_beastmen_dm|wh_dlc03_bst_beastmen|wh_dlc03_bst_beastmen_chaos|wh_dlc03_bst_beastmen_rebels|wh_dlc03_bst_jagged_horn|wh_dlc03_bst_redhorn|wh_dlc05_bst_morghur_herd,false,false,true,true,true,true,,,wh_dlc03_skill_node_set_bst_bray_shaman_shadows,,1,wizard,false,false,,,,wh_dlc03_skill_node_bst_bray_shaman_shadows_unique_01,wh_dlc03_skill_bst_bray_shaman_shadows_unique_razorgor,Razorgor Chariot,"Those strong enough to tame the powerful, unruly Razorgors can harness them for chariots.",mount_razorgor_chariot.png,1,0,0,0,true,15,1,,,,,,,,,,,,,,,,,,,,,,,,,,,,,,,,,,,,,,,,,character_skill_nodes_tables,wh_dlc03_skill_node_bst_bray_shaman_shadows_unique_01
skill_level,warhammer_3,8.1.1,24237342,Beastmen,beastmen,wh_dlc03_sc_bst_beastmen,Bray-Shaman (Shadows),Bray_Shaman_Shadows,hero,wh_dlc03_bst_bray_shaman_shadows,wizard,wizard,wh2_dlc13_bst_beastmen_invasion|wh2_dlc17_bst_malagor|wh2_dlc17_bst_taurox|wh2_main_bst_blooded_axe|wh2_main_bst_manblight|wh2_main_bst_ripper_horn|wh2_main_bst_shadowgor|wh2_main_bst_skrinderkin|wh2_main_bst_stone_horn|wh3_dlc27_bst_beastmen_dm|wh_dlc03_bst_beastmen|wh_dlc03_bst_beastmen_chaos|wh_dlc03_bst_beastmen_rebels|wh_dlc03_bst_jagged_horn|wh_dlc03_bst_redhorn|wh_dlc05_bst_morghur_herd,false,false,true,true,true,true,,,wh_dlc03_skill_node_set_bst_bray_shaman_shadows,,1,wizard,false,false,,,,wh_dlc03_skill_node_bst_bray_shaman_shadows_unique_01,wh_dlc03_skill_bst_bray_shaman_shadows_unique_razorgor,Razorgor Chariot,"Those strong enough to tame the powerful, unruly Razorgors can harness them for chariots.",mount_razorgor_chariot.png,1,0,0,0,true,15,1,1,Razorgor Chariot,"Those strong enough to tame the powerful, unruly Razorgors can harness them for chariots.",15,x,,,,,,,,,,,,,,,,,,,,,,,,,,,,,,,,,,,,character_skill_level_details_tables,wh_dlc03_skill_bst_bray_shaman_shadows_unique_razorgor|1|||
effect,warhammer_3,8.1.1,24237342,Beastmen,beastmen,wh_dlc03_sc_bst_beastmen,Bray-Shaman (Shadows),Bray_Shaman_Shadows,hero,wh_dlc03_bst_bray_shaman_shadows,wizard,wizard,wh2_dlc13_bst_beastmen_invasion|wh2_dlc17_bst_malagor|wh2_dlc17_bst_taurox|wh2_main_bst_blooded_axe|wh2_main_bst_manblight|wh2_main_bst_ripper_horn|wh2_main_bst_shadowgor|wh2_main_bst_skrinderkin|wh2_main_bst_stone_horn|wh3_dlc27_bst_beastmen_dm|wh_dlc03_bst_beastmen|wh_dlc03_bst_beastmen_chaos|wh_dlc03_bst_beastmen_rebels|wh_dlc03_bst_jagged_horn|wh_dlc03_bst_redhorn|wh_dlc05_bst_morghur_herd,false,false,true,true,true,true,,,wh_dlc03_skill_node_set_bst_bray_shaman_shadows,,1,wizard,false,false,,,,wh_dlc03_skill_node_bst_bray_shaman_shadows_unique_01,wh_dlc03_skill_bst_bray_shaman_shadows_unique_razorgor,Razorgor Chariot,"Those strong enough to tame the powerful, unruly Razorgors can harness them for chariots.",mount_razorgor_chariot.png,1,0,0,0,true,15,1,1,Razorgor Chariot,"Those strong enough to tame the powerful, unruly Razorgors can harness them for chariots.",,,,,,wh_dlc03_effect_enable_mount_razorgor_chariot,Mount: Razorgor Chariot,,character_to_character_own,1,both,50,true,mount.png,mount.png,,,,,,,,,,,,,,,,,,,,,,,character_skill_level_to_effects_junctions_tables,wh_dlc03_skill_bst_bray_shaman_shadows_unique_razorgor|wh_dlc03_effect_enable_mount_razorgor_chariot|1|character_to_character_own
ancillary_grant,warhammer_3,8.1.1,24237342,Beastmen,beastmen,wh_dlc03_sc_bst_beastmen,Bray-Shaman (Shadows),Bray_Shaman_Shadows,hero,wh_dlc03_bst_bray_shaman_shadows,wizard,wizard,wh2_dlc13_bst_beastmen_invasion|wh2_dlc17_bst_malagor|wh2_dlc17_bst_taurox|wh2_main_bst_blooded_axe|wh2_main_bst_manblight|wh2_main_bst_ripper_horn|wh2_main_bst_shadowgor|wh2_main_bst_skrinderkin|wh2_main_bst_stone_horn|wh3_dlc27_bst_beastmen_dm|wh_dlc03_bst_beastmen|wh_dlc03_bst_beastmen_chaos|wh_dlc03_bst_beastmen_rebels|wh_dlc03_bst_jagged_horn|wh_dlc03_bst_redhorn|wh_dlc05_bst_morghur_herd,false,false,true,true,true,true,,,wh_dlc03_skill_node_set_bst_bray_shaman_shadows,,1,wizard,false,false,,,,wh_dlc03_skill_node_bst_bray_shaman_shadows_unique_01,wh_dlc03_skill_bst_bray_shaman_shadows_unique_razorgor,Razorgor Chariot,"Those strong enough to tame the powerful, unruly Razorgors can harness them for chariots.",mount_razorgor_chariot.png,1,0,0,0,true,15,1,1,,,,,,,,,,,,,,,,,,,,,,,,,,,,,,,,,wh_dlc03_anc_mount_bst_bray_shaman_shadows_razorgor_chariot,Razorgor Chariot,wh_dlc03_anc_mount_razorgor_chariot,mount,,,,character_skill_level_to_ancillaries_junctions_tables,wh_dlc03_skill_bst_bray_shaman_shadows_unique_razorgor|wh_dlc03_anc_mount_bst_bray_shaman_shadows_razorgor_chariot|1
node,warhammer_3,8.1.1,24237342,Beastmen,beastmen,wh_dlc03_sc_bst_beastmen,Bray-Shaman (Shadows),Bray_Shaman_Shadows,hero,wh_dlc03_bst_bray_shaman_shadows,wizard,wizard,wh2_dlc13_bst_beastmen_invasion|wh2_dlc17_bst_malagor|wh2_dlc17_bst_taurox|wh2_main_bst_blooded_axe|wh2_main_bst_manblight|wh2_main_bst_ripper_horn|wh2_main_bst_shadowgor|wh2_main_bst_skrinderkin|wh2_main_bst_stone_horn|wh3_dlc27_bst_beastmen_dm|wh_dlc03_bst_beastmen|wh_dlc03_bst_beastmen_chaos|wh_dlc03_bst_beastmen_rebels|wh_dlc03_bst_jagged_horn|wh_dlc03_bst_redhorn|wh_dlc05_bst_morghur_herd,false,false,true,true,true,true,,,wh_dlc03_skill_node_set_bst_bray_shaman_shadows,,1,wizard,false,false,,,,wh_dlc03_skill_node_bst_bray_shaman_shadows_magic_02,wh_dlc05_skill_magic_shadow_smoke_and_mirrors,Smoke & Mirrors,A conjured shadow is just as obfuscating as a real one - the Shadow Wizard is master or mistress of the 'concealing' arts.,wh_dlc05_lore_passive_smoke_and_mirrors.png,1,2,0,0,true,0,1,,,,,,,,,,,,,,,,,,,,,,,,,,,,,,,,,,,,,,,,,character_skill_nodes_tables,wh_dlc03_skill_node_bst_bray_shaman_shadows_magic_02
effect,warhammer_3,8.1.1,24237342,Beastmen,beastmen,wh_dlc03_sc_bst_beastmen,Bray-Shaman (Shadows),Bray_Shaman_Shadows,hero,wh_dlc03_bst_bray_shaman_shadows,wizard,wizard,wh2_dlc13_bst_beastmen_invasion|wh2_dlc17_bst_malagor|wh2_dlc17_bst_taurox|wh2_main_bst_blooded_axe|wh2_main_bst_manblight|wh2_main_bst_ripper_horn|wh2_main_bst_shadowgor|wh2_main_bst_skrinderkin|wh2_main_bst_stone_horn|wh3_dlc27_bst_beastmen_dm|wh_dlc03_bst_beastmen|wh_dlc03_bst_beastmen_chaos|wh_dlc03_bst_beastmen_rebels|wh_dlc03_bst_jagged_horn|wh_dlc03_bst_redhorn|wh_dlc05_bst_morghur_herd,false,false,true,true,true,true,,,wh_dlc03_skill_node_set_bst_bray_shaman_shadows,,1,wizard,false,false,,,,wh_dlc03_skill_node_bst_bray_shaman_shadows_magic_02,wh_dlc05_skill_magic_shadow_smoke_and_mirrors,Smoke & Mirrors,A conjured shadow is just as obfuscating as a real one - the Shadow Wizard is master or mistress of the 'concealing' arts.,wh_dlc05_lore_passive_smoke_and_mirrors.png,1,2,0,0,true,0,1,1,Smoke & Mirrors,A conjured shadow is just as obfuscating as a real one - the Shadow Wizard is master or mistress of the 'concealing' arts.,,,,,,wh_dlc05_effect_ability_enable_smoke_and_mirrors,"Passive ability: ""Smoke & Mirrors""",,character_to_character_own,1,battle,310,true,general_ability.png,general_ability.png,,,,,,,,,,,,,,,,,,,,,,,character_skill_level_to_effects_junctions_tables,wh_dlc05_skill_magic_shadow_smoke_and_mirrors|wh_dlc05_effect_ability_enable_smoke_and_mirrors|1|character_to_character_own
node,warhammer_3,8.1.1,24237342,Beastmen,beastmen,wh_dlc03_sc_bst_beastmen,Bray-Shaman (Shadows),Bray_Shaman_Shadows,hero,wh_dlc03_bst_bray_shaman_shadows,wizard,wizard,wh2_dlc13_bst_beastmen_invasion|wh2_dlc17_bst_malagor|wh2_dlc17_bst_taurox|wh2_main_bst_blooded_axe|wh2_main_bst_manblight|wh2_main_bst_ripper_horn|wh2_main_bst_shadowgor|wh2_main_bst_skrinderkin|wh2_main_bst_stone_horn|wh3_dlc27_bst_beastmen_dm|wh_dlc03_bst_beastmen|wh_dlc03_bst_beastmen_chaos|wh_dlc03_bst_beastmen_rebels|wh_dlc03_bst_jagged_horn|wh_dlc03_bst_redhorn|wh_dlc05_bst_morghur_herd,false,false,true,true,true,true,,,wh_dlc03_skill_node_set_bst_bray_shaman_shadows,,1,wizard,false,false,,,,wh_dlc03_skill_node_bst_bray_shaman_shadows_campaign_02,wh2_main_skill_all_hero_passive_spread_corruption_chs,{{tr:agent_action_name_spread_corruption}},The locals take notice and will be inspired or frightened into action.,campaign_chaos_corruption.png,1,5,0,0,true,0,3,,,,,,,,,,,,,,,,,,,,,,,,,,,,,,,,,,,,,,,,,character_skill_nodes_tables,wh_dlc03_skill_node_bst_bray_shaman_shadows_campaign_02
skill_level,warhammer_3,8.1.1,24237342,Beastmen,beastmen,wh_dlc03_sc_bst_beastmen,Bray-Shaman (Shadows),Bray_Shaman_Shadows,hero,wh_dlc03_bst_bray_shaman_shadows,wizard,wizard,wh2_dlc13_bst_beastmen_invasion|wh2_dlc17_bst_malagor|wh2_dlc17_bst_taurox|wh2_main_bst_blooded_axe|wh2_main_bst_manblight|wh2_main_bst_ripper_horn|wh2_main_bst_shadowgor|wh2_main_bst_skrinderkin|wh2_main_bst_stone_horn|wh3_dlc27_bst_beastmen_dm|wh_dlc03_bst_beastmen|wh_dlc03_bst_beastmen_chaos|wh_dlc03_bst_beastmen_rebels|wh_dlc03_bst_jagged_horn|wh_dlc03_bst_redhorn|wh_dlc05_bst_morghur_herd,false,false,true,true,true,true,,,wh_dlc03_skill_node_set_bst_bray_shaman_shadows,,1,wizard,false,false,,,,wh_dlc03_skill_node_bst_bray_shaman_shadows_campaign_02,wh2_main_skill_all_hero_passive_spread_corruption_chs,{{tr:agent_action_name_spread_corruption}},The locals take notice and will be inspired or frightened into action.,campaign_chaos_corruption.png,1,5,0,0,true,0,3,2,{{tr:agent_action_name_spread_corruption}},The locals take notice and will be inspired or frightened into action.,4,x,,,,,,,,,,,,,,,,,,,,,,,,,,,,,,,,,,,,character_skill_level_details_tables,wh2_main_skill_all_hero_passive_spread_corruption_chs|2|||
skill_level,warhammer_3,8.1.1,24237342,Beastmen,beastmen,wh_dlc03_sc_bst_beastmen,Bray-Shaman (Shadows),Bray_Shaman_Shadows,hero,wh_dlc03_bst_bray_shaman_shadows,wizard,wizard,wh2_dlc13_bst_beastmen_invasion|wh2_dlc17_bst_malagor|wh2_dlc17_bst_taurox|wh2_main_bst_blooded_axe|wh2_main_bst_manblight|wh2_main_bst_ripper_horn|wh2_main_bst_shadowgor|wh2_main_bst_skrinderkin|wh2_main_bst_stone_horn|wh3_dlc27_bst_beastmen_dm|wh_dlc03_bst_beastmen|wh_dlc03_bst_beastmen_chaos|wh_dlc03_bst_beastmen_rebels|wh_dlc03_bst_jagged_horn|wh_dlc03_bst_redhorn|wh_dlc05_bst_morghur_herd,false,false,true,true,true,true,,,wh_dlc03_skill_node_set_bst_bray_shaman_shadows,,1,wizard,false,false,,,,wh_dlc03_skill_node_bst_bray_shaman_shadows_campaign_02,wh2_main_skill_all_hero_passive_spread_corruption_chs,{{tr:agent_action_name_spread_corruption}},The locals take notice and will be inspired or frightened into action.,campaign_chaos_corruption.png,1,5,0,0,true,0,3,3,{{tr:agent_action_name_spread_corruption}},The locals take notice and will be inspired or frightened into action.,9,x,,,,,,,,,,,,,,,,,,,,,,,,,,,,,,,,,,,,character_skill_level_details_tables,wh2_main_skill_all_hero_passive_spread_corruption_chs|3|||
effect,warhammer_3,8.1.1,24237342,Beastmen,beastmen,wh_dlc03_sc_bst_beastmen,Bray-Shaman (Shadows),Bray_Shaman_Shadows,hero,wh_dlc03_bst_bray_shaman_shadows,wizard,wizard,wh2_dlc13_bst_beastmen_invasion|wh2_dlc17_bst_malagor|wh2_dlc17_bst_taurox|wh2_main_bst_blooded_axe|wh2_main_bst_manblight|wh2_main_bst_ripper_horn|wh2_main_bst_shadowgor|wh2_main_bst_skrinderkin|wh2_main_bst_stone_horn|wh3_dlc27_bst_beastmen_dm|wh_dlc03_bst_beastmen|wh_dlc03_bst_beastmen_chaos|wh_dlc03_bst_beastmen_rebels|wh_dlc03_bst_jagged_horn|wh_dlc03_bst_redhorn|wh_dlc05_bst_morghur_herd,false,false,true,true,true,true,,,wh_dlc03_skill_node_set_bst_bray_shaman_shadows,,1,wizard,false,false,,,,wh_dlc03_skill_node_bst_bray_shaman_shadows_campaign_02,wh2_main_skill_all_hero_passive_spread_corruption_chs,{{tr:agent_action_name_spread_corruption}},The locals take notice and will be inspired or frightened into action.,campaign_chaos_corruption.png,1,5,0,0,true,0,3,1,{{tr:agent_action_name_spread_corruption}},The locals take notice and will be inspired or frightened into action.,,,,,,wh2_main_effect_agent_action_passive_spread_corruption_buff_chs,[[col:yellow]]{{tr:agent_action_name_spread_corruption}}[[/col]] action: Chaos Undivided corruption is increased by an additional %n,[[col:yellow]]{{tr:agent_action_name_spread_corruption}}[[/col]] (Constant Local Effect)\\nIncreases the amount of [[img:icon_corruption_chs]][[/img]]Chaos corruption in the local province.,character_to_character_own,1,campaign,8,true,corruption_chaos.png,corruption_chaos.png,,,,,,,,,,,,,,,,,,,,,,,character_skill_level_to_effects_junctions_tables,wh2_main_skill_all_hero_passive_spread_corruption_chs|wh2_main_effect_agent_action_passive_spread_corruption_buff_chs|1|character_to_character_own
effect,warhammer_3,8.1.1,24237342,Beastmen,beastmen,wh_dlc03_sc_bst_beastmen,Bray-Shaman (Shadows),Bray_Shaman_Shadows,hero,wh_dlc03_bst_bray_shaman_shadows,wizard,wizard,wh2_dlc13_bst_beastmen_invasion|wh2_dlc17_bst_malagor|wh2_dlc17_bst_taurox|wh2_main_bst_blooded_axe|wh2_main_bst_manblight|wh2_main_bst_ripper_horn|wh2_main_bst_shadowgor|wh2_main_bst_skrinderkin|wh2_main_bst_stone_horn|wh3_dlc27_bst_beastmen_dm|wh_dlc03_bst_beastmen|wh_dlc03_bst_beastmen_chaos|wh_dlc03_bst_beastmen_rebels|wh_dlc03_bst_jagged_horn|wh_dlc03_bst_redhorn|wh_dlc05_bst_morghur_herd,false,false,true,true,true,true,,,wh_dlc03_skill_node_set_bst_bray_shaman_shadows,,1,wizard,false,false,,,,wh_dlc03_skill_node_bst_bray_shaman_shadows_campaign_02,wh2_main_skill_all_hero_passive_spread_corruption_chs,{{tr:agent_action_name_spread_corruption}},The locals take notice and will be inspired or frightened into action.,campaign_chaos_corruption.png,1,5,0,0,true,0,3,1,{{tr:agent_action_name_spread_corruption}},The locals take notice and will be inspired or frightened into action.,,,,,,wh3_main_effect_agent_action_passive_spread_corruption_chaos_effect,Chaos Undivided corruption: %+n,,character_to_province_any,1,campaign,0,true,corruption_chaos.png,corruption_chaos.png,,,,,,,,,,,,,,,,,,,,,,,character_skill_level_to_effects_junctions_tables,wh2_main_skill_all_hero_passive_spread_corruption_chs|wh3_main_effect_agent_action_passive_spread_corruption_chaos_effect|1|character_to_province_any
effect,warhammer_3,8.1.1,24237342,Beastmen,beastmen,wh_dlc03_sc_bst_beastmen,Bray-Shaman (Shadows),Bray_Shaman_Shadows,hero,wh_dlc03_bst_bray_shaman_shadows,wizard,wizard,wh2_dlc13_bst_beastmen_invasion|wh2_dlc17_bst_malagor|wh2_dlc17_bst_taurox|wh2_main_bst_blooded_axe|wh2_main_bst_manblight|wh2_main_bst_ripper_horn|wh2_main_bst_shadowgor|wh2_main_bst_skrinderkin|wh2_main_bst_stone_horn|wh3_dlc27_bst_beastmen_dm|wh_dlc03_bst_beastmen|wh_dlc03_bst_beastmen_chaos|wh_dlc03_bst_beastmen_rebels|wh_dlc03_bst_jagged_horn|wh_dlc03_bst_redhorn|wh_dlc05_bst_morghur_herd,false,false,true,true,true,true,,,wh_dlc03_skill_node_set_bst_bray_shaman_shadows,,1,wizard,false,false,,,,wh_dlc03_skill_node_bst_bray_shaman_shadows_campaign_02,wh2_main_skill_all_hero_passive_spread_corruption_chs,{{tr:agent_action_name_spread_corruption}},The locals take notice and will be inspired or frightened into action.,campaign_chaos_corruption.png,1,5,0,0,true,0,3,2,{{tr:agent_action_name_spread_corruption}},The locals take notice and will be inspired or frightened into action.,,,,,,wh2_main_effect_agent_action_passive_spread_corruption_buff_chs,[[col:yellow]]{{tr:agent_action_name_spread_corruption}}[[/col]] action: Chaos Undivided corruption is increased by an additional %n,[[col:yellow]]{{tr:agent_action_name_spread_corruption}}[[/col]] (Constant Local Effect)\\nIncreases the amount of [[img:icon_corruption_chs]][[/img]]Chaos corruption in the local province.,character_to_character_own,2,campaign,8,true,corruption_chaos.png,corruption_chaos.png,,,,,,,,,,,,,,,,,,,,,,,character_skill_level_to_effects_junctions_tables,wh2_main_skill_all_hero_passive_spread_corruption_chs|wh2_main_effect_agent_action_passive_spread_corruption_buff_chs|2|character_to_character_own
effect,warhammer_3,8.1.1,24237342,Beastmen,beastmen,wh_dlc03_sc_bst_beastmen,Bray-Shaman (Shadows),Bray_Shaman_Shadows,hero,wh_dlc03_bst_bray_shaman_shadows,wizard,wizard,wh2_dlc13_bst_beastmen_invasion|wh2_dlc17_bst_malagor|wh2_dlc17_bst_taurox|wh2_main_bst_blooded_axe|wh2_main_bst_manblight|wh2_main_bst_ripper_horn|wh2_main_bst_shadowgor|wh2_main_bst_skrinderkin|wh2_main_bst_stone_horn|wh3_dlc27_bst_beastmen_dm|wh_dlc03_bst_beastmen|wh_dlc03_bst_beastmen_chaos|wh_dlc03_bst_beastmen_rebels|wh_dlc03_bst_jagged_horn|wh_dlc03_bst_redhorn|wh_dlc05_bst_morghur_herd,false,false,true,true,true,true,,,wh_dlc03_skill_node_set_bst_bray_shaman_shadows,,1,wizard,false,false,,,,wh_dlc03_skill_node_bst_bray_shaman_shadows_campaign_02,wh2_main_skill_all_hero_passive_spread_corruption_chs,{{tr:agent_action_name_spread_corruption}},The locals take notice and will be inspired or frightened into action.,campaign_chaos_corruption.png,1,5,0,0,true,0,3,2,{{tr:agent_action_name_spread_corruption}},The locals take notice and will be inspired or frightened into action.,,,,,,wh3_main_effect_agent_action_passive_spread_corruption_chaos_effect,Chaos Undivided corruption: %+n,,character_to_province_any,2,campaign,0,true,corruption_chaos.png,corruption_chaos.png,,,,,,,,,,,,,,,,,,,,,,,character_skill_level_to_effects_junctions_tables,wh2_main_skill_all_hero_passive_spread_corruption_chs|wh3_main_effect_agent_action_passive_spread_corruption_chaos_effect|2|character_to_province_any
effect,warhammer_3,8.1.1,24237342,Beastmen,beastmen,wh_dlc03_sc_bst_beastmen,Bray-Shaman (Shadows),Bray_Shaman_Shadows,hero,wh_dlc03_bst_bray_shaman_shadows,wizard,wizard,wh2_dlc13_bst_beastmen_invasion|wh2_dlc17_bst_malagor|wh2_dlc17_bst_taurox|wh2_main_bst_blooded_axe|wh2_main_bst_manblight|wh2_main_bst_ripper_horn|wh2_main_bst_shadowgor|wh2_main_bst_skrinderkin|wh2_main_bst_stone_horn|wh3_dlc27_bst_beastmen_dm|wh_dlc03_bst_beastmen|wh_dlc03_bst_beastmen_chaos|wh_dlc03_bst_beastmen_rebels|wh_dlc03_bst_jagged_horn|wh_dlc03_bst_redhorn|wh_dlc05_bst_morghur_herd,false,false,true,true,true,true,,,wh_dlc03_skill_node_set_bst_bray_shaman_shadows,,1,wizard,false,false,,,,wh_dlc03_skill_node_bst_bray_shaman_shadows_campaign_02,wh2_main_skill_all_hero_passive_spread_corruption_chs,{{tr:agent_action_name_spread_corruption}},The locals take notice and will be inspired or frightened into action.,campaign_chaos_corruption.png,1,5,0,0,true,0,3,3,{{tr:agent_action_name_spread_corruption}},The locals take notice and will be inspired or frightened into action.,,,,,,wh2_main_effect_agent_action_passive_spread_corruption_buff_chs,[[col:yellow]]{{tr:agent_action_name_spread_corruption}}[[/col]] action: Chaos Undivided corruption is increased by an additional %n,[[col:yellow]]{{tr:agent_action_name_spread_corruption}}[[/col]] (Constant Local Effect)\\nIncreases the amount of [[img:icon_corruption_chs]][[/img]]Chaos corruption in the local province.,character_to_character_own,3,campaign,8,true,corruption_chaos.png,corruption_chaos.png,,,,,,,,,,,,,,,,,,,,,,,character_skill_level_to_effects_junctions_tables,wh2_main_skill_all_hero_passive_spread_corruption_chs|wh2_main_effect_agent_action_passive_spread_corruption_buff_chs|3|character_to_character_own
effect,warhammer_3,8.1.1,24237342,Beastmen,beastmen,wh_dlc03_sc_bst_beastmen,Bray-Shaman (Shadows),Bray_Shaman_Shadows,hero,wh_dlc03_bst_bray_shaman_shadows,wizard,wizard,wh2_dlc13_bst_beastmen_invasion|wh2_dlc17_bst_malagor|wh2_dlc17_bst_taurox|wh2_main_bst_blooded_axe|wh2_main_bst_manblight|wh2_main_bst_ripper_horn|wh2_main_bst_shadowgor|wh2_main_bst_skrinderkin|wh2_main_bst_stone_horn|wh3_dlc27_bst_beastmen_dm|wh_dlc03_bst_beastmen|wh_dlc03_bst_beastmen_chaos|wh_dlc03_bst_beastmen_rebels|wh_dlc03_bst_jagged_horn|wh_dlc03_bst_redhorn|wh_dlc05_bst_morghur_herd,false,false,true,true,true,true,,,wh_dlc03_skill_node_set_bst_bray_shaman_shadows,,1,wizard,false,false,,,,wh_dlc03_skill_node_bst_bray_shaman_shadows_campaign_02,wh2_main_skill_all_hero_passive_spread_corruption_chs,{{tr:agent_action_name_spread_corruption}},The locals take notice and will be inspired or frightened into action.,campaign_chaos_corruption.png,1,5,0,0,true,0,3,3,{{tr:agent_action_name_spread_corruption}},The locals take notice and will be inspired or frightened into action.,,,,,,wh3_main_effect_agent_action_passive_spread_corruption_chaos_effect,Chaos Undivided corruption: %+n,,character_to_province_any,3,campaign,0,true,corruption_chaos.png,corruption_chaos.png,,,,,,,,,,,,,,,,,,,,,,,character_skill_level_to_effects_junctions_tables,wh2_main_skill_all_hero_passive_spread_corruption_chs|wh3_main_effect_agent_action_passive_spread_corruption_chaos_effect|3|character_to_province_any
node,warhammer_3,8.1.1,24237342,Beastmen,beastmen,wh_dlc03_sc_bst_beastmen,Bray-Shaman (Shadows),Bray_Shaman_Shadows,hero,wh_dlc03_bst_bray_shaman_shadows,wizard,wizard,wh2_dlc13_bst_beastmen_invasion|wh2_dlc17_bst_malagor|wh2_dlc17_bst_taurox|wh2_main_bst_blooded_axe|wh2_main_bst_manblight|wh2_main_bst_ripper_horn|wh2_main_bst_shadowgor|wh2_main_bst_skrinderkin|wh2_main_bst_stone_horn|wh3_dlc27_bst_beastmen_dm|wh_dlc03_bst_beastmen|wh_dlc03_bst_beastmen_chaos|wh_dlc03_bst_beastmen_rebels|wh_dlc03_bst_jagged_horn|wh_dlc03_bst_redhorn|wh_dlc05_bst_morghur_herd,false,false,true,true,true,true,,,wh_dlc03_skill_node_set_bst_bray_shaman_shadows,,1,wizard,false,false,,,,wh_dlc03_skill_node_bst_bray_shaman_shadows_innate_02,wh2_main_skill_innate_bst_khornes_fury,Khorne's Fury,"More than mere bloodlust, this one is filled with the primal, Ruinous rage of the Lord of Battle.",trait_beastmen.png,1,6,0,0,false,0,1,,,,,,,,,,,,,,,,,,,,,,,,,,,,,,,,,,,,,,,,,character_skill_nodes_tables,wh_dlc03_skill_node_bst_bray_shaman_shadows_innate_02
effect,warhammer_3,8.1.1,24237342,Beastmen,beastmen,wh_dlc03_sc_bst_beastmen,Bray-Shaman (Shadows),Bray_Shaman_Shadows,hero,wh_dlc03_bst_bray_shaman_shadows,wizard,wizard,wh2_dlc13_bst_beastmen_invasion|wh2_dlc17_bst_malagor|wh2_dlc17_bst_taurox|wh2_main_bst_blooded_axe|wh2_main_bst_manblight|wh2_main_bst_ripper_horn|wh2_main_bst_shadowgor|wh2_main_bst_skrinderkin|wh2_main_bst_stone_horn|wh3_dlc27_bst_beastmen_dm|wh_dlc03_bst_beastmen|wh_dlc03_bst_beastmen_chaos|wh_dlc03_bst_beastmen_rebels|wh_dlc03_bst_jagged_horn|wh_dlc03_bst_redhorn|wh_dlc05_bst_morghur_herd,false,false,true,true,true,true,,,wh_dlc03_skill_node_set_bst_bray_shaman_shadows,,1,wizard,false,false,,,,wh_dlc03_skill_node_bst_bray_shaman_shadows_innate_02,wh2_main_skill_innate_bst_khornes_fury,Khorne's Fury,"More than mere bloodlust, this one is filled with the primal, Ruinous rage of the Lord of Battle.",trait_beastmen.png,1,6,0,0,false,0,1,1,Khorne's Fury,"More than mere bloodlust, this one is filled with the primal, Ruinous rage of the Lord of Battle.",,,,,,wh_dlc08_effect_ability_enable_frenzy,"Passive ability: ""Frenzy""",,character_to_character_own,1,battle,310,true,general_ability.png,general_ability.png,,,,,,,,,,,,,,,,,,,,,,,character_skill_level_to_effects_junctions_tables,wh2_main_skill_innate_bst_khornes_fury|wh_dlc08_effect_ability_enable_frenzy|1|character_to_character_own
effect,warhammer_3,8.1.1,24237342,Beastmen,beastmen,wh_dlc03_sc_bst_beastmen,Bray-Shaman (Shadows),Bray_Shaman_Shadows,hero,wh_dlc03_bst_bray_shaman_shadows,wizard,wizard,wh2_dlc13_bst_beastmen_invasion|wh2_dlc17_bst_malagor|wh2_dlc17_bst_taurox|wh2_main_bst_blooded_axe|wh2_main_bst_manblight|wh2_main_bst_ripper_horn|wh2_main_bst_shadowgor|wh2_main_bst_skrinderkin|wh2_main_bst_stone_horn|wh3_dlc27_bst_beastmen_dm|wh_dlc03_bst_beastmen|wh_dlc03_bst_beastmen_chaos|wh_dlc03_bst_beastmen_rebels|wh_dlc03_bst_jagged_horn|wh_dlc03_bst_redhorn|wh_dlc05_bst_morghur_herd,false,false,true,true,true,true,,,wh_dlc03_skill_node_set_bst_bray_shaman_shadows,,1,wizard,false,false,,,,wh_dlc03_skill_node_bst_bray_shaman_shadows_innate_02,wh2_main_skill_innate_bst_khornes_fury,Khorne's Fury,"More than mere bloodlust, this one is filled with the primal, Ruinous rage of the Lord of Battle.",trait_beastmen.png,1,6,0,0,false,0,1,1,Khorne's Fury,"More than mere bloodlust, this one is filled with the primal, Ruinous rage of the Lord of Battle.",,,,,,wh_main_effect_character_stat_melee_defence,Melee defence: %+n,,character_to_character_own,6,both,150,true,defence_character.png,defence_character.png,,,,,,,,,,,,,,,,,,,,,,,character_skill_level_to_effects_junctions_tables,wh2_main_skill_innate_bst_khornes_fury|wh_main_effect_character_stat_melee_defence|1|character_to_character_own
effect,warhammer_3,8.1.1,24237342,Beastmen,beastmen,wh_dlc03_sc_bst_beastmen,Bray-Shaman (Shadows),Bray_Shaman_Shadows,hero,wh_dlc03_bst_bray_shaman_shadows,wizard,wizard,wh2_dlc13_bst_beastmen_invasion|wh2_dlc17_bst_malagor|wh2_dlc17_bst_taurox|wh2_main_bst_blooded_axe|wh2_main_bst_manblight|wh2_main_bst_ripper_horn|wh2_main_bst_shadowgor|wh2_main_bst_skrinderkin|wh2_main_bst_stone_horn|wh3_dlc27_bst_beastmen_dm|wh_dlc03_bst_beastmen|wh_dlc03_bst_beastmen_chaos|wh_dlc03_bst_beastmen_rebels|wh_dlc03_bst_jagged_horn|wh_dlc03_bst_redhorn|wh_dlc05_bst_morghur_herd,false,false,true,true,true,true,,,wh_dlc03_skill_node_set_bst_bray_shaman_shadows,,1,wizard,false,false,,,,wh_dlc03_skill_node_bst_bray_shaman_shadows_innate_02,wh2_main_skill_innate_bst_khornes_fury,Khorne's Fury,"More than mere bloodlust, this one is filled with the primal, Ruinous rage of the Lord of Battle.",trait_beastmen.png,1,6,0,0,false,0,1,1,Khorne's Fury,"More than mere bloodlust, this one is filled with the primal, Ruinous rage of the Lord of Battle.",,,,,,wh3_main_effect_attribute_unyielding_assault,Attribute: Unyielding Assault,,character_to_character_own,1,battle,620,true,attribute_unyielding_assault.png,attribute_unyielding_assault.png,,,,,,,,,,,,,,,,,,,,,,,character_skill_level_to_effects_junctions_tables,wh2_main_skill_innate_bst_khornes_fury|wh3_main_effect_attribute_unyielding_assault|1|character_to_character_own
node,warhammer_3,8.1.1,24237342,Beastmen,beastmen,wh_dlc03_sc_bst_beastmen,Bray-Shaman (Shadows),Bray_Shaman_Shadows,hero,wh_dlc03_bst_bray_shaman_shadows,wizard,wizard,wh2_dlc13_bst_beastmen_invasion|wh2_dlc17_bst_malagor|wh2_dlc17_bst_taurox|wh2_main_bst_blooded_axe|wh2_main_bst_manblight|wh2_main_bst_ripper_horn|wh2_main_bst_shadowgor|wh2_main_bst_skrinderkin|wh2_main_bst_stone_horn|wh3_dlc27_bst_beastmen_dm|wh_dlc03_bst_beastmen|wh_dlc03_bst_beastmen_chaos|wh_dlc03_bst_beastmen_rebels|wh_dlc03_bst_jagged_horn|wh_dlc03_bst_redhorn|wh_dlc05_bst_morghur_herd,false,false,true,true,true,true,,,wh_dlc03_skill_node_set_bst_bray_shaman_shadows,,1,wizard,false,false,,,,wh_dlc03_skill_node_bst_bray_shaman_shadows_unique_02,wh_dlc03_skill_bst_bray_shaman_unique_uncanny_senses,Uncanny Senses,"He knows. Nobody knows how, but he does. He has always just known.",character_ward_save.png,2,0,0,0,true,9,1,,,,,,,,,,,,,,,,,,,,,,,,,,,,,,,,,,,,,,,,,character_skill_nodes_tables,wh_dlc03_skill_node_bst_bray_shaman_shadows_unique_02
skill_level,warhammer_3,8.1.1,24237342,Beastmen,beastmen,wh_dlc03_sc_bst_beastmen,Bray-Shaman (Shadows),Bray_Shaman_Shadows,hero,wh_dlc03_bst_bray_shaman_shadows,wizard,wizard,wh2_dlc13_bst_beastmen_invasion|wh2_dlc17_bst_malagor|wh2_dlc17_bst_taurox|wh2_main_bst_blooded_axe|wh2_main_bst_manblight|wh2_main_bst_ripper_horn|wh2_main_bst_shadowgor|wh2_main_bst_skrinderkin|wh2_main_bst_stone_horn|wh3_dlc27_bst_beastmen_dm|wh_dlc03_bst_beastmen|wh_dlc03_bst_beastmen_chaos|wh_dlc03_bst_beastmen_rebels|wh_dlc03_bst_jagged_horn|wh_dlc03_bst_redhorn|wh_dlc05_bst_morghur_herd,false,false,true,true,true,true,,,wh_dlc03_skill_node_set_bst_bray_shaman_shadows,,1,wizard,false,false,,,,wh_dlc03_skill_node_bst_bray_shaman_shadows_unique_02,wh_dlc03_skill_bst_bray_shaman_unique_uncanny_senses,Uncanny Senses,"He knows. Nobody knows how, but he does. He has always just known.",character_ward_save.png,2,0,0,0,true,9,1,1,Uncanny Senses,"He knows. Nobody knows how, but he does. He has always just known.",9,x,,,,,,,,,,,,,,,,,,,,,,,,,,,,,,,,,,,,character_skill_level_details_tables,wh_dlc03_skill_bst_bray_shaman_unique_uncanny_senses|1|||
effect,warhammer_3,8.1.1,24237342,Beastmen,beastmen,wh_dlc03_sc_bst_beastmen,Bray-Shaman (Shadows),Bray_Shaman_Shadows,hero,wh_dlc03_bst_bray_shaman_shadows,wizard,wizard,wh2_dlc13_bst_beastmen_invasion|wh2_dlc17_bst_malagor|wh2_dlc17_bst_taurox|wh2_main_bst_blooded_axe|wh2_main_bst_manblight|wh2_main_bst_ripper_horn|wh2_main_bst_shadowgor|wh2_main_bst_skrinderkin|wh2_main_bst_stone_horn|wh3_dlc27_bst_beastmen_dm|wh_dlc03_bst_beastmen|wh_dlc03_bst_beastmen_chaos|wh_dlc03_bst_beastmen_rebels|wh_dlc03_bst_jagged_horn|wh_dlc03_bst_redhorn|wh_dlc05_bst_morghur_herd,false,false,true,true,true,true,,,wh_dlc03_skill_node_set_bst_bray_shaman_shadows,,1,wizard,false,false,,,,wh_dlc03_skill_node_bst_bray_shaman_shadows_unique_02,wh_dlc03_skill_bst_bray_shaman_unique_uncanny_senses,Uncanny Senses,"He knows. Nobody knows how, but he does. He has always just known.",character_ward_save.png,2,0,0,0,true,9,1,1,Uncanny Senses,"He knows. Nobody knows how, but he does. He has always just known.",,,,,,wh_main_effect_character_stat_magic_resistance,Spell resistance: %n%,"Spell Resistance. Damage of [[img:ui/skins/default/modifier_icon_magical.png]][[/img]]spells and magical abilities is reduced by this amount, up to a maximum of 90%",character_to_character_own,15,both,280,true,resistance_magic.png,resistance_magic.png,,,,,,,,,,,,,,,,,,,,,,,character_skill_level_to_effects_junctions_tables,wh_dlc03_skill_bst_bray_shaman_unique_uncanny_senses|wh_main_effect_character_stat_magic_resistance|1|character_to_character_own
node,warhammer_3,8.1.1,24237342,Beastmen,beastmen,wh_dlc03_sc_bst_beastmen,Bray-Shaman (Shadows),Bray_Shaman_Shadows,hero,wh_dlc03_bst_bray_shaman_shadows,wizard,wizard,wh2_dlc13_bst_beastmen_invasion|wh2_dlc17_bst_malagor|wh2_dlc17_bst_taurox|wh2_main_bst_blooded_axe|wh2_main_bst_manblight|wh2_main_bst_ripper_horn|wh2_main_bst_shadowgor|wh2_main_bst_skrinderkin|wh2_main_bst_stone_horn|wh3_dlc27_bst_beastmen_dm|wh_dlc03_bst_beastmen|wh_dlc03_bst_beastmen_chaos|wh_dlc03_bst_beastmen_rebels|wh_dlc03_bst_jagged_horn|wh_dlc03_bst_redhorn|wh_dlc05_bst_morghur_herd,false,false,true,true,true,true,,,wh_dlc03_skill_node_set_bst_bray_shaman_shadows,,1,wizard,false,false,,,,wh_dlc03_skill_node_bst_bray_shaman_shadows_magic_03,wh_dlc05_skill_magic_shadow_enfeebling_foe,The Enfeebling Foe,"When cast, this spell enfeebles enemy minds; they feel the crushing weight of reality bearing down upon them.",wh_dlc05_spell_shadow_the_enfeebling_foe.png,2,2,0,0,true,0,3,,,,,,,,,,,,,,,,,,,,,,,,,,,,,,,,,,,,,,,,,character_skill_nodes_tables,wh_dlc03_skill_node_bst_bray_shaman_shadows_magic_03
effect,warhammer_3,8.1.1,24237342,Beastmen,beastmen,wh_dlc03_sc_bst_beastmen,Bray-Shaman (Shadows),Bray_Shaman_Shadows,hero,wh_dlc03_bst_bray_shaman_shadows,wizard,wizard,wh2_dlc13_bst_beastmen_invasion|wh2_dlc17_bst_malagor|wh2_dlc17_bst_taurox|wh2_main_bst_blooded_axe|wh2_main_bst_manblight|wh2_main_bst_ripper_horn|wh2_main_bst_shadowgor|wh2_main_bst_skrinderkin|wh2_main_bst_stone_horn|wh3_dlc27_bst_beastmen_dm|wh_dlc03_bst_beastmen|wh_dlc03_bst_beastmen_chaos|wh_dlc03_bst_beastmen_rebels|wh_dlc03_bst_jagged_horn|wh_dlc03_bst_redhorn|wh_dlc05_bst_morghur_herd,false,false,true,true,true,true,,,wh_dlc03_skill_node_set_bst_bray_shaman_shadows,,1,wizard,false,false,,,,wh_dlc03_skill_node_bst_bray_shaman_shadows_magic_03,wh_dlc05_skill_magic_shadow_enfeebling_foe,The Enfeebling Foe,"When cast, this spell enfeebles enemy minds; they feel the crushing weight of reality bearing down upon them.",wh_dlc05_spell_shadow_the_enfeebling_foe.png,2,2,0,0,true,0,3,1,The Enfeebling Foe,"When cast, this spell enfeebles enemy minds; they feel the crushing weight of reality bearing down upon them.",,,,,,wh_dlc05_effect_ability_enable_enfeebling_foe,"Spell: ""The Enfeebling Foe""",,character_to_character_own,1,battle,290,true,magic_character.png,magic_character.png,,,,,,,,,,,,,,,,,,,,,,,character_skill_level_to_effects_junctions_tables,wh_dlc05_skill_magic_shadow_enfeebling_foe|wh_dlc05_effect_ability_enable_enfeebling_foe|1|character_to_character_own
effect,warhammer_3,8.1.1,24237342,Beastmen,beastmen,wh_dlc03_sc_bst_beastmen,Bray-Shaman (Shadows),Bray_Shaman_Shadows,hero,wh_dlc03_bst_bray_shaman_shadows,wizard,wizard,wh2_dlc13_bst_beastmen_invasion|wh2_dlc17_bst_malagor|wh2_dlc17_bst_taurox|wh2_main_bst_blooded_axe|wh2_main_bst_manblight|wh2_main_bst_ripper_horn|wh2_main_bst_shadowgor|wh2_main_bst_skrinderkin|wh2_main_bst_stone_horn|wh3_dlc27_bst_beastmen_dm|wh_dlc03_bst_beastmen|wh_dlc03_bst_beastmen_chaos|wh_dlc03_bst_beastmen_rebels|wh_dlc03_bst_jagged_horn|wh_dlc03_bst_redhorn|wh_dlc05_bst_morghur_herd,false,false,true,true,true,true,,,wh_dlc03_skill_node_set_bst_bray_shaman_shadows,,1,wizard,false,false,,,,wh_dlc03_skill_node_bst_bray_shaman_shadows_magic_03,wh_dlc05_skill_magic_shadow_enfeebling_foe,The Enfeebling Foe,"When cast, this spell enfeebles enemy minds; they feel the crushing weight of reality bearing down upon them.",wh_dlc05_spell_shadow_the_enfeebling_foe.png,2,2,0,0,true,0,3,2,The Enfeebling Foe,"When cast, this spell enfeebles enemy minds; they feel the crushing weight of reality bearing down upon them.",,,,,,wh_dlc05_effect_ability_cooldown_enfeebling_foe,"Cooldown: %+n% to ""The Enfeebling Foe""",,character_to_character_own,-30,both,293,false,magic_cooldown.png,magic_cooldown.png,,,,,,,,,,,,,,,,,,,,,,,character_skill_level_to_effects_junctions_tables,wh_dlc05_skill_magic_shadow_enfeebling_foe|wh_dlc05_effect_ability_cooldown_enfeebling_foe|2|character_to_character_own
effect,warhammer_3,8.1.1,24237342,Beastmen,beastmen,wh_dlc03_sc_bst_beastmen,Bray-Shaman (Shadows),Bray_Shaman_Shadows,hero,wh_dlc03_bst_bray_shaman_shadows,wizard,wizard,wh2_dlc13_bst_beastmen_invasion|wh2_dlc17_bst_malagor|wh2_dlc17_bst_taurox|wh2_main_bst_blooded_axe|wh2_main_bst_manblight|wh2_main_bst_ripper_horn|wh2_main_bst_shadowgor|wh2_main_bst_skrinderkin|wh2_main_bst_stone_horn|wh3_dlc27_bst_beastmen_dm|wh_dlc03_bst_beastmen|wh_dlc03_bst_beastmen_chaos|wh_dlc03_bst_beastmen_rebels|wh_dlc03_bst_jagged_horn|wh_dlc03_bst_redhorn|wh_dlc05_bst_morghur_herd,false,false,true,true,true,true,,,wh_dlc03_skill_node_set_bst_bray_shaman_shadows,,1,wizard,false,false,,,,wh_dlc03_skill_node_bst_bray_shaman_shadows_magic_03,wh_dlc05_skill_magic_shadow_enfeebling_foe,The Enfeebling Foe,"When cast, this spell enfeebles enemy minds; they feel the crushing weight of reality bearing down upon them.",wh_dlc05_spell_shadow_the_enfeebling_foe.png,2,2,0,0,true,0,3,2,The Enfeebling Foe,"When cast, this spell enfeebles enemy minds; they feel the crushing weight of reality bearing down upon them.",,,,,,wh2_main_effect_ability_overcast_melkoths_enfeebling_foe,"Overcast spell: ""The Enfeebling Foe Upgraded""",,character_to_character_own,1,both,292,true,magic_character.png,magic_character.png,,,,,,,,,,,,,,,,,,,,,,,character_skill_level_to_effects_junctions_tables,wh_dlc05_skill_magic_shadow_enfeebling_foe|wh2_main_effect_ability_overcast_melkoths_enfeebling_foe|2|character_to_character_own
effect,warhammer_3,8.1.1,24237342,Beastmen,beastmen,wh_dlc03_sc_bst_beastmen,Bray-Shaman (Shadows),Bray_Shaman_Shadows,hero,wh_dlc03_bst_bray_shaman_shadows,wizard,wizard,wh2_dlc13_bst_beastmen_invasion|wh2_dlc17_bst_malagor|wh2_dlc17_bst_taurox|wh2_main_bst_blooded_axe|wh2_main_bst_manblight|wh2_main_bst_ripper_horn|wh2_main_bst_shadowgor|wh2_main_bst_skrinderkin|wh2_main_bst_stone_horn|wh3_dlc27_bst_beastmen_dm|wh_dlc03_bst_beastmen|wh_dlc03_bst_beastmen_chaos|wh_dlc03_bst_beastmen_rebels|wh_dlc03_bst_jagged_horn|wh_dlc03_bst_redhorn|wh_dlc05_bst_morghur_herd,false,false,true,true,true,true,,,wh_dlc03_skill_node_set_bst_bray_shaman_shadows,,1,wizard,false,false,,,,wh_dlc03_skill_node_bst_bray_shaman_shadows_magic_03,wh_dlc05_skill_magic_shadow_enfeebling_foe,The Enfeebling Foe,"When cast, this spell enfeebles enemy minds; they feel the crushing weight of reality bearing down upon them.",wh_dlc05_spell_shadow_the_enfeebling_foe.png,2,2,0,0,true,0,3,3,The Enfeebling Foe,"When cast, this spell enfeebles enemy minds; they feel the crushing weight of reality bearing down upon them.",,,,,,wh_dlc05_effect_ability_cooldown_enfeebling_foe,"Cooldown: %+n% to ""The Enfeebling Foe""",,character_to_character_own,-50,both,293,false,magic_cooldown.png,magic_cooldown.png,,,,,,,,,,,,,,,,,,,,,,,character_skill_level_to_effects_junctions_tables,wh_dlc05_skill_magic_shadow_enfeebling_foe|wh_dlc05_effect_ability_cooldown_enfeebling_foe|3|character_to_character_own
effect,warhammer_3,8.1.1,24237342,Beastmen,beastmen,wh_dlc03_sc_bst_beastmen,Bray-Shaman (Shadows),Bray_Shaman_Shadows,hero,wh_dlc03_bst_bray_shaman_shadows,wizard,wizard,wh2_dlc13_bst_beastmen_invasion|wh2_dlc17_bst_malagor|wh2_dlc17_bst_taurox|wh2_main_bst_blooded_axe|wh2_main_bst_manblight|wh2_main_bst_ripper_horn|wh2_main_bst_shadowgor|wh2_main_bst_skrinderkin|wh2_main_bst_stone_horn|wh3_dlc27_bst_beastmen_dm|wh_dlc03_bst_beastmen|wh_dlc03_bst_beastmen_chaos|wh_dlc03_bst_beastmen_rebels|wh_dlc03_bst_jagged_horn|wh_dlc03_bst_redhorn|wh_dlc05_bst_morghur_herd,false,false,true,true,true,true,,,wh_dlc03_skill_node_set_bst_bray_shaman_shadows,,1,wizard,false,false,,,,wh_dlc03_skill_node_bst_bray_shaman_shadows_magic_03,wh_dlc05_skill_magic_shadow_enfeebling_foe,The Enfeebling Foe,"When cast, this spell enfeebles enemy minds; they feel the crushing weight of reality bearing down upon them.",wh_dlc05_spell_shadow_the_enfeebling_foe.png,2,2,0,0,true,0,3,3,The Enfeebling Foe,"When cast, this spell enfeebles enemy minds; they feel the crushing weight of reality bearing down upon them.",,,,,,wh2_main_effect_ability_miscast_melkoths_enfeebling_foe_upgraded,"Miscast base chance: %+n% for ""The Enfeebling Foe Upgraded""",,character_to_character_own,-15,both,298,false,magic.png,magic.png,,,,,,,,,,,,,,,,,,,,,,,character_skill_level_to_effects_junctions_tables,wh_dlc05_skill_magic_shadow_enfeebling_foe|wh2_main_effect_ability_miscast_melkoths_enfeebling_foe_upgraded|3|character_to_character_own
effect,warhammer_3,8.1.1,24237342,Beastmen,beastmen,wh_dlc03_sc_bst_beastmen,Bray-Shaman (Shadows),Bray_Shaman_Shadows,hero,wh_dlc03_bst_bray_shaman_shadows,wizard,wizard,wh2_dlc13_bst_beastmen_invasion|wh2_dlc17_bst_malagor|wh2_dlc17_bst_taurox|wh2_main_bst_blooded_axe|wh2_main_bst_manblight|wh2_main_bst_ripper_horn|wh2_main_bst_shadowgor|wh2_main_bst_skrinderkin|wh2_main_bst_stone_horn|wh3_dlc27_bst_beastmen_dm|wh_dlc03_bst_beastmen|wh_dlc03_bst_beastmen_chaos|wh_dlc03_bst_beastmen_rebels|wh_dlc03_bst_jagged_horn|wh_dlc03_bst_redhorn|wh_dlc05_bst_morghur_herd,false,false,true,true,true,true,,,wh_dlc03_skill_node_set_bst_bray_shaman_shadows,,1,wizard,false,false,,,,wh_dlc03_skill_node_bst_bray_shaman_shadows_magic_03,wh_dlc05_skill_magic_shadow_enfeebling_foe,The Enfeebling Foe,"When cast, this spell enfeebles enemy minds; they feel the crushing weight of reality bearing down upon them.",wh_dlc05_spell_shadow_the_enfeebling_foe.png,2,2,0,0,true,0,3,3,The Enfeebling Foe,"When cast, this spell enfeebles enemy minds; they feel the crushing weight of reality bearing down upon them.",,,,,,wh2_main_effect_ability_overcast_melkoths_enfeebling_foe,"Overcast spell: ""The Enfeebling Foe Upgraded""",,character_to_character_own,1,both,292,true,magic_character.png,magic_character.png,,,,,,,,,,,,,,,,,,,,,,,character_skill_level_to_effects_junctions_tables,wh_dlc05_skill_magic_shadow_enfeebling_foe|wh2_main_effect_ability_overcast_melkoths_enfeebling_foe|3|character_to_character_own
effect,warhammer_3,8.1.1,24237342,Beastmen,beastmen,wh_dlc03_sc_bst_beastmen,Bray-Shaman (Shadows),Bray_Shaman_Shadows,hero,wh_dlc03_bst_bray_shaman_shadows,wizard,wizard,wh2_dlc13_bst_beastmen_invasion|wh2_dlc17_bst_malagor|wh2_dlc17_bst_taurox|wh2_main_bst_blooded_axe|wh2_main_bst_manblight|wh2_main_bst_ripper_horn|wh2_main_bst_shadowgor|wh2_main_bst_skrinderkin|wh2_main_bst_stone_horn|wh3_dlc27_bst_beastmen_dm|wh_dlc03_bst_beastmen|wh_dlc03_bst_beastmen_chaos|wh_dlc03_bst_beastmen_rebels|wh_dlc03_bst_jagged_horn|wh_dlc03_bst_redhorn|wh_dlc05_bst_morghur_herd,false,false,true,true,true,true,,,wh_dlc03_skill_node_set_bst_bray_shaman_shadows,,1,wizard,false,false,,,,wh_dlc03_skill_node_bst_bray_shaman_shadows_magic_03,wh_dlc05_skill_magic_shadow_enfeebling_foe,The Enfeebling Foe,"When cast, this spell enfeebles enemy minds; they feel the crushing weight of reality bearing down upon them.",wh_dlc05_spell_shadow_the_enfeebling_foe.png,2,2,0,0,true,0,3,3,The Enfeebling Foe,"When cast, this spell enfeebles enemy minds; they feel the crushing weight of reality bearing down upon them.",,,,,,wh2_main_effect_ability_wom_cost_melkoths_enfeebling_foe,"Winds of Magic cost: %n for ""The Enfeebling Foe""",,character_to_character_own,-1,both,294,false,magic_character.png,magic_character.png,,,,,,,,,,,,,,,,,,,,,,,character_skill_level_to_effects_junctions_tables,wh_dlc05_skill_magic_shadow_enfeebling_foe|wh2_main_effect_ability_wom_cost_melkoths_enfeebling_foe|3|character_to_character_own
effect,warhammer_3,8.1.1,24237342,Beastmen,beastmen,wh_dlc03_sc_bst_beastmen,Bray-Shaman (Shadows),Bray_Shaman_Shadows,hero,wh_dlc03_bst_bray_shaman_shadows,wizard,wizard,wh2_dlc13_bst_beastmen_invasion|wh2_dlc17_bst_malagor|wh2_dlc17_bst_taurox|wh2_main_bst_blooded_axe|wh2_main_bst_manblight|wh2_main_bst_ripper_horn|wh2_main_bst_shadowgor|wh2_main_bst_skrinderkin|wh2_main_bst_stone_horn|wh3_dlc27_bst_beastmen_dm|wh_dlc03_bst_beastmen|wh_dlc03_bst_beastmen_chaos|wh_dlc03_bst_beastmen_rebels|wh_dlc03_bst_jagged_horn|wh_dlc03_bst_redhorn|wh_dlc05_bst_morghur_herd,false,false,true,true,true,true,,,wh_dlc03_skill_node_set_bst_bray_shaman_shadows,,1,wizard,false,false,,,,wh_dlc03_skill_node_bst_bray_shaman_shadows_magic_03,wh_dlc05_skill_magic_shadow_enfeebling_foe,The Enfeebling Foe,"When cast, this spell enfeebles enemy minds; they feel the crushing weight of reality bearing down upon them.",wh_dlc05_spell_shadow_the_enfeebling_foe.png,2,2,0,0,true,0,3,3,The Enfeebling Foe,"When cast, this spell enfeebles enemy minds; they feel the crushing weight of reality bearing down upon them.",,,,,,wh2_main_effect_ability_wom_cost_melkoths_enfeebling_foe_upgraded,"Winds of Magic cost: %n for ""The Enfeebling Foe Upgraded""",,character_to_character_own,-2,both,295,false,magic_character.png,magic_character.png,,,,,,,,,,,,,,,,,,,,,,,character_skill_level_to_effects_junctions_tables,wh_dlc05_skill_magic_shadow_enfeebling_foe|wh2_main_effect_ability_wom_cost_melkoths_enfeebling_foe_upgraded|3|character_to_character_own
node,warhammer_3,8.1.1,24237342,Beastmen,beastmen,wh_dlc03_sc_bst_beastmen,Bray-Shaman (Shadows),Bray_Shaman_Shadows,hero,wh_dlc03_bst_bray_shaman_shadows,wizard,wizard,wh2_dlc13_bst_beastmen_invasion|wh2_dlc17_bst_malagor|wh2_dlc17_bst_taurox|wh2_main_bst_blooded_axe|wh2_main_bst_manblight|wh2_main_bst_ripper_horn|wh2_main_bst_shadowgor|wh2_main_bst_skrinderkin|wh2_main_bst_stone_horn|wh3_dlc27_bst_beastmen_dm|wh_dlc03_bst_beastmen|wh_dlc03_bst_beastmen_chaos|wh_dlc03_bst_beastmen_rebels|wh_dlc03_bst_jagged_horn|wh_dlc03_bst_redhorn|wh_dlc05_bst_morghur_herd,false,false,true,true,true,true,,,wh_dlc03_skill_node_set_bst_bray_shaman_shadows,,1,wizard,false,false,,,,wh_dlc03_skill_node_bst_bray_shaman_shadows_campaign_03,wh2_main_skill_all_hero_hinder_settlement_steal_technology,{{tr:agent_action_name_steal_technology}},"Oft-times, though you may have much, what you want the most is what your rivals have; such envy focuses the mind and creativity.",campaign_technology.png,2,5,0,0,true,0,3,,,,,,,,,,,,,,,,,,,,,,,,,,,,,,,,,,,,,,,,,character_skill_nodes_tables,wh_dlc03_skill_node_bst_bray_shaman_shadows_campaign_03
skill_level,warhammer_3,8.1.1,24237342,Beastmen,beastmen,wh_dlc03_sc_bst_beastmen,Bray-Shaman (Shadows),Bray_Shaman_Shadows,hero,wh_dlc03_bst_bray_shaman_shadows,wizard,wizard,wh2_dlc13_bst_beastmen_invasion|wh2_dlc17_bst_malagor|wh2_dlc17_bst_taurox|wh2_main_bst_blooded_axe|wh2_main_bst_manblight|wh2_main_bst_ripper_horn|wh2_main_bst_shadowgor|wh2_main_bst_skrinderkin|wh2_main_bst_stone_horn|wh3_dlc27_bst_beastmen_dm|wh_dlc03_bst_beastmen|wh_dlc03_bst_beastmen_chaos|wh_dlc03_bst_beastmen_rebels|wh_dlc03_bst_jagged_horn|wh_dlc03_bst_redhorn|wh_dlc05_bst_morghur_herd,false,false,true,true,true,true,,,wh_dlc03_skill_node_set_bst_bray_shaman_shadows,,1,wizard,false,false,,,,wh_dlc03_skill_node_bst_bray_shaman_shadows_campaign_03,wh2_main_skill_all_hero_hinder_settlement_steal_technology,{{tr:agent_action_name_steal_technology}},"Oft-times, though you may have much, what you want the most is what your rivals have; such envy focuses the mind and creativity.",campaign_technology.png,2,5,0,0,true,0,3,2,{{tr:agent_action_name_steal_technology}},"Oft-times, though you may have much, what you want the most is what your rivals have; such envy focuses the mind and creativity.",4,x,,,,,,,,,,,,,,,,,,,,,,,,,,,,,,,,,,,,character_skill_level_details_tables,wh2_main_skill_all_hero_hinder_settlement_steal_technology|2|||
skill_level,warhammer_3,8.1.1,24237342,Beastmen,beastmen,wh_dlc03_sc_bst_beastmen,Bray-Shaman (Shadows),Bray_Shaman_Shadows,hero,wh_dlc03_bst_bray_shaman_shadows,wizard,wizard,wh2_dlc13_bst_beastmen_invasion|wh2_dlc17_bst_malagor|wh2_dlc17_bst_taurox|wh2_main_bst_blooded_axe|wh2_main_bst_manblight|wh2_main_bst_ripper_horn|wh2_main_bst_shadowgor|wh2_main_bst_skrinderkin|wh2_main_bst_stone_horn|wh3_dlc27_bst_beastmen_dm|wh_dlc03_bst_beastmen|wh_dlc03_bst_beastmen_chaos|wh_dlc03_bst_beastmen_rebels|wh_dlc03_bst_jagged_horn|wh_dlc03_bst_redhorn|wh_dlc05_bst_morghur_herd,false,false,true,true,true,true,,,wh_dlc03_skill_node_set_bst_bray_shaman_shadows,,1,wizard,false,false,,,,wh_dlc03_skill_node_bst_bray_shaman_shadows_campaign_03,wh2_main_skill_all_hero_hinder_settlement_steal_technology,{{tr:agent_action_name_steal_technology}},"Oft-times, though you may have much, what you want the most is what your rivals have; such envy focuses the mind and creativity.",campaign_technology.png,2,5,0,0,true,0,3,3,{{tr:agent_action_name_steal_technology}},"Oft-times, though you may have much, what you want the most is what your rivals have; such envy focuses the mind and creativity.",9,x,,,,,,,,,,,,,,,,,,,,,,,,,,,,,,,,,,,,character_skill_level_details_tables,wh2_main_skill_all_hero_hinder_settlement_steal_technology|3|||
effect,warhammer_3,8.1.1,24237342,Beastmen,beastmen,wh_dlc03_sc_bst_beastmen,Bray-Shaman (Shadows),Bray_Shaman_Shadows,hero,wh_dlc03_bst_bray_shaman_shadows,wizard,wizard,wh2_dlc13_bst_beastmen_invasion|wh2_dlc17_bst_malagor|wh2_dlc17_bst_taurox|wh2_main_bst_blooded_axe|wh2_main_bst_manblight|wh2_main_bst_ripper_horn|wh2_main_bst_shadowgor|wh2_main_bst_skrinderkin|wh2_main_bst_stone_horn|wh3_dlc27_bst_beastmen_dm|wh_dlc03_bst_beastmen|wh_dlc03_bst_beastmen_chaos|wh_dlc03_bst_beastmen_rebels|wh_dlc03_bst_jagged_horn|wh_dlc03_bst_redhorn|wh_dlc05_bst_morghur_herd,false,false,true,true,true,true,,,wh_dlc03_skill_node_set_bst_bray_shaman_shadows,,1,wizard,false,false,,,,wh_dlc03_skill_node_bst_bray_shaman_shadows_campaign_03,wh2_main_skill_all_hero_hinder_settlement_steal_technology,{{tr:agent_action_name_steal_technology}},"Oft-times, though you may have much, what you want the most is what your rivals have; such envy focuses the mind and creativity.",campaign_technology.png,2,5,0,0,true,0,3,1,{{tr:agent_action_name_steal_technology}},"Oft-times, though you may have much, what you want the most is what your rivals have; such envy focuses the mind and creativity.",,,,,,wh2_main_effect_agent_action_hinder_settlement_steal_technology_buff,[[col:yellow]]{{tr:agent_action_name_steal_technology}}[[/col]] action: Research rate is increased by an additional %n,[[col:yellow]]{{tr:agent_action_name_steal_technology}}[[/col]] (Target: Settlement)\\nIncreases research rate for 3 turns.,character_to_character_own,3,campaign,9,true,technology.png,technology.png,,,,,,,,,,,,,,,,,,,,,,,character_skill_level_to_effects_junctions_tables,wh2_main_skill_all_hero_hinder_settlement_steal_technology|wh2_main_effect_agent_action_hinder_settlement_steal_technology_buff|1|character_to_character_own
effect,warhammer_3,8.1.1,24237342,Beastmen,beastmen,wh_dlc03_sc_bst_beastmen,Bray-Shaman (Shadows),Bray_Shaman_Shadows,hero,wh_dlc03_bst_bray_shaman_shadows,wizard,wizard,wh2_dlc13_bst_beastmen_invasion|wh2_dlc17_bst_malagor|wh2_dlc17_bst_taurox|wh2_main_bst_blooded_axe|wh2_main_bst_manblight|wh2_main_bst_ripper_horn|wh2_main_bst_shadowgor|wh2_main_bst_skrinderkin|wh2_main_bst_stone_horn|wh3_dlc27_bst_beastmen_dm|wh_dlc03_bst_beastmen|wh_dlc03_bst_beastmen_chaos|wh_dlc03_bst_beastmen_rebels|wh_dlc03_bst_jagged_horn|wh_dlc03_bst_redhorn|wh_dlc05_bst_morghur_herd,false,false,true,true,true,true,,,wh_dlc03_skill_node_set_bst_bray_shaman_shadows,,1,wizard,false,false,,,,wh_dlc03_skill_node_bst_bray_shaman_shadows_campaign_03,wh2_main_skill_all_hero_hinder_settlement_steal_technology,{{tr:agent_action_name_steal_technology}},"Oft-times, though you may have much, what you want the most is what your rivals have; such envy focuses the mind and creativity.",campaign_technology.png,2,5,0,0,true,0,3,2,{{tr:agent_action_name_steal_technology}},"Oft-times, though you may have much, what you want the most is what your rivals have; such envy focuses the mind and creativity.",,,,,,wh2_main_effect_agent_action_hinder_settlement_steal_technology_buff,[[col:yellow]]{{tr:agent_action_name_steal_technology}}[[/col]] action: Research rate is increased by an additional %n,[[col:yellow]]{{tr:agent_action_name_steal_technology}}[[/col]] (Target: Settlement)\\nIncreases research rate for 3 turns.,character_to_character_own,6,campaign,9,true,technology.png,technology.png,,,,,,,,,,,,,,,,,,,,,,,character_skill_level_to_effects_junctions_tables,wh2_main_skill_all_hero_hinder_settlement_steal_technology|wh2_main_effect_agent_action_hinder_settlement_steal_technology_buff|2|character_to_character_own
effect,warhammer_3,8.1.1,24237342,Beastmen,beastmen,wh_dlc03_sc_bst_beastmen,Bray-Shaman (Shadows),Bray_Shaman_Shadows,hero,wh_dlc03_bst_bray_shaman_shadows,wizard,wizard,wh2_dlc13_bst_beastmen_invasion|wh2_dlc17_bst_malagor|wh2_dlc17_bst_taurox|wh2_main_bst_blooded_axe|wh2_main_bst_manblight|wh2_main_bst_ripper_horn|wh2_main_bst_shadowgor|wh2_main_bst_skrinderkin|wh2_main_bst_stone_horn|wh3_dlc27_bst_beastmen_dm|wh_dlc03_bst_beastmen|wh_dlc03_bst_beastmen_chaos|wh_dlc03_bst_beastmen_rebels|wh_dlc03_bst_jagged_horn|wh_dlc03_bst_redhorn|wh_dlc05_bst_morghur_herd,false,false,true,true,true,true,,,wh_dlc03_skill_node_set_bst_bray_shaman_shadows,,1,wizard,false,false,,,,wh_dlc03_skill_node_bst_bray_shaman_shadows_campaign_03,wh2_main_skill_all_hero_hinder_settlement_steal_technology,{{tr:agent_action_name_steal_technology}},"Oft-times, though you may have much, what you want the most is what your rivals have; such envy focuses the mind and creativity.",campaign_technology.png,2,5,0,0,true,0,3,3,{{tr:agent_action_name_steal_technology}},"Oft-times, though you may have much, what you want the most is what your rivals have; such envy focuses the mind and creativity.",,,,,,wh2_main_effect_agent_action_hinder_settlement_steal_technology_buff,[[col:yellow]]{{tr:agent_action_name_steal_technology}}[[/col]] action: Research rate is increased by an additional %n,[[col:yellow]]{{tr:agent_action_name_steal_technology}}[[/col]] (Target: Settlement)\\nIncreases research rate for 3 turns.,character_to_character_own,10,campaign,9,true,technology.png,technology.png,,,,,,,,,,,,,,,,,,,,,,,character_skill_level_to_effects_junctions_tables,wh2_main_skill_all_hero_hinder_settlement_steal_technology|wh2_main_effect_agent_action_hinder_settlement_steal_technology_buff|3|character_to_character_own
node,warhammer_3,8.1.1,24237342,Beastmen,beastmen,wh_dlc03_sc_bst_beastmen,Bray-Shaman (Shadows),Bray_Shaman_Shadows,hero,wh_dlc03_bst_bray_shaman_shadows,wizard,wizard,wh2_dlc13_bst_beastmen_invasion|wh2_dlc17_bst_malagor|wh2_dlc17_bst_taurox|wh2_main_bst_blooded_axe|wh2_main_bst_manblight|wh2_main_bst_ripper_horn|wh2_main_bst_shadowgor|wh2_main_bst_skrinderkin|wh2_main_bst_stone_horn|wh3_dlc27_bst_beastmen_dm|wh_dlc03_bst_beastmen|wh_dlc03_bst_beastmen_chaos|wh_dlc03_bst_beastmen_rebels|wh_dlc03_bst_jagged_horn|wh_dlc03_bst_redhorn|wh_dlc05_bst_morghur_herd,false,false,true,true,true,true,,,wh_dlc03_skill_node_set_bst_bray_shaman_shadows,,1,wizard,false,false,,,,wh_dlc03_skill_node_bst_bray_shaman_shadows_innate_03,wh2_main_skill_innate_bst_nurgles_foul_stink,Nurgle's Foul Stink,This one has something of the compost heap about them…,trait_beastmen.png,2,6,0,0,false,0,1,,,,,,,,,,,,,,,,,,,,,,,,,,,,,,,,,,,,,,,,,character_skill_nodes_tables,wh_dlc03_skill_node_bst_bray_shaman_shadows_innate_03
effect,warhammer_3,8.1.1,24237342,Beastmen,beastmen,wh_dlc03_sc_bst_beastmen,Bray-Shaman (Shadows),Bray_Shaman_Shadows,hero,wh_dlc03_bst_bray_shaman_shadows,wizard,wizard,wh2_dlc13_bst_beastmen_invasion|wh2_dlc17_bst_malagor|wh2_dlc17_bst_taurox|wh2_main_bst_blooded_axe|wh2_main_bst_manblight|wh2_main_bst_ripper_horn|wh2_main_bst_shadowgor|wh2_main_bst_skrinderkin|wh2_main_bst_stone_horn|wh3_dlc27_bst_beastmen_dm|wh_dlc03_bst_beastmen|wh_dlc03_bst_beastmen_chaos|wh_dlc03_bst_beastmen_rebels|wh_dlc03_bst_jagged_horn|wh_dlc03_bst_redhorn|wh_dlc05_bst_morghur_herd,false,false,true,true,true,true,,,wh_dlc03_skill_node_set_bst_bray_shaman_shadows,,1,wizard,false,false,,,,wh_dlc03_skill_node_bst_bray_shaman_shadows_innate_03,wh2_main_skill_innate_bst_nurgles_foul_stink,Nurgle's Foul Stink,This one has something of the compost heap about them…,trait_beastmen.png,2,6,0,0,false,0,1,1,Nurgle's Foul Stink,This one has something of the compost heap about them…,,,,,,wh_main_effect_character_stat_unit_health,Hit points: %+n%,,character_to_character_own,10,both,90,true,health_character.png,health_character.png,,,,,,,,,,,,,,,,,,,,,,,character_skill_level_to_effects_junctions_tables,wh2_main_skill_innate_bst_nurgles_foul_stink|wh_main_effect_character_stat_unit_health|1|character_to_character_own
effect,warhammer_3,8.1.1,24237342,Beastmen,beastmen,wh_dlc03_sc_bst_beastmen,Bray-Shaman (Shadows),Bray_Shaman_Shadows,hero,wh_dlc03_bst_bray_shaman_shadows,wizard,wizard,wh2_dlc13_bst_beastmen_invasion|wh2_dlc17_bst_malagor|wh2_dlc17_bst_taurox|wh2_main_bst_blooded_axe|wh2_main_bst_manblight|wh2_main_bst_ripper_horn|wh2_main_bst_shadowgor|wh2_main_bst_skrinderkin|wh2_main_bst_stone_horn|wh3_dlc27_bst_beastmen_dm|wh_dlc03_bst_beastmen|wh_dlc03_bst_beastmen_chaos|wh_dlc03_bst_beastmen_rebels|wh_dlc03_bst_jagged_horn|wh_dlc03_bst_redhorn|wh_dlc05_bst_morghur_herd,false,false,true,true,true,true,,,wh_dlc03_skill_node_set_bst_bray_shaman_shadows,,1,wizard,false,false,,,,wh_dlc03_skill_node_bst_bray_shaman_shadows_innate_03,wh2_main_skill_innate_bst_nurgles_foul_stink,Nurgle's Foul Stink,This one has something of the compost heap about them…,trait_beastmen.png,2,6,0,0,false,0,1,1,Nurgle's Foul Stink,This one has something of the compost heap about them…,,,,,,wh_main_effect_force_stat_leadership_enemy_unit,Enemy leadership: %+n,,general_to_force_enemy_regionwide,-3,battle,411,false,morale.png,morale.png,,,,,,,,,,,,,,,,,,,,,,,character_skill_level_to_effects_junctions_tables,wh2_main_skill_innate_bst_nurgles_foul_stink|wh_main_effect_force_stat_leadership_enemy_unit|1|general_to_force_enemy_regionwide
effect,warhammer_3,8.1.1,24237342,Beastmen,beastmen,wh_dlc03_sc_bst_beastmen,Bray-Shaman (Shadows),Bray_Shaman_Shadows,hero,wh_dlc03_bst_bray_shaman_shadows,wizard,wizard,wh2_dlc13_bst_beastmen_invasion|wh2_dlc17_bst_malagor|wh2_dlc17_bst_taurox|wh2_main_bst_blooded_axe|wh2_main_bst_manblight|wh2_main_bst_ripper_horn|wh2_main_bst_shadowgor|wh2_main_bst_skrinderkin|wh2_main_bst_stone_horn|wh3_dlc27_bst_beastmen_dm|wh_dlc03_bst_beastmen|wh_dlc03_bst_beastmen_chaos|wh_dlc03_bst_beastmen_rebels|wh_dlc03_bst_jagged_horn|wh_dlc03_bst_redhorn|wh_dlc05_bst_morghur_herd,false,false,true,true,true,true,,,wh_dlc03_skill_node_set_bst_bray_shaman_shadows,,1,wizard,false,false,,,,wh_dlc03_skill_node_bst_bray_shaman_shadows_innate_03,wh2_main_skill_innate_bst_nurgles_foul_stink,Nurgle's Foul Stink,This one has something of the compost heap about them…,trait_beastmen.png,2,6,0,0,false,0,1,1,Nurgle's Foul Stink,This one has something of the compost heap about them…,,,,,,wh3_main_effect_ability_enable_cloud_of_flies,"Passive ability: ""Cloud of Flies""",,character_to_character_own,1,battle,310,true,general_ability.png,general_ability.png,,,,,,,,,,,,,,,,,,,,,,,character_skill_level_to_effects_junctions_tables,wh2_main_skill_innate_bst_nurgles_foul_stink|wh3_main_effect_ability_enable_cloud_of_flies|1|character_to_character_own
node,warhammer_3,8.1.1,24237342,Beastmen,beastmen,wh_dlc03_sc_bst_beastmen,Bray-Shaman (Shadows),Bray_Shaman_Shadows,hero,wh_dlc03_bst_bray_shaman_shadows,wizard,wizard,wh2_dlc13_bst_beastmen_invasion|wh2_dlc17_bst_malagor|wh2_dlc17_bst_taurox|wh2_main_bst_blooded_axe|wh2_main_bst_manblight|wh2_main_bst_ripper_horn|wh2_main_bst_shadowgor|wh2_main_bst_skrinderkin|wh2_main_bst_stone_horn|wh3_dlc27_bst_beastmen_dm|wh_dlc03_bst_beastmen|wh_dlc03_bst_beastmen_chaos|wh_dlc03_bst_beastmen_rebels|wh_dlc03_bst_jagged_horn|wh_dlc03_bst_redhorn|wh_dlc05_bst_morghur_herd,false,false,true,true,true,true,,,wh_dlc03_skill_node_set_bst_bray_shaman_shadows,,1,wizard,false,false,,,,wh_dlc03_skill_node_bst_bray_shaman_shadows_unique_04,wh_dlc03_skill_bst_all_unique_shadow_hide,Shadow Hide,"Chaos smiles upon them, granting unnatural and heretical defence against mortal machinations.",character_ward_save.png,3,0,0,0,true,9,1,,,,,,,,,,,,,,,,,,,,,,,,,,,,,,,,,,,,,,,,,character_skill_nodes_tables,wh_dlc03_skill_node_bst_bray_shaman_shadows_unique_04
skill_level,warhammer_3,8.1.1,24237342,Beastmen,beastmen,wh_dlc03_sc_bst_beastmen,Bray-Shaman (Shadows),Bray_Shaman_Shadows,hero,wh_dlc03_bst_bray_shaman_shadows,wizard,wizard,wh2_dlc13_bst_beastmen_invasion|wh2_dlc17_bst_malagor|wh2_dlc17_bst_taurox|wh2_main_bst_blooded_axe|wh2_main_bst_manblight|wh2_main_bst_ripper_horn|wh2_main_bst_shadowgor|wh2_main_bst_skrinderkin|wh2_main_bst_stone_horn|wh3_dlc27_bst_beastmen_dm|wh_dlc03_bst_beastmen|wh_dlc03_bst_beastmen_chaos|wh_dlc03_bst_beastmen_rebels|wh_dlc03_bst_jagged_horn|wh_dlc03_bst_redhorn|wh_dlc05_bst_morghur_herd,false,false,true,true,true,true,,,wh_dlc03_skill_node_set_bst_bray_shaman_shadows,,1,wizard,false,false,,,,wh_dlc03_skill_node_bst_bray_shaman_shadows_unique_04,wh_dlc03_skill_bst_all_unique_shadow_hide,Shadow Hide,"Chaos smiles upon them, granting unnatural and heretical defence against mortal machinations.",character_ward_save.png,3,0,0,0,true,9,1,1,Shadow Hide,"Chaos smiles upon them, granting unnatural and heretical defence against mortal machinations.",9,x,,,,,,,,,,,,,,,,,,,,,,,,,,,,,,,,,,,,character_skill_level_details_tables,wh_dlc03_skill_bst_all_unique_shadow_hide|1|||
effect,warhammer_3,8.1.1,24237342,Beastmen,beastmen,wh_dlc03_sc_bst_beastmen,Bray-Shaman (Shadows),Bray_Shaman_Shadows,hero,wh_dlc03_bst_bray_shaman_shadows,wizard,wizard,wh2_dlc13_bst_beastmen_invasion|wh2_dlc17_bst_malagor|wh2_dlc17_bst_taurox|wh2_main_bst_blooded_axe|wh2_main_bst_manblight|wh2_main_bst_ripper_horn|wh2_main_bst_shadowgor|wh2_main_bst_skrinderkin|wh2_main_bst_stone_horn|wh3_dlc27_bst_beastmen_dm|wh_dlc03_bst_beastmen|wh_dlc03_bst_beastmen_chaos|wh_dlc03_bst_beastmen_rebels|wh_dlc03_bst_jagged_horn|wh_dlc03_bst_redhorn|wh_dlc05_bst_morghur_herd,false,false,true,true,true,true,,,wh_dlc03_skill_node_set_bst_bray_shaman_shadows,,1,wizard,false,false,,,,wh_dlc03_skill_node_bst_bray_shaman_shadows_unique_04,wh_dlc03_skill_bst_all_unique_shadow_hide,Shadow Hide,"Chaos smiles upon them, granting unnatural and heretical defence against mortal machinations.",character_ward_save.png,3,0,0,0,true,9,1,1,Shadow Hide,"Chaos smiles upon them, granting unnatural and heretical defence against mortal machinations.",,,,,,wh_main_effect_character_stat_missile_resistance,Missile resistance: %n%,"Missile Resistance. Damage of missile attacks is reduced by this amount, up to a maximum of 90%",character_to_character_own,10,both,280,true,resistance_missile.png,resistance_missile.png,,,,,,,,,,,,,,,,,,,,,,,character_skill_level_to_effects_junctions_tables,wh_dlc03_skill_bst_all_unique_shadow_hide|wh_main_effect_character_stat_missile_resistance|1|character_to_character_own
node,warhammer_3,8.1.1,24237342,Beastmen,beastmen,wh_dlc03_sc_bst_beastmen,Bray-Shaman (Shadows),Bray_Shaman_Shadows,hero,wh_dlc03_bst_bray_shaman_shadows,wizard,wizard,wh2_dlc13_bst_beastmen_invasion|wh2_dlc17_bst_malagor|wh2_dlc17_bst_taurox|wh2_main_bst_blooded_axe|wh2_main_bst_manblight|wh2_main_bst_ripper_horn|wh2_main_bst_shadowgor|wh2_main_bst_skrinderkin|wh2_main_bst_stone_horn|wh3_dlc27_bst_beastmen_dm|wh_dlc03_bst_beastmen|wh_dlc03_bst_beastmen_chaos|wh_dlc03_bst_beastmen_rebels|wh_dlc03_bst_jagged_horn|wh_dlc03_bst_redhorn|wh_dlc05_bst_morghur_herd,false,false,true,true,true,true,,,wh_dlc03_skill_node_set_bst_bray_shaman_shadows,,1,wizard,false,false,,,,wh_dlc03_skill_node_bst_bray_shaman_shadows_magic_04,wh_dlc05_skill_magic_shadow_the_withering,The Withering,"The Wizard destroys their enemies from within, corroding foes' minds with doubt and crisis.",wh_dlc05_spell_shadow_the_withering.png,3,2,0,0,true,0,3,,,,,,,,,,,,,,,,,,,,,,,,,,,,,,,,,,,,,,,,,character_skill_nodes_tables,wh_dlc03_skill_node_bst_bray_shaman_shadows_magic_04
effect,warhammer_3,8.1.1,24237342,Beastmen,beastmen,wh_dlc03_sc_bst_beastmen,Bray-Shaman (Shadows),Bray_Shaman_Shadows,hero,wh_dlc03_bst_bray_shaman_shadows,wizard,wizard,wh2_dlc13_bst_beastmen_invasion|wh2_dlc17_bst_malagor|wh2_dlc17_bst_taurox|wh2_main_bst_blooded_axe|wh2_main_bst_manblight|wh2_main_bst_ripper_horn|wh2_main_bst_shadowgor|wh2_main_bst_skrinderkin|wh2_main_bst_stone_horn|wh3_dlc27_bst_beastmen_dm|wh_dlc03_bst_beastmen|wh_dlc03_bst_beastmen_chaos|wh_dlc03_bst_beastmen_rebels|wh_dlc03_bst_jagged_horn|wh_dlc03_bst_redhorn|wh_dlc05_bst_morghur_herd,false,false,true,true,true,true,,,wh_dlc03_skill_node_set_bst_bray_shaman_shadows,,1,wizard,false,false,,,,wh_dlc03_skill_node_bst_bray_shaman_shadows_magic_04,wh_dlc05_skill_magic_shadow_the_withering,The Withering,"The Wizard destroys their enemies from within, corroding foes' minds with doubt and crisis.",wh_dlc05_spell_shadow_the_withering.png,3,2,0,0,true,0,3,1,The Withering,"The Wizard destroys their enemies from within, corroding foes' minds with doubt and crisis.",,,,,,wh_dlc05_effect_ability_enable_the_withering,"Spell: ""The Withering""",,character_to_character_own,1,battle,290,true,magic_character.png,magic_character.png,,,,,,,,,,,,,,,,,,,,,,,character_skill_level_to_effects_junctions_tables,wh_dlc05_skill_magic_shadow_the_withering|wh_dlc05_effect_ability_enable_the_withering|1|character_to_character_own
effect,warhammer_3,8.1.1,24237342,Beastmen,beastmen,wh_dlc03_sc_bst_beastmen,Bray-Shaman (Shadows),Bray_Shaman_Shadows,hero,wh_dlc03_bst_bray_shaman_shadows,wizard,wizard,wh2_dlc13_bst_beastmen_invasion|wh2_dlc17_bst_malagor|wh2_dlc17_bst_taurox|wh2_main_bst_blooded_axe|wh2_main_bst_manblight|wh2_main_bst_ripper_horn|wh2_main_bst_shadowgor|wh2_main_bst_skrinderkin|wh2_main_bst_stone_horn|wh3_dlc27_bst_beastmen_dm|wh_dlc03_bst_beastmen|wh_dlc03_bst_beastmen_chaos|wh_dlc03_bst_beastmen_rebels|wh_dlc03_bst_jagged_horn|wh_dlc03_bst_redhorn|wh_dlc05_bst_morghur_herd,false,false,true,true,true,true,,,wh_dlc03_skill_node_set_bst_bray_shaman_shadows,,1,wizard,false,false,,,,wh_dlc03_skill_node_bst_bray_shaman_shadows_magic_04,wh_dlc05_skill_magic_shadow_the_withering,The Withering,"The Wizard destroys their enemies from within, corroding foes' minds with doubt and crisis.",wh_dlc05_spell_shadow_the_withering.png,3,2,0,0,true,0,3,2,The Withering,"The Wizard destroys their enemies from within, corroding foes' minds with doubt and crisis.",,,,,,wh_dlc05_effect_ability_cooldown_the_withering,"Cooldown: %+n% to ""The Withering""",,character_to_character_own,-30,both,293,false,magic_cooldown.png,magic_cooldown.png,,,,,,,,,,,,,,,,,,,,,,,character_skill_level_to_effects_junctions_tables,wh_dlc05_skill_magic_shadow_the_withering|wh_dlc05_effect_ability_cooldown_the_withering|2|character_to_character_own
effect,warhammer_3,8.1.1,24237342,Beastmen,beastmen,wh_dlc03_sc_bst_beastmen,Bray-Shaman (Shadows),Bray_Shaman_Shadows,hero,wh_dlc03_bst_bray_shaman_shadows,wizard,wizard,wh2_dlc13_bst_beastmen_invasion|wh2_dlc17_bst_malagor|wh2_dlc17_bst_taurox|wh2_main_bst_blooded_axe|wh2_main_bst_manblight|wh2_main_bst_ripper_horn|wh2_main_bst_shadowgor|wh2_main_bst_skrinderkin|wh2_main_bst_stone_horn|wh3_dlc27_bst_beastmen_dm|wh_dlc03_bst_beastmen|wh_dlc03_bst_beastmen_chaos|wh_dlc03_bst_beastmen_rebels|wh_dlc03_bst_jagged_horn|wh_dlc03_bst_redhorn|wh_dlc05_bst_morghur_herd,false,false,true,true,true,true,,,wh_dlc03_skill_node_set_bst_bray_shaman_shadows,,1,wizard,false,false,,,,wh_dlc03_skill_node_bst_bray_shaman_shadows_magic_04,wh_dlc05_skill_magic_shadow_the_withering,The Withering,"The Wizard destroys their enemies from within, corroding foes' minds with doubt and crisis.",wh_dlc05_spell_shadow_the_withering.png,3,2,0,0,true,0,3,2,The Withering,"The Wizard destroys their enemies from within, corroding foes' minds with doubt and crisis.",,,,,,wh2_main_effect_ability_overcast_the_withering,"Overcast spell: ""The Withering Upgraded""",,character_to_character_own,1,both,292,true,magic_character.png,magic_character.png,,,,,,,,,,,,,,,,,,,,,,,character_skill_level_to_effects_junctions_tables,wh_dlc05_skill_magic_shadow_the_withering|wh2_main_effect_ability_overcast_the_withering|2|character_to_character_own
effect,warhammer_3,8.1.1,24237342,Beastmen,beastmen,wh_dlc03_sc_bst_beastmen,Bray-Shaman (Shadows),Bray_Shaman_Shadows,hero,wh_dlc03_bst_bray_shaman_shadows,wizard,wizard,wh2_dlc13_bst_beastmen_invasion|wh2_dlc17_bst_malagor|wh2_dlc17_bst_taurox|wh2_main_bst_blooded_axe|wh2_main_bst_manblight|wh2_main_bst_ripper_horn|wh2_main_bst_shadowgor|wh2_main_bst_skrinderkin|wh2_main_bst_stone_horn|wh3_dlc27_bst_beastmen_dm|wh_dlc03_bst_beastmen|wh_dlc03_bst_beastmen_chaos|wh_dlc03_bst_beastmen_rebels|wh_dlc03_bst_jagged_horn|wh_dlc03_bst_redhorn|wh_dlc05_bst_morghur_herd,false,false,true,true,true,true,,,wh_dlc03_skill_node_set_bst_bray_shaman_shadows,,1,wizard,false,false,,,,wh_dlc03_skill_node_bst_bray_shaman_shadows_magic_04,wh_dlc05_skill_magic_shadow_the_withering,The Withering,"The Wizard destroys their enemies from within, corroding foes' minds with doubt and crisis.",wh_dlc05_spell_shadow_the_withering.png,3,2,0,0,true,0,3,3,The Withering,"The Wizard destroys their enemies from within, corroding foes' minds with doubt and crisis.",,,,,,wh_dlc05_effect_ability_cooldown_the_withering,"Cooldown: %+n% to ""The Withering""",,character_to_character_own,-50,both,293,false,magic_cooldown.png,magic_cooldown.png,,,,,,,,,,,,,,,,,,,,,,,character_skill_level_to_effects_junctions_tables,wh_dlc05_skill_magic_shadow_the_withering|wh_dlc05_effect_ability_cooldown_the_withering|3|character_to_character_own
effect,warhammer_3,8.1.1,24237342,Beastmen,beastmen,wh_dlc03_sc_bst_beastmen,Bray-Shaman (Shadows),Bray_Shaman_Shadows,hero,wh_dlc03_bst_bray_shaman_shadows,wizard,wizard,wh2_dlc13_bst_beastmen_invasion|wh2_dlc17_bst_malagor|wh2_dlc17_bst_taurox|wh2_main_bst_blooded_axe|wh2_main_bst_manblight|wh2_main_bst_ripper_horn|wh2_main_bst_shadowgor|wh2_main_bst_skrinderkin|wh2_main_bst_stone_horn|wh3_dlc27_bst_beastmen_dm|wh_dlc03_bst_beastmen|wh_dlc03_bst_beastmen_chaos|wh_dlc03_bst_beastmen_rebels|wh_dlc03_bst_jagged_horn|wh_dlc03_bst_redhorn|wh_dlc05_bst_morghur_herd,false,false,true,true,true,true,,,wh_dlc03_skill_node_set_bst_bray_shaman_shadows,,1,wizard,false,false,,,,wh_dlc03_skill_node_bst_bray_shaman_shadows_magic_04,wh_dlc05_skill_magic_shadow_the_withering,The Withering,"The Wizard destroys their enemies from within, corroding foes' minds with doubt and crisis.",wh_dlc05_spell_shadow_the_withering.png,3,2,0,0,true,0,3,3,The Withering,"The Wizard destroys their enemies from within, corroding foes' minds with doubt and crisis.",,,,,,wh2_main_effect_ability_miscast_the_withering_upgraded,"Miscast base chance: %+n% for ""The Withering Upgraded""",,character_to_character_own,-15,both,298,false,magic.png,magic.png,,,,,,,,,,,,,,,,,,,,,,,character_skill_level_to_effects_junctions_tables,wh_dlc05_skill_magic_shadow_the_withering|wh2_main_effect_ability_miscast_the_withering_upgraded|3|character_to_character_own
effect,warhammer_3,8.1.1,24237342,Beastmen,beastmen,wh_dlc03_sc_bst_beastmen,Bray-Shaman (Shadows),Bray_Shaman_Shadows,hero,wh_dlc03_bst_bray_shaman_shadows,wizard,wizard,wh2_dlc13_bst_beastmen_invasion|wh2_dlc17_bst_malagor|wh2_dlc17_bst_taurox|wh2_main_bst_blooded_axe|wh2_main_bst_manblight|wh2_main_bst_ripper_horn|wh2_main_bst_shadowgor|wh2_main_bst_skrinderkin|wh2_main_bst_stone_horn|wh3_dlc27_bst_beastmen_dm|wh_dlc03_bst_beastmen|wh_dlc03_bst_beastmen_chaos|wh_dlc03_bst_beastmen_rebels|wh_dlc03_bst_jagged_horn|wh_dlc03_bst_redhorn|wh_dlc05_bst_morghur_herd,false,false,true,true,true,true,,,wh_dlc03_skill_node_set_bst_bray_shaman_shadows,,1,wizard,false,false,,,,wh_dlc03_skill_node_bst_bray_shaman_shadows_magic_04,wh_dlc05_skill_magic_shadow_the_withering,The Withering,"The Wizard destroys their enemies from within, corroding foes' minds with doubt and crisis.",wh_dlc05_spell_shadow_the_withering.png,3,2,0,0,true,0,3,3,The Withering,"The Wizard destroys their enemies from within, corroding foes' minds with doubt and crisis.",,,,,,wh2_main_effect_ability_overcast_the_withering,"Overcast spell: ""The Withering Upgraded""",,character_to_character_own,1,both,292,true,magic_character.png,magic_character.png,,,,,,,,,,,,,,,,,,,,,,,character_skill_level_to_effects_junctions_tables,wh_dlc05_skill_magic_shadow_the_withering|wh2_main_effect_ability_overcast_the_withering|3|character_to_character_own
effect,warhammer_3,8.1.1,24237342,Beastmen,beastmen,wh_dlc03_sc_bst_beastmen,Bray-Shaman (Shadows),Bray_Shaman_Shadows,hero,wh_dlc03_bst_bray_shaman_shadows,wizard,wizard,wh2_dlc13_bst_beastmen_invasion|wh2_dlc17_bst_malagor|wh2_dlc17_bst_taurox|wh2_main_bst_blooded_axe|wh2_main_bst_manblight|wh2_main_bst_ripper_horn|wh2_main_bst_shadowgor|wh2_main_bst_skrinderkin|wh2_main_bst_stone_horn|wh3_dlc27_bst_beastmen_dm|wh_dlc03_bst_beastmen|wh_dlc03_bst_beastmen_chaos|wh_dlc03_bst_beastmen_rebels|wh_dlc03_bst_jagged_horn|wh_dlc03_bst_redhorn|wh_dlc05_bst_morghur_herd,false,false,true,true,true,true,,,wh_dlc03_skill_node_set_bst_bray_shaman_shadows,,1,wizard,false,false,,,,wh_dlc03_skill_node_bst_bray_shaman_shadows_magic_04,wh_dlc05_skill_magic_shadow_the_withering,The Withering,"The Wizard destroys their enemies from within, corroding foes' minds with doubt and crisis.",wh_dlc05_spell_shadow_the_withering.png,3,2,0,0,true,0,3,3,The Withering,"The Wizard destroys their enemies from within, corroding foes' minds with doubt and crisis.",,,,,,wh2_main_effect_ability_wom_cost_the_withering,"Winds of Magic cost: %n for ""The Withering""",,character_to_character_own,-1,both,294,false,magic_character.png,magic_character.png,,,,,,,,,,,,,,,,,,,,,,,character_skill_level_to_effects_junctions_tables,wh_dlc05_skill_magic_shadow_the_withering|wh2_main_effect_ability_wom_cost_the_withering|3|character_to_character_own
effect,warhammer_3,8.1.1,24237342,Beastmen,beastmen,wh_dlc03_sc_bst_beastmen,Bray-Shaman (Shadows),Bray_Shaman_Shadows,hero,wh_dlc03_bst_bray_shaman_shadows,wizard,wizard,wh2_dlc13_bst_beastmen_invasion|wh2_dlc17_bst_malagor|wh2_dlc17_bst_taurox|wh2_main_bst_blooded_axe|wh2_main_bst_manblight|wh2_main_bst_ripper_horn|wh2_main_bst_shadowgor|wh2_main_bst_skrinderkin|wh2_main_bst_stone_horn|wh3_dlc27_bst_beastmen_dm|wh_dlc03_bst_beastmen|wh_dlc03_bst_beastmen_chaos|wh_dlc03_bst_beastmen_rebels|wh_dlc03_bst_jagged_horn|wh_dlc03_bst_redhorn|wh_dlc05_bst_morghur_herd,false,false,true,true,true,true,,,wh_dlc03_skill_node_set_bst_bray_shaman_shadows,,1,wizard,false,false,,,,wh_dlc03_skill_node_bst_bray_shaman_shadows_magic_04,wh_dlc05_skill_magic_shadow_the_withering,The Withering,"The Wizard destroys their enemies from within, corroding foes' minds with doubt and crisis.",wh_dlc05_spell_shadow_the_withering.png,3,2,0,0,true,0,3,3,The Withering,"The Wizard destroys their enemies from within, corroding foes' minds with doubt and crisis.",,,,,,wh2_main_effect_ability_wom_cost_the_withering_upgraded,"Winds of Magic cost: %n for ""The Withering Upgraded""",,character_to_character_own,-2,both,295,false,magic_character.png,magic_character.png,,,,,,,,,,,,,,,,,,,,,,,character_skill_level_to_effects_junctions_tables,wh_dlc05_skill_magic_shadow_the_withering|wh2_main_effect_ability_wom_cost_the_withering_upgraded|3|character_to_character_own
node,warhammer_3,8.1.1,24237342,Beastmen,beastmen,wh_dlc03_sc_bst_beastmen,Bray-Shaman (Shadows),Bray_Shaman_Shadows,hero,wh_dlc03_bst_bray_shaman_shadows,wizard,wizard,wh2_dlc13_bst_beastmen_invasion|wh2_dlc17_bst_malagor|wh2_dlc17_bst_taurox|wh2_main_bst_blooded_axe|wh2_main_bst_manblight|wh2_main_bst_ripper_horn|wh2_main_bst_shadowgor|wh2_main_bst_skrinderkin|wh2_main_bst_stone_horn|wh3_dlc27_bst_beastmen_dm|wh_dlc03_bst_beastmen|wh_dlc03_bst_beastmen_chaos|wh_dlc03_bst_beastmen_rebels|wh_dlc03_bst_jagged_horn|wh_dlc03_bst_redhorn|wh_dlc05_bst_morghur_herd,false,false,true,true,true,true,,,wh_dlc03_skill_node_set_bst_bray_shaman_shadows,,1,wizard,false,false,,,,wh_dlc03_skill_node_bst_bray_shaman_shadows_campaign_04,wh2_main_skill_all_hero_hinder_agent_wound,{{tr:agent_action_name_wound}},"Such a champion will not bend or break, but slay in their Lord's name.",campaign_wound_time.png,3,5,0,0,true,0,3,,,,,,,,,,,,,,,,,,,,,,,,,,,,,,,,,,,,,,,,,character_skill_nodes_tables,wh_dlc03_skill_node_bst_bray_shaman_shadows_campaign_04
skill_level,warhammer_3,8.1.1,24237342,Beastmen,beastmen,wh_dlc03_sc_bst_beastmen,Bray-Shaman (Shadows),Bray_Shaman_Shadows,hero,wh_dlc03_bst_bray_shaman_shadows,wizard,wizard,wh2_dlc13_bst_beastmen_invasion|wh2_dlc17_bst_malagor|wh2_dlc17_bst_taurox|wh2_main_bst_blooded_axe|wh2_main_bst_manblight|wh2_main_bst_ripper_horn|wh2_main_bst_shadowgor|wh2_main_bst_skrinderkin|wh2_main_bst_stone_horn|wh3_dlc27_bst_beastmen_dm|wh_dlc03_bst_beastmen|wh_dlc03_bst_beastmen_chaos|wh_dlc03_bst_beastmen_rebels|wh_dlc03_bst_jagged_horn|wh_dlc03_bst_redhorn|wh_dlc05_bst_morghur_herd,false,false,true,true,true,true,,,wh_dlc03_skill_node_set_bst_bray_shaman_shadows,,1,wizard,false,false,,,,wh_dlc03_skill_node_bst_bray_shaman_shadows_campaign_04,wh2_main_skill_all_hero_hinder_agent_wound,{{tr:agent_action_name_wound}},"Such a champion will not bend or break, but slay in their Lord's name.",campaign_wound_time.png,3,5,0,0,true,0,3,2,{{tr:agent_action_name_wound}},"Such a champion will not bend or break, but slay in their Lord's name.",4,x,,,,,,,,,,,,,,,,,,,,,,,,,,,,,,,,,,,,character_skill_level_details_tables,wh2_main_skill_all_hero_hinder_agent_wound|2|||
skill_level,warhammer_3,8.1.1,24237342,Beastmen,beastmen,wh_dlc03_sc_bst_beastmen,Bray-Shaman (Shadows),Bray_Shaman_Shadows,hero,wh_dlc03_bst_bray_shaman_shadows,wizard,wizard,wh2_dlc13_bst_beastmen_invasion|wh2_dlc17_bst_malagor|wh2_dlc17_bst_taurox|wh2_main_bst_blooded_axe|wh2_main_bst_manblight|wh2_main_bst_ripper_horn|wh2_main_bst_shadowgor|wh2_main_bst_skrinderkin|wh2_main_bst_stone_horn|wh3_dlc27_bst_beastmen_dm|wh_dlc03_bst_beastmen|wh_dlc03_bst_beastmen_chaos|wh_dlc03_bst_beastmen_rebels|wh_dlc03_bst_jagged_horn|wh_dlc03_bst_redhorn|wh_dlc05_bst_morghur_herd,false,false,true,true,true,true,,,wh_dlc03_skill_node_set_bst_bray_shaman_shadows,,1,wizard,false,false,,,,wh_dlc03_skill_node_bst_bray_shaman_shadows_campaign_04,wh2_main_skill_all_hero_hinder_agent_wound,{{tr:agent_action_name_wound}},"Such a champion will not bend or break, but slay in their Lord's name.",campaign_wound_time.png,3,5,0,0,true,0,3,3,{{tr:agent_action_name_wound}},"Such a champion will not bend or break, but slay in their Lord's name.",9,x,,,,,,,,,,,,,,,,,,,,,,,,,,,,,,,,,,,,character_skill_level_details_tables,wh2_main_skill_all_hero_hinder_agent_wound|3|||
effect,warhammer_3,8.1.1,24237342,Beastmen,beastmen,wh_dlc03_sc_bst_beastmen,Bray-Shaman (Shadows),Bray_Shaman_Shadows,hero,wh_dlc03_bst_bray_shaman_shadows,wizard,wizard,wh2_dlc13_bst_beastmen_invasion|wh2_dlc17_bst_malagor|wh2_dlc17_bst_taurox|wh2_main_bst_blooded_axe|wh2_main_bst_manblight|wh2_main_bst_ripper_horn|wh2_main_bst_shadowgor|wh2_main_bst_skrinderkin|wh2_main_bst_stone_horn|wh3_dlc27_bst_beastmen_dm|wh_dlc03_bst_beastmen|wh_dlc03_bst_beastmen_chaos|wh_dlc03_bst_beastmen_rebels|wh_dlc03_bst_jagged_horn|wh_dlc03_bst_redhorn|wh_dlc05_bst_morghur_herd,false,false,true,true,true,true,,,wh_dlc03_skill_node_set_bst_bray_shaman_shadows,,1,wizard,false,false,,,,wh_dlc03_skill_node_bst_bray_shaman_shadows_campaign_04,wh2_main_skill_all_hero_hinder_agent_wound,{{tr:agent_action_name_wound}},"Such a champion will not bend or break, but slay in their Lord's name.",campaign_wound_time.png,3,5,0,0,true,0,3,1,{{tr:agent_action_name_wound}},"Such a champion will not bend or break, but slay in their Lord's name.",,,,,,wh2_main_effect_agent_action_hinder_agent_wound_buff,[[col:yellow]]{{tr:agent_action_name_wound}}[[/col]] action: Additional %n% chance of wounding target,[[col:yellow]]{{tr:agent_action_name_wound}}[[/col]] (Target: Hero)\\nWounds the target [[img:icon_hero]][[/img]]Hero.,character_to_character_own,5,campaign,10,true,wound_time.png,wound_time.png,,,,,,,,,,,,,,,,,,,,,,,character_skill_level_to_effects_junctions_tables,wh2_main_skill_all_hero_hinder_agent_wound|wh2_main_effect_agent_action_hinder_agent_wound_buff|1|character_to_character_own
effect,warhammer_3,8.1.1,24237342,Beastmen,beastmen,wh_dlc03_sc_bst_beastmen,Bray-Shaman (Shadows),Bray_Shaman_Shadows,hero,wh_dlc03_bst_bray_shaman_shadows,wizard,wizard,wh2_dlc13_bst_beastmen_invasion|wh2_dlc17_bst_malagor|wh2_dlc17_bst_taurox|wh2_main_bst_blooded_axe|wh2_main_bst_manblight|wh2_main_bst_ripper_horn|wh2_main_bst_shadowgor|wh2_main_bst_skrinderkin|wh2_main_bst_stone_horn|wh3_dlc27_bst_beastmen_dm|wh_dlc03_bst_beastmen|wh_dlc03_bst_beastmen_chaos|wh_dlc03_bst_beastmen_rebels|wh_dlc03_bst_jagged_horn|wh_dlc03_bst_redhorn|wh_dlc05_bst_morghur_herd,false,false,true,true,true,true,,,wh_dlc03_skill_node_set_bst_bray_shaman_shadows,,1,wizard,false,false,,,,wh_dlc03_skill_node_bst_bray_shaman_shadows_campaign_04,wh2_main_skill_all_hero_hinder_agent_wound,{{tr:agent_action_name_wound}},"Such a champion will not bend or break, but slay in their Lord's name.",campaign_wound_time.png,3,5,0,0,true,0,3,2,{{tr:agent_action_name_wound}},"Such a champion will not bend or break, but slay in their Lord's name.",,,,,,wh2_main_effect_agent_action_hinder_agent_wound_buff,[[col:yellow]]{{tr:agent_action_name_wound}}[[/col]] action: Additional %n% chance of wounding target,[[col:yellow]]{{tr:agent_action_name_wound}}[[/col]] (Target: Hero)\\nWounds the target [[img:icon_hero]][[/img]]Hero.,character_to_character_own,12,campaign,10,true,wound_time.png,wound_time.png,,,,,,,,,,,,,,,,,,,,,,,character_skill_level_to_effects_junctions_tables,wh2_main_skill_all_hero_hinder_agent_wound|wh2_main_effect_agent_action_hinder_agent_wound_buff|2|character_to_character_own
effect,warhammer_3,8.1.1,24237342,Beastmen,beastmen,wh_dlc03_sc_bst_beastmen,Bray-Shaman (Shadows),Bray_Shaman_Shadows,hero,wh_dlc03_bst_bray_shaman_shadows,wizard,wizard,wh2_dlc13_bst_beastmen_invasion|wh2_dlc17_bst_malagor|wh2_dlc17_bst_taurox|wh2_main_bst_blooded_axe|wh2_main_bst_manblight|wh2_main_bst_ripper_horn|wh2_main_bst_shadowgor|wh2_main_bst_skrinderkin|wh2_main_bst_stone_horn|wh3_dlc27_bst_beastmen_dm|wh_dlc03_bst_beastmen|wh_dlc03_bst_beastmen_chaos|wh_dlc03_bst_beastmen_rebels|wh_dlc03_bst_jagged_horn|wh_dlc03_bst_redhorn|wh_dlc05_bst_morghur_herd,false,false,true,true,true,true,,,wh_dlc03_skill_node_set_bst_bray_shaman_shadows,,1,wizard,false,false,,,,wh_dlc03_skill_node_bst_bray_shaman_shadows_campaign_04,wh2_main_skill_all_hero_hinder_agent_wound,{{tr:agent_action_name_wound}},"Such a champion will not bend or break, but slay in their Lord's name.",campaign_wound_time.png,3,5,0,0,true,0,3,3,{{tr:agent_action_name_wound}},"Such a champion will not bend or break, but slay in their Lord's name.",,,,,,wh2_main_effect_agent_action_hinder_agent_wound_buff,[[col:yellow]]{{tr:agent_action_name_wound}}[[/col]] action: Additional %n% chance of wounding target,[[col:yellow]]{{tr:agent_action_name_wound}}[[/col]] (Target: Hero)\\nWounds the target [[img:icon_hero]][[/img]]Hero.,character_to_character_own,21,campaign,10,true,wound_time.png,wound_time.png,,,,,,,,,,,,,,,,,,,,,,,character_skill_level_to_effects_junctions_tables,wh2_main_skill_all_hero_hinder_agent_wound|wh2_main_effect_agent_action_hinder_agent_wound_buff|3|character_to_character_own
node,warhammer_3,8.1.1,24237342,Beastmen,beastmen,wh_dlc03_sc_bst_beastmen,Bray-Shaman (Shadows),Bray_Shaman_Shadows,hero,wh_dlc03_bst_bray_shaman_shadows,wizard,wizard,wh2_dlc13_bst_beastmen_invasion|wh2_dlc17_bst_malagor|wh2_dlc17_bst_taurox|wh2_main_bst_blooded_axe|wh2_main_bst_manblight|wh2_main_bst_ripper_horn|wh2_main_bst_shadowgor|wh2_main_bst_skrinderkin|wh2_main_bst_stone_horn|wh3_dlc27_bst_beastmen_dm|wh_dlc03_bst_beastmen|wh_dlc03_bst_beastmen_chaos|wh_dlc03_bst_beastmen_rebels|wh_dlc03_bst_jagged_horn|wh_dlc03_bst_redhorn|wh_dlc05_bst_morghur_herd,false,false,true,true,true,true,,,wh_dlc03_skill_node_set_bst_bray_shaman_shadows,,1,wizard,false,false,,,,wh_dlc03_skill_node_bst_bray_shaman_shadows_unique_03,wh_dlc03_skill_bst_bray_shaman_unique_many_limbed_friend,Many-Limbed Fiend,"Hurling themselves into battle, a whirlwind of appendages and weapons strike, unexpected and deadly.",character_attack.png,4,0,0,0,true,9,1,,,,,,,,,,,,,,,,,,,,,,,,,,,,,,,,,,,,,,,,,character_skill_nodes_tables,wh_dlc03_skill_node_bst_bray_shaman_shadows_unique_03
skill_level,warhammer_3,8.1.1,24237342,Beastmen,beastmen,wh_dlc03_sc_bst_beastmen,Bray-Shaman (Shadows),Bray_Shaman_Shadows,hero,wh_dlc03_bst_bray_shaman_shadows,wizard,wizard,wh2_dlc13_bst_beastmen_invasion|wh2_dlc17_bst_malagor|wh2_dlc17_bst_taurox|wh2_main_bst_blooded_axe|wh2_main_bst_manblight|wh2_main_bst_ripper_horn|wh2_main_bst_shadowgor|wh2_main_bst_skrinderkin|wh2_main_bst_stone_horn|wh3_dlc27_bst_beastmen_dm|wh_dlc03_bst_beastmen|wh_dlc03_bst_beastmen_chaos|wh_dlc03_bst_beastmen_rebels|wh_dlc03_bst_jagged_horn|wh_dlc03_bst_redhorn|wh_dlc05_bst_morghur_herd,false,false,true,true,true,true,,,wh_dlc03_skill_node_set_bst_bray_shaman_shadows,,1,wizard,false,false,,,,wh_dlc03_skill_node_bst_bray_shaman_shadows_unique_03,wh_dlc03_skill_bst_bray_shaman_unique_many_limbed_friend,Many-Limbed Fiend,"Hurling themselves into battle, a whirlwind of appendages and weapons strike, unexpected and deadly.",character_attack.png,4,0,0,0,true,9,1,1,Many-Limbed Fiend,"Hurling themselves into battle, a whirlwind of appendages and weapons strike, unexpected and deadly.",9,x,,,,,,,,,,,,,,,,,,,,,,,,,,,,,,,,,,,,character_skill_level_details_tables,wh_dlc03_skill_bst_bray_shaman_unique_many_limbed_friend|1|||
effect,warhammer_3,8.1.1,24237342,Beastmen,beastmen,wh_dlc03_sc_bst_beastmen,Bray-Shaman (Shadows),Bray_Shaman_Shadows,hero,wh_dlc03_bst_bray_shaman_shadows,wizard,wizard,wh2_dlc13_bst_beastmen_invasion|wh2_dlc17_bst_malagor|wh2_dlc17_bst_taurox|wh2_main_bst_blooded_axe|wh2_main_bst_manblight|wh2_main_bst_ripper_horn|wh2_main_bst_shadowgor|wh2_main_bst_skrinderkin|wh2_main_bst_stone_horn|wh3_dlc27_bst_beastmen_dm|wh_dlc03_bst_beastmen|wh_dlc03_bst_beastmen_chaos|wh_dlc03_bst_beastmen_rebels|wh_dlc03_bst_jagged_horn|wh_dlc03_bst_redhorn|wh_dlc05_bst_morghur_herd,false,false,true,true,true,true,,,wh_dlc03_skill_node_set_bst_bray_shaman_shadows,,1,wizard,false,false,,,,wh_dlc03_skill_node_bst_bray_shaman_shadows_unique_03,wh_dlc03_skill_bst_bray_shaman_unique_many_limbed_friend,Many-Limbed Fiend,"Hurling themselves into battle, a whirlwind of appendages and weapons strike, unexpected and deadly.",character_attack.png,4,0,0,0,true,9,1,1,Many-Limbed Fiend,"Hurling themselves into battle, a whirlwind of appendages and weapons strike, unexpected and deadly.",,,,,,wh_main_effect_character_stat_melee_attack,Melee attack: %+n,,character_to_character_own,15,both,130,true,melee_character.png,melee_character.png,,,,,,,,,,,,,,,,,,,,,,,character_skill_level_to_effects_junctions_tables,wh_dlc03_skill_bst_bray_shaman_unique_many_limbed_friend|wh_main_effect_character_stat_melee_attack|1|character_to_character_own
effect,warhammer_3,8.1.1,24237342,Beastmen,beastmen,wh_dlc03_sc_bst_beastmen,Bray-Shaman (Shadows),Bray_Shaman_Shadows,hero,wh_dlc03_bst_bray_shaman_shadows,wizard,wizard,wh2_dlc13_bst_beastmen_invasion|wh2_dlc17_bst_malagor|wh2_dlc17_bst_taurox|wh2_main_bst_blooded_axe|wh2_main_bst_manblight|wh2_main_bst_ripper_horn|wh2_main_bst_shadowgor|wh2_main_bst_skrinderkin|wh2_main_bst_stone_horn|wh3_dlc27_bst_beastmen_dm|wh_dlc03_bst_beastmen|wh_dlc03_bst_beastmen_chaos|wh_dlc03_bst_beastmen_rebels|wh_dlc03_bst_jagged_horn|wh_dlc03_bst_redhorn|wh_dlc05_bst_morghur_herd,false,false,true,true,true,true,,,wh_dlc03_skill_node_set_bst_bray_shaman_shadows,,1,wizard,false,false,,,,wh_dlc03_skill_node_bst_bray_shaman_shadows_unique_03,wh_dlc03_skill_bst_bray_shaman_unique_many_limbed_friend,Many-Limbed Fiend,"Hurling themselves into battle, a whirlwind of appendages and weapons strike, unexpected and deadly.",character_attack.png,4,0,0,0,true,9,1,1,Many-Limbed Fiend,"Hurling themselves into battle, a whirlwind of appendages and weapons strike, unexpected and deadly.",,,,,,wh_main_effect_character_stat_weapon_strength,Weapon strength: %+n%,,character_to_character_own,10,both,160,true,weapon_damage_character.png,weapon_damage_character.png,,,,,,,,,,,,,,,,,,,,,,,character_skill_level_to_effects_junctions_tables,wh_dlc03_skill_bst_bray_shaman_unique_many_limbed_friend|wh_main_effect_character_stat_weapon_strength|1|character_to_character_own
node,warhammer_3,8.1.1,24237342,Beastmen,beastmen,wh_dlc03_sc_bst_beastmen,Bray-Shaman (Shadows),Bray_Shaman_Shadows,hero,wh_dlc03_bst_bray_shaman_shadows,wizard,wizard,wh2_dlc13_bst_beastmen_invasion|wh2_dlc17_bst_malagor|wh2_dlc17_bst_taurox|wh2_main_bst_blooded_axe|wh2_main_bst_manblight|wh2_main_bst_ripper_horn|wh2_main_bst_shadowgor|wh2_main_bst_skrinderkin|wh2_main_bst_stone_horn|wh3_dlc27_bst_beastmen_dm|wh_dlc03_bst_beastmen|wh_dlc03_bst_beastmen_chaos|wh_dlc03_bst_beastmen_rebels|wh_dlc03_bst_jagged_horn|wh_dlc03_bst_redhorn|wh_dlc05_bst_morghur_herd,false,false,true,true,true,true,,,wh_dlc03_skill_node_set_bst_bray_shaman_shadows,,1,wizard,false,false,,,,wh_dlc03_skill_node_bst_bray_shaman_shadows_magic_05,wh_dlc05_skill_magic_shadow_penumbral_pendulum,The Penumbral Pendulum,"A spectral pendulum is summoned by the Wizard. On command, it swings, razor sharp and with lethal speed, through the foe.",wh_dlc05_spell_shadow_the_penumbral_pendulum.png,4,2,0,0,true,0,3,,,,,,,,,,,,,,,,,,,,,,,,,,,,,,,,,,,,,,,,,character_skill_nodes_tables,wh_dlc03_skill_node_bst_bray_shaman_shadows_magic_05
effect,warhammer_3,8.1.1,24237342,Beastmen,beastmen,wh_dlc03_sc_bst_beastmen,Bray-Shaman (Shadows),Bray_Shaman_Shadows,hero,wh_dlc03_bst_bray_shaman_shadows,wizard,wizard,wh2_dlc13_bst_beastmen_invasion|wh2_dlc17_bst_malagor|wh2_dlc17_bst_taurox|wh2_main_bst_blooded_axe|wh2_main_bst_manblight|wh2_main_bst_ripper_horn|wh2_main_bst_shadowgor|wh2_main_bst_skrinderkin|wh2_main_bst_stone_horn|wh3_dlc27_bst_beastmen_dm|wh_dlc03_bst_beastmen|wh_dlc03_bst_beastmen_chaos|wh_dlc03_bst_beastmen_rebels|wh_dlc03_bst_jagged_horn|wh_dlc03_bst_redhorn|wh_dlc05_bst_morghur_herd,false,false,true,true,true,true,,,wh_dlc03_skill_node_set_bst_bray_shaman_shadows,,1,wizard,false,false,,,,wh_dlc03_skill_node_bst_bray_shaman_shadows_magic_05,wh_dlc05_skill_magic_shadow_penumbral_pendulum,The Penumbral Pendulum,"A spectral pendulum is summoned by the Wizard. On command, it swings, razor sharp and with lethal speed, through the foe.",wh_dlc05_spell_shadow_the_penumbral_pendulum.png,4,2,0,0,true,0,3,1,The Penumbral Pendulum,"A spectral pendulum is summoned by the Wizard. On command, it swings, razor sharp and with lethal speed, through the foe.",,,,,,wh_dlc05_effect_ability_enable_penumbral_pendulum,"Spell: ""The Penumbral Pendulum""",,character_to_character_own,1,battle,290,true,magic_character.png,magic_character.png,,,,,,,,,,,,,,,,,,,,,,,character_skill_level_to_effects_junctions_tables,wh_dlc05_skill_magic_shadow_penumbral_pendulum|wh_dlc05_effect_ability_enable_penumbral_pendulum|1|character_to_character_own
effect,warhammer_3,8.1.1,24237342,Beastmen,beastmen,wh_dlc03_sc_bst_beastmen,Bray-Shaman (Shadows),Bray_Shaman_Shadows,hero,wh_dlc03_bst_bray_shaman_shadows,wizard,wizard,wh2_dlc13_bst_beastmen_invasion|wh2_dlc17_bst_malagor|wh2_dlc17_bst_taurox|wh2_main_bst_blooded_axe|wh2_main_bst_manblight|wh2_main_bst_ripper_horn|wh2_main_bst_shadowgor|wh2_main_bst_skrinderkin|wh2_main_bst_stone_horn|wh3_dlc27_bst_beastmen_dm|wh_dlc03_bst_beastmen|wh_dlc03_bst_beastmen_chaos|wh_dlc03_bst_beastmen_rebels|wh_dlc03_bst_jagged_horn|wh_dlc03_bst_redhorn|wh_dlc05_bst_morghur_herd,false,false,true,true,true,true,,,wh_dlc03_skill_node_set_bst_bray_shaman_shadows,,1,wizard,false,false,,,,wh_dlc03_skill_node_bst_bray_shaman_shadows_magic_05,wh_dlc05_skill_magic_shadow_penumbral_pendulum,The Penumbral Pendulum,"A spectral pendulum is summoned by the Wizard. On command, it swings, razor sharp and with lethal speed, through the foe.",wh_dlc05_spell_shadow_the_penumbral_pendulum.png,4,2,0,0,true,0,3,2,The Penumbral Pendulum,"A spectral pendulum is summoned by the Wizard. On command, it swings, razor sharp and with lethal speed, through the foe.",,,,,,wh_dlc05_effect_ability_cooldown_penumbral_pendulum,"Cooldown: %+n% to ""The Penumbral Pendulum""",,character_to_character_own,-30,both,293,false,magic_cooldown.png,magic_cooldown.png,,,,,,,,,,,,,,,,,,,,,,,character_skill_level_to_effects_junctions_tables,wh_dlc05_skill_magic_shadow_penumbral_pendulum|wh_dlc05_effect_ability_cooldown_penumbral_pendulum|2|character_to_character_own
effect,warhammer_3,8.1.1,24237342,Beastmen,beastmen,wh_dlc03_sc_bst_beastmen,Bray-Shaman (Shadows),Bray_Shaman_Shadows,hero,wh_dlc03_bst_bray_shaman_shadows,wizard,wizard,wh2_dlc13_bst_beastmen_invasion|wh2_dlc17_bst_malagor|wh2_dlc17_bst_taurox|wh2_main_bst_blooded_axe|wh2_main_bst_manblight|wh2_main_bst_ripper_horn|wh2_main_bst_shadowgor|wh2_main_bst_skrinderkin|wh2_main_bst_stone_horn|wh3_dlc27_bst_beastmen_dm|wh_dlc03_bst_beastmen|wh_dlc03_bst_beastmen_chaos|wh_dlc03_bst_beastmen_rebels|wh_dlc03_bst_jagged_horn|wh_dlc03_bst_redhorn|wh_dlc05_bst_morghur_herd,false,false,true,true,true,true,,,wh_dlc03_skill_node_set_bst_bray_shaman_shadows,,1,wizard,false,false,,,,wh_dlc03_skill_node_bst_bray_shaman_shadows_magic_05,wh_dlc05_skill_magic_shadow_penumbral_pendulum,The Penumbral Pendulum,"A spectral pendulum is summoned by the Wizard. On command, it swings, razor sharp and with lethal speed, through the foe.",wh_dlc05_spell_shadow_the_penumbral_pendulum.png,4,2,0,0,true,0,3,2,The Penumbral Pendulum,"A spectral pendulum is summoned by the Wizard. On command, it swings, razor sharp and with lethal speed, through the foe.",,,,,,wh2_main_effect_ability_overcast_penumbral_pendulum,"Overcast spell: ""The Penumbral Pendulum Upgraded""",,character_to_character_own,1,both,292,true,magic_character.png,magic_character.png,,,,,,,,,,,,,,,,,,,,,,,character_skill_level_to_effects_junctions_tables,wh_dlc05_skill_magic_shadow_penumbral_pendulum|wh2_main_effect_ability_overcast_penumbral_pendulum|2|character_to_character_own
effect,warhammer_3,8.1.1,24237342,Beastmen,beastmen,wh_dlc03_sc_bst_beastmen,Bray-Shaman (Shadows),Bray_Shaman_Shadows,hero,wh_dlc03_bst_bray_shaman_shadows,wizard,wizard,wh2_dlc13_bst_beastmen_invasion|wh2_dlc17_bst_malagor|wh2_dlc17_bst_taurox|wh2_main_bst_blooded_axe|wh2_main_bst_manblight|wh2_main_bst_ripper_horn|wh2_main_bst_shadowgor|wh2_main_bst_skrinderkin|wh2_main_bst_stone_horn|wh3_dlc27_bst_beastmen_dm|wh_dlc03_bst_beastmen|wh_dlc03_bst_beastmen_chaos|wh_dlc03_bst_beastmen_rebels|wh_dlc03_bst_jagged_horn|wh_dlc03_bst_redhorn|wh_dlc05_bst_morghur_herd,false,false,true,true,true,true,,,wh_dlc03_skill_node_set_bst_bray_shaman_shadows,,1,wizard,false,false,,,,wh_dlc03_skill_node_bst_bray_shaman_shadows_magic_05,wh_dlc05_skill_magic_shadow_penumbral_pendulum,The Penumbral Pendulum,"A spectral pendulum is summoned by the Wizard. On command, it swings, razor sharp and with lethal speed, through the foe.",wh_dlc05_spell_shadow_the_penumbral_pendulum.png,4,2,0,0,true,0,3,3,The Penumbral Pendulum,"A spectral pendulum is summoned by the Wizard. On command, it swings, razor sharp and with lethal speed, through the foe.",,,,,,wh_dlc05_effect_ability_cooldown_penumbral_pendulum,"Cooldown: %+n% to ""The Penumbral Pendulum""",,character_to_character_own,-50,both,293,false,magic_cooldown.png,magic_cooldown.png,,,,,,,,,,,,,,,,,,,,,,,character_skill_level_to_effects_junctions_tables,wh_dlc05_skill_magic_shadow_penumbral_pendulum|wh_dlc05_effect_ability_cooldown_penumbral_pendulum|3|character_to_character_own
effect,warhammer_3,8.1.1,24237342,Beastmen,beastmen,wh_dlc03_sc_bst_beastmen,Bray-Shaman (Shadows),Bray_Shaman_Shadows,hero,wh_dlc03_bst_bray_shaman_shadows,wizard,wizard,wh2_dlc13_bst_beastmen_invasion|wh2_dlc17_bst_malagor|wh2_dlc17_bst_taurox|wh2_main_bst_blooded_axe|wh2_main_bst_manblight|wh2_main_bst_ripper_horn|wh2_main_bst_shadowgor|wh2_main_bst_skrinderkin|wh2_main_bst_stone_horn|wh3_dlc27_bst_beastmen_dm|wh_dlc03_bst_beastmen|wh_dlc03_bst_beastmen_chaos|wh_dlc03_bst_beastmen_rebels|wh_dlc03_bst_jagged_horn|wh_dlc03_bst_redhorn|wh_dlc05_bst_morghur_herd,false,false,true,true,true,true,,,wh_dlc03_skill_node_set_bst_bray_shaman_shadows,,1,wizard,false,false,,,,wh_dlc03_skill_node_bst_bray_shaman_shadows_magic_05,wh_dlc05_skill_magic_shadow_penumbral_pendulum,The Penumbral Pendulum,"A spectral pendulum is summoned by the Wizard. On command, it swings, razor sharp and with lethal speed, through the foe.",wh_dlc05_spell_shadow_the_penumbral_pendulum.png,4,2,0,0,true,0,3,3,The Penumbral Pendulum,"A spectral pendulum is summoned by the Wizard. On command, it swings, razor sharp and with lethal speed, through the foe.",,,,,,wh2_main_effect_ability_miscast_penumbral_pendulum_upgraded,"Miscast base chance: %+n% for ""The Penumbral Pendulum Upgraded""",,character_to_character_own,-15,both,298,false,magic.png,magic.png,,,,,,,,,,,,,,,,,,,,,,,character_skill_level_to_effects_junctions_tables,wh_dlc05_skill_magic_shadow_penumbral_pendulum|wh2_main_effect_ability_miscast_penumbral_pendulum_upgraded|3|character_to_character_own
effect,warhammer_3,8.1.1,24237342,Beastmen,beastmen,wh_dlc03_sc_bst_beastmen,Bray-Shaman (Shadows),Bray_Shaman_Shadows,hero,wh_dlc03_bst_bray_shaman_shadows,wizard,wizard,wh2_dlc13_bst_beastmen_invasion|wh2_dlc17_bst_malagor|wh2_dlc17_bst_taurox|wh2_main_bst_blooded_axe|wh2_main_bst_manblight|wh2_main_bst_ripper_horn|wh2_main_bst_shadowgor|wh2_main_bst_skrinderkin|wh2_main_bst_stone_horn|wh3_dlc27_bst_beastmen_dm|wh_dlc03_bst_beastmen|wh_dlc03_bst_beastmen_chaos|wh_dlc03_bst_beastmen_rebels|wh_dlc03_bst_jagged_horn|wh_dlc03_bst_redhorn|wh_dlc05_bst_morghur_herd,false,false,true,true,true,true,,,wh_dlc03_skill_node_set_bst_bray_shaman_shadows,,1,wizard,false,false,,,,wh_dlc03_skill_node_bst_bray_shaman_shadows_magic_05,wh_dlc05_skill_magic_shadow_penumbral_pendulum,The Penumbral Pendulum,"A spectral pendulum is summoned by the Wizard. On command, it swings, razor sharp and with lethal speed, through the foe.",wh_dlc05_spell_shadow_the_penumbral_pendulum.png,4,2,0,0,true,0,3,3,The Penumbral Pendulum,"A spectral pendulum is summoned by the Wizard. On command, it swings, razor sharp and with lethal speed, through the foe.",,,,,,wh2_main_effect_ability_overcast_penumbral_pendulum,"Overcast spell: ""The Penumbral Pendulum Upgraded""",,character_to_character_own,1,both,292,true,magic_character.png,magic_character.png,,,,,,,,,,,,,,,,,,,,,,,character_skill_level_to_effects_junctions_tables,wh_dlc05_skill_magic_shadow_penumbral_pendulum|wh2_main_effect_ability_overcast_penumbral_pendulum|3|character_to_character_own
effect,warhammer_3,8.1.1,24237342,Beastmen,beastmen,wh_dlc03_sc_bst_beastmen,Bray-Shaman (Shadows),Bray_Shaman_Shadows,hero,wh_dlc03_bst_bray_shaman_shadows,wizard,wizard,wh2_dlc13_bst_beastmen_invasion|wh2_dlc17_bst_malagor|wh2_dlc17_bst_taurox|wh2_main_bst_blooded_axe|wh2_main_bst_manblight|wh2_main_bst_ripper_horn|wh2_main_bst_shadowgor|wh2_main_bst_skrinderkin|wh2_main_bst_stone_horn|wh3_dlc27_bst_beastmen_dm|wh_dlc03_bst_beastmen|wh_dlc03_bst_beastmen_chaos|wh_dlc03_bst_beastmen_rebels|wh_dlc03_bst_jagged_horn|wh_dlc03_bst_redhorn|wh_dlc05_bst_morghur_herd,false,false,true,true,true,true,,,wh_dlc03_skill_node_set_bst_bray_shaman_shadows,,1,wizard,false,false,,,,wh_dlc03_skill_node_bst_bray_shaman_shadows_magic_05,wh_dlc05_skill_magic_shadow_penumbral_pendulum,The Penumbral Pendulum,"A spectral pendulum is summoned by the Wizard. On command, it swings, razor sharp and with lethal speed, through the foe.",wh_dlc05_spell_shadow_the_penumbral_pendulum.png,4,2,0,0,true,0,3,3,The Penumbral Pendulum,"A spectral pendulum is summoned by the Wizard. On command, it swings, razor sharp and with lethal speed, through the foe.",,,,,,wh2_main_effect_ability_wom_cost_penumbral_pendulum,"Winds of Magic cost: %n for ""The Penumbral Pendulum""",,character_to_character_own,-2,both,294,false,magic_character.png,magic_character.png,,,,,,,,,,,,,,,,,,,,,,,character_skill_level_to_effects_junctions_tables,wh_dlc05_skill_magic_shadow_penumbral_pendulum|wh2_main_effect_ability_wom_cost_penumbral_pendulum|3|character_to_character_own
effect,warhammer_3,8.1.1,24237342,Beastmen,beastmen,wh_dlc03_sc_bst_beastmen,Bray-Shaman (Shadows),Bray_Shaman_Shadows,hero,wh_dlc03_bst_bray_shaman_shadows,wizard,wizard,wh2_dlc13_bst_beastmen_invasion|wh2_dlc17_bst_malagor|wh2_dlc17_bst_taurox|wh2_main_bst_blooded_axe|wh2_main_bst_manblight|wh2_main_bst_ripper_horn|wh2_main_bst_shadowgor|wh2_main_bst_skrinderkin|wh2_main_bst_stone_horn|wh3_dlc27_bst_beastmen_dm|wh_dlc03_bst_beastmen|wh_dlc03_bst_beastmen_chaos|wh_dlc03_bst_beastmen_rebels|wh_dlc03_bst_jagged_horn|wh_dlc03_bst_redhorn|wh_dlc05_bst_morghur_herd,false,false,true,true,true,true,,,wh_dlc03_skill_node_set_bst_bray_shaman_shadows,,1,wizard,false,false,,,,wh_dlc03_skill_node_bst_bray_shaman_shadows_magic_05,wh_dlc05_skill_magic_shadow_penumbral_pendulum,The Penumbral Pendulum,"A spectral pendulum is summoned by the Wizard. On command, it swings, razor sharp and with lethal speed, through the foe.",wh_dlc05_spell_shadow_the_penumbral_pendulum.png,4,2,0,0,true,0,3,3,The Penumbral Pendulum,"A spectral pendulum is summoned by the Wizard. On command, it swings, razor sharp and with lethal speed, through the foe.",,,,,,wh2_main_effect_ability_wom_cost_penumbral_pendulum_upgraded,"Winds of Magic cost: %n for ""The Penumbral Pendulum Upgraded""",,character_to_character_own,-3,both,295,false,magic_character.png,magic_character.png,,,,,,,,,,,,,,,,,,,,,,,character_skill_level_to_effects_junctions_tables,wh_dlc05_skill_magic_shadow_penumbral_pendulum|wh2_main_effect_ability_wom_cost_penumbral_pendulum_upgraded|3|character_to_character_own
node,warhammer_3,8.1.1,24237342,Beastmen,beastmen,wh_dlc03_sc_bst_beastmen,Bray-Shaman (Shadows),Bray_Shaman_Shadows,hero,wh_dlc03_bst_bray_shaman_shadows,wizard,wizard,wh2_dlc13_bst_beastmen_invasion|wh2_dlc17_bst_malagor|wh2_dlc17_bst_taurox|wh2_main_bst_blooded_axe|wh2_main_bst_manblight|wh2_main_bst_ripper_horn|wh2_main_bst_shadowgor|wh2_main_bst_skrinderkin|wh2_main_bst_stone_horn|wh3_dlc27_bst_beastmen_dm|wh_dlc03_bst_beastmen|wh_dlc03_bst_beastmen_chaos|wh_dlc03_bst_beastmen_rebels|wh_dlc03_bst_jagged_horn|wh_dlc03_bst_redhorn|wh_dlc05_bst_morghur_herd,false,false,true,true,true,true,,,wh_dlc03_skill_node_set_bst_bray_shaman_shadows,,1,wizard,false,false,,,,wh_dlc03_skill_node_bst_bray_shaman_shadows_campaign_05,wh2_main_skill_all_hero_hinder_army_block_army,{{tr:agent_action_name_block_army}},"To sow discord and confuse the enemy, sending them down the wrong route or befuddling their senses.",campaign_movement.png,4,5,0,0,true,0,3,,,,,,,,,,,,,,,,,,,,,,,,,,,,,,,,,,,,,,,,,character_skill_nodes_tables,wh_dlc03_skill_node_bst_bray_shaman_shadows_campaign_05
skill_level,warhammer_3,8.1.1,24237342,Beastmen,beastmen,wh_dlc03_sc_bst_beastmen,Bray-Shaman (Shadows),Bray_Shaman_Shadows,hero,wh_dlc03_bst_bray_shaman_shadows,wizard,wizard,wh2_dlc13_bst_beastmen_invasion|wh2_dlc17_bst_malagor|wh2_dlc17_bst_taurox|wh2_main_bst_blooded_axe|wh2_main_bst_manblight|wh2_main_bst_ripper_horn|wh2_main_bst_shadowgor|wh2_main_bst_skrinderkin|wh2_main_bst_stone_horn|wh3_dlc27_bst_beastmen_dm|wh_dlc03_bst_beastmen|wh_dlc03_bst_beastmen_chaos|wh_dlc03_bst_beastmen_rebels|wh_dlc03_bst_jagged_horn|wh_dlc03_bst_redhorn|wh_dlc05_bst_morghur_herd,false,false,true,true,true,true,,,wh_dlc03_skill_node_set_bst_bray_shaman_shadows,,1,wizard,false,false,,,,wh_dlc03_skill_node_bst_bray_shaman_shadows_campaign_05,wh2_main_skill_all_hero_hinder_army_block_army,{{tr:agent_action_name_block_army}},"To sow discord and confuse the enemy, sending them down the wrong route or befuddling their senses.",campaign_movement.png,4,5,0,0,true,0,3,2,{{tr:agent_action_name_block_army}},"To sow discord and confuse the enemy, sending them down the wrong route or befuddling their senses.",4,x,,,,,,,,,,,,,,,,,,,,,,,,,,,,,,,,,,,,character_skill_level_details_tables,wh2_main_skill_all_hero_hinder_army_block_army|2|||
skill_level,warhammer_3,8.1.1,24237342,Beastmen,beastmen,wh_dlc03_sc_bst_beastmen,Bray-Shaman (Shadows),Bray_Shaman_Shadows,hero,wh_dlc03_bst_bray_shaman_shadows,wizard,wizard,wh2_dlc13_bst_beastmen_invasion|wh2_dlc17_bst_malagor|wh2_dlc17_bst_taurox|wh2_main_bst_blooded_axe|wh2_main_bst_manblight|wh2_main_bst_ripper_horn|wh2_main_bst_shadowgor|wh2_main_bst_skrinderkin|wh2_main_bst_stone_horn|wh3_dlc27_bst_beastmen_dm|wh_dlc03_bst_beastmen|wh_dlc03_bst_beastmen_chaos|wh_dlc03_bst_beastmen_rebels|wh_dlc03_bst_jagged_horn|wh_dlc03_bst_redhorn|wh_dlc05_bst_morghur_herd,false,false,true,true,true,true,,,wh_dlc03_skill_node_set_bst_bray_shaman_shadows,,1,wizard,false,false,,,,wh_dlc03_skill_node_bst_bray_shaman_shadows_campaign_05,wh2_main_skill_all_hero_hinder_army_block_army,{{tr:agent_action_name_block_army}},"To sow discord and confuse the enemy, sending them down the wrong route or befuddling their senses.",campaign_movement.png,4,5,0,0,true,0,3,3,{{tr:agent_action_name_block_army}},"To sow discord and confuse the enemy, sending them down the wrong route or befuddling their senses.",9,x,,,,,,,,,,,,,,,,,,,,,,,,,,,,,,,,,,,,character_skill_level_details_tables,wh2_main_skill_all_hero_hinder_army_block_army|3|||
effect,warhammer_3,8.1.1,24237342,Beastmen,beastmen,wh_dlc03_sc_bst_beastmen,Bray-Shaman (Shadows),Bray_Shaman_Shadows,hero,wh_dlc03_bst_bray_shaman_shadows,wizard,wizard,wh2_dlc13_bst_beastmen_invasion|wh2_dlc17_bst_malagor|wh2_dlc17_bst_taurox|wh2_main_bst_blooded_axe|wh2_main_bst_manblight|wh2_main_bst_ripper_horn|wh2_main_bst_shadowgor|wh2_main_bst_skrinderkin|wh2_main_bst_stone_horn|wh3_dlc27_bst_beastmen_dm|wh_dlc03_bst_beastmen|wh_dlc03_bst_beastmen_chaos|wh_dlc03_bst_beastmen_rebels|wh_dlc03_bst_jagged_horn|wh_dlc03_bst_redhorn|wh_dlc05_bst_morghur_herd,false,false,true,true,true,true,,,wh_dlc03_skill_node_set_bst_bray_shaman_shadows,,1,wizard,false,false,,,,wh_dlc03_skill_node_bst_bray_shaman_shadows_campaign_05,wh2_main_skill_all_hero_hinder_army_block_army,{{tr:agent_action_name_block_army}},"To sow discord and confuse the enemy, sending them down the wrong route or befuddling their senses.",campaign_movement.png,4,5,0,0,true,0,3,1,{{tr:agent_action_name_block_army}},"To sow discord and confuse the enemy, sending them down the wrong route or befuddling their senses.",,,,,,wh2_main_effect_agent_action_hinder_army_block_army_buff,[[col:yellow]]{{tr:agent_action_name_block_army}}[[/col]] action: Movement range is modified by an additional %n%,[[col:yellow]]{{tr:agent_action_name_block_army}}[[/col]] (Target: Army)\\nModifies the campaign movement range of the target army.,character_to_character_own,-3,campaign,11,false,campaign_movement.png,campaign_movement.png,,,,,,,,,,,,,,,,,,,,,,,character_skill_level_to_effects_junctions_tables,wh2_main_skill_all_hero_hinder_army_block_army|wh2_main_effect_agent_action_hinder_army_block_army_buff|1|character_to_character_own
effect,warhammer_3,8.1.1,24237342,Beastmen,beastmen,wh_dlc03_sc_bst_beastmen,Bray-Shaman (Shadows),Bray_Shaman_Shadows,hero,wh_dlc03_bst_bray_shaman_shadows,wizard,wizard,wh2_dlc13_bst_beastmen_invasion|wh2_dlc17_bst_malagor|wh2_dlc17_bst_taurox|wh2_main_bst_blooded_axe|wh2_main_bst_manblight|wh2_main_bst_ripper_horn|wh2_main_bst_shadowgor|wh2_main_bst_skrinderkin|wh2_main_bst_stone_horn|wh3_dlc27_bst_beastmen_dm|wh_dlc03_bst_beastmen|wh_dlc03_bst_beastmen_chaos|wh_dlc03_bst_beastmen_rebels|wh_dlc03_bst_jagged_horn|wh_dlc03_bst_redhorn|wh_dlc05_bst_morghur_herd,false,false,true,true,true,true,,,wh_dlc03_skill_node_set_bst_bray_shaman_shadows,,1,wizard,false,false,,,,wh_dlc03_skill_node_bst_bray_shaman_shadows_campaign_05,wh2_main_skill_all_hero_hinder_army_block_army,{{tr:agent_action_name_block_army}},"To sow discord and confuse the enemy, sending them down the wrong route or befuddling their senses.",campaign_movement.png,4,5,0,0,true,0,3,2,{{tr:agent_action_name_block_army}},"To sow discord and confuse the enemy, sending them down the wrong route or befuddling their senses.",,,,,,wh2_main_effect_agent_action_hinder_army_block_army_buff,[[col:yellow]]{{tr:agent_action_name_block_army}}[[/col]] action: Movement range is modified by an additional %n%,[[col:yellow]]{{tr:agent_action_name_block_army}}[[/col]] (Target: Army)\\nModifies the campaign movement range of the target army.,character_to_character_own,-8,campaign,11,false,campaign_movement.png,campaign_movement.png,,,,,,,,,,,,,,,,,,,,,,,character_skill_level_to_effects_junctions_tables,wh2_main_skill_all_hero_hinder_army_block_army|wh2_main_effect_agent_action_hinder_army_block_army_buff|2|character_to_character_own
effect,warhammer_3,8.1.1,24237342,Beastmen,beastmen,wh_dlc03_sc_bst_beastmen,Bray-Shaman (Shadows),Bray_Shaman_Shadows,hero,wh_dlc03_bst_bray_shaman_shadows,wizard,wizard,wh2_dlc13_bst_beastmen_invasion|wh2_dlc17_bst_malagor|wh2_dlc17_bst_taurox|wh2_main_bst_blooded_axe|wh2_main_bst_manblight|wh2_main_bst_ripper_horn|wh2_main_bst_shadowgor|wh2_main_bst_skrinderkin|wh2_main_bst_stone_horn|wh3_dlc27_bst_beastmen_dm|wh_dlc03_bst_beastmen|wh_dlc03_bst_beastmen_chaos|wh_dlc03_bst_beastmen_rebels|wh_dlc03_bst_jagged_horn|wh_dlc03_bst_redhorn|wh_dlc05_bst_morghur_herd,false,false,true,true,true,true,,,wh_dlc03_skill_node_set_bst_bray_shaman_shadows,,1,wizard,false,false,,,,wh_dlc03_skill_node_bst_bray_shaman_shadows_campaign_05,wh2_main_skill_all_hero_hinder_army_block_army,{{tr:agent_action_name_block_army}},"To sow discord and confuse the enemy, sending them down the wrong route or befuddling their senses.",campaign_movement.png,4,5,0,0,true,0,3,3,{{tr:agent_action_name_block_army}},"To sow discord and confuse the enemy, sending them down the wrong route or befuddling their senses.",,,,,,wh2_main_effect_agent_action_hinder_army_block_army_buff,[[col:yellow]]{{tr:agent_action_name_block_army}}[[/col]] action: Movement range is modified by an additional %n%,[[col:yellow]]{{tr:agent_action_name_block_army}}[[/col]] (Target: Army)\\nModifies the campaign movement range of the target army.,character_to_character_own,-15,campaign,11,false,campaign_movement.png,campaign_movement.png,,,,,,,,,,,,,,,,,,,,,,,character_skill_level_to_effects_junctions_tables,wh2_main_skill_all_hero_hinder_army_block_army|wh2_main_effect_agent_action_hinder_army_block_army_buff|3|character_to_character_own
node,warhammer_3,8.1.1,24237342,Beastmen,beastmen,wh_dlc03_sc_bst_beastmen,Bray-Shaman (Shadows),Bray_Shaman_Shadows,hero,wh_dlc03_bst_bray_shaman_shadows,wizard,wizard,wh2_dlc13_bst_beastmen_invasion|wh2_dlc17_bst_malagor|wh2_dlc17_bst_taurox|wh2_main_bst_blooded_axe|wh2_main_bst_manblight|wh2_main_bst_ripper_horn|wh2_main_bst_shadowgor|wh2_main_bst_skrinderkin|wh2_main_bst_stone_horn|wh3_dlc27_bst_beastmen_dm|wh_dlc03_bst_beastmen|wh_dlc03_bst_beastmen_chaos|wh_dlc03_bst_beastmen_rebels|wh_dlc03_bst_jagged_horn|wh_dlc03_bst_redhorn|wh_dlc05_bst_morghur_herd,false,false,true,true,true,true,,,wh_dlc03_skill_node_set_bst_bray_shaman_shadows,,1,wizard,false,false,,,,wh_dlc03_skill_node_bst_bray_shaman_shadows_innate_05,wh2_main_skill_innate_bst_unsated_bloodthirst,Unsated Bloodthirst,"Sometimes, letting so much blood that the soil itself is stained just isn't enough. And it will never be.",trait_beastmen.png,4,6,0,0,false,0,1,,,,,,,,,,,,,,,,,,,,,,,,,,,,,,,,,,,,,,,,,character_skill_nodes_tables,wh_dlc03_skill_node_bst_bray_shaman_shadows_innate_05
effect,warhammer_3,8.1.1,24237342,Beastmen,beastmen,wh_dlc03_sc_bst_beastmen,Bray-Shaman (Shadows),Bray_Shaman_Shadows,hero,wh_dlc03_bst_bray_shaman_shadows,wizard,wizard,wh2_dlc13_bst_beastmen_invasion|wh2_dlc17_bst_malagor|wh2_dlc17_bst_taurox|wh2_main_bst_blooded_axe|wh2_main_bst_manblight|wh2_main_bst_ripper_horn|wh2_main_bst_shadowgor|wh2_main_bst_skrinderkin|wh2_main_bst_stone_horn|wh3_dlc27_bst_beastmen_dm|wh_dlc03_bst_beastmen|wh_dlc03_bst_beastmen_chaos|wh_dlc03_bst_beastmen_rebels|wh_dlc03_bst_jagged_horn|wh_dlc03_bst_redhorn|wh_dlc05_bst_morghur_herd,false,false,true,true,true,true,,,wh_dlc03_skill_node_set_bst_bray_shaman_shadows,,1,wizard,false,false,,,,wh_dlc03_skill_node_bst_bray_shaman_shadows_innate_05,wh2_main_skill_innate_bst_unsated_bloodthirst,Unsated Bloodthirst,"Sometimes, letting so much blood that the soil itself is stained just isn't enough. And it will never be.",trait_beastmen.png,4,6,0,0,false,0,1,1,Unsated Bloodthirst,"Sometimes, letting so much blood that the soil itself is stained just isn't enough. And it will never be.",,,,,,wh_dlc03_effect_force_stat_weapon_strength_minotaurs,Weapon strength: %+n% for Minotaur units,,character_to_force_own,10,battle,461,true,weapon_damage.png,weapon_damage.png,,,,,,,,,,,,,,,,,,,,,,,character_skill_level_to_effects_junctions_tables,wh2_main_skill_innate_bst_unsated_bloodthirst|wh_dlc03_effect_force_stat_weapon_strength_minotaurs|1|character_to_force_own
effect,warhammer_3,8.1.1,24237342,Beastmen,beastmen,wh_dlc03_sc_bst_beastmen,Bray-Shaman (Shadows),Bray_Shaman_Shadows,hero,wh_dlc03_bst_bray_shaman_shadows,wizard,wizard,wh2_dlc13_bst_beastmen_invasion|wh2_dlc17_bst_malagor|wh2_dlc17_bst_taurox|wh2_main_bst_blooded_axe|wh2_main_bst_manblight|wh2_main_bst_ripper_horn|wh2_main_bst_shadowgor|wh2_main_bst_skrinderkin|wh2_main_bst_stone_horn|wh3_dlc27_bst_beastmen_dm|wh_dlc03_bst_beastmen|wh_dlc03_bst_beastmen_chaos|wh_dlc03_bst_beastmen_rebels|wh_dlc03_bst_jagged_horn|wh_dlc03_bst_redhorn|wh_dlc05_bst_morghur_herd,false,false,true,true,true,true,,,wh_dlc03_skill_node_set_bst_bray_shaman_shadows,,1,wizard,false,false,,,,wh_dlc03_skill_node_bst_bray_shaman_shadows_innate_05,wh2_main_skill_innate_bst_unsated_bloodthirst,Unsated Bloodthirst,"Sometimes, letting so much blood that the soil itself is stained just isn't enough. And it will never be.",trait_beastmen.png,4,6,0,0,false,0,1,1,Unsated Bloodthirst,"Sometimes, letting so much blood that the soil itself is stained just isn't enough. And it will never be.",,,,,,wh_main_effect_character_stat_ap_damage,Armour-piercing weapon damage: %+n,,character_to_character_own,65,both,170,true,armour_piercing_character.png,armour_piercing_character.png,,,,,,,,,,,,,,,,,,,,,,,character_skill_level_to_effects_junctions_tables,wh2_main_skill_innate_bst_unsated_bloodthirst|wh_main_effect_character_stat_ap_damage|1|character_to_character_own
effect,warhammer_3,8.1.1,24237342,Beastmen,beastmen,wh_dlc03_sc_bst_beastmen,Bray-Shaman (Shadows),Bray_Shaman_Shadows,hero,wh_dlc03_bst_bray_shaman_shadows,wizard,wizard,wh2_dlc13_bst_beastmen_invasion|wh2_dlc17_bst_malagor|wh2_dlc17_bst_taurox|wh2_main_bst_blooded_axe|wh2_main_bst_manblight|wh2_main_bst_ripper_horn|wh2_main_bst_shadowgor|wh2_main_bst_skrinderkin|wh2_main_bst_stone_horn|wh3_dlc27_bst_beastmen_dm|wh_dlc03_bst_beastmen|wh_dlc03_bst_beastmen_chaos|wh_dlc03_bst_beastmen_rebels|wh_dlc03_bst_jagged_horn|wh_dlc03_bst_redhorn|wh_dlc05_bst_morghur_herd,false,false,true,true,true,true,,,wh_dlc03_skill_node_set_bst_bray_shaman_shadows,,1,wizard,false,false,,,,wh_dlc03_skill_node_bst_bray_shaman_shadows_innate_05,wh2_main_skill_innate_bst_unsated_bloodthirst,Unsated Bloodthirst,"Sometimes, letting so much blood that the soil itself is stained just isn't enough. And it will never be.",trait_beastmen.png,4,6,0,0,false,0,1,1,Unsated Bloodthirst,"Sometimes, letting so much blood that the soil itself is stained just isn't enough. And it will never be.",,,,,,wh_main_effect_character_stat_weapon_strength,Weapon strength: %+n%,,character_to_character_own,15,both,160,true,weapon_damage_character.png,weapon_damage_character.png,,,,,,,,,,,,,,,,,,,,,,,character_skill_level_to_effects_junctions_tables,wh2_main_skill_innate_bst_unsated_bloodthirst|wh_main_effect_character_stat_weapon_strength|1|character_to_character_own
effect,warhammer_3,8.1.1,24237342,Beastmen,beastmen,wh_dlc03_sc_bst_beastmen,Bray-Shaman (Shadows),Bray_Shaman_Shadows,hero,wh_dlc03_bst_bray_shaman_shadows,wizard,wizard,wh2_dlc13_bst_beastmen_invasion|wh2_dlc17_bst_malagor|wh2_dlc17_bst_taurox|wh2_main_bst_blooded_axe|wh2_main_bst_manblight|wh2_main_bst_ripper_horn|wh2_main_bst_shadowgor|wh2_main_bst_skrinderkin|wh2_main_bst_stone_horn|wh3_dlc27_bst_beastmen_dm|wh_dlc03_bst_beastmen|wh_dlc03_bst_beastmen_chaos|wh_dlc03_bst_beastmen_rebels|wh_dlc03_bst_jagged_horn|wh_dlc03_bst_redhorn|wh_dlc05_bst_morghur_herd,false,false,true,true,true,true,,,wh_dlc03_skill_node_set_bst_bray_shaman_shadows,,1,wizard,false,false,,,,wh_dlc03_skill_node_bst_bray_shaman_shadows_innate_05,wh2_main_skill_innate_bst_unsated_bloodthirst,Unsated Bloodthirst,"Sometimes, letting so much blood that the soil itself is stained just isn't enough. And it will never be.",trait_beastmen.png,4,6,0,0,false,0,1,1,Unsated Bloodthirst,"Sometimes, letting so much blood that the soil itself is stained just isn't enough. And it will never be.",,,,,,wh2_dlc17_effect_ability_enable_bloodgreed,"Passive ability: ""Bloodgreed""",,character_to_character_own,1,battle,600,true,general_ability.png,general_ability.png,,,,,,,,,,,,,,,,,,,,,,,character_skill_level_to_effects_junctions_tables,wh2_main_skill_innate_bst_unsated_bloodthirst|wh2_dlc17_effect_ability_enable_bloodgreed|1|character_to_character_own
node,warhammer_3,8.1.1,24237342,Beastmen,beastmen,wh_dlc03_sc_bst_beastmen,Bray-Shaman (Shadows),Bray_Shaman_Shadows,hero,wh_dlc03_bst_bray_shaman_shadows,wizard,wizard,wh2_dlc13_bst_beastmen_invasion|wh2_dlc17_bst_malagor|wh2_dlc17_bst_taurox|wh2_main_bst_blooded_axe|wh2_main_bst_manblight|wh2_main_bst_ripper_horn|wh2_main_bst_shadowgor|wh2_main_bst_skrinderkin|wh2_main_bst_stone_horn|wh3_dlc27_bst_beastmen_dm|wh_dlc03_bst_beastmen|wh_dlc03_bst_beastmen_chaos|wh_dlc03_bst_beastmen_rebels|wh_dlc03_bst_jagged_horn|wh_dlc03_bst_redhorn|wh_dlc05_bst_morghur_herd,false,false,true,true,true,true,,,wh_dlc03_skill_node_set_bst_bray_shaman_shadows,,1,wizard,false,false,,,,wh_dlc03_skill_node_bst_bray_shaman_shadows_magic_06,wh_main_skill_all_magic_all_06_evasion,Evasion,,wh_main_character_passive_evasion.png,5,2,0,4,true,0,1,,,,,,,,,,,,,,,,,,,,,,,,,,,,,,,,,,,,,,,,,character_skill_nodes_tables,wh_dlc03_skill_node_bst_bray_shaman_shadows_magic_06
effect,warhammer_3,8.1.1,24237342,Beastmen,beastmen,wh_dlc03_sc_bst_beastmen,Bray-Shaman (Shadows),Bray_Shaman_Shadows,hero,wh_dlc03_bst_bray_shaman_shadows,wizard,wizard,wh2_dlc13_bst_beastmen_invasion|wh2_dlc17_bst_malagor|wh2_dlc17_bst_taurox|wh2_main_bst_blooded_axe|wh2_main_bst_manblight|wh2_main_bst_ripper_horn|wh2_main_bst_shadowgor|wh2_main_bst_skrinderkin|wh2_main_bst_stone_horn|wh3_dlc27_bst_beastmen_dm|wh_dlc03_bst_beastmen|wh_dlc03_bst_beastmen_chaos|wh_dlc03_bst_beastmen_rebels|wh_dlc03_bst_jagged_horn|wh_dlc03_bst_redhorn|wh_dlc05_bst_morghur_herd,false,false,true,true,true,true,,,wh_dlc03_skill_node_set_bst_bray_shaman_shadows,,1,wizard,false,false,,,,wh_dlc03_skill_node_bst_bray_shaman_shadows_magic_06,wh_main_skill_all_magic_all_06_evasion,Evasion,,wh_main_character_passive_evasion.png,5,2,0,4,true,0,1,1,Evasion,,,,,,,wh_main_effect_ability_enable_evasion,"Passive ability: ""Evasion""",,character_to_character_own,1,battle,310,true,general_ability.png,general_ability.png,,,,,,,,,,,,,,,,,,,,,,,character_skill_level_to_effects_junctions_tables,wh_main_skill_all_magic_all_06_evasion|wh_main_effect_ability_enable_evasion|1|character_to_character_own
node,warhammer_3,8.1.1,24237342,Beastmen,beastmen,wh_dlc03_sc_bst_beastmen,Bray-Shaman (Shadows),Bray_Shaman_Shadows,hero,wh_dlc03_bst_bray_shaman_shadows,wizard,wizard,wh2_dlc13_bst_beastmen_invasion|wh2_dlc17_bst_malagor|wh2_dlc17_bst_taurox|wh2_main_bst_blooded_axe|wh2_main_bst_manblight|wh2_main_bst_ripper_horn|wh2_main_bst_shadowgor|wh2_main_bst_skrinderkin|wh2_main_bst_stone_horn|wh3_dlc27_bst_beastmen_dm|wh_dlc03_bst_beastmen|wh_dlc03_bst_beastmen_chaos|wh_dlc03_bst_beastmen_rebels|wh_dlc03_bst_jagged_horn|wh_dlc03_bst_redhorn|wh_dlc05_bst_morghur_herd,false,false,true,true,true,true,,,wh_dlc03_skill_node_set_bst_bray_shaman_shadows,,1,wizard,false,false,,,,wh_dlc03_skill_node_bst_bray_shaman_shadows_campaign_06,wh2_main_skill_all_hero_reduce_action_cost,Specialist,"An expert in their craft, this Hero knows all the mistakes that can be made and how to best avoid making them.",campaign_military_spending.png,5,5,0,0,true,0,3,,,,,,,,,,,,,,,,,,,,,,,,,,,,,,,,,,,,,,,,,character_skill_nodes_tables,wh_dlc03_skill_node_bst_bray_shaman_shadows_campaign_06
effect,warhammer_3,8.1.1,24237342,Beastmen,beastmen,wh_dlc03_sc_bst_beastmen,Bray-Shaman (Shadows),Bray_Shaman_Shadows,hero,wh_dlc03_bst_bray_shaman_shadows,wizard,wizard,wh2_dlc13_bst_beastmen_invasion|wh2_dlc17_bst_malagor|wh2_dlc17_bst_taurox|wh2_main_bst_blooded_axe|wh2_main_bst_manblight|wh2_main_bst_ripper_horn|wh2_main_bst_shadowgor|wh2_main_bst_skrinderkin|wh2_main_bst_stone_horn|wh3_dlc27_bst_beastmen_dm|wh_dlc03_bst_beastmen|wh_dlc03_bst_beastmen_chaos|wh_dlc03_bst_beastmen_rebels|wh_dlc03_bst_jagged_horn|wh_dlc03_bst_redhorn|wh_dlc05_bst_morghur_herd,false,false,true,true,true,true,,,wh_dlc03_skill_node_set_bst_bray_shaman_shadows,,1,wizard,false,false,,,,wh_dlc03_skill_node_bst_bray_shaman_shadows_campaign_06,wh2_main_skill_all_hero_reduce_action_cost,Specialist,"An expert in their craft, this Hero knows all the mistakes that can be made and how to best avoid making them.",campaign_military_spending.png,5,5,0,0,true,0,3,1,Specialist,"An expert in their craft, this Hero knows all the mistakes that can be made and how to best avoid making them.",,,,,,wh_main_effect_agent_action_cost_mod,Hero action cost: %+n%,,character_to_character_own,-10,campaign,100,false,treasury.png,treasury.png,,,,,,,,,,,,,,,,,,,,,,,character_skill_level_to_effects_junctions_tables,wh2_main_skill_all_hero_reduce_action_cost|wh_main_effect_agent_action_cost_mod|1|character_to_character_own
effect,warhammer_3,8.1.1,24237342,Beastmen,beastmen,wh_dlc03_sc_bst_beastmen,Bray-Shaman (Shadows),Bray_Shaman_Shadows,hero,wh_dlc03_bst_bray_shaman_shadows,wizard,wizard,wh2_dlc13_bst_beastmen_invasion|wh2_dlc17_bst_malagor|wh2_dlc17_bst_taurox|wh2_main_bst_blooded_axe|wh2_main_bst_manblight|wh2_main_bst_ripper_horn|wh2_main_bst_shadowgor|wh2_main_bst_skrinderkin|wh2_main_bst_stone_horn|wh3_dlc27_bst_beastmen_dm|wh_dlc03_bst_beastmen|wh_dlc03_bst_beastmen_chaos|wh_dlc03_bst_beastmen_rebels|wh_dlc03_bst_jagged_horn|wh_dlc03_bst_redhorn|wh_dlc05_bst_morghur_herd,false,false,true,true,true,true,,,wh_dlc03_skill_node_set_bst_bray_shaman_shadows,,1,wizard,false,false,,,,wh_dlc03_skill_node_bst_bray_shaman_shadows_campaign_06,wh2_main_skill_all_hero_reduce_action_cost,Specialist,"An expert in their craft, this Hero knows all the mistakes that can be made and how to best avoid making them.",campaign_military_spending.png,5,5,0,0,true,0,3,1,Specialist,"An expert in their craft, this Hero knows all the mistakes that can be made and how to best avoid making them.",,,,,,wh_main_effect_agent_action_success_chance,Hero action success chance: %+n%,,character_to_character_own,1,campaign,101,true,agent.png,agent.png,,,,,,,,,,,,,,,,,,,,,,,character_skill_level_to_effects_junctions_tables,wh2_main_skill_all_hero_reduce_action_cost|wh_main_effect_agent_action_success_chance|1|character_to_character_own
effect,warhammer_3,8.1.1,24237342,Beastmen,beastmen,wh_dlc03_sc_bst_beastmen,Bray-Shaman (Shadows),Bray_Shaman_Shadows,hero,wh_dlc03_bst_bray_shaman_shadows,wizard,wizard,wh2_dlc13_bst_beastmen_invasion|wh2_dlc17_bst_malagor|wh2_dlc17_bst_taurox|wh2_main_bst_blooded_axe|wh2_main_bst_manblight|wh2_main_bst_ripper_horn|wh2_main_bst_shadowgor|wh2_main_bst_skrinderkin|wh2_main_bst_stone_horn|wh3_dlc27_bst_beastmen_dm|wh_dlc03_bst_beastmen|wh_dlc03_bst_beastmen_chaos|wh_dlc03_bst_beastmen_rebels|wh_dlc03_bst_jagged_horn|wh_dlc03_bst_redhorn|wh_dlc05_bst_morghur_herd,false,false,true,true,true,true,,,wh_dlc03_skill_node_set_bst_bray_shaman_shadows,,1,wizard,false,false,,,,wh_dlc03_skill_node_bst_bray_shaman_shadows_campaign_06,wh2_main_skill_all_hero_reduce_action_cost,Specialist,"An expert in their craft, this Hero knows all the mistakes that can be made and how to best avoid making them.",campaign_military_spending.png,5,5,0,0,true,0,3,2,Specialist,"An expert in their craft, this Hero knows all the mistakes that can be made and how to best avoid making them.",,,,,,wh_main_effect_agent_action_cost_mod,Hero action cost: %+n%,,character_to_character_own,-20,campaign,100,false,treasury.png,treasury.png,,,,,,,,,,,,,,,,,,,,,,,character_skill_level_to_effects_junctions_tables,wh2_main_skill_all_hero_reduce_action_cost|wh_main_effect_agent_action_cost_mod|2|character_to_character_own
effect,warhammer_3,8.1.1,24237342,Beastmen,beastmen,wh_dlc03_sc_bst_beastmen,Bray-Shaman (Shadows),Bray_Shaman_Shadows,hero,wh_dlc03_bst_bray_shaman_shadows,wizard,wizard,wh2_dlc13_bst_beastmen_invasion|wh2_dlc17_bst_malagor|wh2_dlc17_bst_taurox|wh2_main_bst_blooded_axe|wh2_main_bst_manblight|wh2_main_bst_ripper_horn|wh2_main_bst_shadowgor|wh2_main_bst_skrinderkin|wh2_main_bst_stone_horn|wh3_dlc27_bst_beastmen_dm|wh_dlc03_bst_beastmen|wh_dlc03_bst_beastmen_chaos|wh_dlc03_bst_beastmen_rebels|wh_dlc03_bst_jagged_horn|wh_dlc03_bst_redhorn|wh_dlc05_bst_morghur_herd,false,false,true,true,true,true,,,wh_dlc03_skill_node_set_bst_bray_shaman_shadows,,1,wizard,false,false,,,,wh_dlc03_skill_node_bst_bray_shaman_shadows_campaign_06,wh2_main_skill_all_hero_reduce_action_cost,Specialist,"An expert in their craft, this Hero knows all the mistakes that can be made and how to best avoid making them.",campaign_military_spending.png,5,5,0,0,true,0,3,2,Specialist,"An expert in their craft, this Hero knows all the mistakes that can be made and how to best avoid making them.",,,,,,wh_main_effect_agent_action_success_chance,Hero action success chance: %+n%,,character_to_character_own,3,campaign,101,true,agent.png,agent.png,,,,,,,,,,,,,,,,,,,,,,,character_skill_level_to_effects_junctions_tables,wh2_main_skill_all_hero_reduce_action_cost|wh_main_effect_agent_action_success_chance|2|character_to_character_own
effect,warhammer_3,8.1.1,24237342,Beastmen,beastmen,wh_dlc03_sc_bst_beastmen,Bray-Shaman (Shadows),Bray_Shaman_Shadows,hero,wh_dlc03_bst_bray_shaman_shadows,wizard,wizard,wh2_dlc13_bst_beastmen_invasion|wh2_dlc17_bst_malagor|wh2_dlc17_bst_taurox|wh2_main_bst_blooded_axe|wh2_main_bst_manblight|wh2_main_bst_ripper_horn|wh2_main_bst_shadowgor|wh2_main_bst_skrinderkin|wh2_main_bst_stone_horn|wh3_dlc27_bst_beastmen_dm|wh_dlc03_bst_beastmen|wh_dlc03_bst_beastmen_chaos|wh_dlc03_bst_beastmen_rebels|wh_dlc03_bst_jagged_horn|wh_dlc03_bst_redhorn|wh_dlc05_bst_morghur_herd,false,false,true,true,true,true,,,wh_dlc03_skill_node_set_bst_bray_shaman_shadows,,1,wizard,false,false,,,,wh_dlc03_skill_node_bst_bray_shaman_shadows_campaign_06,wh2_main_skill_all_hero_reduce_action_cost,Specialist,"An expert in their craft, this Hero knows all the mistakes that can be made and how to best avoid making them.",campaign_military_spending.png,5,5,0,0,true,0,3,3,Specialist,"An expert in their craft, this Hero knows all the mistakes that can be made and how to best avoid making them.",,,,,,wh_main_effect_agent_action_cost_mod,Hero action cost: %+n%,,character_to_character_own,-40,campaign,100,false,treasury.png,treasury.png,,,,,,,,,,,,,,,,,,,,,,,character_skill_level_to_effects_junctions_tables,wh2_main_skill_all_hero_reduce_action_cost|wh_main_effect_agent_action_cost_mod|3|character_to_character_own
effect,warhammer_3,8.1.1,24237342,Beastmen,beastmen,wh_dlc03_sc_bst_beastmen,Bray-Shaman (Shadows),Bray_Shaman_Shadows,hero,wh_dlc03_bst_bray_shaman_shadows,wizard,wizard,wh2_dlc13_bst_beastmen_invasion|wh2_dlc17_bst_malagor|wh2_dlc17_bst_taurox|wh2_main_bst_blooded_axe|wh2_main_bst_manblight|wh2_main_bst_ripper_horn|wh2_main_bst_shadowgor|wh2_main_bst_skrinderkin|wh2_main_bst_stone_horn|wh3_dlc27_bst_beastmen_dm|wh_dlc03_bst_beastmen|wh_dlc03_bst_beastmen_chaos|wh_dlc03_bst_beastmen_rebels|wh_dlc03_bst_jagged_horn|wh_dlc03_bst_redhorn|wh_dlc05_bst_morghur_herd,false,false,true,true,true,true,,,wh_dlc03_skill_node_set_bst_bray_shaman_shadows,,1,wizard,false,false,,,,wh_dlc03_skill_node_bst_bray_shaman_shadows_campaign_06,wh2_main_skill_all_hero_reduce_action_cost,Specialist,"An expert in their craft, this Hero knows all the mistakes that can be made and how to best avoid making them.",campaign_military_spending.png,5,5,0,0,true,0,3,3,Specialist,"An expert in their craft, this Hero knows all the mistakes that can be made and how to best avoid making them.",,,,,,wh_main_effect_agent_action_success_chance,Hero action success chance: %+n%,,character_to_character_own,6,campaign,101,true,agent.png,agent.png,,,,,,,,,,,,,,,,,,,,,,,character_skill_level_to_effects_junctions_tables,wh2_main_skill_all_hero_reduce_action_cost|wh_main_effect_agent_action_success_chance|3|character_to_character_own
node,warhammer_3,8.1.1,24237342,Beastmen,beastmen,wh_dlc03_sc_bst_beastmen,Bray-Shaman (Shadows),Bray_Shaman_Shadows,hero,wh_dlc03_bst_bray_shaman_shadows,wizard,wizard,wh2_dlc13_bst_beastmen_invasion|wh2_dlc17_bst_malagor|wh2_dlc17_bst_taurox|wh2_main_bst_blooded_axe|wh2_main_bst_manblight|wh2_main_bst_ripper_horn|wh2_main_bst_shadowgor|wh2_main_bst_skrinderkin|wh2_main_bst_stone_horn|wh3_dlc27_bst_beastmen_dm|wh_dlc03_bst_beastmen|wh_dlc03_bst_beastmen_chaos|wh_dlc03_bst_beastmen_rebels|wh_dlc03_bst_jagged_horn|wh_dlc03_bst_redhorn|wh_dlc05_bst_morghur_herd,false,false,true,true,true,true,,,wh_dlc03_skill_node_set_bst_bray_shaman_shadows,,1,wizard,false,false,,,,wh_dlc03_skill_node_bst_bray_shaman_shadows_innate_06,wh2_main_skill_innate_all_fleet_footed,Fleet-Footed,Being fleet of foot is useful in a fight… or when trying to get away afterwards!,trait_personality.png,5,6,0,0,false,0,1,,,,,,,,,,,,,,,,,,,,,,,,,,,,,,,,,,,,,,,,,character_skill_nodes_tables,wh_dlc03_skill_node_bst_bray_shaman_shadows_innate_06
effect,warhammer_3,8.1.1,24237342,Beastmen,beastmen,wh_dlc03_sc_bst_beastmen,Bray-Shaman (Shadows),Bray_Shaman_Shadows,hero,wh_dlc03_bst_bray_shaman_shadows,wizard,wizard,wh2_dlc13_bst_beastmen_invasion|wh2_dlc17_bst_malagor|wh2_dlc17_bst_taurox|wh2_main_bst_blooded_axe|wh2_main_bst_manblight|wh2_main_bst_ripper_horn|wh2_main_bst_shadowgor|wh2_main_bst_skrinderkin|wh2_main_bst_stone_horn|wh3_dlc27_bst_beastmen_dm|wh_dlc03_bst_beastmen|wh_dlc03_bst_beastmen_chaos|wh_dlc03_bst_beastmen_rebels|wh_dlc03_bst_jagged_horn|wh_dlc03_bst_redhorn|wh_dlc05_bst_morghur_herd,false,false,true,true,true,true,,,wh_dlc03_skill_node_set_bst_bray_shaman_shadows,,1,wizard,false,false,,,,wh_dlc03_skill_node_bst_bray_shaman_shadows_innate_06,wh2_main_skill_innate_all_fleet_footed,Fleet-Footed,Being fleet of foot is useful in a fight… or when trying to get away afterwards!,trait_personality.png,5,6,0,0,false,0,1,1,Fleet-Footed,Being fleet of foot is useful in a fight… or when trying to get away afterwards!,,,,,,wh_main_effect_character_stat_speed,Speed: %+n%,,character_to_character_own,20,both,120,true,battle_movement_character.png,battle_movement_character.png,,,,,,,,,,,,,,,,,,,,,,,character_skill_level_to_effects_junctions_tables,wh2_main_skill_innate_all_fleet_footed|wh_main_effect_character_stat_speed|1|character_to_character_own
effect,warhammer_3,8.1.1,24237342,Beastmen,beastmen,wh_dlc03_sc_bst_beastmen,Bray-Shaman (Shadows),Bray_Shaman_Shadows,hero,wh_dlc03_bst_bray_shaman_shadows,wizard,wizard,wh2_dlc13_bst_beastmen_invasion|wh2_dlc17_bst_malagor|wh2_dlc17_bst_taurox|wh2_main_bst_blooded_axe|wh2_main_bst_manblight|wh2_main_bst_ripper_horn|wh2_main_bst_shadowgor|wh2_main_bst_skrinderkin|wh2_main_bst_stone_horn|wh3_dlc27_bst_beastmen_dm|wh_dlc03_bst_beastmen|wh_dlc03_bst_beastmen_chaos|wh_dlc03_bst_beastmen_rebels|wh_dlc03_bst_jagged_horn|wh_dlc03_bst_redhorn|wh_dlc05_bst_morghur_herd,false,false,true,true,true,true,,,wh_dlc03_skill_node_set_bst_bray_shaman_shadows,,1,wizard,false,false,,,,wh_dlc03_skill_node_bst_bray_shaman_shadows_innate_06,wh2_main_skill_innate_all_fleet_footed,Fleet-Footed,Being fleet of foot is useful in a fight… or when trying to get away afterwards!,trait_personality.png,5,6,0,0,false,0,1,1,Fleet-Footed,Being fleet of foot is useful in a fight… or when trying to get away afterwards!,,,,,,wh2_dlc17_effect_ability_enable_wayfarer,"Passive ability: ""Wayfarer""",,character_to_character_own,1,battle,400,true,general_ability.png,general_ability.png,,,,,,,,,,,,,,,,,,,,,,,character_skill_level_to_effects_junctions_tables,wh2_main_skill_innate_all_fleet_footed|wh2_dlc17_effect_ability_enable_wayfarer|1|character_to_character_own
node,warhammer_3,8.1.1,24237342,Beastmen,beastmen,wh_dlc03_sc_bst_beastmen,Bray-Shaman (Shadows),Bray_Shaman_Shadows,hero,wh_dlc03_bst_bray_shaman_shadows,wizard,wizard,wh2_dlc13_bst_beastmen_invasion|wh2_dlc17_bst_malagor|wh2_dlc17_bst_taurox|wh2_main_bst_blooded_axe|wh2_main_bst_manblight|wh2_main_bst_ripper_horn|wh2_main_bst_shadowgor|wh2_main_bst_skrinderkin|wh2_main_bst_stone_horn|wh3_dlc27_bst_beastmen_dm|wh_dlc03_bst_beastmen|wh_dlc03_bst_beastmen_chaos|wh_dlc03_bst_beastmen_rebels|wh_dlc03_bst_jagged_horn|wh_dlc03_bst_redhorn|wh_dlc05_bst_morghur_herd,false,false,true,true,true,true,,,wh_dlc03_skill_node_set_bst_bray_shaman_shadows,,1,wizard,false,false,,,,wh_dlc03_skill_node_bst_bray_shaman_shadows_magic_09,wh_dlc05_skill_magic_shadow_pit_of_shades,Pit of Shades,The spellcaster opens a vortex leading into the Pit. Anything caught within it will be lost forever.,wh_dlc05_spell_shadow_pit_of_shades.png,6,2,0,0,true,0,3,,,,,,,,,,,,,,,,,,,,,,,,,,,,,,,,,,,,,,,,,character_skill_nodes_tables,wh_dlc03_skill_node_bst_bray_shaman_shadows_magic_09
effect,warhammer_3,8.1.1,24237342,Beastmen,beastmen,wh_dlc03_sc_bst_beastmen,Bray-Shaman (Shadows),Bray_Shaman_Shadows,hero,wh_dlc03_bst_bray_shaman_shadows,wizard,wizard,wh2_dlc13_bst_beastmen_invasion|wh2_dlc17_bst_malagor|wh2_dlc17_bst_taurox|wh2_main_bst_blooded_axe|wh2_main_bst_manblight|wh2_main_bst_ripper_horn|wh2_main_bst_shadowgor|wh2_main_bst_skrinderkin|wh2_main_bst_stone_horn|wh3_dlc27_bst_beastmen_dm|wh_dlc03_bst_beastmen|wh_dlc03_bst_beastmen_chaos|wh_dlc03_bst_beastmen_rebels|wh_dlc03_bst_jagged_horn|wh_dlc03_bst_redhorn|wh_dlc05_bst_morghur_herd,false,false,true,true,true,true,,,wh_dlc03_skill_node_set_bst_bray_shaman_shadows,,1,wizard,false,false,,,,wh_dlc03_skill_node_bst_bray_shaman_shadows_magic_09,wh_dlc05_skill_magic_shadow_pit_of_shades,Pit of Shades,The spellcaster opens a vortex leading into the Pit. Anything caught within it will be lost forever.,wh_dlc05_spell_shadow_pit_of_shades.png,6,2,0,0,true,0,3,1,Pit of Shades,The spellcaster opens a vortex leading into the Pit. Anything caught within it will be lost forever.,,,,,,wh_dlc05_effect_ability_enable_pit_of_shades,"Spell: ""Pit of Shades""",,character_to_character_own,1,battle,290,true,magic_character.png,magic_character.png,,,,,,,,,,,,,,,,,,,,,,,character_skill_level_to_effects_junctions_tables,wh_dlc05_skill_magic_shadow_pit_of_shades|wh_dlc05_effect_ability_enable_pit_of_shades|1|character_to_character_own
effect,warhammer_3,8.1.1,24237342,Beastmen,beastmen,wh_dlc03_sc_bst_beastmen,Bray-Shaman (Shadows),Bray_Shaman_Shadows,hero,wh_dlc03_bst_bray_shaman_shadows,wizard,wizard,wh2_dlc13_bst_beastmen_invasion|wh2_dlc17_bst_malagor|wh2_dlc17_bst_taurox|wh2_main_bst_blooded_axe|wh2_main_bst_manblight|wh2_main_bst_ripper_horn|wh2_main_bst_shadowgor|wh2_main_bst_skrinderkin|wh2_main_bst_stone_horn|wh3_dlc27_bst_beastmen_dm|wh_dlc03_bst_beastmen|wh_dlc03_bst_beastmen_chaos|wh_dlc03_bst_beastmen_rebels|wh_dlc03_bst_jagged_horn|wh_dlc03_bst_redhorn|wh_dlc05_bst_morghur_herd,false,false,true,true,true,true,,,wh_dlc03_skill_node_set_bst_bray_shaman_shadows,,1,wizard,false,false,,,,wh_dlc03_skill_node_bst_bray_shaman_shadows_magic_09,wh_dlc05_skill_magic_shadow_pit_of_shades,Pit of Shades,The spellcaster opens a vortex leading into the Pit. Anything caught within it will be lost forever.,wh_dlc05_spell_shadow_pit_of_shades.png,6,2,0,0,true,0,3,2,Pit of Shades,The spellcaster opens a vortex leading into the Pit. Anything caught within it will be lost forever.,,,,,,wh_dlc05_effect_ability_cooldown_pit_of_shades,"Cooldown: %+n% to ""Pit of Shades""",,character_to_character_own,-30,both,293,false,magic_cooldown.png,magic_cooldown.png,,,,,,,,,,,,,,,,,,,,,,,character_skill_level_to_effects_junctions_tables,wh_dlc05_skill_magic_shadow_pit_of_shades|wh_dlc05_effect_ability_cooldown_pit_of_shades|2|character_to_character_own
effect,warhammer_3,8.1.1,24237342,Beastmen,beastmen,wh_dlc03_sc_bst_beastmen,Bray-Shaman (Shadows),Bray_Shaman_Shadows,hero,wh_dlc03_bst_bray_shaman_shadows,wizard,wizard,wh2_dlc13_bst_beastmen_invasion|wh2_dlc17_bst_malagor|wh2_dlc17_bst_taurox|wh2_main_bst_blooded_axe|wh2_main_bst_manblight|wh2_main_bst_ripper_horn|wh2_main_bst_shadowgor|wh2_main_bst_skrinderkin|wh2_main_bst_stone_horn|wh3_dlc27_bst_beastmen_dm|wh_dlc03_bst_beastmen|wh_dlc03_bst_beastmen_chaos|wh_dlc03_bst_beastmen_rebels|wh_dlc03_bst_jagged_horn|wh_dlc03_bst_redhorn|wh_dlc05_bst_morghur_herd,false,false,true,true,true,true,,,wh_dlc03_skill_node_set_bst_bray_shaman_shadows,,1,wizard,false,false,,,,wh_dlc03_skill_node_bst_bray_shaman_shadows_magic_09,wh_dlc05_skill_magic_shadow_pit_of_shades,Pit of Shades,The spellcaster opens a vortex leading into the Pit. Anything caught within it will be lost forever.,wh_dlc05_spell_shadow_pit_of_shades.png,6,2,0,0,true,0,3,2,Pit of Shades,The spellcaster opens a vortex leading into the Pit. Anything caught within it will be lost forever.,,,,,,wh2_main_effect_ability_overcast_pit_of_shades,"Overcast spell: ""Pit of Shades Upgraded""",,character_to_character_own,1,both,292,true,magic_character.png,magic_character.png,,,,,,,,,,,,,,,,,,,,,,,character_skill_level_to_effects_junctions_tables,wh_dlc05_skill_magic_shadow_pit_of_shades|wh2_main_effect_ability_overcast_pit_of_shades|2|character_to_character_own
effect,warhammer_3,8.1.1,24237342,Beastmen,beastmen,wh_dlc03_sc_bst_beastmen,Bray-Shaman (Shadows),Bray_Shaman_Shadows,hero,wh_dlc03_bst_bray_shaman_shadows,wizard,wizard,wh2_dlc13_bst_beastmen_invasion|wh2_dlc17_bst_malagor|wh2_dlc17_bst_taurox|wh2_main_bst_blooded_axe|wh2_main_bst_manblight|wh2_main_bst_ripper_horn|wh2_main_bst_shadowgor|wh2_main_bst_skrinderkin|wh2_main_bst_stone_horn|wh3_dlc27_bst_beastmen_dm|wh_dlc03_bst_beastmen|wh_dlc03_bst_beastmen_chaos|wh_dlc03_bst_beastmen_rebels|wh_dlc03_bst_jagged_horn|wh_dlc03_bst_redhorn|wh_dlc05_bst_morghur_herd,false,false,true,true,true,true,,,wh_dlc03_skill_node_set_bst_bray_shaman_shadows,,1,wizard,false,false,,,,wh_dlc03_skill_node_bst_bray_shaman_shadows_magic_09,wh_dlc05_skill_magic_shadow_pit_of_shades,Pit of Shades,The spellcaster opens a vortex leading into the Pit. Anything caught within it will be lost forever.,wh_dlc05_spell_shadow_pit_of_shades.png,6,2,0,0,true,0,3,3,Pit of Shades,The spellcaster opens a vortex leading into the Pit. Anything caught within it will be lost forever.,,,,,,wh_dlc05_effect_ability_cooldown_pit_of_shades,"Cooldown: %+n% to ""Pit of Shades""",,character_to_character_own,-50,both,293,false,magic_cooldown.png,magic_cooldown.png,,,,,,,,,,,,,,,,,,,,,,,character_skill_level_to_effects_junctions_tables,wh_dlc05_skill_magic_shadow_pit_of_shades|wh_dlc05_effect_ability_cooldown_pit_of_shades|3|character_to_character_own
effect,warhammer_3,8.1.1,24237342,Beastmen,beastmen,wh_dlc03_sc_bst_beastmen,Bray-Shaman (Shadows),Bray_Shaman_Shadows,hero,wh_dlc03_bst_bray_shaman_shadows,wizard,wizard,wh2_dlc13_bst_beastmen_invasion|wh2_dlc17_bst_malagor|wh2_dlc17_bst_taurox|wh2_main_bst_blooded_axe|wh2_main_bst_manblight|wh2_main_bst_ripper_horn|wh2_main_bst_shadowgor|wh2_main_bst_skrinderkin|wh2_main_bst_stone_horn|wh3_dlc27_bst_beastmen_dm|wh_dlc03_bst_beastmen|wh_dlc03_bst_beastmen_chaos|wh_dlc03_bst_beastmen_rebels|wh_dlc03_bst_jagged_horn|wh_dlc03_bst_redhorn|wh_dlc05_bst_morghur_herd,false,false,true,true,true,true,,,wh_dlc03_skill_node_set_bst_bray_shaman_shadows,,1,wizard,false,false,,,,wh_dlc03_skill_node_bst_bray_shaman_shadows_magic_09,wh_dlc05_skill_magic_shadow_pit_of_shades,Pit of Shades,The spellcaster opens a vortex leading into the Pit. Anything caught within it will be lost forever.,wh_dlc05_spell_shadow_pit_of_shades.png,6,2,0,0,true,0,3,3,Pit of Shades,The spellcaster opens a vortex leading into the Pit. Anything caught within it will be lost forever.,,,,,,wh2_main_effect_ability_miscast_pit_of_shades_upgraded,"Miscast base chance: %+n% for ""Pit of Shades Upgraded""",,character_to_character_own,-15,both,298,false,magic.png,magic.png,,,,,,,,,,,,,,,,,,,,,,,character_skill_level_to_effects_junctions_tables,wh_dlc05_skill_magic_shadow_pit_of_shades|wh2_main_effect_ability_miscast_pit_of_shades_upgraded|3|character_to_character_own
effect,warhammer_3,8.1.1,24237342,Beastmen,beastmen,wh_dlc03_sc_bst_beastmen,Bray-Shaman (Shadows),Bray_Shaman_Shadows,hero,wh_dlc03_bst_bray_shaman_shadows,wizard,wizard,wh2_dlc13_bst_beastmen_invasion|wh2_dlc17_bst_malagor|wh2_dlc17_bst_taurox|wh2_main_bst_blooded_axe|wh2_main_bst_manblight|wh2_main_bst_ripper_horn|wh2_main_bst_shadowgor|wh2_main_bst_skrinderkin|wh2_main_bst_stone_horn|wh3_dlc27_bst_beastmen_dm|wh_dlc03_bst_beastmen|wh_dlc03_bst_beastmen_chaos|wh_dlc03_bst_beastmen_rebels|wh_dlc03_bst_jagged_horn|wh_dlc03_bst_redhorn|wh_dlc05_bst_morghur_herd,false,false,true,true,true,true,,,wh_dlc03_skill_node_set_bst_bray_shaman_shadows,,1,wizard,false,false,,,,wh_dlc03_skill_node_bst_bray_shaman_shadows_magic_09,wh_dlc05_skill_magic_shadow_pit_of_shades,Pit of Shades,The spellcaster opens a vortex leading into the Pit. Anything caught within it will be lost forever.,wh_dlc05_spell_shadow_pit_of_shades.png,6,2,0,0,true,0,3,3,Pit of Shades,The spellcaster opens a vortex leading into the Pit. Anything caught within it will be lost forever.,,,,,,wh2_main_effect_ability_overcast_pit_of_shades,"Overcast spell: ""Pit of Shades Upgraded""",,character_to_character_own,1,both,292,true,magic_character.png,magic_character.png,,,,,,,,,,,,,,,,,,,,,,,character_skill_level_to_effects_junctions_tables,wh_dlc05_skill_magic_shadow_pit_of_shades|wh2_main_effect_ability_overcast_pit_of_shades|3|character_to_character_own
effect,warhammer_3,8.1.1,24237342,Beastmen,beastmen,wh_dlc03_sc_bst_beastmen,Bray-Shaman (Shadows),Bray_Shaman_Shadows,hero,wh_dlc03_bst_bray_shaman_shadows,wizard,wizard,wh2_dlc13_bst_beastmen_invasion|wh2_dlc17_bst_malagor|wh2_dlc17_bst_taurox|wh2_main_bst_blooded_axe|wh2_main_bst_manblight|wh2_main_bst_ripper_horn|wh2_main_bst_shadowgor|wh2_main_bst_skrinderkin|wh2_main_bst_stone_horn|wh3_dlc27_bst_beastmen_dm|wh_dlc03_bst_beastmen|wh_dlc03_bst_beastmen_chaos|wh_dlc03_bst_beastmen_rebels|wh_dlc03_bst_jagged_horn|wh_dlc03_bst_redhorn|wh_dlc05_bst_morghur_herd,false,false,true,true,true,true,,,wh_dlc03_skill_node_set_bst_bray_shaman_shadows,,1,wizard,false,false,,,,wh_dlc03_skill_node_bst_bray_shaman_shadows_magic_09,wh_dlc05_skill_magic_shadow_pit_of_shades,Pit of Shades,The spellcaster opens a vortex leading into the Pit. Anything caught within it will be lost forever.,wh_dlc05_spell_shadow_pit_of_shades.png,6,2,0,0,true,0,3,3,Pit of Shades,The spellcaster opens a vortex leading into the Pit. Anything caught within it will be lost forever.,,,,,,wh2_main_effect_ability_wom_cost_pit_of_shades,"Winds of Magic cost: %n for ""Pit of Shades""",,character_to_character_own,-3,both,294,false,magic_character.png,magic_character.png,,,,,,,,,,,,,,,,,,,,,,,character_skill_level_to_effects_junctions_tables,wh_dlc05_skill_magic_shadow_pit_of_shades|wh2_main_effect_ability_wom_cost_pit_of_shades|3|character_to_character_own
effect,warhammer_3,8.1.1,24237342,Beastmen,beastmen,wh_dlc03_sc_bst_beastmen,Bray-Shaman (Shadows),Bray_Shaman_Shadows,hero,wh_dlc03_bst_bray_shaman_shadows,wizard,wizard,wh2_dlc13_bst_beastmen_invasion|wh2_dlc17_bst_malagor|wh2_dlc17_bst_taurox|wh2_main_bst_blooded_axe|wh2_main_bst_manblight|wh2_main_bst_ripper_horn|wh2_main_bst_shadowgor|wh2_main_bst_skrinderkin|wh2_main_bst_stone_horn|wh3_dlc27_bst_beastmen_dm|wh_dlc03_bst_beastmen|wh_dlc03_bst_beastmen_chaos|wh_dlc03_bst_beastmen_rebels|wh_dlc03_bst_jagged_horn|wh_dlc03_bst_redhorn|wh_dlc05_bst_morghur_herd,false,false,true,true,true,true,,,wh_dlc03_skill_node_set_bst_bray_shaman_shadows,,1,wizard,false,false,,,,wh_dlc03_skill_node_bst_bray_shaman_shadows_magic_09,wh_dlc05_skill_magic_shadow_pit_of_shades,Pit of Shades,The spellcaster opens a vortex leading into the Pit. Anything caught within it will be lost forever.,wh_dlc05_spell_shadow_pit_of_shades.png,6,2,0,0,true,0,3,3,Pit of Shades,The spellcaster opens a vortex leading into the Pit. Anything caught within it will be lost forever.,,,,,,wh2_main_effect_ability_wom_cost_pit_of_shades_upgraded,"Winds of Magic cost: %n for ""Pit of Shades Upgraded""",,character_to_character_own,-3,both,295,false,magic_character.png,magic_character.png,,,,,,,,,,,,,,,,,,,,,,,character_skill_level_to_effects_junctions_tables,wh_dlc05_skill_magic_shadow_pit_of_shades|wh2_main_effect_ability_wom_cost_pit_of_shades_upgraded|3|character_to_character_own
node,warhammer_3,8.1.1,24237342,Beastmen,beastmen,wh_dlc03_sc_bst_beastmen,Bray-Shaman (Shadows),Bray_Shaman_Shadows,hero,wh_dlc03_bst_bray_shaman_shadows,wizard,wizard,wh2_dlc13_bst_beastmen_invasion|wh2_dlc17_bst_malagor|wh2_dlc17_bst_taurox|wh2_main_bst_blooded_axe|wh2_main_bst_manblight|wh2_main_bst_ripper_horn|wh2_main_bst_shadowgor|wh2_main_bst_skrinderkin|wh2_main_bst_stone_horn|wh3_dlc27_bst_beastmen_dm|wh_dlc03_bst_beastmen|wh_dlc03_bst_beastmen_chaos|wh_dlc03_bst_beastmen_rebels|wh_dlc03_bst_jagged_horn|wh_dlc03_bst_redhorn|wh_dlc05_bst_morghur_herd,false,false,true,true,true,true,,,wh_dlc03_skill_node_set_bst_bray_shaman_shadows,,1,wizard,false,false,,,,wh_dlc03_skill_node_bst_bray_shaman_shadows_innate_07,wh2_main_skill_innate_all_cunning,Cunning,Deceit is a perfectly acceptable means of attack.,trait_personality.png,6,6,0,0,false,0,1,,,,,,,,,,,,,,,,,,,,,,,,,,,,,,,,,,,,,,,,,character_skill_nodes_tables,wh_dlc03_skill_node_bst_bray_shaman_shadows_innate_07
effect,warhammer_3,8.1.1,24237342,Beastmen,beastmen,wh_dlc03_sc_bst_beastmen,Bray-Shaman (Shadows),Bray_Shaman_Shadows,hero,wh_dlc03_bst_bray_shaman_shadows,wizard,wizard,wh2_dlc13_bst_beastmen_invasion|wh2_dlc17_bst_malagor|wh2_dlc17_bst_taurox|wh2_main_bst_blooded_axe|wh2_main_bst_manblight|wh2_main_bst_ripper_horn|wh2_main_bst_shadowgor|wh2_main_bst_skrinderkin|wh2_main_bst_stone_horn|wh3_dlc27_bst_beastmen_dm|wh_dlc03_bst_beastmen|wh_dlc03_bst_beastmen_chaos|wh_dlc03_bst_beastmen_rebels|wh_dlc03_bst_jagged_horn|wh_dlc03_bst_redhorn|wh_dlc05_bst_morghur_herd,false,false,true,true,true,true,,,wh_dlc03_skill_node_set_bst_bray_shaman_shadows,,1,wizard,false,false,,,,wh_dlc03_skill_node_bst_bray_shaman_shadows_innate_07,wh2_main_skill_innate_all_cunning,Cunning,Deceit is a perfectly acceptable means of attack.,trait_personality.png,6,6,0,0,false,0,1,1,Cunning,Deceit is a perfectly acceptable means of attack.,,,,,,wh_main_effect_character_stat_enable_poison_attacks,Enables poison attacks,,character_to_character_own,1,both,140,true,phase_posion.png,phase_posion.png,,,,,,,,,,,,,,,,,,,,,,,character_skill_level_to_effects_junctions_tables,wh2_main_skill_innate_all_cunning|wh_main_effect_character_stat_enable_poison_attacks|1|character_to_character_own
effect,warhammer_3,8.1.1,24237342,Beastmen,beastmen,wh_dlc03_sc_bst_beastmen,Bray-Shaman (Shadows),Bray_Shaman_Shadows,hero,wh_dlc03_bst_bray_shaman_shadows,wizard,wizard,wh2_dlc13_bst_beastmen_invasion|wh2_dlc17_bst_malagor|wh2_dlc17_bst_taurox|wh2_main_bst_blooded_axe|wh2_main_bst_manblight|wh2_main_bst_ripper_horn|wh2_main_bst_shadowgor|wh2_main_bst_skrinderkin|wh2_main_bst_stone_horn|wh3_dlc27_bst_beastmen_dm|wh_dlc03_bst_beastmen|wh_dlc03_bst_beastmen_chaos|wh_dlc03_bst_beastmen_rebels|wh_dlc03_bst_jagged_horn|wh_dlc03_bst_redhorn|wh_dlc05_bst_morghur_herd,false,false,true,true,true,true,,,wh_dlc03_skill_node_set_bst_bray_shaman_shadows,,1,wizard,false,false,,,,wh_dlc03_skill_node_bst_bray_shaman_shadows_innate_07,wh2_main_skill_innate_all_cunning,Cunning,Deceit is a perfectly acceptable means of attack.,trait_personality.png,6,6,0,0,false,0,1,1,Cunning,Deceit is a perfectly acceptable means of attack.,,,,,,wh_main_effect_character_stat_melee_defence,Melee defence: %+n,,character_to_character_own,10,both,150,true,defence_character.png,defence_character.png,,,,,,,,,,,,,,,,,,,,,,,character_skill_level_to_effects_junctions_tables,wh2_main_skill_innate_all_cunning|wh_main_effect_character_stat_melee_defence|1|character_to_character_own
effect,warhammer_3,8.1.1,24237342,Beastmen,beastmen,wh_dlc03_sc_bst_beastmen,Bray-Shaman (Shadows),Bray_Shaman_Shadows,hero,wh_dlc03_bst_bray_shaman_shadows,wizard,wizard,wh2_dlc13_bst_beastmen_invasion|wh2_dlc17_bst_malagor|wh2_dlc17_bst_taurox|wh2_main_bst_blooded_axe|wh2_main_bst_manblight|wh2_main_bst_ripper_horn|wh2_main_bst_shadowgor|wh2_main_bst_skrinderkin|wh2_main_bst_stone_horn|wh3_dlc27_bst_beastmen_dm|wh_dlc03_bst_beastmen|wh_dlc03_bst_beastmen_chaos|wh_dlc03_bst_beastmen_rebels|wh_dlc03_bst_jagged_horn|wh_dlc03_bst_redhorn|wh_dlc05_bst_morghur_herd,false,false,true,true,true,true,,,wh_dlc03_skill_node_set_bst_bray_shaman_shadows,,1,wizard,false,false,,,,wh_dlc03_skill_node_bst_bray_shaman_shadows_innate_07,wh2_main_skill_innate_all_cunning,Cunning,Deceit is a perfectly acceptable means of attack.,trait_personality.png,6,6,0,0,false,0,1,1,Cunning,Deceit is a perfectly acceptable means of attack.,,,,,,wh_main_effect_force_army_campaign_ambush_attack_success_chance,Ambush success chance: %+n%,,character_to_force_regionwide_own,25,campaign,101,true,icon_effects_ambush.png,icon_effects_ambush.png,,,,,,,,,,,,,,,,,,,,,,,character_skill_level_to_effects_junctions_tables,wh2_main_skill_innate_all_cunning|wh_main_effect_force_army_campaign_ambush_attack_success_chance|1|character_to_force_regionwide_own
node,warhammer_3,8.1.1,24237342,Beastmen,beastmen,wh_dlc03_sc_bst_beastmen,Bray-Shaman (Shadows),Bray_Shaman_Shadows,hero,wh_dlc03_bst_bray_shaman_shadows,wizard,wizard,wh2_dlc13_bst_beastmen_invasion|wh2_dlc17_bst_malagor|wh2_dlc17_bst_taurox|wh2_main_bst_blooded_axe|wh2_main_bst_manblight|wh2_main_bst_ripper_horn|wh2_main_bst_shadowgor|wh2_main_bst_skrinderkin|wh2_main_bst_stone_horn|wh3_dlc27_bst_beastmen_dm|wh_dlc03_bst_beastmen|wh_dlc03_bst_beastmen_chaos|wh_dlc03_bst_beastmen_rebels|wh_dlc03_bst_jagged_horn|wh_dlc03_bst_redhorn|wh_dlc05_bst_morghur_herd,false,false,true,true,true,true,,,wh_dlc03_skill_node_set_bst_bray_shaman_shadows,,1,wizard,false,false,,,,wh_dlc03_skill_node_bst_bray_shaman_shadows_magic_10,wh_dlc05_skill_magic_shadow_okkams_mindrazor,Okkam's Mindrazor,"The supernatural solution is often the best; weapons materialise before the caster's allies, allowing them to slice through flesh, soul, and consciousness.",wh_dlc05_spell_shadow_okkams_mindrazor.png,7,2,0,0,true,0,3,,,,,,,,,,,,,,,,,,,,,,,,,,,,,,,,,,,,,,,,,character_skill_nodes_tables,wh_dlc03_skill_node_bst_bray_shaman_shadows_magic_10
effect,warhammer_3,8.1.1,24237342,Beastmen,beastmen,wh_dlc03_sc_bst_beastmen,Bray-Shaman (Shadows),Bray_Shaman_Shadows,hero,wh_dlc03_bst_bray_shaman_shadows,wizard,wizard,wh2_dlc13_bst_beastmen_invasion|wh2_dlc17_bst_malagor|wh2_dlc17_bst_taurox|wh2_main_bst_blooded_axe|wh2_main_bst_manblight|wh2_main_bst_ripper_horn|wh2_main_bst_shadowgor|wh2_main_bst_skrinderkin|wh2_main_bst_stone_horn|wh3_dlc27_bst_beastmen_dm|wh_dlc03_bst_beastmen|wh_dlc03_bst_beastmen_chaos|wh_dlc03_bst_beastmen_rebels|wh_dlc03_bst_jagged_horn|wh_dlc03_bst_redhorn|wh_dlc05_bst_morghur_herd,false,false,true,true,true,true,,,wh_dlc03_skill_node_set_bst_bray_shaman_shadows,,1,wizard,false,false,,,,wh_dlc03_skill_node_bst_bray_shaman_shadows_magic_10,wh_dlc05_skill_magic_shadow_okkams_mindrazor,Okkam's Mindrazor,"The supernatural solution is often the best; weapons materialise before the caster's allies, allowing them to slice through flesh, soul, and consciousness.",wh_dlc05_spell_shadow_okkams_mindrazor.png,7,2,0,0,true,0,3,1,Okkam's Mindrazor,"The supernatural solution is often the best; weapons materialise before the caster's allies, allowing them to slice through flesh, soul, and consciousness.",,,,,,wh_dlc05_effect_ability_enable_okkams_mindrazor,"Spell: ""Okkam's Mindrazor""",,character_to_character_own,1,battle,290,true,magic_character.png,magic_character.png,,,,,,,,,,,,,,,,,,,,,,,character_skill_level_to_effects_junctions_tables,wh_dlc05_skill_magic_shadow_okkams_mindrazor|wh_dlc05_effect_ability_enable_okkams_mindrazor|1|character_to_character_own
effect,warhammer_3,8.1.1,24237342,Beastmen,beastmen,wh_dlc03_sc_bst_beastmen,Bray-Shaman (Shadows),Bray_Shaman_Shadows,hero,wh_dlc03_bst_bray_shaman_shadows,wizard,wizard,wh2_dlc13_bst_beastmen_invasion|wh2_dlc17_bst_malagor|wh2_dlc17_bst_taurox|wh2_main_bst_blooded_axe|wh2_main_bst_manblight|wh2_main_bst_ripper_horn|wh2_main_bst_shadowgor|wh2_main_bst_skrinderkin|wh2_main_bst_stone_horn|wh3_dlc27_bst_beastmen_dm|wh_dlc03_bst_beastmen|wh_dlc03_bst_beastmen_chaos|wh_dlc03_bst_beastmen_rebels|wh_dlc03_bst_jagged_horn|wh_dlc03_bst_redhorn|wh_dlc05_bst_morghur_herd,false,false,true,true,true,true,,,wh_dlc03_skill_node_set_bst_bray_shaman_shadows,,1,wizard,false,false,,,,wh_dlc03_skill_node_bst_bray_shaman_shadows_magic_10,wh_dlc05_skill_magic_shadow_okkams_mindrazor,Okkam's Mindrazor,"The supernatural solution is often the best; weapons materialise before the caster's allies, allowing them to slice through flesh, soul, and consciousness.",wh_dlc05_spell_shadow_okkams_mindrazor.png,7,2,0,0,true,0,3,2,Okkam's Mindrazor,"The supernatural solution is often the best; weapons materialise before the caster's allies, allowing them to slice through flesh, soul, and consciousness.",,,,,,wh_dlc05_effect_ability_cooldown_okkams_mindrazor,"Cooldown: %+n% to ""Okkam's Mindrazor""",,character_to_character_own,-30,both,293,false,magic_cooldown.png,magic_cooldown.png,,,,,,,,,,,,,,,,,,,,,,,character_skill_level_to_effects_junctions_tables,wh_dlc05_skill_magic_shadow_okkams_mindrazor|wh_dlc05_effect_ability_cooldown_okkams_mindrazor|2|character_to_character_own
effect,warhammer_3,8.1.1,24237342,Beastmen,beastmen,wh_dlc03_sc_bst_beastmen,Bray-Shaman (Shadows),Bray_Shaman_Shadows,hero,wh_dlc03_bst_bray_shaman_shadows,wizard,wizard,wh2_dlc13_bst_beastmen_invasion|wh2_dlc17_bst_malagor|wh2_dlc17_bst_taurox|wh2_main_bst_blooded_axe|wh2_main_bst_manblight|wh2_main_bst_ripper_horn|wh2_main_bst_shadowgor|wh2_main_bst_skrinderkin|wh2_main_bst_stone_horn|wh3_dlc27_bst_beastmen_dm|wh_dlc03_bst_beastmen|wh_dlc03_bst_beastmen_chaos|wh_dlc03_bst_beastmen_rebels|wh_dlc03_bst_jagged_horn|wh_dlc03_bst_redhorn|wh_dlc05_bst_morghur_herd,false,false,true,true,true,true,,,wh_dlc03_skill_node_set_bst_bray_shaman_shadows,,1,wizard,false,false,,,,wh_dlc03_skill_node_bst_bray_shaman_shadows_magic_10,wh_dlc05_skill_magic_shadow_okkams_mindrazor,Okkam's Mindrazor,"The supernatural solution is often the best; weapons materialise before the caster's allies, allowing them to slice through flesh, soul, and consciousness.",wh_dlc05_spell_shadow_okkams_mindrazor.png,7,2,0,0,true,0,3,2,Okkam's Mindrazor,"The supernatural solution is often the best; weapons materialise before the caster's allies, allowing them to slice through flesh, soul, and consciousness.",,,,,,wh2_main_effect_ability_overcast_okkams_mindrazor,"Overcast spell: ""Okkam's Mindrazor Upgraded""",,character_to_character_own,1,both,292,true,magic_character.png,magic_character.png,,,,,,,,,,,,,,,,,,,,,,,character_skill_level_to_effects_junctions_tables,wh_dlc05_skill_magic_shadow_okkams_mindrazor|wh2_main_effect_ability_overcast_okkams_mindrazor|2|character_to_character_own
effect,warhammer_3,8.1.1,24237342,Beastmen,beastmen,wh_dlc03_sc_bst_beastmen,Bray-Shaman (Shadows),Bray_Shaman_Shadows,hero,wh_dlc03_bst_bray_shaman_shadows,wizard,wizard,wh2_dlc13_bst_beastmen_invasion|wh2_dlc17_bst_malagor|wh2_dlc17_bst_taurox|wh2_main_bst_blooded_axe|wh2_main_bst_manblight|wh2_main_bst_ripper_horn|wh2_main_bst_shadowgor|wh2_main_bst_skrinderkin|wh2_main_bst_stone_horn|wh3_dlc27_bst_beastmen_dm|wh_dlc03_bst_beastmen|wh_dlc03_bst_beastmen_chaos|wh_dlc03_bst_beastmen_rebels|wh_dlc03_bst_jagged_horn|wh_dlc03_bst_redhorn|wh_dlc05_bst_morghur_herd,false,false,true,true,true,true,,,wh_dlc03_skill_node_set_bst_bray_shaman_shadows,,1,wizard,false,false,,,,wh_dlc03_skill_node_bst_bray_shaman_shadows_magic_10,wh_dlc05_skill_magic_shadow_okkams_mindrazor,Okkam's Mindrazor,"The supernatural solution is often the best; weapons materialise before the caster's allies, allowing them to slice through flesh, soul, and consciousness.",wh_dlc05_spell_shadow_okkams_mindrazor.png,7,2,0,0,true,0,3,3,Okkam's Mindrazor,"The supernatural solution is often the best; weapons materialise before the caster's allies, allowing them to slice through flesh, soul, and consciousness.",,,,,,wh_dlc05_effect_ability_cooldown_okkams_mindrazor,"Cooldown: %+n% to ""Okkam's Mindrazor""",,character_to_character_own,-50,both,293,false,magic_cooldown.png,magic_cooldown.png,,,,,,,,,,,,,,,,,,,,,,,character_skill_level_to_effects_junctions_tables,wh_dlc05_skill_magic_shadow_okkams_mindrazor|wh_dlc05_effect_ability_cooldown_okkams_mindrazor|3|character_to_character_own
effect,warhammer_3,8.1.1,24237342,Beastmen,beastmen,wh_dlc03_sc_bst_beastmen,Bray-Shaman (Shadows),Bray_Shaman_Shadows,hero,wh_dlc03_bst_bray_shaman_shadows,wizard,wizard,wh2_dlc13_bst_beastmen_invasion|wh2_dlc17_bst_malagor|wh2_dlc17_bst_taurox|wh2_main_bst_blooded_axe|wh2_main_bst_manblight|wh2_main_bst_ripper_horn|wh2_main_bst_shadowgor|wh2_main_bst_skrinderkin|wh2_main_bst_stone_horn|wh3_dlc27_bst_beastmen_dm|wh_dlc03_bst_beastmen|wh_dlc03_bst_beastmen_chaos|wh_dlc03_bst_beastmen_rebels|wh_dlc03_bst_jagged_horn|wh_dlc03_bst_redhorn|wh_dlc05_bst_morghur_herd,false,false,true,true,true,true,,,wh_dlc03_skill_node_set_bst_bray_shaman_shadows,,1,wizard,false,false,,,,wh_dlc03_skill_node_bst_bray_shaman_shadows_magic_10,wh_dlc05_skill_magic_shadow_okkams_mindrazor,Okkam's Mindrazor,"The supernatural solution is often the best; weapons materialise before the caster's allies, allowing them to slice through flesh, soul, and consciousness.",wh_dlc05_spell_shadow_okkams_mindrazor.png,7,2,0,0,true,0,3,3,Okkam's Mindrazor,"The supernatural solution is often the best; weapons materialise before the caster's allies, allowing them to slice through flesh, soul, and consciousness.",,,,,,wh2_main_effect_ability_miscast_okkams_mindrazor_upgraded,"Miscast base chance: %+n% for ""Okkam's Mindrazor Upgraded""",,character_to_character_own,-15,both,298,false,magic.png,magic.png,,,,,,,,,,,,,,,,,,,,,,,character_skill_level_to_effects_junctions_tables,wh_dlc05_skill_magic_shadow_okkams_mindrazor|wh2_main_effect_ability_miscast_okkams_mindrazor_upgraded|3|character_to_character_own
effect,warhammer_3,8.1.1,24237342,Beastmen,beastmen,wh_dlc03_sc_bst_beastmen,Bray-Shaman (Shadows),Bray_Shaman_Shadows,hero,wh_dlc03_bst_bray_shaman_shadows,wizard,wizard,wh2_dlc13_bst_beastmen_invasion|wh2_dlc17_bst_malagor|wh2_dlc17_bst_taurox|wh2_main_bst_blooded_axe|wh2_main_bst_manblight|wh2_main_bst_ripper_horn|wh2_main_bst_shadowgor|wh2_main_bst_skrinderkin|wh2_main_bst_stone_horn|wh3_dlc27_bst_beastmen_dm|wh_dlc03_bst_beastmen|wh_dlc03_bst_beastmen_chaos|wh_dlc03_bst_beastmen_rebels|wh_dlc03_bst_jagged_horn|wh_dlc03_bst_redhorn|wh_dlc05_bst_morghur_herd,false,false,true,true,true,true,,,wh_dlc03_skill_node_set_bst_bray_shaman_shadows,,1,wizard,false,false,,,,wh_dlc03_skill_node_bst_bray_shaman_shadows_magic_10,wh_dlc05_skill_magic_shadow_okkams_mindrazor,Okkam's Mindrazor,"The supernatural solution is often the best; weapons materialise before the caster's allies, allowing them to slice through flesh, soul, and consciousness.",wh_dlc05_spell_shadow_okkams_mindrazor.png,7,2,0,0,true,0,3,3,Okkam's Mindrazor,"The supernatural solution is often the best; weapons materialise before the caster's allies, allowing them to slice through flesh, soul, and consciousness.",,,,,,wh2_main_effect_ability_overcast_okkams_mindrazor,"Overcast spell: ""Okkam's Mindrazor Upgraded""",,character_to_character_own,1,both,292,true,magic_character.png,magic_character.png,,,,,,,,,,,,,,,,,,,,,,,character_skill_level_to_effects_junctions_tables,wh_dlc05_skill_magic_shadow_okkams_mindrazor|wh2_main_effect_ability_overcast_okkams_mindrazor|3|character_to_character_own
effect,warhammer_3,8.1.1,24237342,Beastmen,beastmen,wh_dlc03_sc_bst_beastmen,Bray-Shaman (Shadows),Bray_Shaman_Shadows,hero,wh_dlc03_bst_bray_shaman_shadows,wizard,wizard,wh2_dlc13_bst_beastmen_invasion|wh2_dlc17_bst_malagor|wh2_dlc17_bst_taurox|wh2_main_bst_blooded_axe|wh2_main_bst_manblight|wh2_main_bst_ripper_horn|wh2_main_bst_shadowgor|wh2_main_bst_skrinderkin|wh2_main_bst_stone_horn|wh3_dlc27_bst_beastmen_dm|wh_dlc03_bst_beastmen|wh_dlc03_bst_beastmen_chaos|wh_dlc03_bst_beastmen_rebels|wh_dlc03_bst_jagged_horn|wh_dlc03_bst_redhorn|wh_dlc05_bst_morghur_herd,false,false,true,true,true,true,,,wh_dlc03_skill_node_set_bst_bray_shaman_shadows,,1,wizard,false,false,,,,wh_dlc03_skill_node_bst_bray_shaman_shadows_magic_10,wh_dlc05_skill_magic_shadow_okkams_mindrazor,Okkam's Mindrazor,"The supernatural solution is often the best; weapons materialise before the caster's allies, allowing them to slice through flesh, soul, and consciousness.",wh_dlc05_spell_shadow_okkams_mindrazor.png,7,2,0,0,true,0,3,3,Okkam's Mindrazor,"The supernatural solution is often the best; weapons materialise before the caster's allies, allowing them to slice through flesh, soul, and consciousness.",,,,,,wh2_main_effect_ability_wom_cost_okkams_mindrazor,"Winds of Magic cost: %n for ""Okkam's Mindrazor""",,character_to_character_own,-2,both,294,false,magic_character.png,magic_character.png,,,,,,,,,,,,,,,,,,,,,,,character_skill_level_to_effects_junctions_tables,wh_dlc05_skill_magic_shadow_okkams_mindrazor|wh2_main_effect_ability_wom_cost_okkams_mindrazor|3|character_to_character_own
effect,warhammer_3,8.1.1,24237342,Beastmen,beastmen,wh_dlc03_sc_bst_beastmen,Bray-Shaman (Shadows),Bray_Shaman_Shadows,hero,wh_dlc03_bst_bray_shaman_shadows,wizard,wizard,wh2_dlc13_bst_beastmen_invasion|wh2_dlc17_bst_malagor|wh2_dlc17_bst_taurox|wh2_main_bst_blooded_axe|wh2_main_bst_manblight|wh2_main_bst_ripper_horn|wh2_main_bst_shadowgor|wh2_main_bst_skrinderkin|wh2_main_bst_stone_horn|wh3_dlc27_bst_beastmen_dm|wh_dlc03_bst_beastmen|wh_dlc03_bst_beastmen_chaos|wh_dlc03_bst_beastmen_rebels|wh_dlc03_bst_jagged_horn|wh_dlc03_bst_redhorn|wh_dlc05_bst_morghur_herd,false,false,true,true,true,true,,,wh_dlc03_skill_node_set_bst_bray_shaman_shadows,,1,wizard,false,false,,,,wh_dlc03_skill_node_bst_bray_shaman_shadows_magic_10,wh_dlc05_skill_magic_shadow_okkams_mindrazor,Okkam's Mindrazor,"The supernatural solution is often the best; weapons materialise before the caster's allies, allowing them to slice through flesh, soul, and consciousness.",wh_dlc05_spell_shadow_okkams_mindrazor.png,7,2,0,0,true,0,3,3,Okkam's Mindrazor,"The supernatural solution is often the best; weapons materialise before the caster's allies, allowing them to slice through flesh, soul, and consciousness.",,,,,,wh2_main_effect_ability_wom_cost_okkams_mindrazor_upgraded,"Winds of Magic cost: %n for ""Okkam's Mindrazor Upgraded""",,character_to_character_own,-3,both,295,false,magic_character.png,magic_character.png,,,,,,,,,,,,,,,,,,,,,,,character_skill_level_to_effects_junctions_tables,wh_dlc05_skill_magic_shadow_okkams_mindrazor|wh2_main_effect_ability_wom_cost_okkams_mindrazor_upgraded|3|character_to_character_own
node,warhammer_3,8.1.1,24237342,Beastmen,beastmen,wh_dlc03_sc_bst_beastmen,Bray-Shaman (Shadows),Bray_Shaman_Shadows,hero,wh_dlc03_bst_bray_shaman_shadows,wizard,wizard,wh2_dlc13_bst_beastmen_invasion|wh2_dlc17_bst_malagor|wh2_dlc17_bst_taurox|wh2_main_bst_blooded_axe|wh2_main_bst_manblight|wh2_main_bst_ripper_horn|wh2_main_bst_shadowgor|wh2_main_bst_skrinderkin|wh2_main_bst_stone_horn|wh3_dlc27_bst_beastmen_dm|wh_dlc03_bst_beastmen|wh_dlc03_bst_beastmen_chaos|wh_dlc03_bst_beastmen_rebels|wh_dlc03_bst_jagged_horn|wh_dlc03_bst_redhorn|wh_dlc05_bst_morghur_herd,false,false,true,true,true,true,,,wh_dlc03_skill_node_set_bst_bray_shaman_shadows,,1,wizard,false,false,,,,wh_dlc03_skill_node_bst_bray_shaman_shadows_innate_08,wh2_main_skill_innate_all_determined,Determined,Having a modicum of resolve is useful in a world that continually tests it.,trait_personality.png,7,6,0,0,false,0,1,,,,,,,,,,,,,,,,,,,,,,,,,,,,,,,,,,,,,,,,,character_skill_nodes_tables,wh_dlc03_skill_node_bst_bray_shaman_shadows_innate_08
effect,warhammer_3,8.1.1,24237342,Beastmen,beastmen,wh_dlc03_sc_bst_beastmen,Bray-Shaman (Shadows),Bray_Shaman_Shadows,hero,wh_dlc03_bst_bray_shaman_shadows,wizard,wizard,wh2_dlc13_bst_beastmen_invasion|wh2_dlc17_bst_malagor|wh2_dlc17_bst_taurox|wh2_main_bst_blooded_axe|wh2_main_bst_manblight|wh2_main_bst_ripper_horn|wh2_main_bst_shadowgor|wh2_main_bst_skrinderkin|wh2_main_bst_stone_horn|wh3_dlc27_bst_beastmen_dm|wh_dlc03_bst_beastmen|wh_dlc03_bst_beastmen_chaos|wh_dlc03_bst_beastmen_rebels|wh_dlc03_bst_jagged_horn|wh_dlc03_bst_redhorn|wh_dlc05_bst_morghur_herd,false,false,true,true,true,true,,,wh_dlc03_skill_node_set_bst_bray_shaman_shadows,,1,wizard,false,false,,,,wh_dlc03_skill_node_bst_bray_shaman_shadows_innate_08,wh2_main_skill_innate_all_determined,Determined,Having a modicum of resolve is useful in a world that continually tests it.,trait_personality.png,7,6,0,0,false,0,1,1,Determined,Having a modicum of resolve is useful in a world that continually tests it.,,,,,,wh_main_effect_attribute_enable_immune_to_psychology,Attribute: Immune to Psychology,,character_to_character_own,1,both,70,true,attribute_immune_to_psychology.png,attribute_immune_to_psychology.png,,,,,,,,,,,,,,,,,,,,,,,character_skill_level_to_effects_junctions_tables,wh2_main_skill_innate_all_determined|wh_main_effect_attribute_enable_immune_to_psychology|1|character_to_character_own
effect,warhammer_3,8.1.1,24237342,Beastmen,beastmen,wh_dlc03_sc_bst_beastmen,Bray-Shaman (Shadows),Bray_Shaman_Shadows,hero,wh_dlc03_bst_bray_shaman_shadows,wizard,wizard,wh2_dlc13_bst_beastmen_invasion|wh2_dlc17_bst_malagor|wh2_dlc17_bst_taurox|wh2_main_bst_blooded_axe|wh2_main_bst_manblight|wh2_main_bst_ripper_horn|wh2_main_bst_shadowgor|wh2_main_bst_skrinderkin|wh2_main_bst_stone_horn|wh3_dlc27_bst_beastmen_dm|wh_dlc03_bst_beastmen|wh_dlc03_bst_beastmen_chaos|wh_dlc03_bst_beastmen_rebels|wh_dlc03_bst_jagged_horn|wh_dlc03_bst_redhorn|wh_dlc05_bst_morghur_herd,false,false,true,true,true,true,,,wh_dlc03_skill_node_set_bst_bray_shaman_shadows,,1,wizard,false,false,,,,wh_dlc03_skill_node_bst_bray_shaman_shadows_innate_08,wh2_main_skill_innate_all_determined,Determined,Having a modicum of resolve is useful in a world that continually tests it.,trait_personality.png,7,6,0,0,false,0,1,1,Determined,Having a modicum of resolve is useful in a world that continually tests it.,,,,,,wh_main_effect_character_stat_leadership,Leadership: %+n,,character_to_character_own,15,both,110,true,morale_character.png,morale_character.png,,,,,,,,,,,,,,,,,,,,,,,character_skill_level_to_effects_junctions_tables,wh2_main_skill_innate_all_determined|wh_main_effect_character_stat_leadership|1|character_to_character_own
effect,warhammer_3,8.1.1,24237342,Beastmen,beastmen,wh_dlc03_sc_bst_beastmen,Bray-Shaman (Shadows),Bray_Shaman_Shadows,hero,wh_dlc03_bst_bray_shaman_shadows,wizard,wizard,wh2_dlc13_bst_beastmen_invasion|wh2_dlc17_bst_malagor|wh2_dlc17_bst_taurox|wh2_main_bst_blooded_axe|wh2_main_bst_manblight|wh2_main_bst_ripper_horn|wh2_main_bst_shadowgor|wh2_main_bst_skrinderkin|wh2_main_bst_stone_horn|wh3_dlc27_bst_beastmen_dm|wh_dlc03_bst_beastmen|wh_dlc03_bst_beastmen_chaos|wh_dlc03_bst_beastmen_rebels|wh_dlc03_bst_jagged_horn|wh_dlc03_bst_redhorn|wh_dlc05_bst_morghur_herd,false,false,true,true,true,true,,,wh_dlc03_skill_node_set_bst_bray_shaman_shadows,,1,wizard,false,false,,,,wh_dlc03_skill_node_bst_bray_shaman_shadows_innate_08,wh2_main_skill_innate_all_determined,Determined,Having a modicum of resolve is useful in a world that continually tests it.,trait_personality.png,7,6,0,0,false,0,1,1,Determined,Having a modicum of resolve is useful in a world that continually tests it.,,,,,,wh_main_effect_character_stat_unit_health,Hit points: %+n%,,character_to_character_own,10,both,90,true,health_character.png,health_character.png,,,,,,,,,,,,,,,,,,,,,,,character_skill_level_to_effects_junctions_tables,wh2_main_skill_innate_all_determined|wh_main_effect_character_stat_unit_health|1|character_to_character_own
effect,warhammer_3,8.1.1,24237342,Beastmen,beastmen,wh_dlc03_sc_bst_beastmen,Bray-Shaman (Shadows),Bray_Shaman_Shadows,hero,wh_dlc03_bst_bray_shaman_shadows,wizard,wizard,wh2_dlc13_bst_beastmen_invasion|wh2_dlc17_bst_malagor|wh2_dlc17_bst_taurox|wh2_main_bst_blooded_axe|wh2_main_bst_manblight|wh2_main_bst_ripper_horn|wh2_main_bst_shadowgor|wh2_main_bst_skrinderkin|wh2_main_bst_stone_horn|wh3_dlc27_bst_beastmen_dm|wh_dlc03_bst_beastmen|wh_dlc03_bst_beastmen_chaos|wh_dlc03_bst_beastmen_rebels|wh_dlc03_bst_jagged_horn|wh_dlc03_bst_redhorn|wh_dlc05_bst_morghur_herd,false,false,true,true,true,true,,,wh_dlc03_skill_node_set_bst_bray_shaman_shadows,,1,wizard,false,false,,,,wh_dlc03_skill_node_bst_bray_shaman_shadows_innate_08,wh2_main_skill_innate_all_determined,Determined,Having a modicum of resolve is useful in a world that continually tests it.,trait_personality.png,7,6,0,0,false,0,1,1,Determined,Having a modicum of resolve is useful in a world that continually tests it.,,,,,,wh3_main_effect_character_campaign_experience_mod,Character experience gain: %+n%,,character_to_character_own,30,campaign,14,true,experience.png,experience.png,,,,,,,,,,,,,,,,,,,,,,,character_skill_level_to_effects_junctions_tables,wh2_main_skill_innate_all_determined|wh3_main_effect_character_campaign_experience_mod|1|character_to_character_own
node,warhammer_3,8.1.1,24237342,Beastmen,beastmen,wh_dlc03_sc_bst_beastmen,Bray-Shaman (Shadows),Bray_Shaman_Shadows,hero,wh_dlc03_bst_bray_shaman_shadows,wizard,wizard,wh2_dlc13_bst_beastmen_invasion|wh2_dlc17_bst_malagor|wh2_dlc17_bst_taurox|wh2_main_bst_blooded_axe|wh2_main_bst_manblight|wh2_main_bst_ripper_horn|wh2_main_bst_shadowgor|wh2_main_bst_skrinderkin|wh2_main_bst_stone_horn|wh3_dlc27_bst_beastmen_dm|wh_dlc03_bst_beastmen|wh_dlc03_bst_beastmen_chaos|wh_dlc03_bst_beastmen_rebels|wh_dlc03_bst_jagged_horn|wh_dlc03_bst_redhorn|wh_dlc05_bst_morghur_herd,false,false,true,true,true,true,,,wh_dlc03_skill_node_set_bst_bray_shaman_shadows,,1,wizard,false,false,,,,wh_dlc03_skill_node_bst_bray_shaman_shadows_magic_07,wh_main_skill_all_magic_all_07_earthing,Earthing,"By stabbing a staff or some arcane conduit into the ground, an accomplished magic-user can earth or tether the Winds and hopefully reduce a chance of miscasting.",character_magic.png,8,2,0,0,true,0,1,,,,,,,,,,,,,,,,,,,,,,,,,,,,,,,,,,,,,,,,,character_skill_nodes_tables,wh_dlc03_skill_node_bst_bray_shaman_shadows_magic_07
effect,warhammer_3,8.1.1,24237342,Beastmen,beastmen,wh_dlc03_sc_bst_beastmen,Bray-Shaman (Shadows),Bray_Shaman_Shadows,hero,wh_dlc03_bst_bray_shaman_shadows,wizard,wizard,wh2_dlc13_bst_beastmen_invasion|wh2_dlc17_bst_malagor|wh2_dlc17_bst_taurox|wh2_main_bst_blooded_axe|wh2_main_bst_manblight|wh2_main_bst_ripper_horn|wh2_main_bst_shadowgor|wh2_main_bst_skrinderkin|wh2_main_bst_stone_horn|wh3_dlc27_bst_beastmen_dm|wh_dlc03_bst_beastmen|wh_dlc03_bst_beastmen_chaos|wh_dlc03_bst_beastmen_rebels|wh_dlc03_bst_jagged_horn|wh_dlc03_bst_redhorn|wh_dlc05_bst_morghur_herd,false,false,true,true,true,true,,,wh_dlc03_skill_node_set_bst_bray_shaman_shadows,,1,wizard,false,false,,,,wh_dlc03_skill_node_bst_bray_shaman_shadows_magic_07,wh_main_skill_all_magic_all_07_earthing,Earthing,"By stabbing a staff or some arcane conduit into the ground, an accomplished magic-user can earth or tether the Winds and hopefully reduce a chance of miscasting.",character_magic.png,8,2,0,0,true,0,1,1,Earthing,"By stabbing a staff or some arcane conduit into the ground, an accomplished magic-user can earth or tether the Winds and hopefully reduce a chance of miscasting.",,,,,,wh_main_effect_character_stat_miscast,Miscast base chance: %+n%,,character_to_character_own,-15,battle,298,false,magic_character.png,magic_character.png,,,,,,,,,,,,,,,,,,,,,,,character_skill_level_to_effects_junctions_tables,wh_main_skill_all_magic_all_07_earthing|wh_main_effect_character_stat_miscast|1|character_to_character_own
node,warhammer_3,8.1.1,24237342,Beastmen,beastmen,wh_dlc03_sc_bst_beastmen,Bray-Shaman (Shadows),Bray_Shaman_Shadows,hero,wh_dlc03_bst_bray_shaman_shadows,wizard,wizard,wh2_dlc13_bst_beastmen_invasion|wh2_dlc17_bst_malagor|wh2_dlc17_bst_taurox|wh2_main_bst_blooded_axe|wh2_main_bst_manblight|wh2_main_bst_ripper_horn|wh2_main_bst_shadowgor|wh2_main_bst_skrinderkin|wh2_main_bst_stone_horn|wh3_dlc27_bst_beastmen_dm|wh_dlc03_bst_beastmen|wh_dlc03_bst_beastmen_chaos|wh_dlc03_bst_beastmen_rebels|wh_dlc03_bst_jagged_horn|wh_dlc03_bst_redhorn|wh_dlc05_bst_morghur_herd,false,false,true,true,true,true,,,wh_dlc03_skill_node_set_bst_bray_shaman_shadows,,1,wizard,false,false,,,,wh_dlc03_skill_node_bst_bray_shaman_shadows_innate_09,wh2_main_skill_innate_all_confident,Confident,Self-belief is a fine thing when not misplaced.,trait_personality.png,8,6,0,0,false,0,1,,,,,,,,,,,,,,,,,,,,,,,,,,,,,,,,,,,,,,,,,character_skill_nodes_tables,wh_dlc03_skill_node_bst_bray_shaman_shadows_innate_09
effect,warhammer_3,8.1.1,24237342,Beastmen,beastmen,wh_dlc03_sc_bst_beastmen,Bray-Shaman (Shadows),Bray_Shaman_Shadows,hero,wh_dlc03_bst_bray_shaman_shadows,wizard,wizard,wh2_dlc13_bst_beastmen_invasion|wh2_dlc17_bst_malagor|wh2_dlc17_bst_taurox|wh2_main_bst_blooded_axe|wh2_main_bst_manblight|wh2_main_bst_ripper_horn|wh2_main_bst_shadowgor|wh2_main_bst_skrinderkin|wh2_main_bst_stone_horn|wh3_dlc27_bst_beastmen_dm|wh_dlc03_bst_beastmen|wh_dlc03_bst_beastmen_chaos|wh_dlc03_bst_beastmen_rebels|wh_dlc03_bst_jagged_horn|wh_dlc03_bst_redhorn|wh_dlc05_bst_morghur_herd,false,false,true,true,true,true,,,wh_dlc03_skill_node_set_bst_bray_shaman_shadows,,1,wizard,false,false,,,,wh_dlc03_skill_node_bst_bray_shaman_shadows_innate_09,wh2_main_skill_innate_all_confident,Confident,Self-belief is a fine thing when not misplaced.,trait_personality.png,8,6,0,0,false,0,1,1,Confident,Self-belief is a fine thing when not misplaced.,,,,,,wh_main_effect_attribute_enable_immune_to_psychology,Attribute: Immune to Psychology,,character_to_character_own,1,both,70,true,attribute_immune_to_psychology.png,attribute_immune_to_psychology.png,,,,,,,,,,,,,,,,,,,,,,,character_skill_level_to_effects_junctions_tables,wh2_main_skill_innate_all_confident|wh_main_effect_attribute_enable_immune_to_psychology|1|character_to_character_own
effect,warhammer_3,8.1.1,24237342,Beastmen,beastmen,wh_dlc03_sc_bst_beastmen,Bray-Shaman (Shadows),Bray_Shaman_Shadows,hero,wh_dlc03_bst_bray_shaman_shadows,wizard,wizard,wh2_dlc13_bst_beastmen_invasion|wh2_dlc17_bst_malagor|wh2_dlc17_bst_taurox|wh2_main_bst_blooded_axe|wh2_main_bst_manblight|wh2_main_bst_ripper_horn|wh2_main_bst_shadowgor|wh2_main_bst_skrinderkin|wh2_main_bst_stone_horn|wh3_dlc27_bst_beastmen_dm|wh_dlc03_bst_beastmen|wh_dlc03_bst_beastmen_chaos|wh_dlc03_bst_beastmen_rebels|wh_dlc03_bst_jagged_horn|wh_dlc03_bst_redhorn|wh_dlc05_bst_morghur_herd,false,false,true,true,true,true,,,wh_dlc03_skill_node_set_bst_bray_shaman_shadows,,1,wizard,false,false,,,,wh_dlc03_skill_node_bst_bray_shaman_shadows_innate_09,wh2_main_skill_innate_all_confident,Confident,Self-belief is a fine thing when not misplaced.,trait_personality.png,8,6,0,0,false,0,1,1,Confident,Self-belief is a fine thing when not misplaced.,,,,,,wh_main_effect_character_stat_leadership,Leadership: %+n,,character_to_character_own,10,both,110,true,morale_character.png,morale_character.png,,,,,,,,,,,,,,,,,,,,,,,character_skill_level_to_effects_junctions_tables,wh2_main_skill_innate_all_confident|wh_main_effect_character_stat_leadership|1|character_to_character_own
effect,warhammer_3,8.1.1,24237342,Beastmen,beastmen,wh_dlc03_sc_bst_beastmen,Bray-Shaman (Shadows),Bray_Shaman_Shadows,hero,wh_dlc03_bst_bray_shaman_shadows,wizard,wizard,wh2_dlc13_bst_beastmen_invasion|wh2_dlc17_bst_malagor|wh2_dlc17_bst_taurox|wh2_main_bst_blooded_axe|wh2_main_bst_manblight|wh2_main_bst_ripper_horn|wh2_main_bst_shadowgor|wh2_main_bst_skrinderkin|wh2_main_bst_stone_horn|wh3_dlc27_bst_beastmen_dm|wh_dlc03_bst_beastmen|wh_dlc03_bst_beastmen_chaos|wh_dlc03_bst_beastmen_rebels|wh_dlc03_bst_jagged_horn|wh_dlc03_bst_redhorn|wh_dlc05_bst_morghur_herd,false,false,true,true,true,true,,,wh_dlc03_skill_node_set_bst_bray_shaman_shadows,,1,wizard,false,false,,,,wh_dlc03_skill_node_bst_bray_shaman_shadows_innate_09,wh2_main_skill_innate_all_confident,Confident,Self-belief is a fine thing when not misplaced.,trait_personality.png,8,6,0,0,false,0,1,1,Confident,Self-belief is a fine thing when not misplaced.,,,,,,wh_main_effect_force_stat_leadership,Leadership: %+n,,character_to_force_own,2,battle,410,true,morale.png,morale.png,,,,,,,,,,,,,,,,,,,,,,,character_skill_level_to_effects_junctions_tables,wh2_main_skill_innate_all_confident|wh_main_effect_force_stat_leadership|1|character_to_force_own
effect,warhammer_3,8.1.1,24237342,Beastmen,beastmen,wh_dlc03_sc_bst_beastmen,Bray-Shaman (Shadows),Bray_Shaman_Shadows,hero,wh_dlc03_bst_bray_shaman_shadows,wizard,wizard,wh2_dlc13_bst_beastmen_invasion|wh2_dlc17_bst_malagor|wh2_dlc17_bst_taurox|wh2_main_bst_blooded_axe|wh2_main_bst_manblight|wh2_main_bst_ripper_horn|wh2_main_bst_shadowgor|wh2_main_bst_skrinderkin|wh2_main_bst_stone_horn|wh3_dlc27_bst_beastmen_dm|wh_dlc03_bst_beastmen|wh_dlc03_bst_beastmen_chaos|wh_dlc03_bst_beastmen_rebels|wh_dlc03_bst_jagged_horn|wh_dlc03_bst_redhorn|wh_dlc05_bst_morghur_herd,false,false,true,true,true,true,,,wh_dlc03_skill_node_set_bst_bray_shaman_shadows,,1,wizard,false,false,,,,wh_dlc03_skill_node_bst_bray_shaman_shadows_innate_09,wh2_main_skill_innate_all_confident,Confident,Self-belief is a fine thing when not misplaced.,trait_personality.png,8,6,0,0,false,0,1,1,Confident,Self-belief is a fine thing when not misplaced.,,,,,,wh3_dlc25_effect_ability_enable_rabble_rouse,"Passive ability: ""Rabble Rouse""",,character_to_character_own,1,battle,1,true,general_ability.png,general_ability.png,,,,,,,,,,,,,,,,,,,,,,,character_skill_level_to_effects_junctions_tables,wh2_main_skill_innate_all_confident|wh3_dlc25_effect_ability_enable_rabble_rouse|1|character_to_character_own
node,warhammer_3,8.1.1,24237342,Beastmen,beastmen,wh_dlc03_sc_bst_beastmen,Bray-Shaman (Shadows),Bray_Shaman_Shadows,hero,wh_dlc03_bst_bray_shaman_shadows,wizard,wizard,wh2_dlc13_bst_beastmen_invasion|wh2_dlc17_bst_malagor|wh2_dlc17_bst_taurox|wh2_main_bst_blooded_axe|wh2_main_bst_manblight|wh2_main_bst_ripper_horn|wh2_main_bst_shadowgor|wh2_main_bst_skrinderkin|wh2_main_bst_stone_horn|wh3_dlc27_bst_beastmen_dm|wh_dlc03_bst_beastmen|wh_dlc03_bst_beastmen_chaos|wh_dlc03_bst_beastmen_rebels|wh_dlc03_bst_jagged_horn|wh_dlc03_bst_redhorn|wh_dlc05_bst_morghur_herd,false,false,true,true,true,true,,,wh_dlc03_skill_node_set_bst_bray_shaman_shadows,,1,wizard,false,false,,,,wh_dlc03_skill_node_bst_bray_shaman_shadows_magic_08,wh_main_skill_all_magic_all_08_power_drain,Magical Reserves,"A few magic-users have the ability to store the Winds of Magic for later use, increasing their spellcasting power when it really counts.",character_magic.png,9,2,0,0,true,0,1,,,,,,,,,,,,,,,,,,,,,,,,,,,,,,,,,,,,,,,,,character_skill_nodes_tables,wh_dlc03_skill_node_bst_bray_shaman_shadows_magic_08
effect,warhammer_3,8.1.1,24237342,Beastmen,beastmen,wh_dlc03_sc_bst_beastmen,Bray-Shaman (Shadows),Bray_Shaman_Shadows,hero,wh_dlc03_bst_bray_shaman_shadows,wizard,wizard,wh2_dlc13_bst_beastmen_invasion|wh2_dlc17_bst_malagor|wh2_dlc17_bst_taurox|wh2_main_bst_blooded_axe|wh2_main_bst_manblight|wh2_main_bst_ripper_horn|wh2_main_bst_shadowgor|wh2_main_bst_skrinderkin|wh2_main_bst_stone_horn|wh3_dlc27_bst_beastmen_dm|wh_dlc03_bst_beastmen|wh_dlc03_bst_beastmen_chaos|wh_dlc03_bst_beastmen_rebels|wh_dlc03_bst_jagged_horn|wh_dlc03_bst_redhorn|wh_dlc05_bst_morghur_herd,false,false,true,true,true,true,,,wh_dlc03_skill_node_set_bst_bray_shaman_shadows,,1,wizard,false,false,,,,wh_dlc03_skill_node_bst_bray_shaman_shadows_magic_08,wh_main_skill_all_magic_all_08_power_drain,Magical Reserves,"A few magic-users have the ability to store the Winds of Magic for later use, increasing their spellcasting power when it really counts.",character_magic.png,9,2,0,0,true,0,1,1,Magical Reserves,"A few magic-users have the ability to store the Winds of Magic for later use, increasing their spellcasting power when it really counts.",,,,,,wh3_main_effect_winds_of_magic_pool_cap,Winds of Magic power reserve capacity: %+n,,character_to_force_own_unseen,5,campaign,390,true,magic_campaign.png,magic_campaign.png,,,,,,,,,,,,,,,,,,,,,,,character_skill_level_to_effects_junctions_tables,wh_main_skill_all_magic_all_08_power_drain|wh3_main_effect_winds_of_magic_pool_cap|1|character_to_force_own_unseen
node,warhammer_3,8.1.1,24237342,Beastmen,beastmen,wh_dlc03_sc_bst_beastmen,Bray-Shaman (Shadows),Bray_Shaman_Shadows,hero,wh_dlc03_bst_bray_shaman_shadows,wizard,wizard,wh2_dlc13_bst_beastmen_invasion|wh2_dlc17_bst_malagor|wh2_dlc17_bst_taurox|wh2_main_bst_blooded_axe|wh2_main_bst_manblight|wh2_main_bst_ripper_horn|wh2_main_bst_shadowgor|wh2_main_bst_skrinderkin|wh2_main_bst_stone_horn|wh3_dlc27_bst_beastmen_dm|wh_dlc03_bst_beastmen|wh_dlc03_bst_beastmen_chaos|wh_dlc03_bst_beastmen_rebels|wh_dlc03_bst_jagged_horn|wh_dlc03_bst_redhorn|wh_dlc05_bst_morghur_herd,false,false,true,true,true,true,,,wh_dlc03_skill_node_set_bst_bray_shaman_shadows,,1,wizard,false,false,,,,wh_dlc03_skill_node_bst_bray_shaman_shadows_innate_10,wh2_main_skill_innate_all_disciplined,Disciplined,"Always in control, this one leaves no stone unturned and nothing to chance.",trait_personality.png,9,6,0,0,false,0,1,,,,,,,,,,,,,,,,,,,,,,,,,,,,,,,,,,,,,,,,,character_skill_nodes_tables,wh_dlc03_skill_node_bst_bray_shaman_shadows_innate_10
effect,warhammer_3,8.1.1,24237342,Beastmen,beastmen,wh_dlc03_sc_bst_beastmen,Bray-Shaman (Shadows),Bray_Shaman_Shadows,hero,wh_dlc03_bst_bray_shaman_shadows,wizard,wizard,wh2_dlc13_bst_beastmen_invasion|wh2_dlc17_bst_malagor|wh2_dlc17_bst_taurox|wh2_main_bst_blooded_axe|wh2_main_bst_manblight|wh2_main_bst_ripper_horn|wh2_main_bst_shadowgor|wh2_main_bst_skrinderkin|wh2_main_bst_stone_horn|wh3_dlc27_bst_beastmen_dm|wh_dlc03_bst_beastmen|wh_dlc03_bst_beastmen_chaos|wh_dlc03_bst_beastmen_rebels|wh_dlc03_bst_jagged_horn|wh_dlc03_bst_redhorn|wh_dlc05_bst_morghur_herd,false,false,true,true,true,true,,,wh_dlc03_skill_node_set_bst_bray_shaman_shadows,,1,wizard,false,false,,,,wh_dlc03_skill_node_bst_bray_shaman_shadows_innate_10,wh2_main_skill_innate_all_disciplined,Disciplined,"Always in control, this one leaves no stone unturned and nothing to chance.",trait_personality.png,9,6,0,0,false,0,1,1,Disciplined,"Always in control, this one leaves no stone unturned and nothing to chance.",,,,,,wh_main_effect_character_stat_melee_attack,Melee attack: %+n,,character_to_character_own,8,both,130,true,melee_character.png,melee_character.png,,,,,,,,,,,,,,,,,,,,,,,character_skill_level_to_effects_junctions_tables,wh2_main_skill_innate_all_disciplined|wh_main_effect_character_stat_melee_attack|1|character_to_character_own
effect,warhammer_3,8.1.1,24237342,Beastmen,beastmen,wh_dlc03_sc_bst_beastmen,Bray-Shaman (Shadows),Bray_Shaman_Shadows,hero,wh_dlc03_bst_bray_shaman_shadows,wizard,wizard,wh2_dlc13_bst_beastmen_invasion|wh2_dlc17_bst_malagor|wh2_dlc17_bst_taurox|wh2_main_bst_blooded_axe|wh2_main_bst_manblight|wh2_main_bst_ripper_horn|wh2_main_bst_shadowgor|wh2_main_bst_skrinderkin|wh2_main_bst_stone_horn|wh3_dlc27_bst_beastmen_dm|wh_dlc03_bst_beastmen|wh_dlc03_bst_beastmen_chaos|wh_dlc03_bst_beastmen_rebels|wh_dlc03_bst_jagged_horn|wh_dlc03_bst_redhorn|wh_dlc05_bst_morghur_herd,false,false,true,true,true,true,,,wh_dlc03_skill_node_set_bst_bray_shaman_shadows,,1,wizard,false,false,,,,wh_dlc03_skill_node_bst_bray_shaman_shadows_innate_10,wh2_main_skill_innate_all_disciplined,Disciplined,"Always in control, this one leaves no stone unturned and nothing to chance.",trait_personality.png,9,6,0,0,false,0,1,1,Disciplined,"Always in control, this one leaves no stone unturned and nothing to chance.",,,,,,wh_main_effect_character_stat_melee_defence,Melee defence: %+n,,character_to_character_own,8,both,150,true,defence_character.png,defence_character.png,,,,,,,,,,,,,,,,,,,,,,,character_skill_level_to_effects_junctions_tables,wh2_main_skill_innate_all_disciplined|wh_main_effect_character_stat_melee_defence|1|character_to_character_own
effect,warhammer_3,8.1.1,24237342,Beastmen,beastmen,wh_dlc03_sc_bst_beastmen,Bray-Shaman (Shadows),Bray_Shaman_Shadows,hero,wh_dlc03_bst_bray_shaman_shadows,wizard,wizard,wh2_dlc13_bst_beastmen_invasion|wh2_dlc17_bst_malagor|wh2_dlc17_bst_taurox|wh2_main_bst_blooded_axe|wh2_main_bst_manblight|wh2_main_bst_ripper_horn|wh2_main_bst_shadowgor|wh2_main_bst_skrinderkin|wh2_main_bst_stone_horn|wh3_dlc27_bst_beastmen_dm|wh_dlc03_bst_beastmen|wh_dlc03_bst_beastmen_chaos|wh_dlc03_bst_beastmen_rebels|wh_dlc03_bst_jagged_horn|wh_dlc03_bst_redhorn|wh_dlc05_bst_morghur_herd,false,false,true,true,true,true,,,wh_dlc03_skill_node_set_bst_bray_shaman_shadows,,1,wizard,false,false,,,,wh_dlc03_skill_node_bst_bray_shaman_shadows_innate_10,wh2_main_skill_innate_all_disciplined,Disciplined,"Always in control, this one leaves no stone unturned and nothing to chance.",trait_personality.png,9,6,0,0,false,0,1,1,Disciplined,"Always in control, this one leaves no stone unturned and nothing to chance.",,,,,,wh_main_effect_force_stat_leadership,Leadership: %+n,,character_to_force_own,2,battle,410,true,morale.png,morale.png,,,,,,,,,,,,,,,,,,,,,,,character_skill_level_to_effects_junctions_tables,wh2_main_skill_innate_all_disciplined|wh_main_effect_force_stat_leadership|1|character_to_force_own
effect,warhammer_3,8.1.1,24237342,Beastmen,beastmen,wh_dlc03_sc_bst_beastmen,Bray-Shaman (Shadows),Bray_Shaman_Shadows,hero,wh_dlc03_bst_bray_shaman_shadows,wizard,wizard,wh2_dlc13_bst_beastmen_invasion|wh2_dlc17_bst_malagor|wh2_dlc17_bst_taurox|wh2_main_bst_blooded_axe|wh2_main_bst_manblight|wh2_main_bst_ripper_horn|wh2_main_bst_shadowgor|wh2_main_bst_skrinderkin|wh2_main_bst_stone_horn|wh3_dlc27_bst_beastmen_dm|wh_dlc03_bst_beastmen|wh_dlc03_bst_beastmen_chaos|wh_dlc03_bst_beastmen_rebels|wh_dlc03_bst_jagged_horn|wh_dlc03_bst_redhorn|wh_dlc05_bst_morghur_herd,false,false,true,true,true,true,,,wh_dlc03_skill_node_set_bst_bray_shaman_shadows,,1,wizard,false,false,,,,wh_dlc03_skill_node_bst_bray_shaman_shadows_innate_10,wh2_main_skill_innate_all_disciplined,Disciplined,"Always in control, this one leaves no stone unturned and nothing to chance.",trait_personality.png,9,6,0,0,false,0,1,1,Disciplined,"Always in control, this one leaves no stone unturned and nothing to chance.",,,,,,wh_main_effect_force_stat_melee_attack,Melee attack: %+n,,character_to_force_own,2,battle,420,true,melee.png,melee.png,,,,,,,,,,,,,,,,,,,,,,,character_skill_level_to_effects_junctions_tables,wh2_main_skill_innate_all_disciplined|wh_main_effect_force_stat_melee_attack|1|character_to_force_own
node,warhammer_3,8.1.1,24237342,Beastmen,beastmen,wh_dlc03_sc_bst_beastmen,Bray-Shaman (Shadows),Bray_Shaman_Shadows,hero,wh_dlc03_bst_bray_shaman_shadows,wizard,wizard,wh2_dlc13_bst_beastmen_invasion|wh2_dlc17_bst_malagor|wh2_dlc17_bst_taurox|wh2_main_bst_blooded_axe|wh2_main_bst_manblight|wh2_main_bst_ripper_horn|wh2_main_bst_shadowgor|wh2_main_bst_skrinderkin|wh2_main_bst_stone_horn|wh3_dlc27_bst_beastmen_dm|wh_dlc03_bst_beastmen|wh_dlc03_bst_beastmen_chaos|wh_dlc03_bst_beastmen_rebels|wh_dlc03_bst_jagged_horn|wh_dlc03_bst_redhorn|wh_dlc05_bst_morghur_herd,false,false,true,true,true,true,,,wh_dlc03_skill_node_set_bst_bray_shaman_shadows,,1,wizard,false,false,,,,wh_dlc03_skill_node_bst_bray_shaman_shadows_magic_11,wh_main_skill_all_magic_all_11_arcane_conduit,Arcane Conduit,,wh_main_character_abilities_arcane_conduit.png,10,2,0,4,true,0,1,,,,,,,,,,,,,,,,,,,,,,,,,,,,,,,,,,,,,,,,,character_skill_nodes_tables,wh_dlc03_skill_node_bst_bray_shaman_shadows_magic_11
effect,warhammer_3,8.1.1,24237342,Beastmen,beastmen,wh_dlc03_sc_bst_beastmen,Bray-Shaman (Shadows),Bray_Shaman_Shadows,hero,wh_dlc03_bst_bray_shaman_shadows,wizard,wizard,wh2_dlc13_bst_beastmen_invasion|wh2_dlc17_bst_malagor|wh2_dlc17_bst_taurox|wh2_main_bst_blooded_axe|wh2_main_bst_manblight|wh2_main_bst_ripper_horn|wh2_main_bst_shadowgor|wh2_main_bst_skrinderkin|wh2_main_bst_stone_horn|wh3_dlc27_bst_beastmen_dm|wh_dlc03_bst_beastmen|wh_dlc03_bst_beastmen_chaos|wh_dlc03_bst_beastmen_rebels|wh_dlc03_bst_jagged_horn|wh_dlc03_bst_redhorn|wh_dlc05_bst_morghur_herd,false,false,true,true,true,true,,,wh_dlc03_skill_node_set_bst_bray_shaman_shadows,,1,wizard,false,false,,,,wh_dlc03_skill_node_bst_bray_shaman_shadows_magic_11,wh_main_skill_all_magic_all_11_arcane_conduit,Arcane Conduit,,wh_main_character_abilities_arcane_conduit.png,10,2,0,4,true,0,1,1,Arcane Conduit,,,,,,,wh_main_effect_ability_enable_arcane_conduit,"Passive ability: ""Arcane Conduit""",,character_to_character_own,1,battle,300,true,general_ability.png,general_ability.png,,,,,,,,,,,,,,,,,,,,,,,character_skill_level_to_effects_junctions_tables,wh_main_skill_all_magic_all_11_arcane_conduit|wh_main_effect_ability_enable_arcane_conduit|1|character_to_character_own
node,warhammer_3,8.1.1,24237342,Beastmen,beastmen,wh_dlc03_sc_bst_beastmen,Bray-Shaman (Shadows),Bray_Shaman_Shadows,hero,wh_dlc03_bst_bray_shaman_shadows,wizard,wizard,wh2_dlc13_bst_beastmen_invasion|wh2_dlc17_bst_malagor|wh2_dlc17_bst_taurox|wh2_main_bst_blooded_axe|wh2_main_bst_manblight|wh2_main_bst_ripper_horn|wh2_main_bst_shadowgor|wh2_main_bst_skrinderkin|wh2_main_bst_stone_horn|wh3_dlc27_bst_beastmen_dm|wh_dlc03_bst_beastmen|wh_dlc03_bst_beastmen_chaos|wh_dlc03_bst_beastmen_rebels|wh_dlc03_bst_jagged_horn|wh_dlc03_bst_redhorn|wh_dlc05_bst_morghur_herd,false,false,true,true,true,true,,,wh_dlc03_skill_node_set_bst_bray_shaman_shadows,,1,wizard,false,false,,,,wh_dlc03_skill_node_bst_bray_shaman_shadows_innate_11,wh2_main_skill_innate_all_perceptive,Perceptive,"Although actually reading minds is not in their skillset, this one has extraordinary insight into the motives of others.",trait_personality.png,10,6,0,0,false,0,1,,,,,,,,,,,,,,,,,,,,,,,,,,,,,,,,,,,,,,,,,character_skill_nodes_tables,wh_dlc03_skill_node_bst_bray_shaman_shadows_innate_11
effect,warhammer_3,8.1.1,24237342,Beastmen,beastmen,wh_dlc03_sc_bst_beastmen,Bray-Shaman (Shadows),Bray_Shaman_Shadows,hero,wh_dlc03_bst_bray_shaman_shadows,wizard,wizard,wh2_dlc13_bst_beastmen_invasion|wh2_dlc17_bst_malagor|wh2_dlc17_bst_taurox|wh2_main_bst_blooded_axe|wh2_main_bst_manblight|wh2_main_bst_ripper_horn|wh2_main_bst_shadowgor|wh2_main_bst_skrinderkin|wh2_main_bst_stone_horn|wh3_dlc27_bst_beastmen_dm|wh_dlc03_bst_beastmen|wh_dlc03_bst_beastmen_chaos|wh_dlc03_bst_beastmen_rebels|wh_dlc03_bst_jagged_horn|wh_dlc03_bst_redhorn|wh_dlc05_bst_morghur_herd,false,false,true,true,true,true,,,wh_dlc03_skill_node_set_bst_bray_shaman_shadows,,1,wizard,false,false,,,,wh_dlc03_skill_node_bst_bray_shaman_shadows_innate_11,wh2_main_skill_innate_all_perceptive,Perceptive,"Although actually reading minds is not in their skillset, this one has extraordinary insight into the motives of others.",trait_personality.png,10,6,0,0,false,0,1,1,Perceptive,"Although actually reading minds is not in their skillset, this one has extraordinary insight into the motives of others.",,,,,,wh_main_effect_agent_field_line_of_sight_mod,Campaign line of sight: %+n%,,character_to_character_own,25,campaign,101,true,agent.png,agent.png,,,,,,,,,,,,,,,,,,,,,,,character_skill_level_to_effects_junctions_tables,wh2_main_skill_innate_all_perceptive|wh_main_effect_agent_field_line_of_sight_mod|1|character_to_character_own
effect,warhammer_3,8.1.1,24237342,Beastmen,beastmen,wh_dlc03_sc_bst_beastmen,Bray-Shaman (Shadows),Bray_Shaman_Shadows,hero,wh_dlc03_bst_bray_shaman_shadows,wizard,wizard,wh2_dlc13_bst_beastmen_invasion|wh2_dlc17_bst_malagor|wh2_dlc17_bst_taurox|wh2_main_bst_blooded_axe|wh2_main_bst_manblight|wh2_main_bst_ripper_horn|wh2_main_bst_shadowgor|wh2_main_bst_skrinderkin|wh2_main_bst_stone_horn|wh3_dlc27_bst_beastmen_dm|wh_dlc03_bst_beastmen|wh_dlc03_bst_beastmen_chaos|wh_dlc03_bst_beastmen_rebels|wh_dlc03_bst_jagged_horn|wh_dlc03_bst_redhorn|wh_dlc05_bst_morghur_herd,false,false,true,true,true,true,,,wh_dlc03_skill_node_set_bst_bray_shaman_shadows,,1,wizard,false,false,,,,wh_dlc03_skill_node_bst_bray_shaman_shadows_innate_11,wh2_main_skill_innate_all_perceptive,Perceptive,"Although actually reading minds is not in their skillset, this one has extraordinary insight into the motives of others.",trait_personality.png,10,6,0,0,false,0,1,1,Perceptive,"Although actually reading minds is not in their skillset, this one has extraordinary insight into the motives of others.",,,,,,wh_main_effect_character_mod_ancillary_drop,Magic item drop chance from battle: %+n%,,character_to_force_own_unseen,15,campaign,110,true,item_ability.png,item_ability.png,,,,,,,,,,,,,,,,,,,,,,,character_skill_level_to_effects_junctions_tables,wh2_main_skill_innate_all_perceptive|wh_main_effect_character_mod_ancillary_drop|1|character_to_force_own_unseen
effect,warhammer_3,8.1.1,24237342,Beastmen,beastmen,wh_dlc03_sc_bst_beastmen,Bray-Shaman (Shadows),Bray_Shaman_Shadows,hero,wh_dlc03_bst_bray_shaman_shadows,wizard,wizard,wh2_dlc13_bst_beastmen_invasion|wh2_dlc17_bst_malagor|wh2_dlc17_bst_taurox|wh2_main_bst_blooded_axe|wh2_main_bst_manblight|wh2_main_bst_ripper_horn|wh2_main_bst_shadowgor|wh2_main_bst_skrinderkin|wh2_main_bst_stone_horn|wh3_dlc27_bst_beastmen_dm|wh_dlc03_bst_beastmen|wh_dlc03_bst_beastmen_chaos|wh_dlc03_bst_beastmen_rebels|wh_dlc03_bst_jagged_horn|wh_dlc03_bst_redhorn|wh_dlc05_bst_morghur_herd,false,false,true,true,true,true,,,wh_dlc03_skill_node_set_bst_bray_shaman_shadows,,1,wizard,false,false,,,,wh_dlc03_skill_node_bst_bray_shaman_shadows_innate_11,wh2_main_skill_innate_all_perceptive,Perceptive,"Although actually reading minds is not in their skillset, this one has extraordinary insight into the motives of others.",trait_personality.png,10,6,0,0,false,0,1,1,Perceptive,"Although actually reading minds is not in their skillset, this one has extraordinary insight into the motives of others.",,,,,,wh_main_effect_force_army_campaign_ambush_defence_success_chance,Ambush defence chance: %+n%,,character_to_force_own_alt_text,15,campaign,110,true,icon_effects_ambush.png,icon_effects_ambush.png,,,,,,,,,,,,,,,,,,,,,,,character_skill_level_to_effects_junctions_tables,wh2_main_skill_innate_all_perceptive|wh_main_effect_force_army_campaign_ambush_defence_success_chance|1|character_to_force_own_alt_text
effect,warhammer_3,8.1.1,24237342,Beastmen,beastmen,wh_dlc03_sc_bst_beastmen,Bray-Shaman (Shadows),Bray_Shaman_Shadows,hero,wh_dlc03_bst_bray_shaman_shadows,wizard,wizard,wh2_dlc13_bst_beastmen_invasion|wh2_dlc17_bst_malagor|wh2_dlc17_bst_taurox|wh2_main_bst_blooded_axe|wh2_main_bst_manblight|wh2_main_bst_ripper_horn|wh2_main_bst_shadowgor|wh2_main_bst_skrinderkin|wh2_main_bst_stone_horn|wh3_dlc27_bst_beastmen_dm|wh_dlc03_bst_beastmen|wh_dlc03_bst_beastmen_chaos|wh_dlc03_bst_beastmen_rebels|wh_dlc03_bst_jagged_horn|wh_dlc03_bst_redhorn|wh_dlc05_bst_morghur_herd,false,false,true,true,true,true,,,wh_dlc03_skill_node_set_bst_bray_shaman_shadows,,1,wizard,false,false,,,,wh_dlc03_skill_node_bst_bray_shaman_shadows_innate_11,wh2_main_skill_innate_all_perceptive,Perceptive,"Although actually reading minds is not in their skillset, this one has extraordinary insight into the motives of others.",trait_personality.png,10,6,0,0,false,0,1,1,Perceptive,"Although actually reading minds is not in their skillset, this one has extraordinary insight into the motives of others.",,,,,,wh3_main_effect_ability_enable_spotter,"Passive ability: ""Spotter""",,character_to_character_own,1,battle,300,true,general_ability.png,general_ability.png,,,,,,,,,,,,,,,,,,,,,,,character_skill_level_to_effects_junctions_tables,wh2_main_skill_innate_all_perceptive|wh3_main_effect_ability_enable_spotter|1|character_to_character_own
node,warhammer_3,8.1.1,24237342,Beastmen,beastmen,wh_dlc03_sc_bst_beastmen,Bray-Shaman (Shadows),Bray_Shaman_Shadows,hero,wh_dlc03_bst_bray_shaman_shadows,wizard,wizard,wh2_dlc13_bst_beastmen_invasion|wh2_dlc17_bst_malagor|wh2_dlc17_bst_taurox|wh2_main_bst_blooded_axe|wh2_main_bst_manblight|wh2_main_bst_ripper_horn|wh2_main_bst_shadowgor|wh2_main_bst_skrinderkin|wh2_main_bst_stone_horn|wh3_dlc27_bst_beastmen_dm|wh_dlc03_bst_beastmen|wh_dlc03_bst_beastmen_chaos|wh_dlc03_bst_beastmen_rebels|wh_dlc03_bst_jagged_horn|wh_dlc03_bst_redhorn|wh_dlc05_bst_morghur_herd,false,false,true,true,true,true,,,wh_dlc03_skill_node_set_bst_bray_shaman_shadows,,1,wizard,false,false,,,,wh_dlc03_skill_node_bst_bray_shaman_shadows_magic_dummy,wh_dlc05_skill_magic_shadow_mystifying_miasma_dummy,Mystifying Miasma [HIDDEN],"The caster weaves a confounding fog that numbs and deludes enemies, causing them to stumble and stagger.",wh_dlc05_spell_shadow_melkoths_mystifying_miasma.png,11,2,1,0,false,0,1,,,,,,,,,,,,,,,,,,,,,,,,,,,,,,,,,,,,,,,,,character_skill_nodes_tables,wh_dlc03_skill_node_bst_bray_shaman_shadows_magic_dummy
effect,warhammer_3,8.1.1,24237342,Beastmen,beastmen,wh_dlc03_sc_bst_beastmen,Bray-Shaman (Shadows),Bray_Shaman_Shadows,hero,wh_dlc03_bst_bray_shaman_shadows,wizard,wizard,wh2_dlc13_bst_beastmen_invasion|wh2_dlc17_bst_malagor|wh2_dlc17_bst_taurox|wh2_main_bst_blooded_axe|wh2_main_bst_manblight|wh2_main_bst_ripper_horn|wh2_main_bst_shadowgor|wh2_main_bst_skrinderkin|wh2_main_bst_stone_horn|wh3_dlc27_bst_beastmen_dm|wh_dlc03_bst_beastmen|wh_dlc03_bst_beastmen_chaos|wh_dlc03_bst_beastmen_rebels|wh_dlc03_bst_jagged_horn|wh_dlc03_bst_redhorn|wh_dlc05_bst_morghur_herd,false,false,true,true,true,true,,,wh_dlc03_skill_node_set_bst_bray_shaman_shadows,,1,wizard,false,false,,,,wh_dlc03_skill_node_bst_bray_shaman_shadows_magic_dummy,wh_dlc05_skill_magic_shadow_mystifying_miasma_dummy,Mystifying Miasma [HIDDEN],"The caster weaves a confounding fog that numbs and deludes enemies, causing them to stumble and stagger.",wh_dlc05_spell_shadow_melkoths_mystifying_miasma.png,11,2,1,0,false,0,1,1,Mystifying Miasma [HIDDEN],"The caster weaves a confounding fog that numbs and deludes enemies, causing them to stumble and stagger.",,,,,,wh_dlc05_effect_ability_enable_melkoths_mystifying_miasma,"Spell: ""Melkoth's Mystifying Miasma""",,character_to_character_own,1,battle,290,true,magic_character.png,magic_character.png,,,,,,,,,,,,,,,,,,,,,,,character_skill_level_to_effects_junctions_tables,wh_dlc05_skill_magic_shadow_mystifying_miasma_dummy|wh_dlc05_effect_ability_enable_melkoths_mystifying_miasma|1|character_to_character_own
node,warhammer_3,8.1.1,24237342,Beastmen,beastmen,wh_dlc03_sc_bst_beastmen,Bray-Shaman (Shadows),Bray_Shaman_Shadows,hero,wh_dlc03_bst_bray_shaman_shadows,wizard,wizard,wh2_dlc13_bst_beastmen_invasion|wh2_dlc17_bst_malagor|wh2_dlc17_bst_taurox|wh2_main_bst_blooded_axe|wh2_main_bst_manblight|wh2_main_bst_ripper_horn|wh2_main_bst_shadowgor|wh2_main_bst_skrinderkin|wh2_main_bst_stone_horn|wh3_dlc27_bst_beastmen_dm|wh_dlc03_bst_beastmen|wh_dlc03_bst_beastmen_chaos|wh_dlc03_bst_beastmen_rebels|wh_dlc03_bst_jagged_horn|wh_dlc03_bst_redhorn|wh_dlc05_bst_morghur_herd,false,false,true,true,true,true,,,wh_dlc03_skill_node_set_bst_bray_shaman_shadows,,1,wizard,false,false,,,,wh_dlc03_skill_node_bst_bray_shaman_shadows_innate_13,wh2_main_skill_innate_all_aggressive,Aggressive,"If you're gonna die, you may as well die with your boots on.",trait_personality.png,12,6,0,0,false,0,1,,,,,,,,,,,,,,,,,,,,,,,,,,,,,,,,,,,,,,,,,character_skill_nodes_tables,wh_dlc03_skill_node_bst_bray_shaman_shadows_innate_13
effect,warhammer_3,8.1.1,24237342,Beastmen,beastmen,wh_dlc03_sc_bst_beastmen,Bray-Shaman (Shadows),Bray_Shaman_Shadows,hero,wh_dlc03_bst_bray_shaman_shadows,wizard,wizard,wh2_dlc13_bst_beastmen_invasion|wh2_dlc17_bst_malagor|wh2_dlc17_bst_taurox|wh2_main_bst_blooded_axe|wh2_main_bst_manblight|wh2_main_bst_ripper_horn|wh2_main_bst_shadowgor|wh2_main_bst_skrinderkin|wh2_main_bst_stone_horn|wh3_dlc27_bst_beastmen_dm|wh_dlc03_bst_beastmen|wh_dlc03_bst_beastmen_chaos|wh_dlc03_bst_beastmen_rebels|wh_dlc03_bst_jagged_horn|wh_dlc03_bst_redhorn|wh_dlc05_bst_morghur_herd,false,false,true,true,true,true,,,wh_dlc03_skill_node_set_bst_bray_shaman_shadows,,1,wizard,false,false,,,,wh_dlc03_skill_node_bst_bray_shaman_shadows_innate_13,wh2_main_skill_innate_all_aggressive,Aggressive,"If you're gonna die, you may as well die with your boots on.",trait_personality.png,12,6,0,0,false,0,1,1,Aggressive,"If you're gonna die, you may as well die with your boots on.",,,,,,wh_main_effect_character_stat_charge_bonus_add,Charge bonus: %+n,,character_to_character_own,15,both,200,true,charge_character.png,charge_character.png,,,,,,,,,,,,,,,,,,,,,,,character_skill_level_to_effects_junctions_tables,wh2_main_skill_innate_all_aggressive|wh_main_effect_character_stat_charge_bonus_add|1|character_to_character_own
effect,warhammer_3,8.1.1,24237342,Beastmen,beastmen,wh_dlc03_sc_bst_beastmen,Bray-Shaman (Shadows),Bray_Shaman_Shadows,hero,wh_dlc03_bst_bray_shaman_shadows,wizard,wizard,wh2_dlc13_bst_beastmen_invasion|wh2_dlc17_bst_malagor|wh2_dlc17_bst_taurox|wh2_main_bst_blooded_axe|wh2_main_bst_manblight|wh2_main_bst_ripper_horn|wh2_main_bst_shadowgor|wh2_main_bst_skrinderkin|wh2_main_bst_stone_horn|wh3_dlc27_bst_beastmen_dm|wh_dlc03_bst_beastmen|wh_dlc03_bst_beastmen_chaos|wh_dlc03_bst_beastmen_rebels|wh_dlc03_bst_jagged_horn|wh_dlc03_bst_redhorn|wh_dlc05_bst_morghur_herd,false,false,true,true,true,true,,,wh_dlc03_skill_node_set_bst_bray_shaman_shadows,,1,wizard,false,false,,,,wh_dlc03_skill_node_bst_bray_shaman_shadows_innate_13,wh2_main_skill_innate_all_aggressive,Aggressive,"If you're gonna die, you may as well die with your boots on.",trait_personality.png,12,6,0,0,false,0,1,1,Aggressive,"If you're gonna die, you may as well die with your boots on.",,,,,,wh_main_effect_character_stat_melee_attack,Melee attack: %+n,,character_to_character_own,10,both,130,true,melee_character.png,melee_character.png,,,,,,,,,,,,,,,,,,,,,,,character_skill_level_to_effects_junctions_tables,wh2_main_skill_innate_all_aggressive|wh_main_effect_character_stat_melee_attack|1|character_to_character_own
effect,warhammer_3,8.1.1,24237342,Beastmen,beastmen,wh_dlc03_sc_bst_beastmen,Bray-Shaman (Shadows),Bray_Shaman_Shadows,hero,wh_dlc03_bst_bray_shaman_shadows,wizard,wizard,wh2_dlc13_bst_beastmen_invasion|wh2_dlc17_bst_malagor|wh2_dlc17_bst_taurox|wh2_main_bst_blooded_axe|wh2_main_bst_manblight|wh2_main_bst_ripper_horn|wh2_main_bst_shadowgor|wh2_main_bst_skrinderkin|wh2_main_bst_stone_horn|wh3_dlc27_bst_beastmen_dm|wh_dlc03_bst_beastmen|wh_dlc03_bst_beastmen_chaos|wh_dlc03_bst_beastmen_rebels|wh_dlc03_bst_jagged_horn|wh_dlc03_bst_redhorn|wh_dlc05_bst_morghur_herd,false,false,true,true,true,true,,,wh_dlc03_skill_node_set_bst_bray_shaman_shadows,,1,wizard,false,false,,,,wh_dlc03_skill_node_bst_bray_shaman_shadows_innate_13,wh2_main_skill_innate_all_aggressive,Aggressive,"If you're gonna die, you may as well die with your boots on.",trait_personality.png,12,6,0,0,false,0,1,1,Aggressive,"If you're gonna die, you may as well die with your boots on.",,,,,,wh_main_effect_character_stat_weapon_strength,Weapon strength: %+n%,,character_to_character_own,10,both,160,true,weapon_damage_character.png,weapon_damage_character.png,,,,,,,,,,,,,,,,,,,,,,,character_skill_level_to_effects_junctions_tables,wh2_main_skill_innate_all_aggressive|wh_main_effect_character_stat_weapon_strength|1|character_to_character_own
node,warhammer_3,8.1.1,24237342,Beastmen,beastmen,wh_dlc03_sc_bst_beastmen,Bray-Shaman (Shadows),Bray_Shaman_Shadows,hero,wh_dlc03_bst_bray_shaman_shadows,wizard,wizard,wh2_dlc13_bst_beastmen_invasion|wh2_dlc17_bst_malagor|wh2_dlc17_bst_taurox|wh2_main_bst_blooded_axe|wh2_main_bst_manblight|wh2_main_bst_ripper_horn|wh2_main_bst_shadowgor|wh2_main_bst_skrinderkin|wh2_main_bst_stone_horn|wh3_dlc27_bst_beastmen_dm|wh_dlc03_bst_beastmen|wh_dlc03_bst_beastmen_chaos|wh_dlc03_bst_beastmen_rebels|wh_dlc03_bst_jagged_horn|wh_dlc03_bst_redhorn|wh_dlc05_bst_morghur_herd,false,false,true,true,true,true,,,wh_dlc03_skill_node_set_bst_bray_shaman_shadows,,1,wizard,false,false,,,,wh_dlc03_skill_node_bst_bray_shaman_shadows_innate_14,wh2_main_skill_innate_all_tough,Tough,"Rugged, resistant, and almost unbreakable, this being can and will take on all comers.",trait_personality.png,13,6,0,0,false,0,1,,,,,,,,,,,,,,,,,,,,,,,,,,,,,,,,,,,,,,,,,character_skill_nodes_tables,wh_dlc03_skill_node_bst_bray_shaman_shadows_innate_14
effect,warhammer_3,8.1.1,24237342,Beastmen,beastmen,wh_dlc03_sc_bst_beastmen,Bray-Shaman (Shadows),Bray_Shaman_Shadows,hero,wh_dlc03_bst_bray_shaman_shadows,wizard,wizard,wh2_dlc13_bst_beastmen_invasion|wh2_dlc17_bst_malagor|wh2_dlc17_bst_taurox|wh2_main_bst_blooded_axe|wh2_main_bst_manblight|wh2_main_bst_ripper_horn|wh2_main_bst_shadowgor|wh2_main_bst_skrinderkin|wh2_main_bst_stone_horn|wh3_dlc27_bst_beastmen_dm|wh_dlc03_bst_beastmen|wh_dlc03_bst_beastmen_chaos|wh_dlc03_bst_beastmen_rebels|wh_dlc03_bst_jagged_horn|wh_dlc03_bst_redhorn|wh_dlc05_bst_morghur_herd,false,false,true,true,true,true,,,wh_dlc03_skill_node_set_bst_bray_shaman_shadows,,1,wizard,false,false,,,,wh_dlc03_skill_node_bst_bray_shaman_shadows_innate_14,wh2_main_skill_innate_all_tough,Tough,"Rugged, resistant, and almost unbreakable, this being can and will take on all comers.",trait_personality.png,13,6,0,0,false,0,1,1,Tough,"Rugged, resistant, and almost unbreakable, this being can and will take on all comers.",,,,,,wh_main_effect_character_stat_armour,Armour: %+n,,character_to_character_own,25,both,100,true,armour_character.png,armour_character.png,,,,,,,,,,,,,,,,,,,,,,,character_skill_level_to_effects_junctions_tables,wh2_main_skill_innate_all_tough|wh_main_effect_character_stat_armour|1|character_to_character_own
effect,warhammer_3,8.1.1,24237342,Beastmen,beastmen,wh_dlc03_sc_bst_beastmen,Bray-Shaman (Shadows),Bray_Shaman_Shadows,hero,wh_dlc03_bst_bray_shaman_shadows,wizard,wizard,wh2_dlc13_bst_beastmen_invasion|wh2_dlc17_bst_malagor|wh2_dlc17_bst_taurox|wh2_main_bst_blooded_axe|wh2_main_bst_manblight|wh2_main_bst_ripper_horn|wh2_main_bst_shadowgor|wh2_main_bst_skrinderkin|wh2_main_bst_stone_horn|wh3_dlc27_bst_beastmen_dm|wh_dlc03_bst_beastmen|wh_dlc03_bst_beastmen_chaos|wh_dlc03_bst_beastmen_rebels|wh_dlc03_bst_jagged_horn|wh_dlc03_bst_redhorn|wh_dlc05_bst_morghur_herd,false,false,true,true,true,true,,,wh_dlc03_skill_node_set_bst_bray_shaman_shadows,,1,wizard,false,false,,,,wh_dlc03_skill_node_bst_bray_shaman_shadows_innate_14,wh2_main_skill_innate_all_tough,Tough,"Rugged, resistant, and almost unbreakable, this being can and will take on all comers.",trait_personality.png,13,6,0,0,false,0,1,1,Tough,"Rugged, resistant, and almost unbreakable, this being can and will take on all comers.",,,,,,wh_main_effect_character_stat_melee_defence,Melee defence: %+n,,character_to_character_own,8,both,150,true,defence_character.png,defence_character.png,,,,,,,,,,,,,,,,,,,,,,,character_skill_level_to_effects_junctions_tables,wh2_main_skill_innate_all_tough|wh_main_effect_character_stat_melee_defence|1|character_to_character_own
effect,warhammer_3,8.1.1,24237342,Beastmen,beastmen,wh_dlc03_sc_bst_beastmen,Bray-Shaman (Shadows),Bray_Shaman_Shadows,hero,wh_dlc03_bst_bray_shaman_shadows,wizard,wizard,wh2_dlc13_bst_beastmen_invasion|wh2_dlc17_bst_malagor|wh2_dlc17_bst_taurox|wh2_main_bst_blooded_axe|wh2_main_bst_manblight|wh2_main_bst_ripper_horn|wh2_main_bst_shadowgor|wh2_main_bst_skrinderkin|wh2_main_bst_stone_horn|wh3_dlc27_bst_beastmen_dm|wh_dlc03_bst_beastmen|wh_dlc03_bst_beastmen_chaos|wh_dlc03_bst_beastmen_rebels|wh_dlc03_bst_jagged_horn|wh_dlc03_bst_redhorn|wh_dlc05_bst_morghur_herd,false,false,true,true,true,true,,,wh_dlc03_skill_node_set_bst_bray_shaman_shadows,,1,wizard,false,false,,,,wh_dlc03_skill_node_bst_bray_shaman_shadows_innate_14,wh2_main_skill_innate_all_tough,Tough,"Rugged, resistant, and almost unbreakable, this being can and will take on all comers.",trait_personality.png,13,6,0,0,false,0,1,1,Tough,"Rugged, resistant, and almost unbreakable, this being can and will take on all comers.",,,,,,wh_main_effect_character_stat_unit_health,Hit points: %+n%,,character_to_character_own,10,both,90,true,health_character.png,health_character.png,,,,,,,,,,,,,,,,,,,,,,,character_skill_level_to_effects_junctions_tables,wh2_main_skill_innate_all_tough|wh_main_effect_character_stat_unit_health|1|character_to_character_own
node,warhammer_3,8.1.1,24237342,Beastmen,beastmen,wh_dlc03_sc_bst_beastmen,Bray-Shaman (Shadows),Bray_Shaman_Shadows,hero,wh_dlc03_bst_bray_shaman_shadows,wizard,wizard,wh2_dlc13_bst_beastmen_invasion|wh2_dlc17_bst_malagor|wh2_dlc17_bst_taurox|wh2_main_bst_blooded_axe|wh2_main_bst_manblight|wh2_main_bst_ripper_horn|wh2_main_bst_shadowgor|wh2_main_bst_skrinderkin|wh2_main_bst_stone_horn|wh3_dlc27_bst_beastmen_dm|wh_dlc03_bst_beastmen|wh_dlc03_bst_beastmen_chaos|wh_dlc03_bst_beastmen_rebels|wh_dlc03_bst_jagged_horn|wh_dlc03_bst_redhorn|wh_dlc05_bst_morghur_herd,false,false,true,true,true,true,,,wh_dlc03_skill_node_set_bst_bray_shaman_shadows,,1,wizard,false,false,,,,wh_dlc03_skill_node_bst_bray_shaman_shadows_innate_15,wh2_main_skill_innate_all_knowledgeable,Knowledgeable,"What this being doesn't know probably isn't worth knowing, so deep is their interest in the world and its ways.",trait_personality.png,14,6,0,0,false,0,1,,,,,,,,,,,,,,,,,,,,,,,,,,,,,,,,,,,,,,,,,character_skill_nodes_tables,wh_dlc03_skill_node_bst_bray_shaman_shadows_innate_15
effect,warhammer_3,8.1.1,24237342,Beastmen,beastmen,wh_dlc03_sc_bst_beastmen,Bray-Shaman (Shadows),Bray_Shaman_Shadows,hero,wh_dlc03_bst_bray_shaman_shadows,wizard,wizard,wh2_dlc13_bst_beastmen_invasion|wh2_dlc17_bst_malagor|wh2_dlc17_bst_taurox|wh2_main_bst_blooded_axe|wh2_main_bst_manblight|wh2_main_bst_ripper_horn|wh2_main_bst_shadowgor|wh2_main_bst_skrinderkin|wh2_main_bst_stone_horn|wh3_dlc27_bst_beastmen_dm|wh_dlc03_bst_beastmen|wh_dlc03_bst_beastmen_chaos|wh_dlc03_bst_beastmen_rebels|wh_dlc03_bst_jagged_horn|wh_dlc03_bst_redhorn|wh_dlc05_bst_morghur_herd,false,false,true,true,true,true,,,wh_dlc03_skill_node_set_bst_bray_shaman_shadows,,1,wizard,false,false,,,,wh_dlc03_skill_node_bst_bray_shaman_shadows_innate_15,wh2_main_skill_innate_all_knowledgeable,Knowledgeable,"What this being doesn't know probably isn't worth knowing, so deep is their interest in the world and its ways.",trait_personality.png,14,6,0,0,false,0,1,1,Knowledgeable,"What this being doesn't know probably isn't worth knowing, so deep is their interest in the world and its ways.",,,,,,wh_main_effect_character_mod_ancillary_drop,Magic item drop chance from battle: %+n%,,character_to_force_own_unseen,15,campaign,110,true,item_ability.png,item_ability.png,,,,,,,,,,,,,,,,,,,,,,,character_skill_level_to_effects_junctions_tables,wh2_main_skill_innate_all_knowledgeable|wh_main_effect_character_mod_ancillary_drop|1|character_to_force_own_unseen
effect,warhammer_3,8.1.1,24237342,Beastmen,beastmen,wh_dlc03_sc_bst_beastmen,Bray-Shaman (Shadows),Bray_Shaman_Shadows,hero,wh_dlc03_bst_bray_shaman_shadows,wizard,wizard,wh2_dlc13_bst_beastmen_invasion|wh2_dlc17_bst_malagor|wh2_dlc17_bst_taurox|wh2_main_bst_blooded_axe|wh2_main_bst_manblight|wh2_main_bst_ripper_horn|wh2_main_bst_shadowgor|wh2_main_bst_skrinderkin|wh2_main_bst_stone_horn|wh3_dlc27_bst_beastmen_dm|wh_dlc03_bst_beastmen|wh_dlc03_bst_beastmen_chaos|wh_dlc03_bst_beastmen_rebels|wh_dlc03_bst_jagged_horn|wh_dlc03_bst_redhorn|wh_dlc05_bst_morghur_herd,false,false,true,true,true,true,,,wh_dlc03_skill_node_set_bst_bray_shaman_shadows,,1,wizard,false,false,,,,wh_dlc03_skill_node_bst_bray_shaman_shadows_innate_15,wh2_main_skill_innate_all_knowledgeable,Knowledgeable,"What this being doesn't know probably isn't worth knowing, so deep is their interest in the world and its ways.",trait_personality.png,14,6,0,0,false,0,1,1,Knowledgeable,"What this being doesn't know probably isn't worth knowing, so deep is their interest in the world and its ways.",,,,,,wh3_main_effect_character_campaign_experience_mod,Character experience gain: %+n%,,character_to_character_own,75,campaign,14,true,experience.png,experience.png,,,,,,,,,,,,,,,,,,,,,,,character_skill_level_to_effects_junctions_tables,wh2_main_skill_innate_all_knowledgeable|wh3_main_effect_character_campaign_experience_mod|1|character_to_character_own
node,warhammer_3,8.1.1,24237342,Beastmen,beastmen,wh_dlc03_sc_bst_beastmen,Bray-Shaman (Shadows),Bray_Shaman_Shadows,hero,wh_dlc03_bst_bray_shaman_shadows,wizard,wizard,wh2_dlc13_bst_beastmen_invasion|wh2_dlc17_bst_malagor|wh2_dlc17_bst_taurox|wh2_main_bst_blooded_axe|wh2_main_bst_manblight|wh2_main_bst_ripper_horn|wh2_main_bst_shadowgor|wh2_main_bst_skrinderkin|wh2_main_bst_stone_horn|wh3_dlc27_bst_beastmen_dm|wh_dlc03_bst_beastmen|wh_dlc03_bst_beastmen_chaos|wh_dlc03_bst_beastmen_rebels|wh_dlc03_bst_jagged_horn|wh_dlc03_bst_redhorn|wh_dlc05_bst_morghur_herd,false,false,true,true,true,true,,,wh_dlc03_skill_node_set_bst_bray_shaman_shadows,,1,wizard,false,false,,,,wh_dlc03_skill_node_bst_bray_shaman_shadows_innate_16,wh2_main_skill_innate_all_intelligent,Intelligent,Sharp minds make sharp blades sharper still.,trait_personality.png,15,6,0,0,false,0,1,,,,,,,,,,,,,,,,,,,,,,,,,,,,,,,,,,,,,,,,,character_skill_nodes_tables,wh_dlc03_skill_node_bst_bray_shaman_shadows_innate_16
effect,warhammer_3,8.1.1,24237342,Beastmen,beastmen,wh_dlc03_sc_bst_beastmen,Bray-Shaman (Shadows),Bray_Shaman_Shadows,hero,wh_dlc03_bst_bray_shaman_shadows,wizard,wizard,wh2_dlc13_bst_beastmen_invasion|wh2_dlc17_bst_malagor|wh2_dlc17_bst_taurox|wh2_main_bst_blooded_axe|wh2_main_bst_manblight|wh2_main_bst_ripper_horn|wh2_main_bst_shadowgor|wh2_main_bst_skrinderkin|wh2_main_bst_stone_horn|wh3_dlc27_bst_beastmen_dm|wh_dlc03_bst_beastmen|wh_dlc03_bst_beastmen_chaos|wh_dlc03_bst_beastmen_rebels|wh_dlc03_bst_jagged_horn|wh_dlc03_bst_redhorn|wh_dlc05_bst_morghur_herd,false,false,true,true,true,true,,,wh_dlc03_skill_node_set_bst_bray_shaman_shadows,,1,wizard,false,false,,,,wh_dlc03_skill_node_bst_bray_shaman_shadows_innate_16,wh2_main_skill_innate_all_intelligent,Intelligent,Sharp minds make sharp blades sharper still.,trait_personality.png,15,6,0,0,false,0,1,1,Intelligent,Sharp minds make sharp blades sharper still.,,,,,,wh_main_effect_agent_defence_wound_chance_mod,Hero self-defence: %+n% chance of wounding aggressors,,character_to_character_own,5,campaign,101,true,agent.png,agent.png,,,,,,,,,,,,,,,,,,,,,,,character_skill_level_to_effects_junctions_tables,wh2_main_skill_innate_all_intelligent|wh_main_effect_agent_defence_wound_chance_mod|1|character_to_character_own
effect,warhammer_3,8.1.1,24237342,Beastmen,beastmen,wh_dlc03_sc_bst_beastmen,Bray-Shaman (Shadows),Bray_Shaman_Shadows,hero,wh_dlc03_bst_bray_shaman_shadows,wizard,wizard,wh2_dlc13_bst_beastmen_invasion|wh2_dlc17_bst_malagor|wh2_dlc17_bst_taurox|wh2_main_bst_blooded_axe|wh2_main_bst_manblight|wh2_main_bst_ripper_horn|wh2_main_bst_shadowgor|wh2_main_bst_skrinderkin|wh2_main_bst_stone_horn|wh3_dlc27_bst_beastmen_dm|wh_dlc03_bst_beastmen|wh_dlc03_bst_beastmen_chaos|wh_dlc03_bst_beastmen_rebels|wh_dlc03_bst_jagged_horn|wh_dlc03_bst_redhorn|wh_dlc05_bst_morghur_herd,false,false,true,true,true,true,,,wh_dlc03_skill_node_set_bst_bray_shaman_shadows,,1,wizard,false,false,,,,wh_dlc03_skill_node_bst_bray_shaman_shadows_innate_16,wh2_main_skill_innate_all_intelligent,Intelligent,Sharp minds make sharp blades sharper still.,trait_personality.png,15,6,0,0,false,0,1,1,Intelligent,Sharp minds make sharp blades sharper still.,,,,,,wh_main_effect_force_army_campaign_ambush_defence_success_chance,Ambush defence chance: %+n%,,character_to_force_own_unseen,10,campaign,110,true,icon_effects_ambush.png,icon_effects_ambush.png,,,,,,,,,,,,,,,,,,,,,,,character_skill_level_to_effects_junctions_tables,wh2_main_skill_innate_all_intelligent|wh_main_effect_force_army_campaign_ambush_defence_success_chance|1|character_to_force_own_unseen
effect,warhammer_3,8.1.1,24237342,Beastmen,beastmen,wh_dlc03_sc_bst_beastmen,Bray-Shaman (Shadows),Bray_Shaman_Shadows,hero,wh_dlc03_bst_bray_shaman_shadows,wizard,wizard,wh2_dlc13_bst_beastmen_invasion|wh2_dlc17_bst_malagor|wh2_dlc17_bst_taurox|wh2_main_bst_blooded_axe|wh2_main_bst_manblight|wh2_main_bst_ripper_horn|wh2_main_bst_shadowgor|wh2_main_bst_skrinderkin|wh2_main_bst_stone_horn|wh3_dlc27_bst_beastmen_dm|wh_dlc03_bst_beastmen|wh_dlc03_bst_beastmen_chaos|wh_dlc03_bst_beastmen_rebels|wh_dlc03_bst_jagged_horn|wh_dlc03_bst_redhorn|wh_dlc05_bst_morghur_herd,false,false,true,true,true,true,,,wh_dlc03_skill_node_set_bst_bray_shaman_shadows,,1,wizard,false,false,,,,wh_dlc03_skill_node_bst_bray_shaman_shadows_innate_16,wh2_main_skill_innate_all_intelligent,Intelligent,Sharp minds make sharp blades sharper still.,trait_personality.png,15,6,0,0,false,0,1,1,Intelligent,Sharp minds make sharp blades sharper still.,,,,,,wh3_main_effect_character_campaign_experience_mod,Character experience gain: %+n%,,character_to_character_own,50,campaign,14,true,experience.png,experience.png,,,,,,,,,,,,,,,,,,,,,,,character_skill_level_to_effects_junctions_tables,wh2_main_skill_innate_all_intelligent|wh3_main_effect_character_campaign_experience_mod|1|character_to_character_own
effect,warhammer_3,8.1.1,24237342,Beastmen,beastmen,wh_dlc03_sc_bst_beastmen,Bray-Shaman (Shadows),Bray_Shaman_Shadows,hero,wh_dlc03_bst_bray_shaman_shadows,wizard,wizard,wh2_dlc13_bst_beastmen_invasion|wh2_dlc17_bst_malagor|wh2_dlc17_bst_taurox|wh2_main_bst_blooded_axe|wh2_main_bst_manblight|wh2_main_bst_ripper_horn|wh2_main_bst_shadowgor|wh2_main_bst_skrinderkin|wh2_main_bst_stone_horn|wh3_dlc27_bst_beastmen_dm|wh_dlc03_bst_beastmen|wh_dlc03_bst_beastmen_chaos|wh_dlc03_bst_beastmen_rebels|wh_dlc03_bst_jagged_horn|wh_dlc03_bst_redhorn|wh_dlc05_bst_morghur_herd,false,false,true,true,true,true,,,wh_dlc03_skill_node_set_bst_bray_shaman_shadows,,1,wizard,false,false,,,,wh_dlc03_skill_node_bst_bray_shaman_shadows_innate_16,wh2_main_skill_innate_all_intelligent,Intelligent,Sharp minds make sharp blades sharper still.,trait_personality.png,15,6,0,0,false,0,1,1,Intelligent,Sharp minds make sharp blades sharper still.,,,,,,wh3_main_effect_spell_mastery,Spell intensity: %+n%,"Spell Intensity. Any type of spell damage, and positive or negative bonus will be modified by the given percentage amount.",character_to_character_own_spellcaster_text,10,battle,1,true,wizard.png,wizard.png,,,,,,,,,,,,,,,,,,,,,,,character_skill_level_to_effects_junctions_tables,wh2_main_skill_innate_all_intelligent|wh3_main_effect_spell_mastery|1|character_to_character_own_spellcaster_text
node,warhammer_3,8.1.1,24237342,Beastmen,beastmen,wh_dlc03_sc_bst_beastmen,Bray-Shaman (Shadows),Bray_Shaman_Shadows,hero,wh_dlc03_bst_bray_shaman_shadows,wizard,wizard,wh2_dlc13_bst_beastmen_invasion|wh2_dlc17_bst_malagor|wh2_dlc17_bst_taurox|wh2_main_bst_blooded_axe|wh2_main_bst_manblight|wh2_main_bst_ripper_horn|wh2_main_bst_shadowgor|wh2_main_bst_skrinderkin|wh2_main_bst_stone_horn|wh3_dlc27_bst_beastmen_dm|wh_dlc03_bst_beastmen|wh_dlc03_bst_beastmen_chaos|wh_dlc03_bst_beastmen_rebels|wh_dlc03_bst_jagged_horn|wh_dlc03_bst_redhorn|wh_dlc05_bst_morghur_herd,false,false,true,true,true,true,,,wh_dlc03_skill_node_set_bst_bray_shaman_shadows,,1,wizard,false,false,,,,wh3_dlc24_skill_generic_immortality_hero,wh2_main_skill_all_immortality_hero,Immortality,"Who wants to live forever? As it turns out, most beings wouldn't say no…",character_wound_time.png,29,0,0,0,true,19,1,,,,,,,,,,,,,,,,,,,,,,,,,,,,,,,,,,,,,,,,,character_skill_nodes_tables,wh3_dlc24_skill_generic_immortality_hero
skill_level,warhammer_3,8.1.1,24237342,Beastmen,beastmen,wh_dlc03_sc_bst_beastmen,Bray-Shaman (Shadows),Bray_Shaman_Shadows,hero,wh_dlc03_bst_bray_shaman_shadows,wizard,wizard,wh2_dlc13_bst_beastmen_invasion|wh2_dlc17_bst_malagor|wh2_dlc17_bst_taurox|wh2_main_bst_blooded_axe|wh2_main_bst_manblight|wh2_main_bst_ripper_horn|wh2_main_bst_shadowgor|wh2_main_bst_skrinderkin|wh2_main_bst_stone_horn|wh3_dlc27_bst_beastmen_dm|wh_dlc03_bst_beastmen|wh_dlc03_bst_beastmen_chaos|wh_dlc03_bst_beastmen_rebels|wh_dlc03_bst_jagged_horn|wh_dlc03_bst_redhorn|wh_dlc05_bst_morghur_herd,false,false,true,true,true,true,,,wh_dlc03_skill_node_set_bst_bray_shaman_shadows,,1,wizard,false,false,,,,wh3_dlc24_skill_generic_immortality_hero,wh2_main_skill_all_immortality_hero,Immortality,"Who wants to live forever? As it turns out, most beings wouldn't say no…",character_wound_time.png,29,0,0,0,true,19,1,1,Immortality,"Who wants to live forever? As it turns out, most beings wouldn't say no…",19,x,,,,,,,,,,,,,,,,,,,,,,,,,,,,,,,,,,,,character_skill_level_details_tables,wh2_main_skill_all_immortality_hero|1|||
effect,warhammer_3,8.1.1,24237342,Beastmen,beastmen,wh_dlc03_sc_bst_beastmen,Bray-Shaman (Shadows),Bray_Shaman_Shadows,hero,wh_dlc03_bst_bray_shaman_shadows,wizard,wizard,wh2_dlc13_bst_beastmen_invasion|wh2_dlc17_bst_malagor|wh2_dlc17_bst_taurox|wh2_main_bst_blooded_axe|wh2_main_bst_manblight|wh2_main_bst_ripper_horn|wh2_main_bst_shadowgor|wh2_main_bst_skrinderkin|wh2_main_bst_stone_horn|wh3_dlc27_bst_beastmen_dm|wh_dlc03_bst_beastmen|wh_dlc03_bst_beastmen_chaos|wh_dlc03_bst_beastmen_rebels|wh_dlc03_bst_jagged_horn|wh_dlc03_bst_redhorn|wh_dlc05_bst_morghur_herd,false,false,true,true,true,true,,,wh_dlc03_skill_node_set_bst_bray_shaman_shadows,,1,wizard,false,false,,,,wh3_dlc24_skill_generic_immortality_hero,wh2_main_skill_all_immortality_hero,Immortality,"Who wants to live forever? As it turns out, most beings wouldn't say no…",character_wound_time.png,29,0,0,0,true,19,1,1,Immortality,"Who wants to live forever? As it turns out, most beings wouldn't say no…",,,,,,wh2_main_effect_grant_immortality_hero,"When normally killed in action, this [[img:icon_hero]][[/img]]Hero will be wounded instead",,character_to_character_own,1,campaign,1,true,wound_time.png,wound_time.png,,,,,,,,,,,,,,,,,,,,,,,character_skill_level_to_effects_junctions_tables,wh2_main_skill_all_immortality_hero|wh2_main_effect_grant_immortality_hero|1|character_to_character_own
node,warhammer_3,8.1.1,24237342,Beastmen,beastmen,wh_dlc03_sc_bst_beastmen,Bray-Shaman (Shadows),Bray_Shaman_Shadows,hero,wh_dlc03_bst_bray_shaman_shadows,wizard,wizard,wh2_dlc13_bst_beastmen_invasion|wh2_dlc17_bst_malagor|wh2_dlc17_bst_taurox|wh2_main_bst_blooded_axe|wh2_main_bst_manblight|wh2_main_bst_ripper_horn|wh2_main_bst_shadowgor|wh2_main_bst_skrinderkin|wh2_main_bst_stone_horn|wh3_dlc27_bst_beastmen_dm|wh_dlc03_bst_beastmen|wh_dlc03_bst_beastmen_chaos|wh_dlc03_bst_beastmen_rebels|wh_dlc03_bst_jagged_horn|wh_dlc03_bst_redhorn|wh_dlc05_bst_morghur_herd,false,false,true,true,true,true,,,wh_dlc03_skill_node_set_bst_bray_shaman_shadows,,1,wizard,false,false,,,,wh3_dlc24_skill_node_all_mentor_hero,wh3_main_skill_all_mentor_hero,{{tr:character_skills_localised_name_wh3_main_skill_all_mentor_lord}},{{tr:character_skills_localised_description_wh3_main_skill_all_mentor_lord}},character_experience.png,30,0,0,0,true,0,3,,,,,,,,,,,,,,,,,,,,,,,,,,,,,,,,,,,,,,,,,character_skill_nodes_tables,wh3_dlc24_skill_node_all_mentor_hero
skill_level,warhammer_3,8.1.1,24237342,Beastmen,beastmen,wh_dlc03_sc_bst_beastmen,Bray-Shaman (Shadows),Bray_Shaman_Shadows,hero,wh_dlc03_bst_bray_shaman_shadows,wizard,wizard,wh2_dlc13_bst_beastmen_invasion|wh2_dlc17_bst_malagor|wh2_dlc17_bst_taurox|wh2_main_bst_blooded_axe|wh2_main_bst_manblight|wh2_main_bst_ripper_horn|wh2_main_bst_shadowgor|wh2_main_bst_skrinderkin|wh2_main_bst_stone_horn|wh3_dlc27_bst_beastmen_dm|wh_dlc03_bst_beastmen|wh_dlc03_bst_beastmen_chaos|wh_dlc03_bst_beastmen_rebels|wh_dlc03_bst_jagged_horn|wh_dlc03_bst_redhorn|wh_dlc05_bst_morghur_herd,false,false,true,true,true,true,,,wh_dlc03_skill_node_set_bst_bray_shaman_shadows,,1,wizard,false,false,,,,wh3_dlc24_skill_node_all_mentor_hero,wh3_main_skill_all_mentor_hero,{{tr:character_skills_localised_name_wh3_main_skill_all_mentor_lord}},{{tr:character_skills_localised_description_wh3_main_skill_all_mentor_lord}},character_experience.png,30,0,0,0,true,0,3,1,{{tr:character_skills_localised_name_wh3_main_skill_all_mentor_lord}},{{tr:character_skills_localised_description_wh3_main_skill_all_mentor_lord}},29,x,,,,,,,,,,,,,,,,,,,,,,,,,,,,,,,,,,,,character_skill_level_details_tables,wh3_main_skill_all_mentor_hero|1|||
skill_level,warhammer_3,8.1.1,24237342,Beastmen,beastmen,wh_dlc03_sc_bst_beastmen,Bray-Shaman (Shadows),Bray_Shaman_Shadows,hero,wh_dlc03_bst_bray_shaman_shadows,wizard,wizard,wh2_dlc13_bst_beastmen_invasion|wh2_dlc17_bst_malagor|wh2_dlc17_bst_taurox|wh2_main_bst_blooded_axe|wh2_main_bst_manblight|wh2_main_bst_ripper_horn|wh2_main_bst_shadowgor|wh2_main_bst_skrinderkin|wh2_main_bst_stone_horn|wh3_dlc27_bst_beastmen_dm|wh_dlc03_bst_beastmen|wh_dlc03_bst_beastmen_chaos|wh_dlc03_bst_beastmen_rebels|wh_dlc03_bst_jagged_horn|wh_dlc03_bst_redhorn|wh_dlc05_bst_morghur_herd,false,false,true,true,true,true,,,wh_dlc03_skill_node_set_bst_bray_shaman_shadows,,1,wizard,false,false,,,,wh3_dlc24_skill_node_all_mentor_hero,wh3_main_skill_all_mentor_hero,{{tr:character_skills_localised_name_wh3_main_skill_all_mentor_lord}},{{tr:character_skills_localised_description_wh3_main_skill_all_mentor_lord}},character_experience.png,30,0,0,0,true,0,3,2,{{tr:character_skills_localised_name_wh3_main_skill_all_mentor_lord}},{{tr:character_skills_localised_description_wh3_main_skill_all_mentor_lord}},39,x,,,,,,,,,,,,,,,,,,,,,,,,,,,,,,,,,,,,character_skill_level_details_tables,wh3_main_skill_all_mentor_hero|2|||
skill_level,warhammer_3,8.1.1,24237342,Beastmen,beastmen,wh_dlc03_sc_bst_beastmen,Bray-Shaman (Shadows),Bray_Shaman_Shadows,hero,wh_dlc03_bst_bray_shaman_shadows,wizard,wizard,wh2_dlc13_bst_beastmen_invasion|wh2_dlc17_bst_malagor|wh2_dlc17_bst_taurox|wh2_main_bst_blooded_axe|wh2_main_bst_manblight|wh2_main_bst_ripper_horn|wh2_main_bst_shadowgor|wh2_main_bst_skrinderkin|wh2_main_bst_stone_horn|wh3_dlc27_bst_beastmen_dm|wh_dlc03_bst_beastmen|wh_dlc03_bst_beastmen_chaos|wh_dlc03_bst_beastmen_rebels|wh_dlc03_bst_jagged_horn|wh_dlc03_bst_redhorn|wh_dlc05_bst_morghur_herd,false,false,true,true,true,true,,,wh_dlc03_skill_node_set_bst_bray_shaman_shadows,,1,wizard,false,false,,,,wh3_dlc24_skill_node_all_mentor_hero,wh3_main_skill_all_mentor_hero,{{tr:character_skills_localised_name_wh3_main_skill_all_mentor_lord}},{{tr:character_skills_localised_description_wh3_main_skill_all_mentor_lord}},character_experience.png,30,0,0,0,true,0,3,3,{{tr:character_skills_localised_name_wh3_main_skill_all_mentor_lord}},{{tr:character_skills_localised_description_wh3_main_skill_all_mentor_lord}},49,x,,,,,,,,,,,,,,,,,,,,,,,,,,,,,,,,,,,,character_skill_level_details_tables,wh3_main_skill_all_mentor_hero|3|||
effect,warhammer_3,8.1.1,24237342,Beastmen,beastmen,wh_dlc03_sc_bst_beastmen,Bray-Shaman (Shadows),Bray_Shaman_Shadows,hero,wh_dlc03_bst_bray_shaman_shadows,wizard,wizard,wh2_dlc13_bst_beastmen_invasion|wh2_dlc17_bst_malagor|wh2_dlc17_bst_taurox|wh2_main_bst_blooded_axe|wh2_main_bst_manblight|wh2_main_bst_ripper_horn|wh2_main_bst_shadowgor|wh2_main_bst_skrinderkin|wh2_main_bst_stone_horn|wh3_dlc27_bst_beastmen_dm|wh_dlc03_bst_beastmen|wh_dlc03_bst_beastmen_chaos|wh_dlc03_bst_beastmen_rebels|wh_dlc03_bst_jagged_horn|wh_dlc03_bst_redhorn|wh_dlc05_bst_morghur_herd,false,false,true,true,true,true,,,wh_dlc03_skill_node_set_bst_bray_shaman_shadows,,1,wizard,false,false,,,,wh3_dlc24_skill_node_all_mentor_hero,wh3_main_skill_all_mentor_hero,{{tr:character_skills_localised_name_wh3_main_skill_all_mentor_lord}},{{tr:character_skills_localised_description_wh3_main_skill_all_mentor_lord}},character_experience.png,30,0,0,0,true,0,3,1,{{tr:character_skills_localised_name_wh3_main_skill_all_mentor_lord}},{{tr:character_skills_localised_description_wh3_main_skill_all_mentor_lord}},,,,,,wh3_main_effect_character_xp_share_generic_herotext,Character will share %+n% of experience earned between all other active [[img:icon_hero]][[/img]]Heroes of the same type,,character_to_character_own,15,campaign,10,true,experience.png,experience.png,,,,,,,,,,,,,,,,,,,,,,,character_skill_level_to_effects_junctions_tables,wh3_main_skill_all_mentor_hero|wh3_main_effect_character_xp_share_generic_herotext|1|character_to_character_own
effect,warhammer_3,8.1.1,24237342,Beastmen,beastmen,wh_dlc03_sc_bst_beastmen,Bray-Shaman (Shadows),Bray_Shaman_Shadows,hero,wh_dlc03_bst_bray_shaman_shadows,wizard,wizard,wh2_dlc13_bst_beastmen_invasion|wh2_dlc17_bst_malagor|wh2_dlc17_bst_taurox|wh2_main_bst_blooded_axe|wh2_main_bst_manblight|wh2_main_bst_ripper_horn|wh2_main_bst_shadowgor|wh2_main_bst_skrinderkin|wh2_main_bst_stone_horn|wh3_dlc27_bst_beastmen_dm|wh_dlc03_bst_beastmen|wh_dlc03_bst_beastmen_chaos|wh_dlc03_bst_beastmen_rebels|wh_dlc03_bst_jagged_horn|wh_dlc03_bst_redhorn|wh_dlc05_bst_morghur_herd,false,false,true,true,true,true,,,wh_dlc03_skill_node_set_bst_bray_shaman_shadows,,1,wizard,false,false,,,,wh3_dlc24_skill_node_all_mentor_hero,wh3_main_skill_all_mentor_hero,{{tr:character_skills_localised_name_wh3_main_skill_all_mentor_lord}},{{tr:character_skills_localised_description_wh3_main_skill_all_mentor_lord}},character_experience.png,30,0,0,0,true,0,3,2,{{tr:character_skills_localised_name_wh3_main_skill_all_mentor_lord}},{{tr:character_skills_localised_description_wh3_main_skill_all_mentor_lord}},,,,,,wh3_main_effect_character_xp_share_generic_herotext,Character will share %+n% of experience earned between all other active [[img:icon_hero]][[/img]]Heroes of the same type,,character_to_character_own,30,campaign,10,true,experience.png,experience.png,,,,,,,,,,,,,,,,,,,,,,,character_skill_level_to_effects_junctions_tables,wh3_main_skill_all_mentor_hero|wh3_main_effect_character_xp_share_generic_herotext|2|character_to_character_own
effect,warhammer_3,8.1.1,24237342,Beastmen,beastmen,wh_dlc03_sc_bst_beastmen,Bray-Shaman (Shadows),Bray_Shaman_Shadows,hero,wh_dlc03_bst_bray_shaman_shadows,wizard,wizard,wh2_dlc13_bst_beastmen_invasion|wh2_dlc17_bst_malagor|wh2_dlc17_bst_taurox|wh2_main_bst_blooded_axe|wh2_main_bst_manblight|wh2_main_bst_ripper_horn|wh2_main_bst_shadowgor|wh2_main_bst_skrinderkin|wh2_main_bst_stone_horn|wh3_dlc27_bst_beastmen_dm|wh_dlc03_bst_beastmen|wh_dlc03_bst_beastmen_chaos|wh_dlc03_bst_beastmen_rebels|wh_dlc03_bst_jagged_horn|wh_dlc03_bst_redhorn|wh_dlc05_bst_morghur_herd,false,false,true,true,true,true,,,wh_dlc03_skill_node_set_bst_bray_shaman_shadows,,1,wizard,false,false,,,,wh3_dlc24_skill_node_all_mentor_hero,wh3_main_skill_all_mentor_hero,{{tr:character_skills_localised_name_wh3_main_skill_all_mentor_lord}},{{tr:character_skills_localised_description_wh3_main_skill_all_mentor_lord}},character_experience.png,30,0,0,0,true,0,3,3,{{tr:character_skills_localised_name_wh3_main_skill_all_mentor_lord}},{{tr:character_skills_localised_description_wh3_main_skill_all_mentor_lord}},,,,,,wh3_main_effect_character_xp_share_generic_herotext,Character will share %+n% of experience earned between all other active [[img:icon_hero]][[/img]]Heroes of the same type,,character_to_character_own,50,campaign,10,true,experience.png,experience.png,,,,,,,,,,,,,,,,,,,,,,,character_skill_level_to_effects_junctions_tables,wh3_main_skill_all_mentor_hero|wh3_main_effect_character_xp_share_generic_herotext|3|character_to_character_own
prerequisite,warhammer_3,8.1.1,24237342,Beastmen,beastmen,wh_dlc03_sc_bst_beastmen,Bray-Shaman (Shadows),Bray_Shaman_Shadows,hero,wh_dlc03_bst_bray_shaman_shadows,wizard,wizard,wh2_dlc13_bst_beastmen_invasion|wh2_dlc17_bst_malagor|wh2_dlc17_bst_taurox|wh2_main_bst_blooded_axe|wh2_main_bst_manblight|wh2_main_bst_ripper_horn|wh2_main_bst_shadowgor|wh2_main_bst_skrinderkin|wh2_main_bst_stone_horn|wh3_dlc27_bst_beastmen_dm|wh_dlc03_bst_beastmen|wh_dlc03_bst_beastmen_chaos|wh_dlc03_bst_beastmen_rebels|wh_dlc03_bst_jagged_horn|wh_dlc03_bst_redhorn|wh_dlc05_bst_morghur_herd,false,false,true,true,true,true,,,wh_dlc03_skill_node_set_bst_bray_shaman_shadows,,1,wizard,false,false,,,,wh_dlc03_skill_node_bst_bray_shaman_shadows_magic_02,wh_dlc05_skill_magic_shadow_smoke_and_mirrors,Smoke & Mirrors,,,,,,,,,,,,,,,,,,,,,,,,,,,,wh_dlc03_skill_node_bst_bray_shaman_shadows_magic_01,wh_dlc05_skill_magic_shadow_mystifying_miasma,Melkoth's Mystifying Miasma,wh_dlc03_skill_node_bst_bray_shaman_shadows_magic_02,wh_dlc05_skill_magic_shadow_smoke_and_mirrors,Smoke & Mirrors,REQUIRED,0,1,1,0,0,,,,,,,,,,,character_skill_node_links_tables,wh_dlc03_skill_node_bst_bray_shaman_shadows_magic_01|wh_dlc03_skill_node_bst_bray_shaman_shadows_magic_02|REQUIRED
prerequisite,warhammer_3,8.1.1,24237342,Beastmen,beastmen,wh_dlc03_sc_bst_beastmen,Bray-Shaman (Shadows),Bray_Shaman_Shadows,hero,wh_dlc03_bst_bray_shaman_shadows,wizard,wizard,wh2_dlc13_bst_beastmen_invasion|wh2_dlc17_bst_malagor|wh2_dlc17_bst_taurox|wh2_main_bst_blooded_axe|wh2_main_bst_manblight|wh2_main_bst_ripper_horn|wh2_main_bst_shadowgor|wh2_main_bst_skrinderkin|wh2_main_bst_stone_horn|wh3_dlc27_bst_beastmen_dm|wh_dlc03_bst_beastmen|wh_dlc03_bst_beastmen_chaos|wh_dlc03_bst_beastmen_rebels|wh_dlc03_bst_jagged_horn|wh_dlc03_bst_redhorn|wh_dlc05_bst_morghur_herd,false,false,true,true,true,true,,,wh_dlc03_skill_node_set_bst_bray_shaman_shadows,,1,wizard,false,false,,,,wh_dlc03_skill_node_bst_bray_shaman_shadows_magic_03,wh_dlc05_skill_magic_shadow_enfeebling_foe,The Enfeebling Foe,,,,,,,,,,,,,,,,,,,,,,,,,,,,wh_dlc03_skill_node_bst_bray_shaman_shadows_magic_01,wh_dlc05_skill_magic_shadow_mystifying_miasma,Melkoth's Mystifying Miasma,wh_dlc03_skill_node_bst_bray_shaman_shadows_magic_03,wh_dlc05_skill_magic_shadow_enfeebling_foe,The Enfeebling Foe,REQUIRED,0,1,1,0,0,,,,,,,,,,,character_skill_node_links_tables,wh_dlc03_skill_node_bst_bray_shaman_shadows_magic_01|wh_dlc03_skill_node_bst_bray_shaman_shadows_magic_03|REQUIRED
prerequisite,warhammer_3,8.1.1,24237342,Beastmen,beastmen,wh_dlc03_sc_bst_beastmen,Bray-Shaman (Shadows),Bray_Shaman_Shadows,hero,wh_dlc03_bst_bray_shaman_shadows,wizard,wizard,wh2_dlc13_bst_beastmen_invasion|wh2_dlc17_bst_malagor|wh2_dlc17_bst_taurox|wh2_main_bst_blooded_axe|wh2_main_bst_manblight|wh2_main_bst_ripper_horn|wh2_main_bst_shadowgor|wh2_main_bst_skrinderkin|wh2_main_bst_stone_horn|wh3_dlc27_bst_beastmen_dm|wh_dlc03_bst_beastmen|wh_dlc03_bst_beastmen_chaos|wh_dlc03_bst_beastmen_rebels|wh_dlc03_bst_jagged_horn|wh_dlc03_bst_redhorn|wh_dlc05_bst_morghur_herd,false,false,true,true,true,true,,,wh_dlc03_skill_node_set_bst_bray_shaman_shadows,,1,wizard,false,false,,,,wh_dlc03_skill_node_bst_bray_shaman_shadows_magic_04,wh_dlc05_skill_magic_shadow_the_withering,The Withering,,,,,,,,,,,,,,,,,,,,,,,,,,,,wh_dlc03_skill_node_bst_bray_shaman_shadows_magic_01,wh_dlc05_skill_magic_shadow_mystifying_miasma,Melkoth's Mystifying Miasma,wh_dlc03_skill_node_bst_bray_shaman_shadows_magic_04,wh_dlc05_skill_magic_shadow_the_withering,The Withering,REQUIRED,0,1,1,0,0,,,,,,,,,,,character_skill_node_links_tables,wh_dlc03_skill_node_bst_bray_shaman_shadows_magic_01|wh_dlc03_skill_node_bst_bray_shaman_shadows_magic_04|REQUIRED
prerequisite,warhammer_3,8.1.1,24237342,Beastmen,beastmen,wh_dlc03_sc_bst_beastmen,Bray-Shaman (Shadows),Bray_Shaman_Shadows,hero,wh_dlc03_bst_bray_shaman_shadows,wizard,wizard,wh2_dlc13_bst_beastmen_invasion|wh2_dlc17_bst_malagor|wh2_dlc17_bst_taurox|wh2_main_bst_blooded_axe|wh2_main_bst_manblight|wh2_main_bst_ripper_horn|wh2_main_bst_shadowgor|wh2_main_bst_skrinderkin|wh2_main_bst_stone_horn|wh3_dlc27_bst_beastmen_dm|wh_dlc03_bst_beastmen|wh_dlc03_bst_beastmen_chaos|wh_dlc03_bst_beastmen_rebels|wh_dlc03_bst_jagged_horn|wh_dlc03_bst_redhorn|wh_dlc05_bst_morghur_herd,false,false,true,true,true,true,,,wh_dlc03_skill_node_set_bst_bray_shaman_shadows,,1,wizard,false,false,,,,wh_dlc03_skill_node_bst_bray_shaman_shadows_magic_05,wh_dlc05_skill_magic_shadow_penumbral_pendulum,The Penumbral Pendulum,,,,,,,,,,,,,,,,,,,,,,,,,,,,wh_dlc03_skill_node_bst_bray_shaman_shadows_magic_01,wh_dlc05_skill_magic_shadow_mystifying_miasma,Melkoth's Mystifying Miasma,wh_dlc03_skill_node_bst_bray_shaman_shadows_magic_05,wh_dlc05_skill_magic_shadow_penumbral_pendulum,The Penumbral Pendulum,REQUIRED,0,1,1,0,0,,,,,,,,,,,character_skill_node_links_tables,wh_dlc03_skill_node_bst_bray_shaman_shadows_magic_01|wh_dlc03_skill_node_bst_bray_shaman_shadows_magic_05|REQUIRED
prerequisite,warhammer_3,8.1.1,24237342,Beastmen,beastmen,wh_dlc03_sc_bst_beastmen,Bray-Shaman (Shadows),Bray_Shaman_Shadows,hero,wh_dlc03_bst_bray_shaman_shadows,wizard,wizard,wh2_dlc13_bst_beastmen_invasion|wh2_dlc17_bst_malagor|wh2_dlc17_bst_taurox|wh2_main_bst_blooded_axe|wh2_main_bst_manblight|wh2_main_bst_ripper_horn|wh2_main_bst_shadowgor|wh2_main_bst_skrinderkin|wh2_main_bst_stone_horn|wh3_dlc27_bst_beastmen_dm|wh_dlc03_bst_beastmen|wh_dlc03_bst_beastmen_chaos|wh_dlc03_bst_beastmen_rebels|wh_dlc03_bst_jagged_horn|wh_dlc03_bst_redhorn|wh_dlc05_bst_morghur_herd,false,false,true,true,true,true,,,wh_dlc03_skill_node_set_bst_bray_shaman_shadows,,1,wizard,false,false,,,,wh_dlc03_skill_node_bst_bray_shaman_shadows_magic_06,wh_main_skill_all_magic_all_06_evasion,Evasion,,,,,,,,,,,,,,,,,,,,,,,,,,,,wh_dlc03_skill_node_bst_bray_shaman_shadows_magic_02,wh_dlc05_skill_magic_shadow_smoke_and_mirrors,Smoke & Mirrors,wh_dlc03_skill_node_bst_bray_shaman_shadows_magic_06,wh_main_skill_all_magic_all_06_evasion,Evasion,SUBSET_REQUIRED,0,1,1,0,0,,,,,,,,,,,character_skill_node_links_tables,wh_dlc03_skill_node_bst_bray_shaman_shadows_magic_02|wh_dlc03_skill_node_bst_bray_shaman_shadows_magic_06|SUBSET_REQUIRED
prerequisite,warhammer_3,8.1.1,24237342,Beastmen,beastmen,wh_dlc03_sc_bst_beastmen,Bray-Shaman (Shadows),Bray_Shaman_Shadows,hero,wh_dlc03_bst_bray_shaman_shadows,wizard,wizard,wh2_dlc13_bst_beastmen_invasion|wh2_dlc17_bst_malagor|wh2_dlc17_bst_taurox|wh2_main_bst_blooded_axe|wh2_main_bst_manblight|wh2_main_bst_ripper_horn|wh2_main_bst_shadowgor|wh2_main_bst_skrinderkin|wh2_main_bst_stone_horn|wh3_dlc27_bst_beastmen_dm|wh_dlc03_bst_beastmen|wh_dlc03_bst_beastmen_chaos|wh_dlc03_bst_beastmen_rebels|wh_dlc03_bst_jagged_horn|wh_dlc03_bst_redhorn|wh_dlc05_bst_morghur_herd,false,false,true,true,true,true,,,wh_dlc03_skill_node_set_bst_bray_shaman_shadows,,1,wizard,false,false,,,,wh_dlc03_skill_node_bst_bray_shaman_shadows_magic_06,wh_main_skill_all_magic_all_06_evasion,Evasion,,,,,,,,,,,,,,,,,,,,,,,,,,,,wh_dlc03_skill_node_bst_bray_shaman_shadows_magic_03,wh_dlc05_skill_magic_shadow_enfeebling_foe,The Enfeebling Foe,wh_dlc03_skill_node_bst_bray_shaman_shadows_magic_06,wh_main_skill_all_magic_all_06_evasion,Evasion,SUBSET_REQUIRED,0,1,1,0,0,,,,,,,,,,,character_skill_node_links_tables,wh_dlc03_skill_node_bst_bray_shaman_shadows_magic_03|wh_dlc03_skill_node_bst_bray_shaman_shadows_magic_06|SUBSET_REQUIRED
prerequisite,warhammer_3,8.1.1,24237342,Beastmen,beastmen,wh_dlc03_sc_bst_beastmen,Bray-Shaman (Shadows),Bray_Shaman_Shadows,hero,wh_dlc03_bst_bray_shaman_shadows,wizard,wizard,wh2_dlc13_bst_beastmen_invasion|wh2_dlc17_bst_malagor|wh2_dlc17_bst_taurox|wh2_main_bst_blooded_axe|wh2_main_bst_manblight|wh2_main_bst_ripper_horn|wh2_main_bst_shadowgor|wh2_main_bst_skrinderkin|wh2_main_bst_stone_horn|wh3_dlc27_bst_beastmen_dm|wh_dlc03_bst_beastmen|wh_dlc03_bst_beastmen_chaos|wh_dlc03_bst_beastmen_rebels|wh_dlc03_bst_jagged_horn|wh_dlc03_bst_redhorn|wh_dlc05_bst_morghur_herd,false,false,true,true,true,true,,,wh_dlc03_skill_node_set_bst_bray_shaman_shadows,,1,wizard,false,false,,,,wh_dlc03_skill_node_bst_bray_shaman_shadows_magic_06,wh_main_skill_all_magic_all_06_evasion,Evasion,,,,,,,,,,,,,,,,,,,,,,,,,,,,wh_dlc03_skill_node_bst_bray_shaman_shadows_magic_04,wh_dlc05_skill_magic_shadow_the_withering,The Withering,wh_dlc03_skill_node_bst_bray_shaman_shadows_magic_06,wh_main_skill_all_magic_all_06_evasion,Evasion,SUBSET_REQUIRED,0,1,1,0,0,,,,,,,,,,,character_skill_node_links_tables,wh_dlc03_skill_node_bst_bray_shaman_shadows_magic_04|wh_dlc03_skill_node_bst_bray_shaman_shadows_magic_06|SUBSET_REQUIRED
prerequisite,warhammer_3,8.1.1,24237342,Beastmen,beastmen,wh_dlc03_sc_bst_beastmen,Bray-Shaman (Shadows),Bray_Shaman_Shadows,hero,wh_dlc03_bst_bray_shaman_shadows,wizard,wizard,wh2_dlc13_bst_beastmen_invasion|wh2_dlc17_bst_malagor|wh2_dlc17_bst_taurox|wh2_main_bst_blooded_axe|wh2_main_bst_manblight|wh2_main_bst_ripper_horn|wh2_main_bst_shadowgor|wh2_main_bst_skrinderkin|wh2_main_bst_stone_horn|wh3_dlc27_bst_beastmen_dm|wh_dlc03_bst_beastmen|wh_dlc03_bst_beastmen_chaos|wh_dlc03_bst_beastmen_rebels|wh_dlc03_bst_jagged_horn|wh_dlc03_bst_redhorn|wh_dlc05_bst_morghur_herd,false,false,true,true,true,true,,,wh_dlc03_skill_node_set_bst_bray_shaman_shadows,,1,wizard,false,false,,,,wh_dlc03_skill_node_bst_bray_shaman_shadows_magic_06,wh_main_skill_all_magic_all_06_evasion,Evasion,,,,,,,,,,,,,,,,,,,,,,,,,,,,wh_dlc03_skill_node_bst_bray_shaman_shadows_magic_05,wh_dlc05_skill_magic_shadow_penumbral_pendulum,The Penumbral Pendulum,wh_dlc03_skill_node_bst_bray_shaman_shadows_magic_06,wh_main_skill_all_magic_all_06_evasion,Evasion,SUBSET_REQUIRED,0,1,1,0,0,,,,,,,,,,,character_skill_node_links_tables,wh_dlc03_skill_node_bst_bray_shaman_shadows_magic_05|wh_dlc03_skill_node_bst_bray_shaman_shadows_magic_06|SUBSET_REQUIRED
prerequisite,warhammer_3,8.1.1,24237342,Beastmen,beastmen,wh_dlc03_sc_bst_beastmen,Bray-Shaman (Shadows),Bray_Shaman_Shadows,hero,wh_dlc03_bst_bray_shaman_shadows,wizard,wizard,wh2_dlc13_bst_beastmen_invasion|wh2_dlc17_bst_malagor|wh2_dlc17_bst_taurox|wh2_main_bst_blooded_axe|wh2_main_bst_manblight|wh2_main_bst_ripper_horn|wh2_main_bst_shadowgor|wh2_main_bst_skrinderkin|wh2_main_bst_stone_horn|wh3_dlc27_bst_beastmen_dm|wh_dlc03_bst_beastmen|wh_dlc03_bst_beastmen_chaos|wh_dlc03_bst_beastmen_rebels|wh_dlc03_bst_jagged_horn|wh_dlc03_bst_redhorn|wh_dlc05_bst_morghur_herd,false,false,true,true,true,true,,,wh_dlc03_skill_node_set_bst_bray_shaman_shadows,,1,wizard,false,false,,,,wh_dlc03_skill_node_bst_bray_shaman_shadows_magic_07,wh_main_skill_all_magic_all_07_earthing,Earthing,,,,,,,,,,,,,,,,,,,,,,,,,,,,wh_dlc03_skill_node_bst_bray_shaman_shadows_magic_06,wh_main_skill_all_magic_all_06_evasion,Evasion,wh_dlc03_skill_node_bst_bray_shaman_shadows_magic_07,wh_main_skill_all_magic_all_07_earthing,Earthing,REQUIRED,0,1,1,0,0,,,,,,,,,,,character_skill_node_links_tables,wh_dlc03_skill_node_bst_bray_shaman_shadows_magic_06|wh_dlc03_skill_node_bst_bray_shaman_shadows_magic_07|REQUIRED
prerequisite,warhammer_3,8.1.1,24237342,Beastmen,beastmen,wh_dlc03_sc_bst_beastmen,Bray-Shaman (Shadows),Bray_Shaman_Shadows,hero,wh_dlc03_bst_bray_shaman_shadows,wizard,wizard,wh2_dlc13_bst_beastmen_invasion|wh2_dlc17_bst_malagor|wh2_dlc17_bst_taurox|wh2_main_bst_blooded_axe|wh2_main_bst_manblight|wh2_main_bst_ripper_horn|wh2_main_bst_shadowgor|wh2_main_bst_skrinderkin|wh2_main_bst_stone_horn|wh3_dlc27_bst_beastmen_dm|wh_dlc03_bst_beastmen|wh_dlc03_bst_beastmen_chaos|wh_dlc03_bst_beastmen_rebels|wh_dlc03_bst_jagged_horn|wh_dlc03_bst_redhorn|wh_dlc05_bst_morghur_herd,false,false,true,true,true,true,,,wh_dlc03_skill_node_set_bst_bray_shaman_shadows,,1,wizard,false,false,,,,wh_dlc03_skill_node_bst_bray_shaman_shadows_magic_08,wh_main_skill_all_magic_all_08_power_drain,Magical Reserves,,,,,,,,,,,,,,,,,,,,,,,,,,,,wh_dlc03_skill_node_bst_bray_shaman_shadows_magic_06,wh_main_skill_all_magic_all_06_evasion,Evasion,wh_dlc03_skill_node_bst_bray_shaman_shadows_magic_08,wh_main_skill_all_magic_all_08_power_drain,Magical Reserves,REQUIRED,0,1,1,0,0,,,,,,,,,,,character_skill_node_links_tables,wh_dlc03_skill_node_bst_bray_shaman_shadows_magic_06|wh_dlc03_skill_node_bst_bray_shaman_shadows_magic_08|REQUIRED
prerequisite,warhammer_3,8.1.1,24237342,Beastmen,beastmen,wh_dlc03_sc_bst_beastmen,Bray-Shaman (Shadows),Bray_Shaman_Shadows,hero,wh_dlc03_bst_bray_shaman_shadows,wizard,wizard,wh2_dlc13_bst_beastmen_invasion|wh2_dlc17_bst_malagor|wh2_dlc17_bst_taurox|wh2_main_bst_blooded_axe|wh2_main_bst_manblight|wh2_main_bst_ripper_horn|wh2_main_bst_shadowgor|wh2_main_bst_skrinderkin|wh2_main_bst_stone_horn|wh3_dlc27_bst_beastmen_dm|wh_dlc03_bst_beastmen|wh_dlc03_bst_beastmen_chaos|wh_dlc03_bst_beastmen_rebels|wh_dlc03_bst_jagged_horn|wh_dlc03_bst_redhorn|wh_dlc05_bst_morghur_herd,false,false,true,true,true,true,,,wh_dlc03_skill_node_set_bst_bray_shaman_shadows,,1,wizard,false,false,,,,wh_dlc03_skill_node_bst_bray_shaman_shadows_magic_09,wh_dlc05_skill_magic_shadow_pit_of_shades,Pit of Shades,,,,,,,,,,,,,,,,,,,,,,,,,,,,wh_dlc03_skill_node_bst_bray_shaman_shadows_magic_06,wh_main_skill_all_magic_all_06_evasion,Evasion,wh_dlc03_skill_node_bst_bray_shaman_shadows_magic_09,wh_dlc05_skill_magic_shadow_pit_of_shades,Pit of Shades,REQUIRED,0,1,1,0,0,,,,,,,,,,,character_skill_node_links_tables,wh_dlc03_skill_node_bst_bray_shaman_shadows_magic_06|wh_dlc03_skill_node_bst_bray_shaman_shadows_magic_09|REQUIRED
prerequisite,warhammer_3,8.1.1,24237342,Beastmen,beastmen,wh_dlc03_sc_bst_beastmen,Bray-Shaman (Shadows),Bray_Shaman_Shadows,hero,wh_dlc03_bst_bray_shaman_shadows,wizard,wizard,wh2_dlc13_bst_beastmen_invasion|wh2_dlc17_bst_malagor|wh2_dlc17_bst_taurox|wh2_main_bst_blooded_axe|wh2_main_bst_manblight|wh2_main_bst_ripper_horn|wh2_main_bst_shadowgor|wh2_main_bst_skrinderkin|wh2_main_bst_stone_horn|wh3_dlc27_bst_beastmen_dm|wh_dlc03_bst_beastmen|wh_dlc03_bst_beastmen_chaos|wh_dlc03_bst_beastmen_rebels|wh_dlc03_bst_jagged_horn|wh_dlc03_bst_redhorn|wh_dlc05_bst_morghur_herd,false,false,true,true,true,true,,,wh_dlc03_skill_node_set_bst_bray_shaman_shadows,,1,wizard,false,false,,,,wh_dlc03_skill_node_bst_bray_shaman_shadows_magic_10,wh_dlc05_skill_magic_shadow_okkams_mindrazor,Okkam's Mindrazor,,,,,,,,,,,,,,,,,,,,,,,,,,,,wh_dlc03_skill_node_bst_bray_shaman_shadows_magic_06,wh_main_skill_all_magic_all_06_evasion,Evasion,wh_dlc03_skill_node_bst_bray_shaman_shadows_magic_10,wh_dlc05_skill_magic_shadow_okkams_mindrazor,Okkam's Mindrazor,REQUIRED,0,1,1,0,0,,,,,,,,,,,character_skill_node_links_tables,wh_dlc03_skill_node_bst_bray_shaman_shadows_magic_06|wh_dlc03_skill_node_bst_bray_shaman_shadows_magic_10|REQUIRED
prerequisite,warhammer_3,8.1.1,24237342,Beastmen,beastmen,wh_dlc03_sc_bst_beastmen,Bray-Shaman (Shadows),Bray_Shaman_Shadows,hero,wh_dlc03_bst_bray_shaman_shadows,wizard,wizard,wh2_dlc13_bst_beastmen_invasion|wh2_dlc17_bst_malagor|wh2_dlc17_bst_taurox|wh2_main_bst_blooded_axe|wh2_main_bst_manblight|wh2_main_bst_ripper_horn|wh2_main_bst_shadowgor|wh2_main_bst_skrinderkin|wh2_main_bst_stone_horn|wh3_dlc27_bst_beastmen_dm|wh_dlc03_bst_beastmen|wh_dlc03_bst_beastmen_chaos|wh_dlc03_bst_beastmen_rebels|wh_dlc03_bst_jagged_horn|wh_dlc03_bst_redhorn|wh_dlc05_bst_morghur_herd,false,false,true,true,true,true,,,wh_dlc03_skill_node_set_bst_bray_shaman_shadows,,1,wizard,false,false,,,,wh_dlc03_skill_node_bst_bray_shaman_shadows_magic_11,wh_main_skill_all_magic_all_11_arcane_conduit,Arcane Conduit,,,,,,,,,,,,,,,,,,,,,,,,,,,,wh_dlc03_skill_node_bst_bray_shaman_shadows_magic_07,wh_main_skill_all_magic_all_07_earthing,Earthing,wh_dlc03_skill_node_bst_bray_shaman_shadows_magic_11,wh_main_skill_all_magic_all_11_arcane_conduit,Arcane Conduit,SUBSET_REQUIRED,0,1,1,0,0,,,,,,,,,,,character_skill_node_links_tables,wh_dlc03_skill_node_bst_bray_shaman_shadows_magic_07|wh_dlc03_skill_node_bst_bray_shaman_shadows_magic_11|SUBSET_REQUIRED
prerequisite,warhammer_3,8.1.1,24237342,Beastmen,beastmen,wh_dlc03_sc_bst_beastmen,Bray-Shaman (Shadows),Bray_Shaman_Shadows,hero,wh_dlc03_bst_bray_shaman_shadows,wizard,wizard,wh2_dlc13_bst_beastmen_invasion|wh2_dlc17_bst_malagor|wh2_dlc17_bst_taurox|wh2_main_bst_blooded_axe|wh2_main_bst_manblight|wh2_main_bst_ripper_horn|wh2_main_bst_shadowgor|wh2_main_bst_skrinderkin|wh2_main_bst_stone_horn|wh3_dlc27_bst_beastmen_dm|wh_dlc03_bst_beastmen|wh_dlc03_bst_beastmen_chaos|wh_dlc03_bst_beastmen_rebels|wh_dlc03_bst_jagged_horn|wh_dlc03_bst_redhorn|wh_dlc05_bst_morghur_herd,false,false,true,true,true,true,,,wh_dlc03_skill_node_set_bst_bray_shaman_shadows,,1,wizard,false,false,,,,wh_dlc03_skill_node_bst_bray_shaman_shadows_magic_11,wh_main_skill_all_magic_all_11_arcane_conduit,Arcane Conduit,,,,,,,,,,,,,,,,,,,,,,,,,,,,wh_dlc03_skill_node_bst_bray_shaman_shadows_magic_08,wh_main_skill_all_magic_all_08_power_drain,Magical Reserves,wh_dlc03_skill_node_bst_bray_shaman_shadows_magic_11,wh_main_skill_all_magic_all_11_arcane_conduit,Arcane Conduit,SUBSET_REQUIRED,0,1,1,0,0,,,,,,,,,,,character_skill_node_links_tables,wh_dlc03_skill_node_bst_bray_shaman_shadows_magic_08|wh_dlc03_skill_node_bst_bray_shaman_shadows_magic_11|SUBSET_REQUIRED
prerequisite,warhammer_3,8.1.1,24237342,Beastmen,beastmen,wh_dlc03_sc_bst_beastmen,Bray-Shaman (Shadows),Bray_Shaman_Shadows,hero,wh_dlc03_bst_bray_shaman_shadows,wizard,wizard,wh2_dlc13_bst_beastmen_invasion|wh2_dlc17_bst_malagor|wh2_dlc17_bst_taurox|wh2_main_bst_blooded_axe|wh2_main_bst_manblight|wh2_main_bst_ripper_horn|wh2_main_bst_shadowgor|wh2_main_bst_skrinderkin|wh2_main_bst_stone_horn|wh3_dlc27_bst_beastmen_dm|wh_dlc03_bst_beastmen|wh_dlc03_bst_beastmen_chaos|wh_dlc03_bst_beastmen_rebels|wh_dlc03_bst_jagged_horn|wh_dlc03_bst_redhorn|wh_dlc05_bst_morghur_herd,false,false,true,true,true,true,,,wh_dlc03_skill_node_set_bst_bray_shaman_shadows,,1,wizard,false,false,,,,wh_dlc03_skill_node_bst_bray_shaman_shadows_magic_11,wh_main_skill_all_magic_all_11_arcane_conduit,Arcane Conduit,,,,,,,,,,,,,,,,,,,,,,,,,,,,wh_dlc03_skill_node_bst_bray_shaman_shadows_magic_09,wh_dlc05_skill_magic_shadow_pit_of_shades,Pit of Shades,wh_dlc03_skill_node_bst_bray_shaman_shadows_magic_11,wh_main_skill_all_magic_all_11_arcane_conduit,Arcane Conduit,SUBSET_REQUIRED,0,1,1,0,0,,,,,,,,,,,character_skill_node_links_tables,wh_dlc03_skill_node_bst_bray_shaman_shadows_magic_09|wh_dlc03_skill_node_bst_bray_shaman_shadows_magic_11|SUBSET_REQUIRED
prerequisite,warhammer_3,8.1.1,24237342,Beastmen,beastmen,wh_dlc03_sc_bst_beastmen,Bray-Shaman (Shadows),Bray_Shaman_Shadows,hero,wh_dlc03_bst_bray_shaman_shadows,wizard,wizard,wh2_dlc13_bst_beastmen_invasion|wh2_dlc17_bst_malagor|wh2_dlc17_bst_taurox|wh2_main_bst_blooded_axe|wh2_main_bst_manblight|wh2_main_bst_ripper_horn|wh2_main_bst_shadowgor|wh2_main_bst_skrinderkin|wh2_main_bst_stone_horn|wh3_dlc27_bst_beastmen_dm|wh_dlc03_bst_beastmen|wh_dlc03_bst_beastmen_chaos|wh_dlc03_bst_beastmen_rebels|wh_dlc03_bst_jagged_horn|wh_dlc03_bst_redhorn|wh_dlc05_bst_morghur_herd,false,false,true,true,true,true,,,wh_dlc03_skill_node_set_bst_bray_shaman_shadows,,1,wizard,false,false,,,,wh_dlc03_skill_node_bst_bray_shaman_shadows_magic_11,wh_main_skill_all_magic_all_11_arcane_conduit,Arcane Conduit,,,,,,,,,,,,,,,,,,,,,,,,,,,,wh_dlc03_skill_node_bst_bray_shaman_shadows_magic_10,wh_dlc05_skill_magic_shadow_okkams_mindrazor,Okkam's Mindrazor,wh_dlc03_skill_node_bst_bray_shaman_shadows_magic_11,wh_main_skill_all_magic_all_11_arcane_conduit,Arcane Conduit,SUBSET_REQUIRED,0,1,1,0,0,,,,,,,,,,,character_skill_node_links_tables,wh_dlc03_skill_node_bst_bray_shaman_shadows_magic_10|wh_dlc03_skill_node_bst_bray_shaman_shadows_magic_11|SUBSET_REQUIRED
