record_type,game,patch,steam_build_id,race,race_slug,subculture_key,character_name,character_slug,character_class,agent_subtype_key,primary_agent_type,permitted_agent_types,permitted_faction_keys,is_legendary_lord,is_unique_agent,is_recruitable,show_in_ui,auto_generate,is_caster,magic_lore,recruitment_category,node_set_key,node_set_name,node_set_index,node_set_agent_key,node_set_for_army,node_set_for_navy,node_set_faction_key,node_set_campaign_key,node_set_subculture_key,node_key,skill_key,skill_name,skill_description,skill_icon_path,node_tier,node_indent,points_on_creation,required_num_parents,visible_in_ui,skill_unlocked_at_rank,skill_max_level,skill_level,level_name,level_description,level_unlocked_at_rank,level_image_path,level_campaign_key,level_faction_key,level_subculture_key,effect_key,effect_description,effect_additional_tooltip,effect_scope,effect_value,effect_category,effect_priority,effect_is_positive_value_good,effect_icon,effect_icon_negative,parent_node_key,parent_skill_key,parent_skill_name,child_node_key,child_skill_key,child_skill_name,link_type,initial_descent_tiers,parent_link_position,child_link_position,parent_link_position_offset,child_link_position_offset,locked_skill_key,locked_skill_name,locked_skill_level,ancillary_key,ancillary_name,ancillary_type,ancillary_category,dilemma_key,dilemma_title,dilemma_random_selection,source_table,source_key
character,warhammer_3,8.1.1,24237342,Vampire Coast,vampire_coast,wh2_dlc11_sc_cst_vampire_coast,Vampire Fleet Admiral (Deep),Vampire_Fleet_Admiral_Deep__admiral_fem_deep,lord,wh2_dlc11_cst_admiral_fem_deep,general,general,wh2_dlc11_cst_noctilus|wh2_dlc11_cst_noctilus_separatists|wh2_dlc11_cst_pirates_of_sartosa|wh2_dlc11_cst_pirates_of_sartosa_separatists|wh2_dlc11_cst_the_drowned|wh2_dlc11_cst_the_drowned_separatists|wh2_dlc11_cst_vampire_coast|wh2_dlc11_cst_vampire_coast_encounters|wh2_dlc11_cst_vampire_coast_qb1|wh2_dlc11_cst_vampire_coast_qb2|wh2_dlc11_cst_vampire_coast_qb3|wh2_dlc11_cst_vampire_coast_qb4|wh2_dlc11_cst_vampire_coast_rebellion_rebels|wh2_dlc11_cst_vampire_coast_rebels|wh2_dlc11_cst_vampire_coast_separatists|wh3_dlc21_cst_dead_flag_fleet|wh3_dlc24_cst_vampire_coast_bloated_rebels|wh3_dlc26_cst_vampire_coast_qb1|wh3_dlc26_cst_vampire_coast_qb2|wh3_main_cst_dread_rock_privateers,false,false,true,true,true,true,wh2_dlc11_lore_deep,cst_vampire_fleet_admiral_female,,,,,,,,,,,,,,,,,,,,,,,,,,,,,,,,,,,,,,,,,,,,,,,,,,,,,,,,,,,,,,agent_subtypes_tables,wh2_dlc11_cst_admiral_fem_deep
node_set,warhammer_3,8.1.1,24237342,Vampire Coast,vampire_coast,wh2_dlc11_sc_cst_vampire_coast,Vampire Fleet Admiral (Deep),Vampire_Fleet_Admiral_Deep__admiral_fem_deep,lord,wh2_dlc11_cst_admiral_fem_deep,general,general,wh2_dlc11_cst_noctilus|wh2_dlc11_cst_noctilus_separatists|wh2_dlc11_cst_pirates_of_sartosa|wh2_dlc11_cst_pirates_of_sartosa_separatists|wh2_dlc11_cst_the_drowned|wh2_dlc11_cst_the_drowned_separatists|wh2_dlc11_cst_vampire_coast|wh2_dlc11_cst_vampire_coast_encounters|wh2_dlc11_cst_vampire_coast_qb1|wh2_dlc11_cst_vampire_coast_qb2|wh2_dlc11_cst_vampire_coast_qb3|wh2_dlc11_cst_vampire_coast_qb4|wh2_dlc11_cst_vampire_coast_rebellion_rebels|wh2_dlc11_cst_vampire_coast_rebels|wh2_dlc11_cst_vampire_coast_separatists|wh3_dlc21_cst_dead_flag_fleet|wh3_dlc24_cst_vampire_coast_bloated_rebels|wh3_dlc26_cst_vampire_coast_qb1|wh3_dlc26_cst_vampire_coast_qb2|wh3_main_cst_dread_rock_privateers,false,false,true,true,true,true,wh2_dlc11_lore_deep,cst_vampire_fleet_admiral_female,wh2_dlc11_skill_node_set_cst_admiral_fem_deep,,1,general,false,false,,,,,,,,,,,,,,,,,,,,,,,,,,,,,,,,,,,,,,,,,,,,,,,,,,,,,,,,character_skill_node_sets_tables,wh2_dlc11_skill_node_set_cst_admiral_fem_deep
node,warhammer_3,8.1.1,24237342,Vampire Coast,vampire_coast,wh2_dlc11_sc_cst_vampire_coast,Vampire Fleet Admiral (Deep),Vampire_Fleet_Admiral_Deep__admiral_fem_deep,lord,wh2_dlc11_cst_admiral_fem_deep,general,general,wh2_dlc11_cst_noctilus|wh2_dlc11_cst_noctilus_separatists|wh2_dlc11_cst_pirates_of_sartosa|wh2_dlc11_cst_pirates_of_sartosa_separatists|wh2_dlc11_cst_the_drowned|wh2_dlc11_cst_the_drowned_separatists|wh2_dlc11_cst_vampire_coast|wh2_dlc11_cst_vampire_coast_encounters|wh2_dlc11_cst_vampire_coast_qb1|wh2_dlc11_cst_vampire_coast_qb2|wh2_dlc11_cst_vampire_coast_qb3|wh2_dlc11_cst_vampire_coast_qb4|wh2_dlc11_cst_vampire_coast_rebellion_rebels|wh2_dlc11_cst_vampire_coast_rebels|wh2_dlc11_cst_vampire_coast_separatists|wh3_dlc21_cst_dead_flag_fleet|wh3_dlc24_cst_vampire_coast_bloated_rebels|wh3_dlc26_cst_vampire_coast_qb1|wh3_dlc26_cst_vampire_coast_qb2|wh3_main_cst_dread_rock_privateers,false,false,true,true,true,true,wh2_dlc11_lore_deep,cst_vampire_fleet_admiral_female,wh2_dlc11_skill_node_set_cst_admiral_fem_deep,,1,general,false,false,,,,wh2_dlc11_skill_cst_admiral_fem_deep_crime_00,wh_main_skill_vmp_lord_self_the_hunger,The Hunger,,wh_main_lord_passive_the_hunger.png,0,1,0,0,true,0,1,,,,,,,,,,,,,,,,,,,,,,,,,,,,,,,,,,,,,,,,,character_skill_nodes_tables,wh2_dlc11_skill_cst_admiral_fem_deep_crime_00
effect,warhammer_3,8.1.1,24237342,Vampire Coast,vampire_coast,wh2_dlc11_sc_cst_vampire_coast,Vampire Fleet Admiral (Deep),Vampire_Fleet_Admiral_Deep__admiral_fem_deep,lord,wh2_dlc11_cst_admiral_fem_deep,general,general,wh2_dlc11_cst_noctilus|wh2_dlc11_cst_noctilus_separatists|wh2_dlc11_cst_pirates_of_sartosa|wh2_dlc11_cst_pirates_of_sartosa_separatists|wh2_dlc11_cst_the_drowned|wh2_dlc11_cst_the_drowned_separatists|wh2_dlc11_cst_vampire_coast|wh2_dlc11_cst_vampire_coast_encounters|wh2_dlc11_cst_vampire_coast_qb1|wh2_dlc11_cst_vampire_coast_qb2|wh2_dlc11_cst_vampire_coast_qb3|wh2_dlc11_cst_vampire_coast_qb4|wh2_dlc11_cst_vampire_coast_rebellion_rebels|wh2_dlc11_cst_vampire_coast_rebels|wh2_dlc11_cst_vampire_coast_separatists|wh3_dlc21_cst_dead_flag_fleet|wh3_dlc24_cst_vampire_coast_bloated_rebels|wh3_dlc26_cst_vampire_coast_qb1|wh3_dlc26_cst_vampire_coast_qb2|wh3_main_cst_dread_rock_privateers,false,false,true,true,true,true,wh2_dlc11_lore_deep,cst_vampire_fleet_admiral_female,wh2_dlc11_skill_node_set_cst_admiral_fem_deep,,1,general,false,false,,,,wh2_dlc11_skill_cst_admiral_fem_deep_crime_00,wh_main_skill_vmp_lord_self_the_hunger,The Hunger,,wh_main_lord_passive_the_hunger.png,0,1,0,0,true,0,1,1,The Hunger,,,,,,,wh_main_effect_ability_enable_the_hunger,"Passive ability: ""The Hunger""",,character_to_character_own,1,battle,310,true,general_ability.png,general_ability.png,,,,,,,,,,,,,,,,,,,,,,,character_skill_level_to_effects_junctions_tables,wh_main_skill_vmp_lord_self_the_hunger|wh_main_effect_ability_enable_the_hunger|1|character_to_character_own
node,warhammer_3,8.1.1,24237342,Vampire Coast,vampire_coast,wh2_dlc11_sc_cst_vampire_coast,Vampire Fleet Admiral (Deep),Vampire_Fleet_Admiral_Deep__admiral_fem_deep,lord,wh2_dlc11_cst_admiral_fem_deep,general,general,wh2_dlc11_cst_noctilus|wh2_dlc11_cst_noctilus_separatists|wh2_dlc11_cst_pirates_of_sartosa|wh2_dlc11_cst_pirates_of_sartosa_separatists|wh2_dlc11_cst_the_drowned|wh2_dlc11_cst_the_drowned_separatists|wh2_dlc11_cst_vampire_coast|wh2_dlc11_cst_vampire_coast_encounters|wh2_dlc11_cst_vampire_coast_qb1|wh2_dlc11_cst_vampire_coast_qb2|wh2_dlc11_cst_vampire_coast_qb3|wh2_dlc11_cst_vampire_coast_qb4|wh2_dlc11_cst_vampire_coast_rebellion_rebels|wh2_dlc11_cst_vampire_coast_rebels|wh2_dlc11_cst_vampire_coast_separatists|wh3_dlc21_cst_dead_flag_fleet|wh3_dlc24_cst_vampire_coast_bloated_rebels|wh3_dlc26_cst_vampire_coast_qb1|wh3_dlc26_cst_vampire_coast_qb2|wh3_main_cst_dread_rock_privateers,false,false,true,true,true,true,wh2_dlc11_lore_deep,cst_vampire_fleet_admiral_female,wh2_dlc11_skill_node_set_cst_admiral_fem_deep,,1,general,false,false,,,,wh2_dlc11_skill_cst_admiral_fem_deep_personal_00,wh2_dlc11_skill_cst_personal_0_monkey_jacket,Monkey Jacket,"Yes, they’re from the east. Annoying, yet useful - their hides, particularly…",character_ward_save.png,0,2,0,0,true,0,1,,,,,,,,,,,,,,,,,,,,,,,,,,,,,,,,,,,,,,,,,character_skill_nodes_tables,wh2_dlc11_skill_cst_admiral_fem_deep_personal_00
effect,warhammer_3,8.1.1,24237342,Vampire Coast,vampire_coast,wh2_dlc11_sc_cst_vampire_coast,Vampire Fleet Admiral (Deep),Vampire_Fleet_Admiral_Deep__admiral_fem_deep,lord,wh2_dlc11_cst_admiral_fem_deep,general,general,wh2_dlc11_cst_noctilus|wh2_dlc11_cst_noctilus_separatists|wh2_dlc11_cst_pirates_of_sartosa|wh2_dlc11_cst_pirates_of_sartosa_separatists|wh2_dlc11_cst_the_drowned|wh2_dlc11_cst_the_drowned_separatists|wh2_dlc11_cst_vampire_coast|wh2_dlc11_cst_vampire_coast_encounters|wh2_dlc11_cst_vampire_coast_qb1|wh2_dlc11_cst_vampire_coast_qb2|wh2_dlc11_cst_vampire_coast_qb3|wh2_dlc11_cst_vampire_coast_qb4|wh2_dlc11_cst_vampire_coast_rebellion_rebels|wh2_dlc11_cst_vampire_coast_rebels|wh2_dlc11_cst_vampire_coast_separatists|wh3_dlc21_cst_dead_flag_fleet|wh3_dlc24_cst_vampire_coast_bloated_rebels|wh3_dlc26_cst_vampire_coast_qb1|wh3_dlc26_cst_vampire_coast_qb2|wh3_main_cst_dread_rock_privateers,false,false,true,true,true,true,wh2_dlc11_lore_deep,cst_vampire_fleet_admiral_female,wh2_dlc11_skill_node_set_cst_admiral_fem_deep,,1,general,false,false,,,,wh2_dlc11_skill_cst_admiral_fem_deep_personal_00,wh2_dlc11_skill_cst_personal_0_monkey_jacket,Monkey Jacket,"Yes, they’re from the east. Annoying, yet useful - their hides, particularly…",character_ward_save.png,0,2,0,0,true,0,1,1,Monkey Jacket,"Yes, they’re from the east. Annoying, yet useful - their hides, particularly…",,,,,,wh_main_effect_character_stat_ward_save,Ward save: %n%,"Ward Save. Any type of damage is reduced by this amount, up to a maximum of 90%",character_to_character_own,5,battle,100,true,resistance_ward_save.png,resistance_ward_save.png,,,,,,,,,,,,,,,,,,,,,,,character_skill_level_to_effects_junctions_tables,wh2_dlc11_skill_cst_personal_0_monkey_jacket|wh_main_effect_character_stat_ward_save|1|character_to_character_own
node,warhammer_3,8.1.1,24237342,Vampire Coast,vampire_coast,wh2_dlc11_sc_cst_vampire_coast,Vampire Fleet Admiral (Deep),Vampire_Fleet_Admiral_Deep__admiral_fem_deep,lord,wh2_dlc11_cst_admiral_fem_deep,general,general,wh2_dlc11_cst_noctilus|wh2_dlc11_cst_noctilus_separatists|wh2_dlc11_cst_pirates_of_sartosa|wh2_dlc11_cst_pirates_of_sartosa_separatists|wh2_dlc11_cst_the_drowned|wh2_dlc11_cst_the_drowned_separatists|wh2_dlc11_cst_vampire_coast|wh2_dlc11_cst_vampire_coast_encounters|wh2_dlc11_cst_vampire_coast_qb1|wh2_dlc11_cst_vampire_coast_qb2|wh2_dlc11_cst_vampire_coast_qb3|wh2_dlc11_cst_vampire_coast_qb4|wh2_dlc11_cst_vampire_coast_rebellion_rebels|wh2_dlc11_cst_vampire_coast_rebels|wh2_dlc11_cst_vampire_coast_separatists|wh3_dlc21_cst_dead_flag_fleet|wh3_dlc24_cst_vampire_coast_bloated_rebels|wh3_dlc26_cst_vampire_coast_qb1|wh3_dlc26_cst_vampire_coast_qb2|wh3_main_cst_dread_rock_privateers,false,false,true,true,true,true,wh2_dlc11_lore_deep,cst_vampire_fleet_admiral_female,wh2_dlc11_skill_node_set_cst_admiral_fem_deep,,1,general,false,false,,,,wh2_dlc11_skill_node_cst_admiral_fem_magic_deep_01,wh2_dlc11_skill_all_magic_deep_01_spiteful_shot,Spiteful Shot,"Sheer, undiluted spite sharpens the dead eye further.",wh2_dlc11_spell_deep_spiteful_shot.png,0,3,0,0,true,0,2,,,,,,,,,,,,,,,,,,,,,,,,,,,,,,,,,,,,,,,,,character_skill_nodes_tables,wh2_dlc11_skill_node_cst_admiral_fem_magic_deep_01
effect,warhammer_3,8.1.1,24237342,Vampire Coast,vampire_coast,wh2_dlc11_sc_cst_vampire_coast,Vampire Fleet Admiral (Deep),Vampire_Fleet_Admiral_Deep__admiral_fem_deep,lord,wh2_dlc11_cst_admiral_fem_deep,general,general,wh2_dlc11_cst_noctilus|wh2_dlc11_cst_noctilus_separatists|wh2_dlc11_cst_pirates_of_sartosa|wh2_dlc11_cst_pirates_of_sartosa_separatists|wh2_dlc11_cst_the_drowned|wh2_dlc11_cst_the_drowned_separatists|wh2_dlc11_cst_vampire_coast|wh2_dlc11_cst_vampire_coast_encounters|wh2_dlc11_cst_vampire_coast_qb1|wh2_dlc11_cst_vampire_coast_qb2|wh2_dlc11_cst_vampire_coast_qb3|wh2_dlc11_cst_vampire_coast_qb4|wh2_dlc11_cst_vampire_coast_rebellion_rebels|wh2_dlc11_cst_vampire_coast_rebels|wh2_dlc11_cst_vampire_coast_separatists|wh3_dlc21_cst_dead_flag_fleet|wh3_dlc24_cst_vampire_coast_bloated_rebels|wh3_dlc26_cst_vampire_coast_qb1|wh3_dlc26_cst_vampire_coast_qb2|wh3_main_cst_dread_rock_privateers,false,false,true,true,true,true,wh2_dlc11_lore_deep,cst_vampire_fleet_admiral_female,wh2_dlc11_skill_node_set_cst_admiral_fem_deep,,1,general,false,false,,,,wh2_dlc11_skill_node_cst_admiral_fem_magic_deep_01,wh2_dlc11_skill_all_magic_deep_01_spiteful_shot,Spiteful Shot,"Sheer, undiluted spite sharpens the dead eye further.",wh2_dlc11_spell_deep_spiteful_shot.png,0,3,0,0,true,0,2,1,Spiteful Shot,"Sheer, undiluted spite sharpens the dead eye further.",,,,,,wh2_dlc11_effect_ability_cooldown_spiteful_shot,"Cooldown: %+n% to ""Spiteful Shot""",,character_to_character_own,-30,both,293,false,magic_cooldown.png,magic_cooldown.png,,,,,,,,,,,,,,,,,,,,,,,character_skill_level_to_effects_junctions_tables,wh2_dlc11_skill_all_magic_deep_01_spiteful_shot|wh2_dlc11_effect_ability_cooldown_spiteful_shot|1|character_to_character_own
effect,warhammer_3,8.1.1,24237342,Vampire Coast,vampire_coast,wh2_dlc11_sc_cst_vampire_coast,Vampire Fleet Admiral (Deep),Vampire_Fleet_Admiral_Deep__admiral_fem_deep,lord,wh2_dlc11_cst_admiral_fem_deep,general,general,wh2_dlc11_cst_noctilus|wh2_dlc11_cst_noctilus_separatists|wh2_dlc11_cst_pirates_of_sartosa|wh2_dlc11_cst_pirates_of_sartosa_separatists|wh2_dlc11_cst_the_drowned|wh2_dlc11_cst_the_drowned_separatists|wh2_dlc11_cst_vampire_coast|wh2_dlc11_cst_vampire_coast_encounters|wh2_dlc11_cst_vampire_coast_qb1|wh2_dlc11_cst_vampire_coast_qb2|wh2_dlc11_cst_vampire_coast_qb3|wh2_dlc11_cst_vampire_coast_qb4|wh2_dlc11_cst_vampire_coast_rebellion_rebels|wh2_dlc11_cst_vampire_coast_rebels|wh2_dlc11_cst_vampire_coast_separatists|wh3_dlc21_cst_dead_flag_fleet|wh3_dlc24_cst_vampire_coast_bloated_rebels|wh3_dlc26_cst_vampire_coast_qb1|wh3_dlc26_cst_vampire_coast_qb2|wh3_main_cst_dread_rock_privateers,false,false,true,true,true,true,wh2_dlc11_lore_deep,cst_vampire_fleet_admiral_female,wh2_dlc11_skill_node_set_cst_admiral_fem_deep,,1,general,false,false,,,,wh2_dlc11_skill_node_cst_admiral_fem_magic_deep_01,wh2_dlc11_skill_all_magic_deep_01_spiteful_shot,Spiteful Shot,"Sheer, undiluted spite sharpens the dead eye further.",wh2_dlc11_spell_deep_spiteful_shot.png,0,3,0,0,true,0,2,1,Spiteful Shot,"Sheer, undiluted spite sharpens the dead eye further.",,,,,,wh2_dlc11_effect_ability_overcast_spiteful_shot,"Overcast spell: ""Spiteful Shot Upgraded""",,character_to_character_own,1,both,292,true,magic_character.png,magic_character.png,,,,,,,,,,,,,,,,,,,,,,,character_skill_level_to_effects_junctions_tables,wh2_dlc11_skill_all_magic_deep_01_spiteful_shot|wh2_dlc11_effect_ability_overcast_spiteful_shot|1|character_to_character_own
effect,warhammer_3,8.1.1,24237342,Vampire Coast,vampire_coast,wh2_dlc11_sc_cst_vampire_coast,Vampire Fleet Admiral (Deep),Vampire_Fleet_Admiral_Deep__admiral_fem_deep,lord,wh2_dlc11_cst_admiral_fem_deep,general,general,wh2_dlc11_cst_noctilus|wh2_dlc11_cst_noctilus_separatists|wh2_dlc11_cst_pirates_of_sartosa|wh2_dlc11_cst_pirates_of_sartosa_separatists|wh2_dlc11_cst_the_drowned|wh2_dlc11_cst_the_drowned_separatists|wh2_dlc11_cst_vampire_coast|wh2_dlc11_cst_vampire_coast_encounters|wh2_dlc11_cst_vampire_coast_qb1|wh2_dlc11_cst_vampire_coast_qb2|wh2_dlc11_cst_vampire_coast_qb3|wh2_dlc11_cst_vampire_coast_qb4|wh2_dlc11_cst_vampire_coast_rebellion_rebels|wh2_dlc11_cst_vampire_coast_rebels|wh2_dlc11_cst_vampire_coast_separatists|wh3_dlc21_cst_dead_flag_fleet|wh3_dlc24_cst_vampire_coast_bloated_rebels|wh3_dlc26_cst_vampire_coast_qb1|wh3_dlc26_cst_vampire_coast_qb2|wh3_main_cst_dread_rock_privateers,false,false,true,true,true,true,wh2_dlc11_lore_deep,cst_vampire_fleet_admiral_female,wh2_dlc11_skill_node_set_cst_admiral_fem_deep,,1,general,false,false,,,,wh2_dlc11_skill_node_cst_admiral_fem_magic_deep_01,wh2_dlc11_skill_all_magic_deep_01_spiteful_shot,Spiteful Shot,"Sheer, undiluted spite sharpens the dead eye further.",wh2_dlc11_spell_deep_spiteful_shot.png,0,3,0,0,true,0,2,2,Spiteful Shot,"Sheer, undiluted spite sharpens the dead eye further.",,,,,,wh2_dlc11_effect_ability_cooldown_spiteful_shot,"Cooldown: %+n% to ""Spiteful Shot""",,character_to_character_own,-50,both,293,false,magic_cooldown.png,magic_cooldown.png,,,,,,,,,,,,,,,,,,,,,,,character_skill_level_to_effects_junctions_tables,wh2_dlc11_skill_all_magic_deep_01_spiteful_shot|wh2_dlc11_effect_ability_cooldown_spiteful_shot|2|character_to_character_own
effect,warhammer_3,8.1.1,24237342,Vampire Coast,vampire_coast,wh2_dlc11_sc_cst_vampire_coast,Vampire Fleet Admiral (Deep),Vampire_Fleet_Admiral_Deep__admiral_fem_deep,lord,wh2_dlc11_cst_admiral_fem_deep,general,general,wh2_dlc11_cst_noctilus|wh2_dlc11_cst_noctilus_separatists|wh2_dlc11_cst_pirates_of_sartosa|wh2_dlc11_cst_pirates_of_sartosa_separatists|wh2_dlc11_cst_the_drowned|wh2_dlc11_cst_the_drowned_separatists|wh2_dlc11_cst_vampire_coast|wh2_dlc11_cst_vampire_coast_encounters|wh2_dlc11_cst_vampire_coast_qb1|wh2_dlc11_cst_vampire_coast_qb2|wh2_dlc11_cst_vampire_coast_qb3|wh2_dlc11_cst_vampire_coast_qb4|wh2_dlc11_cst_vampire_coast_rebellion_rebels|wh2_dlc11_cst_vampire_coast_rebels|wh2_dlc11_cst_vampire_coast_separatists|wh3_dlc21_cst_dead_flag_fleet|wh3_dlc24_cst_vampire_coast_bloated_rebels|wh3_dlc26_cst_vampire_coast_qb1|wh3_dlc26_cst_vampire_coast_qb2|wh3_main_cst_dread_rock_privateers,false,false,true,true,true,true,wh2_dlc11_lore_deep,cst_vampire_fleet_admiral_female,wh2_dlc11_skill_node_set_cst_admiral_fem_deep,,1,general,false,false,,,,wh2_dlc11_skill_node_cst_admiral_fem_magic_deep_01,wh2_dlc11_skill_all_magic_deep_01_spiteful_shot,Spiteful Shot,"Sheer, undiluted spite sharpens the dead eye further.",wh2_dlc11_spell_deep_spiteful_shot.png,0,3,0,0,true,0,2,2,Spiteful Shot,"Sheer, undiluted spite sharpens the dead eye further.",,,,,,wh2_dlc11_effect_ability_miscast_spiteful_shot,"Miscast base chance: %+n% for ""Spiteful Shot Upgraded""",,character_to_character_own,-15,both,298,false,magic.png,magic.png,,,,,,,,,,,,,,,,,,,,,,,character_skill_level_to_effects_junctions_tables,wh2_dlc11_skill_all_magic_deep_01_spiteful_shot|wh2_dlc11_effect_ability_miscast_spiteful_shot|2|character_to_character_own
effect,warhammer_3,8.1.1,24237342,Vampire Coast,vampire_coast,wh2_dlc11_sc_cst_vampire_coast,Vampire Fleet Admiral (Deep),Vampire_Fleet_Admiral_Deep__admiral_fem_deep,lord,wh2_dlc11_cst_admiral_fem_deep,general,general,wh2_dlc11_cst_noctilus|wh2_dlc11_cst_noctilus_separatists|wh2_dlc11_cst_pirates_of_sartosa|wh2_dlc11_cst_pirates_of_sartosa_separatists|wh2_dlc11_cst_the_drowned|wh2_dlc11_cst_the_drowned_separatists|wh2_dlc11_cst_vampire_coast|wh2_dlc11_cst_vampire_coast_encounters|wh2_dlc11_cst_vampire_coast_qb1|wh2_dlc11_cst_vampire_coast_qb2|wh2_dlc11_cst_vampire_coast_qb3|wh2_dlc11_cst_vampire_coast_qb4|wh2_dlc11_cst_vampire_coast_rebellion_rebels|wh2_dlc11_cst_vampire_coast_rebels|wh2_dlc11_cst_vampire_coast_separatists|wh3_dlc21_cst_dead_flag_fleet|wh3_dlc24_cst_vampire_coast_bloated_rebels|wh3_dlc26_cst_vampire_coast_qb1|wh3_dlc26_cst_vampire_coast_qb2|wh3_main_cst_dread_rock_privateers,false,false,true,true,true,true,wh2_dlc11_lore_deep,cst_vampire_fleet_admiral_female,wh2_dlc11_skill_node_set_cst_admiral_fem_deep,,1,general,false,false,,,,wh2_dlc11_skill_node_cst_admiral_fem_magic_deep_01,wh2_dlc11_skill_all_magic_deep_01_spiteful_shot,Spiteful Shot,"Sheer, undiluted spite sharpens the dead eye further.",wh2_dlc11_spell_deep_spiteful_shot.png,0,3,0,0,true,0,2,2,Spiteful Shot,"Sheer, undiluted spite sharpens the dead eye further.",,,,,,wh2_dlc11_effect_ability_overcast_spiteful_shot,"Overcast spell: ""Spiteful Shot Upgraded""",,character_to_character_own,1,both,292,true,magic_character.png,magic_character.png,,,,,,,,,,,,,,,,,,,,,,,character_skill_level_to_effects_junctions_tables,wh2_dlc11_skill_all_magic_deep_01_spiteful_shot|wh2_dlc11_effect_ability_overcast_spiteful_shot|2|character_to_character_own
effect,warhammer_3,8.1.1,24237342,Vampire Coast,vampire_coast,wh2_dlc11_sc_cst_vampire_coast,Vampire Fleet Admiral (Deep),Vampire_Fleet_Admiral_Deep__admiral_fem_deep,lord,wh2_dlc11_cst_admiral_fem_deep,general,general,wh2_dlc11_cst_noctilus|wh2_dlc11_cst_noctilus_separatists|wh2_dlc11_cst_pirates_of_sartosa|wh2_dlc11_cst_pirates_of_sartosa_separatists|wh2_dlc11_cst_the_drowned|wh2_dlc11_cst_the_drowned_separatists|wh2_dlc11_cst_vampire_coast|wh2_dlc11_cst_vampire_coast_encounters|wh2_dlc11_cst_vampire_coast_qb1|wh2_dlc11_cst_vampire_coast_qb2|wh2_dlc11_cst_vampire_coast_qb3|wh2_dlc11_cst_vampire_coast_qb4|wh2_dlc11_cst_vampire_coast_rebellion_rebels|wh2_dlc11_cst_vampire_coast_rebels|wh2_dlc11_cst_vampire_coast_separatists|wh3_dlc21_cst_dead_flag_fleet|wh3_dlc24_cst_vampire_coast_bloated_rebels|wh3_dlc26_cst_vampire_coast_qb1|wh3_dlc26_cst_vampire_coast_qb2|wh3_main_cst_dread_rock_privateers,false,false,true,true,true,true,wh2_dlc11_lore_deep,cst_vampire_fleet_admiral_female,wh2_dlc11_skill_node_set_cst_admiral_fem_deep,,1,general,false,false,,,,wh2_dlc11_skill_node_cst_admiral_fem_magic_deep_01,wh2_dlc11_skill_all_magic_deep_01_spiteful_shot,Spiteful Shot,"Sheer, undiluted spite sharpens the dead eye further.",wh2_dlc11_spell_deep_spiteful_shot.png,0,3,0,0,true,0,2,2,Spiteful Shot,"Sheer, undiluted spite sharpens the dead eye further.",,,,,,wh2_dlc11_effect_ability_wom_cost_spiteful_shot,"Winds of Magic cost: %n for ""Spiteful Shot""",,character_to_character_own,-1,both,294,false,magic_character.png,magic_character.png,,,,,,,,,,,,,,,,,,,,,,,character_skill_level_to_effects_junctions_tables,wh2_dlc11_skill_all_magic_deep_01_spiteful_shot|wh2_dlc11_effect_ability_wom_cost_spiteful_shot|2|character_to_character_own
effect,warhammer_3,8.1.1,24237342,Vampire Coast,vampire_coast,wh2_dlc11_sc_cst_vampire_coast,Vampire Fleet Admiral (Deep),Vampire_Fleet_Admiral_Deep__admiral_fem_deep,lord,wh2_dlc11_cst_admiral_fem_deep,general,general,wh2_dlc11_cst_noctilus|wh2_dlc11_cst_noctilus_separatists|wh2_dlc11_cst_pirates_of_sartosa|wh2_dlc11_cst_pirates_of_sartosa_separatists|wh2_dlc11_cst_the_drowned|wh2_dlc11_cst_the_drowned_separatists|wh2_dlc11_cst_vampire_coast|wh2_dlc11_cst_vampire_coast_encounters|wh2_dlc11_cst_vampire_coast_qb1|wh2_dlc11_cst_vampire_coast_qb2|wh2_dlc11_cst_vampire_coast_qb3|wh2_dlc11_cst_vampire_coast_qb4|wh2_dlc11_cst_vampire_coast_rebellion_rebels|wh2_dlc11_cst_vampire_coast_rebels|wh2_dlc11_cst_vampire_coast_separatists|wh3_dlc21_cst_dead_flag_fleet|wh3_dlc24_cst_vampire_coast_bloated_rebels|wh3_dlc26_cst_vampire_coast_qb1|wh3_dlc26_cst_vampire_coast_qb2|wh3_main_cst_dread_rock_privateers,false,false,true,true,true,true,wh2_dlc11_lore_deep,cst_vampire_fleet_admiral_female,wh2_dlc11_skill_node_set_cst_admiral_fem_deep,,1,general,false,false,,,,wh2_dlc11_skill_node_cst_admiral_fem_magic_deep_01,wh2_dlc11_skill_all_magic_deep_01_spiteful_shot,Spiteful Shot,"Sheer, undiluted spite sharpens the dead eye further.",wh2_dlc11_spell_deep_spiteful_shot.png,0,3,0,0,true,0,2,2,Spiteful Shot,"Sheer, undiluted spite sharpens the dead eye further.",,,,,,wh2_dlc11_effect_ability_wom_cost_spiteful_shot_upgrade,"Winds of Magic cost: %n for ""Spiteful Shot Upgraded""",,character_to_character_own,-2,both,295,false,magic_character.png,magic_character.png,,,,,,,,,,,,,,,,,,,,,,,character_skill_level_to_effects_junctions_tables,wh2_dlc11_skill_all_magic_deep_01_spiteful_shot|wh2_dlc11_effect_ability_wom_cost_spiteful_shot_upgrade|2|character_to_character_own
node,warhammer_3,8.1.1,24237342,Vampire Coast,vampire_coast,wh2_dlc11_sc_cst_vampire_coast,Vampire Fleet Admiral (Deep),Vampire_Fleet_Admiral_Deep__admiral_fem_deep,lord,wh2_dlc11_cst_admiral_fem_deep,general,general,wh2_dlc11_cst_noctilus|wh2_dlc11_cst_noctilus_separatists|wh2_dlc11_cst_pirates_of_sartosa|wh2_dlc11_cst_pirates_of_sartosa_separatists|wh2_dlc11_cst_the_drowned|wh2_dlc11_cst_the_drowned_separatists|wh2_dlc11_cst_vampire_coast|wh2_dlc11_cst_vampire_coast_encounters|wh2_dlc11_cst_vampire_coast_qb1|wh2_dlc11_cst_vampire_coast_qb2|wh2_dlc11_cst_vampire_coast_qb3|wh2_dlc11_cst_vampire_coast_qb4|wh2_dlc11_cst_vampire_coast_rebellion_rebels|wh2_dlc11_cst_vampire_coast_rebels|wh2_dlc11_cst_vampire_coast_separatists|wh3_dlc21_cst_dead_flag_fleet|wh3_dlc24_cst_vampire_coast_bloated_rebels|wh3_dlc26_cst_vampire_coast_qb1|wh3_dlc26_cst_vampire_coast_qb2|wh3_main_cst_dread_rock_privateers,false,false,true,true,true,true,wh2_dlc11_lore_deep,cst_vampire_fleet_admiral_female,wh2_dlc11_skill_node_set_cst_admiral_fem_deep,,1,general,false,false,,,,wh2_dlc11_skill_cst_admiral_fem_deep_army_00,wh_main_skill_all_lord_battle_inspiring_presence,Inspiring Presence,"There are Lords that radiate power, confidence and fear, inspiring their followers to great or terrible acts.",battle_morale.png,0,4,0,0,true,0,1,,,,,,,,,,,,,,,,,,,,,,,,,,,,,,,,,,,,,,,,,character_skill_nodes_tables,wh2_dlc11_skill_cst_admiral_fem_deep_army_00
effect,warhammer_3,8.1.1,24237342,Vampire Coast,vampire_coast,wh2_dlc11_sc_cst_vampire_coast,Vampire Fleet Admiral (Deep),Vampire_Fleet_Admiral_Deep__admiral_fem_deep,lord,wh2_dlc11_cst_admiral_fem_deep,general,general,wh2_dlc11_cst_noctilus|wh2_dlc11_cst_noctilus_separatists|wh2_dlc11_cst_pirates_of_sartosa|wh2_dlc11_cst_pirates_of_sartosa_separatists|wh2_dlc11_cst_the_drowned|wh2_dlc11_cst_the_drowned_separatists|wh2_dlc11_cst_vampire_coast|wh2_dlc11_cst_vampire_coast_encounters|wh2_dlc11_cst_vampire_coast_qb1|wh2_dlc11_cst_vampire_coast_qb2|wh2_dlc11_cst_vampire_coast_qb3|wh2_dlc11_cst_vampire_coast_qb4|wh2_dlc11_cst_vampire_coast_rebellion_rebels|wh2_dlc11_cst_vampire_coast_rebels|wh2_dlc11_cst_vampire_coast_separatists|wh3_dlc21_cst_dead_flag_fleet|wh3_dlc24_cst_vampire_coast_bloated_rebels|wh3_dlc26_cst_vampire_coast_qb1|wh3_dlc26_cst_vampire_coast_qb2|wh3_main_cst_dread_rock_privateers,false,false,true,true,true,true,wh2_dlc11_lore_deep,cst_vampire_fleet_admiral_female,wh2_dlc11_skill_node_set_cst_admiral_fem_deep,,1,general,false,false,,,,wh2_dlc11_skill_cst_admiral_fem_deep_army_00,wh_main_skill_all_lord_battle_inspiring_presence,Inspiring Presence,"There are Lords that radiate power, confidence and fear, inspiring their followers to great or terrible acts.",battle_morale.png,0,4,0,0,true,0,1,1,Inspiring Presence,"There are Lords that radiate power, confidence and fear, inspiring their followers to great or terrible acts.",,,,,,wh_main_effect_agent_action_outcome_parent_army_xp_gain,Unit experience gain per turn: %+n,,general_to_force_own,75,campaign,10,true,experience.png,experience.png,,,,,,,,,,,,,,,,,,,,,,,character_skill_level_to_effects_junctions_tables,wh_main_skill_all_lord_battle_inspiring_presence|wh_main_effect_agent_action_outcome_parent_army_xp_gain|1|general_to_force_own
effect,warhammer_3,8.1.1,24237342,Vampire Coast,vampire_coast,wh2_dlc11_sc_cst_vampire_coast,Vampire Fleet Admiral (Deep),Vampire_Fleet_Admiral_Deep__admiral_fem_deep,lord,wh2_dlc11_cst_admiral_fem_deep,general,general,wh2_dlc11_cst_noctilus|wh2_dlc11_cst_noctilus_separatists|wh2_dlc11_cst_pirates_of_sartosa|wh2_dlc11_cst_pirates_of_sartosa_separatists|wh2_dlc11_cst_the_drowned|wh2_dlc11_cst_the_drowned_separatists|wh2_dlc11_cst_vampire_coast|wh2_dlc11_cst_vampire_coast_encounters|wh2_dlc11_cst_vampire_coast_qb1|wh2_dlc11_cst_vampire_coast_qb2|wh2_dlc11_cst_vampire_coast_qb3|wh2_dlc11_cst_vampire_coast_qb4|wh2_dlc11_cst_vampire_coast_rebellion_rebels|wh2_dlc11_cst_vampire_coast_rebels|wh2_dlc11_cst_vampire_coast_separatists|wh3_dlc21_cst_dead_flag_fleet|wh3_dlc24_cst_vampire_coast_bloated_rebels|wh3_dlc26_cst_vampire_coast_qb1|wh3_dlc26_cst_vampire_coast_qb2|wh3_main_cst_dread_rock_privateers,false,false,true,true,true,true,wh2_dlc11_lore_deep,cst_vampire_fleet_admiral_female,wh2_dlc11_skill_node_set_cst_admiral_fem_deep,,1,general,false,false,,,,wh2_dlc11_skill_cst_admiral_fem_deep_army_00,wh_main_skill_all_lord_battle_inspiring_presence,Inspiring Presence,"There are Lords that radiate power, confidence and fear, inspiring their followers to great or terrible acts.",battle_morale.png,0,4,0,0,true,0,1,1,Inspiring Presence,"There are Lords that radiate power, confidence and fear, inspiring their followers to great or terrible acts.",,,,,,wh_main_effect_character_stat_aura_leadership_effect,Character's aura leadership effect: %+n,Aura. Any unit standing within this character's aura in battle will receive a [[img:icon_morale]][[/img]]leadership bonus.,character_to_character_own,5,battle,260,true,morale_character.png,morale_character.png,,,,,,,,,,,,,,,,,,,,,,,character_skill_level_to_effects_junctions_tables,wh_main_skill_all_lord_battle_inspiring_presence|wh_main_effect_character_stat_aura_leadership_effect|1|character_to_character_own
node,warhammer_3,8.1.1,24237342,Vampire Coast,vampire_coast,wh2_dlc11_sc_cst_vampire_coast,Vampire Fleet Admiral (Deep),Vampire_Fleet_Admiral_Deep__admiral_fem_deep,lord,wh2_dlc11_cst_admiral_fem_deep,general,general,wh2_dlc11_cst_noctilus|wh2_dlc11_cst_noctilus_separatists|wh2_dlc11_cst_pirates_of_sartosa|wh2_dlc11_cst_pirates_of_sartosa_separatists|wh2_dlc11_cst_the_drowned|wh2_dlc11_cst_the_drowned_separatists|wh2_dlc11_cst_vampire_coast|wh2_dlc11_cst_vampire_coast_encounters|wh2_dlc11_cst_vampire_coast_qb1|wh2_dlc11_cst_vampire_coast_qb2|wh2_dlc11_cst_vampire_coast_qb3|wh2_dlc11_cst_vampire_coast_qb4|wh2_dlc11_cst_vampire_coast_rebellion_rebels|wh2_dlc11_cst_vampire_coast_rebels|wh2_dlc11_cst_vampire_coast_separatists|wh3_dlc21_cst_dead_flag_fleet|wh3_dlc24_cst_vampire_coast_bloated_rebels|wh3_dlc26_cst_vampire_coast_qb1|wh3_dlc26_cst_vampire_coast_qb2|wh3_main_cst_dread_rock_privateers,false,false,true,true,true,true,wh2_dlc11_lore_deep,cst_vampire_fleet_admiral_female,wh2_dlc11_skill_node_set_cst_admiral_fem_deep,,1,general,false,false,,,,wh2_dlc11_skill_cst_admiral_fem_deep_campaign_00,wh_main_skill_all_lord_campaign_route_marcher,Route Marcher,Those who know the land and its secrets will travel faster and further than the foes who don't.,campaign_movement.png,0,5,0,0,true,0,1,,,,,,,,,,,,,,,,,,,,,,,,,,,,,,,,,,,,,,,,,character_skill_nodes_tables,wh2_dlc11_skill_cst_admiral_fem_deep_campaign_00
effect,warhammer_3,8.1.1,24237342,Vampire Coast,vampire_coast,wh2_dlc11_sc_cst_vampire_coast,Vampire Fleet Admiral (Deep),Vampire_Fleet_Admiral_Deep__admiral_fem_deep,lord,wh2_dlc11_cst_admiral_fem_deep,general,general,wh2_dlc11_cst_noctilus|wh2_dlc11_cst_noctilus_separatists|wh2_dlc11_cst_pirates_of_sartosa|wh2_dlc11_cst_pirates_of_sartosa_separatists|wh2_dlc11_cst_the_drowned|wh2_dlc11_cst_the_drowned_separatists|wh2_dlc11_cst_vampire_coast|wh2_dlc11_cst_vampire_coast_encounters|wh2_dlc11_cst_vampire_coast_qb1|wh2_dlc11_cst_vampire_coast_qb2|wh2_dlc11_cst_vampire_coast_qb3|wh2_dlc11_cst_vampire_coast_qb4|wh2_dlc11_cst_vampire_coast_rebellion_rebels|wh2_dlc11_cst_vampire_coast_rebels|wh2_dlc11_cst_vampire_coast_separatists|wh3_dlc21_cst_dead_flag_fleet|wh3_dlc24_cst_vampire_coast_bloated_rebels|wh3_dlc26_cst_vampire_coast_qb1|wh3_dlc26_cst_vampire_coast_qb2|wh3_main_cst_dread_rock_privateers,false,false,true,true,true,true,wh2_dlc11_lore_deep,cst_vampire_fleet_admiral_female,wh2_dlc11_skill_node_set_cst_admiral_fem_deep,,1,general,false,false,,,,wh2_dlc11_skill_cst_admiral_fem_deep_campaign_00,wh_main_skill_all_lord_campaign_route_marcher,Route Marcher,Those who know the land and its secrets will travel faster and further than the foes who don't.,campaign_movement.png,0,5,0,0,true,0,1,1,Route Marcher,Those who know the land and its secrets will travel faster and further than the foes who don't.,,,,,,wh_main_effect_agent_movement_range_mod,Campaign movement range: %+n%,{{tr:campaign_movement_range_additional_tooltip}},character_to_character_own,5,campaign,100,true,campaign_movement.png,campaign_movement.png,,,,,,,,,,,,,,,,,,,,,,,character_skill_level_to_effects_junctions_tables,wh_main_skill_all_lord_campaign_route_marcher|wh_main_effect_agent_movement_range_mod|1|character_to_character_own
node,warhammer_3,8.1.1,24237342,Vampire Coast,vampire_coast,wh2_dlc11_sc_cst_vampire_coast,Vampire Fleet Admiral (Deep),Vampire_Fleet_Admiral_Deep__admiral_fem_deep,lord,wh2_dlc11_cst_admiral_fem_deep,general,general,wh2_dlc11_cst_noctilus|wh2_dlc11_cst_noctilus_separatists|wh2_dlc11_cst_pirates_of_sartosa|wh2_dlc11_cst_pirates_of_sartosa_separatists|wh2_dlc11_cst_the_drowned|wh2_dlc11_cst_the_drowned_separatists|wh2_dlc11_cst_vampire_coast|wh2_dlc11_cst_vampire_coast_encounters|wh2_dlc11_cst_vampire_coast_qb1|wh2_dlc11_cst_vampire_coast_qb2|wh2_dlc11_cst_vampire_coast_qb3|wh2_dlc11_cst_vampire_coast_qb4|wh2_dlc11_cst_vampire_coast_rebellion_rebels|wh2_dlc11_cst_vampire_coast_rebels|wh2_dlc11_cst_vampire_coast_separatists|wh3_dlc21_cst_dead_flag_fleet|wh3_dlc24_cst_vampire_coast_bloated_rebels|wh3_dlc26_cst_vampire_coast_qb1|wh3_dlc26_cst_vampire_coast_qb2|wh3_main_cst_dread_rock_privateers,false,false,true,true,true,true,wh2_dlc11_lore_deep,cst_vampire_fleet_admiral_female,wh2_dlc11_skill_node_set_cst_admiral_fem_deep,,1,general,false,false,,,,wh2_dlc11_skill_node_cst_admiral_fem_deep_innate_00,wh2_dlc11_skill_innate_cst_arsonist,Firestarter,"Beautiful and innocent it may be, but all will be consumed by fire in the end. It is written.",trait_physical.png,0,6,0,0,false,0,1,,,,,,,,,,,,,,,,,,,,,,,,,,,,,,,,,,,,,,,,,character_skill_nodes_tables,wh2_dlc11_skill_node_cst_admiral_fem_deep_innate_00
effect,warhammer_3,8.1.1,24237342,Vampire Coast,vampire_coast,wh2_dlc11_sc_cst_vampire_coast,Vampire Fleet Admiral (Deep),Vampire_Fleet_Admiral_Deep__admiral_fem_deep,lord,wh2_dlc11_cst_admiral_fem_deep,general,general,wh2_dlc11_cst_noctilus|wh2_dlc11_cst_noctilus_separatists|wh2_dlc11_cst_pirates_of_sartosa|wh2_dlc11_cst_pirates_of_sartosa_separatists|wh2_dlc11_cst_the_drowned|wh2_dlc11_cst_the_drowned_separatists|wh2_dlc11_cst_vampire_coast|wh2_dlc11_cst_vampire_coast_encounters|wh2_dlc11_cst_vampire_coast_qb1|wh2_dlc11_cst_vampire_coast_qb2|wh2_dlc11_cst_vampire_coast_qb3|wh2_dlc11_cst_vampire_coast_qb4|wh2_dlc11_cst_vampire_coast_rebellion_rebels|wh2_dlc11_cst_vampire_coast_rebels|wh2_dlc11_cst_vampire_coast_separatists|wh3_dlc21_cst_dead_flag_fleet|wh3_dlc24_cst_vampire_coast_bloated_rebels|wh3_dlc26_cst_vampire_coast_qb1|wh3_dlc26_cst_vampire_coast_qb2|wh3_main_cst_dread_rock_privateers,false,false,true,true,true,true,wh2_dlc11_lore_deep,cst_vampire_fleet_admiral_female,wh2_dlc11_skill_node_set_cst_admiral_fem_deep,,1,general,false,false,,,,wh2_dlc11_skill_node_cst_admiral_fem_deep_innate_00,wh2_dlc11_skill_innate_cst_arsonist,Firestarter,"Beautiful and innocent it may be, but all will be consumed by fire in the end. It is written.",trait_physical.png,0,6,0,0,false,0,1,1,Firestarter,"Beautiful and innocent it may be, but all will be consumed by fire in the end. It is written.",,,,,,wh_main_effect_force_army_campaign_siege_defend_attrition_bad,Attrition: %+n% when under siege,,character_to_force_enemy_regionwide,33,campaign,101,true,attrition.png,attrition.png,,,,,,,,,,,,,,,,,,,,,,,character_skill_level_to_effects_junctions_tables,wh2_dlc11_skill_innate_cst_arsonist|wh_main_effect_force_army_campaign_siege_defend_attrition_bad|1|character_to_force_enemy_regionwide
effect,warhammer_3,8.1.1,24237342,Vampire Coast,vampire_coast,wh2_dlc11_sc_cst_vampire_coast,Vampire Fleet Admiral (Deep),Vampire_Fleet_Admiral_Deep__admiral_fem_deep,lord,wh2_dlc11_cst_admiral_fem_deep,general,general,wh2_dlc11_cst_noctilus|wh2_dlc11_cst_noctilus_separatists|wh2_dlc11_cst_pirates_of_sartosa|wh2_dlc11_cst_pirates_of_sartosa_separatists|wh2_dlc11_cst_the_drowned|wh2_dlc11_cst_the_drowned_separatists|wh2_dlc11_cst_vampire_coast|wh2_dlc11_cst_vampire_coast_encounters|wh2_dlc11_cst_vampire_coast_qb1|wh2_dlc11_cst_vampire_coast_qb2|wh2_dlc11_cst_vampire_coast_qb3|wh2_dlc11_cst_vampire_coast_qb4|wh2_dlc11_cst_vampire_coast_rebellion_rebels|wh2_dlc11_cst_vampire_coast_rebels|wh2_dlc11_cst_vampire_coast_separatists|wh3_dlc21_cst_dead_flag_fleet|wh3_dlc24_cst_vampire_coast_bloated_rebels|wh3_dlc26_cst_vampire_coast_qb1|wh3_dlc26_cst_vampire_coast_qb2|wh3_main_cst_dread_rock_privateers,false,false,true,true,true,true,wh2_dlc11_lore_deep,cst_vampire_fleet_admiral_female,wh2_dlc11_skill_node_set_cst_admiral_fem_deep,,1,general,false,false,,,,wh2_dlc11_skill_node_cst_admiral_fem_deep_innate_00,wh2_dlc11_skill_innate_cst_arsonist,Firestarter,"Beautiful and innocent it may be, but all will be consumed by fire in the end. It is written.",trait_physical.png,0,6,0,0,false,0,1,1,Firestarter,"Beautiful and innocent it may be, but all will be consumed by fire in the end. It is written.",,,,,,wh2_dlc11_cst_lord_innate_brute_dummy,Brute: Extra loyalty gained following a battle,,character_to_character_own,-500,campaign,2,false,loyalty.png,loyalty.png,,,,,,,,,,,,,,,,,,,,,,,character_skill_level_to_effects_junctions_tables,wh2_dlc11_skill_innate_cst_arsonist|wh2_dlc11_cst_lord_innate_brute_dummy|1|character_to_character_own
effect,warhammer_3,8.1.1,24237342,Vampire Coast,vampire_coast,wh2_dlc11_sc_cst_vampire_coast,Vampire Fleet Admiral (Deep),Vampire_Fleet_Admiral_Deep__admiral_fem_deep,lord,wh2_dlc11_cst_admiral_fem_deep,general,general,wh2_dlc11_cst_noctilus|wh2_dlc11_cst_noctilus_separatists|wh2_dlc11_cst_pirates_of_sartosa|wh2_dlc11_cst_pirates_of_sartosa_separatists|wh2_dlc11_cst_the_drowned|wh2_dlc11_cst_the_drowned_separatists|wh2_dlc11_cst_vampire_coast|wh2_dlc11_cst_vampire_coast_encounters|wh2_dlc11_cst_vampire_coast_qb1|wh2_dlc11_cst_vampire_coast_qb2|wh2_dlc11_cst_vampire_coast_qb3|wh2_dlc11_cst_vampire_coast_qb4|wh2_dlc11_cst_vampire_coast_rebellion_rebels|wh2_dlc11_cst_vampire_coast_rebels|wh2_dlc11_cst_vampire_coast_separatists|wh3_dlc21_cst_dead_flag_fleet|wh3_dlc24_cst_vampire_coast_bloated_rebels|wh3_dlc26_cst_vampire_coast_qb1|wh3_dlc26_cst_vampire_coast_qb2|wh3_main_cst_dread_rock_privateers,false,false,true,true,true,true,wh2_dlc11_lore_deep,cst_vampire_fleet_admiral_female,wh2_dlc11_skill_node_set_cst_admiral_fem_deep,,1,general,false,false,,,,wh2_dlc11_skill_node_cst_admiral_fem_deep_innate_00,wh2_dlc11_skill_innate_cst_arsonist,Firestarter,"Beautiful and innocent it may be, but all will be consumed by fire in the end. It is written.",trait_physical.png,0,6,0,0,false,0,1,1,Firestarter,"Beautiful and innocent it may be, but all will be consumed by fire in the end. It is written.",,,,,,wh2_dlc11_skill_innate_cst_arsonist_dummy,Gain loyalty from razing settlements and winning siege battles,,character_to_character_own,1,campaign,1,true,loyalty.png,loyalty.png,,,,,,,,,,,,,,,,,,,,,,,character_skill_level_to_effects_junctions_tables,wh2_dlc11_skill_innate_cst_arsonist|wh2_dlc11_skill_innate_cst_arsonist_dummy|1|character_to_character_own
effect,warhammer_3,8.1.1,24237342,Vampire Coast,vampire_coast,wh2_dlc11_sc_cst_vampire_coast,Vampire Fleet Admiral (Deep),Vampire_Fleet_Admiral_Deep__admiral_fem_deep,lord,wh2_dlc11_cst_admiral_fem_deep,general,general,wh2_dlc11_cst_noctilus|wh2_dlc11_cst_noctilus_separatists|wh2_dlc11_cst_pirates_of_sartosa|wh2_dlc11_cst_pirates_of_sartosa_separatists|wh2_dlc11_cst_the_drowned|wh2_dlc11_cst_the_drowned_separatists|wh2_dlc11_cst_vampire_coast|wh2_dlc11_cst_vampire_coast_encounters|wh2_dlc11_cst_vampire_coast_qb1|wh2_dlc11_cst_vampire_coast_qb2|wh2_dlc11_cst_vampire_coast_qb3|wh2_dlc11_cst_vampire_coast_qb4|wh2_dlc11_cst_vampire_coast_rebellion_rebels|wh2_dlc11_cst_vampire_coast_rebels|wh2_dlc11_cst_vampire_coast_separatists|wh3_dlc21_cst_dead_flag_fleet|wh3_dlc24_cst_vampire_coast_bloated_rebels|wh3_dlc26_cst_vampire_coast_qb1|wh3_dlc26_cst_vampire_coast_qb2|wh3_main_cst_dread_rock_privateers,false,false,true,true,true,true,wh2_dlc11_lore_deep,cst_vampire_fleet_admiral_female,wh2_dlc11_skill_node_set_cst_admiral_fem_deep,,1,general,false,false,,,,wh2_dlc11_skill_node_cst_admiral_fem_deep_innate_00,wh2_dlc11_skill_innate_cst_arsonist,Firestarter,"Beautiful and innocent it may be, but all will be consumed by fire in the end. It is written.",trait_physical.png,0,6,0,0,false,0,1,1,Firestarter,"Beautiful and innocent it may be, but all will be consumed by fire in the end. It is written.",,,,,,wh2_main_effect_character_stat_enable_flaming_attacks,Enables flaming attacks,,general_to_force_own,1,battle,140,true,modifier_icon_flaming.png,modifier_icon_flaming.png,,,,,,,,,,,,,,,,,,,,,,,character_skill_level_to_effects_junctions_tables,wh2_dlc11_skill_innate_cst_arsonist|wh2_main_effect_character_stat_enable_flaming_attacks|1|general_to_force_own
effect,warhammer_3,8.1.1,24237342,Vampire Coast,vampire_coast,wh2_dlc11_sc_cst_vampire_coast,Vampire Fleet Admiral (Deep),Vampire_Fleet_Admiral_Deep__admiral_fem_deep,lord,wh2_dlc11_cst_admiral_fem_deep,general,general,wh2_dlc11_cst_noctilus|wh2_dlc11_cst_noctilus_separatists|wh2_dlc11_cst_pirates_of_sartosa|wh2_dlc11_cst_pirates_of_sartosa_separatists|wh2_dlc11_cst_the_drowned|wh2_dlc11_cst_the_drowned_separatists|wh2_dlc11_cst_vampire_coast|wh2_dlc11_cst_vampire_coast_encounters|wh2_dlc11_cst_vampire_coast_qb1|wh2_dlc11_cst_vampire_coast_qb2|wh2_dlc11_cst_vampire_coast_qb3|wh2_dlc11_cst_vampire_coast_qb4|wh2_dlc11_cst_vampire_coast_rebellion_rebels|wh2_dlc11_cst_vampire_coast_rebels|wh2_dlc11_cst_vampire_coast_separatists|wh3_dlc21_cst_dead_flag_fleet|wh3_dlc24_cst_vampire_coast_bloated_rebels|wh3_dlc26_cst_vampire_coast_qb1|wh3_dlc26_cst_vampire_coast_qb2|wh3_main_cst_dread_rock_privateers,false,false,true,true,true,true,wh2_dlc11_lore_deep,cst_vampire_fleet_admiral_female,wh2_dlc11_skill_node_set_cst_admiral_fem_deep,,1,general,false,false,,,,wh2_dlc11_skill_node_cst_admiral_fem_deep_innate_00,wh2_dlc11_skill_innate_cst_arsonist,Firestarter,"Beautiful and innocent it may be, but all will be consumed by fire in the end. It is written.",trait_physical.png,0,6,0,0,false,0,1,1,Firestarter,"Beautiful and innocent it may be, but all will be consumed by fire in the end. It is written.",,,,,,wh3_dlc23_effect_settlement_walls_damage_when_sieged_scripted,Immediately causes wall breaches when besieging,,character_to_character_own,1,campaign,1,true,siege_attack.png,siege_attack.png,,,,,,,,,,,,,,,,,,,,,,,character_skill_level_to_effects_junctions_tables,wh2_dlc11_skill_innate_cst_arsonist|wh3_dlc23_effect_settlement_walls_damage_when_sieged_scripted|1|character_to_character_own
effect,warhammer_3,8.1.1,24237342,Vampire Coast,vampire_coast,wh2_dlc11_sc_cst_vampire_coast,Vampire Fleet Admiral (Deep),Vampire_Fleet_Admiral_Deep__admiral_fem_deep,lord,wh2_dlc11_cst_admiral_fem_deep,general,general,wh2_dlc11_cst_noctilus|wh2_dlc11_cst_noctilus_separatists|wh2_dlc11_cst_pirates_of_sartosa|wh2_dlc11_cst_pirates_of_sartosa_separatists|wh2_dlc11_cst_the_drowned|wh2_dlc11_cst_the_drowned_separatists|wh2_dlc11_cst_vampire_coast|wh2_dlc11_cst_vampire_coast_encounters|wh2_dlc11_cst_vampire_coast_qb1|wh2_dlc11_cst_vampire_coast_qb2|wh2_dlc11_cst_vampire_coast_qb3|wh2_dlc11_cst_vampire_coast_qb4|wh2_dlc11_cst_vampire_coast_rebellion_rebels|wh2_dlc11_cst_vampire_coast_rebels|wh2_dlc11_cst_vampire_coast_separatists|wh3_dlc21_cst_dead_flag_fleet|wh3_dlc24_cst_vampire_coast_bloated_rebels|wh3_dlc26_cst_vampire_coast_qb1|wh3_dlc26_cst_vampire_coast_qb2|wh3_main_cst_dread_rock_privateers,false,false,true,true,true,true,wh2_dlc11_lore_deep,cst_vampire_fleet_admiral_female,wh2_dlc11_skill_node_set_cst_admiral_fem_deep,,1,general,false,false,,,,wh2_dlc11_skill_node_cst_admiral_fem_deep_innate_00,wh2_dlc11_skill_innate_cst_arsonist,Firestarter,"Beautiful and innocent it may be, but all will be consumed by fire in the end. It is written.",trait_physical.png,0,6,0,0,false,0,1,1,Firestarter,"Beautiful and innocent it may be, but all will be consumed by fire in the end. It is written.",,,,,,wh3_dlc25_effect_force_stat_explosion_radius_mod,Missile explosion radius: %+n%,,general_to_force_own,15,battle,541,true,explosion_radius.png,explosion_radius.png,,,,,,,,,,,,,,,,,,,,,,,character_skill_level_to_effects_junctions_tables,wh2_dlc11_skill_innate_cst_arsonist|wh3_dlc25_effect_force_stat_explosion_radius_mod|1|general_to_force_own
node,warhammer_3,8.1.1,24237342,Vampire Coast,vampire_coast,wh2_dlc11_sc_cst_vampire_coast,Vampire Fleet Admiral (Deep),Vampire_Fleet_Admiral_Deep__admiral_fem_deep,lord,wh2_dlc11_cst_admiral_fem_deep,general,general,wh2_dlc11_cst_noctilus|wh2_dlc11_cst_noctilus_separatists|wh2_dlc11_cst_pirates_of_sartosa|wh2_dlc11_cst_pirates_of_sartosa_separatists|wh2_dlc11_cst_the_drowned|wh2_dlc11_cst_the_drowned_separatists|wh2_dlc11_cst_vampire_coast|wh2_dlc11_cst_vampire_coast_encounters|wh2_dlc11_cst_vampire_coast_qb1|wh2_dlc11_cst_vampire_coast_qb2|wh2_dlc11_cst_vampire_coast_qb3|wh2_dlc11_cst_vampire_coast_qb4|wh2_dlc11_cst_vampire_coast_rebellion_rebels|wh2_dlc11_cst_vampire_coast_rebels|wh2_dlc11_cst_vampire_coast_separatists|wh3_dlc21_cst_dead_flag_fleet|wh3_dlc24_cst_vampire_coast_bloated_rebels|wh3_dlc26_cst_vampire_coast_qb1|wh3_dlc26_cst_vampire_coast_qb2|wh3_main_cst_dread_rock_privateers,false,false,true,true,true,true,wh2_dlc11_lore_deep,cst_vampire_fleet_admiral_female,wh2_dlc11_skill_node_set_cst_admiral_fem_deep,,1,general,false,false,,,,wh3_main_agent_action_scaling,wh3_main_skill_agent_action_success_scaling,Agent action success modifer,Hidden skill that scales action success/defence chance,mount_hellsteed.png,0,99,0,0,false,0,49,,,,,,,,,,,,,,,,,,,,,,,,,,,,,,,,,,,,,,,,,character_skill_nodes_tables,wh3_main_agent_action_scaling
effect,warhammer_3,8.1.1,24237342,Vampire Coast,vampire_coast,wh2_dlc11_sc_cst_vampire_coast,Vampire Fleet Admiral (Deep),Vampire_Fleet_Admiral_Deep__admiral_fem_deep,lord,wh2_dlc11_cst_admiral_fem_deep,general,general,wh2_dlc11_cst_noctilus|wh2_dlc11_cst_noctilus_separatists|wh2_dlc11_cst_pirates_of_sartosa|wh2_dlc11_cst_pirates_of_sartosa_separatists|wh2_dlc11_cst_the_drowned|wh2_dlc11_cst_the_drowned_separatists|wh2_dlc11_cst_vampire_coast|wh2_dlc11_cst_vampire_coast_encounters|wh2_dlc11_cst_vampire_coast_qb1|wh2_dlc11_cst_vampire_coast_qb2|wh2_dlc11_cst_vampire_coast_qb3|wh2_dlc11_cst_vampire_coast_qb4|wh2_dlc11_cst_vampire_coast_rebellion_rebels|wh2_dlc11_cst_vampire_coast_rebels|wh2_dlc11_cst_vampire_coast_separatists|wh3_dlc21_cst_dead_flag_fleet|wh3_dlc24_cst_vampire_coast_bloated_rebels|wh3_dlc26_cst_vampire_coast_qb1|wh3_dlc26_cst_vampire_coast_qb2|wh3_main_cst_dread_rock_privateers,false,false,true,true,true,true,wh2_dlc11_lore_deep,cst_vampire_fleet_admiral_female,wh2_dlc11_skill_node_set_cst_admiral_fem_deep,,1,general,false,false,,,,wh3_main_agent_action_scaling,wh3_main_skill_agent_action_success_scaling,Agent action success modifer,Hidden skill that scales action success/defence chance,mount_hellsteed.png,0,99,0,0,false,0,49,1,Agent action success modifer,Hidden skill that scales action success/defence chance,,,,,,wh_main_effect_agent_action_success_chance_enemy_skill,[HIDDEN] Enemy Hero action success chance: %+n% (from skill),,character_to_character_own,-1,campaign,0,true,,,,,,,,,,,,,,,,,,,,,,,,,character_skill_level_to_effects_junctions_tables,wh3_main_skill_agent_action_success_scaling|wh_main_effect_agent_action_success_chance_enemy_skill|1|character_to_character_own
effect,warhammer_3,8.1.1,24237342,Vampire Coast,vampire_coast,wh2_dlc11_sc_cst_vampire_coast,Vampire Fleet Admiral (Deep),Vampire_Fleet_Admiral_Deep__admiral_fem_deep,lord,wh2_dlc11_cst_admiral_fem_deep,general,general,wh2_dlc11_cst_noctilus|wh2_dlc11_cst_noctilus_separatists|wh2_dlc11_cst_pirates_of_sartosa|wh2_dlc11_cst_pirates_of_sartosa_separatists|wh2_dlc11_cst_the_drowned|wh2_dlc11_cst_the_drowned_separatists|wh2_dlc11_cst_vampire_coast|wh2_dlc11_cst_vampire_coast_encounters|wh2_dlc11_cst_vampire_coast_qb1|wh2_dlc11_cst_vampire_coast_qb2|wh2_dlc11_cst_vampire_coast_qb3|wh2_dlc11_cst_vampire_coast_qb4|wh2_dlc11_cst_vampire_coast_rebellion_rebels|wh2_dlc11_cst_vampire_coast_rebels|wh2_dlc11_cst_vampire_coast_separatists|wh3_dlc21_cst_dead_flag_fleet|wh3_dlc24_cst_vampire_coast_bloated_rebels|wh3_dlc26_cst_vampire_coast_qb1|wh3_dlc26_cst_vampire_coast_qb2|wh3_main_cst_dread_rock_privateers,false,false,true,true,true,true,wh2_dlc11_lore_deep,cst_vampire_fleet_admiral_female,wh2_dlc11_skill_node_set_cst_admiral_fem_deep,,1,general,false,false,,,,wh3_main_agent_action_scaling,wh3_main_skill_agent_action_success_scaling,Agent action success modifer,Hidden skill that scales action success/defence chance,mount_hellsteed.png,0,99,0,0,false,0,49,1,Agent action success modifer,Hidden skill that scales action success/defence chance,,,,,,wh_main_effect_agent_action_success_chance_skill,[HIDDEN] Hero action success chance: %+n% (from skill),,character_to_character_own,1,campaign,0,true,,,,,,,,,,,,,,,,,,,,,,,,,character_skill_level_to_effects_junctions_tables,wh3_main_skill_agent_action_success_scaling|wh_main_effect_agent_action_success_chance_skill|1|character_to_character_own
effect,warhammer_3,8.1.1,24237342,Vampire Coast,vampire_coast,wh2_dlc11_sc_cst_vampire_coast,Vampire Fleet Admiral (Deep),Vampire_Fleet_Admiral_Deep__admiral_fem_deep,lord,wh2_dlc11_cst_admiral_fem_deep,general,general,wh2_dlc11_cst_noctilus|wh2_dlc11_cst_noctilus_separatists|wh2_dlc11_cst_pirates_of_sartosa|wh2_dlc11_cst_pirates_of_sartosa_separatists|wh2_dlc11_cst_the_drowned|wh2_dlc11_cst_the_drowned_separatists|wh2_dlc11_cst_vampire_coast|wh2_dlc11_cst_vampire_coast_encounters|wh2_dlc11_cst_vampire_coast_qb1|wh2_dlc11_cst_vampire_coast_qb2|wh2_dlc11_cst_vampire_coast_qb3|wh2_dlc11_cst_vampire_coast_qb4|wh2_dlc11_cst_vampire_coast_rebellion_rebels|wh2_dlc11_cst_vampire_coast_rebels|wh2_dlc11_cst_vampire_coast_separatists|wh3_dlc21_cst_dead_flag_fleet|wh3_dlc24_cst_vampire_coast_bloated_rebels|wh3_dlc26_cst_vampire_coast_qb1|wh3_dlc26_cst_vampire_coast_qb2|wh3_main_cst_dread_rock_privateers,false,false,true,true,true,true,wh2_dlc11_lore_deep,cst_vampire_fleet_admiral_female,wh2_dlc11_skill_node_set_cst_admiral_fem_deep,,1,general,false,false,,,,wh3_main_agent_action_scaling,wh3_main_skill_agent_action_success_scaling,Agent action success modifer,Hidden skill that scales action success/defence chance,mount_hellsteed.png,0,99,0,0,false,0,49,2,Agent action success modifer,Hidden skill that scales action success/defence chance,,,,,,wh_main_effect_agent_action_success_chance_enemy_skill,[HIDDEN] Enemy Hero action success chance: %+n% (from skill),,character_to_character_own,-2,campaign,0,true,,,,,,,,,,,,,,,,,,,,,,,,,character_skill_level_to_effects_junctions_tables,wh3_main_skill_agent_action_success_scaling|wh_main_effect_agent_action_success_chance_enemy_skill|2|character_to_character_own
effect,warhammer_3,8.1.1,24237342,Vampire Coast,vampire_coast,wh2_dlc11_sc_cst_vampire_coast,Vampire Fleet Admiral (Deep),Vampire_Fleet_Admiral_Deep__admiral_fem_deep,lord,wh2_dlc11_cst_admiral_fem_deep,general,general,wh2_dlc11_cst_noctilus|wh2_dlc11_cst_noctilus_separatists|wh2_dlc11_cst_pirates_of_sartosa|wh2_dlc11_cst_pirates_of_sartosa_separatists|wh2_dlc11_cst_the_drowned|wh2_dlc11_cst_the_drowned_separatists|wh2_dlc11_cst_vampire_coast|wh2_dlc11_cst_vampire_coast_encounters|wh2_dlc11_cst_vampire_coast_qb1|wh2_dlc11_cst_vampire_coast_qb2|wh2_dlc11_cst_vampire_coast_qb3|wh2_dlc11_cst_vampire_coast_qb4|wh2_dlc11_cst_vampire_coast_rebellion_rebels|wh2_dlc11_cst_vampire_coast_rebels|wh2_dlc11_cst_vampire_coast_separatists|wh3_dlc21_cst_dead_flag_fleet|wh3_dlc24_cst_vampire_coast_bloated_rebels|wh3_dlc26_cst_vampire_coast_qb1|wh3_dlc26_cst_vampire_coast_qb2|wh3_main_cst_dread_rock_privateers,false,false,true,true,true,true,wh2_dlc11_lore_deep,cst_vampire_fleet_admiral_female,wh2_dlc11_skill_node_set_cst_admiral_fem_deep,,1,general,false,false,,,,wh3_main_agent_action_scaling,wh3_main_skill_agent_action_success_scaling,Agent action success modifer,Hidden skill that scales action success/defence chance,mount_hellsteed.png,0,99,0,0,false,0,49,2,Agent action success modifer,Hidden skill that scales action success/defence chance,,,,,,wh_main_effect_agent_action_success_chance_skill,[HIDDEN] Hero action success chance: %+n% (from skill),,character_to_character_own,2,campaign,0,true,,,,,,,,,,,,,,,,,,,,,,,,,character_skill_level_to_effects_junctions_tables,wh3_main_skill_agent_action_success_scaling|wh_main_effect_agent_action_success_chance_skill|2|character_to_character_own
effect,warhammer_3,8.1.1,24237342,Vampire Coast,vampire_coast,wh2_dlc11_sc_cst_vampire_coast,Vampire Fleet Admiral (Deep),Vampire_Fleet_Admiral_Deep__admiral_fem_deep,lord,wh2_dlc11_cst_admiral_fem_deep,general,general,wh2_dlc11_cst_noctilus|wh2_dlc11_cst_noctilus_separatists|wh2_dlc11_cst_pirates_of_sartosa|wh2_dlc11_cst_pirates_of_sartosa_separatists|wh2_dlc11_cst_the_drowned|wh2_dlc11_cst_the_drowned_separatists|wh2_dlc11_cst_vampire_coast|wh2_dlc11_cst_vampire_coast_encounters|wh2_dlc11_cst_vampire_coast_qb1|wh2_dlc11_cst_vampire_coast_qb2|wh2_dlc11_cst_vampire_coast_qb3|wh2_dlc11_cst_vampire_coast_qb4|wh2_dlc11_cst_vampire_coast_rebellion_rebels|wh2_dlc11_cst_vampire_coast_rebels|wh2_dlc11_cst_vampire_coast_separatists|wh3_dlc21_cst_dead_flag_fleet|wh3_dlc24_cst_vampire_coast_bloated_rebels|wh3_dlc26_cst_vampire_coast_qb1|wh3_dlc26_cst_vampire_coast_qb2|wh3_main_cst_dread_rock_privateers,false,false,true,true,true,true,wh2_dlc11_lore_deep,cst_vampire_fleet_admiral_female,wh2_dlc11_skill_node_set_cst_admiral_fem_deep,,1,general,false,false,,,,wh3_main_agent_action_scaling,wh3_main_skill_agent_action_success_scaling,Agent action success modifer,Hidden skill that scales action success/defence chance,mount_hellsteed.png,0,99,0,0,false,0,49,3,Agent action success modifer,Hidden skill that scales action success/defence chance,,,,,,wh_main_effect_agent_action_success_chance_enemy_skill,[HIDDEN] Enemy Hero action success chance: %+n% (from skill),,character_to_character_own,-3,campaign,0,true,,,,,,,,,,,,,,,,,,,,,,,,,character_skill_level_to_effects_junctions_tables,wh3_main_skill_agent_action_success_scaling|wh_main_effect_agent_action_success_chance_enemy_skill|3|character_to_character_own
effect,warhammer_3,8.1.1,24237342,Vampire Coast,vampire_coast,wh2_dlc11_sc_cst_vampire_coast,Vampire Fleet Admiral (Deep),Vampire_Fleet_Admiral_Deep__admiral_fem_deep,lord,wh2_dlc11_cst_admiral_fem_deep,general,general,wh2_dlc11_cst_noctilus|wh2_dlc11_cst_noctilus_separatists|wh2_dlc11_cst_pirates_of_sartosa|wh2_dlc11_cst_pirates_of_sartosa_separatists|wh2_dlc11_cst_the_drowned|wh2_dlc11_cst_the_drowned_separatists|wh2_dlc11_cst_vampire_coast|wh2_dlc11_cst_vampire_coast_encounters|wh2_dlc11_cst_vampire_coast_qb1|wh2_dlc11_cst_vampire_coast_qb2|wh2_dlc11_cst_vampire_coast_qb3|wh2_dlc11_cst_vampire_coast_qb4|wh2_dlc11_cst_vampire_coast_rebellion_rebels|wh2_dlc11_cst_vampire_coast_rebels|wh2_dlc11_cst_vampire_coast_separatists|wh3_dlc21_cst_dead_flag_fleet|wh3_dlc24_cst_vampire_coast_bloated_rebels|wh3_dlc26_cst_vampire_coast_qb1|wh3_dlc26_cst_vampire_coast_qb2|wh3_main_cst_dread_rock_privateers,false,false,true,true,true,true,wh2_dlc11_lore_deep,cst_vampire_fleet_admiral_female,wh2_dlc11_skill_node_set_cst_admiral_fem_deep,,1,general,false,false,,,,wh3_main_agent_action_scaling,wh3_main_skill_agent_action_success_scaling,Agent action success modifer,Hidden skill that scales action success/defence chance,mount_hellsteed.png,0,99,0,0,false,0,49,3,Agent action success modifer,Hidden skill that scales action success/defence chance,,,,,,wh_main_effect_agent_action_success_chance_skill,[HIDDEN] Hero action success chance: %+n% (from skill),,character_to_character_own,3,campaign,0,true,,,,,,,,,,,,,,,,,,,,,,,,,character_skill_level_to_effects_junctions_tables,wh3_main_skill_agent_action_success_scaling|wh_main_effect_agent_action_success_chance_skill|3|character_to_character_own
effect,warhammer_3,8.1.1,24237342,Vampire Coast,vampire_coast,wh2_dlc11_sc_cst_vampire_coast,Vampire Fleet Admiral (Deep),Vampire_Fleet_Admiral_Deep__admiral_fem_deep,lord,wh2_dlc11_cst_admiral_fem_deep,general,general,wh2_dlc11_cst_noctilus|wh2_dlc11_cst_noctilus_separatists|wh2_dlc11_cst_pirates_of_sartosa|wh2_dlc11_cst_pirates_of_sartosa_separatists|wh2_dlc11_cst_the_drowned|wh2_dlc11_cst_the_drowned_separatists|wh2_dlc11_cst_vampire_coast|wh2_dlc11_cst_vampire_coast_encounters|wh2_dlc11_cst_vampire_coast_qb1|wh2_dlc11_cst_vampire_coast_qb2|wh2_dlc11_cst_vampire_coast_qb3|wh2_dlc11_cst_vampire_coast_qb4|wh2_dlc11_cst_vampire_coast_rebellion_rebels|wh2_dlc11_cst_vampire_coast_rebels|wh2_dlc11_cst_vampire_coast_separatists|wh3_dlc21_cst_dead_flag_fleet|wh3_dlc24_cst_vampire_coast_bloated_rebels|wh3_dlc26_cst_vampire_coast_qb1|wh3_dlc26_cst_vampire_coast_qb2|wh3_main_cst_dread_rock_privateers,false,false,true,true,true,true,wh2_dlc11_lore_deep,cst_vampire_fleet_admiral_female,wh2_dlc11_skill_node_set_cst_admiral_fem_deep,,1,general,false,false,,,,wh3_main_agent_action_scaling,wh3_main_skill_agent_action_success_scaling,Agent action success modifer,Hidden skill that scales action success/defence chance,mount_hellsteed.png,0,99,0,0,false,0,49,4,Agent action success modifer,Hidden skill that scales action success/defence chance,,,,,,wh_main_effect_agent_action_success_chance_enemy_skill,[HIDDEN] Enemy Hero action success chance: %+n% (from skill),,character_to_character_own,-4,campaign,0,true,,,,,,,,,,,,,,,,,,,,,,,,,character_skill_level_to_effects_junctions_tables,wh3_main_skill_agent_action_success_scaling|wh_main_effect_agent_action_success_chance_enemy_skill|4|character_to_character_own
effect,warhammer_3,8.1.1,24237342,Vampire Coast,vampire_coast,wh2_dlc11_sc_cst_vampire_coast,Vampire Fleet Admiral (Deep),Vampire_Fleet_Admiral_Deep__admiral_fem_deep,lord,wh2_dlc11_cst_admiral_fem_deep,general,general,wh2_dlc11_cst_noctilus|wh2_dlc11_cst_noctilus_separatists|wh2_dlc11_cst_pirates_of_sartosa|wh2_dlc11_cst_pirates_of_sartosa_separatists|wh2_dlc11_cst_the_drowned|wh2_dlc11_cst_the_drowned_separatists|wh2_dlc11_cst_vampire_coast|wh2_dlc11_cst_vampire_coast_encounters|wh2_dlc11_cst_vampire_coast_qb1|wh2_dlc11_cst_vampire_coast_qb2|wh2_dlc11_cst_vampire_coast_qb3|wh2_dlc11_cst_vampire_coast_qb4|wh2_dlc11_cst_vampire_coast_rebellion_rebels|wh2_dlc11_cst_vampire_coast_rebels|wh2_dlc11_cst_vampire_coast_separatists|wh3_dlc21_cst_dead_flag_fleet|wh3_dlc24_cst_vampire_coast_bloated_rebels|wh3_dlc26_cst_vampire_coast_qb1|wh3_dlc26_cst_vampire_coast_qb2|wh3_main_cst_dread_rock_privateers,false,false,true,true,true,true,wh2_dlc11_lore_deep,cst_vampire_fleet_admiral_female,wh2_dlc11_skill_node_set_cst_admiral_fem_deep,,1,general,false,false,,,,wh3_main_agent_action_scaling,wh3_main_skill_agent_action_success_scaling,Agent action success modifer,Hidden skill that scales action success/defence chance,mount_hellsteed.png,0,99,0,0,false,0,49,4,Agent action success modifer,Hidden skill that scales action success/defence chance,,,,,,wh_main_effect_agent_action_success_chance_skill,[HIDDEN] Hero action success chance: %+n% (from skill),,character_to_character_own,4,campaign,0,true,,,,,,,,,,,,,,,,,,,,,,,,,character_skill_level_to_effects_junctions_tables,wh3_main_skill_agent_action_success_scaling|wh_main_effect_agent_action_success_chance_skill|4|character_to_character_own
effect,warhammer_3,8.1.1,24237342,Vampire Coast,vampire_coast,wh2_dlc11_sc_cst_vampire_coast,Vampire Fleet Admiral (Deep),Vampire_Fleet_Admiral_Deep__admiral_fem_deep,lord,wh2_dlc11_cst_admiral_fem_deep,general,general,wh2_dlc11_cst_noctilus|wh2_dlc11_cst_noctilus_separatists|wh2_dlc11_cst_pirates_of_sartosa|wh2_dlc11_cst_pirates_of_sartosa_separatists|wh2_dlc11_cst_the_drowned|wh2_dlc11_cst_the_drowned_separatists|wh2_dlc11_cst_vampire_coast|wh2_dlc11_cst_vampire_coast_encounters|wh2_dlc11_cst_vampire_coast_qb1|wh2_dlc11_cst_vampire_coast_qb2|wh2_dlc11_cst_vampire_coast_qb3|wh2_dlc11_cst_vampire_coast_qb4|wh2_dlc11_cst_vampire_coast_rebellion_rebels|wh2_dlc11_cst_vampire_coast_rebels|wh2_dlc11_cst_vampire_coast_separatists|wh3_dlc21_cst_dead_flag_fleet|wh3_dlc24_cst_vampire_coast_bloated_rebels|wh3_dlc26_cst_vampire_coast_qb1|wh3_dlc26_cst_vampire_coast_qb2|wh3_main_cst_dread_rock_privateers,false,false,true,true,true,true,wh2_dlc11_lore_deep,cst_vampire_fleet_admiral_female,wh2_dlc11_skill_node_set_cst_admiral_fem_deep,,1,general,false,false,,,,wh3_main_agent_action_scaling,wh3_main_skill_agent_action_success_scaling,Agent action success modifer,Hidden skill that scales action success/defence chance,mount_hellsteed.png,0,99,0,0,false,0,49,5,Agent action success modifer,Hidden skill that scales action success/defence chance,,,,,,wh_main_effect_agent_action_success_chance_enemy_skill,[HIDDEN] Enemy Hero action success chance: %+n% (from skill),,character_to_character_own,-5,campaign,0,true,,,,,,,,,,,,,,,,,,,,,,,,,character_skill_level_to_effects_junctions_tables,wh3_main_skill_agent_action_success_scaling|wh_main_effect_agent_action_success_chance_enemy_skill|5|character_to_character_own
effect,warhammer_3,8.1.1,24237342,Vampire Coast,vampire_coast,wh2_dlc11_sc_cst_vampire_coast,Vampire Fleet Admiral (Deep),Vampire_Fleet_Admiral_Deep__admiral_fem_deep,lord,wh2_dlc11_cst_admiral_fem_deep,general,general,wh2_dlc11_cst_noctilus|wh2_dlc11_cst_noctilus_separatists|wh2_dlc11_cst_pirates_of_sartosa|wh2_dlc11_cst_pirates_of_sartosa_separatists|wh2_dlc11_cst_the_drowned|wh2_dlc11_cst_the_drowned_separatists|wh2_dlc11_cst_vampire_coast|wh2_dlc11_cst_vampire_coast_encounters|wh2_dlc11_cst_vampire_coast_qb1|wh2_dlc11_cst_vampire_coast_qb2|wh2_dlc11_cst_vampire_coast_qb3|wh2_dlc11_cst_vampire_coast_qb4|wh2_dlc11_cst_vampire_coast_rebellion_rebels|wh2_dlc11_cst_vampire_coast_rebels|wh2_dlc11_cst_vampire_coast_separatists|wh3_dlc21_cst_dead_flag_fleet|wh3_dlc24_cst_vampire_coast_bloated_rebels|wh3_dlc26_cst_vampire_coast_qb1|wh3_dlc26_cst_vampire_coast_qb2|wh3_main_cst_dread_rock_privateers,false,false,true,true,true,true,wh2_dlc11_lore_deep,cst_vampire_fleet_admiral_female,wh2_dlc11_skill_node_set_cst_admiral_fem_deep,,1,general,false,false,,,,wh3_main_agent_action_scaling,wh3_main_skill_agent_action_success_scaling,Agent action success modifer,Hidden skill that scales action success/defence chance,mount_hellsteed.png,0,99,0,0,false,0,49,5,Agent action success modifer,Hidden skill that scales action success/defence chance,,,,,,wh_main_effect_agent_action_success_chance_skill,[HIDDEN] Hero action success chance: %+n% (from skill),,character_to_character_own,5,campaign,0,true,,,,,,,,,,,,,,,,,,,,,,,,,character_skill_level_to_effects_junctions_tables,wh3_main_skill_agent_action_success_scaling|wh_main_effect_agent_action_success_chance_skill|5|character_to_character_own
effect,warhammer_3,8.1.1,24237342,Vampire Coast,vampire_coast,wh2_dlc11_sc_cst_vampire_coast,Vampire Fleet Admiral (Deep),Vampire_Fleet_Admiral_Deep__admiral_fem_deep,lord,wh2_dlc11_cst_admiral_fem_deep,general,general,wh2_dlc11_cst_noctilus|wh2_dlc11_cst_noctilus_separatists|wh2_dlc11_cst_pirates_of_sartosa|wh2_dlc11_cst_pirates_of_sartosa_separatists|wh2_dlc11_cst_the_drowned|wh2_dlc11_cst_the_drowned_separatists|wh2_dlc11_cst_vampire_coast|wh2_dlc11_cst_vampire_coast_encounters|wh2_dlc11_cst_vampire_coast_qb1|wh2_dlc11_cst_vampire_coast_qb2|wh2_dlc11_cst_vampire_coast_qb3|wh2_dlc11_cst_vampire_coast_qb4|wh2_dlc11_cst_vampire_coast_rebellion_rebels|wh2_dlc11_cst_vampire_coast_rebels|wh2_dlc11_cst_vampire_coast_separatists|wh3_dlc21_cst_dead_flag_fleet|wh3_dlc24_cst_vampire_coast_bloated_rebels|wh3_dlc26_cst_vampire_coast_qb1|wh3_dlc26_cst_vampire_coast_qb2|wh3_main_cst_dread_rock_privateers,false,false,true,true,true,true,wh2_dlc11_lore_deep,cst_vampire_fleet_admiral_female,wh2_dlc11_skill_node_set_cst_admiral_fem_deep,,1,general,false,false,,,,wh3_main_agent_action_scaling,wh3_main_skill_agent_action_success_scaling,Agent action success modifer,Hidden skill that scales action success/defence chance,mount_hellsteed.png,0,99,0,0,false,0,49,6,Agent action success modifer,Hidden skill that scales action success/defence chance,,,,,,wh_main_effect_agent_action_success_chance_enemy_skill,[HIDDEN] Enemy Hero action success chance: %+n% (from skill),,character_to_character_own,-6,campaign,0,true,,,,,,,,,,,,,,,,,,,,,,,,,character_skill_level_to_effects_junctions_tables,wh3_main_skill_agent_action_success_scaling|wh_main_effect_agent_action_success_chance_enemy_skill|6|character_to_character_own
effect,warhammer_3,8.1.1,24237342,Vampire Coast,vampire_coast,wh2_dlc11_sc_cst_vampire_coast,Vampire Fleet Admiral (Deep),Vampire_Fleet_Admiral_Deep__admiral_fem_deep,lord,wh2_dlc11_cst_admiral_fem_deep,general,general,wh2_dlc11_cst_noctilus|wh2_dlc11_cst_noctilus_separatists|wh2_dlc11_cst_pirates_of_sartosa|wh2_dlc11_cst_pirates_of_sartosa_separatists|wh2_dlc11_cst_the_drowned|wh2_dlc11_cst_the_drowned_separatists|wh2_dlc11_cst_vampire_coast|wh2_dlc11_cst_vampire_coast_encounters|wh2_dlc11_cst_vampire_coast_qb1|wh2_dlc11_cst_vampire_coast_qb2|wh2_dlc11_cst_vampire_coast_qb3|wh2_dlc11_cst_vampire_coast_qb4|wh2_dlc11_cst_vampire_coast_rebellion_rebels|wh2_dlc11_cst_vampire_coast_rebels|wh2_dlc11_cst_vampire_coast_separatists|wh3_dlc21_cst_dead_flag_fleet|wh3_dlc24_cst_vampire_coast_bloated_rebels|wh3_dlc26_cst_vampire_coast_qb1|wh3_dlc26_cst_vampire_coast_qb2|wh3_main_cst_dread_rock_privateers,false,false,true,true,true,true,wh2_dlc11_lore_deep,cst_vampire_fleet_admiral_female,wh2_dlc11_skill_node_set_cst_admiral_fem_deep,,1,general,false,false,,,,wh3_main_agent_action_scaling,wh3_main_skill_agent_action_success_scaling,Agent action success modifer,Hidden skill that scales action success/defence chance,mount_hellsteed.png,0,99,0,0,false,0,49,6,Agent action success modifer,Hidden skill that scales action success/defence chance,,,,,,wh_main_effect_agent_action_success_chance_skill,[HIDDEN] Hero action success chance: %+n% (from skill),,character_to_character_own,6,campaign,0,true,,,,,,,,,,,,,,,,,,,,,,,,,character_skill_level_to_effects_junctions_tables,wh3_main_skill_agent_action_success_scaling|wh_main_effect_agent_action_success_chance_skill|6|character_to_character_own
effect,warhammer_3,8.1.1,24237342,Vampire Coast,vampire_coast,wh2_dlc11_sc_cst_vampire_coast,Vampire Fleet Admiral (Deep),Vampire_Fleet_Admiral_Deep__admiral_fem_deep,lord,wh2_dlc11_cst_admiral_fem_deep,general,general,wh2_dlc11_cst_noctilus|wh2_dlc11_cst_noctilus_separatists|wh2_dlc11_cst_pirates_of_sartosa|wh2_dlc11_cst_pirates_of_sartosa_separatists|wh2_dlc11_cst_the_drowned|wh2_dlc11_cst_the_drowned_separatists|wh2_dlc11_cst_vampire_coast|wh2_dlc11_cst_vampire_coast_encounters|wh2_dlc11_cst_vampire_coast_qb1|wh2_dlc11_cst_vampire_coast_qb2|wh2_dlc11_cst_vampire_coast_qb3|wh2_dlc11_cst_vampire_coast_qb4|wh2_dlc11_cst_vampire_coast_rebellion_rebels|wh2_dlc11_cst_vampire_coast_rebels|wh2_dlc11_cst_vampire_coast_separatists|wh3_dlc21_cst_dead_flag_fleet|wh3_dlc24_cst_vampire_coast_bloated_rebels|wh3_dlc26_cst_vampire_coast_qb1|wh3_dlc26_cst_vampire_coast_qb2|wh3_main_cst_dread_rock_privateers,false,false,true,true,true,true,wh2_dlc11_lore_deep,cst_vampire_fleet_admiral_female,wh2_dlc11_skill_node_set_cst_admiral_fem_deep,,1,general,false,false,,,,wh3_main_agent_action_scaling,wh3_main_skill_agent_action_success_scaling,Agent action success modifer,Hidden skill that scales action success/defence chance,mount_hellsteed.png,0,99,0,0,false,0,49,7,Agent action success modifer,Hidden skill that scales action success/defence chance,,,,,,wh_main_effect_agent_action_success_chance_enemy_skill,[HIDDEN] Enemy Hero action success chance: %+n% (from skill),,character_to_character_own,-7,campaign,0,true,,,,,,,,,,,,,,,,,,,,,,,,,character_skill_level_to_effects_junctions_tables,wh3_main_skill_agent_action_success_scaling|wh_main_effect_agent_action_success_chance_enemy_skill|7|character_to_character_own
effect,warhammer_3,8.1.1,24237342,Vampire Coast,vampire_coast,wh2_dlc11_sc_cst_vampire_coast,Vampire Fleet Admiral (Deep),Vampire_Fleet_Admiral_Deep__admiral_fem_deep,lord,wh2_dlc11_cst_admiral_fem_deep,general,general,wh2_dlc11_cst_noctilus|wh2_dlc11_cst_noctilus_separatists|wh2_dlc11_cst_pirates_of_sartosa|wh2_dlc11_cst_pirates_of_sartosa_separatists|wh2_dlc11_cst_the_drowned|wh2_dlc11_cst_the_drowned_separatists|wh2_dlc11_cst_vampire_coast|wh2_dlc11_cst_vampire_coast_encounters|wh2_dlc11_cst_vampire_coast_qb1|wh2_dlc11_cst_vampire_coast_qb2|wh2_dlc11_cst_vampire_coast_qb3|wh2_dlc11_cst_vampire_coast_qb4|wh2_dlc11_cst_vampire_coast_rebellion_rebels|wh2_dlc11_cst_vampire_coast_rebels|wh2_dlc11_cst_vampire_coast_separatists|wh3_dlc21_cst_dead_flag_fleet|wh3_dlc24_cst_vampire_coast_bloated_rebels|wh3_dlc26_cst_vampire_coast_qb1|wh3_dlc26_cst_vampire_coast_qb2|wh3_main_cst_dread_rock_privateers,false,false,true,true,true,true,wh2_dlc11_lore_deep,cst_vampire_fleet_admiral_female,wh2_dlc11_skill_node_set_cst_admiral_fem_deep,,1,general,false,false,,,,wh3_main_agent_action_scaling,wh3_main_skill_agent_action_success_scaling,Agent action success modifer,Hidden skill that scales action success/defence chance,mount_hellsteed.png,0,99,0,0,false,0,49,7,Agent action success modifer,Hidden skill that scales action success/defence chance,,,,,,wh_main_effect_agent_action_success_chance_skill,[HIDDEN] Hero action success chance: %+n% (from skill),,character_to_character_own,7,campaign,0,true,,,,,,,,,,,,,,,,,,,,,,,,,character_skill_level_to_effects_junctions_tables,wh3_main_skill_agent_action_success_scaling|wh_main_effect_agent_action_success_chance_skill|7|character_to_character_own
effect,warhammer_3,8.1.1,24237342,Vampire Coast,vampire_coast,wh2_dlc11_sc_cst_vampire_coast,Vampire Fleet Admiral (Deep),Vampire_Fleet_Admiral_Deep__admiral_fem_deep,lord,wh2_dlc11_cst_admiral_fem_deep,general,general,wh2_dlc11_cst_noctilus|wh2_dlc11_cst_noctilus_separatists|wh2_dlc11_cst_pirates_of_sartosa|wh2_dlc11_cst_pirates_of_sartosa_separatists|wh2_dlc11_cst_the_drowned|wh2_dlc11_cst_the_drowned_separatists|wh2_dlc11_cst_vampire_coast|wh2_dlc11_cst_vampire_coast_encounters|wh2_dlc11_cst_vampire_coast_qb1|wh2_dlc11_cst_vampire_coast_qb2|wh2_dlc11_cst_vampire_coast_qb3|wh2_dlc11_cst_vampire_coast_qb4|wh2_dlc11_cst_vampire_coast_rebellion_rebels|wh2_dlc11_cst_vampire_coast_rebels|wh2_dlc11_cst_vampire_coast_separatists|wh3_dlc21_cst_dead_flag_fleet|wh3_dlc24_cst_vampire_coast_bloated_rebels|wh3_dlc26_cst_vampire_coast_qb1|wh3_dlc26_cst_vampire_coast_qb2|wh3_main_cst_dread_rock_privateers,false,false,true,true,true,true,wh2_dlc11_lore_deep,cst_vampire_fleet_admiral_female,wh2_dlc11_skill_node_set_cst_admiral_fem_deep,,1,general,false,false,,,,wh3_main_agent_action_scaling,wh3_main_skill_agent_action_success_scaling,Agent action success modifer,Hidden skill that scales action success/defence chance,mount_hellsteed.png,0,99,0,0,false,0,49,8,Agent action success modifer,Hidden skill that scales action success/defence chance,,,,,,wh_main_effect_agent_action_success_chance_enemy_skill,[HIDDEN] Enemy Hero action success chance: %+n% (from skill),,character_to_character_own,-8,campaign,0,true,,,,,,,,,,,,,,,,,,,,,,,,,character_skill_level_to_effects_junctions_tables,wh3_main_skill_agent_action_success_scaling|wh_main_effect_agent_action_success_chance_enemy_skill|8|character_to_character_own
effect,warhammer_3,8.1.1,24237342,Vampire Coast,vampire_coast,wh2_dlc11_sc_cst_vampire_coast,Vampire Fleet Admiral (Deep),Vampire_Fleet_Admiral_Deep__admiral_fem_deep,lord,wh2_dlc11_cst_admiral_fem_deep,general,general,wh2_dlc11_cst_noctilus|wh2_dlc11_cst_noctilus_separatists|wh2_dlc11_cst_pirates_of_sartosa|wh2_dlc11_cst_pirates_of_sartosa_separatists|wh2_dlc11_cst_the_drowned|wh2_dlc11_cst_the_drowned_separatists|wh2_dlc11_cst_vampire_coast|wh2_dlc11_cst_vampire_coast_encounters|wh2_dlc11_cst_vampire_coast_qb1|wh2_dlc11_cst_vampire_coast_qb2|wh2_dlc11_cst_vampire_coast_qb3|wh2_dlc11_cst_vampire_coast_qb4|wh2_dlc11_cst_vampire_coast_rebellion_rebels|wh2_dlc11_cst_vampire_coast_rebels|wh2_dlc11_cst_vampire_coast_separatists|wh3_dlc21_cst_dead_flag_fleet|wh3_dlc24_cst_vampire_coast_bloated_rebels|wh3_dlc26_cst_vampire_coast_qb1|wh3_dlc26_cst_vampire_coast_qb2|wh3_main_cst_dread_rock_privateers,false,false,true,true,true,true,wh2_dlc11_lore_deep,cst_vampire_fleet_admiral_female,wh2_dlc11_skill_node_set_cst_admiral_fem_deep,,1,general,false,false,,,,wh3_main_agent_action_scaling,wh3_main_skill_agent_action_success_scaling,Agent action success modifer,Hidden skill that scales action success/defence chance,mount_hellsteed.png,0,99,0,0,false,0,49,8,Agent action success modifer,Hidden skill that scales action success/defence chance,,,,,,wh_main_effect_agent_action_success_chance_skill,[HIDDEN] Hero action success chance: %+n% (from skill),,character_to_character_own,8,campaign,0,true,,,,,,,,,,,,,,,,,,,,,,,,,character_skill_level_to_effects_junctions_tables,wh3_main_skill_agent_action_success_scaling|wh_main_effect_agent_action_success_chance_skill|8|character_to_character_own
effect,warhammer_3,8.1.1,24237342,Vampire Coast,vampire_coast,wh2_dlc11_sc_cst_vampire_coast,Vampire Fleet Admiral (Deep),Vampire_Fleet_Admiral_Deep__admiral_fem_deep,lord,wh2_dlc11_cst_admiral_fem_deep,general,general,wh2_dlc11_cst_noctilus|wh2_dlc11_cst_noctilus_separatists|wh2_dlc11_cst_pirates_of_sartosa|wh2_dlc11_cst_pirates_of_sartosa_separatists|wh2_dlc11_cst_the_drowned|wh2_dlc11_cst_the_drowned_separatists|wh2_dlc11_cst_vampire_coast|wh2_dlc11_cst_vampire_coast_encounters|wh2_dlc11_cst_vampire_coast_qb1|wh2_dlc11_cst_vampire_coast_qb2|wh2_dlc11_cst_vampire_coast_qb3|wh2_dlc11_cst_vampire_coast_qb4|wh2_dlc11_cst_vampire_coast_rebellion_rebels|wh2_dlc11_cst_vampire_coast_rebels|wh2_dlc11_cst_vampire_coast_separatists|wh3_dlc21_cst_dead_flag_fleet|wh3_dlc24_cst_vampire_coast_bloated_rebels|wh3_dlc26_cst_vampire_coast_qb1|wh3_dlc26_cst_vampire_coast_qb2|wh3_main_cst_dread_rock_privateers,false,false,true,true,true,true,wh2_dlc11_lore_deep,cst_vampire_fleet_admiral_female,wh2_dlc11_skill_node_set_cst_admiral_fem_deep,,1,general,false,false,,,,wh3_main_agent_action_scaling,wh3_main_skill_agent_action_success_scaling,Agent action success modifer,Hidden skill that scales action success/defence chance,mount_hellsteed.png,0,99,0,0,false,0,49,9,Agent action success modifer,Hidden skill that scales action success/defence chance,,,,,,wh_main_effect_agent_action_success_chance_enemy_skill,[HIDDEN] Enemy Hero action success chance: %+n% (from skill),,character_to_character_own,-9,campaign,0,true,,,,,,,,,,,,,,,,,,,,,,,,,character_skill_level_to_effects_junctions_tables,wh3_main_skill_agent_action_success_scaling|wh_main_effect_agent_action_success_chance_enemy_skill|9|character_to_character_own
effect,warhammer_3,8.1.1,24237342,Vampire Coast,vampire_coast,wh2_dlc11_sc_cst_vampire_coast,Vampire Fleet Admiral (Deep),Vampire_Fleet_Admiral_Deep__admiral_fem_deep,lord,wh2_dlc11_cst_admiral_fem_deep,general,general,wh2_dlc11_cst_noctilus|wh2_dlc11_cst_noctilus_separatists|wh2_dlc11_cst_pirates_of_sartosa|wh2_dlc11_cst_pirates_of_sartosa_separatists|wh2_dlc11_cst_the_drowned|wh2_dlc11_cst_the_drowned_separatists|wh2_dlc11_cst_vampire_coast|wh2_dlc11_cst_vampire_coast_encounters|wh2_dlc11_cst_vampire_coast_qb1|wh2_dlc11_cst_vampire_coast_qb2|wh2_dlc11_cst_vampire_coast_qb3|wh2_dlc11_cst_vampire_coast_qb4|wh2_dlc11_cst_vampire_coast_rebellion_rebels|wh2_dlc11_cst_vampire_coast_rebels|wh2_dlc11_cst_vampire_coast_separatists|wh3_dlc21_cst_dead_flag_fleet|wh3_dlc24_cst_vampire_coast_bloated_rebels|wh3_dlc26_cst_vampire_coast_qb1|wh3_dlc26_cst_vampire_coast_qb2|wh3_main_cst_dread_rock_privateers,false,false,true,true,true,true,wh2_dlc11_lore_deep,cst_vampire_fleet_admiral_female,wh2_dlc11_skill_node_set_cst_admiral_fem_deep,,1,general,false,false,,,,wh3_main_agent_action_scaling,wh3_main_skill_agent_action_success_scaling,Agent action success modifer,Hidden skill that scales action success/defence chance,mount_hellsteed.png,0,99,0,0,false,0,49,9,Agent action success modifer,Hidden skill that scales action success/defence chance,,,,,,wh_main_effect_agent_action_success_chance_skill,[HIDDEN] Hero action success chance: %+n% (from skill),,character_to_character_own,9,campaign,0,true,,,,,,,,,,,,,,,,,,,,,,,,,character_skill_level_to_effects_junctions_tables,wh3_main_skill_agent_action_success_scaling|wh_main_effect_agent_action_success_chance_skill|9|character_to_character_own
effect,warhammer_3,8.1.1,24237342,Vampire Coast,vampire_coast,wh2_dlc11_sc_cst_vampire_coast,Vampire Fleet Admiral (Deep),Vampire_Fleet_Admiral_Deep__admiral_fem_deep,lord,wh2_dlc11_cst_admiral_fem_deep,general,general,wh2_dlc11_cst_noctilus|wh2_dlc11_cst_noctilus_separatists|wh2_dlc11_cst_pirates_of_sartosa|wh2_dlc11_cst_pirates_of_sartosa_separatists|wh2_dlc11_cst_the_drowned|wh2_dlc11_cst_the_drowned_separatists|wh2_dlc11_cst_vampire_coast|wh2_dlc11_cst_vampire_coast_encounters|wh2_dlc11_cst_vampire_coast_qb1|wh2_dlc11_cst_vampire_coast_qb2|wh2_dlc11_cst_vampire_coast_qb3|wh2_dlc11_cst_vampire_coast_qb4|wh2_dlc11_cst_vampire_coast_rebellion_rebels|wh2_dlc11_cst_vampire_coast_rebels|wh2_dlc11_cst_vampire_coast_separatists|wh3_dlc21_cst_dead_flag_fleet|wh3_dlc24_cst_vampire_coast_bloated_rebels|wh3_dlc26_cst_vampire_coast_qb1|wh3_dlc26_cst_vampire_coast_qb2|wh3_main_cst_dread_rock_privateers,false,false,true,true,true,true,wh2_dlc11_lore_deep,cst_vampire_fleet_admiral_female,wh2_dlc11_skill_node_set_cst_admiral_fem_deep,,1,general,false,false,,,,wh3_main_agent_action_scaling,wh3_main_skill_agent_action_success_scaling,Agent action success modifer,Hidden skill that scales action success/defence chance,mount_hellsteed.png,0,99,0,0,false,0,49,10,Agent action success modifer,Hidden skill that scales action success/defence chance,,,,,,wh_main_effect_agent_action_success_chance_enemy_skill,[HIDDEN] Enemy Hero action success chance: %+n% (from skill),,character_to_character_own,-10,campaign,0,true,,,,,,,,,,,,,,,,,,,,,,,,,character_skill_level_to_effects_junctions_tables,wh3_main_skill_agent_action_success_scaling|wh_main_effect_agent_action_success_chance_enemy_skill|10|character_to_character_own
effect,warhammer_3,8.1.1,24237342,Vampire Coast,vampire_coast,wh2_dlc11_sc_cst_vampire_coast,Vampire Fleet Admiral (Deep),Vampire_Fleet_Admiral_Deep__admiral_fem_deep,lord,wh2_dlc11_cst_admiral_fem_deep,general,general,wh2_dlc11_cst_noctilus|wh2_dlc11_cst_noctilus_separatists|wh2_dlc11_cst_pirates_of_sartosa|wh2_dlc11_cst_pirates_of_sartosa_separatists|wh2_dlc11_cst_the_drowned|wh2_dlc11_cst_the_drowned_separatists|wh2_dlc11_cst_vampire_coast|wh2_dlc11_cst_vampire_coast_encounters|wh2_dlc11_cst_vampire_coast_qb1|wh2_dlc11_cst_vampire_coast_qb2|wh2_dlc11_cst_vampire_coast_qb3|wh2_dlc11_cst_vampire_coast_qb4|wh2_dlc11_cst_vampire_coast_rebellion_rebels|wh2_dlc11_cst_vampire_coast_rebels|wh2_dlc11_cst_vampire_coast_separatists|wh3_dlc21_cst_dead_flag_fleet|wh3_dlc24_cst_vampire_coast_bloated_rebels|wh3_dlc26_cst_vampire_coast_qb1|wh3_dlc26_cst_vampire_coast_qb2|wh3_main_cst_dread_rock_privateers,false,false,true,true,true,true,wh2_dlc11_lore_deep,cst_vampire_fleet_admiral_female,wh2_dlc11_skill_node_set_cst_admiral_fem_deep,,1,general,false,false,,,,wh3_main_agent_action_scaling,wh3_main_skill_agent_action_success_scaling,Agent action success modifer,Hidden skill that scales action success/defence chance,mount_hellsteed.png,0,99,0,0,false,0,49,10,Agent action success modifer,Hidden skill that scales action success/defence chance,,,,,,wh_main_effect_agent_action_success_chance_skill,[HIDDEN] Hero action success chance: %+n% (from skill),,character_to_character_own,10,campaign,0,true,,,,,,,,,,,,,,,,,,,,,,,,,character_skill_level_to_effects_junctions_tables,wh3_main_skill_agent_action_success_scaling|wh_main_effect_agent_action_success_chance_skill|10|character_to_character_own
effect,warhammer_3,8.1.1,24237342,Vampire Coast,vampire_coast,wh2_dlc11_sc_cst_vampire_coast,Vampire Fleet Admiral (Deep),Vampire_Fleet_Admiral_Deep__admiral_fem_deep,lord,wh2_dlc11_cst_admiral_fem_deep,general,general,wh2_dlc11_cst_noctilus|wh2_dlc11_cst_noctilus_separatists|wh2_dlc11_cst_pirates_of_sartosa|wh2_dlc11_cst_pirates_of_sartosa_separatists|wh2_dlc11_cst_the_drowned|wh2_dlc11_cst_the_drowned_separatists|wh2_dlc11_cst_vampire_coast|wh2_dlc11_cst_vampire_coast_encounters|wh2_dlc11_cst_vampire_coast_qb1|wh2_dlc11_cst_vampire_coast_qb2|wh2_dlc11_cst_vampire_coast_qb3|wh2_dlc11_cst_vampire_coast_qb4|wh2_dlc11_cst_vampire_coast_rebellion_rebels|wh2_dlc11_cst_vampire_coast_rebels|wh2_dlc11_cst_vampire_coast_separatists|wh3_dlc21_cst_dead_flag_fleet|wh3_dlc24_cst_vampire_coast_bloated_rebels|wh3_dlc26_cst_vampire_coast_qb1|wh3_dlc26_cst_vampire_coast_qb2|wh3_main_cst_dread_rock_privateers,false,false,true,true,true,true,wh2_dlc11_lore_deep,cst_vampire_fleet_admiral_female,wh2_dlc11_skill_node_set_cst_admiral_fem_deep,,1,general,false,false,,,,wh3_main_agent_action_scaling,wh3_main_skill_agent_action_success_scaling,Agent action success modifer,Hidden skill that scales action success/defence chance,mount_hellsteed.png,0,99,0,0,false,0,49,11,Agent action success modifer,Hidden skill that scales action success/defence chance,,,,,,wh_main_effect_agent_action_success_chance_enemy_skill,[HIDDEN] Enemy Hero action success chance: %+n% (from skill),,character_to_character_own,-11,campaign,0,true,,,,,,,,,,,,,,,,,,,,,,,,,character_skill_level_to_effects_junctions_tables,wh3_main_skill_agent_action_success_scaling|wh_main_effect_agent_action_success_chance_enemy_skill|11|character_to_character_own
effect,warhammer_3,8.1.1,24237342,Vampire Coast,vampire_coast,wh2_dlc11_sc_cst_vampire_coast,Vampire Fleet Admiral (Deep),Vampire_Fleet_Admiral_Deep__admiral_fem_deep,lord,wh2_dlc11_cst_admiral_fem_deep,general,general,wh2_dlc11_cst_noctilus|wh2_dlc11_cst_noctilus_separatists|wh2_dlc11_cst_pirates_of_sartosa|wh2_dlc11_cst_pirates_of_sartosa_separatists|wh2_dlc11_cst_the_drowned|wh2_dlc11_cst_the_drowned_separatists|wh2_dlc11_cst_vampire_coast|wh2_dlc11_cst_vampire_coast_encounters|wh2_dlc11_cst_vampire_coast_qb1|wh2_dlc11_cst_vampire_coast_qb2|wh2_dlc11_cst_vampire_coast_qb3|wh2_dlc11_cst_vampire_coast_qb4|wh2_dlc11_cst_vampire_coast_rebellion_rebels|wh2_dlc11_cst_vampire_coast_rebels|wh2_dlc11_cst_vampire_coast_separatists|wh3_dlc21_cst_dead_flag_fleet|wh3_dlc24_cst_vampire_coast_bloated_rebels|wh3_dlc26_cst_vampire_coast_qb1|wh3_dlc26_cst_vampire_coast_qb2|wh3_main_cst_dread_rock_privateers,false,false,true,true,true,true,wh2_dlc11_lore_deep,cst_vampire_fleet_admiral_female,wh2_dlc11_skill_node_set_cst_admiral_fem_deep,,1,general,false,false,,,,wh3_main_agent_action_scaling,wh3_main_skill_agent_action_success_scaling,Agent action success modifer,Hidden skill that scales action success/defence chance,mount_hellsteed.png,0,99,0,0,false,0,49,11,Agent action success modifer,Hidden skill that scales action success/defence chance,,,,,,wh_main_effect_agent_action_success_chance_skill,[HIDDEN] Hero action success chance: %+n% (from skill),,character_to_character_own,11,campaign,0,true,,,,,,,,,,,,,,,,,,,,,,,,,character_skill_level_to_effects_junctions_tables,wh3_main_skill_agent_action_success_scaling|wh_main_effect_agent_action_success_chance_skill|11|character_to_character_own
effect,warhammer_3,8.1.1,24237342,Vampire Coast,vampire_coast,wh2_dlc11_sc_cst_vampire_coast,Vampire Fleet Admiral (Deep),Vampire_Fleet_Admiral_Deep__admiral_fem_deep,lord,wh2_dlc11_cst_admiral_fem_deep,general,general,wh2_dlc11_cst_noctilus|wh2_dlc11_cst_noctilus_separatists|wh2_dlc11_cst_pirates_of_sartosa|wh2_dlc11_cst_pirates_of_sartosa_separatists|wh2_dlc11_cst_the_drowned|wh2_dlc11_cst_the_drowned_separatists|wh2_dlc11_cst_vampire_coast|wh2_dlc11_cst_vampire_coast_encounters|wh2_dlc11_cst_vampire_coast_qb1|wh2_dlc11_cst_vampire_coast_qb2|wh2_dlc11_cst_vampire_coast_qb3|wh2_dlc11_cst_vampire_coast_qb4|wh2_dlc11_cst_vampire_coast_rebellion_rebels|wh2_dlc11_cst_vampire_coast_rebels|wh2_dlc11_cst_vampire_coast_separatists|wh3_dlc21_cst_dead_flag_fleet|wh3_dlc24_cst_vampire_coast_bloated_rebels|wh3_dlc26_cst_vampire_coast_qb1|wh3_dlc26_cst_vampire_coast_qb2|wh3_main_cst_dread_rock_privateers,false,false,true,true,true,true,wh2_dlc11_lore_deep,cst_vampire_fleet_admiral_female,wh2_dlc11_skill_node_set_cst_admiral_fem_deep,,1,general,false,false,,,,wh3_main_agent_action_scaling,wh3_main_skill_agent_action_success_scaling,Agent action success modifer,Hidden skill that scales action success/defence chance,mount_hellsteed.png,0,99,0,0,false,0,49,12,Agent action success modifer,Hidden skill that scales action success/defence chance,,,,,,wh_main_effect_agent_action_success_chance_enemy_skill,[HIDDEN] Enemy Hero action success chance: %+n% (from skill),,character_to_character_own,-12,campaign,0,true,,,,,,,,,,,,,,,,,,,,,,,,,character_skill_level_to_effects_junctions_tables,wh3_main_skill_agent_action_success_scaling|wh_main_effect_agent_action_success_chance_enemy_skill|12|character_to_character_own
effect,warhammer_3,8.1.1,24237342,Vampire Coast,vampire_coast,wh2_dlc11_sc_cst_vampire_coast,Vampire Fleet Admiral (Deep),Vampire_Fleet_Admiral_Deep__admiral_fem_deep,lord,wh2_dlc11_cst_admiral_fem_deep,general,general,wh2_dlc11_cst_noctilus|wh2_dlc11_cst_noctilus_separatists|wh2_dlc11_cst_pirates_of_sartosa|wh2_dlc11_cst_pirates_of_sartosa_separatists|wh2_dlc11_cst_the_drowned|wh2_dlc11_cst_the_drowned_separatists|wh2_dlc11_cst_vampire_coast|wh2_dlc11_cst_vampire_coast_encounters|wh2_dlc11_cst_vampire_coast_qb1|wh2_dlc11_cst_vampire_coast_qb2|wh2_dlc11_cst_vampire_coast_qb3|wh2_dlc11_cst_vampire_coast_qb4|wh2_dlc11_cst_vampire_coast_rebellion_rebels|wh2_dlc11_cst_vampire_coast_rebels|wh2_dlc11_cst_vampire_coast_separatists|wh3_dlc21_cst_dead_flag_fleet|wh3_dlc24_cst_vampire_coast_bloated_rebels|wh3_dlc26_cst_vampire_coast_qb1|wh3_dlc26_cst_vampire_coast_qb2|wh3_main_cst_dread_rock_privateers,false,false,true,true,true,true,wh2_dlc11_lore_deep,cst_vampire_fleet_admiral_female,wh2_dlc11_skill_node_set_cst_admiral_fem_deep,,1,general,false,false,,,,wh3_main_agent_action_scaling,wh3_main_skill_agent_action_success_scaling,Agent action success modifer,Hidden skill that scales action success/defence chance,mount_hellsteed.png,0,99,0,0,false,0,49,12,Agent action success modifer,Hidden skill that scales action success/defence chance,,,,,,wh_main_effect_agent_action_success_chance_skill,[HIDDEN] Hero action success chance: %+n% (from skill),,character_to_character_own,12,campaign,0,true,,,,,,,,,,,,,,,,,,,,,,,,,character_skill_level_to_effects_junctions_tables,wh3_main_skill_agent_action_success_scaling|wh_main_effect_agent_action_success_chance_skill|12|character_to_character_own
effect,warhammer_3,8.1.1,24237342,Vampire Coast,vampire_coast,wh2_dlc11_sc_cst_vampire_coast,Vampire Fleet Admiral (Deep),Vampire_Fleet_Admiral_Deep__admiral_fem_deep,lord,wh2_dlc11_cst_admiral_fem_deep,general,general,wh2_dlc11_cst_noctilus|wh2_dlc11_cst_noctilus_separatists|wh2_dlc11_cst_pirates_of_sartosa|wh2_dlc11_cst_pirates_of_sartosa_separatists|wh2_dlc11_cst_the_drowned|wh2_dlc11_cst_the_drowned_separatists|wh2_dlc11_cst_vampire_coast|wh2_dlc11_cst_vampire_coast_encounters|wh2_dlc11_cst_vampire_coast_qb1|wh2_dlc11_cst_vampire_coast_qb2|wh2_dlc11_cst_vampire_coast_qb3|wh2_dlc11_cst_vampire_coast_qb4|wh2_dlc11_cst_vampire_coast_rebellion_rebels|wh2_dlc11_cst_vampire_coast_rebels|wh2_dlc11_cst_vampire_coast_separatists|wh3_dlc21_cst_dead_flag_fleet|wh3_dlc24_cst_vampire_coast_bloated_rebels|wh3_dlc26_cst_vampire_coast_qb1|wh3_dlc26_cst_vampire_coast_qb2|wh3_main_cst_dread_rock_privateers,false,false,true,true,true,true,wh2_dlc11_lore_deep,cst_vampire_fleet_admiral_female,wh2_dlc11_skill_node_set_cst_admiral_fem_deep,,1,general,false,false,,,,wh3_main_agent_action_scaling,wh3_main_skill_agent_action_success_scaling,Agent action success modifer,Hidden skill that scales action success/defence chance,mount_hellsteed.png,0,99,0,0,false,0,49,13,Agent action success modifer,Hidden skill that scales action success/defence chance,,,,,,wh_main_effect_agent_action_success_chance_enemy_skill,[HIDDEN] Enemy Hero action success chance: %+n% (from skill),,character_to_character_own,-13,campaign,0,true,,,,,,,,,,,,,,,,,,,,,,,,,character_skill_level_to_effects_junctions_tables,wh3_main_skill_agent_action_success_scaling|wh_main_effect_agent_action_success_chance_enemy_skill|13|character_to_character_own
effect,warhammer_3,8.1.1,24237342,Vampire Coast,vampire_coast,wh2_dlc11_sc_cst_vampire_coast,Vampire Fleet Admiral (Deep),Vampire_Fleet_Admiral_Deep__admiral_fem_deep,lord,wh2_dlc11_cst_admiral_fem_deep,general,general,wh2_dlc11_cst_noctilus|wh2_dlc11_cst_noctilus_separatists|wh2_dlc11_cst_pirates_of_sartosa|wh2_dlc11_cst_pirates_of_sartosa_separatists|wh2_dlc11_cst_the_drowned|wh2_dlc11_cst_the_drowned_separatists|wh2_dlc11_cst_vampire_coast|wh2_dlc11_cst_vampire_coast_encounters|wh2_dlc11_cst_vampire_coast_qb1|wh2_dlc11_cst_vampire_coast_qb2|wh2_dlc11_cst_vampire_coast_qb3|wh2_dlc11_cst_vampire_coast_qb4|wh2_dlc11_cst_vampire_coast_rebellion_rebels|wh2_dlc11_cst_vampire_coast_rebels|wh2_dlc11_cst_vampire_coast_separatists|wh3_dlc21_cst_dead_flag_fleet|wh3_dlc24_cst_vampire_coast_bloated_rebels|wh3_dlc26_cst_vampire_coast_qb1|wh3_dlc26_cst_vampire_coast_qb2|wh3_main_cst_dread_rock_privateers,false,false,true,true,true,true,wh2_dlc11_lore_deep,cst_vampire_fleet_admiral_female,wh2_dlc11_skill_node_set_cst_admiral_fem_deep,,1,general,false,false,,,,wh3_main_agent_action_scaling,wh3_main_skill_agent_action_success_scaling,Agent action success modifer,Hidden skill that scales action success/defence chance,mount_hellsteed.png,0,99,0,0,false,0,49,13,Agent action success modifer,Hidden skill that scales action success/defence chance,,,,,,wh_main_effect_agent_action_success_chance_skill,[HIDDEN] Hero action success chance: %+n% (from skill),,character_to_character_own,13,campaign,0,true,,,,,,,,,,,,,,,,,,,,,,,,,character_skill_level_to_effects_junctions_tables,wh3_main_skill_agent_action_success_scaling|wh_main_effect_agent_action_success_chance_skill|13|character_to_character_own
effect,warhammer_3,8.1.1,24237342,Vampire Coast,vampire_coast,wh2_dlc11_sc_cst_vampire_coast,Vampire Fleet Admiral (Deep),Vampire_Fleet_Admiral_Deep__admiral_fem_deep,lord,wh2_dlc11_cst_admiral_fem_deep,general,general,wh2_dlc11_cst_noctilus|wh2_dlc11_cst_noctilus_separatists|wh2_dlc11_cst_pirates_of_sartosa|wh2_dlc11_cst_pirates_of_sartosa_separatists|wh2_dlc11_cst_the_drowned|wh2_dlc11_cst_the_drowned_separatists|wh2_dlc11_cst_vampire_coast|wh2_dlc11_cst_vampire_coast_encounters|wh2_dlc11_cst_vampire_coast_qb1|wh2_dlc11_cst_vampire_coast_qb2|wh2_dlc11_cst_vampire_coast_qb3|wh2_dlc11_cst_vampire_coast_qb4|wh2_dlc11_cst_vampire_coast_rebellion_rebels|wh2_dlc11_cst_vampire_coast_rebels|wh2_dlc11_cst_vampire_coast_separatists|wh3_dlc21_cst_dead_flag_fleet|wh3_dlc24_cst_vampire_coast_bloated_rebels|wh3_dlc26_cst_vampire_coast_qb1|wh3_dlc26_cst_vampire_coast_qb2|wh3_main_cst_dread_rock_privateers,false,false,true,true,true,true,wh2_dlc11_lore_deep,cst_vampire_fleet_admiral_female,wh2_dlc11_skill_node_set_cst_admiral_fem_deep,,1,general,false,false,,,,wh3_main_agent_action_scaling,wh3_main_skill_agent_action_success_scaling,Agent action success modifer,Hidden skill that scales action success/defence chance,mount_hellsteed.png,0,99,0,0,false,0,49,14,Agent action success modifer,Hidden skill that scales action success/defence chance,,,,,,wh_main_effect_agent_action_success_chance_enemy_skill,[HIDDEN] Enemy Hero action success chance: %+n% (from skill),,character_to_character_own,-14,campaign,0,true,,,,,,,,,,,,,,,,,,,,,,,,,character_skill_level_to_effects_junctions_tables,wh3_main_skill_agent_action_success_scaling|wh_main_effect_agent_action_success_chance_enemy_skill|14|character_to_character_own
effect,warhammer_3,8.1.1,24237342,Vampire Coast,vampire_coast,wh2_dlc11_sc_cst_vampire_coast,Vampire Fleet Admiral (Deep),Vampire_Fleet_Admiral_Deep__admiral_fem_deep,lord,wh2_dlc11_cst_admiral_fem_deep,general,general,wh2_dlc11_cst_noctilus|wh2_dlc11_cst_noctilus_separatists|wh2_dlc11_cst_pirates_of_sartosa|wh2_dlc11_cst_pirates_of_sartosa_separatists|wh2_dlc11_cst_the_drowned|wh2_dlc11_cst_the_drowned_separatists|wh2_dlc11_cst_vampire_coast|wh2_dlc11_cst_vampire_coast_encounters|wh2_dlc11_cst_vampire_coast_qb1|wh2_dlc11_cst_vampire_coast_qb2|wh2_dlc11_cst_vampire_coast_qb3|wh2_dlc11_cst_vampire_coast_qb4|wh2_dlc11_cst_vampire_coast_rebellion_rebels|wh2_dlc11_cst_vampire_coast_rebels|wh2_dlc11_cst_vampire_coast_separatists|wh3_dlc21_cst_dead_flag_fleet|wh3_dlc24_cst_vampire_coast_bloated_rebels|wh3_dlc26_cst_vampire_coast_qb1|wh3_dlc26_cst_vampire_coast_qb2|wh3_main_cst_dread_rock_privateers,false,false,true,true,true,true,wh2_dlc11_lore_deep,cst_vampire_fleet_admiral_female,wh2_dlc11_skill_node_set_cst_admiral_fem_deep,,1,general,false,false,,,,wh3_main_agent_action_scaling,wh3_main_skill_agent_action_success_scaling,Agent action success modifer,Hidden skill that scales action success/defence chance,mount_hellsteed.png,0,99,0,0,false,0,49,14,Agent action success modifer,Hidden skill that scales action success/defence chance,,,,,,wh_main_effect_agent_action_success_chance_skill,[HIDDEN] Hero action success chance: %+n% (from skill),,character_to_character_own,14,campaign,0,true,,,,,,,,,,,,,,,,,,,,,,,,,character_skill_level_to_effects_junctions_tables,wh3_main_skill_agent_action_success_scaling|wh_main_effect_agent_action_success_chance_skill|14|character_to_character_own
effect,warhammer_3,8.1.1,24237342,Vampire Coast,vampire_coast,wh2_dlc11_sc_cst_vampire_coast,Vampire Fleet Admiral (Deep),Vampire_Fleet_Admiral_Deep__admiral_fem_deep,lord,wh2_dlc11_cst_admiral_fem_deep,general,general,wh2_dlc11_cst_noctilus|wh2_dlc11_cst_noctilus_separatists|wh2_dlc11_cst_pirates_of_sartosa|wh2_dlc11_cst_pirates_of_sartosa_separatists|wh2_dlc11_cst_the_drowned|wh2_dlc11_cst_the_drowned_separatists|wh2_dlc11_cst_vampire_coast|wh2_dlc11_cst_vampire_coast_encounters|wh2_dlc11_cst_vampire_coast_qb1|wh2_dlc11_cst_vampire_coast_qb2|wh2_dlc11_cst_vampire_coast_qb3|wh2_dlc11_cst_vampire_coast_qb4|wh2_dlc11_cst_vampire_coast_rebellion_rebels|wh2_dlc11_cst_vampire_coast_rebels|wh2_dlc11_cst_vampire_coast_separatists|wh3_dlc21_cst_dead_flag_fleet|wh3_dlc24_cst_vampire_coast_bloated_rebels|wh3_dlc26_cst_vampire_coast_qb1|wh3_dlc26_cst_vampire_coast_qb2|wh3_main_cst_dread_rock_privateers,false,false,true,true,true,true,wh2_dlc11_lore_deep,cst_vampire_fleet_admiral_female,wh2_dlc11_skill_node_set_cst_admiral_fem_deep,,1,general,false,false,,,,wh3_main_agent_action_scaling,wh3_main_skill_agent_action_success_scaling,Agent action success modifer,Hidden skill that scales action success/defence chance,mount_hellsteed.png,0,99,0,0,false,0,49,15,Agent action success modifer,Hidden skill that scales action success/defence chance,,,,,,wh_main_effect_agent_action_success_chance_enemy_skill,[HIDDEN] Enemy Hero action success chance: %+n% (from skill),,character_to_character_own,-15,campaign,0,true,,,,,,,,,,,,,,,,,,,,,,,,,character_skill_level_to_effects_junctions_tables,wh3_main_skill_agent_action_success_scaling|wh_main_effect_agent_action_success_chance_enemy_skill|15|character_to_character_own
effect,warhammer_3,8.1.1,24237342,Vampire Coast,vampire_coast,wh2_dlc11_sc_cst_vampire_coast,Vampire Fleet Admiral (Deep),Vampire_Fleet_Admiral_Deep__admiral_fem_deep,lord,wh2_dlc11_cst_admiral_fem_deep,general,general,wh2_dlc11_cst_noctilus|wh2_dlc11_cst_noctilus_separatists|wh2_dlc11_cst_pirates_of_sartosa|wh2_dlc11_cst_pirates_of_sartosa_separatists|wh2_dlc11_cst_the_drowned|wh2_dlc11_cst_the_drowned_separatists|wh2_dlc11_cst_vampire_coast|wh2_dlc11_cst_vampire_coast_encounters|wh2_dlc11_cst_vampire_coast_qb1|wh2_dlc11_cst_vampire_coast_qb2|wh2_dlc11_cst_vampire_coast_qb3|wh2_dlc11_cst_vampire_coast_qb4|wh2_dlc11_cst_vampire_coast_rebellion_rebels|wh2_dlc11_cst_vampire_coast_rebels|wh2_dlc11_cst_vampire_coast_separatists|wh3_dlc21_cst_dead_flag_fleet|wh3_dlc24_cst_vampire_coast_bloated_rebels|wh3_dlc26_cst_vampire_coast_qb1|wh3_dlc26_cst_vampire_coast_qb2|wh3_main_cst_dread_rock_privateers,false,false,true,true,true,true,wh2_dlc11_lore_deep,cst_vampire_fleet_admiral_female,wh2_dlc11_skill_node_set_cst_admiral_fem_deep,,1,general,false,false,,,,wh3_main_agent_action_scaling,wh3_main_skill_agent_action_success_scaling,Agent action success modifer,Hidden skill that scales action success/defence chance,mount_hellsteed.png,0,99,0,0,false,0,49,15,Agent action success modifer,Hidden skill that scales action success/defence chance,,,,,,wh_main_effect_agent_action_success_chance_skill,[HIDDEN] Hero action success chance: %+n% (from skill),,character_to_character_own,15,campaign,0,true,,,,,,,,,,,,,,,,,,,,,,,,,character_skill_level_to_effects_junctions_tables,wh3_main_skill_agent_action_success_scaling|wh_main_effect_agent_action_success_chance_skill|15|character_to_character_own
effect,warhammer_3,8.1.1,24237342,Vampire Coast,vampire_coast,wh2_dlc11_sc_cst_vampire_coast,Vampire Fleet Admiral (Deep),Vampire_Fleet_Admiral_Deep__admiral_fem_deep,lord,wh2_dlc11_cst_admiral_fem_deep,general,general,wh2_dlc11_cst_noctilus|wh2_dlc11_cst_noctilus_separatists|wh2_dlc11_cst_pirates_of_sartosa|wh2_dlc11_cst_pirates_of_sartosa_separatists|wh2_dlc11_cst_the_drowned|wh2_dlc11_cst_the_drowned_separatists|wh2_dlc11_cst_vampire_coast|wh2_dlc11_cst_vampire_coast_encounters|wh2_dlc11_cst_vampire_coast_qb1|wh2_dlc11_cst_vampire_coast_qb2|wh2_dlc11_cst_vampire_coast_qb3|wh2_dlc11_cst_vampire_coast_qb4|wh2_dlc11_cst_vampire_coast_rebellion_rebels|wh2_dlc11_cst_vampire_coast_rebels|wh2_dlc11_cst_vampire_coast_separatists|wh3_dlc21_cst_dead_flag_fleet|wh3_dlc24_cst_vampire_coast_bloated_rebels|wh3_dlc26_cst_vampire_coast_qb1|wh3_dlc26_cst_vampire_coast_qb2|wh3_main_cst_dread_rock_privateers,false,false,true,true,true,true,wh2_dlc11_lore_deep,cst_vampire_fleet_admiral_female,wh2_dlc11_skill_node_set_cst_admiral_fem_deep,,1,general,false,false,,,,wh3_main_agent_action_scaling,wh3_main_skill_agent_action_success_scaling,Agent action success modifer,Hidden skill that scales action success/defence chance,mount_hellsteed.png,0,99,0,0,false,0,49,16,Agent action success modifer,Hidden skill that scales action success/defence chance,,,,,,wh_main_effect_agent_action_success_chance_enemy_skill,[HIDDEN] Enemy Hero action success chance: %+n% (from skill),,character_to_character_own,-16,campaign,0,true,,,,,,,,,,,,,,,,,,,,,,,,,character_skill_level_to_effects_junctions_tables,wh3_main_skill_agent_action_success_scaling|wh_main_effect_agent_action_success_chance_enemy_skill|16|character_to_character_own
effect,warhammer_3,8.1.1,24237342,Vampire Coast,vampire_coast,wh2_dlc11_sc_cst_vampire_coast,Vampire Fleet Admiral (Deep),Vampire_Fleet_Admiral_Deep__admiral_fem_deep,lord,wh2_dlc11_cst_admiral_fem_deep,general,general,wh2_dlc11_cst_noctilus|wh2_dlc11_cst_noctilus_separatists|wh2_dlc11_cst_pirates_of_sartosa|wh2_dlc11_cst_pirates_of_sartosa_separatists|wh2_dlc11_cst_the_drowned|wh2_dlc11_cst_the_drowned_separatists|wh2_dlc11_cst_vampire_coast|wh2_dlc11_cst_vampire_coast_encounters|wh2_dlc11_cst_vampire_coast_qb1|wh2_dlc11_cst_vampire_coast_qb2|wh2_dlc11_cst_vampire_coast_qb3|wh2_dlc11_cst_vampire_coast_qb4|wh2_dlc11_cst_vampire_coast_rebellion_rebels|wh2_dlc11_cst_vampire_coast_rebels|wh2_dlc11_cst_vampire_coast_separatists|wh3_dlc21_cst_dead_flag_fleet|wh3_dlc24_cst_vampire_coast_bloated_rebels|wh3_dlc26_cst_vampire_coast_qb1|wh3_dlc26_cst_vampire_coast_qb2|wh3_main_cst_dread_rock_privateers,false,false,true,true,true,true,wh2_dlc11_lore_deep,cst_vampire_fleet_admiral_female,wh2_dlc11_skill_node_set_cst_admiral_fem_deep,,1,general,false,false,,,,wh3_main_agent_action_scaling,wh3_main_skill_agent_action_success_scaling,Agent action success modifer,Hidden skill that scales action success/defence chance,mount_hellsteed.png,0,99,0,0,false,0,49,16,Agent action success modifer,Hidden skill that scales action success/defence chance,,,,,,wh_main_effect_agent_action_success_chance_skill,[HIDDEN] Hero action success chance: %+n% (from skill),,character_to_character_own,16,campaign,0,true,,,,,,,,,,,,,,,,,,,,,,,,,character_skill_level_to_effects_junctions_tables,wh3_main_skill_agent_action_success_scaling|wh_main_effect_agent_action_success_chance_skill|16|character_to_character_own
effect,warhammer_3,8.1.1,24237342,Vampire Coast,vampire_coast,wh2_dlc11_sc_cst_vampire_coast,Vampire Fleet Admiral (Deep),Vampire_Fleet_Admiral_Deep__admiral_fem_deep,lord,wh2_dlc11_cst_admiral_fem_deep,general,general,wh2_dlc11_cst_noctilus|wh2_dlc11_cst_noctilus_separatists|wh2_dlc11_cst_pirates_of_sartosa|wh2_dlc11_cst_pirates_of_sartosa_separatists|wh2_dlc11_cst_the_drowned|wh2_dlc11_cst_the_drowned_separatists|wh2_dlc11_cst_vampire_coast|wh2_dlc11_cst_vampire_coast_encounters|wh2_dlc11_cst_vampire_coast_qb1|wh2_dlc11_cst_vampire_coast_qb2|wh2_dlc11_cst_vampire_coast_qb3|wh2_dlc11_cst_vampire_coast_qb4|wh2_dlc11_cst_vampire_coast_rebellion_rebels|wh2_dlc11_cst_vampire_coast_rebels|wh2_dlc11_cst_vampire_coast_separatists|wh3_dlc21_cst_dead_flag_fleet|wh3_dlc24_cst_vampire_coast_bloated_rebels|wh3_dlc26_cst_vampire_coast_qb1|wh3_dlc26_cst_vampire_coast_qb2|wh3_main_cst_dread_rock_privateers,false,false,true,true,true,true,wh2_dlc11_lore_deep,cst_vampire_fleet_admiral_female,wh2_dlc11_skill_node_set_cst_admiral_fem_deep,,1,general,false,false,,,,wh3_main_agent_action_scaling,wh3_main_skill_agent_action_success_scaling,Agent action success modifer,Hidden skill that scales action success/defence chance,mount_hellsteed.png,0,99,0,0,false,0,49,17,Agent action success modifer,Hidden skill that scales action success/defence chance,,,,,,wh_main_effect_agent_action_success_chance_enemy_skill,[HIDDEN] Enemy Hero action success chance: %+n% (from skill),,character_to_character_own,-17,campaign,0,true,,,,,,,,,,,,,,,,,,,,,,,,,character_skill_level_to_effects_junctions_tables,wh3_main_skill_agent_action_success_scaling|wh_main_effect_agent_action_success_chance_enemy_skill|17|character_to_character_own
effect,warhammer_3,8.1.1,24237342,Vampire Coast,vampire_coast,wh2_dlc11_sc_cst_vampire_coast,Vampire Fleet Admiral (Deep),Vampire_Fleet_Admiral_Deep__admiral_fem_deep,lord,wh2_dlc11_cst_admiral_fem_deep,general,general,wh2_dlc11_cst_noctilus|wh2_dlc11_cst_noctilus_separatists|wh2_dlc11_cst_pirates_of_sartosa|wh2_dlc11_cst_pirates_of_sartosa_separatists|wh2_dlc11_cst_the_drowned|wh2_dlc11_cst_the_drowned_separatists|wh2_dlc11_cst_vampire_coast|wh2_dlc11_cst_vampire_coast_encounters|wh2_dlc11_cst_vampire_coast_qb1|wh2_dlc11_cst_vampire_coast_qb2|wh2_dlc11_cst_vampire_coast_qb3|wh2_dlc11_cst_vampire_coast_qb4|wh2_dlc11_cst_vampire_coast_rebellion_rebels|wh2_dlc11_cst_vampire_coast_rebels|wh2_dlc11_cst_vampire_coast_separatists|wh3_dlc21_cst_dead_flag_fleet|wh3_dlc24_cst_vampire_coast_bloated_rebels|wh3_dlc26_cst_vampire_coast_qb1|wh3_dlc26_cst_vampire_coast_qb2|wh3_main_cst_dread_rock_privateers,false,false,true,true,true,true,wh2_dlc11_lore_deep,cst_vampire_fleet_admiral_female,wh2_dlc11_skill_node_set_cst_admiral_fem_deep,,1,general,false,false,,,,wh3_main_agent_action_scaling,wh3_main_skill_agent_action_success_scaling,Agent action success modifer,Hidden skill that scales action success/defence chance,mount_hellsteed.png,0,99,0,0,false,0,49,17,Agent action success modifer,Hidden skill that scales action success/defence chance,,,,,,wh_main_effect_agent_action_success_chance_skill,[HIDDEN] Hero action success chance: %+n% (from skill),,character_to_character_own,17,campaign,0,true,,,,,,,,,,,,,,,,,,,,,,,,,character_skill_level_to_effects_junctions_tables,wh3_main_skill_agent_action_success_scaling|wh_main_effect_agent_action_success_chance_skill|17|character_to_character_own
effect,warhammer_3,8.1.1,24237342,Vampire Coast,vampire_coast,wh2_dlc11_sc_cst_vampire_coast,Vampire Fleet Admiral (Deep),Vampire_Fleet_Admiral_Deep__admiral_fem_deep,lord,wh2_dlc11_cst_admiral_fem_deep,general,general,wh2_dlc11_cst_noctilus|wh2_dlc11_cst_noctilus_separatists|wh2_dlc11_cst_pirates_of_sartosa|wh2_dlc11_cst_pirates_of_sartosa_separatists|wh2_dlc11_cst_the_drowned|wh2_dlc11_cst_the_drowned_separatists|wh2_dlc11_cst_vampire_coast|wh2_dlc11_cst_vampire_coast_encounters|wh2_dlc11_cst_vampire_coast_qb1|wh2_dlc11_cst_vampire_coast_qb2|wh2_dlc11_cst_vampire_coast_qb3|wh2_dlc11_cst_vampire_coast_qb4|wh2_dlc11_cst_vampire_coast_rebellion_rebels|wh2_dlc11_cst_vampire_coast_rebels|wh2_dlc11_cst_vampire_coast_separatists|wh3_dlc21_cst_dead_flag_fleet|wh3_dlc24_cst_vampire_coast_bloated_rebels|wh3_dlc26_cst_vampire_coast_qb1|wh3_dlc26_cst_vampire_coast_qb2|wh3_main_cst_dread_rock_privateers,false,false,true,true,true,true,wh2_dlc11_lore_deep,cst_vampire_fleet_admiral_female,wh2_dlc11_skill_node_set_cst_admiral_fem_deep,,1,general,false,false,,,,wh3_main_agent_action_scaling,wh3_main_skill_agent_action_success_scaling,Agent action success modifer,Hidden skill that scales action success/defence chance,mount_hellsteed.png,0,99,0,0,false,0,49,18,Agent action success modifer,Hidden skill that scales action success/defence chance,,,,,,wh_main_effect_agent_action_success_chance_enemy_skill,[HIDDEN] Enemy Hero action success chance: %+n% (from skill),,character_to_character_own,-18,campaign,0,true,,,,,,,,,,,,,,,,,,,,,,,,,character_skill_level_to_effects_junctions_tables,wh3_main_skill_agent_action_success_scaling|wh_main_effect_agent_action_success_chance_enemy_skill|18|character_to_character_own
effect,warhammer_3,8.1.1,24237342,Vampire Coast,vampire_coast,wh2_dlc11_sc_cst_vampire_coast,Vampire Fleet Admiral (Deep),Vampire_Fleet_Admiral_Deep__admiral_fem_deep,lord,wh2_dlc11_cst_admiral_fem_deep,general,general,wh2_dlc11_cst_noctilus|wh2_dlc11_cst_noctilus_separatists|wh2_dlc11_cst_pirates_of_sartosa|wh2_dlc11_cst_pirates_of_sartosa_separatists|wh2_dlc11_cst_the_drowned|wh2_dlc11_cst_the_drowned_separatists|wh2_dlc11_cst_vampire_coast|wh2_dlc11_cst_vampire_coast_encounters|wh2_dlc11_cst_vampire_coast_qb1|wh2_dlc11_cst_vampire_coast_qb2|wh2_dlc11_cst_vampire_coast_qb3|wh2_dlc11_cst_vampire_coast_qb4|wh2_dlc11_cst_vampire_coast_rebellion_rebels|wh2_dlc11_cst_vampire_coast_rebels|wh2_dlc11_cst_vampire_coast_separatists|wh3_dlc21_cst_dead_flag_fleet|wh3_dlc24_cst_vampire_coast_bloated_rebels|wh3_dlc26_cst_vampire_coast_qb1|wh3_dlc26_cst_vampire_coast_qb2|wh3_main_cst_dread_rock_privateers,false,false,true,true,true,true,wh2_dlc11_lore_deep,cst_vampire_fleet_admiral_female,wh2_dlc11_skill_node_set_cst_admiral_fem_deep,,1,general,false,false,,,,wh3_main_agent_action_scaling,wh3_main_skill_agent_action_success_scaling,Agent action success modifer,Hidden skill that scales action success/defence chance,mount_hellsteed.png,0,99,0,0,false,0,49,18,Agent action success modifer,Hidden skill that scales action success/defence chance,,,,,,wh_main_effect_agent_action_success_chance_skill,[HIDDEN] Hero action success chance: %+n% (from skill),,character_to_character_own,18,campaign,0,true,,,,,,,,,,,,,,,,,,,,,,,,,character_skill_level_to_effects_junctions_tables,wh3_main_skill_agent_action_success_scaling|wh_main_effect_agent_action_success_chance_skill|18|character_to_character_own
effect,warhammer_3,8.1.1,24237342,Vampire Coast,vampire_coast,wh2_dlc11_sc_cst_vampire_coast,Vampire Fleet Admiral (Deep),Vampire_Fleet_Admiral_Deep__admiral_fem_deep,lord,wh2_dlc11_cst_admiral_fem_deep,general,general,wh2_dlc11_cst_noctilus|wh2_dlc11_cst_noctilus_separatists|wh2_dlc11_cst_pirates_of_sartosa|wh2_dlc11_cst_pirates_of_sartosa_separatists|wh2_dlc11_cst_the_drowned|wh2_dlc11_cst_the_drowned_separatists|wh2_dlc11_cst_vampire_coast|wh2_dlc11_cst_vampire_coast_encounters|wh2_dlc11_cst_vampire_coast_qb1|wh2_dlc11_cst_vampire_coast_qb2|wh2_dlc11_cst_vampire_coast_qb3|wh2_dlc11_cst_vampire_coast_qb4|wh2_dlc11_cst_vampire_coast_rebellion_rebels|wh2_dlc11_cst_vampire_coast_rebels|wh2_dlc11_cst_vampire_coast_separatists|wh3_dlc21_cst_dead_flag_fleet|wh3_dlc24_cst_vampire_coast_bloated_rebels|wh3_dlc26_cst_vampire_coast_qb1|wh3_dlc26_cst_vampire_coast_qb2|wh3_main_cst_dread_rock_privateers,false,false,true,true,true,true,wh2_dlc11_lore_deep,cst_vampire_fleet_admiral_female,wh2_dlc11_skill_node_set_cst_admiral_fem_deep,,1,general,false,false,,,,wh3_main_agent_action_scaling,wh3_main_skill_agent_action_success_scaling,Agent action success modifer,Hidden skill that scales action success/defence chance,mount_hellsteed.png,0,99,0,0,false,0,49,19,Agent action success modifer,Hidden skill that scales action success/defence chance,,,,,,wh_main_effect_agent_action_success_chance_enemy_skill,[HIDDEN] Enemy Hero action success chance: %+n% (from skill),,character_to_character_own,-19,campaign,0,true,,,,,,,,,,,,,,,,,,,,,,,,,character_skill_level_to_effects_junctions_tables,wh3_main_skill_agent_action_success_scaling|wh_main_effect_agent_action_success_chance_enemy_skill|19|character_to_character_own
effect,warhammer_3,8.1.1,24237342,Vampire Coast,vampire_coast,wh2_dlc11_sc_cst_vampire_coast,Vampire Fleet Admiral (Deep),Vampire_Fleet_Admiral_Deep__admiral_fem_deep,lord,wh2_dlc11_cst_admiral_fem_deep,general,general,wh2_dlc11_cst_noctilus|wh2_dlc11_cst_noctilus_separatists|wh2_dlc11_cst_pirates_of_sartosa|wh2_dlc11_cst_pirates_of_sartosa_separatists|wh2_dlc11_cst_the_drowned|wh2_dlc11_cst_the_drowned_separatists|wh2_dlc11_cst_vampire_coast|wh2_dlc11_cst_vampire_coast_encounters|wh2_dlc11_cst_vampire_coast_qb1|wh2_dlc11_cst_vampire_coast_qb2|wh2_dlc11_cst_vampire_coast_qb3|wh2_dlc11_cst_vampire_coast_qb4|wh2_dlc11_cst_vampire_coast_rebellion_rebels|wh2_dlc11_cst_vampire_coast_rebels|wh2_dlc11_cst_vampire_coast_separatists|wh3_dlc21_cst_dead_flag_fleet|wh3_dlc24_cst_vampire_coast_bloated_rebels|wh3_dlc26_cst_vampire_coast_qb1|wh3_dlc26_cst_vampire_coast_qb2|wh3_main_cst_dread_rock_privateers,false,false,true,true,true,true,wh2_dlc11_lore_deep,cst_vampire_fleet_admiral_female,wh2_dlc11_skill_node_set_cst_admiral_fem_deep,,1,general,false,false,,,,wh3_main_agent_action_scaling,wh3_main_skill_agent_action_success_scaling,Agent action success modifer,Hidden skill that scales action success/defence chance,mount_hellsteed.png,0,99,0,0,false,0,49,19,Agent action success modifer,Hidden skill that scales action success/defence chance,,,,,,wh_main_effect_agent_action_success_chance_skill,[HIDDEN] Hero action success chance: %+n% (from skill),,character_to_character_own,19,campaign,0,true,,,,,,,,,,,,,,,,,,,,,,,,,character_skill_level_to_effects_junctions_tables,wh3_main_skill_agent_action_success_scaling|wh_main_effect_agent_action_success_chance_skill|19|character_to_character_own
effect,warhammer_3,8.1.1,24237342,Vampire Coast,vampire_coast,wh2_dlc11_sc_cst_vampire_coast,Vampire Fleet Admiral (Deep),Vampire_Fleet_Admiral_Deep__admiral_fem_deep,lord,wh2_dlc11_cst_admiral_fem_deep,general,general,wh2_dlc11_cst_noctilus|wh2_dlc11_cst_noctilus_separatists|wh2_dlc11_cst_pirates_of_sartosa|wh2_dlc11_cst_pirates_of_sartosa_separatists|wh2_dlc11_cst_the_drowned|wh2_dlc11_cst_the_drowned_separatists|wh2_dlc11_cst_vampire_coast|wh2_dlc11_cst_vampire_coast_encounters|wh2_dlc11_cst_vampire_coast_qb1|wh2_dlc11_cst_vampire_coast_qb2|wh2_dlc11_cst_vampire_coast_qb3|wh2_dlc11_cst_vampire_coast_qb4|wh2_dlc11_cst_vampire_coast_rebellion_rebels|wh2_dlc11_cst_vampire_coast_rebels|wh2_dlc11_cst_vampire_coast_separatists|wh3_dlc21_cst_dead_flag_fleet|wh3_dlc24_cst_vampire_coast_bloated_rebels|wh3_dlc26_cst_vampire_coast_qb1|wh3_dlc26_cst_vampire_coast_qb2|wh3_main_cst_dread_rock_privateers,false,false,true,true,true,true,wh2_dlc11_lore_deep,cst_vampire_fleet_admiral_female,wh2_dlc11_skill_node_set_cst_admiral_fem_deep,,1,general,false,false,,,,wh3_main_agent_action_scaling,wh3_main_skill_agent_action_success_scaling,Agent action success modifer,Hidden skill that scales action success/defence chance,mount_hellsteed.png,0,99,0,0,false,0,49,20,Agent action success modifer,Hidden skill that scales action success/defence chance,,,,,,wh_main_effect_agent_action_success_chance_enemy_skill,[HIDDEN] Enemy Hero action success chance: %+n% (from skill),,character_to_character_own,-20,campaign,0,true,,,,,,,,,,,,,,,,,,,,,,,,,character_skill_level_to_effects_junctions_tables,wh3_main_skill_agent_action_success_scaling|wh_main_effect_agent_action_success_chance_enemy_skill|20|character_to_character_own
effect,warhammer_3,8.1.1,24237342,Vampire Coast,vampire_coast,wh2_dlc11_sc_cst_vampire_coast,Vampire Fleet Admiral (Deep),Vampire_Fleet_Admiral_Deep__admiral_fem_deep,lord,wh2_dlc11_cst_admiral_fem_deep,general,general,wh2_dlc11_cst_noctilus|wh2_dlc11_cst_noctilus_separatists|wh2_dlc11_cst_pirates_of_sartosa|wh2_dlc11_cst_pirates_of_sartosa_separatists|wh2_dlc11_cst_the_drowned|wh2_dlc11_cst_the_drowned_separatists|wh2_dlc11_cst_vampire_coast|wh2_dlc11_cst_vampire_coast_encounters|wh2_dlc11_cst_vampire_coast_qb1|wh2_dlc11_cst_vampire_coast_qb2|wh2_dlc11_cst_vampire_coast_qb3|wh2_dlc11_cst_vampire_coast_qb4|wh2_dlc11_cst_vampire_coast_rebellion_rebels|wh2_dlc11_cst_vampire_coast_rebels|wh2_dlc11_cst_vampire_coast_separatists|wh3_dlc21_cst_dead_flag_fleet|wh3_dlc24_cst_vampire_coast_bloated_rebels|wh3_dlc26_cst_vampire_coast_qb1|wh3_dlc26_cst_vampire_coast_qb2|wh3_main_cst_dread_rock_privateers,false,false,true,true,true,true,wh2_dlc11_lore_deep,cst_vampire_fleet_admiral_female,wh2_dlc11_skill_node_set_cst_admiral_fem_deep,,1,general,false,false,,,,wh3_main_agent_action_scaling,wh3_main_skill_agent_action_success_scaling,Agent action success modifer,Hidden skill that scales action success/defence chance,mount_hellsteed.png,0,99,0,0,false,0,49,20,Agent action success modifer,Hidden skill that scales action success/defence chance,,,,,,wh_main_effect_agent_action_success_chance_skill,[HIDDEN] Hero action success chance: %+n% (from skill),,character_to_character_own,20,campaign,0,true,,,,,,,,,,,,,,,,,,,,,,,,,character_skill_level_to_effects_junctions_tables,wh3_main_skill_agent_action_success_scaling|wh_main_effect_agent_action_success_chance_skill|20|character_to_character_own
effect,warhammer_3,8.1.1,24237342,Vampire Coast,vampire_coast,wh2_dlc11_sc_cst_vampire_coast,Vampire Fleet Admiral (Deep),Vampire_Fleet_Admiral_Deep__admiral_fem_deep,lord,wh2_dlc11_cst_admiral_fem_deep,general,general,wh2_dlc11_cst_noctilus|wh2_dlc11_cst_noctilus_separatists|wh2_dlc11_cst_pirates_of_sartosa|wh2_dlc11_cst_pirates_of_sartosa_separatists|wh2_dlc11_cst_the_drowned|wh2_dlc11_cst_the_drowned_separatists|wh2_dlc11_cst_vampire_coast|wh2_dlc11_cst_vampire_coast_encounters|wh2_dlc11_cst_vampire_coast_qb1|wh2_dlc11_cst_vampire_coast_qb2|wh2_dlc11_cst_vampire_coast_qb3|wh2_dlc11_cst_vampire_coast_qb4|wh2_dlc11_cst_vampire_coast_rebellion_rebels|wh2_dlc11_cst_vampire_coast_rebels|wh2_dlc11_cst_vampire_coast_separatists|wh3_dlc21_cst_dead_flag_fleet|wh3_dlc24_cst_vampire_coast_bloated_rebels|wh3_dlc26_cst_vampire_coast_qb1|wh3_dlc26_cst_vampire_coast_qb2|wh3_main_cst_dread_rock_privateers,false,false,true,true,true,true,wh2_dlc11_lore_deep,cst_vampire_fleet_admiral_female,wh2_dlc11_skill_node_set_cst_admiral_fem_deep,,1,general,false,false,,,,wh3_main_agent_action_scaling,wh3_main_skill_agent_action_success_scaling,Agent action success modifer,Hidden skill that scales action success/defence chance,mount_hellsteed.png,0,99,0,0,false,0,49,21,Agent action success modifer,Hidden skill that scales action success/defence chance,,,,,,wh_main_effect_agent_action_success_chance_enemy_skill,[HIDDEN] Enemy Hero action success chance: %+n% (from skill),,character_to_character_own,-21,campaign,0,true,,,,,,,,,,,,,,,,,,,,,,,,,character_skill_level_to_effects_junctions_tables,wh3_main_skill_agent_action_success_scaling|wh_main_effect_agent_action_success_chance_enemy_skill|21|character_to_character_own
effect,warhammer_3,8.1.1,24237342,Vampire Coast,vampire_coast,wh2_dlc11_sc_cst_vampire_coast,Vampire Fleet Admiral (Deep),Vampire_Fleet_Admiral_Deep__admiral_fem_deep,lord,wh2_dlc11_cst_admiral_fem_deep,general,general,wh2_dlc11_cst_noctilus|wh2_dlc11_cst_noctilus_separatists|wh2_dlc11_cst_pirates_of_sartosa|wh2_dlc11_cst_pirates_of_sartosa_separatists|wh2_dlc11_cst_the_drowned|wh2_dlc11_cst_the_drowned_separatists|wh2_dlc11_cst_vampire_coast|wh2_dlc11_cst_vampire_coast_encounters|wh2_dlc11_cst_vampire_coast_qb1|wh2_dlc11_cst_vampire_coast_qb2|wh2_dlc11_cst_vampire_coast_qb3|wh2_dlc11_cst_vampire_coast_qb4|wh2_dlc11_cst_vampire_coast_rebellion_rebels|wh2_dlc11_cst_vampire_coast_rebels|wh2_dlc11_cst_vampire_coast_separatists|wh3_dlc21_cst_dead_flag_fleet|wh3_dlc24_cst_vampire_coast_bloated_rebels|wh3_dlc26_cst_vampire_coast_qb1|wh3_dlc26_cst_vampire_coast_qb2|wh3_main_cst_dread_rock_privateers,false,false,true,true,true,true,wh2_dlc11_lore_deep,cst_vampire_fleet_admiral_female,wh2_dlc11_skill_node_set_cst_admiral_fem_deep,,1,general,false,false,,,,wh3_main_agent_action_scaling,wh3_main_skill_agent_action_success_scaling,Agent action success modifer,Hidden skill that scales action success/defence chance,mount_hellsteed.png,0,99,0,0,false,0,49,21,Agent action success modifer,Hidden skill that scales action success/defence chance,,,,,,wh_main_effect_agent_action_success_chance_skill,[HIDDEN] Hero action success chance: %+n% (from skill),,character_to_character_own,21,campaign,0,true,,,,,,,,,,,,,,,,,,,,,,,,,character_skill_level_to_effects_junctions_tables,wh3_main_skill_agent_action_success_scaling|wh_main_effect_agent_action_success_chance_skill|21|character_to_character_own
effect,warhammer_3,8.1.1,24237342,Vampire Coast,vampire_coast,wh2_dlc11_sc_cst_vampire_coast,Vampire Fleet Admiral (Deep),Vampire_Fleet_Admiral_Deep__admiral_fem_deep,lord,wh2_dlc11_cst_admiral_fem_deep,general,general,wh2_dlc11_cst_noctilus|wh2_dlc11_cst_noctilus_separatists|wh2_dlc11_cst_pirates_of_sartosa|wh2_dlc11_cst_pirates_of_sartosa_separatists|wh2_dlc11_cst_the_drowned|wh2_dlc11_cst_the_drowned_separatists|wh2_dlc11_cst_vampire_coast|wh2_dlc11_cst_vampire_coast_encounters|wh2_dlc11_cst_vampire_coast_qb1|wh2_dlc11_cst_vampire_coast_qb2|wh2_dlc11_cst_vampire_coast_qb3|wh2_dlc11_cst_vampire_coast_qb4|wh2_dlc11_cst_vampire_coast_rebellion_rebels|wh2_dlc11_cst_vampire_coast_rebels|wh2_dlc11_cst_vampire_coast_separatists|wh3_dlc21_cst_dead_flag_fleet|wh3_dlc24_cst_vampire_coast_bloated_rebels|wh3_dlc26_cst_vampire_coast_qb1|wh3_dlc26_cst_vampire_coast_qb2|wh3_main_cst_dread_rock_privateers,false,false,true,true,true,true,wh2_dlc11_lore_deep,cst_vampire_fleet_admiral_female,wh2_dlc11_skill_node_set_cst_admiral_fem_deep,,1,general,false,false,,,,wh3_main_agent_action_scaling,wh3_main_skill_agent_action_success_scaling,Agent action success modifer,Hidden skill that scales action success/defence chance,mount_hellsteed.png,0,99,0,0,false,0,49,22,Agent action success modifer,Hidden skill that scales action success/defence chance,,,,,,wh_main_effect_agent_action_success_chance_enemy_skill,[HIDDEN] Enemy Hero action success chance: %+n% (from skill),,character_to_character_own,-22,campaign,0,true,,,,,,,,,,,,,,,,,,,,,,,,,character_skill_level_to_effects_junctions_tables,wh3_main_skill_agent_action_success_scaling|wh_main_effect_agent_action_success_chance_enemy_skill|22|character_to_character_own
effect,warhammer_3,8.1.1,24237342,Vampire Coast,vampire_coast,wh2_dlc11_sc_cst_vampire_coast,Vampire Fleet Admiral (Deep),Vampire_Fleet_Admiral_Deep__admiral_fem_deep,lord,wh2_dlc11_cst_admiral_fem_deep,general,general,wh2_dlc11_cst_noctilus|wh2_dlc11_cst_noctilus_separatists|wh2_dlc11_cst_pirates_of_sartosa|wh2_dlc11_cst_pirates_of_sartosa_separatists|wh2_dlc11_cst_the_drowned|wh2_dlc11_cst_the_drowned_separatists|wh2_dlc11_cst_vampire_coast|wh2_dlc11_cst_vampire_coast_encounters|wh2_dlc11_cst_vampire_coast_qb1|wh2_dlc11_cst_vampire_coast_qb2|wh2_dlc11_cst_vampire_coast_qb3|wh2_dlc11_cst_vampire_coast_qb4|wh2_dlc11_cst_vampire_coast_rebellion_rebels|wh2_dlc11_cst_vampire_coast_rebels|wh2_dlc11_cst_vampire_coast_separatists|wh3_dlc21_cst_dead_flag_fleet|wh3_dlc24_cst_vampire_coast_bloated_rebels|wh3_dlc26_cst_vampire_coast_qb1|wh3_dlc26_cst_vampire_coast_qb2|wh3_main_cst_dread_rock_privateers,false,false,true,true,true,true,wh2_dlc11_lore_deep,cst_vampire_fleet_admiral_female,wh2_dlc11_skill_node_set_cst_admiral_fem_deep,,1,general,false,false,,,,wh3_main_agent_action_scaling,wh3_main_skill_agent_action_success_scaling,Agent action success modifer,Hidden skill that scales action success/defence chance,mount_hellsteed.png,0,99,0,0,false,0,49,22,Agent action success modifer,Hidden skill that scales action success/defence chance,,,,,,wh_main_effect_agent_action_success_chance_skill,[HIDDEN] Hero action success chance: %+n% (from skill),,character_to_character_own,22,campaign,0,true,,,,,,,,,,,,,,,,,,,,,,,,,character_skill_level_to_effects_junctions_tables,wh3_main_skill_agent_action_success_scaling|wh_main_effect_agent_action_success_chance_skill|22|character_to_character_own
effect,warhammer_3,8.1.1,24237342,Vampire Coast,vampire_coast,wh2_dlc11_sc_cst_vampire_coast,Vampire Fleet Admiral (Deep),Vampire_Fleet_Admiral_Deep__admiral_fem_deep,lord,wh2_dlc11_cst_admiral_fem_deep,general,general,wh2_dlc11_cst_noctilus|wh2_dlc11_cst_noctilus_separatists|wh2_dlc11_cst_pirates_of_sartosa|wh2_dlc11_cst_pirates_of_sartosa_separatists|wh2_dlc11_cst_the_drowned|wh2_dlc11_cst_the_drowned_separatists|wh2_dlc11_cst_vampire_coast|wh2_dlc11_cst_vampire_coast_encounters|wh2_dlc11_cst_vampire_coast_qb1|wh2_dlc11_cst_vampire_coast_qb2|wh2_dlc11_cst_vampire_coast_qb3|wh2_dlc11_cst_vampire_coast_qb4|wh2_dlc11_cst_vampire_coast_rebellion_rebels|wh2_dlc11_cst_vampire_coast_rebels|wh2_dlc11_cst_vampire_coast_separatists|wh3_dlc21_cst_dead_flag_fleet|wh3_dlc24_cst_vampire_coast_bloated_rebels|wh3_dlc26_cst_vampire_coast_qb1|wh3_dlc26_cst_vampire_coast_qb2|wh3_main_cst_dread_rock_privateers,false,false,true,true,true,true,wh2_dlc11_lore_deep,cst_vampire_fleet_admiral_female,wh2_dlc11_skill_node_set_cst_admiral_fem_deep,,1,general,false,false,,,,wh3_main_agent_action_scaling,wh3_main_skill_agent_action_success_scaling,Agent action success modifer,Hidden skill that scales action success/defence chance,mount_hellsteed.png,0,99,0,0,false,0,49,23,Agent action success modifer,Hidden skill that scales action success/defence chance,,,,,,wh_main_effect_agent_action_success_chance_enemy_skill,[HIDDEN] Enemy Hero action success chance: %+n% (from skill),,character_to_character_own,-23,campaign,0,true,,,,,,,,,,,,,,,,,,,,,,,,,character_skill_level_to_effects_junctions_tables,wh3_main_skill_agent_action_success_scaling|wh_main_effect_agent_action_success_chance_enemy_skill|23|character_to_character_own
effect,warhammer_3,8.1.1,24237342,Vampire Coast,vampire_coast,wh2_dlc11_sc_cst_vampire_coast,Vampire Fleet Admiral (Deep),Vampire_Fleet_Admiral_Deep__admiral_fem_deep,lord,wh2_dlc11_cst_admiral_fem_deep,general,general,wh2_dlc11_cst_noctilus|wh2_dlc11_cst_noctilus_separatists|wh2_dlc11_cst_pirates_of_sartosa|wh2_dlc11_cst_pirates_of_sartosa_separatists|wh2_dlc11_cst_the_drowned|wh2_dlc11_cst_the_drowned_separatists|wh2_dlc11_cst_vampire_coast|wh2_dlc11_cst_vampire_coast_encounters|wh2_dlc11_cst_vampire_coast_qb1|wh2_dlc11_cst_vampire_coast_qb2|wh2_dlc11_cst_vampire_coast_qb3|wh2_dlc11_cst_vampire_coast_qb4|wh2_dlc11_cst_vampire_coast_rebellion_rebels|wh2_dlc11_cst_vampire_coast_rebels|wh2_dlc11_cst_vampire_coast_separatists|wh3_dlc21_cst_dead_flag_fleet|wh3_dlc24_cst_vampire_coast_bloated_rebels|wh3_dlc26_cst_vampire_coast_qb1|wh3_dlc26_cst_vampire_coast_qb2|wh3_main_cst_dread_rock_privateers,false,false,true,true,true,true,wh2_dlc11_lore_deep,cst_vampire_fleet_admiral_female,wh2_dlc11_skill_node_set_cst_admiral_fem_deep,,1,general,false,false,,,,wh3_main_agent_action_scaling,wh3_main_skill_agent_action_success_scaling,Agent action success modifer,Hidden skill that scales action success/defence chance,mount_hellsteed.png,0,99,0,0,false,0,49,23,Agent action success modifer,Hidden skill that scales action success/defence chance,,,,,,wh_main_effect_agent_action_success_chance_skill,[HIDDEN] Hero action success chance: %+n% (from skill),,character_to_character_own,23,campaign,0,true,,,,,,,,,,,,,,,,,,,,,,,,,character_skill_level_to_effects_junctions_tables,wh3_main_skill_agent_action_success_scaling|wh_main_effect_agent_action_success_chance_skill|23|character_to_character_own
effect,warhammer_3,8.1.1,24237342,Vampire Coast,vampire_coast,wh2_dlc11_sc_cst_vampire_coast,Vampire Fleet Admiral (Deep),Vampire_Fleet_Admiral_Deep__admiral_fem_deep,lord,wh2_dlc11_cst_admiral_fem_deep,general,general,wh2_dlc11_cst_noctilus|wh2_dlc11_cst_noctilus_separatists|wh2_dlc11_cst_pirates_of_sartosa|wh2_dlc11_cst_pirates_of_sartosa_separatists|wh2_dlc11_cst_the_drowned|wh2_dlc11_cst_the_drowned_separatists|wh2_dlc11_cst_vampire_coast|wh2_dlc11_cst_vampire_coast_encounters|wh2_dlc11_cst_vampire_coast_qb1|wh2_dlc11_cst_vampire_coast_qb2|wh2_dlc11_cst_vampire_coast_qb3|wh2_dlc11_cst_vampire_coast_qb4|wh2_dlc11_cst_vampire_coast_rebellion_rebels|wh2_dlc11_cst_vampire_coast_rebels|wh2_dlc11_cst_vampire_coast_separatists|wh3_dlc21_cst_dead_flag_fleet|wh3_dlc24_cst_vampire_coast_bloated_rebels|wh3_dlc26_cst_vampire_coast_qb1|wh3_dlc26_cst_vampire_coast_qb2|wh3_main_cst_dread_rock_privateers,false,false,true,true,true,true,wh2_dlc11_lore_deep,cst_vampire_fleet_admiral_female,wh2_dlc11_skill_node_set_cst_admiral_fem_deep,,1,general,false,false,,,,wh3_main_agent_action_scaling,wh3_main_skill_agent_action_success_scaling,Agent action success modifer,Hidden skill that scales action success/defence chance,mount_hellsteed.png,0,99,0,0,false,0,49,24,Agent action success modifer,Hidden skill that scales action success/defence chance,,,,,,wh_main_effect_agent_action_success_chance_enemy_skill,[HIDDEN] Enemy Hero action success chance: %+n% (from skill),,character_to_character_own,-24,campaign,0,true,,,,,,,,,,,,,,,,,,,,,,,,,character_skill_level_to_effects_junctions_tables,wh3_main_skill_agent_action_success_scaling|wh_main_effect_agent_action_success_chance_enemy_skill|24|character_to_character_own
effect,warhammer_3,8.1.1,24237342,Vampire Coast,vampire_coast,wh2_dlc11_sc_cst_vampire_coast,Vampire Fleet Admiral (Deep),Vampire_Fleet_Admiral_Deep__admiral_fem_deep,lord,wh2_dlc11_cst_admiral_fem_deep,general,general,wh2_dlc11_cst_noctilus|wh2_dlc11_cst_noctilus_separatists|wh2_dlc11_cst_pirates_of_sartosa|wh2_dlc11_cst_pirates_of_sartosa_separatists|wh2_dlc11_cst_the_drowned|wh2_dlc11_cst_the_drowned_separatists|wh2_dlc11_cst_vampire_coast|wh2_dlc11_cst_vampire_coast_encounters|wh2_dlc11_cst_vampire_coast_qb1|wh2_dlc11_cst_vampire_coast_qb2|wh2_dlc11_cst_vampire_coast_qb3|wh2_dlc11_cst_vampire_coast_qb4|wh2_dlc11_cst_vampire_coast_rebellion_rebels|wh2_dlc11_cst_vampire_coast_rebels|wh2_dlc11_cst_vampire_coast_separatists|wh3_dlc21_cst_dead_flag_fleet|wh3_dlc24_cst_vampire_coast_bloated_rebels|wh3_dlc26_cst_vampire_coast_qb1|wh3_dlc26_cst_vampire_coast_qb2|wh3_main_cst_dread_rock_privateers,false,false,true,true,true,true,wh2_dlc11_lore_deep,cst_vampire_fleet_admiral_female,wh2_dlc11_skill_node_set_cst_admiral_fem_deep,,1,general,false,false,,,,wh3_main_agent_action_scaling,wh3_main_skill_agent_action_success_scaling,Agent action success modifer,Hidden skill that scales action success/defence chance,mount_hellsteed.png,0,99,0,0,false,0,49,24,Agent action success modifer,Hidden skill that scales action success/defence chance,,,,,,wh_main_effect_agent_action_success_chance_skill,[HIDDEN] Hero action success chance: %+n% (from skill),,character_to_character_own,24,campaign,0,true,,,,,,,,,,,,,,,,,,,,,,,,,character_skill_level_to_effects_junctions_tables,wh3_main_skill_agent_action_success_scaling|wh_main_effect_agent_action_success_chance_skill|24|character_to_character_own
effect,warhammer_3,8.1.1,24237342,Vampire Coast,vampire_coast,wh2_dlc11_sc_cst_vampire_coast,Vampire Fleet Admiral (Deep),Vampire_Fleet_Admiral_Deep__admiral_fem_deep,lord,wh2_dlc11_cst_admiral_fem_deep,general,general,wh2_dlc11_cst_noctilus|wh2_dlc11_cst_noctilus_separatists|wh2_dlc11_cst_pirates_of_sartosa|wh2_dlc11_cst_pirates_of_sartosa_separatists|wh2_dlc11_cst_the_drowned|wh2_dlc11_cst_the_drowned_separatists|wh2_dlc11_cst_vampire_coast|wh2_dlc11_cst_vampire_coast_encounters|wh2_dlc11_cst_vampire_coast_qb1|wh2_dlc11_cst_vampire_coast_qb2|wh2_dlc11_cst_vampire_coast_qb3|wh2_dlc11_cst_vampire_coast_qb4|wh2_dlc11_cst_vampire_coast_rebellion_rebels|wh2_dlc11_cst_vampire_coast_rebels|wh2_dlc11_cst_vampire_coast_separatists|wh3_dlc21_cst_dead_flag_fleet|wh3_dlc24_cst_vampire_coast_bloated_rebels|wh3_dlc26_cst_vampire_coast_qb1|wh3_dlc26_cst_vampire_coast_qb2|wh3_main_cst_dread_rock_privateers,false,false,true,true,true,true,wh2_dlc11_lore_deep,cst_vampire_fleet_admiral_female,wh2_dlc11_skill_node_set_cst_admiral_fem_deep,,1,general,false,false,,,,wh3_main_agent_action_scaling,wh3_main_skill_agent_action_success_scaling,Agent action success modifer,Hidden skill that scales action success/defence chance,mount_hellsteed.png,0,99,0,0,false,0,49,25,Agent action success modifer,Hidden skill that scales action success/defence chance,,,,,,wh_main_effect_agent_action_success_chance_enemy_skill,[HIDDEN] Enemy Hero action success chance: %+n% (from skill),,character_to_character_own,-25,campaign,0,true,,,,,,,,,,,,,,,,,,,,,,,,,character_skill_level_to_effects_junctions_tables,wh3_main_skill_agent_action_success_scaling|wh_main_effect_agent_action_success_chance_enemy_skill|25|character_to_character_own
effect,warhammer_3,8.1.1,24237342,Vampire Coast,vampire_coast,wh2_dlc11_sc_cst_vampire_coast,Vampire Fleet Admiral (Deep),Vampire_Fleet_Admiral_Deep__admiral_fem_deep,lord,wh2_dlc11_cst_admiral_fem_deep,general,general,wh2_dlc11_cst_noctilus|wh2_dlc11_cst_noctilus_separatists|wh2_dlc11_cst_pirates_of_sartosa|wh2_dlc11_cst_pirates_of_sartosa_separatists|wh2_dlc11_cst_the_drowned|wh2_dlc11_cst_the_drowned_separatists|wh2_dlc11_cst_vampire_coast|wh2_dlc11_cst_vampire_coast_encounters|wh2_dlc11_cst_vampire_coast_qb1|wh2_dlc11_cst_vampire_coast_qb2|wh2_dlc11_cst_vampire_coast_qb3|wh2_dlc11_cst_vampire_coast_qb4|wh2_dlc11_cst_vampire_coast_rebellion_rebels|wh2_dlc11_cst_vampire_coast_rebels|wh2_dlc11_cst_vampire_coast_separatists|wh3_dlc21_cst_dead_flag_fleet|wh3_dlc24_cst_vampire_coast_bloated_rebels|wh3_dlc26_cst_vampire_coast_qb1|wh3_dlc26_cst_vampire_coast_qb2|wh3_main_cst_dread_rock_privateers,false,false,true,true,true,true,wh2_dlc11_lore_deep,cst_vampire_fleet_admiral_female,wh2_dlc11_skill_node_set_cst_admiral_fem_deep,,1,general,false,false,,,,wh3_main_agent_action_scaling,wh3_main_skill_agent_action_success_scaling,Agent action success modifer,Hidden skill that scales action success/defence chance,mount_hellsteed.png,0,99,0,0,false,0,49,25,Agent action success modifer,Hidden skill that scales action success/defence chance,,,,,,wh_main_effect_agent_action_success_chance_skill,[HIDDEN] Hero action success chance: %+n% (from skill),,character_to_character_own,25,campaign,0,true,,,,,,,,,,,,,,,,,,,,,,,,,character_skill_level_to_effects_junctions_tables,wh3_main_skill_agent_action_success_scaling|wh_main_effect_agent_action_success_chance_skill|25|character_to_character_own
effect,warhammer_3,8.1.1,24237342,Vampire Coast,vampire_coast,wh2_dlc11_sc_cst_vampire_coast,Vampire Fleet Admiral (Deep),Vampire_Fleet_Admiral_Deep__admiral_fem_deep,lord,wh2_dlc11_cst_admiral_fem_deep,general,general,wh2_dlc11_cst_noctilus|wh2_dlc11_cst_noctilus_separatists|wh2_dlc11_cst_pirates_of_sartosa|wh2_dlc11_cst_pirates_of_sartosa_separatists|wh2_dlc11_cst_the_drowned|wh2_dlc11_cst_the_drowned_separatists|wh2_dlc11_cst_vampire_coast|wh2_dlc11_cst_vampire_coast_encounters|wh2_dlc11_cst_vampire_coast_qb1|wh2_dlc11_cst_vampire_coast_qb2|wh2_dlc11_cst_vampire_coast_qb3|wh2_dlc11_cst_vampire_coast_qb4|wh2_dlc11_cst_vampire_coast_rebellion_rebels|wh2_dlc11_cst_vampire_coast_rebels|wh2_dlc11_cst_vampire_coast_separatists|wh3_dlc21_cst_dead_flag_fleet|wh3_dlc24_cst_vampire_coast_bloated_rebels|wh3_dlc26_cst_vampire_coast_qb1|wh3_dlc26_cst_vampire_coast_qb2|wh3_main_cst_dread_rock_privateers,false,false,true,true,true,true,wh2_dlc11_lore_deep,cst_vampire_fleet_admiral_female,wh2_dlc11_skill_node_set_cst_admiral_fem_deep,,1,general,false,false,,,,wh3_main_agent_action_scaling,wh3_main_skill_agent_action_success_scaling,Agent action success modifer,Hidden skill that scales action success/defence chance,mount_hellsteed.png,0,99,0,0,false,0,49,26,Agent action success modifer,Hidden skill that scales action success/defence chance,,,,,,wh_main_effect_agent_action_success_chance_enemy_skill,[HIDDEN] Enemy Hero action success chance: %+n% (from skill),,character_to_character_own,-26,campaign,0,true,,,,,,,,,,,,,,,,,,,,,,,,,character_skill_level_to_effects_junctions_tables,wh3_main_skill_agent_action_success_scaling|wh_main_effect_agent_action_success_chance_enemy_skill|26|character_to_character_own
effect,warhammer_3,8.1.1,24237342,Vampire Coast,vampire_coast,wh2_dlc11_sc_cst_vampire_coast,Vampire Fleet Admiral (Deep),Vampire_Fleet_Admiral_Deep__admiral_fem_deep,lord,wh2_dlc11_cst_admiral_fem_deep,general,general,wh2_dlc11_cst_noctilus|wh2_dlc11_cst_noctilus_separatists|wh2_dlc11_cst_pirates_of_sartosa|wh2_dlc11_cst_pirates_of_sartosa_separatists|wh2_dlc11_cst_the_drowned|wh2_dlc11_cst_the_drowned_separatists|wh2_dlc11_cst_vampire_coast|wh2_dlc11_cst_vampire_coast_encounters|wh2_dlc11_cst_vampire_coast_qb1|wh2_dlc11_cst_vampire_coast_qb2|wh2_dlc11_cst_vampire_coast_qb3|wh2_dlc11_cst_vampire_coast_qb4|wh2_dlc11_cst_vampire_coast_rebellion_rebels|wh2_dlc11_cst_vampire_coast_rebels|wh2_dlc11_cst_vampire_coast_separatists|wh3_dlc21_cst_dead_flag_fleet|wh3_dlc24_cst_vampire_coast_bloated_rebels|wh3_dlc26_cst_vampire_coast_qb1|wh3_dlc26_cst_vampire_coast_qb2|wh3_main_cst_dread_rock_privateers,false,false,true,true,true,true,wh2_dlc11_lore_deep,cst_vampire_fleet_admiral_female,wh2_dlc11_skill_node_set_cst_admiral_fem_deep,,1,general,false,false,,,,wh3_main_agent_action_scaling,wh3_main_skill_agent_action_success_scaling,Agent action success modifer,Hidden skill that scales action success/defence chance,mount_hellsteed.png,0,99,0,0,false,0,49,26,Agent action success modifer,Hidden skill that scales action success/defence chance,,,,,,wh_main_effect_agent_action_success_chance_skill,[HIDDEN] Hero action success chance: %+n% (from skill),,character_to_character_own,26,campaign,0,true,,,,,,,,,,,,,,,,,,,,,,,,,character_skill_level_to_effects_junctions_tables,wh3_main_skill_agent_action_success_scaling|wh_main_effect_agent_action_success_chance_skill|26|character_to_character_own
effect,warhammer_3,8.1.1,24237342,Vampire Coast,vampire_coast,wh2_dlc11_sc_cst_vampire_coast,Vampire Fleet Admiral (Deep),Vampire_Fleet_Admiral_Deep__admiral_fem_deep,lord,wh2_dlc11_cst_admiral_fem_deep,general,general,wh2_dlc11_cst_noctilus|wh2_dlc11_cst_noctilus_separatists|wh2_dlc11_cst_pirates_of_sartosa|wh2_dlc11_cst_pirates_of_sartosa_separatists|wh2_dlc11_cst_the_drowned|wh2_dlc11_cst_the_drowned_separatists|wh2_dlc11_cst_vampire_coast|wh2_dlc11_cst_vampire_coast_encounters|wh2_dlc11_cst_vampire_coast_qb1|wh2_dlc11_cst_vampire_coast_qb2|wh2_dlc11_cst_vampire_coast_qb3|wh2_dlc11_cst_vampire_coast_qb4|wh2_dlc11_cst_vampire_coast_rebellion_rebels|wh2_dlc11_cst_vampire_coast_rebels|wh2_dlc11_cst_vampire_coast_separatists|wh3_dlc21_cst_dead_flag_fleet|wh3_dlc24_cst_vampire_coast_bloated_rebels|wh3_dlc26_cst_vampire_coast_qb1|wh3_dlc26_cst_vampire_coast_qb2|wh3_main_cst_dread_rock_privateers,false,false,true,true,true,true,wh2_dlc11_lore_deep,cst_vampire_fleet_admiral_female,wh2_dlc11_skill_node_set_cst_admiral_fem_deep,,1,general,false,false,,,,wh3_main_agent_action_scaling,wh3_main_skill_agent_action_success_scaling,Agent action success modifer,Hidden skill that scales action success/defence chance,mount_hellsteed.png,0,99,0,0,false,0,49,27,Agent action success modifer,Hidden skill that scales action success/defence chance,,,,,,wh_main_effect_agent_action_success_chance_enemy_skill,[HIDDEN] Enemy Hero action success chance: %+n% (from skill),,character_to_character_own,-27,campaign,0,true,,,,,,,,,,,,,,,,,,,,,,,,,character_skill_level_to_effects_junctions_tables,wh3_main_skill_agent_action_success_scaling|wh_main_effect_agent_action_success_chance_enemy_skill|27|character_to_character_own
effect,warhammer_3,8.1.1,24237342,Vampire Coast,vampire_coast,wh2_dlc11_sc_cst_vampire_coast,Vampire Fleet Admiral (Deep),Vampire_Fleet_Admiral_Deep__admiral_fem_deep,lord,wh2_dlc11_cst_admiral_fem_deep,general,general,wh2_dlc11_cst_noctilus|wh2_dlc11_cst_noctilus_separatists|wh2_dlc11_cst_pirates_of_sartosa|wh2_dlc11_cst_pirates_of_sartosa_separatists|wh2_dlc11_cst_the_drowned|wh2_dlc11_cst_the_drowned_separatists|wh2_dlc11_cst_vampire_coast|wh2_dlc11_cst_vampire_coast_encounters|wh2_dlc11_cst_vampire_coast_qb1|wh2_dlc11_cst_vampire_coast_qb2|wh2_dlc11_cst_vampire_coast_qb3|wh2_dlc11_cst_vampire_coast_qb4|wh2_dlc11_cst_vampire_coast_rebellion_rebels|wh2_dlc11_cst_vampire_coast_rebels|wh2_dlc11_cst_vampire_coast_separatists|wh3_dlc21_cst_dead_flag_fleet|wh3_dlc24_cst_vampire_coast_bloated_rebels|wh3_dlc26_cst_vampire_coast_qb1|wh3_dlc26_cst_vampire_coast_qb2|wh3_main_cst_dread_rock_privateers,false,false,true,true,true,true,wh2_dlc11_lore_deep,cst_vampire_fleet_admiral_female,wh2_dlc11_skill_node_set_cst_admiral_fem_deep,,1,general,false,false,,,,wh3_main_agent_action_scaling,wh3_main_skill_agent_action_success_scaling,Agent action success modifer,Hidden skill that scales action success/defence chance,mount_hellsteed.png,0,99,0,0,false,0,49,27,Agent action success modifer,Hidden skill that scales action success/defence chance,,,,,,wh_main_effect_agent_action_success_chance_skill,[HIDDEN] Hero action success chance: %+n% (from skill),,character_to_character_own,27,campaign,0,true,,,,,,,,,,,,,,,,,,,,,,,,,character_skill_level_to_effects_junctions_tables,wh3_main_skill_agent_action_success_scaling|wh_main_effect_agent_action_success_chance_skill|27|character_to_character_own
effect,warhammer_3,8.1.1,24237342,Vampire Coast,vampire_coast,wh2_dlc11_sc_cst_vampire_coast,Vampire Fleet Admiral (Deep),Vampire_Fleet_Admiral_Deep__admiral_fem_deep,lord,wh2_dlc11_cst_admiral_fem_deep,general,general,wh2_dlc11_cst_noctilus|wh2_dlc11_cst_noctilus_separatists|wh2_dlc11_cst_pirates_of_sartosa|wh2_dlc11_cst_pirates_of_sartosa_separatists|wh2_dlc11_cst_the_drowned|wh2_dlc11_cst_the_drowned_separatists|wh2_dlc11_cst_vampire_coast|wh2_dlc11_cst_vampire_coast_encounters|wh2_dlc11_cst_vampire_coast_qb1|wh2_dlc11_cst_vampire_coast_qb2|wh2_dlc11_cst_vampire_coast_qb3|wh2_dlc11_cst_vampire_coast_qb4|wh2_dlc11_cst_vampire_coast_rebellion_rebels|wh2_dlc11_cst_vampire_coast_rebels|wh2_dlc11_cst_vampire_coast_separatists|wh3_dlc21_cst_dead_flag_fleet|wh3_dlc24_cst_vampire_coast_bloated_rebels|wh3_dlc26_cst_vampire_coast_qb1|wh3_dlc26_cst_vampire_coast_qb2|wh3_main_cst_dread_rock_privateers,false,false,true,true,true,true,wh2_dlc11_lore_deep,cst_vampire_fleet_admiral_female,wh2_dlc11_skill_node_set_cst_admiral_fem_deep,,1,general,false,false,,,,wh3_main_agent_action_scaling,wh3_main_skill_agent_action_success_scaling,Agent action success modifer,Hidden skill that scales action success/defence chance,mount_hellsteed.png,0,99,0,0,false,0,49,28,Agent action success modifer,Hidden skill that scales action success/defence chance,,,,,,wh_main_effect_agent_action_success_chance_enemy_skill,[HIDDEN] Enemy Hero action success chance: %+n% (from skill),,character_to_character_own,-28,campaign,0,true,,,,,,,,,,,,,,,,,,,,,,,,,character_skill_level_to_effects_junctions_tables,wh3_main_skill_agent_action_success_scaling|wh_main_effect_agent_action_success_chance_enemy_skill|28|character_to_character_own
effect,warhammer_3,8.1.1,24237342,Vampire Coast,vampire_coast,wh2_dlc11_sc_cst_vampire_coast,Vampire Fleet Admiral (Deep),Vampire_Fleet_Admiral_Deep__admiral_fem_deep,lord,wh2_dlc11_cst_admiral_fem_deep,general,general,wh2_dlc11_cst_noctilus|wh2_dlc11_cst_noctilus_separatists|wh2_dlc11_cst_pirates_of_sartosa|wh2_dlc11_cst_pirates_of_sartosa_separatists|wh2_dlc11_cst_the_drowned|wh2_dlc11_cst_the_drowned_separatists|wh2_dlc11_cst_vampire_coast|wh2_dlc11_cst_vampire_coast_encounters|wh2_dlc11_cst_vampire_coast_qb1|wh2_dlc11_cst_vampire_coast_qb2|wh2_dlc11_cst_vampire_coast_qb3|wh2_dlc11_cst_vampire_coast_qb4|wh2_dlc11_cst_vampire_coast_rebellion_rebels|wh2_dlc11_cst_vampire_coast_rebels|wh2_dlc11_cst_vampire_coast_separatists|wh3_dlc21_cst_dead_flag_fleet|wh3_dlc24_cst_vampire_coast_bloated_rebels|wh3_dlc26_cst_vampire_coast_qb1|wh3_dlc26_cst_vampire_coast_qb2|wh3_main_cst_dread_rock_privateers,false,false,true,true,true,true,wh2_dlc11_lore_deep,cst_vampire_fleet_admiral_female,wh2_dlc11_skill_node_set_cst_admiral_fem_deep,,1,general,false,false,,,,wh3_main_agent_action_scaling,wh3_main_skill_agent_action_success_scaling,Agent action success modifer,Hidden skill that scales action success/defence chance,mount_hellsteed.png,0,99,0,0,false,0,49,28,Agent action success modifer,Hidden skill that scales action success/defence chance,,,,,,wh_main_effect_agent_action_success_chance_skill,[HIDDEN] Hero action success chance: %+n% (from skill),,character_to_character_own,28,campaign,0,true,,,,,,,,,,,,,,,,,,,,,,,,,character_skill_level_to_effects_junctions_tables,wh3_main_skill_agent_action_success_scaling|wh_main_effect_agent_action_success_chance_skill|28|character_to_character_own
effect,warhammer_3,8.1.1,24237342,Vampire Coast,vampire_coast,wh2_dlc11_sc_cst_vampire_coast,Vampire Fleet Admiral (Deep),Vampire_Fleet_Admiral_Deep__admiral_fem_deep,lord,wh2_dlc11_cst_admiral_fem_deep,general,general,wh2_dlc11_cst_noctilus|wh2_dlc11_cst_noctilus_separatists|wh2_dlc11_cst_pirates_of_sartosa|wh2_dlc11_cst_pirates_of_sartosa_separatists|wh2_dlc11_cst_the_drowned|wh2_dlc11_cst_the_drowned_separatists|wh2_dlc11_cst_vampire_coast|wh2_dlc11_cst_vampire_coast_encounters|wh2_dlc11_cst_vampire_coast_qb1|wh2_dlc11_cst_vampire_coast_qb2|wh2_dlc11_cst_vampire_coast_qb3|wh2_dlc11_cst_vampire_coast_qb4|wh2_dlc11_cst_vampire_coast_rebellion_rebels|wh2_dlc11_cst_vampire_coast_rebels|wh2_dlc11_cst_vampire_coast_separatists|wh3_dlc21_cst_dead_flag_fleet|wh3_dlc24_cst_vampire_coast_bloated_rebels|wh3_dlc26_cst_vampire_coast_qb1|wh3_dlc26_cst_vampire_coast_qb2|wh3_main_cst_dread_rock_privateers,false,false,true,true,true,true,wh2_dlc11_lore_deep,cst_vampire_fleet_admiral_female,wh2_dlc11_skill_node_set_cst_admiral_fem_deep,,1,general,false,false,,,,wh3_main_agent_action_scaling,wh3_main_skill_agent_action_success_scaling,Agent action success modifer,Hidden skill that scales action success/defence chance,mount_hellsteed.png,0,99,0,0,false,0,49,29,Agent action success modifer,Hidden skill that scales action success/defence chance,,,,,,wh_main_effect_agent_action_success_chance_enemy_skill,[HIDDEN] Enemy Hero action success chance: %+n% (from skill),,character_to_character_own,-29,campaign,0,true,,,,,,,,,,,,,,,,,,,,,,,,,character_skill_level_to_effects_junctions_tables,wh3_main_skill_agent_action_success_scaling|wh_main_effect_agent_action_success_chance_enemy_skill|29|character_to_character_own
effect,warhammer_3,8.1.1,24237342,Vampire Coast,vampire_coast,wh2_dlc11_sc_cst_vampire_coast,Vampire Fleet Admiral (Deep),Vampire_Fleet_Admiral_Deep__admiral_fem_deep,lord,wh2_dlc11_cst_admiral_fem_deep,general,general,wh2_dlc11_cst_noctilus|wh2_dlc11_cst_noctilus_separatists|wh2_dlc11_cst_pirates_of_sartosa|wh2_dlc11_cst_pirates_of_sartosa_separatists|wh2_dlc11_cst_the_drowned|wh2_dlc11_cst_the_drowned_separatists|wh2_dlc11_cst_vampire_coast|wh2_dlc11_cst_vampire_coast_encounters|wh2_dlc11_cst_vampire_coast_qb1|wh2_dlc11_cst_vampire_coast_qb2|wh2_dlc11_cst_vampire_coast_qb3|wh2_dlc11_cst_vampire_coast_qb4|wh2_dlc11_cst_vampire_coast_rebellion_rebels|wh2_dlc11_cst_vampire_coast_rebels|wh2_dlc11_cst_vampire_coast_separatists|wh3_dlc21_cst_dead_flag_fleet|wh3_dlc24_cst_vampire_coast_bloated_rebels|wh3_dlc26_cst_vampire_coast_qb1|wh3_dlc26_cst_vampire_coast_qb2|wh3_main_cst_dread_rock_privateers,false,false,true,true,true,true,wh2_dlc11_lore_deep,cst_vampire_fleet_admiral_female,wh2_dlc11_skill_node_set_cst_admiral_fem_deep,,1,general,false,false,,,,wh3_main_agent_action_scaling,wh3_main_skill_agent_action_success_scaling,Agent action success modifer,Hidden skill that scales action success/defence chance,mount_hellsteed.png,0,99,0,0,false,0,49,29,Agent action success modifer,Hidden skill that scales action success/defence chance,,,,,,wh_main_effect_agent_action_success_chance_skill,[HIDDEN] Hero action success chance: %+n% (from skill),,character_to_character_own,29,campaign,0,true,,,,,,,,,,,,,,,,,,,,,,,,,character_skill_level_to_effects_junctions_tables,wh3_main_skill_agent_action_success_scaling|wh_main_effect_agent_action_success_chance_skill|29|character_to_character_own
effect,warhammer_3,8.1.1,24237342,Vampire Coast,vampire_coast,wh2_dlc11_sc_cst_vampire_coast,Vampire Fleet Admiral (Deep),Vampire_Fleet_Admiral_Deep__admiral_fem_deep,lord,wh2_dlc11_cst_admiral_fem_deep,general,general,wh2_dlc11_cst_noctilus|wh2_dlc11_cst_noctilus_separatists|wh2_dlc11_cst_pirates_of_sartosa|wh2_dlc11_cst_pirates_of_sartosa_separatists|wh2_dlc11_cst_the_drowned|wh2_dlc11_cst_the_drowned_separatists|wh2_dlc11_cst_vampire_coast|wh2_dlc11_cst_vampire_coast_encounters|wh2_dlc11_cst_vampire_coast_qb1|wh2_dlc11_cst_vampire_coast_qb2|wh2_dlc11_cst_vampire_coast_qb3|wh2_dlc11_cst_vampire_coast_qb4|wh2_dlc11_cst_vampire_coast_rebellion_rebels|wh2_dlc11_cst_vampire_coast_rebels|wh2_dlc11_cst_vampire_coast_separatists|wh3_dlc21_cst_dead_flag_fleet|wh3_dlc24_cst_vampire_coast_bloated_rebels|wh3_dlc26_cst_vampire_coast_qb1|wh3_dlc26_cst_vampire_coast_qb2|wh3_main_cst_dread_rock_privateers,false,false,true,true,true,true,wh2_dlc11_lore_deep,cst_vampire_fleet_admiral_female,wh2_dlc11_skill_node_set_cst_admiral_fem_deep,,1,general,false,false,,,,wh3_main_agent_action_scaling,wh3_main_skill_agent_action_success_scaling,Agent action success modifer,Hidden skill that scales action success/defence chance,mount_hellsteed.png,0,99,0,0,false,0,49,30,Agent action success modifer,Hidden skill that scales action success/defence chance,,,,,,wh_main_effect_agent_action_success_chance_enemy_skill,[HIDDEN] Enemy Hero action success chance: %+n% (from skill),,character_to_character_own,-30,campaign,0,true,,,,,,,,,,,,,,,,,,,,,,,,,character_skill_level_to_effects_junctions_tables,wh3_main_skill_agent_action_success_scaling|wh_main_effect_agent_action_success_chance_enemy_skill|30|character_to_character_own
effect,warhammer_3,8.1.1,24237342,Vampire Coast,vampire_coast,wh2_dlc11_sc_cst_vampire_coast,Vampire Fleet Admiral (Deep),Vampire_Fleet_Admiral_Deep__admiral_fem_deep,lord,wh2_dlc11_cst_admiral_fem_deep,general,general,wh2_dlc11_cst_noctilus|wh2_dlc11_cst_noctilus_separatists|wh2_dlc11_cst_pirates_of_sartosa|wh2_dlc11_cst_pirates_of_sartosa_separatists|wh2_dlc11_cst_the_drowned|wh2_dlc11_cst_the_drowned_separatists|wh2_dlc11_cst_vampire_coast|wh2_dlc11_cst_vampire_coast_encounters|wh2_dlc11_cst_vampire_coast_qb1|wh2_dlc11_cst_vampire_coast_qb2|wh2_dlc11_cst_vampire_coast_qb3|wh2_dlc11_cst_vampire_coast_qb4|wh2_dlc11_cst_vampire_coast_rebellion_rebels|wh2_dlc11_cst_vampire_coast_rebels|wh2_dlc11_cst_vampire_coast_separatists|wh3_dlc21_cst_dead_flag_fleet|wh3_dlc24_cst_vampire_coast_bloated_rebels|wh3_dlc26_cst_vampire_coast_qb1|wh3_dlc26_cst_vampire_coast_qb2|wh3_main_cst_dread_rock_privateers,false,false,true,true,true,true,wh2_dlc11_lore_deep,cst_vampire_fleet_admiral_female,wh2_dlc11_skill_node_set_cst_admiral_fem_deep,,1,general,false,false,,,,wh3_main_agent_action_scaling,wh3_main_skill_agent_action_success_scaling,Agent action success modifer,Hidden skill that scales action success/defence chance,mount_hellsteed.png,0,99,0,0,false,0,49,30,Agent action success modifer,Hidden skill that scales action success/defence chance,,,,,,wh_main_effect_agent_action_success_chance_skill,[HIDDEN] Hero action success chance: %+n% (from skill),,character_to_character_own,30,campaign,0,true,,,,,,,,,,,,,,,,,,,,,,,,,character_skill_level_to_effects_junctions_tables,wh3_main_skill_agent_action_success_scaling|wh_main_effect_agent_action_success_chance_skill|30|character_to_character_own
effect,warhammer_3,8.1.1,24237342,Vampire Coast,vampire_coast,wh2_dlc11_sc_cst_vampire_coast,Vampire Fleet Admiral (Deep),Vampire_Fleet_Admiral_Deep__admiral_fem_deep,lord,wh2_dlc11_cst_admiral_fem_deep,general,general,wh2_dlc11_cst_noctilus|wh2_dlc11_cst_noctilus_separatists|wh2_dlc11_cst_pirates_of_sartosa|wh2_dlc11_cst_pirates_of_sartosa_separatists|wh2_dlc11_cst_the_drowned|wh2_dlc11_cst_the_drowned_separatists|wh2_dlc11_cst_vampire_coast|wh2_dlc11_cst_vampire_coast_encounters|wh2_dlc11_cst_vampire_coast_qb1|wh2_dlc11_cst_vampire_coast_qb2|wh2_dlc11_cst_vampire_coast_qb3|wh2_dlc11_cst_vampire_coast_qb4|wh2_dlc11_cst_vampire_coast_rebellion_rebels|wh2_dlc11_cst_vampire_coast_rebels|wh2_dlc11_cst_vampire_coast_separatists|wh3_dlc21_cst_dead_flag_fleet|wh3_dlc24_cst_vampire_coast_bloated_rebels|wh3_dlc26_cst_vampire_coast_qb1|wh3_dlc26_cst_vampire_coast_qb2|wh3_main_cst_dread_rock_privateers,false,false,true,true,true,true,wh2_dlc11_lore_deep,cst_vampire_fleet_admiral_female,wh2_dlc11_skill_node_set_cst_admiral_fem_deep,,1,general,false,false,,,,wh3_main_agent_action_scaling,wh3_main_skill_agent_action_success_scaling,Agent action success modifer,Hidden skill that scales action success/defence chance,mount_hellsteed.png,0,99,0,0,false,0,49,31,Agent action success modifer,Hidden skill that scales action success/defence chance,,,,,,wh_main_effect_agent_action_success_chance_enemy_skill,[HIDDEN] Enemy Hero action success chance: %+n% (from skill),,character_to_character_own,-31,campaign,0,true,,,,,,,,,,,,,,,,,,,,,,,,,character_skill_level_to_effects_junctions_tables,wh3_main_skill_agent_action_success_scaling|wh_main_effect_agent_action_success_chance_enemy_skill|31|character_to_character_own
effect,warhammer_3,8.1.1,24237342,Vampire Coast,vampire_coast,wh2_dlc11_sc_cst_vampire_coast,Vampire Fleet Admiral (Deep),Vampire_Fleet_Admiral_Deep__admiral_fem_deep,lord,wh2_dlc11_cst_admiral_fem_deep,general,general,wh2_dlc11_cst_noctilus|wh2_dlc11_cst_noctilus_separatists|wh2_dlc11_cst_pirates_of_sartosa|wh2_dlc11_cst_pirates_of_sartosa_separatists|wh2_dlc11_cst_the_drowned|wh2_dlc11_cst_the_drowned_separatists|wh2_dlc11_cst_vampire_coast|wh2_dlc11_cst_vampire_coast_encounters|wh2_dlc11_cst_vampire_coast_qb1|wh2_dlc11_cst_vampire_coast_qb2|wh2_dlc11_cst_vampire_coast_qb3|wh2_dlc11_cst_vampire_coast_qb4|wh2_dlc11_cst_vampire_coast_rebellion_rebels|wh2_dlc11_cst_vampire_coast_rebels|wh2_dlc11_cst_vampire_coast_separatists|wh3_dlc21_cst_dead_flag_fleet|wh3_dlc24_cst_vampire_coast_bloated_rebels|wh3_dlc26_cst_vampire_coast_qb1|wh3_dlc26_cst_vampire_coast_qb2|wh3_main_cst_dread_rock_privateers,false,false,true,true,true,true,wh2_dlc11_lore_deep,cst_vampire_fleet_admiral_female,wh2_dlc11_skill_node_set_cst_admiral_fem_deep,,1,general,false,false,,,,wh3_main_agent_action_scaling,wh3_main_skill_agent_action_success_scaling,Agent action success modifer,Hidden skill that scales action success/defence chance,mount_hellsteed.png,0,99,0,0,false,0,49,31,Agent action success modifer,Hidden skill that scales action success/defence chance,,,,,,wh_main_effect_agent_action_success_chance_skill,[HIDDEN] Hero action success chance: %+n% (from skill),,character_to_character_own,31,campaign,0,true,,,,,,,,,,,,,,,,,,,,,,,,,character_skill_level_to_effects_junctions_tables,wh3_main_skill_agent_action_success_scaling|wh_main_effect_agent_action_success_chance_skill|31|character_to_character_own
effect,warhammer_3,8.1.1,24237342,Vampire Coast,vampire_coast,wh2_dlc11_sc_cst_vampire_coast,Vampire Fleet Admiral (Deep),Vampire_Fleet_Admiral_Deep__admiral_fem_deep,lord,wh2_dlc11_cst_admiral_fem_deep,general,general,wh2_dlc11_cst_noctilus|wh2_dlc11_cst_noctilus_separatists|wh2_dlc11_cst_pirates_of_sartosa|wh2_dlc11_cst_pirates_of_sartosa_separatists|wh2_dlc11_cst_the_drowned|wh2_dlc11_cst_the_drowned_separatists|wh2_dlc11_cst_vampire_coast|wh2_dlc11_cst_vampire_coast_encounters|wh2_dlc11_cst_vampire_coast_qb1|wh2_dlc11_cst_vampire_coast_qb2|wh2_dlc11_cst_vampire_coast_qb3|wh2_dlc11_cst_vampire_coast_qb4|wh2_dlc11_cst_vampire_coast_rebellion_rebels|wh2_dlc11_cst_vampire_coast_rebels|wh2_dlc11_cst_vampire_coast_separatists|wh3_dlc21_cst_dead_flag_fleet|wh3_dlc24_cst_vampire_coast_bloated_rebels|wh3_dlc26_cst_vampire_coast_qb1|wh3_dlc26_cst_vampire_coast_qb2|wh3_main_cst_dread_rock_privateers,false,false,true,true,true,true,wh2_dlc11_lore_deep,cst_vampire_fleet_admiral_female,wh2_dlc11_skill_node_set_cst_admiral_fem_deep,,1,general,false,false,,,,wh3_main_agent_action_scaling,wh3_main_skill_agent_action_success_scaling,Agent action success modifer,Hidden skill that scales action success/defence chance,mount_hellsteed.png,0,99,0,0,false,0,49,32,Agent action success modifer,Hidden skill that scales action success/defence chance,,,,,,wh_main_effect_agent_action_success_chance_enemy_skill,[HIDDEN] Enemy Hero action success chance: %+n% (from skill),,character_to_character_own,-32,campaign,0,true,,,,,,,,,,,,,,,,,,,,,,,,,character_skill_level_to_effects_junctions_tables,wh3_main_skill_agent_action_success_scaling|wh_main_effect_agent_action_success_chance_enemy_skill|32|character_to_character_own
effect,warhammer_3,8.1.1,24237342,Vampire Coast,vampire_coast,wh2_dlc11_sc_cst_vampire_coast,Vampire Fleet Admiral (Deep),Vampire_Fleet_Admiral_Deep__admiral_fem_deep,lord,wh2_dlc11_cst_admiral_fem_deep,general,general,wh2_dlc11_cst_noctilus|wh2_dlc11_cst_noctilus_separatists|wh2_dlc11_cst_pirates_of_sartosa|wh2_dlc11_cst_pirates_of_sartosa_separatists|wh2_dlc11_cst_the_drowned|wh2_dlc11_cst_the_drowned_separatists|wh2_dlc11_cst_vampire_coast|wh2_dlc11_cst_vampire_coast_encounters|wh2_dlc11_cst_vampire_coast_qb1|wh2_dlc11_cst_vampire_coast_qb2|wh2_dlc11_cst_vampire_coast_qb3|wh2_dlc11_cst_vampire_coast_qb4|wh2_dlc11_cst_vampire_coast_rebellion_rebels|wh2_dlc11_cst_vampire_coast_rebels|wh2_dlc11_cst_vampire_coast_separatists|wh3_dlc21_cst_dead_flag_fleet|wh3_dlc24_cst_vampire_coast_bloated_rebels|wh3_dlc26_cst_vampire_coast_qb1|wh3_dlc26_cst_vampire_coast_qb2|wh3_main_cst_dread_rock_privateers,false,false,true,true,true,true,wh2_dlc11_lore_deep,cst_vampire_fleet_admiral_female,wh2_dlc11_skill_node_set_cst_admiral_fem_deep,,1,general,false,false,,,,wh3_main_agent_action_scaling,wh3_main_skill_agent_action_success_scaling,Agent action success modifer,Hidden skill that scales action success/defence chance,mount_hellsteed.png,0,99,0,0,false,0,49,32,Agent action success modifer,Hidden skill that scales action success/defence chance,,,,,,wh_main_effect_agent_action_success_chance_skill,[HIDDEN] Hero action success chance: %+n% (from skill),,character_to_character_own,32,campaign,0,true,,,,,,,,,,,,,,,,,,,,,,,,,character_skill_level_to_effects_junctions_tables,wh3_main_skill_agent_action_success_scaling|wh_main_effect_agent_action_success_chance_skill|32|character_to_character_own
effect,warhammer_3,8.1.1,24237342,Vampire Coast,vampire_coast,wh2_dlc11_sc_cst_vampire_coast,Vampire Fleet Admiral (Deep),Vampire_Fleet_Admiral_Deep__admiral_fem_deep,lord,wh2_dlc11_cst_admiral_fem_deep,general,general,wh2_dlc11_cst_noctilus|wh2_dlc11_cst_noctilus_separatists|wh2_dlc11_cst_pirates_of_sartosa|wh2_dlc11_cst_pirates_of_sartosa_separatists|wh2_dlc11_cst_the_drowned|wh2_dlc11_cst_the_drowned_separatists|wh2_dlc11_cst_vampire_coast|wh2_dlc11_cst_vampire_coast_encounters|wh2_dlc11_cst_vampire_coast_qb1|wh2_dlc11_cst_vampire_coast_qb2|wh2_dlc11_cst_vampire_coast_qb3|wh2_dlc11_cst_vampire_coast_qb4|wh2_dlc11_cst_vampire_coast_rebellion_rebels|wh2_dlc11_cst_vampire_coast_rebels|wh2_dlc11_cst_vampire_coast_separatists|wh3_dlc21_cst_dead_flag_fleet|wh3_dlc24_cst_vampire_coast_bloated_rebels|wh3_dlc26_cst_vampire_coast_qb1|wh3_dlc26_cst_vampire_coast_qb2|wh3_main_cst_dread_rock_privateers,false,false,true,true,true,true,wh2_dlc11_lore_deep,cst_vampire_fleet_admiral_female,wh2_dlc11_skill_node_set_cst_admiral_fem_deep,,1,general,false,false,,,,wh3_main_agent_action_scaling,wh3_main_skill_agent_action_success_scaling,Agent action success modifer,Hidden skill that scales action success/defence chance,mount_hellsteed.png,0,99,0,0,false,0,49,33,Agent action success modifer,Hidden skill that scales action success/defence chance,,,,,,wh_main_effect_agent_action_success_chance_enemy_skill,[HIDDEN] Enemy Hero action success chance: %+n% (from skill),,character_to_character_own,-33,campaign,0,true,,,,,,,,,,,,,,,,,,,,,,,,,character_skill_level_to_effects_junctions_tables,wh3_main_skill_agent_action_success_scaling|wh_main_effect_agent_action_success_chance_enemy_skill|33|character_to_character_own
effect,warhammer_3,8.1.1,24237342,Vampire Coast,vampire_coast,wh2_dlc11_sc_cst_vampire_coast,Vampire Fleet Admiral (Deep),Vampire_Fleet_Admiral_Deep__admiral_fem_deep,lord,wh2_dlc11_cst_admiral_fem_deep,general,general,wh2_dlc11_cst_noctilus|wh2_dlc11_cst_noctilus_separatists|wh2_dlc11_cst_pirates_of_sartosa|wh2_dlc11_cst_pirates_of_sartosa_separatists|wh2_dlc11_cst_the_drowned|wh2_dlc11_cst_the_drowned_separatists|wh2_dlc11_cst_vampire_coast|wh2_dlc11_cst_vampire_coast_encounters|wh2_dlc11_cst_vampire_coast_qb1|wh2_dlc11_cst_vampire_coast_qb2|wh2_dlc11_cst_vampire_coast_qb3|wh2_dlc11_cst_vampire_coast_qb4|wh2_dlc11_cst_vampire_coast_rebellion_rebels|wh2_dlc11_cst_vampire_coast_rebels|wh2_dlc11_cst_vampire_coast_separatists|wh3_dlc21_cst_dead_flag_fleet|wh3_dlc24_cst_vampire_coast_bloated_rebels|wh3_dlc26_cst_vampire_coast_qb1|wh3_dlc26_cst_vampire_coast_qb2|wh3_main_cst_dread_rock_privateers,false,false,true,true,true,true,wh2_dlc11_lore_deep,cst_vampire_fleet_admiral_female,wh2_dlc11_skill_node_set_cst_admiral_fem_deep,,1,general,false,false,,,,wh3_main_agent_action_scaling,wh3_main_skill_agent_action_success_scaling,Agent action success modifer,Hidden skill that scales action success/defence chance,mount_hellsteed.png,0,99,0,0,false,0,49,33,Agent action success modifer,Hidden skill that scales action success/defence chance,,,,,,wh_main_effect_agent_action_success_chance_skill,[HIDDEN] Hero action success chance: %+n% (from skill),,character_to_character_own,33,campaign,0,true,,,,,,,,,,,,,,,,,,,,,,,,,character_skill_level_to_effects_junctions_tables,wh3_main_skill_agent_action_success_scaling|wh_main_effect_agent_action_success_chance_skill|33|character_to_character_own
effect,warhammer_3,8.1.1,24237342,Vampire Coast,vampire_coast,wh2_dlc11_sc_cst_vampire_coast,Vampire Fleet Admiral (Deep),Vampire_Fleet_Admiral_Deep__admiral_fem_deep,lord,wh2_dlc11_cst_admiral_fem_deep,general,general,wh2_dlc11_cst_noctilus|wh2_dlc11_cst_noctilus_separatists|wh2_dlc11_cst_pirates_of_sartosa|wh2_dlc11_cst_pirates_of_sartosa_separatists|wh2_dlc11_cst_the_drowned|wh2_dlc11_cst_the_drowned_separatists|wh2_dlc11_cst_vampire_coast|wh2_dlc11_cst_vampire_coast_encounters|wh2_dlc11_cst_vampire_coast_qb1|wh2_dlc11_cst_vampire_coast_qb2|wh2_dlc11_cst_vampire_coast_qb3|wh2_dlc11_cst_vampire_coast_qb4|wh2_dlc11_cst_vampire_coast_rebellion_rebels|wh2_dlc11_cst_vampire_coast_rebels|wh2_dlc11_cst_vampire_coast_separatists|wh3_dlc21_cst_dead_flag_fleet|wh3_dlc24_cst_vampire_coast_bloated_rebels|wh3_dlc26_cst_vampire_coast_qb1|wh3_dlc26_cst_vampire_coast_qb2|wh3_main_cst_dread_rock_privateers,false,false,true,true,true,true,wh2_dlc11_lore_deep,cst_vampire_fleet_admiral_female,wh2_dlc11_skill_node_set_cst_admiral_fem_deep,,1,general,false,false,,,,wh3_main_agent_action_scaling,wh3_main_skill_agent_action_success_scaling,Agent action success modifer,Hidden skill that scales action success/defence chance,mount_hellsteed.png,0,99,0,0,false,0,49,34,Agent action success modifer,Hidden skill that scales action success/defence chance,,,,,,wh_main_effect_agent_action_success_chance_enemy_skill,[HIDDEN] Enemy Hero action success chance: %+n% (from skill),,character_to_character_own,-34,campaign,0,true,,,,,,,,,,,,,,,,,,,,,,,,,character_skill_level_to_effects_junctions_tables,wh3_main_skill_agent_action_success_scaling|wh_main_effect_agent_action_success_chance_enemy_skill|34|character_to_character_own
effect,warhammer_3,8.1.1,24237342,Vampire Coast,vampire_coast,wh2_dlc11_sc_cst_vampire_coast,Vampire Fleet Admiral (Deep),Vampire_Fleet_Admiral_Deep__admiral_fem_deep,lord,wh2_dlc11_cst_admiral_fem_deep,general,general,wh2_dlc11_cst_noctilus|wh2_dlc11_cst_noctilus_separatists|wh2_dlc11_cst_pirates_of_sartosa|wh2_dlc11_cst_pirates_of_sartosa_separatists|wh2_dlc11_cst_the_drowned|wh2_dlc11_cst_the_drowned_separatists|wh2_dlc11_cst_vampire_coast|wh2_dlc11_cst_vampire_coast_encounters|wh2_dlc11_cst_vampire_coast_qb1|wh2_dlc11_cst_vampire_coast_qb2|wh2_dlc11_cst_vampire_coast_qb3|wh2_dlc11_cst_vampire_coast_qb4|wh2_dlc11_cst_vampire_coast_rebellion_rebels|wh2_dlc11_cst_vampire_coast_rebels|wh2_dlc11_cst_vampire_coast_separatists|wh3_dlc21_cst_dead_flag_fleet|wh3_dlc24_cst_vampire_coast_bloated_rebels|wh3_dlc26_cst_vampire_coast_qb1|wh3_dlc26_cst_vampire_coast_qb2|wh3_main_cst_dread_rock_privateers,false,false,true,true,true,true,wh2_dlc11_lore_deep,cst_vampire_fleet_admiral_female,wh2_dlc11_skill_node_set_cst_admiral_fem_deep,,1,general,false,false,,,,wh3_main_agent_action_scaling,wh3_main_skill_agent_action_success_scaling,Agent action success modifer,Hidden skill that scales action success/defence chance,mount_hellsteed.png,0,99,0,0,false,0,49,34,Agent action success modifer,Hidden skill that scales action success/defence chance,,,,,,wh_main_effect_agent_action_success_chance_skill,[HIDDEN] Hero action success chance: %+n% (from skill),,character_to_character_own,34,campaign,0,true,,,,,,,,,,,,,,,,,,,,,,,,,character_skill_level_to_effects_junctions_tables,wh3_main_skill_agent_action_success_scaling|wh_main_effect_agent_action_success_chance_skill|34|character_to_character_own
effect,warhammer_3,8.1.1,24237342,Vampire Coast,vampire_coast,wh2_dlc11_sc_cst_vampire_coast,Vampire Fleet Admiral (Deep),Vampire_Fleet_Admiral_Deep__admiral_fem_deep,lord,wh2_dlc11_cst_admiral_fem_deep,general,general,wh2_dlc11_cst_noctilus|wh2_dlc11_cst_noctilus_separatists|wh2_dlc11_cst_pirates_of_sartosa|wh2_dlc11_cst_pirates_of_sartosa_separatists|wh2_dlc11_cst_the_drowned|wh2_dlc11_cst_the_drowned_separatists|wh2_dlc11_cst_vampire_coast|wh2_dlc11_cst_vampire_coast_encounters|wh2_dlc11_cst_vampire_coast_qb1|wh2_dlc11_cst_vampire_coast_qb2|wh2_dlc11_cst_vampire_coast_qb3|wh2_dlc11_cst_vampire_coast_qb4|wh2_dlc11_cst_vampire_coast_rebellion_rebels|wh2_dlc11_cst_vampire_coast_rebels|wh2_dlc11_cst_vampire_coast_separatists|wh3_dlc21_cst_dead_flag_fleet|wh3_dlc24_cst_vampire_coast_bloated_rebels|wh3_dlc26_cst_vampire_coast_qb1|wh3_dlc26_cst_vampire_coast_qb2|wh3_main_cst_dread_rock_privateers,false,false,true,true,true,true,wh2_dlc11_lore_deep,cst_vampire_fleet_admiral_female,wh2_dlc11_skill_node_set_cst_admiral_fem_deep,,1,general,false,false,,,,wh3_main_agent_action_scaling,wh3_main_skill_agent_action_success_scaling,Agent action success modifer,Hidden skill that scales action success/defence chance,mount_hellsteed.png,0,99,0,0,false,0,49,35,Agent action success modifer,Hidden skill that scales action success/defence chance,,,,,,wh_main_effect_agent_action_success_chance_enemy_skill,[HIDDEN] Enemy Hero action success chance: %+n% (from skill),,character_to_character_own,-35,campaign,0,true,,,,,,,,,,,,,,,,,,,,,,,,,character_skill_level_to_effects_junctions_tables,wh3_main_skill_agent_action_success_scaling|wh_main_effect_agent_action_success_chance_enemy_skill|35|character_to_character_own
effect,warhammer_3,8.1.1,24237342,Vampire Coast,vampire_coast,wh2_dlc11_sc_cst_vampire_coast,Vampire Fleet Admiral (Deep),Vampire_Fleet_Admiral_Deep__admiral_fem_deep,lord,wh2_dlc11_cst_admiral_fem_deep,general,general,wh2_dlc11_cst_noctilus|wh2_dlc11_cst_noctilus_separatists|wh2_dlc11_cst_pirates_of_sartosa|wh2_dlc11_cst_pirates_of_sartosa_separatists|wh2_dlc11_cst_the_drowned|wh2_dlc11_cst_the_drowned_separatists|wh2_dlc11_cst_vampire_coast|wh2_dlc11_cst_vampire_coast_encounters|wh2_dlc11_cst_vampire_coast_qb1|wh2_dlc11_cst_vampire_coast_qb2|wh2_dlc11_cst_vampire_coast_qb3|wh2_dlc11_cst_vampire_coast_qb4|wh2_dlc11_cst_vampire_coast_rebellion_rebels|wh2_dlc11_cst_vampire_coast_rebels|wh2_dlc11_cst_vampire_coast_separatists|wh3_dlc21_cst_dead_flag_fleet|wh3_dlc24_cst_vampire_coast_bloated_rebels|wh3_dlc26_cst_vampire_coast_qb1|wh3_dlc26_cst_vampire_coast_qb2|wh3_main_cst_dread_rock_privateers,false,false,true,true,true,true,wh2_dlc11_lore_deep,cst_vampire_fleet_admiral_female,wh2_dlc11_skill_node_set_cst_admiral_fem_deep,,1,general,false,false,,,,wh3_main_agent_action_scaling,wh3_main_skill_agent_action_success_scaling,Agent action success modifer,Hidden skill that scales action success/defence chance,mount_hellsteed.png,0,99,0,0,false,0,49,35,Agent action success modifer,Hidden skill that scales action success/defence chance,,,,,,wh_main_effect_agent_action_success_chance_skill,[HIDDEN] Hero action success chance: %+n% (from skill),,character_to_character_own,35,campaign,0,true,,,,,,,,,,,,,,,,,,,,,,,,,character_skill_level_to_effects_junctions_tables,wh3_main_skill_agent_action_success_scaling|wh_main_effect_agent_action_success_chance_skill|35|character_to_character_own
effect,warhammer_3,8.1.1,24237342,Vampire Coast,vampire_coast,wh2_dlc11_sc_cst_vampire_coast,Vampire Fleet Admiral (Deep),Vampire_Fleet_Admiral_Deep__admiral_fem_deep,lord,wh2_dlc11_cst_admiral_fem_deep,general,general,wh2_dlc11_cst_noctilus|wh2_dlc11_cst_noctilus_separatists|wh2_dlc11_cst_pirates_of_sartosa|wh2_dlc11_cst_pirates_of_sartosa_separatists|wh2_dlc11_cst_the_drowned|wh2_dlc11_cst_the_drowned_separatists|wh2_dlc11_cst_vampire_coast|wh2_dlc11_cst_vampire_coast_encounters|wh2_dlc11_cst_vampire_coast_qb1|wh2_dlc11_cst_vampire_coast_qb2|wh2_dlc11_cst_vampire_coast_qb3|wh2_dlc11_cst_vampire_coast_qb4|wh2_dlc11_cst_vampire_coast_rebellion_rebels|wh2_dlc11_cst_vampire_coast_rebels|wh2_dlc11_cst_vampire_coast_separatists|wh3_dlc21_cst_dead_flag_fleet|wh3_dlc24_cst_vampire_coast_bloated_rebels|wh3_dlc26_cst_vampire_coast_qb1|wh3_dlc26_cst_vampire_coast_qb2|wh3_main_cst_dread_rock_privateers,false,false,true,true,true,true,wh2_dlc11_lore_deep,cst_vampire_fleet_admiral_female,wh2_dlc11_skill_node_set_cst_admiral_fem_deep,,1,general,false,false,,,,wh3_main_agent_action_scaling,wh3_main_skill_agent_action_success_scaling,Agent action success modifer,Hidden skill that scales action success/defence chance,mount_hellsteed.png,0,99,0,0,false,0,49,36,Agent action success modifer,Hidden skill that scales action success/defence chance,,,,,,wh_main_effect_agent_action_success_chance_enemy_skill,[HIDDEN] Enemy Hero action success chance: %+n% (from skill),,character_to_character_own,-36,campaign,0,true,,,,,,,,,,,,,,,,,,,,,,,,,character_skill_level_to_effects_junctions_tables,wh3_main_skill_agent_action_success_scaling|wh_main_effect_agent_action_success_chance_enemy_skill|36|character_to_character_own
effect,warhammer_3,8.1.1,24237342,Vampire Coast,vampire_coast,wh2_dlc11_sc_cst_vampire_coast,Vampire Fleet Admiral (Deep),Vampire_Fleet_Admiral_Deep__admiral_fem_deep,lord,wh2_dlc11_cst_admiral_fem_deep,general,general,wh2_dlc11_cst_noctilus|wh2_dlc11_cst_noctilus_separatists|wh2_dlc11_cst_pirates_of_sartosa|wh2_dlc11_cst_pirates_of_sartosa_separatists|wh2_dlc11_cst_the_drowned|wh2_dlc11_cst_the_drowned_separatists|wh2_dlc11_cst_vampire_coast|wh2_dlc11_cst_vampire_coast_encounters|wh2_dlc11_cst_vampire_coast_qb1|wh2_dlc11_cst_vampire_coast_qb2|wh2_dlc11_cst_vampire_coast_qb3|wh2_dlc11_cst_vampire_coast_qb4|wh2_dlc11_cst_vampire_coast_rebellion_rebels|wh2_dlc11_cst_vampire_coast_rebels|wh2_dlc11_cst_vampire_coast_separatists|wh3_dlc21_cst_dead_flag_fleet|wh3_dlc24_cst_vampire_coast_bloated_rebels|wh3_dlc26_cst_vampire_coast_qb1|wh3_dlc26_cst_vampire_coast_qb2|wh3_main_cst_dread_rock_privateers,false,false,true,true,true,true,wh2_dlc11_lore_deep,cst_vampire_fleet_admiral_female,wh2_dlc11_skill_node_set_cst_admiral_fem_deep,,1,general,false,false,,,,wh3_main_agent_action_scaling,wh3_main_skill_agent_action_success_scaling,Agent action success modifer,Hidden skill that scales action success/defence chance,mount_hellsteed.png,0,99,0,0,false,0,49,36,Agent action success modifer,Hidden skill that scales action success/defence chance,,,,,,wh_main_effect_agent_action_success_chance_skill,[HIDDEN] Hero action success chance: %+n% (from skill),,character_to_character_own,36,campaign,0,true,,,,,,,,,,,,,,,,,,,,,,,,,character_skill_level_to_effects_junctions_tables,wh3_main_skill_agent_action_success_scaling|wh_main_effect_agent_action_success_chance_skill|36|character_to_character_own
effect,warhammer_3,8.1.1,24237342,Vampire Coast,vampire_coast,wh2_dlc11_sc_cst_vampire_coast,Vampire Fleet Admiral (Deep),Vampire_Fleet_Admiral_Deep__admiral_fem_deep,lord,wh2_dlc11_cst_admiral_fem_deep,general,general,wh2_dlc11_cst_noctilus|wh2_dlc11_cst_noctilus_separatists|wh2_dlc11_cst_pirates_of_sartosa|wh2_dlc11_cst_pirates_of_sartosa_separatists|wh2_dlc11_cst_the_drowned|wh2_dlc11_cst_the_drowned_separatists|wh2_dlc11_cst_vampire_coast|wh2_dlc11_cst_vampire_coast_encounters|wh2_dlc11_cst_vampire_coast_qb1|wh2_dlc11_cst_vampire_coast_qb2|wh2_dlc11_cst_vampire_coast_qb3|wh2_dlc11_cst_vampire_coast_qb4|wh2_dlc11_cst_vampire_coast_rebellion_rebels|wh2_dlc11_cst_vampire_coast_rebels|wh2_dlc11_cst_vampire_coast_separatists|wh3_dlc21_cst_dead_flag_fleet|wh3_dlc24_cst_vampire_coast_bloated_rebels|wh3_dlc26_cst_vampire_coast_qb1|wh3_dlc26_cst_vampire_coast_qb2|wh3_main_cst_dread_rock_privateers,false,false,true,true,true,true,wh2_dlc11_lore_deep,cst_vampire_fleet_admiral_female,wh2_dlc11_skill_node_set_cst_admiral_fem_deep,,1,general,false,false,,,,wh3_main_agent_action_scaling,wh3_main_skill_agent_action_success_scaling,Agent action success modifer,Hidden skill that scales action success/defence chance,mount_hellsteed.png,0,99,0,0,false,0,49,37,Agent action success modifer,Hidden skill that scales action success/defence chance,,,,,,wh_main_effect_agent_action_success_chance_enemy_skill,[HIDDEN] Enemy Hero action success chance: %+n% (from skill),,character_to_character_own,-37,campaign,0,true,,,,,,,,,,,,,,,,,,,,,,,,,character_skill_level_to_effects_junctions_tables,wh3_main_skill_agent_action_success_scaling|wh_main_effect_agent_action_success_chance_enemy_skill|37|character_to_character_own
effect,warhammer_3,8.1.1,24237342,Vampire Coast,vampire_coast,wh2_dlc11_sc_cst_vampire_coast,Vampire Fleet Admiral (Deep),Vampire_Fleet_Admiral_Deep__admiral_fem_deep,lord,wh2_dlc11_cst_admiral_fem_deep,general,general,wh2_dlc11_cst_noctilus|wh2_dlc11_cst_noctilus_separatists|wh2_dlc11_cst_pirates_of_sartosa|wh2_dlc11_cst_pirates_of_sartosa_separatists|wh2_dlc11_cst_the_drowned|wh2_dlc11_cst_the_drowned_separatists|wh2_dlc11_cst_vampire_coast|wh2_dlc11_cst_vampire_coast_encounters|wh2_dlc11_cst_vampire_coast_qb1|wh2_dlc11_cst_vampire_coast_qb2|wh2_dlc11_cst_vampire_coast_qb3|wh2_dlc11_cst_vampire_coast_qb4|wh2_dlc11_cst_vampire_coast_rebellion_rebels|wh2_dlc11_cst_vampire_coast_rebels|wh2_dlc11_cst_vampire_coast_separatists|wh3_dlc21_cst_dead_flag_fleet|wh3_dlc24_cst_vampire_coast_bloated_rebels|wh3_dlc26_cst_vampire_coast_qb1|wh3_dlc26_cst_vampire_coast_qb2|wh3_main_cst_dread_rock_privateers,false,false,true,true,true,true,wh2_dlc11_lore_deep,cst_vampire_fleet_admiral_female,wh2_dlc11_skill_node_set_cst_admiral_fem_deep,,1,general,false,false,,,,wh3_main_agent_action_scaling,wh3_main_skill_agent_action_success_scaling,Agent action success modifer,Hidden skill that scales action success/defence chance,mount_hellsteed.png,0,99,0,0,false,0,49,37,Agent action success modifer,Hidden skill that scales action success/defence chance,,,,,,wh_main_effect_agent_action_success_chance_skill,[HIDDEN] Hero action success chance: %+n% (from skill),,character_to_character_own,37,campaign,0,true,,,,,,,,,,,,,,,,,,,,,,,,,character_skill_level_to_effects_junctions_tables,wh3_main_skill_agent_action_success_scaling|wh_main_effect_agent_action_success_chance_skill|37|character_to_character_own
effect,warhammer_3,8.1.1,24237342,Vampire Coast,vampire_coast,wh2_dlc11_sc_cst_vampire_coast,Vampire Fleet Admiral (Deep),Vampire_Fleet_Admiral_Deep__admiral_fem_deep,lord,wh2_dlc11_cst_admiral_fem_deep,general,general,wh2_dlc11_cst_noctilus|wh2_dlc11_cst_noctilus_separatists|wh2_dlc11_cst_pirates_of_sartosa|wh2_dlc11_cst_pirates_of_sartosa_separatists|wh2_dlc11_cst_the_drowned|wh2_dlc11_cst_the_drowned_separatists|wh2_dlc11_cst_vampire_coast|wh2_dlc11_cst_vampire_coast_encounters|wh2_dlc11_cst_vampire_coast_qb1|wh2_dlc11_cst_vampire_coast_qb2|wh2_dlc11_cst_vampire_coast_qb3|wh2_dlc11_cst_vampire_coast_qb4|wh2_dlc11_cst_vampire_coast_rebellion_rebels|wh2_dlc11_cst_vampire_coast_rebels|wh2_dlc11_cst_vampire_coast_separatists|wh3_dlc21_cst_dead_flag_fleet|wh3_dlc24_cst_vampire_coast_bloated_rebels|wh3_dlc26_cst_vampire_coast_qb1|wh3_dlc26_cst_vampire_coast_qb2|wh3_main_cst_dread_rock_privateers,false,false,true,true,true,true,wh2_dlc11_lore_deep,cst_vampire_fleet_admiral_female,wh2_dlc11_skill_node_set_cst_admiral_fem_deep,,1,general,false,false,,,,wh3_main_agent_action_scaling,wh3_main_skill_agent_action_success_scaling,Agent action success modifer,Hidden skill that scales action success/defence chance,mount_hellsteed.png,0,99,0,0,false,0,49,38,Agent action success modifer,Hidden skill that scales action success/defence chance,,,,,,wh_main_effect_agent_action_success_chance_enemy_skill,[HIDDEN] Enemy Hero action success chance: %+n% (from skill),,character_to_character_own,-38,campaign,0,true,,,,,,,,,,,,,,,,,,,,,,,,,character_skill_level_to_effects_junctions_tables,wh3_main_skill_agent_action_success_scaling|wh_main_effect_agent_action_success_chance_enemy_skill|38|character_to_character_own
effect,warhammer_3,8.1.1,24237342,Vampire Coast,vampire_coast,wh2_dlc11_sc_cst_vampire_coast,Vampire Fleet Admiral (Deep),Vampire_Fleet_Admiral_Deep__admiral_fem_deep,lord,wh2_dlc11_cst_admiral_fem_deep,general,general,wh2_dlc11_cst_noctilus|wh2_dlc11_cst_noctilus_separatists|wh2_dlc11_cst_pirates_of_sartosa|wh2_dlc11_cst_pirates_of_sartosa_separatists|wh2_dlc11_cst_the_drowned|wh2_dlc11_cst_the_drowned_separatists|wh2_dlc11_cst_vampire_coast|wh2_dlc11_cst_vampire_coast_encounters|wh2_dlc11_cst_vampire_coast_qb1|wh2_dlc11_cst_vampire_coast_qb2|wh2_dlc11_cst_vampire_coast_qb3|wh2_dlc11_cst_vampire_coast_qb4|wh2_dlc11_cst_vampire_coast_rebellion_rebels|wh2_dlc11_cst_vampire_coast_rebels|wh2_dlc11_cst_vampire_coast_separatists|wh3_dlc21_cst_dead_flag_fleet|wh3_dlc24_cst_vampire_coast_bloated_rebels|wh3_dlc26_cst_vampire_coast_qb1|wh3_dlc26_cst_vampire_coast_qb2|wh3_main_cst_dread_rock_privateers,false,false,true,true,true,true,wh2_dlc11_lore_deep,cst_vampire_fleet_admiral_female,wh2_dlc11_skill_node_set_cst_admiral_fem_deep,,1,general,false,false,,,,wh3_main_agent_action_scaling,wh3_main_skill_agent_action_success_scaling,Agent action success modifer,Hidden skill that scales action success/defence chance,mount_hellsteed.png,0,99,0,0,false,0,49,38,Agent action success modifer,Hidden skill that scales action success/defence chance,,,,,,wh_main_effect_agent_action_success_chance_skill,[HIDDEN] Hero action success chance: %+n% (from skill),,character_to_character_own,38,campaign,0,true,,,,,,,,,,,,,,,,,,,,,,,,,character_skill_level_to_effects_junctions_tables,wh3_main_skill_agent_action_success_scaling|wh_main_effect_agent_action_success_chance_skill|38|character_to_character_own
effect,warhammer_3,8.1.1,24237342,Vampire Coast,vampire_coast,wh2_dlc11_sc_cst_vampire_coast,Vampire Fleet Admiral (Deep),Vampire_Fleet_Admiral_Deep__admiral_fem_deep,lord,wh2_dlc11_cst_admiral_fem_deep,general,general,wh2_dlc11_cst_noctilus|wh2_dlc11_cst_noctilus_separatists|wh2_dlc11_cst_pirates_of_sartosa|wh2_dlc11_cst_pirates_of_sartosa_separatists|wh2_dlc11_cst_the_drowned|wh2_dlc11_cst_the_drowned_separatists|wh2_dlc11_cst_vampire_coast|wh2_dlc11_cst_vampire_coast_encounters|wh2_dlc11_cst_vampire_coast_qb1|wh2_dlc11_cst_vampire_coast_qb2|wh2_dlc11_cst_vampire_coast_qb3|wh2_dlc11_cst_vampire_coast_qb4|wh2_dlc11_cst_vampire_coast_rebellion_rebels|wh2_dlc11_cst_vampire_coast_rebels|wh2_dlc11_cst_vampire_coast_separatists|wh3_dlc21_cst_dead_flag_fleet|wh3_dlc24_cst_vampire_coast_bloated_rebels|wh3_dlc26_cst_vampire_coast_qb1|wh3_dlc26_cst_vampire_coast_qb2|wh3_main_cst_dread_rock_privateers,false,false,true,true,true,true,wh2_dlc11_lore_deep,cst_vampire_fleet_admiral_female,wh2_dlc11_skill_node_set_cst_admiral_fem_deep,,1,general,false,false,,,,wh3_main_agent_action_scaling,wh3_main_skill_agent_action_success_scaling,Agent action success modifer,Hidden skill that scales action success/defence chance,mount_hellsteed.png,0,99,0,0,false,0,49,39,Agent action success modifer,Hidden skill that scales action success/defence chance,,,,,,wh_main_effect_agent_action_success_chance_enemy_skill,[HIDDEN] Enemy Hero action success chance: %+n% (from skill),,character_to_character_own,-39,campaign,0,true,,,,,,,,,,,,,,,,,,,,,,,,,character_skill_level_to_effects_junctions_tables,wh3_main_skill_agent_action_success_scaling|wh_main_effect_agent_action_success_chance_enemy_skill|39|character_to_character_own
effect,warhammer_3,8.1.1,24237342,Vampire Coast,vampire_coast,wh2_dlc11_sc_cst_vampire_coast,Vampire Fleet Admiral (Deep),Vampire_Fleet_Admiral_Deep__admiral_fem_deep,lord,wh2_dlc11_cst_admiral_fem_deep,general,general,wh2_dlc11_cst_noctilus|wh2_dlc11_cst_noctilus_separatists|wh2_dlc11_cst_pirates_of_sartosa|wh2_dlc11_cst_pirates_of_sartosa_separatists|wh2_dlc11_cst_the_drowned|wh2_dlc11_cst_the_drowned_separatists|wh2_dlc11_cst_vampire_coast|wh2_dlc11_cst_vampire_coast_encounters|wh2_dlc11_cst_vampire_coast_qb1|wh2_dlc11_cst_vampire_coast_qb2|wh2_dlc11_cst_vampire_coast_qb3|wh2_dlc11_cst_vampire_coast_qb4|wh2_dlc11_cst_vampire_coast_rebellion_rebels|wh2_dlc11_cst_vampire_coast_rebels|wh2_dlc11_cst_vampire_coast_separatists|wh3_dlc21_cst_dead_flag_fleet|wh3_dlc24_cst_vampire_coast_bloated_rebels|wh3_dlc26_cst_vampire_coast_qb1|wh3_dlc26_cst_vampire_coast_qb2|wh3_main_cst_dread_rock_privateers,false,false,true,true,true,true,wh2_dlc11_lore_deep,cst_vampire_fleet_admiral_female,wh2_dlc11_skill_node_set_cst_admiral_fem_deep,,1,general,false,false,,,,wh3_main_agent_action_scaling,wh3_main_skill_agent_action_success_scaling,Agent action success modifer,Hidden skill that scales action success/defence chance,mount_hellsteed.png,0,99,0,0,false,0,49,39,Agent action success modifer,Hidden skill that scales action success/defence chance,,,,,,wh_main_effect_agent_action_success_chance_skill,[HIDDEN] Hero action success chance: %+n% (from skill),,character_to_character_own,39,campaign,0,true,,,,,,,,,,,,,,,,,,,,,,,,,character_skill_level_to_effects_junctions_tables,wh3_main_skill_agent_action_success_scaling|wh_main_effect_agent_action_success_chance_skill|39|character_to_character_own
effect,warhammer_3,8.1.1,24237342,Vampire Coast,vampire_coast,wh2_dlc11_sc_cst_vampire_coast,Vampire Fleet Admiral (Deep),Vampire_Fleet_Admiral_Deep__admiral_fem_deep,lord,wh2_dlc11_cst_admiral_fem_deep,general,general,wh2_dlc11_cst_noctilus|wh2_dlc11_cst_noctilus_separatists|wh2_dlc11_cst_pirates_of_sartosa|wh2_dlc11_cst_pirates_of_sartosa_separatists|wh2_dlc11_cst_the_drowned|wh2_dlc11_cst_the_drowned_separatists|wh2_dlc11_cst_vampire_coast|wh2_dlc11_cst_vampire_coast_encounters|wh2_dlc11_cst_vampire_coast_qb1|wh2_dlc11_cst_vampire_coast_qb2|wh2_dlc11_cst_vampire_coast_qb3|wh2_dlc11_cst_vampire_coast_qb4|wh2_dlc11_cst_vampire_coast_rebellion_rebels|wh2_dlc11_cst_vampire_coast_rebels|wh2_dlc11_cst_vampire_coast_separatists|wh3_dlc21_cst_dead_flag_fleet|wh3_dlc24_cst_vampire_coast_bloated_rebels|wh3_dlc26_cst_vampire_coast_qb1|wh3_dlc26_cst_vampire_coast_qb2|wh3_main_cst_dread_rock_privateers,false,false,true,true,true,true,wh2_dlc11_lore_deep,cst_vampire_fleet_admiral_female,wh2_dlc11_skill_node_set_cst_admiral_fem_deep,,1,general,false,false,,,,wh3_main_agent_action_scaling,wh3_main_skill_agent_action_success_scaling,Agent action success modifer,Hidden skill that scales action success/defence chance,mount_hellsteed.png,0,99,0,0,false,0,49,40,Agent action success modifer,Hidden skill that scales action success/defence chance,,,,,,wh_main_effect_agent_action_success_chance_enemy_skill,[HIDDEN] Enemy Hero action success chance: %+n% (from skill),,character_to_character_own,-40,campaign,0,true,,,,,,,,,,,,,,,,,,,,,,,,,character_skill_level_to_effects_junctions_tables,wh3_main_skill_agent_action_success_scaling|wh_main_effect_agent_action_success_chance_enemy_skill|40|character_to_character_own
effect,warhammer_3,8.1.1,24237342,Vampire Coast,vampire_coast,wh2_dlc11_sc_cst_vampire_coast,Vampire Fleet Admiral (Deep),Vampire_Fleet_Admiral_Deep__admiral_fem_deep,lord,wh2_dlc11_cst_admiral_fem_deep,general,general,wh2_dlc11_cst_noctilus|wh2_dlc11_cst_noctilus_separatists|wh2_dlc11_cst_pirates_of_sartosa|wh2_dlc11_cst_pirates_of_sartosa_separatists|wh2_dlc11_cst_the_drowned|wh2_dlc11_cst_the_drowned_separatists|wh2_dlc11_cst_vampire_coast|wh2_dlc11_cst_vampire_coast_encounters|wh2_dlc11_cst_vampire_coast_qb1|wh2_dlc11_cst_vampire_coast_qb2|wh2_dlc11_cst_vampire_coast_qb3|wh2_dlc11_cst_vampire_coast_qb4|wh2_dlc11_cst_vampire_coast_rebellion_rebels|wh2_dlc11_cst_vampire_coast_rebels|wh2_dlc11_cst_vampire_coast_separatists|wh3_dlc21_cst_dead_flag_fleet|wh3_dlc24_cst_vampire_coast_bloated_rebels|wh3_dlc26_cst_vampire_coast_qb1|wh3_dlc26_cst_vampire_coast_qb2|wh3_main_cst_dread_rock_privateers,false,false,true,true,true,true,wh2_dlc11_lore_deep,cst_vampire_fleet_admiral_female,wh2_dlc11_skill_node_set_cst_admiral_fem_deep,,1,general,false,false,,,,wh3_main_agent_action_scaling,wh3_main_skill_agent_action_success_scaling,Agent action success modifer,Hidden skill that scales action success/defence chance,mount_hellsteed.png,0,99,0,0,false,0,49,40,Agent action success modifer,Hidden skill that scales action success/defence chance,,,,,,wh_main_effect_agent_action_success_chance_skill,[HIDDEN] Hero action success chance: %+n% (from skill),,character_to_character_own,40,campaign,0,true,,,,,,,,,,,,,,,,,,,,,,,,,character_skill_level_to_effects_junctions_tables,wh3_main_skill_agent_action_success_scaling|wh_main_effect_agent_action_success_chance_skill|40|character_to_character_own
effect,warhammer_3,8.1.1,24237342,Vampire Coast,vampire_coast,wh2_dlc11_sc_cst_vampire_coast,Vampire Fleet Admiral (Deep),Vampire_Fleet_Admiral_Deep__admiral_fem_deep,lord,wh2_dlc11_cst_admiral_fem_deep,general,general,wh2_dlc11_cst_noctilus|wh2_dlc11_cst_noctilus_separatists|wh2_dlc11_cst_pirates_of_sartosa|wh2_dlc11_cst_pirates_of_sartosa_separatists|wh2_dlc11_cst_the_drowned|wh2_dlc11_cst_the_drowned_separatists|wh2_dlc11_cst_vampire_coast|wh2_dlc11_cst_vampire_coast_encounters|wh2_dlc11_cst_vampire_coast_qb1|wh2_dlc11_cst_vampire_coast_qb2|wh2_dlc11_cst_vampire_coast_qb3|wh2_dlc11_cst_vampire_coast_qb4|wh2_dlc11_cst_vampire_coast_rebellion_rebels|wh2_dlc11_cst_vampire_coast_rebels|wh2_dlc11_cst_vampire_coast_separatists|wh3_dlc21_cst_dead_flag_fleet|wh3_dlc24_cst_vampire_coast_bloated_rebels|wh3_dlc26_cst_vampire_coast_qb1|wh3_dlc26_cst_vampire_coast_qb2|wh3_main_cst_dread_rock_privateers,false,false,true,true,true,true,wh2_dlc11_lore_deep,cst_vampire_fleet_admiral_female,wh2_dlc11_skill_node_set_cst_admiral_fem_deep,,1,general,false,false,,,,wh3_main_agent_action_scaling,wh3_main_skill_agent_action_success_scaling,Agent action success modifer,Hidden skill that scales action success/defence chance,mount_hellsteed.png,0,99,0,0,false,0,49,41,Agent action success modifer,Hidden skill that scales action success/defence chance,,,,,,wh_main_effect_agent_action_success_chance_enemy_skill,[HIDDEN] Enemy Hero action success chance: %+n% (from skill),,character_to_character_own,-41,campaign,0,true,,,,,,,,,,,,,,,,,,,,,,,,,character_skill_level_to_effects_junctions_tables,wh3_main_skill_agent_action_success_scaling|wh_main_effect_agent_action_success_chance_enemy_skill|41|character_to_character_own
effect,warhammer_3,8.1.1,24237342,Vampire Coast,vampire_coast,wh2_dlc11_sc_cst_vampire_coast,Vampire Fleet Admiral (Deep),Vampire_Fleet_Admiral_Deep__admiral_fem_deep,lord,wh2_dlc11_cst_admiral_fem_deep,general,general,wh2_dlc11_cst_noctilus|wh2_dlc11_cst_noctilus_separatists|wh2_dlc11_cst_pirates_of_sartosa|wh2_dlc11_cst_pirates_of_sartosa_separatists|wh2_dlc11_cst_the_drowned|wh2_dlc11_cst_the_drowned_separatists|wh2_dlc11_cst_vampire_coast|wh2_dlc11_cst_vampire_coast_encounters|wh2_dlc11_cst_vampire_coast_qb1|wh2_dlc11_cst_vampire_coast_qb2|wh2_dlc11_cst_vampire_coast_qb3|wh2_dlc11_cst_vampire_coast_qb4|wh2_dlc11_cst_vampire_coast_rebellion_rebels|wh2_dlc11_cst_vampire_coast_rebels|wh2_dlc11_cst_vampire_coast_separatists|wh3_dlc21_cst_dead_flag_fleet|wh3_dlc24_cst_vampire_coast_bloated_rebels|wh3_dlc26_cst_vampire_coast_qb1|wh3_dlc26_cst_vampire_coast_qb2|wh3_main_cst_dread_rock_privateers,false,false,true,true,true,true,wh2_dlc11_lore_deep,cst_vampire_fleet_admiral_female,wh2_dlc11_skill_node_set_cst_admiral_fem_deep,,1,general,false,false,,,,wh3_main_agent_action_scaling,wh3_main_skill_agent_action_success_scaling,Agent action success modifer,Hidden skill that scales action success/defence chance,mount_hellsteed.png,0,99,0,0,false,0,49,41,Agent action success modifer,Hidden skill that scales action success/defence chance,,,,,,wh_main_effect_agent_action_success_chance_skill,[HIDDEN] Hero action success chance: %+n% (from skill),,character_to_character_own,41,campaign,0,true,,,,,,,,,,,,,,,,,,,,,,,,,character_skill_level_to_effects_junctions_tables,wh3_main_skill_agent_action_success_scaling|wh_main_effect_agent_action_success_chance_skill|41|character_to_character_own
effect,warhammer_3,8.1.1,24237342,Vampire Coast,vampire_coast,wh2_dlc11_sc_cst_vampire_coast,Vampire Fleet Admiral (Deep),Vampire_Fleet_Admiral_Deep__admiral_fem_deep,lord,wh2_dlc11_cst_admiral_fem_deep,general,general,wh2_dlc11_cst_noctilus|wh2_dlc11_cst_noctilus_separatists|wh2_dlc11_cst_pirates_of_sartosa|wh2_dlc11_cst_pirates_of_sartosa_separatists|wh2_dlc11_cst_the_drowned|wh2_dlc11_cst_the_drowned_separatists|wh2_dlc11_cst_vampire_coast|wh2_dlc11_cst_vampire_coast_encounters|wh2_dlc11_cst_vampire_coast_qb1|wh2_dlc11_cst_vampire_coast_qb2|wh2_dlc11_cst_vampire_coast_qb3|wh2_dlc11_cst_vampire_coast_qb4|wh2_dlc11_cst_vampire_coast_rebellion_rebels|wh2_dlc11_cst_vampire_coast_rebels|wh2_dlc11_cst_vampire_coast_separatists|wh3_dlc21_cst_dead_flag_fleet|wh3_dlc24_cst_vampire_coast_bloated_rebels|wh3_dlc26_cst_vampire_coast_qb1|wh3_dlc26_cst_vampire_coast_qb2|wh3_main_cst_dread_rock_privateers,false,false,true,true,true,true,wh2_dlc11_lore_deep,cst_vampire_fleet_admiral_female,wh2_dlc11_skill_node_set_cst_admiral_fem_deep,,1,general,false,false,,,,wh3_main_agent_action_scaling,wh3_main_skill_agent_action_success_scaling,Agent action success modifer,Hidden skill that scales action success/defence chance,mount_hellsteed.png,0,99,0,0,false,0,49,42,Agent action success modifer,Hidden skill that scales action success/defence chance,,,,,,wh_main_effect_agent_action_success_chance_enemy_skill,[HIDDEN] Enemy Hero action success chance: %+n% (from skill),,character_to_character_own,-42,campaign,0,true,,,,,,,,,,,,,,,,,,,,,,,,,character_skill_level_to_effects_junctions_tables,wh3_main_skill_agent_action_success_scaling|wh_main_effect_agent_action_success_chance_enemy_skill|42|character_to_character_own
effect,warhammer_3,8.1.1,24237342,Vampire Coast,vampire_coast,wh2_dlc11_sc_cst_vampire_coast,Vampire Fleet Admiral (Deep),Vampire_Fleet_Admiral_Deep__admiral_fem_deep,lord,wh2_dlc11_cst_admiral_fem_deep,general,general,wh2_dlc11_cst_noctilus|wh2_dlc11_cst_noctilus_separatists|wh2_dlc11_cst_pirates_of_sartosa|wh2_dlc11_cst_pirates_of_sartosa_separatists|wh2_dlc11_cst_the_drowned|wh2_dlc11_cst_the_drowned_separatists|wh2_dlc11_cst_vampire_coast|wh2_dlc11_cst_vampire_coast_encounters|wh2_dlc11_cst_vampire_coast_qb1|wh2_dlc11_cst_vampire_coast_qb2|wh2_dlc11_cst_vampire_coast_qb3|wh2_dlc11_cst_vampire_coast_qb4|wh2_dlc11_cst_vampire_coast_rebellion_rebels|wh2_dlc11_cst_vampire_coast_rebels|wh2_dlc11_cst_vampire_coast_separatists|wh3_dlc21_cst_dead_flag_fleet|wh3_dlc24_cst_vampire_coast_bloated_rebels|wh3_dlc26_cst_vampire_coast_qb1|wh3_dlc26_cst_vampire_coast_qb2|wh3_main_cst_dread_rock_privateers,false,false,true,true,true,true,wh2_dlc11_lore_deep,cst_vampire_fleet_admiral_female,wh2_dlc11_skill_node_set_cst_admiral_fem_deep,,1,general,false,false,,,,wh3_main_agent_action_scaling,wh3_main_skill_agent_action_success_scaling,Agent action success modifer,Hidden skill that scales action success/defence chance,mount_hellsteed.png,0,99,0,0,false,0,49,42,Agent action success modifer,Hidden skill that scales action success/defence chance,,,,,,wh_main_effect_agent_action_success_chance_skill,[HIDDEN] Hero action success chance: %+n% (from skill),,character_to_character_own,42,campaign,0,true,,,,,,,,,,,,,,,,,,,,,,,,,character_skill_level_to_effects_junctions_tables,wh3_main_skill_agent_action_success_scaling|wh_main_effect_agent_action_success_chance_skill|42|character_to_character_own
effect,warhammer_3,8.1.1,24237342,Vampire Coast,vampire_coast,wh2_dlc11_sc_cst_vampire_coast,Vampire Fleet Admiral (Deep),Vampire_Fleet_Admiral_Deep__admiral_fem_deep,lord,wh2_dlc11_cst_admiral_fem_deep,general,general,wh2_dlc11_cst_noctilus|wh2_dlc11_cst_noctilus_separatists|wh2_dlc11_cst_pirates_of_sartosa|wh2_dlc11_cst_pirates_of_sartosa_separatists|wh2_dlc11_cst_the_drowned|wh2_dlc11_cst_the_drowned_separatists|wh2_dlc11_cst_vampire_coast|wh2_dlc11_cst_vampire_coast_encounters|wh2_dlc11_cst_vampire_coast_qb1|wh2_dlc11_cst_vampire_coast_qb2|wh2_dlc11_cst_vampire_coast_qb3|wh2_dlc11_cst_vampire_coast_qb4|wh2_dlc11_cst_vampire_coast_rebellion_rebels|wh2_dlc11_cst_vampire_coast_rebels|wh2_dlc11_cst_vampire_coast_separatists|wh3_dlc21_cst_dead_flag_fleet|wh3_dlc24_cst_vampire_coast_bloated_rebels|wh3_dlc26_cst_vampire_coast_qb1|wh3_dlc26_cst_vampire_coast_qb2|wh3_main_cst_dread_rock_privateers,false,false,true,true,true,true,wh2_dlc11_lore_deep,cst_vampire_fleet_admiral_female,wh2_dlc11_skill_node_set_cst_admiral_fem_deep,,1,general,false,false,,,,wh3_main_agent_action_scaling,wh3_main_skill_agent_action_success_scaling,Agent action success modifer,Hidden skill that scales action success/defence chance,mount_hellsteed.png,0,99,0,0,false,0,49,43,Agent action success modifer,Hidden skill that scales action success/defence chance,,,,,,wh_main_effect_agent_action_success_chance_enemy_skill,[HIDDEN] Enemy Hero action success chance: %+n% (from skill),,character_to_character_own,-43,campaign,0,true,,,,,,,,,,,,,,,,,,,,,,,,,character_skill_level_to_effects_junctions_tables,wh3_main_skill_agent_action_success_scaling|wh_main_effect_agent_action_success_chance_enemy_skill|43|character_to_character_own
effect,warhammer_3,8.1.1,24237342,Vampire Coast,vampire_coast,wh2_dlc11_sc_cst_vampire_coast,Vampire Fleet Admiral (Deep),Vampire_Fleet_Admiral_Deep__admiral_fem_deep,lord,wh2_dlc11_cst_admiral_fem_deep,general,general,wh2_dlc11_cst_noctilus|wh2_dlc11_cst_noctilus_separatists|wh2_dlc11_cst_pirates_of_sartosa|wh2_dlc11_cst_pirates_of_sartosa_separatists|wh2_dlc11_cst_the_drowned|wh2_dlc11_cst_the_drowned_separatists|wh2_dlc11_cst_vampire_coast|wh2_dlc11_cst_vampire_coast_encounters|wh2_dlc11_cst_vampire_coast_qb1|wh2_dlc11_cst_vampire_coast_qb2|wh2_dlc11_cst_vampire_coast_qb3|wh2_dlc11_cst_vampire_coast_qb4|wh2_dlc11_cst_vampire_coast_rebellion_rebels|wh2_dlc11_cst_vampire_coast_rebels|wh2_dlc11_cst_vampire_coast_separatists|wh3_dlc21_cst_dead_flag_fleet|wh3_dlc24_cst_vampire_coast_bloated_rebels|wh3_dlc26_cst_vampire_coast_qb1|wh3_dlc26_cst_vampire_coast_qb2|wh3_main_cst_dread_rock_privateers,false,false,true,true,true,true,wh2_dlc11_lore_deep,cst_vampire_fleet_admiral_female,wh2_dlc11_skill_node_set_cst_admiral_fem_deep,,1,general,false,false,,,,wh3_main_agent_action_scaling,wh3_main_skill_agent_action_success_scaling,Agent action success modifer,Hidden skill that scales action success/defence chance,mount_hellsteed.png,0,99,0,0,false,0,49,43,Agent action success modifer,Hidden skill that scales action success/defence chance,,,,,,wh_main_effect_agent_action_success_chance_skill,[HIDDEN] Hero action success chance: %+n% (from skill),,character_to_character_own,43,campaign,0,true,,,,,,,,,,,,,,,,,,,,,,,,,character_skill_level_to_effects_junctions_tables,wh3_main_skill_agent_action_success_scaling|wh_main_effect_agent_action_success_chance_skill|43|character_to_character_own
effect,warhammer_3,8.1.1,24237342,Vampire Coast,vampire_coast,wh2_dlc11_sc_cst_vampire_coast,Vampire Fleet Admiral (Deep),Vampire_Fleet_Admiral_Deep__admiral_fem_deep,lord,wh2_dlc11_cst_admiral_fem_deep,general,general,wh2_dlc11_cst_noctilus|wh2_dlc11_cst_noctilus_separatists|wh2_dlc11_cst_pirates_of_sartosa|wh2_dlc11_cst_pirates_of_sartosa_separatists|wh2_dlc11_cst_the_drowned|wh2_dlc11_cst_the_drowned_separatists|wh2_dlc11_cst_vampire_coast|wh2_dlc11_cst_vampire_coast_encounters|wh2_dlc11_cst_vampire_coast_qb1|wh2_dlc11_cst_vampire_coast_qb2|wh2_dlc11_cst_vampire_coast_qb3|wh2_dlc11_cst_vampire_coast_qb4|wh2_dlc11_cst_vampire_coast_rebellion_rebels|wh2_dlc11_cst_vampire_coast_rebels|wh2_dlc11_cst_vampire_coast_separatists|wh3_dlc21_cst_dead_flag_fleet|wh3_dlc24_cst_vampire_coast_bloated_rebels|wh3_dlc26_cst_vampire_coast_qb1|wh3_dlc26_cst_vampire_coast_qb2|wh3_main_cst_dread_rock_privateers,false,false,true,true,true,true,wh2_dlc11_lore_deep,cst_vampire_fleet_admiral_female,wh2_dlc11_skill_node_set_cst_admiral_fem_deep,,1,general,false,false,,,,wh3_main_agent_action_scaling,wh3_main_skill_agent_action_success_scaling,Agent action success modifer,Hidden skill that scales action success/defence chance,mount_hellsteed.png,0,99,0,0,false,0,49,44,Agent action success modifer,Hidden skill that scales action success/defence chance,,,,,,wh_main_effect_agent_action_success_chance_enemy_skill,[HIDDEN] Enemy Hero action success chance: %+n% (from skill),,character_to_character_own,-44,campaign,0,true,,,,,,,,,,,,,,,,,,,,,,,,,character_skill_level_to_effects_junctions_tables,wh3_main_skill_agent_action_success_scaling|wh_main_effect_agent_action_success_chance_enemy_skill|44|character_to_character_own
effect,warhammer_3,8.1.1,24237342,Vampire Coast,vampire_coast,wh2_dlc11_sc_cst_vampire_coast,Vampire Fleet Admiral (Deep),Vampire_Fleet_Admiral_Deep__admiral_fem_deep,lord,wh2_dlc11_cst_admiral_fem_deep,general,general,wh2_dlc11_cst_noctilus|wh2_dlc11_cst_noctilus_separatists|wh2_dlc11_cst_pirates_of_sartosa|wh2_dlc11_cst_pirates_of_sartosa_separatists|wh2_dlc11_cst_the_drowned|wh2_dlc11_cst_the_drowned_separatists|wh2_dlc11_cst_vampire_coast|wh2_dlc11_cst_vampire_coast_encounters|wh2_dlc11_cst_vampire_coast_qb1|wh2_dlc11_cst_vampire_coast_qb2|wh2_dlc11_cst_vampire_coast_qb3|wh2_dlc11_cst_vampire_coast_qb4|wh2_dlc11_cst_vampire_coast_rebellion_rebels|wh2_dlc11_cst_vampire_coast_rebels|wh2_dlc11_cst_vampire_coast_separatists|wh3_dlc21_cst_dead_flag_fleet|wh3_dlc24_cst_vampire_coast_bloated_rebels|wh3_dlc26_cst_vampire_coast_qb1|wh3_dlc26_cst_vampire_coast_qb2|wh3_main_cst_dread_rock_privateers,false,false,true,true,true,true,wh2_dlc11_lore_deep,cst_vampire_fleet_admiral_female,wh2_dlc11_skill_node_set_cst_admiral_fem_deep,,1,general,false,false,,,,wh3_main_agent_action_scaling,wh3_main_skill_agent_action_success_scaling,Agent action success modifer,Hidden skill that scales action success/defence chance,mount_hellsteed.png,0,99,0,0,false,0,49,44,Agent action success modifer,Hidden skill that scales action success/defence chance,,,,,,wh_main_effect_agent_action_success_chance_skill,[HIDDEN] Hero action success chance: %+n% (from skill),,character_to_character_own,44,campaign,0,true,,,,,,,,,,,,,,,,,,,,,,,,,character_skill_level_to_effects_junctions_tables,wh3_main_skill_agent_action_success_scaling|wh_main_effect_agent_action_success_chance_skill|44|character_to_character_own
effect,warhammer_3,8.1.1,24237342,Vampire Coast,vampire_coast,wh2_dlc11_sc_cst_vampire_coast,Vampire Fleet Admiral (Deep),Vampire_Fleet_Admiral_Deep__admiral_fem_deep,lord,wh2_dlc11_cst_admiral_fem_deep,general,general,wh2_dlc11_cst_noctilus|wh2_dlc11_cst_noctilus_separatists|wh2_dlc11_cst_pirates_of_sartosa|wh2_dlc11_cst_pirates_of_sartosa_separatists|wh2_dlc11_cst_the_drowned|wh2_dlc11_cst_the_drowned_separatists|wh2_dlc11_cst_vampire_coast|wh2_dlc11_cst_vampire_coast_encounters|wh2_dlc11_cst_vampire_coast_qb1|wh2_dlc11_cst_vampire_coast_qb2|wh2_dlc11_cst_vampire_coast_qb3|wh2_dlc11_cst_vampire_coast_qb4|wh2_dlc11_cst_vampire_coast_rebellion_rebels|wh2_dlc11_cst_vampire_coast_rebels|wh2_dlc11_cst_vampire_coast_separatists|wh3_dlc21_cst_dead_flag_fleet|wh3_dlc24_cst_vampire_coast_bloated_rebels|wh3_dlc26_cst_vampire_coast_qb1|wh3_dlc26_cst_vampire_coast_qb2|wh3_main_cst_dread_rock_privateers,false,false,true,true,true,true,wh2_dlc11_lore_deep,cst_vampire_fleet_admiral_female,wh2_dlc11_skill_node_set_cst_admiral_fem_deep,,1,general,false,false,,,,wh3_main_agent_action_scaling,wh3_main_skill_agent_action_success_scaling,Agent action success modifer,Hidden skill that scales action success/defence chance,mount_hellsteed.png,0,99,0,0,false,0,49,45,Agent action success modifer,Hidden skill that scales action success/defence chance,,,,,,wh_main_effect_agent_action_success_chance_enemy_skill,[HIDDEN] Enemy Hero action success chance: %+n% (from skill),,character_to_character_own,-45,campaign,0,true,,,,,,,,,,,,,,,,,,,,,,,,,character_skill_level_to_effects_junctions_tables,wh3_main_skill_agent_action_success_scaling|wh_main_effect_agent_action_success_chance_enemy_skill|45|character_to_character_own
effect,warhammer_3,8.1.1,24237342,Vampire Coast,vampire_coast,wh2_dlc11_sc_cst_vampire_coast,Vampire Fleet Admiral (Deep),Vampire_Fleet_Admiral_Deep__admiral_fem_deep,lord,wh2_dlc11_cst_admiral_fem_deep,general,general,wh2_dlc11_cst_noctilus|wh2_dlc11_cst_noctilus_separatists|wh2_dlc11_cst_pirates_of_sartosa|wh2_dlc11_cst_pirates_of_sartosa_separatists|wh2_dlc11_cst_the_drowned|wh2_dlc11_cst_the_drowned_separatists|wh2_dlc11_cst_vampire_coast|wh2_dlc11_cst_vampire_coast_encounters|wh2_dlc11_cst_vampire_coast_qb1|wh2_dlc11_cst_vampire_coast_qb2|wh2_dlc11_cst_vampire_coast_qb3|wh2_dlc11_cst_vampire_coast_qb4|wh2_dlc11_cst_vampire_coast_rebellion_rebels|wh2_dlc11_cst_vampire_coast_rebels|wh2_dlc11_cst_vampire_coast_separatists|wh3_dlc21_cst_dead_flag_fleet|wh3_dlc24_cst_vampire_coast_bloated_rebels|wh3_dlc26_cst_vampire_coast_qb1|wh3_dlc26_cst_vampire_coast_qb2|wh3_main_cst_dread_rock_privateers,false,false,true,true,true,true,wh2_dlc11_lore_deep,cst_vampire_fleet_admiral_female,wh2_dlc11_skill_node_set_cst_admiral_fem_deep,,1,general,false,false,,,,wh3_main_agent_action_scaling,wh3_main_skill_agent_action_success_scaling,Agent action success modifer,Hidden skill that scales action success/defence chance,mount_hellsteed.png,0,99,0,0,false,0,49,45,Agent action success modifer,Hidden skill that scales action success/defence chance,,,,,,wh_main_effect_agent_action_success_chance_skill,[HIDDEN] Hero action success chance: %+n% (from skill),,character_to_character_own,45,campaign,0,true,,,,,,,,,,,,,,,,,,,,,,,,,character_skill_level_to_effects_junctions_tables,wh3_main_skill_agent_action_success_scaling|wh_main_effect_agent_action_success_chance_skill|45|character_to_character_own
effect,warhammer_3,8.1.1,24237342,Vampire Coast,vampire_coast,wh2_dlc11_sc_cst_vampire_coast,Vampire Fleet Admiral (Deep),Vampire_Fleet_Admiral_Deep__admiral_fem_deep,lord,wh2_dlc11_cst_admiral_fem_deep,general,general,wh2_dlc11_cst_noctilus|wh2_dlc11_cst_noctilus_separatists|wh2_dlc11_cst_pirates_of_sartosa|wh2_dlc11_cst_pirates_of_sartosa_separatists|wh2_dlc11_cst_the_drowned|wh2_dlc11_cst_the_drowned_separatists|wh2_dlc11_cst_vampire_coast|wh2_dlc11_cst_vampire_coast_encounters|wh2_dlc11_cst_vampire_coast_qb1|wh2_dlc11_cst_vampire_coast_qb2|wh2_dlc11_cst_vampire_coast_qb3|wh2_dlc11_cst_vampire_coast_qb4|wh2_dlc11_cst_vampire_coast_rebellion_rebels|wh2_dlc11_cst_vampire_coast_rebels|wh2_dlc11_cst_vampire_coast_separatists|wh3_dlc21_cst_dead_flag_fleet|wh3_dlc24_cst_vampire_coast_bloated_rebels|wh3_dlc26_cst_vampire_coast_qb1|wh3_dlc26_cst_vampire_coast_qb2|wh3_main_cst_dread_rock_privateers,false,false,true,true,true,true,wh2_dlc11_lore_deep,cst_vampire_fleet_admiral_female,wh2_dlc11_skill_node_set_cst_admiral_fem_deep,,1,general,false,false,,,,wh3_main_agent_action_scaling,wh3_main_skill_agent_action_success_scaling,Agent action success modifer,Hidden skill that scales action success/defence chance,mount_hellsteed.png,0,99,0,0,false,0,49,46,Agent action success modifer,Hidden skill that scales action success/defence chance,,,,,,wh_main_effect_agent_action_success_chance_enemy_skill,[HIDDEN] Enemy Hero action success chance: %+n% (from skill),,character_to_character_own,-46,campaign,0,true,,,,,,,,,,,,,,,,,,,,,,,,,character_skill_level_to_effects_junctions_tables,wh3_main_skill_agent_action_success_scaling|wh_main_effect_agent_action_success_chance_enemy_skill|46|character_to_character_own
effect,warhammer_3,8.1.1,24237342,Vampire Coast,vampire_coast,wh2_dlc11_sc_cst_vampire_coast,Vampire Fleet Admiral (Deep),Vampire_Fleet_Admiral_Deep__admiral_fem_deep,lord,wh2_dlc11_cst_admiral_fem_deep,general,general,wh2_dlc11_cst_noctilus|wh2_dlc11_cst_noctilus_separatists|wh2_dlc11_cst_pirates_of_sartosa|wh2_dlc11_cst_pirates_of_sartosa_separatists|wh2_dlc11_cst_the_drowned|wh2_dlc11_cst_the_drowned_separatists|wh2_dlc11_cst_vampire_coast|wh2_dlc11_cst_vampire_coast_encounters|wh2_dlc11_cst_vampire_coast_qb1|wh2_dlc11_cst_vampire_coast_qb2|wh2_dlc11_cst_vampire_coast_qb3|wh2_dlc11_cst_vampire_coast_qb4|wh2_dlc11_cst_vampire_coast_rebellion_rebels|wh2_dlc11_cst_vampire_coast_rebels|wh2_dlc11_cst_vampire_coast_separatists|wh3_dlc21_cst_dead_flag_fleet|wh3_dlc24_cst_vampire_coast_bloated_rebels|wh3_dlc26_cst_vampire_coast_qb1|wh3_dlc26_cst_vampire_coast_qb2|wh3_main_cst_dread_rock_privateers,false,false,true,true,true,true,wh2_dlc11_lore_deep,cst_vampire_fleet_admiral_female,wh2_dlc11_skill_node_set_cst_admiral_fem_deep,,1,general,false,false,,,,wh3_main_agent_action_scaling,wh3_main_skill_agent_action_success_scaling,Agent action success modifer,Hidden skill that scales action success/defence chance,mount_hellsteed.png,0,99,0,0,false,0,49,46,Agent action success modifer,Hidden skill that scales action success/defence chance,,,,,,wh_main_effect_agent_action_success_chance_skill,[HIDDEN] Hero action success chance: %+n% (from skill),,character_to_character_own,46,campaign,0,true,,,,,,,,,,,,,,,,,,,,,,,,,character_skill_level_to_effects_junctions_tables,wh3_main_skill_agent_action_success_scaling|wh_main_effect_agent_action_success_chance_skill|46|character_to_character_own
effect,warhammer_3,8.1.1,24237342,Vampire Coast,vampire_coast,wh2_dlc11_sc_cst_vampire_coast,Vampire Fleet Admiral (Deep),Vampire_Fleet_Admiral_Deep__admiral_fem_deep,lord,wh2_dlc11_cst_admiral_fem_deep,general,general,wh2_dlc11_cst_noctilus|wh2_dlc11_cst_noctilus_separatists|wh2_dlc11_cst_pirates_of_sartosa|wh2_dlc11_cst_pirates_of_sartosa_separatists|wh2_dlc11_cst_the_drowned|wh2_dlc11_cst_the_drowned_separatists|wh2_dlc11_cst_vampire_coast|wh2_dlc11_cst_vampire_coast_encounters|wh2_dlc11_cst_vampire_coast_qb1|wh2_dlc11_cst_vampire_coast_qb2|wh2_dlc11_cst_vampire_coast_qb3|wh2_dlc11_cst_vampire_coast_qb4|wh2_dlc11_cst_vampire_coast_rebellion_rebels|wh2_dlc11_cst_vampire_coast_rebels|wh2_dlc11_cst_vampire_coast_separatists|wh3_dlc21_cst_dead_flag_fleet|wh3_dlc24_cst_vampire_coast_bloated_rebels|wh3_dlc26_cst_vampire_coast_qb1|wh3_dlc26_cst_vampire_coast_qb2|wh3_main_cst_dread_rock_privateers,false,false,true,true,true,true,wh2_dlc11_lore_deep,cst_vampire_fleet_admiral_female,wh2_dlc11_skill_node_set_cst_admiral_fem_deep,,1,general,false,false,,,,wh3_main_agent_action_scaling,wh3_main_skill_agent_action_success_scaling,Agent action success modifer,Hidden skill that scales action success/defence chance,mount_hellsteed.png,0,99,0,0,false,0,49,47,Agent action success modifer,Hidden skill that scales action success/defence chance,,,,,,wh_main_effect_agent_action_success_chance_enemy_skill,[HIDDEN] Enemy Hero action success chance: %+n% (from skill),,character_to_character_own,-47,campaign,0,true,,,,,,,,,,,,,,,,,,,,,,,,,character_skill_level_to_effects_junctions_tables,wh3_main_skill_agent_action_success_scaling|wh_main_effect_agent_action_success_chance_enemy_skill|47|character_to_character_own
effect,warhammer_3,8.1.1,24237342,Vampire Coast,vampire_coast,wh2_dlc11_sc_cst_vampire_coast,Vampire Fleet Admiral (Deep),Vampire_Fleet_Admiral_Deep__admiral_fem_deep,lord,wh2_dlc11_cst_admiral_fem_deep,general,general,wh2_dlc11_cst_noctilus|wh2_dlc11_cst_noctilus_separatists|wh2_dlc11_cst_pirates_of_sartosa|wh2_dlc11_cst_pirates_of_sartosa_separatists|wh2_dlc11_cst_the_drowned|wh2_dlc11_cst_the_drowned_separatists|wh2_dlc11_cst_vampire_coast|wh2_dlc11_cst_vampire_coast_encounters|wh2_dlc11_cst_vampire_coast_qb1|wh2_dlc11_cst_vampire_coast_qb2|wh2_dlc11_cst_vampire_coast_qb3|wh2_dlc11_cst_vampire_coast_qb4|wh2_dlc11_cst_vampire_coast_rebellion_rebels|wh2_dlc11_cst_vampire_coast_rebels|wh2_dlc11_cst_vampire_coast_separatists|wh3_dlc21_cst_dead_flag_fleet|wh3_dlc24_cst_vampire_coast_bloated_rebels|wh3_dlc26_cst_vampire_coast_qb1|wh3_dlc26_cst_vampire_coast_qb2|wh3_main_cst_dread_rock_privateers,false,false,true,true,true,true,wh2_dlc11_lore_deep,cst_vampire_fleet_admiral_female,wh2_dlc11_skill_node_set_cst_admiral_fem_deep,,1,general,false,false,,,,wh3_main_agent_action_scaling,wh3_main_skill_agent_action_success_scaling,Agent action success modifer,Hidden skill that scales action success/defence chance,mount_hellsteed.png,0,99,0,0,false,0,49,47,Agent action success modifer,Hidden skill that scales action success/defence chance,,,,,,wh_main_effect_agent_action_success_chance_skill,[HIDDEN] Hero action success chance: %+n% (from skill),,character_to_character_own,47,campaign,0,true,,,,,,,,,,,,,,,,,,,,,,,,,character_skill_level_to_effects_junctions_tables,wh3_main_skill_agent_action_success_scaling|wh_main_effect_agent_action_success_chance_skill|47|character_to_character_own
effect,warhammer_3,8.1.1,24237342,Vampire Coast,vampire_coast,wh2_dlc11_sc_cst_vampire_coast,Vampire Fleet Admiral (Deep),Vampire_Fleet_Admiral_Deep__admiral_fem_deep,lord,wh2_dlc11_cst_admiral_fem_deep,general,general,wh2_dlc11_cst_noctilus|wh2_dlc11_cst_noctilus_separatists|wh2_dlc11_cst_pirates_of_sartosa|wh2_dlc11_cst_pirates_of_sartosa_separatists|wh2_dlc11_cst_the_drowned|wh2_dlc11_cst_the_drowned_separatists|wh2_dlc11_cst_vampire_coast|wh2_dlc11_cst_vampire_coast_encounters|wh2_dlc11_cst_vampire_coast_qb1|wh2_dlc11_cst_vampire_coast_qb2|wh2_dlc11_cst_vampire_coast_qb3|wh2_dlc11_cst_vampire_coast_qb4|wh2_dlc11_cst_vampire_coast_rebellion_rebels|wh2_dlc11_cst_vampire_coast_rebels|wh2_dlc11_cst_vampire_coast_separatists|wh3_dlc21_cst_dead_flag_fleet|wh3_dlc24_cst_vampire_coast_bloated_rebels|wh3_dlc26_cst_vampire_coast_qb1|wh3_dlc26_cst_vampire_coast_qb2|wh3_main_cst_dread_rock_privateers,false,false,true,true,true,true,wh2_dlc11_lore_deep,cst_vampire_fleet_admiral_female,wh2_dlc11_skill_node_set_cst_admiral_fem_deep,,1,general,false,false,,,,wh3_main_agent_action_scaling,wh3_main_skill_agent_action_success_scaling,Agent action success modifer,Hidden skill that scales action success/defence chance,mount_hellsteed.png,0,99,0,0,false,0,49,48,Agent action success modifer,Hidden skill that scales action success/defence chance,,,,,,wh_main_effect_agent_action_success_chance_enemy_skill,[HIDDEN] Enemy Hero action success chance: %+n% (from skill),,character_to_character_own,-48,campaign,0,true,,,,,,,,,,,,,,,,,,,,,,,,,character_skill_level_to_effects_junctions_tables,wh3_main_skill_agent_action_success_scaling|wh_main_effect_agent_action_success_chance_enemy_skill|48|character_to_character_own
effect,warhammer_3,8.1.1,24237342,Vampire Coast,vampire_coast,wh2_dlc11_sc_cst_vampire_coast,Vampire Fleet Admiral (Deep),Vampire_Fleet_Admiral_Deep__admiral_fem_deep,lord,wh2_dlc11_cst_admiral_fem_deep,general,general,wh2_dlc11_cst_noctilus|wh2_dlc11_cst_noctilus_separatists|wh2_dlc11_cst_pirates_of_sartosa|wh2_dlc11_cst_pirates_of_sartosa_separatists|wh2_dlc11_cst_the_drowned|wh2_dlc11_cst_the_drowned_separatists|wh2_dlc11_cst_vampire_coast|wh2_dlc11_cst_vampire_coast_encounters|wh2_dlc11_cst_vampire_coast_qb1|wh2_dlc11_cst_vampire_coast_qb2|wh2_dlc11_cst_vampire_coast_qb3|wh2_dlc11_cst_vampire_coast_qb4|wh2_dlc11_cst_vampire_coast_rebellion_rebels|wh2_dlc11_cst_vampire_coast_rebels|wh2_dlc11_cst_vampire_coast_separatists|wh3_dlc21_cst_dead_flag_fleet|wh3_dlc24_cst_vampire_coast_bloated_rebels|wh3_dlc26_cst_vampire_coast_qb1|wh3_dlc26_cst_vampire_coast_qb2|wh3_main_cst_dread_rock_privateers,false,false,true,true,true,true,wh2_dlc11_lore_deep,cst_vampire_fleet_admiral_female,wh2_dlc11_skill_node_set_cst_admiral_fem_deep,,1,general,false,false,,,,wh3_main_agent_action_scaling,wh3_main_skill_agent_action_success_scaling,Agent action success modifer,Hidden skill that scales action success/defence chance,mount_hellsteed.png,0,99,0,0,false,0,49,48,Agent action success modifer,Hidden skill that scales action success/defence chance,,,,,,wh_main_effect_agent_action_success_chance_skill,[HIDDEN] Hero action success chance: %+n% (from skill),,character_to_character_own,48,campaign,0,true,,,,,,,,,,,,,,,,,,,,,,,,,character_skill_level_to_effects_junctions_tables,wh3_main_skill_agent_action_success_scaling|wh_main_effect_agent_action_success_chance_skill|48|character_to_character_own
effect,warhammer_3,8.1.1,24237342,Vampire Coast,vampire_coast,wh2_dlc11_sc_cst_vampire_coast,Vampire Fleet Admiral (Deep),Vampire_Fleet_Admiral_Deep__admiral_fem_deep,lord,wh2_dlc11_cst_admiral_fem_deep,general,general,wh2_dlc11_cst_noctilus|wh2_dlc11_cst_noctilus_separatists|wh2_dlc11_cst_pirates_of_sartosa|wh2_dlc11_cst_pirates_of_sartosa_separatists|wh2_dlc11_cst_the_drowned|wh2_dlc11_cst_the_drowned_separatists|wh2_dlc11_cst_vampire_coast|wh2_dlc11_cst_vampire_coast_encounters|wh2_dlc11_cst_vampire_coast_qb1|wh2_dlc11_cst_vampire_coast_qb2|wh2_dlc11_cst_vampire_coast_qb3|wh2_dlc11_cst_vampire_coast_qb4|wh2_dlc11_cst_vampire_coast_rebellion_rebels|wh2_dlc11_cst_vampire_coast_rebels|wh2_dlc11_cst_vampire_coast_separatists|wh3_dlc21_cst_dead_flag_fleet|wh3_dlc24_cst_vampire_coast_bloated_rebels|wh3_dlc26_cst_vampire_coast_qb1|wh3_dlc26_cst_vampire_coast_qb2|wh3_main_cst_dread_rock_privateers,false,false,true,true,true,true,wh2_dlc11_lore_deep,cst_vampire_fleet_admiral_female,wh2_dlc11_skill_node_set_cst_admiral_fem_deep,,1,general,false,false,,,,wh3_main_agent_action_scaling,wh3_main_skill_agent_action_success_scaling,Agent action success modifer,Hidden skill that scales action success/defence chance,mount_hellsteed.png,0,99,0,0,false,0,49,49,Agent action success modifer,Hidden skill that scales action success/defence chance,,,,,,wh_main_effect_agent_action_success_chance_enemy_skill,[HIDDEN] Enemy Hero action success chance: %+n% (from skill),,character_to_character_own,-49,campaign,0,true,,,,,,,,,,,,,,,,,,,,,,,,,character_skill_level_to_effects_junctions_tables,wh3_main_skill_agent_action_success_scaling|wh_main_effect_agent_action_success_chance_enemy_skill|49|character_to_character_own
effect,warhammer_3,8.1.1,24237342,Vampire Coast,vampire_coast,wh2_dlc11_sc_cst_vampire_coast,Vampire Fleet Admiral (Deep),Vampire_Fleet_Admiral_Deep__admiral_fem_deep,lord,wh2_dlc11_cst_admiral_fem_deep,general,general,wh2_dlc11_cst_noctilus|wh2_dlc11_cst_noctilus_separatists|wh2_dlc11_cst_pirates_of_sartosa|wh2_dlc11_cst_pirates_of_sartosa_separatists|wh2_dlc11_cst_the_drowned|wh2_dlc11_cst_the_drowned_separatists|wh2_dlc11_cst_vampire_coast|wh2_dlc11_cst_vampire_coast_encounters|wh2_dlc11_cst_vampire_coast_qb1|wh2_dlc11_cst_vampire_coast_qb2|wh2_dlc11_cst_vampire_coast_qb3|wh2_dlc11_cst_vampire_coast_qb4|wh2_dlc11_cst_vampire_coast_rebellion_rebels|wh2_dlc11_cst_vampire_coast_rebels|wh2_dlc11_cst_vampire_coast_separatists|wh3_dlc21_cst_dead_flag_fleet|wh3_dlc24_cst_vampire_coast_bloated_rebels|wh3_dlc26_cst_vampire_coast_qb1|wh3_dlc26_cst_vampire_coast_qb2|wh3_main_cst_dread_rock_privateers,false,false,true,true,true,true,wh2_dlc11_lore_deep,cst_vampire_fleet_admiral_female,wh2_dlc11_skill_node_set_cst_admiral_fem_deep,,1,general,false,false,,,,wh3_main_agent_action_scaling,wh3_main_skill_agent_action_success_scaling,Agent action success modifer,Hidden skill that scales action success/defence chance,mount_hellsteed.png,0,99,0,0,false,0,49,49,Agent action success modifer,Hidden skill that scales action success/defence chance,,,,,,wh_main_effect_agent_action_success_chance_skill,[HIDDEN] Hero action success chance: %+n% (from skill),,character_to_character_own,49,campaign,0,true,,,,,,,,,,,,,,,,,,,,,,,,,character_skill_level_to_effects_junctions_tables,wh3_main_skill_agent_action_success_scaling|wh_main_effect_agent_action_success_chance_skill|49|character_to_character_own
node,warhammer_3,8.1.1,24237342,Vampire Coast,vampire_coast,wh2_dlc11_sc_cst_vampire_coast,Vampire Fleet Admiral (Deep),Vampire_Fleet_Admiral_Deep__admiral_fem_deep,lord,wh2_dlc11_cst_admiral_fem_deep,general,general,wh2_dlc11_cst_noctilus|wh2_dlc11_cst_noctilus_separatists|wh2_dlc11_cst_pirates_of_sartosa|wh2_dlc11_cst_pirates_of_sartosa_separatists|wh2_dlc11_cst_the_drowned|wh2_dlc11_cst_the_drowned_separatists|wh2_dlc11_cst_vampire_coast|wh2_dlc11_cst_vampire_coast_encounters|wh2_dlc11_cst_vampire_coast_qb1|wh2_dlc11_cst_vampire_coast_qb2|wh2_dlc11_cst_vampire_coast_qb3|wh2_dlc11_cst_vampire_coast_qb4|wh2_dlc11_cst_vampire_coast_rebellion_rebels|wh2_dlc11_cst_vampire_coast_rebels|wh2_dlc11_cst_vampire_coast_separatists|wh3_dlc21_cst_dead_flag_fleet|wh3_dlc24_cst_vampire_coast_bloated_rebels|wh3_dlc26_cst_vampire_coast_qb1|wh3_dlc26_cst_vampire_coast_qb2|wh3_main_cst_dread_rock_privateers,false,false,true,true,true,true,wh2_dlc11_lore_deep,cst_vampire_fleet_admiral_female,wh2_dlc11_skill_node_set_cst_admiral_fem_deep,,1,general,false,false,,,,wh2_dlc11_skill_cst_misc_admiral_fem_deep_00,wh2_dlc11_skill_cst_mount_admiral_fem_deep_rotting_promethean,Rotting Promethean,"The unnatural speed and brutality of a reanimated Promethean makes it the ideal mount for any Undead, battle-mongering pirate.",mount_promethean.png,1,0,0,0,true,9,1,,,,,,,,,,,,,,,,,,,,,,,,,,,,,,,,,,,,,,,,,character_skill_nodes_tables,wh2_dlc11_skill_cst_misc_admiral_fem_deep_00
skill_level,warhammer_3,8.1.1,24237342,Vampire Coast,vampire_coast,wh2_dlc11_sc_cst_vampire_coast,Vampire Fleet Admiral (Deep),Vampire_Fleet_Admiral_Deep__admiral_fem_deep,lord,wh2_dlc11_cst_admiral_fem_deep,general,general,wh2_dlc11_cst_noctilus|wh2_dlc11_cst_noctilus_separatists|wh2_dlc11_cst_pirates_of_sartosa|wh2_dlc11_cst_pirates_of_sartosa_separatists|wh2_dlc11_cst_the_drowned|wh2_dlc11_cst_the_drowned_separatists|wh2_dlc11_cst_vampire_coast|wh2_dlc11_cst_vampire_coast_encounters|wh2_dlc11_cst_vampire_coast_qb1|wh2_dlc11_cst_vampire_coast_qb2|wh2_dlc11_cst_vampire_coast_qb3|wh2_dlc11_cst_vampire_coast_qb4|wh2_dlc11_cst_vampire_coast_rebellion_rebels|wh2_dlc11_cst_vampire_coast_rebels|wh2_dlc11_cst_vampire_coast_separatists|wh3_dlc21_cst_dead_flag_fleet|wh3_dlc24_cst_vampire_coast_bloated_rebels|wh3_dlc26_cst_vampire_coast_qb1|wh3_dlc26_cst_vampire_coast_qb2|wh3_main_cst_dread_rock_privateers,false,false,true,true,true,true,wh2_dlc11_lore_deep,cst_vampire_fleet_admiral_female,wh2_dlc11_skill_node_set_cst_admiral_fem_deep,,1,general,false,false,,,,wh2_dlc11_skill_cst_misc_admiral_fem_deep_00,wh2_dlc11_skill_cst_mount_admiral_fem_deep_rotting_promethean,Rotting Promethean,"The unnatural speed and brutality of a reanimated Promethean makes it the ideal mount for any Undead, battle-mongering pirate.",mount_promethean.png,1,0,0,0,true,9,1,1,Rotting Promethean,"The unnatural speed and brutality of a reanimated Promethean makes it the ideal mount for any Undead, battle-mongering pirate.",9,x,,,,,,,,,,,,,,,,,,,,,,,,,,,,,,,,,,,,character_skill_level_details_tables,wh2_dlc11_skill_cst_mount_admiral_fem_deep_rotting_promethean|1|||
effect,warhammer_3,8.1.1,24237342,Vampire Coast,vampire_coast,wh2_dlc11_sc_cst_vampire_coast,Vampire Fleet Admiral (Deep),Vampire_Fleet_Admiral_Deep__admiral_fem_deep,lord,wh2_dlc11_cst_admiral_fem_deep,general,general,wh2_dlc11_cst_noctilus|wh2_dlc11_cst_noctilus_separatists|wh2_dlc11_cst_pirates_of_sartosa|wh2_dlc11_cst_pirates_of_sartosa_separatists|wh2_dlc11_cst_the_drowned|wh2_dlc11_cst_the_drowned_separatists|wh2_dlc11_cst_vampire_coast|wh2_dlc11_cst_vampire_coast_encounters|wh2_dlc11_cst_vampire_coast_qb1|wh2_dlc11_cst_vampire_coast_qb2|wh2_dlc11_cst_vampire_coast_qb3|wh2_dlc11_cst_vampire_coast_qb4|wh2_dlc11_cst_vampire_coast_rebellion_rebels|wh2_dlc11_cst_vampire_coast_rebels|wh2_dlc11_cst_vampire_coast_separatists|wh3_dlc21_cst_dead_flag_fleet|wh3_dlc24_cst_vampire_coast_bloated_rebels|wh3_dlc26_cst_vampire_coast_qb1|wh3_dlc26_cst_vampire_coast_qb2|wh3_main_cst_dread_rock_privateers,false,false,true,true,true,true,wh2_dlc11_lore_deep,cst_vampire_fleet_admiral_female,wh2_dlc11_skill_node_set_cst_admiral_fem_deep,,1,general,false,false,,,,wh2_dlc11_skill_cst_misc_admiral_fem_deep_00,wh2_dlc11_skill_cst_mount_admiral_fem_deep_rotting_promethean,Rotting Promethean,"The unnatural speed and brutality of a reanimated Promethean makes it the ideal mount for any Undead, battle-mongering pirate.",mount_promethean.png,1,0,0,0,true,9,1,1,Rotting Promethean,"The unnatural speed and brutality of a reanimated Promethean makes it the ideal mount for any Undead, battle-mongering pirate.",,,,,,wh2_dlc11_enable_mount_rotting_promethean,Mount: Rotting Promethean,,character_to_character_own,1,both,50,true,mount.png,mount.png,,,,,,,,,,,,,,,,,,,,,,,character_skill_level_to_effects_junctions_tables,wh2_dlc11_skill_cst_mount_admiral_fem_deep_rotting_promethean|wh2_dlc11_enable_mount_rotting_promethean|1|character_to_character_own
ancillary_grant,warhammer_3,8.1.1,24237342,Vampire Coast,vampire_coast,wh2_dlc11_sc_cst_vampire_coast,Vampire Fleet Admiral (Deep),Vampire_Fleet_Admiral_Deep__admiral_fem_deep,lord,wh2_dlc11_cst_admiral_fem_deep,general,general,wh2_dlc11_cst_noctilus|wh2_dlc11_cst_noctilus_separatists|wh2_dlc11_cst_pirates_of_sartosa|wh2_dlc11_cst_pirates_of_sartosa_separatists|wh2_dlc11_cst_the_drowned|wh2_dlc11_cst_the_drowned_separatists|wh2_dlc11_cst_vampire_coast|wh2_dlc11_cst_vampire_coast_encounters|wh2_dlc11_cst_vampire_coast_qb1|wh2_dlc11_cst_vampire_coast_qb2|wh2_dlc11_cst_vampire_coast_qb3|wh2_dlc11_cst_vampire_coast_qb4|wh2_dlc11_cst_vampire_coast_rebellion_rebels|wh2_dlc11_cst_vampire_coast_rebels|wh2_dlc11_cst_vampire_coast_separatists|wh3_dlc21_cst_dead_flag_fleet|wh3_dlc24_cst_vampire_coast_bloated_rebels|wh3_dlc26_cst_vampire_coast_qb1|wh3_dlc26_cst_vampire_coast_qb2|wh3_main_cst_dread_rock_privateers,false,false,true,true,true,true,wh2_dlc11_lore_deep,cst_vampire_fleet_admiral_female,wh2_dlc11_skill_node_set_cst_admiral_fem_deep,,1,general,false,false,,,,wh2_dlc11_skill_cst_misc_admiral_fem_deep_00,wh2_dlc11_skill_cst_mount_admiral_fem_deep_rotting_promethean,Rotting Promethean,"The unnatural speed and brutality of a reanimated Promethean makes it the ideal mount for any Undead, battle-mongering pirate.",mount_promethean.png,1,0,0,0,true,9,1,1,,,,,,,,,,,,,,,,,,,,,,,,,,,,,,,,,wh2_dlc11_anc_mount_cst_fleet_admiral_deep_fem_rotting_promethean,Rotting Promethean,wh2_dlc11_anc_mount_rotting_promethean,mount,,,,character_skill_level_to_ancillaries_junctions_tables,wh2_dlc11_skill_cst_mount_admiral_fem_deep_rotting_promethean|wh2_dlc11_anc_mount_cst_fleet_admiral_deep_fem_rotting_promethean|1
node,warhammer_3,8.1.1,24237342,Vampire Coast,vampire_coast,wh2_dlc11_sc_cst_vampire_coast,Vampire Fleet Admiral (Deep),Vampire_Fleet_Admiral_Deep__admiral_fem_deep,lord,wh2_dlc11_cst_admiral_fem_deep,general,general,wh2_dlc11_cst_noctilus|wh2_dlc11_cst_noctilus_separatists|wh2_dlc11_cst_pirates_of_sartosa|wh2_dlc11_cst_pirates_of_sartosa_separatists|wh2_dlc11_cst_the_drowned|wh2_dlc11_cst_the_drowned_separatists|wh2_dlc11_cst_vampire_coast|wh2_dlc11_cst_vampire_coast_encounters|wh2_dlc11_cst_vampire_coast_qb1|wh2_dlc11_cst_vampire_coast_qb2|wh2_dlc11_cst_vampire_coast_qb3|wh2_dlc11_cst_vampire_coast_qb4|wh2_dlc11_cst_vampire_coast_rebellion_rebels|wh2_dlc11_cst_vampire_coast_rebels|wh2_dlc11_cst_vampire_coast_separatists|wh3_dlc21_cst_dead_flag_fleet|wh3_dlc24_cst_vampire_coast_bloated_rebels|wh3_dlc26_cst_vampire_coast_qb1|wh3_dlc26_cst_vampire_coast_qb2|wh3_main_cst_dread_rock_privateers,false,false,true,true,true,true,wh2_dlc11_lore_deep,cst_vampire_fleet_admiral_female,wh2_dlc11_skill_node_set_cst_admiral_fem_deep,,1,general,false,false,,,,wh2_dlc11_skill_cst_admiral_fem_deep_crime_01,wh_dlc11_skill_cst_lord_self_supernatural_horror,Supernatural Horror,To look upon this Undead Lord is to witness true and absolute horror!,causes_terror.png,1,1,0,0,true,4,1,,,,,,,,,,,,,,,,,,,,,,,,,,,,,,,,,,,,,,,,,character_skill_nodes_tables,wh2_dlc11_skill_cst_admiral_fem_deep_crime_01
skill_level,warhammer_3,8.1.1,24237342,Vampire Coast,vampire_coast,wh2_dlc11_sc_cst_vampire_coast,Vampire Fleet Admiral (Deep),Vampire_Fleet_Admiral_Deep__admiral_fem_deep,lord,wh2_dlc11_cst_admiral_fem_deep,general,general,wh2_dlc11_cst_noctilus|wh2_dlc11_cst_noctilus_separatists|wh2_dlc11_cst_pirates_of_sartosa|wh2_dlc11_cst_pirates_of_sartosa_separatists|wh2_dlc11_cst_the_drowned|wh2_dlc11_cst_the_drowned_separatists|wh2_dlc11_cst_vampire_coast|wh2_dlc11_cst_vampire_coast_encounters|wh2_dlc11_cst_vampire_coast_qb1|wh2_dlc11_cst_vampire_coast_qb2|wh2_dlc11_cst_vampire_coast_qb3|wh2_dlc11_cst_vampire_coast_qb4|wh2_dlc11_cst_vampire_coast_rebellion_rebels|wh2_dlc11_cst_vampire_coast_rebels|wh2_dlc11_cst_vampire_coast_separatists|wh3_dlc21_cst_dead_flag_fleet|wh3_dlc24_cst_vampire_coast_bloated_rebels|wh3_dlc26_cst_vampire_coast_qb1|wh3_dlc26_cst_vampire_coast_qb2|wh3_main_cst_dread_rock_privateers,false,false,true,true,true,true,wh2_dlc11_lore_deep,cst_vampire_fleet_admiral_female,wh2_dlc11_skill_node_set_cst_admiral_fem_deep,,1,general,false,false,,,,wh2_dlc11_skill_cst_admiral_fem_deep_crime_01,wh_dlc11_skill_cst_lord_self_supernatural_horror,Supernatural Horror,To look upon this Undead Lord is to witness true and absolute horror!,causes_terror.png,1,1,0,0,true,4,1,1,Supernatural Horror,To look upon this Undead Lord is to witness true and absolute horror!,4,x,,,,,,,,,,,,,,,,,,,,,,,,,,,,,,,,,,,,character_skill_level_details_tables,wh_dlc11_skill_cst_lord_self_supernatural_horror|1|||
effect,warhammer_3,8.1.1,24237342,Vampire Coast,vampire_coast,wh2_dlc11_sc_cst_vampire_coast,Vampire Fleet Admiral (Deep),Vampire_Fleet_Admiral_Deep__admiral_fem_deep,lord,wh2_dlc11_cst_admiral_fem_deep,general,general,wh2_dlc11_cst_noctilus|wh2_dlc11_cst_noctilus_separatists|wh2_dlc11_cst_pirates_of_sartosa|wh2_dlc11_cst_pirates_of_sartosa_separatists|wh2_dlc11_cst_the_drowned|wh2_dlc11_cst_the_drowned_separatists|wh2_dlc11_cst_vampire_coast|wh2_dlc11_cst_vampire_coast_encounters|wh2_dlc11_cst_vampire_coast_qb1|wh2_dlc11_cst_vampire_coast_qb2|wh2_dlc11_cst_vampire_coast_qb3|wh2_dlc11_cst_vampire_coast_qb4|wh2_dlc11_cst_vampire_coast_rebellion_rebels|wh2_dlc11_cst_vampire_coast_rebels|wh2_dlc11_cst_vampire_coast_separatists|wh3_dlc21_cst_dead_flag_fleet|wh3_dlc24_cst_vampire_coast_bloated_rebels|wh3_dlc26_cst_vampire_coast_qb1|wh3_dlc26_cst_vampire_coast_qb2|wh3_main_cst_dread_rock_privateers,false,false,true,true,true,true,wh2_dlc11_lore_deep,cst_vampire_fleet_admiral_female,wh2_dlc11_skill_node_set_cst_admiral_fem_deep,,1,general,false,false,,,,wh2_dlc11_skill_cst_admiral_fem_deep_crime_01,wh_dlc11_skill_cst_lord_self_supernatural_horror,Supernatural Horror,To look upon this Undead Lord is to witness true and absolute horror!,causes_terror.png,1,1,0,0,true,4,1,1,Supernatural Horror,To look upon this Undead Lord is to witness true and absolute horror!,,,,,,wh_main_effect_attribute_enable_causes_terror,Attribute: Causes Terror,,character_to_character_own,1,both,320,true,attribute_causes_terror.png,attribute_causes_terror.png,,,,,,,,,,,,,,,,,,,,,,,character_skill_level_to_effects_junctions_tables,wh_dlc11_skill_cst_lord_self_supernatural_horror|wh_main_effect_attribute_enable_causes_terror|1|character_to_character_own
node,warhammer_3,8.1.1,24237342,Vampire Coast,vampire_coast,wh2_dlc11_sc_cst_vampire_coast,Vampire Fleet Admiral (Deep),Vampire_Fleet_Admiral_Deep__admiral_fem_deep,lord,wh2_dlc11_cst_admiral_fem_deep,general,general,wh2_dlc11_cst_noctilus|wh2_dlc11_cst_noctilus_separatists|wh2_dlc11_cst_pirates_of_sartosa|wh2_dlc11_cst_pirates_of_sartosa_separatists|wh2_dlc11_cst_the_drowned|wh2_dlc11_cst_the_drowned_separatists|wh2_dlc11_cst_vampire_coast|wh2_dlc11_cst_vampire_coast_encounters|wh2_dlc11_cst_vampire_coast_qb1|wh2_dlc11_cst_vampire_coast_qb2|wh2_dlc11_cst_vampire_coast_qb3|wh2_dlc11_cst_vampire_coast_qb4|wh2_dlc11_cst_vampire_coast_rebellion_rebels|wh2_dlc11_cst_vampire_coast_rebels|wh2_dlc11_cst_vampire_coast_separatists|wh3_dlc21_cst_dead_flag_fleet|wh3_dlc24_cst_vampire_coast_bloated_rebels|wh3_dlc26_cst_vampire_coast_qb1|wh3_dlc26_cst_vampire_coast_qb2|wh3_main_cst_dread_rock_privateers,false,false,true,true,true,true,wh2_dlc11_lore_deep,cst_vampire_fleet_admiral_female,wh2_dlc11_skill_node_set_cst_admiral_fem_deep,,1,general,false,false,,,,wh2_dlc11_skill_cst_admiral_fem_deep_personal_01,wh2_dlc11_skill_all_lord_self_swashbuckler,Swashbuckler,"If there's swash to be buckled, this one will be right at the front, in the thick of the fray.",character_attack.png,1,2,0,0,true,0,2,,,,,,,,,,,,,,,,,,,,,,,,,,,,,,,,,,,,,,,,,character_skill_nodes_tables,wh2_dlc11_skill_cst_admiral_fem_deep_personal_01
effect,warhammer_3,8.1.1,24237342,Vampire Coast,vampire_coast,wh2_dlc11_sc_cst_vampire_coast,Vampire Fleet Admiral (Deep),Vampire_Fleet_Admiral_Deep__admiral_fem_deep,lord,wh2_dlc11_cst_admiral_fem_deep,general,general,wh2_dlc11_cst_noctilus|wh2_dlc11_cst_noctilus_separatists|wh2_dlc11_cst_pirates_of_sartosa|wh2_dlc11_cst_pirates_of_sartosa_separatists|wh2_dlc11_cst_the_drowned|wh2_dlc11_cst_the_drowned_separatists|wh2_dlc11_cst_vampire_coast|wh2_dlc11_cst_vampire_coast_encounters|wh2_dlc11_cst_vampire_coast_qb1|wh2_dlc11_cst_vampire_coast_qb2|wh2_dlc11_cst_vampire_coast_qb3|wh2_dlc11_cst_vampire_coast_qb4|wh2_dlc11_cst_vampire_coast_rebellion_rebels|wh2_dlc11_cst_vampire_coast_rebels|wh2_dlc11_cst_vampire_coast_separatists|wh3_dlc21_cst_dead_flag_fleet|wh3_dlc24_cst_vampire_coast_bloated_rebels|wh3_dlc26_cst_vampire_coast_qb1|wh3_dlc26_cst_vampire_coast_qb2|wh3_main_cst_dread_rock_privateers,false,false,true,true,true,true,wh2_dlc11_lore_deep,cst_vampire_fleet_admiral_female,wh2_dlc11_skill_node_set_cst_admiral_fem_deep,,1,general,false,false,,,,wh2_dlc11_skill_cst_admiral_fem_deep_personal_01,wh2_dlc11_skill_all_lord_self_swashbuckler,Swashbuckler,"If there's swash to be buckled, this one will be right at the front, in the thick of the fray.",character_attack.png,1,2,0,0,true,0,2,1,Swashbuckler,"If there's swash to be buckled, this one will be right at the front, in the thick of the fray.",,,,,,wh_main_effect_character_stat_melee_attack,Melee attack: %+n,,character_to_character_own,4,both,130,true,melee_character.png,melee_character.png,,,,,,,,,,,,,,,,,,,,,,,character_skill_level_to_effects_junctions_tables,wh2_dlc11_skill_all_lord_self_swashbuckler|wh_main_effect_character_stat_melee_attack|1|character_to_character_own
effect,warhammer_3,8.1.1,24237342,Vampire Coast,vampire_coast,wh2_dlc11_sc_cst_vampire_coast,Vampire Fleet Admiral (Deep),Vampire_Fleet_Admiral_Deep__admiral_fem_deep,lord,wh2_dlc11_cst_admiral_fem_deep,general,general,wh2_dlc11_cst_noctilus|wh2_dlc11_cst_noctilus_separatists|wh2_dlc11_cst_pirates_of_sartosa|wh2_dlc11_cst_pirates_of_sartosa_separatists|wh2_dlc11_cst_the_drowned|wh2_dlc11_cst_the_drowned_separatists|wh2_dlc11_cst_vampire_coast|wh2_dlc11_cst_vampire_coast_encounters|wh2_dlc11_cst_vampire_coast_qb1|wh2_dlc11_cst_vampire_coast_qb2|wh2_dlc11_cst_vampire_coast_qb3|wh2_dlc11_cst_vampire_coast_qb4|wh2_dlc11_cst_vampire_coast_rebellion_rebels|wh2_dlc11_cst_vampire_coast_rebels|wh2_dlc11_cst_vampire_coast_separatists|wh3_dlc21_cst_dead_flag_fleet|wh3_dlc24_cst_vampire_coast_bloated_rebels|wh3_dlc26_cst_vampire_coast_qb1|wh3_dlc26_cst_vampire_coast_qb2|wh3_main_cst_dread_rock_privateers,false,false,true,true,true,true,wh2_dlc11_lore_deep,cst_vampire_fleet_admiral_female,wh2_dlc11_skill_node_set_cst_admiral_fem_deep,,1,general,false,false,,,,wh2_dlc11_skill_cst_admiral_fem_deep_personal_01,wh2_dlc11_skill_all_lord_self_swashbuckler,Swashbuckler,"If there's swash to be buckled, this one will be right at the front, in the thick of the fray.",character_attack.png,1,2,0,0,true,0,2,2,Swashbuckler,"If there's swash to be buckled, this one will be right at the front, in the thick of the fray.",,,,,,wh_main_effect_character_stat_melee_attack,Melee attack: %+n,,character_to_character_own,8,both,130,true,melee_character.png,melee_character.png,,,,,,,,,,,,,,,,,,,,,,,character_skill_level_to_effects_junctions_tables,wh2_dlc11_skill_all_lord_self_swashbuckler|wh_main_effect_character_stat_melee_attack|2|character_to_character_own
effect,warhammer_3,8.1.1,24237342,Vampire Coast,vampire_coast,wh2_dlc11_sc_cst_vampire_coast,Vampire Fleet Admiral (Deep),Vampire_Fleet_Admiral_Deep__admiral_fem_deep,lord,wh2_dlc11_cst_admiral_fem_deep,general,general,wh2_dlc11_cst_noctilus|wh2_dlc11_cst_noctilus_separatists|wh2_dlc11_cst_pirates_of_sartosa|wh2_dlc11_cst_pirates_of_sartosa_separatists|wh2_dlc11_cst_the_drowned|wh2_dlc11_cst_the_drowned_separatists|wh2_dlc11_cst_vampire_coast|wh2_dlc11_cst_vampire_coast_encounters|wh2_dlc11_cst_vampire_coast_qb1|wh2_dlc11_cst_vampire_coast_qb2|wh2_dlc11_cst_vampire_coast_qb3|wh2_dlc11_cst_vampire_coast_qb4|wh2_dlc11_cst_vampire_coast_rebellion_rebels|wh2_dlc11_cst_vampire_coast_rebels|wh2_dlc11_cst_vampire_coast_separatists|wh3_dlc21_cst_dead_flag_fleet|wh3_dlc24_cst_vampire_coast_bloated_rebels|wh3_dlc26_cst_vampire_coast_qb1|wh3_dlc26_cst_vampire_coast_qb2|wh3_main_cst_dread_rock_privateers,false,false,true,true,true,true,wh2_dlc11_lore_deep,cst_vampire_fleet_admiral_female,wh2_dlc11_skill_node_set_cst_admiral_fem_deep,,1,general,false,false,,,,wh2_dlc11_skill_cst_admiral_fem_deep_personal_01,wh2_dlc11_skill_all_lord_self_swashbuckler,Swashbuckler,"If there's swash to be buckled, this one will be right at the front, in the thick of the fray.",character_attack.png,1,2,0,0,true,0,2,2,Swashbuckler,"If there's swash to be buckled, this one will be right at the front, in the thick of the fray.",,,,,,wh_main_effect_character_stat_missile_resistance,Missile resistance: %n%,"Missile Resistance. Damage of missile attacks is reduced by this amount, up to a maximum of 90%",character_to_character_own,5,both,280,true,resistance_missile.png,resistance_missile.png,,,,,,,,,,,,,,,,,,,,,,,character_skill_level_to_effects_junctions_tables,wh2_dlc11_skill_all_lord_self_swashbuckler|wh_main_effect_character_stat_missile_resistance|2|character_to_character_own
node,warhammer_3,8.1.1,24237342,Vampire Coast,vampire_coast,wh2_dlc11_sc_cst_vampire_coast,Vampire Fleet Admiral (Deep),Vampire_Fleet_Admiral_Deep__admiral_fem_deep,lord,wh2_dlc11_cst_admiral_fem_deep,general,general,wh2_dlc11_cst_noctilus|wh2_dlc11_cst_noctilus_separatists|wh2_dlc11_cst_pirates_of_sartosa|wh2_dlc11_cst_pirates_of_sartosa_separatists|wh2_dlc11_cst_the_drowned|wh2_dlc11_cst_the_drowned_separatists|wh2_dlc11_cst_vampire_coast|wh2_dlc11_cst_vampire_coast_encounters|wh2_dlc11_cst_vampire_coast_qb1|wh2_dlc11_cst_vampire_coast_qb2|wh2_dlc11_cst_vampire_coast_qb3|wh2_dlc11_cst_vampire_coast_qb4|wh2_dlc11_cst_vampire_coast_rebellion_rebels|wh2_dlc11_cst_vampire_coast_rebels|wh2_dlc11_cst_vampire_coast_separatists|wh3_dlc21_cst_dead_flag_fleet|wh3_dlc24_cst_vampire_coast_bloated_rebels|wh3_dlc26_cst_vampire_coast_qb1|wh3_dlc26_cst_vampire_coast_qb2|wh3_main_cst_dread_rock_privateers,false,false,true,true,true,true,wh2_dlc11_lore_deep,cst_vampire_fleet_admiral_female,wh2_dlc11_skill_node_set_cst_admiral_fem_deep,,1,general,false,false,,,,wh2_dlc11_skill_node_cst_admiral_fem_magic_deep_03,wh2_dlc11_skill_all_magic_deep_03_lore_attribute,Kiss of the Deep,"No matter how far away, none can escape the Kiss of the Deep, nor breathe again with lungs full of seawater.",wh2_dlc11_lore_deeps.png,1,3,0,0,true,0,1,,,,,,,,,,,,,,,,,,,,,,,,,,,,,,,,,,,,,,,,,character_skill_nodes_tables,wh2_dlc11_skill_node_cst_admiral_fem_magic_deep_03
effect,warhammer_3,8.1.1,24237342,Vampire Coast,vampire_coast,wh2_dlc11_sc_cst_vampire_coast,Vampire Fleet Admiral (Deep),Vampire_Fleet_Admiral_Deep__admiral_fem_deep,lord,wh2_dlc11_cst_admiral_fem_deep,general,general,wh2_dlc11_cst_noctilus|wh2_dlc11_cst_noctilus_separatists|wh2_dlc11_cst_pirates_of_sartosa|wh2_dlc11_cst_pirates_of_sartosa_separatists|wh2_dlc11_cst_the_drowned|wh2_dlc11_cst_the_drowned_separatists|wh2_dlc11_cst_vampire_coast|wh2_dlc11_cst_vampire_coast_encounters|wh2_dlc11_cst_vampire_coast_qb1|wh2_dlc11_cst_vampire_coast_qb2|wh2_dlc11_cst_vampire_coast_qb3|wh2_dlc11_cst_vampire_coast_qb4|wh2_dlc11_cst_vampire_coast_rebellion_rebels|wh2_dlc11_cst_vampire_coast_rebels|wh2_dlc11_cst_vampire_coast_separatists|wh3_dlc21_cst_dead_flag_fleet|wh3_dlc24_cst_vampire_coast_bloated_rebels|wh3_dlc26_cst_vampire_coast_qb1|wh3_dlc26_cst_vampire_coast_qb2|wh3_main_cst_dread_rock_privateers,false,false,true,true,true,true,wh2_dlc11_lore_deep,cst_vampire_fleet_admiral_female,wh2_dlc11_skill_node_set_cst_admiral_fem_deep,,1,general,false,false,,,,wh2_dlc11_skill_node_cst_admiral_fem_magic_deep_03,wh2_dlc11_skill_all_magic_deep_03_lore_attribute,Kiss of the Deep,"No matter how far away, none can escape the Kiss of the Deep, nor breathe again with lungs full of seawater.",wh2_dlc11_lore_deeps.png,1,3,0,0,true,0,1,1,Kiss of the Deep,"No matter how far away, none can escape the Kiss of the Deep, nor breathe again with lungs full of seawater.",,,,,,wh2_dlc11_effect_ability_enable_kiss_of_the_deep,"Passive ability: ""Kiss of the Deep""",,character_to_character_own,2,battle,310,true,general_ability.png,general_ability.png,,,,,,,,,,,,,,,,,,,,,,,character_skill_level_to_effects_junctions_tables,wh2_dlc11_skill_all_magic_deep_03_lore_attribute|wh2_dlc11_effect_ability_enable_kiss_of_the_deep|1|character_to_character_own
node,warhammer_3,8.1.1,24237342,Vampire Coast,vampire_coast,wh2_dlc11_sc_cst_vampire_coast,Vampire Fleet Admiral (Deep),Vampire_Fleet_Admiral_Deep__admiral_fem_deep,lord,wh2_dlc11_cst_admiral_fem_deep,general,general,wh2_dlc11_cst_noctilus|wh2_dlc11_cst_noctilus_separatists|wh2_dlc11_cst_pirates_of_sartosa|wh2_dlc11_cst_pirates_of_sartosa_separatists|wh2_dlc11_cst_the_drowned|wh2_dlc11_cst_the_drowned_separatists|wh2_dlc11_cst_vampire_coast|wh2_dlc11_cst_vampire_coast_encounters|wh2_dlc11_cst_vampire_coast_qb1|wh2_dlc11_cst_vampire_coast_qb2|wh2_dlc11_cst_vampire_coast_qb3|wh2_dlc11_cst_vampire_coast_qb4|wh2_dlc11_cst_vampire_coast_rebellion_rebels|wh2_dlc11_cst_vampire_coast_rebels|wh2_dlc11_cst_vampire_coast_separatists|wh3_dlc21_cst_dead_flag_fleet|wh3_dlc24_cst_vampire_coast_bloated_rebels|wh3_dlc26_cst_vampire_coast_qb1|wh3_dlc26_cst_vampire_coast_qb2|wh3_main_cst_dread_rock_privateers,false,false,true,true,true,true,wh2_dlc11_lore_deep,cst_vampire_fleet_admiral_female,wh2_dlc11_skill_node_set_cst_admiral_fem_deep,,1,general,false,false,,,,wh2_dlc11_skill_cst_admiral_fem_deep_army_01,wh2_dlc11_skill_cst_army_1,Held Together by Screws,"Bone, muscle and sinew cannot always be relied upon to hold together unassisted.",battle_defence.png,1,4,0,0,true,0,3,,,,,,,,,,,,,,,,,,,,,,,,,,,,,,,,,,,,,,,,,character_skill_nodes_tables,wh2_dlc11_skill_cst_admiral_fem_deep_army_01
effect,warhammer_3,8.1.1,24237342,Vampire Coast,vampire_coast,wh2_dlc11_sc_cst_vampire_coast,Vampire Fleet Admiral (Deep),Vampire_Fleet_Admiral_Deep__admiral_fem_deep,lord,wh2_dlc11_cst_admiral_fem_deep,general,general,wh2_dlc11_cst_noctilus|wh2_dlc11_cst_noctilus_separatists|wh2_dlc11_cst_pirates_of_sartosa|wh2_dlc11_cst_pirates_of_sartosa_separatists|wh2_dlc11_cst_the_drowned|wh2_dlc11_cst_the_drowned_separatists|wh2_dlc11_cst_vampire_coast|wh2_dlc11_cst_vampire_coast_encounters|wh2_dlc11_cst_vampire_coast_qb1|wh2_dlc11_cst_vampire_coast_qb2|wh2_dlc11_cst_vampire_coast_qb3|wh2_dlc11_cst_vampire_coast_qb4|wh2_dlc11_cst_vampire_coast_rebellion_rebels|wh2_dlc11_cst_vampire_coast_rebels|wh2_dlc11_cst_vampire_coast_separatists|wh3_dlc21_cst_dead_flag_fleet|wh3_dlc24_cst_vampire_coast_bloated_rebels|wh3_dlc26_cst_vampire_coast_qb1|wh3_dlc26_cst_vampire_coast_qb2|wh3_main_cst_dread_rock_privateers,false,false,true,true,true,true,wh2_dlc11_lore_deep,cst_vampire_fleet_admiral_female,wh2_dlc11_skill_node_set_cst_admiral_fem_deep,,1,general,false,false,,,,wh2_dlc11_skill_cst_admiral_fem_deep_army_01,wh2_dlc11_skill_cst_army_1,Held Together by Screws,"Bone, muscle and sinew cannot always be relied upon to hold together unassisted.",battle_defence.png,1,4,0,0,true,0,3,1,Held Together by Screws,"Bone, muscle and sinew cannot always be relied upon to hold together unassisted.",,,,,,wh2_dlc11_effect_force_stat_melee_defence_deckhand_depth_guard,Melee defence: %+n for Zombie Pirate Deckhands Mob and Depth Guard units,,general_to_force_own,4,battle,451,true,defence.png,defence.png,,,,,,,,,,,,,,,,,,,,,,,character_skill_level_to_effects_junctions_tables,wh2_dlc11_skill_cst_army_1|wh2_dlc11_effect_force_stat_melee_defence_deckhand_depth_guard|1|general_to_force_own
effect,warhammer_3,8.1.1,24237342,Vampire Coast,vampire_coast,wh2_dlc11_sc_cst_vampire_coast,Vampire Fleet Admiral (Deep),Vampire_Fleet_Admiral_Deep__admiral_fem_deep,lord,wh2_dlc11_cst_admiral_fem_deep,general,general,wh2_dlc11_cst_noctilus|wh2_dlc11_cst_noctilus_separatists|wh2_dlc11_cst_pirates_of_sartosa|wh2_dlc11_cst_pirates_of_sartosa_separatists|wh2_dlc11_cst_the_drowned|wh2_dlc11_cst_the_drowned_separatists|wh2_dlc11_cst_vampire_coast|wh2_dlc11_cst_vampire_coast_encounters|wh2_dlc11_cst_vampire_coast_qb1|wh2_dlc11_cst_vampire_coast_qb2|wh2_dlc11_cst_vampire_coast_qb3|wh2_dlc11_cst_vampire_coast_qb4|wh2_dlc11_cst_vampire_coast_rebellion_rebels|wh2_dlc11_cst_vampire_coast_rebels|wh2_dlc11_cst_vampire_coast_separatists|wh3_dlc21_cst_dead_flag_fleet|wh3_dlc24_cst_vampire_coast_bloated_rebels|wh3_dlc26_cst_vampire_coast_qb1|wh3_dlc26_cst_vampire_coast_qb2|wh3_main_cst_dread_rock_privateers,false,false,true,true,true,true,wh2_dlc11_lore_deep,cst_vampire_fleet_admiral_female,wh2_dlc11_skill_node_set_cst_admiral_fem_deep,,1,general,false,false,,,,wh2_dlc11_skill_cst_admiral_fem_deep_army_01,wh2_dlc11_skill_cst_army_1,Held Together by Screws,"Bone, muscle and sinew cannot always be relied upon to hold together unassisted.",battle_defence.png,1,4,0,0,true,0,3,2,Held Together by Screws,"Bone, muscle and sinew cannot always be relied upon to hold together unassisted.",,,,,,wh2_dlc11_effect_force_stat_leadership_deckhand_depth_guard,Leadership: %+n for Zombie Pirate Deckhands Mob and Depth Guard units,,general_to_force_own,4,battle,411,true,morale.png,morale.png,,,,,,,,,,,,,,,,,,,,,,,character_skill_level_to_effects_junctions_tables,wh2_dlc11_skill_cst_army_1|wh2_dlc11_effect_force_stat_leadership_deckhand_depth_guard|2|general_to_force_own
effect,warhammer_3,8.1.1,24237342,Vampire Coast,vampire_coast,wh2_dlc11_sc_cst_vampire_coast,Vampire Fleet Admiral (Deep),Vampire_Fleet_Admiral_Deep__admiral_fem_deep,lord,wh2_dlc11_cst_admiral_fem_deep,general,general,wh2_dlc11_cst_noctilus|wh2_dlc11_cst_noctilus_separatists|wh2_dlc11_cst_pirates_of_sartosa|wh2_dlc11_cst_pirates_of_sartosa_separatists|wh2_dlc11_cst_the_drowned|wh2_dlc11_cst_the_drowned_separatists|wh2_dlc11_cst_vampire_coast|wh2_dlc11_cst_vampire_coast_encounters|wh2_dlc11_cst_vampire_coast_qb1|wh2_dlc11_cst_vampire_coast_qb2|wh2_dlc11_cst_vampire_coast_qb3|wh2_dlc11_cst_vampire_coast_qb4|wh2_dlc11_cst_vampire_coast_rebellion_rebels|wh2_dlc11_cst_vampire_coast_rebels|wh2_dlc11_cst_vampire_coast_separatists|wh3_dlc21_cst_dead_flag_fleet|wh3_dlc24_cst_vampire_coast_bloated_rebels|wh3_dlc26_cst_vampire_coast_qb1|wh3_dlc26_cst_vampire_coast_qb2|wh3_main_cst_dread_rock_privateers,false,false,true,true,true,true,wh2_dlc11_lore_deep,cst_vampire_fleet_admiral_female,wh2_dlc11_skill_node_set_cst_admiral_fem_deep,,1,general,false,false,,,,wh2_dlc11_skill_cst_admiral_fem_deep_army_01,wh2_dlc11_skill_cst_army_1,Held Together by Screws,"Bone, muscle and sinew cannot always be relied upon to hold together unassisted.",battle_defence.png,1,4,0,0,true,0,3,2,Held Together by Screws,"Bone, muscle and sinew cannot always be relied upon to hold together unassisted.",,,,,,wh2_dlc11_effect_force_stat_melee_defence_deckhand_depth_guard,Melee defence: %+n for Zombie Pirate Deckhands Mob and Depth Guard units,,general_to_force_own,4,battle,451,true,defence.png,defence.png,,,,,,,,,,,,,,,,,,,,,,,character_skill_level_to_effects_junctions_tables,wh2_dlc11_skill_cst_army_1|wh2_dlc11_effect_force_stat_melee_defence_deckhand_depth_guard|2|general_to_force_own
effect,warhammer_3,8.1.1,24237342,Vampire Coast,vampire_coast,wh2_dlc11_sc_cst_vampire_coast,Vampire Fleet Admiral (Deep),Vampire_Fleet_Admiral_Deep__admiral_fem_deep,lord,wh2_dlc11_cst_admiral_fem_deep,general,general,wh2_dlc11_cst_noctilus|wh2_dlc11_cst_noctilus_separatists|wh2_dlc11_cst_pirates_of_sartosa|wh2_dlc11_cst_pirates_of_sartosa_separatists|wh2_dlc11_cst_the_drowned|wh2_dlc11_cst_the_drowned_separatists|wh2_dlc11_cst_vampire_coast|wh2_dlc11_cst_vampire_coast_encounters|wh2_dlc11_cst_vampire_coast_qb1|wh2_dlc11_cst_vampire_coast_qb2|wh2_dlc11_cst_vampire_coast_qb3|wh2_dlc11_cst_vampire_coast_qb4|wh2_dlc11_cst_vampire_coast_rebellion_rebels|wh2_dlc11_cst_vampire_coast_rebels|wh2_dlc11_cst_vampire_coast_separatists|wh3_dlc21_cst_dead_flag_fleet|wh3_dlc24_cst_vampire_coast_bloated_rebels|wh3_dlc26_cst_vampire_coast_qb1|wh3_dlc26_cst_vampire_coast_qb2|wh3_main_cst_dread_rock_privateers,false,false,true,true,true,true,wh2_dlc11_lore_deep,cst_vampire_fleet_admiral_female,wh2_dlc11_skill_node_set_cst_admiral_fem_deep,,1,general,false,false,,,,wh2_dlc11_skill_cst_admiral_fem_deep_army_01,wh2_dlc11_skill_cst_army_1,Held Together by Screws,"Bone, muscle and sinew cannot always be relied upon to hold together unassisted.",battle_defence.png,1,4,0,0,true,0,3,3,Held Together by Screws,"Bone, muscle and sinew cannot always be relied upon to hold together unassisted.",,,,,,wh2_dlc11_effect_force_stat_leadership_deckhand_depth_guard,Leadership: %+n for Zombie Pirate Deckhands Mob and Depth Guard units,,general_to_force_own,6,battle,411,true,morale.png,morale.png,,,,,,,,,,,,,,,,,,,,,,,character_skill_level_to_effects_junctions_tables,wh2_dlc11_skill_cst_army_1|wh2_dlc11_effect_force_stat_leadership_deckhand_depth_guard|3|general_to_force_own
effect,warhammer_3,8.1.1,24237342,Vampire Coast,vampire_coast,wh2_dlc11_sc_cst_vampire_coast,Vampire Fleet Admiral (Deep),Vampire_Fleet_Admiral_Deep__admiral_fem_deep,lord,wh2_dlc11_cst_admiral_fem_deep,general,general,wh2_dlc11_cst_noctilus|wh2_dlc11_cst_noctilus_separatists|wh2_dlc11_cst_pirates_of_sartosa|wh2_dlc11_cst_pirates_of_sartosa_separatists|wh2_dlc11_cst_the_drowned|wh2_dlc11_cst_the_drowned_separatists|wh2_dlc11_cst_vampire_coast|wh2_dlc11_cst_vampire_coast_encounters|wh2_dlc11_cst_vampire_coast_qb1|wh2_dlc11_cst_vampire_coast_qb2|wh2_dlc11_cst_vampire_coast_qb3|wh2_dlc11_cst_vampire_coast_qb4|wh2_dlc11_cst_vampire_coast_rebellion_rebels|wh2_dlc11_cst_vampire_coast_rebels|wh2_dlc11_cst_vampire_coast_separatists|wh3_dlc21_cst_dead_flag_fleet|wh3_dlc24_cst_vampire_coast_bloated_rebels|wh3_dlc26_cst_vampire_coast_qb1|wh3_dlc26_cst_vampire_coast_qb2|wh3_main_cst_dread_rock_privateers,false,false,true,true,true,true,wh2_dlc11_lore_deep,cst_vampire_fleet_admiral_female,wh2_dlc11_skill_node_set_cst_admiral_fem_deep,,1,general,false,false,,,,wh2_dlc11_skill_cst_admiral_fem_deep_army_01,wh2_dlc11_skill_cst_army_1,Held Together by Screws,"Bone, muscle and sinew cannot always be relied upon to hold together unassisted.",battle_defence.png,1,4,0,0,true,0,3,3,Held Together by Screws,"Bone, muscle and sinew cannot always be relied upon to hold together unassisted.",,,,,,wh2_dlc11_effect_force_stat_melee_defence_deckhand_depth_guard,Melee defence: %+n for Zombie Pirate Deckhands Mob and Depth Guard units,,general_to_force_own,6,battle,451,true,defence.png,defence.png,,,,,,,,,,,,,,,,,,,,,,,character_skill_level_to_effects_junctions_tables,wh2_dlc11_skill_cst_army_1|wh2_dlc11_effect_force_stat_melee_defence_deckhand_depth_guard|3|general_to_force_own
node,warhammer_3,8.1.1,24237342,Vampire Coast,vampire_coast,wh2_dlc11_sc_cst_vampire_coast,Vampire Fleet Admiral (Deep),Vampire_Fleet_Admiral_Deep__admiral_fem_deep,lord,wh2_dlc11_cst_admiral_fem_deep,general,general,wh2_dlc11_cst_noctilus|wh2_dlc11_cst_noctilus_separatists|wh2_dlc11_cst_pirates_of_sartosa|wh2_dlc11_cst_pirates_of_sartosa_separatists|wh2_dlc11_cst_the_drowned|wh2_dlc11_cst_the_drowned_separatists|wh2_dlc11_cst_vampire_coast|wh2_dlc11_cst_vampire_coast_encounters|wh2_dlc11_cst_vampire_coast_qb1|wh2_dlc11_cst_vampire_coast_qb2|wh2_dlc11_cst_vampire_coast_qb3|wh2_dlc11_cst_vampire_coast_qb4|wh2_dlc11_cst_vampire_coast_rebellion_rebels|wh2_dlc11_cst_vampire_coast_rebels|wh2_dlc11_cst_vampire_coast_separatists|wh3_dlc21_cst_dead_flag_fleet|wh3_dlc24_cst_vampire_coast_bloated_rebels|wh3_dlc26_cst_vampire_coast_qb1|wh3_dlc26_cst_vampire_coast_qb2|wh3_main_cst_dread_rock_privateers,false,false,true,true,true,true,wh2_dlc11_lore_deep,cst_vampire_fleet_admiral_female,wh2_dlc11_skill_node_set_cst_admiral_fem_deep,,1,general,false,false,,,,wh2_dlc11_skill_cst_admiral_fem_deep_campaign_01,wh2_dlc11_skill_cst_campaign_1,Binded to Service,"They could not break free, even if they wanted to.",campaign_military_spending.png,1,5,0,0,true,0,3,,,,,,,,,,,,,,,,,,,,,,,,,,,,,,,,,,,,,,,,,character_skill_nodes_tables,wh2_dlc11_skill_cst_admiral_fem_deep_campaign_01
effect,warhammer_3,8.1.1,24237342,Vampire Coast,vampire_coast,wh2_dlc11_sc_cst_vampire_coast,Vampire Fleet Admiral (Deep),Vampire_Fleet_Admiral_Deep__admiral_fem_deep,lord,wh2_dlc11_cst_admiral_fem_deep,general,general,wh2_dlc11_cst_noctilus|wh2_dlc11_cst_noctilus_separatists|wh2_dlc11_cst_pirates_of_sartosa|wh2_dlc11_cst_pirates_of_sartosa_separatists|wh2_dlc11_cst_the_drowned|wh2_dlc11_cst_the_drowned_separatists|wh2_dlc11_cst_vampire_coast|wh2_dlc11_cst_vampire_coast_encounters|wh2_dlc11_cst_vampire_coast_qb1|wh2_dlc11_cst_vampire_coast_qb2|wh2_dlc11_cst_vampire_coast_qb3|wh2_dlc11_cst_vampire_coast_qb4|wh2_dlc11_cst_vampire_coast_rebellion_rebels|wh2_dlc11_cst_vampire_coast_rebels|wh2_dlc11_cst_vampire_coast_separatists|wh3_dlc21_cst_dead_flag_fleet|wh3_dlc24_cst_vampire_coast_bloated_rebels|wh3_dlc26_cst_vampire_coast_qb1|wh3_dlc26_cst_vampire_coast_qb2|wh3_main_cst_dread_rock_privateers,false,false,true,true,true,true,wh2_dlc11_lore_deep,cst_vampire_fleet_admiral_female,wh2_dlc11_skill_node_set_cst_admiral_fem_deep,,1,general,false,false,,,,wh2_dlc11_skill_cst_admiral_fem_deep_campaign_01,wh2_dlc11_skill_cst_campaign_1,Binded to Service,"They could not break free, even if they wanted to.",campaign_military_spending.png,1,5,0,0,true,0,3,1,Binded to Service,"They could not break free, even if they wanted to.",,,,,,wh_main_effect_force_all_campaign_recruitment_cost_all,Recruitment cost: %+n%,,general_to_force_own,-3,campaign,106,false,treasury.png,treasury.png,,,,,,,,,,,,,,,,,,,,,,,character_skill_level_to_effects_junctions_tables,wh2_dlc11_skill_cst_campaign_1|wh_main_effect_force_all_campaign_recruitment_cost_all|1|general_to_force_own
effect,warhammer_3,8.1.1,24237342,Vampire Coast,vampire_coast,wh2_dlc11_sc_cst_vampire_coast,Vampire Fleet Admiral (Deep),Vampire_Fleet_Admiral_Deep__admiral_fem_deep,lord,wh2_dlc11_cst_admiral_fem_deep,general,general,wh2_dlc11_cst_noctilus|wh2_dlc11_cst_noctilus_separatists|wh2_dlc11_cst_pirates_of_sartosa|wh2_dlc11_cst_pirates_of_sartosa_separatists|wh2_dlc11_cst_the_drowned|wh2_dlc11_cst_the_drowned_separatists|wh2_dlc11_cst_vampire_coast|wh2_dlc11_cst_vampire_coast_encounters|wh2_dlc11_cst_vampire_coast_qb1|wh2_dlc11_cst_vampire_coast_qb2|wh2_dlc11_cst_vampire_coast_qb3|wh2_dlc11_cst_vampire_coast_qb4|wh2_dlc11_cst_vampire_coast_rebellion_rebels|wh2_dlc11_cst_vampire_coast_rebels|wh2_dlc11_cst_vampire_coast_separatists|wh3_dlc21_cst_dead_flag_fleet|wh3_dlc24_cst_vampire_coast_bloated_rebels|wh3_dlc26_cst_vampire_coast_qb1|wh3_dlc26_cst_vampire_coast_qb2|wh3_main_cst_dread_rock_privateers,false,false,true,true,true,true,wh2_dlc11_lore_deep,cst_vampire_fleet_admiral_female,wh2_dlc11_skill_node_set_cst_admiral_fem_deep,,1,general,false,false,,,,wh2_dlc11_skill_cst_admiral_fem_deep_campaign_01,wh2_dlc11_skill_cst_campaign_1,Binded to Service,"They could not break free, even if they wanted to.",campaign_military_spending.png,1,5,0,0,true,0,3,2,Binded to Service,"They could not break free, even if they wanted to.",,,,,,wh_main_effect_force_all_campaign_recruitment_cost_all,Recruitment cost: %+n%,,general_to_force_own,-8,campaign,106,false,treasury.png,treasury.png,,,,,,,,,,,,,,,,,,,,,,,character_skill_level_to_effects_junctions_tables,wh2_dlc11_skill_cst_campaign_1|wh_main_effect_force_all_campaign_recruitment_cost_all|2|general_to_force_own
effect,warhammer_3,8.1.1,24237342,Vampire Coast,vampire_coast,wh2_dlc11_sc_cst_vampire_coast,Vampire Fleet Admiral (Deep),Vampire_Fleet_Admiral_Deep__admiral_fem_deep,lord,wh2_dlc11_cst_admiral_fem_deep,general,general,wh2_dlc11_cst_noctilus|wh2_dlc11_cst_noctilus_separatists|wh2_dlc11_cst_pirates_of_sartosa|wh2_dlc11_cst_pirates_of_sartosa_separatists|wh2_dlc11_cst_the_drowned|wh2_dlc11_cst_the_drowned_separatists|wh2_dlc11_cst_vampire_coast|wh2_dlc11_cst_vampire_coast_encounters|wh2_dlc11_cst_vampire_coast_qb1|wh2_dlc11_cst_vampire_coast_qb2|wh2_dlc11_cst_vampire_coast_qb3|wh2_dlc11_cst_vampire_coast_qb4|wh2_dlc11_cst_vampire_coast_rebellion_rebels|wh2_dlc11_cst_vampire_coast_rebels|wh2_dlc11_cst_vampire_coast_separatists|wh3_dlc21_cst_dead_flag_fleet|wh3_dlc24_cst_vampire_coast_bloated_rebels|wh3_dlc26_cst_vampire_coast_qb1|wh3_dlc26_cst_vampire_coast_qb2|wh3_main_cst_dread_rock_privateers,false,false,true,true,true,true,wh2_dlc11_lore_deep,cst_vampire_fleet_admiral_female,wh2_dlc11_skill_node_set_cst_admiral_fem_deep,,1,general,false,false,,,,wh2_dlc11_skill_cst_admiral_fem_deep_campaign_01,wh2_dlc11_skill_cst_campaign_1,Binded to Service,"They could not break free, even if they wanted to.",campaign_military_spending.png,1,5,0,0,true,0,3,3,Binded to Service,"They could not break free, even if they wanted to.",,,,,,wh_main_effect_force_all_campaign_recruitment_cost_all,Recruitment cost: %+n%,,general_to_force_own,-15,campaign,106,false,treasury.png,treasury.png,,,,,,,,,,,,,,,,,,,,,,,character_skill_level_to_effects_junctions_tables,wh2_dlc11_skill_cst_campaign_1|wh_main_effect_force_all_campaign_recruitment_cost_all|3|general_to_force_own
node,warhammer_3,8.1.1,24237342,Vampire Coast,vampire_coast,wh2_dlc11_sc_cst_vampire_coast,Vampire Fleet Admiral (Deep),Vampire_Fleet_Admiral_Deep__admiral_fem_deep,lord,wh2_dlc11_cst_admiral_fem_deep,general,general,wh2_dlc11_cst_noctilus|wh2_dlc11_cst_noctilus_separatists|wh2_dlc11_cst_pirates_of_sartosa|wh2_dlc11_cst_pirates_of_sartosa_separatists|wh2_dlc11_cst_the_drowned|wh2_dlc11_cst_the_drowned_separatists|wh2_dlc11_cst_vampire_coast|wh2_dlc11_cst_vampire_coast_encounters|wh2_dlc11_cst_vampire_coast_qb1|wh2_dlc11_cst_vampire_coast_qb2|wh2_dlc11_cst_vampire_coast_qb3|wh2_dlc11_cst_vampire_coast_qb4|wh2_dlc11_cst_vampire_coast_rebellion_rebels|wh2_dlc11_cst_vampire_coast_rebels|wh2_dlc11_cst_vampire_coast_separatists|wh3_dlc21_cst_dead_flag_fleet|wh3_dlc24_cst_vampire_coast_bloated_rebels|wh3_dlc26_cst_vampire_coast_qb1|wh3_dlc26_cst_vampire_coast_qb2|wh3_main_cst_dread_rock_privateers,false,false,true,true,true,true,wh2_dlc11_lore_deep,cst_vampire_fleet_admiral_female,wh2_dlc11_skill_node_set_cst_admiral_fem_deep,,1,general,false,false,,,,wh2_dlc11_skill_node_cst_admiral_fem_deep_innate_01,wh2_dlc11_skill_innate_cst_looter,Plunderer,"How else is an ordinary, decent pirate to make an honest living in these hard, dark times?",trait_physical.png,1,6,0,0,false,0,1,,,,,,,,,,,,,,,,,,,,,,,,,,,,,,,,,,,,,,,,,character_skill_nodes_tables,wh2_dlc11_skill_node_cst_admiral_fem_deep_innate_01
effect,warhammer_3,8.1.1,24237342,Vampire Coast,vampire_coast,wh2_dlc11_sc_cst_vampire_coast,Vampire Fleet Admiral (Deep),Vampire_Fleet_Admiral_Deep__admiral_fem_deep,lord,wh2_dlc11_cst_admiral_fem_deep,general,general,wh2_dlc11_cst_noctilus|wh2_dlc11_cst_noctilus_separatists|wh2_dlc11_cst_pirates_of_sartosa|wh2_dlc11_cst_pirates_of_sartosa_separatists|wh2_dlc11_cst_the_drowned|wh2_dlc11_cst_the_drowned_separatists|wh2_dlc11_cst_vampire_coast|wh2_dlc11_cst_vampire_coast_encounters|wh2_dlc11_cst_vampire_coast_qb1|wh2_dlc11_cst_vampire_coast_qb2|wh2_dlc11_cst_vampire_coast_qb3|wh2_dlc11_cst_vampire_coast_qb4|wh2_dlc11_cst_vampire_coast_rebellion_rebels|wh2_dlc11_cst_vampire_coast_rebels|wh2_dlc11_cst_vampire_coast_separatists|wh3_dlc21_cst_dead_flag_fleet|wh3_dlc24_cst_vampire_coast_bloated_rebels|wh3_dlc26_cst_vampire_coast_qb1|wh3_dlc26_cst_vampire_coast_qb2|wh3_main_cst_dread_rock_privateers,false,false,true,true,true,true,wh2_dlc11_lore_deep,cst_vampire_fleet_admiral_female,wh2_dlc11_skill_node_set_cst_admiral_fem_deep,,1,general,false,false,,,,wh2_dlc11_skill_node_cst_admiral_fem_deep_innate_01,wh2_dlc11_skill_innate_cst_looter,Plunderer,"How else is an ordinary, decent pirate to make an honest living in these hard, dark times?",trait_physical.png,1,6,0,0,false,0,1,1,Plunderer,"How else is an ordinary, decent pirate to make an honest living in these hard, dark times?",,,,,,wh_main_effect_character_mod_ancillary_drop,Magic item drop chance from battle: %+n%,,character_to_character_own,10,campaign,110,true,item_ability.png,item_ability.png,,,,,,,,,,,,,,,,,,,,,,,character_skill_level_to_effects_junctions_tables,wh2_dlc11_skill_innate_cst_looter|wh_main_effect_character_mod_ancillary_drop|1|character_to_character_own
effect,warhammer_3,8.1.1,24237342,Vampire Coast,vampire_coast,wh2_dlc11_sc_cst_vampire_coast,Vampire Fleet Admiral (Deep),Vampire_Fleet_Admiral_Deep__admiral_fem_deep,lord,wh2_dlc11_cst_admiral_fem_deep,general,general,wh2_dlc11_cst_noctilus|wh2_dlc11_cst_noctilus_separatists|wh2_dlc11_cst_pirates_of_sartosa|wh2_dlc11_cst_pirates_of_sartosa_separatists|wh2_dlc11_cst_the_drowned|wh2_dlc11_cst_the_drowned_separatists|wh2_dlc11_cst_vampire_coast|wh2_dlc11_cst_vampire_coast_encounters|wh2_dlc11_cst_vampire_coast_qb1|wh2_dlc11_cst_vampire_coast_qb2|wh2_dlc11_cst_vampire_coast_qb3|wh2_dlc11_cst_vampire_coast_qb4|wh2_dlc11_cst_vampire_coast_rebellion_rebels|wh2_dlc11_cst_vampire_coast_rebels|wh2_dlc11_cst_vampire_coast_separatists|wh3_dlc21_cst_dead_flag_fleet|wh3_dlc24_cst_vampire_coast_bloated_rebels|wh3_dlc26_cst_vampire_coast_qb1|wh3_dlc26_cst_vampire_coast_qb2|wh3_main_cst_dread_rock_privateers,false,false,true,true,true,true,wh2_dlc11_lore_deep,cst_vampire_fleet_admiral_female,wh2_dlc11_skill_node_set_cst_admiral_fem_deep,,1,general,false,false,,,,wh2_dlc11_skill_node_cst_admiral_fem_deep_innate_01,wh2_dlc11_skill_innate_cst_looter,Plunderer,"How else is an ordinary, decent pirate to make an honest living in these hard, dark times?",trait_physical.png,1,6,0,0,false,0,1,1,Plunderer,"How else is an ordinary, decent pirate to make an honest living in these hard, dark times?",,,,,,wh_main_effect_force_all_campaign_raid_income,Income from raiding: %+n%,,general_to_force_own,20,campaign,101,true,income.png,income.png,,,,,,,,,,,,,,,,,,,,,,,character_skill_level_to_effects_junctions_tables,wh2_dlc11_skill_innate_cst_looter|wh_main_effect_force_all_campaign_raid_income|1|general_to_force_own
effect,warhammer_3,8.1.1,24237342,Vampire Coast,vampire_coast,wh2_dlc11_sc_cst_vampire_coast,Vampire Fleet Admiral (Deep),Vampire_Fleet_Admiral_Deep__admiral_fem_deep,lord,wh2_dlc11_cst_admiral_fem_deep,general,general,wh2_dlc11_cst_noctilus|wh2_dlc11_cst_noctilus_separatists|wh2_dlc11_cst_pirates_of_sartosa|wh2_dlc11_cst_pirates_of_sartosa_separatists|wh2_dlc11_cst_the_drowned|wh2_dlc11_cst_the_drowned_separatists|wh2_dlc11_cst_vampire_coast|wh2_dlc11_cst_vampire_coast_encounters|wh2_dlc11_cst_vampire_coast_qb1|wh2_dlc11_cst_vampire_coast_qb2|wh2_dlc11_cst_vampire_coast_qb3|wh2_dlc11_cst_vampire_coast_qb4|wh2_dlc11_cst_vampire_coast_rebellion_rebels|wh2_dlc11_cst_vampire_coast_rebels|wh2_dlc11_cst_vampire_coast_separatists|wh3_dlc21_cst_dead_flag_fleet|wh3_dlc24_cst_vampire_coast_bloated_rebels|wh3_dlc26_cst_vampire_coast_qb1|wh3_dlc26_cst_vampire_coast_qb2|wh3_main_cst_dread_rock_privateers,false,false,true,true,true,true,wh2_dlc11_lore_deep,cst_vampire_fleet_admiral_female,wh2_dlc11_skill_node_set_cst_admiral_fem_deep,,1,general,false,false,,,,wh2_dlc11_skill_node_cst_admiral_fem_deep_innate_01,wh2_dlc11_skill_innate_cst_looter,Plunderer,"How else is an ordinary, decent pirate to make an honest living in these hard, dark times?",trait_physical.png,1,6,0,0,false,0,1,1,Plunderer,"How else is an ordinary, decent pirate to make an honest living in these hard, dark times?",,,,,,wh_main_effect_public_order_characters_negative,{{tr:public_order_effect}}: %+n,,character_to_province_enemy,-4,campaign,101,false,public_order.png,public_order.png,,,,,,,,,,,,,,,,,,,,,,,character_skill_level_to_effects_junctions_tables,wh2_dlc11_skill_innate_cst_looter|wh_main_effect_public_order_characters_negative|1|character_to_province_enemy
effect,warhammer_3,8.1.1,24237342,Vampire Coast,vampire_coast,wh2_dlc11_sc_cst_vampire_coast,Vampire Fleet Admiral (Deep),Vampire_Fleet_Admiral_Deep__admiral_fem_deep,lord,wh2_dlc11_cst_admiral_fem_deep,general,general,wh2_dlc11_cst_noctilus|wh2_dlc11_cst_noctilus_separatists|wh2_dlc11_cst_pirates_of_sartosa|wh2_dlc11_cst_pirates_of_sartosa_separatists|wh2_dlc11_cst_the_drowned|wh2_dlc11_cst_the_drowned_separatists|wh2_dlc11_cst_vampire_coast|wh2_dlc11_cst_vampire_coast_encounters|wh2_dlc11_cst_vampire_coast_qb1|wh2_dlc11_cst_vampire_coast_qb2|wh2_dlc11_cst_vampire_coast_qb3|wh2_dlc11_cst_vampire_coast_qb4|wh2_dlc11_cst_vampire_coast_rebellion_rebels|wh2_dlc11_cst_vampire_coast_rebels|wh2_dlc11_cst_vampire_coast_separatists|wh3_dlc21_cst_dead_flag_fleet|wh3_dlc24_cst_vampire_coast_bloated_rebels|wh3_dlc26_cst_vampire_coast_qb1|wh3_dlc26_cst_vampire_coast_qb2|wh3_main_cst_dread_rock_privateers,false,false,true,true,true,true,wh2_dlc11_lore_deep,cst_vampire_fleet_admiral_female,wh2_dlc11_skill_node_set_cst_admiral_fem_deep,,1,general,false,false,,,,wh2_dlc11_skill_node_cst_admiral_fem_deep_innate_01,wh2_dlc11_skill_innate_cst_looter,Plunderer,"How else is an ordinary, decent pirate to make an honest living in these hard, dark times?",trait_physical.png,1,6,0,0,false,0,1,1,Plunderer,"How else is an ordinary, decent pirate to make an honest living in these hard, dark times?",,,,,,wh2_dlc11_cst_lord_innate_brute_dummy,Brute: Extra loyalty gained following a battle,,character_to_character_own,-500,campaign,2,false,loyalty.png,loyalty.png,,,,,,,,,,,,,,,,,,,,,,,character_skill_level_to_effects_junctions_tables,wh2_dlc11_skill_innate_cst_looter|wh2_dlc11_cst_lord_innate_brute_dummy|1|character_to_character_own
effect,warhammer_3,8.1.1,24237342,Vampire Coast,vampire_coast,wh2_dlc11_sc_cst_vampire_coast,Vampire Fleet Admiral (Deep),Vampire_Fleet_Admiral_Deep__admiral_fem_deep,lord,wh2_dlc11_cst_admiral_fem_deep,general,general,wh2_dlc11_cst_noctilus|wh2_dlc11_cst_noctilus_separatists|wh2_dlc11_cst_pirates_of_sartosa|wh2_dlc11_cst_pirates_of_sartosa_separatists|wh2_dlc11_cst_the_drowned|wh2_dlc11_cst_the_drowned_separatists|wh2_dlc11_cst_vampire_coast|wh2_dlc11_cst_vampire_coast_encounters|wh2_dlc11_cst_vampire_coast_qb1|wh2_dlc11_cst_vampire_coast_qb2|wh2_dlc11_cst_vampire_coast_qb3|wh2_dlc11_cst_vampire_coast_qb4|wh2_dlc11_cst_vampire_coast_rebellion_rebels|wh2_dlc11_cst_vampire_coast_rebels|wh2_dlc11_cst_vampire_coast_separatists|wh3_dlc21_cst_dead_flag_fleet|wh3_dlc24_cst_vampire_coast_bloated_rebels|wh3_dlc26_cst_vampire_coast_qb1|wh3_dlc26_cst_vampire_coast_qb2|wh3_main_cst_dread_rock_privateers,false,false,true,true,true,true,wh2_dlc11_lore_deep,cst_vampire_fleet_admiral_female,wh2_dlc11_skill_node_set_cst_admiral_fem_deep,,1,general,false,false,,,,wh2_dlc11_skill_node_cst_admiral_fem_deep_innate_01,wh2_dlc11_skill_innate_cst_looter,Plunderer,"How else is an ordinary, decent pirate to make an honest living in these hard, dark times?",trait_physical.png,1,6,0,0,false,0,1,1,Plunderer,"How else is an ordinary, decent pirate to make an honest living in these hard, dark times?",,,,,,wh2_dlc11_skill_innate_cst_looter_dummy,Gain loyalty from sacking and raiding,,character_to_character_own,1,campaign,1,true,loyalty.png,loyalty.png,,,,,,,,,,,,,,,,,,,,,,,character_skill_level_to_effects_junctions_tables,wh2_dlc11_skill_innate_cst_looter|wh2_dlc11_skill_innate_cst_looter_dummy|1|character_to_character_own
node,warhammer_3,8.1.1,24237342,Vampire Coast,vampire_coast,wh2_dlc11_sc_cst_vampire_coast,Vampire Fleet Admiral (Deep),Vampire_Fleet_Admiral_Deep__admiral_fem_deep,lord,wh2_dlc11_cst_admiral_fem_deep,general,general,wh2_dlc11_cst_noctilus|wh2_dlc11_cst_noctilus_separatists|wh2_dlc11_cst_pirates_of_sartosa|wh2_dlc11_cst_pirates_of_sartosa_separatists|wh2_dlc11_cst_the_drowned|wh2_dlc11_cst_the_drowned_separatists|wh2_dlc11_cst_vampire_coast|wh2_dlc11_cst_vampire_coast_encounters|wh2_dlc11_cst_vampire_coast_qb1|wh2_dlc11_cst_vampire_coast_qb2|wh2_dlc11_cst_vampire_coast_qb3|wh2_dlc11_cst_vampire_coast_qb4|wh2_dlc11_cst_vampire_coast_rebellion_rebels|wh2_dlc11_cst_vampire_coast_rebels|wh2_dlc11_cst_vampire_coast_separatists|wh3_dlc21_cst_dead_flag_fleet|wh3_dlc24_cst_vampire_coast_bloated_rebels|wh3_dlc26_cst_vampire_coast_qb1|wh3_dlc26_cst_vampire_coast_qb2|wh3_main_cst_dread_rock_privateers,false,false,true,true,true,true,wh2_dlc11_lore_deep,cst_vampire_fleet_admiral_female,wh2_dlc11_skill_node_set_cst_admiral_fem_deep,,1,general,false,false,,,,wh2_dlc11_skill_cst_misc_admiral_fem_deep_01,wh2_dlc11_skill_cst_misc_1,Lucky Charm,It's a rabbit's foot. A rabbit. No… Oh never mind - it brings me luck. It does! Trust me!,character_ward_save.png,2,0,0,0,true,4,1,,,,,,,,,,,,,,,,,,,,,,,,,,,,,,,,,,,,,,,,,character_skill_nodes_tables,wh2_dlc11_skill_cst_misc_admiral_fem_deep_01
skill_level,warhammer_3,8.1.1,24237342,Vampire Coast,vampire_coast,wh2_dlc11_sc_cst_vampire_coast,Vampire Fleet Admiral (Deep),Vampire_Fleet_Admiral_Deep__admiral_fem_deep,lord,wh2_dlc11_cst_admiral_fem_deep,general,general,wh2_dlc11_cst_noctilus|wh2_dlc11_cst_noctilus_separatists|wh2_dlc11_cst_pirates_of_sartosa|wh2_dlc11_cst_pirates_of_sartosa_separatists|wh2_dlc11_cst_the_drowned|wh2_dlc11_cst_the_drowned_separatists|wh2_dlc11_cst_vampire_coast|wh2_dlc11_cst_vampire_coast_encounters|wh2_dlc11_cst_vampire_coast_qb1|wh2_dlc11_cst_vampire_coast_qb2|wh2_dlc11_cst_vampire_coast_qb3|wh2_dlc11_cst_vampire_coast_qb4|wh2_dlc11_cst_vampire_coast_rebellion_rebels|wh2_dlc11_cst_vampire_coast_rebels|wh2_dlc11_cst_vampire_coast_separatists|wh3_dlc21_cst_dead_flag_fleet|wh3_dlc24_cst_vampire_coast_bloated_rebels|wh3_dlc26_cst_vampire_coast_qb1|wh3_dlc26_cst_vampire_coast_qb2|wh3_main_cst_dread_rock_privateers,false,false,true,true,true,true,wh2_dlc11_lore_deep,cst_vampire_fleet_admiral_female,wh2_dlc11_skill_node_set_cst_admiral_fem_deep,,1,general,false,false,,,,wh2_dlc11_skill_cst_misc_admiral_fem_deep_01,wh2_dlc11_skill_cst_misc_1,Lucky Charm,It's a rabbit's foot. A rabbit. No… Oh never mind - it brings me luck. It does! Trust me!,character_ward_save.png,2,0,0,0,true,4,1,1,Lucky Charm,It's a rabbit's foot. A rabbit. No… Oh never mind - it brings me luck. It does! Trust me!,4,x,,,,,,,,,,,,,,,,,,,,,,,,,,,,,,,,,,,,character_skill_level_details_tables,wh2_dlc11_skill_cst_misc_1|1|||
effect,warhammer_3,8.1.1,24237342,Vampire Coast,vampire_coast,wh2_dlc11_sc_cst_vampire_coast,Vampire Fleet Admiral (Deep),Vampire_Fleet_Admiral_Deep__admiral_fem_deep,lord,wh2_dlc11_cst_admiral_fem_deep,general,general,wh2_dlc11_cst_noctilus|wh2_dlc11_cst_noctilus_separatists|wh2_dlc11_cst_pirates_of_sartosa|wh2_dlc11_cst_pirates_of_sartosa_separatists|wh2_dlc11_cst_the_drowned|wh2_dlc11_cst_the_drowned_separatists|wh2_dlc11_cst_vampire_coast|wh2_dlc11_cst_vampire_coast_encounters|wh2_dlc11_cst_vampire_coast_qb1|wh2_dlc11_cst_vampire_coast_qb2|wh2_dlc11_cst_vampire_coast_qb3|wh2_dlc11_cst_vampire_coast_qb4|wh2_dlc11_cst_vampire_coast_rebellion_rebels|wh2_dlc11_cst_vampire_coast_rebels|wh2_dlc11_cst_vampire_coast_separatists|wh3_dlc21_cst_dead_flag_fleet|wh3_dlc24_cst_vampire_coast_bloated_rebels|wh3_dlc26_cst_vampire_coast_qb1|wh3_dlc26_cst_vampire_coast_qb2|wh3_main_cst_dread_rock_privateers,false,false,true,true,true,true,wh2_dlc11_lore_deep,cst_vampire_fleet_admiral_female,wh2_dlc11_skill_node_set_cst_admiral_fem_deep,,1,general,false,false,,,,wh2_dlc11_skill_cst_misc_admiral_fem_deep_01,wh2_dlc11_skill_cst_misc_1,Lucky Charm,It's a rabbit's foot. A rabbit. No… Oh never mind - it brings me luck. It does! Trust me!,character_ward_save.png,2,0,0,0,true,4,1,1,Lucky Charm,It's a rabbit's foot. A rabbit. No… Oh never mind - it brings me luck. It does! Trust me!,,,,,,wh_main_effect_character_stat_missile_resistance,Missile resistance: %n%,"Missile Resistance. Damage of missile attacks is reduced by this amount, up to a maximum of 90%",character_to_character_own,15,both,280,true,resistance_missile.png,resistance_missile.png,,,,,,,,,,,,,,,,,,,,,,,character_skill_level_to_effects_junctions_tables,wh2_dlc11_skill_cst_misc_1|wh_main_effect_character_stat_missile_resistance|1|character_to_character_own
node,warhammer_3,8.1.1,24237342,Vampire Coast,vampire_coast,wh2_dlc11_sc_cst_vampire_coast,Vampire Fleet Admiral (Deep),Vampire_Fleet_Admiral_Deep__admiral_fem_deep,lord,wh2_dlc11_cst_admiral_fem_deep,general,general,wh2_dlc11_cst_noctilus|wh2_dlc11_cst_noctilus_separatists|wh2_dlc11_cst_pirates_of_sartosa|wh2_dlc11_cst_pirates_of_sartosa_separatists|wh2_dlc11_cst_the_drowned|wh2_dlc11_cst_the_drowned_separatists|wh2_dlc11_cst_vampire_coast|wh2_dlc11_cst_vampire_coast_encounters|wh2_dlc11_cst_vampire_coast_qb1|wh2_dlc11_cst_vampire_coast_qb2|wh2_dlc11_cst_vampire_coast_qb3|wh2_dlc11_cst_vampire_coast_qb4|wh2_dlc11_cst_vampire_coast_rebellion_rebels|wh2_dlc11_cst_vampire_coast_rebels|wh2_dlc11_cst_vampire_coast_separatists|wh3_dlc21_cst_dead_flag_fleet|wh3_dlc24_cst_vampire_coast_bloated_rebels|wh3_dlc26_cst_vampire_coast_qb1|wh3_dlc26_cst_vampire_coast_qb2|wh3_main_cst_dread_rock_privateers,false,false,true,true,true,true,wh2_dlc11_lore_deep,cst_vampire_fleet_admiral_female,wh2_dlc11_skill_node_set_cst_admiral_fem_deep,,1,general,false,false,,,,wh2_dlc11_skill_cst_admiral_fem_deep_crime_02,wh2_dlc11_skill_cst_lord_crime_0,Forger,"They'll never know the difference, even up close.",wh2_dlc11_forgery.png,2,1,0,0,true,0,1,,,,,,,,,,,,,,,,,,,,,,,,,,,,,,,,,,,,,,,,,character_skill_nodes_tables,wh2_dlc11_skill_cst_admiral_fem_deep_crime_02
skill_level,warhammer_3,8.1.1,24237342,Vampire Coast,vampire_coast,wh2_dlc11_sc_cst_vampire_coast,Vampire Fleet Admiral (Deep),Vampire_Fleet_Admiral_Deep__admiral_fem_deep,lord,wh2_dlc11_cst_admiral_fem_deep,general,general,wh2_dlc11_cst_noctilus|wh2_dlc11_cst_noctilus_separatists|wh2_dlc11_cst_pirates_of_sartosa|wh2_dlc11_cst_pirates_of_sartosa_separatists|wh2_dlc11_cst_the_drowned|wh2_dlc11_cst_the_drowned_separatists|wh2_dlc11_cst_vampire_coast|wh2_dlc11_cst_vampire_coast_encounters|wh2_dlc11_cst_vampire_coast_qb1|wh2_dlc11_cst_vampire_coast_qb2|wh2_dlc11_cst_vampire_coast_qb3|wh2_dlc11_cst_vampire_coast_qb4|wh2_dlc11_cst_vampire_coast_rebellion_rebels|wh2_dlc11_cst_vampire_coast_rebels|wh2_dlc11_cst_vampire_coast_separatists|wh3_dlc21_cst_dead_flag_fleet|wh3_dlc24_cst_vampire_coast_bloated_rebels|wh3_dlc26_cst_vampire_coast_qb1|wh3_dlc26_cst_vampire_coast_qb2|wh3_main_cst_dread_rock_privateers,false,false,true,true,true,true,wh2_dlc11_lore_deep,cst_vampire_fleet_admiral_female,wh2_dlc11_skill_node_set_cst_admiral_fem_deep,,1,general,false,false,,,,wh2_dlc11_skill_cst_admiral_fem_deep_crime_02,wh2_dlc11_skill_cst_lord_crime_0,Forger,"They'll never know the difference, even up close.",wh2_dlc11_forgery.png,2,1,0,0,true,0,1,1,Forger,"They'll never know the difference, even up close.",8,x,,,,,,,,,,,,,,,,,,,,,,,,,,,,,,,,,,,,character_skill_level_details_tables,wh2_dlc11_skill_cst_lord_crime_0|1|||
effect,warhammer_3,8.1.1,24237342,Vampire Coast,vampire_coast,wh2_dlc11_sc_cst_vampire_coast,Vampire Fleet Admiral (Deep),Vampire_Fleet_Admiral_Deep__admiral_fem_deep,lord,wh2_dlc11_cst_admiral_fem_deep,general,general,wh2_dlc11_cst_noctilus|wh2_dlc11_cst_noctilus_separatists|wh2_dlc11_cst_pirates_of_sartosa|wh2_dlc11_cst_pirates_of_sartosa_separatists|wh2_dlc11_cst_the_drowned|wh2_dlc11_cst_the_drowned_separatists|wh2_dlc11_cst_vampire_coast|wh2_dlc11_cst_vampire_coast_encounters|wh2_dlc11_cst_vampire_coast_qb1|wh2_dlc11_cst_vampire_coast_qb2|wh2_dlc11_cst_vampire_coast_qb3|wh2_dlc11_cst_vampire_coast_qb4|wh2_dlc11_cst_vampire_coast_rebellion_rebels|wh2_dlc11_cst_vampire_coast_rebels|wh2_dlc11_cst_vampire_coast_separatists|wh3_dlc21_cst_dead_flag_fleet|wh3_dlc24_cst_vampire_coast_bloated_rebels|wh3_dlc26_cst_vampire_coast_qb1|wh3_dlc26_cst_vampire_coast_qb2|wh3_main_cst_dread_rock_privateers,false,false,true,true,true,true,wh2_dlc11_lore_deep,cst_vampire_fleet_admiral_female,wh2_dlc11_skill_node_set_cst_admiral_fem_deep,,1,general,false,false,,,,wh2_dlc11_skill_cst_admiral_fem_deep_crime_02,wh2_dlc11_skill_cst_lord_crime_0,Forger,"They'll never know the difference, even up close.",wh2_dlc11_forgery.png,2,1,0,0,true,0,1,1,Forger,"They'll never know the difference, even up close.",,,,,,wh_main_effect_economy_gdp_mod_all_bad,Income from all enemy buildings: %+n%,,character_to_enemy_region_provincewide,-5,campaign,162,false,income.png,income.png,,,,,,,,,,,,,,,,,,,,,,,character_skill_level_to_effects_junctions_tables,wh2_dlc11_skill_cst_lord_crime_0|wh_main_effect_economy_gdp_mod_all_bad|1|character_to_enemy_region_provincewide
effect,warhammer_3,8.1.1,24237342,Vampire Coast,vampire_coast,wh2_dlc11_sc_cst_vampire_coast,Vampire Fleet Admiral (Deep),Vampire_Fleet_Admiral_Deep__admiral_fem_deep,lord,wh2_dlc11_cst_admiral_fem_deep,general,general,wh2_dlc11_cst_noctilus|wh2_dlc11_cst_noctilus_separatists|wh2_dlc11_cst_pirates_of_sartosa|wh2_dlc11_cst_pirates_of_sartosa_separatists|wh2_dlc11_cst_the_drowned|wh2_dlc11_cst_the_drowned_separatists|wh2_dlc11_cst_vampire_coast|wh2_dlc11_cst_vampire_coast_encounters|wh2_dlc11_cst_vampire_coast_qb1|wh2_dlc11_cst_vampire_coast_qb2|wh2_dlc11_cst_vampire_coast_qb3|wh2_dlc11_cst_vampire_coast_qb4|wh2_dlc11_cst_vampire_coast_rebellion_rebels|wh2_dlc11_cst_vampire_coast_rebels|wh2_dlc11_cst_vampire_coast_separatists|wh3_dlc21_cst_dead_flag_fleet|wh3_dlc24_cst_vampire_coast_bloated_rebels|wh3_dlc26_cst_vampire_coast_qb1|wh3_dlc26_cst_vampire_coast_qb2|wh3_main_cst_dread_rock_privateers,false,false,true,true,true,true,wh2_dlc11_lore_deep,cst_vampire_fleet_admiral_female,wh2_dlc11_skill_node_set_cst_admiral_fem_deep,,1,general,false,false,,,,wh2_dlc11_skill_cst_admiral_fem_deep_crime_02,wh2_dlc11_skill_cst_lord_crime_0,Forger,"They'll never know the difference, even up close.",wh2_dlc11_forgery.png,2,1,0,0,true,0,1,1,Forger,"They'll never know the difference, even up close.",,,,,,wh_main_effect_force_all_campaign_raid_income,Income from raiding: %+n%,,general_to_force_own,20,campaign,101,true,income.png,income.png,,,,,,,,,,,,,,,,,,,,,,,character_skill_level_to_effects_junctions_tables,wh2_dlc11_skill_cst_lord_crime_0|wh_main_effect_force_all_campaign_raid_income|1|general_to_force_own
effect,warhammer_3,8.1.1,24237342,Vampire Coast,vampire_coast,wh2_dlc11_sc_cst_vampire_coast,Vampire Fleet Admiral (Deep),Vampire_Fleet_Admiral_Deep__admiral_fem_deep,lord,wh2_dlc11_cst_admiral_fem_deep,general,general,wh2_dlc11_cst_noctilus|wh2_dlc11_cst_noctilus_separatists|wh2_dlc11_cst_pirates_of_sartosa|wh2_dlc11_cst_pirates_of_sartosa_separatists|wh2_dlc11_cst_the_drowned|wh2_dlc11_cst_the_drowned_separatists|wh2_dlc11_cst_vampire_coast|wh2_dlc11_cst_vampire_coast_encounters|wh2_dlc11_cst_vampire_coast_qb1|wh2_dlc11_cst_vampire_coast_qb2|wh2_dlc11_cst_vampire_coast_qb3|wh2_dlc11_cst_vampire_coast_qb4|wh2_dlc11_cst_vampire_coast_rebellion_rebels|wh2_dlc11_cst_vampire_coast_rebels|wh2_dlc11_cst_vampire_coast_separatists|wh3_dlc21_cst_dead_flag_fleet|wh3_dlc24_cst_vampire_coast_bloated_rebels|wh3_dlc26_cst_vampire_coast_qb1|wh3_dlc26_cst_vampire_coast_qb2|wh3_main_cst_dread_rock_privateers,false,false,true,true,true,true,wh2_dlc11_lore_deep,cst_vampire_fleet_admiral_female,wh2_dlc11_skill_node_set_cst_admiral_fem_deep,,1,general,false,false,,,,wh2_dlc11_skill_cst_admiral_fem_deep_crime_02,wh2_dlc11_skill_cst_lord_crime_0,Forger,"They'll never know the difference, even up close.",wh2_dlc11_forgery.png,2,1,0,0,true,0,1,1,Forger,"They'll never know the difference, even up close.",,,,,,wh_main_effect_public_order_characters_negative,{{tr:public_order_effect}}: %+n,,character_to_province_enemy,-5,campaign,101,false,public_order.png,public_order.png,,,,,,,,,,,,,,,,,,,,,,,character_skill_level_to_effects_junctions_tables,wh2_dlc11_skill_cst_lord_crime_0|wh_main_effect_public_order_characters_negative|1|character_to_province_enemy
skill_lock,warhammer_3,8.1.1,24237342,Vampire Coast,vampire_coast,wh2_dlc11_sc_cst_vampire_coast,Vampire Fleet Admiral (Deep),Vampire_Fleet_Admiral_Deep__admiral_fem_deep,lord,wh2_dlc11_cst_admiral_fem_deep,general,general,wh2_dlc11_cst_noctilus|wh2_dlc11_cst_noctilus_separatists|wh2_dlc11_cst_pirates_of_sartosa|wh2_dlc11_cst_pirates_of_sartosa_separatists|wh2_dlc11_cst_the_drowned|wh2_dlc11_cst_the_drowned_separatists|wh2_dlc11_cst_vampire_coast|wh2_dlc11_cst_vampire_coast_encounters|wh2_dlc11_cst_vampire_coast_qb1|wh2_dlc11_cst_vampire_coast_qb2|wh2_dlc11_cst_vampire_coast_qb3|wh2_dlc11_cst_vampire_coast_qb4|wh2_dlc11_cst_vampire_coast_rebellion_rebels|wh2_dlc11_cst_vampire_coast_rebels|wh2_dlc11_cst_vampire_coast_separatists|wh3_dlc21_cst_dead_flag_fleet|wh3_dlc24_cst_vampire_coast_bloated_rebels|wh3_dlc26_cst_vampire_coast_qb1|wh3_dlc26_cst_vampire_coast_qb2|wh3_main_cst_dread_rock_privateers,false,false,true,true,true,true,wh2_dlc11_lore_deep,cst_vampire_fleet_admiral_female,wh2_dlc11_skill_node_set_cst_admiral_fem_deep,,1,general,false,false,,,,wh2_dlc11_skill_cst_admiral_fem_deep_crime_02,wh2_dlc11_skill_cst_lord_crime_0,Forger,"They'll never know the difference, even up close.",wh2_dlc11_forgery.png,2,1,0,0,true,0,1,,,,,,,,,,,,,,,,,,,,,,,,,,,,,,,wh2_dlc11_skill_cst_lord_crime_1,Smuggler,1,,,,,,,,character_skill_nodes_skill_locks_tables,wh2_dlc11_skill_cst_admiral_fem_deep_crime_02|wh2_dlc11_skill_cst_lord_crime_1|1
skill_lock,warhammer_3,8.1.1,24237342,Vampire Coast,vampire_coast,wh2_dlc11_sc_cst_vampire_coast,Vampire Fleet Admiral (Deep),Vampire_Fleet_Admiral_Deep__admiral_fem_deep,lord,wh2_dlc11_cst_admiral_fem_deep,general,general,wh2_dlc11_cst_noctilus|wh2_dlc11_cst_noctilus_separatists|wh2_dlc11_cst_pirates_of_sartosa|wh2_dlc11_cst_pirates_of_sartosa_separatists|wh2_dlc11_cst_the_drowned|wh2_dlc11_cst_the_drowned_separatists|wh2_dlc11_cst_vampire_coast|wh2_dlc11_cst_vampire_coast_encounters|wh2_dlc11_cst_vampire_coast_qb1|wh2_dlc11_cst_vampire_coast_qb2|wh2_dlc11_cst_vampire_coast_qb3|wh2_dlc11_cst_vampire_coast_qb4|wh2_dlc11_cst_vampire_coast_rebellion_rebels|wh2_dlc11_cst_vampire_coast_rebels|wh2_dlc11_cst_vampire_coast_separatists|wh3_dlc21_cst_dead_flag_fleet|wh3_dlc24_cst_vampire_coast_bloated_rebels|wh3_dlc26_cst_vampire_coast_qb1|wh3_dlc26_cst_vampire_coast_qb2|wh3_main_cst_dread_rock_privateers,false,false,true,true,true,true,wh2_dlc11_lore_deep,cst_vampire_fleet_admiral_female,wh2_dlc11_skill_node_set_cst_admiral_fem_deep,,1,general,false,false,,,,wh2_dlc11_skill_cst_admiral_fem_deep_crime_02,wh2_dlc11_skill_cst_lord_crime_0,Forger,"They'll never know the difference, even up close.",wh2_dlc11_forgery.png,2,1,0,0,true,0,1,,,,,,,,,,,,,,,,,,,,,,,,,,,,,,,wh2_dlc11_skill_cst_lord_crime_2_sword,Poacher,1,,,,,,,,character_skill_nodes_skill_locks_tables,wh2_dlc11_skill_cst_admiral_fem_deep_crime_02|wh2_dlc11_skill_cst_lord_crime_2_sword|1
skill_lock,warhammer_3,8.1.1,24237342,Vampire Coast,vampire_coast,wh2_dlc11_sc_cst_vampire_coast,Vampire Fleet Admiral (Deep),Vampire_Fleet_Admiral_Deep__admiral_fem_deep,lord,wh2_dlc11_cst_admiral_fem_deep,general,general,wh2_dlc11_cst_noctilus|wh2_dlc11_cst_noctilus_separatists|wh2_dlc11_cst_pirates_of_sartosa|wh2_dlc11_cst_pirates_of_sartosa_separatists|wh2_dlc11_cst_the_drowned|wh2_dlc11_cst_the_drowned_separatists|wh2_dlc11_cst_vampire_coast|wh2_dlc11_cst_vampire_coast_encounters|wh2_dlc11_cst_vampire_coast_qb1|wh2_dlc11_cst_vampire_coast_qb2|wh2_dlc11_cst_vampire_coast_qb3|wh2_dlc11_cst_vampire_coast_qb4|wh2_dlc11_cst_vampire_coast_rebellion_rebels|wh2_dlc11_cst_vampire_coast_rebels|wh2_dlc11_cst_vampire_coast_separatists|wh3_dlc21_cst_dead_flag_fleet|wh3_dlc24_cst_vampire_coast_bloated_rebels|wh3_dlc26_cst_vampire_coast_qb1|wh3_dlc26_cst_vampire_coast_qb2|wh3_main_cst_dread_rock_privateers,false,false,true,true,true,true,wh2_dlc11_lore_deep,cst_vampire_fleet_admiral_female,wh2_dlc11_skill_node_set_cst_admiral_fem_deep,,1,general,false,false,,,,wh2_dlc11_skill_cst_admiral_fem_deep_crime_02,wh2_dlc11_skill_cst_lord_crime_0,Forger,"They'll never know the difference, even up close.",wh2_dlc11_forgery.png,2,1,0,0,true,0,1,,,,,,,,,,,,,,,,,,,,,,,,,,,,,,,wh2_dlc11_skill_cst_lord_crime_3,Arsonist,1,,,,,,,,character_skill_nodes_skill_locks_tables,wh2_dlc11_skill_cst_admiral_fem_deep_crime_02|wh2_dlc11_skill_cst_lord_crime_3|1
node,warhammer_3,8.1.1,24237342,Vampire Coast,vampire_coast,wh2_dlc11_sc_cst_vampire_coast,Vampire Fleet Admiral (Deep),Vampire_Fleet_Admiral_Deep__admiral_fem_deep,lord,wh2_dlc11_cst_admiral_fem_deep,general,general,wh2_dlc11_cst_noctilus|wh2_dlc11_cst_noctilus_separatists|wh2_dlc11_cst_pirates_of_sartosa|wh2_dlc11_cst_pirates_of_sartosa_separatists|wh2_dlc11_cst_the_drowned|wh2_dlc11_cst_the_drowned_separatists|wh2_dlc11_cst_vampire_coast|wh2_dlc11_cst_vampire_coast_encounters|wh2_dlc11_cst_vampire_coast_qb1|wh2_dlc11_cst_vampire_coast_qb2|wh2_dlc11_cst_vampire_coast_qb3|wh2_dlc11_cst_vampire_coast_qb4|wh2_dlc11_cst_vampire_coast_rebellion_rebels|wh2_dlc11_cst_vampire_coast_rebels|wh2_dlc11_cst_vampire_coast_separatists|wh3_dlc21_cst_dead_flag_fleet|wh3_dlc24_cst_vampire_coast_bloated_rebels|wh3_dlc26_cst_vampire_coast_qb1|wh3_dlc26_cst_vampire_coast_qb2|wh3_main_cst_dread_rock_privateers,false,false,true,true,true,true,wh2_dlc11_lore_deep,cst_vampire_fleet_admiral_female,wh2_dlc11_skill_node_set_cst_admiral_fem_deep,,1,general,false,false,,,,wh2_dlc11_skill_cst_admiral_fem_deep_personal_02,wh2_dlc11_skill_vmp_lord_self_master_strike,Master Strike,"Strike hard, strike true.",character_damage.png,2,2,0,0,true,0,2,,,,,,,,,,,,,,,,,,,,,,,,,,,,,,,,,,,,,,,,,character_skill_nodes_tables,wh2_dlc11_skill_cst_admiral_fem_deep_personal_02
effect,warhammer_3,8.1.1,24237342,Vampire Coast,vampire_coast,wh2_dlc11_sc_cst_vampire_coast,Vampire Fleet Admiral (Deep),Vampire_Fleet_Admiral_Deep__admiral_fem_deep,lord,wh2_dlc11_cst_admiral_fem_deep,general,general,wh2_dlc11_cst_noctilus|wh2_dlc11_cst_noctilus_separatists|wh2_dlc11_cst_pirates_of_sartosa|wh2_dlc11_cst_pirates_of_sartosa_separatists|wh2_dlc11_cst_the_drowned|wh2_dlc11_cst_the_drowned_separatists|wh2_dlc11_cst_vampire_coast|wh2_dlc11_cst_vampire_coast_encounters|wh2_dlc11_cst_vampire_coast_qb1|wh2_dlc11_cst_vampire_coast_qb2|wh2_dlc11_cst_vampire_coast_qb3|wh2_dlc11_cst_vampire_coast_qb4|wh2_dlc11_cst_vampire_coast_rebellion_rebels|wh2_dlc11_cst_vampire_coast_rebels|wh2_dlc11_cst_vampire_coast_separatists|wh3_dlc21_cst_dead_flag_fleet|wh3_dlc24_cst_vampire_coast_bloated_rebels|wh3_dlc26_cst_vampire_coast_qb1|wh3_dlc26_cst_vampire_coast_qb2|wh3_main_cst_dread_rock_privateers,false,false,true,true,true,true,wh2_dlc11_lore_deep,cst_vampire_fleet_admiral_female,wh2_dlc11_skill_node_set_cst_admiral_fem_deep,,1,general,false,false,,,,wh2_dlc11_skill_cst_admiral_fem_deep_personal_02,wh2_dlc11_skill_vmp_lord_self_master_strike,Master Strike,"Strike hard, strike true.",character_damage.png,2,2,0,0,true,0,2,1,Master Strike,"Strike hard, strike true.",,,,,,wh_main_effect_character_stat_weapon_strength,Weapon strength: %+n%,,character_to_character_own,10,both,160,true,weapon_damage_character.png,weapon_damage_character.png,,,,,,,,,,,,,,,,,,,,,,,character_skill_level_to_effects_junctions_tables,wh2_dlc11_skill_vmp_lord_self_master_strike|wh_main_effect_character_stat_weapon_strength|1|character_to_character_own
effect,warhammer_3,8.1.1,24237342,Vampire Coast,vampire_coast,wh2_dlc11_sc_cst_vampire_coast,Vampire Fleet Admiral (Deep),Vampire_Fleet_Admiral_Deep__admiral_fem_deep,lord,wh2_dlc11_cst_admiral_fem_deep,general,general,wh2_dlc11_cst_noctilus|wh2_dlc11_cst_noctilus_separatists|wh2_dlc11_cst_pirates_of_sartosa|wh2_dlc11_cst_pirates_of_sartosa_separatists|wh2_dlc11_cst_the_drowned|wh2_dlc11_cst_the_drowned_separatists|wh2_dlc11_cst_vampire_coast|wh2_dlc11_cst_vampire_coast_encounters|wh2_dlc11_cst_vampire_coast_qb1|wh2_dlc11_cst_vampire_coast_qb2|wh2_dlc11_cst_vampire_coast_qb3|wh2_dlc11_cst_vampire_coast_qb4|wh2_dlc11_cst_vampire_coast_rebellion_rebels|wh2_dlc11_cst_vampire_coast_rebels|wh2_dlc11_cst_vampire_coast_separatists|wh3_dlc21_cst_dead_flag_fleet|wh3_dlc24_cst_vampire_coast_bloated_rebels|wh3_dlc26_cst_vampire_coast_qb1|wh3_dlc26_cst_vampire_coast_qb2|wh3_main_cst_dread_rock_privateers,false,false,true,true,true,true,wh2_dlc11_lore_deep,cst_vampire_fleet_admiral_female,wh2_dlc11_skill_node_set_cst_admiral_fem_deep,,1,general,false,false,,,,wh2_dlc11_skill_cst_admiral_fem_deep_personal_02,wh2_dlc11_skill_vmp_lord_self_master_strike,Master Strike,"Strike hard, strike true.",character_damage.png,2,2,0,0,true,0,2,2,Master Strike,"Strike hard, strike true.",,,,,,wh_main_effect_character_stat_weapon_strength,Weapon strength: %+n%,,character_to_character_own,20,both,160,true,weapon_damage_character.png,weapon_damage_character.png,,,,,,,,,,,,,,,,,,,,,,,character_skill_level_to_effects_junctions_tables,wh2_dlc11_skill_vmp_lord_self_master_strike|wh_main_effect_character_stat_weapon_strength|2|character_to_character_own
node,warhammer_3,8.1.1,24237342,Vampire Coast,vampire_coast,wh2_dlc11_sc_cst_vampire_coast,Vampire Fleet Admiral (Deep),Vampire_Fleet_Admiral_Deep__admiral_fem_deep,lord,wh2_dlc11_cst_admiral_fem_deep,general,general,wh2_dlc11_cst_noctilus|wh2_dlc11_cst_noctilus_separatists|wh2_dlc11_cst_pirates_of_sartosa|wh2_dlc11_cst_pirates_of_sartosa_separatists|wh2_dlc11_cst_the_drowned|wh2_dlc11_cst_the_drowned_separatists|wh2_dlc11_cst_vampire_coast|wh2_dlc11_cst_vampire_coast_encounters|wh2_dlc11_cst_vampire_coast_qb1|wh2_dlc11_cst_vampire_coast_qb2|wh2_dlc11_cst_vampire_coast_qb3|wh2_dlc11_cst_vampire_coast_qb4|wh2_dlc11_cst_vampire_coast_rebellion_rebels|wh2_dlc11_cst_vampire_coast_rebels|wh2_dlc11_cst_vampire_coast_separatists|wh3_dlc21_cst_dead_flag_fleet|wh3_dlc24_cst_vampire_coast_bloated_rebels|wh3_dlc26_cst_vampire_coast_qb1|wh3_dlc26_cst_vampire_coast_qb2|wh3_main_cst_dread_rock_privateers,false,false,true,true,true,true,wh2_dlc11_lore_deep,cst_vampire_fleet_admiral_female,wh2_dlc11_skill_node_set_cst_admiral_fem_deep,,1,general,false,false,,,,wh2_dlc11_skill_node_cst_admiral_fem_magic_deep_02,wh2_dlc11_skill_all_magic_deep_02_tidecall_lord,Tidecall,The tidal currents shall slow the foe's advance.,wh2_dlc11_spell_deep_tidecall.png,2,3,0,0,true,0,2,,,,,,,,,,,,,,,,,,,,,,,,,,,,,,,,,,,,,,,,,character_skill_nodes_tables,wh2_dlc11_skill_node_cst_admiral_fem_magic_deep_02
effect,warhammer_3,8.1.1,24237342,Vampire Coast,vampire_coast,wh2_dlc11_sc_cst_vampire_coast,Vampire Fleet Admiral (Deep),Vampire_Fleet_Admiral_Deep__admiral_fem_deep,lord,wh2_dlc11_cst_admiral_fem_deep,general,general,wh2_dlc11_cst_noctilus|wh2_dlc11_cst_noctilus_separatists|wh2_dlc11_cst_pirates_of_sartosa|wh2_dlc11_cst_pirates_of_sartosa_separatists|wh2_dlc11_cst_the_drowned|wh2_dlc11_cst_the_drowned_separatists|wh2_dlc11_cst_vampire_coast|wh2_dlc11_cst_vampire_coast_encounters|wh2_dlc11_cst_vampire_coast_qb1|wh2_dlc11_cst_vampire_coast_qb2|wh2_dlc11_cst_vampire_coast_qb3|wh2_dlc11_cst_vampire_coast_qb4|wh2_dlc11_cst_vampire_coast_rebellion_rebels|wh2_dlc11_cst_vampire_coast_rebels|wh2_dlc11_cst_vampire_coast_separatists|wh3_dlc21_cst_dead_flag_fleet|wh3_dlc24_cst_vampire_coast_bloated_rebels|wh3_dlc26_cst_vampire_coast_qb1|wh3_dlc26_cst_vampire_coast_qb2|wh3_main_cst_dread_rock_privateers,false,false,true,true,true,true,wh2_dlc11_lore_deep,cst_vampire_fleet_admiral_female,wh2_dlc11_skill_node_set_cst_admiral_fem_deep,,1,general,false,false,,,,wh2_dlc11_skill_node_cst_admiral_fem_magic_deep_02,wh2_dlc11_skill_all_magic_deep_02_tidecall_lord,Tidecall,The tidal currents shall slow the foe's advance.,wh2_dlc11_spell_deep_tidecall.png,2,3,0,0,true,0,2,1,Tidecall,The tidal currents shall slow the foe's advance.,,,,,,wh2_dlc11_effect_ability_cooldown_tidecall,"Cooldown: %+n% to ""Tidecall""",,character_to_character_own,-30,both,293,false,magic_cooldown.png,magic_cooldown.png,,,,,,,,,,,,,,,,,,,,,,,character_skill_level_to_effects_junctions_tables,wh2_dlc11_skill_all_magic_deep_02_tidecall_lord|wh2_dlc11_effect_ability_cooldown_tidecall|1|character_to_character_own
effect,warhammer_3,8.1.1,24237342,Vampire Coast,vampire_coast,wh2_dlc11_sc_cst_vampire_coast,Vampire Fleet Admiral (Deep),Vampire_Fleet_Admiral_Deep__admiral_fem_deep,lord,wh2_dlc11_cst_admiral_fem_deep,general,general,wh2_dlc11_cst_noctilus|wh2_dlc11_cst_noctilus_separatists|wh2_dlc11_cst_pirates_of_sartosa|wh2_dlc11_cst_pirates_of_sartosa_separatists|wh2_dlc11_cst_the_drowned|wh2_dlc11_cst_the_drowned_separatists|wh2_dlc11_cst_vampire_coast|wh2_dlc11_cst_vampire_coast_encounters|wh2_dlc11_cst_vampire_coast_qb1|wh2_dlc11_cst_vampire_coast_qb2|wh2_dlc11_cst_vampire_coast_qb3|wh2_dlc11_cst_vampire_coast_qb4|wh2_dlc11_cst_vampire_coast_rebellion_rebels|wh2_dlc11_cst_vampire_coast_rebels|wh2_dlc11_cst_vampire_coast_separatists|wh3_dlc21_cst_dead_flag_fleet|wh3_dlc24_cst_vampire_coast_bloated_rebels|wh3_dlc26_cst_vampire_coast_qb1|wh3_dlc26_cst_vampire_coast_qb2|wh3_main_cst_dread_rock_privateers,false,false,true,true,true,true,wh2_dlc11_lore_deep,cst_vampire_fleet_admiral_female,wh2_dlc11_skill_node_set_cst_admiral_fem_deep,,1,general,false,false,,,,wh2_dlc11_skill_node_cst_admiral_fem_magic_deep_02,wh2_dlc11_skill_all_magic_deep_02_tidecall_lord,Tidecall,The tidal currents shall slow the foe's advance.,wh2_dlc11_spell_deep_tidecall.png,2,3,0,0,true,0,2,1,Tidecall,The tidal currents shall slow the foe's advance.,,,,,,wh2_dlc11_effect_ability_enable_tidecall,"Spell: ""Tidecall""",,character_to_character_own,1,battle,290,true,magic_character.png,magic_character.png,,,,,,,,,,,,,,,,,,,,,,,character_skill_level_to_effects_junctions_tables,wh2_dlc11_skill_all_magic_deep_02_tidecall_lord|wh2_dlc11_effect_ability_enable_tidecall|1|character_to_character_own
effect,warhammer_3,8.1.1,24237342,Vampire Coast,vampire_coast,wh2_dlc11_sc_cst_vampire_coast,Vampire Fleet Admiral (Deep),Vampire_Fleet_Admiral_Deep__admiral_fem_deep,lord,wh2_dlc11_cst_admiral_fem_deep,general,general,wh2_dlc11_cst_noctilus|wh2_dlc11_cst_noctilus_separatists|wh2_dlc11_cst_pirates_of_sartosa|wh2_dlc11_cst_pirates_of_sartosa_separatists|wh2_dlc11_cst_the_drowned|wh2_dlc11_cst_the_drowned_separatists|wh2_dlc11_cst_vampire_coast|wh2_dlc11_cst_vampire_coast_encounters|wh2_dlc11_cst_vampire_coast_qb1|wh2_dlc11_cst_vampire_coast_qb2|wh2_dlc11_cst_vampire_coast_qb3|wh2_dlc11_cst_vampire_coast_qb4|wh2_dlc11_cst_vampire_coast_rebellion_rebels|wh2_dlc11_cst_vampire_coast_rebels|wh2_dlc11_cst_vampire_coast_separatists|wh3_dlc21_cst_dead_flag_fleet|wh3_dlc24_cst_vampire_coast_bloated_rebels|wh3_dlc26_cst_vampire_coast_qb1|wh3_dlc26_cst_vampire_coast_qb2|wh3_main_cst_dread_rock_privateers,false,false,true,true,true,true,wh2_dlc11_lore_deep,cst_vampire_fleet_admiral_female,wh2_dlc11_skill_node_set_cst_admiral_fem_deep,,1,general,false,false,,,,wh2_dlc11_skill_node_cst_admiral_fem_magic_deep_02,wh2_dlc11_skill_all_magic_deep_02_tidecall_lord,Tidecall,The tidal currents shall slow the foe's advance.,wh2_dlc11_spell_deep_tidecall.png,2,3,0,0,true,0,2,1,Tidecall,The tidal currents shall slow the foe's advance.,,,,,,wh2_dlc11_effect_ability_overcast_tidecall,"Overcast spell: ""Tidecall Upgraded""",,character_to_character_own,1,both,292,true,magic_character.png,magic_character.png,,,,,,,,,,,,,,,,,,,,,,,character_skill_level_to_effects_junctions_tables,wh2_dlc11_skill_all_magic_deep_02_tidecall_lord|wh2_dlc11_effect_ability_overcast_tidecall|1|character_to_character_own
effect,warhammer_3,8.1.1,24237342,Vampire Coast,vampire_coast,wh2_dlc11_sc_cst_vampire_coast,Vampire Fleet Admiral (Deep),Vampire_Fleet_Admiral_Deep__admiral_fem_deep,lord,wh2_dlc11_cst_admiral_fem_deep,general,general,wh2_dlc11_cst_noctilus|wh2_dlc11_cst_noctilus_separatists|wh2_dlc11_cst_pirates_of_sartosa|wh2_dlc11_cst_pirates_of_sartosa_separatists|wh2_dlc11_cst_the_drowned|wh2_dlc11_cst_the_drowned_separatists|wh2_dlc11_cst_vampire_coast|wh2_dlc11_cst_vampire_coast_encounters|wh2_dlc11_cst_vampire_coast_qb1|wh2_dlc11_cst_vampire_coast_qb2|wh2_dlc11_cst_vampire_coast_qb3|wh2_dlc11_cst_vampire_coast_qb4|wh2_dlc11_cst_vampire_coast_rebellion_rebels|wh2_dlc11_cst_vampire_coast_rebels|wh2_dlc11_cst_vampire_coast_separatists|wh3_dlc21_cst_dead_flag_fleet|wh3_dlc24_cst_vampire_coast_bloated_rebels|wh3_dlc26_cst_vampire_coast_qb1|wh3_dlc26_cst_vampire_coast_qb2|wh3_main_cst_dread_rock_privateers,false,false,true,true,true,true,wh2_dlc11_lore_deep,cst_vampire_fleet_admiral_female,wh2_dlc11_skill_node_set_cst_admiral_fem_deep,,1,general,false,false,,,,wh2_dlc11_skill_node_cst_admiral_fem_magic_deep_02,wh2_dlc11_skill_all_magic_deep_02_tidecall_lord,Tidecall,The tidal currents shall slow the foe's advance.,wh2_dlc11_spell_deep_tidecall.png,2,3,0,0,true,0,2,2,Tidecall,The tidal currents shall slow the foe's advance.,,,,,,wh2_dlc11_effect_ability_cooldown_tidecall,"Cooldown: %+n% to ""Tidecall""",,character_to_character_own,-50,both,293,false,magic_cooldown.png,magic_cooldown.png,,,,,,,,,,,,,,,,,,,,,,,character_skill_level_to_effects_junctions_tables,wh2_dlc11_skill_all_magic_deep_02_tidecall_lord|wh2_dlc11_effect_ability_cooldown_tidecall|2|character_to_character_own
effect,warhammer_3,8.1.1,24237342,Vampire Coast,vampire_coast,wh2_dlc11_sc_cst_vampire_coast,Vampire Fleet Admiral (Deep),Vampire_Fleet_Admiral_Deep__admiral_fem_deep,lord,wh2_dlc11_cst_admiral_fem_deep,general,general,wh2_dlc11_cst_noctilus|wh2_dlc11_cst_noctilus_separatists|wh2_dlc11_cst_pirates_of_sartosa|wh2_dlc11_cst_pirates_of_sartosa_separatists|wh2_dlc11_cst_the_drowned|wh2_dlc11_cst_the_drowned_separatists|wh2_dlc11_cst_vampire_coast|wh2_dlc11_cst_vampire_coast_encounters|wh2_dlc11_cst_vampire_coast_qb1|wh2_dlc11_cst_vampire_coast_qb2|wh2_dlc11_cst_vampire_coast_qb3|wh2_dlc11_cst_vampire_coast_qb4|wh2_dlc11_cst_vampire_coast_rebellion_rebels|wh2_dlc11_cst_vampire_coast_rebels|wh2_dlc11_cst_vampire_coast_separatists|wh3_dlc21_cst_dead_flag_fleet|wh3_dlc24_cst_vampire_coast_bloated_rebels|wh3_dlc26_cst_vampire_coast_qb1|wh3_dlc26_cst_vampire_coast_qb2|wh3_main_cst_dread_rock_privateers,false,false,true,true,true,true,wh2_dlc11_lore_deep,cst_vampire_fleet_admiral_female,wh2_dlc11_skill_node_set_cst_admiral_fem_deep,,1,general,false,false,,,,wh2_dlc11_skill_node_cst_admiral_fem_magic_deep_02,wh2_dlc11_skill_all_magic_deep_02_tidecall_lord,Tidecall,The tidal currents shall slow the foe's advance.,wh2_dlc11_spell_deep_tidecall.png,2,3,0,0,true,0,2,2,Tidecall,The tidal currents shall slow the foe's advance.,,,,,,wh2_dlc11_effect_ability_miscast_tidecall,"Miscast base chance: %+n% for ""Tidecall Upgraded""",,character_to_character_own,-15,both,298,false,magic.png,magic.png,,,,,,,,,,,,,,,,,,,,,,,character_skill_level_to_effects_junctions_tables,wh2_dlc11_skill_all_magic_deep_02_tidecall_lord|wh2_dlc11_effect_ability_miscast_tidecall|2|character_to_character_own
effect,warhammer_3,8.1.1,24237342,Vampire Coast,vampire_coast,wh2_dlc11_sc_cst_vampire_coast,Vampire Fleet Admiral (Deep),Vampire_Fleet_Admiral_Deep__admiral_fem_deep,lord,wh2_dlc11_cst_admiral_fem_deep,general,general,wh2_dlc11_cst_noctilus|wh2_dlc11_cst_noctilus_separatists|wh2_dlc11_cst_pirates_of_sartosa|wh2_dlc11_cst_pirates_of_sartosa_separatists|wh2_dlc11_cst_the_drowned|wh2_dlc11_cst_the_drowned_separatists|wh2_dlc11_cst_vampire_coast|wh2_dlc11_cst_vampire_coast_encounters|wh2_dlc11_cst_vampire_coast_qb1|wh2_dlc11_cst_vampire_coast_qb2|wh2_dlc11_cst_vampire_coast_qb3|wh2_dlc11_cst_vampire_coast_qb4|wh2_dlc11_cst_vampire_coast_rebellion_rebels|wh2_dlc11_cst_vampire_coast_rebels|wh2_dlc11_cst_vampire_coast_separatists|wh3_dlc21_cst_dead_flag_fleet|wh3_dlc24_cst_vampire_coast_bloated_rebels|wh3_dlc26_cst_vampire_coast_qb1|wh3_dlc26_cst_vampire_coast_qb2|wh3_main_cst_dread_rock_privateers,false,false,true,true,true,true,wh2_dlc11_lore_deep,cst_vampire_fleet_admiral_female,wh2_dlc11_skill_node_set_cst_admiral_fem_deep,,1,general,false,false,,,,wh2_dlc11_skill_node_cst_admiral_fem_magic_deep_02,wh2_dlc11_skill_all_magic_deep_02_tidecall_lord,Tidecall,The tidal currents shall slow the foe's advance.,wh2_dlc11_spell_deep_tidecall.png,2,3,0,0,true,0,2,2,Tidecall,The tidal currents shall slow the foe's advance.,,,,,,wh2_dlc11_effect_ability_overcast_tidecall,"Overcast spell: ""Tidecall Upgraded""",,character_to_character_own,1,both,292,true,magic_character.png,magic_character.png,,,,,,,,,,,,,,,,,,,,,,,character_skill_level_to_effects_junctions_tables,wh2_dlc11_skill_all_magic_deep_02_tidecall_lord|wh2_dlc11_effect_ability_overcast_tidecall|2|character_to_character_own
effect,warhammer_3,8.1.1,24237342,Vampire Coast,vampire_coast,wh2_dlc11_sc_cst_vampire_coast,Vampire Fleet Admiral (Deep),Vampire_Fleet_Admiral_Deep__admiral_fem_deep,lord,wh2_dlc11_cst_admiral_fem_deep,general,general,wh2_dlc11_cst_noctilus|wh2_dlc11_cst_noctilus_separatists|wh2_dlc11_cst_pirates_of_sartosa|wh2_dlc11_cst_pirates_of_sartosa_separatists|wh2_dlc11_cst_the_drowned|wh2_dlc11_cst_the_drowned_separatists|wh2_dlc11_cst_vampire_coast|wh2_dlc11_cst_vampire_coast_encounters|wh2_dlc11_cst_vampire_coast_qb1|wh2_dlc11_cst_vampire_coast_qb2|wh2_dlc11_cst_vampire_coast_qb3|wh2_dlc11_cst_vampire_coast_qb4|wh2_dlc11_cst_vampire_coast_rebellion_rebels|wh2_dlc11_cst_vampire_coast_rebels|wh2_dlc11_cst_vampire_coast_separatists|wh3_dlc21_cst_dead_flag_fleet|wh3_dlc24_cst_vampire_coast_bloated_rebels|wh3_dlc26_cst_vampire_coast_qb1|wh3_dlc26_cst_vampire_coast_qb2|wh3_main_cst_dread_rock_privateers,false,false,true,true,true,true,wh2_dlc11_lore_deep,cst_vampire_fleet_admiral_female,wh2_dlc11_skill_node_set_cst_admiral_fem_deep,,1,general,false,false,,,,wh2_dlc11_skill_node_cst_admiral_fem_magic_deep_02,wh2_dlc11_skill_all_magic_deep_02_tidecall_lord,Tidecall,The tidal currents shall slow the foe's advance.,wh2_dlc11_spell_deep_tidecall.png,2,3,0,0,true,0,2,2,Tidecall,The tidal currents shall slow the foe's advance.,,,,,,wh2_dlc11_effect_ability_wom_cost_tidecall,"Winds of Magic cost: %n for ""Tidecall""",,character_to_character_own,-1,both,294,false,magic_character.png,magic_character.png,,,,,,,,,,,,,,,,,,,,,,,character_skill_level_to_effects_junctions_tables,wh2_dlc11_skill_all_magic_deep_02_tidecall_lord|wh2_dlc11_effect_ability_wom_cost_tidecall|2|character_to_character_own
effect,warhammer_3,8.1.1,24237342,Vampire Coast,vampire_coast,wh2_dlc11_sc_cst_vampire_coast,Vampire Fleet Admiral (Deep),Vampire_Fleet_Admiral_Deep__admiral_fem_deep,lord,wh2_dlc11_cst_admiral_fem_deep,general,general,wh2_dlc11_cst_noctilus|wh2_dlc11_cst_noctilus_separatists|wh2_dlc11_cst_pirates_of_sartosa|wh2_dlc11_cst_pirates_of_sartosa_separatists|wh2_dlc11_cst_the_drowned|wh2_dlc11_cst_the_drowned_separatists|wh2_dlc11_cst_vampire_coast|wh2_dlc11_cst_vampire_coast_encounters|wh2_dlc11_cst_vampire_coast_qb1|wh2_dlc11_cst_vampire_coast_qb2|wh2_dlc11_cst_vampire_coast_qb3|wh2_dlc11_cst_vampire_coast_qb4|wh2_dlc11_cst_vampire_coast_rebellion_rebels|wh2_dlc11_cst_vampire_coast_rebels|wh2_dlc11_cst_vampire_coast_separatists|wh3_dlc21_cst_dead_flag_fleet|wh3_dlc24_cst_vampire_coast_bloated_rebels|wh3_dlc26_cst_vampire_coast_qb1|wh3_dlc26_cst_vampire_coast_qb2|wh3_main_cst_dread_rock_privateers,false,false,true,true,true,true,wh2_dlc11_lore_deep,cst_vampire_fleet_admiral_female,wh2_dlc11_skill_node_set_cst_admiral_fem_deep,,1,general,false,false,,,,wh2_dlc11_skill_node_cst_admiral_fem_magic_deep_02,wh2_dlc11_skill_all_magic_deep_02_tidecall_lord,Tidecall,The tidal currents shall slow the foe's advance.,wh2_dlc11_spell_deep_tidecall.png,2,3,0,0,true,0,2,2,Tidecall,The tidal currents shall slow the foe's advance.,,,,,,wh2_dlc11_effect_ability_wom_cost_tidecall_upgrade,"Winds of Magic cost: %n for ""Tidecall Upgraded""",,character_to_character_own,-2,both,295,false,magic_character.png,magic_character.png,,,,,,,,,,,,,,,,,,,,,,,character_skill_level_to_effects_junctions_tables,wh2_dlc11_skill_all_magic_deep_02_tidecall_lord|wh2_dlc11_effect_ability_wom_cost_tidecall_upgrade|2|character_to_character_own
node,warhammer_3,8.1.1,24237342,Vampire Coast,vampire_coast,wh2_dlc11_sc_cst_vampire_coast,Vampire Fleet Admiral (Deep),Vampire_Fleet_Admiral_Deep__admiral_fem_deep,lord,wh2_dlc11_cst_admiral_fem_deep,general,general,wh2_dlc11_cst_noctilus|wh2_dlc11_cst_noctilus_separatists|wh2_dlc11_cst_pirates_of_sartosa|wh2_dlc11_cst_pirates_of_sartosa_separatists|wh2_dlc11_cst_the_drowned|wh2_dlc11_cst_the_drowned_separatists|wh2_dlc11_cst_vampire_coast|wh2_dlc11_cst_vampire_coast_encounters|wh2_dlc11_cst_vampire_coast_qb1|wh2_dlc11_cst_vampire_coast_qb2|wh2_dlc11_cst_vampire_coast_qb3|wh2_dlc11_cst_vampire_coast_qb4|wh2_dlc11_cst_vampire_coast_rebellion_rebels|wh2_dlc11_cst_vampire_coast_rebels|wh2_dlc11_cst_vampire_coast_separatists|wh3_dlc21_cst_dead_flag_fleet|wh3_dlc24_cst_vampire_coast_bloated_rebels|wh3_dlc26_cst_vampire_coast_qb1|wh3_dlc26_cst_vampire_coast_qb2|wh3_main_cst_dread_rock_privateers,false,false,true,true,true,true,wh2_dlc11_lore_deep,cst_vampire_fleet_admiral_female,wh2_dlc11_skill_node_set_cst_admiral_fem_deep,,1,general,false,false,,,,wh2_dlc11_skill_cst_admiral_fem_deep_army_02,wh2_dlc11_skill_cst_army_2,Reanimated Marksman,"Death hasn't got in the way of this one's sure-shotted aim; in fact, if anything, he's got better.",battle_ranged_damage.png,2,4,0,0,true,0,3,,,,,,,,,,,,,,,,,,,,,,,,,,,,,,,,,,,,,,,,,character_skill_nodes_tables,wh2_dlc11_skill_cst_admiral_fem_deep_army_02
effect,warhammer_3,8.1.1,24237342,Vampire Coast,vampire_coast,wh2_dlc11_sc_cst_vampire_coast,Vampire Fleet Admiral (Deep),Vampire_Fleet_Admiral_Deep__admiral_fem_deep,lord,wh2_dlc11_cst_admiral_fem_deep,general,general,wh2_dlc11_cst_noctilus|wh2_dlc11_cst_noctilus_separatists|wh2_dlc11_cst_pirates_of_sartosa|wh2_dlc11_cst_pirates_of_sartosa_separatists|wh2_dlc11_cst_the_drowned|wh2_dlc11_cst_the_drowned_separatists|wh2_dlc11_cst_vampire_coast|wh2_dlc11_cst_vampire_coast_encounters|wh2_dlc11_cst_vampire_coast_qb1|wh2_dlc11_cst_vampire_coast_qb2|wh2_dlc11_cst_vampire_coast_qb3|wh2_dlc11_cst_vampire_coast_qb4|wh2_dlc11_cst_vampire_coast_rebellion_rebels|wh2_dlc11_cst_vampire_coast_rebels|wh2_dlc11_cst_vampire_coast_separatists|wh3_dlc21_cst_dead_flag_fleet|wh3_dlc24_cst_vampire_coast_bloated_rebels|wh3_dlc26_cst_vampire_coast_qb1|wh3_dlc26_cst_vampire_coast_qb2|wh3_main_cst_dread_rock_privateers,false,false,true,true,true,true,wh2_dlc11_lore_deep,cst_vampire_fleet_admiral_female,wh2_dlc11_skill_node_set_cst_admiral_fem_deep,,1,general,false,false,,,,wh2_dlc11_skill_cst_admiral_fem_deep_army_02,wh2_dlc11_skill_cst_army_2,Reanimated Marksman,"Death hasn't got in the way of this one's sure-shotted aim; in fact, if anything, he's got better.",battle_ranged_damage.png,2,4,0,0,true,0,3,1,Reanimated Marksman,"Death hasn't got in the way of this one's sure-shotted aim; in fact, if anything, he's got better.",,,,,,wh2_dlc11_effect_force_stat_ammunition_gunnery_mobs_deck_gunner,"Ammunition: %+n% for Zombie Pirate Gunnery Mob, Rotting Prometheans Gunnery Mob and Deck Gunners units",,general_to_force_own,8,battle,511,true,ammo.png,ammo.png,,,,,,,,,,,,,,,,,,,,,,,character_skill_level_to_effects_junctions_tables,wh2_dlc11_skill_cst_army_2|wh2_dlc11_effect_force_stat_ammunition_gunnery_mobs_deck_gunner|1|general_to_force_own
effect,warhammer_3,8.1.1,24237342,Vampire Coast,vampire_coast,wh2_dlc11_sc_cst_vampire_coast,Vampire Fleet Admiral (Deep),Vampire_Fleet_Admiral_Deep__admiral_fem_deep,lord,wh2_dlc11_cst_admiral_fem_deep,general,general,wh2_dlc11_cst_noctilus|wh2_dlc11_cst_noctilus_separatists|wh2_dlc11_cst_pirates_of_sartosa|wh2_dlc11_cst_pirates_of_sartosa_separatists|wh2_dlc11_cst_the_drowned|wh2_dlc11_cst_the_drowned_separatists|wh2_dlc11_cst_vampire_coast|wh2_dlc11_cst_vampire_coast_encounters|wh2_dlc11_cst_vampire_coast_qb1|wh2_dlc11_cst_vampire_coast_qb2|wh2_dlc11_cst_vampire_coast_qb3|wh2_dlc11_cst_vampire_coast_qb4|wh2_dlc11_cst_vampire_coast_rebellion_rebels|wh2_dlc11_cst_vampire_coast_rebels|wh2_dlc11_cst_vampire_coast_separatists|wh3_dlc21_cst_dead_flag_fleet|wh3_dlc24_cst_vampire_coast_bloated_rebels|wh3_dlc26_cst_vampire_coast_qb1|wh3_dlc26_cst_vampire_coast_qb2|wh3_main_cst_dread_rock_privateers,false,false,true,true,true,true,wh2_dlc11_lore_deep,cst_vampire_fleet_admiral_female,wh2_dlc11_skill_node_set_cst_admiral_fem_deep,,1,general,false,false,,,,wh2_dlc11_skill_cst_admiral_fem_deep_army_02,wh2_dlc11_skill_cst_army_2,Reanimated Marksman,"Death hasn't got in the way of this one's sure-shotted aim; in fact, if anything, he's got better.",battle_ranged_damage.png,2,4,0,0,true,0,3,2,Reanimated Marksman,"Death hasn't got in the way of this one's sure-shotted aim; in fact, if anything, he's got better.",,,,,,wh2_dlc11_effect_force_stat_ammunition_gunnery_mobs_deck_gunner,"Ammunition: %+n% for Zombie Pirate Gunnery Mob, Rotting Prometheans Gunnery Mob and Deck Gunners units",,general_to_force_own,12,battle,511,true,ammo.png,ammo.png,,,,,,,,,,,,,,,,,,,,,,,character_skill_level_to_effects_junctions_tables,wh2_dlc11_skill_cst_army_2|wh2_dlc11_effect_force_stat_ammunition_gunnery_mobs_deck_gunner|2|general_to_force_own
effect,warhammer_3,8.1.1,24237342,Vampire Coast,vampire_coast,wh2_dlc11_sc_cst_vampire_coast,Vampire Fleet Admiral (Deep),Vampire_Fleet_Admiral_Deep__admiral_fem_deep,lord,wh2_dlc11_cst_admiral_fem_deep,general,general,wh2_dlc11_cst_noctilus|wh2_dlc11_cst_noctilus_separatists|wh2_dlc11_cst_pirates_of_sartosa|wh2_dlc11_cst_pirates_of_sartosa_separatists|wh2_dlc11_cst_the_drowned|wh2_dlc11_cst_the_drowned_separatists|wh2_dlc11_cst_vampire_coast|wh2_dlc11_cst_vampire_coast_encounters|wh2_dlc11_cst_vampire_coast_qb1|wh2_dlc11_cst_vampire_coast_qb2|wh2_dlc11_cst_vampire_coast_qb3|wh2_dlc11_cst_vampire_coast_qb4|wh2_dlc11_cst_vampire_coast_rebellion_rebels|wh2_dlc11_cst_vampire_coast_rebels|wh2_dlc11_cst_vampire_coast_separatists|wh3_dlc21_cst_dead_flag_fleet|wh3_dlc24_cst_vampire_coast_bloated_rebels|wh3_dlc26_cst_vampire_coast_qb1|wh3_dlc26_cst_vampire_coast_qb2|wh3_main_cst_dread_rock_privateers,false,false,true,true,true,true,wh2_dlc11_lore_deep,cst_vampire_fleet_admiral_female,wh2_dlc11_skill_node_set_cst_admiral_fem_deep,,1,general,false,false,,,,wh2_dlc11_skill_cst_admiral_fem_deep_army_02,wh2_dlc11_skill_cst_army_2,Reanimated Marksman,"Death hasn't got in the way of this one's sure-shotted aim; in fact, if anything, he's got better.",battle_ranged_damage.png,2,4,0,0,true,0,3,2,Reanimated Marksman,"Death hasn't got in the way of this one's sure-shotted aim; in fact, if anything, he's got better.",,,,,,wh2_dlc11_effect_force_stat_missile_damage_gunnery_mobs_deck_gunners,"Missile strength: %+n% for Zombie Pirate Gunnery Mob, Rotting Prometheans Gunnery Mob and Deck Gunners units",,general_to_force_own,6,battle,541,true,ranged_damage.png,ranged_damage.png,,,,,,,,,,,,,,,,,,,,,,,character_skill_level_to_effects_junctions_tables,wh2_dlc11_skill_cst_army_2|wh2_dlc11_effect_force_stat_missile_damage_gunnery_mobs_deck_gunners|2|general_to_force_own
effect,warhammer_3,8.1.1,24237342,Vampire Coast,vampire_coast,wh2_dlc11_sc_cst_vampire_coast,Vampire Fleet Admiral (Deep),Vampire_Fleet_Admiral_Deep__admiral_fem_deep,lord,wh2_dlc11_cst_admiral_fem_deep,general,general,wh2_dlc11_cst_noctilus|wh2_dlc11_cst_noctilus_separatists|wh2_dlc11_cst_pirates_of_sartosa|wh2_dlc11_cst_pirates_of_sartosa_separatists|wh2_dlc11_cst_the_drowned|wh2_dlc11_cst_the_drowned_separatists|wh2_dlc11_cst_vampire_coast|wh2_dlc11_cst_vampire_coast_encounters|wh2_dlc11_cst_vampire_coast_qb1|wh2_dlc11_cst_vampire_coast_qb2|wh2_dlc11_cst_vampire_coast_qb3|wh2_dlc11_cst_vampire_coast_qb4|wh2_dlc11_cst_vampire_coast_rebellion_rebels|wh2_dlc11_cst_vampire_coast_rebels|wh2_dlc11_cst_vampire_coast_separatists|wh3_dlc21_cst_dead_flag_fleet|wh3_dlc24_cst_vampire_coast_bloated_rebels|wh3_dlc26_cst_vampire_coast_qb1|wh3_dlc26_cst_vampire_coast_qb2|wh3_main_cst_dread_rock_privateers,false,false,true,true,true,true,wh2_dlc11_lore_deep,cst_vampire_fleet_admiral_female,wh2_dlc11_skill_node_set_cst_admiral_fem_deep,,1,general,false,false,,,,wh2_dlc11_skill_cst_admiral_fem_deep_army_02,wh2_dlc11_skill_cst_army_2,Reanimated Marksman,"Death hasn't got in the way of this one's sure-shotted aim; in fact, if anything, he's got better.",battle_ranged_damage.png,2,4,0,0,true,0,3,3,Reanimated Marksman,"Death hasn't got in the way of this one's sure-shotted aim; in fact, if anything, he's got better.",,,,,,wh2_dlc11_effect_force_stat_ammunition_gunnery_mobs_deck_gunner,"Ammunition: %+n% for Zombie Pirate Gunnery Mob, Rotting Prometheans Gunnery Mob and Deck Gunners units",,general_to_force_own,18,battle,511,true,ammo.png,ammo.png,,,,,,,,,,,,,,,,,,,,,,,character_skill_level_to_effects_junctions_tables,wh2_dlc11_skill_cst_army_2|wh2_dlc11_effect_force_stat_ammunition_gunnery_mobs_deck_gunner|3|general_to_force_own
effect,warhammer_3,8.1.1,24237342,Vampire Coast,vampire_coast,wh2_dlc11_sc_cst_vampire_coast,Vampire Fleet Admiral (Deep),Vampire_Fleet_Admiral_Deep__admiral_fem_deep,lord,wh2_dlc11_cst_admiral_fem_deep,general,general,wh2_dlc11_cst_noctilus|wh2_dlc11_cst_noctilus_separatists|wh2_dlc11_cst_pirates_of_sartosa|wh2_dlc11_cst_pirates_of_sartosa_separatists|wh2_dlc11_cst_the_drowned|wh2_dlc11_cst_the_drowned_separatists|wh2_dlc11_cst_vampire_coast|wh2_dlc11_cst_vampire_coast_encounters|wh2_dlc11_cst_vampire_coast_qb1|wh2_dlc11_cst_vampire_coast_qb2|wh2_dlc11_cst_vampire_coast_qb3|wh2_dlc11_cst_vampire_coast_qb4|wh2_dlc11_cst_vampire_coast_rebellion_rebels|wh2_dlc11_cst_vampire_coast_rebels|wh2_dlc11_cst_vampire_coast_separatists|wh3_dlc21_cst_dead_flag_fleet|wh3_dlc24_cst_vampire_coast_bloated_rebels|wh3_dlc26_cst_vampire_coast_qb1|wh3_dlc26_cst_vampire_coast_qb2|wh3_main_cst_dread_rock_privateers,false,false,true,true,true,true,wh2_dlc11_lore_deep,cst_vampire_fleet_admiral_female,wh2_dlc11_skill_node_set_cst_admiral_fem_deep,,1,general,false,false,,,,wh2_dlc11_skill_cst_admiral_fem_deep_army_02,wh2_dlc11_skill_cst_army_2,Reanimated Marksman,"Death hasn't got in the way of this one's sure-shotted aim; in fact, if anything, he's got better.",battle_ranged_damage.png,2,4,0,0,true,0,3,3,Reanimated Marksman,"Death hasn't got in the way of this one's sure-shotted aim; in fact, if anything, he's got better.",,,,,,wh2_dlc11_effect_force_stat_missile_damage_gunnery_mobs_deck_gunners,"Missile strength: %+n% for Zombie Pirate Gunnery Mob, Rotting Prometheans Gunnery Mob and Deck Gunners units",,general_to_force_own,8,battle,541,true,ranged_damage.png,ranged_damage.png,,,,,,,,,,,,,,,,,,,,,,,character_skill_level_to_effects_junctions_tables,wh2_dlc11_skill_cst_army_2|wh2_dlc11_effect_force_stat_missile_damage_gunnery_mobs_deck_gunners|3|general_to_force_own
node,warhammer_3,8.1.1,24237342,Vampire Coast,vampire_coast,wh2_dlc11_sc_cst_vampire_coast,Vampire Fleet Admiral (Deep),Vampire_Fleet_Admiral_Deep__admiral_fem_deep,lord,wh2_dlc11_cst_admiral_fem_deep,general,general,wh2_dlc11_cst_noctilus|wh2_dlc11_cst_noctilus_separatists|wh2_dlc11_cst_pirates_of_sartosa|wh2_dlc11_cst_pirates_of_sartosa_separatists|wh2_dlc11_cst_the_drowned|wh2_dlc11_cst_the_drowned_separatists|wh2_dlc11_cst_vampire_coast|wh2_dlc11_cst_vampire_coast_encounters|wh2_dlc11_cst_vampire_coast_qb1|wh2_dlc11_cst_vampire_coast_qb2|wh2_dlc11_cst_vampire_coast_qb3|wh2_dlc11_cst_vampire_coast_qb4|wh2_dlc11_cst_vampire_coast_rebellion_rebels|wh2_dlc11_cst_vampire_coast_rebels|wh2_dlc11_cst_vampire_coast_separatists|wh3_dlc21_cst_dead_flag_fleet|wh3_dlc24_cst_vampire_coast_bloated_rebels|wh3_dlc26_cst_vampire_coast_qb1|wh3_dlc26_cst_vampire_coast_qb2|wh3_main_cst_dread_rock_privateers,false,false,true,true,true,true,wh2_dlc11_lore_deep,cst_vampire_fleet_admiral_female,wh2_dlc11_skill_node_set_cst_admiral_fem_deep,,1,general,false,false,,,,wh2_dlc11_skill_cst_admiral_fem_deep_campaign_02,wh2_dlc11_skill_cst_campaign_2,Ghost Fleet,"Cursed to haunt the waves forever, never finding rest or solace.",campaign_replenishment.png,2,5,0,0,true,0,3,,,,,,,,,,,,,,,,,,,,,,,,,,,,,,,,,,,,,,,,,character_skill_nodes_tables,wh2_dlc11_skill_cst_admiral_fem_deep_campaign_02
effect,warhammer_3,8.1.1,24237342,Vampire Coast,vampire_coast,wh2_dlc11_sc_cst_vampire_coast,Vampire Fleet Admiral (Deep),Vampire_Fleet_Admiral_Deep__admiral_fem_deep,lord,wh2_dlc11_cst_admiral_fem_deep,general,general,wh2_dlc11_cst_noctilus|wh2_dlc11_cst_noctilus_separatists|wh2_dlc11_cst_pirates_of_sartosa|wh2_dlc11_cst_pirates_of_sartosa_separatists|wh2_dlc11_cst_the_drowned|wh2_dlc11_cst_the_drowned_separatists|wh2_dlc11_cst_vampire_coast|wh2_dlc11_cst_vampire_coast_encounters|wh2_dlc11_cst_vampire_coast_qb1|wh2_dlc11_cst_vampire_coast_qb2|wh2_dlc11_cst_vampire_coast_qb3|wh2_dlc11_cst_vampire_coast_qb4|wh2_dlc11_cst_vampire_coast_rebellion_rebels|wh2_dlc11_cst_vampire_coast_rebels|wh2_dlc11_cst_vampire_coast_separatists|wh3_dlc21_cst_dead_flag_fleet|wh3_dlc24_cst_vampire_coast_bloated_rebels|wh3_dlc26_cst_vampire_coast_qb1|wh3_dlc26_cst_vampire_coast_qb2|wh3_main_cst_dread_rock_privateers,false,false,true,true,true,true,wh2_dlc11_lore_deep,cst_vampire_fleet_admiral_female,wh2_dlc11_skill_node_set_cst_admiral_fem_deep,,1,general,false,false,,,,wh2_dlc11_skill_cst_admiral_fem_deep_campaign_02,wh2_dlc11_skill_cst_campaign_2,Ghost Fleet,"Cursed to haunt the waves forever, never finding rest or solace.",campaign_replenishment.png,2,5,0,0,true,0,3,1,Ghost Fleet,"Cursed to haunt the waves forever, never finding rest or solace.",,,,,,wh_main_effect_force_all_campaign_replenishment_rate,Casualty replenishment rate: %+n%,{{tr:replenishment_additional_tooltip}},general_to_force_own,2,campaign,101,true,replenishment.png,replenishment.png,,,,,,,,,,,,,,,,,,,,,,,character_skill_level_to_effects_junctions_tables,wh2_dlc11_skill_cst_campaign_2|wh_main_effect_force_all_campaign_replenishment_rate|1|general_to_force_own
effect,warhammer_3,8.1.1,24237342,Vampire Coast,vampire_coast,wh2_dlc11_sc_cst_vampire_coast,Vampire Fleet Admiral (Deep),Vampire_Fleet_Admiral_Deep__admiral_fem_deep,lord,wh2_dlc11_cst_admiral_fem_deep,general,general,wh2_dlc11_cst_noctilus|wh2_dlc11_cst_noctilus_separatists|wh2_dlc11_cst_pirates_of_sartosa|wh2_dlc11_cst_pirates_of_sartosa_separatists|wh2_dlc11_cst_the_drowned|wh2_dlc11_cst_the_drowned_separatists|wh2_dlc11_cst_vampire_coast|wh2_dlc11_cst_vampire_coast_encounters|wh2_dlc11_cst_vampire_coast_qb1|wh2_dlc11_cst_vampire_coast_qb2|wh2_dlc11_cst_vampire_coast_qb3|wh2_dlc11_cst_vampire_coast_qb4|wh2_dlc11_cst_vampire_coast_rebellion_rebels|wh2_dlc11_cst_vampire_coast_rebels|wh2_dlc11_cst_vampire_coast_separatists|wh3_dlc21_cst_dead_flag_fleet|wh3_dlc24_cst_vampire_coast_bloated_rebels|wh3_dlc26_cst_vampire_coast_qb1|wh3_dlc26_cst_vampire_coast_qb2|wh3_main_cst_dread_rock_privateers,false,false,true,true,true,true,wh2_dlc11_lore_deep,cst_vampire_fleet_admiral_female,wh2_dlc11_skill_node_set_cst_admiral_fem_deep,,1,general,false,false,,,,wh2_dlc11_skill_cst_admiral_fem_deep_campaign_02,wh2_dlc11_skill_cst_campaign_2,Ghost Fleet,"Cursed to haunt the waves forever, never finding rest or solace.",campaign_replenishment.png,2,5,0,0,true,0,3,2,Ghost Fleet,"Cursed to haunt the waves forever, never finding rest or solace.",,,,,,wh_main_effect_force_all_campaign_replenishment_rate,Casualty replenishment rate: %+n%,{{tr:replenishment_additional_tooltip}},general_to_force_own,4,campaign,101,true,replenishment.png,replenishment.png,,,,,,,,,,,,,,,,,,,,,,,character_skill_level_to_effects_junctions_tables,wh2_dlc11_skill_cst_campaign_2|wh_main_effect_force_all_campaign_replenishment_rate|2|general_to_force_own
effect,warhammer_3,8.1.1,24237342,Vampire Coast,vampire_coast,wh2_dlc11_sc_cst_vampire_coast,Vampire Fleet Admiral (Deep),Vampire_Fleet_Admiral_Deep__admiral_fem_deep,lord,wh2_dlc11_cst_admiral_fem_deep,general,general,wh2_dlc11_cst_noctilus|wh2_dlc11_cst_noctilus_separatists|wh2_dlc11_cst_pirates_of_sartosa|wh2_dlc11_cst_pirates_of_sartosa_separatists|wh2_dlc11_cst_the_drowned|wh2_dlc11_cst_the_drowned_separatists|wh2_dlc11_cst_vampire_coast|wh2_dlc11_cst_vampire_coast_encounters|wh2_dlc11_cst_vampire_coast_qb1|wh2_dlc11_cst_vampire_coast_qb2|wh2_dlc11_cst_vampire_coast_qb3|wh2_dlc11_cst_vampire_coast_qb4|wh2_dlc11_cst_vampire_coast_rebellion_rebels|wh2_dlc11_cst_vampire_coast_rebels|wh2_dlc11_cst_vampire_coast_separatists|wh3_dlc21_cst_dead_flag_fleet|wh3_dlc24_cst_vampire_coast_bloated_rebels|wh3_dlc26_cst_vampire_coast_qb1|wh3_dlc26_cst_vampire_coast_qb2|wh3_main_cst_dread_rock_privateers,false,false,true,true,true,true,wh2_dlc11_lore_deep,cst_vampire_fleet_admiral_female,wh2_dlc11_skill_node_set_cst_admiral_fem_deep,,1,general,false,false,,,,wh2_dlc11_skill_cst_admiral_fem_deep_campaign_02,wh2_dlc11_skill_cst_campaign_2,Ghost Fleet,"Cursed to haunt the waves forever, never finding rest or solace.",campaign_replenishment.png,2,5,0,0,true,0,3,3,Ghost Fleet,"Cursed to haunt the waves forever, never finding rest or solace.",,,,,,wh_main_effect_force_all_campaign_replenishment_rate,Casualty replenishment rate: %+n%,{{tr:replenishment_additional_tooltip}},general_to_force_own,6,campaign,101,true,replenishment.png,replenishment.png,,,,,,,,,,,,,,,,,,,,,,,character_skill_level_to_effects_junctions_tables,wh2_dlc11_skill_cst_campaign_2|wh_main_effect_force_all_campaign_replenishment_rate|3|general_to_force_own
node,warhammer_3,8.1.1,24237342,Vampire Coast,vampire_coast,wh2_dlc11_sc_cst_vampire_coast,Vampire Fleet Admiral (Deep),Vampire_Fleet_Admiral_Deep__admiral_fem_deep,lord,wh2_dlc11_cst_admiral_fem_deep,general,general,wh2_dlc11_cst_noctilus|wh2_dlc11_cst_noctilus_separatists|wh2_dlc11_cst_pirates_of_sartosa|wh2_dlc11_cst_pirates_of_sartosa_separatists|wh2_dlc11_cst_the_drowned|wh2_dlc11_cst_the_drowned_separatists|wh2_dlc11_cst_vampire_coast|wh2_dlc11_cst_vampire_coast_encounters|wh2_dlc11_cst_vampire_coast_qb1|wh2_dlc11_cst_vampire_coast_qb2|wh2_dlc11_cst_vampire_coast_qb3|wh2_dlc11_cst_vampire_coast_qb4|wh2_dlc11_cst_vampire_coast_rebellion_rebels|wh2_dlc11_cst_vampire_coast_rebels|wh2_dlc11_cst_vampire_coast_separatists|wh3_dlc21_cst_dead_flag_fleet|wh3_dlc24_cst_vampire_coast_bloated_rebels|wh3_dlc26_cst_vampire_coast_qb1|wh3_dlc26_cst_vampire_coast_qb2|wh3_main_cst_dread_rock_privateers,false,false,true,true,true,true,wh2_dlc11_lore_deep,cst_vampire_fleet_admiral_female,wh2_dlc11_skill_node_set_cst_admiral_fem_deep,,1,general,false,false,,,,wh2_dlc11_skill_node_cst_admiral_fem_deep_innate_02,wh2_dlc11_skill_innate_cst_murderer,Murderer,"Killing is at the forefront of this one's mind. Hopefully, they also know how to run a ship.",trait_physical.png,2,6,0,0,false,0,1,,,,,,,,,,,,,,,,,,,,,,,,,,,,,,,,,,,,,,,,,character_skill_nodes_tables,wh2_dlc11_skill_node_cst_admiral_fem_deep_innate_02
effect,warhammer_3,8.1.1,24237342,Vampire Coast,vampire_coast,wh2_dlc11_sc_cst_vampire_coast,Vampire Fleet Admiral (Deep),Vampire_Fleet_Admiral_Deep__admiral_fem_deep,lord,wh2_dlc11_cst_admiral_fem_deep,general,general,wh2_dlc11_cst_noctilus|wh2_dlc11_cst_noctilus_separatists|wh2_dlc11_cst_pirates_of_sartosa|wh2_dlc11_cst_pirates_of_sartosa_separatists|wh2_dlc11_cst_the_drowned|wh2_dlc11_cst_the_drowned_separatists|wh2_dlc11_cst_vampire_coast|wh2_dlc11_cst_vampire_coast_encounters|wh2_dlc11_cst_vampire_coast_qb1|wh2_dlc11_cst_vampire_coast_qb2|wh2_dlc11_cst_vampire_coast_qb3|wh2_dlc11_cst_vampire_coast_qb4|wh2_dlc11_cst_vampire_coast_rebellion_rebels|wh2_dlc11_cst_vampire_coast_rebels|wh2_dlc11_cst_vampire_coast_separatists|wh3_dlc21_cst_dead_flag_fleet|wh3_dlc24_cst_vampire_coast_bloated_rebels|wh3_dlc26_cst_vampire_coast_qb1|wh3_dlc26_cst_vampire_coast_qb2|wh3_main_cst_dread_rock_privateers,false,false,true,true,true,true,wh2_dlc11_lore_deep,cst_vampire_fleet_admiral_female,wh2_dlc11_skill_node_set_cst_admiral_fem_deep,,1,general,false,false,,,,wh2_dlc11_skill_node_cst_admiral_fem_deep_innate_02,wh2_dlc11_skill_innate_cst_murderer,Murderer,"Killing is at the forefront of this one's mind. Hopefully, they also know how to run a ship.",trait_physical.png,2,6,0,0,false,0,1,1,Murderer,"Killing is at the forefront of this one's mind. Hopefully, they also know how to run a ship.",,,,,,wh_main_effect_attribute_enable_causes_terror,Attribute: Causes Terror,,character_to_character_own,1,both,320,true,attribute_causes_terror.png,attribute_causes_terror.png,,,,,,,,,,,,,,,,,,,,,,,character_skill_level_to_effects_junctions_tables,wh2_dlc11_skill_innate_cst_murderer|wh_main_effect_attribute_enable_causes_terror|1|character_to_character_own
effect,warhammer_3,8.1.1,24237342,Vampire Coast,vampire_coast,wh2_dlc11_sc_cst_vampire_coast,Vampire Fleet Admiral (Deep),Vampire_Fleet_Admiral_Deep__admiral_fem_deep,lord,wh2_dlc11_cst_admiral_fem_deep,general,general,wh2_dlc11_cst_noctilus|wh2_dlc11_cst_noctilus_separatists|wh2_dlc11_cst_pirates_of_sartosa|wh2_dlc11_cst_pirates_of_sartosa_separatists|wh2_dlc11_cst_the_drowned|wh2_dlc11_cst_the_drowned_separatists|wh2_dlc11_cst_vampire_coast|wh2_dlc11_cst_vampire_coast_encounters|wh2_dlc11_cst_vampire_coast_qb1|wh2_dlc11_cst_vampire_coast_qb2|wh2_dlc11_cst_vampire_coast_qb3|wh2_dlc11_cst_vampire_coast_qb4|wh2_dlc11_cst_vampire_coast_rebellion_rebels|wh2_dlc11_cst_vampire_coast_rebels|wh2_dlc11_cst_vampire_coast_separatists|wh3_dlc21_cst_dead_flag_fleet|wh3_dlc24_cst_vampire_coast_bloated_rebels|wh3_dlc26_cst_vampire_coast_qb1|wh3_dlc26_cst_vampire_coast_qb2|wh3_main_cst_dread_rock_privateers,false,false,true,true,true,true,wh2_dlc11_lore_deep,cst_vampire_fleet_admiral_female,wh2_dlc11_skill_node_set_cst_admiral_fem_deep,,1,general,false,false,,,,wh2_dlc11_skill_node_cst_admiral_fem_deep_innate_02,wh2_dlc11_skill_innate_cst_murderer,Murderer,"Killing is at the forefront of this one's mind. Hopefully, they also know how to run a ship.",trait_physical.png,2,6,0,0,false,0,1,1,Murderer,"Killing is at the forefront of this one's mind. Hopefully, they also know how to run a ship.",,,,,,wh_main_effect_character_stat_melee_attack,Melee attack: %+n,,character_to_character_own,10,both,130,true,melee_character.png,melee_character.png,,,,,,,,,,,,,,,,,,,,,,,character_skill_level_to_effects_junctions_tables,wh2_dlc11_skill_innate_cst_murderer|wh_main_effect_character_stat_melee_attack|1|character_to_character_own
effect,warhammer_3,8.1.1,24237342,Vampire Coast,vampire_coast,wh2_dlc11_sc_cst_vampire_coast,Vampire Fleet Admiral (Deep),Vampire_Fleet_Admiral_Deep__admiral_fem_deep,lord,wh2_dlc11_cst_admiral_fem_deep,general,general,wh2_dlc11_cst_noctilus|wh2_dlc11_cst_noctilus_separatists|wh2_dlc11_cst_pirates_of_sartosa|wh2_dlc11_cst_pirates_of_sartosa_separatists|wh2_dlc11_cst_the_drowned|wh2_dlc11_cst_the_drowned_separatists|wh2_dlc11_cst_vampire_coast|wh2_dlc11_cst_vampire_coast_encounters|wh2_dlc11_cst_vampire_coast_qb1|wh2_dlc11_cst_vampire_coast_qb2|wh2_dlc11_cst_vampire_coast_qb3|wh2_dlc11_cst_vampire_coast_qb4|wh2_dlc11_cst_vampire_coast_rebellion_rebels|wh2_dlc11_cst_vampire_coast_rebels|wh2_dlc11_cst_vampire_coast_separatists|wh3_dlc21_cst_dead_flag_fleet|wh3_dlc24_cst_vampire_coast_bloated_rebels|wh3_dlc26_cst_vampire_coast_qb1|wh3_dlc26_cst_vampire_coast_qb2|wh3_main_cst_dread_rock_privateers,false,false,true,true,true,true,wh2_dlc11_lore_deep,cst_vampire_fleet_admiral_female,wh2_dlc11_skill_node_set_cst_admiral_fem_deep,,1,general,false,false,,,,wh2_dlc11_skill_node_cst_admiral_fem_deep_innate_02,wh2_dlc11_skill_innate_cst_murderer,Murderer,"Killing is at the forefront of this one's mind. Hopefully, they also know how to run a ship.",trait_physical.png,2,6,0,0,false,0,1,1,Murderer,"Killing is at the forefront of this one's mind. Hopefully, they also know how to run a ship.",,,,,,wh_main_effect_character_stat_weapon_strength,Weapon strength: %+n%,,character_to_character_own,20,both,160,true,weapon_damage_character.png,weapon_damage_character.png,,,,,,,,,,,,,,,,,,,,,,,character_skill_level_to_effects_junctions_tables,wh2_dlc11_skill_innate_cst_murderer|wh_main_effect_character_stat_weapon_strength|1|character_to_character_own
effect,warhammer_3,8.1.1,24237342,Vampire Coast,vampire_coast,wh2_dlc11_sc_cst_vampire_coast,Vampire Fleet Admiral (Deep),Vampire_Fleet_Admiral_Deep__admiral_fem_deep,lord,wh2_dlc11_cst_admiral_fem_deep,general,general,wh2_dlc11_cst_noctilus|wh2_dlc11_cst_noctilus_separatists|wh2_dlc11_cst_pirates_of_sartosa|wh2_dlc11_cst_pirates_of_sartosa_separatists|wh2_dlc11_cst_the_drowned|wh2_dlc11_cst_the_drowned_separatists|wh2_dlc11_cst_vampire_coast|wh2_dlc11_cst_vampire_coast_encounters|wh2_dlc11_cst_vampire_coast_qb1|wh2_dlc11_cst_vampire_coast_qb2|wh2_dlc11_cst_vampire_coast_qb3|wh2_dlc11_cst_vampire_coast_qb4|wh2_dlc11_cst_vampire_coast_rebellion_rebels|wh2_dlc11_cst_vampire_coast_rebels|wh2_dlc11_cst_vampire_coast_separatists|wh3_dlc21_cst_dead_flag_fleet|wh3_dlc24_cst_vampire_coast_bloated_rebels|wh3_dlc26_cst_vampire_coast_qb1|wh3_dlc26_cst_vampire_coast_qb2|wh3_main_cst_dread_rock_privateers,false,false,true,true,true,true,wh2_dlc11_lore_deep,cst_vampire_fleet_admiral_female,wh2_dlc11_skill_node_set_cst_admiral_fem_deep,,1,general,false,false,,,,wh2_dlc11_skill_node_cst_admiral_fem_deep_innate_02,wh2_dlc11_skill_innate_cst_murderer,Murderer,"Killing is at the forefront of this one's mind. Hopefully, they also know how to run a ship.",trait_physical.png,2,6,0,0,false,0,1,1,Murderer,"Killing is at the forefront of this one's mind. Hopefully, they also know how to run a ship.",,,,,,wh_main_effect_force_stat_leadership_enemy_unit,Enemy leadership: %+n,,general_to_force_enemy_regionwide,-3,battle,411,false,morale.png,morale.png,,,,,,,,,,,,,,,,,,,,,,,character_skill_level_to_effects_junctions_tables,wh2_dlc11_skill_innate_cst_murderer|wh_main_effect_force_stat_leadership_enemy_unit|1|general_to_force_enemy_regionwide
effect,warhammer_3,8.1.1,24237342,Vampire Coast,vampire_coast,wh2_dlc11_sc_cst_vampire_coast,Vampire Fleet Admiral (Deep),Vampire_Fleet_Admiral_Deep__admiral_fem_deep,lord,wh2_dlc11_cst_admiral_fem_deep,general,general,wh2_dlc11_cst_noctilus|wh2_dlc11_cst_noctilus_separatists|wh2_dlc11_cst_pirates_of_sartosa|wh2_dlc11_cst_pirates_of_sartosa_separatists|wh2_dlc11_cst_the_drowned|wh2_dlc11_cst_the_drowned_separatists|wh2_dlc11_cst_vampire_coast|wh2_dlc11_cst_vampire_coast_encounters|wh2_dlc11_cst_vampire_coast_qb1|wh2_dlc11_cst_vampire_coast_qb2|wh2_dlc11_cst_vampire_coast_qb3|wh2_dlc11_cst_vampire_coast_qb4|wh2_dlc11_cst_vampire_coast_rebellion_rebels|wh2_dlc11_cst_vampire_coast_rebels|wh2_dlc11_cst_vampire_coast_separatists|wh3_dlc21_cst_dead_flag_fleet|wh3_dlc24_cst_vampire_coast_bloated_rebels|wh3_dlc26_cst_vampire_coast_qb1|wh3_dlc26_cst_vampire_coast_qb2|wh3_main_cst_dread_rock_privateers,false,false,true,true,true,true,wh2_dlc11_lore_deep,cst_vampire_fleet_admiral_female,wh2_dlc11_skill_node_set_cst_admiral_fem_deep,,1,general,false,false,,,,wh2_dlc11_skill_node_cst_admiral_fem_deep_innate_02,wh2_dlc11_skill_innate_cst_murderer,Murderer,"Killing is at the forefront of this one's mind. Hopefully, they also know how to run a ship.",trait_physical.png,2,6,0,0,false,0,1,1,Murderer,"Killing is at the forefront of this one's mind. Hopefully, they also know how to run a ship.",,,,,,wh2_dlc11_cst_lord_innate_brute_dummy,Brute: Extra loyalty gained following a battle,,character_to_character_own,-500,campaign,2,false,loyalty.png,loyalty.png,,,,,,,,,,,,,,,,,,,,,,,character_skill_level_to_effects_junctions_tables,wh2_dlc11_skill_innate_cst_murderer|wh2_dlc11_cst_lord_innate_brute_dummy|1|character_to_character_own
effect,warhammer_3,8.1.1,24237342,Vampire Coast,vampire_coast,wh2_dlc11_sc_cst_vampire_coast,Vampire Fleet Admiral (Deep),Vampire_Fleet_Admiral_Deep__admiral_fem_deep,lord,wh2_dlc11_cst_admiral_fem_deep,general,general,wh2_dlc11_cst_noctilus|wh2_dlc11_cst_noctilus_separatists|wh2_dlc11_cst_pirates_of_sartosa|wh2_dlc11_cst_pirates_of_sartosa_separatists|wh2_dlc11_cst_the_drowned|wh2_dlc11_cst_the_drowned_separatists|wh2_dlc11_cst_vampire_coast|wh2_dlc11_cst_vampire_coast_encounters|wh2_dlc11_cst_vampire_coast_qb1|wh2_dlc11_cst_vampire_coast_qb2|wh2_dlc11_cst_vampire_coast_qb3|wh2_dlc11_cst_vampire_coast_qb4|wh2_dlc11_cst_vampire_coast_rebellion_rebels|wh2_dlc11_cst_vampire_coast_rebels|wh2_dlc11_cst_vampire_coast_separatists|wh3_dlc21_cst_dead_flag_fleet|wh3_dlc24_cst_vampire_coast_bloated_rebels|wh3_dlc26_cst_vampire_coast_qb1|wh3_dlc26_cst_vampire_coast_qb2|wh3_main_cst_dread_rock_privateers,false,false,true,true,true,true,wh2_dlc11_lore_deep,cst_vampire_fleet_admiral_female,wh2_dlc11_skill_node_set_cst_admiral_fem_deep,,1,general,false,false,,,,wh2_dlc11_skill_node_cst_admiral_fem_deep_innate_02,wh2_dlc11_skill_innate_cst_murderer,Murderer,"Killing is at the forefront of this one's mind. Hopefully, they also know how to run a ship.",trait_physical.png,2,6,0,0,false,0,1,1,Murderer,"Killing is at the forefront of this one's mind. Hopefully, they also know how to run a ship.",,,,,,wh2_dlc11_skill_innate_cst_murderer_dummy,Gain loyalty from defeating enemy army and wounding/killing enemy [[img:icon_general]][[/img]]Lords in battle,,character_to_character_own,1,campaign,1,true,loyalty.png,loyalty.png,,,,,,,,,,,,,,,,,,,,,,,character_skill_level_to_effects_junctions_tables,wh2_dlc11_skill_innate_cst_murderer|wh2_dlc11_skill_innate_cst_murderer_dummy|1|character_to_character_own
node,warhammer_3,8.1.1,24237342,Vampire Coast,vampire_coast,wh2_dlc11_sc_cst_vampire_coast,Vampire Fleet Admiral (Deep),Vampire_Fleet_Admiral_Deep__admiral_fem_deep,lord,wh2_dlc11_cst_admiral_fem_deep,general,general,wh2_dlc11_cst_noctilus|wh2_dlc11_cst_noctilus_separatists|wh2_dlc11_cst_pirates_of_sartosa|wh2_dlc11_cst_pirates_of_sartosa_separatists|wh2_dlc11_cst_the_drowned|wh2_dlc11_cst_the_drowned_separatists|wh2_dlc11_cst_vampire_coast|wh2_dlc11_cst_vampire_coast_encounters|wh2_dlc11_cst_vampire_coast_qb1|wh2_dlc11_cst_vampire_coast_qb2|wh2_dlc11_cst_vampire_coast_qb3|wh2_dlc11_cst_vampire_coast_qb4|wh2_dlc11_cst_vampire_coast_rebellion_rebels|wh2_dlc11_cst_vampire_coast_rebels|wh2_dlc11_cst_vampire_coast_separatists|wh3_dlc21_cst_dead_flag_fleet|wh3_dlc24_cst_vampire_coast_bloated_rebels|wh3_dlc26_cst_vampire_coast_qb1|wh3_dlc26_cst_vampire_coast_qb2|wh3_main_cst_dread_rock_privateers,false,false,true,true,true,true,wh2_dlc11_lore_deep,cst_vampire_fleet_admiral_female,wh2_dlc11_skill_node_set_cst_admiral_fem_deep,,1,general,false,false,,,,wh2_dlc11_skill_cst_misc_admiral_fem_deep_02,wh2_dlc11_skill_cst_misc_2,Tenacity,"You'd better kill this one or they'll keep coming back until one of you is dead. Even then, there's no guarantee it'll be over!",character_health.png,3,0,0,0,true,9,1,,,,,,,,,,,,,,,,,,,,,,,,,,,,,,,,,,,,,,,,,character_skill_nodes_tables,wh2_dlc11_skill_cst_misc_admiral_fem_deep_02
skill_level,warhammer_3,8.1.1,24237342,Vampire Coast,vampire_coast,wh2_dlc11_sc_cst_vampire_coast,Vampire Fleet Admiral (Deep),Vampire_Fleet_Admiral_Deep__admiral_fem_deep,lord,wh2_dlc11_cst_admiral_fem_deep,general,general,wh2_dlc11_cst_noctilus|wh2_dlc11_cst_noctilus_separatists|wh2_dlc11_cst_pirates_of_sartosa|wh2_dlc11_cst_pirates_of_sartosa_separatists|wh2_dlc11_cst_the_drowned|wh2_dlc11_cst_the_drowned_separatists|wh2_dlc11_cst_vampire_coast|wh2_dlc11_cst_vampire_coast_encounters|wh2_dlc11_cst_vampire_coast_qb1|wh2_dlc11_cst_vampire_coast_qb2|wh2_dlc11_cst_vampire_coast_qb3|wh2_dlc11_cst_vampire_coast_qb4|wh2_dlc11_cst_vampire_coast_rebellion_rebels|wh2_dlc11_cst_vampire_coast_rebels|wh2_dlc11_cst_vampire_coast_separatists|wh3_dlc21_cst_dead_flag_fleet|wh3_dlc24_cst_vampire_coast_bloated_rebels|wh3_dlc26_cst_vampire_coast_qb1|wh3_dlc26_cst_vampire_coast_qb2|wh3_main_cst_dread_rock_privateers,false,false,true,true,true,true,wh2_dlc11_lore_deep,cst_vampire_fleet_admiral_female,wh2_dlc11_skill_node_set_cst_admiral_fem_deep,,1,general,false,false,,,,wh2_dlc11_skill_cst_misc_admiral_fem_deep_02,wh2_dlc11_skill_cst_misc_2,Tenacity,"You'd better kill this one or they'll keep coming back until one of you is dead. Even then, there's no guarantee it'll be over!",character_health.png,3,0,0,0,true,9,1,1,Tenacity,"You'd better kill this one or they'll keep coming back until one of you is dead. Even then, there's no guarantee it'll be over!",9,x,,,,,,,,,,,,,,,,,,,,,,,,,,,,,,,,,,,,character_skill_level_details_tables,wh2_dlc11_skill_cst_misc_2|1|||
effect,warhammer_3,8.1.1,24237342,Vampire Coast,vampire_coast,wh2_dlc11_sc_cst_vampire_coast,Vampire Fleet Admiral (Deep),Vampire_Fleet_Admiral_Deep__admiral_fem_deep,lord,wh2_dlc11_cst_admiral_fem_deep,general,general,wh2_dlc11_cst_noctilus|wh2_dlc11_cst_noctilus_separatists|wh2_dlc11_cst_pirates_of_sartosa|wh2_dlc11_cst_pirates_of_sartosa_separatists|wh2_dlc11_cst_the_drowned|wh2_dlc11_cst_the_drowned_separatists|wh2_dlc11_cst_vampire_coast|wh2_dlc11_cst_vampire_coast_encounters|wh2_dlc11_cst_vampire_coast_qb1|wh2_dlc11_cst_vampire_coast_qb2|wh2_dlc11_cst_vampire_coast_qb3|wh2_dlc11_cst_vampire_coast_qb4|wh2_dlc11_cst_vampire_coast_rebellion_rebels|wh2_dlc11_cst_vampire_coast_rebels|wh2_dlc11_cst_vampire_coast_separatists|wh3_dlc21_cst_dead_flag_fleet|wh3_dlc24_cst_vampire_coast_bloated_rebels|wh3_dlc26_cst_vampire_coast_qb1|wh3_dlc26_cst_vampire_coast_qb2|wh3_main_cst_dread_rock_privateers,false,false,true,true,true,true,wh2_dlc11_lore_deep,cst_vampire_fleet_admiral_female,wh2_dlc11_skill_node_set_cst_admiral_fem_deep,,1,general,false,false,,,,wh2_dlc11_skill_cst_misc_admiral_fem_deep_02,wh2_dlc11_skill_cst_misc_2,Tenacity,"You'd better kill this one or they'll keep coming back until one of you is dead. Even then, there's no guarantee it'll be over!",character_health.png,3,0,0,0,true,9,1,1,Tenacity,"You'd better kill this one or they'll keep coming back until one of you is dead. Even then, there's no guarantee it'll be over!",,,,,,wh_main_effect_character_stat_unit_health,Hit points: %+n%,,character_to_character_own,8,both,90,true,health_character.png,health_character.png,,,,,,,,,,,,,,,,,,,,,,,character_skill_level_to_effects_junctions_tables,wh2_dlc11_skill_cst_misc_2|wh_main_effect_character_stat_unit_health|1|character_to_character_own
node,warhammer_3,8.1.1,24237342,Vampire Coast,vampire_coast,wh2_dlc11_sc_cst_vampire_coast,Vampire Fleet Admiral (Deep),Vampire_Fleet_Admiral_Deep__admiral_fem_deep,lord,wh2_dlc11_cst_admiral_fem_deep,general,general,wh2_dlc11_cst_noctilus|wh2_dlc11_cst_noctilus_separatists|wh2_dlc11_cst_pirates_of_sartosa|wh2_dlc11_cst_pirates_of_sartosa_separatists|wh2_dlc11_cst_the_drowned|wh2_dlc11_cst_the_drowned_separatists|wh2_dlc11_cst_vampire_coast|wh2_dlc11_cst_vampire_coast_encounters|wh2_dlc11_cst_vampire_coast_qb1|wh2_dlc11_cst_vampire_coast_qb2|wh2_dlc11_cst_vampire_coast_qb3|wh2_dlc11_cst_vampire_coast_qb4|wh2_dlc11_cst_vampire_coast_rebellion_rebels|wh2_dlc11_cst_vampire_coast_rebels|wh2_dlc11_cst_vampire_coast_separatists|wh3_dlc21_cst_dead_flag_fleet|wh3_dlc24_cst_vampire_coast_bloated_rebels|wh3_dlc26_cst_vampire_coast_qb1|wh3_dlc26_cst_vampire_coast_qb2|wh3_main_cst_dread_rock_privateers,false,false,true,true,true,true,wh2_dlc11_lore_deep,cst_vampire_fleet_admiral_female,wh2_dlc11_skill_node_set_cst_admiral_fem_deep,,1,general,false,false,,,,wh2_dlc11_skill_cst_admiral_fem_deep_crime_03,wh2_dlc11_skill_cst_lord_crime_1,Smuggler,"If there's duty to be paid, rest assured that this one will find a way around it.",wh2_dlc11_smuggler.png,3,1,0,0,true,0,1,,,,,,,,,,,,,,,,,,,,,,,,,,,,,,,,,,,,,,,,,character_skill_nodes_tables,wh2_dlc11_skill_cst_admiral_fem_deep_crime_03
skill_level,warhammer_3,8.1.1,24237342,Vampire Coast,vampire_coast,wh2_dlc11_sc_cst_vampire_coast,Vampire Fleet Admiral (Deep),Vampire_Fleet_Admiral_Deep__admiral_fem_deep,lord,wh2_dlc11_cst_admiral_fem_deep,general,general,wh2_dlc11_cst_noctilus|wh2_dlc11_cst_noctilus_separatists|wh2_dlc11_cst_pirates_of_sartosa|wh2_dlc11_cst_pirates_of_sartosa_separatists|wh2_dlc11_cst_the_drowned|wh2_dlc11_cst_the_drowned_separatists|wh2_dlc11_cst_vampire_coast|wh2_dlc11_cst_vampire_coast_encounters|wh2_dlc11_cst_vampire_coast_qb1|wh2_dlc11_cst_vampire_coast_qb2|wh2_dlc11_cst_vampire_coast_qb3|wh2_dlc11_cst_vampire_coast_qb4|wh2_dlc11_cst_vampire_coast_rebellion_rebels|wh2_dlc11_cst_vampire_coast_rebels|wh2_dlc11_cst_vampire_coast_separatists|wh3_dlc21_cst_dead_flag_fleet|wh3_dlc24_cst_vampire_coast_bloated_rebels|wh3_dlc26_cst_vampire_coast_qb1|wh3_dlc26_cst_vampire_coast_qb2|wh3_main_cst_dread_rock_privateers,false,false,true,true,true,true,wh2_dlc11_lore_deep,cst_vampire_fleet_admiral_female,wh2_dlc11_skill_node_set_cst_admiral_fem_deep,,1,general,false,false,,,,wh2_dlc11_skill_cst_admiral_fem_deep_crime_03,wh2_dlc11_skill_cst_lord_crime_1,Smuggler,"If there's duty to be paid, rest assured that this one will find a way around it.",wh2_dlc11_smuggler.png,3,1,0,0,true,0,1,1,Smuggler,"If there's duty to be paid, rest assured that this one will find a way around it.",8,x,,,,,,,,,,,,,,,,,,,,,,,,,,,,,,,,,,,,character_skill_level_details_tables,wh2_dlc11_skill_cst_lord_crime_1|1|||
effect,warhammer_3,8.1.1,24237342,Vampire Coast,vampire_coast,wh2_dlc11_sc_cst_vampire_coast,Vampire Fleet Admiral (Deep),Vampire_Fleet_Admiral_Deep__admiral_fem_deep,lord,wh2_dlc11_cst_admiral_fem_deep,general,general,wh2_dlc11_cst_noctilus|wh2_dlc11_cst_noctilus_separatists|wh2_dlc11_cst_pirates_of_sartosa|wh2_dlc11_cst_pirates_of_sartosa_separatists|wh2_dlc11_cst_the_drowned|wh2_dlc11_cst_the_drowned_separatists|wh2_dlc11_cst_vampire_coast|wh2_dlc11_cst_vampire_coast_encounters|wh2_dlc11_cst_vampire_coast_qb1|wh2_dlc11_cst_vampire_coast_qb2|wh2_dlc11_cst_vampire_coast_qb3|wh2_dlc11_cst_vampire_coast_qb4|wh2_dlc11_cst_vampire_coast_rebellion_rebels|wh2_dlc11_cst_vampire_coast_rebels|wh2_dlc11_cst_vampire_coast_separatists|wh3_dlc21_cst_dead_flag_fleet|wh3_dlc24_cst_vampire_coast_bloated_rebels|wh3_dlc26_cst_vampire_coast_qb1|wh3_dlc26_cst_vampire_coast_qb2|wh3_main_cst_dread_rock_privateers,false,false,true,true,true,true,wh2_dlc11_lore_deep,cst_vampire_fleet_admiral_female,wh2_dlc11_skill_node_set_cst_admiral_fem_deep,,1,general,false,false,,,,wh2_dlc11_skill_cst_admiral_fem_deep_crime_03,wh2_dlc11_skill_cst_lord_crime_1,Smuggler,"If there's duty to be paid, rest assured that this one will find a way around it.",wh2_dlc11_smuggler.png,3,1,0,0,true,0,1,1,Smuggler,"If there's duty to be paid, rest assured that this one will find a way around it.",,,,,,wh_main_effect_agent_movement_range_mod,Campaign movement range: %+n%,{{tr:campaign_movement_range_additional_tooltip}},character_to_character_own,8,campaign,100,true,campaign_movement.png,campaign_movement.png,,,,,,,,,,,,,,,,,,,,,,,character_skill_level_to_effects_junctions_tables,wh2_dlc11_skill_cst_lord_crime_1|wh_main_effect_agent_movement_range_mod|1|character_to_character_own
effect,warhammer_3,8.1.1,24237342,Vampire Coast,vampire_coast,wh2_dlc11_sc_cst_vampire_coast,Vampire Fleet Admiral (Deep),Vampire_Fleet_Admiral_Deep__admiral_fem_deep,lord,wh2_dlc11_cst_admiral_fem_deep,general,general,wh2_dlc11_cst_noctilus|wh2_dlc11_cst_noctilus_separatists|wh2_dlc11_cst_pirates_of_sartosa|wh2_dlc11_cst_pirates_of_sartosa_separatists|wh2_dlc11_cst_the_drowned|wh2_dlc11_cst_the_drowned_separatists|wh2_dlc11_cst_vampire_coast|wh2_dlc11_cst_vampire_coast_encounters|wh2_dlc11_cst_vampire_coast_qb1|wh2_dlc11_cst_vampire_coast_qb2|wh2_dlc11_cst_vampire_coast_qb3|wh2_dlc11_cst_vampire_coast_qb4|wh2_dlc11_cst_vampire_coast_rebellion_rebels|wh2_dlc11_cst_vampire_coast_rebels|wh2_dlc11_cst_vampire_coast_separatists|wh3_dlc21_cst_dead_flag_fleet|wh3_dlc24_cst_vampire_coast_bloated_rebels|wh3_dlc26_cst_vampire_coast_qb1|wh3_dlc26_cst_vampire_coast_qb2|wh3_main_cst_dread_rock_privateers,false,false,true,true,true,true,wh2_dlc11_lore_deep,cst_vampire_fleet_admiral_female,wh2_dlc11_skill_node_set_cst_admiral_fem_deep,,1,general,false,false,,,,wh2_dlc11_skill_cst_admiral_fem_deep_crime_03,wh2_dlc11_skill_cst_lord_crime_1,Smuggler,"If there's duty to be paid, rest assured that this one will find a way around it.",wh2_dlc11_smuggler.png,3,1,0,0,true,0,1,1,Smuggler,"If there's duty to be paid, rest assured that this one will find a way around it.",,,,,,wh_main_effect_unit_recruitment_points,Local recruitment capacity: %+n,,force_to_province_own,1,campaign,270,true,army.png,army.png,,,,,,,,,,,,,,,,,,,,,,,character_skill_level_to_effects_junctions_tables,wh2_dlc11_skill_cst_lord_crime_1|wh_main_effect_unit_recruitment_points|1|force_to_province_own
skill_lock,warhammer_3,8.1.1,24237342,Vampire Coast,vampire_coast,wh2_dlc11_sc_cst_vampire_coast,Vampire Fleet Admiral (Deep),Vampire_Fleet_Admiral_Deep__admiral_fem_deep,lord,wh2_dlc11_cst_admiral_fem_deep,general,general,wh2_dlc11_cst_noctilus|wh2_dlc11_cst_noctilus_separatists|wh2_dlc11_cst_pirates_of_sartosa|wh2_dlc11_cst_pirates_of_sartosa_separatists|wh2_dlc11_cst_the_drowned|wh2_dlc11_cst_the_drowned_separatists|wh2_dlc11_cst_vampire_coast|wh2_dlc11_cst_vampire_coast_encounters|wh2_dlc11_cst_vampire_coast_qb1|wh2_dlc11_cst_vampire_coast_qb2|wh2_dlc11_cst_vampire_coast_qb3|wh2_dlc11_cst_vampire_coast_qb4|wh2_dlc11_cst_vampire_coast_rebellion_rebels|wh2_dlc11_cst_vampire_coast_rebels|wh2_dlc11_cst_vampire_coast_separatists|wh3_dlc21_cst_dead_flag_fleet|wh3_dlc24_cst_vampire_coast_bloated_rebels|wh3_dlc26_cst_vampire_coast_qb1|wh3_dlc26_cst_vampire_coast_qb2|wh3_main_cst_dread_rock_privateers,false,false,true,true,true,true,wh2_dlc11_lore_deep,cst_vampire_fleet_admiral_female,wh2_dlc11_skill_node_set_cst_admiral_fem_deep,,1,general,false,false,,,,wh2_dlc11_skill_cst_admiral_fem_deep_crime_03,wh2_dlc11_skill_cst_lord_crime_1,Smuggler,"If there's duty to be paid, rest assured that this one will find a way around it.",wh2_dlc11_smuggler.png,3,1,0,0,true,0,1,,,,,,,,,,,,,,,,,,,,,,,,,,,,,,,wh2_dlc11_skill_cst_lord_crime_0,Forger,1,,,,,,,,character_skill_nodes_skill_locks_tables,wh2_dlc11_skill_cst_admiral_fem_deep_crime_03|wh2_dlc11_skill_cst_lord_crime_0|1
skill_lock,warhammer_3,8.1.1,24237342,Vampire Coast,vampire_coast,wh2_dlc11_sc_cst_vampire_coast,Vampire Fleet Admiral (Deep),Vampire_Fleet_Admiral_Deep__admiral_fem_deep,lord,wh2_dlc11_cst_admiral_fem_deep,general,general,wh2_dlc11_cst_noctilus|wh2_dlc11_cst_noctilus_separatists|wh2_dlc11_cst_pirates_of_sartosa|wh2_dlc11_cst_pirates_of_sartosa_separatists|wh2_dlc11_cst_the_drowned|wh2_dlc11_cst_the_drowned_separatists|wh2_dlc11_cst_vampire_coast|wh2_dlc11_cst_vampire_coast_encounters|wh2_dlc11_cst_vampire_coast_qb1|wh2_dlc11_cst_vampire_coast_qb2|wh2_dlc11_cst_vampire_coast_qb3|wh2_dlc11_cst_vampire_coast_qb4|wh2_dlc11_cst_vampire_coast_rebellion_rebels|wh2_dlc11_cst_vampire_coast_rebels|wh2_dlc11_cst_vampire_coast_separatists|wh3_dlc21_cst_dead_flag_fleet|wh3_dlc24_cst_vampire_coast_bloated_rebels|wh3_dlc26_cst_vampire_coast_qb1|wh3_dlc26_cst_vampire_coast_qb2|wh3_main_cst_dread_rock_privateers,false,false,true,true,true,true,wh2_dlc11_lore_deep,cst_vampire_fleet_admiral_female,wh2_dlc11_skill_node_set_cst_admiral_fem_deep,,1,general,false,false,,,,wh2_dlc11_skill_cst_admiral_fem_deep_crime_03,wh2_dlc11_skill_cst_lord_crime_1,Smuggler,"If there's duty to be paid, rest assured that this one will find a way around it.",wh2_dlc11_smuggler.png,3,1,0,0,true,0,1,,,,,,,,,,,,,,,,,,,,,,,,,,,,,,,wh2_dlc11_skill_cst_lord_crime_2_sword,Poacher,1,,,,,,,,character_skill_nodes_skill_locks_tables,wh2_dlc11_skill_cst_admiral_fem_deep_crime_03|wh2_dlc11_skill_cst_lord_crime_2_sword|1
skill_lock,warhammer_3,8.1.1,24237342,Vampire Coast,vampire_coast,wh2_dlc11_sc_cst_vampire_coast,Vampire Fleet Admiral (Deep),Vampire_Fleet_Admiral_Deep__admiral_fem_deep,lord,wh2_dlc11_cst_admiral_fem_deep,general,general,wh2_dlc11_cst_noctilus|wh2_dlc11_cst_noctilus_separatists|wh2_dlc11_cst_pirates_of_sartosa|wh2_dlc11_cst_pirates_of_sartosa_separatists|wh2_dlc11_cst_the_drowned|wh2_dlc11_cst_the_drowned_separatists|wh2_dlc11_cst_vampire_coast|wh2_dlc11_cst_vampire_coast_encounters|wh2_dlc11_cst_vampire_coast_qb1|wh2_dlc11_cst_vampire_coast_qb2|wh2_dlc11_cst_vampire_coast_qb3|wh2_dlc11_cst_vampire_coast_qb4|wh2_dlc11_cst_vampire_coast_rebellion_rebels|wh2_dlc11_cst_vampire_coast_rebels|wh2_dlc11_cst_vampire_coast_separatists|wh3_dlc21_cst_dead_flag_fleet|wh3_dlc24_cst_vampire_coast_bloated_rebels|wh3_dlc26_cst_vampire_coast_qb1|wh3_dlc26_cst_vampire_coast_qb2|wh3_main_cst_dread_rock_privateers,false,false,true,true,true,true,wh2_dlc11_lore_deep,cst_vampire_fleet_admiral_female,wh2_dlc11_skill_node_set_cst_admiral_fem_deep,,1,general,false,false,,,,wh2_dlc11_skill_cst_admiral_fem_deep_crime_03,wh2_dlc11_skill_cst_lord_crime_1,Smuggler,"If there's duty to be paid, rest assured that this one will find a way around it.",wh2_dlc11_smuggler.png,3,1,0,0,true,0,1,,,,,,,,,,,,,,,,,,,,,,,,,,,,,,,wh2_dlc11_skill_cst_lord_crime_3,Arsonist,1,,,,,,,,character_skill_nodes_skill_locks_tables,wh2_dlc11_skill_cst_admiral_fem_deep_crime_03|wh2_dlc11_skill_cst_lord_crime_3|1
node,warhammer_3,8.1.1,24237342,Vampire Coast,vampire_coast,wh2_dlc11_sc_cst_vampire_coast,Vampire Fleet Admiral (Deep),Vampire_Fleet_Admiral_Deep__admiral_fem_deep,lord,wh2_dlc11_cst_admiral_fem_deep,general,general,wh2_dlc11_cst_noctilus|wh2_dlc11_cst_noctilus_separatists|wh2_dlc11_cst_pirates_of_sartosa|wh2_dlc11_cst_pirates_of_sartosa_separatists|wh2_dlc11_cst_the_drowned|wh2_dlc11_cst_the_drowned_separatists|wh2_dlc11_cst_vampire_coast|wh2_dlc11_cst_vampire_coast_encounters|wh2_dlc11_cst_vampire_coast_qb1|wh2_dlc11_cst_vampire_coast_qb2|wh2_dlc11_cst_vampire_coast_qb3|wh2_dlc11_cst_vampire_coast_qb4|wh2_dlc11_cst_vampire_coast_rebellion_rebels|wh2_dlc11_cst_vampire_coast_rebels|wh2_dlc11_cst_vampire_coast_separatists|wh3_dlc21_cst_dead_flag_fleet|wh3_dlc24_cst_vampire_coast_bloated_rebels|wh3_dlc26_cst_vampire_coast_qb1|wh3_dlc26_cst_vampire_coast_qb2|wh3_main_cst_dread_rock_privateers,false,false,true,true,true,true,wh2_dlc11_lore_deep,cst_vampire_fleet_admiral_female,wh2_dlc11_skill_node_set_cst_admiral_fem_deep,,1,general,false,false,,,,wh2_dlc11_skill_cst_admiral_fem_deep_personal_03,wh2_dlc11_skill_all_lord_self_scarred_veteran,{{tr:character_skills_localised_name_wh_main_skill_all_all_self_scarred_veteran}},{{tr:character_skills_localised_description_wh_main_skill_all_all_self_scarred_veteran}},character_health.png,3,2,0,0,true,0,2,,,,,,,,,,,,,,,,,,,,,,,,,,,,,,,,,,,,,,,,,character_skill_nodes_tables,wh2_dlc11_skill_cst_admiral_fem_deep_personal_03
effect,warhammer_3,8.1.1,24237342,Vampire Coast,vampire_coast,wh2_dlc11_sc_cst_vampire_coast,Vampire Fleet Admiral (Deep),Vampire_Fleet_Admiral_Deep__admiral_fem_deep,lord,wh2_dlc11_cst_admiral_fem_deep,general,general,wh2_dlc11_cst_noctilus|wh2_dlc11_cst_noctilus_separatists|wh2_dlc11_cst_pirates_of_sartosa|wh2_dlc11_cst_pirates_of_sartosa_separatists|wh2_dlc11_cst_the_drowned|wh2_dlc11_cst_the_drowned_separatists|wh2_dlc11_cst_vampire_coast|wh2_dlc11_cst_vampire_coast_encounters|wh2_dlc11_cst_vampire_coast_qb1|wh2_dlc11_cst_vampire_coast_qb2|wh2_dlc11_cst_vampire_coast_qb3|wh2_dlc11_cst_vampire_coast_qb4|wh2_dlc11_cst_vampire_coast_rebellion_rebels|wh2_dlc11_cst_vampire_coast_rebels|wh2_dlc11_cst_vampire_coast_separatists|wh3_dlc21_cst_dead_flag_fleet|wh3_dlc24_cst_vampire_coast_bloated_rebels|wh3_dlc26_cst_vampire_coast_qb1|wh3_dlc26_cst_vampire_coast_qb2|wh3_main_cst_dread_rock_privateers,false,false,true,true,true,true,wh2_dlc11_lore_deep,cst_vampire_fleet_admiral_female,wh2_dlc11_skill_node_set_cst_admiral_fem_deep,,1,general,false,false,,,,wh2_dlc11_skill_cst_admiral_fem_deep_personal_03,wh2_dlc11_skill_all_lord_self_scarred_veteran,{{tr:character_skills_localised_name_wh_main_skill_all_all_self_scarred_veteran}},{{tr:character_skills_localised_description_wh_main_skill_all_all_self_scarred_veteran}},character_health.png,3,2,0,0,true,0,2,1,{{tr:character_skills_localised_name_wh_main_skill_all_all_self_scarred_veteran}},{{tr:character_skills_localised_description_wh_main_skill_all_all_self_scarred_veteran}},,,,,,wh_main_effect_character_stat_unit_health,Hit points: %+n%,,character_to_character_own,7,both,90,true,health_character.png,health_character.png,,,,,,,,,,,,,,,,,,,,,,,character_skill_level_to_effects_junctions_tables,wh2_dlc11_skill_all_lord_self_scarred_veteran|wh_main_effect_character_stat_unit_health|1|character_to_character_own
effect,warhammer_3,8.1.1,24237342,Vampire Coast,vampire_coast,wh2_dlc11_sc_cst_vampire_coast,Vampire Fleet Admiral (Deep),Vampire_Fleet_Admiral_Deep__admiral_fem_deep,lord,wh2_dlc11_cst_admiral_fem_deep,general,general,wh2_dlc11_cst_noctilus|wh2_dlc11_cst_noctilus_separatists|wh2_dlc11_cst_pirates_of_sartosa|wh2_dlc11_cst_pirates_of_sartosa_separatists|wh2_dlc11_cst_the_drowned|wh2_dlc11_cst_the_drowned_separatists|wh2_dlc11_cst_vampire_coast|wh2_dlc11_cst_vampire_coast_encounters|wh2_dlc11_cst_vampire_coast_qb1|wh2_dlc11_cst_vampire_coast_qb2|wh2_dlc11_cst_vampire_coast_qb3|wh2_dlc11_cst_vampire_coast_qb4|wh2_dlc11_cst_vampire_coast_rebellion_rebels|wh2_dlc11_cst_vampire_coast_rebels|wh2_dlc11_cst_vampire_coast_separatists|wh3_dlc21_cst_dead_flag_fleet|wh3_dlc24_cst_vampire_coast_bloated_rebels|wh3_dlc26_cst_vampire_coast_qb1|wh3_dlc26_cst_vampire_coast_qb2|wh3_main_cst_dread_rock_privateers,false,false,true,true,true,true,wh2_dlc11_lore_deep,cst_vampire_fleet_admiral_female,wh2_dlc11_skill_node_set_cst_admiral_fem_deep,,1,general,false,false,,,,wh2_dlc11_skill_cst_admiral_fem_deep_personal_03,wh2_dlc11_skill_all_lord_self_scarred_veteran,{{tr:character_skills_localised_name_wh_main_skill_all_all_self_scarred_veteran}},{{tr:character_skills_localised_description_wh_main_skill_all_all_self_scarred_veteran}},character_health.png,3,2,0,0,true,0,2,2,{{tr:character_skills_localised_name_wh_main_skill_all_all_self_scarred_veteran}},{{tr:character_skills_localised_description_wh_main_skill_all_all_self_scarred_veteran}},,,,,,wh_main_effect_character_stat_unit_health,Hit points: %+n%,,character_to_character_own,15,both,90,true,health_character.png,health_character.png,,,,,,,,,,,,,,,,,,,,,,,character_skill_level_to_effects_junctions_tables,wh2_dlc11_skill_all_lord_self_scarred_veteran|wh_main_effect_character_stat_unit_health|2|character_to_character_own
node,warhammer_3,8.1.1,24237342,Vampire Coast,vampire_coast,wh2_dlc11_sc_cst_vampire_coast,Vampire Fleet Admiral (Deep),Vampire_Fleet_Admiral_Deep__admiral_fem_deep,lord,wh2_dlc11_cst_admiral_fem_deep,general,general,wh2_dlc11_cst_noctilus|wh2_dlc11_cst_noctilus_separatists|wh2_dlc11_cst_pirates_of_sartosa|wh2_dlc11_cst_pirates_of_sartosa_separatists|wh2_dlc11_cst_the_drowned|wh2_dlc11_cst_the_drowned_separatists|wh2_dlc11_cst_vampire_coast|wh2_dlc11_cst_vampire_coast_encounters|wh2_dlc11_cst_vampire_coast_qb1|wh2_dlc11_cst_vampire_coast_qb2|wh2_dlc11_cst_vampire_coast_qb3|wh2_dlc11_cst_vampire_coast_qb4|wh2_dlc11_cst_vampire_coast_rebellion_rebels|wh2_dlc11_cst_vampire_coast_rebels|wh2_dlc11_cst_vampire_coast_separatists|wh3_dlc21_cst_dead_flag_fleet|wh3_dlc24_cst_vampire_coast_bloated_rebels|wh3_dlc26_cst_vampire_coast_qb1|wh3_dlc26_cst_vampire_coast_qb2|wh3_main_cst_dread_rock_privateers,false,false,true,true,true,true,wh2_dlc11_lore_deep,cst_vampire_fleet_admiral_female,wh2_dlc11_skill_node_set_cst_admiral_fem_deep,,1,general,false,false,,,,wh2_dlc11_skill_node_cst_admiral_fem_magic_deep_04,wh2_dlc11_skill_all_magic_deep_04_denizens_of_the_deep_lord,Denizens of the Deep,"All manner of creatures infest the deep, many who have never - and should never - be seen above the waves.",wh2_dlc11_spell_deep_denizens_of_the_deep.png,3,3,0,0,true,0,1,,,,,,,,,,,,,,,,,,,,,,,,,,,,,,,,,,,,,,,,,character_skill_nodes_tables,wh2_dlc11_skill_node_cst_admiral_fem_magic_deep_04
effect,warhammer_3,8.1.1,24237342,Vampire Coast,vampire_coast,wh2_dlc11_sc_cst_vampire_coast,Vampire Fleet Admiral (Deep),Vampire_Fleet_Admiral_Deep__admiral_fem_deep,lord,wh2_dlc11_cst_admiral_fem_deep,general,general,wh2_dlc11_cst_noctilus|wh2_dlc11_cst_noctilus_separatists|wh2_dlc11_cst_pirates_of_sartosa|wh2_dlc11_cst_pirates_of_sartosa_separatists|wh2_dlc11_cst_the_drowned|wh2_dlc11_cst_the_drowned_separatists|wh2_dlc11_cst_vampire_coast|wh2_dlc11_cst_vampire_coast_encounters|wh2_dlc11_cst_vampire_coast_qb1|wh2_dlc11_cst_vampire_coast_qb2|wh2_dlc11_cst_vampire_coast_qb3|wh2_dlc11_cst_vampire_coast_qb4|wh2_dlc11_cst_vampire_coast_rebellion_rebels|wh2_dlc11_cst_vampire_coast_rebels|wh2_dlc11_cst_vampire_coast_separatists|wh3_dlc21_cst_dead_flag_fleet|wh3_dlc24_cst_vampire_coast_bloated_rebels|wh3_dlc26_cst_vampire_coast_qb1|wh3_dlc26_cst_vampire_coast_qb2|wh3_main_cst_dread_rock_privateers,false,false,true,true,true,true,wh2_dlc11_lore_deep,cst_vampire_fleet_admiral_female,wh2_dlc11_skill_node_set_cst_admiral_fem_deep,,1,general,false,false,,,,wh2_dlc11_skill_node_cst_admiral_fem_magic_deep_04,wh2_dlc11_skill_all_magic_deep_04_denizens_of_the_deep_lord,Denizens of the Deep,"All manner of creatures infest the deep, many who have never - and should never - be seen above the waves.",wh2_dlc11_spell_deep_denizens_of_the_deep.png,3,3,0,0,true,0,1,1,Denizens of the Deep,"All manner of creatures infest the deep, many who have never - and should never - be seen above the waves.",,,,,,wh2_dlc11_effect_ability_cooldown_denizens_of_the_deep,"Cooldown: %+n% to ""Denizens of the Deep""",,character_to_character_own,-30,both,293,false,magic_cooldown.png,magic_cooldown.png,,,,,,,,,,,,,,,,,,,,,,,character_skill_level_to_effects_junctions_tables,wh2_dlc11_skill_all_magic_deep_04_denizens_of_the_deep_lord|wh2_dlc11_effect_ability_cooldown_denizens_of_the_deep|1|character_to_character_own
effect,warhammer_3,8.1.1,24237342,Vampire Coast,vampire_coast,wh2_dlc11_sc_cst_vampire_coast,Vampire Fleet Admiral (Deep),Vampire_Fleet_Admiral_Deep__admiral_fem_deep,lord,wh2_dlc11_cst_admiral_fem_deep,general,general,wh2_dlc11_cst_noctilus|wh2_dlc11_cst_noctilus_separatists|wh2_dlc11_cst_pirates_of_sartosa|wh2_dlc11_cst_pirates_of_sartosa_separatists|wh2_dlc11_cst_the_drowned|wh2_dlc11_cst_the_drowned_separatists|wh2_dlc11_cst_vampire_coast|wh2_dlc11_cst_vampire_coast_encounters|wh2_dlc11_cst_vampire_coast_qb1|wh2_dlc11_cst_vampire_coast_qb2|wh2_dlc11_cst_vampire_coast_qb3|wh2_dlc11_cst_vampire_coast_qb4|wh2_dlc11_cst_vampire_coast_rebellion_rebels|wh2_dlc11_cst_vampire_coast_rebels|wh2_dlc11_cst_vampire_coast_separatists|wh3_dlc21_cst_dead_flag_fleet|wh3_dlc24_cst_vampire_coast_bloated_rebels|wh3_dlc26_cst_vampire_coast_qb1|wh3_dlc26_cst_vampire_coast_qb2|wh3_main_cst_dread_rock_privateers,false,false,true,true,true,true,wh2_dlc11_lore_deep,cst_vampire_fleet_admiral_female,wh2_dlc11_skill_node_set_cst_admiral_fem_deep,,1,general,false,false,,,,wh2_dlc11_skill_node_cst_admiral_fem_magic_deep_04,wh2_dlc11_skill_all_magic_deep_04_denizens_of_the_deep_lord,Denizens of the Deep,"All manner of creatures infest the deep, many who have never - and should never - be seen above the waves.",wh2_dlc11_spell_deep_denizens_of_the_deep.png,3,3,0,0,true,0,1,1,Denizens of the Deep,"All manner of creatures infest the deep, many who have never - and should never - be seen above the waves.",,,,,,wh2_dlc11_effect_ability_enable_denizens_of_the_deep,"Spell: ""Denizens of the Deep""",,character_to_character_own,1,battle,290,true,magic_character.png,magic_character.png,,,,,,,,,,,,,,,,,,,,,,,character_skill_level_to_effects_junctions_tables,wh2_dlc11_skill_all_magic_deep_04_denizens_of_the_deep_lord|wh2_dlc11_effect_ability_enable_denizens_of_the_deep|1|character_to_character_own
effect,warhammer_3,8.1.1,24237342,Vampire Coast,vampire_coast,wh2_dlc11_sc_cst_vampire_coast,Vampire Fleet Admiral (Deep),Vampire_Fleet_Admiral_Deep__admiral_fem_deep,lord,wh2_dlc11_cst_admiral_fem_deep,general,general,wh2_dlc11_cst_noctilus|wh2_dlc11_cst_noctilus_separatists|wh2_dlc11_cst_pirates_of_sartosa|wh2_dlc11_cst_pirates_of_sartosa_separatists|wh2_dlc11_cst_the_drowned|wh2_dlc11_cst_the_drowned_separatists|wh2_dlc11_cst_vampire_coast|wh2_dlc11_cst_vampire_coast_encounters|wh2_dlc11_cst_vampire_coast_qb1|wh2_dlc11_cst_vampire_coast_qb2|wh2_dlc11_cst_vampire_coast_qb3|wh2_dlc11_cst_vampire_coast_qb4|wh2_dlc11_cst_vampire_coast_rebellion_rebels|wh2_dlc11_cst_vampire_coast_rebels|wh2_dlc11_cst_vampire_coast_separatists|wh3_dlc21_cst_dead_flag_fleet|wh3_dlc24_cst_vampire_coast_bloated_rebels|wh3_dlc26_cst_vampire_coast_qb1|wh3_dlc26_cst_vampire_coast_qb2|wh3_main_cst_dread_rock_privateers,false,false,true,true,true,true,wh2_dlc11_lore_deep,cst_vampire_fleet_admiral_female,wh2_dlc11_skill_node_set_cst_admiral_fem_deep,,1,general,false,false,,,,wh2_dlc11_skill_node_cst_admiral_fem_magic_deep_04,wh2_dlc11_skill_all_magic_deep_04_denizens_of_the_deep_lord,Denizens of the Deep,"All manner of creatures infest the deep, many who have never - and should never - be seen above the waves.",wh2_dlc11_spell_deep_denizens_of_the_deep.png,3,3,0,0,true,0,1,1,Denizens of the Deep,"All manner of creatures infest the deep, many who have never - and should never - be seen above the waves.",,,,,,wh2_dlc11_effect_ability_wom_cost_denizens_of_the_deep,"Winds of Magic cost: %n for ""Denizens of the Deep""",,character_to_character_own,-2,both,294,false,magic_character.png,magic_character.png,,,,,,,,,,,,,,,,,,,,,,,character_skill_level_to_effects_junctions_tables,wh2_dlc11_skill_all_magic_deep_04_denizens_of_the_deep_lord|wh2_dlc11_effect_ability_wom_cost_denizens_of_the_deep|1|character_to_character_own
node,warhammer_3,8.1.1,24237342,Vampire Coast,vampire_coast,wh2_dlc11_sc_cst_vampire_coast,Vampire Fleet Admiral (Deep),Vampire_Fleet_Admiral_Deep__admiral_fem_deep,lord,wh2_dlc11_cst_admiral_fem_deep,general,general,wh2_dlc11_cst_noctilus|wh2_dlc11_cst_noctilus_separatists|wh2_dlc11_cst_pirates_of_sartosa|wh2_dlc11_cst_pirates_of_sartosa_separatists|wh2_dlc11_cst_the_drowned|wh2_dlc11_cst_the_drowned_separatists|wh2_dlc11_cst_vampire_coast|wh2_dlc11_cst_vampire_coast_encounters|wh2_dlc11_cst_vampire_coast_qb1|wh2_dlc11_cst_vampire_coast_qb2|wh2_dlc11_cst_vampire_coast_qb3|wh2_dlc11_cst_vampire_coast_qb4|wh2_dlc11_cst_vampire_coast_rebellion_rebels|wh2_dlc11_cst_vampire_coast_rebels|wh2_dlc11_cst_vampire_coast_separatists|wh3_dlc21_cst_dead_flag_fleet|wh3_dlc24_cst_vampire_coast_bloated_rebels|wh3_dlc26_cst_vampire_coast_qb1|wh3_dlc26_cst_vampire_coast_qb2|wh3_main_cst_dread_rock_privateers,false,false,true,true,true,true,wh2_dlc11_lore_deep,cst_vampire_fleet_admiral_female,wh2_dlc11_skill_node_set_cst_admiral_fem_deep,,1,general,false,false,,,,wh2_dlc11_skill_cst_admiral_fem_deep_army_03,wh2_dlc11_skill_cst_army_3,Black Powder Overload,You can't have too much of a good thing and a bit of what you fancy does no harm.,battle_ammo.png,3,4,0,0,true,0,3,,,,,,,,,,,,,,,,,,,,,,,,,,,,,,,,,,,,,,,,,character_skill_nodes_tables,wh2_dlc11_skill_cst_admiral_fem_deep_army_03
effect,warhammer_3,8.1.1,24237342,Vampire Coast,vampire_coast,wh2_dlc11_sc_cst_vampire_coast,Vampire Fleet Admiral (Deep),Vampire_Fleet_Admiral_Deep__admiral_fem_deep,lord,wh2_dlc11_cst_admiral_fem_deep,general,general,wh2_dlc11_cst_noctilus|wh2_dlc11_cst_noctilus_separatists|wh2_dlc11_cst_pirates_of_sartosa|wh2_dlc11_cst_pirates_of_sartosa_separatists|wh2_dlc11_cst_the_drowned|wh2_dlc11_cst_the_drowned_separatists|wh2_dlc11_cst_vampire_coast|wh2_dlc11_cst_vampire_coast_encounters|wh2_dlc11_cst_vampire_coast_qb1|wh2_dlc11_cst_vampire_coast_qb2|wh2_dlc11_cst_vampire_coast_qb3|wh2_dlc11_cst_vampire_coast_qb4|wh2_dlc11_cst_vampire_coast_rebellion_rebels|wh2_dlc11_cst_vampire_coast_rebels|wh2_dlc11_cst_vampire_coast_separatists|wh3_dlc21_cst_dead_flag_fleet|wh3_dlc24_cst_vampire_coast_bloated_rebels|wh3_dlc26_cst_vampire_coast_qb1|wh3_dlc26_cst_vampire_coast_qb2|wh3_main_cst_dread_rock_privateers,false,false,true,true,true,true,wh2_dlc11_lore_deep,cst_vampire_fleet_admiral_female,wh2_dlc11_skill_node_set_cst_admiral_fem_deep,,1,general,false,false,,,,wh2_dlc11_skill_cst_admiral_fem_deep_army_03,wh2_dlc11_skill_cst_army_3,Black Powder Overload,You can't have too much of a good thing and a bit of what you fancy does no harm.,battle_ammo.png,3,4,0,0,true,0,3,1,Black Powder Overload,You can't have too much of a good thing and a bit of what you fancy does no harm.,,,,,,wh2_dlc11_effect_force_stat_ammunition_cst_artillery,"Ammunition: %+n% for Carronade, Mortar and Queen Bess units",,general_to_force_own,8,battle,511,true,ammo.png,ammo.png,,,,,,,,,,,,,,,,,,,,,,,character_skill_level_to_effects_junctions_tables,wh2_dlc11_skill_cst_army_3|wh2_dlc11_effect_force_stat_ammunition_cst_artillery|1|general_to_force_own
effect,warhammer_3,8.1.1,24237342,Vampire Coast,vampire_coast,wh2_dlc11_sc_cst_vampire_coast,Vampire Fleet Admiral (Deep),Vampire_Fleet_Admiral_Deep__admiral_fem_deep,lord,wh2_dlc11_cst_admiral_fem_deep,general,general,wh2_dlc11_cst_noctilus|wh2_dlc11_cst_noctilus_separatists|wh2_dlc11_cst_pirates_of_sartosa|wh2_dlc11_cst_pirates_of_sartosa_separatists|wh2_dlc11_cst_the_drowned|wh2_dlc11_cst_the_drowned_separatists|wh2_dlc11_cst_vampire_coast|wh2_dlc11_cst_vampire_coast_encounters|wh2_dlc11_cst_vampire_coast_qb1|wh2_dlc11_cst_vampire_coast_qb2|wh2_dlc11_cst_vampire_coast_qb3|wh2_dlc11_cst_vampire_coast_qb4|wh2_dlc11_cst_vampire_coast_rebellion_rebels|wh2_dlc11_cst_vampire_coast_rebels|wh2_dlc11_cst_vampire_coast_separatists|wh3_dlc21_cst_dead_flag_fleet|wh3_dlc24_cst_vampire_coast_bloated_rebels|wh3_dlc26_cst_vampire_coast_qb1|wh3_dlc26_cst_vampire_coast_qb2|wh3_main_cst_dread_rock_privateers,false,false,true,true,true,true,wh2_dlc11_lore_deep,cst_vampire_fleet_admiral_female,wh2_dlc11_skill_node_set_cst_admiral_fem_deep,,1,general,false,false,,,,wh2_dlc11_skill_cst_admiral_fem_deep_army_03,wh2_dlc11_skill_cst_army_3,Black Powder Overload,You can't have too much of a good thing and a bit of what you fancy does no harm.,battle_ammo.png,3,4,0,0,true,0,3,2,Black Powder Overload,You can't have too much of a good thing and a bit of what you fancy does no harm.,,,,,,wh2_dlc11_effect_force_stat_ammunition_cst_artillery,"Ammunition: %+n% for Carronade, Mortar and Queen Bess units",,general_to_force_own,12,battle,511,true,ammo.png,ammo.png,,,,,,,,,,,,,,,,,,,,,,,character_skill_level_to_effects_junctions_tables,wh2_dlc11_skill_cst_army_3|wh2_dlc11_effect_force_stat_ammunition_cst_artillery|2|general_to_force_own
effect,warhammer_3,8.1.1,24237342,Vampire Coast,vampire_coast,wh2_dlc11_sc_cst_vampire_coast,Vampire Fleet Admiral (Deep),Vampire_Fleet_Admiral_Deep__admiral_fem_deep,lord,wh2_dlc11_cst_admiral_fem_deep,general,general,wh2_dlc11_cst_noctilus|wh2_dlc11_cst_noctilus_separatists|wh2_dlc11_cst_pirates_of_sartosa|wh2_dlc11_cst_pirates_of_sartosa_separatists|wh2_dlc11_cst_the_drowned|wh2_dlc11_cst_the_drowned_separatists|wh2_dlc11_cst_vampire_coast|wh2_dlc11_cst_vampire_coast_encounters|wh2_dlc11_cst_vampire_coast_qb1|wh2_dlc11_cst_vampire_coast_qb2|wh2_dlc11_cst_vampire_coast_qb3|wh2_dlc11_cst_vampire_coast_qb4|wh2_dlc11_cst_vampire_coast_rebellion_rebels|wh2_dlc11_cst_vampire_coast_rebels|wh2_dlc11_cst_vampire_coast_separatists|wh3_dlc21_cst_dead_flag_fleet|wh3_dlc24_cst_vampire_coast_bloated_rebels|wh3_dlc26_cst_vampire_coast_qb1|wh3_dlc26_cst_vampire_coast_qb2|wh3_main_cst_dread_rock_privateers,false,false,true,true,true,true,wh2_dlc11_lore_deep,cst_vampire_fleet_admiral_female,wh2_dlc11_skill_node_set_cst_admiral_fem_deep,,1,general,false,false,,,,wh2_dlc11_skill_cst_admiral_fem_deep_army_03,wh2_dlc11_skill_cst_army_3,Black Powder Overload,You can't have too much of a good thing and a bit of what you fancy does no harm.,battle_ammo.png,3,4,0,0,true,0,3,2,Black Powder Overload,You can't have too much of a good thing and a bit of what you fancy does no harm.,,,,,,wh2_dlc11_effect_force_stat_missile_damage_cst_artillery,"Missile strength: %+n% for Carronade, Mortar and Queen Bess units",,general_to_force_own,6,battle,541,true,ranged_damage.png,ranged_damage.png,,,,,,,,,,,,,,,,,,,,,,,character_skill_level_to_effects_junctions_tables,wh2_dlc11_skill_cst_army_3|wh2_dlc11_effect_force_stat_missile_damage_cst_artillery|2|general_to_force_own
effect,warhammer_3,8.1.1,24237342,Vampire Coast,vampire_coast,wh2_dlc11_sc_cst_vampire_coast,Vampire Fleet Admiral (Deep),Vampire_Fleet_Admiral_Deep__admiral_fem_deep,lord,wh2_dlc11_cst_admiral_fem_deep,general,general,wh2_dlc11_cst_noctilus|wh2_dlc11_cst_noctilus_separatists|wh2_dlc11_cst_pirates_of_sartosa|wh2_dlc11_cst_pirates_of_sartosa_separatists|wh2_dlc11_cst_the_drowned|wh2_dlc11_cst_the_drowned_separatists|wh2_dlc11_cst_vampire_coast|wh2_dlc11_cst_vampire_coast_encounters|wh2_dlc11_cst_vampire_coast_qb1|wh2_dlc11_cst_vampire_coast_qb2|wh2_dlc11_cst_vampire_coast_qb3|wh2_dlc11_cst_vampire_coast_qb4|wh2_dlc11_cst_vampire_coast_rebellion_rebels|wh2_dlc11_cst_vampire_coast_rebels|wh2_dlc11_cst_vampire_coast_separatists|wh3_dlc21_cst_dead_flag_fleet|wh3_dlc24_cst_vampire_coast_bloated_rebels|wh3_dlc26_cst_vampire_coast_qb1|wh3_dlc26_cst_vampire_coast_qb2|wh3_main_cst_dread_rock_privateers,false,false,true,true,true,true,wh2_dlc11_lore_deep,cst_vampire_fleet_admiral_female,wh2_dlc11_skill_node_set_cst_admiral_fem_deep,,1,general,false,false,,,,wh2_dlc11_skill_cst_admiral_fem_deep_army_03,wh2_dlc11_skill_cst_army_3,Black Powder Overload,You can't have too much of a good thing and a bit of what you fancy does no harm.,battle_ammo.png,3,4,0,0,true,0,3,3,Black Powder Overload,You can't have too much of a good thing and a bit of what you fancy does no harm.,,,,,,wh2_dlc11_effect_force_stat_ammunition_cst_artillery,"Ammunition: %+n% for Carronade, Mortar and Queen Bess units",,general_to_force_own,18,battle,511,true,ammo.png,ammo.png,,,,,,,,,,,,,,,,,,,,,,,character_skill_level_to_effects_junctions_tables,wh2_dlc11_skill_cst_army_3|wh2_dlc11_effect_force_stat_ammunition_cst_artillery|3|general_to_force_own
effect,warhammer_3,8.1.1,24237342,Vampire Coast,vampire_coast,wh2_dlc11_sc_cst_vampire_coast,Vampire Fleet Admiral (Deep),Vampire_Fleet_Admiral_Deep__admiral_fem_deep,lord,wh2_dlc11_cst_admiral_fem_deep,general,general,wh2_dlc11_cst_noctilus|wh2_dlc11_cst_noctilus_separatists|wh2_dlc11_cst_pirates_of_sartosa|wh2_dlc11_cst_pirates_of_sartosa_separatists|wh2_dlc11_cst_the_drowned|wh2_dlc11_cst_the_drowned_separatists|wh2_dlc11_cst_vampire_coast|wh2_dlc11_cst_vampire_coast_encounters|wh2_dlc11_cst_vampire_coast_qb1|wh2_dlc11_cst_vampire_coast_qb2|wh2_dlc11_cst_vampire_coast_qb3|wh2_dlc11_cst_vampire_coast_qb4|wh2_dlc11_cst_vampire_coast_rebellion_rebels|wh2_dlc11_cst_vampire_coast_rebels|wh2_dlc11_cst_vampire_coast_separatists|wh3_dlc21_cst_dead_flag_fleet|wh3_dlc24_cst_vampire_coast_bloated_rebels|wh3_dlc26_cst_vampire_coast_qb1|wh3_dlc26_cst_vampire_coast_qb2|wh3_main_cst_dread_rock_privateers,false,false,true,true,true,true,wh2_dlc11_lore_deep,cst_vampire_fleet_admiral_female,wh2_dlc11_skill_node_set_cst_admiral_fem_deep,,1,general,false,false,,,,wh2_dlc11_skill_cst_admiral_fem_deep_army_03,wh2_dlc11_skill_cst_army_3,Black Powder Overload,You can't have too much of a good thing and a bit of what you fancy does no harm.,battle_ammo.png,3,4,0,0,true,0,3,3,Black Powder Overload,You can't have too much of a good thing and a bit of what you fancy does no harm.,,,,,,wh2_dlc11_effect_force_stat_missile_damage_cst_artillery,"Missile strength: %+n% for Carronade, Mortar and Queen Bess units",,general_to_force_own,8,battle,541,true,ranged_damage.png,ranged_damage.png,,,,,,,,,,,,,,,,,,,,,,,character_skill_level_to_effects_junctions_tables,wh2_dlc11_skill_cst_army_3|wh2_dlc11_effect_force_stat_missile_damage_cst_artillery|3|general_to_force_own
node,warhammer_3,8.1.1,24237342,Vampire Coast,vampire_coast,wh2_dlc11_sc_cst_vampire_coast,Vampire Fleet Admiral (Deep),Vampire_Fleet_Admiral_Deep__admiral_fem_deep,lord,wh2_dlc11_cst_admiral_fem_deep,general,general,wh2_dlc11_cst_noctilus|wh2_dlc11_cst_noctilus_separatists|wh2_dlc11_cst_pirates_of_sartosa|wh2_dlc11_cst_pirates_of_sartosa_separatists|wh2_dlc11_cst_the_drowned|wh2_dlc11_cst_the_drowned_separatists|wh2_dlc11_cst_vampire_coast|wh2_dlc11_cst_vampire_coast_encounters|wh2_dlc11_cst_vampire_coast_qb1|wh2_dlc11_cst_vampire_coast_qb2|wh2_dlc11_cst_vampire_coast_qb3|wh2_dlc11_cst_vampire_coast_qb4|wh2_dlc11_cst_vampire_coast_rebellion_rebels|wh2_dlc11_cst_vampire_coast_rebels|wh2_dlc11_cst_vampire_coast_separatists|wh3_dlc21_cst_dead_flag_fleet|wh3_dlc24_cst_vampire_coast_bloated_rebels|wh3_dlc26_cst_vampire_coast_qb1|wh3_dlc26_cst_vampire_coast_qb2|wh3_main_cst_dread_rock_privateers,false,false,true,true,true,true,wh2_dlc11_lore_deep,cst_vampire_fleet_admiral_female,wh2_dlc11_skill_node_set_cst_admiral_fem_deep,,1,general,false,false,,,,wh2_dlc11_skill_cst_admiral_fem_deep_campaign_03,wh2_dlc11_skill_cst_campaign_3,Freebooter,"If it's not tacked down, this one'll 'ave it and kill anyone who gets in their way.",campaign_item.png,3,5,0,0,true,0,3,,,,,,,,,,,,,,,,,,,,,,,,,,,,,,,,,,,,,,,,,character_skill_nodes_tables,wh2_dlc11_skill_cst_admiral_fem_deep_campaign_03
effect,warhammer_3,8.1.1,24237342,Vampire Coast,vampire_coast,wh2_dlc11_sc_cst_vampire_coast,Vampire Fleet Admiral (Deep),Vampire_Fleet_Admiral_Deep__admiral_fem_deep,lord,wh2_dlc11_cst_admiral_fem_deep,general,general,wh2_dlc11_cst_noctilus|wh2_dlc11_cst_noctilus_separatists|wh2_dlc11_cst_pirates_of_sartosa|wh2_dlc11_cst_pirates_of_sartosa_separatists|wh2_dlc11_cst_the_drowned|wh2_dlc11_cst_the_drowned_separatists|wh2_dlc11_cst_vampire_coast|wh2_dlc11_cst_vampire_coast_encounters|wh2_dlc11_cst_vampire_coast_qb1|wh2_dlc11_cst_vampire_coast_qb2|wh2_dlc11_cst_vampire_coast_qb3|wh2_dlc11_cst_vampire_coast_qb4|wh2_dlc11_cst_vampire_coast_rebellion_rebels|wh2_dlc11_cst_vampire_coast_rebels|wh2_dlc11_cst_vampire_coast_separatists|wh3_dlc21_cst_dead_flag_fleet|wh3_dlc24_cst_vampire_coast_bloated_rebels|wh3_dlc26_cst_vampire_coast_qb1|wh3_dlc26_cst_vampire_coast_qb2|wh3_main_cst_dread_rock_privateers,false,false,true,true,true,true,wh2_dlc11_lore_deep,cst_vampire_fleet_admiral_female,wh2_dlc11_skill_node_set_cst_admiral_fem_deep,,1,general,false,false,,,,wh2_dlc11_skill_cst_admiral_fem_deep_campaign_03,wh2_dlc11_skill_cst_campaign_3,Freebooter,"If it's not tacked down, this one'll 'ave it and kill anyone who gets in their way.",campaign_item.png,3,5,0,0,true,0,3,1,Freebooter,"If it's not tacked down, this one'll 'ave it and kill anyone who gets in their way.",,,,,,wh_main_effect_character_mod_ancillary_steal,Post battle chance of stealing a magic item: %+n%,,character_to_army_general_own_unseen,5,campaign,8,true,item_ability.png,item_ability.png,,,,,,,,,,,,,,,,,,,,,,,character_skill_level_to_effects_junctions_tables,wh2_dlc11_skill_cst_campaign_3|wh_main_effect_character_mod_ancillary_steal|1|character_to_army_general_own_unseen
effect,warhammer_3,8.1.1,24237342,Vampire Coast,vampire_coast,wh2_dlc11_sc_cst_vampire_coast,Vampire Fleet Admiral (Deep),Vampire_Fleet_Admiral_Deep__admiral_fem_deep,lord,wh2_dlc11_cst_admiral_fem_deep,general,general,wh2_dlc11_cst_noctilus|wh2_dlc11_cst_noctilus_separatists|wh2_dlc11_cst_pirates_of_sartosa|wh2_dlc11_cst_pirates_of_sartosa_separatists|wh2_dlc11_cst_the_drowned|wh2_dlc11_cst_the_drowned_separatists|wh2_dlc11_cst_vampire_coast|wh2_dlc11_cst_vampire_coast_encounters|wh2_dlc11_cst_vampire_coast_qb1|wh2_dlc11_cst_vampire_coast_qb2|wh2_dlc11_cst_vampire_coast_qb3|wh2_dlc11_cst_vampire_coast_qb4|wh2_dlc11_cst_vampire_coast_rebellion_rebels|wh2_dlc11_cst_vampire_coast_rebels|wh2_dlc11_cst_vampire_coast_separatists|wh3_dlc21_cst_dead_flag_fleet|wh3_dlc24_cst_vampire_coast_bloated_rebels|wh3_dlc26_cst_vampire_coast_qb1|wh3_dlc26_cst_vampire_coast_qb2|wh3_main_cst_dread_rock_privateers,false,false,true,true,true,true,wh2_dlc11_lore_deep,cst_vampire_fleet_admiral_female,wh2_dlc11_skill_node_set_cst_admiral_fem_deep,,1,general,false,false,,,,wh2_dlc11_skill_cst_admiral_fem_deep_campaign_03,wh2_dlc11_skill_cst_campaign_3,Freebooter,"If it's not tacked down, this one'll 'ave it and kill anyone who gets in their way.",campaign_item.png,3,5,0,0,true,0,3,1,Freebooter,"If it's not tacked down, this one'll 'ave it and kill anyone who gets in their way.",,,,,,wh_main_effect_force_all_campaign_post_battle_loot_mod,Income from post-battle loot: %+n%,,character_to_character_own,9,campaign,101,true,income.png,income.png,,,,,,,,,,,,,,,,,,,,,,,character_skill_level_to_effects_junctions_tables,wh2_dlc11_skill_cst_campaign_3|wh_main_effect_force_all_campaign_post_battle_loot_mod|1|character_to_character_own
effect,warhammer_3,8.1.1,24237342,Vampire Coast,vampire_coast,wh2_dlc11_sc_cst_vampire_coast,Vampire Fleet Admiral (Deep),Vampire_Fleet_Admiral_Deep__admiral_fem_deep,lord,wh2_dlc11_cst_admiral_fem_deep,general,general,wh2_dlc11_cst_noctilus|wh2_dlc11_cst_noctilus_separatists|wh2_dlc11_cst_pirates_of_sartosa|wh2_dlc11_cst_pirates_of_sartosa_separatists|wh2_dlc11_cst_the_drowned|wh2_dlc11_cst_the_drowned_separatists|wh2_dlc11_cst_vampire_coast|wh2_dlc11_cst_vampire_coast_encounters|wh2_dlc11_cst_vampire_coast_qb1|wh2_dlc11_cst_vampire_coast_qb2|wh2_dlc11_cst_vampire_coast_qb3|wh2_dlc11_cst_vampire_coast_qb4|wh2_dlc11_cst_vampire_coast_rebellion_rebels|wh2_dlc11_cst_vampire_coast_rebels|wh2_dlc11_cst_vampire_coast_separatists|wh3_dlc21_cst_dead_flag_fleet|wh3_dlc24_cst_vampire_coast_bloated_rebels|wh3_dlc26_cst_vampire_coast_qb1|wh3_dlc26_cst_vampire_coast_qb2|wh3_main_cst_dread_rock_privateers,false,false,true,true,true,true,wh2_dlc11_lore_deep,cst_vampire_fleet_admiral_female,wh2_dlc11_skill_node_set_cst_admiral_fem_deep,,1,general,false,false,,,,wh2_dlc11_skill_cst_admiral_fem_deep_campaign_03,wh2_dlc11_skill_cst_campaign_3,Freebooter,"If it's not tacked down, this one'll 'ave it and kill anyone who gets in their way.",campaign_item.png,3,5,0,0,true,0,3,2,Freebooter,"If it's not tacked down, this one'll 'ave it and kill anyone who gets in their way.",,,,,,wh_main_effect_character_mod_ancillary_steal,Post battle chance of stealing a magic item: %+n%,,character_to_army_general_own_unseen,10,campaign,8,true,item_ability.png,item_ability.png,,,,,,,,,,,,,,,,,,,,,,,character_skill_level_to_effects_junctions_tables,wh2_dlc11_skill_cst_campaign_3|wh_main_effect_character_mod_ancillary_steal|2|character_to_army_general_own_unseen
effect,warhammer_3,8.1.1,24237342,Vampire Coast,vampire_coast,wh2_dlc11_sc_cst_vampire_coast,Vampire Fleet Admiral (Deep),Vampire_Fleet_Admiral_Deep__admiral_fem_deep,lord,wh2_dlc11_cst_admiral_fem_deep,general,general,wh2_dlc11_cst_noctilus|wh2_dlc11_cst_noctilus_separatists|wh2_dlc11_cst_pirates_of_sartosa|wh2_dlc11_cst_pirates_of_sartosa_separatists|wh2_dlc11_cst_the_drowned|wh2_dlc11_cst_the_drowned_separatists|wh2_dlc11_cst_vampire_coast|wh2_dlc11_cst_vampire_coast_encounters|wh2_dlc11_cst_vampire_coast_qb1|wh2_dlc11_cst_vampire_coast_qb2|wh2_dlc11_cst_vampire_coast_qb3|wh2_dlc11_cst_vampire_coast_qb4|wh2_dlc11_cst_vampire_coast_rebellion_rebels|wh2_dlc11_cst_vampire_coast_rebels|wh2_dlc11_cst_vampire_coast_separatists|wh3_dlc21_cst_dead_flag_fleet|wh3_dlc24_cst_vampire_coast_bloated_rebels|wh3_dlc26_cst_vampire_coast_qb1|wh3_dlc26_cst_vampire_coast_qb2|wh3_main_cst_dread_rock_privateers,false,false,true,true,true,true,wh2_dlc11_lore_deep,cst_vampire_fleet_admiral_female,wh2_dlc11_skill_node_set_cst_admiral_fem_deep,,1,general,false,false,,,,wh2_dlc11_skill_cst_admiral_fem_deep_campaign_03,wh2_dlc11_skill_cst_campaign_3,Freebooter,"If it's not tacked down, this one'll 'ave it and kill anyone who gets in their way.",campaign_item.png,3,5,0,0,true,0,3,2,Freebooter,"If it's not tacked down, this one'll 'ave it and kill anyone who gets in their way.",,,,,,wh_main_effect_force_all_campaign_post_battle_loot_mod,Income from post-battle loot: %+n%,,character_to_character_own,12,campaign,101,true,income.png,income.png,,,,,,,,,,,,,,,,,,,,,,,character_skill_level_to_effects_junctions_tables,wh2_dlc11_skill_cst_campaign_3|wh_main_effect_force_all_campaign_post_battle_loot_mod|2|character_to_character_own
effect,warhammer_3,8.1.1,24237342,Vampire Coast,vampire_coast,wh2_dlc11_sc_cst_vampire_coast,Vampire Fleet Admiral (Deep),Vampire_Fleet_Admiral_Deep__admiral_fem_deep,lord,wh2_dlc11_cst_admiral_fem_deep,general,general,wh2_dlc11_cst_noctilus|wh2_dlc11_cst_noctilus_separatists|wh2_dlc11_cst_pirates_of_sartosa|wh2_dlc11_cst_pirates_of_sartosa_separatists|wh2_dlc11_cst_the_drowned|wh2_dlc11_cst_the_drowned_separatists|wh2_dlc11_cst_vampire_coast|wh2_dlc11_cst_vampire_coast_encounters|wh2_dlc11_cst_vampire_coast_qb1|wh2_dlc11_cst_vampire_coast_qb2|wh2_dlc11_cst_vampire_coast_qb3|wh2_dlc11_cst_vampire_coast_qb4|wh2_dlc11_cst_vampire_coast_rebellion_rebels|wh2_dlc11_cst_vampire_coast_rebels|wh2_dlc11_cst_vampire_coast_separatists|wh3_dlc21_cst_dead_flag_fleet|wh3_dlc24_cst_vampire_coast_bloated_rebels|wh3_dlc26_cst_vampire_coast_qb1|wh3_dlc26_cst_vampire_coast_qb2|wh3_main_cst_dread_rock_privateers,false,false,true,true,true,true,wh2_dlc11_lore_deep,cst_vampire_fleet_admiral_female,wh2_dlc11_skill_node_set_cst_admiral_fem_deep,,1,general,false,false,,,,wh2_dlc11_skill_cst_admiral_fem_deep_campaign_03,wh2_dlc11_skill_cst_campaign_3,Freebooter,"If it's not tacked down, this one'll 'ave it and kill anyone who gets in their way.",campaign_item.png,3,5,0,0,true,0,3,3,Freebooter,"If it's not tacked down, this one'll 'ave it and kill anyone who gets in their way.",,,,,,wh_main_effect_character_mod_ancillary_steal,Post battle chance of stealing a magic item: %+n%,,character_to_army_general_own_unseen,15,campaign,8,true,item_ability.png,item_ability.png,,,,,,,,,,,,,,,,,,,,,,,character_skill_level_to_effects_junctions_tables,wh2_dlc11_skill_cst_campaign_3|wh_main_effect_character_mod_ancillary_steal|3|character_to_army_general_own_unseen
effect,warhammer_3,8.1.1,24237342,Vampire Coast,vampire_coast,wh2_dlc11_sc_cst_vampire_coast,Vampire Fleet Admiral (Deep),Vampire_Fleet_Admiral_Deep__admiral_fem_deep,lord,wh2_dlc11_cst_admiral_fem_deep,general,general,wh2_dlc11_cst_noctilus|wh2_dlc11_cst_noctilus_separatists|wh2_dlc11_cst_pirates_of_sartosa|wh2_dlc11_cst_pirates_of_sartosa_separatists|wh2_dlc11_cst_the_drowned|wh2_dlc11_cst_the_drowned_separatists|wh2_dlc11_cst_vampire_coast|wh2_dlc11_cst_vampire_coast_encounters|wh2_dlc11_cst_vampire_coast_qb1|wh2_dlc11_cst_vampire_coast_qb2|wh2_dlc11_cst_vampire_coast_qb3|wh2_dlc11_cst_vampire_coast_qb4|wh2_dlc11_cst_vampire_coast_rebellion_rebels|wh2_dlc11_cst_vampire_coast_rebels|wh2_dlc11_cst_vampire_coast_separatists|wh3_dlc21_cst_dead_flag_fleet|wh3_dlc24_cst_vampire_coast_bloated_rebels|wh3_dlc26_cst_vampire_coast_qb1|wh3_dlc26_cst_vampire_coast_qb2|wh3_main_cst_dread_rock_privateers,false,false,true,true,true,true,wh2_dlc11_lore_deep,cst_vampire_fleet_admiral_female,wh2_dlc11_skill_node_set_cst_admiral_fem_deep,,1,general,false,false,,,,wh2_dlc11_skill_cst_admiral_fem_deep_campaign_03,wh2_dlc11_skill_cst_campaign_3,Freebooter,"If it's not tacked down, this one'll 'ave it and kill anyone who gets in their way.",campaign_item.png,3,5,0,0,true,0,3,3,Freebooter,"If it's not tacked down, this one'll 'ave it and kill anyone who gets in their way.",,,,,,wh_main_effect_force_all_campaign_post_battle_loot_mod,Income from post-battle loot: %+n%,,character_to_character_own,15,campaign,101,true,income.png,income.png,,,,,,,,,,,,,,,,,,,,,,,character_skill_level_to_effects_junctions_tables,wh2_dlc11_skill_cst_campaign_3|wh_main_effect_force_all_campaign_post_battle_loot_mod|3|character_to_character_own
node,warhammer_3,8.1.1,24237342,Vampire Coast,vampire_coast,wh2_dlc11_sc_cst_vampire_coast,Vampire Fleet Admiral (Deep),Vampire_Fleet_Admiral_Deep__admiral_fem_deep,lord,wh2_dlc11_cst_admiral_fem_deep,general,general,wh2_dlc11_cst_noctilus|wh2_dlc11_cst_noctilus_separatists|wh2_dlc11_cst_pirates_of_sartosa|wh2_dlc11_cst_pirates_of_sartosa_separatists|wh2_dlc11_cst_the_drowned|wh2_dlc11_cst_the_drowned_separatists|wh2_dlc11_cst_vampire_coast|wh2_dlc11_cst_vampire_coast_encounters|wh2_dlc11_cst_vampire_coast_qb1|wh2_dlc11_cst_vampire_coast_qb2|wh2_dlc11_cst_vampire_coast_qb3|wh2_dlc11_cst_vampire_coast_qb4|wh2_dlc11_cst_vampire_coast_rebellion_rebels|wh2_dlc11_cst_vampire_coast_rebels|wh2_dlc11_cst_vampire_coast_separatists|wh3_dlc21_cst_dead_flag_fleet|wh3_dlc24_cst_vampire_coast_bloated_rebels|wh3_dlc26_cst_vampire_coast_qb1|wh3_dlc26_cst_vampire_coast_qb2|wh3_main_cst_dread_rock_privateers,false,false,true,true,true,true,wh2_dlc11_lore_deep,cst_vampire_fleet_admiral_female,wh2_dlc11_skill_node_set_cst_admiral_fem_deep,,1,general,false,false,,,,wh2_dlc11_skill_node_cst_admiral_fem_deep_innate_03,wh2_dlc11_skill_innate_cst_ringleader,Instigator,"It takes more than mere muscle to be leader, you must also know how to make money and how to inflict pain - a lot of pain.",trait_navy.png,3,6,0,0,false,0,1,,,,,,,,,,,,,,,,,,,,,,,,,,,,,,,,,,,,,,,,,character_skill_nodes_tables,wh2_dlc11_skill_node_cst_admiral_fem_deep_innate_03
effect,warhammer_3,8.1.1,24237342,Vampire Coast,vampire_coast,wh2_dlc11_sc_cst_vampire_coast,Vampire Fleet Admiral (Deep),Vampire_Fleet_Admiral_Deep__admiral_fem_deep,lord,wh2_dlc11_cst_admiral_fem_deep,general,general,wh2_dlc11_cst_noctilus|wh2_dlc11_cst_noctilus_separatists|wh2_dlc11_cst_pirates_of_sartosa|wh2_dlc11_cst_pirates_of_sartosa_separatists|wh2_dlc11_cst_the_drowned|wh2_dlc11_cst_the_drowned_separatists|wh2_dlc11_cst_vampire_coast|wh2_dlc11_cst_vampire_coast_encounters|wh2_dlc11_cst_vampire_coast_qb1|wh2_dlc11_cst_vampire_coast_qb2|wh2_dlc11_cst_vampire_coast_qb3|wh2_dlc11_cst_vampire_coast_qb4|wh2_dlc11_cst_vampire_coast_rebellion_rebels|wh2_dlc11_cst_vampire_coast_rebels|wh2_dlc11_cst_vampire_coast_separatists|wh3_dlc21_cst_dead_flag_fleet|wh3_dlc24_cst_vampire_coast_bloated_rebels|wh3_dlc26_cst_vampire_coast_qb1|wh3_dlc26_cst_vampire_coast_qb2|wh3_main_cst_dread_rock_privateers,false,false,true,true,true,true,wh2_dlc11_lore_deep,cst_vampire_fleet_admiral_female,wh2_dlc11_skill_node_set_cst_admiral_fem_deep,,1,general,false,false,,,,wh2_dlc11_skill_node_cst_admiral_fem_deep_innate_03,wh2_dlc11_skill_innate_cst_ringleader,Instigator,"It takes more than mere muscle to be leader, you must also know how to make money and how to inflict pain - a lot of pain.",trait_navy.png,3,6,0,0,false,0,1,1,Instigator,"It takes more than mere muscle to be leader, you must also know how to make money and how to inflict pain - a lot of pain.",,,,,,wh_main_effect_force_all_campaign_experience_base_all,Recruit rank: %+n for all units,,general_to_force_own,1,campaign,117,true,experience.png,experience.png,,,,,,,,,,,,,,,,,,,,,,,character_skill_level_to_effects_junctions_tables,wh2_dlc11_skill_innate_cst_ringleader|wh_main_effect_force_all_campaign_experience_base_all|1|general_to_force_own
effect,warhammer_3,8.1.1,24237342,Vampire Coast,vampire_coast,wh2_dlc11_sc_cst_vampire_coast,Vampire Fleet Admiral (Deep),Vampire_Fleet_Admiral_Deep__admiral_fem_deep,lord,wh2_dlc11_cst_admiral_fem_deep,general,general,wh2_dlc11_cst_noctilus|wh2_dlc11_cst_noctilus_separatists|wh2_dlc11_cst_pirates_of_sartosa|wh2_dlc11_cst_pirates_of_sartosa_separatists|wh2_dlc11_cst_the_drowned|wh2_dlc11_cst_the_drowned_separatists|wh2_dlc11_cst_vampire_coast|wh2_dlc11_cst_vampire_coast_encounters|wh2_dlc11_cst_vampire_coast_qb1|wh2_dlc11_cst_vampire_coast_qb2|wh2_dlc11_cst_vampire_coast_qb3|wh2_dlc11_cst_vampire_coast_qb4|wh2_dlc11_cst_vampire_coast_rebellion_rebels|wh2_dlc11_cst_vampire_coast_rebels|wh2_dlc11_cst_vampire_coast_separatists|wh3_dlc21_cst_dead_flag_fleet|wh3_dlc24_cst_vampire_coast_bloated_rebels|wh3_dlc26_cst_vampire_coast_qb1|wh3_dlc26_cst_vampire_coast_qb2|wh3_main_cst_dread_rock_privateers,false,false,true,true,true,true,wh2_dlc11_lore_deep,cst_vampire_fleet_admiral_female,wh2_dlc11_skill_node_set_cst_admiral_fem_deep,,1,general,false,false,,,,wh2_dlc11_skill_node_cst_admiral_fem_deep_innate_03,wh2_dlc11_skill_innate_cst_ringleader,Instigator,"It takes more than mere muscle to be leader, you must also know how to make money and how to inflict pain - a lot of pain.",trait_navy.png,3,6,0,0,false,0,1,1,Instigator,"It takes more than mere muscle to be leader, you must also know how to make money and how to inflict pain - a lot of pain.",,,,,,wh2_dlc11_cst_lord_innate_mastermind_dummy,Mastermind: Loyalty decline rate is lowered,,character_to_character_own,-500,campaign,2,false,loyalty.png,loyalty.png,,,,,,,,,,,,,,,,,,,,,,,character_skill_level_to_effects_junctions_tables,wh2_dlc11_skill_innate_cst_ringleader|wh2_dlc11_cst_lord_innate_mastermind_dummy|1|character_to_character_own
effect,warhammer_3,8.1.1,24237342,Vampire Coast,vampire_coast,wh2_dlc11_sc_cst_vampire_coast,Vampire Fleet Admiral (Deep),Vampire_Fleet_Admiral_Deep__admiral_fem_deep,lord,wh2_dlc11_cst_admiral_fem_deep,general,general,wh2_dlc11_cst_noctilus|wh2_dlc11_cst_noctilus_separatists|wh2_dlc11_cst_pirates_of_sartosa|wh2_dlc11_cst_pirates_of_sartosa_separatists|wh2_dlc11_cst_the_drowned|wh2_dlc11_cst_the_drowned_separatists|wh2_dlc11_cst_vampire_coast|wh2_dlc11_cst_vampire_coast_encounters|wh2_dlc11_cst_vampire_coast_qb1|wh2_dlc11_cst_vampire_coast_qb2|wh2_dlc11_cst_vampire_coast_qb3|wh2_dlc11_cst_vampire_coast_qb4|wh2_dlc11_cst_vampire_coast_rebellion_rebels|wh2_dlc11_cst_vampire_coast_rebels|wh2_dlc11_cst_vampire_coast_separatists|wh3_dlc21_cst_dead_flag_fleet|wh3_dlc24_cst_vampire_coast_bloated_rebels|wh3_dlc26_cst_vampire_coast_qb1|wh3_dlc26_cst_vampire_coast_qb2|wh3_main_cst_dread_rock_privateers,false,false,true,true,true,true,wh2_dlc11_lore_deep,cst_vampire_fleet_admiral_female,wh2_dlc11_skill_node_set_cst_admiral_fem_deep,,1,general,false,false,,,,wh2_dlc11_skill_node_cst_admiral_fem_deep_innate_03,wh2_dlc11_skill_innate_cst_ringleader,Instigator,"It takes more than mere muscle to be leader, you must also know how to make money and how to inflict pain - a lot of pain.",trait_navy.png,3,6,0,0,false,0,1,1,Instigator,"It takes more than mere muscle to be leader, you must also know how to make money and how to inflict pain - a lot of pain.",,,,,,wh2_dlc11_skill_innate_cst_ringleader_dummy,Gain loyalty from recruiting and fighting with other pirate [[img:icon_general]][[/img]]Lords in battle,,character_to_character_own,1,campaign,1,true,loyalty.png,loyalty.png,,,,,,,,,,,,,,,,,,,,,,,character_skill_level_to_effects_junctions_tables,wh2_dlc11_skill_innate_cst_ringleader|wh2_dlc11_skill_innate_cst_ringleader_dummy|1|character_to_character_own
effect,warhammer_3,8.1.1,24237342,Vampire Coast,vampire_coast,wh2_dlc11_sc_cst_vampire_coast,Vampire Fleet Admiral (Deep),Vampire_Fleet_Admiral_Deep__admiral_fem_deep,lord,wh2_dlc11_cst_admiral_fem_deep,general,general,wh2_dlc11_cst_noctilus|wh2_dlc11_cst_noctilus_separatists|wh2_dlc11_cst_pirates_of_sartosa|wh2_dlc11_cst_pirates_of_sartosa_separatists|wh2_dlc11_cst_the_drowned|wh2_dlc11_cst_the_drowned_separatists|wh2_dlc11_cst_vampire_coast|wh2_dlc11_cst_vampire_coast_encounters|wh2_dlc11_cst_vampire_coast_qb1|wh2_dlc11_cst_vampire_coast_qb2|wh2_dlc11_cst_vampire_coast_qb3|wh2_dlc11_cst_vampire_coast_qb4|wh2_dlc11_cst_vampire_coast_rebellion_rebels|wh2_dlc11_cst_vampire_coast_rebels|wh2_dlc11_cst_vampire_coast_separatists|wh3_dlc21_cst_dead_flag_fleet|wh3_dlc24_cst_vampire_coast_bloated_rebels|wh3_dlc26_cst_vampire_coast_qb1|wh3_dlc26_cst_vampire_coast_qb2|wh3_main_cst_dread_rock_privateers,false,false,true,true,true,true,wh2_dlc11_lore_deep,cst_vampire_fleet_admiral_female,wh2_dlc11_skill_node_set_cst_admiral_fem_deep,,1,general,false,false,,,,wh2_dlc11_skill_node_cst_admiral_fem_deep_innate_03,wh2_dlc11_skill_innate_cst_ringleader,Instigator,"It takes more than mere muscle to be leader, you must also know how to make money and how to inflict pain - a lot of pain.",trait_navy.png,3,6,0,0,false,0,1,1,Instigator,"It takes more than mere muscle to be leader, you must also know how to make money and how to inflict pain - a lot of pain.",,,,,,wh3_dlc20_effect_xp_gain_all_units,Unit experience gain: %+n%,,general_to_force_own,25,battle,611,true,experience.png,experience.png,,,,,,,,,,,,,,,,,,,,,,,character_skill_level_to_effects_junctions_tables,wh2_dlc11_skill_innate_cst_ringleader|wh3_dlc20_effect_xp_gain_all_units|1|general_to_force_own
effect,warhammer_3,8.1.1,24237342,Vampire Coast,vampire_coast,wh2_dlc11_sc_cst_vampire_coast,Vampire Fleet Admiral (Deep),Vampire_Fleet_Admiral_Deep__admiral_fem_deep,lord,wh2_dlc11_cst_admiral_fem_deep,general,general,wh2_dlc11_cst_noctilus|wh2_dlc11_cst_noctilus_separatists|wh2_dlc11_cst_pirates_of_sartosa|wh2_dlc11_cst_pirates_of_sartosa_separatists|wh2_dlc11_cst_the_drowned|wh2_dlc11_cst_the_drowned_separatists|wh2_dlc11_cst_vampire_coast|wh2_dlc11_cst_vampire_coast_encounters|wh2_dlc11_cst_vampire_coast_qb1|wh2_dlc11_cst_vampire_coast_qb2|wh2_dlc11_cst_vampire_coast_qb3|wh2_dlc11_cst_vampire_coast_qb4|wh2_dlc11_cst_vampire_coast_rebellion_rebels|wh2_dlc11_cst_vampire_coast_rebels|wh2_dlc11_cst_vampire_coast_separatists|wh3_dlc21_cst_dead_flag_fleet|wh3_dlc24_cst_vampire_coast_bloated_rebels|wh3_dlc26_cst_vampire_coast_qb1|wh3_dlc26_cst_vampire_coast_qb2|wh3_main_cst_dread_rock_privateers,false,false,true,true,true,true,wh2_dlc11_lore_deep,cst_vampire_fleet_admiral_female,wh2_dlc11_skill_node_set_cst_admiral_fem_deep,,1,general,false,false,,,,wh2_dlc11_skill_node_cst_admiral_fem_deep_innate_03,wh2_dlc11_skill_innate_cst_ringleader,Instigator,"It takes more than mere muscle to be leader, you must also know how to make money and how to inflict pain - a lot of pain.",trait_navy.png,3,6,0,0,false,0,1,1,Instigator,"It takes more than mere muscle to be leader, you must also know how to make money and how to inflict pain - a lot of pain.",,,,,,wh3_main_effect_ability_enable_inspired_assault_ii,"Ability: ""Inspired Assault II""",,character_to_character_own,1,battle,300,true,general_ability.png,general_ability.png,,,,,,,,,,,,,,,,,,,,,,,character_skill_level_to_effects_junctions_tables,wh2_dlc11_skill_innate_cst_ringleader|wh3_main_effect_ability_enable_inspired_assault_ii|1|character_to_character_own
node,warhammer_3,8.1.1,24237342,Vampire Coast,vampire_coast,wh2_dlc11_sc_cst_vampire_coast,Vampire Fleet Admiral (Deep),Vampire_Fleet_Admiral_Deep__admiral_fem_deep,lord,wh2_dlc11_cst_admiral_fem_deep,general,general,wh2_dlc11_cst_noctilus|wh2_dlc11_cst_noctilus_separatists|wh2_dlc11_cst_pirates_of_sartosa|wh2_dlc11_cst_pirates_of_sartosa_separatists|wh2_dlc11_cst_the_drowned|wh2_dlc11_cst_the_drowned_separatists|wh2_dlc11_cst_vampire_coast|wh2_dlc11_cst_vampire_coast_encounters|wh2_dlc11_cst_vampire_coast_qb1|wh2_dlc11_cst_vampire_coast_qb2|wh2_dlc11_cst_vampire_coast_qb3|wh2_dlc11_cst_vampire_coast_qb4|wh2_dlc11_cst_vampire_coast_rebellion_rebels|wh2_dlc11_cst_vampire_coast_rebels|wh2_dlc11_cst_vampire_coast_separatists|wh3_dlc21_cst_dead_flag_fleet|wh3_dlc24_cst_vampire_coast_bloated_rebels|wh3_dlc26_cst_vampire_coast_qb1|wh3_dlc26_cst_vampire_coast_qb2|wh3_main_cst_dread_rock_privateers,false,false,true,true,true,true,wh2_dlc11_lore_deep,cst_vampire_fleet_admiral_female,wh2_dlc11_skill_node_set_cst_admiral_fem_deep,,1,general,false,false,,,,wh2_dlc11_skill_cst_admiral_fem_deep_crime_04,wh2_dlc11_skill_cst_lord_crime_2_sword,Poacher,"The beasts of the world belong to everyone, never a single individual.",wh2_dlc11_poacher.png,4,1,0,0,true,0,1,,,,,,,,,,,,,,,,,,,,,,,,,,,,,,,,,,,,,,,,,character_skill_nodes_tables,wh2_dlc11_skill_cst_admiral_fem_deep_crime_04
skill_level,warhammer_3,8.1.1,24237342,Vampire Coast,vampire_coast,wh2_dlc11_sc_cst_vampire_coast,Vampire Fleet Admiral (Deep),Vampire_Fleet_Admiral_Deep__admiral_fem_deep,lord,wh2_dlc11_cst_admiral_fem_deep,general,general,wh2_dlc11_cst_noctilus|wh2_dlc11_cst_noctilus_separatists|wh2_dlc11_cst_pirates_of_sartosa|wh2_dlc11_cst_pirates_of_sartosa_separatists|wh2_dlc11_cst_the_drowned|wh2_dlc11_cst_the_drowned_separatists|wh2_dlc11_cst_vampire_coast|wh2_dlc11_cst_vampire_coast_encounters|wh2_dlc11_cst_vampire_coast_qb1|wh2_dlc11_cst_vampire_coast_qb2|wh2_dlc11_cst_vampire_coast_qb3|wh2_dlc11_cst_vampire_coast_qb4|wh2_dlc11_cst_vampire_coast_rebellion_rebels|wh2_dlc11_cst_vampire_coast_rebels|wh2_dlc11_cst_vampire_coast_separatists|wh3_dlc21_cst_dead_flag_fleet|wh3_dlc24_cst_vampire_coast_bloated_rebels|wh3_dlc26_cst_vampire_coast_qb1|wh3_dlc26_cst_vampire_coast_qb2|wh3_main_cst_dread_rock_privateers,false,false,true,true,true,true,wh2_dlc11_lore_deep,cst_vampire_fleet_admiral_female,wh2_dlc11_skill_node_set_cst_admiral_fem_deep,,1,general,false,false,,,,wh2_dlc11_skill_cst_admiral_fem_deep_crime_04,wh2_dlc11_skill_cst_lord_crime_2_sword,Poacher,"The beasts of the world belong to everyone, never a single individual.",wh2_dlc11_poacher.png,4,1,0,0,true,0,1,1,Poacher,"The beasts of the world belong to everyone, never a single individual.",8,x,,,,,,,,,,,,,,,,,,,,,,,,,,,,,,,,,,,,character_skill_level_details_tables,wh2_dlc11_skill_cst_lord_crime_2_sword|1|||
effect,warhammer_3,8.1.1,24237342,Vampire Coast,vampire_coast,wh2_dlc11_sc_cst_vampire_coast,Vampire Fleet Admiral (Deep),Vampire_Fleet_Admiral_Deep__admiral_fem_deep,lord,wh2_dlc11_cst_admiral_fem_deep,general,general,wh2_dlc11_cst_noctilus|wh2_dlc11_cst_noctilus_separatists|wh2_dlc11_cst_pirates_of_sartosa|wh2_dlc11_cst_pirates_of_sartosa_separatists|wh2_dlc11_cst_the_drowned|wh2_dlc11_cst_the_drowned_separatists|wh2_dlc11_cst_vampire_coast|wh2_dlc11_cst_vampire_coast_encounters|wh2_dlc11_cst_vampire_coast_qb1|wh2_dlc11_cst_vampire_coast_qb2|wh2_dlc11_cst_vampire_coast_qb3|wh2_dlc11_cst_vampire_coast_qb4|wh2_dlc11_cst_vampire_coast_rebellion_rebels|wh2_dlc11_cst_vampire_coast_rebels|wh2_dlc11_cst_vampire_coast_separatists|wh3_dlc21_cst_dead_flag_fleet|wh3_dlc24_cst_vampire_coast_bloated_rebels|wh3_dlc26_cst_vampire_coast_qb1|wh3_dlc26_cst_vampire_coast_qb2|wh3_main_cst_dread_rock_privateers,false,false,true,true,true,true,wh2_dlc11_lore_deep,cst_vampire_fleet_admiral_female,wh2_dlc11_skill_node_set_cst_admiral_fem_deep,,1,general,false,false,,,,wh2_dlc11_skill_cst_admiral_fem_deep_crime_04,wh2_dlc11_skill_cst_lord_crime_2_sword,Poacher,"The beasts of the world belong to everyone, never a single individual.",wh2_dlc11_poacher.png,4,1,0,0,true,0,1,1,Poacher,"The beasts of the world belong to everyone, never a single individual.",,,,,,wh_main_effect_character_stat_bonus_vs_infantry,Bonus vs Infantry: %+n,,character_to_character_own,10,both,180,true,bonus_vs_small_character.png,bonus_vs_small_character.png,,,,,,,,,,,,,,,,,,,,,,,character_skill_level_to_effects_junctions_tables,wh2_dlc11_skill_cst_lord_crime_2_sword|wh_main_effect_character_stat_bonus_vs_infantry|1|character_to_character_own
effect,warhammer_3,8.1.1,24237342,Vampire Coast,vampire_coast,wh2_dlc11_sc_cst_vampire_coast,Vampire Fleet Admiral (Deep),Vampire_Fleet_Admiral_Deep__admiral_fem_deep,lord,wh2_dlc11_cst_admiral_fem_deep,general,general,wh2_dlc11_cst_noctilus|wh2_dlc11_cst_noctilus_separatists|wh2_dlc11_cst_pirates_of_sartosa|wh2_dlc11_cst_pirates_of_sartosa_separatists|wh2_dlc11_cst_the_drowned|wh2_dlc11_cst_the_drowned_separatists|wh2_dlc11_cst_vampire_coast|wh2_dlc11_cst_vampire_coast_encounters|wh2_dlc11_cst_vampire_coast_qb1|wh2_dlc11_cst_vampire_coast_qb2|wh2_dlc11_cst_vampire_coast_qb3|wh2_dlc11_cst_vampire_coast_qb4|wh2_dlc11_cst_vampire_coast_rebellion_rebels|wh2_dlc11_cst_vampire_coast_rebels|wh2_dlc11_cst_vampire_coast_separatists|wh3_dlc21_cst_dead_flag_fleet|wh3_dlc24_cst_vampire_coast_bloated_rebels|wh3_dlc26_cst_vampire_coast_qb1|wh3_dlc26_cst_vampire_coast_qb2|wh3_main_cst_dread_rock_privateers,false,false,true,true,true,true,wh2_dlc11_lore_deep,cst_vampire_fleet_admiral_female,wh2_dlc11_skill_node_set_cst_admiral_fem_deep,,1,general,false,false,,,,wh2_dlc11_skill_cst_admiral_fem_deep_crime_04,wh2_dlc11_skill_cst_lord_crime_2_sword,Poacher,"The beasts of the world belong to everyone, never a single individual.",wh2_dlc11_poacher.png,4,1,0,0,true,0,1,1,Poacher,"The beasts of the world belong to everyone, never a single individual.",,,,,,wh2_dlc11_cst_recruit_rank_gunnery_mobs,Recruit rank: %+n for Zombie Pirate Gunnery Mob units,,general_to_force_own,2,campaign,120,true,experience.png,experience.png,,,,,,,,,,,,,,,,,,,,,,,character_skill_level_to_effects_junctions_tables,wh2_dlc11_skill_cst_lord_crime_2_sword|wh2_dlc11_cst_recruit_rank_gunnery_mobs|1|general_to_force_own
skill_lock,warhammer_3,8.1.1,24237342,Vampire Coast,vampire_coast,wh2_dlc11_sc_cst_vampire_coast,Vampire Fleet Admiral (Deep),Vampire_Fleet_Admiral_Deep__admiral_fem_deep,lord,wh2_dlc11_cst_admiral_fem_deep,general,general,wh2_dlc11_cst_noctilus|wh2_dlc11_cst_noctilus_separatists|wh2_dlc11_cst_pirates_of_sartosa|wh2_dlc11_cst_pirates_of_sartosa_separatists|wh2_dlc11_cst_the_drowned|wh2_dlc11_cst_the_drowned_separatists|wh2_dlc11_cst_vampire_coast|wh2_dlc11_cst_vampire_coast_encounters|wh2_dlc11_cst_vampire_coast_qb1|wh2_dlc11_cst_vampire_coast_qb2|wh2_dlc11_cst_vampire_coast_qb3|wh2_dlc11_cst_vampire_coast_qb4|wh2_dlc11_cst_vampire_coast_rebellion_rebels|wh2_dlc11_cst_vampire_coast_rebels|wh2_dlc11_cst_vampire_coast_separatists|wh3_dlc21_cst_dead_flag_fleet|wh3_dlc24_cst_vampire_coast_bloated_rebels|wh3_dlc26_cst_vampire_coast_qb1|wh3_dlc26_cst_vampire_coast_qb2|wh3_main_cst_dread_rock_privateers,false,false,true,true,true,true,wh2_dlc11_lore_deep,cst_vampire_fleet_admiral_female,wh2_dlc11_skill_node_set_cst_admiral_fem_deep,,1,general,false,false,,,,wh2_dlc11_skill_cst_admiral_fem_deep_crime_04,wh2_dlc11_skill_cst_lord_crime_2_sword,Poacher,"The beasts of the world belong to everyone, never a single individual.",wh2_dlc11_poacher.png,4,1,0,0,true,0,1,,,,,,,,,,,,,,,,,,,,,,,,,,,,,,,wh2_dlc11_skill_cst_lord_crime_0,Forger,1,,,,,,,,character_skill_nodes_skill_locks_tables,wh2_dlc11_skill_cst_admiral_fem_deep_crime_04|wh2_dlc11_skill_cst_lord_crime_0|1
skill_lock,warhammer_3,8.1.1,24237342,Vampire Coast,vampire_coast,wh2_dlc11_sc_cst_vampire_coast,Vampire Fleet Admiral (Deep),Vampire_Fleet_Admiral_Deep__admiral_fem_deep,lord,wh2_dlc11_cst_admiral_fem_deep,general,general,wh2_dlc11_cst_noctilus|wh2_dlc11_cst_noctilus_separatists|wh2_dlc11_cst_pirates_of_sartosa|wh2_dlc11_cst_pirates_of_sartosa_separatists|wh2_dlc11_cst_the_drowned|wh2_dlc11_cst_the_drowned_separatists|wh2_dlc11_cst_vampire_coast|wh2_dlc11_cst_vampire_coast_encounters|wh2_dlc11_cst_vampire_coast_qb1|wh2_dlc11_cst_vampire_coast_qb2|wh2_dlc11_cst_vampire_coast_qb3|wh2_dlc11_cst_vampire_coast_qb4|wh2_dlc11_cst_vampire_coast_rebellion_rebels|wh2_dlc11_cst_vampire_coast_rebels|wh2_dlc11_cst_vampire_coast_separatists|wh3_dlc21_cst_dead_flag_fleet|wh3_dlc24_cst_vampire_coast_bloated_rebels|wh3_dlc26_cst_vampire_coast_qb1|wh3_dlc26_cst_vampire_coast_qb2|wh3_main_cst_dread_rock_privateers,false,false,true,true,true,true,wh2_dlc11_lore_deep,cst_vampire_fleet_admiral_female,wh2_dlc11_skill_node_set_cst_admiral_fem_deep,,1,general,false,false,,,,wh2_dlc11_skill_cst_admiral_fem_deep_crime_04,wh2_dlc11_skill_cst_lord_crime_2_sword,Poacher,"The beasts of the world belong to everyone, never a single individual.",wh2_dlc11_poacher.png,4,1,0,0,true,0,1,,,,,,,,,,,,,,,,,,,,,,,,,,,,,,,wh2_dlc11_skill_cst_lord_crime_1,Smuggler,1,,,,,,,,character_skill_nodes_skill_locks_tables,wh2_dlc11_skill_cst_admiral_fem_deep_crime_04|wh2_dlc11_skill_cst_lord_crime_1|1
skill_lock,warhammer_3,8.1.1,24237342,Vampire Coast,vampire_coast,wh2_dlc11_sc_cst_vampire_coast,Vampire Fleet Admiral (Deep),Vampire_Fleet_Admiral_Deep__admiral_fem_deep,lord,wh2_dlc11_cst_admiral_fem_deep,general,general,wh2_dlc11_cst_noctilus|wh2_dlc11_cst_noctilus_separatists|wh2_dlc11_cst_pirates_of_sartosa|wh2_dlc11_cst_pirates_of_sartosa_separatists|wh2_dlc11_cst_the_drowned|wh2_dlc11_cst_the_drowned_separatists|wh2_dlc11_cst_vampire_coast|wh2_dlc11_cst_vampire_coast_encounters|wh2_dlc11_cst_vampire_coast_qb1|wh2_dlc11_cst_vampire_coast_qb2|wh2_dlc11_cst_vampire_coast_qb3|wh2_dlc11_cst_vampire_coast_qb4|wh2_dlc11_cst_vampire_coast_rebellion_rebels|wh2_dlc11_cst_vampire_coast_rebels|wh2_dlc11_cst_vampire_coast_separatists|wh3_dlc21_cst_dead_flag_fleet|wh3_dlc24_cst_vampire_coast_bloated_rebels|wh3_dlc26_cst_vampire_coast_qb1|wh3_dlc26_cst_vampire_coast_qb2|wh3_main_cst_dread_rock_privateers,false,false,true,true,true,true,wh2_dlc11_lore_deep,cst_vampire_fleet_admiral_female,wh2_dlc11_skill_node_set_cst_admiral_fem_deep,,1,general,false,false,,,,wh2_dlc11_skill_cst_admiral_fem_deep_crime_04,wh2_dlc11_skill_cst_lord_crime_2_sword,Poacher,"The beasts of the world belong to everyone, never a single individual.",wh2_dlc11_poacher.png,4,1,0,0,true,0,1,,,,,,,,,,,,,,,,,,,,,,,,,,,,,,,wh2_dlc11_skill_cst_lord_crime_3,Arsonist,1,,,,,,,,character_skill_nodes_skill_locks_tables,wh2_dlc11_skill_cst_admiral_fem_deep_crime_04|wh2_dlc11_skill_cst_lord_crime_3|1
node,warhammer_3,8.1.1,24237342,Vampire Coast,vampire_coast,wh2_dlc11_sc_cst_vampire_coast,Vampire Fleet Admiral (Deep),Vampire_Fleet_Admiral_Deep__admiral_fem_deep,lord,wh2_dlc11_cst_admiral_fem_deep,general,general,wh2_dlc11_cst_noctilus|wh2_dlc11_cst_noctilus_separatists|wh2_dlc11_cst_pirates_of_sartosa|wh2_dlc11_cst_pirates_of_sartosa_separatists|wh2_dlc11_cst_the_drowned|wh2_dlc11_cst_the_drowned_separatists|wh2_dlc11_cst_vampire_coast|wh2_dlc11_cst_vampire_coast_encounters|wh2_dlc11_cst_vampire_coast_qb1|wh2_dlc11_cst_vampire_coast_qb2|wh2_dlc11_cst_vampire_coast_qb3|wh2_dlc11_cst_vampire_coast_qb4|wh2_dlc11_cst_vampire_coast_rebellion_rebels|wh2_dlc11_cst_vampire_coast_rebels|wh2_dlc11_cst_vampire_coast_separatists|wh3_dlc21_cst_dead_flag_fleet|wh3_dlc24_cst_vampire_coast_bloated_rebels|wh3_dlc26_cst_vampire_coast_qb1|wh3_dlc26_cst_vampire_coast_qb2|wh3_main_cst_dread_rock_privateers,false,false,true,true,true,true,wh2_dlc11_lore_deep,cst_vampire_fleet_admiral_female,wh2_dlc11_skill_node_set_cst_admiral_fem_deep,,1,general,false,false,,,,wh2_dlc11_skill_cst_admiral_fem_deep_personal_04,wh2_dlc11_skill_all_lord_self_hard_to_hit,{{tr:character_skills_localised_name_wh_main_skill_all_all_self_hard_to_hit}},{{tr:character_skills_localised_description_wh_main_skill_all_all_self_hard_to_hit}},character_defence.png,4,2,0,0,true,0,2,,,,,,,,,,,,,,,,,,,,,,,,,,,,,,,,,,,,,,,,,character_skill_nodes_tables,wh2_dlc11_skill_cst_admiral_fem_deep_personal_04
effect,warhammer_3,8.1.1,24237342,Vampire Coast,vampire_coast,wh2_dlc11_sc_cst_vampire_coast,Vampire Fleet Admiral (Deep),Vampire_Fleet_Admiral_Deep__admiral_fem_deep,lord,wh2_dlc11_cst_admiral_fem_deep,general,general,wh2_dlc11_cst_noctilus|wh2_dlc11_cst_noctilus_separatists|wh2_dlc11_cst_pirates_of_sartosa|wh2_dlc11_cst_pirates_of_sartosa_separatists|wh2_dlc11_cst_the_drowned|wh2_dlc11_cst_the_drowned_separatists|wh2_dlc11_cst_vampire_coast|wh2_dlc11_cst_vampire_coast_encounters|wh2_dlc11_cst_vampire_coast_qb1|wh2_dlc11_cst_vampire_coast_qb2|wh2_dlc11_cst_vampire_coast_qb3|wh2_dlc11_cst_vampire_coast_qb4|wh2_dlc11_cst_vampire_coast_rebellion_rebels|wh2_dlc11_cst_vampire_coast_rebels|wh2_dlc11_cst_vampire_coast_separatists|wh3_dlc21_cst_dead_flag_fleet|wh3_dlc24_cst_vampire_coast_bloated_rebels|wh3_dlc26_cst_vampire_coast_qb1|wh3_dlc26_cst_vampire_coast_qb2|wh3_main_cst_dread_rock_privateers,false,false,true,true,true,true,wh2_dlc11_lore_deep,cst_vampire_fleet_admiral_female,wh2_dlc11_skill_node_set_cst_admiral_fem_deep,,1,general,false,false,,,,wh2_dlc11_skill_cst_admiral_fem_deep_personal_04,wh2_dlc11_skill_all_lord_self_hard_to_hit,{{tr:character_skills_localised_name_wh_main_skill_all_all_self_hard_to_hit}},{{tr:character_skills_localised_description_wh_main_skill_all_all_self_hard_to_hit}},character_defence.png,4,2,0,0,true,0,2,1,{{tr:character_skills_localised_name_wh_main_skill_all_all_self_hard_to_hit}},{{tr:character_skills_localised_description_wh_main_skill_all_all_self_hard_to_hit}},,,,,,wh_main_effect_character_stat_melee_defence,Melee defence: %+n,,character_to_character_own,6,both,150,true,defence_character.png,defence_character.png,,,,,,,,,,,,,,,,,,,,,,,character_skill_level_to_effects_junctions_tables,wh2_dlc11_skill_all_lord_self_hard_to_hit|wh_main_effect_character_stat_melee_defence|1|character_to_character_own
effect,warhammer_3,8.1.1,24237342,Vampire Coast,vampire_coast,wh2_dlc11_sc_cst_vampire_coast,Vampire Fleet Admiral (Deep),Vampire_Fleet_Admiral_Deep__admiral_fem_deep,lord,wh2_dlc11_cst_admiral_fem_deep,general,general,wh2_dlc11_cst_noctilus|wh2_dlc11_cst_noctilus_separatists|wh2_dlc11_cst_pirates_of_sartosa|wh2_dlc11_cst_pirates_of_sartosa_separatists|wh2_dlc11_cst_the_drowned|wh2_dlc11_cst_the_drowned_separatists|wh2_dlc11_cst_vampire_coast|wh2_dlc11_cst_vampire_coast_encounters|wh2_dlc11_cst_vampire_coast_qb1|wh2_dlc11_cst_vampire_coast_qb2|wh2_dlc11_cst_vampire_coast_qb3|wh2_dlc11_cst_vampire_coast_qb4|wh2_dlc11_cst_vampire_coast_rebellion_rebels|wh2_dlc11_cst_vampire_coast_rebels|wh2_dlc11_cst_vampire_coast_separatists|wh3_dlc21_cst_dead_flag_fleet|wh3_dlc24_cst_vampire_coast_bloated_rebels|wh3_dlc26_cst_vampire_coast_qb1|wh3_dlc26_cst_vampire_coast_qb2|wh3_main_cst_dread_rock_privateers,false,false,true,true,true,true,wh2_dlc11_lore_deep,cst_vampire_fleet_admiral_female,wh2_dlc11_skill_node_set_cst_admiral_fem_deep,,1,general,false,false,,,,wh2_dlc11_skill_cst_admiral_fem_deep_personal_04,wh2_dlc11_skill_all_lord_self_hard_to_hit,{{tr:character_skills_localised_name_wh_main_skill_all_all_self_hard_to_hit}},{{tr:character_skills_localised_description_wh_main_skill_all_all_self_hard_to_hit}},character_defence.png,4,2,0,0,true,0,2,2,{{tr:character_skills_localised_name_wh_main_skill_all_all_self_hard_to_hit}},{{tr:character_skills_localised_description_wh_main_skill_all_all_self_hard_to_hit}},,,,,,wh_main_effect_character_stat_melee_defence,Melee defence: %+n,,character_to_character_own,12,both,150,true,defence_character.png,defence_character.png,,,,,,,,,,,,,,,,,,,,,,,character_skill_level_to_effects_junctions_tables,wh2_dlc11_skill_all_lord_self_hard_to_hit|wh_main_effect_character_stat_melee_defence|2|character_to_character_own
node,warhammer_3,8.1.1,24237342,Vampire Coast,vampire_coast,wh2_dlc11_sc_cst_vampire_coast,Vampire Fleet Admiral (Deep),Vampire_Fleet_Admiral_Deep__admiral_fem_deep,lord,wh2_dlc11_cst_admiral_fem_deep,general,general,wh2_dlc11_cst_noctilus|wh2_dlc11_cst_noctilus_separatists|wh2_dlc11_cst_pirates_of_sartosa|wh2_dlc11_cst_pirates_of_sartosa_separatists|wh2_dlc11_cst_the_drowned|wh2_dlc11_cst_the_drowned_separatists|wh2_dlc11_cst_vampire_coast|wh2_dlc11_cst_vampire_coast_encounters|wh2_dlc11_cst_vampire_coast_qb1|wh2_dlc11_cst_vampire_coast_qb2|wh2_dlc11_cst_vampire_coast_qb3|wh2_dlc11_cst_vampire_coast_qb4|wh2_dlc11_cst_vampire_coast_rebellion_rebels|wh2_dlc11_cst_vampire_coast_rebels|wh2_dlc11_cst_vampire_coast_separatists|wh3_dlc21_cst_dead_flag_fleet|wh3_dlc24_cst_vampire_coast_bloated_rebels|wh3_dlc26_cst_vampire_coast_qb1|wh3_dlc26_cst_vampire_coast_qb2|wh3_main_cst_dread_rock_privateers,false,false,true,true,true,true,wh2_dlc11_lore_deep,cst_vampire_fleet_admiral_female,wh2_dlc11_skill_node_set_cst_admiral_fem_deep,,1,general,false,false,,,,wh2_dlc11_skill_node_cst_admiral_fem_magic_deep_05,wh2_dlc11_skill_all_magic_deep_05_fog_of_the_damned_lord,Fog of the Damned,"As surely as night follows day, when the mist descends, death isn't far behind.",wh2_dlc11_spell_deep_fog_of_the_damned.png,4,3,0,0,true,0,2,,,,,,,,,,,,,,,,,,,,,,,,,,,,,,,,,,,,,,,,,character_skill_nodes_tables,wh2_dlc11_skill_node_cst_admiral_fem_magic_deep_05
effect,warhammer_3,8.1.1,24237342,Vampire Coast,vampire_coast,wh2_dlc11_sc_cst_vampire_coast,Vampire Fleet Admiral (Deep),Vampire_Fleet_Admiral_Deep__admiral_fem_deep,lord,wh2_dlc11_cst_admiral_fem_deep,general,general,wh2_dlc11_cst_noctilus|wh2_dlc11_cst_noctilus_separatists|wh2_dlc11_cst_pirates_of_sartosa|wh2_dlc11_cst_pirates_of_sartosa_separatists|wh2_dlc11_cst_the_drowned|wh2_dlc11_cst_the_drowned_separatists|wh2_dlc11_cst_vampire_coast|wh2_dlc11_cst_vampire_coast_encounters|wh2_dlc11_cst_vampire_coast_qb1|wh2_dlc11_cst_vampire_coast_qb2|wh2_dlc11_cst_vampire_coast_qb3|wh2_dlc11_cst_vampire_coast_qb4|wh2_dlc11_cst_vampire_coast_rebellion_rebels|wh2_dlc11_cst_vampire_coast_rebels|wh2_dlc11_cst_vampire_coast_separatists|wh3_dlc21_cst_dead_flag_fleet|wh3_dlc24_cst_vampire_coast_bloated_rebels|wh3_dlc26_cst_vampire_coast_qb1|wh3_dlc26_cst_vampire_coast_qb2|wh3_main_cst_dread_rock_privateers,false,false,true,true,true,true,wh2_dlc11_lore_deep,cst_vampire_fleet_admiral_female,wh2_dlc11_skill_node_set_cst_admiral_fem_deep,,1,general,false,false,,,,wh2_dlc11_skill_node_cst_admiral_fem_magic_deep_05,wh2_dlc11_skill_all_magic_deep_05_fog_of_the_damned_lord,Fog of the Damned,"As surely as night follows day, when the mist descends, death isn't far behind.",wh2_dlc11_spell_deep_fog_of_the_damned.png,4,3,0,0,true,0,2,1,Fog of the Damned,"As surely as night follows day, when the mist descends, death isn't far behind.",,,,,,wh2_dlc11_effect_ability_cooldown_fog_of_the_damned,"Cooldown: %+n% to ""Fog of the Damned""",,character_to_character_own,-30,both,293,false,magic_cooldown.png,magic_cooldown.png,,,,,,,,,,,,,,,,,,,,,,,character_skill_level_to_effects_junctions_tables,wh2_dlc11_skill_all_magic_deep_05_fog_of_the_damned_lord|wh2_dlc11_effect_ability_cooldown_fog_of_the_damned|1|character_to_character_own
effect,warhammer_3,8.1.1,24237342,Vampire Coast,vampire_coast,wh2_dlc11_sc_cst_vampire_coast,Vampire Fleet Admiral (Deep),Vampire_Fleet_Admiral_Deep__admiral_fem_deep,lord,wh2_dlc11_cst_admiral_fem_deep,general,general,wh2_dlc11_cst_noctilus|wh2_dlc11_cst_noctilus_separatists|wh2_dlc11_cst_pirates_of_sartosa|wh2_dlc11_cst_pirates_of_sartosa_separatists|wh2_dlc11_cst_the_drowned|wh2_dlc11_cst_the_drowned_separatists|wh2_dlc11_cst_vampire_coast|wh2_dlc11_cst_vampire_coast_encounters|wh2_dlc11_cst_vampire_coast_qb1|wh2_dlc11_cst_vampire_coast_qb2|wh2_dlc11_cst_vampire_coast_qb3|wh2_dlc11_cst_vampire_coast_qb4|wh2_dlc11_cst_vampire_coast_rebellion_rebels|wh2_dlc11_cst_vampire_coast_rebels|wh2_dlc11_cst_vampire_coast_separatists|wh3_dlc21_cst_dead_flag_fleet|wh3_dlc24_cst_vampire_coast_bloated_rebels|wh3_dlc26_cst_vampire_coast_qb1|wh3_dlc26_cst_vampire_coast_qb2|wh3_main_cst_dread_rock_privateers,false,false,true,true,true,true,wh2_dlc11_lore_deep,cst_vampire_fleet_admiral_female,wh2_dlc11_skill_node_set_cst_admiral_fem_deep,,1,general,false,false,,,,wh2_dlc11_skill_node_cst_admiral_fem_magic_deep_05,wh2_dlc11_skill_all_magic_deep_05_fog_of_the_damned_lord,Fog of the Damned,"As surely as night follows day, when the mist descends, death isn't far behind.",wh2_dlc11_spell_deep_fog_of_the_damned.png,4,3,0,0,true,0,2,1,Fog of the Damned,"As surely as night follows day, when the mist descends, death isn't far behind.",,,,,,wh2_dlc11_effect_ability_enable_fog_of_the_damned,"Spell: ""Fog of the Damned""",,character_to_character_own,1,battle,290,true,magic_character.png,magic_character.png,,,,,,,,,,,,,,,,,,,,,,,character_skill_level_to_effects_junctions_tables,wh2_dlc11_skill_all_magic_deep_05_fog_of_the_damned_lord|wh2_dlc11_effect_ability_enable_fog_of_the_damned|1|character_to_character_own
effect,warhammer_3,8.1.1,24237342,Vampire Coast,vampire_coast,wh2_dlc11_sc_cst_vampire_coast,Vampire Fleet Admiral (Deep),Vampire_Fleet_Admiral_Deep__admiral_fem_deep,lord,wh2_dlc11_cst_admiral_fem_deep,general,general,wh2_dlc11_cst_noctilus|wh2_dlc11_cst_noctilus_separatists|wh2_dlc11_cst_pirates_of_sartosa|wh2_dlc11_cst_pirates_of_sartosa_separatists|wh2_dlc11_cst_the_drowned|wh2_dlc11_cst_the_drowned_separatists|wh2_dlc11_cst_vampire_coast|wh2_dlc11_cst_vampire_coast_encounters|wh2_dlc11_cst_vampire_coast_qb1|wh2_dlc11_cst_vampire_coast_qb2|wh2_dlc11_cst_vampire_coast_qb3|wh2_dlc11_cst_vampire_coast_qb4|wh2_dlc11_cst_vampire_coast_rebellion_rebels|wh2_dlc11_cst_vampire_coast_rebels|wh2_dlc11_cst_vampire_coast_separatists|wh3_dlc21_cst_dead_flag_fleet|wh3_dlc24_cst_vampire_coast_bloated_rebels|wh3_dlc26_cst_vampire_coast_qb1|wh3_dlc26_cst_vampire_coast_qb2|wh3_main_cst_dread_rock_privateers,false,false,true,true,true,true,wh2_dlc11_lore_deep,cst_vampire_fleet_admiral_female,wh2_dlc11_skill_node_set_cst_admiral_fem_deep,,1,general,false,false,,,,wh2_dlc11_skill_node_cst_admiral_fem_magic_deep_05,wh2_dlc11_skill_all_magic_deep_05_fog_of_the_damned_lord,Fog of the Damned,"As surely as night follows day, when the mist descends, death isn't far behind.",wh2_dlc11_spell_deep_fog_of_the_damned.png,4,3,0,0,true,0,2,1,Fog of the Damned,"As surely as night follows day, when the mist descends, death isn't far behind.",,,,,,wh2_dlc11_effect_ability_overcast_fog_of_the_damned,"Overcast spell: ""Fog of the Damned Upgraded""",,character_to_character_own,1,both,292,true,magic_character.png,magic_character.png,,,,,,,,,,,,,,,,,,,,,,,character_skill_level_to_effects_junctions_tables,wh2_dlc11_skill_all_magic_deep_05_fog_of_the_damned_lord|wh2_dlc11_effect_ability_overcast_fog_of_the_damned|1|character_to_character_own
effect,warhammer_3,8.1.1,24237342,Vampire Coast,vampire_coast,wh2_dlc11_sc_cst_vampire_coast,Vampire Fleet Admiral (Deep),Vampire_Fleet_Admiral_Deep__admiral_fem_deep,lord,wh2_dlc11_cst_admiral_fem_deep,general,general,wh2_dlc11_cst_noctilus|wh2_dlc11_cst_noctilus_separatists|wh2_dlc11_cst_pirates_of_sartosa|wh2_dlc11_cst_pirates_of_sartosa_separatists|wh2_dlc11_cst_the_drowned|wh2_dlc11_cst_the_drowned_separatists|wh2_dlc11_cst_vampire_coast|wh2_dlc11_cst_vampire_coast_encounters|wh2_dlc11_cst_vampire_coast_qb1|wh2_dlc11_cst_vampire_coast_qb2|wh2_dlc11_cst_vampire_coast_qb3|wh2_dlc11_cst_vampire_coast_qb4|wh2_dlc11_cst_vampire_coast_rebellion_rebels|wh2_dlc11_cst_vampire_coast_rebels|wh2_dlc11_cst_vampire_coast_separatists|wh3_dlc21_cst_dead_flag_fleet|wh3_dlc24_cst_vampire_coast_bloated_rebels|wh3_dlc26_cst_vampire_coast_qb1|wh3_dlc26_cst_vampire_coast_qb2|wh3_main_cst_dread_rock_privateers,false,false,true,true,true,true,wh2_dlc11_lore_deep,cst_vampire_fleet_admiral_female,wh2_dlc11_skill_node_set_cst_admiral_fem_deep,,1,general,false,false,,,,wh2_dlc11_skill_node_cst_admiral_fem_magic_deep_05,wh2_dlc11_skill_all_magic_deep_05_fog_of_the_damned_lord,Fog of the Damned,"As surely as night follows day, when the mist descends, death isn't far behind.",wh2_dlc11_spell_deep_fog_of_the_damned.png,4,3,0,0,true,0,2,2,Fog of the Damned,"As surely as night follows day, when the mist descends, death isn't far behind.",,,,,,wh2_dlc11_effect_ability_cooldown_fog_of_the_damned,"Cooldown: %+n% to ""Fog of the Damned""",,character_to_character_own,-50,both,293,false,magic_cooldown.png,magic_cooldown.png,,,,,,,,,,,,,,,,,,,,,,,character_skill_level_to_effects_junctions_tables,wh2_dlc11_skill_all_magic_deep_05_fog_of_the_damned_lord|wh2_dlc11_effect_ability_cooldown_fog_of_the_damned|2|character_to_character_own
effect,warhammer_3,8.1.1,24237342,Vampire Coast,vampire_coast,wh2_dlc11_sc_cst_vampire_coast,Vampire Fleet Admiral (Deep),Vampire_Fleet_Admiral_Deep__admiral_fem_deep,lord,wh2_dlc11_cst_admiral_fem_deep,general,general,wh2_dlc11_cst_noctilus|wh2_dlc11_cst_noctilus_separatists|wh2_dlc11_cst_pirates_of_sartosa|wh2_dlc11_cst_pirates_of_sartosa_separatists|wh2_dlc11_cst_the_drowned|wh2_dlc11_cst_the_drowned_separatists|wh2_dlc11_cst_vampire_coast|wh2_dlc11_cst_vampire_coast_encounters|wh2_dlc11_cst_vampire_coast_qb1|wh2_dlc11_cst_vampire_coast_qb2|wh2_dlc11_cst_vampire_coast_qb3|wh2_dlc11_cst_vampire_coast_qb4|wh2_dlc11_cst_vampire_coast_rebellion_rebels|wh2_dlc11_cst_vampire_coast_rebels|wh2_dlc11_cst_vampire_coast_separatists|wh3_dlc21_cst_dead_flag_fleet|wh3_dlc24_cst_vampire_coast_bloated_rebels|wh3_dlc26_cst_vampire_coast_qb1|wh3_dlc26_cst_vampire_coast_qb2|wh3_main_cst_dread_rock_privateers,false,false,true,true,true,true,wh2_dlc11_lore_deep,cst_vampire_fleet_admiral_female,wh2_dlc11_skill_node_set_cst_admiral_fem_deep,,1,general,false,false,,,,wh2_dlc11_skill_node_cst_admiral_fem_magic_deep_05,wh2_dlc11_skill_all_magic_deep_05_fog_of_the_damned_lord,Fog of the Damned,"As surely as night follows day, when the mist descends, death isn't far behind.",wh2_dlc11_spell_deep_fog_of_the_damned.png,4,3,0,0,true,0,2,2,Fog of the Damned,"As surely as night follows day, when the mist descends, death isn't far behind.",,,,,,wh2_dlc11_effect_ability_miscast_fog_of_the_damned,"Miscast base chance: %+n% for ""Fog of the Damned Upgraded""",,character_to_character_own,-15,both,298,false,magic.png,magic.png,,,,,,,,,,,,,,,,,,,,,,,character_skill_level_to_effects_junctions_tables,wh2_dlc11_skill_all_magic_deep_05_fog_of_the_damned_lord|wh2_dlc11_effect_ability_miscast_fog_of_the_damned|2|character_to_character_own
effect,warhammer_3,8.1.1,24237342,Vampire Coast,vampire_coast,wh2_dlc11_sc_cst_vampire_coast,Vampire Fleet Admiral (Deep),Vampire_Fleet_Admiral_Deep__admiral_fem_deep,lord,wh2_dlc11_cst_admiral_fem_deep,general,general,wh2_dlc11_cst_noctilus|wh2_dlc11_cst_noctilus_separatists|wh2_dlc11_cst_pirates_of_sartosa|wh2_dlc11_cst_pirates_of_sartosa_separatists|wh2_dlc11_cst_the_drowned|wh2_dlc11_cst_the_drowned_separatists|wh2_dlc11_cst_vampire_coast|wh2_dlc11_cst_vampire_coast_encounters|wh2_dlc11_cst_vampire_coast_qb1|wh2_dlc11_cst_vampire_coast_qb2|wh2_dlc11_cst_vampire_coast_qb3|wh2_dlc11_cst_vampire_coast_qb4|wh2_dlc11_cst_vampire_coast_rebellion_rebels|wh2_dlc11_cst_vampire_coast_rebels|wh2_dlc11_cst_vampire_coast_separatists|wh3_dlc21_cst_dead_flag_fleet|wh3_dlc24_cst_vampire_coast_bloated_rebels|wh3_dlc26_cst_vampire_coast_qb1|wh3_dlc26_cst_vampire_coast_qb2|wh3_main_cst_dread_rock_privateers,false,false,true,true,true,true,wh2_dlc11_lore_deep,cst_vampire_fleet_admiral_female,wh2_dlc11_skill_node_set_cst_admiral_fem_deep,,1,general,false,false,,,,wh2_dlc11_skill_node_cst_admiral_fem_magic_deep_05,wh2_dlc11_skill_all_magic_deep_05_fog_of_the_damned_lord,Fog of the Damned,"As surely as night follows day, when the mist descends, death isn't far behind.",wh2_dlc11_spell_deep_fog_of_the_damned.png,4,3,0,0,true,0,2,2,Fog of the Damned,"As surely as night follows day, when the mist descends, death isn't far behind.",,,,,,wh2_dlc11_effect_ability_overcast_fog_of_the_damned,"Overcast spell: ""Fog of the Damned Upgraded""",,character_to_character_own,1,both,292,true,magic_character.png,magic_character.png,,,,,,,,,,,,,,,,,,,,,,,character_skill_level_to_effects_junctions_tables,wh2_dlc11_skill_all_magic_deep_05_fog_of_the_damned_lord|wh2_dlc11_effect_ability_overcast_fog_of_the_damned|2|character_to_character_own
effect,warhammer_3,8.1.1,24237342,Vampire Coast,vampire_coast,wh2_dlc11_sc_cst_vampire_coast,Vampire Fleet Admiral (Deep),Vampire_Fleet_Admiral_Deep__admiral_fem_deep,lord,wh2_dlc11_cst_admiral_fem_deep,general,general,wh2_dlc11_cst_noctilus|wh2_dlc11_cst_noctilus_separatists|wh2_dlc11_cst_pirates_of_sartosa|wh2_dlc11_cst_pirates_of_sartosa_separatists|wh2_dlc11_cst_the_drowned|wh2_dlc11_cst_the_drowned_separatists|wh2_dlc11_cst_vampire_coast|wh2_dlc11_cst_vampire_coast_encounters|wh2_dlc11_cst_vampire_coast_qb1|wh2_dlc11_cst_vampire_coast_qb2|wh2_dlc11_cst_vampire_coast_qb3|wh2_dlc11_cst_vampire_coast_qb4|wh2_dlc11_cst_vampire_coast_rebellion_rebels|wh2_dlc11_cst_vampire_coast_rebels|wh2_dlc11_cst_vampire_coast_separatists|wh3_dlc21_cst_dead_flag_fleet|wh3_dlc24_cst_vampire_coast_bloated_rebels|wh3_dlc26_cst_vampire_coast_qb1|wh3_dlc26_cst_vampire_coast_qb2|wh3_main_cst_dread_rock_privateers,false,false,true,true,true,true,wh2_dlc11_lore_deep,cst_vampire_fleet_admiral_female,wh2_dlc11_skill_node_set_cst_admiral_fem_deep,,1,general,false,false,,,,wh2_dlc11_skill_node_cst_admiral_fem_magic_deep_05,wh2_dlc11_skill_all_magic_deep_05_fog_of_the_damned_lord,Fog of the Damned,"As surely as night follows day, when the mist descends, death isn't far behind.",wh2_dlc11_spell_deep_fog_of_the_damned.png,4,3,0,0,true,0,2,2,Fog of the Damned,"As surely as night follows day, when the mist descends, death isn't far behind.",,,,,,wh2_dlc11_effect_ability_wom_cost_fog_of_the_damned,"Winds of Magic cost: %n for ""Fog of the Damned""",,character_to_character_own,-2,both,294,false,magic_character.png,magic_character.png,,,,,,,,,,,,,,,,,,,,,,,character_skill_level_to_effects_junctions_tables,wh2_dlc11_skill_all_magic_deep_05_fog_of_the_damned_lord|wh2_dlc11_effect_ability_wom_cost_fog_of_the_damned|2|character_to_character_own
effect,warhammer_3,8.1.1,24237342,Vampire Coast,vampire_coast,wh2_dlc11_sc_cst_vampire_coast,Vampire Fleet Admiral (Deep),Vampire_Fleet_Admiral_Deep__admiral_fem_deep,lord,wh2_dlc11_cst_admiral_fem_deep,general,general,wh2_dlc11_cst_noctilus|wh2_dlc11_cst_noctilus_separatists|wh2_dlc11_cst_pirates_of_sartosa|wh2_dlc11_cst_pirates_of_sartosa_separatists|wh2_dlc11_cst_the_drowned|wh2_dlc11_cst_the_drowned_separatists|wh2_dlc11_cst_vampire_coast|wh2_dlc11_cst_vampire_coast_encounters|wh2_dlc11_cst_vampire_coast_qb1|wh2_dlc11_cst_vampire_coast_qb2|wh2_dlc11_cst_vampire_coast_qb3|wh2_dlc11_cst_vampire_coast_qb4|wh2_dlc11_cst_vampire_coast_rebellion_rebels|wh2_dlc11_cst_vampire_coast_rebels|wh2_dlc11_cst_vampire_coast_separatists|wh3_dlc21_cst_dead_flag_fleet|wh3_dlc24_cst_vampire_coast_bloated_rebels|wh3_dlc26_cst_vampire_coast_qb1|wh3_dlc26_cst_vampire_coast_qb2|wh3_main_cst_dread_rock_privateers,false,false,true,true,true,true,wh2_dlc11_lore_deep,cst_vampire_fleet_admiral_female,wh2_dlc11_skill_node_set_cst_admiral_fem_deep,,1,general,false,false,,,,wh2_dlc11_skill_node_cst_admiral_fem_magic_deep_05,wh2_dlc11_skill_all_magic_deep_05_fog_of_the_damned_lord,Fog of the Damned,"As surely as night follows day, when the mist descends, death isn't far behind.",wh2_dlc11_spell_deep_fog_of_the_damned.png,4,3,0,0,true,0,2,2,Fog of the Damned,"As surely as night follows day, when the mist descends, death isn't far behind.",,,,,,wh2_dlc11_effect_ability_wom_cost_fog_of_the_damned_upgrade,"Winds of Magic cost: %n for ""Fog of the Damned Upgraded""",,character_to_character_own,-3,both,295,false,magic_character.png,magic_character.png,,,,,,,,,,,,,,,,,,,,,,,character_skill_level_to_effects_junctions_tables,wh2_dlc11_skill_all_magic_deep_05_fog_of_the_damned_lord|wh2_dlc11_effect_ability_wom_cost_fog_of_the_damned_upgrade|2|character_to_character_own
node,warhammer_3,8.1.1,24237342,Vampire Coast,vampire_coast,wh2_dlc11_sc_cst_vampire_coast,Vampire Fleet Admiral (Deep),Vampire_Fleet_Admiral_Deep__admiral_fem_deep,lord,wh2_dlc11_cst_admiral_fem_deep,general,general,wh2_dlc11_cst_noctilus|wh2_dlc11_cst_noctilus_separatists|wh2_dlc11_cst_pirates_of_sartosa|wh2_dlc11_cst_pirates_of_sartosa_separatists|wh2_dlc11_cst_the_drowned|wh2_dlc11_cst_the_drowned_separatists|wh2_dlc11_cst_vampire_coast|wh2_dlc11_cst_vampire_coast_encounters|wh2_dlc11_cst_vampire_coast_qb1|wh2_dlc11_cst_vampire_coast_qb2|wh2_dlc11_cst_vampire_coast_qb3|wh2_dlc11_cst_vampire_coast_qb4|wh2_dlc11_cst_vampire_coast_rebellion_rebels|wh2_dlc11_cst_vampire_coast_rebels|wh2_dlc11_cst_vampire_coast_separatists|wh3_dlc21_cst_dead_flag_fleet|wh3_dlc24_cst_vampire_coast_bloated_rebels|wh3_dlc26_cst_vampire_coast_qb1|wh3_dlc26_cst_vampire_coast_qb2|wh3_main_cst_dread_rock_privateers,false,false,true,true,true,true,wh2_dlc11_lore_deep,cst_vampire_fleet_admiral_female,wh2_dlc11_skill_node_set_cst_admiral_fem_deep,,1,general,false,false,,,,wh2_dlc11_skill_cst_admiral_fem_deep_army_04,wh2_dlc11_skill_cst_army_4,Rotten Death,It never ends well.,battle_defence.png,4,4,0,0,true,0,3,,,,,,,,,,,,,,,,,,,,,,,,,,,,,,,,,,,,,,,,,character_skill_nodes_tables,wh2_dlc11_skill_cst_admiral_fem_deep_army_04
effect,warhammer_3,8.1.1,24237342,Vampire Coast,vampire_coast,wh2_dlc11_sc_cst_vampire_coast,Vampire Fleet Admiral (Deep),Vampire_Fleet_Admiral_Deep__admiral_fem_deep,lord,wh2_dlc11_cst_admiral_fem_deep,general,general,wh2_dlc11_cst_noctilus|wh2_dlc11_cst_noctilus_separatists|wh2_dlc11_cst_pirates_of_sartosa|wh2_dlc11_cst_pirates_of_sartosa_separatists|wh2_dlc11_cst_the_drowned|wh2_dlc11_cst_the_drowned_separatists|wh2_dlc11_cst_vampire_coast|wh2_dlc11_cst_vampire_coast_encounters|wh2_dlc11_cst_vampire_coast_qb1|wh2_dlc11_cst_vampire_coast_qb2|wh2_dlc11_cst_vampire_coast_qb3|wh2_dlc11_cst_vampire_coast_qb4|wh2_dlc11_cst_vampire_coast_rebellion_rebels|wh2_dlc11_cst_vampire_coast_rebels|wh2_dlc11_cst_vampire_coast_separatists|wh3_dlc21_cst_dead_flag_fleet|wh3_dlc24_cst_vampire_coast_bloated_rebels|wh3_dlc26_cst_vampire_coast_qb1|wh3_dlc26_cst_vampire_coast_qb2|wh3_main_cst_dread_rock_privateers,false,false,true,true,true,true,wh2_dlc11_lore_deep,cst_vampire_fleet_admiral_female,wh2_dlc11_skill_node_set_cst_admiral_fem_deep,,1,general,false,false,,,,wh2_dlc11_skill_cst_admiral_fem_deep_army_04,wh2_dlc11_skill_cst_army_4,Rotten Death,It never ends well.,battle_defence.png,4,4,0,0,true,0,3,1,Rotten Death,It never ends well.,,,,,,wh2_dlc11_effect_force_stat_physical_resistance_prometheans_leviathon_colossus,"Physical resistance: %n% for Rotting Prometheans, Rotting Leviathan and Necrofex Colossus units",,general_to_force_own,3,battle,581,true,resistance_physical.png,resistance_physical.png,,,,,,,,,,,,,,,,,,,,,,,character_skill_level_to_effects_junctions_tables,wh2_dlc11_skill_cst_army_4|wh2_dlc11_effect_force_stat_physical_resistance_prometheans_leviathon_colossus|1|general_to_force_own
effect,warhammer_3,8.1.1,24237342,Vampire Coast,vampire_coast,wh2_dlc11_sc_cst_vampire_coast,Vampire Fleet Admiral (Deep),Vampire_Fleet_Admiral_Deep__admiral_fem_deep,lord,wh2_dlc11_cst_admiral_fem_deep,general,general,wh2_dlc11_cst_noctilus|wh2_dlc11_cst_noctilus_separatists|wh2_dlc11_cst_pirates_of_sartosa|wh2_dlc11_cst_pirates_of_sartosa_separatists|wh2_dlc11_cst_the_drowned|wh2_dlc11_cst_the_drowned_separatists|wh2_dlc11_cst_vampire_coast|wh2_dlc11_cst_vampire_coast_encounters|wh2_dlc11_cst_vampire_coast_qb1|wh2_dlc11_cst_vampire_coast_qb2|wh2_dlc11_cst_vampire_coast_qb3|wh2_dlc11_cst_vampire_coast_qb4|wh2_dlc11_cst_vampire_coast_rebellion_rebels|wh2_dlc11_cst_vampire_coast_rebels|wh2_dlc11_cst_vampire_coast_separatists|wh3_dlc21_cst_dead_flag_fleet|wh3_dlc24_cst_vampire_coast_bloated_rebels|wh3_dlc26_cst_vampire_coast_qb1|wh3_dlc26_cst_vampire_coast_qb2|wh3_main_cst_dread_rock_privateers,false,false,true,true,true,true,wh2_dlc11_lore_deep,cst_vampire_fleet_admiral_female,wh2_dlc11_skill_node_set_cst_admiral_fem_deep,,1,general,false,false,,,,wh2_dlc11_skill_cst_admiral_fem_deep_army_04,wh2_dlc11_skill_cst_army_4,Rotten Death,It never ends well.,battle_defence.png,4,4,0,0,true,0,3,2,Rotten Death,It never ends well.,,,,,,wh2_dlc11_effect_force_stat_melee_defence_prometheans_leviathon_colossus,"Melee defence: %+n for Rotting Prometheans, Rotting Leviathan and Necrofex Colossus units",,general_to_force_own,4,battle,451,true,defence.png,defence.png,,,,,,,,,,,,,,,,,,,,,,,character_skill_level_to_effects_junctions_tables,wh2_dlc11_skill_cst_army_4|wh2_dlc11_effect_force_stat_melee_defence_prometheans_leviathon_colossus|2|general_to_force_own
effect,warhammer_3,8.1.1,24237342,Vampire Coast,vampire_coast,wh2_dlc11_sc_cst_vampire_coast,Vampire Fleet Admiral (Deep),Vampire_Fleet_Admiral_Deep__admiral_fem_deep,lord,wh2_dlc11_cst_admiral_fem_deep,general,general,wh2_dlc11_cst_noctilus|wh2_dlc11_cst_noctilus_separatists|wh2_dlc11_cst_pirates_of_sartosa|wh2_dlc11_cst_pirates_of_sartosa_separatists|wh2_dlc11_cst_the_drowned|wh2_dlc11_cst_the_drowned_separatists|wh2_dlc11_cst_vampire_coast|wh2_dlc11_cst_vampire_coast_encounters|wh2_dlc11_cst_vampire_coast_qb1|wh2_dlc11_cst_vampire_coast_qb2|wh2_dlc11_cst_vampire_coast_qb3|wh2_dlc11_cst_vampire_coast_qb4|wh2_dlc11_cst_vampire_coast_rebellion_rebels|wh2_dlc11_cst_vampire_coast_rebels|wh2_dlc11_cst_vampire_coast_separatists|wh3_dlc21_cst_dead_flag_fleet|wh3_dlc24_cst_vampire_coast_bloated_rebels|wh3_dlc26_cst_vampire_coast_qb1|wh3_dlc26_cst_vampire_coast_qb2|wh3_main_cst_dread_rock_privateers,false,false,true,true,true,true,wh2_dlc11_lore_deep,cst_vampire_fleet_admiral_female,wh2_dlc11_skill_node_set_cst_admiral_fem_deep,,1,general,false,false,,,,wh2_dlc11_skill_cst_admiral_fem_deep_army_04,wh2_dlc11_skill_cst_army_4,Rotten Death,It never ends well.,battle_defence.png,4,4,0,0,true,0,3,2,Rotten Death,It never ends well.,,,,,,wh2_dlc11_effect_force_stat_physical_resistance_prometheans_leviathon_colossus,"Physical resistance: %n% for Rotting Prometheans, Rotting Leviathan and Necrofex Colossus units",,general_to_force_own,4,battle,581,true,resistance_physical.png,resistance_physical.png,,,,,,,,,,,,,,,,,,,,,,,character_skill_level_to_effects_junctions_tables,wh2_dlc11_skill_cst_army_4|wh2_dlc11_effect_force_stat_physical_resistance_prometheans_leviathon_colossus|2|general_to_force_own
effect,warhammer_3,8.1.1,24237342,Vampire Coast,vampire_coast,wh2_dlc11_sc_cst_vampire_coast,Vampire Fleet Admiral (Deep),Vampire_Fleet_Admiral_Deep__admiral_fem_deep,lord,wh2_dlc11_cst_admiral_fem_deep,general,general,wh2_dlc11_cst_noctilus|wh2_dlc11_cst_noctilus_separatists|wh2_dlc11_cst_pirates_of_sartosa|wh2_dlc11_cst_pirates_of_sartosa_separatists|wh2_dlc11_cst_the_drowned|wh2_dlc11_cst_the_drowned_separatists|wh2_dlc11_cst_vampire_coast|wh2_dlc11_cst_vampire_coast_encounters|wh2_dlc11_cst_vampire_coast_qb1|wh2_dlc11_cst_vampire_coast_qb2|wh2_dlc11_cst_vampire_coast_qb3|wh2_dlc11_cst_vampire_coast_qb4|wh2_dlc11_cst_vampire_coast_rebellion_rebels|wh2_dlc11_cst_vampire_coast_rebels|wh2_dlc11_cst_vampire_coast_separatists|wh3_dlc21_cst_dead_flag_fleet|wh3_dlc24_cst_vampire_coast_bloated_rebels|wh3_dlc26_cst_vampire_coast_qb1|wh3_dlc26_cst_vampire_coast_qb2|wh3_main_cst_dread_rock_privateers,false,false,true,true,true,true,wh2_dlc11_lore_deep,cst_vampire_fleet_admiral_female,wh2_dlc11_skill_node_set_cst_admiral_fem_deep,,1,general,false,false,,,,wh2_dlc11_skill_cst_admiral_fem_deep_army_04,wh2_dlc11_skill_cst_army_4,Rotten Death,It never ends well.,battle_defence.png,4,4,0,0,true,0,3,3,Rotten Death,It never ends well.,,,,,,wh2_dlc11_effect_force_stat_melee_defence_prometheans_leviathon_colossus,"Melee defence: %+n for Rotting Prometheans, Rotting Leviathan and Necrofex Colossus units",,general_to_force_own,6,battle,451,true,defence.png,defence.png,,,,,,,,,,,,,,,,,,,,,,,character_skill_level_to_effects_junctions_tables,wh2_dlc11_skill_cst_army_4|wh2_dlc11_effect_force_stat_melee_defence_prometheans_leviathon_colossus|3|general_to_force_own
effect,warhammer_3,8.1.1,24237342,Vampire Coast,vampire_coast,wh2_dlc11_sc_cst_vampire_coast,Vampire Fleet Admiral (Deep),Vampire_Fleet_Admiral_Deep__admiral_fem_deep,lord,wh2_dlc11_cst_admiral_fem_deep,general,general,wh2_dlc11_cst_noctilus|wh2_dlc11_cst_noctilus_separatists|wh2_dlc11_cst_pirates_of_sartosa|wh2_dlc11_cst_pirates_of_sartosa_separatists|wh2_dlc11_cst_the_drowned|wh2_dlc11_cst_the_drowned_separatists|wh2_dlc11_cst_vampire_coast|wh2_dlc11_cst_vampire_coast_encounters|wh2_dlc11_cst_vampire_coast_qb1|wh2_dlc11_cst_vampire_coast_qb2|wh2_dlc11_cst_vampire_coast_qb3|wh2_dlc11_cst_vampire_coast_qb4|wh2_dlc11_cst_vampire_coast_rebellion_rebels|wh2_dlc11_cst_vampire_coast_rebels|wh2_dlc11_cst_vampire_coast_separatists|wh3_dlc21_cst_dead_flag_fleet|wh3_dlc24_cst_vampire_coast_bloated_rebels|wh3_dlc26_cst_vampire_coast_qb1|wh3_dlc26_cst_vampire_coast_qb2|wh3_main_cst_dread_rock_privateers,false,false,true,true,true,true,wh2_dlc11_lore_deep,cst_vampire_fleet_admiral_female,wh2_dlc11_skill_node_set_cst_admiral_fem_deep,,1,general,false,false,,,,wh2_dlc11_skill_cst_admiral_fem_deep_army_04,wh2_dlc11_skill_cst_army_4,Rotten Death,It never ends well.,battle_defence.png,4,4,0,0,true,0,3,3,Rotten Death,It never ends well.,,,,,,wh2_dlc11_effect_force_stat_physical_resistance_prometheans_leviathon_colossus,"Physical resistance: %n% for Rotting Prometheans, Rotting Leviathan and Necrofex Colossus units",,general_to_force_own,6,battle,581,true,resistance_physical.png,resistance_physical.png,,,,,,,,,,,,,,,,,,,,,,,character_skill_level_to_effects_junctions_tables,wh2_dlc11_skill_cst_army_4|wh2_dlc11_effect_force_stat_physical_resistance_prometheans_leviathon_colossus|3|general_to_force_own
node,warhammer_3,8.1.1,24237342,Vampire Coast,vampire_coast,wh2_dlc11_sc_cst_vampire_coast,Vampire Fleet Admiral (Deep),Vampire_Fleet_Admiral_Deep__admiral_fem_deep,lord,wh2_dlc11_cst_admiral_fem_deep,general,general,wh2_dlc11_cst_noctilus|wh2_dlc11_cst_noctilus_separatists|wh2_dlc11_cst_pirates_of_sartosa|wh2_dlc11_cst_pirates_of_sartosa_separatists|wh2_dlc11_cst_the_drowned|wh2_dlc11_cst_the_drowned_separatists|wh2_dlc11_cst_vampire_coast|wh2_dlc11_cst_vampire_coast_encounters|wh2_dlc11_cst_vampire_coast_qb1|wh2_dlc11_cst_vampire_coast_qb2|wh2_dlc11_cst_vampire_coast_qb3|wh2_dlc11_cst_vampire_coast_qb4|wh2_dlc11_cst_vampire_coast_rebellion_rebels|wh2_dlc11_cst_vampire_coast_rebels|wh2_dlc11_cst_vampire_coast_separatists|wh3_dlc21_cst_dead_flag_fleet|wh3_dlc24_cst_vampire_coast_bloated_rebels|wh3_dlc26_cst_vampire_coast_qb1|wh3_dlc26_cst_vampire_coast_qb2|wh3_main_cst_dread_rock_privateers,false,false,true,true,true,true,wh2_dlc11_lore_deep,cst_vampire_fleet_admiral_female,wh2_dlc11_skill_node_set_cst_admiral_fem_deep,,1,general,false,false,,,,wh2_dlc11_skill_cst_admiral_fem_deep_campaign_04,wh2_dlc11_skill_cst_campaign_4,Sea Dogs,"You'll never find such a crew - villainous scum, the lot of 'em. I certainly wouldn't want to be facing 'em in the thick of battle!",campaign_morale.png,4,5,0,0,true,0,3,,,,,,,,,,,,,,,,,,,,,,,,,,,,,,,,,,,,,,,,,character_skill_nodes_tables,wh2_dlc11_skill_cst_admiral_fem_deep_campaign_04
effect,warhammer_3,8.1.1,24237342,Vampire Coast,vampire_coast,wh2_dlc11_sc_cst_vampire_coast,Vampire Fleet Admiral (Deep),Vampire_Fleet_Admiral_Deep__admiral_fem_deep,lord,wh2_dlc11_cst_admiral_fem_deep,general,general,wh2_dlc11_cst_noctilus|wh2_dlc11_cst_noctilus_separatists|wh2_dlc11_cst_pirates_of_sartosa|wh2_dlc11_cst_pirates_of_sartosa_separatists|wh2_dlc11_cst_the_drowned|wh2_dlc11_cst_the_drowned_separatists|wh2_dlc11_cst_vampire_coast|wh2_dlc11_cst_vampire_coast_encounters|wh2_dlc11_cst_vampire_coast_qb1|wh2_dlc11_cst_vampire_coast_qb2|wh2_dlc11_cst_vampire_coast_qb3|wh2_dlc11_cst_vampire_coast_qb4|wh2_dlc11_cst_vampire_coast_rebellion_rebels|wh2_dlc11_cst_vampire_coast_rebels|wh2_dlc11_cst_vampire_coast_separatists|wh3_dlc21_cst_dead_flag_fleet|wh3_dlc24_cst_vampire_coast_bloated_rebels|wh3_dlc26_cst_vampire_coast_qb1|wh3_dlc26_cst_vampire_coast_qb2|wh3_main_cst_dread_rock_privateers,false,false,true,true,true,true,wh2_dlc11_lore_deep,cst_vampire_fleet_admiral_female,wh2_dlc11_skill_node_set_cst_admiral_fem_deep,,1,general,false,false,,,,wh2_dlc11_skill_cst_admiral_fem_deep_campaign_04,wh2_dlc11_skill_cst_campaign_4,Sea Dogs,"You'll never find such a crew - villainous scum, the lot of 'em. I certainly wouldn't want to be facing 'em in the thick of battle!",campaign_morale.png,4,5,0,0,true,0,3,1,Sea Dogs,"You'll never find such a crew - villainous scum, the lot of 'em. I certainly wouldn't want to be facing 'em in the thick of battle!",,,,,,wh_main_effect_force_all_campaign_sacking_income,Income from sacking settlements: %+n%,,character_to_character_own_armytext,4,campaign,108,true,income.png,income.png,,,,,,,,,,,,,,,,,,,,,,,character_skill_level_to_effects_junctions_tables,wh2_dlc11_skill_cst_campaign_4|wh_main_effect_force_all_campaign_sacking_income|1|character_to_character_own_armytext
effect,warhammer_3,8.1.1,24237342,Vampire Coast,vampire_coast,wh2_dlc11_sc_cst_vampire_coast,Vampire Fleet Admiral (Deep),Vampire_Fleet_Admiral_Deep__admiral_fem_deep,lord,wh2_dlc11_cst_admiral_fem_deep,general,general,wh2_dlc11_cst_noctilus|wh2_dlc11_cst_noctilus_separatists|wh2_dlc11_cst_pirates_of_sartosa|wh2_dlc11_cst_pirates_of_sartosa_separatists|wh2_dlc11_cst_the_drowned|wh2_dlc11_cst_the_drowned_separatists|wh2_dlc11_cst_vampire_coast|wh2_dlc11_cst_vampire_coast_encounters|wh2_dlc11_cst_vampire_coast_qb1|wh2_dlc11_cst_vampire_coast_qb2|wh2_dlc11_cst_vampire_coast_qb3|wh2_dlc11_cst_vampire_coast_qb4|wh2_dlc11_cst_vampire_coast_rebellion_rebels|wh2_dlc11_cst_vampire_coast_rebels|wh2_dlc11_cst_vampire_coast_separatists|wh3_dlc21_cst_dead_flag_fleet|wh3_dlc24_cst_vampire_coast_bloated_rebels|wh3_dlc26_cst_vampire_coast_qb1|wh3_dlc26_cst_vampire_coast_qb2|wh3_main_cst_dread_rock_privateers,false,false,true,true,true,true,wh2_dlc11_lore_deep,cst_vampire_fleet_admiral_female,wh2_dlc11_skill_node_set_cst_admiral_fem_deep,,1,general,false,false,,,,wh2_dlc11_skill_cst_admiral_fem_deep_campaign_04,wh2_dlc11_skill_cst_campaign_4,Sea Dogs,"You'll never find such a crew - villainous scum, the lot of 'em. I certainly wouldn't want to be facing 'em in the thick of battle!",campaign_morale.png,4,5,0,0,true,0,3,1,Sea Dogs,"You'll never find such a crew - villainous scum, the lot of 'em. I certainly wouldn't want to be facing 'em in the thick of battle!",,,,,,wh2_main_effect_force_stat_leadership_at_sea,Leadership: %+n when fighting at sea,,general_to_force_own,2,battle,411,true,morale.png,morale.png,,,,,,,,,,,,,,,,,,,,,,,character_skill_level_to_effects_junctions_tables,wh2_dlc11_skill_cst_campaign_4|wh2_main_effect_force_stat_leadership_at_sea|1|general_to_force_own
effect,warhammer_3,8.1.1,24237342,Vampire Coast,vampire_coast,wh2_dlc11_sc_cst_vampire_coast,Vampire Fleet Admiral (Deep),Vampire_Fleet_Admiral_Deep__admiral_fem_deep,lord,wh2_dlc11_cst_admiral_fem_deep,general,general,wh2_dlc11_cst_noctilus|wh2_dlc11_cst_noctilus_separatists|wh2_dlc11_cst_pirates_of_sartosa|wh2_dlc11_cst_pirates_of_sartosa_separatists|wh2_dlc11_cst_the_drowned|wh2_dlc11_cst_the_drowned_separatists|wh2_dlc11_cst_vampire_coast|wh2_dlc11_cst_vampire_coast_encounters|wh2_dlc11_cst_vampire_coast_qb1|wh2_dlc11_cst_vampire_coast_qb2|wh2_dlc11_cst_vampire_coast_qb3|wh2_dlc11_cst_vampire_coast_qb4|wh2_dlc11_cst_vampire_coast_rebellion_rebels|wh2_dlc11_cst_vampire_coast_rebels|wh2_dlc11_cst_vampire_coast_separatists|wh3_dlc21_cst_dead_flag_fleet|wh3_dlc24_cst_vampire_coast_bloated_rebels|wh3_dlc26_cst_vampire_coast_qb1|wh3_dlc26_cst_vampire_coast_qb2|wh3_main_cst_dread_rock_privateers,false,false,true,true,true,true,wh2_dlc11_lore_deep,cst_vampire_fleet_admiral_female,wh2_dlc11_skill_node_set_cst_admiral_fem_deep,,1,general,false,false,,,,wh2_dlc11_skill_cst_admiral_fem_deep_campaign_04,wh2_dlc11_skill_cst_campaign_4,Sea Dogs,"You'll never find such a crew - villainous scum, the lot of 'em. I certainly wouldn't want to be facing 'em in the thick of battle!",campaign_morale.png,4,5,0,0,true,0,3,2,Sea Dogs,"You'll never find such a crew - villainous scum, the lot of 'em. I certainly wouldn't want to be facing 'em in the thick of battle!",,,,,,wh_main_effect_force_all_campaign_sacking_income,Income from sacking settlements: %+n%,,character_to_character_own_armytext,8,campaign,108,true,income.png,income.png,,,,,,,,,,,,,,,,,,,,,,,character_skill_level_to_effects_junctions_tables,wh2_dlc11_skill_cst_campaign_4|wh_main_effect_force_all_campaign_sacking_income|2|character_to_character_own_armytext
effect,warhammer_3,8.1.1,24237342,Vampire Coast,vampire_coast,wh2_dlc11_sc_cst_vampire_coast,Vampire Fleet Admiral (Deep),Vampire_Fleet_Admiral_Deep__admiral_fem_deep,lord,wh2_dlc11_cst_admiral_fem_deep,general,general,wh2_dlc11_cst_noctilus|wh2_dlc11_cst_noctilus_separatists|wh2_dlc11_cst_pirates_of_sartosa|wh2_dlc11_cst_pirates_of_sartosa_separatists|wh2_dlc11_cst_the_drowned|wh2_dlc11_cst_the_drowned_separatists|wh2_dlc11_cst_vampire_coast|wh2_dlc11_cst_vampire_coast_encounters|wh2_dlc11_cst_vampire_coast_qb1|wh2_dlc11_cst_vampire_coast_qb2|wh2_dlc11_cst_vampire_coast_qb3|wh2_dlc11_cst_vampire_coast_qb4|wh2_dlc11_cst_vampire_coast_rebellion_rebels|wh2_dlc11_cst_vampire_coast_rebels|wh2_dlc11_cst_vampire_coast_separatists|wh3_dlc21_cst_dead_flag_fleet|wh3_dlc24_cst_vampire_coast_bloated_rebels|wh3_dlc26_cst_vampire_coast_qb1|wh3_dlc26_cst_vampire_coast_qb2|wh3_main_cst_dread_rock_privateers,false,false,true,true,true,true,wh2_dlc11_lore_deep,cst_vampire_fleet_admiral_female,wh2_dlc11_skill_node_set_cst_admiral_fem_deep,,1,general,false,false,,,,wh2_dlc11_skill_cst_admiral_fem_deep_campaign_04,wh2_dlc11_skill_cst_campaign_4,Sea Dogs,"You'll never find such a crew - villainous scum, the lot of 'em. I certainly wouldn't want to be facing 'em in the thick of battle!",campaign_morale.png,4,5,0,0,true,0,3,2,Sea Dogs,"You'll never find such a crew - villainous scum, the lot of 'em. I certainly wouldn't want to be facing 'em in the thick of battle!",,,,,,wh2_main_effect_force_stat_leadership_at_sea,Leadership: %+n when fighting at sea,,general_to_force_own,4,battle,411,true,morale.png,morale.png,,,,,,,,,,,,,,,,,,,,,,,character_skill_level_to_effects_junctions_tables,wh2_dlc11_skill_cst_campaign_4|wh2_main_effect_force_stat_leadership_at_sea|2|general_to_force_own
effect,warhammer_3,8.1.1,24237342,Vampire Coast,vampire_coast,wh2_dlc11_sc_cst_vampire_coast,Vampire Fleet Admiral (Deep),Vampire_Fleet_Admiral_Deep__admiral_fem_deep,lord,wh2_dlc11_cst_admiral_fem_deep,general,general,wh2_dlc11_cst_noctilus|wh2_dlc11_cst_noctilus_separatists|wh2_dlc11_cst_pirates_of_sartosa|wh2_dlc11_cst_pirates_of_sartosa_separatists|wh2_dlc11_cst_the_drowned|wh2_dlc11_cst_the_drowned_separatists|wh2_dlc11_cst_vampire_coast|wh2_dlc11_cst_vampire_coast_encounters|wh2_dlc11_cst_vampire_coast_qb1|wh2_dlc11_cst_vampire_coast_qb2|wh2_dlc11_cst_vampire_coast_qb3|wh2_dlc11_cst_vampire_coast_qb4|wh2_dlc11_cst_vampire_coast_rebellion_rebels|wh2_dlc11_cst_vampire_coast_rebels|wh2_dlc11_cst_vampire_coast_separatists|wh3_dlc21_cst_dead_flag_fleet|wh3_dlc24_cst_vampire_coast_bloated_rebels|wh3_dlc26_cst_vampire_coast_qb1|wh3_dlc26_cst_vampire_coast_qb2|wh3_main_cst_dread_rock_privateers,false,false,true,true,true,true,wh2_dlc11_lore_deep,cst_vampire_fleet_admiral_female,wh2_dlc11_skill_node_set_cst_admiral_fem_deep,,1,general,false,false,,,,wh2_dlc11_skill_cst_admiral_fem_deep_campaign_04,wh2_dlc11_skill_cst_campaign_4,Sea Dogs,"You'll never find such a crew - villainous scum, the lot of 'em. I certainly wouldn't want to be facing 'em in the thick of battle!",campaign_morale.png,4,5,0,0,true,0,3,3,Sea Dogs,"You'll never find such a crew - villainous scum, the lot of 'em. I certainly wouldn't want to be facing 'em in the thick of battle!",,,,,,wh_main_effect_force_all_campaign_sacking_income,Income from sacking settlements: %+n%,,character_to_character_own_armytext,12,campaign,108,true,income.png,income.png,,,,,,,,,,,,,,,,,,,,,,,character_skill_level_to_effects_junctions_tables,wh2_dlc11_skill_cst_campaign_4|wh_main_effect_force_all_campaign_sacking_income|3|character_to_character_own_armytext
effect,warhammer_3,8.1.1,24237342,Vampire Coast,vampire_coast,wh2_dlc11_sc_cst_vampire_coast,Vampire Fleet Admiral (Deep),Vampire_Fleet_Admiral_Deep__admiral_fem_deep,lord,wh2_dlc11_cst_admiral_fem_deep,general,general,wh2_dlc11_cst_noctilus|wh2_dlc11_cst_noctilus_separatists|wh2_dlc11_cst_pirates_of_sartosa|wh2_dlc11_cst_pirates_of_sartosa_separatists|wh2_dlc11_cst_the_drowned|wh2_dlc11_cst_the_drowned_separatists|wh2_dlc11_cst_vampire_coast|wh2_dlc11_cst_vampire_coast_encounters|wh2_dlc11_cst_vampire_coast_qb1|wh2_dlc11_cst_vampire_coast_qb2|wh2_dlc11_cst_vampire_coast_qb3|wh2_dlc11_cst_vampire_coast_qb4|wh2_dlc11_cst_vampire_coast_rebellion_rebels|wh2_dlc11_cst_vampire_coast_rebels|wh2_dlc11_cst_vampire_coast_separatists|wh3_dlc21_cst_dead_flag_fleet|wh3_dlc24_cst_vampire_coast_bloated_rebels|wh3_dlc26_cst_vampire_coast_qb1|wh3_dlc26_cst_vampire_coast_qb2|wh3_main_cst_dread_rock_privateers,false,false,true,true,true,true,wh2_dlc11_lore_deep,cst_vampire_fleet_admiral_female,wh2_dlc11_skill_node_set_cst_admiral_fem_deep,,1,general,false,false,,,,wh2_dlc11_skill_cst_admiral_fem_deep_campaign_04,wh2_dlc11_skill_cst_campaign_4,Sea Dogs,"You'll never find such a crew - villainous scum, the lot of 'em. I certainly wouldn't want to be facing 'em in the thick of battle!",campaign_morale.png,4,5,0,0,true,0,3,3,Sea Dogs,"You'll never find such a crew - villainous scum, the lot of 'em. I certainly wouldn't want to be facing 'em in the thick of battle!",,,,,,wh2_main_effect_force_stat_leadership_at_sea,Leadership: %+n when fighting at sea,,general_to_force_own,6,battle,411,true,morale.png,morale.png,,,,,,,,,,,,,,,,,,,,,,,character_skill_level_to_effects_junctions_tables,wh2_dlc11_skill_cst_campaign_4|wh2_main_effect_force_stat_leadership_at_sea|3|general_to_force_own
node,warhammer_3,8.1.1,24237342,Vampire Coast,vampire_coast,wh2_dlc11_sc_cst_vampire_coast,Vampire Fleet Admiral (Deep),Vampire_Fleet_Admiral_Deep__admiral_fem_deep,lord,wh2_dlc11_cst_admiral_fem_deep,general,general,wh2_dlc11_cst_noctilus|wh2_dlc11_cst_noctilus_separatists|wh2_dlc11_cst_pirates_of_sartosa|wh2_dlc11_cst_pirates_of_sartosa_separatists|wh2_dlc11_cst_the_drowned|wh2_dlc11_cst_the_drowned_separatists|wh2_dlc11_cst_vampire_coast|wh2_dlc11_cst_vampire_coast_encounters|wh2_dlc11_cst_vampire_coast_qb1|wh2_dlc11_cst_vampire_coast_qb2|wh2_dlc11_cst_vampire_coast_qb3|wh2_dlc11_cst_vampire_coast_qb4|wh2_dlc11_cst_vampire_coast_rebellion_rebels|wh2_dlc11_cst_vampire_coast_rebels|wh2_dlc11_cst_vampire_coast_separatists|wh3_dlc21_cst_dead_flag_fleet|wh3_dlc24_cst_vampire_coast_bloated_rebels|wh3_dlc26_cst_vampire_coast_qb1|wh3_dlc26_cst_vampire_coast_qb2|wh3_main_cst_dread_rock_privateers,false,false,true,true,true,true,wh2_dlc11_lore_deep,cst_vampire_fleet_admiral_female,wh2_dlc11_skill_node_set_cst_admiral_fem_deep,,1,general,false,false,,,,wh2_dlc11_skill_node_cst_admiral_fem_deep_innate_04,wh2_dlc11_skill_innate_cst_schemer,Intrigant,"There's nothing quite like a good, straightforward plan - and this is nothing like one! Complexity rarely trumps simplicity, in all matters.",trait_navy.png,4,6,0,0,false,0,1,,,,,,,,,,,,,,,,,,,,,,,,,,,,,,,,,,,,,,,,,character_skill_nodes_tables,wh2_dlc11_skill_node_cst_admiral_fem_deep_innate_04
effect,warhammer_3,8.1.1,24237342,Vampire Coast,vampire_coast,wh2_dlc11_sc_cst_vampire_coast,Vampire Fleet Admiral (Deep),Vampire_Fleet_Admiral_Deep__admiral_fem_deep,lord,wh2_dlc11_cst_admiral_fem_deep,general,general,wh2_dlc11_cst_noctilus|wh2_dlc11_cst_noctilus_separatists|wh2_dlc11_cst_pirates_of_sartosa|wh2_dlc11_cst_pirates_of_sartosa_separatists|wh2_dlc11_cst_the_drowned|wh2_dlc11_cst_the_drowned_separatists|wh2_dlc11_cst_vampire_coast|wh2_dlc11_cst_vampire_coast_encounters|wh2_dlc11_cst_vampire_coast_qb1|wh2_dlc11_cst_vampire_coast_qb2|wh2_dlc11_cst_vampire_coast_qb3|wh2_dlc11_cst_vampire_coast_qb4|wh2_dlc11_cst_vampire_coast_rebellion_rebels|wh2_dlc11_cst_vampire_coast_rebels|wh2_dlc11_cst_vampire_coast_separatists|wh3_dlc21_cst_dead_flag_fleet|wh3_dlc24_cst_vampire_coast_bloated_rebels|wh3_dlc26_cst_vampire_coast_qb1|wh3_dlc26_cst_vampire_coast_qb2|wh3_main_cst_dread_rock_privateers,false,false,true,true,true,true,wh2_dlc11_lore_deep,cst_vampire_fleet_admiral_female,wh2_dlc11_skill_node_set_cst_admiral_fem_deep,,1,general,false,false,,,,wh2_dlc11_skill_node_cst_admiral_fem_deep_innate_04,wh2_dlc11_skill_innate_cst_schemer,Intrigant,"There's nothing quite like a good, straightforward plan - and this is nothing like one! Complexity rarely trumps simplicity, in all matters.",trait_navy.png,4,6,0,0,false,0,1,1,Intrigant,"There's nothing quite like a good, straightforward plan - and this is nothing like one! Complexity rarely trumps simplicity, in all matters.",,,,,,wh_main_effect_attribute_enable_stalk,Attribute: Stalk,,character_to_character_own,1,both,320,true,attribute_stalk.png,attribute_stalk.png,,,,,,,,,,,,,,,,,,,,,,,character_skill_level_to_effects_junctions_tables,wh2_dlc11_skill_innate_cst_schemer|wh_main_effect_attribute_enable_stalk|1|character_to_character_own
effect,warhammer_3,8.1.1,24237342,Vampire Coast,vampire_coast,wh2_dlc11_sc_cst_vampire_coast,Vampire Fleet Admiral (Deep),Vampire_Fleet_Admiral_Deep__admiral_fem_deep,lord,wh2_dlc11_cst_admiral_fem_deep,general,general,wh2_dlc11_cst_noctilus|wh2_dlc11_cst_noctilus_separatists|wh2_dlc11_cst_pirates_of_sartosa|wh2_dlc11_cst_pirates_of_sartosa_separatists|wh2_dlc11_cst_the_drowned|wh2_dlc11_cst_the_drowned_separatists|wh2_dlc11_cst_vampire_coast|wh2_dlc11_cst_vampire_coast_encounters|wh2_dlc11_cst_vampire_coast_qb1|wh2_dlc11_cst_vampire_coast_qb2|wh2_dlc11_cst_vampire_coast_qb3|wh2_dlc11_cst_vampire_coast_qb4|wh2_dlc11_cst_vampire_coast_rebellion_rebels|wh2_dlc11_cst_vampire_coast_rebels|wh2_dlc11_cst_vampire_coast_separatists|wh3_dlc21_cst_dead_flag_fleet|wh3_dlc24_cst_vampire_coast_bloated_rebels|wh3_dlc26_cst_vampire_coast_qb1|wh3_dlc26_cst_vampire_coast_qb2|wh3_main_cst_dread_rock_privateers,false,false,true,true,true,true,wh2_dlc11_lore_deep,cst_vampire_fleet_admiral_female,wh2_dlc11_skill_node_set_cst_admiral_fem_deep,,1,general,false,false,,,,wh2_dlc11_skill_node_cst_admiral_fem_deep_innate_04,wh2_dlc11_skill_innate_cst_schemer,Intrigant,"There's nothing quite like a good, straightforward plan - and this is nothing like one! Complexity rarely trumps simplicity, in all matters.",trait_navy.png,4,6,0,0,false,0,1,1,Intrigant,"There's nothing quite like a good, straightforward plan - and this is nothing like one! Complexity rarely trumps simplicity, in all matters.",,,,,,wh_main_effect_force_army_campaign_ambush_attack_success_chance,Ambush success chance: %+n%,,general_to_force_own,25,campaign,101,true,icon_effects_ambush.png,icon_effects_ambush.png,,,,,,,,,,,,,,,,,,,,,,,character_skill_level_to_effects_junctions_tables,wh2_dlc11_skill_innate_cst_schemer|wh_main_effect_force_army_campaign_ambush_attack_success_chance|1|general_to_force_own
effect,warhammer_3,8.1.1,24237342,Vampire Coast,vampire_coast,wh2_dlc11_sc_cst_vampire_coast,Vampire Fleet Admiral (Deep),Vampire_Fleet_Admiral_Deep__admiral_fem_deep,lord,wh2_dlc11_cst_admiral_fem_deep,general,general,wh2_dlc11_cst_noctilus|wh2_dlc11_cst_noctilus_separatists|wh2_dlc11_cst_pirates_of_sartosa|wh2_dlc11_cst_pirates_of_sartosa_separatists|wh2_dlc11_cst_the_drowned|wh2_dlc11_cst_the_drowned_separatists|wh2_dlc11_cst_vampire_coast|wh2_dlc11_cst_vampire_coast_encounters|wh2_dlc11_cst_vampire_coast_qb1|wh2_dlc11_cst_vampire_coast_qb2|wh2_dlc11_cst_vampire_coast_qb3|wh2_dlc11_cst_vampire_coast_qb4|wh2_dlc11_cst_vampire_coast_rebellion_rebels|wh2_dlc11_cst_vampire_coast_rebels|wh2_dlc11_cst_vampire_coast_separatists|wh3_dlc21_cst_dead_flag_fleet|wh3_dlc24_cst_vampire_coast_bloated_rebels|wh3_dlc26_cst_vampire_coast_qb1|wh3_dlc26_cst_vampire_coast_qb2|wh3_main_cst_dread_rock_privateers,false,false,true,true,true,true,wh2_dlc11_lore_deep,cst_vampire_fleet_admiral_female,wh2_dlc11_skill_node_set_cst_admiral_fem_deep,,1,general,false,false,,,,wh2_dlc11_skill_node_cst_admiral_fem_deep_innate_04,wh2_dlc11_skill_innate_cst_schemer,Intrigant,"There's nothing quite like a good, straightforward plan - and this is nothing like one! Complexity rarely trumps simplicity, in all matters.",trait_navy.png,4,6,0,0,false,0,1,1,Intrigant,"There's nothing quite like a good, straightforward plan - and this is nothing like one! Complexity rarely trumps simplicity, in all matters.",,,,,,wh2_dlc09_effect_force_stat_melee_attack_during_ambushes,Melee attack: %+n during ambushes,,general_to_force_own,12,battle,431,true,melee.png,melee.png,,,,,,,,,,,,,,,,,,,,,,,character_skill_level_to_effects_junctions_tables,wh2_dlc11_skill_innate_cst_schemer|wh2_dlc09_effect_force_stat_melee_attack_during_ambushes|1|general_to_force_own
effect,warhammer_3,8.1.1,24237342,Vampire Coast,vampire_coast,wh2_dlc11_sc_cst_vampire_coast,Vampire Fleet Admiral (Deep),Vampire_Fleet_Admiral_Deep__admiral_fem_deep,lord,wh2_dlc11_cst_admiral_fem_deep,general,general,wh2_dlc11_cst_noctilus|wh2_dlc11_cst_noctilus_separatists|wh2_dlc11_cst_pirates_of_sartosa|wh2_dlc11_cst_pirates_of_sartosa_separatists|wh2_dlc11_cst_the_drowned|wh2_dlc11_cst_the_drowned_separatists|wh2_dlc11_cst_vampire_coast|wh2_dlc11_cst_vampire_coast_encounters|wh2_dlc11_cst_vampire_coast_qb1|wh2_dlc11_cst_vampire_coast_qb2|wh2_dlc11_cst_vampire_coast_qb3|wh2_dlc11_cst_vampire_coast_qb4|wh2_dlc11_cst_vampire_coast_rebellion_rebels|wh2_dlc11_cst_vampire_coast_rebels|wh2_dlc11_cst_vampire_coast_separatists|wh3_dlc21_cst_dead_flag_fleet|wh3_dlc24_cst_vampire_coast_bloated_rebels|wh3_dlc26_cst_vampire_coast_qb1|wh3_dlc26_cst_vampire_coast_qb2|wh3_main_cst_dread_rock_privateers,false,false,true,true,true,true,wh2_dlc11_lore_deep,cst_vampire_fleet_admiral_female,wh2_dlc11_skill_node_set_cst_admiral_fem_deep,,1,general,false,false,,,,wh2_dlc11_skill_node_cst_admiral_fem_deep_innate_04,wh2_dlc11_skill_innate_cst_schemer,Intrigant,"There's nothing quite like a good, straightforward plan - and this is nothing like one! Complexity rarely trumps simplicity, in all matters.",trait_navy.png,4,6,0,0,false,0,1,1,Intrigant,"There's nothing quite like a good, straightforward plan - and this is nothing like one! Complexity rarely trumps simplicity, in all matters.",,,,,,wh2_dlc11_cst_lord_innate_mastermind_dummy,Mastermind: Loyalty decline rate is lowered,,character_to_character_own,-500,campaign,2,false,loyalty.png,loyalty.png,,,,,,,,,,,,,,,,,,,,,,,character_skill_level_to_effects_junctions_tables,wh2_dlc11_skill_innate_cst_schemer|wh2_dlc11_cst_lord_innate_mastermind_dummy|1|character_to_character_own
effect,warhammer_3,8.1.1,24237342,Vampire Coast,vampire_coast,wh2_dlc11_sc_cst_vampire_coast,Vampire Fleet Admiral (Deep),Vampire_Fleet_Admiral_Deep__admiral_fem_deep,lord,wh2_dlc11_cst_admiral_fem_deep,general,general,wh2_dlc11_cst_noctilus|wh2_dlc11_cst_noctilus_separatists|wh2_dlc11_cst_pirates_of_sartosa|wh2_dlc11_cst_pirates_of_sartosa_separatists|wh2_dlc11_cst_the_drowned|wh2_dlc11_cst_the_drowned_separatists|wh2_dlc11_cst_vampire_coast|wh2_dlc11_cst_vampire_coast_encounters|wh2_dlc11_cst_vampire_coast_qb1|wh2_dlc11_cst_vampire_coast_qb2|wh2_dlc11_cst_vampire_coast_qb3|wh2_dlc11_cst_vampire_coast_qb4|wh2_dlc11_cst_vampire_coast_rebellion_rebels|wh2_dlc11_cst_vampire_coast_rebels|wh2_dlc11_cst_vampire_coast_separatists|wh3_dlc21_cst_dead_flag_fleet|wh3_dlc24_cst_vampire_coast_bloated_rebels|wh3_dlc26_cst_vampire_coast_qb1|wh3_dlc26_cst_vampire_coast_qb2|wh3_main_cst_dread_rock_privateers,false,false,true,true,true,true,wh2_dlc11_lore_deep,cst_vampire_fleet_admiral_female,wh2_dlc11_skill_node_set_cst_admiral_fem_deep,,1,general,false,false,,,,wh2_dlc11_skill_node_cst_admiral_fem_deep_innate_04,wh2_dlc11_skill_innate_cst_schemer,Intrigant,"There's nothing quite like a good, straightforward plan - and this is nothing like one! Complexity rarely trumps simplicity, in all matters.",trait_navy.png,4,6,0,0,false,0,1,1,Intrigant,"There's nothing quite like a good, straightforward plan - and this is nothing like one! Complexity rarely trumps simplicity, in all matters.",,,,,,wh2_dlc11_skill_innate_cst_schemer_dummy,Gain loyalty from ambush and lightning-strike battles,,character_to_character_own,1,campaign,1,true,loyalty.png,loyalty.png,,,,,,,,,,,,,,,,,,,,,,,character_skill_level_to_effects_junctions_tables,wh2_dlc11_skill_innate_cst_schemer|wh2_dlc11_skill_innate_cst_schemer_dummy|1|character_to_character_own
effect,warhammer_3,8.1.1,24237342,Vampire Coast,vampire_coast,wh2_dlc11_sc_cst_vampire_coast,Vampire Fleet Admiral (Deep),Vampire_Fleet_Admiral_Deep__admiral_fem_deep,lord,wh2_dlc11_cst_admiral_fem_deep,general,general,wh2_dlc11_cst_noctilus|wh2_dlc11_cst_noctilus_separatists|wh2_dlc11_cst_pirates_of_sartosa|wh2_dlc11_cst_pirates_of_sartosa_separatists|wh2_dlc11_cst_the_drowned|wh2_dlc11_cst_the_drowned_separatists|wh2_dlc11_cst_vampire_coast|wh2_dlc11_cst_vampire_coast_encounters|wh2_dlc11_cst_vampire_coast_qb1|wh2_dlc11_cst_vampire_coast_qb2|wh2_dlc11_cst_vampire_coast_qb3|wh2_dlc11_cst_vampire_coast_qb4|wh2_dlc11_cst_vampire_coast_rebellion_rebels|wh2_dlc11_cst_vampire_coast_rebels|wh2_dlc11_cst_vampire_coast_separatists|wh3_dlc21_cst_dead_flag_fleet|wh3_dlc24_cst_vampire_coast_bloated_rebels|wh3_dlc26_cst_vampire_coast_qb1|wh3_dlc26_cst_vampire_coast_qb2|wh3_main_cst_dread_rock_privateers,false,false,true,true,true,true,wh2_dlc11_lore_deep,cst_vampire_fleet_admiral_female,wh2_dlc11_skill_node_set_cst_admiral_fem_deep,,1,general,false,false,,,,wh2_dlc11_skill_node_cst_admiral_fem_deep_innate_04,wh2_dlc11_skill_innate_cst_schemer,Intrigant,"There's nothing quite like a good, straightforward plan - and this is nothing like one! Complexity rarely trumps simplicity, in all matters.",trait_navy.png,4,6,0,0,false,0,1,1,Intrigant,"There's nothing quite like a good, straightforward plan - and this is nothing like one! Complexity rarely trumps simplicity, in all matters.",,,,,,wh2_dlc16_effect_force_army_battle_unit_missile_strength_during_ambushes,Missile strength: %+n% during ambushes,,general_to_force_own,20,battle,62,true,ranged_damage.png,ranged_damage.png,,,,,,,,,,,,,,,,,,,,,,,character_skill_level_to_effects_junctions_tables,wh2_dlc11_skill_innate_cst_schemer|wh2_dlc16_effect_force_army_battle_unit_missile_strength_during_ambushes|1|general_to_force_own
node,warhammer_3,8.1.1,24237342,Vampire Coast,vampire_coast,wh2_dlc11_sc_cst_vampire_coast,Vampire Fleet Admiral (Deep),Vampire_Fleet_Admiral_Deep__admiral_fem_deep,lord,wh2_dlc11_cst_admiral_fem_deep,general,general,wh2_dlc11_cst_noctilus|wh2_dlc11_cst_noctilus_separatists|wh2_dlc11_cst_pirates_of_sartosa|wh2_dlc11_cst_pirates_of_sartosa_separatists|wh2_dlc11_cst_the_drowned|wh2_dlc11_cst_the_drowned_separatists|wh2_dlc11_cst_vampire_coast|wh2_dlc11_cst_vampire_coast_encounters|wh2_dlc11_cst_vampire_coast_qb1|wh2_dlc11_cst_vampire_coast_qb2|wh2_dlc11_cst_vampire_coast_qb3|wh2_dlc11_cst_vampire_coast_qb4|wh2_dlc11_cst_vampire_coast_rebellion_rebels|wh2_dlc11_cst_vampire_coast_rebels|wh2_dlc11_cst_vampire_coast_separatists|wh3_dlc21_cst_dead_flag_fleet|wh3_dlc24_cst_vampire_coast_bloated_rebels|wh3_dlc26_cst_vampire_coast_qb1|wh3_dlc26_cst_vampire_coast_qb2|wh3_main_cst_dread_rock_privateers,false,false,true,true,true,true,wh2_dlc11_lore_deep,cst_vampire_fleet_admiral_female,wh2_dlc11_skill_node_set_cst_admiral_fem_deep,,1,general,false,false,,,,wh2_dlc11_skill_cst_misc_admiral_fem_deep_04,wh2_dlc11_skill_cst_loyal_lord,Loyal to the End,"It's been a long, hard voyage to get to this point, but now trust and loyalty - so difficult to engender among freebooters - is firmly established between Lord and admiral.",wh2_dlc11_loyalty.png,5,0,0,0,true,29,1,,,,,,,,,,,,,,,,,,,,,,,,,,,,,,,,,,,,,,,,,character_skill_nodes_tables,wh2_dlc11_skill_cst_misc_admiral_fem_deep_04
skill_level,warhammer_3,8.1.1,24237342,Vampire Coast,vampire_coast,wh2_dlc11_sc_cst_vampire_coast,Vampire Fleet Admiral (Deep),Vampire_Fleet_Admiral_Deep__admiral_fem_deep,lord,wh2_dlc11_cst_admiral_fem_deep,general,general,wh2_dlc11_cst_noctilus|wh2_dlc11_cst_noctilus_separatists|wh2_dlc11_cst_pirates_of_sartosa|wh2_dlc11_cst_pirates_of_sartosa_separatists|wh2_dlc11_cst_the_drowned|wh2_dlc11_cst_the_drowned_separatists|wh2_dlc11_cst_vampire_coast|wh2_dlc11_cst_vampire_coast_encounters|wh2_dlc11_cst_vampire_coast_qb1|wh2_dlc11_cst_vampire_coast_qb2|wh2_dlc11_cst_vampire_coast_qb3|wh2_dlc11_cst_vampire_coast_qb4|wh2_dlc11_cst_vampire_coast_rebellion_rebels|wh2_dlc11_cst_vampire_coast_rebels|wh2_dlc11_cst_vampire_coast_separatists|wh3_dlc21_cst_dead_flag_fleet|wh3_dlc24_cst_vampire_coast_bloated_rebels|wh3_dlc26_cst_vampire_coast_qb1|wh3_dlc26_cst_vampire_coast_qb2|wh3_main_cst_dread_rock_privateers,false,false,true,true,true,true,wh2_dlc11_lore_deep,cst_vampire_fleet_admiral_female,wh2_dlc11_skill_node_set_cst_admiral_fem_deep,,1,general,false,false,,,,wh2_dlc11_skill_cst_misc_admiral_fem_deep_04,wh2_dlc11_skill_cst_loyal_lord,Loyal to the End,"It's been a long, hard voyage to get to this point, but now trust and loyalty - so difficult to engender among freebooters - is firmly established between Lord and admiral.",wh2_dlc11_loyalty.png,5,0,0,0,true,29,1,1,Loyal to the End,"It's been a long, hard voyage to get to this point, but now trust and loyalty - so difficult to engender among freebooters - is firmly established between Lord and admiral.",29,x,,,,,,,,,,,,,,,,,,,,,,,,,,,,,,,,,,,,character_skill_level_details_tables,wh2_dlc11_skill_cst_loyal_lord|1|||
effect,warhammer_3,8.1.1,24237342,Vampire Coast,vampire_coast,wh2_dlc11_sc_cst_vampire_coast,Vampire Fleet Admiral (Deep),Vampire_Fleet_Admiral_Deep__admiral_fem_deep,lord,wh2_dlc11_cst_admiral_fem_deep,general,general,wh2_dlc11_cst_noctilus|wh2_dlc11_cst_noctilus_separatists|wh2_dlc11_cst_pirates_of_sartosa|wh2_dlc11_cst_pirates_of_sartosa_separatists|wh2_dlc11_cst_the_drowned|wh2_dlc11_cst_the_drowned_separatists|wh2_dlc11_cst_vampire_coast|wh2_dlc11_cst_vampire_coast_encounters|wh2_dlc11_cst_vampire_coast_qb1|wh2_dlc11_cst_vampire_coast_qb2|wh2_dlc11_cst_vampire_coast_qb3|wh2_dlc11_cst_vampire_coast_qb4|wh2_dlc11_cst_vampire_coast_rebellion_rebels|wh2_dlc11_cst_vampire_coast_rebels|wh2_dlc11_cst_vampire_coast_separatists|wh3_dlc21_cst_dead_flag_fleet|wh3_dlc24_cst_vampire_coast_bloated_rebels|wh3_dlc26_cst_vampire_coast_qb1|wh3_dlc26_cst_vampire_coast_qb2|wh3_main_cst_dread_rock_privateers,false,false,true,true,true,true,wh2_dlc11_lore_deep,cst_vampire_fleet_admiral_female,wh2_dlc11_skill_node_set_cst_admiral_fem_deep,,1,general,false,false,,,,wh2_dlc11_skill_cst_misc_admiral_fem_deep_04,wh2_dlc11_skill_cst_loyal_lord,Loyal to the End,"It's been a long, hard voyage to get to this point, but now trust and loyalty - so difficult to engender among freebooters - is firmly established between Lord and admiral.",wh2_dlc11_loyalty.png,5,0,0,0,true,29,1,1,Loyal to the End,"It's been a long, hard voyage to get to this point, but now trust and loyalty - so difficult to engender among freebooters - is firmly established between Lord and admiral.",,,,,,wh2_dlc11_effect_character_mod_loyalty_no_decline_dummy,Loyalty will not decline,,character_to_character_own,1,campaign,1,true,loyalty.png,loyalty.png,,,,,,,,,,,,,,,,,,,,,,,character_skill_level_to_effects_junctions_tables,wh2_dlc11_skill_cst_loyal_lord|wh2_dlc11_effect_character_mod_loyalty_no_decline_dummy|1|character_to_character_own
node,warhammer_3,8.1.1,24237342,Vampire Coast,vampire_coast,wh2_dlc11_sc_cst_vampire_coast,Vampire Fleet Admiral (Deep),Vampire_Fleet_Admiral_Deep__admiral_fem_deep,lord,wh2_dlc11_cst_admiral_fem_deep,general,general,wh2_dlc11_cst_noctilus|wh2_dlc11_cst_noctilus_separatists|wh2_dlc11_cst_pirates_of_sartosa|wh2_dlc11_cst_pirates_of_sartosa_separatists|wh2_dlc11_cst_the_drowned|wh2_dlc11_cst_the_drowned_separatists|wh2_dlc11_cst_vampire_coast|wh2_dlc11_cst_vampire_coast_encounters|wh2_dlc11_cst_vampire_coast_qb1|wh2_dlc11_cst_vampire_coast_qb2|wh2_dlc11_cst_vampire_coast_qb3|wh2_dlc11_cst_vampire_coast_qb4|wh2_dlc11_cst_vampire_coast_rebellion_rebels|wh2_dlc11_cst_vampire_coast_rebels|wh2_dlc11_cst_vampire_coast_separatists|wh3_dlc21_cst_dead_flag_fleet|wh3_dlc24_cst_vampire_coast_bloated_rebels|wh3_dlc26_cst_vampire_coast_qb1|wh3_dlc26_cst_vampire_coast_qb2|wh3_main_cst_dread_rock_privateers,false,false,true,true,true,true,wh2_dlc11_lore_deep,cst_vampire_fleet_admiral_female,wh2_dlc11_skill_node_set_cst_admiral_fem_deep,,1,general,false,false,,,,wh2_dlc11_skill_cst_admiral_fem_deep_crime_05,wh2_dlc11_skill_cst_lord_crime_3,Arsonist,"Fire, to destroy all that you have done; fire, to end all you've become.",wh2_dlc11_arson.png,5,1,0,0,true,0,1,,,,,,,,,,,,,,,,,,,,,,,,,,,,,,,,,,,,,,,,,character_skill_nodes_tables,wh2_dlc11_skill_cst_admiral_fem_deep_crime_05
skill_level,warhammer_3,8.1.1,24237342,Vampire Coast,vampire_coast,wh2_dlc11_sc_cst_vampire_coast,Vampire Fleet Admiral (Deep),Vampire_Fleet_Admiral_Deep__admiral_fem_deep,lord,wh2_dlc11_cst_admiral_fem_deep,general,general,wh2_dlc11_cst_noctilus|wh2_dlc11_cst_noctilus_separatists|wh2_dlc11_cst_pirates_of_sartosa|wh2_dlc11_cst_pirates_of_sartosa_separatists|wh2_dlc11_cst_the_drowned|wh2_dlc11_cst_the_drowned_separatists|wh2_dlc11_cst_vampire_coast|wh2_dlc11_cst_vampire_coast_encounters|wh2_dlc11_cst_vampire_coast_qb1|wh2_dlc11_cst_vampire_coast_qb2|wh2_dlc11_cst_vampire_coast_qb3|wh2_dlc11_cst_vampire_coast_qb4|wh2_dlc11_cst_vampire_coast_rebellion_rebels|wh2_dlc11_cst_vampire_coast_rebels|wh2_dlc11_cst_vampire_coast_separatists|wh3_dlc21_cst_dead_flag_fleet|wh3_dlc24_cst_vampire_coast_bloated_rebels|wh3_dlc26_cst_vampire_coast_qb1|wh3_dlc26_cst_vampire_coast_qb2|wh3_main_cst_dread_rock_privateers,false,false,true,true,true,true,wh2_dlc11_lore_deep,cst_vampire_fleet_admiral_female,wh2_dlc11_skill_node_set_cst_admiral_fem_deep,,1,general,false,false,,,,wh2_dlc11_skill_cst_admiral_fem_deep_crime_05,wh2_dlc11_skill_cst_lord_crime_3,Arsonist,"Fire, to destroy all that you have done; fire, to end all you've become.",wh2_dlc11_arson.png,5,1,0,0,true,0,1,1,Arsonist,"Fire, to destroy all that you have done; fire, to end all you've become.",8,x,,,,,,,,,,,,,,,,,,,,,,,,,,,,,,,,,,,,character_skill_level_details_tables,wh2_dlc11_skill_cst_lord_crime_3|1|||
effect,warhammer_3,8.1.1,24237342,Vampire Coast,vampire_coast,wh2_dlc11_sc_cst_vampire_coast,Vampire Fleet Admiral (Deep),Vampire_Fleet_Admiral_Deep__admiral_fem_deep,lord,wh2_dlc11_cst_admiral_fem_deep,general,general,wh2_dlc11_cst_noctilus|wh2_dlc11_cst_noctilus_separatists|wh2_dlc11_cst_pirates_of_sartosa|wh2_dlc11_cst_pirates_of_sartosa_separatists|wh2_dlc11_cst_the_drowned|wh2_dlc11_cst_the_drowned_separatists|wh2_dlc11_cst_vampire_coast|wh2_dlc11_cst_vampire_coast_encounters|wh2_dlc11_cst_vampire_coast_qb1|wh2_dlc11_cst_vampire_coast_qb2|wh2_dlc11_cst_vampire_coast_qb3|wh2_dlc11_cst_vampire_coast_qb4|wh2_dlc11_cst_vampire_coast_rebellion_rebels|wh2_dlc11_cst_vampire_coast_rebels|wh2_dlc11_cst_vampire_coast_separatists|wh3_dlc21_cst_dead_flag_fleet|wh3_dlc24_cst_vampire_coast_bloated_rebels|wh3_dlc26_cst_vampire_coast_qb1|wh3_dlc26_cst_vampire_coast_qb2|wh3_main_cst_dread_rock_privateers,false,false,true,true,true,true,wh2_dlc11_lore_deep,cst_vampire_fleet_admiral_female,wh2_dlc11_skill_node_set_cst_admiral_fem_deep,,1,general,false,false,,,,wh2_dlc11_skill_cst_admiral_fem_deep_crime_05,wh2_dlc11_skill_cst_lord_crime_3,Arsonist,"Fire, to destroy all that you have done; fire, to end all you've become.",wh2_dlc11_arson.png,5,1,0,0,true,0,1,1,Arsonist,"Fire, to destroy all that you have done; fire, to end all you've become.",,,,,,wh_main_effect_character_stat_fire_resistance,Fire resistance: %n%,"Fire Resistance. Damage of [[img:ui/skins/default/modifier_icon_flaming.png]][[/img]]flaming attacks is reduced by this amount, up to a maximum of 90%",character_to_character_own,15,both,280,true,resistance_fire.png,resistance_fire.png,,,,,,,,,,,,,,,,,,,,,,,character_skill_level_to_effects_junctions_tables,wh2_dlc11_skill_cst_lord_crime_3|wh_main_effect_character_stat_fire_resistance|1|character_to_character_own
effect,warhammer_3,8.1.1,24237342,Vampire Coast,vampire_coast,wh2_dlc11_sc_cst_vampire_coast,Vampire Fleet Admiral (Deep),Vampire_Fleet_Admiral_Deep__admiral_fem_deep,lord,wh2_dlc11_cst_admiral_fem_deep,general,general,wh2_dlc11_cst_noctilus|wh2_dlc11_cst_noctilus_separatists|wh2_dlc11_cst_pirates_of_sartosa|wh2_dlc11_cst_pirates_of_sartosa_separatists|wh2_dlc11_cst_the_drowned|wh2_dlc11_cst_the_drowned_separatists|wh2_dlc11_cst_vampire_coast|wh2_dlc11_cst_vampire_coast_encounters|wh2_dlc11_cst_vampire_coast_qb1|wh2_dlc11_cst_vampire_coast_qb2|wh2_dlc11_cst_vampire_coast_qb3|wh2_dlc11_cst_vampire_coast_qb4|wh2_dlc11_cst_vampire_coast_rebellion_rebels|wh2_dlc11_cst_vampire_coast_rebels|wh2_dlc11_cst_vampire_coast_separatists|wh3_dlc21_cst_dead_flag_fleet|wh3_dlc24_cst_vampire_coast_bloated_rebels|wh3_dlc26_cst_vampire_coast_qb1|wh3_dlc26_cst_vampire_coast_qb2|wh3_main_cst_dread_rock_privateers,false,false,true,true,true,true,wh2_dlc11_lore_deep,cst_vampire_fleet_admiral_female,wh2_dlc11_skill_node_set_cst_admiral_fem_deep,,1,general,false,false,,,,wh2_dlc11_skill_cst_admiral_fem_deep_crime_05,wh2_dlc11_skill_cst_lord_crime_3,Arsonist,"Fire, to destroy all that you have done; fire, to end all you've become.",wh2_dlc11_arson.png,5,1,0,0,true,0,1,1,Arsonist,"Fire, to destroy all that you have done; fire, to end all you've become.",,,,,,wh2_dlc11_effect_force_stat_missile_damage_cst_artillery,"Missile strength: %+n% for Carronade, Mortar and Queen Bess units",,general_to_force_own,8,battle,541,true,ranged_damage.png,ranged_damage.png,,,,,,,,,,,,,,,,,,,,,,,character_skill_level_to_effects_junctions_tables,wh2_dlc11_skill_cst_lord_crime_3|wh2_dlc11_effect_force_stat_missile_damage_cst_artillery|1|general_to_force_own
skill_lock,warhammer_3,8.1.1,24237342,Vampire Coast,vampire_coast,wh2_dlc11_sc_cst_vampire_coast,Vampire Fleet Admiral (Deep),Vampire_Fleet_Admiral_Deep__admiral_fem_deep,lord,wh2_dlc11_cst_admiral_fem_deep,general,general,wh2_dlc11_cst_noctilus|wh2_dlc11_cst_noctilus_separatists|wh2_dlc11_cst_pirates_of_sartosa|wh2_dlc11_cst_pirates_of_sartosa_separatists|wh2_dlc11_cst_the_drowned|wh2_dlc11_cst_the_drowned_separatists|wh2_dlc11_cst_vampire_coast|wh2_dlc11_cst_vampire_coast_encounters|wh2_dlc11_cst_vampire_coast_qb1|wh2_dlc11_cst_vampire_coast_qb2|wh2_dlc11_cst_vampire_coast_qb3|wh2_dlc11_cst_vampire_coast_qb4|wh2_dlc11_cst_vampire_coast_rebellion_rebels|wh2_dlc11_cst_vampire_coast_rebels|wh2_dlc11_cst_vampire_coast_separatists|wh3_dlc21_cst_dead_flag_fleet|wh3_dlc24_cst_vampire_coast_bloated_rebels|wh3_dlc26_cst_vampire_coast_qb1|wh3_dlc26_cst_vampire_coast_qb2|wh3_main_cst_dread_rock_privateers,false,false,true,true,true,true,wh2_dlc11_lore_deep,cst_vampire_fleet_admiral_female,wh2_dlc11_skill_node_set_cst_admiral_fem_deep,,1,general,false,false,,,,wh2_dlc11_skill_cst_admiral_fem_deep_crime_05,wh2_dlc11_skill_cst_lord_crime_3,Arsonist,"Fire, to destroy all that you have done; fire, to end all you've become.",wh2_dlc11_arson.png,5,1,0,0,true,0,1,,,,,,,,,,,,,,,,,,,,,,,,,,,,,,,wh2_dlc11_skill_cst_lord_crime_0,Forger,1,,,,,,,,character_skill_nodes_skill_locks_tables,wh2_dlc11_skill_cst_admiral_fem_deep_crime_05|wh2_dlc11_skill_cst_lord_crime_0|1
skill_lock,warhammer_3,8.1.1,24237342,Vampire Coast,vampire_coast,wh2_dlc11_sc_cst_vampire_coast,Vampire Fleet Admiral (Deep),Vampire_Fleet_Admiral_Deep__admiral_fem_deep,lord,wh2_dlc11_cst_admiral_fem_deep,general,general,wh2_dlc11_cst_noctilus|wh2_dlc11_cst_noctilus_separatists|wh2_dlc11_cst_pirates_of_sartosa|wh2_dlc11_cst_pirates_of_sartosa_separatists|wh2_dlc11_cst_the_drowned|wh2_dlc11_cst_the_drowned_separatists|wh2_dlc11_cst_vampire_coast|wh2_dlc11_cst_vampire_coast_encounters|wh2_dlc11_cst_vampire_coast_qb1|wh2_dlc11_cst_vampire_coast_qb2|wh2_dlc11_cst_vampire_coast_qb3|wh2_dlc11_cst_vampire_coast_qb4|wh2_dlc11_cst_vampire_coast_rebellion_rebels|wh2_dlc11_cst_vampire_coast_rebels|wh2_dlc11_cst_vampire_coast_separatists|wh3_dlc21_cst_dead_flag_fleet|wh3_dlc24_cst_vampire_coast_bloated_rebels|wh3_dlc26_cst_vampire_coast_qb1|wh3_dlc26_cst_vampire_coast_qb2|wh3_main_cst_dread_rock_privateers,false,false,true,true,true,true,wh2_dlc11_lore_deep,cst_vampire_fleet_admiral_female,wh2_dlc11_skill_node_set_cst_admiral_fem_deep,,1,general,false,false,,,,wh2_dlc11_skill_cst_admiral_fem_deep_crime_05,wh2_dlc11_skill_cst_lord_crime_3,Arsonist,"Fire, to destroy all that you have done; fire, to end all you've become.",wh2_dlc11_arson.png,5,1,0,0,true,0,1,,,,,,,,,,,,,,,,,,,,,,,,,,,,,,,wh2_dlc11_skill_cst_lord_crime_1,Smuggler,1,,,,,,,,character_skill_nodes_skill_locks_tables,wh2_dlc11_skill_cst_admiral_fem_deep_crime_05|wh2_dlc11_skill_cst_lord_crime_1|1
skill_lock,warhammer_3,8.1.1,24237342,Vampire Coast,vampire_coast,wh2_dlc11_sc_cst_vampire_coast,Vampire Fleet Admiral (Deep),Vampire_Fleet_Admiral_Deep__admiral_fem_deep,lord,wh2_dlc11_cst_admiral_fem_deep,general,general,wh2_dlc11_cst_noctilus|wh2_dlc11_cst_noctilus_separatists|wh2_dlc11_cst_pirates_of_sartosa|wh2_dlc11_cst_pirates_of_sartosa_separatists|wh2_dlc11_cst_the_drowned|wh2_dlc11_cst_the_drowned_separatists|wh2_dlc11_cst_vampire_coast|wh2_dlc11_cst_vampire_coast_encounters|wh2_dlc11_cst_vampire_coast_qb1|wh2_dlc11_cst_vampire_coast_qb2|wh2_dlc11_cst_vampire_coast_qb3|wh2_dlc11_cst_vampire_coast_qb4|wh2_dlc11_cst_vampire_coast_rebellion_rebels|wh2_dlc11_cst_vampire_coast_rebels|wh2_dlc11_cst_vampire_coast_separatists|wh3_dlc21_cst_dead_flag_fleet|wh3_dlc24_cst_vampire_coast_bloated_rebels|wh3_dlc26_cst_vampire_coast_qb1|wh3_dlc26_cst_vampire_coast_qb2|wh3_main_cst_dread_rock_privateers,false,false,true,true,true,true,wh2_dlc11_lore_deep,cst_vampire_fleet_admiral_female,wh2_dlc11_skill_node_set_cst_admiral_fem_deep,,1,general,false,false,,,,wh2_dlc11_skill_cst_admiral_fem_deep_crime_05,wh2_dlc11_skill_cst_lord_crime_3,Arsonist,"Fire, to destroy all that you have done; fire, to end all you've become.",wh2_dlc11_arson.png,5,1,0,0,true,0,1,,,,,,,,,,,,,,,,,,,,,,,,,,,,,,,wh2_dlc11_skill_cst_lord_crime_2_sword,Poacher,1,,,,,,,,character_skill_nodes_skill_locks_tables,wh2_dlc11_skill_cst_admiral_fem_deep_crime_05|wh2_dlc11_skill_cst_lord_crime_2_sword|1
node,warhammer_3,8.1.1,24237342,Vampire Coast,vampire_coast,wh2_dlc11_sc_cst_vampire_coast,Vampire Fleet Admiral (Deep),Vampire_Fleet_Admiral_Deep__admiral_fem_deep,lord,wh2_dlc11_cst_admiral_fem_deep,general,general,wh2_dlc11_cst_noctilus|wh2_dlc11_cst_noctilus_separatists|wh2_dlc11_cst_pirates_of_sartosa|wh2_dlc11_cst_pirates_of_sartosa_separatists|wh2_dlc11_cst_the_drowned|wh2_dlc11_cst_the_drowned_separatists|wh2_dlc11_cst_vampire_coast|wh2_dlc11_cst_vampire_coast_encounters|wh2_dlc11_cst_vampire_coast_qb1|wh2_dlc11_cst_vampire_coast_qb2|wh2_dlc11_cst_vampire_coast_qb3|wh2_dlc11_cst_vampire_coast_qb4|wh2_dlc11_cst_vampire_coast_rebellion_rebels|wh2_dlc11_cst_vampire_coast_rebels|wh2_dlc11_cst_vampire_coast_separatists|wh3_dlc21_cst_dead_flag_fleet|wh3_dlc24_cst_vampire_coast_bloated_rebels|wh3_dlc26_cst_vampire_coast_qb1|wh3_dlc26_cst_vampire_coast_qb2|wh3_main_cst_dread_rock_privateers,false,false,true,true,true,true,wh2_dlc11_lore_deep,cst_vampire_fleet_admiral_female,wh2_dlc11_skill_node_set_cst_admiral_fem_deep,,1,general,false,false,,,,wh2_dlc11_skill_cst_admiral_fem_deep_personal_05,wh2_dlc11_skill_cst_personal_5_taunt,Taunt,There is something to be said for whipping the foe into a frenzy before the fight is joined.,wh2_dlc11_character_abilities_taunt.png,5,2,0,4,true,0,1,,,,,,,,,,,,,,,,,,,,,,,,,,,,,,,,,,,,,,,,,character_skill_nodes_tables,wh2_dlc11_skill_cst_admiral_fem_deep_personal_05
effect,warhammer_3,8.1.1,24237342,Vampire Coast,vampire_coast,wh2_dlc11_sc_cst_vampire_coast,Vampire Fleet Admiral (Deep),Vampire_Fleet_Admiral_Deep__admiral_fem_deep,lord,wh2_dlc11_cst_admiral_fem_deep,general,general,wh2_dlc11_cst_noctilus|wh2_dlc11_cst_noctilus_separatists|wh2_dlc11_cst_pirates_of_sartosa|wh2_dlc11_cst_pirates_of_sartosa_separatists|wh2_dlc11_cst_the_drowned|wh2_dlc11_cst_the_drowned_separatists|wh2_dlc11_cst_vampire_coast|wh2_dlc11_cst_vampire_coast_encounters|wh2_dlc11_cst_vampire_coast_qb1|wh2_dlc11_cst_vampire_coast_qb2|wh2_dlc11_cst_vampire_coast_qb3|wh2_dlc11_cst_vampire_coast_qb4|wh2_dlc11_cst_vampire_coast_rebellion_rebels|wh2_dlc11_cst_vampire_coast_rebels|wh2_dlc11_cst_vampire_coast_separatists|wh3_dlc21_cst_dead_flag_fleet|wh3_dlc24_cst_vampire_coast_bloated_rebels|wh3_dlc26_cst_vampire_coast_qb1|wh3_dlc26_cst_vampire_coast_qb2|wh3_main_cst_dread_rock_privateers,false,false,true,true,true,true,wh2_dlc11_lore_deep,cst_vampire_fleet_admiral_female,wh2_dlc11_skill_node_set_cst_admiral_fem_deep,,1,general,false,false,,,,wh2_dlc11_skill_cst_admiral_fem_deep_personal_05,wh2_dlc11_skill_cst_personal_5_taunt,Taunt,There is something to be said for whipping the foe into a frenzy before the fight is joined.,wh2_dlc11_character_abilities_taunt.png,5,2,0,4,true,0,1,1,Taunt,There is something to be said for whipping the foe into a frenzy before the fight is joined.,,,,,,wh2_dlc11_effect_ability_enable_taunt,"Ability: ""Taunt""",,character_to_character_own,1,battle,300,true,general_ability.png,general_ability.png,,,,,,,,,,,,,,,,,,,,,,,character_skill_level_to_effects_junctions_tables,wh2_dlc11_skill_cst_personal_5_taunt|wh2_dlc11_effect_ability_enable_taunt|1|character_to_character_own
node,warhammer_3,8.1.1,24237342,Vampire Coast,vampire_coast,wh2_dlc11_sc_cst_vampire_coast,Vampire Fleet Admiral (Deep),Vampire_Fleet_Admiral_Deep__admiral_fem_deep,lord,wh2_dlc11_cst_admiral_fem_deep,general,general,wh2_dlc11_cst_noctilus|wh2_dlc11_cst_noctilus_separatists|wh2_dlc11_cst_pirates_of_sartosa|wh2_dlc11_cst_pirates_of_sartosa_separatists|wh2_dlc11_cst_the_drowned|wh2_dlc11_cst_the_drowned_separatists|wh2_dlc11_cst_vampire_coast|wh2_dlc11_cst_vampire_coast_encounters|wh2_dlc11_cst_vampire_coast_qb1|wh2_dlc11_cst_vampire_coast_qb2|wh2_dlc11_cst_vampire_coast_qb3|wh2_dlc11_cst_vampire_coast_qb4|wh2_dlc11_cst_vampire_coast_rebellion_rebels|wh2_dlc11_cst_vampire_coast_rebels|wh2_dlc11_cst_vampire_coast_separatists|wh3_dlc21_cst_dead_flag_fleet|wh3_dlc24_cst_vampire_coast_bloated_rebels|wh3_dlc26_cst_vampire_coast_qb1|wh3_dlc26_cst_vampire_coast_qb2|wh3_main_cst_dread_rock_privateers,false,false,true,true,true,true,wh2_dlc11_lore_deep,cst_vampire_fleet_admiral_female,wh2_dlc11_skill_node_set_cst_admiral_fem_deep,,1,general,false,false,,,,wh2_dlc11_skill_node_cst_admiral_fem_magic_deep_06,wh_main_skill_all_magic_all_06_evasion,Evasion,,wh_main_character_passive_evasion.png,5,3,0,4,true,0,1,,,,,,,,,,,,,,,,,,,,,,,,,,,,,,,,,,,,,,,,,character_skill_nodes_tables,wh2_dlc11_skill_node_cst_admiral_fem_magic_deep_06
effect,warhammer_3,8.1.1,24237342,Vampire Coast,vampire_coast,wh2_dlc11_sc_cst_vampire_coast,Vampire Fleet Admiral (Deep),Vampire_Fleet_Admiral_Deep__admiral_fem_deep,lord,wh2_dlc11_cst_admiral_fem_deep,general,general,wh2_dlc11_cst_noctilus|wh2_dlc11_cst_noctilus_separatists|wh2_dlc11_cst_pirates_of_sartosa|wh2_dlc11_cst_pirates_of_sartosa_separatists|wh2_dlc11_cst_the_drowned|wh2_dlc11_cst_the_drowned_separatists|wh2_dlc11_cst_vampire_coast|wh2_dlc11_cst_vampire_coast_encounters|wh2_dlc11_cst_vampire_coast_qb1|wh2_dlc11_cst_vampire_coast_qb2|wh2_dlc11_cst_vampire_coast_qb3|wh2_dlc11_cst_vampire_coast_qb4|wh2_dlc11_cst_vampire_coast_rebellion_rebels|wh2_dlc11_cst_vampire_coast_rebels|wh2_dlc11_cst_vampire_coast_separatists|wh3_dlc21_cst_dead_flag_fleet|wh3_dlc24_cst_vampire_coast_bloated_rebels|wh3_dlc26_cst_vampire_coast_qb1|wh3_dlc26_cst_vampire_coast_qb2|wh3_main_cst_dread_rock_privateers,false,false,true,true,true,true,wh2_dlc11_lore_deep,cst_vampire_fleet_admiral_female,wh2_dlc11_skill_node_set_cst_admiral_fem_deep,,1,general,false,false,,,,wh2_dlc11_skill_node_cst_admiral_fem_magic_deep_06,wh_main_skill_all_magic_all_06_evasion,Evasion,,wh_main_character_passive_evasion.png,5,3,0,4,true,0,1,1,Evasion,,,,,,,wh_main_effect_ability_enable_evasion,"Passive ability: ""Evasion""",,character_to_character_own,1,battle,310,true,general_ability.png,general_ability.png,,,,,,,,,,,,,,,,,,,,,,,character_skill_level_to_effects_junctions_tables,wh_main_skill_all_magic_all_06_evasion|wh_main_effect_ability_enable_evasion|1|character_to_character_own
node,warhammer_3,8.1.1,24237342,Vampire Coast,vampire_coast,wh2_dlc11_sc_cst_vampire_coast,Vampire Fleet Admiral (Deep),Vampire_Fleet_Admiral_Deep__admiral_fem_deep,lord,wh2_dlc11_cst_admiral_fem_deep,general,general,wh2_dlc11_cst_noctilus|wh2_dlc11_cst_noctilus_separatists|wh2_dlc11_cst_pirates_of_sartosa|wh2_dlc11_cst_pirates_of_sartosa_separatists|wh2_dlc11_cst_the_drowned|wh2_dlc11_cst_the_drowned_separatists|wh2_dlc11_cst_vampire_coast|wh2_dlc11_cst_vampire_coast_encounters|wh2_dlc11_cst_vampire_coast_qb1|wh2_dlc11_cst_vampire_coast_qb2|wh2_dlc11_cst_vampire_coast_qb3|wh2_dlc11_cst_vampire_coast_qb4|wh2_dlc11_cst_vampire_coast_rebellion_rebels|wh2_dlc11_cst_vampire_coast_rebels|wh2_dlc11_cst_vampire_coast_separatists|wh3_dlc21_cst_dead_flag_fleet|wh3_dlc24_cst_vampire_coast_bloated_rebels|wh3_dlc26_cst_vampire_coast_qb1|wh3_dlc26_cst_vampire_coast_qb2|wh3_main_cst_dread_rock_privateers,false,false,true,true,true,true,wh2_dlc11_lore_deep,cst_vampire_fleet_admiral_female,wh2_dlc11_skill_node_set_cst_admiral_fem_deep,,1,general,false,false,,,,wh2_dlc11_skill_cst_admiral_fem_deep_army_05,wh2_dlc11_skill_cst_army_5,Haunting Horror,What has been seen cannot be unseen.,battle_ranged_damage.png,5,4,0,0,true,0,3,,,,,,,,,,,,,,,,,,,,,,,,,,,,,,,,,,,,,,,,,character_skill_nodes_tables,wh2_dlc11_skill_cst_admiral_fem_deep_army_05
effect,warhammer_3,8.1.1,24237342,Vampire Coast,vampire_coast,wh2_dlc11_sc_cst_vampire_coast,Vampire Fleet Admiral (Deep),Vampire_Fleet_Admiral_Deep__admiral_fem_deep,lord,wh2_dlc11_cst_admiral_fem_deep,general,general,wh2_dlc11_cst_noctilus|wh2_dlc11_cst_noctilus_separatists|wh2_dlc11_cst_pirates_of_sartosa|wh2_dlc11_cst_pirates_of_sartosa_separatists|wh2_dlc11_cst_the_drowned|wh2_dlc11_cst_the_drowned_separatists|wh2_dlc11_cst_vampire_coast|wh2_dlc11_cst_vampire_coast_encounters|wh2_dlc11_cst_vampire_coast_qb1|wh2_dlc11_cst_vampire_coast_qb2|wh2_dlc11_cst_vampire_coast_qb3|wh2_dlc11_cst_vampire_coast_qb4|wh2_dlc11_cst_vampire_coast_rebellion_rebels|wh2_dlc11_cst_vampire_coast_rebels|wh2_dlc11_cst_vampire_coast_separatists|wh3_dlc21_cst_dead_flag_fleet|wh3_dlc24_cst_vampire_coast_bloated_rebels|wh3_dlc26_cst_vampire_coast_qb1|wh3_dlc26_cst_vampire_coast_qb2|wh3_main_cst_dread_rock_privateers,false,false,true,true,true,true,wh2_dlc11_lore_deep,cst_vampire_fleet_admiral_female,wh2_dlc11_skill_node_set_cst_admiral_fem_deep,,1,general,false,false,,,,wh2_dlc11_skill_cst_admiral_fem_deep_army_05,wh2_dlc11_skill_cst_army_5,Haunting Horror,What has been seen cannot be unseen.,battle_ranged_damage.png,5,4,0,0,true,0,3,1,Haunting Horror,What has been seen cannot be unseen.,,,,,,wh2_dlc11_effect_force_stat_missile_damage_deck_droppers,Missile strength: %+n% for Deck Droppers units,,general_to_force_own,4,battle,541,true,ranged_damage.png,ranged_damage.png,,,,,,,,,,,,,,,,,,,,,,,character_skill_level_to_effects_junctions_tables,wh2_dlc11_skill_cst_army_5|wh2_dlc11_effect_force_stat_missile_damage_deck_droppers|1|general_to_force_own
effect,warhammer_3,8.1.1,24237342,Vampire Coast,vampire_coast,wh2_dlc11_sc_cst_vampire_coast,Vampire Fleet Admiral (Deep),Vampire_Fleet_Admiral_Deep__admiral_fem_deep,lord,wh2_dlc11_cst_admiral_fem_deep,general,general,wh2_dlc11_cst_noctilus|wh2_dlc11_cst_noctilus_separatists|wh2_dlc11_cst_pirates_of_sartosa|wh2_dlc11_cst_pirates_of_sartosa_separatists|wh2_dlc11_cst_the_drowned|wh2_dlc11_cst_the_drowned_separatists|wh2_dlc11_cst_vampire_coast|wh2_dlc11_cst_vampire_coast_encounters|wh2_dlc11_cst_vampire_coast_qb1|wh2_dlc11_cst_vampire_coast_qb2|wh2_dlc11_cst_vampire_coast_qb3|wh2_dlc11_cst_vampire_coast_qb4|wh2_dlc11_cst_vampire_coast_rebellion_rebels|wh2_dlc11_cst_vampire_coast_rebels|wh2_dlc11_cst_vampire_coast_separatists|wh3_dlc21_cst_dead_flag_fleet|wh3_dlc24_cst_vampire_coast_bloated_rebels|wh3_dlc26_cst_vampire_coast_qb1|wh3_dlc26_cst_vampire_coast_qb2|wh3_main_cst_dread_rock_privateers,false,false,true,true,true,true,wh2_dlc11_lore_deep,cst_vampire_fleet_admiral_female,wh2_dlc11_skill_node_set_cst_admiral_fem_deep,,1,general,false,false,,,,wh2_dlc11_skill_cst_admiral_fem_deep_army_05,wh2_dlc11_skill_cst_army_5,Haunting Horror,What has been seen cannot be unseen.,battle_ranged_damage.png,5,4,0,0,true,0,3,2,Haunting Horror,What has been seen cannot be unseen.,,,,,,wh2_dlc11_effect_force_stat_charge_bonus_add_terrorgheist_scurvy_dog_syreen,"Charge bonus: %+n for Terrorgheist, Scurvy Dogs and Syreens units",,general_to_force_own,6,battle,501,true,charge.png,charge.png,,,,,,,,,,,,,,,,,,,,,,,character_skill_level_to_effects_junctions_tables,wh2_dlc11_skill_cst_army_5|wh2_dlc11_effect_force_stat_charge_bonus_add_terrorgheist_scurvy_dog_syreen|2|general_to_force_own
effect,warhammer_3,8.1.1,24237342,Vampire Coast,vampire_coast,wh2_dlc11_sc_cst_vampire_coast,Vampire Fleet Admiral (Deep),Vampire_Fleet_Admiral_Deep__admiral_fem_deep,lord,wh2_dlc11_cst_admiral_fem_deep,general,general,wh2_dlc11_cst_noctilus|wh2_dlc11_cst_noctilus_separatists|wh2_dlc11_cst_pirates_of_sartosa|wh2_dlc11_cst_pirates_of_sartosa_separatists|wh2_dlc11_cst_the_drowned|wh2_dlc11_cst_the_drowned_separatists|wh2_dlc11_cst_vampire_coast|wh2_dlc11_cst_vampire_coast_encounters|wh2_dlc11_cst_vampire_coast_qb1|wh2_dlc11_cst_vampire_coast_qb2|wh2_dlc11_cst_vampire_coast_qb3|wh2_dlc11_cst_vampire_coast_qb4|wh2_dlc11_cst_vampire_coast_rebellion_rebels|wh2_dlc11_cst_vampire_coast_rebels|wh2_dlc11_cst_vampire_coast_separatists|wh3_dlc21_cst_dead_flag_fleet|wh3_dlc24_cst_vampire_coast_bloated_rebels|wh3_dlc26_cst_vampire_coast_qb1|wh3_dlc26_cst_vampire_coast_qb2|wh3_main_cst_dread_rock_privateers,false,false,true,true,true,true,wh2_dlc11_lore_deep,cst_vampire_fleet_admiral_female,wh2_dlc11_skill_node_set_cst_admiral_fem_deep,,1,general,false,false,,,,wh2_dlc11_skill_cst_admiral_fem_deep_army_05,wh2_dlc11_skill_cst_army_5,Haunting Horror,What has been seen cannot be unseen.,battle_ranged_damage.png,5,4,0,0,true,0,3,2,Haunting Horror,What has been seen cannot be unseen.,,,,,,wh2_dlc11_effect_force_stat_melee_attack_terrorgheist_scurvy_dog_syreen,"Melee attack: %+n for Terrorgheist, Scurvy Dogs and Syreens units",,general_to_force_own,4,battle,431,true,melee.png,melee.png,,,,,,,,,,,,,,,,,,,,,,,character_skill_level_to_effects_junctions_tables,wh2_dlc11_skill_cst_army_5|wh2_dlc11_effect_force_stat_melee_attack_terrorgheist_scurvy_dog_syreen|2|general_to_force_own
effect,warhammer_3,8.1.1,24237342,Vampire Coast,vampire_coast,wh2_dlc11_sc_cst_vampire_coast,Vampire Fleet Admiral (Deep),Vampire_Fleet_Admiral_Deep__admiral_fem_deep,lord,wh2_dlc11_cst_admiral_fem_deep,general,general,wh2_dlc11_cst_noctilus|wh2_dlc11_cst_noctilus_separatists|wh2_dlc11_cst_pirates_of_sartosa|wh2_dlc11_cst_pirates_of_sartosa_separatists|wh2_dlc11_cst_the_drowned|wh2_dlc11_cst_the_drowned_separatists|wh2_dlc11_cst_vampire_coast|wh2_dlc11_cst_vampire_coast_encounters|wh2_dlc11_cst_vampire_coast_qb1|wh2_dlc11_cst_vampire_coast_qb2|wh2_dlc11_cst_vampire_coast_qb3|wh2_dlc11_cst_vampire_coast_qb4|wh2_dlc11_cst_vampire_coast_rebellion_rebels|wh2_dlc11_cst_vampire_coast_rebels|wh2_dlc11_cst_vampire_coast_separatists|wh3_dlc21_cst_dead_flag_fleet|wh3_dlc24_cst_vampire_coast_bloated_rebels|wh3_dlc26_cst_vampire_coast_qb1|wh3_dlc26_cst_vampire_coast_qb2|wh3_main_cst_dread_rock_privateers,false,false,true,true,true,true,wh2_dlc11_lore_deep,cst_vampire_fleet_admiral_female,wh2_dlc11_skill_node_set_cst_admiral_fem_deep,,1,general,false,false,,,,wh2_dlc11_skill_cst_admiral_fem_deep_army_05,wh2_dlc11_skill_cst_army_5,Haunting Horror,What has been seen cannot be unseen.,battle_ranged_damage.png,5,4,0,0,true,0,3,2,Haunting Horror,What has been seen cannot be unseen.,,,,,,wh2_dlc11_effect_force_stat_missile_damage_deck_droppers,Missile strength: %+n% for Deck Droppers units,,general_to_force_own,6,battle,541,true,ranged_damage.png,ranged_damage.png,,,,,,,,,,,,,,,,,,,,,,,character_skill_level_to_effects_junctions_tables,wh2_dlc11_skill_cst_army_5|wh2_dlc11_effect_force_stat_missile_damage_deck_droppers|2|general_to_force_own
effect,warhammer_3,8.1.1,24237342,Vampire Coast,vampire_coast,wh2_dlc11_sc_cst_vampire_coast,Vampire Fleet Admiral (Deep),Vampire_Fleet_Admiral_Deep__admiral_fem_deep,lord,wh2_dlc11_cst_admiral_fem_deep,general,general,wh2_dlc11_cst_noctilus|wh2_dlc11_cst_noctilus_separatists|wh2_dlc11_cst_pirates_of_sartosa|wh2_dlc11_cst_pirates_of_sartosa_separatists|wh2_dlc11_cst_the_drowned|wh2_dlc11_cst_the_drowned_separatists|wh2_dlc11_cst_vampire_coast|wh2_dlc11_cst_vampire_coast_encounters|wh2_dlc11_cst_vampire_coast_qb1|wh2_dlc11_cst_vampire_coast_qb2|wh2_dlc11_cst_vampire_coast_qb3|wh2_dlc11_cst_vampire_coast_qb4|wh2_dlc11_cst_vampire_coast_rebellion_rebels|wh2_dlc11_cst_vampire_coast_rebels|wh2_dlc11_cst_vampire_coast_separatists|wh3_dlc21_cst_dead_flag_fleet|wh3_dlc24_cst_vampire_coast_bloated_rebels|wh3_dlc26_cst_vampire_coast_qb1|wh3_dlc26_cst_vampire_coast_qb2|wh3_main_cst_dread_rock_privateers,false,false,true,true,true,true,wh2_dlc11_lore_deep,cst_vampire_fleet_admiral_female,wh2_dlc11_skill_node_set_cst_admiral_fem_deep,,1,general,false,false,,,,wh2_dlc11_skill_cst_admiral_fem_deep_army_05,wh2_dlc11_skill_cst_army_5,Haunting Horror,What has been seen cannot be unseen.,battle_ranged_damage.png,5,4,0,0,true,0,3,3,Haunting Horror,What has been seen cannot be unseen.,,,,,,wh2_dlc11_effect_force_stat_charge_bonus_add_terrorgheist_scurvy_dog_syreen,"Charge bonus: %+n for Terrorgheist, Scurvy Dogs and Syreens units",,general_to_force_own,12,battle,501,true,charge.png,charge.png,,,,,,,,,,,,,,,,,,,,,,,character_skill_level_to_effects_junctions_tables,wh2_dlc11_skill_cst_army_5|wh2_dlc11_effect_force_stat_charge_bonus_add_terrorgheist_scurvy_dog_syreen|3|general_to_force_own
effect,warhammer_3,8.1.1,24237342,Vampire Coast,vampire_coast,wh2_dlc11_sc_cst_vampire_coast,Vampire Fleet Admiral (Deep),Vampire_Fleet_Admiral_Deep__admiral_fem_deep,lord,wh2_dlc11_cst_admiral_fem_deep,general,general,wh2_dlc11_cst_noctilus|wh2_dlc11_cst_noctilus_separatists|wh2_dlc11_cst_pirates_of_sartosa|wh2_dlc11_cst_pirates_of_sartosa_separatists|wh2_dlc11_cst_the_drowned|wh2_dlc11_cst_the_drowned_separatists|wh2_dlc11_cst_vampire_coast|wh2_dlc11_cst_vampire_coast_encounters|wh2_dlc11_cst_vampire_coast_qb1|wh2_dlc11_cst_vampire_coast_qb2|wh2_dlc11_cst_vampire_coast_qb3|wh2_dlc11_cst_vampire_coast_qb4|wh2_dlc11_cst_vampire_coast_rebellion_rebels|wh2_dlc11_cst_vampire_coast_rebels|wh2_dlc11_cst_vampire_coast_separatists|wh3_dlc21_cst_dead_flag_fleet|wh3_dlc24_cst_vampire_coast_bloated_rebels|wh3_dlc26_cst_vampire_coast_qb1|wh3_dlc26_cst_vampire_coast_qb2|wh3_main_cst_dread_rock_privateers,false,false,true,true,true,true,wh2_dlc11_lore_deep,cst_vampire_fleet_admiral_female,wh2_dlc11_skill_node_set_cst_admiral_fem_deep,,1,general,false,false,,,,wh2_dlc11_skill_cst_admiral_fem_deep_army_05,wh2_dlc11_skill_cst_army_5,Haunting Horror,What has been seen cannot be unseen.,battle_ranged_damage.png,5,4,0,0,true,0,3,3,Haunting Horror,What has been seen cannot be unseen.,,,,,,wh2_dlc11_effect_force_stat_melee_attack_terrorgheist_scurvy_dog_syreen,"Melee attack: %+n for Terrorgheist, Scurvy Dogs and Syreens units",,general_to_force_own,6,battle,431,true,melee.png,melee.png,,,,,,,,,,,,,,,,,,,,,,,character_skill_level_to_effects_junctions_tables,wh2_dlc11_skill_cst_army_5|wh2_dlc11_effect_force_stat_melee_attack_terrorgheist_scurvy_dog_syreen|3|general_to_force_own
effect,warhammer_3,8.1.1,24237342,Vampire Coast,vampire_coast,wh2_dlc11_sc_cst_vampire_coast,Vampire Fleet Admiral (Deep),Vampire_Fleet_Admiral_Deep__admiral_fem_deep,lord,wh2_dlc11_cst_admiral_fem_deep,general,general,wh2_dlc11_cst_noctilus|wh2_dlc11_cst_noctilus_separatists|wh2_dlc11_cst_pirates_of_sartosa|wh2_dlc11_cst_pirates_of_sartosa_separatists|wh2_dlc11_cst_the_drowned|wh2_dlc11_cst_the_drowned_separatists|wh2_dlc11_cst_vampire_coast|wh2_dlc11_cst_vampire_coast_encounters|wh2_dlc11_cst_vampire_coast_qb1|wh2_dlc11_cst_vampire_coast_qb2|wh2_dlc11_cst_vampire_coast_qb3|wh2_dlc11_cst_vampire_coast_qb4|wh2_dlc11_cst_vampire_coast_rebellion_rebels|wh2_dlc11_cst_vampire_coast_rebels|wh2_dlc11_cst_vampire_coast_separatists|wh3_dlc21_cst_dead_flag_fleet|wh3_dlc24_cst_vampire_coast_bloated_rebels|wh3_dlc26_cst_vampire_coast_qb1|wh3_dlc26_cst_vampire_coast_qb2|wh3_main_cst_dread_rock_privateers,false,false,true,true,true,true,wh2_dlc11_lore_deep,cst_vampire_fleet_admiral_female,wh2_dlc11_skill_node_set_cst_admiral_fem_deep,,1,general,false,false,,,,wh2_dlc11_skill_cst_admiral_fem_deep_army_05,wh2_dlc11_skill_cst_army_5,Haunting Horror,What has been seen cannot be unseen.,battle_ranged_damage.png,5,4,0,0,true,0,3,3,Haunting Horror,What has been seen cannot be unseen.,,,,,,wh2_dlc11_effect_force_stat_missile_damage_deck_droppers,Missile strength: %+n% for Deck Droppers units,,general_to_force_own,8,battle,541,true,ranged_damage.png,ranged_damage.png,,,,,,,,,,,,,,,,,,,,,,,character_skill_level_to_effects_junctions_tables,wh2_dlc11_skill_cst_army_5|wh2_dlc11_effect_force_stat_missile_damage_deck_droppers|3|general_to_force_own
node,warhammer_3,8.1.1,24237342,Vampire Coast,vampire_coast,wh2_dlc11_sc_cst_vampire_coast,Vampire Fleet Admiral (Deep),Vampire_Fleet_Admiral_Deep__admiral_fem_deep,lord,wh2_dlc11_cst_admiral_fem_deep,general,general,wh2_dlc11_cst_noctilus|wh2_dlc11_cst_noctilus_separatists|wh2_dlc11_cst_pirates_of_sartosa|wh2_dlc11_cst_pirates_of_sartosa_separatists|wh2_dlc11_cst_the_drowned|wh2_dlc11_cst_the_drowned_separatists|wh2_dlc11_cst_vampire_coast|wh2_dlc11_cst_vampire_coast_encounters|wh2_dlc11_cst_vampire_coast_qb1|wh2_dlc11_cst_vampire_coast_qb2|wh2_dlc11_cst_vampire_coast_qb3|wh2_dlc11_cst_vampire_coast_qb4|wh2_dlc11_cst_vampire_coast_rebellion_rebels|wh2_dlc11_cst_vampire_coast_rebels|wh2_dlc11_cst_vampire_coast_separatists|wh3_dlc21_cst_dead_flag_fleet|wh3_dlc24_cst_vampire_coast_bloated_rebels|wh3_dlc26_cst_vampire_coast_qb1|wh3_dlc26_cst_vampire_coast_qb2|wh3_main_cst_dread_rock_privateers,false,false,true,true,true,true,wh2_dlc11_lore_deep,cst_vampire_fleet_admiral_female,wh2_dlc11_skill_node_set_cst_admiral_fem_deep,,1,general,false,false,,,,wh2_dlc11_skill_cst_admiral_fem_deep_campaign_05,wh2_dlc11_skill_cst_campaign_5_go_on_account, Go on Account,"There's a time in every sailor's, er, life when the black flag seems like the best, if not the only option.",campaign_experience.png,5,5,0,4,true,0,1,,,,,,,,,,,,,,,,,,,,,,,,,,,,,,,,,,,,,,,,,character_skill_nodes_tables,wh2_dlc11_skill_cst_admiral_fem_deep_campaign_05
effect,warhammer_3,8.1.1,24237342,Vampire Coast,vampire_coast,wh2_dlc11_sc_cst_vampire_coast,Vampire Fleet Admiral (Deep),Vampire_Fleet_Admiral_Deep__admiral_fem_deep,lord,wh2_dlc11_cst_admiral_fem_deep,general,general,wh2_dlc11_cst_noctilus|wh2_dlc11_cst_noctilus_separatists|wh2_dlc11_cst_pirates_of_sartosa|wh2_dlc11_cst_pirates_of_sartosa_separatists|wh2_dlc11_cst_the_drowned|wh2_dlc11_cst_the_drowned_separatists|wh2_dlc11_cst_vampire_coast|wh2_dlc11_cst_vampire_coast_encounters|wh2_dlc11_cst_vampire_coast_qb1|wh2_dlc11_cst_vampire_coast_qb2|wh2_dlc11_cst_vampire_coast_qb3|wh2_dlc11_cst_vampire_coast_qb4|wh2_dlc11_cst_vampire_coast_rebellion_rebels|wh2_dlc11_cst_vampire_coast_rebels|wh2_dlc11_cst_vampire_coast_separatists|wh3_dlc21_cst_dead_flag_fleet|wh3_dlc24_cst_vampire_coast_bloated_rebels|wh3_dlc26_cst_vampire_coast_qb1|wh3_dlc26_cst_vampire_coast_qb2|wh3_main_cst_dread_rock_privateers,false,false,true,true,true,true,wh2_dlc11_lore_deep,cst_vampire_fleet_admiral_female,wh2_dlc11_skill_node_set_cst_admiral_fem_deep,,1,general,false,false,,,,wh2_dlc11_skill_cst_admiral_fem_deep_campaign_05,wh2_dlc11_skill_cst_campaign_5_go_on_account, Go on Account,"There's a time in every sailor's, er, life when the black flag seems like the best, if not the only option.",campaign_experience.png,5,5,0,4,true,0,1,1, Go on Account,"There's a time in every sailor's, er, life when the black flag seems like the best, if not the only option.",,,,,,wh_main_effect_force_all_campaign_experience_base_all,Recruit rank: %+n for all units,,general_to_force_own,1,campaign,117,true,experience.png,experience.png,,,,,,,,,,,,,,,,,,,,,,,character_skill_level_to_effects_junctions_tables,wh2_dlc11_skill_cst_campaign_5_go_on_account|wh_main_effect_force_all_campaign_experience_base_all|1|general_to_force_own
effect,warhammer_3,8.1.1,24237342,Vampire Coast,vampire_coast,wh2_dlc11_sc_cst_vampire_coast,Vampire Fleet Admiral (Deep),Vampire_Fleet_Admiral_Deep__admiral_fem_deep,lord,wh2_dlc11_cst_admiral_fem_deep,general,general,wh2_dlc11_cst_noctilus|wh2_dlc11_cst_noctilus_separatists|wh2_dlc11_cst_pirates_of_sartosa|wh2_dlc11_cst_pirates_of_sartosa_separatists|wh2_dlc11_cst_the_drowned|wh2_dlc11_cst_the_drowned_separatists|wh2_dlc11_cst_vampire_coast|wh2_dlc11_cst_vampire_coast_encounters|wh2_dlc11_cst_vampire_coast_qb1|wh2_dlc11_cst_vampire_coast_qb2|wh2_dlc11_cst_vampire_coast_qb3|wh2_dlc11_cst_vampire_coast_qb4|wh2_dlc11_cst_vampire_coast_rebellion_rebels|wh2_dlc11_cst_vampire_coast_rebels|wh2_dlc11_cst_vampire_coast_separatists|wh3_dlc21_cst_dead_flag_fleet|wh3_dlc24_cst_vampire_coast_bloated_rebels|wh3_dlc26_cst_vampire_coast_qb1|wh3_dlc26_cst_vampire_coast_qb2|wh3_main_cst_dread_rock_privateers,false,false,true,true,true,true,wh2_dlc11_lore_deep,cst_vampire_fleet_admiral_female,wh2_dlc11_skill_node_set_cst_admiral_fem_deep,,1,general,false,false,,,,wh2_dlc11_skill_cst_admiral_fem_deep_campaign_05,wh2_dlc11_skill_cst_campaign_5_go_on_account, Go on Account,"There's a time in every sailor's, er, life when the black flag seems like the best, if not the only option.",campaign_experience.png,5,5,0,4,true,0,1,1, Go on Account,"There's a time in every sailor's, er, life when the black flag seems like the best, if not the only option.",,,,,,wh_main_effect_raise_dead_recruitment_cost_mod,Raise dead cost: %+n%,,character_to_character_own,-15,campaign,1000,false,treasury.png,treasury.png,,,,,,,,,,,,,,,,,,,,,,,character_skill_level_to_effects_junctions_tables,wh2_dlc11_skill_cst_campaign_5_go_on_account|wh_main_effect_raise_dead_recruitment_cost_mod|1|character_to_character_own
effect,warhammer_3,8.1.1,24237342,Vampire Coast,vampire_coast,wh2_dlc11_sc_cst_vampire_coast,Vampire Fleet Admiral (Deep),Vampire_Fleet_Admiral_Deep__admiral_fem_deep,lord,wh2_dlc11_cst_admiral_fem_deep,general,general,wh2_dlc11_cst_noctilus|wh2_dlc11_cst_noctilus_separatists|wh2_dlc11_cst_pirates_of_sartosa|wh2_dlc11_cst_pirates_of_sartosa_separatists|wh2_dlc11_cst_the_drowned|wh2_dlc11_cst_the_drowned_separatists|wh2_dlc11_cst_vampire_coast|wh2_dlc11_cst_vampire_coast_encounters|wh2_dlc11_cst_vampire_coast_qb1|wh2_dlc11_cst_vampire_coast_qb2|wh2_dlc11_cst_vampire_coast_qb3|wh2_dlc11_cst_vampire_coast_qb4|wh2_dlc11_cst_vampire_coast_rebellion_rebels|wh2_dlc11_cst_vampire_coast_rebels|wh2_dlc11_cst_vampire_coast_separatists|wh3_dlc21_cst_dead_flag_fleet|wh3_dlc24_cst_vampire_coast_bloated_rebels|wh3_dlc26_cst_vampire_coast_qb1|wh3_dlc26_cst_vampire_coast_qb2|wh3_main_cst_dread_rock_privateers,false,false,true,true,true,true,wh2_dlc11_lore_deep,cst_vampire_fleet_admiral_female,wh2_dlc11_skill_node_set_cst_admiral_fem_deep,,1,general,false,false,,,,wh2_dlc11_skill_cst_admiral_fem_deep_campaign_05,wh2_dlc11_skill_cst_campaign_5_go_on_account, Go on Account,"There's a time in every sailor's, er, life when the black flag seems like the best, if not the only option.",campaign_experience.png,5,5,0,4,true,0,1,1, Go on Account,"There's a time in every sailor's, er, life when the black flag seems like the best, if not the only option.",,,,,,wh_main_effect_unit_recruitment_points,Local recruitment capacity: %+n,,force_to_province_own,1,campaign,270,true,army.png,army.png,,,,,,,,,,,,,,,,,,,,,,,character_skill_level_to_effects_junctions_tables,wh2_dlc11_skill_cst_campaign_5_go_on_account|wh_main_effect_unit_recruitment_points|1|force_to_province_own
node,warhammer_3,8.1.1,24237342,Vampire Coast,vampire_coast,wh2_dlc11_sc_cst_vampire_coast,Vampire Fleet Admiral (Deep),Vampire_Fleet_Admiral_Deep__admiral_fem_deep,lord,wh2_dlc11_cst_admiral_fem_deep,general,general,wh2_dlc11_cst_noctilus|wh2_dlc11_cst_noctilus_separatists|wh2_dlc11_cst_pirates_of_sartosa|wh2_dlc11_cst_pirates_of_sartosa_separatists|wh2_dlc11_cst_the_drowned|wh2_dlc11_cst_the_drowned_separatists|wh2_dlc11_cst_vampire_coast|wh2_dlc11_cst_vampire_coast_encounters|wh2_dlc11_cst_vampire_coast_qb1|wh2_dlc11_cst_vampire_coast_qb2|wh2_dlc11_cst_vampire_coast_qb3|wh2_dlc11_cst_vampire_coast_qb4|wh2_dlc11_cst_vampire_coast_rebellion_rebels|wh2_dlc11_cst_vampire_coast_rebels|wh2_dlc11_cst_vampire_coast_separatists|wh3_dlc21_cst_dead_flag_fleet|wh3_dlc24_cst_vampire_coast_bloated_rebels|wh3_dlc26_cst_vampire_coast_qb1|wh3_dlc26_cst_vampire_coast_qb2|wh3_main_cst_dread_rock_privateers,false,false,true,true,true,true,wh2_dlc11_lore_deep,cst_vampire_fleet_admiral_female,wh2_dlc11_skill_node_set_cst_admiral_fem_deep,,1,general,false,false,,,,wh2_dlc11_skill_node_cst_admiral_fem_deep_innate_05,wh2_dlc11_skill_innate_cst_smuggler,Smuggler,"Be the cargo powder, steel, gold or flesh, in the final analysis it matters not.",trait_navy.png,5,6,0,0,false,0,1,,,,,,,,,,,,,,,,,,,,,,,,,,,,,,,,,,,,,,,,,character_skill_nodes_tables,wh2_dlc11_skill_node_cst_admiral_fem_deep_innate_05
effect,warhammer_3,8.1.1,24237342,Vampire Coast,vampire_coast,wh2_dlc11_sc_cst_vampire_coast,Vampire Fleet Admiral (Deep),Vampire_Fleet_Admiral_Deep__admiral_fem_deep,lord,wh2_dlc11_cst_admiral_fem_deep,general,general,wh2_dlc11_cst_noctilus|wh2_dlc11_cst_noctilus_separatists|wh2_dlc11_cst_pirates_of_sartosa|wh2_dlc11_cst_pirates_of_sartosa_separatists|wh2_dlc11_cst_the_drowned|wh2_dlc11_cst_the_drowned_separatists|wh2_dlc11_cst_vampire_coast|wh2_dlc11_cst_vampire_coast_encounters|wh2_dlc11_cst_vampire_coast_qb1|wh2_dlc11_cst_vampire_coast_qb2|wh2_dlc11_cst_vampire_coast_qb3|wh2_dlc11_cst_vampire_coast_qb4|wh2_dlc11_cst_vampire_coast_rebellion_rebels|wh2_dlc11_cst_vampire_coast_rebels|wh2_dlc11_cst_vampire_coast_separatists|wh3_dlc21_cst_dead_flag_fleet|wh3_dlc24_cst_vampire_coast_bloated_rebels|wh3_dlc26_cst_vampire_coast_qb1|wh3_dlc26_cst_vampire_coast_qb2|wh3_main_cst_dread_rock_privateers,false,false,true,true,true,true,wh2_dlc11_lore_deep,cst_vampire_fleet_admiral_female,wh2_dlc11_skill_node_set_cst_admiral_fem_deep,,1,general,false,false,,,,wh2_dlc11_skill_node_cst_admiral_fem_deep_innate_05,wh2_dlc11_skill_innate_cst_smuggler,Smuggler,"Be the cargo powder, steel, gold or flesh, in the final analysis it matters not.",trait_navy.png,5,6,0,0,false,0,1,1,Smuggler,"Be the cargo powder, steel, gold or flesh, in the final analysis it matters not.",,,,,,wh_main_effect_conquest_enable_night_battles,Enables lightning strike battles when reinforcements are present,The option to carry out a lightning strike battle will appear on the Pre-Battle panel. Enabling this prevents reinforcements from joining the battle but will cause your troops to start the battle with reduced Vigour.,character_to_character_own,1,campaign,10,true,subterfuge.png,subterfuge.png,,,,,,,,,,,,,,,,,,,,,,,character_skill_level_to_effects_junctions_tables,wh2_dlc11_skill_innate_cst_smuggler|wh_main_effect_conquest_enable_night_battles|1|character_to_character_own
effect,warhammer_3,8.1.1,24237342,Vampire Coast,vampire_coast,wh2_dlc11_sc_cst_vampire_coast,Vampire Fleet Admiral (Deep),Vampire_Fleet_Admiral_Deep__admiral_fem_deep,lord,wh2_dlc11_cst_admiral_fem_deep,general,general,wh2_dlc11_cst_noctilus|wh2_dlc11_cst_noctilus_separatists|wh2_dlc11_cst_pirates_of_sartosa|wh2_dlc11_cst_pirates_of_sartosa_separatists|wh2_dlc11_cst_the_drowned|wh2_dlc11_cst_the_drowned_separatists|wh2_dlc11_cst_vampire_coast|wh2_dlc11_cst_vampire_coast_encounters|wh2_dlc11_cst_vampire_coast_qb1|wh2_dlc11_cst_vampire_coast_qb2|wh2_dlc11_cst_vampire_coast_qb3|wh2_dlc11_cst_vampire_coast_qb4|wh2_dlc11_cst_vampire_coast_rebellion_rebels|wh2_dlc11_cst_vampire_coast_rebels|wh2_dlc11_cst_vampire_coast_separatists|wh3_dlc21_cst_dead_flag_fleet|wh3_dlc24_cst_vampire_coast_bloated_rebels|wh3_dlc26_cst_vampire_coast_qb1|wh3_dlc26_cst_vampire_coast_qb2|wh3_main_cst_dread_rock_privateers,false,false,true,true,true,true,wh2_dlc11_lore_deep,cst_vampire_fleet_admiral_female,wh2_dlc11_skill_node_set_cst_admiral_fem_deep,,1,general,false,false,,,,wh2_dlc11_skill_node_cst_admiral_fem_deep_innate_05,wh2_dlc11_skill_innate_cst_smuggler,Smuggler,"Be the cargo powder, steel, gold or flesh, in the final analysis it matters not.",trait_navy.png,5,6,0,0,false,0,1,1,Smuggler,"Be the cargo powder, steel, gold or flesh, in the final analysis it matters not.",,,,,,wh_main_effect_economy_gdp_mod_all,Income from all buildings: %+n%,,character_to_region_own,8,campaign,162,true,income.png,income.png,,,,,,,,,,,,,,,,,,,,,,,character_skill_level_to_effects_junctions_tables,wh2_dlc11_skill_innate_cst_smuggler|wh_main_effect_economy_gdp_mod_all|1|character_to_region_own
effect,warhammer_3,8.1.1,24237342,Vampire Coast,vampire_coast,wh2_dlc11_sc_cst_vampire_coast,Vampire Fleet Admiral (Deep),Vampire_Fleet_Admiral_Deep__admiral_fem_deep,lord,wh2_dlc11_cst_admiral_fem_deep,general,general,wh2_dlc11_cst_noctilus|wh2_dlc11_cst_noctilus_separatists|wh2_dlc11_cst_pirates_of_sartosa|wh2_dlc11_cst_pirates_of_sartosa_separatists|wh2_dlc11_cst_the_drowned|wh2_dlc11_cst_the_drowned_separatists|wh2_dlc11_cst_vampire_coast|wh2_dlc11_cst_vampire_coast_encounters|wh2_dlc11_cst_vampire_coast_qb1|wh2_dlc11_cst_vampire_coast_qb2|wh2_dlc11_cst_vampire_coast_qb3|wh2_dlc11_cst_vampire_coast_qb4|wh2_dlc11_cst_vampire_coast_rebellion_rebels|wh2_dlc11_cst_vampire_coast_rebels|wh2_dlc11_cst_vampire_coast_separatists|wh3_dlc21_cst_dead_flag_fleet|wh3_dlc24_cst_vampire_coast_bloated_rebels|wh3_dlc26_cst_vampire_coast_qb1|wh3_dlc26_cst_vampire_coast_qb2|wh3_main_cst_dread_rock_privateers,false,false,true,true,true,true,wh2_dlc11_lore_deep,cst_vampire_fleet_admiral_female,wh2_dlc11_skill_node_set_cst_admiral_fem_deep,,1,general,false,false,,,,wh2_dlc11_skill_node_cst_admiral_fem_deep_innate_05,wh2_dlc11_skill_innate_cst_smuggler,Smuggler,"Be the cargo powder, steel, gold or flesh, in the final analysis it matters not.",trait_navy.png,5,6,0,0,false,0,1,1,Smuggler,"Be the cargo powder, steel, gold or flesh, in the final analysis it matters not.",,,,,,wh2_dlc11_cst_lord_innate_mastermind_dummy,Mastermind: Loyalty decline rate is lowered,,character_to_character_own,-500,campaign,2,false,loyalty.png,loyalty.png,,,,,,,,,,,,,,,,,,,,,,,character_skill_level_to_effects_junctions_tables,wh2_dlc11_skill_innate_cst_smuggler|wh2_dlc11_cst_lord_innate_mastermind_dummy|1|character_to_character_own
effect,warhammer_3,8.1.1,24237342,Vampire Coast,vampire_coast,wh2_dlc11_sc_cst_vampire_coast,Vampire Fleet Admiral (Deep),Vampire_Fleet_Admiral_Deep__admiral_fem_deep,lord,wh2_dlc11_cst_admiral_fem_deep,general,general,wh2_dlc11_cst_noctilus|wh2_dlc11_cst_noctilus_separatists|wh2_dlc11_cst_pirates_of_sartosa|wh2_dlc11_cst_pirates_of_sartosa_separatists|wh2_dlc11_cst_the_drowned|wh2_dlc11_cst_the_drowned_separatists|wh2_dlc11_cst_vampire_coast|wh2_dlc11_cst_vampire_coast_encounters|wh2_dlc11_cst_vampire_coast_qb1|wh2_dlc11_cst_vampire_coast_qb2|wh2_dlc11_cst_vampire_coast_qb3|wh2_dlc11_cst_vampire_coast_qb4|wh2_dlc11_cst_vampire_coast_rebellion_rebels|wh2_dlc11_cst_vampire_coast_rebels|wh2_dlc11_cst_vampire_coast_separatists|wh3_dlc21_cst_dead_flag_fleet|wh3_dlc24_cst_vampire_coast_bloated_rebels|wh3_dlc26_cst_vampire_coast_qb1|wh3_dlc26_cst_vampire_coast_qb2|wh3_main_cst_dread_rock_privateers,false,false,true,true,true,true,wh2_dlc11_lore_deep,cst_vampire_fleet_admiral_female,wh2_dlc11_skill_node_set_cst_admiral_fem_deep,,1,general,false,false,,,,wh2_dlc11_skill_node_cst_admiral_fem_deep_innate_05,wh2_dlc11_skill_innate_cst_smuggler,Smuggler,"Be the cargo powder, steel, gold or flesh, in the final analysis it matters not.",trait_navy.png,5,6,0,0,false,0,1,1,Smuggler,"Be the cargo powder, steel, gold or flesh, in the final analysis it matters not.",,,,,,wh2_dlc11_skill_innate_cst_smuggler_dummy,Gain loyalty from constructing pirate coves,,character_to_character_own,1,campaign,1,true,loyalty.png,loyalty.png,,,,,,,,,,,,,,,,,,,,,,,character_skill_level_to_effects_junctions_tables,wh2_dlc11_skill_innate_cst_smuggler|wh2_dlc11_skill_innate_cst_smuggler_dummy|1|character_to_character_own
effect,warhammer_3,8.1.1,24237342,Vampire Coast,vampire_coast,wh2_dlc11_sc_cst_vampire_coast,Vampire Fleet Admiral (Deep),Vampire_Fleet_Admiral_Deep__admiral_fem_deep,lord,wh2_dlc11_cst_admiral_fem_deep,general,general,wh2_dlc11_cst_noctilus|wh2_dlc11_cst_noctilus_separatists|wh2_dlc11_cst_pirates_of_sartosa|wh2_dlc11_cst_pirates_of_sartosa_separatists|wh2_dlc11_cst_the_drowned|wh2_dlc11_cst_the_drowned_separatists|wh2_dlc11_cst_vampire_coast|wh2_dlc11_cst_vampire_coast_encounters|wh2_dlc11_cst_vampire_coast_qb1|wh2_dlc11_cst_vampire_coast_qb2|wh2_dlc11_cst_vampire_coast_qb3|wh2_dlc11_cst_vampire_coast_qb4|wh2_dlc11_cst_vampire_coast_rebellion_rebels|wh2_dlc11_cst_vampire_coast_rebels|wh2_dlc11_cst_vampire_coast_separatists|wh3_dlc21_cst_dead_flag_fleet|wh3_dlc24_cst_vampire_coast_bloated_rebels|wh3_dlc26_cst_vampire_coast_qb1|wh3_dlc26_cst_vampire_coast_qb2|wh3_main_cst_dread_rock_privateers,false,false,true,true,true,true,wh2_dlc11_lore_deep,cst_vampire_fleet_admiral_female,wh2_dlc11_skill_node_set_cst_admiral_fem_deep,,1,general,false,false,,,,wh2_dlc11_skill_node_cst_admiral_fem_deep_innate_05,wh2_dlc11_skill_innate_cst_smuggler,Smuggler,"Be the cargo powder, steel, gold or flesh, in the final analysis it matters not.",trait_navy.png,5,6,0,0,false,0,1,1,Smuggler,"Be the cargo powder, steel, gold or flesh, in the final analysis it matters not.",,,,,,wh3_dlc25_effect_trespass_immunity_for_army,{{tr:effects_description_wh2_dlc17_effect_trespass_immunity_for_army_dummy}},,character_to_character_own,1,campaign,2,true,diplomacy_trespass.png,diplomacy_trespass.png,,,,,,,,,,,,,,,,,,,,,,,character_skill_level_to_effects_junctions_tables,wh2_dlc11_skill_innate_cst_smuggler|wh3_dlc25_effect_trespass_immunity_for_army|1|character_to_character_own
node,warhammer_3,8.1.1,24237342,Vampire Coast,vampire_coast,wh2_dlc11_sc_cst_vampire_coast,Vampire Fleet Admiral (Deep),Vampire_Fleet_Admiral_Deep__admiral_fem_deep,lord,wh2_dlc11_cst_admiral_fem_deep,general,general,wh2_dlc11_cst_noctilus|wh2_dlc11_cst_noctilus_separatists|wh2_dlc11_cst_pirates_of_sartosa|wh2_dlc11_cst_pirates_of_sartosa_separatists|wh2_dlc11_cst_the_drowned|wh2_dlc11_cst_the_drowned_separatists|wh2_dlc11_cst_vampire_coast|wh2_dlc11_cst_vampire_coast_encounters|wh2_dlc11_cst_vampire_coast_qb1|wh2_dlc11_cst_vampire_coast_qb2|wh2_dlc11_cst_vampire_coast_qb3|wh2_dlc11_cst_vampire_coast_qb4|wh2_dlc11_cst_vampire_coast_rebellion_rebels|wh2_dlc11_cst_vampire_coast_rebels|wh2_dlc11_cst_vampire_coast_separatists|wh3_dlc21_cst_dead_flag_fleet|wh3_dlc24_cst_vampire_coast_bloated_rebels|wh3_dlc26_cst_vampire_coast_qb1|wh3_dlc26_cst_vampire_coast_qb2|wh3_main_cst_dread_rock_privateers,false,false,true,true,true,true,wh2_dlc11_lore_deep,cst_vampire_fleet_admiral_female,wh2_dlc11_skill_node_set_cst_admiral_fem_deep,,1,general,false,false,,,,wh2_dlc11_skill_cst_admiral_fem_deep_ranged_00,wh2_dlc11_skill_cst_ranged_0,Always Ready,Death is always just a shot away.,character_ammo.png,6,2,0,0,true,0,1,,,,,,,,,,,,,,,,,,,,,,,,,,,,,,,,,,,,,,,,,character_skill_nodes_tables,wh2_dlc11_skill_cst_admiral_fem_deep_ranged_00
effect,warhammer_3,8.1.1,24237342,Vampire Coast,vampire_coast,wh2_dlc11_sc_cst_vampire_coast,Vampire Fleet Admiral (Deep),Vampire_Fleet_Admiral_Deep__admiral_fem_deep,lord,wh2_dlc11_cst_admiral_fem_deep,general,general,wh2_dlc11_cst_noctilus|wh2_dlc11_cst_noctilus_separatists|wh2_dlc11_cst_pirates_of_sartosa|wh2_dlc11_cst_pirates_of_sartosa_separatists|wh2_dlc11_cst_the_drowned|wh2_dlc11_cst_the_drowned_separatists|wh2_dlc11_cst_vampire_coast|wh2_dlc11_cst_vampire_coast_encounters|wh2_dlc11_cst_vampire_coast_qb1|wh2_dlc11_cst_vampire_coast_qb2|wh2_dlc11_cst_vampire_coast_qb3|wh2_dlc11_cst_vampire_coast_qb4|wh2_dlc11_cst_vampire_coast_rebellion_rebels|wh2_dlc11_cst_vampire_coast_rebels|wh2_dlc11_cst_vampire_coast_separatists|wh3_dlc21_cst_dead_flag_fleet|wh3_dlc24_cst_vampire_coast_bloated_rebels|wh3_dlc26_cst_vampire_coast_qb1|wh3_dlc26_cst_vampire_coast_qb2|wh3_main_cst_dread_rock_privateers,false,false,true,true,true,true,wh2_dlc11_lore_deep,cst_vampire_fleet_admiral_female,wh2_dlc11_skill_node_set_cst_admiral_fem_deep,,1,general,false,false,,,,wh2_dlc11_skill_cst_admiral_fem_deep_ranged_00,wh2_dlc11_skill_cst_ranged_0,Always Ready,Death is always just a shot away.,character_ammo.png,6,2,0,0,true,0,1,1,Always Ready,Death is always just a shot away.,,,,,,wh_main_effect_character_stat_ammunition,Ammunition: %+n%,,character_to_character_own,8,both,210,true,ammo_character.png,ammo_character.png,,,,,,,,,,,,,,,,,,,,,,,character_skill_level_to_effects_junctions_tables,wh2_dlc11_skill_cst_ranged_0|wh_main_effect_character_stat_ammunition|1|character_to_character_own
effect,warhammer_3,8.1.1,24237342,Vampire Coast,vampire_coast,wh2_dlc11_sc_cst_vampire_coast,Vampire Fleet Admiral (Deep),Vampire_Fleet_Admiral_Deep__admiral_fem_deep,lord,wh2_dlc11_cst_admiral_fem_deep,general,general,wh2_dlc11_cst_noctilus|wh2_dlc11_cst_noctilus_separatists|wh2_dlc11_cst_pirates_of_sartosa|wh2_dlc11_cst_pirates_of_sartosa_separatists|wh2_dlc11_cst_the_drowned|wh2_dlc11_cst_the_drowned_separatists|wh2_dlc11_cst_vampire_coast|wh2_dlc11_cst_vampire_coast_encounters|wh2_dlc11_cst_vampire_coast_qb1|wh2_dlc11_cst_vampire_coast_qb2|wh2_dlc11_cst_vampire_coast_qb3|wh2_dlc11_cst_vampire_coast_qb4|wh2_dlc11_cst_vampire_coast_rebellion_rebels|wh2_dlc11_cst_vampire_coast_rebels|wh2_dlc11_cst_vampire_coast_separatists|wh3_dlc21_cst_dead_flag_fleet|wh3_dlc24_cst_vampire_coast_bloated_rebels|wh3_dlc26_cst_vampire_coast_qb1|wh3_dlc26_cst_vampire_coast_qb2|wh3_main_cst_dread_rock_privateers,false,false,true,true,true,true,wh2_dlc11_lore_deep,cst_vampire_fleet_admiral_female,wh2_dlc11_skill_node_set_cst_admiral_fem_deep,,1,general,false,false,,,,wh2_dlc11_skill_cst_admiral_fem_deep_ranged_00,wh2_dlc11_skill_cst_ranged_0,Always Ready,Death is always just a shot away.,character_ammo.png,6,2,0,0,true,0,1,1,Always Ready,Death is always just a shot away.,,,,,,wh_main_effect_character_stat_speed,Speed: %+n%,,character_to_character_own,8,both,120,true,battle_movement_character.png,battle_movement_character.png,,,,,,,,,,,,,,,,,,,,,,,character_skill_level_to_effects_junctions_tables,wh2_dlc11_skill_cst_ranged_0|wh_main_effect_character_stat_speed|1|character_to_character_own
node,warhammer_3,8.1.1,24237342,Vampire Coast,vampire_coast,wh2_dlc11_sc_cst_vampire_coast,Vampire Fleet Admiral (Deep),Vampire_Fleet_Admiral_Deep__admiral_fem_deep,lord,wh2_dlc11_cst_admiral_fem_deep,general,general,wh2_dlc11_cst_noctilus|wh2_dlc11_cst_noctilus_separatists|wh2_dlc11_cst_pirates_of_sartosa|wh2_dlc11_cst_pirates_of_sartosa_separatists|wh2_dlc11_cst_the_drowned|wh2_dlc11_cst_the_drowned_separatists|wh2_dlc11_cst_vampire_coast|wh2_dlc11_cst_vampire_coast_encounters|wh2_dlc11_cst_vampire_coast_qb1|wh2_dlc11_cst_vampire_coast_qb2|wh2_dlc11_cst_vampire_coast_qb3|wh2_dlc11_cst_vampire_coast_qb4|wh2_dlc11_cst_vampire_coast_rebellion_rebels|wh2_dlc11_cst_vampire_coast_rebels|wh2_dlc11_cst_vampire_coast_separatists|wh3_dlc21_cst_dead_flag_fleet|wh3_dlc24_cst_vampire_coast_bloated_rebels|wh3_dlc26_cst_vampire_coast_qb1|wh3_dlc26_cst_vampire_coast_qb2|wh3_main_cst_dread_rock_privateers,false,false,true,true,true,true,wh2_dlc11_lore_deep,cst_vampire_fleet_admiral_female,wh2_dlc11_skill_node_set_cst_admiral_fem_deep,,1,general,false,false,,,,wh2_dlc11_skill_node_cst_admiral_fem_magic_deep_07,wh2_dlc11_skill_all_magic_deep_09_krakens_pull_lord,Kraken's Pull,"Once the mighty Kraken's tentacles take hold, only the toughest can fight their way free.",wh2_dlc11_spell_deep_krakens_pull.png,6,3,0,0,true,0,2,,,,,,,,,,,,,,,,,,,,,,,,,,,,,,,,,,,,,,,,,character_skill_nodes_tables,wh2_dlc11_skill_node_cst_admiral_fem_magic_deep_07
effect,warhammer_3,8.1.1,24237342,Vampire Coast,vampire_coast,wh2_dlc11_sc_cst_vampire_coast,Vampire Fleet Admiral (Deep),Vampire_Fleet_Admiral_Deep__admiral_fem_deep,lord,wh2_dlc11_cst_admiral_fem_deep,general,general,wh2_dlc11_cst_noctilus|wh2_dlc11_cst_noctilus_separatists|wh2_dlc11_cst_pirates_of_sartosa|wh2_dlc11_cst_pirates_of_sartosa_separatists|wh2_dlc11_cst_the_drowned|wh2_dlc11_cst_the_drowned_separatists|wh2_dlc11_cst_vampire_coast|wh2_dlc11_cst_vampire_coast_encounters|wh2_dlc11_cst_vampire_coast_qb1|wh2_dlc11_cst_vampire_coast_qb2|wh2_dlc11_cst_vampire_coast_qb3|wh2_dlc11_cst_vampire_coast_qb4|wh2_dlc11_cst_vampire_coast_rebellion_rebels|wh2_dlc11_cst_vampire_coast_rebels|wh2_dlc11_cst_vampire_coast_separatists|wh3_dlc21_cst_dead_flag_fleet|wh3_dlc24_cst_vampire_coast_bloated_rebels|wh3_dlc26_cst_vampire_coast_qb1|wh3_dlc26_cst_vampire_coast_qb2|wh3_main_cst_dread_rock_privateers,false,false,true,true,true,true,wh2_dlc11_lore_deep,cst_vampire_fleet_admiral_female,wh2_dlc11_skill_node_set_cst_admiral_fem_deep,,1,general,false,false,,,,wh2_dlc11_skill_node_cst_admiral_fem_magic_deep_07,wh2_dlc11_skill_all_magic_deep_09_krakens_pull_lord,Kraken's Pull,"Once the mighty Kraken's tentacles take hold, only the toughest can fight their way free.",wh2_dlc11_spell_deep_krakens_pull.png,6,3,0,0,true,0,2,1,Kraken's Pull,"Once the mighty Kraken's tentacles take hold, only the toughest can fight their way free.",,,,,,wh2_dlc11_effect_ability_cooldown_krakens_pull,"Cooldown: %+n% to ""Kraken's Pull""",,character_to_character_own,-30,both,293,false,magic_cooldown.png,magic_cooldown.png,,,,,,,,,,,,,,,,,,,,,,,character_skill_level_to_effects_junctions_tables,wh2_dlc11_skill_all_magic_deep_09_krakens_pull_lord|wh2_dlc11_effect_ability_cooldown_krakens_pull|1|character_to_character_own
effect,warhammer_3,8.1.1,24237342,Vampire Coast,vampire_coast,wh2_dlc11_sc_cst_vampire_coast,Vampire Fleet Admiral (Deep),Vampire_Fleet_Admiral_Deep__admiral_fem_deep,lord,wh2_dlc11_cst_admiral_fem_deep,general,general,wh2_dlc11_cst_noctilus|wh2_dlc11_cst_noctilus_separatists|wh2_dlc11_cst_pirates_of_sartosa|wh2_dlc11_cst_pirates_of_sartosa_separatists|wh2_dlc11_cst_the_drowned|wh2_dlc11_cst_the_drowned_separatists|wh2_dlc11_cst_vampire_coast|wh2_dlc11_cst_vampire_coast_encounters|wh2_dlc11_cst_vampire_coast_qb1|wh2_dlc11_cst_vampire_coast_qb2|wh2_dlc11_cst_vampire_coast_qb3|wh2_dlc11_cst_vampire_coast_qb4|wh2_dlc11_cst_vampire_coast_rebellion_rebels|wh2_dlc11_cst_vampire_coast_rebels|wh2_dlc11_cst_vampire_coast_separatists|wh3_dlc21_cst_dead_flag_fleet|wh3_dlc24_cst_vampire_coast_bloated_rebels|wh3_dlc26_cst_vampire_coast_qb1|wh3_dlc26_cst_vampire_coast_qb2|wh3_main_cst_dread_rock_privateers,false,false,true,true,true,true,wh2_dlc11_lore_deep,cst_vampire_fleet_admiral_female,wh2_dlc11_skill_node_set_cst_admiral_fem_deep,,1,general,false,false,,,,wh2_dlc11_skill_node_cst_admiral_fem_magic_deep_07,wh2_dlc11_skill_all_magic_deep_09_krakens_pull_lord,Kraken's Pull,"Once the mighty Kraken's tentacles take hold, only the toughest can fight their way free.",wh2_dlc11_spell_deep_krakens_pull.png,6,3,0,0,true,0,2,1,Kraken's Pull,"Once the mighty Kraken's tentacles take hold, only the toughest can fight their way free.",,,,,,wh2_dlc11_effect_ability_enable_krakens_pull,"Spell: ""Kraken's Pull""",,character_to_character_own,1,battle,290,true,magic_character.png,magic_character.png,,,,,,,,,,,,,,,,,,,,,,,character_skill_level_to_effects_junctions_tables,wh2_dlc11_skill_all_magic_deep_09_krakens_pull_lord|wh2_dlc11_effect_ability_enable_krakens_pull|1|character_to_character_own
effect,warhammer_3,8.1.1,24237342,Vampire Coast,vampire_coast,wh2_dlc11_sc_cst_vampire_coast,Vampire Fleet Admiral (Deep),Vampire_Fleet_Admiral_Deep__admiral_fem_deep,lord,wh2_dlc11_cst_admiral_fem_deep,general,general,wh2_dlc11_cst_noctilus|wh2_dlc11_cst_noctilus_separatists|wh2_dlc11_cst_pirates_of_sartosa|wh2_dlc11_cst_pirates_of_sartosa_separatists|wh2_dlc11_cst_the_drowned|wh2_dlc11_cst_the_drowned_separatists|wh2_dlc11_cst_vampire_coast|wh2_dlc11_cst_vampire_coast_encounters|wh2_dlc11_cst_vampire_coast_qb1|wh2_dlc11_cst_vampire_coast_qb2|wh2_dlc11_cst_vampire_coast_qb3|wh2_dlc11_cst_vampire_coast_qb4|wh2_dlc11_cst_vampire_coast_rebellion_rebels|wh2_dlc11_cst_vampire_coast_rebels|wh2_dlc11_cst_vampire_coast_separatists|wh3_dlc21_cst_dead_flag_fleet|wh3_dlc24_cst_vampire_coast_bloated_rebels|wh3_dlc26_cst_vampire_coast_qb1|wh3_dlc26_cst_vampire_coast_qb2|wh3_main_cst_dread_rock_privateers,false,false,true,true,true,true,wh2_dlc11_lore_deep,cst_vampire_fleet_admiral_female,wh2_dlc11_skill_node_set_cst_admiral_fem_deep,,1,general,false,false,,,,wh2_dlc11_skill_node_cst_admiral_fem_magic_deep_07,wh2_dlc11_skill_all_magic_deep_09_krakens_pull_lord,Kraken's Pull,"Once the mighty Kraken's tentacles take hold, only the toughest can fight their way free.",wh2_dlc11_spell_deep_krakens_pull.png,6,3,0,0,true,0,2,1,Kraken's Pull,"Once the mighty Kraken's tentacles take hold, only the toughest can fight their way free.",,,,,,wh2_dlc11_effect_ability_overcast_krakens_pull,"Overcast spell: ""Kraken's Pull Upgraded""",,character_to_character_own,1,both,292,true,magic_character.png,magic_character.png,,,,,,,,,,,,,,,,,,,,,,,character_skill_level_to_effects_junctions_tables,wh2_dlc11_skill_all_magic_deep_09_krakens_pull_lord|wh2_dlc11_effect_ability_overcast_krakens_pull|1|character_to_character_own
effect,warhammer_3,8.1.1,24237342,Vampire Coast,vampire_coast,wh2_dlc11_sc_cst_vampire_coast,Vampire Fleet Admiral (Deep),Vampire_Fleet_Admiral_Deep__admiral_fem_deep,lord,wh2_dlc11_cst_admiral_fem_deep,general,general,wh2_dlc11_cst_noctilus|wh2_dlc11_cst_noctilus_separatists|wh2_dlc11_cst_pirates_of_sartosa|wh2_dlc11_cst_pirates_of_sartosa_separatists|wh2_dlc11_cst_the_drowned|wh2_dlc11_cst_the_drowned_separatists|wh2_dlc11_cst_vampire_coast|wh2_dlc11_cst_vampire_coast_encounters|wh2_dlc11_cst_vampire_coast_qb1|wh2_dlc11_cst_vampire_coast_qb2|wh2_dlc11_cst_vampire_coast_qb3|wh2_dlc11_cst_vampire_coast_qb4|wh2_dlc11_cst_vampire_coast_rebellion_rebels|wh2_dlc11_cst_vampire_coast_rebels|wh2_dlc11_cst_vampire_coast_separatists|wh3_dlc21_cst_dead_flag_fleet|wh3_dlc24_cst_vampire_coast_bloated_rebels|wh3_dlc26_cst_vampire_coast_qb1|wh3_dlc26_cst_vampire_coast_qb2|wh3_main_cst_dread_rock_privateers,false,false,true,true,true,true,wh2_dlc11_lore_deep,cst_vampire_fleet_admiral_female,wh2_dlc11_skill_node_set_cst_admiral_fem_deep,,1,general,false,false,,,,wh2_dlc11_skill_node_cst_admiral_fem_magic_deep_07,wh2_dlc11_skill_all_magic_deep_09_krakens_pull_lord,Kraken's Pull,"Once the mighty Kraken's tentacles take hold, only the toughest can fight their way free.",wh2_dlc11_spell_deep_krakens_pull.png,6,3,0,0,true,0,2,2,Kraken's Pull,"Once the mighty Kraken's tentacles take hold, only the toughest can fight their way free.",,,,,,wh2_dlc11_effect_ability_cooldown_krakens_pull,"Cooldown: %+n% to ""Kraken's Pull""",,character_to_character_own,-50,both,293,false,magic_cooldown.png,magic_cooldown.png,,,,,,,,,,,,,,,,,,,,,,,character_skill_level_to_effects_junctions_tables,wh2_dlc11_skill_all_magic_deep_09_krakens_pull_lord|wh2_dlc11_effect_ability_cooldown_krakens_pull|2|character_to_character_own
effect,warhammer_3,8.1.1,24237342,Vampire Coast,vampire_coast,wh2_dlc11_sc_cst_vampire_coast,Vampire Fleet Admiral (Deep),Vampire_Fleet_Admiral_Deep__admiral_fem_deep,lord,wh2_dlc11_cst_admiral_fem_deep,general,general,wh2_dlc11_cst_noctilus|wh2_dlc11_cst_noctilus_separatists|wh2_dlc11_cst_pirates_of_sartosa|wh2_dlc11_cst_pirates_of_sartosa_separatists|wh2_dlc11_cst_the_drowned|wh2_dlc11_cst_the_drowned_separatists|wh2_dlc11_cst_vampire_coast|wh2_dlc11_cst_vampire_coast_encounters|wh2_dlc11_cst_vampire_coast_qb1|wh2_dlc11_cst_vampire_coast_qb2|wh2_dlc11_cst_vampire_coast_qb3|wh2_dlc11_cst_vampire_coast_qb4|wh2_dlc11_cst_vampire_coast_rebellion_rebels|wh2_dlc11_cst_vampire_coast_rebels|wh2_dlc11_cst_vampire_coast_separatists|wh3_dlc21_cst_dead_flag_fleet|wh3_dlc24_cst_vampire_coast_bloated_rebels|wh3_dlc26_cst_vampire_coast_qb1|wh3_dlc26_cst_vampire_coast_qb2|wh3_main_cst_dread_rock_privateers,false,false,true,true,true,true,wh2_dlc11_lore_deep,cst_vampire_fleet_admiral_female,wh2_dlc11_skill_node_set_cst_admiral_fem_deep,,1,general,false,false,,,,wh2_dlc11_skill_node_cst_admiral_fem_magic_deep_07,wh2_dlc11_skill_all_magic_deep_09_krakens_pull_lord,Kraken's Pull,"Once the mighty Kraken's tentacles take hold, only the toughest can fight their way free.",wh2_dlc11_spell_deep_krakens_pull.png,6,3,0,0,true,0,2,2,Kraken's Pull,"Once the mighty Kraken's tentacles take hold, only the toughest can fight their way free.",,,,,,wh2_dlc11_effect_ability_miscast_krakens_pull,"Miscast base chance: %+n% for ""Kraken's Pull Upgraded""",,character_to_character_own,-15,both,298,false,magic.png,magic.png,,,,,,,,,,,,,,,,,,,,,,,character_skill_level_to_effects_junctions_tables,wh2_dlc11_skill_all_magic_deep_09_krakens_pull_lord|wh2_dlc11_effect_ability_miscast_krakens_pull|2|character_to_character_own
effect,warhammer_3,8.1.1,24237342,Vampire Coast,vampire_coast,wh2_dlc11_sc_cst_vampire_coast,Vampire Fleet Admiral (Deep),Vampire_Fleet_Admiral_Deep__admiral_fem_deep,lord,wh2_dlc11_cst_admiral_fem_deep,general,general,wh2_dlc11_cst_noctilus|wh2_dlc11_cst_noctilus_separatists|wh2_dlc11_cst_pirates_of_sartosa|wh2_dlc11_cst_pirates_of_sartosa_separatists|wh2_dlc11_cst_the_drowned|wh2_dlc11_cst_the_drowned_separatists|wh2_dlc11_cst_vampire_coast|wh2_dlc11_cst_vampire_coast_encounters|wh2_dlc11_cst_vampire_coast_qb1|wh2_dlc11_cst_vampire_coast_qb2|wh2_dlc11_cst_vampire_coast_qb3|wh2_dlc11_cst_vampire_coast_qb4|wh2_dlc11_cst_vampire_coast_rebellion_rebels|wh2_dlc11_cst_vampire_coast_rebels|wh2_dlc11_cst_vampire_coast_separatists|wh3_dlc21_cst_dead_flag_fleet|wh3_dlc24_cst_vampire_coast_bloated_rebels|wh3_dlc26_cst_vampire_coast_qb1|wh3_dlc26_cst_vampire_coast_qb2|wh3_main_cst_dread_rock_privateers,false,false,true,true,true,true,wh2_dlc11_lore_deep,cst_vampire_fleet_admiral_female,wh2_dlc11_skill_node_set_cst_admiral_fem_deep,,1,general,false,false,,,,wh2_dlc11_skill_node_cst_admiral_fem_magic_deep_07,wh2_dlc11_skill_all_magic_deep_09_krakens_pull_lord,Kraken's Pull,"Once the mighty Kraken's tentacles take hold, only the toughest can fight their way free.",wh2_dlc11_spell_deep_krakens_pull.png,6,3,0,0,true,0,2,2,Kraken's Pull,"Once the mighty Kraken's tentacles take hold, only the toughest can fight their way free.",,,,,,wh2_dlc11_effect_ability_overcast_krakens_pull,"Overcast spell: ""Kraken's Pull Upgraded""",,character_to_character_own,1,both,292,true,magic_character.png,magic_character.png,,,,,,,,,,,,,,,,,,,,,,,character_skill_level_to_effects_junctions_tables,wh2_dlc11_skill_all_magic_deep_09_krakens_pull_lord|wh2_dlc11_effect_ability_overcast_krakens_pull|2|character_to_character_own
effect,warhammer_3,8.1.1,24237342,Vampire Coast,vampire_coast,wh2_dlc11_sc_cst_vampire_coast,Vampire Fleet Admiral (Deep),Vampire_Fleet_Admiral_Deep__admiral_fem_deep,lord,wh2_dlc11_cst_admiral_fem_deep,general,general,wh2_dlc11_cst_noctilus|wh2_dlc11_cst_noctilus_separatists|wh2_dlc11_cst_pirates_of_sartosa|wh2_dlc11_cst_pirates_of_sartosa_separatists|wh2_dlc11_cst_the_drowned|wh2_dlc11_cst_the_drowned_separatists|wh2_dlc11_cst_vampire_coast|wh2_dlc11_cst_vampire_coast_encounters|wh2_dlc11_cst_vampire_coast_qb1|wh2_dlc11_cst_vampire_coast_qb2|wh2_dlc11_cst_vampire_coast_qb3|wh2_dlc11_cst_vampire_coast_qb4|wh2_dlc11_cst_vampire_coast_rebellion_rebels|wh2_dlc11_cst_vampire_coast_rebels|wh2_dlc11_cst_vampire_coast_separatists|wh3_dlc21_cst_dead_flag_fleet|wh3_dlc24_cst_vampire_coast_bloated_rebels|wh3_dlc26_cst_vampire_coast_qb1|wh3_dlc26_cst_vampire_coast_qb2|wh3_main_cst_dread_rock_privateers,false,false,true,true,true,true,wh2_dlc11_lore_deep,cst_vampire_fleet_admiral_female,wh2_dlc11_skill_node_set_cst_admiral_fem_deep,,1,general,false,false,,,,wh2_dlc11_skill_node_cst_admiral_fem_magic_deep_07,wh2_dlc11_skill_all_magic_deep_09_krakens_pull_lord,Kraken's Pull,"Once the mighty Kraken's tentacles take hold, only the toughest can fight their way free.",wh2_dlc11_spell_deep_krakens_pull.png,6,3,0,0,true,0,2,2,Kraken's Pull,"Once the mighty Kraken's tentacles take hold, only the toughest can fight their way free.",,,,,,wh2_dlc11_effect_ability_wom_cost_krakens_pull,"Winds of Magic cost: %n for ""Kraken's Pull""",,character_to_character_own,-3,both,294,false,magic_character.png,magic_character.png,,,,,,,,,,,,,,,,,,,,,,,character_skill_level_to_effects_junctions_tables,wh2_dlc11_skill_all_magic_deep_09_krakens_pull_lord|wh2_dlc11_effect_ability_wom_cost_krakens_pull|2|character_to_character_own
effect,warhammer_3,8.1.1,24237342,Vampire Coast,vampire_coast,wh2_dlc11_sc_cst_vampire_coast,Vampire Fleet Admiral (Deep),Vampire_Fleet_Admiral_Deep__admiral_fem_deep,lord,wh2_dlc11_cst_admiral_fem_deep,general,general,wh2_dlc11_cst_noctilus|wh2_dlc11_cst_noctilus_separatists|wh2_dlc11_cst_pirates_of_sartosa|wh2_dlc11_cst_pirates_of_sartosa_separatists|wh2_dlc11_cst_the_drowned|wh2_dlc11_cst_the_drowned_separatists|wh2_dlc11_cst_vampire_coast|wh2_dlc11_cst_vampire_coast_encounters|wh2_dlc11_cst_vampire_coast_qb1|wh2_dlc11_cst_vampire_coast_qb2|wh2_dlc11_cst_vampire_coast_qb3|wh2_dlc11_cst_vampire_coast_qb4|wh2_dlc11_cst_vampire_coast_rebellion_rebels|wh2_dlc11_cst_vampire_coast_rebels|wh2_dlc11_cst_vampire_coast_separatists|wh3_dlc21_cst_dead_flag_fleet|wh3_dlc24_cst_vampire_coast_bloated_rebels|wh3_dlc26_cst_vampire_coast_qb1|wh3_dlc26_cst_vampire_coast_qb2|wh3_main_cst_dread_rock_privateers,false,false,true,true,true,true,wh2_dlc11_lore_deep,cst_vampire_fleet_admiral_female,wh2_dlc11_skill_node_set_cst_admiral_fem_deep,,1,general,false,false,,,,wh2_dlc11_skill_node_cst_admiral_fem_magic_deep_07,wh2_dlc11_skill_all_magic_deep_09_krakens_pull_lord,Kraken's Pull,"Once the mighty Kraken's tentacles take hold, only the toughest can fight their way free.",wh2_dlc11_spell_deep_krakens_pull.png,6,3,0,0,true,0,2,2,Kraken's Pull,"Once the mighty Kraken's tentacles take hold, only the toughest can fight their way free.",,,,,,wh2_dlc11_effect_ability_wom_cost_krakens_pull_upgrade,"Winds of Magic cost: %n for ""Kraken's Pull Upgraded""",,character_to_character_own,-3,both,295,false,magic_character.png,magic_character.png,,,,,,,,,,,,,,,,,,,,,,,character_skill_level_to_effects_junctions_tables,wh2_dlc11_skill_all_magic_deep_09_krakens_pull_lord|wh2_dlc11_effect_ability_wom_cost_krakens_pull_upgrade|2|character_to_character_own
node,warhammer_3,8.1.1,24237342,Vampire Coast,vampire_coast,wh2_dlc11_sc_cst_vampire_coast,Vampire Fleet Admiral (Deep),Vampire_Fleet_Admiral_Deep__admiral_fem_deep,lord,wh2_dlc11_cst_admiral_fem_deep,general,general,wh2_dlc11_cst_noctilus|wh2_dlc11_cst_noctilus_separatists|wh2_dlc11_cst_pirates_of_sartosa|wh2_dlc11_cst_pirates_of_sartosa_separatists|wh2_dlc11_cst_the_drowned|wh2_dlc11_cst_the_drowned_separatists|wh2_dlc11_cst_vampire_coast|wh2_dlc11_cst_vampire_coast_encounters|wh2_dlc11_cst_vampire_coast_qb1|wh2_dlc11_cst_vampire_coast_qb2|wh2_dlc11_cst_vampire_coast_qb3|wh2_dlc11_cst_vampire_coast_qb4|wh2_dlc11_cst_vampire_coast_rebellion_rebels|wh2_dlc11_cst_vampire_coast_rebels|wh2_dlc11_cst_vampire_coast_separatists|wh3_dlc21_cst_dead_flag_fleet|wh3_dlc24_cst_vampire_coast_bloated_rebels|wh3_dlc26_cst_vampire_coast_qb1|wh3_dlc26_cst_vampire_coast_qb2|wh3_main_cst_dread_rock_privateers,false,false,true,true,true,true,wh2_dlc11_lore_deep,cst_vampire_fleet_admiral_female,wh2_dlc11_skill_node_set_cst_admiral_fem_deep,,1,general,false,false,,,,wh2_dlc11_skill_cst_admiral_fem_deep_army_06,wh2_dlc11_skill_cst_army_6,Drowned & Bound,"Like Unliving moths drawn inexorably towards a dazzling flame, the risen drowned strive - and stumble - to always be close to the one who has bound them.",battle_damage.png,6,4,0,0,true,0,3,,,,,,,,,,,,,,,,,,,,,,,,,,,,,,,,,,,,,,,,,character_skill_nodes_tables,wh2_dlc11_skill_cst_admiral_fem_deep_army_06
effect,warhammer_3,8.1.1,24237342,Vampire Coast,vampire_coast,wh2_dlc11_sc_cst_vampire_coast,Vampire Fleet Admiral (Deep),Vampire_Fleet_Admiral_Deep__admiral_fem_deep,lord,wh2_dlc11_cst_admiral_fem_deep,general,general,wh2_dlc11_cst_noctilus|wh2_dlc11_cst_noctilus_separatists|wh2_dlc11_cst_pirates_of_sartosa|wh2_dlc11_cst_pirates_of_sartosa_separatists|wh2_dlc11_cst_the_drowned|wh2_dlc11_cst_the_drowned_separatists|wh2_dlc11_cst_vampire_coast|wh2_dlc11_cst_vampire_coast_encounters|wh2_dlc11_cst_vampire_coast_qb1|wh2_dlc11_cst_vampire_coast_qb2|wh2_dlc11_cst_vampire_coast_qb3|wh2_dlc11_cst_vampire_coast_qb4|wh2_dlc11_cst_vampire_coast_rebellion_rebels|wh2_dlc11_cst_vampire_coast_rebels|wh2_dlc11_cst_vampire_coast_separatists|wh3_dlc21_cst_dead_flag_fleet|wh3_dlc24_cst_vampire_coast_bloated_rebels|wh3_dlc26_cst_vampire_coast_qb1|wh3_dlc26_cst_vampire_coast_qb2|wh3_main_cst_dread_rock_privateers,false,false,true,true,true,true,wh2_dlc11_lore_deep,cst_vampire_fleet_admiral_female,wh2_dlc11_skill_node_set_cst_admiral_fem_deep,,1,general,false,false,,,,wh2_dlc11_skill_cst_admiral_fem_deep_army_06,wh2_dlc11_skill_cst_army_6,Drowned & Bound,"Like Unliving moths drawn inexorably towards a dazzling flame, the risen drowned strive - and stumble - to always be close to the one who has bound them.",battle_damage.png,6,4,0,0,true,0,3,1,Drowned & Bound,"Like Unliving moths drawn inexorably towards a dazzling flame, the risen drowned strive - and stumble - to always be close to the one who has bound them.",,,,,,wh2_dlc11_effect_force_stat_weapon_strength_animated_hulk_mourngul,Weapon strength: %+n% for Animated Hulks and Mournguls units,,general_to_force_own,6,battle,461,true,weapon_damage.png,weapon_damage.png,,,,,,,,,,,,,,,,,,,,,,,character_skill_level_to_effects_junctions_tables,wh2_dlc11_skill_cst_army_6|wh2_dlc11_effect_force_stat_weapon_strength_animated_hulk_mourngul|1|general_to_force_own
effect,warhammer_3,8.1.1,24237342,Vampire Coast,vampire_coast,wh2_dlc11_sc_cst_vampire_coast,Vampire Fleet Admiral (Deep),Vampire_Fleet_Admiral_Deep__admiral_fem_deep,lord,wh2_dlc11_cst_admiral_fem_deep,general,general,wh2_dlc11_cst_noctilus|wh2_dlc11_cst_noctilus_separatists|wh2_dlc11_cst_pirates_of_sartosa|wh2_dlc11_cst_pirates_of_sartosa_separatists|wh2_dlc11_cst_the_drowned|wh2_dlc11_cst_the_drowned_separatists|wh2_dlc11_cst_vampire_coast|wh2_dlc11_cst_vampire_coast_encounters|wh2_dlc11_cst_vampire_coast_qb1|wh2_dlc11_cst_vampire_coast_qb2|wh2_dlc11_cst_vampire_coast_qb3|wh2_dlc11_cst_vampire_coast_qb4|wh2_dlc11_cst_vampire_coast_rebellion_rebels|wh2_dlc11_cst_vampire_coast_rebels|wh2_dlc11_cst_vampire_coast_separatists|wh3_dlc21_cst_dead_flag_fleet|wh3_dlc24_cst_vampire_coast_bloated_rebels|wh3_dlc26_cst_vampire_coast_qb1|wh3_dlc26_cst_vampire_coast_qb2|wh3_main_cst_dread_rock_privateers,false,false,true,true,true,true,wh2_dlc11_lore_deep,cst_vampire_fleet_admiral_female,wh2_dlc11_skill_node_set_cst_admiral_fem_deep,,1,general,false,false,,,,wh2_dlc11_skill_cst_admiral_fem_deep_army_06,wh2_dlc11_skill_cst_army_6,Drowned & Bound,"Like Unliving moths drawn inexorably towards a dazzling flame, the risen drowned strive - and stumble - to always be close to the one who has bound them.",battle_damage.png,6,4,0,0,true,0,3,2,Drowned & Bound,"Like Unliving moths drawn inexorably towards a dazzling flame, the risen drowned strive - and stumble - to always be close to the one who has bound them.",,,,,,wh2_dlc11_effect_force_stat_melee_attack_animated_hulk_mourngul,Melee attack: %+n for Animated Hulks and Mournguls units,,general_to_force_own,4,battle,431,true,melee.png,melee.png,,,,,,,,,,,,,,,,,,,,,,,character_skill_level_to_effects_junctions_tables,wh2_dlc11_skill_cst_army_6|wh2_dlc11_effect_force_stat_melee_attack_animated_hulk_mourngul|2|general_to_force_own
effect,warhammer_3,8.1.1,24237342,Vampire Coast,vampire_coast,wh2_dlc11_sc_cst_vampire_coast,Vampire Fleet Admiral (Deep),Vampire_Fleet_Admiral_Deep__admiral_fem_deep,lord,wh2_dlc11_cst_admiral_fem_deep,general,general,wh2_dlc11_cst_noctilus|wh2_dlc11_cst_noctilus_separatists|wh2_dlc11_cst_pirates_of_sartosa|wh2_dlc11_cst_pirates_of_sartosa_separatists|wh2_dlc11_cst_the_drowned|wh2_dlc11_cst_the_drowned_separatists|wh2_dlc11_cst_vampire_coast|wh2_dlc11_cst_vampire_coast_encounters|wh2_dlc11_cst_vampire_coast_qb1|wh2_dlc11_cst_vampire_coast_qb2|wh2_dlc11_cst_vampire_coast_qb3|wh2_dlc11_cst_vampire_coast_qb4|wh2_dlc11_cst_vampire_coast_rebellion_rebels|wh2_dlc11_cst_vampire_coast_rebels|wh2_dlc11_cst_vampire_coast_separatists|wh3_dlc21_cst_dead_flag_fleet|wh3_dlc24_cst_vampire_coast_bloated_rebels|wh3_dlc26_cst_vampire_coast_qb1|wh3_dlc26_cst_vampire_coast_qb2|wh3_main_cst_dread_rock_privateers,false,false,true,true,true,true,wh2_dlc11_lore_deep,cst_vampire_fleet_admiral_female,wh2_dlc11_skill_node_set_cst_admiral_fem_deep,,1,general,false,false,,,,wh2_dlc11_skill_cst_admiral_fem_deep_army_06,wh2_dlc11_skill_cst_army_6,Drowned & Bound,"Like Unliving moths drawn inexorably towards a dazzling flame, the risen drowned strive - and stumble - to always be close to the one who has bound them.",battle_damage.png,6,4,0,0,true,0,3,2,Drowned & Bound,"Like Unliving moths drawn inexorably towards a dazzling flame, the risen drowned strive - and stumble - to always be close to the one who has bound them.",,,,,,wh2_dlc11_effect_force_stat_speed_bloated_corpse,Speed: %+n% for Bloated Corpse units,,general_to_force_own,6,battle,421,true,battle_movement.png,battle_movement.png,,,,,,,,,,,,,,,,,,,,,,,character_skill_level_to_effects_junctions_tables,wh2_dlc11_skill_cst_army_6|wh2_dlc11_effect_force_stat_speed_bloated_corpse|2|general_to_force_own
effect,warhammer_3,8.1.1,24237342,Vampire Coast,vampire_coast,wh2_dlc11_sc_cst_vampire_coast,Vampire Fleet Admiral (Deep),Vampire_Fleet_Admiral_Deep__admiral_fem_deep,lord,wh2_dlc11_cst_admiral_fem_deep,general,general,wh2_dlc11_cst_noctilus|wh2_dlc11_cst_noctilus_separatists|wh2_dlc11_cst_pirates_of_sartosa|wh2_dlc11_cst_pirates_of_sartosa_separatists|wh2_dlc11_cst_the_drowned|wh2_dlc11_cst_the_drowned_separatists|wh2_dlc11_cst_vampire_coast|wh2_dlc11_cst_vampire_coast_encounters|wh2_dlc11_cst_vampire_coast_qb1|wh2_dlc11_cst_vampire_coast_qb2|wh2_dlc11_cst_vampire_coast_qb3|wh2_dlc11_cst_vampire_coast_qb4|wh2_dlc11_cst_vampire_coast_rebellion_rebels|wh2_dlc11_cst_vampire_coast_rebels|wh2_dlc11_cst_vampire_coast_separatists|wh3_dlc21_cst_dead_flag_fleet|wh3_dlc24_cst_vampire_coast_bloated_rebels|wh3_dlc26_cst_vampire_coast_qb1|wh3_dlc26_cst_vampire_coast_qb2|wh3_main_cst_dread_rock_privateers,false,false,true,true,true,true,wh2_dlc11_lore_deep,cst_vampire_fleet_admiral_female,wh2_dlc11_skill_node_set_cst_admiral_fem_deep,,1,general,false,false,,,,wh2_dlc11_skill_cst_admiral_fem_deep_army_06,wh2_dlc11_skill_cst_army_6,Drowned & Bound,"Like Unliving moths drawn inexorably towards a dazzling flame, the risen drowned strive - and stumble - to always be close to the one who has bound them.",battle_damage.png,6,4,0,0,true,0,3,2,Drowned & Bound,"Like Unliving moths drawn inexorably towards a dazzling flame, the risen drowned strive - and stumble - to always be close to the one who has bound them.",,,,,,wh2_dlc11_effect_force_stat_weapon_strength_animated_hulk_mourngul,Weapon strength: %+n% for Animated Hulks and Mournguls units,,general_to_force_own,9,battle,461,true,weapon_damage.png,weapon_damage.png,,,,,,,,,,,,,,,,,,,,,,,character_skill_level_to_effects_junctions_tables,wh2_dlc11_skill_cst_army_6|wh2_dlc11_effect_force_stat_weapon_strength_animated_hulk_mourngul|2|general_to_force_own
effect,warhammer_3,8.1.1,24237342,Vampire Coast,vampire_coast,wh2_dlc11_sc_cst_vampire_coast,Vampire Fleet Admiral (Deep),Vampire_Fleet_Admiral_Deep__admiral_fem_deep,lord,wh2_dlc11_cst_admiral_fem_deep,general,general,wh2_dlc11_cst_noctilus|wh2_dlc11_cst_noctilus_separatists|wh2_dlc11_cst_pirates_of_sartosa|wh2_dlc11_cst_pirates_of_sartosa_separatists|wh2_dlc11_cst_the_drowned|wh2_dlc11_cst_the_drowned_separatists|wh2_dlc11_cst_vampire_coast|wh2_dlc11_cst_vampire_coast_encounters|wh2_dlc11_cst_vampire_coast_qb1|wh2_dlc11_cst_vampire_coast_qb2|wh2_dlc11_cst_vampire_coast_qb3|wh2_dlc11_cst_vampire_coast_qb4|wh2_dlc11_cst_vampire_coast_rebellion_rebels|wh2_dlc11_cst_vampire_coast_rebels|wh2_dlc11_cst_vampire_coast_separatists|wh3_dlc21_cst_dead_flag_fleet|wh3_dlc24_cst_vampire_coast_bloated_rebels|wh3_dlc26_cst_vampire_coast_qb1|wh3_dlc26_cst_vampire_coast_qb2|wh3_main_cst_dread_rock_privateers,false,false,true,true,true,true,wh2_dlc11_lore_deep,cst_vampire_fleet_admiral_female,wh2_dlc11_skill_node_set_cst_admiral_fem_deep,,1,general,false,false,,,,wh2_dlc11_skill_cst_admiral_fem_deep_army_06,wh2_dlc11_skill_cst_army_6,Drowned & Bound,"Like Unliving moths drawn inexorably towards a dazzling flame, the risen drowned strive - and stumble - to always be close to the one who has bound them.",battle_damage.png,6,4,0,0,true,0,3,3,Drowned & Bound,"Like Unliving moths drawn inexorably towards a dazzling flame, the risen drowned strive - and stumble - to always be close to the one who has bound them.",,,,,,wh2_dlc11_effect_force_stat_charge_bonus_add_bloated_corpse,Charge bonus: %+n for Bloated Corpse units,,general_to_force_own,10,battle,501,true,charge.png,charge.png,,,,,,,,,,,,,,,,,,,,,,,character_skill_level_to_effects_junctions_tables,wh2_dlc11_skill_cst_army_6|wh2_dlc11_effect_force_stat_charge_bonus_add_bloated_corpse|3|general_to_force_own
effect,warhammer_3,8.1.1,24237342,Vampire Coast,vampire_coast,wh2_dlc11_sc_cst_vampire_coast,Vampire Fleet Admiral (Deep),Vampire_Fleet_Admiral_Deep__admiral_fem_deep,lord,wh2_dlc11_cst_admiral_fem_deep,general,general,wh2_dlc11_cst_noctilus|wh2_dlc11_cst_noctilus_separatists|wh2_dlc11_cst_pirates_of_sartosa|wh2_dlc11_cst_pirates_of_sartosa_separatists|wh2_dlc11_cst_the_drowned|wh2_dlc11_cst_the_drowned_separatists|wh2_dlc11_cst_vampire_coast|wh2_dlc11_cst_vampire_coast_encounters|wh2_dlc11_cst_vampire_coast_qb1|wh2_dlc11_cst_vampire_coast_qb2|wh2_dlc11_cst_vampire_coast_qb3|wh2_dlc11_cst_vampire_coast_qb4|wh2_dlc11_cst_vampire_coast_rebellion_rebels|wh2_dlc11_cst_vampire_coast_rebels|wh2_dlc11_cst_vampire_coast_separatists|wh3_dlc21_cst_dead_flag_fleet|wh3_dlc24_cst_vampire_coast_bloated_rebels|wh3_dlc26_cst_vampire_coast_qb1|wh3_dlc26_cst_vampire_coast_qb2|wh3_main_cst_dread_rock_privateers,false,false,true,true,true,true,wh2_dlc11_lore_deep,cst_vampire_fleet_admiral_female,wh2_dlc11_skill_node_set_cst_admiral_fem_deep,,1,general,false,false,,,,wh2_dlc11_skill_cst_admiral_fem_deep_army_06,wh2_dlc11_skill_cst_army_6,Drowned & Bound,"Like Unliving moths drawn inexorably towards a dazzling flame, the risen drowned strive - and stumble - to always be close to the one who has bound them.",battle_damage.png,6,4,0,0,true,0,3,3,Drowned & Bound,"Like Unliving moths drawn inexorably towards a dazzling flame, the risen drowned strive - and stumble - to always be close to the one who has bound them.",,,,,,wh2_dlc11_effect_force_stat_melee_attack_animated_hulk_mourngul,Melee attack: %+n for Animated Hulks and Mournguls units,,general_to_force_own,8,battle,431,true,melee.png,melee.png,,,,,,,,,,,,,,,,,,,,,,,character_skill_level_to_effects_junctions_tables,wh2_dlc11_skill_cst_army_6|wh2_dlc11_effect_force_stat_melee_attack_animated_hulk_mourngul|3|general_to_force_own
effect,warhammer_3,8.1.1,24237342,Vampire Coast,vampire_coast,wh2_dlc11_sc_cst_vampire_coast,Vampire Fleet Admiral (Deep),Vampire_Fleet_Admiral_Deep__admiral_fem_deep,lord,wh2_dlc11_cst_admiral_fem_deep,general,general,wh2_dlc11_cst_noctilus|wh2_dlc11_cst_noctilus_separatists|wh2_dlc11_cst_pirates_of_sartosa|wh2_dlc11_cst_pirates_of_sartosa_separatists|wh2_dlc11_cst_the_drowned|wh2_dlc11_cst_the_drowned_separatists|wh2_dlc11_cst_vampire_coast|wh2_dlc11_cst_vampire_coast_encounters|wh2_dlc11_cst_vampire_coast_qb1|wh2_dlc11_cst_vampire_coast_qb2|wh2_dlc11_cst_vampire_coast_qb3|wh2_dlc11_cst_vampire_coast_qb4|wh2_dlc11_cst_vampire_coast_rebellion_rebels|wh2_dlc11_cst_vampire_coast_rebels|wh2_dlc11_cst_vampire_coast_separatists|wh3_dlc21_cst_dead_flag_fleet|wh3_dlc24_cst_vampire_coast_bloated_rebels|wh3_dlc26_cst_vampire_coast_qb1|wh3_dlc26_cst_vampire_coast_qb2|wh3_main_cst_dread_rock_privateers,false,false,true,true,true,true,wh2_dlc11_lore_deep,cst_vampire_fleet_admiral_female,wh2_dlc11_skill_node_set_cst_admiral_fem_deep,,1,general,false,false,,,,wh2_dlc11_skill_cst_admiral_fem_deep_army_06,wh2_dlc11_skill_cst_army_6,Drowned & Bound,"Like Unliving moths drawn inexorably towards a dazzling flame, the risen drowned strive - and stumble - to always be close to the one who has bound them.",battle_damage.png,6,4,0,0,true,0,3,3,Drowned & Bound,"Like Unliving moths drawn inexorably towards a dazzling flame, the risen drowned strive - and stumble - to always be close to the one who has bound them.",,,,,,wh2_dlc11_effect_force_stat_speed_bloated_corpse,Speed: %+n% for Bloated Corpse units,,general_to_force_own,12,battle,421,true,battle_movement.png,battle_movement.png,,,,,,,,,,,,,,,,,,,,,,,character_skill_level_to_effects_junctions_tables,wh2_dlc11_skill_cst_army_6|wh2_dlc11_effect_force_stat_speed_bloated_corpse|3|general_to_force_own
effect,warhammer_3,8.1.1,24237342,Vampire Coast,vampire_coast,wh2_dlc11_sc_cst_vampire_coast,Vampire Fleet Admiral (Deep),Vampire_Fleet_Admiral_Deep__admiral_fem_deep,lord,wh2_dlc11_cst_admiral_fem_deep,general,general,wh2_dlc11_cst_noctilus|wh2_dlc11_cst_noctilus_separatists|wh2_dlc11_cst_pirates_of_sartosa|wh2_dlc11_cst_pirates_of_sartosa_separatists|wh2_dlc11_cst_the_drowned|wh2_dlc11_cst_the_drowned_separatists|wh2_dlc11_cst_vampire_coast|wh2_dlc11_cst_vampire_coast_encounters|wh2_dlc11_cst_vampire_coast_qb1|wh2_dlc11_cst_vampire_coast_qb2|wh2_dlc11_cst_vampire_coast_qb3|wh2_dlc11_cst_vampire_coast_qb4|wh2_dlc11_cst_vampire_coast_rebellion_rebels|wh2_dlc11_cst_vampire_coast_rebels|wh2_dlc11_cst_vampire_coast_separatists|wh3_dlc21_cst_dead_flag_fleet|wh3_dlc24_cst_vampire_coast_bloated_rebels|wh3_dlc26_cst_vampire_coast_qb1|wh3_dlc26_cst_vampire_coast_qb2|wh3_main_cst_dread_rock_privateers,false,false,true,true,true,true,wh2_dlc11_lore_deep,cst_vampire_fleet_admiral_female,wh2_dlc11_skill_node_set_cst_admiral_fem_deep,,1,general,false,false,,,,wh2_dlc11_skill_cst_admiral_fem_deep_army_06,wh2_dlc11_skill_cst_army_6,Drowned & Bound,"Like Unliving moths drawn inexorably towards a dazzling flame, the risen drowned strive - and stumble - to always be close to the one who has bound them.",battle_damage.png,6,4,0,0,true,0,3,3,Drowned & Bound,"Like Unliving moths drawn inexorably towards a dazzling flame, the risen drowned strive - and stumble - to always be close to the one who has bound them.",,,,,,wh2_dlc11_effect_force_stat_weapon_strength_animated_hulk_mourngul,Weapon strength: %+n% for Animated Hulks and Mournguls units,,general_to_force_own,12,battle,461,true,weapon_damage.png,weapon_damage.png,,,,,,,,,,,,,,,,,,,,,,,character_skill_level_to_effects_junctions_tables,wh2_dlc11_skill_cst_army_6|wh2_dlc11_effect_force_stat_weapon_strength_animated_hulk_mourngul|3|general_to_force_own
node,warhammer_3,8.1.1,24237342,Vampire Coast,vampire_coast,wh2_dlc11_sc_cst_vampire_coast,Vampire Fleet Admiral (Deep),Vampire_Fleet_Admiral_Deep__admiral_fem_deep,lord,wh2_dlc11_cst_admiral_fem_deep,general,general,wh2_dlc11_cst_noctilus|wh2_dlc11_cst_noctilus_separatists|wh2_dlc11_cst_pirates_of_sartosa|wh2_dlc11_cst_pirates_of_sartosa_separatists|wh2_dlc11_cst_the_drowned|wh2_dlc11_cst_the_drowned_separatists|wh2_dlc11_cst_vampire_coast|wh2_dlc11_cst_vampire_coast_encounters|wh2_dlc11_cst_vampire_coast_qb1|wh2_dlc11_cst_vampire_coast_qb2|wh2_dlc11_cst_vampire_coast_qb3|wh2_dlc11_cst_vampire_coast_qb4|wh2_dlc11_cst_vampire_coast_rebellion_rebels|wh2_dlc11_cst_vampire_coast_rebels|wh2_dlc11_cst_vampire_coast_separatists|wh3_dlc21_cst_dead_flag_fleet|wh3_dlc24_cst_vampire_coast_bloated_rebels|wh3_dlc26_cst_vampire_coast_qb1|wh3_dlc26_cst_vampire_coast_qb2|wh3_main_cst_dread_rock_privateers,false,false,true,true,true,true,wh2_dlc11_lore_deep,cst_vampire_fleet_admiral_female,wh2_dlc11_skill_node_set_cst_admiral_fem_deep,,1,general,false,false,,,,wh2_dlc11_skill_cst_admiral_fem_deep_campaign_06,wh_main_skill_all_lord_campaign_lightning_strike,Lightning Strike,The time to strike is now!,campaign_subterfuge.png,6,5,0,0,true,0,3,,,,,,,,,,,,,,,,,,,,,,,,,,,,,,,,,,,,,,,,,character_skill_nodes_tables,wh2_dlc11_skill_cst_admiral_fem_deep_campaign_06
effect,warhammer_3,8.1.1,24237342,Vampire Coast,vampire_coast,wh2_dlc11_sc_cst_vampire_coast,Vampire Fleet Admiral (Deep),Vampire_Fleet_Admiral_Deep__admiral_fem_deep,lord,wh2_dlc11_cst_admiral_fem_deep,general,general,wh2_dlc11_cst_noctilus|wh2_dlc11_cst_noctilus_separatists|wh2_dlc11_cst_pirates_of_sartosa|wh2_dlc11_cst_pirates_of_sartosa_separatists|wh2_dlc11_cst_the_drowned|wh2_dlc11_cst_the_drowned_separatists|wh2_dlc11_cst_vampire_coast|wh2_dlc11_cst_vampire_coast_encounters|wh2_dlc11_cst_vampire_coast_qb1|wh2_dlc11_cst_vampire_coast_qb2|wh2_dlc11_cst_vampire_coast_qb3|wh2_dlc11_cst_vampire_coast_qb4|wh2_dlc11_cst_vampire_coast_rebellion_rebels|wh2_dlc11_cst_vampire_coast_rebels|wh2_dlc11_cst_vampire_coast_separatists|wh3_dlc21_cst_dead_flag_fleet|wh3_dlc24_cst_vampire_coast_bloated_rebels|wh3_dlc26_cst_vampire_coast_qb1|wh3_dlc26_cst_vampire_coast_qb2|wh3_main_cst_dread_rock_privateers,false,false,true,true,true,true,wh2_dlc11_lore_deep,cst_vampire_fleet_admiral_female,wh2_dlc11_skill_node_set_cst_admiral_fem_deep,,1,general,false,false,,,,wh2_dlc11_skill_cst_admiral_fem_deep_campaign_06,wh_main_skill_all_lord_campaign_lightning_strike,Lightning Strike,The time to strike is now!,campaign_subterfuge.png,6,5,0,0,true,0,3,1,Lightning Strike,The time to strike is now!,,,,,,wh3_main_effect_opposing_reinforcement_time_percentage_mod,Enemy battle reinforcement time: %+n%,,general_to_force_own_unseen,25,both,101,true,military.png,military.png,,,,,,,,,,,,,,,,,,,,,,,character_skill_level_to_effects_junctions_tables,wh_main_skill_all_lord_campaign_lightning_strike|wh3_main_effect_opposing_reinforcement_time_percentage_mod|1|general_to_force_own_unseen
effect,warhammer_3,8.1.1,24237342,Vampire Coast,vampire_coast,wh2_dlc11_sc_cst_vampire_coast,Vampire Fleet Admiral (Deep),Vampire_Fleet_Admiral_Deep__admiral_fem_deep,lord,wh2_dlc11_cst_admiral_fem_deep,general,general,wh2_dlc11_cst_noctilus|wh2_dlc11_cst_noctilus_separatists|wh2_dlc11_cst_pirates_of_sartosa|wh2_dlc11_cst_pirates_of_sartosa_separatists|wh2_dlc11_cst_the_drowned|wh2_dlc11_cst_the_drowned_separatists|wh2_dlc11_cst_vampire_coast|wh2_dlc11_cst_vampire_coast_encounters|wh2_dlc11_cst_vampire_coast_qb1|wh2_dlc11_cst_vampire_coast_qb2|wh2_dlc11_cst_vampire_coast_qb3|wh2_dlc11_cst_vampire_coast_qb4|wh2_dlc11_cst_vampire_coast_rebellion_rebels|wh2_dlc11_cst_vampire_coast_rebels|wh2_dlc11_cst_vampire_coast_separatists|wh3_dlc21_cst_dead_flag_fleet|wh3_dlc24_cst_vampire_coast_bloated_rebels|wh3_dlc26_cst_vampire_coast_qb1|wh3_dlc26_cst_vampire_coast_qb2|wh3_main_cst_dread_rock_privateers,false,false,true,true,true,true,wh2_dlc11_lore_deep,cst_vampire_fleet_admiral_female,wh2_dlc11_skill_node_set_cst_admiral_fem_deep,,1,general,false,false,,,,wh2_dlc11_skill_cst_admiral_fem_deep_campaign_06,wh_main_skill_all_lord_campaign_lightning_strike,Lightning Strike,The time to strike is now!,campaign_subterfuge.png,6,5,0,0,true,0,3,1,Lightning Strike,The time to strike is now!,,,,,,wh3_main_effect_own_reinforcement_time_percentage_mod,Battle reinforcement time: %+n%,,general_to_force_own_unseen,-10,both,101,false,military.png,military.png,,,,,,,,,,,,,,,,,,,,,,,character_skill_level_to_effects_junctions_tables,wh_main_skill_all_lord_campaign_lightning_strike|wh3_main_effect_own_reinforcement_time_percentage_mod|1|general_to_force_own_unseen
effect,warhammer_3,8.1.1,24237342,Vampire Coast,vampire_coast,wh2_dlc11_sc_cst_vampire_coast,Vampire Fleet Admiral (Deep),Vampire_Fleet_Admiral_Deep__admiral_fem_deep,lord,wh2_dlc11_cst_admiral_fem_deep,general,general,wh2_dlc11_cst_noctilus|wh2_dlc11_cst_noctilus_separatists|wh2_dlc11_cst_pirates_of_sartosa|wh2_dlc11_cst_pirates_of_sartosa_separatists|wh2_dlc11_cst_the_drowned|wh2_dlc11_cst_the_drowned_separatists|wh2_dlc11_cst_vampire_coast|wh2_dlc11_cst_vampire_coast_encounters|wh2_dlc11_cst_vampire_coast_qb1|wh2_dlc11_cst_vampire_coast_qb2|wh2_dlc11_cst_vampire_coast_qb3|wh2_dlc11_cst_vampire_coast_qb4|wh2_dlc11_cst_vampire_coast_rebellion_rebels|wh2_dlc11_cst_vampire_coast_rebels|wh2_dlc11_cst_vampire_coast_separatists|wh3_dlc21_cst_dead_flag_fleet|wh3_dlc24_cst_vampire_coast_bloated_rebels|wh3_dlc26_cst_vampire_coast_qb1|wh3_dlc26_cst_vampire_coast_qb2|wh3_main_cst_dread_rock_privateers,false,false,true,true,true,true,wh2_dlc11_lore_deep,cst_vampire_fleet_admiral_female,wh2_dlc11_skill_node_set_cst_admiral_fem_deep,,1,general,false,false,,,,wh2_dlc11_skill_cst_admiral_fem_deep_campaign_06,wh_main_skill_all_lord_campaign_lightning_strike,Lightning Strike,The time to strike is now!,campaign_subterfuge.png,6,5,0,0,true,0,3,1,Lightning Strike,The time to strike is now!,,,,,,wh3_main_effect_reinforcement_adjustment_budget,Reinforcements supporting this army can have their arrival point adjusted by %+n metres without incurring any time penalty,,general_to_force_own_unseen,250,campaign,101,true,military.png,military.png,,,,,,,,,,,,,,,,,,,,,,,character_skill_level_to_effects_junctions_tables,wh_main_skill_all_lord_campaign_lightning_strike|wh3_main_effect_reinforcement_adjustment_budget|1|general_to_force_own_unseen
effect,warhammer_3,8.1.1,24237342,Vampire Coast,vampire_coast,wh2_dlc11_sc_cst_vampire_coast,Vampire Fleet Admiral (Deep),Vampire_Fleet_Admiral_Deep__admiral_fem_deep,lord,wh2_dlc11_cst_admiral_fem_deep,general,general,wh2_dlc11_cst_noctilus|wh2_dlc11_cst_noctilus_separatists|wh2_dlc11_cst_pirates_of_sartosa|wh2_dlc11_cst_pirates_of_sartosa_separatists|wh2_dlc11_cst_the_drowned|wh2_dlc11_cst_the_drowned_separatists|wh2_dlc11_cst_vampire_coast|wh2_dlc11_cst_vampire_coast_encounters|wh2_dlc11_cst_vampire_coast_qb1|wh2_dlc11_cst_vampire_coast_qb2|wh2_dlc11_cst_vampire_coast_qb3|wh2_dlc11_cst_vampire_coast_qb4|wh2_dlc11_cst_vampire_coast_rebellion_rebels|wh2_dlc11_cst_vampire_coast_rebels|wh2_dlc11_cst_vampire_coast_separatists|wh3_dlc21_cst_dead_flag_fleet|wh3_dlc24_cst_vampire_coast_bloated_rebels|wh3_dlc26_cst_vampire_coast_qb1|wh3_dlc26_cst_vampire_coast_qb2|wh3_main_cst_dread_rock_privateers,false,false,true,true,true,true,wh2_dlc11_lore_deep,cst_vampire_fleet_admiral_female,wh2_dlc11_skill_node_set_cst_admiral_fem_deep,,1,general,false,false,,,,wh2_dlc11_skill_cst_admiral_fem_deep_campaign_06,wh_main_skill_all_lord_campaign_lightning_strike,Lightning Strike,The time to strike is now!,campaign_subterfuge.png,6,5,0,0,true,0,3,2,Lightning Strike,The time to strike is now!,,,,,,wh3_main_effect_opposing_reinforcement_time_percentage_mod,Enemy battle reinforcement time: %+n%,,general_to_force_own_unseen,50,both,101,true,military.png,military.png,,,,,,,,,,,,,,,,,,,,,,,character_skill_level_to_effects_junctions_tables,wh_main_skill_all_lord_campaign_lightning_strike|wh3_main_effect_opposing_reinforcement_time_percentage_mod|2|general_to_force_own_unseen
effect,warhammer_3,8.1.1,24237342,Vampire Coast,vampire_coast,wh2_dlc11_sc_cst_vampire_coast,Vampire Fleet Admiral (Deep),Vampire_Fleet_Admiral_Deep__admiral_fem_deep,lord,wh2_dlc11_cst_admiral_fem_deep,general,general,wh2_dlc11_cst_noctilus|wh2_dlc11_cst_noctilus_separatists|wh2_dlc11_cst_pirates_of_sartosa|wh2_dlc11_cst_pirates_of_sartosa_separatists|wh2_dlc11_cst_the_drowned|wh2_dlc11_cst_the_drowned_separatists|wh2_dlc11_cst_vampire_coast|wh2_dlc11_cst_vampire_coast_encounters|wh2_dlc11_cst_vampire_coast_qb1|wh2_dlc11_cst_vampire_coast_qb2|wh2_dlc11_cst_vampire_coast_qb3|wh2_dlc11_cst_vampire_coast_qb4|wh2_dlc11_cst_vampire_coast_rebellion_rebels|wh2_dlc11_cst_vampire_coast_rebels|wh2_dlc11_cst_vampire_coast_separatists|wh3_dlc21_cst_dead_flag_fleet|wh3_dlc24_cst_vampire_coast_bloated_rebels|wh3_dlc26_cst_vampire_coast_qb1|wh3_dlc26_cst_vampire_coast_qb2|wh3_main_cst_dread_rock_privateers,false,false,true,true,true,true,wh2_dlc11_lore_deep,cst_vampire_fleet_admiral_female,wh2_dlc11_skill_node_set_cst_admiral_fem_deep,,1,general,false,false,,,,wh2_dlc11_skill_cst_admiral_fem_deep_campaign_06,wh_main_skill_all_lord_campaign_lightning_strike,Lightning Strike,The time to strike is now!,campaign_subterfuge.png,6,5,0,0,true,0,3,2,Lightning Strike,The time to strike is now!,,,,,,wh3_main_effect_own_reinforcement_time_percentage_mod,Battle reinforcement time: %+n%,,general_to_force_own_unseen,-20,both,101,false,military.png,military.png,,,,,,,,,,,,,,,,,,,,,,,character_skill_level_to_effects_junctions_tables,wh_main_skill_all_lord_campaign_lightning_strike|wh3_main_effect_own_reinforcement_time_percentage_mod|2|general_to_force_own_unseen
effect,warhammer_3,8.1.1,24237342,Vampire Coast,vampire_coast,wh2_dlc11_sc_cst_vampire_coast,Vampire Fleet Admiral (Deep),Vampire_Fleet_Admiral_Deep__admiral_fem_deep,lord,wh2_dlc11_cst_admiral_fem_deep,general,general,wh2_dlc11_cst_noctilus|wh2_dlc11_cst_noctilus_separatists|wh2_dlc11_cst_pirates_of_sartosa|wh2_dlc11_cst_pirates_of_sartosa_separatists|wh2_dlc11_cst_the_drowned|wh2_dlc11_cst_the_drowned_separatists|wh2_dlc11_cst_vampire_coast|wh2_dlc11_cst_vampire_coast_encounters|wh2_dlc11_cst_vampire_coast_qb1|wh2_dlc11_cst_vampire_coast_qb2|wh2_dlc11_cst_vampire_coast_qb3|wh2_dlc11_cst_vampire_coast_qb4|wh2_dlc11_cst_vampire_coast_rebellion_rebels|wh2_dlc11_cst_vampire_coast_rebels|wh2_dlc11_cst_vampire_coast_separatists|wh3_dlc21_cst_dead_flag_fleet|wh3_dlc24_cst_vampire_coast_bloated_rebels|wh3_dlc26_cst_vampire_coast_qb1|wh3_dlc26_cst_vampire_coast_qb2|wh3_main_cst_dread_rock_privateers,false,false,true,true,true,true,wh2_dlc11_lore_deep,cst_vampire_fleet_admiral_female,wh2_dlc11_skill_node_set_cst_admiral_fem_deep,,1,general,false,false,,,,wh2_dlc11_skill_cst_admiral_fem_deep_campaign_06,wh_main_skill_all_lord_campaign_lightning_strike,Lightning Strike,The time to strike is now!,campaign_subterfuge.png,6,5,0,0,true,0,3,2,Lightning Strike,The time to strike is now!,,,,,,wh3_main_effect_reinforcement_adjustment_budget,Reinforcements supporting this army can have their arrival point adjusted by %+n metres without incurring any time penalty,,general_to_force_own_unseen,600,campaign,101,true,military.png,military.png,,,,,,,,,,,,,,,,,,,,,,,character_skill_level_to_effects_junctions_tables,wh_main_skill_all_lord_campaign_lightning_strike|wh3_main_effect_reinforcement_adjustment_budget|2|general_to_force_own_unseen
effect,warhammer_3,8.1.1,24237342,Vampire Coast,vampire_coast,wh2_dlc11_sc_cst_vampire_coast,Vampire Fleet Admiral (Deep),Vampire_Fleet_Admiral_Deep__admiral_fem_deep,lord,wh2_dlc11_cst_admiral_fem_deep,general,general,wh2_dlc11_cst_noctilus|wh2_dlc11_cst_noctilus_separatists|wh2_dlc11_cst_pirates_of_sartosa|wh2_dlc11_cst_pirates_of_sartosa_separatists|wh2_dlc11_cst_the_drowned|wh2_dlc11_cst_the_drowned_separatists|wh2_dlc11_cst_vampire_coast|wh2_dlc11_cst_vampire_coast_encounters|wh2_dlc11_cst_vampire_coast_qb1|wh2_dlc11_cst_vampire_coast_qb2|wh2_dlc11_cst_vampire_coast_qb3|wh2_dlc11_cst_vampire_coast_qb4|wh2_dlc11_cst_vampire_coast_rebellion_rebels|wh2_dlc11_cst_vampire_coast_rebels|wh2_dlc11_cst_vampire_coast_separatists|wh3_dlc21_cst_dead_flag_fleet|wh3_dlc24_cst_vampire_coast_bloated_rebels|wh3_dlc26_cst_vampire_coast_qb1|wh3_dlc26_cst_vampire_coast_qb2|wh3_main_cst_dread_rock_privateers,false,false,true,true,true,true,wh2_dlc11_lore_deep,cst_vampire_fleet_admiral_female,wh2_dlc11_skill_node_set_cst_admiral_fem_deep,,1,general,false,false,,,,wh2_dlc11_skill_cst_admiral_fem_deep_campaign_06,wh_main_skill_all_lord_campaign_lightning_strike,Lightning Strike,The time to strike is now!,campaign_subterfuge.png,6,5,0,0,true,0,3,3,Lightning Strike,The time to strike is now!,,,,,,wh_main_effect_conquest_enable_night_battles,Enables lightning strike battles when reinforcements are present,The option to carry out a lightning strike battle will appear on the Pre-Battle panel. Enabling this prevents reinforcements from joining the battle but will cause your troops to start the battle with reduced Vigour.,character_to_character_own,1,campaign,10,true,subterfuge.png,subterfuge.png,,,,,,,,,,,,,,,,,,,,,,,character_skill_level_to_effects_junctions_tables,wh_main_skill_all_lord_campaign_lightning_strike|wh_main_effect_conquest_enable_night_battles|3|character_to_character_own
effect,warhammer_3,8.1.1,24237342,Vampire Coast,vampire_coast,wh2_dlc11_sc_cst_vampire_coast,Vampire Fleet Admiral (Deep),Vampire_Fleet_Admiral_Deep__admiral_fem_deep,lord,wh2_dlc11_cst_admiral_fem_deep,general,general,wh2_dlc11_cst_noctilus|wh2_dlc11_cst_noctilus_separatists|wh2_dlc11_cst_pirates_of_sartosa|wh2_dlc11_cst_pirates_of_sartosa_separatists|wh2_dlc11_cst_the_drowned|wh2_dlc11_cst_the_drowned_separatists|wh2_dlc11_cst_vampire_coast|wh2_dlc11_cst_vampire_coast_encounters|wh2_dlc11_cst_vampire_coast_qb1|wh2_dlc11_cst_vampire_coast_qb2|wh2_dlc11_cst_vampire_coast_qb3|wh2_dlc11_cst_vampire_coast_qb4|wh2_dlc11_cst_vampire_coast_rebellion_rebels|wh2_dlc11_cst_vampire_coast_rebels|wh2_dlc11_cst_vampire_coast_separatists|wh3_dlc21_cst_dead_flag_fleet|wh3_dlc24_cst_vampire_coast_bloated_rebels|wh3_dlc26_cst_vampire_coast_qb1|wh3_dlc26_cst_vampire_coast_qb2|wh3_main_cst_dread_rock_privateers,false,false,true,true,true,true,wh2_dlc11_lore_deep,cst_vampire_fleet_admiral_female,wh2_dlc11_skill_node_set_cst_admiral_fem_deep,,1,general,false,false,,,,wh2_dlc11_skill_cst_admiral_fem_deep_campaign_06,wh_main_skill_all_lord_campaign_lightning_strike,Lightning Strike,The time to strike is now!,campaign_subterfuge.png,6,5,0,0,true,0,3,3,Lightning Strike,The time to strike is now!,,,,,,wh3_main_effect_opposing_reinforcement_time_percentage_mod,Enemy battle reinforcement time: %+n%,,general_to_force_own_unseen,50,both,101,true,military.png,military.png,,,,,,,,,,,,,,,,,,,,,,,character_skill_level_to_effects_junctions_tables,wh_main_skill_all_lord_campaign_lightning_strike|wh3_main_effect_opposing_reinforcement_time_percentage_mod|3|general_to_force_own_unseen
effect,warhammer_3,8.1.1,24237342,Vampire Coast,vampire_coast,wh2_dlc11_sc_cst_vampire_coast,Vampire Fleet Admiral (Deep),Vampire_Fleet_Admiral_Deep__admiral_fem_deep,lord,wh2_dlc11_cst_admiral_fem_deep,general,general,wh2_dlc11_cst_noctilus|wh2_dlc11_cst_noctilus_separatists|wh2_dlc11_cst_pirates_of_sartosa|wh2_dlc11_cst_pirates_of_sartosa_separatists|wh2_dlc11_cst_the_drowned|wh2_dlc11_cst_the_drowned_separatists|wh2_dlc11_cst_vampire_coast|wh2_dlc11_cst_vampire_coast_encounters|wh2_dlc11_cst_vampire_coast_qb1|wh2_dlc11_cst_vampire_coast_qb2|wh2_dlc11_cst_vampire_coast_qb3|wh2_dlc11_cst_vampire_coast_qb4|wh2_dlc11_cst_vampire_coast_rebellion_rebels|wh2_dlc11_cst_vampire_coast_rebels|wh2_dlc11_cst_vampire_coast_separatists|wh3_dlc21_cst_dead_flag_fleet|wh3_dlc24_cst_vampire_coast_bloated_rebels|wh3_dlc26_cst_vampire_coast_qb1|wh3_dlc26_cst_vampire_coast_qb2|wh3_main_cst_dread_rock_privateers,false,false,true,true,true,true,wh2_dlc11_lore_deep,cst_vampire_fleet_admiral_female,wh2_dlc11_skill_node_set_cst_admiral_fem_deep,,1,general,false,false,,,,wh2_dlc11_skill_cst_admiral_fem_deep_campaign_06,wh_main_skill_all_lord_campaign_lightning_strike,Lightning Strike,The time to strike is now!,campaign_subterfuge.png,6,5,0,0,true,0,3,3,Lightning Strike,The time to strike is now!,,,,,,wh3_main_effect_own_reinforcement_time_percentage_mod,Battle reinforcement time: %+n%,,general_to_force_own_unseen,-30,both,101,false,military.png,military.png,,,,,,,,,,,,,,,,,,,,,,,character_skill_level_to_effects_junctions_tables,wh_main_skill_all_lord_campaign_lightning_strike|wh3_main_effect_own_reinforcement_time_percentage_mod|3|general_to_force_own_unseen
effect,warhammer_3,8.1.1,24237342,Vampire Coast,vampire_coast,wh2_dlc11_sc_cst_vampire_coast,Vampire Fleet Admiral (Deep),Vampire_Fleet_Admiral_Deep__admiral_fem_deep,lord,wh2_dlc11_cst_admiral_fem_deep,general,general,wh2_dlc11_cst_noctilus|wh2_dlc11_cst_noctilus_separatists|wh2_dlc11_cst_pirates_of_sartosa|wh2_dlc11_cst_pirates_of_sartosa_separatists|wh2_dlc11_cst_the_drowned|wh2_dlc11_cst_the_drowned_separatists|wh2_dlc11_cst_vampire_coast|wh2_dlc11_cst_vampire_coast_encounters|wh2_dlc11_cst_vampire_coast_qb1|wh2_dlc11_cst_vampire_coast_qb2|wh2_dlc11_cst_vampire_coast_qb3|wh2_dlc11_cst_vampire_coast_qb4|wh2_dlc11_cst_vampire_coast_rebellion_rebels|wh2_dlc11_cst_vampire_coast_rebels|wh2_dlc11_cst_vampire_coast_separatists|wh3_dlc21_cst_dead_flag_fleet|wh3_dlc24_cst_vampire_coast_bloated_rebels|wh3_dlc26_cst_vampire_coast_qb1|wh3_dlc26_cst_vampire_coast_qb2|wh3_main_cst_dread_rock_privateers,false,false,true,true,true,true,wh2_dlc11_lore_deep,cst_vampire_fleet_admiral_female,wh2_dlc11_skill_node_set_cst_admiral_fem_deep,,1,general,false,false,,,,wh2_dlc11_skill_cst_admiral_fem_deep_campaign_06,wh_main_skill_all_lord_campaign_lightning_strike,Lightning Strike,The time to strike is now!,campaign_subterfuge.png,6,5,0,0,true,0,3,3,Lightning Strike,The time to strike is now!,,,,,,wh3_main_effect_reinforcement_adjustment_budget,Reinforcements supporting this army can have their arrival point adjusted by %+n metres without incurring any time penalty,,general_to_force_own_unseen,1000,campaign,101,true,military.png,military.png,,,,,,,,,,,,,,,,,,,,,,,character_skill_level_to_effects_junctions_tables,wh_main_skill_all_lord_campaign_lightning_strike|wh3_main_effect_reinforcement_adjustment_budget|3|general_to_force_own_unseen
node,warhammer_3,8.1.1,24237342,Vampire Coast,vampire_coast,wh2_dlc11_sc_cst_vampire_coast,Vampire Fleet Admiral (Deep),Vampire_Fleet_Admiral_Deep__admiral_fem_deep,lord,wh2_dlc11_cst_admiral_fem_deep,general,general,wh2_dlc11_cst_noctilus|wh2_dlc11_cst_noctilus_separatists|wh2_dlc11_cst_pirates_of_sartosa|wh2_dlc11_cst_pirates_of_sartosa_separatists|wh2_dlc11_cst_the_drowned|wh2_dlc11_cst_the_drowned_separatists|wh2_dlc11_cst_vampire_coast|wh2_dlc11_cst_vampire_coast_encounters|wh2_dlc11_cst_vampire_coast_qb1|wh2_dlc11_cst_vampire_coast_qb2|wh2_dlc11_cst_vampire_coast_qb3|wh2_dlc11_cst_vampire_coast_qb4|wh2_dlc11_cst_vampire_coast_rebellion_rebels|wh2_dlc11_cst_vampire_coast_rebels|wh2_dlc11_cst_vampire_coast_separatists|wh3_dlc21_cst_dead_flag_fleet|wh3_dlc24_cst_vampire_coast_bloated_rebels|wh3_dlc26_cst_vampire_coast_qb1|wh3_dlc26_cst_vampire_coast_qb2|wh3_main_cst_dread_rock_privateers,false,false,true,true,true,true,wh2_dlc11_lore_deep,cst_vampire_fleet_admiral_female,wh2_dlc11_skill_node_set_cst_admiral_fem_deep,,1,general,false,false,,,,wh2_dlc11_skill_cst_admiral_fem_deep_ranged_01,wh2_dlc11_skill_cst_ranged_1_fem_admiral,Blacker Powder,"It's got a few secret ingredients. No, I won't tell you what they are, but the results will speak for themselves.",character_ranged_damage.png,7,2,0,0,true,0,2,,,,,,,,,,,,,,,,,,,,,,,,,,,,,,,,,,,,,,,,,character_skill_nodes_tables,wh2_dlc11_skill_cst_admiral_fem_deep_ranged_01
effect,warhammer_3,8.1.1,24237342,Vampire Coast,vampire_coast,wh2_dlc11_sc_cst_vampire_coast,Vampire Fleet Admiral (Deep),Vampire_Fleet_Admiral_Deep__admiral_fem_deep,lord,wh2_dlc11_cst_admiral_fem_deep,general,general,wh2_dlc11_cst_noctilus|wh2_dlc11_cst_noctilus_separatists|wh2_dlc11_cst_pirates_of_sartosa|wh2_dlc11_cst_pirates_of_sartosa_separatists|wh2_dlc11_cst_the_drowned|wh2_dlc11_cst_the_drowned_separatists|wh2_dlc11_cst_vampire_coast|wh2_dlc11_cst_vampire_coast_encounters|wh2_dlc11_cst_vampire_coast_qb1|wh2_dlc11_cst_vampire_coast_qb2|wh2_dlc11_cst_vampire_coast_qb3|wh2_dlc11_cst_vampire_coast_qb4|wh2_dlc11_cst_vampire_coast_rebellion_rebels|wh2_dlc11_cst_vampire_coast_rebels|wh2_dlc11_cst_vampire_coast_separatists|wh3_dlc21_cst_dead_flag_fleet|wh3_dlc24_cst_vampire_coast_bloated_rebels|wh3_dlc26_cst_vampire_coast_qb1|wh3_dlc26_cst_vampire_coast_qb2|wh3_main_cst_dread_rock_privateers,false,false,true,true,true,true,wh2_dlc11_lore_deep,cst_vampire_fleet_admiral_female,wh2_dlc11_skill_node_set_cst_admiral_fem_deep,,1,general,false,false,,,,wh2_dlc11_skill_cst_admiral_fem_deep_ranged_01,wh2_dlc11_skill_cst_ranged_1_fem_admiral,Blacker Powder,"It's got a few secret ingredients. No, I won't tell you what they are, but the results will speak for themselves.",character_ranged_damage.png,7,2,0,0,true,0,2,1,Blacker Powder,"It's got a few secret ingredients. No, I won't tell you what they are, but the results will speak for themselves.",,,,,,wh_main_effect_character_stat_missile_damage,Missile strength: %+n%,,character_to_character_own,6,both,240,true,ranged_damage_character.png,ranged_damage_character.png,,,,,,,,,,,,,,,,,,,,,,,character_skill_level_to_effects_junctions_tables,wh2_dlc11_skill_cst_ranged_1_fem_admiral|wh_main_effect_character_stat_missile_damage|1|character_to_character_own
effect,warhammer_3,8.1.1,24237342,Vampire Coast,vampire_coast,wh2_dlc11_sc_cst_vampire_coast,Vampire Fleet Admiral (Deep),Vampire_Fleet_Admiral_Deep__admiral_fem_deep,lord,wh2_dlc11_cst_admiral_fem_deep,general,general,wh2_dlc11_cst_noctilus|wh2_dlc11_cst_noctilus_separatists|wh2_dlc11_cst_pirates_of_sartosa|wh2_dlc11_cst_pirates_of_sartosa_separatists|wh2_dlc11_cst_the_drowned|wh2_dlc11_cst_the_drowned_separatists|wh2_dlc11_cst_vampire_coast|wh2_dlc11_cst_vampire_coast_encounters|wh2_dlc11_cst_vampire_coast_qb1|wh2_dlc11_cst_vampire_coast_qb2|wh2_dlc11_cst_vampire_coast_qb3|wh2_dlc11_cst_vampire_coast_qb4|wh2_dlc11_cst_vampire_coast_rebellion_rebels|wh2_dlc11_cst_vampire_coast_rebels|wh2_dlc11_cst_vampire_coast_separatists|wh3_dlc21_cst_dead_flag_fleet|wh3_dlc24_cst_vampire_coast_bloated_rebels|wh3_dlc26_cst_vampire_coast_qb1|wh3_dlc26_cst_vampire_coast_qb2|wh3_main_cst_dread_rock_privateers,false,false,true,true,true,true,wh2_dlc11_lore_deep,cst_vampire_fleet_admiral_female,wh2_dlc11_skill_node_set_cst_admiral_fem_deep,,1,general,false,false,,,,wh2_dlc11_skill_cst_admiral_fem_deep_ranged_01,wh2_dlc11_skill_cst_ranged_1_fem_admiral,Blacker Powder,"It's got a few secret ingredients. No, I won't tell you what they are, but the results will speak for themselves.",character_ranged_damage.png,7,2,0,0,true,0,2,2,Blacker Powder,"It's got a few secret ingredients. No, I won't tell you what they are, but the results will speak for themselves.",,,,,,wh_main_effect_character_stat_missile_damage,Missile strength: %+n%,,character_to_character_own,12,both,240,true,ranged_damage_character.png,ranged_damage_character.png,,,,,,,,,,,,,,,,,,,,,,,character_skill_level_to_effects_junctions_tables,wh2_dlc11_skill_cst_ranged_1_fem_admiral|wh_main_effect_character_stat_missile_damage|2|character_to_character_own
node,warhammer_3,8.1.1,24237342,Vampire Coast,vampire_coast,wh2_dlc11_sc_cst_vampire_coast,Vampire Fleet Admiral (Deep),Vampire_Fleet_Admiral_Deep__admiral_fem_deep,lord,wh2_dlc11_cst_admiral_fem_deep,general,general,wh2_dlc11_cst_noctilus|wh2_dlc11_cst_noctilus_separatists|wh2_dlc11_cst_pirates_of_sartosa|wh2_dlc11_cst_pirates_of_sartosa_separatists|wh2_dlc11_cst_the_drowned|wh2_dlc11_cst_the_drowned_separatists|wh2_dlc11_cst_vampire_coast|wh2_dlc11_cst_vampire_coast_encounters|wh2_dlc11_cst_vampire_coast_qb1|wh2_dlc11_cst_vampire_coast_qb2|wh2_dlc11_cst_vampire_coast_qb3|wh2_dlc11_cst_vampire_coast_qb4|wh2_dlc11_cst_vampire_coast_rebellion_rebels|wh2_dlc11_cst_vampire_coast_rebels|wh2_dlc11_cst_vampire_coast_separatists|wh3_dlc21_cst_dead_flag_fleet|wh3_dlc24_cst_vampire_coast_bloated_rebels|wh3_dlc26_cst_vampire_coast_qb1|wh3_dlc26_cst_vampire_coast_qb2|wh3_main_cst_dread_rock_privateers,false,false,true,true,true,true,wh2_dlc11_lore_deep,cst_vampire_fleet_admiral_female,wh2_dlc11_skill_node_set_cst_admiral_fem_deep,,1,general,false,false,,,,wh2_dlc11_skill_node_cst_admiral_fem_magic_deep_08,wh2_dlc11_skill_all_magic_deep_10_ghost_ship_lord,Vangheist’s Revenge,No one sails this ship of fools.,wh2_dlc11_spell_deep_ghost_ship.png,7,3,0,0,true,0,2,,,,,,,,,,,,,,,,,,,,,,,,,,,,,,,,,,,,,,,,,character_skill_nodes_tables,wh2_dlc11_skill_node_cst_admiral_fem_magic_deep_08
effect,warhammer_3,8.1.1,24237342,Vampire Coast,vampire_coast,wh2_dlc11_sc_cst_vampire_coast,Vampire Fleet Admiral (Deep),Vampire_Fleet_Admiral_Deep__admiral_fem_deep,lord,wh2_dlc11_cst_admiral_fem_deep,general,general,wh2_dlc11_cst_noctilus|wh2_dlc11_cst_noctilus_separatists|wh2_dlc11_cst_pirates_of_sartosa|wh2_dlc11_cst_pirates_of_sartosa_separatists|wh2_dlc11_cst_the_drowned|wh2_dlc11_cst_the_drowned_separatists|wh2_dlc11_cst_vampire_coast|wh2_dlc11_cst_vampire_coast_encounters|wh2_dlc11_cst_vampire_coast_qb1|wh2_dlc11_cst_vampire_coast_qb2|wh2_dlc11_cst_vampire_coast_qb3|wh2_dlc11_cst_vampire_coast_qb4|wh2_dlc11_cst_vampire_coast_rebellion_rebels|wh2_dlc11_cst_vampire_coast_rebels|wh2_dlc11_cst_vampire_coast_separatists|wh3_dlc21_cst_dead_flag_fleet|wh3_dlc24_cst_vampire_coast_bloated_rebels|wh3_dlc26_cst_vampire_coast_qb1|wh3_dlc26_cst_vampire_coast_qb2|wh3_main_cst_dread_rock_privateers,false,false,true,true,true,true,wh2_dlc11_lore_deep,cst_vampire_fleet_admiral_female,wh2_dlc11_skill_node_set_cst_admiral_fem_deep,,1,general,false,false,,,,wh2_dlc11_skill_node_cst_admiral_fem_magic_deep_08,wh2_dlc11_skill_all_magic_deep_10_ghost_ship_lord,Vangheist’s Revenge,No one sails this ship of fools.,wh2_dlc11_spell_deep_ghost_ship.png,7,3,0,0,true,0,2,1,Vangheist’s Revenge,No one sails this ship of fools.,,,,,,wh2_dlc11_effect_ability_cooldown_ghost_ship,"Cooldown: %+n% to ""Vangheist's Revenge""",,character_to_character_own,-30,both,293,false,magic_cooldown.png,magic_cooldown.png,,,,,,,,,,,,,,,,,,,,,,,character_skill_level_to_effects_junctions_tables,wh2_dlc11_skill_all_magic_deep_10_ghost_ship_lord|wh2_dlc11_effect_ability_cooldown_ghost_ship|1|character_to_character_own
effect,warhammer_3,8.1.1,24237342,Vampire Coast,vampire_coast,wh2_dlc11_sc_cst_vampire_coast,Vampire Fleet Admiral (Deep),Vampire_Fleet_Admiral_Deep__admiral_fem_deep,lord,wh2_dlc11_cst_admiral_fem_deep,general,general,wh2_dlc11_cst_noctilus|wh2_dlc11_cst_noctilus_separatists|wh2_dlc11_cst_pirates_of_sartosa|wh2_dlc11_cst_pirates_of_sartosa_separatists|wh2_dlc11_cst_the_drowned|wh2_dlc11_cst_the_drowned_separatists|wh2_dlc11_cst_vampire_coast|wh2_dlc11_cst_vampire_coast_encounters|wh2_dlc11_cst_vampire_coast_qb1|wh2_dlc11_cst_vampire_coast_qb2|wh2_dlc11_cst_vampire_coast_qb3|wh2_dlc11_cst_vampire_coast_qb4|wh2_dlc11_cst_vampire_coast_rebellion_rebels|wh2_dlc11_cst_vampire_coast_rebels|wh2_dlc11_cst_vampire_coast_separatists|wh3_dlc21_cst_dead_flag_fleet|wh3_dlc24_cst_vampire_coast_bloated_rebels|wh3_dlc26_cst_vampire_coast_qb1|wh3_dlc26_cst_vampire_coast_qb2|wh3_main_cst_dread_rock_privateers,false,false,true,true,true,true,wh2_dlc11_lore_deep,cst_vampire_fleet_admiral_female,wh2_dlc11_skill_node_set_cst_admiral_fem_deep,,1,general,false,false,,,,wh2_dlc11_skill_node_cst_admiral_fem_magic_deep_08,wh2_dlc11_skill_all_magic_deep_10_ghost_ship_lord,Vangheist’s Revenge,No one sails this ship of fools.,wh2_dlc11_spell_deep_ghost_ship.png,7,3,0,0,true,0,2,1,Vangheist’s Revenge,No one sails this ship of fools.,,,,,,wh2_dlc11_effect_ability_enable_ghost_ship,"Spell: ""Vangheist's Revenge""",,character_to_character_own,1,battle,290,true,magic_character.png,magic_character.png,,,,,,,,,,,,,,,,,,,,,,,character_skill_level_to_effects_junctions_tables,wh2_dlc11_skill_all_magic_deep_10_ghost_ship_lord|wh2_dlc11_effect_ability_enable_ghost_ship|1|character_to_character_own
effect,warhammer_3,8.1.1,24237342,Vampire Coast,vampire_coast,wh2_dlc11_sc_cst_vampire_coast,Vampire Fleet Admiral (Deep),Vampire_Fleet_Admiral_Deep__admiral_fem_deep,lord,wh2_dlc11_cst_admiral_fem_deep,general,general,wh2_dlc11_cst_noctilus|wh2_dlc11_cst_noctilus_separatists|wh2_dlc11_cst_pirates_of_sartosa|wh2_dlc11_cst_pirates_of_sartosa_separatists|wh2_dlc11_cst_the_drowned|wh2_dlc11_cst_the_drowned_separatists|wh2_dlc11_cst_vampire_coast|wh2_dlc11_cst_vampire_coast_encounters|wh2_dlc11_cst_vampire_coast_qb1|wh2_dlc11_cst_vampire_coast_qb2|wh2_dlc11_cst_vampire_coast_qb3|wh2_dlc11_cst_vampire_coast_qb4|wh2_dlc11_cst_vampire_coast_rebellion_rebels|wh2_dlc11_cst_vampire_coast_rebels|wh2_dlc11_cst_vampire_coast_separatists|wh3_dlc21_cst_dead_flag_fleet|wh3_dlc24_cst_vampire_coast_bloated_rebels|wh3_dlc26_cst_vampire_coast_qb1|wh3_dlc26_cst_vampire_coast_qb2|wh3_main_cst_dread_rock_privateers,false,false,true,true,true,true,wh2_dlc11_lore_deep,cst_vampire_fleet_admiral_female,wh2_dlc11_skill_node_set_cst_admiral_fem_deep,,1,general,false,false,,,,wh2_dlc11_skill_node_cst_admiral_fem_magic_deep_08,wh2_dlc11_skill_all_magic_deep_10_ghost_ship_lord,Vangheist’s Revenge,No one sails this ship of fools.,wh2_dlc11_spell_deep_ghost_ship.png,7,3,0,0,true,0,2,1,Vangheist’s Revenge,No one sails this ship of fools.,,,,,,wh2_dlc11_effect_ability_overcast_ghost_ship,"Overcast spell: ""Vangheist's Revenge Upgraded""",,character_to_character_own,1,both,292,true,magic_character.png,magic_character.png,,,,,,,,,,,,,,,,,,,,,,,character_skill_level_to_effects_junctions_tables,wh2_dlc11_skill_all_magic_deep_10_ghost_ship_lord|wh2_dlc11_effect_ability_overcast_ghost_ship|1|character_to_character_own
effect,warhammer_3,8.1.1,24237342,Vampire Coast,vampire_coast,wh2_dlc11_sc_cst_vampire_coast,Vampire Fleet Admiral (Deep),Vampire_Fleet_Admiral_Deep__admiral_fem_deep,lord,wh2_dlc11_cst_admiral_fem_deep,general,general,wh2_dlc11_cst_noctilus|wh2_dlc11_cst_noctilus_separatists|wh2_dlc11_cst_pirates_of_sartosa|wh2_dlc11_cst_pirates_of_sartosa_separatists|wh2_dlc11_cst_the_drowned|wh2_dlc11_cst_the_drowned_separatists|wh2_dlc11_cst_vampire_coast|wh2_dlc11_cst_vampire_coast_encounters|wh2_dlc11_cst_vampire_coast_qb1|wh2_dlc11_cst_vampire_coast_qb2|wh2_dlc11_cst_vampire_coast_qb3|wh2_dlc11_cst_vampire_coast_qb4|wh2_dlc11_cst_vampire_coast_rebellion_rebels|wh2_dlc11_cst_vampire_coast_rebels|wh2_dlc11_cst_vampire_coast_separatists|wh3_dlc21_cst_dead_flag_fleet|wh3_dlc24_cst_vampire_coast_bloated_rebels|wh3_dlc26_cst_vampire_coast_qb1|wh3_dlc26_cst_vampire_coast_qb2|wh3_main_cst_dread_rock_privateers,false,false,true,true,true,true,wh2_dlc11_lore_deep,cst_vampire_fleet_admiral_female,wh2_dlc11_skill_node_set_cst_admiral_fem_deep,,1,general,false,false,,,,wh2_dlc11_skill_node_cst_admiral_fem_magic_deep_08,wh2_dlc11_skill_all_magic_deep_10_ghost_ship_lord,Vangheist’s Revenge,No one sails this ship of fools.,wh2_dlc11_spell_deep_ghost_ship.png,7,3,0,0,true,0,2,2,Vangheist’s Revenge,No one sails this ship of fools.,,,,,,wh2_dlc11_effect_ability_cooldown_ghost_ship,"Cooldown: %+n% to ""Vangheist's Revenge""",,character_to_character_own,-50,both,293,false,magic_cooldown.png,magic_cooldown.png,,,,,,,,,,,,,,,,,,,,,,,character_skill_level_to_effects_junctions_tables,wh2_dlc11_skill_all_magic_deep_10_ghost_ship_lord|wh2_dlc11_effect_ability_cooldown_ghost_ship|2|character_to_character_own
effect,warhammer_3,8.1.1,24237342,Vampire Coast,vampire_coast,wh2_dlc11_sc_cst_vampire_coast,Vampire Fleet Admiral (Deep),Vampire_Fleet_Admiral_Deep__admiral_fem_deep,lord,wh2_dlc11_cst_admiral_fem_deep,general,general,wh2_dlc11_cst_noctilus|wh2_dlc11_cst_noctilus_separatists|wh2_dlc11_cst_pirates_of_sartosa|wh2_dlc11_cst_pirates_of_sartosa_separatists|wh2_dlc11_cst_the_drowned|wh2_dlc11_cst_the_drowned_separatists|wh2_dlc11_cst_vampire_coast|wh2_dlc11_cst_vampire_coast_encounters|wh2_dlc11_cst_vampire_coast_qb1|wh2_dlc11_cst_vampire_coast_qb2|wh2_dlc11_cst_vampire_coast_qb3|wh2_dlc11_cst_vampire_coast_qb4|wh2_dlc11_cst_vampire_coast_rebellion_rebels|wh2_dlc11_cst_vampire_coast_rebels|wh2_dlc11_cst_vampire_coast_separatists|wh3_dlc21_cst_dead_flag_fleet|wh3_dlc24_cst_vampire_coast_bloated_rebels|wh3_dlc26_cst_vampire_coast_qb1|wh3_dlc26_cst_vampire_coast_qb2|wh3_main_cst_dread_rock_privateers,false,false,true,true,true,true,wh2_dlc11_lore_deep,cst_vampire_fleet_admiral_female,wh2_dlc11_skill_node_set_cst_admiral_fem_deep,,1,general,false,false,,,,wh2_dlc11_skill_node_cst_admiral_fem_magic_deep_08,wh2_dlc11_skill_all_magic_deep_10_ghost_ship_lord,Vangheist’s Revenge,No one sails this ship of fools.,wh2_dlc11_spell_deep_ghost_ship.png,7,3,0,0,true,0,2,2,Vangheist’s Revenge,No one sails this ship of fools.,,,,,,wh2_dlc11_effect_ability_miscast_ghost_ship,"Miscast base chance: %+n% for ""Vangheist's Revenge Upgraded""",,character_to_character_own,-15,both,298,false,magic.png,magic.png,,,,,,,,,,,,,,,,,,,,,,,character_skill_level_to_effects_junctions_tables,wh2_dlc11_skill_all_magic_deep_10_ghost_ship_lord|wh2_dlc11_effect_ability_miscast_ghost_ship|2|character_to_character_own
effect,warhammer_3,8.1.1,24237342,Vampire Coast,vampire_coast,wh2_dlc11_sc_cst_vampire_coast,Vampire Fleet Admiral (Deep),Vampire_Fleet_Admiral_Deep__admiral_fem_deep,lord,wh2_dlc11_cst_admiral_fem_deep,general,general,wh2_dlc11_cst_noctilus|wh2_dlc11_cst_noctilus_separatists|wh2_dlc11_cst_pirates_of_sartosa|wh2_dlc11_cst_pirates_of_sartosa_separatists|wh2_dlc11_cst_the_drowned|wh2_dlc11_cst_the_drowned_separatists|wh2_dlc11_cst_vampire_coast|wh2_dlc11_cst_vampire_coast_encounters|wh2_dlc11_cst_vampire_coast_qb1|wh2_dlc11_cst_vampire_coast_qb2|wh2_dlc11_cst_vampire_coast_qb3|wh2_dlc11_cst_vampire_coast_qb4|wh2_dlc11_cst_vampire_coast_rebellion_rebels|wh2_dlc11_cst_vampire_coast_rebels|wh2_dlc11_cst_vampire_coast_separatists|wh3_dlc21_cst_dead_flag_fleet|wh3_dlc24_cst_vampire_coast_bloated_rebels|wh3_dlc26_cst_vampire_coast_qb1|wh3_dlc26_cst_vampire_coast_qb2|wh3_main_cst_dread_rock_privateers,false,false,true,true,true,true,wh2_dlc11_lore_deep,cst_vampire_fleet_admiral_female,wh2_dlc11_skill_node_set_cst_admiral_fem_deep,,1,general,false,false,,,,wh2_dlc11_skill_node_cst_admiral_fem_magic_deep_08,wh2_dlc11_skill_all_magic_deep_10_ghost_ship_lord,Vangheist’s Revenge,No one sails this ship of fools.,wh2_dlc11_spell_deep_ghost_ship.png,7,3,0,0,true,0,2,2,Vangheist’s Revenge,No one sails this ship of fools.,,,,,,wh2_dlc11_effect_ability_overcast_ghost_ship,"Overcast spell: ""Vangheist's Revenge Upgraded""",,character_to_character_own,1,both,292,true,magic_character.png,magic_character.png,,,,,,,,,,,,,,,,,,,,,,,character_skill_level_to_effects_junctions_tables,wh2_dlc11_skill_all_magic_deep_10_ghost_ship_lord|wh2_dlc11_effect_ability_overcast_ghost_ship|2|character_to_character_own
effect,warhammer_3,8.1.1,24237342,Vampire Coast,vampire_coast,wh2_dlc11_sc_cst_vampire_coast,Vampire Fleet Admiral (Deep),Vampire_Fleet_Admiral_Deep__admiral_fem_deep,lord,wh2_dlc11_cst_admiral_fem_deep,general,general,wh2_dlc11_cst_noctilus|wh2_dlc11_cst_noctilus_separatists|wh2_dlc11_cst_pirates_of_sartosa|wh2_dlc11_cst_pirates_of_sartosa_separatists|wh2_dlc11_cst_the_drowned|wh2_dlc11_cst_the_drowned_separatists|wh2_dlc11_cst_vampire_coast|wh2_dlc11_cst_vampire_coast_encounters|wh2_dlc11_cst_vampire_coast_qb1|wh2_dlc11_cst_vampire_coast_qb2|wh2_dlc11_cst_vampire_coast_qb3|wh2_dlc11_cst_vampire_coast_qb4|wh2_dlc11_cst_vampire_coast_rebellion_rebels|wh2_dlc11_cst_vampire_coast_rebels|wh2_dlc11_cst_vampire_coast_separatists|wh3_dlc21_cst_dead_flag_fleet|wh3_dlc24_cst_vampire_coast_bloated_rebels|wh3_dlc26_cst_vampire_coast_qb1|wh3_dlc26_cst_vampire_coast_qb2|wh3_main_cst_dread_rock_privateers,false,false,true,true,true,true,wh2_dlc11_lore_deep,cst_vampire_fleet_admiral_female,wh2_dlc11_skill_node_set_cst_admiral_fem_deep,,1,general,false,false,,,,wh2_dlc11_skill_node_cst_admiral_fem_magic_deep_08,wh2_dlc11_skill_all_magic_deep_10_ghost_ship_lord,Vangheist’s Revenge,No one sails this ship of fools.,wh2_dlc11_spell_deep_ghost_ship.png,7,3,0,0,true,0,2,2,Vangheist’s Revenge,No one sails this ship of fools.,,,,,,wh2_dlc11_effect_ability_wom_cost_ghost_ship,"Winds of Magic cost: %n for ""Vangheist's Revenge""",,character_to_character_own,-3,both,294,false,magic_character.png,magic_character.png,,,,,,,,,,,,,,,,,,,,,,,character_skill_level_to_effects_junctions_tables,wh2_dlc11_skill_all_magic_deep_10_ghost_ship_lord|wh2_dlc11_effect_ability_wom_cost_ghost_ship|2|character_to_character_own
effect,warhammer_3,8.1.1,24237342,Vampire Coast,vampire_coast,wh2_dlc11_sc_cst_vampire_coast,Vampire Fleet Admiral (Deep),Vampire_Fleet_Admiral_Deep__admiral_fem_deep,lord,wh2_dlc11_cst_admiral_fem_deep,general,general,wh2_dlc11_cst_noctilus|wh2_dlc11_cst_noctilus_separatists|wh2_dlc11_cst_pirates_of_sartosa|wh2_dlc11_cst_pirates_of_sartosa_separatists|wh2_dlc11_cst_the_drowned|wh2_dlc11_cst_the_drowned_separatists|wh2_dlc11_cst_vampire_coast|wh2_dlc11_cst_vampire_coast_encounters|wh2_dlc11_cst_vampire_coast_qb1|wh2_dlc11_cst_vampire_coast_qb2|wh2_dlc11_cst_vampire_coast_qb3|wh2_dlc11_cst_vampire_coast_qb4|wh2_dlc11_cst_vampire_coast_rebellion_rebels|wh2_dlc11_cst_vampire_coast_rebels|wh2_dlc11_cst_vampire_coast_separatists|wh3_dlc21_cst_dead_flag_fleet|wh3_dlc24_cst_vampire_coast_bloated_rebels|wh3_dlc26_cst_vampire_coast_qb1|wh3_dlc26_cst_vampire_coast_qb2|wh3_main_cst_dread_rock_privateers,false,false,true,true,true,true,wh2_dlc11_lore_deep,cst_vampire_fleet_admiral_female,wh2_dlc11_skill_node_set_cst_admiral_fem_deep,,1,general,false,false,,,,wh2_dlc11_skill_node_cst_admiral_fem_magic_deep_08,wh2_dlc11_skill_all_magic_deep_10_ghost_ship_lord,Vangheist’s Revenge,No one sails this ship of fools.,wh2_dlc11_spell_deep_ghost_ship.png,7,3,0,0,true,0,2,2,Vangheist’s Revenge,No one sails this ship of fools.,,,,,,wh2_dlc11_effect_ability_wom_cost_ghost_ship_upgrade,"Winds of Magic cost: %n for ""Vangheist's Revenge Upgraded""",,character_to_character_own,-3,both,295,false,magic_character.png,magic_character.png,,,,,,,,,,,,,,,,,,,,,,,character_skill_level_to_effects_junctions_tables,wh2_dlc11_skill_all_magic_deep_10_ghost_ship_lord|wh2_dlc11_effect_ability_wom_cost_ghost_ship_upgrade|2|character_to_character_own
node,warhammer_3,8.1.1,24237342,Vampire Coast,vampire_coast,wh2_dlc11_sc_cst_vampire_coast,Vampire Fleet Admiral (Deep),Vampire_Fleet_Admiral_Deep__admiral_fem_deep,lord,wh2_dlc11_cst_admiral_fem_deep,general,general,wh2_dlc11_cst_noctilus|wh2_dlc11_cst_noctilus_separatists|wh2_dlc11_cst_pirates_of_sartosa|wh2_dlc11_cst_pirates_of_sartosa_separatists|wh2_dlc11_cst_the_drowned|wh2_dlc11_cst_the_drowned_separatists|wh2_dlc11_cst_vampire_coast|wh2_dlc11_cst_vampire_coast_encounters|wh2_dlc11_cst_vampire_coast_qb1|wh2_dlc11_cst_vampire_coast_qb2|wh2_dlc11_cst_vampire_coast_qb3|wh2_dlc11_cst_vampire_coast_qb4|wh2_dlc11_cst_vampire_coast_rebellion_rebels|wh2_dlc11_cst_vampire_coast_rebels|wh2_dlc11_cst_vampire_coast_separatists|wh3_dlc21_cst_dead_flag_fleet|wh3_dlc24_cst_vampire_coast_bloated_rebels|wh3_dlc26_cst_vampire_coast_qb1|wh3_dlc26_cst_vampire_coast_qb2|wh3_main_cst_dread_rock_privateers,false,false,true,true,true,true,wh2_dlc11_lore_deep,cst_vampire_fleet_admiral_female,wh2_dlc11_skill_node_set_cst_admiral_fem_deep,,1,general,false,false,,,,wh2_dlc11_skill_cst_admiral_fem_deep_army_07_avast_ye,wh2_dlc11_skill_cst_army_7_avast_ye,Avast Ye!,"Listen very carefully, me hearties, I shall say this only once… Quiet! Stromfels' stinkin' breath!",wh2_dlc11_character_abilities_avast_ye.png,7,4,0,6,true,0,1,,,,,,,,,,,,,,,,,,,,,,,,,,,,,,,,,,,,,,,,,character_skill_nodes_tables,wh2_dlc11_skill_cst_admiral_fem_deep_army_07_avast_ye
effect,warhammer_3,8.1.1,24237342,Vampire Coast,vampire_coast,wh2_dlc11_sc_cst_vampire_coast,Vampire Fleet Admiral (Deep),Vampire_Fleet_Admiral_Deep__admiral_fem_deep,lord,wh2_dlc11_cst_admiral_fem_deep,general,general,wh2_dlc11_cst_noctilus|wh2_dlc11_cst_noctilus_separatists|wh2_dlc11_cst_pirates_of_sartosa|wh2_dlc11_cst_pirates_of_sartosa_separatists|wh2_dlc11_cst_the_drowned|wh2_dlc11_cst_the_drowned_separatists|wh2_dlc11_cst_vampire_coast|wh2_dlc11_cst_vampire_coast_encounters|wh2_dlc11_cst_vampire_coast_qb1|wh2_dlc11_cst_vampire_coast_qb2|wh2_dlc11_cst_vampire_coast_qb3|wh2_dlc11_cst_vampire_coast_qb4|wh2_dlc11_cst_vampire_coast_rebellion_rebels|wh2_dlc11_cst_vampire_coast_rebels|wh2_dlc11_cst_vampire_coast_separatists|wh3_dlc21_cst_dead_flag_fleet|wh3_dlc24_cst_vampire_coast_bloated_rebels|wh3_dlc26_cst_vampire_coast_qb1|wh3_dlc26_cst_vampire_coast_qb2|wh3_main_cst_dread_rock_privateers,false,false,true,true,true,true,wh2_dlc11_lore_deep,cst_vampire_fleet_admiral_female,wh2_dlc11_skill_node_set_cst_admiral_fem_deep,,1,general,false,false,,,,wh2_dlc11_skill_cst_admiral_fem_deep_army_07_avast_ye,wh2_dlc11_skill_cst_army_7_avast_ye,Avast Ye!,"Listen very carefully, me hearties, I shall say this only once… Quiet! Stromfels' stinkin' breath!",wh2_dlc11_character_abilities_avast_ye.png,7,4,0,6,true,0,1,1,Avast Ye!,"Listen very carefully, me hearties, I shall say this only once… Quiet! Stromfels' stinkin' breath!",,,,,,wh2_dlc11_effect_ability_enable_avast_ye,"Ability: ""Avast Ye!""",,character_to_character_own,1,battle,300,true,general_ability.png,general_ability.png,,,,,,,,,,,,,,,,,,,,,,,character_skill_level_to_effects_junctions_tables,wh2_dlc11_skill_cst_army_7_avast_ye|wh2_dlc11_effect_ability_enable_avast_ye|1|character_to_character_own
node,warhammer_3,8.1.1,24237342,Vampire Coast,vampire_coast,wh2_dlc11_sc_cst_vampire_coast,Vampire Fleet Admiral (Deep),Vampire_Fleet_Admiral_Deep__admiral_fem_deep,lord,wh2_dlc11_cst_admiral_fem_deep,general,general,wh2_dlc11_cst_noctilus|wh2_dlc11_cst_noctilus_separatists|wh2_dlc11_cst_pirates_of_sartosa|wh2_dlc11_cst_pirates_of_sartosa_separatists|wh2_dlc11_cst_the_drowned|wh2_dlc11_cst_the_drowned_separatists|wh2_dlc11_cst_vampire_coast|wh2_dlc11_cst_vampire_coast_encounters|wh2_dlc11_cst_vampire_coast_qb1|wh2_dlc11_cst_vampire_coast_qb2|wh2_dlc11_cst_vampire_coast_qb3|wh2_dlc11_cst_vampire_coast_qb4|wh2_dlc11_cst_vampire_coast_rebellion_rebels|wh2_dlc11_cst_vampire_coast_rebels|wh2_dlc11_cst_vampire_coast_separatists|wh3_dlc21_cst_dead_flag_fleet|wh3_dlc24_cst_vampire_coast_bloated_rebels|wh3_dlc26_cst_vampire_coast_qb1|wh3_dlc26_cst_vampire_coast_qb2|wh3_main_cst_dread_rock_privateers,false,false,true,true,true,true,wh2_dlc11_lore_deep,cst_vampire_fleet_admiral_female,wh2_dlc11_skill_node_set_cst_admiral_fem_deep,,1,general,false,false,,,,wh2_dlc11_skill_cst_admiral_fem_deep_campaign_07,wh_main_skill_vmp_lord_campaign_guile_and_glamour,Guile & Glamour,"A simple glamour can disguise a monstrous Vampire or Liche, so they may then charm and beguile the local populace.",campaign_vampiric_corruption.png,7,5,0,0,true,0,3,,,,,,,,,,,,,,,,,,,,,,,,,,,,,,,,,,,,,,,,,character_skill_nodes_tables,wh2_dlc11_skill_cst_admiral_fem_deep_campaign_07
effect,warhammer_3,8.1.1,24237342,Vampire Coast,vampire_coast,wh2_dlc11_sc_cst_vampire_coast,Vampire Fleet Admiral (Deep),Vampire_Fleet_Admiral_Deep__admiral_fem_deep,lord,wh2_dlc11_cst_admiral_fem_deep,general,general,wh2_dlc11_cst_noctilus|wh2_dlc11_cst_noctilus_separatists|wh2_dlc11_cst_pirates_of_sartosa|wh2_dlc11_cst_pirates_of_sartosa_separatists|wh2_dlc11_cst_the_drowned|wh2_dlc11_cst_the_drowned_separatists|wh2_dlc11_cst_vampire_coast|wh2_dlc11_cst_vampire_coast_encounters|wh2_dlc11_cst_vampire_coast_qb1|wh2_dlc11_cst_vampire_coast_qb2|wh2_dlc11_cst_vampire_coast_qb3|wh2_dlc11_cst_vampire_coast_qb4|wh2_dlc11_cst_vampire_coast_rebellion_rebels|wh2_dlc11_cst_vampire_coast_rebels|wh2_dlc11_cst_vampire_coast_separatists|wh3_dlc21_cst_dead_flag_fleet|wh3_dlc24_cst_vampire_coast_bloated_rebels|wh3_dlc26_cst_vampire_coast_qb1|wh3_dlc26_cst_vampire_coast_qb2|wh3_main_cst_dread_rock_privateers,false,false,true,true,true,true,wh2_dlc11_lore_deep,cst_vampire_fleet_admiral_female,wh2_dlc11_skill_node_set_cst_admiral_fem_deep,,1,general,false,false,,,,wh2_dlc11_skill_cst_admiral_fem_deep_campaign_07,wh_main_skill_vmp_lord_campaign_guile_and_glamour,Guile & Glamour,"A simple glamour can disguise a monstrous Vampire or Liche, so they may then charm and beguile the local populace.",campaign_vampiric_corruption.png,7,5,0,0,true,0,3,1,Guile & Glamour,"A simple glamour can disguise a monstrous Vampire or Liche, so they may then charm and beguile the local populace.",,,,,,wh3_main_effect_corruption_vampiric_characters,Vampiric corruption: %+n,,character_to_province_any,1,campaign,104,true,corruption_vampiric.png,corruption_vampiric.png,,,,,,,,,,,,,,,,,,,,,,,character_skill_level_to_effects_junctions_tables,wh_main_skill_vmp_lord_campaign_guile_and_glamour|wh3_main_effect_corruption_vampiric_characters|1|character_to_province_any
effect,warhammer_3,8.1.1,24237342,Vampire Coast,vampire_coast,wh2_dlc11_sc_cst_vampire_coast,Vampire Fleet Admiral (Deep),Vampire_Fleet_Admiral_Deep__admiral_fem_deep,lord,wh2_dlc11_cst_admiral_fem_deep,general,general,wh2_dlc11_cst_noctilus|wh2_dlc11_cst_noctilus_separatists|wh2_dlc11_cst_pirates_of_sartosa|wh2_dlc11_cst_pirates_of_sartosa_separatists|wh2_dlc11_cst_the_drowned|wh2_dlc11_cst_the_drowned_separatists|wh2_dlc11_cst_vampire_coast|wh2_dlc11_cst_vampire_coast_encounters|wh2_dlc11_cst_vampire_coast_qb1|wh2_dlc11_cst_vampire_coast_qb2|wh2_dlc11_cst_vampire_coast_qb3|wh2_dlc11_cst_vampire_coast_qb4|wh2_dlc11_cst_vampire_coast_rebellion_rebels|wh2_dlc11_cst_vampire_coast_rebels|wh2_dlc11_cst_vampire_coast_separatists|wh3_dlc21_cst_dead_flag_fleet|wh3_dlc24_cst_vampire_coast_bloated_rebels|wh3_dlc26_cst_vampire_coast_qb1|wh3_dlc26_cst_vampire_coast_qb2|wh3_main_cst_dread_rock_privateers,false,false,true,true,true,true,wh2_dlc11_lore_deep,cst_vampire_fleet_admiral_female,wh2_dlc11_skill_node_set_cst_admiral_fem_deep,,1,general,false,false,,,,wh2_dlc11_skill_cst_admiral_fem_deep_campaign_07,wh_main_skill_vmp_lord_campaign_guile_and_glamour,Guile & Glamour,"A simple glamour can disguise a monstrous Vampire or Liche, so they may then charm and beguile the local populace.",campaign_vampiric_corruption.png,7,5,0,0,true,0,3,2,Guile & Glamour,"A simple glamour can disguise a monstrous Vampire or Liche, so they may then charm and beguile the local populace.",,,,,,wh3_main_effect_corruption_vampiric_characters,Vampiric corruption: %+n,,character_to_province_any,3,campaign,104,true,corruption_vampiric.png,corruption_vampiric.png,,,,,,,,,,,,,,,,,,,,,,,character_skill_level_to_effects_junctions_tables,wh_main_skill_vmp_lord_campaign_guile_and_glamour|wh3_main_effect_corruption_vampiric_characters|2|character_to_province_any
effect,warhammer_3,8.1.1,24237342,Vampire Coast,vampire_coast,wh2_dlc11_sc_cst_vampire_coast,Vampire Fleet Admiral (Deep),Vampire_Fleet_Admiral_Deep__admiral_fem_deep,lord,wh2_dlc11_cst_admiral_fem_deep,general,general,wh2_dlc11_cst_noctilus|wh2_dlc11_cst_noctilus_separatists|wh2_dlc11_cst_pirates_of_sartosa|wh2_dlc11_cst_pirates_of_sartosa_separatists|wh2_dlc11_cst_the_drowned|wh2_dlc11_cst_the_drowned_separatists|wh2_dlc11_cst_vampire_coast|wh2_dlc11_cst_vampire_coast_encounters|wh2_dlc11_cst_vampire_coast_qb1|wh2_dlc11_cst_vampire_coast_qb2|wh2_dlc11_cst_vampire_coast_qb3|wh2_dlc11_cst_vampire_coast_qb4|wh2_dlc11_cst_vampire_coast_rebellion_rebels|wh2_dlc11_cst_vampire_coast_rebels|wh2_dlc11_cst_vampire_coast_separatists|wh3_dlc21_cst_dead_flag_fleet|wh3_dlc24_cst_vampire_coast_bloated_rebels|wh3_dlc26_cst_vampire_coast_qb1|wh3_dlc26_cst_vampire_coast_qb2|wh3_main_cst_dread_rock_privateers,false,false,true,true,true,true,wh2_dlc11_lore_deep,cst_vampire_fleet_admiral_female,wh2_dlc11_skill_node_set_cst_admiral_fem_deep,,1,general,false,false,,,,wh2_dlc11_skill_cst_admiral_fem_deep_campaign_07,wh_main_skill_vmp_lord_campaign_guile_and_glamour,Guile & Glamour,"A simple glamour can disguise a monstrous Vampire or Liche, so they may then charm and beguile the local populace.",campaign_vampiric_corruption.png,7,5,0,0,true,0,3,3,Guile & Glamour,"A simple glamour can disguise a monstrous Vampire or Liche, so they may then charm and beguile the local populace.",,,,,,wh3_main_effect_corruption_vampiric_characters,Vampiric corruption: %+n,,character_to_province_any,6,campaign,104,true,corruption_vampiric.png,corruption_vampiric.png,,,,,,,,,,,,,,,,,,,,,,,character_skill_level_to_effects_junctions_tables,wh_main_skill_vmp_lord_campaign_guile_and_glamour|wh3_main_effect_corruption_vampiric_characters|3|character_to_province_any
node,warhammer_3,8.1.1,24237342,Vampire Coast,vampire_coast,wh2_dlc11_sc_cst_vampire_coast,Vampire Fleet Admiral (Deep),Vampire_Fleet_Admiral_Deep__admiral_fem_deep,lord,wh2_dlc11_cst_admiral_fem_deep,general,general,wh2_dlc11_cst_noctilus|wh2_dlc11_cst_noctilus_separatists|wh2_dlc11_cst_pirates_of_sartosa|wh2_dlc11_cst_pirates_of_sartosa_separatists|wh2_dlc11_cst_the_drowned|wh2_dlc11_cst_the_drowned_separatists|wh2_dlc11_cst_vampire_coast|wh2_dlc11_cst_vampire_coast_encounters|wh2_dlc11_cst_vampire_coast_qb1|wh2_dlc11_cst_vampire_coast_qb2|wh2_dlc11_cst_vampire_coast_qb3|wh2_dlc11_cst_vampire_coast_qb4|wh2_dlc11_cst_vampire_coast_rebellion_rebels|wh2_dlc11_cst_vampire_coast_rebels|wh2_dlc11_cst_vampire_coast_separatists|wh3_dlc21_cst_dead_flag_fleet|wh3_dlc24_cst_vampire_coast_bloated_rebels|wh3_dlc26_cst_vampire_coast_qb1|wh3_dlc26_cst_vampire_coast_qb2|wh3_main_cst_dread_rock_privateers,false,false,true,true,true,true,wh2_dlc11_lore_deep,cst_vampire_fleet_admiral_female,wh2_dlc11_skill_node_set_cst_admiral_fem_deep,,1,general,false,false,,,,wh2_dlc11_skill_cst_admiral_fem_deep_ranged_02,wh2_dlc11_skill_cst_ranged_2_fem_admiral,Powder Monkey,"Get more ammo up here, NOW!!!!!!!!",character_ranged_damage.png,8,2,0,0,true,0,2,,,,,,,,,,,,,,,,,,,,,,,,,,,,,,,,,,,,,,,,,character_skill_nodes_tables,wh2_dlc11_skill_cst_admiral_fem_deep_ranged_02
effect,warhammer_3,8.1.1,24237342,Vampire Coast,vampire_coast,wh2_dlc11_sc_cst_vampire_coast,Vampire Fleet Admiral (Deep),Vampire_Fleet_Admiral_Deep__admiral_fem_deep,lord,wh2_dlc11_cst_admiral_fem_deep,general,general,wh2_dlc11_cst_noctilus|wh2_dlc11_cst_noctilus_separatists|wh2_dlc11_cst_pirates_of_sartosa|wh2_dlc11_cst_pirates_of_sartosa_separatists|wh2_dlc11_cst_the_drowned|wh2_dlc11_cst_the_drowned_separatists|wh2_dlc11_cst_vampire_coast|wh2_dlc11_cst_vampire_coast_encounters|wh2_dlc11_cst_vampire_coast_qb1|wh2_dlc11_cst_vampire_coast_qb2|wh2_dlc11_cst_vampire_coast_qb3|wh2_dlc11_cst_vampire_coast_qb4|wh2_dlc11_cst_vampire_coast_rebellion_rebels|wh2_dlc11_cst_vampire_coast_rebels|wh2_dlc11_cst_vampire_coast_separatists|wh3_dlc21_cst_dead_flag_fleet|wh3_dlc24_cst_vampire_coast_bloated_rebels|wh3_dlc26_cst_vampire_coast_qb1|wh3_dlc26_cst_vampire_coast_qb2|wh3_main_cst_dread_rock_privateers,false,false,true,true,true,true,wh2_dlc11_lore_deep,cst_vampire_fleet_admiral_female,wh2_dlc11_skill_node_set_cst_admiral_fem_deep,,1,general,false,false,,,,wh2_dlc11_skill_cst_admiral_fem_deep_ranged_02,wh2_dlc11_skill_cst_ranged_2_fem_admiral,Powder Monkey,"Get more ammo up here, NOW!!!!!!!!",character_ranged_damage.png,8,2,0,0,true,0,2,1,Powder Monkey,"Get more ammo up here, NOW!!!!!!!!",,,,,,wh_main_effect_character_stat_reload_time_reduction,Reload time reduction: %+n%,,character_to_character_own,6,both,260,true,icon_stat_reload_time_character.png,icon_stat_reload_time_character.png,,,,,,,,,,,,,,,,,,,,,,,character_skill_level_to_effects_junctions_tables,wh2_dlc11_skill_cst_ranged_2_fem_admiral|wh_main_effect_character_stat_reload_time_reduction|1|character_to_character_own
effect,warhammer_3,8.1.1,24237342,Vampire Coast,vampire_coast,wh2_dlc11_sc_cst_vampire_coast,Vampire Fleet Admiral (Deep),Vampire_Fleet_Admiral_Deep__admiral_fem_deep,lord,wh2_dlc11_cst_admiral_fem_deep,general,general,wh2_dlc11_cst_noctilus|wh2_dlc11_cst_noctilus_separatists|wh2_dlc11_cst_pirates_of_sartosa|wh2_dlc11_cst_pirates_of_sartosa_separatists|wh2_dlc11_cst_the_drowned|wh2_dlc11_cst_the_drowned_separatists|wh2_dlc11_cst_vampire_coast|wh2_dlc11_cst_vampire_coast_encounters|wh2_dlc11_cst_vampire_coast_qb1|wh2_dlc11_cst_vampire_coast_qb2|wh2_dlc11_cst_vampire_coast_qb3|wh2_dlc11_cst_vampire_coast_qb4|wh2_dlc11_cst_vampire_coast_rebellion_rebels|wh2_dlc11_cst_vampire_coast_rebels|wh2_dlc11_cst_vampire_coast_separatists|wh3_dlc21_cst_dead_flag_fleet|wh3_dlc24_cst_vampire_coast_bloated_rebels|wh3_dlc26_cst_vampire_coast_qb1|wh3_dlc26_cst_vampire_coast_qb2|wh3_main_cst_dread_rock_privateers,false,false,true,true,true,true,wh2_dlc11_lore_deep,cst_vampire_fleet_admiral_female,wh2_dlc11_skill_node_set_cst_admiral_fem_deep,,1,general,false,false,,,,wh2_dlc11_skill_cst_admiral_fem_deep_ranged_02,wh2_dlc11_skill_cst_ranged_2_fem_admiral,Powder Monkey,"Get more ammo up here, NOW!!!!!!!!",character_ranged_damage.png,8,2,0,0,true,0,2,2,Powder Monkey,"Get more ammo up here, NOW!!!!!!!!",,,,,,wh_main_effect_character_stat_reload_time_reduction,Reload time reduction: %+n%,,character_to_character_own,12,both,260,true,icon_stat_reload_time_character.png,icon_stat_reload_time_character.png,,,,,,,,,,,,,,,,,,,,,,,character_skill_level_to_effects_junctions_tables,wh2_dlc11_skill_cst_ranged_2_fem_admiral|wh_main_effect_character_stat_reload_time_reduction|2|character_to_character_own
node,warhammer_3,8.1.1,24237342,Vampire Coast,vampire_coast,wh2_dlc11_sc_cst_vampire_coast,Vampire Fleet Admiral (Deep),Vampire_Fleet_Admiral_Deep__admiral_fem_deep,lord,wh2_dlc11_cst_admiral_fem_deep,general,general,wh2_dlc11_cst_noctilus|wh2_dlc11_cst_noctilus_separatists|wh2_dlc11_cst_pirates_of_sartosa|wh2_dlc11_cst_pirates_of_sartosa_separatists|wh2_dlc11_cst_the_drowned|wh2_dlc11_cst_the_drowned_separatists|wh2_dlc11_cst_vampire_coast|wh2_dlc11_cst_vampire_coast_encounters|wh2_dlc11_cst_vampire_coast_qb1|wh2_dlc11_cst_vampire_coast_qb2|wh2_dlc11_cst_vampire_coast_qb3|wh2_dlc11_cst_vampire_coast_qb4|wh2_dlc11_cst_vampire_coast_rebellion_rebels|wh2_dlc11_cst_vampire_coast_rebels|wh2_dlc11_cst_vampire_coast_separatists|wh3_dlc21_cst_dead_flag_fleet|wh3_dlc24_cst_vampire_coast_bloated_rebels|wh3_dlc26_cst_vampire_coast_qb1|wh3_dlc26_cst_vampire_coast_qb2|wh3_main_cst_dread_rock_privateers,false,false,true,true,true,true,wh2_dlc11_lore_deep,cst_vampire_fleet_admiral_female,wh2_dlc11_skill_node_set_cst_admiral_fem_deep,,1,general,false,false,,,,wh2_dlc11_skill_node_cst_admiral_fem_magic_deep_09,wh_main_skill_all_magic_all_07_earthing,Earthing,"By stabbing a staff or some arcane conduit into the ground, an accomplished magic-user can earth or tether the Winds and hopefully reduce a chance of miscasting.",character_magic.png,8,3,0,0,true,0,1,,,,,,,,,,,,,,,,,,,,,,,,,,,,,,,,,,,,,,,,,character_skill_nodes_tables,wh2_dlc11_skill_node_cst_admiral_fem_magic_deep_09
effect,warhammer_3,8.1.1,24237342,Vampire Coast,vampire_coast,wh2_dlc11_sc_cst_vampire_coast,Vampire Fleet Admiral (Deep),Vampire_Fleet_Admiral_Deep__admiral_fem_deep,lord,wh2_dlc11_cst_admiral_fem_deep,general,general,wh2_dlc11_cst_noctilus|wh2_dlc11_cst_noctilus_separatists|wh2_dlc11_cst_pirates_of_sartosa|wh2_dlc11_cst_pirates_of_sartosa_separatists|wh2_dlc11_cst_the_drowned|wh2_dlc11_cst_the_drowned_separatists|wh2_dlc11_cst_vampire_coast|wh2_dlc11_cst_vampire_coast_encounters|wh2_dlc11_cst_vampire_coast_qb1|wh2_dlc11_cst_vampire_coast_qb2|wh2_dlc11_cst_vampire_coast_qb3|wh2_dlc11_cst_vampire_coast_qb4|wh2_dlc11_cst_vampire_coast_rebellion_rebels|wh2_dlc11_cst_vampire_coast_rebels|wh2_dlc11_cst_vampire_coast_separatists|wh3_dlc21_cst_dead_flag_fleet|wh3_dlc24_cst_vampire_coast_bloated_rebels|wh3_dlc26_cst_vampire_coast_qb1|wh3_dlc26_cst_vampire_coast_qb2|wh3_main_cst_dread_rock_privateers,false,false,true,true,true,true,wh2_dlc11_lore_deep,cst_vampire_fleet_admiral_female,wh2_dlc11_skill_node_set_cst_admiral_fem_deep,,1,general,false,false,,,,wh2_dlc11_skill_node_cst_admiral_fem_magic_deep_09,wh_main_skill_all_magic_all_07_earthing,Earthing,"By stabbing a staff or some arcane conduit into the ground, an accomplished magic-user can earth or tether the Winds and hopefully reduce a chance of miscasting.",character_magic.png,8,3,0,0,true,0,1,1,Earthing,"By stabbing a staff or some arcane conduit into the ground, an accomplished magic-user can earth or tether the Winds and hopefully reduce a chance of miscasting.",,,,,,wh_main_effect_character_stat_miscast,Miscast base chance: %+n%,,character_to_character_own,-15,battle,298,false,magic_character.png,magic_character.png,,,,,,,,,,,,,,,,,,,,,,,character_skill_level_to_effects_junctions_tables,wh_main_skill_all_magic_all_07_earthing|wh_main_effect_character_stat_miscast|1|character_to_character_own
node,warhammer_3,8.1.1,24237342,Vampire Coast,vampire_coast,wh2_dlc11_sc_cst_vampire_coast,Vampire Fleet Admiral (Deep),Vampire_Fleet_Admiral_Deep__admiral_fem_deep,lord,wh2_dlc11_cst_admiral_fem_deep,general,general,wh2_dlc11_cst_noctilus|wh2_dlc11_cst_noctilus_separatists|wh2_dlc11_cst_pirates_of_sartosa|wh2_dlc11_cst_pirates_of_sartosa_separatists|wh2_dlc11_cst_the_drowned|wh2_dlc11_cst_the_drowned_separatists|wh2_dlc11_cst_vampire_coast|wh2_dlc11_cst_vampire_coast_encounters|wh2_dlc11_cst_vampire_coast_qb1|wh2_dlc11_cst_vampire_coast_qb2|wh2_dlc11_cst_vampire_coast_qb3|wh2_dlc11_cst_vampire_coast_qb4|wh2_dlc11_cst_vampire_coast_rebellion_rebels|wh2_dlc11_cst_vampire_coast_rebels|wh2_dlc11_cst_vampire_coast_separatists|wh3_dlc21_cst_dead_flag_fleet|wh3_dlc24_cst_vampire_coast_bloated_rebels|wh3_dlc26_cst_vampire_coast_qb1|wh3_dlc26_cst_vampire_coast_qb2|wh3_main_cst_dread_rock_privateers,false,false,true,true,true,true,wh2_dlc11_lore_deep,cst_vampire_fleet_admiral_female,wh2_dlc11_skill_node_set_cst_admiral_fem_deep,,1,general,false,false,,,,wh2_dlc11_skill_cst_admiral_fem_deep_army_08,wh2_dlc11_skill_cst_army_8,Deadly March,"The once-men of the Undead legions march ever onwards, according to the will of their binder.",battle_attack.png,8,4,0,0,true,0,1,,,,,,,,,,,,,,,,,,,,,,,,,,,,,,,,,,,,,,,,,character_skill_nodes_tables,wh2_dlc11_skill_cst_admiral_fem_deep_army_08
effect,warhammer_3,8.1.1,24237342,Vampire Coast,vampire_coast,wh2_dlc11_sc_cst_vampire_coast,Vampire Fleet Admiral (Deep),Vampire_Fleet_Admiral_Deep__admiral_fem_deep,lord,wh2_dlc11_cst_admiral_fem_deep,general,general,wh2_dlc11_cst_noctilus|wh2_dlc11_cst_noctilus_separatists|wh2_dlc11_cst_pirates_of_sartosa|wh2_dlc11_cst_pirates_of_sartosa_separatists|wh2_dlc11_cst_the_drowned|wh2_dlc11_cst_the_drowned_separatists|wh2_dlc11_cst_vampire_coast|wh2_dlc11_cst_vampire_coast_encounters|wh2_dlc11_cst_vampire_coast_qb1|wh2_dlc11_cst_vampire_coast_qb2|wh2_dlc11_cst_vampire_coast_qb3|wh2_dlc11_cst_vampire_coast_qb4|wh2_dlc11_cst_vampire_coast_rebellion_rebels|wh2_dlc11_cst_vampire_coast_rebels|wh2_dlc11_cst_vampire_coast_separatists|wh3_dlc21_cst_dead_flag_fleet|wh3_dlc24_cst_vampire_coast_bloated_rebels|wh3_dlc26_cst_vampire_coast_qb1|wh3_dlc26_cst_vampire_coast_qb2|wh3_main_cst_dread_rock_privateers,false,false,true,true,true,true,wh2_dlc11_lore_deep,cst_vampire_fleet_admiral_female,wh2_dlc11_skill_node_set_cst_admiral_fem_deep,,1,general,false,false,,,,wh2_dlc11_skill_cst_admiral_fem_deep_army_08,wh2_dlc11_skill_cst_army_8,Deadly March,"The once-men of the Undead legions march ever onwards, according to the will of their binder.",battle_attack.png,8,4,0,0,true,0,1,1,Deadly March,"The once-men of the Undead legions march ever onwards, according to the will of their binder.",,,,,,wh2_dlc11_effect_force_stat_armour_cst_infantry_rank7,Armour: %+n for Zombie Pirate Deckhands Mob and Depth Guard units {{tr:rank7}},,general_to_force_own,18,battle,403,true,armour.png,armour.png,,,,,,,,,,,,,,,,,,,,,,,character_skill_level_to_effects_junctions_tables,wh2_dlc11_skill_cst_army_8|wh2_dlc11_effect_force_stat_armour_cst_infantry_rank7|1|general_to_force_own
effect,warhammer_3,8.1.1,24237342,Vampire Coast,vampire_coast,wh2_dlc11_sc_cst_vampire_coast,Vampire Fleet Admiral (Deep),Vampire_Fleet_Admiral_Deep__admiral_fem_deep,lord,wh2_dlc11_cst_admiral_fem_deep,general,general,wh2_dlc11_cst_noctilus|wh2_dlc11_cst_noctilus_separatists|wh2_dlc11_cst_pirates_of_sartosa|wh2_dlc11_cst_pirates_of_sartosa_separatists|wh2_dlc11_cst_the_drowned|wh2_dlc11_cst_the_drowned_separatists|wh2_dlc11_cst_vampire_coast|wh2_dlc11_cst_vampire_coast_encounters|wh2_dlc11_cst_vampire_coast_qb1|wh2_dlc11_cst_vampire_coast_qb2|wh2_dlc11_cst_vampire_coast_qb3|wh2_dlc11_cst_vampire_coast_qb4|wh2_dlc11_cst_vampire_coast_rebellion_rebels|wh2_dlc11_cst_vampire_coast_rebels|wh2_dlc11_cst_vampire_coast_separatists|wh3_dlc21_cst_dead_flag_fleet|wh3_dlc24_cst_vampire_coast_bloated_rebels|wh3_dlc26_cst_vampire_coast_qb1|wh3_dlc26_cst_vampire_coast_qb2|wh3_main_cst_dread_rock_privateers,false,false,true,true,true,true,wh2_dlc11_lore_deep,cst_vampire_fleet_admiral_female,wh2_dlc11_skill_node_set_cst_admiral_fem_deep,,1,general,false,false,,,,wh2_dlc11_skill_cst_admiral_fem_deep_army_08,wh2_dlc11_skill_cst_army_8,Deadly March,"The once-men of the Undead legions march ever onwards, according to the will of their binder.",battle_attack.png,8,4,0,0,true,0,1,1,Deadly March,"The once-men of the Undead legions march ever onwards, according to the will of their binder.",,,,,,wh2_dlc11_effect_force_stat_melee_attack_cst_infantry_rank7,Melee attack: %+n for Zombie Pirate Deckhands Mob and Depth Guard units {{tr:rank7}},,general_to_force_own,8,battle,432,true,melee.png,melee.png,,,,,,,,,,,,,,,,,,,,,,,character_skill_level_to_effects_junctions_tables,wh2_dlc11_skill_cst_army_8|wh2_dlc11_effect_force_stat_melee_attack_cst_infantry_rank7|1|general_to_force_own
effect,warhammer_3,8.1.1,24237342,Vampire Coast,vampire_coast,wh2_dlc11_sc_cst_vampire_coast,Vampire Fleet Admiral (Deep),Vampire_Fleet_Admiral_Deep__admiral_fem_deep,lord,wh2_dlc11_cst_admiral_fem_deep,general,general,wh2_dlc11_cst_noctilus|wh2_dlc11_cst_noctilus_separatists|wh2_dlc11_cst_pirates_of_sartosa|wh2_dlc11_cst_pirates_of_sartosa_separatists|wh2_dlc11_cst_the_drowned|wh2_dlc11_cst_the_drowned_separatists|wh2_dlc11_cst_vampire_coast|wh2_dlc11_cst_vampire_coast_encounters|wh2_dlc11_cst_vampire_coast_qb1|wh2_dlc11_cst_vampire_coast_qb2|wh2_dlc11_cst_vampire_coast_qb3|wh2_dlc11_cst_vampire_coast_qb4|wh2_dlc11_cst_vampire_coast_rebellion_rebels|wh2_dlc11_cst_vampire_coast_rebels|wh2_dlc11_cst_vampire_coast_separatists|wh3_dlc21_cst_dead_flag_fleet|wh3_dlc24_cst_vampire_coast_bloated_rebels|wh3_dlc26_cst_vampire_coast_qb1|wh3_dlc26_cst_vampire_coast_qb2|wh3_main_cst_dread_rock_privateers,false,false,true,true,true,true,wh2_dlc11_lore_deep,cst_vampire_fleet_admiral_female,wh2_dlc11_skill_node_set_cst_admiral_fem_deep,,1,general,false,false,,,,wh2_dlc11_skill_cst_admiral_fem_deep_army_08,wh2_dlc11_skill_cst_army_8,Deadly March,"The once-men of the Undead legions march ever onwards, according to the will of their binder.",battle_attack.png,8,4,0,0,true,0,1,1,Deadly March,"The once-men of the Undead legions march ever onwards, according to the will of their binder.",,,,,,wh2_dlc11_effect_force_stat_missile_resistance_cst_missile_infantry_rank7,Missile resistance: %n% for Zombie Pirate Deckhands Mob and Depth Guard units {{tr:rank7}},,general_to_force_own,15,battle,582,true,resistance_missile.png,resistance_missile.png,,,,,,,,,,,,,,,,,,,,,,,character_skill_level_to_effects_junctions_tables,wh2_dlc11_skill_cst_army_8|wh2_dlc11_effect_force_stat_missile_resistance_cst_missile_infantry_rank7|1|general_to_force_own
node,warhammer_3,8.1.1,24237342,Vampire Coast,vampire_coast,wh2_dlc11_sc_cst_vampire_coast,Vampire Fleet Admiral (Deep),Vampire_Fleet_Admiral_Deep__admiral_fem_deep,lord,wh2_dlc11_cst_admiral_fem_deep,general,general,wh2_dlc11_cst_noctilus|wh2_dlc11_cst_noctilus_separatists|wh2_dlc11_cst_pirates_of_sartosa|wh2_dlc11_cst_pirates_of_sartosa_separatists|wh2_dlc11_cst_the_drowned|wh2_dlc11_cst_the_drowned_separatists|wh2_dlc11_cst_vampire_coast|wh2_dlc11_cst_vampire_coast_encounters|wh2_dlc11_cst_vampire_coast_qb1|wh2_dlc11_cst_vampire_coast_qb2|wh2_dlc11_cst_vampire_coast_qb3|wh2_dlc11_cst_vampire_coast_qb4|wh2_dlc11_cst_vampire_coast_rebellion_rebels|wh2_dlc11_cst_vampire_coast_rebels|wh2_dlc11_cst_vampire_coast_separatists|wh3_dlc21_cst_dead_flag_fleet|wh3_dlc24_cst_vampire_coast_bloated_rebels|wh3_dlc26_cst_vampire_coast_qb1|wh3_dlc26_cst_vampire_coast_qb2|wh3_main_cst_dread_rock_privateers,false,false,true,true,true,true,wh2_dlc11_lore_deep,cst_vampire_fleet_admiral_female,wh2_dlc11_skill_node_set_cst_admiral_fem_deep,,1,general,false,false,,,,wh2_dlc11_skill_cst_admiral_fem_deep_campaign_08,wh2_dlc11_skill_cst_campaign_8,Gambler's Wit,Such things keep the eternal players' of this world alive.,campaign_ambush.png,8,5,0,0,true,0,3,,,,,,,,,,,,,,,,,,,,,,,,,,,,,,,,,,,,,,,,,character_skill_nodes_tables,wh2_dlc11_skill_cst_admiral_fem_deep_campaign_08
effect,warhammer_3,8.1.1,24237342,Vampire Coast,vampire_coast,wh2_dlc11_sc_cst_vampire_coast,Vampire Fleet Admiral (Deep),Vampire_Fleet_Admiral_Deep__admiral_fem_deep,lord,wh2_dlc11_cst_admiral_fem_deep,general,general,wh2_dlc11_cst_noctilus|wh2_dlc11_cst_noctilus_separatists|wh2_dlc11_cst_pirates_of_sartosa|wh2_dlc11_cst_pirates_of_sartosa_separatists|wh2_dlc11_cst_the_drowned|wh2_dlc11_cst_the_drowned_separatists|wh2_dlc11_cst_vampire_coast|wh2_dlc11_cst_vampire_coast_encounters|wh2_dlc11_cst_vampire_coast_qb1|wh2_dlc11_cst_vampire_coast_qb2|wh2_dlc11_cst_vampire_coast_qb3|wh2_dlc11_cst_vampire_coast_qb4|wh2_dlc11_cst_vampire_coast_rebellion_rebels|wh2_dlc11_cst_vampire_coast_rebels|wh2_dlc11_cst_vampire_coast_separatists|wh3_dlc21_cst_dead_flag_fleet|wh3_dlc24_cst_vampire_coast_bloated_rebels|wh3_dlc26_cst_vampire_coast_qb1|wh3_dlc26_cst_vampire_coast_qb2|wh3_main_cst_dread_rock_privateers,false,false,true,true,true,true,wh2_dlc11_lore_deep,cst_vampire_fleet_admiral_female,wh2_dlc11_skill_node_set_cst_admiral_fem_deep,,1,general,false,false,,,,wh2_dlc11_skill_cst_admiral_fem_deep_campaign_08,wh2_dlc11_skill_cst_campaign_8,Gambler's Wit,Such things keep the eternal players' of this world alive.,campaign_ambush.png,8,5,0,0,true,0,3,1,Gambler's Wit,Such things keep the eternal players' of this world alive.,,,,,,wh_main_effect_agent_action_success_chance_enemy,Enemy Hero action success chance: %+n%,,character_to_character_own,-4,campaign,101,false,agent.png,agent.png,,,,,,,,,,,,,,,,,,,,,,,character_skill_level_to_effects_junctions_tables,wh2_dlc11_skill_cst_campaign_8|wh_main_effect_agent_action_success_chance_enemy|1|character_to_character_own
effect,warhammer_3,8.1.1,24237342,Vampire Coast,vampire_coast,wh2_dlc11_sc_cst_vampire_coast,Vampire Fleet Admiral (Deep),Vampire_Fleet_Admiral_Deep__admiral_fem_deep,lord,wh2_dlc11_cst_admiral_fem_deep,general,general,wh2_dlc11_cst_noctilus|wh2_dlc11_cst_noctilus_separatists|wh2_dlc11_cst_pirates_of_sartosa|wh2_dlc11_cst_pirates_of_sartosa_separatists|wh2_dlc11_cst_the_drowned|wh2_dlc11_cst_the_drowned_separatists|wh2_dlc11_cst_vampire_coast|wh2_dlc11_cst_vampire_coast_encounters|wh2_dlc11_cst_vampire_coast_qb1|wh2_dlc11_cst_vampire_coast_qb2|wh2_dlc11_cst_vampire_coast_qb3|wh2_dlc11_cst_vampire_coast_qb4|wh2_dlc11_cst_vampire_coast_rebellion_rebels|wh2_dlc11_cst_vampire_coast_rebels|wh2_dlc11_cst_vampire_coast_separatists|wh3_dlc21_cst_dead_flag_fleet|wh3_dlc24_cst_vampire_coast_bloated_rebels|wh3_dlc26_cst_vampire_coast_qb1|wh3_dlc26_cst_vampire_coast_qb2|wh3_main_cst_dread_rock_privateers,false,false,true,true,true,true,wh2_dlc11_lore_deep,cst_vampire_fleet_admiral_female,wh2_dlc11_skill_node_set_cst_admiral_fem_deep,,1,general,false,false,,,,wh2_dlc11_skill_cst_admiral_fem_deep_campaign_08,wh2_dlc11_skill_cst_campaign_8,Gambler's Wit,Such things keep the eternal players' of this world alive.,campaign_ambush.png,8,5,0,0,true,0,3,1,Gambler's Wit,Such things keep the eternal players' of this world alive.,,,,,,wh_main_effect_force_army_campaign_ambush_defence_success_chance,Ambush defence chance: %+n%,,general_to_force_own,5,campaign,110,true,icon_effects_ambush.png,icon_effects_ambush.png,,,,,,,,,,,,,,,,,,,,,,,character_skill_level_to_effects_junctions_tables,wh2_dlc11_skill_cst_campaign_8|wh_main_effect_force_army_campaign_ambush_defence_success_chance|1|general_to_force_own
effect,warhammer_3,8.1.1,24237342,Vampire Coast,vampire_coast,wh2_dlc11_sc_cst_vampire_coast,Vampire Fleet Admiral (Deep),Vampire_Fleet_Admiral_Deep__admiral_fem_deep,lord,wh2_dlc11_cst_admiral_fem_deep,general,general,wh2_dlc11_cst_noctilus|wh2_dlc11_cst_noctilus_separatists|wh2_dlc11_cst_pirates_of_sartosa|wh2_dlc11_cst_pirates_of_sartosa_separatists|wh2_dlc11_cst_the_drowned|wh2_dlc11_cst_the_drowned_separatists|wh2_dlc11_cst_vampire_coast|wh2_dlc11_cst_vampire_coast_encounters|wh2_dlc11_cst_vampire_coast_qb1|wh2_dlc11_cst_vampire_coast_qb2|wh2_dlc11_cst_vampire_coast_qb3|wh2_dlc11_cst_vampire_coast_qb4|wh2_dlc11_cst_vampire_coast_rebellion_rebels|wh2_dlc11_cst_vampire_coast_rebels|wh2_dlc11_cst_vampire_coast_separatists|wh3_dlc21_cst_dead_flag_fleet|wh3_dlc24_cst_vampire_coast_bloated_rebels|wh3_dlc26_cst_vampire_coast_qb1|wh3_dlc26_cst_vampire_coast_qb2|wh3_main_cst_dread_rock_privateers,false,false,true,true,true,true,wh2_dlc11_lore_deep,cst_vampire_fleet_admiral_female,wh2_dlc11_skill_node_set_cst_admiral_fem_deep,,1,general,false,false,,,,wh2_dlc11_skill_cst_admiral_fem_deep_campaign_08,wh2_dlc11_skill_cst_campaign_8,Gambler's Wit,Such things keep the eternal players' of this world alive.,campaign_ambush.png,8,5,0,0,true,0,3,2,Gambler's Wit,Such things keep the eternal players' of this world alive.,,,,,,wh_main_effect_agent_action_success_chance_enemy,Enemy Hero action success chance: %+n%,,character_to_character_own,-7,campaign,101,false,agent.png,agent.png,,,,,,,,,,,,,,,,,,,,,,,character_skill_level_to_effects_junctions_tables,wh2_dlc11_skill_cst_campaign_8|wh_main_effect_agent_action_success_chance_enemy|2|character_to_character_own
effect,warhammer_3,8.1.1,24237342,Vampire Coast,vampire_coast,wh2_dlc11_sc_cst_vampire_coast,Vampire Fleet Admiral (Deep),Vampire_Fleet_Admiral_Deep__admiral_fem_deep,lord,wh2_dlc11_cst_admiral_fem_deep,general,general,wh2_dlc11_cst_noctilus|wh2_dlc11_cst_noctilus_separatists|wh2_dlc11_cst_pirates_of_sartosa|wh2_dlc11_cst_pirates_of_sartosa_separatists|wh2_dlc11_cst_the_drowned|wh2_dlc11_cst_the_drowned_separatists|wh2_dlc11_cst_vampire_coast|wh2_dlc11_cst_vampire_coast_encounters|wh2_dlc11_cst_vampire_coast_qb1|wh2_dlc11_cst_vampire_coast_qb2|wh2_dlc11_cst_vampire_coast_qb3|wh2_dlc11_cst_vampire_coast_qb4|wh2_dlc11_cst_vampire_coast_rebellion_rebels|wh2_dlc11_cst_vampire_coast_rebels|wh2_dlc11_cst_vampire_coast_separatists|wh3_dlc21_cst_dead_flag_fleet|wh3_dlc24_cst_vampire_coast_bloated_rebels|wh3_dlc26_cst_vampire_coast_qb1|wh3_dlc26_cst_vampire_coast_qb2|wh3_main_cst_dread_rock_privateers,false,false,true,true,true,true,wh2_dlc11_lore_deep,cst_vampire_fleet_admiral_female,wh2_dlc11_skill_node_set_cst_admiral_fem_deep,,1,general,false,false,,,,wh2_dlc11_skill_cst_admiral_fem_deep_campaign_08,wh2_dlc11_skill_cst_campaign_8,Gambler's Wit,Such things keep the eternal players' of this world alive.,campaign_ambush.png,8,5,0,0,true,0,3,2,Gambler's Wit,Such things keep the eternal players' of this world alive.,,,,,,wh_main_effect_force_army_campaign_ambush_defence_success_chance,Ambush defence chance: %+n%,,general_to_force_own,10,campaign,110,true,icon_effects_ambush.png,icon_effects_ambush.png,,,,,,,,,,,,,,,,,,,,,,,character_skill_level_to_effects_junctions_tables,wh2_dlc11_skill_cst_campaign_8|wh_main_effect_force_army_campaign_ambush_defence_success_chance|2|general_to_force_own
effect,warhammer_3,8.1.1,24237342,Vampire Coast,vampire_coast,wh2_dlc11_sc_cst_vampire_coast,Vampire Fleet Admiral (Deep),Vampire_Fleet_Admiral_Deep__admiral_fem_deep,lord,wh2_dlc11_cst_admiral_fem_deep,general,general,wh2_dlc11_cst_noctilus|wh2_dlc11_cst_noctilus_separatists|wh2_dlc11_cst_pirates_of_sartosa|wh2_dlc11_cst_pirates_of_sartosa_separatists|wh2_dlc11_cst_the_drowned|wh2_dlc11_cst_the_drowned_separatists|wh2_dlc11_cst_vampire_coast|wh2_dlc11_cst_vampire_coast_encounters|wh2_dlc11_cst_vampire_coast_qb1|wh2_dlc11_cst_vampire_coast_qb2|wh2_dlc11_cst_vampire_coast_qb3|wh2_dlc11_cst_vampire_coast_qb4|wh2_dlc11_cst_vampire_coast_rebellion_rebels|wh2_dlc11_cst_vampire_coast_rebels|wh2_dlc11_cst_vampire_coast_separatists|wh3_dlc21_cst_dead_flag_fleet|wh3_dlc24_cst_vampire_coast_bloated_rebels|wh3_dlc26_cst_vampire_coast_qb1|wh3_dlc26_cst_vampire_coast_qb2|wh3_main_cst_dread_rock_privateers,false,false,true,true,true,true,wh2_dlc11_lore_deep,cst_vampire_fleet_admiral_female,wh2_dlc11_skill_node_set_cst_admiral_fem_deep,,1,general,false,false,,,,wh2_dlc11_skill_cst_admiral_fem_deep_campaign_08,wh2_dlc11_skill_cst_campaign_8,Gambler's Wit,Such things keep the eternal players' of this world alive.,campaign_ambush.png,8,5,0,0,true,0,3,3,Gambler's Wit,Such things keep the eternal players' of this world alive.,,,,,,wh_main_effect_agent_action_success_chance_enemy,Enemy Hero action success chance: %+n%,,character_to_character_own,-10,campaign,101,false,agent.png,agent.png,,,,,,,,,,,,,,,,,,,,,,,character_skill_level_to_effects_junctions_tables,wh2_dlc11_skill_cst_campaign_8|wh_main_effect_agent_action_success_chance_enemy|3|character_to_character_own
effect,warhammer_3,8.1.1,24237342,Vampire Coast,vampire_coast,wh2_dlc11_sc_cst_vampire_coast,Vampire Fleet Admiral (Deep),Vampire_Fleet_Admiral_Deep__admiral_fem_deep,lord,wh2_dlc11_cst_admiral_fem_deep,general,general,wh2_dlc11_cst_noctilus|wh2_dlc11_cst_noctilus_separatists|wh2_dlc11_cst_pirates_of_sartosa|wh2_dlc11_cst_pirates_of_sartosa_separatists|wh2_dlc11_cst_the_drowned|wh2_dlc11_cst_the_drowned_separatists|wh2_dlc11_cst_vampire_coast|wh2_dlc11_cst_vampire_coast_encounters|wh2_dlc11_cst_vampire_coast_qb1|wh2_dlc11_cst_vampire_coast_qb2|wh2_dlc11_cst_vampire_coast_qb3|wh2_dlc11_cst_vampire_coast_qb4|wh2_dlc11_cst_vampire_coast_rebellion_rebels|wh2_dlc11_cst_vampire_coast_rebels|wh2_dlc11_cst_vampire_coast_separatists|wh3_dlc21_cst_dead_flag_fleet|wh3_dlc24_cst_vampire_coast_bloated_rebels|wh3_dlc26_cst_vampire_coast_qb1|wh3_dlc26_cst_vampire_coast_qb2|wh3_main_cst_dread_rock_privateers,false,false,true,true,true,true,wh2_dlc11_lore_deep,cst_vampire_fleet_admiral_female,wh2_dlc11_skill_node_set_cst_admiral_fem_deep,,1,general,false,false,,,,wh2_dlc11_skill_cst_admiral_fem_deep_campaign_08,wh2_dlc11_skill_cst_campaign_8,Gambler's Wit,Such things keep the eternal players' of this world alive.,campaign_ambush.png,8,5,0,0,true,0,3,3,Gambler's Wit,Such things keep the eternal players' of this world alive.,,,,,,wh_main_effect_force_army_campaign_ambush_defence_success_chance,Ambush defence chance: %+n%,,general_to_force_own,15,campaign,110,true,icon_effects_ambush.png,icon_effects_ambush.png,,,,,,,,,,,,,,,,,,,,,,,character_skill_level_to_effects_junctions_tables,wh2_dlc11_skill_cst_campaign_8|wh_main_effect_force_army_campaign_ambush_defence_success_chance|3|general_to_force_own
node,warhammer_3,8.1.1,24237342,Vampire Coast,vampire_coast,wh2_dlc11_sc_cst_vampire_coast,Vampire Fleet Admiral (Deep),Vampire_Fleet_Admiral_Deep__admiral_fem_deep,lord,wh2_dlc11_cst_admiral_fem_deep,general,general,wh2_dlc11_cst_noctilus|wh2_dlc11_cst_noctilus_separatists|wh2_dlc11_cst_pirates_of_sartosa|wh2_dlc11_cst_pirates_of_sartosa_separatists|wh2_dlc11_cst_the_drowned|wh2_dlc11_cst_the_drowned_separatists|wh2_dlc11_cst_vampire_coast|wh2_dlc11_cst_vampire_coast_encounters|wh2_dlc11_cst_vampire_coast_qb1|wh2_dlc11_cst_vampire_coast_qb2|wh2_dlc11_cst_vampire_coast_qb3|wh2_dlc11_cst_vampire_coast_qb4|wh2_dlc11_cst_vampire_coast_rebellion_rebels|wh2_dlc11_cst_vampire_coast_rebels|wh2_dlc11_cst_vampire_coast_separatists|wh3_dlc21_cst_dead_flag_fleet|wh3_dlc24_cst_vampire_coast_bloated_rebels|wh3_dlc26_cst_vampire_coast_qb1|wh3_dlc26_cst_vampire_coast_qb2|wh3_main_cst_dread_rock_privateers,false,false,true,true,true,true,wh2_dlc11_lore_deep,cst_vampire_fleet_admiral_female,wh2_dlc11_skill_node_set_cst_admiral_fem_deep,,1,general,false,false,,,,wh2_dlc11_skill_cst_admiral_fem_deep_ranged_03,wh2_dlc11_skill_cst_ranged_3_fem_admiral,Blunderbuss,"The recoil's a nightmare, but you can't deny the end result!",character_ammo.png,9,2,0,0,true,0,2,,,,,,,,,,,,,,,,,,,,,,,,,,,,,,,,,,,,,,,,,character_skill_nodes_tables,wh2_dlc11_skill_cst_admiral_fem_deep_ranged_03
effect,warhammer_3,8.1.1,24237342,Vampire Coast,vampire_coast,wh2_dlc11_sc_cst_vampire_coast,Vampire Fleet Admiral (Deep),Vampire_Fleet_Admiral_Deep__admiral_fem_deep,lord,wh2_dlc11_cst_admiral_fem_deep,general,general,wh2_dlc11_cst_noctilus|wh2_dlc11_cst_noctilus_separatists|wh2_dlc11_cst_pirates_of_sartosa|wh2_dlc11_cst_pirates_of_sartosa_separatists|wh2_dlc11_cst_the_drowned|wh2_dlc11_cst_the_drowned_separatists|wh2_dlc11_cst_vampire_coast|wh2_dlc11_cst_vampire_coast_encounters|wh2_dlc11_cst_vampire_coast_qb1|wh2_dlc11_cst_vampire_coast_qb2|wh2_dlc11_cst_vampire_coast_qb3|wh2_dlc11_cst_vampire_coast_qb4|wh2_dlc11_cst_vampire_coast_rebellion_rebels|wh2_dlc11_cst_vampire_coast_rebels|wh2_dlc11_cst_vampire_coast_separatists|wh3_dlc21_cst_dead_flag_fleet|wh3_dlc24_cst_vampire_coast_bloated_rebels|wh3_dlc26_cst_vampire_coast_qb1|wh3_dlc26_cst_vampire_coast_qb2|wh3_main_cst_dread_rock_privateers,false,false,true,true,true,true,wh2_dlc11_lore_deep,cst_vampire_fleet_admiral_female,wh2_dlc11_skill_node_set_cst_admiral_fem_deep,,1,general,false,false,,,,wh2_dlc11_skill_cst_admiral_fem_deep_ranged_03,wh2_dlc11_skill_cst_ranged_3_fem_admiral,Blunderbuss,"The recoil's a nightmare, but you can't deny the end result!",character_ammo.png,9,2,0,0,true,0,2,1,Blunderbuss,"The recoil's a nightmare, but you can't deny the end result!",,,,,,wh_main_effect_character_stat_range,Range: %+n%,,character_to_character_own,-20,both,230,true,accuracy_character.png,accuracy_character.png,,,,,,,,,,,,,,,,,,,,,,,character_skill_level_to_effects_junctions_tables,wh2_dlc11_skill_cst_ranged_3_fem_admiral|wh_main_effect_character_stat_range|1|character_to_character_own
effect,warhammer_3,8.1.1,24237342,Vampire Coast,vampire_coast,wh2_dlc11_sc_cst_vampire_coast,Vampire Fleet Admiral (Deep),Vampire_Fleet_Admiral_Deep__admiral_fem_deep,lord,wh2_dlc11_cst_admiral_fem_deep,general,general,wh2_dlc11_cst_noctilus|wh2_dlc11_cst_noctilus_separatists|wh2_dlc11_cst_pirates_of_sartosa|wh2_dlc11_cst_pirates_of_sartosa_separatists|wh2_dlc11_cst_the_drowned|wh2_dlc11_cst_the_drowned_separatists|wh2_dlc11_cst_vampire_coast|wh2_dlc11_cst_vampire_coast_encounters|wh2_dlc11_cst_vampire_coast_qb1|wh2_dlc11_cst_vampire_coast_qb2|wh2_dlc11_cst_vampire_coast_qb3|wh2_dlc11_cst_vampire_coast_qb4|wh2_dlc11_cst_vampire_coast_rebellion_rebels|wh2_dlc11_cst_vampire_coast_rebels|wh2_dlc11_cst_vampire_coast_separatists|wh3_dlc21_cst_dead_flag_fleet|wh3_dlc24_cst_vampire_coast_bloated_rebels|wh3_dlc26_cst_vampire_coast_qb1|wh3_dlc26_cst_vampire_coast_qb2|wh3_main_cst_dread_rock_privateers,false,false,true,true,true,true,wh2_dlc11_lore_deep,cst_vampire_fleet_admiral_female,wh2_dlc11_skill_node_set_cst_admiral_fem_deep,,1,general,false,false,,,,wh2_dlc11_skill_cst_admiral_fem_deep_ranged_03,wh2_dlc11_skill_cst_ranged_3_fem_admiral,Blunderbuss,"The recoil's a nightmare, but you can't deny the end result!",character_ammo.png,9,2,0,0,true,0,2,1,Blunderbuss,"The recoil's a nightmare, but you can't deny the end result!",,,,,,wh2_dlc11_effect_character_ammunition_type_blunderbuss_shot,Blunderbuss Shot ammunition (increased number of projectiles),,character_to_character_own,1,battle,1,true,ammo_character.png,ammo_character.png,,,,,,,,,,,,,,,,,,,,,,,character_skill_level_to_effects_junctions_tables,wh2_dlc11_skill_cst_ranged_3_fem_admiral|wh2_dlc11_effect_character_ammunition_type_blunderbuss_shot|1|character_to_character_own
effect,warhammer_3,8.1.1,24237342,Vampire Coast,vampire_coast,wh2_dlc11_sc_cst_vampire_coast,Vampire Fleet Admiral (Deep),Vampire_Fleet_Admiral_Deep__admiral_fem_deep,lord,wh2_dlc11_cst_admiral_fem_deep,general,general,wh2_dlc11_cst_noctilus|wh2_dlc11_cst_noctilus_separatists|wh2_dlc11_cst_pirates_of_sartosa|wh2_dlc11_cst_pirates_of_sartosa_separatists|wh2_dlc11_cst_the_drowned|wh2_dlc11_cst_the_drowned_separatists|wh2_dlc11_cst_vampire_coast|wh2_dlc11_cst_vampire_coast_encounters|wh2_dlc11_cst_vampire_coast_qb1|wh2_dlc11_cst_vampire_coast_qb2|wh2_dlc11_cst_vampire_coast_qb3|wh2_dlc11_cst_vampire_coast_qb4|wh2_dlc11_cst_vampire_coast_rebellion_rebels|wh2_dlc11_cst_vampire_coast_rebels|wh2_dlc11_cst_vampire_coast_separatists|wh3_dlc21_cst_dead_flag_fleet|wh3_dlc24_cst_vampire_coast_bloated_rebels|wh3_dlc26_cst_vampire_coast_qb1|wh3_dlc26_cst_vampire_coast_qb2|wh3_main_cst_dread_rock_privateers,false,false,true,true,true,true,wh2_dlc11_lore_deep,cst_vampire_fleet_admiral_female,wh2_dlc11_skill_node_set_cst_admiral_fem_deep,,1,general,false,false,,,,wh2_dlc11_skill_cst_admiral_fem_deep_ranged_03,wh2_dlc11_skill_cst_ranged_3_fem_admiral,Blunderbuss,"The recoil's a nightmare, but you can't deny the end result!",character_ammo.png,9,2,0,0,true,0,2,2,Blunderbuss,"The recoil's a nightmare, but you can't deny the end result!",,,,,,wh2_dlc11_effect_character_ammunition_type_blunderbuss_shot,Blunderbuss Shot ammunition (increased number of projectiles),,character_to_character_own,1,battle,1,true,ammo_character.png,ammo_character.png,,,,,,,,,,,,,,,,,,,,,,,character_skill_level_to_effects_junctions_tables,wh2_dlc11_skill_cst_ranged_3_fem_admiral|wh2_dlc11_effect_character_ammunition_type_blunderbuss_shot|2|character_to_character_own
node,warhammer_3,8.1.1,24237342,Vampire Coast,vampire_coast,wh2_dlc11_sc_cst_vampire_coast,Vampire Fleet Admiral (Deep),Vampire_Fleet_Admiral_Deep__admiral_fem_deep,lord,wh2_dlc11_cst_admiral_fem_deep,general,general,wh2_dlc11_cst_noctilus|wh2_dlc11_cst_noctilus_separatists|wh2_dlc11_cst_pirates_of_sartosa|wh2_dlc11_cst_pirates_of_sartosa_separatists|wh2_dlc11_cst_the_drowned|wh2_dlc11_cst_the_drowned_separatists|wh2_dlc11_cst_vampire_coast|wh2_dlc11_cst_vampire_coast_encounters|wh2_dlc11_cst_vampire_coast_qb1|wh2_dlc11_cst_vampire_coast_qb2|wh2_dlc11_cst_vampire_coast_qb3|wh2_dlc11_cst_vampire_coast_qb4|wh2_dlc11_cst_vampire_coast_rebellion_rebels|wh2_dlc11_cst_vampire_coast_rebels|wh2_dlc11_cst_vampire_coast_separatists|wh3_dlc21_cst_dead_flag_fleet|wh3_dlc24_cst_vampire_coast_bloated_rebels|wh3_dlc26_cst_vampire_coast_qb1|wh3_dlc26_cst_vampire_coast_qb2|wh3_main_cst_dread_rock_privateers,false,false,true,true,true,true,wh2_dlc11_lore_deep,cst_vampire_fleet_admiral_female,wh2_dlc11_skill_node_set_cst_admiral_fem_deep,,1,general,false,false,,,,wh2_dlc11_skill_node_cst_admiral_fem_magic_deep_10,wh_main_skill_all_magic_all_08_power_drain,Magical Reserves,"A few magic-users have the ability to store the Winds of Magic for later use, increasing their spellcasting power when it really counts.",character_magic.png,9,3,0,0,true,0,1,,,,,,,,,,,,,,,,,,,,,,,,,,,,,,,,,,,,,,,,,character_skill_nodes_tables,wh2_dlc11_skill_node_cst_admiral_fem_magic_deep_10
effect,warhammer_3,8.1.1,24237342,Vampire Coast,vampire_coast,wh2_dlc11_sc_cst_vampire_coast,Vampire Fleet Admiral (Deep),Vampire_Fleet_Admiral_Deep__admiral_fem_deep,lord,wh2_dlc11_cst_admiral_fem_deep,general,general,wh2_dlc11_cst_noctilus|wh2_dlc11_cst_noctilus_separatists|wh2_dlc11_cst_pirates_of_sartosa|wh2_dlc11_cst_pirates_of_sartosa_separatists|wh2_dlc11_cst_the_drowned|wh2_dlc11_cst_the_drowned_separatists|wh2_dlc11_cst_vampire_coast|wh2_dlc11_cst_vampire_coast_encounters|wh2_dlc11_cst_vampire_coast_qb1|wh2_dlc11_cst_vampire_coast_qb2|wh2_dlc11_cst_vampire_coast_qb3|wh2_dlc11_cst_vampire_coast_qb4|wh2_dlc11_cst_vampire_coast_rebellion_rebels|wh2_dlc11_cst_vampire_coast_rebels|wh2_dlc11_cst_vampire_coast_separatists|wh3_dlc21_cst_dead_flag_fleet|wh3_dlc24_cst_vampire_coast_bloated_rebels|wh3_dlc26_cst_vampire_coast_qb1|wh3_dlc26_cst_vampire_coast_qb2|wh3_main_cst_dread_rock_privateers,false,false,true,true,true,true,wh2_dlc11_lore_deep,cst_vampire_fleet_admiral_female,wh2_dlc11_skill_node_set_cst_admiral_fem_deep,,1,general,false,false,,,,wh2_dlc11_skill_node_cst_admiral_fem_magic_deep_10,wh_main_skill_all_magic_all_08_power_drain,Magical Reserves,"A few magic-users have the ability to store the Winds of Magic for later use, increasing their spellcasting power when it really counts.",character_magic.png,9,3,0,0,true,0,1,1,Magical Reserves,"A few magic-users have the ability to store the Winds of Magic for later use, increasing their spellcasting power when it really counts.",,,,,,wh3_main_effect_winds_of_magic_pool_cap,Winds of Magic power reserve capacity: %+n,,character_to_force_own_unseen,5,campaign,390,true,magic_campaign.png,magic_campaign.png,,,,,,,,,,,,,,,,,,,,,,,character_skill_level_to_effects_junctions_tables,wh_main_skill_all_magic_all_08_power_drain|wh3_main_effect_winds_of_magic_pool_cap|1|character_to_force_own_unseen
node,warhammer_3,8.1.1,24237342,Vampire Coast,vampire_coast,wh2_dlc11_sc_cst_vampire_coast,Vampire Fleet Admiral (Deep),Vampire_Fleet_Admiral_Deep__admiral_fem_deep,lord,wh2_dlc11_cst_admiral_fem_deep,general,general,wh2_dlc11_cst_noctilus|wh2_dlc11_cst_noctilus_separatists|wh2_dlc11_cst_pirates_of_sartosa|wh2_dlc11_cst_pirates_of_sartosa_separatists|wh2_dlc11_cst_the_drowned|wh2_dlc11_cst_the_drowned_separatists|wh2_dlc11_cst_vampire_coast|wh2_dlc11_cst_vampire_coast_encounters|wh2_dlc11_cst_vampire_coast_qb1|wh2_dlc11_cst_vampire_coast_qb2|wh2_dlc11_cst_vampire_coast_qb3|wh2_dlc11_cst_vampire_coast_qb4|wh2_dlc11_cst_vampire_coast_rebellion_rebels|wh2_dlc11_cst_vampire_coast_rebels|wh2_dlc11_cst_vampire_coast_separatists|wh3_dlc21_cst_dead_flag_fleet|wh3_dlc24_cst_vampire_coast_bloated_rebels|wh3_dlc26_cst_vampire_coast_qb1|wh3_dlc26_cst_vampire_coast_qb2|wh3_main_cst_dread_rock_privateers,false,false,true,true,true,true,wh2_dlc11_lore_deep,cst_vampire_fleet_admiral_female,wh2_dlc11_skill_node_set_cst_admiral_fem_deep,,1,general,false,false,,,,wh2_dlc11_skill_cst_admiral_fem_deep_army_09,wh2_dlc11_skill_cst_army_9,Ensorcelled Weapons,"This is a dirty business, that much is certain, so why not get a little extra help to give yourself an edge?",battle_ranged_damage.png,9,4,0,0,true,0,1,,,,,,,,,,,,,,,,,,,,,,,,,,,,,,,,,,,,,,,,,character_skill_nodes_tables,wh2_dlc11_skill_cst_admiral_fem_deep_army_09
effect,warhammer_3,8.1.1,24237342,Vampire Coast,vampire_coast,wh2_dlc11_sc_cst_vampire_coast,Vampire Fleet Admiral (Deep),Vampire_Fleet_Admiral_Deep__admiral_fem_deep,lord,wh2_dlc11_cst_admiral_fem_deep,general,general,wh2_dlc11_cst_noctilus|wh2_dlc11_cst_noctilus_separatists|wh2_dlc11_cst_pirates_of_sartosa|wh2_dlc11_cst_pirates_of_sartosa_separatists|wh2_dlc11_cst_the_drowned|wh2_dlc11_cst_the_drowned_separatists|wh2_dlc11_cst_vampire_coast|wh2_dlc11_cst_vampire_coast_encounters|wh2_dlc11_cst_vampire_coast_qb1|wh2_dlc11_cst_vampire_coast_qb2|wh2_dlc11_cst_vampire_coast_qb3|wh2_dlc11_cst_vampire_coast_qb4|wh2_dlc11_cst_vampire_coast_rebellion_rebels|wh2_dlc11_cst_vampire_coast_rebels|wh2_dlc11_cst_vampire_coast_separatists|wh3_dlc21_cst_dead_flag_fleet|wh3_dlc24_cst_vampire_coast_bloated_rebels|wh3_dlc26_cst_vampire_coast_qb1|wh3_dlc26_cst_vampire_coast_qb2|wh3_main_cst_dread_rock_privateers,false,false,true,true,true,true,wh2_dlc11_lore_deep,cst_vampire_fleet_admiral_female,wh2_dlc11_skill_node_set_cst_admiral_fem_deep,,1,general,false,false,,,,wh2_dlc11_skill_cst_admiral_fem_deep_army_09,wh2_dlc11_skill_cst_army_9,Ensorcelled Weapons,"This is a dirty business, that much is certain, so why not get a little extra help to give yourself an edge?",battle_ranged_damage.png,9,4,0,0,true,0,1,1,Ensorcelled Weapons,"This is a dirty business, that much is certain, so why not get a little extra help to give yourself an edge?",,,,,,wh2_dlc11_effect_force_stat_armour_cst_ranged_rank7,"Armour: %+n for Zombie Pirate Gunnery Mob, Rotting Prometheans Gunnery Mob, Deck Gunners, Carronade, Mortar and Queen Bess units {{tr:rank7}}",,general_to_force_own,12,battle,403,true,armour.png,armour.png,,,,,,,,,,,,,,,,,,,,,,,character_skill_level_to_effects_junctions_tables,wh2_dlc11_skill_cst_army_9|wh2_dlc11_effect_force_stat_armour_cst_ranged_rank7|1|general_to_force_own
effect,warhammer_3,8.1.1,24237342,Vampire Coast,vampire_coast,wh2_dlc11_sc_cst_vampire_coast,Vampire Fleet Admiral (Deep),Vampire_Fleet_Admiral_Deep__admiral_fem_deep,lord,wh2_dlc11_cst_admiral_fem_deep,general,general,wh2_dlc11_cst_noctilus|wh2_dlc11_cst_noctilus_separatists|wh2_dlc11_cst_pirates_of_sartosa|wh2_dlc11_cst_pirates_of_sartosa_separatists|wh2_dlc11_cst_the_drowned|wh2_dlc11_cst_the_drowned_separatists|wh2_dlc11_cst_vampire_coast|wh2_dlc11_cst_vampire_coast_encounters|wh2_dlc11_cst_vampire_coast_qb1|wh2_dlc11_cst_vampire_coast_qb2|wh2_dlc11_cst_vampire_coast_qb3|wh2_dlc11_cst_vampire_coast_qb4|wh2_dlc11_cst_vampire_coast_rebellion_rebels|wh2_dlc11_cst_vampire_coast_rebels|wh2_dlc11_cst_vampire_coast_separatists|wh3_dlc21_cst_dead_flag_fleet|wh3_dlc24_cst_vampire_coast_bloated_rebels|wh3_dlc26_cst_vampire_coast_qb1|wh3_dlc26_cst_vampire_coast_qb2|wh3_main_cst_dread_rock_privateers,false,false,true,true,true,true,wh2_dlc11_lore_deep,cst_vampire_fleet_admiral_female,wh2_dlc11_skill_node_set_cst_admiral_fem_deep,,1,general,false,false,,,,wh2_dlc11_skill_cst_admiral_fem_deep_army_09,wh2_dlc11_skill_cst_army_9,Ensorcelled Weapons,"This is a dirty business, that much is certain, so why not get a little extra help to give yourself an edge?",battle_ranged_damage.png,9,4,0,0,true,0,1,1,Ensorcelled Weapons,"This is a dirty business, that much is certain, so why not get a little extra help to give yourself an edge?",,,,,,wh2_dlc11_effect_force_stat_magic_resistance_cst_ranged_rank7,"Spell resistance: %n% for Zombie Pirate Gunnery Mob, Rotting Prometheans Gunnery Mob, Deck Gunners, Carronade, Mortar and Queen Bess units {{tr:rank7}}",,general_to_force_own,15,battle,582,true,resistance_magic.png,resistance_magic.png,,,,,,,,,,,,,,,,,,,,,,,character_skill_level_to_effects_junctions_tables,wh2_dlc11_skill_cst_army_9|wh2_dlc11_effect_force_stat_magic_resistance_cst_ranged_rank7|1|general_to_force_own
effect,warhammer_3,8.1.1,24237342,Vampire Coast,vampire_coast,wh2_dlc11_sc_cst_vampire_coast,Vampire Fleet Admiral (Deep),Vampire_Fleet_Admiral_Deep__admiral_fem_deep,lord,wh2_dlc11_cst_admiral_fem_deep,general,general,wh2_dlc11_cst_noctilus|wh2_dlc11_cst_noctilus_separatists|wh2_dlc11_cst_pirates_of_sartosa|wh2_dlc11_cst_pirates_of_sartosa_separatists|wh2_dlc11_cst_the_drowned|wh2_dlc11_cst_the_drowned_separatists|wh2_dlc11_cst_vampire_coast|wh2_dlc11_cst_vampire_coast_encounters|wh2_dlc11_cst_vampire_coast_qb1|wh2_dlc11_cst_vampire_coast_qb2|wh2_dlc11_cst_vampire_coast_qb3|wh2_dlc11_cst_vampire_coast_qb4|wh2_dlc11_cst_vampire_coast_rebellion_rebels|wh2_dlc11_cst_vampire_coast_rebels|wh2_dlc11_cst_vampire_coast_separatists|wh3_dlc21_cst_dead_flag_fleet|wh3_dlc24_cst_vampire_coast_bloated_rebels|wh3_dlc26_cst_vampire_coast_qb1|wh3_dlc26_cst_vampire_coast_qb2|wh3_main_cst_dread_rock_privateers,false,false,true,true,true,true,wh2_dlc11_lore_deep,cst_vampire_fleet_admiral_female,wh2_dlc11_skill_node_set_cst_admiral_fem_deep,,1,general,false,false,,,,wh2_dlc11_skill_cst_admiral_fem_deep_army_09,wh2_dlc11_skill_cst_army_9,Ensorcelled Weapons,"This is a dirty business, that much is certain, so why not get a little extra help to give yourself an edge?",battle_ranged_damage.png,9,4,0,0,true,0,1,1,Ensorcelled Weapons,"This is a dirty business, that much is certain, so why not get a little extra help to give yourself an edge?",,,,,,wh2_dlc11_effect_force_stat_missile_damage_all_ranged_rank7,"Missile strength: %+n% for Zombie Pirate Gunnery Mob, Rotting Prometheans Gunnery Mob, Deck Gunners, Carronade, Mortar and Queen Bess units {{tr:rank7}}",,general_to_force_own,12,battle,542,true,ranged_damage.png,ranged_damage.png,,,,,,,,,,,,,,,,,,,,,,,character_skill_level_to_effects_junctions_tables,wh2_dlc11_skill_cst_army_9|wh2_dlc11_effect_force_stat_missile_damage_all_ranged_rank7|1|general_to_force_own
node,warhammer_3,8.1.1,24237342,Vampire Coast,vampire_coast,wh2_dlc11_sc_cst_vampire_coast,Vampire Fleet Admiral (Deep),Vampire_Fleet_Admiral_Deep__admiral_fem_deep,lord,wh2_dlc11_cst_admiral_fem_deep,general,general,wh2_dlc11_cst_noctilus|wh2_dlc11_cst_noctilus_separatists|wh2_dlc11_cst_pirates_of_sartosa|wh2_dlc11_cst_pirates_of_sartosa_separatists|wh2_dlc11_cst_the_drowned|wh2_dlc11_cst_the_drowned_separatists|wh2_dlc11_cst_vampire_coast|wh2_dlc11_cst_vampire_coast_encounters|wh2_dlc11_cst_vampire_coast_qb1|wh2_dlc11_cst_vampire_coast_qb2|wh2_dlc11_cst_vampire_coast_qb3|wh2_dlc11_cst_vampire_coast_qb4|wh2_dlc11_cst_vampire_coast_rebellion_rebels|wh2_dlc11_cst_vampire_coast_rebels|wh2_dlc11_cst_vampire_coast_separatists|wh3_dlc21_cst_dead_flag_fleet|wh3_dlc24_cst_vampire_coast_bloated_rebels|wh3_dlc26_cst_vampire_coast_qb1|wh3_dlc26_cst_vampire_coast_qb2|wh3_main_cst_dread_rock_privateers,false,false,true,true,true,true,wh2_dlc11_lore_deep,cst_vampire_fleet_admiral_female,wh2_dlc11_skill_node_set_cst_admiral_fem_deep,,1,general,false,false,,,,wh2_dlc11_skill_cst_admiral_fem_deep_campaign_09,wh2_dlc11_skill_cst_campaign_9,Coaming & Preservative,Take care of your ship and she will have a care for your wellbeing in return.,campaign_military_spending.png,9,5,0,0,true,0,3,,,,,,,,,,,,,,,,,,,,,,,,,,,,,,,,,,,,,,,,,character_skill_nodes_tables,wh2_dlc11_skill_cst_admiral_fem_deep_campaign_09
effect,warhammer_3,8.1.1,24237342,Vampire Coast,vampire_coast,wh2_dlc11_sc_cst_vampire_coast,Vampire Fleet Admiral (Deep),Vampire_Fleet_Admiral_Deep__admiral_fem_deep,lord,wh2_dlc11_cst_admiral_fem_deep,general,general,wh2_dlc11_cst_noctilus|wh2_dlc11_cst_noctilus_separatists|wh2_dlc11_cst_pirates_of_sartosa|wh2_dlc11_cst_pirates_of_sartosa_separatists|wh2_dlc11_cst_the_drowned|wh2_dlc11_cst_the_drowned_separatists|wh2_dlc11_cst_vampire_coast|wh2_dlc11_cst_vampire_coast_encounters|wh2_dlc11_cst_vampire_coast_qb1|wh2_dlc11_cst_vampire_coast_qb2|wh2_dlc11_cst_vampire_coast_qb3|wh2_dlc11_cst_vampire_coast_qb4|wh2_dlc11_cst_vampire_coast_rebellion_rebels|wh2_dlc11_cst_vampire_coast_rebels|wh2_dlc11_cst_vampire_coast_separatists|wh3_dlc21_cst_dead_flag_fleet|wh3_dlc24_cst_vampire_coast_bloated_rebels|wh3_dlc26_cst_vampire_coast_qb1|wh3_dlc26_cst_vampire_coast_qb2|wh3_main_cst_dread_rock_privateers,false,false,true,true,true,true,wh2_dlc11_lore_deep,cst_vampire_fleet_admiral_female,wh2_dlc11_skill_node_set_cst_admiral_fem_deep,,1,general,false,false,,,,wh2_dlc11_skill_cst_admiral_fem_deep_campaign_09,wh2_dlc11_skill_cst_campaign_9,Coaming & Preservative,Take care of your ship and she will have a care for your wellbeing in return.,campaign_military_spending.png,9,5,0,0,true,0,3,1,Coaming & Preservative,Take care of your ship and she will have a care for your wellbeing in return.,,,,,,wh_main_effect_force_all_campaign_upkeep,Upkeep: %+n%,,general_to_force_own,-3,campaign,70,false,military_spending.png,military_spending.png,,,,,,,,,,,,,,,,,,,,,,,character_skill_level_to_effects_junctions_tables,wh2_dlc11_skill_cst_campaign_9|wh_main_effect_force_all_campaign_upkeep|1|general_to_force_own
effect,warhammer_3,8.1.1,24237342,Vampire Coast,vampire_coast,wh2_dlc11_sc_cst_vampire_coast,Vampire Fleet Admiral (Deep),Vampire_Fleet_Admiral_Deep__admiral_fem_deep,lord,wh2_dlc11_cst_admiral_fem_deep,general,general,wh2_dlc11_cst_noctilus|wh2_dlc11_cst_noctilus_separatists|wh2_dlc11_cst_pirates_of_sartosa|wh2_dlc11_cst_pirates_of_sartosa_separatists|wh2_dlc11_cst_the_drowned|wh2_dlc11_cst_the_drowned_separatists|wh2_dlc11_cst_vampire_coast|wh2_dlc11_cst_vampire_coast_encounters|wh2_dlc11_cst_vampire_coast_qb1|wh2_dlc11_cst_vampire_coast_qb2|wh2_dlc11_cst_vampire_coast_qb3|wh2_dlc11_cst_vampire_coast_qb4|wh2_dlc11_cst_vampire_coast_rebellion_rebels|wh2_dlc11_cst_vampire_coast_rebels|wh2_dlc11_cst_vampire_coast_separatists|wh3_dlc21_cst_dead_flag_fleet|wh3_dlc24_cst_vampire_coast_bloated_rebels|wh3_dlc26_cst_vampire_coast_qb1|wh3_dlc26_cst_vampire_coast_qb2|wh3_main_cst_dread_rock_privateers,false,false,true,true,true,true,wh2_dlc11_lore_deep,cst_vampire_fleet_admiral_female,wh2_dlc11_skill_node_set_cst_admiral_fem_deep,,1,general,false,false,,,,wh2_dlc11_skill_cst_admiral_fem_deep_campaign_09,wh2_dlc11_skill_cst_campaign_9,Coaming & Preservative,Take care of your ship and she will have a care for your wellbeing in return.,campaign_military_spending.png,9,5,0,0,true,0,3,2,Coaming & Preservative,Take care of your ship and she will have a care for your wellbeing in return.,,,,,,wh_main_effect_force_all_campaign_upkeep,Upkeep: %+n%,,general_to_force_own,-8,campaign,70,false,military_spending.png,military_spending.png,,,,,,,,,,,,,,,,,,,,,,,character_skill_level_to_effects_junctions_tables,wh2_dlc11_skill_cst_campaign_9|wh_main_effect_force_all_campaign_upkeep|2|general_to_force_own
effect,warhammer_3,8.1.1,24237342,Vampire Coast,vampire_coast,wh2_dlc11_sc_cst_vampire_coast,Vampire Fleet Admiral (Deep),Vampire_Fleet_Admiral_Deep__admiral_fem_deep,lord,wh2_dlc11_cst_admiral_fem_deep,general,general,wh2_dlc11_cst_noctilus|wh2_dlc11_cst_noctilus_separatists|wh2_dlc11_cst_pirates_of_sartosa|wh2_dlc11_cst_pirates_of_sartosa_separatists|wh2_dlc11_cst_the_drowned|wh2_dlc11_cst_the_drowned_separatists|wh2_dlc11_cst_vampire_coast|wh2_dlc11_cst_vampire_coast_encounters|wh2_dlc11_cst_vampire_coast_qb1|wh2_dlc11_cst_vampire_coast_qb2|wh2_dlc11_cst_vampire_coast_qb3|wh2_dlc11_cst_vampire_coast_qb4|wh2_dlc11_cst_vampire_coast_rebellion_rebels|wh2_dlc11_cst_vampire_coast_rebels|wh2_dlc11_cst_vampire_coast_separatists|wh3_dlc21_cst_dead_flag_fleet|wh3_dlc24_cst_vampire_coast_bloated_rebels|wh3_dlc26_cst_vampire_coast_qb1|wh3_dlc26_cst_vampire_coast_qb2|wh3_main_cst_dread_rock_privateers,false,false,true,true,true,true,wh2_dlc11_lore_deep,cst_vampire_fleet_admiral_female,wh2_dlc11_skill_node_set_cst_admiral_fem_deep,,1,general,false,false,,,,wh2_dlc11_skill_cst_admiral_fem_deep_campaign_09,wh2_dlc11_skill_cst_campaign_9,Coaming & Preservative,Take care of your ship and she will have a care for your wellbeing in return.,campaign_military_spending.png,9,5,0,0,true,0,3,3,Coaming & Preservative,Take care of your ship and she will have a care for your wellbeing in return.,,,,,,wh_main_effect_force_all_campaign_upkeep,Upkeep: %+n%,,general_to_force_own,-15,campaign,70,false,military_spending.png,military_spending.png,,,,,,,,,,,,,,,,,,,,,,,character_skill_level_to_effects_junctions_tables,wh2_dlc11_skill_cst_campaign_9|wh_main_effect_force_all_campaign_upkeep|3|general_to_force_own
node,warhammer_3,8.1.1,24237342,Vampire Coast,vampire_coast,wh2_dlc11_sc_cst_vampire_coast,Vampire Fleet Admiral (Deep),Vampire_Fleet_Admiral_Deep__admiral_fem_deep,lord,wh2_dlc11_cst_admiral_fem_deep,general,general,wh2_dlc11_cst_noctilus|wh2_dlc11_cst_noctilus_separatists|wh2_dlc11_cst_pirates_of_sartosa|wh2_dlc11_cst_pirates_of_sartosa_separatists|wh2_dlc11_cst_the_drowned|wh2_dlc11_cst_the_drowned_separatists|wh2_dlc11_cst_vampire_coast|wh2_dlc11_cst_vampire_coast_encounters|wh2_dlc11_cst_vampire_coast_qb1|wh2_dlc11_cst_vampire_coast_qb2|wh2_dlc11_cst_vampire_coast_qb3|wh2_dlc11_cst_vampire_coast_qb4|wh2_dlc11_cst_vampire_coast_rebellion_rebels|wh2_dlc11_cst_vampire_coast_rebels|wh2_dlc11_cst_vampire_coast_separatists|wh3_dlc21_cst_dead_flag_fleet|wh3_dlc24_cst_vampire_coast_bloated_rebels|wh3_dlc26_cst_vampire_coast_qb1|wh3_dlc26_cst_vampire_coast_qb2|wh3_main_cst_dread_rock_privateers,false,false,true,true,true,true,wh2_dlc11_lore_deep,cst_vampire_fleet_admiral_female,wh2_dlc11_skill_node_set_cst_admiral_fem_deep,,1,general,false,false,,,,wh2_dlc11_skill_cst_admiral_fem_deep_ranged_04,wh2_dlc11_skill_cst_ranged_4_fem_admiral,Gunsight,A clever arrangement of lenses makes the target seem just that bit closer.,character_range.png,10,2,0,0,true,0,2,,,,,,,,,,,,,,,,,,,,,,,,,,,,,,,,,,,,,,,,,character_skill_nodes_tables,wh2_dlc11_skill_cst_admiral_fem_deep_ranged_04
effect,warhammer_3,8.1.1,24237342,Vampire Coast,vampire_coast,wh2_dlc11_sc_cst_vampire_coast,Vampire Fleet Admiral (Deep),Vampire_Fleet_Admiral_Deep__admiral_fem_deep,lord,wh2_dlc11_cst_admiral_fem_deep,general,general,wh2_dlc11_cst_noctilus|wh2_dlc11_cst_noctilus_separatists|wh2_dlc11_cst_pirates_of_sartosa|wh2_dlc11_cst_pirates_of_sartosa_separatists|wh2_dlc11_cst_the_drowned|wh2_dlc11_cst_the_drowned_separatists|wh2_dlc11_cst_vampire_coast|wh2_dlc11_cst_vampire_coast_encounters|wh2_dlc11_cst_vampire_coast_qb1|wh2_dlc11_cst_vampire_coast_qb2|wh2_dlc11_cst_vampire_coast_qb3|wh2_dlc11_cst_vampire_coast_qb4|wh2_dlc11_cst_vampire_coast_rebellion_rebels|wh2_dlc11_cst_vampire_coast_rebels|wh2_dlc11_cst_vampire_coast_separatists|wh3_dlc21_cst_dead_flag_fleet|wh3_dlc24_cst_vampire_coast_bloated_rebels|wh3_dlc26_cst_vampire_coast_qb1|wh3_dlc26_cst_vampire_coast_qb2|wh3_main_cst_dread_rock_privateers,false,false,true,true,true,true,wh2_dlc11_lore_deep,cst_vampire_fleet_admiral_female,wh2_dlc11_skill_node_set_cst_admiral_fem_deep,,1,general,false,false,,,,wh2_dlc11_skill_cst_admiral_fem_deep_ranged_04,wh2_dlc11_skill_cst_ranged_4_fem_admiral,Gunsight,A clever arrangement of lenses makes the target seem just that bit closer.,character_range.png,10,2,0,0,true,0,2,1,Gunsight,A clever arrangement of lenses makes the target seem just that bit closer.,,,,,,wh_main_effect_character_stat_ap_missile_damage,Armour-piercing missile damage: %+n%,,character_to_character_own,20,both,250,true,armour_piercing_character.png,armour_piercing_character.png,,,,,,,,,,,,,,,,,,,,,,,character_skill_level_to_effects_junctions_tables,wh2_dlc11_skill_cst_ranged_4_fem_admiral|wh_main_effect_character_stat_ap_missile_damage|1|character_to_character_own
effect,warhammer_3,8.1.1,24237342,Vampire Coast,vampire_coast,wh2_dlc11_sc_cst_vampire_coast,Vampire Fleet Admiral (Deep),Vampire_Fleet_Admiral_Deep__admiral_fem_deep,lord,wh2_dlc11_cst_admiral_fem_deep,general,general,wh2_dlc11_cst_noctilus|wh2_dlc11_cst_noctilus_separatists|wh2_dlc11_cst_pirates_of_sartosa|wh2_dlc11_cst_pirates_of_sartosa_separatists|wh2_dlc11_cst_the_drowned|wh2_dlc11_cst_the_drowned_separatists|wh2_dlc11_cst_vampire_coast|wh2_dlc11_cst_vampire_coast_encounters|wh2_dlc11_cst_vampire_coast_qb1|wh2_dlc11_cst_vampire_coast_qb2|wh2_dlc11_cst_vampire_coast_qb3|wh2_dlc11_cst_vampire_coast_qb4|wh2_dlc11_cst_vampire_coast_rebellion_rebels|wh2_dlc11_cst_vampire_coast_rebels|wh2_dlc11_cst_vampire_coast_separatists|wh3_dlc21_cst_dead_flag_fleet|wh3_dlc24_cst_vampire_coast_bloated_rebels|wh3_dlc26_cst_vampire_coast_qb1|wh3_dlc26_cst_vampire_coast_qb2|wh3_main_cst_dread_rock_privateers,false,false,true,true,true,true,wh2_dlc11_lore_deep,cst_vampire_fleet_admiral_female,wh2_dlc11_skill_node_set_cst_admiral_fem_deep,,1,general,false,false,,,,wh2_dlc11_skill_cst_admiral_fem_deep_ranged_04,wh2_dlc11_skill_cst_ranged_4_fem_admiral,Gunsight,A clever arrangement of lenses makes the target seem just that bit closer.,character_range.png,10,2,0,0,true,0,2,1,Gunsight,A clever arrangement of lenses makes the target seem just that bit closer.,,,,,,wh_main_effect_character_stat_range,Range: %+n%,,character_to_character_own,10,both,230,true,accuracy_character.png,accuracy_character.png,,,,,,,,,,,,,,,,,,,,,,,character_skill_level_to_effects_junctions_tables,wh2_dlc11_skill_cst_ranged_4_fem_admiral|wh_main_effect_character_stat_range|1|character_to_character_own
effect,warhammer_3,8.1.1,24237342,Vampire Coast,vampire_coast,wh2_dlc11_sc_cst_vampire_coast,Vampire Fleet Admiral (Deep),Vampire_Fleet_Admiral_Deep__admiral_fem_deep,lord,wh2_dlc11_cst_admiral_fem_deep,general,general,wh2_dlc11_cst_noctilus|wh2_dlc11_cst_noctilus_separatists|wh2_dlc11_cst_pirates_of_sartosa|wh2_dlc11_cst_pirates_of_sartosa_separatists|wh2_dlc11_cst_the_drowned|wh2_dlc11_cst_the_drowned_separatists|wh2_dlc11_cst_vampire_coast|wh2_dlc11_cst_vampire_coast_encounters|wh2_dlc11_cst_vampire_coast_qb1|wh2_dlc11_cst_vampire_coast_qb2|wh2_dlc11_cst_vampire_coast_qb3|wh2_dlc11_cst_vampire_coast_qb4|wh2_dlc11_cst_vampire_coast_rebellion_rebels|wh2_dlc11_cst_vampire_coast_rebels|wh2_dlc11_cst_vampire_coast_separatists|wh3_dlc21_cst_dead_flag_fleet|wh3_dlc24_cst_vampire_coast_bloated_rebels|wh3_dlc26_cst_vampire_coast_qb1|wh3_dlc26_cst_vampire_coast_qb2|wh3_main_cst_dread_rock_privateers,false,false,true,true,true,true,wh2_dlc11_lore_deep,cst_vampire_fleet_admiral_female,wh2_dlc11_skill_node_set_cst_admiral_fem_deep,,1,general,false,false,,,,wh2_dlc11_skill_cst_admiral_fem_deep_ranged_04,wh2_dlc11_skill_cst_ranged_4_fem_admiral,Gunsight,A clever arrangement of lenses makes the target seem just that bit closer.,character_range.png,10,2,0,0,true,0,2,2,Gunsight,A clever arrangement of lenses makes the target seem just that bit closer.,,,,,,wh_main_effect_character_stat_ap_missile_damage,Armour-piercing missile damage: %+n%,,character_to_character_own,40,both,250,true,armour_piercing_character.png,armour_piercing_character.png,,,,,,,,,,,,,,,,,,,,,,,character_skill_level_to_effects_junctions_tables,wh2_dlc11_skill_cst_ranged_4_fem_admiral|wh_main_effect_character_stat_ap_missile_damage|2|character_to_character_own
effect,warhammer_3,8.1.1,24237342,Vampire Coast,vampire_coast,wh2_dlc11_sc_cst_vampire_coast,Vampire Fleet Admiral (Deep),Vampire_Fleet_Admiral_Deep__admiral_fem_deep,lord,wh2_dlc11_cst_admiral_fem_deep,general,general,wh2_dlc11_cst_noctilus|wh2_dlc11_cst_noctilus_separatists|wh2_dlc11_cst_pirates_of_sartosa|wh2_dlc11_cst_pirates_of_sartosa_separatists|wh2_dlc11_cst_the_drowned|wh2_dlc11_cst_the_drowned_separatists|wh2_dlc11_cst_vampire_coast|wh2_dlc11_cst_vampire_coast_encounters|wh2_dlc11_cst_vampire_coast_qb1|wh2_dlc11_cst_vampire_coast_qb2|wh2_dlc11_cst_vampire_coast_qb3|wh2_dlc11_cst_vampire_coast_qb4|wh2_dlc11_cst_vampire_coast_rebellion_rebels|wh2_dlc11_cst_vampire_coast_rebels|wh2_dlc11_cst_vampire_coast_separatists|wh3_dlc21_cst_dead_flag_fleet|wh3_dlc24_cst_vampire_coast_bloated_rebels|wh3_dlc26_cst_vampire_coast_qb1|wh3_dlc26_cst_vampire_coast_qb2|wh3_main_cst_dread_rock_privateers,false,false,true,true,true,true,wh2_dlc11_lore_deep,cst_vampire_fleet_admiral_female,wh2_dlc11_skill_node_set_cst_admiral_fem_deep,,1,general,false,false,,,,wh2_dlc11_skill_cst_admiral_fem_deep_ranged_04,wh2_dlc11_skill_cst_ranged_4_fem_admiral,Gunsight,A clever arrangement of lenses makes the target seem just that bit closer.,character_range.png,10,2,0,0,true,0,2,2,Gunsight,A clever arrangement of lenses makes the target seem just that bit closer.,,,,,,wh_main_effect_character_stat_range,Range: %+n%,,character_to_character_own,10,both,230,true,accuracy_character.png,accuracy_character.png,,,,,,,,,,,,,,,,,,,,,,,character_skill_level_to_effects_junctions_tables,wh2_dlc11_skill_cst_ranged_4_fem_admiral|wh_main_effect_character_stat_range|2|character_to_character_own
node,warhammer_3,8.1.1,24237342,Vampire Coast,vampire_coast,wh2_dlc11_sc_cst_vampire_coast,Vampire Fleet Admiral (Deep),Vampire_Fleet_Admiral_Deep__admiral_fem_deep,lord,wh2_dlc11_cst_admiral_fem_deep,general,general,wh2_dlc11_cst_noctilus|wh2_dlc11_cst_noctilus_separatists|wh2_dlc11_cst_pirates_of_sartosa|wh2_dlc11_cst_pirates_of_sartosa_separatists|wh2_dlc11_cst_the_drowned|wh2_dlc11_cst_the_drowned_separatists|wh2_dlc11_cst_vampire_coast|wh2_dlc11_cst_vampire_coast_encounters|wh2_dlc11_cst_vampire_coast_qb1|wh2_dlc11_cst_vampire_coast_qb2|wh2_dlc11_cst_vampire_coast_qb3|wh2_dlc11_cst_vampire_coast_qb4|wh2_dlc11_cst_vampire_coast_rebellion_rebels|wh2_dlc11_cst_vampire_coast_rebels|wh2_dlc11_cst_vampire_coast_separatists|wh3_dlc21_cst_dead_flag_fleet|wh3_dlc24_cst_vampire_coast_bloated_rebels|wh3_dlc26_cst_vampire_coast_qb1|wh3_dlc26_cst_vampire_coast_qb2|wh3_main_cst_dread_rock_privateers,false,false,true,true,true,true,wh2_dlc11_lore_deep,cst_vampire_fleet_admiral_female,wh2_dlc11_skill_node_set_cst_admiral_fem_deep,,1,general,false,false,,,,wh2_dlc11_skill_node_cst_admiral_fem_magic_deep_11,wh_main_skill_all_magic_all_11_arcane_conduit,Arcane Conduit,,wh_main_character_abilities_arcane_conduit.png,10,3,0,4,true,0,1,,,,,,,,,,,,,,,,,,,,,,,,,,,,,,,,,,,,,,,,,character_skill_nodes_tables,wh2_dlc11_skill_node_cst_admiral_fem_magic_deep_11
effect,warhammer_3,8.1.1,24237342,Vampire Coast,vampire_coast,wh2_dlc11_sc_cst_vampire_coast,Vampire Fleet Admiral (Deep),Vampire_Fleet_Admiral_Deep__admiral_fem_deep,lord,wh2_dlc11_cst_admiral_fem_deep,general,general,wh2_dlc11_cst_noctilus|wh2_dlc11_cst_noctilus_separatists|wh2_dlc11_cst_pirates_of_sartosa|wh2_dlc11_cst_pirates_of_sartosa_separatists|wh2_dlc11_cst_the_drowned|wh2_dlc11_cst_the_drowned_separatists|wh2_dlc11_cst_vampire_coast|wh2_dlc11_cst_vampire_coast_encounters|wh2_dlc11_cst_vampire_coast_qb1|wh2_dlc11_cst_vampire_coast_qb2|wh2_dlc11_cst_vampire_coast_qb3|wh2_dlc11_cst_vampire_coast_qb4|wh2_dlc11_cst_vampire_coast_rebellion_rebels|wh2_dlc11_cst_vampire_coast_rebels|wh2_dlc11_cst_vampire_coast_separatists|wh3_dlc21_cst_dead_flag_fleet|wh3_dlc24_cst_vampire_coast_bloated_rebels|wh3_dlc26_cst_vampire_coast_qb1|wh3_dlc26_cst_vampire_coast_qb2|wh3_main_cst_dread_rock_privateers,false,false,true,true,true,true,wh2_dlc11_lore_deep,cst_vampire_fleet_admiral_female,wh2_dlc11_skill_node_set_cst_admiral_fem_deep,,1,general,false,false,,,,wh2_dlc11_skill_node_cst_admiral_fem_magic_deep_11,wh_main_skill_all_magic_all_11_arcane_conduit,Arcane Conduit,,wh_main_character_abilities_arcane_conduit.png,10,3,0,4,true,0,1,1,Arcane Conduit,,,,,,,wh_main_effect_ability_enable_arcane_conduit,"Passive ability: ""Arcane Conduit""",,character_to_character_own,1,battle,300,true,general_ability.png,general_ability.png,,,,,,,,,,,,,,,,,,,,,,,character_skill_level_to_effects_junctions_tables,wh_main_skill_all_magic_all_11_arcane_conduit|wh_main_effect_ability_enable_arcane_conduit|1|character_to_character_own
node,warhammer_3,8.1.1,24237342,Vampire Coast,vampire_coast,wh2_dlc11_sc_cst_vampire_coast,Vampire Fleet Admiral (Deep),Vampire_Fleet_Admiral_Deep__admiral_fem_deep,lord,wh2_dlc11_cst_admiral_fem_deep,general,general,wh2_dlc11_cst_noctilus|wh2_dlc11_cst_noctilus_separatists|wh2_dlc11_cst_pirates_of_sartosa|wh2_dlc11_cst_pirates_of_sartosa_separatists|wh2_dlc11_cst_the_drowned|wh2_dlc11_cst_the_drowned_separatists|wh2_dlc11_cst_vampire_coast|wh2_dlc11_cst_vampire_coast_encounters|wh2_dlc11_cst_vampire_coast_qb1|wh2_dlc11_cst_vampire_coast_qb2|wh2_dlc11_cst_vampire_coast_qb3|wh2_dlc11_cst_vampire_coast_qb4|wh2_dlc11_cst_vampire_coast_rebellion_rebels|wh2_dlc11_cst_vampire_coast_rebels|wh2_dlc11_cst_vampire_coast_separatists|wh3_dlc21_cst_dead_flag_fleet|wh3_dlc24_cst_vampire_coast_bloated_rebels|wh3_dlc26_cst_vampire_coast_qb1|wh3_dlc26_cst_vampire_coast_qb2|wh3_main_cst_dread_rock_privateers,false,false,true,true,true,true,wh2_dlc11_lore_deep,cst_vampire_fleet_admiral_female,wh2_dlc11_skill_node_set_cst_admiral_fem_deep,,1,general,false,false,,,,wh2_dlc11_skill_cst_admiral_fem_deep_army_10,wh2_dlc11_skill_cst_army_10,Masterly Splicing,"Their rope skills are really rather excellent, considering how long the entire crew have been dead.",battle_morale.png,10,4,0,0,true,0,1,,,,,,,,,,,,,,,,,,,,,,,,,,,,,,,,,,,,,,,,,character_skill_nodes_tables,wh2_dlc11_skill_cst_admiral_fem_deep_army_10
effect,warhammer_3,8.1.1,24237342,Vampire Coast,vampire_coast,wh2_dlc11_sc_cst_vampire_coast,Vampire Fleet Admiral (Deep),Vampire_Fleet_Admiral_Deep__admiral_fem_deep,lord,wh2_dlc11_cst_admiral_fem_deep,general,general,wh2_dlc11_cst_noctilus|wh2_dlc11_cst_noctilus_separatists|wh2_dlc11_cst_pirates_of_sartosa|wh2_dlc11_cst_pirates_of_sartosa_separatists|wh2_dlc11_cst_the_drowned|wh2_dlc11_cst_the_drowned_separatists|wh2_dlc11_cst_vampire_coast|wh2_dlc11_cst_vampire_coast_encounters|wh2_dlc11_cst_vampire_coast_qb1|wh2_dlc11_cst_vampire_coast_qb2|wh2_dlc11_cst_vampire_coast_qb3|wh2_dlc11_cst_vampire_coast_qb4|wh2_dlc11_cst_vampire_coast_rebellion_rebels|wh2_dlc11_cst_vampire_coast_rebels|wh2_dlc11_cst_vampire_coast_separatists|wh3_dlc21_cst_dead_flag_fleet|wh3_dlc24_cst_vampire_coast_bloated_rebels|wh3_dlc26_cst_vampire_coast_qb1|wh3_dlc26_cst_vampire_coast_qb2|wh3_main_cst_dread_rock_privateers,false,false,true,true,true,true,wh2_dlc11_lore_deep,cst_vampire_fleet_admiral_female,wh2_dlc11_skill_node_set_cst_admiral_fem_deep,,1,general,false,false,,,,wh2_dlc11_skill_cst_admiral_fem_deep_army_10,wh2_dlc11_skill_cst_army_10,Masterly Splicing,"Their rope skills are really rather excellent, considering how long the entire crew have been dead.",battle_morale.png,10,4,0,0,true,0,1,1,Masterly Splicing,"Their rope skills are really rather excellent, considering how long the entire crew have been dead.",,,,,,wh2_dlc11_effect_force_stat_leadership_cst_monsters_rank7,"Leadership: %+n for Deck Droppers, Scurvy Dogs, Terrorgheist, Animated Hulks, Mournguls and Syreens units {{tr:rank7}}",,general_to_force_own,8,battle,412,true,morale.png,morale.png,,,,,,,,,,,,,,,,,,,,,,,character_skill_level_to_effects_junctions_tables,wh2_dlc11_skill_cst_army_10|wh2_dlc11_effect_force_stat_leadership_cst_monsters_rank7|1|general_to_force_own
effect,warhammer_3,8.1.1,24237342,Vampire Coast,vampire_coast,wh2_dlc11_sc_cst_vampire_coast,Vampire Fleet Admiral (Deep),Vampire_Fleet_Admiral_Deep__admiral_fem_deep,lord,wh2_dlc11_cst_admiral_fem_deep,general,general,wh2_dlc11_cst_noctilus|wh2_dlc11_cst_noctilus_separatists|wh2_dlc11_cst_pirates_of_sartosa|wh2_dlc11_cst_pirates_of_sartosa_separatists|wh2_dlc11_cst_the_drowned|wh2_dlc11_cst_the_drowned_separatists|wh2_dlc11_cst_vampire_coast|wh2_dlc11_cst_vampire_coast_encounters|wh2_dlc11_cst_vampire_coast_qb1|wh2_dlc11_cst_vampire_coast_qb2|wh2_dlc11_cst_vampire_coast_qb3|wh2_dlc11_cst_vampire_coast_qb4|wh2_dlc11_cst_vampire_coast_rebellion_rebels|wh2_dlc11_cst_vampire_coast_rebels|wh2_dlc11_cst_vampire_coast_separatists|wh3_dlc21_cst_dead_flag_fleet|wh3_dlc24_cst_vampire_coast_bloated_rebels|wh3_dlc26_cst_vampire_coast_qb1|wh3_dlc26_cst_vampire_coast_qb2|wh3_main_cst_dread_rock_privateers,false,false,true,true,true,true,wh2_dlc11_lore_deep,cst_vampire_fleet_admiral_female,wh2_dlc11_skill_node_set_cst_admiral_fem_deep,,1,general,false,false,,,,wh2_dlc11_skill_cst_admiral_fem_deep_army_10,wh2_dlc11_skill_cst_army_10,Masterly Splicing,"Their rope skills are really rather excellent, considering how long the entire crew have been dead.",battle_morale.png,10,4,0,0,true,0,1,1,Masterly Splicing,"Their rope skills are really rather excellent, considering how long the entire crew have been dead.",,,,,,wh2_dlc11_effect_force_stat_melee_defence_cst_monsters_rank7,"Melee defence: %+n for Deck Droppers, Scurvy Dogs, Terrorgheist, Animated Hulks, Mournguls and Syreens units {{tr:rank7}}",,general_to_force_own,5,battle,452,true,defence.png,defence.png,,,,,,,,,,,,,,,,,,,,,,,character_skill_level_to_effects_junctions_tables,wh2_dlc11_skill_cst_army_10|wh2_dlc11_effect_force_stat_melee_defence_cst_monsters_rank7|1|general_to_force_own
effect,warhammer_3,8.1.1,24237342,Vampire Coast,vampire_coast,wh2_dlc11_sc_cst_vampire_coast,Vampire Fleet Admiral (Deep),Vampire_Fleet_Admiral_Deep__admiral_fem_deep,lord,wh2_dlc11_cst_admiral_fem_deep,general,general,wh2_dlc11_cst_noctilus|wh2_dlc11_cst_noctilus_separatists|wh2_dlc11_cst_pirates_of_sartosa|wh2_dlc11_cst_pirates_of_sartosa_separatists|wh2_dlc11_cst_the_drowned|wh2_dlc11_cst_the_drowned_separatists|wh2_dlc11_cst_vampire_coast|wh2_dlc11_cst_vampire_coast_encounters|wh2_dlc11_cst_vampire_coast_qb1|wh2_dlc11_cst_vampire_coast_qb2|wh2_dlc11_cst_vampire_coast_qb3|wh2_dlc11_cst_vampire_coast_qb4|wh2_dlc11_cst_vampire_coast_rebellion_rebels|wh2_dlc11_cst_vampire_coast_rebels|wh2_dlc11_cst_vampire_coast_separatists|wh3_dlc21_cst_dead_flag_fleet|wh3_dlc24_cst_vampire_coast_bloated_rebels|wh3_dlc26_cst_vampire_coast_qb1|wh3_dlc26_cst_vampire_coast_qb2|wh3_main_cst_dread_rock_privateers,false,false,true,true,true,true,wh2_dlc11_lore_deep,cst_vampire_fleet_admiral_female,wh2_dlc11_skill_node_set_cst_admiral_fem_deep,,1,general,false,false,,,,wh2_dlc11_skill_cst_admiral_fem_deep_army_10,wh2_dlc11_skill_cst_army_10,Masterly Splicing,"Their rope skills are really rather excellent, considering how long the entire crew have been dead.",battle_morale.png,10,4,0,0,true,0,1,1,Masterly Splicing,"Their rope skills are really rather excellent, considering how long the entire crew have been dead.",,,,,,wh2_dlc11_effect_force_stat_speed_cst_monsters_rank7,"Speed: %+n% for Deck Droppers, Scurvy Dogs, Terrorgheist, Animated Hulks, Mournguls and Syreens units {{tr:rank7}}",,general_to_force_own,10,battle,422,true,battle_movement.png,battle_movement.png,,,,,,,,,,,,,,,,,,,,,,,character_skill_level_to_effects_junctions_tables,wh2_dlc11_skill_cst_army_10|wh2_dlc11_effect_force_stat_speed_cst_monsters_rank7|1|general_to_force_own
node,warhammer_3,8.1.1,24237342,Vampire Coast,vampire_coast,wh2_dlc11_sc_cst_vampire_coast,Vampire Fleet Admiral (Deep),Vampire_Fleet_Admiral_Deep__admiral_fem_deep,lord,wh2_dlc11_cst_admiral_fem_deep,general,general,wh2_dlc11_cst_noctilus|wh2_dlc11_cst_noctilus_separatists|wh2_dlc11_cst_pirates_of_sartosa|wh2_dlc11_cst_pirates_of_sartosa_separatists|wh2_dlc11_cst_the_drowned|wh2_dlc11_cst_the_drowned_separatists|wh2_dlc11_cst_vampire_coast|wh2_dlc11_cst_vampire_coast_encounters|wh2_dlc11_cst_vampire_coast_qb1|wh2_dlc11_cst_vampire_coast_qb2|wh2_dlc11_cst_vampire_coast_qb3|wh2_dlc11_cst_vampire_coast_qb4|wh2_dlc11_cst_vampire_coast_rebellion_rebels|wh2_dlc11_cst_vampire_coast_rebels|wh2_dlc11_cst_vampire_coast_separatists|wh3_dlc21_cst_dead_flag_fleet|wh3_dlc24_cst_vampire_coast_bloated_rebels|wh3_dlc26_cst_vampire_coast_qb1|wh3_dlc26_cst_vampire_coast_qb2|wh3_main_cst_dread_rock_privateers,false,false,true,true,true,true,wh2_dlc11_lore_deep,cst_vampire_fleet_admiral_female,wh2_dlc11_skill_node_set_cst_admiral_fem_deep,,1,general,false,false,,,,wh2_dlc11_skill_cst_admiral_fem_deep_campaign_10,wh2_dlc11_skill_cst_campaign_10_jolly_roger,Black Flag,"Beware those who sail under the black flag - they give no quarter and never, ever give up the chase.",campaign_agent.png,10,5,0,4,true,0,1,,,,,,,,,,,,,,,,,,,,,,,,,,,,,,,,,,,,,,,,,character_skill_nodes_tables,wh2_dlc11_skill_cst_admiral_fem_deep_campaign_10
effect,warhammer_3,8.1.1,24237342,Vampire Coast,vampire_coast,wh2_dlc11_sc_cst_vampire_coast,Vampire Fleet Admiral (Deep),Vampire_Fleet_Admiral_Deep__admiral_fem_deep,lord,wh2_dlc11_cst_admiral_fem_deep,general,general,wh2_dlc11_cst_noctilus|wh2_dlc11_cst_noctilus_separatists|wh2_dlc11_cst_pirates_of_sartosa|wh2_dlc11_cst_pirates_of_sartosa_separatists|wh2_dlc11_cst_the_drowned|wh2_dlc11_cst_the_drowned_separatists|wh2_dlc11_cst_vampire_coast|wh2_dlc11_cst_vampire_coast_encounters|wh2_dlc11_cst_vampire_coast_qb1|wh2_dlc11_cst_vampire_coast_qb2|wh2_dlc11_cst_vampire_coast_qb3|wh2_dlc11_cst_vampire_coast_qb4|wh2_dlc11_cst_vampire_coast_rebellion_rebels|wh2_dlc11_cst_vampire_coast_rebels|wh2_dlc11_cst_vampire_coast_separatists|wh3_dlc21_cst_dead_flag_fleet|wh3_dlc24_cst_vampire_coast_bloated_rebels|wh3_dlc26_cst_vampire_coast_qb1|wh3_dlc26_cst_vampire_coast_qb2|wh3_main_cst_dread_rock_privateers,false,false,true,true,true,true,wh2_dlc11_lore_deep,cst_vampire_fleet_admiral_female,wh2_dlc11_skill_node_set_cst_admiral_fem_deep,,1,general,false,false,,,,wh2_dlc11_skill_cst_admiral_fem_deep_campaign_10,wh2_dlc11_skill_cst_campaign_10_jolly_roger,Black Flag,"Beware those who sail under the black flag - they give no quarter and never, ever give up the chase.",campaign_agent.png,10,5,0,4,true,0,1,1,Black Flag,"Beware those who sail under the black flag - they give no quarter and never, ever give up the chase.",,,,,,wh_main_effect_agent_defence_wound_chance_mod,Hero self-defence: %+n% chance of wounding aggressors,,character_to_character_own,25,campaign,101,true,agent.png,agent.png,,,,,,,,,,,,,,,,,,,,,,,character_skill_level_to_effects_junctions_tables,wh2_dlc11_skill_cst_campaign_10_jolly_roger|wh_main_effect_agent_defence_wound_chance_mod|1|character_to_character_own
effect,warhammer_3,8.1.1,24237342,Vampire Coast,vampire_coast,wh2_dlc11_sc_cst_vampire_coast,Vampire Fleet Admiral (Deep),Vampire_Fleet_Admiral_Deep__admiral_fem_deep,lord,wh2_dlc11_cst_admiral_fem_deep,general,general,wh2_dlc11_cst_noctilus|wh2_dlc11_cst_noctilus_separatists|wh2_dlc11_cst_pirates_of_sartosa|wh2_dlc11_cst_pirates_of_sartosa_separatists|wh2_dlc11_cst_the_drowned|wh2_dlc11_cst_the_drowned_separatists|wh2_dlc11_cst_vampire_coast|wh2_dlc11_cst_vampire_coast_encounters|wh2_dlc11_cst_vampire_coast_qb1|wh2_dlc11_cst_vampire_coast_qb2|wh2_dlc11_cst_vampire_coast_qb3|wh2_dlc11_cst_vampire_coast_qb4|wh2_dlc11_cst_vampire_coast_rebellion_rebels|wh2_dlc11_cst_vampire_coast_rebels|wh2_dlc11_cst_vampire_coast_separatists|wh3_dlc21_cst_dead_flag_fleet|wh3_dlc24_cst_vampire_coast_bloated_rebels|wh3_dlc26_cst_vampire_coast_qb1|wh3_dlc26_cst_vampire_coast_qb2|wh3_main_cst_dread_rock_privateers,false,false,true,true,true,true,wh2_dlc11_lore_deep,cst_vampire_fleet_admiral_female,wh2_dlc11_skill_node_set_cst_admiral_fem_deep,,1,general,false,false,,,,wh2_dlc11_skill_cst_admiral_fem_deep_campaign_10,wh2_dlc11_skill_cst_campaign_10_jolly_roger,Black Flag,"Beware those who sail under the black flag - they give no quarter and never, ever give up the chase.",campaign_agent.png,10,5,0,4,true,0,1,1,Black Flag,"Beware those who sail under the black flag - they give no quarter and never, ever give up the chase.",,,,,,wh_main_effect_agent_movement_range_mod,Campaign movement range: %+n%,{{tr:campaign_movement_range_additional_tooltip}},character_to_character_own,5,campaign,100,true,campaign_movement.png,campaign_movement.png,,,,,,,,,,,,,,,,,,,,,,,character_skill_level_to_effects_junctions_tables,wh2_dlc11_skill_cst_campaign_10_jolly_roger|wh_main_effect_agent_movement_range_mod|1|character_to_character_own
effect,warhammer_3,8.1.1,24237342,Vampire Coast,vampire_coast,wh2_dlc11_sc_cst_vampire_coast,Vampire Fleet Admiral (Deep),Vampire_Fleet_Admiral_Deep__admiral_fem_deep,lord,wh2_dlc11_cst_admiral_fem_deep,general,general,wh2_dlc11_cst_noctilus|wh2_dlc11_cst_noctilus_separatists|wh2_dlc11_cst_pirates_of_sartosa|wh2_dlc11_cst_pirates_of_sartosa_separatists|wh2_dlc11_cst_the_drowned|wh2_dlc11_cst_the_drowned_separatists|wh2_dlc11_cst_vampire_coast|wh2_dlc11_cst_vampire_coast_encounters|wh2_dlc11_cst_vampire_coast_qb1|wh2_dlc11_cst_vampire_coast_qb2|wh2_dlc11_cst_vampire_coast_qb3|wh2_dlc11_cst_vampire_coast_qb4|wh2_dlc11_cst_vampire_coast_rebellion_rebels|wh2_dlc11_cst_vampire_coast_rebels|wh2_dlc11_cst_vampire_coast_separatists|wh3_dlc21_cst_dead_flag_fleet|wh3_dlc24_cst_vampire_coast_bloated_rebels|wh3_dlc26_cst_vampire_coast_qb1|wh3_dlc26_cst_vampire_coast_qb2|wh3_main_cst_dread_rock_privateers,false,false,true,true,true,true,wh2_dlc11_lore_deep,cst_vampire_fleet_admiral_female,wh2_dlc11_skill_node_set_cst_admiral_fem_deep,,1,general,false,false,,,,wh2_dlc11_skill_cst_admiral_fem_deep_campaign_10,wh2_dlc11_skill_cst_campaign_10_jolly_roger,Black Flag,"Beware those who sail under the black flag - they give no quarter and never, ever give up the chase.",campaign_agent.png,10,5,0,4,true,0,1,1,Black Flag,"Beware those who sail under the black flag - they give no quarter and never, ever give up the chase.",,,,,,wh_main_effect_force_all_campaign_experience_base_all,Recruit rank: %+n for all units,,general_to_force_own,1,campaign,117,true,experience.png,experience.png,,,,,,,,,,,,,,,,,,,,,,,character_skill_level_to_effects_junctions_tables,wh2_dlc11_skill_cst_campaign_10_jolly_roger|wh_main_effect_force_all_campaign_experience_base_all|1|general_to_force_own
effect,warhammer_3,8.1.1,24237342,Vampire Coast,vampire_coast,wh2_dlc11_sc_cst_vampire_coast,Vampire Fleet Admiral (Deep),Vampire_Fleet_Admiral_Deep__admiral_fem_deep,lord,wh2_dlc11_cst_admiral_fem_deep,general,general,wh2_dlc11_cst_noctilus|wh2_dlc11_cst_noctilus_separatists|wh2_dlc11_cst_pirates_of_sartosa|wh2_dlc11_cst_pirates_of_sartosa_separatists|wh2_dlc11_cst_the_drowned|wh2_dlc11_cst_the_drowned_separatists|wh2_dlc11_cst_vampire_coast|wh2_dlc11_cst_vampire_coast_encounters|wh2_dlc11_cst_vampire_coast_qb1|wh2_dlc11_cst_vampire_coast_qb2|wh2_dlc11_cst_vampire_coast_qb3|wh2_dlc11_cst_vampire_coast_qb4|wh2_dlc11_cst_vampire_coast_rebellion_rebels|wh2_dlc11_cst_vampire_coast_rebels|wh2_dlc11_cst_vampire_coast_separatists|wh3_dlc21_cst_dead_flag_fleet|wh3_dlc24_cst_vampire_coast_bloated_rebels|wh3_dlc26_cst_vampire_coast_qb1|wh3_dlc26_cst_vampire_coast_qb2|wh3_main_cst_dread_rock_privateers,false,false,true,true,true,true,wh2_dlc11_lore_deep,cst_vampire_fleet_admiral_female,wh2_dlc11_skill_node_set_cst_admiral_fem_deep,,1,general,false,false,,,,wh2_dlc11_skill_cst_admiral_fem_deep_campaign_10,wh2_dlc11_skill_cst_campaign_10_jolly_roger,Black Flag,"Beware those who sail under the black flag - they give no quarter and never, ever give up the chase.",campaign_agent.png,10,5,0,4,true,0,1,1,Black Flag,"Beware those who sail under the black flag - they give no quarter and never, ever give up the chase.",,,,,,wh_main_effect_force_all_campaign_upkeep,Upkeep: %+n%,,general_to_force_own,-8,campaign,70,false,military_spending.png,military_spending.png,,,,,,,,,,,,,,,,,,,,,,,character_skill_level_to_effects_junctions_tables,wh2_dlc11_skill_cst_campaign_10_jolly_roger|wh_main_effect_force_all_campaign_upkeep|1|general_to_force_own
effect,warhammer_3,8.1.1,24237342,Vampire Coast,vampire_coast,wh2_dlc11_sc_cst_vampire_coast,Vampire Fleet Admiral (Deep),Vampire_Fleet_Admiral_Deep__admiral_fem_deep,lord,wh2_dlc11_cst_admiral_fem_deep,general,general,wh2_dlc11_cst_noctilus|wh2_dlc11_cst_noctilus_separatists|wh2_dlc11_cst_pirates_of_sartosa|wh2_dlc11_cst_pirates_of_sartosa_separatists|wh2_dlc11_cst_the_drowned|wh2_dlc11_cst_the_drowned_separatists|wh2_dlc11_cst_vampire_coast|wh2_dlc11_cst_vampire_coast_encounters|wh2_dlc11_cst_vampire_coast_qb1|wh2_dlc11_cst_vampire_coast_qb2|wh2_dlc11_cst_vampire_coast_qb3|wh2_dlc11_cst_vampire_coast_qb4|wh2_dlc11_cst_vampire_coast_rebellion_rebels|wh2_dlc11_cst_vampire_coast_rebels|wh2_dlc11_cst_vampire_coast_separatists|wh3_dlc21_cst_dead_flag_fleet|wh3_dlc24_cst_vampire_coast_bloated_rebels|wh3_dlc26_cst_vampire_coast_qb1|wh3_dlc26_cst_vampire_coast_qb2|wh3_main_cst_dread_rock_privateers,false,false,true,true,true,true,wh2_dlc11_lore_deep,cst_vampire_fleet_admiral_female,wh2_dlc11_skill_node_set_cst_admiral_fem_deep,,1,general,false,false,,,,wh2_dlc11_skill_cst_admiral_fem_deep_campaign_10,wh2_dlc11_skill_cst_campaign_10_jolly_roger,Black Flag,"Beware those who sail under the black flag - they give no quarter and never, ever give up the chase.",campaign_agent.png,10,5,0,4,true,0,1,1,Black Flag,"Beware those who sail under the black flag - they give no quarter and never, ever give up the chase.",,,,,,wh_main_effect_raise_dead_recruitment_cost_mod,Raise dead cost: %+n%,,character_to_character_own,-10,campaign,1000,false,treasury.png,treasury.png,,,,,,,,,,,,,,,,,,,,,,,character_skill_level_to_effects_junctions_tables,wh2_dlc11_skill_cst_campaign_10_jolly_roger|wh_main_effect_raise_dead_recruitment_cost_mod|1|character_to_character_own
node,warhammer_3,8.1.1,24237342,Vampire Coast,vampire_coast,wh2_dlc11_sc_cst_vampire_coast,Vampire Fleet Admiral (Deep),Vampire_Fleet_Admiral_Deep__admiral_fem_deep,lord,wh2_dlc11_cst_admiral_fem_deep,general,general,wh2_dlc11_cst_noctilus|wh2_dlc11_cst_noctilus_separatists|wh2_dlc11_cst_pirates_of_sartosa|wh2_dlc11_cst_pirates_of_sartosa_separatists|wh2_dlc11_cst_the_drowned|wh2_dlc11_cst_the_drowned_separatists|wh2_dlc11_cst_vampire_coast|wh2_dlc11_cst_vampire_coast_encounters|wh2_dlc11_cst_vampire_coast_qb1|wh2_dlc11_cst_vampire_coast_qb2|wh2_dlc11_cst_vampire_coast_qb3|wh2_dlc11_cst_vampire_coast_qb4|wh2_dlc11_cst_vampire_coast_rebellion_rebels|wh2_dlc11_cst_vampire_coast_rebels|wh2_dlc11_cst_vampire_coast_separatists|wh3_dlc21_cst_dead_flag_fleet|wh3_dlc24_cst_vampire_coast_bloated_rebels|wh3_dlc26_cst_vampire_coast_qb1|wh3_dlc26_cst_vampire_coast_qb2|wh3_main_cst_dread_rock_privateers,false,false,true,true,true,true,wh2_dlc11_lore_deep,cst_vampire_fleet_admiral_female,wh2_dlc11_skill_node_set_cst_admiral_fem_deep,,1,general,false,false,,,,wh2_dlc11_skill_cst_admiral_fem_deep_ranged_05,wh2_dlc11_skill_cst_ranged_5_pyromaniac,Pyromaniac,Some beings just want to see the world burn.,wh2_dlc11_character_abilities_pyromaniac.png,11,2,0,4,true,0,1,,,,,,,,,,,,,,,,,,,,,,,,,,,,,,,,,,,,,,,,,character_skill_nodes_tables,wh2_dlc11_skill_cst_admiral_fem_deep_ranged_05
effect,warhammer_3,8.1.1,24237342,Vampire Coast,vampire_coast,wh2_dlc11_sc_cst_vampire_coast,Vampire Fleet Admiral (Deep),Vampire_Fleet_Admiral_Deep__admiral_fem_deep,lord,wh2_dlc11_cst_admiral_fem_deep,general,general,wh2_dlc11_cst_noctilus|wh2_dlc11_cst_noctilus_separatists|wh2_dlc11_cst_pirates_of_sartosa|wh2_dlc11_cst_pirates_of_sartosa_separatists|wh2_dlc11_cst_the_drowned|wh2_dlc11_cst_the_drowned_separatists|wh2_dlc11_cst_vampire_coast|wh2_dlc11_cst_vampire_coast_encounters|wh2_dlc11_cst_vampire_coast_qb1|wh2_dlc11_cst_vampire_coast_qb2|wh2_dlc11_cst_vampire_coast_qb3|wh2_dlc11_cst_vampire_coast_qb4|wh2_dlc11_cst_vampire_coast_rebellion_rebels|wh2_dlc11_cst_vampire_coast_rebels|wh2_dlc11_cst_vampire_coast_separatists|wh3_dlc21_cst_dead_flag_fleet|wh3_dlc24_cst_vampire_coast_bloated_rebels|wh3_dlc26_cst_vampire_coast_qb1|wh3_dlc26_cst_vampire_coast_qb2|wh3_main_cst_dread_rock_privateers,false,false,true,true,true,true,wh2_dlc11_lore_deep,cst_vampire_fleet_admiral_female,wh2_dlc11_skill_node_set_cst_admiral_fem_deep,,1,general,false,false,,,,wh2_dlc11_skill_cst_admiral_fem_deep_ranged_05,wh2_dlc11_skill_cst_ranged_5_pyromaniac,Pyromaniac,Some beings just want to see the world burn.,wh2_dlc11_character_abilities_pyromaniac.png,11,2,0,4,true,0,1,1,Pyromaniac,Some beings just want to see the world burn.,,,,,,wh2_dlc11_effect_ability_enable_pyromaniac,"Ability: ""Pyromaniac""",,character_to_character_own,1,battle,300,true,general_ability.png,general_ability.png,,,,,,,,,,,,,,,,,,,,,,,character_skill_level_to_effects_junctions_tables,wh2_dlc11_skill_cst_ranged_5_pyromaniac|wh2_dlc11_effect_ability_enable_pyromaniac|1|character_to_character_own
node,warhammer_3,8.1.1,24237342,Vampire Coast,vampire_coast,wh2_dlc11_sc_cst_vampire_coast,Vampire Fleet Admiral (Deep),Vampire_Fleet_Admiral_Deep__admiral_fem_deep,lord,wh2_dlc11_cst_admiral_fem_deep,general,general,wh2_dlc11_cst_noctilus|wh2_dlc11_cst_noctilus_separatists|wh2_dlc11_cst_pirates_of_sartosa|wh2_dlc11_cst_pirates_of_sartosa_separatists|wh2_dlc11_cst_the_drowned|wh2_dlc11_cst_the_drowned_separatists|wh2_dlc11_cst_vampire_coast|wh2_dlc11_cst_vampire_coast_encounters|wh2_dlc11_cst_vampire_coast_qb1|wh2_dlc11_cst_vampire_coast_qb2|wh2_dlc11_cst_vampire_coast_qb3|wh2_dlc11_cst_vampire_coast_qb4|wh2_dlc11_cst_vampire_coast_rebellion_rebels|wh2_dlc11_cst_vampire_coast_rebels|wh2_dlc11_cst_vampire_coast_separatists|wh3_dlc21_cst_dead_flag_fleet|wh3_dlc24_cst_vampire_coast_bloated_rebels|wh3_dlc26_cst_vampire_coast_qb1|wh3_dlc26_cst_vampire_coast_qb2|wh3_main_cst_dread_rock_privateers,false,false,true,true,true,true,wh2_dlc11_lore_deep,cst_vampire_fleet_admiral_female,wh2_dlc11_skill_node_set_cst_admiral_fem_deep,,1,general,false,false,,,,wh2_dlc11_skill_node_cst_admiral_fem_magic_deep_00_dummy,wh2_dlc11_skill_all_magic_deep_dummy_spiteful_shot_tidecall,,,wh2_dlc11_spell_deep_spiteful_shot.png,11,3,1,0,false,0,1,,,,,,,,,,,,,,,,,,,,,,,,,,,,,,,,,,,,,,,,,character_skill_nodes_tables,wh2_dlc11_skill_node_cst_admiral_fem_magic_deep_00_dummy
effect,warhammer_3,8.1.1,24237342,Vampire Coast,vampire_coast,wh2_dlc11_sc_cst_vampire_coast,Vampire Fleet Admiral (Deep),Vampire_Fleet_Admiral_Deep__admiral_fem_deep,lord,wh2_dlc11_cst_admiral_fem_deep,general,general,wh2_dlc11_cst_noctilus|wh2_dlc11_cst_noctilus_separatists|wh2_dlc11_cst_pirates_of_sartosa|wh2_dlc11_cst_pirates_of_sartosa_separatists|wh2_dlc11_cst_the_drowned|wh2_dlc11_cst_the_drowned_separatists|wh2_dlc11_cst_vampire_coast|wh2_dlc11_cst_vampire_coast_encounters|wh2_dlc11_cst_vampire_coast_qb1|wh2_dlc11_cst_vampire_coast_qb2|wh2_dlc11_cst_vampire_coast_qb3|wh2_dlc11_cst_vampire_coast_qb4|wh2_dlc11_cst_vampire_coast_rebellion_rebels|wh2_dlc11_cst_vampire_coast_rebels|wh2_dlc11_cst_vampire_coast_separatists|wh3_dlc21_cst_dead_flag_fleet|wh3_dlc24_cst_vampire_coast_bloated_rebels|wh3_dlc26_cst_vampire_coast_qb1|wh3_dlc26_cst_vampire_coast_qb2|wh3_main_cst_dread_rock_privateers,false,false,true,true,true,true,wh2_dlc11_lore_deep,cst_vampire_fleet_admiral_female,wh2_dlc11_skill_node_set_cst_admiral_fem_deep,,1,general,false,false,,,,wh2_dlc11_skill_node_cst_admiral_fem_magic_deep_00_dummy,wh2_dlc11_skill_all_magic_deep_dummy_spiteful_shot_tidecall,,,wh2_dlc11_spell_deep_spiteful_shot.png,11,3,1,0,false,0,1,1,,,,,,,,wh2_dlc11_effect_ability_enable_spiteful_shot,"Spell: ""Spiteful Shot""",,character_to_character_own,1,battle,290,true,magic_character.png,magic_character.png,,,,,,,,,,,,,,,,,,,,,,,character_skill_level_to_effects_junctions_tables,wh2_dlc11_skill_all_magic_deep_dummy_spiteful_shot_tidecall|wh2_dlc11_effect_ability_enable_spiteful_shot|1|character_to_character_own
effect,warhammer_3,8.1.1,24237342,Vampire Coast,vampire_coast,wh2_dlc11_sc_cst_vampire_coast,Vampire Fleet Admiral (Deep),Vampire_Fleet_Admiral_Deep__admiral_fem_deep,lord,wh2_dlc11_cst_admiral_fem_deep,general,general,wh2_dlc11_cst_noctilus|wh2_dlc11_cst_noctilus_separatists|wh2_dlc11_cst_pirates_of_sartosa|wh2_dlc11_cst_pirates_of_sartosa_separatists|wh2_dlc11_cst_the_drowned|wh2_dlc11_cst_the_drowned_separatists|wh2_dlc11_cst_vampire_coast|wh2_dlc11_cst_vampire_coast_encounters|wh2_dlc11_cst_vampire_coast_qb1|wh2_dlc11_cst_vampire_coast_qb2|wh2_dlc11_cst_vampire_coast_qb3|wh2_dlc11_cst_vampire_coast_qb4|wh2_dlc11_cst_vampire_coast_rebellion_rebels|wh2_dlc11_cst_vampire_coast_rebels|wh2_dlc11_cst_vampire_coast_separatists|wh3_dlc21_cst_dead_flag_fleet|wh3_dlc24_cst_vampire_coast_bloated_rebels|wh3_dlc26_cst_vampire_coast_qb1|wh3_dlc26_cst_vampire_coast_qb2|wh3_main_cst_dread_rock_privateers,false,false,true,true,true,true,wh2_dlc11_lore_deep,cst_vampire_fleet_admiral_female,wh2_dlc11_skill_node_set_cst_admiral_fem_deep,,1,general,false,false,,,,wh2_dlc11_skill_node_cst_admiral_fem_magic_deep_00_dummy,wh2_dlc11_skill_all_magic_deep_dummy_spiteful_shot_tidecall,,,wh2_dlc11_spell_deep_spiteful_shot.png,11,3,1,0,false,0,1,1,,,,,,,,wh2_dlc11_effect_ability_enable_tidecall,"Spell: ""Tidecall""",,character_to_character_own,1,battle,290,true,magic_character.png,magic_character.png,,,,,,,,,,,,,,,,,,,,,,,character_skill_level_to_effects_junctions_tables,wh2_dlc11_skill_all_magic_deep_dummy_spiteful_shot_tidecall|wh2_dlc11_effect_ability_enable_tidecall|1|character_to_character_own
node,warhammer_3,8.1.1,24237342,Vampire Coast,vampire_coast,wh2_dlc11_sc_cst_vampire_coast,Vampire Fleet Admiral (Deep),Vampire_Fleet_Admiral_Deep__admiral_fem_deep,lord,wh2_dlc11_cst_admiral_fem_deep,general,general,wh2_dlc11_cst_noctilus|wh2_dlc11_cst_noctilus_separatists|wh2_dlc11_cst_pirates_of_sartosa|wh2_dlc11_cst_pirates_of_sartosa_separatists|wh2_dlc11_cst_the_drowned|wh2_dlc11_cst_the_drowned_separatists|wh2_dlc11_cst_vampire_coast|wh2_dlc11_cst_vampire_coast_encounters|wh2_dlc11_cst_vampire_coast_qb1|wh2_dlc11_cst_vampire_coast_qb2|wh2_dlc11_cst_vampire_coast_qb3|wh2_dlc11_cst_vampire_coast_qb4|wh2_dlc11_cst_vampire_coast_rebellion_rebels|wh2_dlc11_cst_vampire_coast_rebels|wh2_dlc11_cst_vampire_coast_separatists|wh3_dlc21_cst_dead_flag_fleet|wh3_dlc24_cst_vampire_coast_bloated_rebels|wh3_dlc26_cst_vampire_coast_qb1|wh3_dlc26_cst_vampire_coast_qb2|wh3_main_cst_dread_rock_privateers,false,false,true,true,true,true,wh2_dlc11_lore_deep,cst_vampire_fleet_admiral_female,wh2_dlc11_skill_node_set_cst_admiral_fem_deep,,1,general,false,false,,,,wh2_dlc11_skill_cst_admiral_fem_deep_army_11,wh2_dlc11_skill_cst_army_11,Hardened by Death,Surviving death tends to instil a certain toughness in one.,battle_damage.png,11,4,0,0,true,0,1,,,,,,,,,,,,,,,,,,,,,,,,,,,,,,,,,,,,,,,,,character_skill_nodes_tables,wh2_dlc11_skill_cst_admiral_fem_deep_army_11
effect,warhammer_3,8.1.1,24237342,Vampire Coast,vampire_coast,wh2_dlc11_sc_cst_vampire_coast,Vampire Fleet Admiral (Deep),Vampire_Fleet_Admiral_Deep__admiral_fem_deep,lord,wh2_dlc11_cst_admiral_fem_deep,general,general,wh2_dlc11_cst_noctilus|wh2_dlc11_cst_noctilus_separatists|wh2_dlc11_cst_pirates_of_sartosa|wh2_dlc11_cst_pirates_of_sartosa_separatists|wh2_dlc11_cst_the_drowned|wh2_dlc11_cst_the_drowned_separatists|wh2_dlc11_cst_vampire_coast|wh2_dlc11_cst_vampire_coast_encounters|wh2_dlc11_cst_vampire_coast_qb1|wh2_dlc11_cst_vampire_coast_qb2|wh2_dlc11_cst_vampire_coast_qb3|wh2_dlc11_cst_vampire_coast_qb4|wh2_dlc11_cst_vampire_coast_rebellion_rebels|wh2_dlc11_cst_vampire_coast_rebels|wh2_dlc11_cst_vampire_coast_separatists|wh3_dlc21_cst_dead_flag_fleet|wh3_dlc24_cst_vampire_coast_bloated_rebels|wh3_dlc26_cst_vampire_coast_qb1|wh3_dlc26_cst_vampire_coast_qb2|wh3_main_cst_dread_rock_privateers,false,false,true,true,true,true,wh2_dlc11_lore_deep,cst_vampire_fleet_admiral_female,wh2_dlc11_skill_node_set_cst_admiral_fem_deep,,1,general,false,false,,,,wh2_dlc11_skill_cst_admiral_fem_deep_army_11,wh2_dlc11_skill_cst_army_11,Hardened by Death,Surviving death tends to instil a certain toughness in one.,battle_damage.png,11,4,0,0,true,0,1,1,Hardened by Death,Surviving death tends to instil a certain toughness in one.,,,,,,wh2_dlc11_effect_force_stat_magic_resistance_cst_monster_rank7,"Spell resistance: %n% for Rotting Prometheans, Rotting Leviathan and Necrofex Colossus units {{tr:rank7}}",,general_to_force_own,15,battle,582,true,resistance_magic.png,resistance_magic.png,,,,,,,,,,,,,,,,,,,,,,,character_skill_level_to_effects_junctions_tables,wh2_dlc11_skill_cst_army_11|wh2_dlc11_effect_force_stat_magic_resistance_cst_monster_rank7|1|general_to_force_own
effect,warhammer_3,8.1.1,24237342,Vampire Coast,vampire_coast,wh2_dlc11_sc_cst_vampire_coast,Vampire Fleet Admiral (Deep),Vampire_Fleet_Admiral_Deep__admiral_fem_deep,lord,wh2_dlc11_cst_admiral_fem_deep,general,general,wh2_dlc11_cst_noctilus|wh2_dlc11_cst_noctilus_separatists|wh2_dlc11_cst_pirates_of_sartosa|wh2_dlc11_cst_pirates_of_sartosa_separatists|wh2_dlc11_cst_the_drowned|wh2_dlc11_cst_the_drowned_separatists|wh2_dlc11_cst_vampire_coast|wh2_dlc11_cst_vampire_coast_encounters|wh2_dlc11_cst_vampire_coast_qb1|wh2_dlc11_cst_vampire_coast_qb2|wh2_dlc11_cst_vampire_coast_qb3|wh2_dlc11_cst_vampire_coast_qb4|wh2_dlc11_cst_vampire_coast_rebellion_rebels|wh2_dlc11_cst_vampire_coast_rebels|wh2_dlc11_cst_vampire_coast_separatists|wh3_dlc21_cst_dead_flag_fleet|wh3_dlc24_cst_vampire_coast_bloated_rebels|wh3_dlc26_cst_vampire_coast_qb1|wh3_dlc26_cst_vampire_coast_qb2|wh3_main_cst_dread_rock_privateers,false,false,true,true,true,true,wh2_dlc11_lore_deep,cst_vampire_fleet_admiral_female,wh2_dlc11_skill_node_set_cst_admiral_fem_deep,,1,general,false,false,,,,wh2_dlc11_skill_cst_admiral_fem_deep_army_11,wh2_dlc11_skill_cst_army_11,Hardened by Death,Surviving death tends to instil a certain toughness in one.,battle_damage.png,11,4,0,0,true,0,1,1,Hardened by Death,Surviving death tends to instil a certain toughness in one.,,,,,,wh2_dlc11_effect_force_stat_melee_attack_cst_all_giant_monster_rank7,"Melee attack: %+n for Rotting Prometheans, Rotting Leviathan and Necrofex Colossus units {{tr:rank7}}",,general_to_force_own,8,battle,432,true,melee.png,melee.png,,,,,,,,,,,,,,,,,,,,,,,character_skill_level_to_effects_junctions_tables,wh2_dlc11_skill_cst_army_11|wh2_dlc11_effect_force_stat_melee_attack_cst_all_giant_monster_rank7|1|general_to_force_own
effect,warhammer_3,8.1.1,24237342,Vampire Coast,vampire_coast,wh2_dlc11_sc_cst_vampire_coast,Vampire Fleet Admiral (Deep),Vampire_Fleet_Admiral_Deep__admiral_fem_deep,lord,wh2_dlc11_cst_admiral_fem_deep,general,general,wh2_dlc11_cst_noctilus|wh2_dlc11_cst_noctilus_separatists|wh2_dlc11_cst_pirates_of_sartosa|wh2_dlc11_cst_pirates_of_sartosa_separatists|wh2_dlc11_cst_the_drowned|wh2_dlc11_cst_the_drowned_separatists|wh2_dlc11_cst_vampire_coast|wh2_dlc11_cst_vampire_coast_encounters|wh2_dlc11_cst_vampire_coast_qb1|wh2_dlc11_cst_vampire_coast_qb2|wh2_dlc11_cst_vampire_coast_qb3|wh2_dlc11_cst_vampire_coast_qb4|wh2_dlc11_cst_vampire_coast_rebellion_rebels|wh2_dlc11_cst_vampire_coast_rebels|wh2_dlc11_cst_vampire_coast_separatists|wh3_dlc21_cst_dead_flag_fleet|wh3_dlc24_cst_vampire_coast_bloated_rebels|wh3_dlc26_cst_vampire_coast_qb1|wh3_dlc26_cst_vampire_coast_qb2|wh3_main_cst_dread_rock_privateers,false,false,true,true,true,true,wh2_dlc11_lore_deep,cst_vampire_fleet_admiral_female,wh2_dlc11_skill_node_set_cst_admiral_fem_deep,,1,general,false,false,,,,wh2_dlc11_skill_cst_admiral_fem_deep_army_11,wh2_dlc11_skill_cst_army_11,Hardened by Death,Surviving death tends to instil a certain toughness in one.,battle_damage.png,11,4,0,0,true,0,1,1,Hardened by Death,Surviving death tends to instil a certain toughness in one.,,,,,,wh2_dlc11_effect_force_stat_weapon_strength_cst_giant_monsters_rank7,"Weapon strength: %+n% for Rotting Prometheans, Rotting Leviathan and Necrofex Colossus units {{tr:rank7}}",,general_to_force_own,12,battle,462,true,weapon_damage.png,weapon_damage.png,,,,,,,,,,,,,,,,,,,,,,,character_skill_level_to_effects_junctions_tables,wh2_dlc11_skill_cst_army_11|wh2_dlc11_effect_force_stat_weapon_strength_cst_giant_monsters_rank7|1|general_to_force_own
node,warhammer_3,8.1.1,24237342,Vampire Coast,vampire_coast,wh2_dlc11_sc_cst_vampire_coast,Vampire Fleet Admiral (Deep),Vampire_Fleet_Admiral_Deep__admiral_fem_deep,lord,wh2_dlc11_cst_admiral_fem_deep,general,general,wh2_dlc11_cst_noctilus|wh2_dlc11_cst_noctilus_separatists|wh2_dlc11_cst_pirates_of_sartosa|wh2_dlc11_cst_pirates_of_sartosa_separatists|wh2_dlc11_cst_the_drowned|wh2_dlc11_cst_the_drowned_separatists|wh2_dlc11_cst_vampire_coast|wh2_dlc11_cst_vampire_coast_encounters|wh2_dlc11_cst_vampire_coast_qb1|wh2_dlc11_cst_vampire_coast_qb2|wh2_dlc11_cst_vampire_coast_qb3|wh2_dlc11_cst_vampire_coast_qb4|wh2_dlc11_cst_vampire_coast_rebellion_rebels|wh2_dlc11_cst_vampire_coast_rebels|wh2_dlc11_cst_vampire_coast_separatists|wh3_dlc21_cst_dead_flag_fleet|wh3_dlc24_cst_vampire_coast_bloated_rebels|wh3_dlc26_cst_vampire_coast_qb1|wh3_dlc26_cst_vampire_coast_qb2|wh3_main_cst_dread_rock_privateers,false,false,true,true,true,true,wh2_dlc11_lore_deep,cst_vampire_fleet_admiral_female,wh2_dlc11_skill_node_set_cst_admiral_fem_deep,,1,general,false,false,,,,wh2_dlc11_skill_cst_admiral_fem_deep_army_12_all_hands_hoay,wh2_dlc11_skill_cst_army_12_all_hands_hoay,All Hands Hoay!,Now listen up an' listen good… here be the plan…,wh2_dlc11_character_abilities_all_hands_hoay.png,12,4,0,1,true,0,1,,,,,,,,,,,,,,,,,,,,,,,,,,,,,,,,,,,,,,,,,character_skill_nodes_tables,wh2_dlc11_skill_cst_admiral_fem_deep_army_12_all_hands_hoay
effect,warhammer_3,8.1.1,24237342,Vampire Coast,vampire_coast,wh2_dlc11_sc_cst_vampire_coast,Vampire Fleet Admiral (Deep),Vampire_Fleet_Admiral_Deep__admiral_fem_deep,lord,wh2_dlc11_cst_admiral_fem_deep,general,general,wh2_dlc11_cst_noctilus|wh2_dlc11_cst_noctilus_separatists|wh2_dlc11_cst_pirates_of_sartosa|wh2_dlc11_cst_pirates_of_sartosa_separatists|wh2_dlc11_cst_the_drowned|wh2_dlc11_cst_the_drowned_separatists|wh2_dlc11_cst_vampire_coast|wh2_dlc11_cst_vampire_coast_encounters|wh2_dlc11_cst_vampire_coast_qb1|wh2_dlc11_cst_vampire_coast_qb2|wh2_dlc11_cst_vampire_coast_qb3|wh2_dlc11_cst_vampire_coast_qb4|wh2_dlc11_cst_vampire_coast_rebellion_rebels|wh2_dlc11_cst_vampire_coast_rebels|wh2_dlc11_cst_vampire_coast_separatists|wh3_dlc21_cst_dead_flag_fleet|wh3_dlc24_cst_vampire_coast_bloated_rebels|wh3_dlc26_cst_vampire_coast_qb1|wh3_dlc26_cst_vampire_coast_qb2|wh3_main_cst_dread_rock_privateers,false,false,true,true,true,true,wh2_dlc11_lore_deep,cst_vampire_fleet_admiral_female,wh2_dlc11_skill_node_set_cst_admiral_fem_deep,,1,general,false,false,,,,wh2_dlc11_skill_cst_admiral_fem_deep_army_12_all_hands_hoay,wh2_dlc11_skill_cst_army_12_all_hands_hoay,All Hands Hoay!,Now listen up an' listen good… here be the plan…,wh2_dlc11_character_abilities_all_hands_hoay.png,12,4,0,1,true,0,1,1,All Hands Hoay!,Now listen up an' listen good… here be the plan…,,,,,,wh2_dlc11_effect_ability_disable_avast_ye,"Replaces: ""Avast Ye!""",,character_to_character_own,1,both,305,true,general_ability.png,general_ability.png,,,,,,,,,,,,,,,,,,,,,,,character_skill_level_to_effects_junctions_tables,wh2_dlc11_skill_cst_army_12_all_hands_hoay|wh2_dlc11_effect_ability_disable_avast_ye|1|character_to_character_own
effect,warhammer_3,8.1.1,24237342,Vampire Coast,vampire_coast,wh2_dlc11_sc_cst_vampire_coast,Vampire Fleet Admiral (Deep),Vampire_Fleet_Admiral_Deep__admiral_fem_deep,lord,wh2_dlc11_cst_admiral_fem_deep,general,general,wh2_dlc11_cst_noctilus|wh2_dlc11_cst_noctilus_separatists|wh2_dlc11_cst_pirates_of_sartosa|wh2_dlc11_cst_pirates_of_sartosa_separatists|wh2_dlc11_cst_the_drowned|wh2_dlc11_cst_the_drowned_separatists|wh2_dlc11_cst_vampire_coast|wh2_dlc11_cst_vampire_coast_encounters|wh2_dlc11_cst_vampire_coast_qb1|wh2_dlc11_cst_vampire_coast_qb2|wh2_dlc11_cst_vampire_coast_qb3|wh2_dlc11_cst_vampire_coast_qb4|wh2_dlc11_cst_vampire_coast_rebellion_rebels|wh2_dlc11_cst_vampire_coast_rebels|wh2_dlc11_cst_vampire_coast_separatists|wh3_dlc21_cst_dead_flag_fleet|wh3_dlc24_cst_vampire_coast_bloated_rebels|wh3_dlc26_cst_vampire_coast_qb1|wh3_dlc26_cst_vampire_coast_qb2|wh3_main_cst_dread_rock_privateers,false,false,true,true,true,true,wh2_dlc11_lore_deep,cst_vampire_fleet_admiral_female,wh2_dlc11_skill_node_set_cst_admiral_fem_deep,,1,general,false,false,,,,wh2_dlc11_skill_cst_admiral_fem_deep_army_12_all_hands_hoay,wh2_dlc11_skill_cst_army_12_all_hands_hoay,All Hands Hoay!,Now listen up an' listen good… here be the plan…,wh2_dlc11_character_abilities_all_hands_hoay.png,12,4,0,1,true,0,1,1,All Hands Hoay!,Now listen up an' listen good… here be the plan…,,,,,,wh2_dlc11_effect_ability_enable_all_hands_hoay,"Ability: ""All Hands Hoay!""",,character_to_character_own,1,battle,300,true,general_ability.png,general_ability.png,,,,,,,,,,,,,,,,,,,,,,,character_skill_level_to_effects_junctions_tables,wh2_dlc11_skill_cst_army_12_all_hands_hoay|wh2_dlc11_effect_ability_enable_all_hands_hoay|1|character_to_character_own
node,warhammer_3,8.1.1,24237342,Vampire Coast,vampire_coast,wh2_dlc11_sc_cst_vampire_coast,Vampire Fleet Admiral (Deep),Vampire_Fleet_Admiral_Deep__admiral_fem_deep,lord,wh2_dlc11_cst_admiral_fem_deep,general,general,wh2_dlc11_cst_noctilus|wh2_dlc11_cst_noctilus_separatists|wh2_dlc11_cst_pirates_of_sartosa|wh2_dlc11_cst_pirates_of_sartosa_separatists|wh2_dlc11_cst_the_drowned|wh2_dlc11_cst_the_drowned_separatists|wh2_dlc11_cst_vampire_coast|wh2_dlc11_cst_vampire_coast_encounters|wh2_dlc11_cst_vampire_coast_qb1|wh2_dlc11_cst_vampire_coast_qb2|wh2_dlc11_cst_vampire_coast_qb3|wh2_dlc11_cst_vampire_coast_qb4|wh2_dlc11_cst_vampire_coast_rebellion_rebels|wh2_dlc11_cst_vampire_coast_rebels|wh2_dlc11_cst_vampire_coast_separatists|wh3_dlc21_cst_dead_flag_fleet|wh3_dlc24_cst_vampire_coast_bloated_rebels|wh3_dlc26_cst_vampire_coast_qb1|wh3_dlc26_cst_vampire_coast_qb2|wh3_main_cst_dread_rock_privateers,false,false,true,true,true,true,wh2_dlc11_lore_deep,cst_vampire_fleet_admiral_female,wh2_dlc11_skill_node_set_cst_admiral_fem_deep,,1,general,false,false,,,,wh3_dlc24_skill_generic_immortality_lord,wh2_main_skill_all_immortality_lord,Immortality,"Who wants to live forever? As it turns out, most beings wouldn't say no…",character_wound_time.png,29,0,0,0,true,19,1,,,,,,,,,,,,,,,,,,,,,,,,,,,,,,,,,,,,,,,,,character_skill_nodes_tables,wh3_dlc24_skill_generic_immortality_lord
skill_level,warhammer_3,8.1.1,24237342,Vampire Coast,vampire_coast,wh2_dlc11_sc_cst_vampire_coast,Vampire Fleet Admiral (Deep),Vampire_Fleet_Admiral_Deep__admiral_fem_deep,lord,wh2_dlc11_cst_admiral_fem_deep,general,general,wh2_dlc11_cst_noctilus|wh2_dlc11_cst_noctilus_separatists|wh2_dlc11_cst_pirates_of_sartosa|wh2_dlc11_cst_pirates_of_sartosa_separatists|wh2_dlc11_cst_the_drowned|wh2_dlc11_cst_the_drowned_separatists|wh2_dlc11_cst_vampire_coast|wh2_dlc11_cst_vampire_coast_encounters|wh2_dlc11_cst_vampire_coast_qb1|wh2_dlc11_cst_vampire_coast_qb2|wh2_dlc11_cst_vampire_coast_qb3|wh2_dlc11_cst_vampire_coast_qb4|wh2_dlc11_cst_vampire_coast_rebellion_rebels|wh2_dlc11_cst_vampire_coast_rebels|wh2_dlc11_cst_vampire_coast_separatists|wh3_dlc21_cst_dead_flag_fleet|wh3_dlc24_cst_vampire_coast_bloated_rebels|wh3_dlc26_cst_vampire_coast_qb1|wh3_dlc26_cst_vampire_coast_qb2|wh3_main_cst_dread_rock_privateers,false,false,true,true,true,true,wh2_dlc11_lore_deep,cst_vampire_fleet_admiral_female,wh2_dlc11_skill_node_set_cst_admiral_fem_deep,,1,general,false,false,,,,wh3_dlc24_skill_generic_immortality_lord,wh2_main_skill_all_immortality_lord,Immortality,"Who wants to live forever? As it turns out, most beings wouldn't say no…",character_wound_time.png,29,0,0,0,true,19,1,1,Immortality,"Who wants to live forever? As it turns out, most beings wouldn't say no…",19,x,,,,,,,,,,,,,,,,,,,,,,,,,,,,,,,,,,,,character_skill_level_details_tables,wh2_main_skill_all_immortality_lord|1|||
effect,warhammer_3,8.1.1,24237342,Vampire Coast,vampire_coast,wh2_dlc11_sc_cst_vampire_coast,Vampire Fleet Admiral (Deep),Vampire_Fleet_Admiral_Deep__admiral_fem_deep,lord,wh2_dlc11_cst_admiral_fem_deep,general,general,wh2_dlc11_cst_noctilus|wh2_dlc11_cst_noctilus_separatists|wh2_dlc11_cst_pirates_of_sartosa|wh2_dlc11_cst_pirates_of_sartosa_separatists|wh2_dlc11_cst_the_drowned|wh2_dlc11_cst_the_drowned_separatists|wh2_dlc11_cst_vampire_coast|wh2_dlc11_cst_vampire_coast_encounters|wh2_dlc11_cst_vampire_coast_qb1|wh2_dlc11_cst_vampire_coast_qb2|wh2_dlc11_cst_vampire_coast_qb3|wh2_dlc11_cst_vampire_coast_qb4|wh2_dlc11_cst_vampire_coast_rebellion_rebels|wh2_dlc11_cst_vampire_coast_rebels|wh2_dlc11_cst_vampire_coast_separatists|wh3_dlc21_cst_dead_flag_fleet|wh3_dlc24_cst_vampire_coast_bloated_rebels|wh3_dlc26_cst_vampire_coast_qb1|wh3_dlc26_cst_vampire_coast_qb2|wh3_main_cst_dread_rock_privateers,false,false,true,true,true,true,wh2_dlc11_lore_deep,cst_vampire_fleet_admiral_female,wh2_dlc11_skill_node_set_cst_admiral_fem_deep,,1,general,false,false,,,,wh3_dlc24_skill_generic_immortality_lord,wh2_main_skill_all_immortality_lord,Immortality,"Who wants to live forever? As it turns out, most beings wouldn't say no…",character_wound_time.png,29,0,0,0,true,19,1,1,Immortality,"Who wants to live forever? As it turns out, most beings wouldn't say no…",,,,,,wh2_main_effect_grant_immortality_lord,This [[img:icon_general]][[/img]]Lord will be wounded instead of killed in battle,,character_to_character_own,1,campaign,1,true,wound_time.png,wound_time.png,,,,,,,,,,,,,,,,,,,,,,,character_skill_level_to_effects_junctions_tables,wh2_main_skill_all_immortality_lord|wh2_main_effect_grant_immortality_lord|1|character_to_character_own
node,warhammer_3,8.1.1,24237342,Vampire Coast,vampire_coast,wh2_dlc11_sc_cst_vampire_coast,Vampire Fleet Admiral (Deep),Vampire_Fleet_Admiral_Deep__admiral_fem_deep,lord,wh2_dlc11_cst_admiral_fem_deep,general,general,wh2_dlc11_cst_noctilus|wh2_dlc11_cst_noctilus_separatists|wh2_dlc11_cst_pirates_of_sartosa|wh2_dlc11_cst_pirates_of_sartosa_separatists|wh2_dlc11_cst_the_drowned|wh2_dlc11_cst_the_drowned_separatists|wh2_dlc11_cst_vampire_coast|wh2_dlc11_cst_vampire_coast_encounters|wh2_dlc11_cst_vampire_coast_qb1|wh2_dlc11_cst_vampire_coast_qb2|wh2_dlc11_cst_vampire_coast_qb3|wh2_dlc11_cst_vampire_coast_qb4|wh2_dlc11_cst_vampire_coast_rebellion_rebels|wh2_dlc11_cst_vampire_coast_rebels|wh2_dlc11_cst_vampire_coast_separatists|wh3_dlc21_cst_dead_flag_fleet|wh3_dlc24_cst_vampire_coast_bloated_rebels|wh3_dlc26_cst_vampire_coast_qb1|wh3_dlc26_cst_vampire_coast_qb2|wh3_main_cst_dread_rock_privateers,false,false,true,true,true,true,wh2_dlc11_lore_deep,cst_vampire_fleet_admiral_female,wh2_dlc11_skill_node_set_cst_admiral_fem_deep,,1,general,false,false,,,,wh3_dlc24_skill_node_all_mentor_lord,wh3_main_skill_all_mentor_lord,Mentor,"Having learned much in their long years of service, this character now turns their attention to training others.",character_experience.png,30,0,0,0,true,0,3,,,,,,,,,,,,,,,,,,,,,,,,,,,,,,,,,,,,,,,,,character_skill_nodes_tables,wh3_dlc24_skill_node_all_mentor_lord
skill_level,warhammer_3,8.1.1,24237342,Vampire Coast,vampire_coast,wh2_dlc11_sc_cst_vampire_coast,Vampire Fleet Admiral (Deep),Vampire_Fleet_Admiral_Deep__admiral_fem_deep,lord,wh2_dlc11_cst_admiral_fem_deep,general,general,wh2_dlc11_cst_noctilus|wh2_dlc11_cst_noctilus_separatists|wh2_dlc11_cst_pirates_of_sartosa|wh2_dlc11_cst_pirates_of_sartosa_separatists|wh2_dlc11_cst_the_drowned|wh2_dlc11_cst_the_drowned_separatists|wh2_dlc11_cst_vampire_coast|wh2_dlc11_cst_vampire_coast_encounters|wh2_dlc11_cst_vampire_coast_qb1|wh2_dlc11_cst_vampire_coast_qb2|wh2_dlc11_cst_vampire_coast_qb3|wh2_dlc11_cst_vampire_coast_qb4|wh2_dlc11_cst_vampire_coast_rebellion_rebels|wh2_dlc11_cst_vampire_coast_rebels|wh2_dlc11_cst_vampire_coast_separatists|wh3_dlc21_cst_dead_flag_fleet|wh3_dlc24_cst_vampire_coast_bloated_rebels|wh3_dlc26_cst_vampire_coast_qb1|wh3_dlc26_cst_vampire_coast_qb2|wh3_main_cst_dread_rock_privateers,false,false,true,true,true,true,wh2_dlc11_lore_deep,cst_vampire_fleet_admiral_female,wh2_dlc11_skill_node_set_cst_admiral_fem_deep,,1,general,false,false,,,,wh3_dlc24_skill_node_all_mentor_lord,wh3_main_skill_all_mentor_lord,Mentor,"Having learned much in their long years of service, this character now turns their attention to training others.",character_experience.png,30,0,0,0,true,0,3,1,Mentor,"Having learned much in their long years of service, this character now turns their attention to training others.",29,x,,,,,,,,,,,,,,,,,,,,,,,,,,,,,,,,,,,,character_skill_level_details_tables,wh3_main_skill_all_mentor_lord|1|||
skill_level,warhammer_3,8.1.1,24237342,Vampire Coast,vampire_coast,wh2_dlc11_sc_cst_vampire_coast,Vampire Fleet Admiral (Deep),Vampire_Fleet_Admiral_Deep__admiral_fem_deep,lord,wh2_dlc11_cst_admiral_fem_deep,general,general,wh2_dlc11_cst_noctilus|wh2_dlc11_cst_noctilus_separatists|wh2_dlc11_cst_pirates_of_sartosa|wh2_dlc11_cst_pirates_of_sartosa_separatists|wh2_dlc11_cst_the_drowned|wh2_dlc11_cst_the_drowned_separatists|wh2_dlc11_cst_vampire_coast|wh2_dlc11_cst_vampire_coast_encounters|wh2_dlc11_cst_vampire_coast_qb1|wh2_dlc11_cst_vampire_coast_qb2|wh2_dlc11_cst_vampire_coast_qb3|wh2_dlc11_cst_vampire_coast_qb4|wh2_dlc11_cst_vampire_coast_rebellion_rebels|wh2_dlc11_cst_vampire_coast_rebels|wh2_dlc11_cst_vampire_coast_separatists|wh3_dlc21_cst_dead_flag_fleet|wh3_dlc24_cst_vampire_coast_bloated_rebels|wh3_dlc26_cst_vampire_coast_qb1|wh3_dlc26_cst_vampire_coast_qb2|wh3_main_cst_dread_rock_privateers,false,false,true,true,true,true,wh2_dlc11_lore_deep,cst_vampire_fleet_admiral_female,wh2_dlc11_skill_node_set_cst_admiral_fem_deep,,1,general,false,false,,,,wh3_dlc24_skill_node_all_mentor_lord,wh3_main_skill_all_mentor_lord,Mentor,"Having learned much in their long years of service, this character now turns their attention to training others.",character_experience.png,30,0,0,0,true,0,3,2,Mentor,"Having learned much in their long years of service, this character now turns their attention to training others.",39,x,,,,,,,,,,,,,,,,,,,,,,,,,,,,,,,,,,,,character_skill_level_details_tables,wh3_main_skill_all_mentor_lord|2|||
skill_level,warhammer_3,8.1.1,24237342,Vampire Coast,vampire_coast,wh2_dlc11_sc_cst_vampire_coast,Vampire Fleet Admiral (Deep),Vampire_Fleet_Admiral_Deep__admiral_fem_deep,lord,wh2_dlc11_cst_admiral_fem_deep,general,general,wh2_dlc11_cst_noctilus|wh2_dlc11_cst_noctilus_separatists|wh2_dlc11_cst_pirates_of_sartosa|wh2_dlc11_cst_pirates_of_sartosa_separatists|wh2_dlc11_cst_the_drowned|wh2_dlc11_cst_the_drowned_separatists|wh2_dlc11_cst_vampire_coast|wh2_dlc11_cst_vampire_coast_encounters|wh2_dlc11_cst_vampire_coast_qb1|wh2_dlc11_cst_vampire_coast_qb2|wh2_dlc11_cst_vampire_coast_qb3|wh2_dlc11_cst_vampire_coast_qb4|wh2_dlc11_cst_vampire_coast_rebellion_rebels|wh2_dlc11_cst_vampire_coast_rebels|wh2_dlc11_cst_vampire_coast_separatists|wh3_dlc21_cst_dead_flag_fleet|wh3_dlc24_cst_vampire_coast_bloated_rebels|wh3_dlc26_cst_vampire_coast_qb1|wh3_dlc26_cst_vampire_coast_qb2|wh3_main_cst_dread_rock_privateers,false,false,true,true,true,true,wh2_dlc11_lore_deep,cst_vampire_fleet_admiral_female,wh2_dlc11_skill_node_set_cst_admiral_fem_deep,,1,general,false,false,,,,wh3_dlc24_skill_node_all_mentor_lord,wh3_main_skill_all_mentor_lord,Mentor,"Having learned much in their long years of service, this character now turns their attention to training others.",character_experience.png,30,0,0,0,true,0,3,3,Mentor,"Having learned much in their long years of service, this character now turns their attention to training others.",49,x,,,,,,,,,,,,,,,,,,,,,,,,,,,,,,,,,,,,character_skill_level_details_tables,wh3_main_skill_all_mentor_lord|3|||
effect,warhammer_3,8.1.1,24237342,Vampire Coast,vampire_coast,wh2_dlc11_sc_cst_vampire_coast,Vampire Fleet Admiral (Deep),Vampire_Fleet_Admiral_Deep__admiral_fem_deep,lord,wh2_dlc11_cst_admiral_fem_deep,general,general,wh2_dlc11_cst_noctilus|wh2_dlc11_cst_noctilus_separatists|wh2_dlc11_cst_pirates_of_sartosa|wh2_dlc11_cst_pirates_of_sartosa_separatists|wh2_dlc11_cst_the_drowned|wh2_dlc11_cst_the_drowned_separatists|wh2_dlc11_cst_vampire_coast|wh2_dlc11_cst_vampire_coast_encounters|wh2_dlc11_cst_vampire_coast_qb1|wh2_dlc11_cst_vampire_coast_qb2|wh2_dlc11_cst_vampire_coast_qb3|wh2_dlc11_cst_vampire_coast_qb4|wh2_dlc11_cst_vampire_coast_rebellion_rebels|wh2_dlc11_cst_vampire_coast_rebels|wh2_dlc11_cst_vampire_coast_separatists|wh3_dlc21_cst_dead_flag_fleet|wh3_dlc24_cst_vampire_coast_bloated_rebels|wh3_dlc26_cst_vampire_coast_qb1|wh3_dlc26_cst_vampire_coast_qb2|wh3_main_cst_dread_rock_privateers,false,false,true,true,true,true,wh2_dlc11_lore_deep,cst_vampire_fleet_admiral_female,wh2_dlc11_skill_node_set_cst_admiral_fem_deep,,1,general,false,false,,,,wh3_dlc24_skill_node_all_mentor_lord,wh3_main_skill_all_mentor_lord,Mentor,"Having learned much in their long years of service, this character now turns their attention to training others.",character_experience.png,30,0,0,0,true,0,3,1,Mentor,"Having learned much in their long years of service, this character now turns their attention to training others.",,,,,,wh3_main_effect_character_campaign_experience_mod,Character experience gain: %+n%,,general_to_character_own_forcewide_heroes_only,20,campaign,14,true,experience.png,experience.png,,,,,,,,,,,,,,,,,,,,,,,character_skill_level_to_effects_junctions_tables,wh3_main_skill_all_mentor_lord|wh3_main_effect_character_campaign_experience_mod|1|general_to_character_own_forcewide_heroes_only
effect,warhammer_3,8.1.1,24237342,Vampire Coast,vampire_coast,wh2_dlc11_sc_cst_vampire_coast,Vampire Fleet Admiral (Deep),Vampire_Fleet_Admiral_Deep__admiral_fem_deep,lord,wh2_dlc11_cst_admiral_fem_deep,general,general,wh2_dlc11_cst_noctilus|wh2_dlc11_cst_noctilus_separatists|wh2_dlc11_cst_pirates_of_sartosa|wh2_dlc11_cst_pirates_of_sartosa_separatists|wh2_dlc11_cst_the_drowned|wh2_dlc11_cst_the_drowned_separatists|wh2_dlc11_cst_vampire_coast|wh2_dlc11_cst_vampire_coast_encounters|wh2_dlc11_cst_vampire_coast_qb1|wh2_dlc11_cst_vampire_coast_qb2|wh2_dlc11_cst_vampire_coast_qb3|wh2_dlc11_cst_vampire_coast_qb4|wh2_dlc11_cst_vampire_coast_rebellion_rebels|wh2_dlc11_cst_vampire_coast_rebels|wh2_dlc11_cst_vampire_coast_separatists|wh3_dlc21_cst_dead_flag_fleet|wh3_dlc24_cst_vampire_coast_bloated_rebels|wh3_dlc26_cst_vampire_coast_qb1|wh3_dlc26_cst_vampire_coast_qb2|wh3_main_cst_dread_rock_privateers,false,false,true,true,true,true,wh2_dlc11_lore_deep,cst_vampire_fleet_admiral_female,wh2_dlc11_skill_node_set_cst_admiral_fem_deep,,1,general,false,false,,,,wh3_dlc24_skill_node_all_mentor_lord,wh3_main_skill_all_mentor_lord,Mentor,"Having learned much in their long years of service, this character now turns their attention to training others.",character_experience.png,30,0,0,0,true,0,3,1,Mentor,"Having learned much in their long years of service, this character now turns their attention to training others.",,,,,,wh3_main_effect_character_xp_share_generic_lordtext,Character will share %+n% of experience earned between all other active [[img:icon_general]][[/img]]Lords,,character_to_character_own,15,campaign,10,true,experience.png,experience.png,,,,,,,,,,,,,,,,,,,,,,,character_skill_level_to_effects_junctions_tables,wh3_main_skill_all_mentor_lord|wh3_main_effect_character_xp_share_generic_lordtext|1|character_to_character_own
effect,warhammer_3,8.1.1,24237342,Vampire Coast,vampire_coast,wh2_dlc11_sc_cst_vampire_coast,Vampire Fleet Admiral (Deep),Vampire_Fleet_Admiral_Deep__admiral_fem_deep,lord,wh2_dlc11_cst_admiral_fem_deep,general,general,wh2_dlc11_cst_noctilus|wh2_dlc11_cst_noctilus_separatists|wh2_dlc11_cst_pirates_of_sartosa|wh2_dlc11_cst_pirates_of_sartosa_separatists|wh2_dlc11_cst_the_drowned|wh2_dlc11_cst_the_drowned_separatists|wh2_dlc11_cst_vampire_coast|wh2_dlc11_cst_vampire_coast_encounters|wh2_dlc11_cst_vampire_coast_qb1|wh2_dlc11_cst_vampire_coast_qb2|wh2_dlc11_cst_vampire_coast_qb3|wh2_dlc11_cst_vampire_coast_qb4|wh2_dlc11_cst_vampire_coast_rebellion_rebels|wh2_dlc11_cst_vampire_coast_rebels|wh2_dlc11_cst_vampire_coast_separatists|wh3_dlc21_cst_dead_flag_fleet|wh3_dlc24_cst_vampire_coast_bloated_rebels|wh3_dlc26_cst_vampire_coast_qb1|wh3_dlc26_cst_vampire_coast_qb2|wh3_main_cst_dread_rock_privateers,false,false,true,true,true,true,wh2_dlc11_lore_deep,cst_vampire_fleet_admiral_female,wh2_dlc11_skill_node_set_cst_admiral_fem_deep,,1,general,false,false,,,,wh3_dlc24_skill_node_all_mentor_lord,wh3_main_skill_all_mentor_lord,Mentor,"Having learned much in their long years of service, this character now turns their attention to training others.",character_experience.png,30,0,0,0,true,0,3,2,Mentor,"Having learned much in their long years of service, this character now turns their attention to training others.",,,,,,wh3_main_effect_character_campaign_experience_mod,Character experience gain: %+n%,,general_to_character_own_forcewide_heroes_only,35,campaign,14,true,experience.png,experience.png,,,,,,,,,,,,,,,,,,,,,,,character_skill_level_to_effects_junctions_tables,wh3_main_skill_all_mentor_lord|wh3_main_effect_character_campaign_experience_mod|2|general_to_character_own_forcewide_heroes_only
effect,warhammer_3,8.1.1,24237342,Vampire Coast,vampire_coast,wh2_dlc11_sc_cst_vampire_coast,Vampire Fleet Admiral (Deep),Vampire_Fleet_Admiral_Deep__admiral_fem_deep,lord,wh2_dlc11_cst_admiral_fem_deep,general,general,wh2_dlc11_cst_noctilus|wh2_dlc11_cst_noctilus_separatists|wh2_dlc11_cst_pirates_of_sartosa|wh2_dlc11_cst_pirates_of_sartosa_separatists|wh2_dlc11_cst_the_drowned|wh2_dlc11_cst_the_drowned_separatists|wh2_dlc11_cst_vampire_coast|wh2_dlc11_cst_vampire_coast_encounters|wh2_dlc11_cst_vampire_coast_qb1|wh2_dlc11_cst_vampire_coast_qb2|wh2_dlc11_cst_vampire_coast_qb3|wh2_dlc11_cst_vampire_coast_qb4|wh2_dlc11_cst_vampire_coast_rebellion_rebels|wh2_dlc11_cst_vampire_coast_rebels|wh2_dlc11_cst_vampire_coast_separatists|wh3_dlc21_cst_dead_flag_fleet|wh3_dlc24_cst_vampire_coast_bloated_rebels|wh3_dlc26_cst_vampire_coast_qb1|wh3_dlc26_cst_vampire_coast_qb2|wh3_main_cst_dread_rock_privateers,false,false,true,true,true,true,wh2_dlc11_lore_deep,cst_vampire_fleet_admiral_female,wh2_dlc11_skill_node_set_cst_admiral_fem_deep,,1,general,false,false,,,,wh3_dlc24_skill_node_all_mentor_lord,wh3_main_skill_all_mentor_lord,Mentor,"Having learned much in their long years of service, this character now turns their attention to training others.",character_experience.png,30,0,0,0,true,0,3,2,Mentor,"Having learned much in their long years of service, this character now turns their attention to training others.",,,,,,wh3_main_effect_character_xp_share_generic_lordtext,Character will share %+n% of experience earned between all other active [[img:icon_general]][[/img]]Lords,,character_to_character_own,30,campaign,10,true,experience.png,experience.png,,,,,,,,,,,,,,,,,,,,,,,character_skill_level_to_effects_junctions_tables,wh3_main_skill_all_mentor_lord|wh3_main_effect_character_xp_share_generic_lordtext|2|character_to_character_own
effect,warhammer_3,8.1.1,24237342,Vampire Coast,vampire_coast,wh2_dlc11_sc_cst_vampire_coast,Vampire Fleet Admiral (Deep),Vampire_Fleet_Admiral_Deep__admiral_fem_deep,lord,wh2_dlc11_cst_admiral_fem_deep,general,general,wh2_dlc11_cst_noctilus|wh2_dlc11_cst_noctilus_separatists|wh2_dlc11_cst_pirates_of_sartosa|wh2_dlc11_cst_pirates_of_sartosa_separatists|wh2_dlc11_cst_the_drowned|wh2_dlc11_cst_the_drowned_separatists|wh2_dlc11_cst_vampire_coast|wh2_dlc11_cst_vampire_coast_encounters|wh2_dlc11_cst_vampire_coast_qb1|wh2_dlc11_cst_vampire_coast_qb2|wh2_dlc11_cst_vampire_coast_qb3|wh2_dlc11_cst_vampire_coast_qb4|wh2_dlc11_cst_vampire_coast_rebellion_rebels|wh2_dlc11_cst_vampire_coast_rebels|wh2_dlc11_cst_vampire_coast_separatists|wh3_dlc21_cst_dead_flag_fleet|wh3_dlc24_cst_vampire_coast_bloated_rebels|wh3_dlc26_cst_vampire_coast_qb1|wh3_dlc26_cst_vampire_coast_qb2|wh3_main_cst_dread_rock_privateers,false,false,true,true,true,true,wh2_dlc11_lore_deep,cst_vampire_fleet_admiral_female,wh2_dlc11_skill_node_set_cst_admiral_fem_deep,,1,general,false,false,,,,wh3_dlc24_skill_node_all_mentor_lord,wh3_main_skill_all_mentor_lord,Mentor,"Having learned much in their long years of service, this character now turns their attention to training others.",character_experience.png,30,0,0,0,true,0,3,3,Mentor,"Having learned much in their long years of service, this character now turns their attention to training others.",,,,,,wh3_main_effect_character_campaign_experience_mod,Character experience gain: %+n%,,general_to_character_own_forcewide_heroes_only,50,campaign,14,true,experience.png,experience.png,,,,,,,,,,,,,,,,,,,,,,,character_skill_level_to_effects_junctions_tables,wh3_main_skill_all_mentor_lord|wh3_main_effect_character_campaign_experience_mod|3|general_to_character_own_forcewide_heroes_only
effect,warhammer_3,8.1.1,24237342,Vampire Coast,vampire_coast,wh2_dlc11_sc_cst_vampire_coast,Vampire Fleet Admiral (Deep),Vampire_Fleet_Admiral_Deep__admiral_fem_deep,lord,wh2_dlc11_cst_admiral_fem_deep,general,general,wh2_dlc11_cst_noctilus|wh2_dlc11_cst_noctilus_separatists|wh2_dlc11_cst_pirates_of_sartosa|wh2_dlc11_cst_pirates_of_sartosa_separatists|wh2_dlc11_cst_the_drowned|wh2_dlc11_cst_the_drowned_separatists|wh2_dlc11_cst_vampire_coast|wh2_dlc11_cst_vampire_coast_encounters|wh2_dlc11_cst_vampire_coast_qb1|wh2_dlc11_cst_vampire_coast_qb2|wh2_dlc11_cst_vampire_coast_qb3|wh2_dlc11_cst_vampire_coast_qb4|wh2_dlc11_cst_vampire_coast_rebellion_rebels|wh2_dlc11_cst_vampire_coast_rebels|wh2_dlc11_cst_vampire_coast_separatists|wh3_dlc21_cst_dead_flag_fleet|wh3_dlc24_cst_vampire_coast_bloated_rebels|wh3_dlc26_cst_vampire_coast_qb1|wh3_dlc26_cst_vampire_coast_qb2|wh3_main_cst_dread_rock_privateers,false,false,true,true,true,true,wh2_dlc11_lore_deep,cst_vampire_fleet_admiral_female,wh2_dlc11_skill_node_set_cst_admiral_fem_deep,,1,general,false,false,,,,wh3_dlc24_skill_node_all_mentor_lord,wh3_main_skill_all_mentor_lord,Mentor,"Having learned much in their long years of service, this character now turns their attention to training others.",character_experience.png,30,0,0,0,true,0,3,3,Mentor,"Having learned much in their long years of service, this character now turns their attention to training others.",,,,,,wh3_main_effect_character_xp_share_generic_lordtext,Character will share %+n% of experience earned between all other active [[img:icon_general]][[/img]]Lords,,character_to_character_own,50,campaign,10,true,experience.png,experience.png,,,,,,,,,,,,,,,,,,,,,,,character_skill_level_to_effects_junctions_tables,wh3_main_skill_all_mentor_lord|wh3_main_effect_character_xp_share_generic_lordtext|3|character_to_character_own
prerequisite,warhammer_3,8.1.1,24237342,Vampire Coast,vampire_coast,wh2_dlc11_sc_cst_vampire_coast,Vampire Fleet Admiral (Deep),Vampire_Fleet_Admiral_Deep__admiral_fem_deep,lord,wh2_dlc11_cst_admiral_fem_deep,general,general,wh2_dlc11_cst_noctilus|wh2_dlc11_cst_noctilus_separatists|wh2_dlc11_cst_pirates_of_sartosa|wh2_dlc11_cst_pirates_of_sartosa_separatists|wh2_dlc11_cst_the_drowned|wh2_dlc11_cst_the_drowned_separatists|wh2_dlc11_cst_vampire_coast|wh2_dlc11_cst_vampire_coast_encounters|wh2_dlc11_cst_vampire_coast_qb1|wh2_dlc11_cst_vampire_coast_qb2|wh2_dlc11_cst_vampire_coast_qb3|wh2_dlc11_cst_vampire_coast_qb4|wh2_dlc11_cst_vampire_coast_rebellion_rebels|wh2_dlc11_cst_vampire_coast_rebels|wh2_dlc11_cst_vampire_coast_separatists|wh3_dlc21_cst_dead_flag_fleet|wh3_dlc24_cst_vampire_coast_bloated_rebels|wh3_dlc26_cst_vampire_coast_qb1|wh3_dlc26_cst_vampire_coast_qb2|wh3_main_cst_dread_rock_privateers,false,false,true,true,true,true,wh2_dlc11_lore_deep,cst_vampire_fleet_admiral_female,wh2_dlc11_skill_node_set_cst_admiral_fem_deep,,1,general,false,false,,,,wh2_dlc11_skill_cst_admiral_fem_deep_army_01,wh2_dlc11_skill_cst_army_1,Held Together by Screws,,,,,,,,,,,,,,,,,,,,,,,,,,,,wh2_dlc11_skill_cst_admiral_fem_deep_army_00,wh_main_skill_all_lord_battle_inspiring_presence,Inspiring Presence,wh2_dlc11_skill_cst_admiral_fem_deep_army_01,wh2_dlc11_skill_cst_army_1,Held Together by Screws,REQUIRED,0,1,1,0,0,,,,,,,,,,,character_skill_node_links_tables,wh2_dlc11_skill_cst_admiral_fem_deep_army_00|wh2_dlc11_skill_cst_admiral_fem_deep_army_01|REQUIRED
prerequisite,warhammer_3,8.1.1,24237342,Vampire Coast,vampire_coast,wh2_dlc11_sc_cst_vampire_coast,Vampire Fleet Admiral (Deep),Vampire_Fleet_Admiral_Deep__admiral_fem_deep,lord,wh2_dlc11_cst_admiral_fem_deep,general,general,wh2_dlc11_cst_noctilus|wh2_dlc11_cst_noctilus_separatists|wh2_dlc11_cst_pirates_of_sartosa|wh2_dlc11_cst_pirates_of_sartosa_separatists|wh2_dlc11_cst_the_drowned|wh2_dlc11_cst_the_drowned_separatists|wh2_dlc11_cst_vampire_coast|wh2_dlc11_cst_vampire_coast_encounters|wh2_dlc11_cst_vampire_coast_qb1|wh2_dlc11_cst_vampire_coast_qb2|wh2_dlc11_cst_vampire_coast_qb3|wh2_dlc11_cst_vampire_coast_qb4|wh2_dlc11_cst_vampire_coast_rebellion_rebels|wh2_dlc11_cst_vampire_coast_rebels|wh2_dlc11_cst_vampire_coast_separatists|wh3_dlc21_cst_dead_flag_fleet|wh3_dlc24_cst_vampire_coast_bloated_rebels|wh3_dlc26_cst_vampire_coast_qb1|wh3_dlc26_cst_vampire_coast_qb2|wh3_main_cst_dread_rock_privateers,false,false,true,true,true,true,wh2_dlc11_lore_deep,cst_vampire_fleet_admiral_female,wh2_dlc11_skill_node_set_cst_admiral_fem_deep,,1,general,false,false,,,,wh2_dlc11_skill_cst_admiral_fem_deep_army_02,wh2_dlc11_skill_cst_army_2,Reanimated Marksman,,,,,,,,,,,,,,,,,,,,,,,,,,,,wh2_dlc11_skill_cst_admiral_fem_deep_army_00,wh_main_skill_all_lord_battle_inspiring_presence,Inspiring Presence,wh2_dlc11_skill_cst_admiral_fem_deep_army_02,wh2_dlc11_skill_cst_army_2,Reanimated Marksman,REQUIRED,0,1,1,0,0,,,,,,,,,,,character_skill_node_links_tables,wh2_dlc11_skill_cst_admiral_fem_deep_army_00|wh2_dlc11_skill_cst_admiral_fem_deep_army_02|REQUIRED
prerequisite,warhammer_3,8.1.1,24237342,Vampire Coast,vampire_coast,wh2_dlc11_sc_cst_vampire_coast,Vampire Fleet Admiral (Deep),Vampire_Fleet_Admiral_Deep__admiral_fem_deep,lord,wh2_dlc11_cst_admiral_fem_deep,general,general,wh2_dlc11_cst_noctilus|wh2_dlc11_cst_noctilus_separatists|wh2_dlc11_cst_pirates_of_sartosa|wh2_dlc11_cst_pirates_of_sartosa_separatists|wh2_dlc11_cst_the_drowned|wh2_dlc11_cst_the_drowned_separatists|wh2_dlc11_cst_vampire_coast|wh2_dlc11_cst_vampire_coast_encounters|wh2_dlc11_cst_vampire_coast_qb1|wh2_dlc11_cst_vampire_coast_qb2|wh2_dlc11_cst_vampire_coast_qb3|wh2_dlc11_cst_vampire_coast_qb4|wh2_dlc11_cst_vampire_coast_rebellion_rebels|wh2_dlc11_cst_vampire_coast_rebels|wh2_dlc11_cst_vampire_coast_separatists|wh3_dlc21_cst_dead_flag_fleet|wh3_dlc24_cst_vampire_coast_bloated_rebels|wh3_dlc26_cst_vampire_coast_qb1|wh3_dlc26_cst_vampire_coast_qb2|wh3_main_cst_dread_rock_privateers,false,false,true,true,true,true,wh2_dlc11_lore_deep,cst_vampire_fleet_admiral_female,wh2_dlc11_skill_node_set_cst_admiral_fem_deep,,1,general,false,false,,,,wh2_dlc11_skill_cst_admiral_fem_deep_army_03,wh2_dlc11_skill_cst_army_3,Black Powder Overload,,,,,,,,,,,,,,,,,,,,,,,,,,,,wh2_dlc11_skill_cst_admiral_fem_deep_army_00,wh_main_skill_all_lord_battle_inspiring_presence,Inspiring Presence,wh2_dlc11_skill_cst_admiral_fem_deep_army_03,wh2_dlc11_skill_cst_army_3,Black Powder Overload,REQUIRED,0,1,1,0,0,,,,,,,,,,,character_skill_node_links_tables,wh2_dlc11_skill_cst_admiral_fem_deep_army_00|wh2_dlc11_skill_cst_admiral_fem_deep_army_03|REQUIRED
prerequisite,warhammer_3,8.1.1,24237342,Vampire Coast,vampire_coast,wh2_dlc11_sc_cst_vampire_coast,Vampire Fleet Admiral (Deep),Vampire_Fleet_Admiral_Deep__admiral_fem_deep,lord,wh2_dlc11_cst_admiral_fem_deep,general,general,wh2_dlc11_cst_noctilus|wh2_dlc11_cst_noctilus_separatists|wh2_dlc11_cst_pirates_of_sartosa|wh2_dlc11_cst_pirates_of_sartosa_separatists|wh2_dlc11_cst_the_drowned|wh2_dlc11_cst_the_drowned_separatists|wh2_dlc11_cst_vampire_coast|wh2_dlc11_cst_vampire_coast_encounters|wh2_dlc11_cst_vampire_coast_qb1|wh2_dlc11_cst_vampire_coast_qb2|wh2_dlc11_cst_vampire_coast_qb3|wh2_dlc11_cst_vampire_coast_qb4|wh2_dlc11_cst_vampire_coast_rebellion_rebels|wh2_dlc11_cst_vampire_coast_rebels|wh2_dlc11_cst_vampire_coast_separatists|wh3_dlc21_cst_dead_flag_fleet|wh3_dlc24_cst_vampire_coast_bloated_rebels|wh3_dlc26_cst_vampire_coast_qb1|wh3_dlc26_cst_vampire_coast_qb2|wh3_main_cst_dread_rock_privateers,false,false,true,true,true,true,wh2_dlc11_lore_deep,cst_vampire_fleet_admiral_female,wh2_dlc11_skill_node_set_cst_admiral_fem_deep,,1,general,false,false,,,,wh2_dlc11_skill_cst_admiral_fem_deep_army_04,wh2_dlc11_skill_cst_army_4,Rotten Death,,,,,,,,,,,,,,,,,,,,,,,,,,,,wh2_dlc11_skill_cst_admiral_fem_deep_army_00,wh_main_skill_all_lord_battle_inspiring_presence,Inspiring Presence,wh2_dlc11_skill_cst_admiral_fem_deep_army_04,wh2_dlc11_skill_cst_army_4,Rotten Death,REQUIRED,0,1,1,0,0,,,,,,,,,,,character_skill_node_links_tables,wh2_dlc11_skill_cst_admiral_fem_deep_army_00|wh2_dlc11_skill_cst_admiral_fem_deep_army_04|REQUIRED
prerequisite,warhammer_3,8.1.1,24237342,Vampire Coast,vampire_coast,wh2_dlc11_sc_cst_vampire_coast,Vampire Fleet Admiral (Deep),Vampire_Fleet_Admiral_Deep__admiral_fem_deep,lord,wh2_dlc11_cst_admiral_fem_deep,general,general,wh2_dlc11_cst_noctilus|wh2_dlc11_cst_noctilus_separatists|wh2_dlc11_cst_pirates_of_sartosa|wh2_dlc11_cst_pirates_of_sartosa_separatists|wh2_dlc11_cst_the_drowned|wh2_dlc11_cst_the_drowned_separatists|wh2_dlc11_cst_vampire_coast|wh2_dlc11_cst_vampire_coast_encounters|wh2_dlc11_cst_vampire_coast_qb1|wh2_dlc11_cst_vampire_coast_qb2|wh2_dlc11_cst_vampire_coast_qb3|wh2_dlc11_cst_vampire_coast_qb4|wh2_dlc11_cst_vampire_coast_rebellion_rebels|wh2_dlc11_cst_vampire_coast_rebels|wh2_dlc11_cst_vampire_coast_separatists|wh3_dlc21_cst_dead_flag_fleet|wh3_dlc24_cst_vampire_coast_bloated_rebels|wh3_dlc26_cst_vampire_coast_qb1|wh3_dlc26_cst_vampire_coast_qb2|wh3_main_cst_dread_rock_privateers,false,false,true,true,true,true,wh2_dlc11_lore_deep,cst_vampire_fleet_admiral_female,wh2_dlc11_skill_node_set_cst_admiral_fem_deep,,1,general,false,false,,,,wh2_dlc11_skill_cst_admiral_fem_deep_army_05,wh2_dlc11_skill_cst_army_5,Haunting Horror,,,,,,,,,,,,,,,,,,,,,,,,,,,,wh2_dlc11_skill_cst_admiral_fem_deep_army_00,wh_main_skill_all_lord_battle_inspiring_presence,Inspiring Presence,wh2_dlc11_skill_cst_admiral_fem_deep_army_05,wh2_dlc11_skill_cst_army_5,Haunting Horror,REQUIRED,0,1,1,0,0,,,,,,,,,,,character_skill_node_links_tables,wh2_dlc11_skill_cst_admiral_fem_deep_army_00|wh2_dlc11_skill_cst_admiral_fem_deep_army_05|REQUIRED
prerequisite,warhammer_3,8.1.1,24237342,Vampire Coast,vampire_coast,wh2_dlc11_sc_cst_vampire_coast,Vampire Fleet Admiral (Deep),Vampire_Fleet_Admiral_Deep__admiral_fem_deep,lord,wh2_dlc11_cst_admiral_fem_deep,general,general,wh2_dlc11_cst_noctilus|wh2_dlc11_cst_noctilus_separatists|wh2_dlc11_cst_pirates_of_sartosa|wh2_dlc11_cst_pirates_of_sartosa_separatists|wh2_dlc11_cst_the_drowned|wh2_dlc11_cst_the_drowned_separatists|wh2_dlc11_cst_vampire_coast|wh2_dlc11_cst_vampire_coast_encounters|wh2_dlc11_cst_vampire_coast_qb1|wh2_dlc11_cst_vampire_coast_qb2|wh2_dlc11_cst_vampire_coast_qb3|wh2_dlc11_cst_vampire_coast_qb4|wh2_dlc11_cst_vampire_coast_rebellion_rebels|wh2_dlc11_cst_vampire_coast_rebels|wh2_dlc11_cst_vampire_coast_separatists|wh3_dlc21_cst_dead_flag_fleet|wh3_dlc24_cst_vampire_coast_bloated_rebels|wh3_dlc26_cst_vampire_coast_qb1|wh3_dlc26_cst_vampire_coast_qb2|wh3_main_cst_dread_rock_privateers,false,false,true,true,true,true,wh2_dlc11_lore_deep,cst_vampire_fleet_admiral_female,wh2_dlc11_skill_node_set_cst_admiral_fem_deep,,1,general,false,false,,,,wh2_dlc11_skill_cst_admiral_fem_deep_army_06,wh2_dlc11_skill_cst_army_6,Drowned & Bound,,,,,,,,,,,,,,,,,,,,,,,,,,,,wh2_dlc11_skill_cst_admiral_fem_deep_army_00,wh_main_skill_all_lord_battle_inspiring_presence,Inspiring Presence,wh2_dlc11_skill_cst_admiral_fem_deep_army_06,wh2_dlc11_skill_cst_army_6,Drowned & Bound,REQUIRED,0,1,1,0,0,,,,,,,,,,,character_skill_node_links_tables,wh2_dlc11_skill_cst_admiral_fem_deep_army_00|wh2_dlc11_skill_cst_admiral_fem_deep_army_06|REQUIRED
prerequisite,warhammer_3,8.1.1,24237342,Vampire Coast,vampire_coast,wh2_dlc11_sc_cst_vampire_coast,Vampire Fleet Admiral (Deep),Vampire_Fleet_Admiral_Deep__admiral_fem_deep,lord,wh2_dlc11_cst_admiral_fem_deep,general,general,wh2_dlc11_cst_noctilus|wh2_dlc11_cst_noctilus_separatists|wh2_dlc11_cst_pirates_of_sartosa|wh2_dlc11_cst_pirates_of_sartosa_separatists|wh2_dlc11_cst_the_drowned|wh2_dlc11_cst_the_drowned_separatists|wh2_dlc11_cst_vampire_coast|wh2_dlc11_cst_vampire_coast_encounters|wh2_dlc11_cst_vampire_coast_qb1|wh2_dlc11_cst_vampire_coast_qb2|wh2_dlc11_cst_vampire_coast_qb3|wh2_dlc11_cst_vampire_coast_qb4|wh2_dlc11_cst_vampire_coast_rebellion_rebels|wh2_dlc11_cst_vampire_coast_rebels|wh2_dlc11_cst_vampire_coast_separatists|wh3_dlc21_cst_dead_flag_fleet|wh3_dlc24_cst_vampire_coast_bloated_rebels|wh3_dlc26_cst_vampire_coast_qb1|wh3_dlc26_cst_vampire_coast_qb2|wh3_main_cst_dread_rock_privateers,false,false,true,true,true,true,wh2_dlc11_lore_deep,cst_vampire_fleet_admiral_female,wh2_dlc11_skill_node_set_cst_admiral_fem_deep,,1,general,false,false,,,,wh2_dlc11_skill_cst_admiral_fem_deep_army_07_avast_ye,wh2_dlc11_skill_cst_army_7_avast_ye,Avast Ye!,,,,,,,,,,,,,,,,,,,,,,,,,,,,wh2_dlc11_skill_cst_admiral_fem_deep_army_01,wh2_dlc11_skill_cst_army_1,Held Together by Screws,wh2_dlc11_skill_cst_admiral_fem_deep_army_07_avast_ye,wh2_dlc11_skill_cst_army_7_avast_ye,Avast Ye!,SUBSET_REQUIRED,0,1,1,0,0,,,,,,,,,,,character_skill_node_links_tables,wh2_dlc11_skill_cst_admiral_fem_deep_army_01|wh2_dlc11_skill_cst_admiral_fem_deep_army_07_avast_ye|SUBSET_REQUIRED
prerequisite,warhammer_3,8.1.1,24237342,Vampire Coast,vampire_coast,wh2_dlc11_sc_cst_vampire_coast,Vampire Fleet Admiral (Deep),Vampire_Fleet_Admiral_Deep__admiral_fem_deep,lord,wh2_dlc11_cst_admiral_fem_deep,general,general,wh2_dlc11_cst_noctilus|wh2_dlc11_cst_noctilus_separatists|wh2_dlc11_cst_pirates_of_sartosa|wh2_dlc11_cst_pirates_of_sartosa_separatists|wh2_dlc11_cst_the_drowned|wh2_dlc11_cst_the_drowned_separatists|wh2_dlc11_cst_vampire_coast|wh2_dlc11_cst_vampire_coast_encounters|wh2_dlc11_cst_vampire_coast_qb1|wh2_dlc11_cst_vampire_coast_qb2|wh2_dlc11_cst_vampire_coast_qb3|wh2_dlc11_cst_vampire_coast_qb4|wh2_dlc11_cst_vampire_coast_rebellion_rebels|wh2_dlc11_cst_vampire_coast_rebels|wh2_dlc11_cst_vampire_coast_separatists|wh3_dlc21_cst_dead_flag_fleet|wh3_dlc24_cst_vampire_coast_bloated_rebels|wh3_dlc26_cst_vampire_coast_qb1|wh3_dlc26_cst_vampire_coast_qb2|wh3_main_cst_dread_rock_privateers,false,false,true,true,true,true,wh2_dlc11_lore_deep,cst_vampire_fleet_admiral_female,wh2_dlc11_skill_node_set_cst_admiral_fem_deep,,1,general,false,false,,,,wh2_dlc11_skill_cst_admiral_fem_deep_army_07_avast_ye,wh2_dlc11_skill_cst_army_7_avast_ye,Avast Ye!,,,,,,,,,,,,,,,,,,,,,,,,,,,,wh2_dlc11_skill_cst_admiral_fem_deep_army_02,wh2_dlc11_skill_cst_army_2,Reanimated Marksman,wh2_dlc11_skill_cst_admiral_fem_deep_army_07_avast_ye,wh2_dlc11_skill_cst_army_7_avast_ye,Avast Ye!,SUBSET_REQUIRED,0,1,1,0,0,,,,,,,,,,,character_skill_node_links_tables,wh2_dlc11_skill_cst_admiral_fem_deep_army_02|wh2_dlc11_skill_cst_admiral_fem_deep_army_07_avast_ye|SUBSET_REQUIRED
prerequisite,warhammer_3,8.1.1,24237342,Vampire Coast,vampire_coast,wh2_dlc11_sc_cst_vampire_coast,Vampire Fleet Admiral (Deep),Vampire_Fleet_Admiral_Deep__admiral_fem_deep,lord,wh2_dlc11_cst_admiral_fem_deep,general,general,wh2_dlc11_cst_noctilus|wh2_dlc11_cst_noctilus_separatists|wh2_dlc11_cst_pirates_of_sartosa|wh2_dlc11_cst_pirates_of_sartosa_separatists|wh2_dlc11_cst_the_drowned|wh2_dlc11_cst_the_drowned_separatists|wh2_dlc11_cst_vampire_coast|wh2_dlc11_cst_vampire_coast_encounters|wh2_dlc11_cst_vampire_coast_qb1|wh2_dlc11_cst_vampire_coast_qb2|wh2_dlc11_cst_vampire_coast_qb3|wh2_dlc11_cst_vampire_coast_qb4|wh2_dlc11_cst_vampire_coast_rebellion_rebels|wh2_dlc11_cst_vampire_coast_rebels|wh2_dlc11_cst_vampire_coast_separatists|wh3_dlc21_cst_dead_flag_fleet|wh3_dlc24_cst_vampire_coast_bloated_rebels|wh3_dlc26_cst_vampire_coast_qb1|wh3_dlc26_cst_vampire_coast_qb2|wh3_main_cst_dread_rock_privateers,false,false,true,true,true,true,wh2_dlc11_lore_deep,cst_vampire_fleet_admiral_female,wh2_dlc11_skill_node_set_cst_admiral_fem_deep,,1,general,false,false,,,,wh2_dlc11_skill_cst_admiral_fem_deep_army_07_avast_ye,wh2_dlc11_skill_cst_army_7_avast_ye,Avast Ye!,,,,,,,,,,,,,,,,,,,,,,,,,,,,wh2_dlc11_skill_cst_admiral_fem_deep_army_03,wh2_dlc11_skill_cst_army_3,Black Powder Overload,wh2_dlc11_skill_cst_admiral_fem_deep_army_07_avast_ye,wh2_dlc11_skill_cst_army_7_avast_ye,Avast Ye!,SUBSET_REQUIRED,0,1,1,0,0,,,,,,,,,,,character_skill_node_links_tables,wh2_dlc11_skill_cst_admiral_fem_deep_army_03|wh2_dlc11_skill_cst_admiral_fem_deep_army_07_avast_ye|SUBSET_REQUIRED
prerequisite,warhammer_3,8.1.1,24237342,Vampire Coast,vampire_coast,wh2_dlc11_sc_cst_vampire_coast,Vampire Fleet Admiral (Deep),Vampire_Fleet_Admiral_Deep__admiral_fem_deep,lord,wh2_dlc11_cst_admiral_fem_deep,general,general,wh2_dlc11_cst_noctilus|wh2_dlc11_cst_noctilus_separatists|wh2_dlc11_cst_pirates_of_sartosa|wh2_dlc11_cst_pirates_of_sartosa_separatists|wh2_dlc11_cst_the_drowned|wh2_dlc11_cst_the_drowned_separatists|wh2_dlc11_cst_vampire_coast|wh2_dlc11_cst_vampire_coast_encounters|wh2_dlc11_cst_vampire_coast_qb1|wh2_dlc11_cst_vampire_coast_qb2|wh2_dlc11_cst_vampire_coast_qb3|wh2_dlc11_cst_vampire_coast_qb4|wh2_dlc11_cst_vampire_coast_rebellion_rebels|wh2_dlc11_cst_vampire_coast_rebels|wh2_dlc11_cst_vampire_coast_separatists|wh3_dlc21_cst_dead_flag_fleet|wh3_dlc24_cst_vampire_coast_bloated_rebels|wh3_dlc26_cst_vampire_coast_qb1|wh3_dlc26_cst_vampire_coast_qb2|wh3_main_cst_dread_rock_privateers,false,false,true,true,true,true,wh2_dlc11_lore_deep,cst_vampire_fleet_admiral_female,wh2_dlc11_skill_node_set_cst_admiral_fem_deep,,1,general,false,false,,,,wh2_dlc11_skill_cst_admiral_fem_deep_army_07_avast_ye,wh2_dlc11_skill_cst_army_7_avast_ye,Avast Ye!,,,,,,,,,,,,,,,,,,,,,,,,,,,,wh2_dlc11_skill_cst_admiral_fem_deep_army_04,wh2_dlc11_skill_cst_army_4,Rotten Death,wh2_dlc11_skill_cst_admiral_fem_deep_army_07_avast_ye,wh2_dlc11_skill_cst_army_7_avast_ye,Avast Ye!,SUBSET_REQUIRED,0,1,1,0,0,,,,,,,,,,,character_skill_node_links_tables,wh2_dlc11_skill_cst_admiral_fem_deep_army_04|wh2_dlc11_skill_cst_admiral_fem_deep_army_07_avast_ye|SUBSET_REQUIRED
prerequisite,warhammer_3,8.1.1,24237342,Vampire Coast,vampire_coast,wh2_dlc11_sc_cst_vampire_coast,Vampire Fleet Admiral (Deep),Vampire_Fleet_Admiral_Deep__admiral_fem_deep,lord,wh2_dlc11_cst_admiral_fem_deep,general,general,wh2_dlc11_cst_noctilus|wh2_dlc11_cst_noctilus_separatists|wh2_dlc11_cst_pirates_of_sartosa|wh2_dlc11_cst_pirates_of_sartosa_separatists|wh2_dlc11_cst_the_drowned|wh2_dlc11_cst_the_drowned_separatists|wh2_dlc11_cst_vampire_coast|wh2_dlc11_cst_vampire_coast_encounters|wh2_dlc11_cst_vampire_coast_qb1|wh2_dlc11_cst_vampire_coast_qb2|wh2_dlc11_cst_vampire_coast_qb3|wh2_dlc11_cst_vampire_coast_qb4|wh2_dlc11_cst_vampire_coast_rebellion_rebels|wh2_dlc11_cst_vampire_coast_rebels|wh2_dlc11_cst_vampire_coast_separatists|wh3_dlc21_cst_dead_flag_fleet|wh3_dlc24_cst_vampire_coast_bloated_rebels|wh3_dlc26_cst_vampire_coast_qb1|wh3_dlc26_cst_vampire_coast_qb2|wh3_main_cst_dread_rock_privateers,false,false,true,true,true,true,wh2_dlc11_lore_deep,cst_vampire_fleet_admiral_female,wh2_dlc11_skill_node_set_cst_admiral_fem_deep,,1,general,false,false,,,,wh2_dlc11_skill_cst_admiral_fem_deep_army_07_avast_ye,wh2_dlc11_skill_cst_army_7_avast_ye,Avast Ye!,,,,,,,,,,,,,,,,,,,,,,,,,,,,wh2_dlc11_skill_cst_admiral_fem_deep_army_05,wh2_dlc11_skill_cst_army_5,Haunting Horror,wh2_dlc11_skill_cst_admiral_fem_deep_army_07_avast_ye,wh2_dlc11_skill_cst_army_7_avast_ye,Avast Ye!,SUBSET_REQUIRED,0,1,1,0,0,,,,,,,,,,,character_skill_node_links_tables,wh2_dlc11_skill_cst_admiral_fem_deep_army_05|wh2_dlc11_skill_cst_admiral_fem_deep_army_07_avast_ye|SUBSET_REQUIRED
prerequisite,warhammer_3,8.1.1,24237342,Vampire Coast,vampire_coast,wh2_dlc11_sc_cst_vampire_coast,Vampire Fleet Admiral (Deep),Vampire_Fleet_Admiral_Deep__admiral_fem_deep,lord,wh2_dlc11_cst_admiral_fem_deep,general,general,wh2_dlc11_cst_noctilus|wh2_dlc11_cst_noctilus_separatists|wh2_dlc11_cst_pirates_of_sartosa|wh2_dlc11_cst_pirates_of_sartosa_separatists|wh2_dlc11_cst_the_drowned|wh2_dlc11_cst_the_drowned_separatists|wh2_dlc11_cst_vampire_coast|wh2_dlc11_cst_vampire_coast_encounters|wh2_dlc11_cst_vampire_coast_qb1|wh2_dlc11_cst_vampire_coast_qb2|wh2_dlc11_cst_vampire_coast_qb3|wh2_dlc11_cst_vampire_coast_qb4|wh2_dlc11_cst_vampire_coast_rebellion_rebels|wh2_dlc11_cst_vampire_coast_rebels|wh2_dlc11_cst_vampire_coast_separatists|wh3_dlc21_cst_dead_flag_fleet|wh3_dlc24_cst_vampire_coast_bloated_rebels|wh3_dlc26_cst_vampire_coast_qb1|wh3_dlc26_cst_vampire_coast_qb2|wh3_main_cst_dread_rock_privateers,false,false,true,true,true,true,wh2_dlc11_lore_deep,cst_vampire_fleet_admiral_female,wh2_dlc11_skill_node_set_cst_admiral_fem_deep,,1,general,false,false,,,,wh2_dlc11_skill_cst_admiral_fem_deep_army_07_avast_ye,wh2_dlc11_skill_cst_army_7_avast_ye,Avast Ye!,,,,,,,,,,,,,,,,,,,,,,,,,,,,wh2_dlc11_skill_cst_admiral_fem_deep_army_06,wh2_dlc11_skill_cst_army_6,Drowned & Bound,wh2_dlc11_skill_cst_admiral_fem_deep_army_07_avast_ye,wh2_dlc11_skill_cst_army_7_avast_ye,Avast Ye!,SUBSET_REQUIRED,0,1,1,0,0,,,,,,,,,,,character_skill_node_links_tables,wh2_dlc11_skill_cst_admiral_fem_deep_army_06|wh2_dlc11_skill_cst_admiral_fem_deep_army_07_avast_ye|SUBSET_REQUIRED
prerequisite,warhammer_3,8.1.1,24237342,Vampire Coast,vampire_coast,wh2_dlc11_sc_cst_vampire_coast,Vampire Fleet Admiral (Deep),Vampire_Fleet_Admiral_Deep__admiral_fem_deep,lord,wh2_dlc11_cst_admiral_fem_deep,general,general,wh2_dlc11_cst_noctilus|wh2_dlc11_cst_noctilus_separatists|wh2_dlc11_cst_pirates_of_sartosa|wh2_dlc11_cst_pirates_of_sartosa_separatists|wh2_dlc11_cst_the_drowned|wh2_dlc11_cst_the_drowned_separatists|wh2_dlc11_cst_vampire_coast|wh2_dlc11_cst_vampire_coast_encounters|wh2_dlc11_cst_vampire_coast_qb1|wh2_dlc11_cst_vampire_coast_qb2|wh2_dlc11_cst_vampire_coast_qb3|wh2_dlc11_cst_vampire_coast_qb4|wh2_dlc11_cst_vampire_coast_rebellion_rebels|wh2_dlc11_cst_vampire_coast_rebels|wh2_dlc11_cst_vampire_coast_separatists|wh3_dlc21_cst_dead_flag_fleet|wh3_dlc24_cst_vampire_coast_bloated_rebels|wh3_dlc26_cst_vampire_coast_qb1|wh3_dlc26_cst_vampire_coast_qb2|wh3_main_cst_dread_rock_privateers,false,false,true,true,true,true,wh2_dlc11_lore_deep,cst_vampire_fleet_admiral_female,wh2_dlc11_skill_node_set_cst_admiral_fem_deep,,1,general,false,false,,,,wh2_dlc11_skill_cst_admiral_fem_deep_army_08,wh2_dlc11_skill_cst_army_8,Deadly March,,,,,,,,,,,,,,,,,,,,,,,,,,,,wh2_dlc11_skill_cst_admiral_fem_deep_army_07_avast_ye,wh2_dlc11_skill_cst_army_7_avast_ye,Avast Ye!,wh2_dlc11_skill_cst_admiral_fem_deep_army_08,wh2_dlc11_skill_cst_army_8,Deadly March,REQUIRED,0,1,1,0,0,,,,,,,,,,,character_skill_node_links_tables,wh2_dlc11_skill_cst_admiral_fem_deep_army_07_avast_ye|wh2_dlc11_skill_cst_admiral_fem_deep_army_08|REQUIRED
prerequisite,warhammer_3,8.1.1,24237342,Vampire Coast,vampire_coast,wh2_dlc11_sc_cst_vampire_coast,Vampire Fleet Admiral (Deep),Vampire_Fleet_Admiral_Deep__admiral_fem_deep,lord,wh2_dlc11_cst_admiral_fem_deep,general,general,wh2_dlc11_cst_noctilus|wh2_dlc11_cst_noctilus_separatists|wh2_dlc11_cst_pirates_of_sartosa|wh2_dlc11_cst_pirates_of_sartosa_separatists|wh2_dlc11_cst_the_drowned|wh2_dlc11_cst_the_drowned_separatists|wh2_dlc11_cst_vampire_coast|wh2_dlc11_cst_vampire_coast_encounters|wh2_dlc11_cst_vampire_coast_qb1|wh2_dlc11_cst_vampire_coast_qb2|wh2_dlc11_cst_vampire_coast_qb3|wh2_dlc11_cst_vampire_coast_qb4|wh2_dlc11_cst_vampire_coast_rebellion_rebels|wh2_dlc11_cst_vampire_coast_rebels|wh2_dlc11_cst_vampire_coast_separatists|wh3_dlc21_cst_dead_flag_fleet|wh3_dlc24_cst_vampire_coast_bloated_rebels|wh3_dlc26_cst_vampire_coast_qb1|wh3_dlc26_cst_vampire_coast_qb2|wh3_main_cst_dread_rock_privateers,false,false,true,true,true,true,wh2_dlc11_lore_deep,cst_vampire_fleet_admiral_female,wh2_dlc11_skill_node_set_cst_admiral_fem_deep,,1,general,false,false,,,,wh2_dlc11_skill_cst_admiral_fem_deep_army_09,wh2_dlc11_skill_cst_army_9,Ensorcelled Weapons,,,,,,,,,,,,,,,,,,,,,,,,,,,,wh2_dlc11_skill_cst_admiral_fem_deep_army_07_avast_ye,wh2_dlc11_skill_cst_army_7_avast_ye,Avast Ye!,wh2_dlc11_skill_cst_admiral_fem_deep_army_09,wh2_dlc11_skill_cst_army_9,Ensorcelled Weapons,REQUIRED,0,1,1,0,0,,,,,,,,,,,character_skill_node_links_tables,wh2_dlc11_skill_cst_admiral_fem_deep_army_07_avast_ye|wh2_dlc11_skill_cst_admiral_fem_deep_army_09|REQUIRED
prerequisite,warhammer_3,8.1.1,24237342,Vampire Coast,vampire_coast,wh2_dlc11_sc_cst_vampire_coast,Vampire Fleet Admiral (Deep),Vampire_Fleet_Admiral_Deep__admiral_fem_deep,lord,wh2_dlc11_cst_admiral_fem_deep,general,general,wh2_dlc11_cst_noctilus|wh2_dlc11_cst_noctilus_separatists|wh2_dlc11_cst_pirates_of_sartosa|wh2_dlc11_cst_pirates_of_sartosa_separatists|wh2_dlc11_cst_the_drowned|wh2_dlc11_cst_the_drowned_separatists|wh2_dlc11_cst_vampire_coast|wh2_dlc11_cst_vampire_coast_encounters|wh2_dlc11_cst_vampire_coast_qb1|wh2_dlc11_cst_vampire_coast_qb2|wh2_dlc11_cst_vampire_coast_qb3|wh2_dlc11_cst_vampire_coast_qb4|wh2_dlc11_cst_vampire_coast_rebellion_rebels|wh2_dlc11_cst_vampire_coast_rebels|wh2_dlc11_cst_vampire_coast_separatists|wh3_dlc21_cst_dead_flag_fleet|wh3_dlc24_cst_vampire_coast_bloated_rebels|wh3_dlc26_cst_vampire_coast_qb1|wh3_dlc26_cst_vampire_coast_qb2|wh3_main_cst_dread_rock_privateers,false,false,true,true,true,true,wh2_dlc11_lore_deep,cst_vampire_fleet_admiral_female,wh2_dlc11_skill_node_set_cst_admiral_fem_deep,,1,general,false,false,,,,wh2_dlc11_skill_cst_admiral_fem_deep_army_10,wh2_dlc11_skill_cst_army_10,Masterly Splicing,,,,,,,,,,,,,,,,,,,,,,,,,,,,wh2_dlc11_skill_cst_admiral_fem_deep_army_07_avast_ye,wh2_dlc11_skill_cst_army_7_avast_ye,Avast Ye!,wh2_dlc11_skill_cst_admiral_fem_deep_army_10,wh2_dlc11_skill_cst_army_10,Masterly Splicing,REQUIRED,0,1,1,0,0,,,,,,,,,,,character_skill_node_links_tables,wh2_dlc11_skill_cst_admiral_fem_deep_army_07_avast_ye|wh2_dlc11_skill_cst_admiral_fem_deep_army_10|REQUIRED
prerequisite,warhammer_3,8.1.1,24237342,Vampire Coast,vampire_coast,wh2_dlc11_sc_cst_vampire_coast,Vampire Fleet Admiral (Deep),Vampire_Fleet_Admiral_Deep__admiral_fem_deep,lord,wh2_dlc11_cst_admiral_fem_deep,general,general,wh2_dlc11_cst_noctilus|wh2_dlc11_cst_noctilus_separatists|wh2_dlc11_cst_pirates_of_sartosa|wh2_dlc11_cst_pirates_of_sartosa_separatists|wh2_dlc11_cst_the_drowned|wh2_dlc11_cst_the_drowned_separatists|wh2_dlc11_cst_vampire_coast|wh2_dlc11_cst_vampire_coast_encounters|wh2_dlc11_cst_vampire_coast_qb1|wh2_dlc11_cst_vampire_coast_qb2|wh2_dlc11_cst_vampire_coast_qb3|wh2_dlc11_cst_vampire_coast_qb4|wh2_dlc11_cst_vampire_coast_rebellion_rebels|wh2_dlc11_cst_vampire_coast_rebels|wh2_dlc11_cst_vampire_coast_separatists|wh3_dlc21_cst_dead_flag_fleet|wh3_dlc24_cst_vampire_coast_bloated_rebels|wh3_dlc26_cst_vampire_coast_qb1|wh3_dlc26_cst_vampire_coast_qb2|wh3_main_cst_dread_rock_privateers,false,false,true,true,true,true,wh2_dlc11_lore_deep,cst_vampire_fleet_admiral_female,wh2_dlc11_skill_node_set_cst_admiral_fem_deep,,1,general,false,false,,,,wh2_dlc11_skill_cst_admiral_fem_deep_army_11,wh2_dlc11_skill_cst_army_11,Hardened by Death,,,,,,,,,,,,,,,,,,,,,,,,,,,,wh2_dlc11_skill_cst_admiral_fem_deep_army_07_avast_ye,wh2_dlc11_skill_cst_army_7_avast_ye,Avast Ye!,wh2_dlc11_skill_cst_admiral_fem_deep_army_11,wh2_dlc11_skill_cst_army_11,Hardened by Death,REQUIRED,0,1,1,0,0,,,,,,,,,,,character_skill_node_links_tables,wh2_dlc11_skill_cst_admiral_fem_deep_army_07_avast_ye|wh2_dlc11_skill_cst_admiral_fem_deep_army_11|REQUIRED
prerequisite,warhammer_3,8.1.1,24237342,Vampire Coast,vampire_coast,wh2_dlc11_sc_cst_vampire_coast,Vampire Fleet Admiral (Deep),Vampire_Fleet_Admiral_Deep__admiral_fem_deep,lord,wh2_dlc11_cst_admiral_fem_deep,general,general,wh2_dlc11_cst_noctilus|wh2_dlc11_cst_noctilus_separatists|wh2_dlc11_cst_pirates_of_sartosa|wh2_dlc11_cst_pirates_of_sartosa_separatists|wh2_dlc11_cst_the_drowned|wh2_dlc11_cst_the_drowned_separatists|wh2_dlc11_cst_vampire_coast|wh2_dlc11_cst_vampire_coast_encounters|wh2_dlc11_cst_vampire_coast_qb1|wh2_dlc11_cst_vampire_coast_qb2|wh2_dlc11_cst_vampire_coast_qb3|wh2_dlc11_cst_vampire_coast_qb4|wh2_dlc11_cst_vampire_coast_rebellion_rebels|wh2_dlc11_cst_vampire_coast_rebels|wh2_dlc11_cst_vampire_coast_separatists|wh3_dlc21_cst_dead_flag_fleet|wh3_dlc24_cst_vampire_coast_bloated_rebels|wh3_dlc26_cst_vampire_coast_qb1|wh3_dlc26_cst_vampire_coast_qb2|wh3_main_cst_dread_rock_privateers,false,false,true,true,true,true,wh2_dlc11_lore_deep,cst_vampire_fleet_admiral_female,wh2_dlc11_skill_node_set_cst_admiral_fem_deep,,1,general,false,false,,,,wh2_dlc11_skill_cst_admiral_fem_deep_army_12_all_hands_hoay,wh2_dlc11_skill_cst_army_12_all_hands_hoay,All Hands Hoay!,,,,,,,,,,,,,,,,,,,,,,,,,,,,wh2_dlc11_skill_cst_admiral_fem_deep_army_08,wh2_dlc11_skill_cst_army_8,Deadly March,wh2_dlc11_skill_cst_admiral_fem_deep_army_12_all_hands_hoay,wh2_dlc11_skill_cst_army_12_all_hands_hoay,All Hands Hoay!,SUBSET_REQUIRED,0,1,1,0,0,,,,,,,,,,,character_skill_node_links_tables,wh2_dlc11_skill_cst_admiral_fem_deep_army_08|wh2_dlc11_skill_cst_admiral_fem_deep_army_12_all_hands_hoay|SUBSET_REQUIRED
prerequisite,warhammer_3,8.1.1,24237342,Vampire Coast,vampire_coast,wh2_dlc11_sc_cst_vampire_coast,Vampire Fleet Admiral (Deep),Vampire_Fleet_Admiral_Deep__admiral_fem_deep,lord,wh2_dlc11_cst_admiral_fem_deep,general,general,wh2_dlc11_cst_noctilus|wh2_dlc11_cst_noctilus_separatists|wh2_dlc11_cst_pirates_of_sartosa|wh2_dlc11_cst_pirates_of_sartosa_separatists|wh2_dlc11_cst_the_drowned|wh2_dlc11_cst_the_drowned_separatists|wh2_dlc11_cst_vampire_coast|wh2_dlc11_cst_vampire_coast_encounters|wh2_dlc11_cst_vampire_coast_qb1|wh2_dlc11_cst_vampire_coast_qb2|wh2_dlc11_cst_vampire_coast_qb3|wh2_dlc11_cst_vampire_coast_qb4|wh2_dlc11_cst_vampire_coast_rebellion_rebels|wh2_dlc11_cst_vampire_coast_rebels|wh2_dlc11_cst_vampire_coast_separatists|wh3_dlc21_cst_dead_flag_fleet|wh3_dlc24_cst_vampire_coast_bloated_rebels|wh3_dlc26_cst_vampire_coast_qb1|wh3_dlc26_cst_vampire_coast_qb2|wh3_main_cst_dread_rock_privateers,false,false,true,true,true,true,wh2_dlc11_lore_deep,cst_vampire_fleet_admiral_female,wh2_dlc11_skill_node_set_cst_admiral_fem_deep,,1,general,false,false,,,,wh2_dlc11_skill_cst_admiral_fem_deep_army_12_all_hands_hoay,wh2_dlc11_skill_cst_army_12_all_hands_hoay,All Hands Hoay!,,,,,,,,,,,,,,,,,,,,,,,,,,,,wh2_dlc11_skill_cst_admiral_fem_deep_army_09,wh2_dlc11_skill_cst_army_9,Ensorcelled Weapons,wh2_dlc11_skill_cst_admiral_fem_deep_army_12_all_hands_hoay,wh2_dlc11_skill_cst_army_12_all_hands_hoay,All Hands Hoay!,SUBSET_REQUIRED,0,1,1,0,0,,,,,,,,,,,character_skill_node_links_tables,wh2_dlc11_skill_cst_admiral_fem_deep_army_09|wh2_dlc11_skill_cst_admiral_fem_deep_army_12_all_hands_hoay|SUBSET_REQUIRED
prerequisite,warhammer_3,8.1.1,24237342,Vampire Coast,vampire_coast,wh2_dlc11_sc_cst_vampire_coast,Vampire Fleet Admiral (Deep),Vampire_Fleet_Admiral_Deep__admiral_fem_deep,lord,wh2_dlc11_cst_admiral_fem_deep,general,general,wh2_dlc11_cst_noctilus|wh2_dlc11_cst_noctilus_separatists|wh2_dlc11_cst_pirates_of_sartosa|wh2_dlc11_cst_pirates_of_sartosa_separatists|wh2_dlc11_cst_the_drowned|wh2_dlc11_cst_the_drowned_separatists|wh2_dlc11_cst_vampire_coast|wh2_dlc11_cst_vampire_coast_encounters|wh2_dlc11_cst_vampire_coast_qb1|wh2_dlc11_cst_vampire_coast_qb2|wh2_dlc11_cst_vampire_coast_qb3|wh2_dlc11_cst_vampire_coast_qb4|wh2_dlc11_cst_vampire_coast_rebellion_rebels|wh2_dlc11_cst_vampire_coast_rebels|wh2_dlc11_cst_vampire_coast_separatists|wh3_dlc21_cst_dead_flag_fleet|wh3_dlc24_cst_vampire_coast_bloated_rebels|wh3_dlc26_cst_vampire_coast_qb1|wh3_dlc26_cst_vampire_coast_qb2|wh3_main_cst_dread_rock_privateers,false,false,true,true,true,true,wh2_dlc11_lore_deep,cst_vampire_fleet_admiral_female,wh2_dlc11_skill_node_set_cst_admiral_fem_deep,,1,general,false,false,,,,wh2_dlc11_skill_cst_admiral_fem_deep_army_12_all_hands_hoay,wh2_dlc11_skill_cst_army_12_all_hands_hoay,All Hands Hoay!,,,,,,,,,,,,,,,,,,,,,,,,,,,,wh2_dlc11_skill_cst_admiral_fem_deep_army_10,wh2_dlc11_skill_cst_army_10,Masterly Splicing,wh2_dlc11_skill_cst_admiral_fem_deep_army_12_all_hands_hoay,wh2_dlc11_skill_cst_army_12_all_hands_hoay,All Hands Hoay!,SUBSET_REQUIRED,0,1,1,0,0,,,,,,,,,,,character_skill_node_links_tables,wh2_dlc11_skill_cst_admiral_fem_deep_army_10|wh2_dlc11_skill_cst_admiral_fem_deep_army_12_all_hands_hoay|SUBSET_REQUIRED
prerequisite,warhammer_3,8.1.1,24237342,Vampire Coast,vampire_coast,wh2_dlc11_sc_cst_vampire_coast,Vampire Fleet Admiral (Deep),Vampire_Fleet_Admiral_Deep__admiral_fem_deep,lord,wh2_dlc11_cst_admiral_fem_deep,general,general,wh2_dlc11_cst_noctilus|wh2_dlc11_cst_noctilus_separatists|wh2_dlc11_cst_pirates_of_sartosa|wh2_dlc11_cst_pirates_of_sartosa_separatists|wh2_dlc11_cst_the_drowned|wh2_dlc11_cst_the_drowned_separatists|wh2_dlc11_cst_vampire_coast|wh2_dlc11_cst_vampire_coast_encounters|wh2_dlc11_cst_vampire_coast_qb1|wh2_dlc11_cst_vampire_coast_qb2|wh2_dlc11_cst_vampire_coast_qb3|wh2_dlc11_cst_vampire_coast_qb4|wh2_dlc11_cst_vampire_coast_rebellion_rebels|wh2_dlc11_cst_vampire_coast_rebels|wh2_dlc11_cst_vampire_coast_separatists|wh3_dlc21_cst_dead_flag_fleet|wh3_dlc24_cst_vampire_coast_bloated_rebels|wh3_dlc26_cst_vampire_coast_qb1|wh3_dlc26_cst_vampire_coast_qb2|wh3_main_cst_dread_rock_privateers,false,false,true,true,true,true,wh2_dlc11_lore_deep,cst_vampire_fleet_admiral_female,wh2_dlc11_skill_node_set_cst_admiral_fem_deep,,1,general,false,false,,,,wh2_dlc11_skill_cst_admiral_fem_deep_army_12_all_hands_hoay,wh2_dlc11_skill_cst_army_12_all_hands_hoay,All Hands Hoay!,,,,,,,,,,,,,,,,,,,,,,,,,,,,wh2_dlc11_skill_cst_admiral_fem_deep_army_11,wh2_dlc11_skill_cst_army_11,Hardened by Death,wh2_dlc11_skill_cst_admiral_fem_deep_army_12_all_hands_hoay,wh2_dlc11_skill_cst_army_12_all_hands_hoay,All Hands Hoay!,SUBSET_REQUIRED,0,1,1,0,0,,,,,,,,,,,character_skill_node_links_tables,wh2_dlc11_skill_cst_admiral_fem_deep_army_11|wh2_dlc11_skill_cst_admiral_fem_deep_army_12_all_hands_hoay|SUBSET_REQUIRED
prerequisite,warhammer_3,8.1.1,24237342,Vampire Coast,vampire_coast,wh2_dlc11_sc_cst_vampire_coast,Vampire Fleet Admiral (Deep),Vampire_Fleet_Admiral_Deep__admiral_fem_deep,lord,wh2_dlc11_cst_admiral_fem_deep,general,general,wh2_dlc11_cst_noctilus|wh2_dlc11_cst_noctilus_separatists|wh2_dlc11_cst_pirates_of_sartosa|wh2_dlc11_cst_pirates_of_sartosa_separatists|wh2_dlc11_cst_the_drowned|wh2_dlc11_cst_the_drowned_separatists|wh2_dlc11_cst_vampire_coast|wh2_dlc11_cst_vampire_coast_encounters|wh2_dlc11_cst_vampire_coast_qb1|wh2_dlc11_cst_vampire_coast_qb2|wh2_dlc11_cst_vampire_coast_qb3|wh2_dlc11_cst_vampire_coast_qb4|wh2_dlc11_cst_vampire_coast_rebellion_rebels|wh2_dlc11_cst_vampire_coast_rebels|wh2_dlc11_cst_vampire_coast_separatists|wh3_dlc21_cst_dead_flag_fleet|wh3_dlc24_cst_vampire_coast_bloated_rebels|wh3_dlc26_cst_vampire_coast_qb1|wh3_dlc26_cst_vampire_coast_qb2|wh3_main_cst_dread_rock_privateers,false,false,true,true,true,true,wh2_dlc11_lore_deep,cst_vampire_fleet_admiral_female,wh2_dlc11_skill_node_set_cst_admiral_fem_deep,,1,general,false,false,,,,wh2_dlc11_skill_cst_admiral_fem_deep_campaign_01,wh2_dlc11_skill_cst_campaign_1,Binded to Service,,,,,,,,,,,,,,,,,,,,,,,,,,,,wh2_dlc11_skill_cst_admiral_fem_deep_campaign_00,wh_main_skill_all_lord_campaign_route_marcher,Route Marcher,wh2_dlc11_skill_cst_admiral_fem_deep_campaign_01,wh2_dlc11_skill_cst_campaign_1,Binded to Service,REQUIRED,0,1,1,0,0,,,,,,,,,,,character_skill_node_links_tables,wh2_dlc11_skill_cst_admiral_fem_deep_campaign_00|wh2_dlc11_skill_cst_admiral_fem_deep_campaign_01|REQUIRED
prerequisite,warhammer_3,8.1.1,24237342,Vampire Coast,vampire_coast,wh2_dlc11_sc_cst_vampire_coast,Vampire Fleet Admiral (Deep),Vampire_Fleet_Admiral_Deep__admiral_fem_deep,lord,wh2_dlc11_cst_admiral_fem_deep,general,general,wh2_dlc11_cst_noctilus|wh2_dlc11_cst_noctilus_separatists|wh2_dlc11_cst_pirates_of_sartosa|wh2_dlc11_cst_pirates_of_sartosa_separatists|wh2_dlc11_cst_the_drowned|wh2_dlc11_cst_the_drowned_separatists|wh2_dlc11_cst_vampire_coast|wh2_dlc11_cst_vampire_coast_encounters|wh2_dlc11_cst_vampire_coast_qb1|wh2_dlc11_cst_vampire_coast_qb2|wh2_dlc11_cst_vampire_coast_qb3|wh2_dlc11_cst_vampire_coast_qb4|wh2_dlc11_cst_vampire_coast_rebellion_rebels|wh2_dlc11_cst_vampire_coast_rebels|wh2_dlc11_cst_vampire_coast_separatists|wh3_dlc21_cst_dead_flag_fleet|wh3_dlc24_cst_vampire_coast_bloated_rebels|wh3_dlc26_cst_vampire_coast_qb1|wh3_dlc26_cst_vampire_coast_qb2|wh3_main_cst_dread_rock_privateers,false,false,true,true,true,true,wh2_dlc11_lore_deep,cst_vampire_fleet_admiral_female,wh2_dlc11_skill_node_set_cst_admiral_fem_deep,,1,general,false,false,,,,wh2_dlc11_skill_cst_admiral_fem_deep_campaign_02,wh2_dlc11_skill_cst_campaign_2,Ghost Fleet,,,,,,,,,,,,,,,,,,,,,,,,,,,,wh2_dlc11_skill_cst_admiral_fem_deep_campaign_00,wh_main_skill_all_lord_campaign_route_marcher,Route Marcher,wh2_dlc11_skill_cst_admiral_fem_deep_campaign_02,wh2_dlc11_skill_cst_campaign_2,Ghost Fleet,REQUIRED,0,1,1,0,0,,,,,,,,,,,character_skill_node_links_tables,wh2_dlc11_skill_cst_admiral_fem_deep_campaign_00|wh2_dlc11_skill_cst_admiral_fem_deep_campaign_02|REQUIRED
prerequisite,warhammer_3,8.1.1,24237342,Vampire Coast,vampire_coast,wh2_dlc11_sc_cst_vampire_coast,Vampire Fleet Admiral (Deep),Vampire_Fleet_Admiral_Deep__admiral_fem_deep,lord,wh2_dlc11_cst_admiral_fem_deep,general,general,wh2_dlc11_cst_noctilus|wh2_dlc11_cst_noctilus_separatists|wh2_dlc11_cst_pirates_of_sartosa|wh2_dlc11_cst_pirates_of_sartosa_separatists|wh2_dlc11_cst_the_drowned|wh2_dlc11_cst_the_drowned_separatists|wh2_dlc11_cst_vampire_coast|wh2_dlc11_cst_vampire_coast_encounters|wh2_dlc11_cst_vampire_coast_qb1|wh2_dlc11_cst_vampire_coast_qb2|wh2_dlc11_cst_vampire_coast_qb3|wh2_dlc11_cst_vampire_coast_qb4|wh2_dlc11_cst_vampire_coast_rebellion_rebels|wh2_dlc11_cst_vampire_coast_rebels|wh2_dlc11_cst_vampire_coast_separatists|wh3_dlc21_cst_dead_flag_fleet|wh3_dlc24_cst_vampire_coast_bloated_rebels|wh3_dlc26_cst_vampire_coast_qb1|wh3_dlc26_cst_vampire_coast_qb2|wh3_main_cst_dread_rock_privateers,false,false,true,true,true,true,wh2_dlc11_lore_deep,cst_vampire_fleet_admiral_female,wh2_dlc11_skill_node_set_cst_admiral_fem_deep,,1,general,false,false,,,,wh2_dlc11_skill_cst_admiral_fem_deep_campaign_03,wh2_dlc11_skill_cst_campaign_3,Freebooter,,,,,,,,,,,,,,,,,,,,,,,,,,,,wh2_dlc11_skill_cst_admiral_fem_deep_campaign_00,wh_main_skill_all_lord_campaign_route_marcher,Route Marcher,wh2_dlc11_skill_cst_admiral_fem_deep_campaign_03,wh2_dlc11_skill_cst_campaign_3,Freebooter,REQUIRED,0,1,1,0,0,,,,,,,,,,,character_skill_node_links_tables,wh2_dlc11_skill_cst_admiral_fem_deep_campaign_00|wh2_dlc11_skill_cst_admiral_fem_deep_campaign_03|REQUIRED
prerequisite,warhammer_3,8.1.1,24237342,Vampire Coast,vampire_coast,wh2_dlc11_sc_cst_vampire_coast,Vampire Fleet Admiral (Deep),Vampire_Fleet_Admiral_Deep__admiral_fem_deep,lord,wh2_dlc11_cst_admiral_fem_deep,general,general,wh2_dlc11_cst_noctilus|wh2_dlc11_cst_noctilus_separatists|wh2_dlc11_cst_pirates_of_sartosa|wh2_dlc11_cst_pirates_of_sartosa_separatists|wh2_dlc11_cst_the_drowned|wh2_dlc11_cst_the_drowned_separatists|wh2_dlc11_cst_vampire_coast|wh2_dlc11_cst_vampire_coast_encounters|wh2_dlc11_cst_vampire_coast_qb1|wh2_dlc11_cst_vampire_coast_qb2|wh2_dlc11_cst_vampire_coast_qb3|wh2_dlc11_cst_vampire_coast_qb4|wh2_dlc11_cst_vampire_coast_rebellion_rebels|wh2_dlc11_cst_vampire_coast_rebels|wh2_dlc11_cst_vampire_coast_separatists|wh3_dlc21_cst_dead_flag_fleet|wh3_dlc24_cst_vampire_coast_bloated_rebels|wh3_dlc26_cst_vampire_coast_qb1|wh3_dlc26_cst_vampire_coast_qb2|wh3_main_cst_dread_rock_privateers,false,false,true,true,true,true,wh2_dlc11_lore_deep,cst_vampire_fleet_admiral_female,wh2_dlc11_skill_node_set_cst_admiral_fem_deep,,1,general,false,false,,,,wh2_dlc11_skill_cst_admiral_fem_deep_campaign_04,wh2_dlc11_skill_cst_campaign_4,Sea Dogs,,,,,,,,,,,,,,,,,,,,,,,,,,,,wh2_dlc11_skill_cst_admiral_fem_deep_campaign_00,wh_main_skill_all_lord_campaign_route_marcher,Route Marcher,wh2_dlc11_skill_cst_admiral_fem_deep_campaign_04,wh2_dlc11_skill_cst_campaign_4,Sea Dogs,REQUIRED,0,1,1,0,0,,,,,,,,,,,character_skill_node_links_tables,wh2_dlc11_skill_cst_admiral_fem_deep_campaign_00|wh2_dlc11_skill_cst_admiral_fem_deep_campaign_04|REQUIRED
prerequisite,warhammer_3,8.1.1,24237342,Vampire Coast,vampire_coast,wh2_dlc11_sc_cst_vampire_coast,Vampire Fleet Admiral (Deep),Vampire_Fleet_Admiral_Deep__admiral_fem_deep,lord,wh2_dlc11_cst_admiral_fem_deep,general,general,wh2_dlc11_cst_noctilus|wh2_dlc11_cst_noctilus_separatists|wh2_dlc11_cst_pirates_of_sartosa|wh2_dlc11_cst_pirates_of_sartosa_separatists|wh2_dlc11_cst_the_drowned|wh2_dlc11_cst_the_drowned_separatists|wh2_dlc11_cst_vampire_coast|wh2_dlc11_cst_vampire_coast_encounters|wh2_dlc11_cst_vampire_coast_qb1|wh2_dlc11_cst_vampire_coast_qb2|wh2_dlc11_cst_vampire_coast_qb3|wh2_dlc11_cst_vampire_coast_qb4|wh2_dlc11_cst_vampire_coast_rebellion_rebels|wh2_dlc11_cst_vampire_coast_rebels|wh2_dlc11_cst_vampire_coast_separatists|wh3_dlc21_cst_dead_flag_fleet|wh3_dlc24_cst_vampire_coast_bloated_rebels|wh3_dlc26_cst_vampire_coast_qb1|wh3_dlc26_cst_vampire_coast_qb2|wh3_main_cst_dread_rock_privateers,false,false,true,true,true,true,wh2_dlc11_lore_deep,cst_vampire_fleet_admiral_female,wh2_dlc11_skill_node_set_cst_admiral_fem_deep,,1,general,false,false,,,,wh2_dlc11_skill_cst_admiral_fem_deep_campaign_05,wh2_dlc11_skill_cst_campaign_5_go_on_account, Go on Account,,,,,,,,,,,,,,,,,,,,,,,,,,,,wh2_dlc11_skill_cst_admiral_fem_deep_campaign_01,wh2_dlc11_skill_cst_campaign_1,Binded to Service,wh2_dlc11_skill_cst_admiral_fem_deep_campaign_05,wh2_dlc11_skill_cst_campaign_5_go_on_account, Go on Account,SUBSET_REQUIRED,0,1,1,0,0,,,,,,,,,,,character_skill_node_links_tables,wh2_dlc11_skill_cst_admiral_fem_deep_campaign_01|wh2_dlc11_skill_cst_admiral_fem_deep_campaign_05|SUBSET_REQUIRED
prerequisite,warhammer_3,8.1.1,24237342,Vampire Coast,vampire_coast,wh2_dlc11_sc_cst_vampire_coast,Vampire Fleet Admiral (Deep),Vampire_Fleet_Admiral_Deep__admiral_fem_deep,lord,wh2_dlc11_cst_admiral_fem_deep,general,general,wh2_dlc11_cst_noctilus|wh2_dlc11_cst_noctilus_separatists|wh2_dlc11_cst_pirates_of_sartosa|wh2_dlc11_cst_pirates_of_sartosa_separatists|wh2_dlc11_cst_the_drowned|wh2_dlc11_cst_the_drowned_separatists|wh2_dlc11_cst_vampire_coast|wh2_dlc11_cst_vampire_coast_encounters|wh2_dlc11_cst_vampire_coast_qb1|wh2_dlc11_cst_vampire_coast_qb2|wh2_dlc11_cst_vampire_coast_qb3|wh2_dlc11_cst_vampire_coast_qb4|wh2_dlc11_cst_vampire_coast_rebellion_rebels|wh2_dlc11_cst_vampire_coast_rebels|wh2_dlc11_cst_vampire_coast_separatists|wh3_dlc21_cst_dead_flag_fleet|wh3_dlc24_cst_vampire_coast_bloated_rebels|wh3_dlc26_cst_vampire_coast_qb1|wh3_dlc26_cst_vampire_coast_qb2|wh3_main_cst_dread_rock_privateers,false,false,true,true,true,true,wh2_dlc11_lore_deep,cst_vampire_fleet_admiral_female,wh2_dlc11_skill_node_set_cst_admiral_fem_deep,,1,general,false,false,,,,wh2_dlc11_skill_cst_admiral_fem_deep_campaign_05,wh2_dlc11_skill_cst_campaign_5_go_on_account, Go on Account,,,,,,,,,,,,,,,,,,,,,,,,,,,,wh2_dlc11_skill_cst_admiral_fem_deep_campaign_02,wh2_dlc11_skill_cst_campaign_2,Ghost Fleet,wh2_dlc11_skill_cst_admiral_fem_deep_campaign_05,wh2_dlc11_skill_cst_campaign_5_go_on_account, Go on Account,SUBSET_REQUIRED,0,1,1,0,0,,,,,,,,,,,character_skill_node_links_tables,wh2_dlc11_skill_cst_admiral_fem_deep_campaign_02|wh2_dlc11_skill_cst_admiral_fem_deep_campaign_05|SUBSET_REQUIRED
prerequisite,warhammer_3,8.1.1,24237342,Vampire Coast,vampire_coast,wh2_dlc11_sc_cst_vampire_coast,Vampire Fleet Admiral (Deep),Vampire_Fleet_Admiral_Deep__admiral_fem_deep,lord,wh2_dlc11_cst_admiral_fem_deep,general,general,wh2_dlc11_cst_noctilus|wh2_dlc11_cst_noctilus_separatists|wh2_dlc11_cst_pirates_of_sartosa|wh2_dlc11_cst_pirates_of_sartosa_separatists|wh2_dlc11_cst_the_drowned|wh2_dlc11_cst_the_drowned_separatists|wh2_dlc11_cst_vampire_coast|wh2_dlc11_cst_vampire_coast_encounters|wh2_dlc11_cst_vampire_coast_qb1|wh2_dlc11_cst_vampire_coast_qb2|wh2_dlc11_cst_vampire_coast_qb3|wh2_dlc11_cst_vampire_coast_qb4|wh2_dlc11_cst_vampire_coast_rebellion_rebels|wh2_dlc11_cst_vampire_coast_rebels|wh2_dlc11_cst_vampire_coast_separatists|wh3_dlc21_cst_dead_flag_fleet|wh3_dlc24_cst_vampire_coast_bloated_rebels|wh3_dlc26_cst_vampire_coast_qb1|wh3_dlc26_cst_vampire_coast_qb2|wh3_main_cst_dread_rock_privateers,false,false,true,true,true,true,wh2_dlc11_lore_deep,cst_vampire_fleet_admiral_female,wh2_dlc11_skill_node_set_cst_admiral_fem_deep,,1,general,false,false,,,,wh2_dlc11_skill_cst_admiral_fem_deep_campaign_05,wh2_dlc11_skill_cst_campaign_5_go_on_account, Go on Account,,,,,,,,,,,,,,,,,,,,,,,,,,,,wh2_dlc11_skill_cst_admiral_fem_deep_campaign_03,wh2_dlc11_skill_cst_campaign_3,Freebooter,wh2_dlc11_skill_cst_admiral_fem_deep_campaign_05,wh2_dlc11_skill_cst_campaign_5_go_on_account, Go on Account,SUBSET_REQUIRED,0,1,1,0,0,,,,,,,,,,,character_skill_node_links_tables,wh2_dlc11_skill_cst_admiral_fem_deep_campaign_03|wh2_dlc11_skill_cst_admiral_fem_deep_campaign_05|SUBSET_REQUIRED
prerequisite,warhammer_3,8.1.1,24237342,Vampire Coast,vampire_coast,wh2_dlc11_sc_cst_vampire_coast,Vampire Fleet Admiral (Deep),Vampire_Fleet_Admiral_Deep__admiral_fem_deep,lord,wh2_dlc11_cst_admiral_fem_deep,general,general,wh2_dlc11_cst_noctilus|wh2_dlc11_cst_noctilus_separatists|wh2_dlc11_cst_pirates_of_sartosa|wh2_dlc11_cst_pirates_of_sartosa_separatists|wh2_dlc11_cst_the_drowned|wh2_dlc11_cst_the_drowned_separatists|wh2_dlc11_cst_vampire_coast|wh2_dlc11_cst_vampire_coast_encounters|wh2_dlc11_cst_vampire_coast_qb1|wh2_dlc11_cst_vampire_coast_qb2|wh2_dlc11_cst_vampire_coast_qb3|wh2_dlc11_cst_vampire_coast_qb4|wh2_dlc11_cst_vampire_coast_rebellion_rebels|wh2_dlc11_cst_vampire_coast_rebels|wh2_dlc11_cst_vampire_coast_separatists|wh3_dlc21_cst_dead_flag_fleet|wh3_dlc24_cst_vampire_coast_bloated_rebels|wh3_dlc26_cst_vampire_coast_qb1|wh3_dlc26_cst_vampire_coast_qb2|wh3_main_cst_dread_rock_privateers,false,false,true,true,true,true,wh2_dlc11_lore_deep,cst_vampire_fleet_admiral_female,wh2_dlc11_skill_node_set_cst_admiral_fem_deep,,1,general,false,false,,,,wh2_dlc11_skill_cst_admiral_fem_deep_campaign_05,wh2_dlc11_skill_cst_campaign_5_go_on_account, Go on Account,,,,,,,,,,,,,,,,,,,,,,,,,,,,wh2_dlc11_skill_cst_admiral_fem_deep_campaign_04,wh2_dlc11_skill_cst_campaign_4,Sea Dogs,wh2_dlc11_skill_cst_admiral_fem_deep_campaign_05,wh2_dlc11_skill_cst_campaign_5_go_on_account, Go on Account,SUBSET_REQUIRED,0,1,1,0,0,,,,,,,,,,,character_skill_node_links_tables,wh2_dlc11_skill_cst_admiral_fem_deep_campaign_04|wh2_dlc11_skill_cst_admiral_fem_deep_campaign_05|SUBSET_REQUIRED
prerequisite,warhammer_3,8.1.1,24237342,Vampire Coast,vampire_coast,wh2_dlc11_sc_cst_vampire_coast,Vampire Fleet Admiral (Deep),Vampire_Fleet_Admiral_Deep__admiral_fem_deep,lord,wh2_dlc11_cst_admiral_fem_deep,general,general,wh2_dlc11_cst_noctilus|wh2_dlc11_cst_noctilus_separatists|wh2_dlc11_cst_pirates_of_sartosa|wh2_dlc11_cst_pirates_of_sartosa_separatists|wh2_dlc11_cst_the_drowned|wh2_dlc11_cst_the_drowned_separatists|wh2_dlc11_cst_vampire_coast|wh2_dlc11_cst_vampire_coast_encounters|wh2_dlc11_cst_vampire_coast_qb1|wh2_dlc11_cst_vampire_coast_qb2|wh2_dlc11_cst_vampire_coast_qb3|wh2_dlc11_cst_vampire_coast_qb4|wh2_dlc11_cst_vampire_coast_rebellion_rebels|wh2_dlc11_cst_vampire_coast_rebels|wh2_dlc11_cst_vampire_coast_separatists|wh3_dlc21_cst_dead_flag_fleet|wh3_dlc24_cst_vampire_coast_bloated_rebels|wh3_dlc26_cst_vampire_coast_qb1|wh3_dlc26_cst_vampire_coast_qb2|wh3_main_cst_dread_rock_privateers,false,false,true,true,true,true,wh2_dlc11_lore_deep,cst_vampire_fleet_admiral_female,wh2_dlc11_skill_node_set_cst_admiral_fem_deep,,1,general,false,false,,,,wh2_dlc11_skill_cst_admiral_fem_deep_campaign_06,wh_main_skill_all_lord_campaign_lightning_strike,Lightning Strike,,,,,,,,,,,,,,,,,,,,,,,,,,,,wh2_dlc11_skill_cst_admiral_fem_deep_campaign_05,wh2_dlc11_skill_cst_campaign_5_go_on_account, Go on Account,wh2_dlc11_skill_cst_admiral_fem_deep_campaign_06,wh_main_skill_all_lord_campaign_lightning_strike,Lightning Strike,REQUIRED,0,1,1,0,0,,,,,,,,,,,character_skill_node_links_tables,wh2_dlc11_skill_cst_admiral_fem_deep_campaign_05|wh2_dlc11_skill_cst_admiral_fem_deep_campaign_06|REQUIRED
prerequisite,warhammer_3,8.1.1,24237342,Vampire Coast,vampire_coast,wh2_dlc11_sc_cst_vampire_coast,Vampire Fleet Admiral (Deep),Vampire_Fleet_Admiral_Deep__admiral_fem_deep,lord,wh2_dlc11_cst_admiral_fem_deep,general,general,wh2_dlc11_cst_noctilus|wh2_dlc11_cst_noctilus_separatists|wh2_dlc11_cst_pirates_of_sartosa|wh2_dlc11_cst_pirates_of_sartosa_separatists|wh2_dlc11_cst_the_drowned|wh2_dlc11_cst_the_drowned_separatists|wh2_dlc11_cst_vampire_coast|wh2_dlc11_cst_vampire_coast_encounters|wh2_dlc11_cst_vampire_coast_qb1|wh2_dlc11_cst_vampire_coast_qb2|wh2_dlc11_cst_vampire_coast_qb3|wh2_dlc11_cst_vampire_coast_qb4|wh2_dlc11_cst_vampire_coast_rebellion_rebels|wh2_dlc11_cst_vampire_coast_rebels|wh2_dlc11_cst_vampire_coast_separatists|wh3_dlc21_cst_dead_flag_fleet|wh3_dlc24_cst_vampire_coast_bloated_rebels|wh3_dlc26_cst_vampire_coast_qb1|wh3_dlc26_cst_vampire_coast_qb2|wh3_main_cst_dread_rock_privateers,false,false,true,true,true,true,wh2_dlc11_lore_deep,cst_vampire_fleet_admiral_female,wh2_dlc11_skill_node_set_cst_admiral_fem_deep,,1,general,false,false,,,,wh2_dlc11_skill_cst_admiral_fem_deep_campaign_07,wh_main_skill_vmp_lord_campaign_guile_and_glamour,Guile & Glamour,,,,,,,,,,,,,,,,,,,,,,,,,,,,wh2_dlc11_skill_cst_admiral_fem_deep_campaign_05,wh2_dlc11_skill_cst_campaign_5_go_on_account, Go on Account,wh2_dlc11_skill_cst_admiral_fem_deep_campaign_07,wh_main_skill_vmp_lord_campaign_guile_and_glamour,Guile & Glamour,REQUIRED,0,1,1,0,0,,,,,,,,,,,character_skill_node_links_tables,wh2_dlc11_skill_cst_admiral_fem_deep_campaign_05|wh2_dlc11_skill_cst_admiral_fem_deep_campaign_07|REQUIRED
prerequisite,warhammer_3,8.1.1,24237342,Vampire Coast,vampire_coast,wh2_dlc11_sc_cst_vampire_coast,Vampire Fleet Admiral (Deep),Vampire_Fleet_Admiral_Deep__admiral_fem_deep,lord,wh2_dlc11_cst_admiral_fem_deep,general,general,wh2_dlc11_cst_noctilus|wh2_dlc11_cst_noctilus_separatists|wh2_dlc11_cst_pirates_of_sartosa|wh2_dlc11_cst_pirates_of_sartosa_separatists|wh2_dlc11_cst_the_drowned|wh2_dlc11_cst_the_drowned_separatists|wh2_dlc11_cst_vampire_coast|wh2_dlc11_cst_vampire_coast_encounters|wh2_dlc11_cst_vampire_coast_qb1|wh2_dlc11_cst_vampire_coast_qb2|wh2_dlc11_cst_vampire_coast_qb3|wh2_dlc11_cst_vampire_coast_qb4|wh2_dlc11_cst_vampire_coast_rebellion_rebels|wh2_dlc11_cst_vampire_coast_rebels|wh2_dlc11_cst_vampire_coast_separatists|wh3_dlc21_cst_dead_flag_fleet|wh3_dlc24_cst_vampire_coast_bloated_rebels|wh3_dlc26_cst_vampire_coast_qb1|wh3_dlc26_cst_vampire_coast_qb2|wh3_main_cst_dread_rock_privateers,false,false,true,true,true,true,wh2_dlc11_lore_deep,cst_vampire_fleet_admiral_female,wh2_dlc11_skill_node_set_cst_admiral_fem_deep,,1,general,false,false,,,,wh2_dlc11_skill_cst_admiral_fem_deep_campaign_08,wh2_dlc11_skill_cst_campaign_8,Gambler's Wit,,,,,,,,,,,,,,,,,,,,,,,,,,,,wh2_dlc11_skill_cst_admiral_fem_deep_campaign_05,wh2_dlc11_skill_cst_campaign_5_go_on_account, Go on Account,wh2_dlc11_skill_cst_admiral_fem_deep_campaign_08,wh2_dlc11_skill_cst_campaign_8,Gambler's Wit,REQUIRED,0,1,1,0,0,,,,,,,,,,,character_skill_node_links_tables,wh2_dlc11_skill_cst_admiral_fem_deep_campaign_05|wh2_dlc11_skill_cst_admiral_fem_deep_campaign_08|REQUIRED
prerequisite,warhammer_3,8.1.1,24237342,Vampire Coast,vampire_coast,wh2_dlc11_sc_cst_vampire_coast,Vampire Fleet Admiral (Deep),Vampire_Fleet_Admiral_Deep__admiral_fem_deep,lord,wh2_dlc11_cst_admiral_fem_deep,general,general,wh2_dlc11_cst_noctilus|wh2_dlc11_cst_noctilus_separatists|wh2_dlc11_cst_pirates_of_sartosa|wh2_dlc11_cst_pirates_of_sartosa_separatists|wh2_dlc11_cst_the_drowned|wh2_dlc11_cst_the_drowned_separatists|wh2_dlc11_cst_vampire_coast|wh2_dlc11_cst_vampire_coast_encounters|wh2_dlc11_cst_vampire_coast_qb1|wh2_dlc11_cst_vampire_coast_qb2|wh2_dlc11_cst_vampire_coast_qb3|wh2_dlc11_cst_vampire_coast_qb4|wh2_dlc11_cst_vampire_coast_rebellion_rebels|wh2_dlc11_cst_vampire_coast_rebels|wh2_dlc11_cst_vampire_coast_separatists|wh3_dlc21_cst_dead_flag_fleet|wh3_dlc24_cst_vampire_coast_bloated_rebels|wh3_dlc26_cst_vampire_coast_qb1|wh3_dlc26_cst_vampire_coast_qb2|wh3_main_cst_dread_rock_privateers,false,false,true,true,true,true,wh2_dlc11_lore_deep,cst_vampire_fleet_admiral_female,wh2_dlc11_skill_node_set_cst_admiral_fem_deep,,1,general,false,false,,,,wh2_dlc11_skill_cst_admiral_fem_deep_campaign_09,wh2_dlc11_skill_cst_campaign_9,Coaming & Preservative,,,,,,,,,,,,,,,,,,,,,,,,,,,,wh2_dlc11_skill_cst_admiral_fem_deep_campaign_05,wh2_dlc11_skill_cst_campaign_5_go_on_account, Go on Account,wh2_dlc11_skill_cst_admiral_fem_deep_campaign_09,wh2_dlc11_skill_cst_campaign_9,Coaming & Preservative,REQUIRED,0,1,1,0,0,,,,,,,,,,,character_skill_node_links_tables,wh2_dlc11_skill_cst_admiral_fem_deep_campaign_05|wh2_dlc11_skill_cst_admiral_fem_deep_campaign_09|REQUIRED
prerequisite,warhammer_3,8.1.1,24237342,Vampire Coast,vampire_coast,wh2_dlc11_sc_cst_vampire_coast,Vampire Fleet Admiral (Deep),Vampire_Fleet_Admiral_Deep__admiral_fem_deep,lord,wh2_dlc11_cst_admiral_fem_deep,general,general,wh2_dlc11_cst_noctilus|wh2_dlc11_cst_noctilus_separatists|wh2_dlc11_cst_pirates_of_sartosa|wh2_dlc11_cst_pirates_of_sartosa_separatists|wh2_dlc11_cst_the_drowned|wh2_dlc11_cst_the_drowned_separatists|wh2_dlc11_cst_vampire_coast|wh2_dlc11_cst_vampire_coast_encounters|wh2_dlc11_cst_vampire_coast_qb1|wh2_dlc11_cst_vampire_coast_qb2|wh2_dlc11_cst_vampire_coast_qb3|wh2_dlc11_cst_vampire_coast_qb4|wh2_dlc11_cst_vampire_coast_rebellion_rebels|wh2_dlc11_cst_vampire_coast_rebels|wh2_dlc11_cst_vampire_coast_separatists|wh3_dlc21_cst_dead_flag_fleet|wh3_dlc24_cst_vampire_coast_bloated_rebels|wh3_dlc26_cst_vampire_coast_qb1|wh3_dlc26_cst_vampire_coast_qb2|wh3_main_cst_dread_rock_privateers,false,false,true,true,true,true,wh2_dlc11_lore_deep,cst_vampire_fleet_admiral_female,wh2_dlc11_skill_node_set_cst_admiral_fem_deep,,1,general,false,false,,,,wh2_dlc11_skill_cst_admiral_fem_deep_campaign_10,wh2_dlc11_skill_cst_campaign_10_jolly_roger,Black Flag,,,,,,,,,,,,,,,,,,,,,,,,,,,,wh2_dlc11_skill_cst_admiral_fem_deep_campaign_06,wh_main_skill_all_lord_campaign_lightning_strike,Lightning Strike,wh2_dlc11_skill_cst_admiral_fem_deep_campaign_10,wh2_dlc11_skill_cst_campaign_10_jolly_roger,Black Flag,SUBSET_REQUIRED,0,1,1,0,0,,,,,,,,,,,character_skill_node_links_tables,wh2_dlc11_skill_cst_admiral_fem_deep_campaign_06|wh2_dlc11_skill_cst_admiral_fem_deep_campaign_10|SUBSET_REQUIRED
prerequisite,warhammer_3,8.1.1,24237342,Vampire Coast,vampire_coast,wh2_dlc11_sc_cst_vampire_coast,Vampire Fleet Admiral (Deep),Vampire_Fleet_Admiral_Deep__admiral_fem_deep,lord,wh2_dlc11_cst_admiral_fem_deep,general,general,wh2_dlc11_cst_noctilus|wh2_dlc11_cst_noctilus_separatists|wh2_dlc11_cst_pirates_of_sartosa|wh2_dlc11_cst_pirates_of_sartosa_separatists|wh2_dlc11_cst_the_drowned|wh2_dlc11_cst_the_drowned_separatists|wh2_dlc11_cst_vampire_coast|wh2_dlc11_cst_vampire_coast_encounters|wh2_dlc11_cst_vampire_coast_qb1|wh2_dlc11_cst_vampire_coast_qb2|wh2_dlc11_cst_vampire_coast_qb3|wh2_dlc11_cst_vampire_coast_qb4|wh2_dlc11_cst_vampire_coast_rebellion_rebels|wh2_dlc11_cst_vampire_coast_rebels|wh2_dlc11_cst_vampire_coast_separatists|wh3_dlc21_cst_dead_flag_fleet|wh3_dlc24_cst_vampire_coast_bloated_rebels|wh3_dlc26_cst_vampire_coast_qb1|wh3_dlc26_cst_vampire_coast_qb2|wh3_main_cst_dread_rock_privateers,false,false,true,true,true,true,wh2_dlc11_lore_deep,cst_vampire_fleet_admiral_female,wh2_dlc11_skill_node_set_cst_admiral_fem_deep,,1,general,false,false,,,,wh2_dlc11_skill_cst_admiral_fem_deep_campaign_10,wh2_dlc11_skill_cst_campaign_10_jolly_roger,Black Flag,,,,,,,,,,,,,,,,,,,,,,,,,,,,wh2_dlc11_skill_cst_admiral_fem_deep_campaign_07,wh_main_skill_vmp_lord_campaign_guile_and_glamour,Guile & Glamour,wh2_dlc11_skill_cst_admiral_fem_deep_campaign_10,wh2_dlc11_skill_cst_campaign_10_jolly_roger,Black Flag,SUBSET_REQUIRED,0,1,1,0,0,,,,,,,,,,,character_skill_node_links_tables,wh2_dlc11_skill_cst_admiral_fem_deep_campaign_07|wh2_dlc11_skill_cst_admiral_fem_deep_campaign_10|SUBSET_REQUIRED
prerequisite,warhammer_3,8.1.1,24237342,Vampire Coast,vampire_coast,wh2_dlc11_sc_cst_vampire_coast,Vampire Fleet Admiral (Deep),Vampire_Fleet_Admiral_Deep__admiral_fem_deep,lord,wh2_dlc11_cst_admiral_fem_deep,general,general,wh2_dlc11_cst_noctilus|wh2_dlc11_cst_noctilus_separatists|wh2_dlc11_cst_pirates_of_sartosa|wh2_dlc11_cst_pirates_of_sartosa_separatists|wh2_dlc11_cst_the_drowned|wh2_dlc11_cst_the_drowned_separatists|wh2_dlc11_cst_vampire_coast|wh2_dlc11_cst_vampire_coast_encounters|wh2_dlc11_cst_vampire_coast_qb1|wh2_dlc11_cst_vampire_coast_qb2|wh2_dlc11_cst_vampire_coast_qb3|wh2_dlc11_cst_vampire_coast_qb4|wh2_dlc11_cst_vampire_coast_rebellion_rebels|wh2_dlc11_cst_vampire_coast_rebels|wh2_dlc11_cst_vampire_coast_separatists|wh3_dlc21_cst_dead_flag_fleet|wh3_dlc24_cst_vampire_coast_bloated_rebels|wh3_dlc26_cst_vampire_coast_qb1|wh3_dlc26_cst_vampire_coast_qb2|wh3_main_cst_dread_rock_privateers,false,false,true,true,true,true,wh2_dlc11_lore_deep,cst_vampire_fleet_admiral_female,wh2_dlc11_skill_node_set_cst_admiral_fem_deep,,1,general,false,false,,,,wh2_dlc11_skill_cst_admiral_fem_deep_campaign_10,wh2_dlc11_skill_cst_campaign_10_jolly_roger,Black Flag,,,,,,,,,,,,,,,,,,,,,,,,,,,,wh2_dlc11_skill_cst_admiral_fem_deep_campaign_08,wh2_dlc11_skill_cst_campaign_8,Gambler's Wit,wh2_dlc11_skill_cst_admiral_fem_deep_campaign_10,wh2_dlc11_skill_cst_campaign_10_jolly_roger,Black Flag,SUBSET_REQUIRED,0,1,1,0,0,,,,,,,,,,,character_skill_node_links_tables,wh2_dlc11_skill_cst_admiral_fem_deep_campaign_08|wh2_dlc11_skill_cst_admiral_fem_deep_campaign_10|SUBSET_REQUIRED
prerequisite,warhammer_3,8.1.1,24237342,Vampire Coast,vampire_coast,wh2_dlc11_sc_cst_vampire_coast,Vampire Fleet Admiral (Deep),Vampire_Fleet_Admiral_Deep__admiral_fem_deep,lord,wh2_dlc11_cst_admiral_fem_deep,general,general,wh2_dlc11_cst_noctilus|wh2_dlc11_cst_noctilus_separatists|wh2_dlc11_cst_pirates_of_sartosa|wh2_dlc11_cst_pirates_of_sartosa_separatists|wh2_dlc11_cst_the_drowned|wh2_dlc11_cst_the_drowned_separatists|wh2_dlc11_cst_vampire_coast|wh2_dlc11_cst_vampire_coast_encounters|wh2_dlc11_cst_vampire_coast_qb1|wh2_dlc11_cst_vampire_coast_qb2|wh2_dlc11_cst_vampire_coast_qb3|wh2_dlc11_cst_vampire_coast_qb4|wh2_dlc11_cst_vampire_coast_rebellion_rebels|wh2_dlc11_cst_vampire_coast_rebels|wh2_dlc11_cst_vampire_coast_separatists|wh3_dlc21_cst_dead_flag_fleet|wh3_dlc24_cst_vampire_coast_bloated_rebels|wh3_dlc26_cst_vampire_coast_qb1|wh3_dlc26_cst_vampire_coast_qb2|wh3_main_cst_dread_rock_privateers,false,false,true,true,true,true,wh2_dlc11_lore_deep,cst_vampire_fleet_admiral_female,wh2_dlc11_skill_node_set_cst_admiral_fem_deep,,1,general,false,false,,,,wh2_dlc11_skill_cst_admiral_fem_deep_campaign_10,wh2_dlc11_skill_cst_campaign_10_jolly_roger,Black Flag,,,,,,,,,,,,,,,,,,,,,,,,,,,,wh2_dlc11_skill_cst_admiral_fem_deep_campaign_09,wh2_dlc11_skill_cst_campaign_9,Coaming & Preservative,wh2_dlc11_skill_cst_admiral_fem_deep_campaign_10,wh2_dlc11_skill_cst_campaign_10_jolly_roger,Black Flag,SUBSET_REQUIRED,0,1,1,0,0,,,,,,,,,,,character_skill_node_links_tables,wh2_dlc11_skill_cst_admiral_fem_deep_campaign_09|wh2_dlc11_skill_cst_admiral_fem_deep_campaign_10|SUBSET_REQUIRED
prerequisite,warhammer_3,8.1.1,24237342,Vampire Coast,vampire_coast,wh2_dlc11_sc_cst_vampire_coast,Vampire Fleet Admiral (Deep),Vampire_Fleet_Admiral_Deep__admiral_fem_deep,lord,wh2_dlc11_cst_admiral_fem_deep,general,general,wh2_dlc11_cst_noctilus|wh2_dlc11_cst_noctilus_separatists|wh2_dlc11_cst_pirates_of_sartosa|wh2_dlc11_cst_pirates_of_sartosa_separatists|wh2_dlc11_cst_the_drowned|wh2_dlc11_cst_the_drowned_separatists|wh2_dlc11_cst_vampire_coast|wh2_dlc11_cst_vampire_coast_encounters|wh2_dlc11_cst_vampire_coast_qb1|wh2_dlc11_cst_vampire_coast_qb2|wh2_dlc11_cst_vampire_coast_qb3|wh2_dlc11_cst_vampire_coast_qb4|wh2_dlc11_cst_vampire_coast_rebellion_rebels|wh2_dlc11_cst_vampire_coast_rebels|wh2_dlc11_cst_vampire_coast_separatists|wh3_dlc21_cst_dead_flag_fleet|wh3_dlc24_cst_vampire_coast_bloated_rebels|wh3_dlc26_cst_vampire_coast_qb1|wh3_dlc26_cst_vampire_coast_qb2|wh3_main_cst_dread_rock_privateers,false,false,true,true,true,true,wh2_dlc11_lore_deep,cst_vampire_fleet_admiral_female,wh2_dlc11_skill_node_set_cst_admiral_fem_deep,,1,general,false,false,,,,wh2_dlc11_skill_cst_admiral_fem_deep_personal_01,wh2_dlc11_skill_all_lord_self_swashbuckler,Swashbuckler,,,,,,,,,,,,,,,,,,,,,,,,,,,,wh2_dlc11_skill_cst_admiral_fem_deep_personal_00,wh2_dlc11_skill_cst_personal_0_monkey_jacket,Monkey Jacket,wh2_dlc11_skill_cst_admiral_fem_deep_personal_01,wh2_dlc11_skill_all_lord_self_swashbuckler,Swashbuckler,REQUIRED,0,1,1,0,0,,,,,,,,,,,character_skill_node_links_tables,wh2_dlc11_skill_cst_admiral_fem_deep_personal_00|wh2_dlc11_skill_cst_admiral_fem_deep_personal_01|REQUIRED
prerequisite,warhammer_3,8.1.1,24237342,Vampire Coast,vampire_coast,wh2_dlc11_sc_cst_vampire_coast,Vampire Fleet Admiral (Deep),Vampire_Fleet_Admiral_Deep__admiral_fem_deep,lord,wh2_dlc11_cst_admiral_fem_deep,general,general,wh2_dlc11_cst_noctilus|wh2_dlc11_cst_noctilus_separatists|wh2_dlc11_cst_pirates_of_sartosa|wh2_dlc11_cst_pirates_of_sartosa_separatists|wh2_dlc11_cst_the_drowned|wh2_dlc11_cst_the_drowned_separatists|wh2_dlc11_cst_vampire_coast|wh2_dlc11_cst_vampire_coast_encounters|wh2_dlc11_cst_vampire_coast_qb1|wh2_dlc11_cst_vampire_coast_qb2|wh2_dlc11_cst_vampire_coast_qb3|wh2_dlc11_cst_vampire_coast_qb4|wh2_dlc11_cst_vampire_coast_rebellion_rebels|wh2_dlc11_cst_vampire_coast_rebels|wh2_dlc11_cst_vampire_coast_separatists|wh3_dlc21_cst_dead_flag_fleet|wh3_dlc24_cst_vampire_coast_bloated_rebels|wh3_dlc26_cst_vampire_coast_qb1|wh3_dlc26_cst_vampire_coast_qb2|wh3_main_cst_dread_rock_privateers,false,false,true,true,true,true,wh2_dlc11_lore_deep,cst_vampire_fleet_admiral_female,wh2_dlc11_skill_node_set_cst_admiral_fem_deep,,1,general,false,false,,,,wh2_dlc11_skill_cst_admiral_fem_deep_personal_02,wh2_dlc11_skill_vmp_lord_self_master_strike,Master Strike,,,,,,,,,,,,,,,,,,,,,,,,,,,,wh2_dlc11_skill_cst_admiral_fem_deep_personal_00,wh2_dlc11_skill_cst_personal_0_monkey_jacket,Monkey Jacket,wh2_dlc11_skill_cst_admiral_fem_deep_personal_02,wh2_dlc11_skill_vmp_lord_self_master_strike,Master Strike,REQUIRED,0,1,1,0,0,,,,,,,,,,,character_skill_node_links_tables,wh2_dlc11_skill_cst_admiral_fem_deep_personal_00|wh2_dlc11_skill_cst_admiral_fem_deep_personal_02|REQUIRED
prerequisite,warhammer_3,8.1.1,24237342,Vampire Coast,vampire_coast,wh2_dlc11_sc_cst_vampire_coast,Vampire Fleet Admiral (Deep),Vampire_Fleet_Admiral_Deep__admiral_fem_deep,lord,wh2_dlc11_cst_admiral_fem_deep,general,general,wh2_dlc11_cst_noctilus|wh2_dlc11_cst_noctilus_separatists|wh2_dlc11_cst_pirates_of_sartosa|wh2_dlc11_cst_pirates_of_sartosa_separatists|wh2_dlc11_cst_the_drowned|wh2_dlc11_cst_the_drowned_separatists|wh2_dlc11_cst_vampire_coast|wh2_dlc11_cst_vampire_coast_encounters|wh2_dlc11_cst_vampire_coast_qb1|wh2_dlc11_cst_vampire_coast_qb2|wh2_dlc11_cst_vampire_coast_qb3|wh2_dlc11_cst_vampire_coast_qb4|wh2_dlc11_cst_vampire_coast_rebellion_rebels|wh2_dlc11_cst_vampire_coast_rebels|wh2_dlc11_cst_vampire_coast_separatists|wh3_dlc21_cst_dead_flag_fleet|wh3_dlc24_cst_vampire_coast_bloated_rebels|wh3_dlc26_cst_vampire_coast_qb1|wh3_dlc26_cst_vampire_coast_qb2|wh3_main_cst_dread_rock_privateers,false,false,true,true,true,true,wh2_dlc11_lore_deep,cst_vampire_fleet_admiral_female,wh2_dlc11_skill_node_set_cst_admiral_fem_deep,,1,general,false,false,,,,wh2_dlc11_skill_cst_admiral_fem_deep_personal_03,wh2_dlc11_skill_all_lord_self_scarred_veteran,{{tr:character_skills_localised_name_wh_main_skill_all_all_self_scarred_veteran}},,,,,,,,,,,,,,,,,,,,,,,,,,,,wh2_dlc11_skill_cst_admiral_fem_deep_personal_00,wh2_dlc11_skill_cst_personal_0_monkey_jacket,Monkey Jacket,wh2_dlc11_skill_cst_admiral_fem_deep_personal_03,wh2_dlc11_skill_all_lord_self_scarred_veteran,{{tr:character_skills_localised_name_wh_main_skill_all_all_self_scarred_veteran}},REQUIRED,0,1,1,0,0,,,,,,,,,,,character_skill_node_links_tables,wh2_dlc11_skill_cst_admiral_fem_deep_personal_00|wh2_dlc11_skill_cst_admiral_fem_deep_personal_03|REQUIRED
prerequisite,warhammer_3,8.1.1,24237342,Vampire Coast,vampire_coast,wh2_dlc11_sc_cst_vampire_coast,Vampire Fleet Admiral (Deep),Vampire_Fleet_Admiral_Deep__admiral_fem_deep,lord,wh2_dlc11_cst_admiral_fem_deep,general,general,wh2_dlc11_cst_noctilus|wh2_dlc11_cst_noctilus_separatists|wh2_dlc11_cst_pirates_of_sartosa|wh2_dlc11_cst_pirates_of_sartosa_separatists|wh2_dlc11_cst_the_drowned|wh2_dlc11_cst_the_drowned_separatists|wh2_dlc11_cst_vampire_coast|wh2_dlc11_cst_vampire_coast_encounters|wh2_dlc11_cst_vampire_coast_qb1|wh2_dlc11_cst_vampire_coast_qb2|wh2_dlc11_cst_vampire_coast_qb3|wh2_dlc11_cst_vampire_coast_qb4|wh2_dlc11_cst_vampire_coast_rebellion_rebels|wh2_dlc11_cst_vampire_coast_rebels|wh2_dlc11_cst_vampire_coast_separatists|wh3_dlc21_cst_dead_flag_fleet|wh3_dlc24_cst_vampire_coast_bloated_rebels|wh3_dlc26_cst_vampire_coast_qb1|wh3_dlc26_cst_vampire_coast_qb2|wh3_main_cst_dread_rock_privateers,false,false,true,true,true,true,wh2_dlc11_lore_deep,cst_vampire_fleet_admiral_female,wh2_dlc11_skill_node_set_cst_admiral_fem_deep,,1,general,false,false,,,,wh2_dlc11_skill_cst_admiral_fem_deep_personal_04,wh2_dlc11_skill_all_lord_self_hard_to_hit,{{tr:character_skills_localised_name_wh_main_skill_all_all_self_hard_to_hit}},,,,,,,,,,,,,,,,,,,,,,,,,,,,wh2_dlc11_skill_cst_admiral_fem_deep_personal_00,wh2_dlc11_skill_cst_personal_0_monkey_jacket,Monkey Jacket,wh2_dlc11_skill_cst_admiral_fem_deep_personal_04,wh2_dlc11_skill_all_lord_self_hard_to_hit,{{tr:character_skills_localised_name_wh_main_skill_all_all_self_hard_to_hit}},REQUIRED,0,1,1,0,0,,,,,,,,,,,character_skill_node_links_tables,wh2_dlc11_skill_cst_admiral_fem_deep_personal_00|wh2_dlc11_skill_cst_admiral_fem_deep_personal_04|REQUIRED
prerequisite,warhammer_3,8.1.1,24237342,Vampire Coast,vampire_coast,wh2_dlc11_sc_cst_vampire_coast,Vampire Fleet Admiral (Deep),Vampire_Fleet_Admiral_Deep__admiral_fem_deep,lord,wh2_dlc11_cst_admiral_fem_deep,general,general,wh2_dlc11_cst_noctilus|wh2_dlc11_cst_noctilus_separatists|wh2_dlc11_cst_pirates_of_sartosa|wh2_dlc11_cst_pirates_of_sartosa_separatists|wh2_dlc11_cst_the_drowned|wh2_dlc11_cst_the_drowned_separatists|wh2_dlc11_cst_vampire_coast|wh2_dlc11_cst_vampire_coast_encounters|wh2_dlc11_cst_vampire_coast_qb1|wh2_dlc11_cst_vampire_coast_qb2|wh2_dlc11_cst_vampire_coast_qb3|wh2_dlc11_cst_vampire_coast_qb4|wh2_dlc11_cst_vampire_coast_rebellion_rebels|wh2_dlc11_cst_vampire_coast_rebels|wh2_dlc11_cst_vampire_coast_separatists|wh3_dlc21_cst_dead_flag_fleet|wh3_dlc24_cst_vampire_coast_bloated_rebels|wh3_dlc26_cst_vampire_coast_qb1|wh3_dlc26_cst_vampire_coast_qb2|wh3_main_cst_dread_rock_privateers,false,false,true,true,true,true,wh2_dlc11_lore_deep,cst_vampire_fleet_admiral_female,wh2_dlc11_skill_node_set_cst_admiral_fem_deep,,1,general,false,false,,,,wh2_dlc11_skill_cst_admiral_fem_deep_personal_05,wh2_dlc11_skill_cst_personal_5_taunt,Taunt,,,,,,,,,,,,,,,,,,,,,,,,,,,,wh2_dlc11_skill_cst_admiral_fem_deep_personal_01,wh2_dlc11_skill_all_lord_self_swashbuckler,Swashbuckler,wh2_dlc11_skill_cst_admiral_fem_deep_personal_05,wh2_dlc11_skill_cst_personal_5_taunt,Taunt,SUBSET_REQUIRED,0,1,1,0,0,,,,,,,,,,,character_skill_node_links_tables,wh2_dlc11_skill_cst_admiral_fem_deep_personal_01|wh2_dlc11_skill_cst_admiral_fem_deep_personal_05|SUBSET_REQUIRED
prerequisite,warhammer_3,8.1.1,24237342,Vampire Coast,vampire_coast,wh2_dlc11_sc_cst_vampire_coast,Vampire Fleet Admiral (Deep),Vampire_Fleet_Admiral_Deep__admiral_fem_deep,lord,wh2_dlc11_cst_admiral_fem_deep,general,general,wh2_dlc11_cst_noctilus|wh2_dlc11_cst_noctilus_separatists|wh2_dlc11_cst_pirates_of_sartosa|wh2_dlc11_cst_pirates_of_sartosa_separatists|wh2_dlc11_cst_the_drowned|wh2_dlc11_cst_the_drowned_separatists|wh2_dlc11_cst_vampire_coast|wh2_dlc11_cst_vampire_coast_encounters|wh2_dlc11_cst_vampire_coast_qb1|wh2_dlc11_cst_vampire_coast_qb2|wh2_dlc11_cst_vampire_coast_qb3|wh2_dlc11_cst_vampire_coast_qb4|wh2_dlc11_cst_vampire_coast_rebellion_rebels|wh2_dlc11_cst_vampire_coast_rebels|wh2_dlc11_cst_vampire_coast_separatists|wh3_dlc21_cst_dead_flag_fleet|wh3_dlc24_cst_vampire_coast_bloated_rebels|wh3_dlc26_cst_vampire_coast_qb1|wh3_dlc26_cst_vampire_coast_qb2|wh3_main_cst_dread_rock_privateers,false,false,true,true,true,true,wh2_dlc11_lore_deep,cst_vampire_fleet_admiral_female,wh2_dlc11_skill_node_set_cst_admiral_fem_deep,,1,general,false,false,,,,wh2_dlc11_skill_cst_admiral_fem_deep_personal_05,wh2_dlc11_skill_cst_personal_5_taunt,Taunt,,,,,,,,,,,,,,,,,,,,,,,,,,,,wh2_dlc11_skill_cst_admiral_fem_deep_personal_02,wh2_dlc11_skill_vmp_lord_self_master_strike,Master Strike,wh2_dlc11_skill_cst_admiral_fem_deep_personal_05,wh2_dlc11_skill_cst_personal_5_taunt,Taunt,SUBSET_REQUIRED,0,1,1,0,0,,,,,,,,,,,character_skill_node_links_tables,wh2_dlc11_skill_cst_admiral_fem_deep_personal_02|wh2_dlc11_skill_cst_admiral_fem_deep_personal_05|SUBSET_REQUIRED
prerequisite,warhammer_3,8.1.1,24237342,Vampire Coast,vampire_coast,wh2_dlc11_sc_cst_vampire_coast,Vampire Fleet Admiral (Deep),Vampire_Fleet_Admiral_Deep__admiral_fem_deep,lord,wh2_dlc11_cst_admiral_fem_deep,general,general,wh2_dlc11_cst_noctilus|wh2_dlc11_cst_noctilus_separatists|wh2_dlc11_cst_pirates_of_sartosa|wh2_dlc11_cst_pirates_of_sartosa_separatists|wh2_dlc11_cst_the_drowned|wh2_dlc11_cst_the_drowned_separatists|wh2_dlc11_cst_vampire_coast|wh2_dlc11_cst_vampire_coast_encounters|wh2_dlc11_cst_vampire_coast_qb1|wh2_dlc11_cst_vampire_coast_qb2|wh2_dlc11_cst_vampire_coast_qb3|wh2_dlc11_cst_vampire_coast_qb4|wh2_dlc11_cst_vampire_coast_rebellion_rebels|wh2_dlc11_cst_vampire_coast_rebels|wh2_dlc11_cst_vampire_coast_separatists|wh3_dlc21_cst_dead_flag_fleet|wh3_dlc24_cst_vampire_coast_bloated_rebels|wh3_dlc26_cst_vampire_coast_qb1|wh3_dlc26_cst_vampire_coast_qb2|wh3_main_cst_dread_rock_privateers,false,false,true,true,true,true,wh2_dlc11_lore_deep,cst_vampire_fleet_admiral_female,wh2_dlc11_skill_node_set_cst_admiral_fem_deep,,1,general,false,false,,,,wh2_dlc11_skill_cst_admiral_fem_deep_personal_05,wh2_dlc11_skill_cst_personal_5_taunt,Taunt,,,,,,,,,,,,,,,,,,,,,,,,,,,,wh2_dlc11_skill_cst_admiral_fem_deep_personal_03,wh2_dlc11_skill_all_lord_self_scarred_veteran,{{tr:character_skills_localised_name_wh_main_skill_all_all_self_scarred_veteran}},wh2_dlc11_skill_cst_admiral_fem_deep_personal_05,wh2_dlc11_skill_cst_personal_5_taunt,Taunt,SUBSET_REQUIRED,0,1,1,0,0,,,,,,,,,,,character_skill_node_links_tables,wh2_dlc11_skill_cst_admiral_fem_deep_personal_03|wh2_dlc11_skill_cst_admiral_fem_deep_personal_05|SUBSET_REQUIRED
prerequisite,warhammer_3,8.1.1,24237342,Vampire Coast,vampire_coast,wh2_dlc11_sc_cst_vampire_coast,Vampire Fleet Admiral (Deep),Vampire_Fleet_Admiral_Deep__admiral_fem_deep,lord,wh2_dlc11_cst_admiral_fem_deep,general,general,wh2_dlc11_cst_noctilus|wh2_dlc11_cst_noctilus_separatists|wh2_dlc11_cst_pirates_of_sartosa|wh2_dlc11_cst_pirates_of_sartosa_separatists|wh2_dlc11_cst_the_drowned|wh2_dlc11_cst_the_drowned_separatists|wh2_dlc11_cst_vampire_coast|wh2_dlc11_cst_vampire_coast_encounters|wh2_dlc11_cst_vampire_coast_qb1|wh2_dlc11_cst_vampire_coast_qb2|wh2_dlc11_cst_vampire_coast_qb3|wh2_dlc11_cst_vampire_coast_qb4|wh2_dlc11_cst_vampire_coast_rebellion_rebels|wh2_dlc11_cst_vampire_coast_rebels|wh2_dlc11_cst_vampire_coast_separatists|wh3_dlc21_cst_dead_flag_fleet|wh3_dlc24_cst_vampire_coast_bloated_rebels|wh3_dlc26_cst_vampire_coast_qb1|wh3_dlc26_cst_vampire_coast_qb2|wh3_main_cst_dread_rock_privateers,false,false,true,true,true,true,wh2_dlc11_lore_deep,cst_vampire_fleet_admiral_female,wh2_dlc11_skill_node_set_cst_admiral_fem_deep,,1,general,false,false,,,,wh2_dlc11_skill_cst_admiral_fem_deep_personal_05,wh2_dlc11_skill_cst_personal_5_taunt,Taunt,,,,,,,,,,,,,,,,,,,,,,,,,,,,wh2_dlc11_skill_cst_admiral_fem_deep_personal_04,wh2_dlc11_skill_all_lord_self_hard_to_hit,{{tr:character_skills_localised_name_wh_main_skill_all_all_self_hard_to_hit}},wh2_dlc11_skill_cst_admiral_fem_deep_personal_05,wh2_dlc11_skill_cst_personal_5_taunt,Taunt,SUBSET_REQUIRED,0,1,1,0,0,,,,,,,,,,,character_skill_node_links_tables,wh2_dlc11_skill_cst_admiral_fem_deep_personal_04|wh2_dlc11_skill_cst_admiral_fem_deep_personal_05|SUBSET_REQUIRED
prerequisite,warhammer_3,8.1.1,24237342,Vampire Coast,vampire_coast,wh2_dlc11_sc_cst_vampire_coast,Vampire Fleet Admiral (Deep),Vampire_Fleet_Admiral_Deep__admiral_fem_deep,lord,wh2_dlc11_cst_admiral_fem_deep,general,general,wh2_dlc11_cst_noctilus|wh2_dlc11_cst_noctilus_separatists|wh2_dlc11_cst_pirates_of_sartosa|wh2_dlc11_cst_pirates_of_sartosa_separatists|wh2_dlc11_cst_the_drowned|wh2_dlc11_cst_the_drowned_separatists|wh2_dlc11_cst_vampire_coast|wh2_dlc11_cst_vampire_coast_encounters|wh2_dlc11_cst_vampire_coast_qb1|wh2_dlc11_cst_vampire_coast_qb2|wh2_dlc11_cst_vampire_coast_qb3|wh2_dlc11_cst_vampire_coast_qb4|wh2_dlc11_cst_vampire_coast_rebellion_rebels|wh2_dlc11_cst_vampire_coast_rebels|wh2_dlc11_cst_vampire_coast_separatists|wh3_dlc21_cst_dead_flag_fleet|wh3_dlc24_cst_vampire_coast_bloated_rebels|wh3_dlc26_cst_vampire_coast_qb1|wh3_dlc26_cst_vampire_coast_qb2|wh3_main_cst_dread_rock_privateers,false,false,true,true,true,true,wh2_dlc11_lore_deep,cst_vampire_fleet_admiral_female,wh2_dlc11_skill_node_set_cst_admiral_fem_deep,,1,general,false,false,,,,wh2_dlc11_skill_cst_admiral_fem_deep_ranged_01,wh2_dlc11_skill_cst_ranged_1_fem_admiral,Blacker Powder,,,,,,,,,,,,,,,,,,,,,,,,,,,,wh2_dlc11_skill_cst_admiral_fem_deep_ranged_00,wh2_dlc11_skill_cst_ranged_0,Always Ready,wh2_dlc11_skill_cst_admiral_fem_deep_ranged_01,wh2_dlc11_skill_cst_ranged_1_fem_admiral,Blacker Powder,REQUIRED,0,1,1,0,0,,,,,,,,,,,character_skill_node_links_tables,wh2_dlc11_skill_cst_admiral_fem_deep_ranged_00|wh2_dlc11_skill_cst_admiral_fem_deep_ranged_01|REQUIRED
prerequisite,warhammer_3,8.1.1,24237342,Vampire Coast,vampire_coast,wh2_dlc11_sc_cst_vampire_coast,Vampire Fleet Admiral (Deep),Vampire_Fleet_Admiral_Deep__admiral_fem_deep,lord,wh2_dlc11_cst_admiral_fem_deep,general,general,wh2_dlc11_cst_noctilus|wh2_dlc11_cst_noctilus_separatists|wh2_dlc11_cst_pirates_of_sartosa|wh2_dlc11_cst_pirates_of_sartosa_separatists|wh2_dlc11_cst_the_drowned|wh2_dlc11_cst_the_drowned_separatists|wh2_dlc11_cst_vampire_coast|wh2_dlc11_cst_vampire_coast_encounters|wh2_dlc11_cst_vampire_coast_qb1|wh2_dlc11_cst_vampire_coast_qb2|wh2_dlc11_cst_vampire_coast_qb3|wh2_dlc11_cst_vampire_coast_qb4|wh2_dlc11_cst_vampire_coast_rebellion_rebels|wh2_dlc11_cst_vampire_coast_rebels|wh2_dlc11_cst_vampire_coast_separatists|wh3_dlc21_cst_dead_flag_fleet|wh3_dlc24_cst_vampire_coast_bloated_rebels|wh3_dlc26_cst_vampire_coast_qb1|wh3_dlc26_cst_vampire_coast_qb2|wh3_main_cst_dread_rock_privateers,false,false,true,true,true,true,wh2_dlc11_lore_deep,cst_vampire_fleet_admiral_female,wh2_dlc11_skill_node_set_cst_admiral_fem_deep,,1,general,false,false,,,,wh2_dlc11_skill_cst_admiral_fem_deep_ranged_02,wh2_dlc11_skill_cst_ranged_2_fem_admiral,Powder Monkey,,,,,,,,,,,,,,,,,,,,,,,,,,,,wh2_dlc11_skill_cst_admiral_fem_deep_ranged_00,wh2_dlc11_skill_cst_ranged_0,Always Ready,wh2_dlc11_skill_cst_admiral_fem_deep_ranged_02,wh2_dlc11_skill_cst_ranged_2_fem_admiral,Powder Monkey,REQUIRED,0,1,1,0,0,,,,,,,,,,,character_skill_node_links_tables,wh2_dlc11_skill_cst_admiral_fem_deep_ranged_00|wh2_dlc11_skill_cst_admiral_fem_deep_ranged_02|REQUIRED
prerequisite,warhammer_3,8.1.1,24237342,Vampire Coast,vampire_coast,wh2_dlc11_sc_cst_vampire_coast,Vampire Fleet Admiral (Deep),Vampire_Fleet_Admiral_Deep__admiral_fem_deep,lord,wh2_dlc11_cst_admiral_fem_deep,general,general,wh2_dlc11_cst_noctilus|wh2_dlc11_cst_noctilus_separatists|wh2_dlc11_cst_pirates_of_sartosa|wh2_dlc11_cst_pirates_of_sartosa_separatists|wh2_dlc11_cst_the_drowned|wh2_dlc11_cst_the_drowned_separatists|wh2_dlc11_cst_vampire_coast|wh2_dlc11_cst_vampire_coast_encounters|wh2_dlc11_cst_vampire_coast_qb1|wh2_dlc11_cst_vampire_coast_qb2|wh2_dlc11_cst_vampire_coast_qb3|wh2_dlc11_cst_vampire_coast_qb4|wh2_dlc11_cst_vampire_coast_rebellion_rebels|wh2_dlc11_cst_vampire_coast_rebels|wh2_dlc11_cst_vampire_coast_separatists|wh3_dlc21_cst_dead_flag_fleet|wh3_dlc24_cst_vampire_coast_bloated_rebels|wh3_dlc26_cst_vampire_coast_qb1|wh3_dlc26_cst_vampire_coast_qb2|wh3_main_cst_dread_rock_privateers,false,false,true,true,true,true,wh2_dlc11_lore_deep,cst_vampire_fleet_admiral_female,wh2_dlc11_skill_node_set_cst_admiral_fem_deep,,1,general,false,false,,,,wh2_dlc11_skill_cst_admiral_fem_deep_ranged_03,wh2_dlc11_skill_cst_ranged_3_fem_admiral,Blunderbuss,,,,,,,,,,,,,,,,,,,,,,,,,,,,wh2_dlc11_skill_cst_admiral_fem_deep_ranged_00,wh2_dlc11_skill_cst_ranged_0,Always Ready,wh2_dlc11_skill_cst_admiral_fem_deep_ranged_03,wh2_dlc11_skill_cst_ranged_3_fem_admiral,Blunderbuss,REQUIRED,0,1,1,0,0,,,,,,,,,,,character_skill_node_links_tables,wh2_dlc11_skill_cst_admiral_fem_deep_ranged_00|wh2_dlc11_skill_cst_admiral_fem_deep_ranged_03|REQUIRED
prerequisite,warhammer_3,8.1.1,24237342,Vampire Coast,vampire_coast,wh2_dlc11_sc_cst_vampire_coast,Vampire Fleet Admiral (Deep),Vampire_Fleet_Admiral_Deep__admiral_fem_deep,lord,wh2_dlc11_cst_admiral_fem_deep,general,general,wh2_dlc11_cst_noctilus|wh2_dlc11_cst_noctilus_separatists|wh2_dlc11_cst_pirates_of_sartosa|wh2_dlc11_cst_pirates_of_sartosa_separatists|wh2_dlc11_cst_the_drowned|wh2_dlc11_cst_the_drowned_separatists|wh2_dlc11_cst_vampire_coast|wh2_dlc11_cst_vampire_coast_encounters|wh2_dlc11_cst_vampire_coast_qb1|wh2_dlc11_cst_vampire_coast_qb2|wh2_dlc11_cst_vampire_coast_qb3|wh2_dlc11_cst_vampire_coast_qb4|wh2_dlc11_cst_vampire_coast_rebellion_rebels|wh2_dlc11_cst_vampire_coast_rebels|wh2_dlc11_cst_vampire_coast_separatists|wh3_dlc21_cst_dead_flag_fleet|wh3_dlc24_cst_vampire_coast_bloated_rebels|wh3_dlc26_cst_vampire_coast_qb1|wh3_dlc26_cst_vampire_coast_qb2|wh3_main_cst_dread_rock_privateers,false,false,true,true,true,true,wh2_dlc11_lore_deep,cst_vampire_fleet_admiral_female,wh2_dlc11_skill_node_set_cst_admiral_fem_deep,,1,general,false,false,,,,wh2_dlc11_skill_cst_admiral_fem_deep_ranged_04,wh2_dlc11_skill_cst_ranged_4_fem_admiral,Gunsight,,,,,,,,,,,,,,,,,,,,,,,,,,,,wh2_dlc11_skill_cst_admiral_fem_deep_ranged_00,wh2_dlc11_skill_cst_ranged_0,Always Ready,wh2_dlc11_skill_cst_admiral_fem_deep_ranged_04,wh2_dlc11_skill_cst_ranged_4_fem_admiral,Gunsight,REQUIRED,0,1,1,0,0,,,,,,,,,,,character_skill_node_links_tables,wh2_dlc11_skill_cst_admiral_fem_deep_ranged_00|wh2_dlc11_skill_cst_admiral_fem_deep_ranged_04|REQUIRED
prerequisite,warhammer_3,8.1.1,24237342,Vampire Coast,vampire_coast,wh2_dlc11_sc_cst_vampire_coast,Vampire Fleet Admiral (Deep),Vampire_Fleet_Admiral_Deep__admiral_fem_deep,lord,wh2_dlc11_cst_admiral_fem_deep,general,general,wh2_dlc11_cst_noctilus|wh2_dlc11_cst_noctilus_separatists|wh2_dlc11_cst_pirates_of_sartosa|wh2_dlc11_cst_pirates_of_sartosa_separatists|wh2_dlc11_cst_the_drowned|wh2_dlc11_cst_the_drowned_separatists|wh2_dlc11_cst_vampire_coast|wh2_dlc11_cst_vampire_coast_encounters|wh2_dlc11_cst_vampire_coast_qb1|wh2_dlc11_cst_vampire_coast_qb2|wh2_dlc11_cst_vampire_coast_qb3|wh2_dlc11_cst_vampire_coast_qb4|wh2_dlc11_cst_vampire_coast_rebellion_rebels|wh2_dlc11_cst_vampire_coast_rebels|wh2_dlc11_cst_vampire_coast_separatists|wh3_dlc21_cst_dead_flag_fleet|wh3_dlc24_cst_vampire_coast_bloated_rebels|wh3_dlc26_cst_vampire_coast_qb1|wh3_dlc26_cst_vampire_coast_qb2|wh3_main_cst_dread_rock_privateers,false,false,true,true,true,true,wh2_dlc11_lore_deep,cst_vampire_fleet_admiral_female,wh2_dlc11_skill_node_set_cst_admiral_fem_deep,,1,general,false,false,,,,wh2_dlc11_skill_cst_admiral_fem_deep_ranged_05,wh2_dlc11_skill_cst_ranged_5_pyromaniac,Pyromaniac,,,,,,,,,,,,,,,,,,,,,,,,,,,,wh2_dlc11_skill_cst_admiral_fem_deep_ranged_01,wh2_dlc11_skill_cst_ranged_1_fem_admiral,Blacker Powder,wh2_dlc11_skill_cst_admiral_fem_deep_ranged_05,wh2_dlc11_skill_cst_ranged_5_pyromaniac,Pyromaniac,SUBSET_REQUIRED,0,1,1,0,0,,,,,,,,,,,character_skill_node_links_tables,wh2_dlc11_skill_cst_admiral_fem_deep_ranged_01|wh2_dlc11_skill_cst_admiral_fem_deep_ranged_05|SUBSET_REQUIRED
prerequisite,warhammer_3,8.1.1,24237342,Vampire Coast,vampire_coast,wh2_dlc11_sc_cst_vampire_coast,Vampire Fleet Admiral (Deep),Vampire_Fleet_Admiral_Deep__admiral_fem_deep,lord,wh2_dlc11_cst_admiral_fem_deep,general,general,wh2_dlc11_cst_noctilus|wh2_dlc11_cst_noctilus_separatists|wh2_dlc11_cst_pirates_of_sartosa|wh2_dlc11_cst_pirates_of_sartosa_separatists|wh2_dlc11_cst_the_drowned|wh2_dlc11_cst_the_drowned_separatists|wh2_dlc11_cst_vampire_coast|wh2_dlc11_cst_vampire_coast_encounters|wh2_dlc11_cst_vampire_coast_qb1|wh2_dlc11_cst_vampire_coast_qb2|wh2_dlc11_cst_vampire_coast_qb3|wh2_dlc11_cst_vampire_coast_qb4|wh2_dlc11_cst_vampire_coast_rebellion_rebels|wh2_dlc11_cst_vampire_coast_rebels|wh2_dlc11_cst_vampire_coast_separatists|wh3_dlc21_cst_dead_flag_fleet|wh3_dlc24_cst_vampire_coast_bloated_rebels|wh3_dlc26_cst_vampire_coast_qb1|wh3_dlc26_cst_vampire_coast_qb2|wh3_main_cst_dread_rock_privateers,false,false,true,true,true,true,wh2_dlc11_lore_deep,cst_vampire_fleet_admiral_female,wh2_dlc11_skill_node_set_cst_admiral_fem_deep,,1,general,false,false,,,,wh2_dlc11_skill_cst_admiral_fem_deep_ranged_05,wh2_dlc11_skill_cst_ranged_5_pyromaniac,Pyromaniac,,,,,,,,,,,,,,,,,,,,,,,,,,,,wh2_dlc11_skill_cst_admiral_fem_deep_ranged_02,wh2_dlc11_skill_cst_ranged_2_fem_admiral,Powder Monkey,wh2_dlc11_skill_cst_admiral_fem_deep_ranged_05,wh2_dlc11_skill_cst_ranged_5_pyromaniac,Pyromaniac,SUBSET_REQUIRED,0,1,1,0,0,,,,,,,,,,,character_skill_node_links_tables,wh2_dlc11_skill_cst_admiral_fem_deep_ranged_02|wh2_dlc11_skill_cst_admiral_fem_deep_ranged_05|SUBSET_REQUIRED
prerequisite,warhammer_3,8.1.1,24237342,Vampire Coast,vampire_coast,wh2_dlc11_sc_cst_vampire_coast,Vampire Fleet Admiral (Deep),Vampire_Fleet_Admiral_Deep__admiral_fem_deep,lord,wh2_dlc11_cst_admiral_fem_deep,general,general,wh2_dlc11_cst_noctilus|wh2_dlc11_cst_noctilus_separatists|wh2_dlc11_cst_pirates_of_sartosa|wh2_dlc11_cst_pirates_of_sartosa_separatists|wh2_dlc11_cst_the_drowned|wh2_dlc11_cst_the_drowned_separatists|wh2_dlc11_cst_vampire_coast|wh2_dlc11_cst_vampire_coast_encounters|wh2_dlc11_cst_vampire_coast_qb1|wh2_dlc11_cst_vampire_coast_qb2|wh2_dlc11_cst_vampire_coast_qb3|wh2_dlc11_cst_vampire_coast_qb4|wh2_dlc11_cst_vampire_coast_rebellion_rebels|wh2_dlc11_cst_vampire_coast_rebels|wh2_dlc11_cst_vampire_coast_separatists|wh3_dlc21_cst_dead_flag_fleet|wh3_dlc24_cst_vampire_coast_bloated_rebels|wh3_dlc26_cst_vampire_coast_qb1|wh3_dlc26_cst_vampire_coast_qb2|wh3_main_cst_dread_rock_privateers,false,false,true,true,true,true,wh2_dlc11_lore_deep,cst_vampire_fleet_admiral_female,wh2_dlc11_skill_node_set_cst_admiral_fem_deep,,1,general,false,false,,,,wh2_dlc11_skill_cst_admiral_fem_deep_ranged_05,wh2_dlc11_skill_cst_ranged_5_pyromaniac,Pyromaniac,,,,,,,,,,,,,,,,,,,,,,,,,,,,wh2_dlc11_skill_cst_admiral_fem_deep_ranged_03,wh2_dlc11_skill_cst_ranged_3_fem_admiral,Blunderbuss,wh2_dlc11_skill_cst_admiral_fem_deep_ranged_05,wh2_dlc11_skill_cst_ranged_5_pyromaniac,Pyromaniac,SUBSET_REQUIRED,0,1,1,0,0,,,,,,,,,,,character_skill_node_links_tables,wh2_dlc11_skill_cst_admiral_fem_deep_ranged_03|wh2_dlc11_skill_cst_admiral_fem_deep_ranged_05|SUBSET_REQUIRED
prerequisite,warhammer_3,8.1.1,24237342,Vampire Coast,vampire_coast,wh2_dlc11_sc_cst_vampire_coast,Vampire Fleet Admiral (Deep),Vampire_Fleet_Admiral_Deep__admiral_fem_deep,lord,wh2_dlc11_cst_admiral_fem_deep,general,general,wh2_dlc11_cst_noctilus|wh2_dlc11_cst_noctilus_separatists|wh2_dlc11_cst_pirates_of_sartosa|wh2_dlc11_cst_pirates_of_sartosa_separatists|wh2_dlc11_cst_the_drowned|wh2_dlc11_cst_the_drowned_separatists|wh2_dlc11_cst_vampire_coast|wh2_dlc11_cst_vampire_coast_encounters|wh2_dlc11_cst_vampire_coast_qb1|wh2_dlc11_cst_vampire_coast_qb2|wh2_dlc11_cst_vampire_coast_qb3|wh2_dlc11_cst_vampire_coast_qb4|wh2_dlc11_cst_vampire_coast_rebellion_rebels|wh2_dlc11_cst_vampire_coast_rebels|wh2_dlc11_cst_vampire_coast_separatists|wh3_dlc21_cst_dead_flag_fleet|wh3_dlc24_cst_vampire_coast_bloated_rebels|wh3_dlc26_cst_vampire_coast_qb1|wh3_dlc26_cst_vampire_coast_qb2|wh3_main_cst_dread_rock_privateers,false,false,true,true,true,true,wh2_dlc11_lore_deep,cst_vampire_fleet_admiral_female,wh2_dlc11_skill_node_set_cst_admiral_fem_deep,,1,general,false,false,,,,wh2_dlc11_skill_cst_admiral_fem_deep_ranged_05,wh2_dlc11_skill_cst_ranged_5_pyromaniac,Pyromaniac,,,,,,,,,,,,,,,,,,,,,,,,,,,,wh2_dlc11_skill_cst_admiral_fem_deep_ranged_04,wh2_dlc11_skill_cst_ranged_4_fem_admiral,Gunsight,wh2_dlc11_skill_cst_admiral_fem_deep_ranged_05,wh2_dlc11_skill_cst_ranged_5_pyromaniac,Pyromaniac,SUBSET_REQUIRED,0,1,1,0,0,,,,,,,,,,,character_skill_node_links_tables,wh2_dlc11_skill_cst_admiral_fem_deep_ranged_04|wh2_dlc11_skill_cst_admiral_fem_deep_ranged_05|SUBSET_REQUIRED
prerequisite,warhammer_3,8.1.1,24237342,Vampire Coast,vampire_coast,wh2_dlc11_sc_cst_vampire_coast,Vampire Fleet Admiral (Deep),Vampire_Fleet_Admiral_Deep__admiral_fem_deep,lord,wh2_dlc11_cst_admiral_fem_deep,general,general,wh2_dlc11_cst_noctilus|wh2_dlc11_cst_noctilus_separatists|wh2_dlc11_cst_pirates_of_sartosa|wh2_dlc11_cst_pirates_of_sartosa_separatists|wh2_dlc11_cst_the_drowned|wh2_dlc11_cst_the_drowned_separatists|wh2_dlc11_cst_vampire_coast|wh2_dlc11_cst_vampire_coast_encounters|wh2_dlc11_cst_vampire_coast_qb1|wh2_dlc11_cst_vampire_coast_qb2|wh2_dlc11_cst_vampire_coast_qb3|wh2_dlc11_cst_vampire_coast_qb4|wh2_dlc11_cst_vampire_coast_rebellion_rebels|wh2_dlc11_cst_vampire_coast_rebels|wh2_dlc11_cst_vampire_coast_separatists|wh3_dlc21_cst_dead_flag_fleet|wh3_dlc24_cst_vampire_coast_bloated_rebels|wh3_dlc26_cst_vampire_coast_qb1|wh3_dlc26_cst_vampire_coast_qb2|wh3_main_cst_dread_rock_privateers,false,false,true,true,true,true,wh2_dlc11_lore_deep,cst_vampire_fleet_admiral_female,wh2_dlc11_skill_node_set_cst_admiral_fem_deep,,1,general,false,false,,,,wh2_dlc11_skill_node_cst_admiral_fem_magic_deep_02,wh2_dlc11_skill_all_magic_deep_02_tidecall_lord,Tidecall,,,,,,,,,,,,,,,,,,,,,,,,,,,,wh2_dlc11_skill_node_cst_admiral_fem_magic_deep_01,wh2_dlc11_skill_all_magic_deep_01_spiteful_shot,Spiteful Shot,wh2_dlc11_skill_node_cst_admiral_fem_magic_deep_02,wh2_dlc11_skill_all_magic_deep_02_tidecall_lord,Tidecall,REQUIRED,0,1,1,0,0,,,,,,,,,,,character_skill_node_links_tables,wh2_dlc11_skill_node_cst_admiral_fem_magic_deep_01|wh2_dlc11_skill_node_cst_admiral_fem_magic_deep_02|REQUIRED
prerequisite,warhammer_3,8.1.1,24237342,Vampire Coast,vampire_coast,wh2_dlc11_sc_cst_vampire_coast,Vampire Fleet Admiral (Deep),Vampire_Fleet_Admiral_Deep__admiral_fem_deep,lord,wh2_dlc11_cst_admiral_fem_deep,general,general,wh2_dlc11_cst_noctilus|wh2_dlc11_cst_noctilus_separatists|wh2_dlc11_cst_pirates_of_sartosa|wh2_dlc11_cst_pirates_of_sartosa_separatists|wh2_dlc11_cst_the_drowned|wh2_dlc11_cst_the_drowned_separatists|wh2_dlc11_cst_vampire_coast|wh2_dlc11_cst_vampire_coast_encounters|wh2_dlc11_cst_vampire_coast_qb1|wh2_dlc11_cst_vampire_coast_qb2|wh2_dlc11_cst_vampire_coast_qb3|wh2_dlc11_cst_vampire_coast_qb4|wh2_dlc11_cst_vampire_coast_rebellion_rebels|wh2_dlc11_cst_vampire_coast_rebels|wh2_dlc11_cst_vampire_coast_separatists|wh3_dlc21_cst_dead_flag_fleet|wh3_dlc24_cst_vampire_coast_bloated_rebels|wh3_dlc26_cst_vampire_coast_qb1|wh3_dlc26_cst_vampire_coast_qb2|wh3_main_cst_dread_rock_privateers,false,false,true,true,true,true,wh2_dlc11_lore_deep,cst_vampire_fleet_admiral_female,wh2_dlc11_skill_node_set_cst_admiral_fem_deep,,1,general,false,false,,,,wh2_dlc11_skill_node_cst_admiral_fem_magic_deep_03,wh2_dlc11_skill_all_magic_deep_03_lore_attribute,Kiss of the Deep,,,,,,,,,,,,,,,,,,,,,,,,,,,,wh2_dlc11_skill_node_cst_admiral_fem_magic_deep_01,wh2_dlc11_skill_all_magic_deep_01_spiteful_shot,Spiteful Shot,wh2_dlc11_skill_node_cst_admiral_fem_magic_deep_03,wh2_dlc11_skill_all_magic_deep_03_lore_attribute,Kiss of the Deep,REQUIRED,0,1,1,0,0,,,,,,,,,,,character_skill_node_links_tables,wh2_dlc11_skill_node_cst_admiral_fem_magic_deep_01|wh2_dlc11_skill_node_cst_admiral_fem_magic_deep_03|REQUIRED
prerequisite,warhammer_3,8.1.1,24237342,Vampire Coast,vampire_coast,wh2_dlc11_sc_cst_vampire_coast,Vampire Fleet Admiral (Deep),Vampire_Fleet_Admiral_Deep__admiral_fem_deep,lord,wh2_dlc11_cst_admiral_fem_deep,general,general,wh2_dlc11_cst_noctilus|wh2_dlc11_cst_noctilus_separatists|wh2_dlc11_cst_pirates_of_sartosa|wh2_dlc11_cst_pirates_of_sartosa_separatists|wh2_dlc11_cst_the_drowned|wh2_dlc11_cst_the_drowned_separatists|wh2_dlc11_cst_vampire_coast|wh2_dlc11_cst_vampire_coast_encounters|wh2_dlc11_cst_vampire_coast_qb1|wh2_dlc11_cst_vampire_coast_qb2|wh2_dlc11_cst_vampire_coast_qb3|wh2_dlc11_cst_vampire_coast_qb4|wh2_dlc11_cst_vampire_coast_rebellion_rebels|wh2_dlc11_cst_vampire_coast_rebels|wh2_dlc11_cst_vampire_coast_separatists|wh3_dlc21_cst_dead_flag_fleet|wh3_dlc24_cst_vampire_coast_bloated_rebels|wh3_dlc26_cst_vampire_coast_qb1|wh3_dlc26_cst_vampire_coast_qb2|wh3_main_cst_dread_rock_privateers,false,false,true,true,true,true,wh2_dlc11_lore_deep,cst_vampire_fleet_admiral_female,wh2_dlc11_skill_node_set_cst_admiral_fem_deep,,1,general,false,false,,,,wh2_dlc11_skill_node_cst_admiral_fem_magic_deep_04,wh2_dlc11_skill_all_magic_deep_04_denizens_of_the_deep_lord,Denizens of the Deep,,,,,,,,,,,,,,,,,,,,,,,,,,,,wh2_dlc11_skill_node_cst_admiral_fem_magic_deep_01,wh2_dlc11_skill_all_magic_deep_01_spiteful_shot,Spiteful Shot,wh2_dlc11_skill_node_cst_admiral_fem_magic_deep_04,wh2_dlc11_skill_all_magic_deep_04_denizens_of_the_deep_lord,Denizens of the Deep,REQUIRED,0,1,1,0,0,,,,,,,,,,,character_skill_node_links_tables,wh2_dlc11_skill_node_cst_admiral_fem_magic_deep_01|wh2_dlc11_skill_node_cst_admiral_fem_magic_deep_04|REQUIRED
prerequisite,warhammer_3,8.1.1,24237342,Vampire Coast,vampire_coast,wh2_dlc11_sc_cst_vampire_coast,Vampire Fleet Admiral (Deep),Vampire_Fleet_Admiral_Deep__admiral_fem_deep,lord,wh2_dlc11_cst_admiral_fem_deep,general,general,wh2_dlc11_cst_noctilus|wh2_dlc11_cst_noctilus_separatists|wh2_dlc11_cst_pirates_of_sartosa|wh2_dlc11_cst_pirates_of_sartosa_separatists|wh2_dlc11_cst_the_drowned|wh2_dlc11_cst_the_drowned_separatists|wh2_dlc11_cst_vampire_coast|wh2_dlc11_cst_vampire_coast_encounters|wh2_dlc11_cst_vampire_coast_qb1|wh2_dlc11_cst_vampire_coast_qb2|wh2_dlc11_cst_vampire_coast_qb3|wh2_dlc11_cst_vampire_coast_qb4|wh2_dlc11_cst_vampire_coast_rebellion_rebels|wh2_dlc11_cst_vampire_coast_rebels|wh2_dlc11_cst_vampire_coast_separatists|wh3_dlc21_cst_dead_flag_fleet|wh3_dlc24_cst_vampire_coast_bloated_rebels|wh3_dlc26_cst_vampire_coast_qb1|wh3_dlc26_cst_vampire_coast_qb2|wh3_main_cst_dread_rock_privateers,false,false,true,true,true,true,wh2_dlc11_lore_deep,cst_vampire_fleet_admiral_female,wh2_dlc11_skill_node_set_cst_admiral_fem_deep,,1,general,false,false,,,,wh2_dlc11_skill_node_cst_admiral_fem_magic_deep_05,wh2_dlc11_skill_all_magic_deep_05_fog_of_the_damned_lord,Fog of the Damned,,,,,,,,,,,,,,,,,,,,,,,,,,,,wh2_dlc11_skill_node_cst_admiral_fem_magic_deep_01,wh2_dlc11_skill_all_magic_deep_01_spiteful_shot,Spiteful Shot,wh2_dlc11_skill_node_cst_admiral_fem_magic_deep_05,wh2_dlc11_skill_all_magic_deep_05_fog_of_the_damned_lord,Fog of the Damned,REQUIRED,0,1,1,0,0,,,,,,,,,,,character_skill_node_links_tables,wh2_dlc11_skill_node_cst_admiral_fem_magic_deep_01|wh2_dlc11_skill_node_cst_admiral_fem_magic_deep_05|REQUIRED
prerequisite,warhammer_3,8.1.1,24237342,Vampire Coast,vampire_coast,wh2_dlc11_sc_cst_vampire_coast,Vampire Fleet Admiral (Deep),Vampire_Fleet_Admiral_Deep__admiral_fem_deep,lord,wh2_dlc11_cst_admiral_fem_deep,general,general,wh2_dlc11_cst_noctilus|wh2_dlc11_cst_noctilus_separatists|wh2_dlc11_cst_pirates_of_sartosa|wh2_dlc11_cst_pirates_of_sartosa_separatists|wh2_dlc11_cst_the_drowned|wh2_dlc11_cst_the_drowned_separatists|wh2_dlc11_cst_vampire_coast|wh2_dlc11_cst_vampire_coast_encounters|wh2_dlc11_cst_vampire_coast_qb1|wh2_dlc11_cst_vampire_coast_qb2|wh2_dlc11_cst_vampire_coast_qb3|wh2_dlc11_cst_vampire_coast_qb4|wh2_dlc11_cst_vampire_coast_rebellion_rebels|wh2_dlc11_cst_vampire_coast_rebels|wh2_dlc11_cst_vampire_coast_separatists|wh3_dlc21_cst_dead_flag_fleet|wh3_dlc24_cst_vampire_coast_bloated_rebels|wh3_dlc26_cst_vampire_coast_qb1|wh3_dlc26_cst_vampire_coast_qb2|wh3_main_cst_dread_rock_privateers,false,false,true,true,true,true,wh2_dlc11_lore_deep,cst_vampire_fleet_admiral_female,wh2_dlc11_skill_node_set_cst_admiral_fem_deep,,1,general,false,false,,,,wh2_dlc11_skill_node_cst_admiral_fem_magic_deep_06,wh_main_skill_all_magic_all_06_evasion,Evasion,,,,,,,,,,,,,,,,,,,,,,,,,,,,wh2_dlc11_skill_node_cst_admiral_fem_magic_deep_02,wh2_dlc11_skill_all_magic_deep_02_tidecall_lord,Tidecall,wh2_dlc11_skill_node_cst_admiral_fem_magic_deep_06,wh_main_skill_all_magic_all_06_evasion,Evasion,SUBSET_REQUIRED,0,1,1,0,0,,,,,,,,,,,character_skill_node_links_tables,wh2_dlc11_skill_node_cst_admiral_fem_magic_deep_02|wh2_dlc11_skill_node_cst_admiral_fem_magic_deep_06|SUBSET_REQUIRED
prerequisite,warhammer_3,8.1.1,24237342,Vampire Coast,vampire_coast,wh2_dlc11_sc_cst_vampire_coast,Vampire Fleet Admiral (Deep),Vampire_Fleet_Admiral_Deep__admiral_fem_deep,lord,wh2_dlc11_cst_admiral_fem_deep,general,general,wh2_dlc11_cst_noctilus|wh2_dlc11_cst_noctilus_separatists|wh2_dlc11_cst_pirates_of_sartosa|wh2_dlc11_cst_pirates_of_sartosa_separatists|wh2_dlc11_cst_the_drowned|wh2_dlc11_cst_the_drowned_separatists|wh2_dlc11_cst_vampire_coast|wh2_dlc11_cst_vampire_coast_encounters|wh2_dlc11_cst_vampire_coast_qb1|wh2_dlc11_cst_vampire_coast_qb2|wh2_dlc11_cst_vampire_coast_qb3|wh2_dlc11_cst_vampire_coast_qb4|wh2_dlc11_cst_vampire_coast_rebellion_rebels|wh2_dlc11_cst_vampire_coast_rebels|wh2_dlc11_cst_vampire_coast_separatists|wh3_dlc21_cst_dead_flag_fleet|wh3_dlc24_cst_vampire_coast_bloated_rebels|wh3_dlc26_cst_vampire_coast_qb1|wh3_dlc26_cst_vampire_coast_qb2|wh3_main_cst_dread_rock_privateers,false,false,true,true,true,true,wh2_dlc11_lore_deep,cst_vampire_fleet_admiral_female,wh2_dlc11_skill_node_set_cst_admiral_fem_deep,,1,general,false,false,,,,wh2_dlc11_skill_node_cst_admiral_fem_magic_deep_06,wh_main_skill_all_magic_all_06_evasion,Evasion,,,,,,,,,,,,,,,,,,,,,,,,,,,,wh2_dlc11_skill_node_cst_admiral_fem_magic_deep_03,wh2_dlc11_skill_all_magic_deep_03_lore_attribute,Kiss of the Deep,wh2_dlc11_skill_node_cst_admiral_fem_magic_deep_06,wh_main_skill_all_magic_all_06_evasion,Evasion,SUBSET_REQUIRED,0,1,1,0,0,,,,,,,,,,,character_skill_node_links_tables,wh2_dlc11_skill_node_cst_admiral_fem_magic_deep_03|wh2_dlc11_skill_node_cst_admiral_fem_magic_deep_06|SUBSET_REQUIRED
prerequisite,warhammer_3,8.1.1,24237342,Vampire Coast,vampire_coast,wh2_dlc11_sc_cst_vampire_coast,Vampire Fleet Admiral (Deep),Vampire_Fleet_Admiral_Deep__admiral_fem_deep,lord,wh2_dlc11_cst_admiral_fem_deep,general,general,wh2_dlc11_cst_noctilus|wh2_dlc11_cst_noctilus_separatists|wh2_dlc11_cst_pirates_of_sartosa|wh2_dlc11_cst_pirates_of_sartosa_separatists|wh2_dlc11_cst_the_drowned|wh2_dlc11_cst_the_drowned_separatists|wh2_dlc11_cst_vampire_coast|wh2_dlc11_cst_vampire_coast_encounters|wh2_dlc11_cst_vampire_coast_qb1|wh2_dlc11_cst_vampire_coast_qb2|wh2_dlc11_cst_vampire_coast_qb3|wh2_dlc11_cst_vampire_coast_qb4|wh2_dlc11_cst_vampire_coast_rebellion_rebels|wh2_dlc11_cst_vampire_coast_rebels|wh2_dlc11_cst_vampire_coast_separatists|wh3_dlc21_cst_dead_flag_fleet|wh3_dlc24_cst_vampire_coast_bloated_rebels|wh3_dlc26_cst_vampire_coast_qb1|wh3_dlc26_cst_vampire_coast_qb2|wh3_main_cst_dread_rock_privateers,false,false,true,true,true,true,wh2_dlc11_lore_deep,cst_vampire_fleet_admiral_female,wh2_dlc11_skill_node_set_cst_admiral_fem_deep,,1,general,false,false,,,,wh2_dlc11_skill_node_cst_admiral_fem_magic_deep_06,wh_main_skill_all_magic_all_06_evasion,Evasion,,,,,,,,,,,,,,,,,,,,,,,,,,,,wh2_dlc11_skill_node_cst_admiral_fem_magic_deep_04,wh2_dlc11_skill_all_magic_deep_04_denizens_of_the_deep_lord,Denizens of the Deep,wh2_dlc11_skill_node_cst_admiral_fem_magic_deep_06,wh_main_skill_all_magic_all_06_evasion,Evasion,SUBSET_REQUIRED,0,1,1,0,0,,,,,,,,,,,character_skill_node_links_tables,wh2_dlc11_skill_node_cst_admiral_fem_magic_deep_04|wh2_dlc11_skill_node_cst_admiral_fem_magic_deep_06|SUBSET_REQUIRED
prerequisite,warhammer_3,8.1.1,24237342,Vampire Coast,vampire_coast,wh2_dlc11_sc_cst_vampire_coast,Vampire Fleet Admiral (Deep),Vampire_Fleet_Admiral_Deep__admiral_fem_deep,lord,wh2_dlc11_cst_admiral_fem_deep,general,general,wh2_dlc11_cst_noctilus|wh2_dlc11_cst_noctilus_separatists|wh2_dlc11_cst_pirates_of_sartosa|wh2_dlc11_cst_pirates_of_sartosa_separatists|wh2_dlc11_cst_the_drowned|wh2_dlc11_cst_the_drowned_separatists|wh2_dlc11_cst_vampire_coast|wh2_dlc11_cst_vampire_coast_encounters|wh2_dlc11_cst_vampire_coast_qb1|wh2_dlc11_cst_vampire_coast_qb2|wh2_dlc11_cst_vampire_coast_qb3|wh2_dlc11_cst_vampire_coast_qb4|wh2_dlc11_cst_vampire_coast_rebellion_rebels|wh2_dlc11_cst_vampire_coast_rebels|wh2_dlc11_cst_vampire_coast_separatists|wh3_dlc21_cst_dead_flag_fleet|wh3_dlc24_cst_vampire_coast_bloated_rebels|wh3_dlc26_cst_vampire_coast_qb1|wh3_dlc26_cst_vampire_coast_qb2|wh3_main_cst_dread_rock_privateers,false,false,true,true,true,true,wh2_dlc11_lore_deep,cst_vampire_fleet_admiral_female,wh2_dlc11_skill_node_set_cst_admiral_fem_deep,,1,general,false,false,,,,wh2_dlc11_skill_node_cst_admiral_fem_magic_deep_06,wh_main_skill_all_magic_all_06_evasion,Evasion,,,,,,,,,,,,,,,,,,,,,,,,,,,,wh2_dlc11_skill_node_cst_admiral_fem_magic_deep_05,wh2_dlc11_skill_all_magic_deep_05_fog_of_the_damned_lord,Fog of the Damned,wh2_dlc11_skill_node_cst_admiral_fem_magic_deep_06,wh_main_skill_all_magic_all_06_evasion,Evasion,SUBSET_REQUIRED,0,1,1,0,0,,,,,,,,,,,character_skill_node_links_tables,wh2_dlc11_skill_node_cst_admiral_fem_magic_deep_05|wh2_dlc11_skill_node_cst_admiral_fem_magic_deep_06|SUBSET_REQUIRED
prerequisite,warhammer_3,8.1.1,24237342,Vampire Coast,vampire_coast,wh2_dlc11_sc_cst_vampire_coast,Vampire Fleet Admiral (Deep),Vampire_Fleet_Admiral_Deep__admiral_fem_deep,lord,wh2_dlc11_cst_admiral_fem_deep,general,general,wh2_dlc11_cst_noctilus|wh2_dlc11_cst_noctilus_separatists|wh2_dlc11_cst_pirates_of_sartosa|wh2_dlc11_cst_pirates_of_sartosa_separatists|wh2_dlc11_cst_the_drowned|wh2_dlc11_cst_the_drowned_separatists|wh2_dlc11_cst_vampire_coast|wh2_dlc11_cst_vampire_coast_encounters|wh2_dlc11_cst_vampire_coast_qb1|wh2_dlc11_cst_vampire_coast_qb2|wh2_dlc11_cst_vampire_coast_qb3|wh2_dlc11_cst_vampire_coast_qb4|wh2_dlc11_cst_vampire_coast_rebellion_rebels|wh2_dlc11_cst_vampire_coast_rebels|wh2_dlc11_cst_vampire_coast_separatists|wh3_dlc21_cst_dead_flag_fleet|wh3_dlc24_cst_vampire_coast_bloated_rebels|wh3_dlc26_cst_vampire_coast_qb1|wh3_dlc26_cst_vampire_coast_qb2|wh3_main_cst_dread_rock_privateers,false,false,true,true,true,true,wh2_dlc11_lore_deep,cst_vampire_fleet_admiral_female,wh2_dlc11_skill_node_set_cst_admiral_fem_deep,,1,general,false,false,,,,wh2_dlc11_skill_node_cst_admiral_fem_magic_deep_07,wh2_dlc11_skill_all_magic_deep_09_krakens_pull_lord,Kraken's Pull,,,,,,,,,,,,,,,,,,,,,,,,,,,,wh2_dlc11_skill_node_cst_admiral_fem_magic_deep_06,wh_main_skill_all_magic_all_06_evasion,Evasion,wh2_dlc11_skill_node_cst_admiral_fem_magic_deep_07,wh2_dlc11_skill_all_magic_deep_09_krakens_pull_lord,Kraken's Pull,REQUIRED,0,1,1,0,0,,,,,,,,,,,character_skill_node_links_tables,wh2_dlc11_skill_node_cst_admiral_fem_magic_deep_06|wh2_dlc11_skill_node_cst_admiral_fem_magic_deep_07|REQUIRED
prerequisite,warhammer_3,8.1.1,24237342,Vampire Coast,vampire_coast,wh2_dlc11_sc_cst_vampire_coast,Vampire Fleet Admiral (Deep),Vampire_Fleet_Admiral_Deep__admiral_fem_deep,lord,wh2_dlc11_cst_admiral_fem_deep,general,general,wh2_dlc11_cst_noctilus|wh2_dlc11_cst_noctilus_separatists|wh2_dlc11_cst_pirates_of_sartosa|wh2_dlc11_cst_pirates_of_sartosa_separatists|wh2_dlc11_cst_the_drowned|wh2_dlc11_cst_the_drowned_separatists|wh2_dlc11_cst_vampire_coast|wh2_dlc11_cst_vampire_coast_encounters|wh2_dlc11_cst_vampire_coast_qb1|wh2_dlc11_cst_vampire_coast_qb2|wh2_dlc11_cst_vampire_coast_qb3|wh2_dlc11_cst_vampire_coast_qb4|wh2_dlc11_cst_vampire_coast_rebellion_rebels|wh2_dlc11_cst_vampire_coast_rebels|wh2_dlc11_cst_vampire_coast_separatists|wh3_dlc21_cst_dead_flag_fleet|wh3_dlc24_cst_vampire_coast_bloated_rebels|wh3_dlc26_cst_vampire_coast_qb1|wh3_dlc26_cst_vampire_coast_qb2|wh3_main_cst_dread_rock_privateers,false,false,true,true,true,true,wh2_dlc11_lore_deep,cst_vampire_fleet_admiral_female,wh2_dlc11_skill_node_set_cst_admiral_fem_deep,,1,general,false,false,,,,wh2_dlc11_skill_node_cst_admiral_fem_magic_deep_08,wh2_dlc11_skill_all_magic_deep_10_ghost_ship_lord,Vangheist’s Revenge,,,,,,,,,,,,,,,,,,,,,,,,,,,,wh2_dlc11_skill_node_cst_admiral_fem_magic_deep_06,wh_main_skill_all_magic_all_06_evasion,Evasion,wh2_dlc11_skill_node_cst_admiral_fem_magic_deep_08,wh2_dlc11_skill_all_magic_deep_10_ghost_ship_lord,Vangheist’s Revenge,REQUIRED,0,1,1,0,0,,,,,,,,,,,character_skill_node_links_tables,wh2_dlc11_skill_node_cst_admiral_fem_magic_deep_06|wh2_dlc11_skill_node_cst_admiral_fem_magic_deep_08|REQUIRED
prerequisite,warhammer_3,8.1.1,24237342,Vampire Coast,vampire_coast,wh2_dlc11_sc_cst_vampire_coast,Vampire Fleet Admiral (Deep),Vampire_Fleet_Admiral_Deep__admiral_fem_deep,lord,wh2_dlc11_cst_admiral_fem_deep,general,general,wh2_dlc11_cst_noctilus|wh2_dlc11_cst_noctilus_separatists|wh2_dlc11_cst_pirates_of_sartosa|wh2_dlc11_cst_pirates_of_sartosa_separatists|wh2_dlc11_cst_the_drowned|wh2_dlc11_cst_the_drowned_separatists|wh2_dlc11_cst_vampire_coast|wh2_dlc11_cst_vampire_coast_encounters|wh2_dlc11_cst_vampire_coast_qb1|wh2_dlc11_cst_vampire_coast_qb2|wh2_dlc11_cst_vampire_coast_qb3|wh2_dlc11_cst_vampire_coast_qb4|wh2_dlc11_cst_vampire_coast_rebellion_rebels|wh2_dlc11_cst_vampire_coast_rebels|wh2_dlc11_cst_vampire_coast_separatists|wh3_dlc21_cst_dead_flag_fleet|wh3_dlc24_cst_vampire_coast_bloated_rebels|wh3_dlc26_cst_vampire_coast_qb1|wh3_dlc26_cst_vampire_coast_qb2|wh3_main_cst_dread_rock_privateers,false,false,true,true,true,true,wh2_dlc11_lore_deep,cst_vampire_fleet_admiral_female,wh2_dlc11_skill_node_set_cst_admiral_fem_deep,,1,general,false,false,,,,wh2_dlc11_skill_node_cst_admiral_fem_magic_deep_09,wh_main_skill_all_magic_all_07_earthing,Earthing,,,,,,,,,,,,,,,,,,,,,,,,,,,,wh2_dlc11_skill_node_cst_admiral_fem_magic_deep_06,wh_main_skill_all_magic_all_06_evasion,Evasion,wh2_dlc11_skill_node_cst_admiral_fem_magic_deep_09,wh_main_skill_all_magic_all_07_earthing,Earthing,REQUIRED,0,1,1,0,0,,,,,,,,,,,character_skill_node_links_tables,wh2_dlc11_skill_node_cst_admiral_fem_magic_deep_06|wh2_dlc11_skill_node_cst_admiral_fem_magic_deep_09|REQUIRED
prerequisite,warhammer_3,8.1.1,24237342,Vampire Coast,vampire_coast,wh2_dlc11_sc_cst_vampire_coast,Vampire Fleet Admiral (Deep),Vampire_Fleet_Admiral_Deep__admiral_fem_deep,lord,wh2_dlc11_cst_admiral_fem_deep,general,general,wh2_dlc11_cst_noctilus|wh2_dlc11_cst_noctilus_separatists|wh2_dlc11_cst_pirates_of_sartosa|wh2_dlc11_cst_pirates_of_sartosa_separatists|wh2_dlc11_cst_the_drowned|wh2_dlc11_cst_the_drowned_separatists|wh2_dlc11_cst_vampire_coast|wh2_dlc11_cst_vampire_coast_encounters|wh2_dlc11_cst_vampire_coast_qb1|wh2_dlc11_cst_vampire_coast_qb2|wh2_dlc11_cst_vampire_coast_qb3|wh2_dlc11_cst_vampire_coast_qb4|wh2_dlc11_cst_vampire_coast_rebellion_rebels|wh2_dlc11_cst_vampire_coast_rebels|wh2_dlc11_cst_vampire_coast_separatists|wh3_dlc21_cst_dead_flag_fleet|wh3_dlc24_cst_vampire_coast_bloated_rebels|wh3_dlc26_cst_vampire_coast_qb1|wh3_dlc26_cst_vampire_coast_qb2|wh3_main_cst_dread_rock_privateers,false,false,true,true,true,true,wh2_dlc11_lore_deep,cst_vampire_fleet_admiral_female,wh2_dlc11_skill_node_set_cst_admiral_fem_deep,,1,general,false,false,,,,wh2_dlc11_skill_node_cst_admiral_fem_magic_deep_10,wh_main_skill_all_magic_all_08_power_drain,Magical Reserves,,,,,,,,,,,,,,,,,,,,,,,,,,,,wh2_dlc11_skill_node_cst_admiral_fem_magic_deep_06,wh_main_skill_all_magic_all_06_evasion,Evasion,wh2_dlc11_skill_node_cst_admiral_fem_magic_deep_10,wh_main_skill_all_magic_all_08_power_drain,Magical Reserves,REQUIRED,0,1,1,0,0,,,,,,,,,,,character_skill_node_links_tables,wh2_dlc11_skill_node_cst_admiral_fem_magic_deep_06|wh2_dlc11_skill_node_cst_admiral_fem_magic_deep_10|REQUIRED
prerequisite,warhammer_3,8.1.1,24237342,Vampire Coast,vampire_coast,wh2_dlc11_sc_cst_vampire_coast,Vampire Fleet Admiral (Deep),Vampire_Fleet_Admiral_Deep__admiral_fem_deep,lord,wh2_dlc11_cst_admiral_fem_deep,general,general,wh2_dlc11_cst_noctilus|wh2_dlc11_cst_noctilus_separatists|wh2_dlc11_cst_pirates_of_sartosa|wh2_dlc11_cst_pirates_of_sartosa_separatists|wh2_dlc11_cst_the_drowned|wh2_dlc11_cst_the_drowned_separatists|wh2_dlc11_cst_vampire_coast|wh2_dlc11_cst_vampire_coast_encounters|wh2_dlc11_cst_vampire_coast_qb1|wh2_dlc11_cst_vampire_coast_qb2|wh2_dlc11_cst_vampire_coast_qb3|wh2_dlc11_cst_vampire_coast_qb4|wh2_dlc11_cst_vampire_coast_rebellion_rebels|wh2_dlc11_cst_vampire_coast_rebels|wh2_dlc11_cst_vampire_coast_separatists|wh3_dlc21_cst_dead_flag_fleet|wh3_dlc24_cst_vampire_coast_bloated_rebels|wh3_dlc26_cst_vampire_coast_qb1|wh3_dlc26_cst_vampire_coast_qb2|wh3_main_cst_dread_rock_privateers,false,false,true,true,true,true,wh2_dlc11_lore_deep,cst_vampire_fleet_admiral_female,wh2_dlc11_skill_node_set_cst_admiral_fem_deep,,1,general,false,false,,,,wh2_dlc11_skill_node_cst_admiral_fem_magic_deep_11,wh_main_skill_all_magic_all_11_arcane_conduit,Arcane Conduit,,,,,,,,,,,,,,,,,,,,,,,,,,,,wh2_dlc11_skill_node_cst_admiral_fem_magic_deep_07,wh2_dlc11_skill_all_magic_deep_09_krakens_pull_lord,Kraken's Pull,wh2_dlc11_skill_node_cst_admiral_fem_magic_deep_11,wh_main_skill_all_magic_all_11_arcane_conduit,Arcane Conduit,SUBSET_REQUIRED,0,1,1,0,0,,,,,,,,,,,character_skill_node_links_tables,wh2_dlc11_skill_node_cst_admiral_fem_magic_deep_07|wh2_dlc11_skill_node_cst_admiral_fem_magic_deep_11|SUBSET_REQUIRED
prerequisite,warhammer_3,8.1.1,24237342,Vampire Coast,vampire_coast,wh2_dlc11_sc_cst_vampire_coast,Vampire Fleet Admiral (Deep),Vampire_Fleet_Admiral_Deep__admiral_fem_deep,lord,wh2_dlc11_cst_admiral_fem_deep,general,general,wh2_dlc11_cst_noctilus|wh2_dlc11_cst_noctilus_separatists|wh2_dlc11_cst_pirates_of_sartosa|wh2_dlc11_cst_pirates_of_sartosa_separatists|wh2_dlc11_cst_the_drowned|wh2_dlc11_cst_the_drowned_separatists|wh2_dlc11_cst_vampire_coast|wh2_dlc11_cst_vampire_coast_encounters|wh2_dlc11_cst_vampire_coast_qb1|wh2_dlc11_cst_vampire_coast_qb2|wh2_dlc11_cst_vampire_coast_qb3|wh2_dlc11_cst_vampire_coast_qb4|wh2_dlc11_cst_vampire_coast_rebellion_rebels|wh2_dlc11_cst_vampire_coast_rebels|wh2_dlc11_cst_vampire_coast_separatists|wh3_dlc21_cst_dead_flag_fleet|wh3_dlc24_cst_vampire_coast_bloated_rebels|wh3_dlc26_cst_vampire_coast_qb1|wh3_dlc26_cst_vampire_coast_qb2|wh3_main_cst_dread_rock_privateers,false,false,true,true,true,true,wh2_dlc11_lore_deep,cst_vampire_fleet_admiral_female,wh2_dlc11_skill_node_set_cst_admiral_fem_deep,,1,general,false,false,,,,wh2_dlc11_skill_node_cst_admiral_fem_magic_deep_11,wh_main_skill_all_magic_all_11_arcane_conduit,Arcane Conduit,,,,,,,,,,,,,,,,,,,,,,,,,,,,wh2_dlc11_skill_node_cst_admiral_fem_magic_deep_08,wh2_dlc11_skill_all_magic_deep_10_ghost_ship_lord,Vangheist’s Revenge,wh2_dlc11_skill_node_cst_admiral_fem_magic_deep_11,wh_main_skill_all_magic_all_11_arcane_conduit,Arcane Conduit,SUBSET_REQUIRED,0,1,1,0,0,,,,,,,,,,,character_skill_node_links_tables,wh2_dlc11_skill_node_cst_admiral_fem_magic_deep_08|wh2_dlc11_skill_node_cst_admiral_fem_magic_deep_11|SUBSET_REQUIRED
prerequisite,warhammer_3,8.1.1,24237342,Vampire Coast,vampire_coast,wh2_dlc11_sc_cst_vampire_coast,Vampire Fleet Admiral (Deep),Vampire_Fleet_Admiral_Deep__admiral_fem_deep,lord,wh2_dlc11_cst_admiral_fem_deep,general,general,wh2_dlc11_cst_noctilus|wh2_dlc11_cst_noctilus_separatists|wh2_dlc11_cst_pirates_of_sartosa|wh2_dlc11_cst_pirates_of_sartosa_separatists|wh2_dlc11_cst_the_drowned|wh2_dlc11_cst_the_drowned_separatists|wh2_dlc11_cst_vampire_coast|wh2_dlc11_cst_vampire_coast_encounters|wh2_dlc11_cst_vampire_coast_qb1|wh2_dlc11_cst_vampire_coast_qb2|wh2_dlc11_cst_vampire_coast_qb3|wh2_dlc11_cst_vampire_coast_qb4|wh2_dlc11_cst_vampire_coast_rebellion_rebels|wh2_dlc11_cst_vampire_coast_rebels|wh2_dlc11_cst_vampire_coast_separatists|wh3_dlc21_cst_dead_flag_fleet|wh3_dlc24_cst_vampire_coast_bloated_rebels|wh3_dlc26_cst_vampire_coast_qb1|wh3_dlc26_cst_vampire_coast_qb2|wh3_main_cst_dread_rock_privateers,false,false,true,true,true,true,wh2_dlc11_lore_deep,cst_vampire_fleet_admiral_female,wh2_dlc11_skill_node_set_cst_admiral_fem_deep,,1,general,false,false,,,,wh2_dlc11_skill_node_cst_admiral_fem_magic_deep_11,wh_main_skill_all_magic_all_11_arcane_conduit,Arcane Conduit,,,,,,,,,,,,,,,,,,,,,,,,,,,,wh2_dlc11_skill_node_cst_admiral_fem_magic_deep_09,wh_main_skill_all_magic_all_07_earthing,Earthing,wh2_dlc11_skill_node_cst_admiral_fem_magic_deep_11,wh_main_skill_all_magic_all_11_arcane_conduit,Arcane Conduit,SUBSET_REQUIRED,0,1,1,0,0,,,,,,,,,,,character_skill_node_links_tables,wh2_dlc11_skill_node_cst_admiral_fem_magic_deep_09|wh2_dlc11_skill_node_cst_admiral_fem_magic_deep_11|SUBSET_REQUIRED
prerequisite,warhammer_3,8.1.1,24237342,Vampire Coast,vampire_coast,wh2_dlc11_sc_cst_vampire_coast,Vampire Fleet Admiral (Deep),Vampire_Fleet_Admiral_Deep__admiral_fem_deep,lord,wh2_dlc11_cst_admiral_fem_deep,general,general,wh2_dlc11_cst_noctilus|wh2_dlc11_cst_noctilus_separatists|wh2_dlc11_cst_pirates_of_sartosa|wh2_dlc11_cst_pirates_of_sartosa_separatists|wh2_dlc11_cst_the_drowned|wh2_dlc11_cst_the_drowned_separatists|wh2_dlc11_cst_vampire_coast|wh2_dlc11_cst_vampire_coast_encounters|wh2_dlc11_cst_vampire_coast_qb1|wh2_dlc11_cst_vampire_coast_qb2|wh2_dlc11_cst_vampire_coast_qb3|wh2_dlc11_cst_vampire_coast_qb4|wh2_dlc11_cst_vampire_coast_rebellion_rebels|wh2_dlc11_cst_vampire_coast_rebels|wh2_dlc11_cst_vampire_coast_separatists|wh3_dlc21_cst_dead_flag_fleet|wh3_dlc24_cst_vampire_coast_bloated_rebels|wh3_dlc26_cst_vampire_coast_qb1|wh3_dlc26_cst_vampire_coast_qb2|wh3_main_cst_dread_rock_privateers,false,false,true,true,true,true,wh2_dlc11_lore_deep,cst_vampire_fleet_admiral_female,wh2_dlc11_skill_node_set_cst_admiral_fem_deep,,1,general,false,false,,,,wh2_dlc11_skill_node_cst_admiral_fem_magic_deep_11,wh_main_skill_all_magic_all_11_arcane_conduit,Arcane Conduit,,,,,,,,,,,,,,,,,,,,,,,,,,,,wh2_dlc11_skill_node_cst_admiral_fem_magic_deep_10,wh_main_skill_all_magic_all_08_power_drain,Magical Reserves,wh2_dlc11_skill_node_cst_admiral_fem_magic_deep_11,wh_main_skill_all_magic_all_11_arcane_conduit,Arcane Conduit,SUBSET_REQUIRED,0,1,1,0,0,,,,,,,,,,,character_skill_node_links_tables,wh2_dlc11_skill_node_cst_admiral_fem_magic_deep_10|wh2_dlc11_skill_node_cst_admiral_fem_magic_deep_11|SUBSET_REQUIRED
