record_type,game,patch,steam_build_id,race,race_slug,subculture_key,character_name,character_slug,character_class,agent_subtype_key,primary_agent_type,permitted_agent_types,permitted_faction_keys,is_legendary_lord,is_unique_agent,is_recruitable,show_in_ui,auto_generate,is_caster,magic_lore,recruitment_category,node_set_key,node_set_name,node_set_index,node_set_agent_key,node_set_for_army,node_set_for_navy,node_set_faction_key,node_set_campaign_key,node_set_subculture_key,node_key,skill_key,skill_name,skill_description,skill_icon_path,node_tier,node_indent,points_on_creation,required_num_parents,visible_in_ui,skill_unlocked_at_rank,skill_max_level,skill_level,level_name,level_description,level_unlocked_at_rank,level_image_path,level_campaign_key,level_faction_key,level_subculture_key,effect_key,effect_description,effect_additional_tooltip,effect_scope,effect_value,effect_category,effect_priority,effect_is_positive_value_good,effect_icon,effect_icon_negative,parent_node_key,parent_skill_key,parent_skill_name,child_node_key,child_skill_key,child_skill_name,link_type,initial_descent_tiers,parent_link_position,child_link_position,parent_link_position_offset,child_link_position_offset,locked_skill_key,locked_skill_name,locked_skill_level,ancillary_key,ancillary_name,ancillary_type,ancillary_category,dilemma_key,dilemma_title,dilemma_random_selection,source_table,source_key
character,warhammer_3,8.1.1,24237342,Daemons of Chaos,daemons_of_chaos,wh3_main_sc_dae_daemons,Daemon Prince,Daemon_Prince,legendary_lord,wh3_main_dae_daemon_prince,general,general,wh3_main_dae_daemon_prince|wh3_main_dae_daemons_qb1,true,false,true,true,false,true,,legendary_lords,,,,,,,,,,,,,,,,,,,,,,,,,,,,,,,,,,,,,,,,,,,,,,,,,,,,,,,,,,,,,,agent_subtypes_tables,wh3_main_dae_daemon_prince
node_set,warhammer_3,8.1.1,24237342,Daemons of Chaos,daemons_of_chaos,wh3_main_sc_dae_daemons,Daemon Prince,Daemon_Prince,legendary_lord,wh3_main_dae_daemon_prince,general,general,wh3_main_dae_daemon_prince|wh3_main_dae_daemons_qb1,true,false,true,true,false,true,,legendary_lords,wh3_main_skill_node_set_dae_daemon_prince,,1,general,false,false,,,,,,,,,,,,,,,,,,,,,,,,,,,,,,,,,,,,,,,,,,,,,,,,,,,,,,,,character_skill_node_sets_tables,wh3_main_skill_node_set_dae_daemon_prince
node,warhammer_3,8.1.1,24237342,Daemons of Chaos,daemons_of_chaos,wh3_main_sc_dae_daemons,Daemon Prince,Daemon_Prince,legendary_lord,wh3_main_dae_daemon_prince,general,general,wh3_main_dae_daemon_prince|wh3_main_dae_daemons_qb1,true,false,true,true,false,true,,legendary_lords,wh3_main_skill_node_set_dae_daemon_prince,,1,general,false,false,,,,wh3_main_skill_node_dae_daemon_prince_glory_5,wh3_main_skill_dae_lord_campaign_undivided,Glorious Warfare,"As the corruption of Chaos seeps into the land like a sickness, the glory and strength of those forces pledged eternally to Ruin can only grow and grow.",campaign_undivided_points.png,0,1,0,0,true,0,3,,,,,,,,,,,,,,,,,,,,,,,,,,,,,,,,,,,,,,,,,character_skill_nodes_tables,wh3_main_skill_node_dae_daemon_prince_glory_5
effect,warhammer_3,8.1.1,24237342,Daemons of Chaos,daemons_of_chaos,wh3_main_sc_dae_daemons,Daemon Prince,Daemon_Prince,legendary_lord,wh3_main_dae_daemon_prince,general,general,wh3_main_dae_daemon_prince|wh3_main_dae_daemons_qb1,true,false,true,true,false,true,,legendary_lords,wh3_main_skill_node_set_dae_daemon_prince,,1,general,false,false,,,,wh3_main_skill_node_dae_daemon_prince_glory_5,wh3_main_skill_dae_lord_campaign_undivided,Glorious Warfare,"As the corruption of Chaos seeps into the land like a sickness, the glory and strength of those forces pledged eternally to Ruin can only grow and grow.",campaign_undivided_points.png,0,1,0,0,true,0,3,1,Glorious Warfare,"As the corruption of Chaos seeps into the land like a sickness, the glory and strength of those forces pledged eternally to Ruin can only grow and grow.",,,,,,wh3_main_effect_dae_all_points_percentage_multiplier_mod,All glory gained: %+n%,,character_to_faction_unseen,3,campaign,1,true,undivided_points.png,undivided_points.png,,,,,,,,,,,,,,,,,,,,,,,character_skill_level_to_effects_junctions_tables,wh3_main_skill_dae_lord_campaign_undivided|wh3_main_effect_dae_all_points_percentage_multiplier_mod|1|character_to_faction_unseen
effect,warhammer_3,8.1.1,24237342,Daemons of Chaos,daemons_of_chaos,wh3_main_sc_dae_daemons,Daemon Prince,Daemon_Prince,legendary_lord,wh3_main_dae_daemon_prince,general,general,wh3_main_dae_daemon_prince|wh3_main_dae_daemons_qb1,true,false,true,true,false,true,,legendary_lords,wh3_main_skill_node_set_dae_daemon_prince,,1,general,false,false,,,,wh3_main_skill_node_dae_daemon_prince_glory_5,wh3_main_skill_dae_lord_campaign_undivided,Glorious Warfare,"As the corruption of Chaos seeps into the land like a sickness, the glory and strength of those forces pledged eternally to Ruin can only grow and grow.",campaign_undivided_points.png,0,1,0,0,true,0,3,2,Glorious Warfare,"As the corruption of Chaos seeps into the land like a sickness, the glory and strength of those forces pledged eternally to Ruin can only grow and grow.",,,,,,wh3_main_effect_dae_all_points_percentage_multiplier_mod,All glory gained: %+n%,,character_to_faction_unseen,8,campaign,1,true,undivided_points.png,undivided_points.png,,,,,,,,,,,,,,,,,,,,,,,character_skill_level_to_effects_junctions_tables,wh3_main_skill_dae_lord_campaign_undivided|wh3_main_effect_dae_all_points_percentage_multiplier_mod|2|character_to_faction_unseen
effect,warhammer_3,8.1.1,24237342,Daemons of Chaos,daemons_of_chaos,wh3_main_sc_dae_daemons,Daemon Prince,Daemon_Prince,legendary_lord,wh3_main_dae_daemon_prince,general,general,wh3_main_dae_daemon_prince|wh3_main_dae_daemons_qb1,true,false,true,true,false,true,,legendary_lords,wh3_main_skill_node_set_dae_daemon_prince,,1,general,false,false,,,,wh3_main_skill_node_dae_daemon_prince_glory_5,wh3_main_skill_dae_lord_campaign_undivided,Glorious Warfare,"As the corruption of Chaos seeps into the land like a sickness, the glory and strength of those forces pledged eternally to Ruin can only grow and grow.",campaign_undivided_points.png,0,1,0,0,true,0,3,3,Glorious Warfare,"As the corruption of Chaos seeps into the land like a sickness, the glory and strength of those forces pledged eternally to Ruin can only grow and grow.",,,,,,wh3_main_effect_dae_all_points_percentage_multiplier_mod,All glory gained: %+n%,,character_to_faction_unseen,15,campaign,1,true,undivided_points.png,undivided_points.png,,,,,,,,,,,,,,,,,,,,,,,character_skill_level_to_effects_junctions_tables,wh3_main_skill_dae_lord_campaign_undivided|wh3_main_effect_dae_all_points_percentage_multiplier_mod|3|character_to_faction_unseen
node,warhammer_3,8.1.1,24237342,Daemons of Chaos,daemons_of_chaos,wh3_main_sc_dae_daemons,Daemon Prince,Daemon_Prince,legendary_lord,wh3_main_dae_daemon_prince,general,general,wh3_main_dae_daemon_prince|wh3_main_dae_daemons_qb1,true,false,true,true,false,true,,legendary_lords,wh3_main_skill_node_set_dae_daemon_prince,,1,general,false,false,,,,wh3_main_skill_node_dae_daemon_prince_glory_1,wh3_main_skill_dae_lord_campaign_khorne,Fury of the Faithful,"Pure, irrepressible rage is but an act of worship to the Blood God's glory.",campaign_khorne_points.png,0,2,0,0,true,0,3,,,,,,,,,,,,,,,,,,,,,,,,,,,,,,,,,,,,,,,,,character_skill_nodes_tables,wh3_main_skill_node_dae_daemon_prince_glory_1
effect,warhammer_3,8.1.1,24237342,Daemons of Chaos,daemons_of_chaos,wh3_main_sc_dae_daemons,Daemon Prince,Daemon_Prince,legendary_lord,wh3_main_dae_daemon_prince,general,general,wh3_main_dae_daemon_prince|wh3_main_dae_daemons_qb1,true,false,true,true,false,true,,legendary_lords,wh3_main_skill_node_set_dae_daemon_prince,,1,general,false,false,,,,wh3_main_skill_node_dae_daemon_prince_glory_1,wh3_main_skill_dae_lord_campaign_khorne,Fury of the Faithful,"Pure, irrepressible rage is but an act of worship to the Blood God's glory.",campaign_khorne_points.png,0,2,0,0,true,0,3,1,Fury of the Faithful,"Pure, irrepressible rage is but an act of worship to the Blood God's glory.",,,,,,wh3_main_effect_dae_khorne_points_percentage_multiplier_mod,Khorne glory gained: %+n%,,character_to_faction_unseen,3,campaign,1,true,khorne_points.png,khorne_points.png,,,,,,,,,,,,,,,,,,,,,,,character_skill_level_to_effects_junctions_tables,wh3_main_skill_dae_lord_campaign_khorne|wh3_main_effect_dae_khorne_points_percentage_multiplier_mod|1|character_to_faction_unseen
effect,warhammer_3,8.1.1,24237342,Daemons of Chaos,daemons_of_chaos,wh3_main_sc_dae_daemons,Daemon Prince,Daemon_Prince,legendary_lord,wh3_main_dae_daemon_prince,general,general,wh3_main_dae_daemon_prince|wh3_main_dae_daemons_qb1,true,false,true,true,false,true,,legendary_lords,wh3_main_skill_node_set_dae_daemon_prince,,1,general,false,false,,,,wh3_main_skill_node_dae_daemon_prince_glory_1,wh3_main_skill_dae_lord_campaign_khorne,Fury of the Faithful,"Pure, irrepressible rage is but an act of worship to the Blood God's glory.",campaign_khorne_points.png,0,2,0,0,true,0,3,2,Fury of the Faithful,"Pure, irrepressible rage is but an act of worship to the Blood God's glory.",,,,,,wh3_main_effect_dae_khorne_points_percentage_multiplier_mod,Khorne glory gained: %+n%,,character_to_faction_unseen,8,campaign,1,true,khorne_points.png,khorne_points.png,,,,,,,,,,,,,,,,,,,,,,,character_skill_level_to_effects_junctions_tables,wh3_main_skill_dae_lord_campaign_khorne|wh3_main_effect_dae_khorne_points_percentage_multiplier_mod|2|character_to_faction_unseen
effect,warhammer_3,8.1.1,24237342,Daemons of Chaos,daemons_of_chaos,wh3_main_sc_dae_daemons,Daemon Prince,Daemon_Prince,legendary_lord,wh3_main_dae_daemon_prince,general,general,wh3_main_dae_daemon_prince|wh3_main_dae_daemons_qb1,true,false,true,true,false,true,,legendary_lords,wh3_main_skill_node_set_dae_daemon_prince,,1,general,false,false,,,,wh3_main_skill_node_dae_daemon_prince_glory_1,wh3_main_skill_dae_lord_campaign_khorne,Fury of the Faithful,"Pure, irrepressible rage is but an act of worship to the Blood God's glory.",campaign_khorne_points.png,0,2,0,0,true,0,3,3,Fury of the Faithful,"Pure, irrepressible rage is but an act of worship to the Blood God's glory.",,,,,,wh3_main_effect_dae_khorne_points_percentage_multiplier_mod,Khorne glory gained: %+n%,,character_to_faction_unseen,15,campaign,1,true,khorne_points.png,khorne_points.png,,,,,,,,,,,,,,,,,,,,,,,character_skill_level_to_effects_junctions_tables,wh3_main_skill_dae_lord_campaign_khorne|wh3_main_effect_dae_khorne_points_percentage_multiplier_mod|3|character_to_faction_unseen
node,warhammer_3,8.1.1,24237342,Daemons of Chaos,daemons_of_chaos,wh3_main_sc_dae_daemons,Daemon Prince,Daemon_Prince,legendary_lord,wh3_main_dae_daemon_prince,general,general,wh3_main_dae_daemon_prince|wh3_main_dae_daemons_qb1,true,false,true,true,false,true,,legendary_lords,wh3_main_skill_node_set_dae_daemon_prince,,1,general,false,false,,,,wh3_main_skill_node_dae_daemon_prince_glory_3,wh3_main_skill_dae_lord_campaign_nurgle,Impure Prayer,Uncleanliness is next to Godliness.,campaign_nurgle_points.png,0,3,0,0,true,0,3,,,,,,,,,,,,,,,,,,,,,,,,,,,,,,,,,,,,,,,,,character_skill_nodes_tables,wh3_main_skill_node_dae_daemon_prince_glory_3
effect,warhammer_3,8.1.1,24237342,Daemons of Chaos,daemons_of_chaos,wh3_main_sc_dae_daemons,Daemon Prince,Daemon_Prince,legendary_lord,wh3_main_dae_daemon_prince,general,general,wh3_main_dae_daemon_prince|wh3_main_dae_daemons_qb1,true,false,true,true,false,true,,legendary_lords,wh3_main_skill_node_set_dae_daemon_prince,,1,general,false,false,,,,wh3_main_skill_node_dae_daemon_prince_glory_3,wh3_main_skill_dae_lord_campaign_nurgle,Impure Prayer,Uncleanliness is next to Godliness.,campaign_nurgle_points.png,0,3,0,0,true,0,3,1,Impure Prayer,Uncleanliness is next to Godliness.,,,,,,wh3_main_effect_dae_nurgle_points_percentage_multiplier_mod,Nurgle glory gained: %+n%,,character_to_faction_unseen,3,campaign,1,true,nurgle_points.png,nurgle_points.png,,,,,,,,,,,,,,,,,,,,,,,character_skill_level_to_effects_junctions_tables,wh3_main_skill_dae_lord_campaign_nurgle|wh3_main_effect_dae_nurgle_points_percentage_multiplier_mod|1|character_to_faction_unseen
effect,warhammer_3,8.1.1,24237342,Daemons of Chaos,daemons_of_chaos,wh3_main_sc_dae_daemons,Daemon Prince,Daemon_Prince,legendary_lord,wh3_main_dae_daemon_prince,general,general,wh3_main_dae_daemon_prince|wh3_main_dae_daemons_qb1,true,false,true,true,false,true,,legendary_lords,wh3_main_skill_node_set_dae_daemon_prince,,1,general,false,false,,,,wh3_main_skill_node_dae_daemon_prince_glory_3,wh3_main_skill_dae_lord_campaign_nurgle,Impure Prayer,Uncleanliness is next to Godliness.,campaign_nurgle_points.png,0,3,0,0,true,0,3,2,Impure Prayer,Uncleanliness is next to Godliness.,,,,,,wh3_main_effect_dae_nurgle_points_percentage_multiplier_mod,Nurgle glory gained: %+n%,,character_to_faction_unseen,8,campaign,1,true,nurgle_points.png,nurgle_points.png,,,,,,,,,,,,,,,,,,,,,,,character_skill_level_to_effects_junctions_tables,wh3_main_skill_dae_lord_campaign_nurgle|wh3_main_effect_dae_nurgle_points_percentage_multiplier_mod|2|character_to_faction_unseen
effect,warhammer_3,8.1.1,24237342,Daemons of Chaos,daemons_of_chaos,wh3_main_sc_dae_daemons,Daemon Prince,Daemon_Prince,legendary_lord,wh3_main_dae_daemon_prince,general,general,wh3_main_dae_daemon_prince|wh3_main_dae_daemons_qb1,true,false,true,true,false,true,,legendary_lords,wh3_main_skill_node_set_dae_daemon_prince,,1,general,false,false,,,,wh3_main_skill_node_dae_daemon_prince_glory_3,wh3_main_skill_dae_lord_campaign_nurgle,Impure Prayer,Uncleanliness is next to Godliness.,campaign_nurgle_points.png,0,3,0,0,true,0,3,3,Impure Prayer,Uncleanliness is next to Godliness.,,,,,,wh3_main_effect_dae_nurgle_points_percentage_multiplier_mod,Nurgle glory gained: %+n%,,character_to_faction_unseen,15,campaign,1,true,nurgle_points.png,nurgle_points.png,,,,,,,,,,,,,,,,,,,,,,,character_skill_level_to_effects_junctions_tables,wh3_main_skill_dae_lord_campaign_nurgle|wh3_main_effect_dae_nurgle_points_percentage_multiplier_mod|3|character_to_faction_unseen
node,warhammer_3,8.1.1,24237342,Daemons of Chaos,daemons_of_chaos,wh3_main_sc_dae_daemons,Daemon Prince,Daemon_Prince,legendary_lord,wh3_main_dae_daemon_prince,general,general,wh3_main_dae_daemon_prince|wh3_main_dae_daemons_qb1,true,false,true,true,false,true,,legendary_lords,wh3_main_skill_node_set_dae_daemon_prince,,1,general,false,false,,,,wh3_main_skill_node_dae_daemon_prince_glory_4,wh3_main_skill_dae_lord_campaign_slaanesh,Unholy Worship,The true experience of divinity can be found in the ecstasy of indulgence.,campaign_slaanesh_points.png,0,4,0,0,true,0,3,,,,,,,,,,,,,,,,,,,,,,,,,,,,,,,,,,,,,,,,,character_skill_nodes_tables,wh3_main_skill_node_dae_daemon_prince_glory_4
effect,warhammer_3,8.1.1,24237342,Daemons of Chaos,daemons_of_chaos,wh3_main_sc_dae_daemons,Daemon Prince,Daemon_Prince,legendary_lord,wh3_main_dae_daemon_prince,general,general,wh3_main_dae_daemon_prince|wh3_main_dae_daemons_qb1,true,false,true,true,false,true,,legendary_lords,wh3_main_skill_node_set_dae_daemon_prince,,1,general,false,false,,,,wh3_main_skill_node_dae_daemon_prince_glory_4,wh3_main_skill_dae_lord_campaign_slaanesh,Unholy Worship,The true experience of divinity can be found in the ecstasy of indulgence.,campaign_slaanesh_points.png,0,4,0,0,true,0,3,1,Unholy Worship,The true experience of divinity can be found in the ecstasy of indulgence.,,,,,,wh3_main_effect_dae_slaanesh_points_percentage_multiplier_mod,Slaanesh glory gained: %+n%,,character_to_faction_unseen,3,campaign,1,true,slaanesh_points.png,slaanesh_points.png,,,,,,,,,,,,,,,,,,,,,,,character_skill_level_to_effects_junctions_tables,wh3_main_skill_dae_lord_campaign_slaanesh|wh3_main_effect_dae_slaanesh_points_percentage_multiplier_mod|1|character_to_faction_unseen
effect,warhammer_3,8.1.1,24237342,Daemons of Chaos,daemons_of_chaos,wh3_main_sc_dae_daemons,Daemon Prince,Daemon_Prince,legendary_lord,wh3_main_dae_daemon_prince,general,general,wh3_main_dae_daemon_prince|wh3_main_dae_daemons_qb1,true,false,true,true,false,true,,legendary_lords,wh3_main_skill_node_set_dae_daemon_prince,,1,general,false,false,,,,wh3_main_skill_node_dae_daemon_prince_glory_4,wh3_main_skill_dae_lord_campaign_slaanesh,Unholy Worship,The true experience of divinity can be found in the ecstasy of indulgence.,campaign_slaanesh_points.png,0,4,0,0,true,0,3,2,Unholy Worship,The true experience of divinity can be found in the ecstasy of indulgence.,,,,,,wh3_main_effect_dae_slaanesh_points_percentage_multiplier_mod,Slaanesh glory gained: %+n%,,character_to_faction_unseen,8,campaign,1,true,slaanesh_points.png,slaanesh_points.png,,,,,,,,,,,,,,,,,,,,,,,character_skill_level_to_effects_junctions_tables,wh3_main_skill_dae_lord_campaign_slaanesh|wh3_main_effect_dae_slaanesh_points_percentage_multiplier_mod|2|character_to_faction_unseen
effect,warhammer_3,8.1.1,24237342,Daemons of Chaos,daemons_of_chaos,wh3_main_sc_dae_daemons,Daemon Prince,Daemon_Prince,legendary_lord,wh3_main_dae_daemon_prince,general,general,wh3_main_dae_daemon_prince|wh3_main_dae_daemons_qb1,true,false,true,true,false,true,,legendary_lords,wh3_main_skill_node_set_dae_daemon_prince,,1,general,false,false,,,,wh3_main_skill_node_dae_daemon_prince_glory_4,wh3_main_skill_dae_lord_campaign_slaanesh,Unholy Worship,The true experience of divinity can be found in the ecstasy of indulgence.,campaign_slaanesh_points.png,0,4,0,0,true,0,3,3,Unholy Worship,The true experience of divinity can be found in the ecstasy of indulgence.,,,,,,wh3_main_effect_dae_slaanesh_points_percentage_multiplier_mod,Slaanesh glory gained: %+n%,,character_to_faction_unseen,15,campaign,1,true,slaanesh_points.png,slaanesh_points.png,,,,,,,,,,,,,,,,,,,,,,,character_skill_level_to_effects_junctions_tables,wh3_main_skill_dae_lord_campaign_slaanesh|wh3_main_effect_dae_slaanesh_points_percentage_multiplier_mod|3|character_to_faction_unseen
node,warhammer_3,8.1.1,24237342,Daemons of Chaos,daemons_of_chaos,wh3_main_sc_dae_daemons,Daemon Prince,Daemon_Prince,legendary_lord,wh3_main_dae_daemon_prince,general,general,wh3_main_dae_daemon_prince|wh3_main_dae_daemons_qb1,true,false,true,true,false,true,,legendary_lords,wh3_main_skill_node_set_dae_daemon_prince,,1,general,false,false,,,,wh3_main_skill_node_dae_daemon_prince_glory_2,wh3_main_skill_dae_lord_campaign_tzeentch,Storm of Change,"Follow the changing winds, and the blessings of the Raven God can be earned amidst the tempest.",campaign_tzeentch_points.png,0,5,0,0,true,0,3,,,,,,,,,,,,,,,,,,,,,,,,,,,,,,,,,,,,,,,,,character_skill_nodes_tables,wh3_main_skill_node_dae_daemon_prince_glory_2
effect,warhammer_3,8.1.1,24237342,Daemons of Chaos,daemons_of_chaos,wh3_main_sc_dae_daemons,Daemon Prince,Daemon_Prince,legendary_lord,wh3_main_dae_daemon_prince,general,general,wh3_main_dae_daemon_prince|wh3_main_dae_daemons_qb1,true,false,true,true,false,true,,legendary_lords,wh3_main_skill_node_set_dae_daemon_prince,,1,general,false,false,,,,wh3_main_skill_node_dae_daemon_prince_glory_2,wh3_main_skill_dae_lord_campaign_tzeentch,Storm of Change,"Follow the changing winds, and the blessings of the Raven God can be earned amidst the tempest.",campaign_tzeentch_points.png,0,5,0,0,true,0,3,1,Storm of Change,"Follow the changing winds, and the blessings of the Raven God can be earned amidst the tempest.",,,,,,wh3_main_effect_dae_tzeentch_points_percentage_multiplier_mod,Tzeentch glory gained: %+n%,,character_to_faction_unseen,3,campaign,1,true,tzeentch_points.png,tzeentch_points.png,,,,,,,,,,,,,,,,,,,,,,,character_skill_level_to_effects_junctions_tables,wh3_main_skill_dae_lord_campaign_tzeentch|wh3_main_effect_dae_tzeentch_points_percentage_multiplier_mod|1|character_to_faction_unseen
effect,warhammer_3,8.1.1,24237342,Daemons of Chaos,daemons_of_chaos,wh3_main_sc_dae_daemons,Daemon Prince,Daemon_Prince,legendary_lord,wh3_main_dae_daemon_prince,general,general,wh3_main_dae_daemon_prince|wh3_main_dae_daemons_qb1,true,false,true,true,false,true,,legendary_lords,wh3_main_skill_node_set_dae_daemon_prince,,1,general,false,false,,,,wh3_main_skill_node_dae_daemon_prince_glory_2,wh3_main_skill_dae_lord_campaign_tzeentch,Storm of Change,"Follow the changing winds, and the blessings of the Raven God can be earned amidst the tempest.",campaign_tzeentch_points.png,0,5,0,0,true,0,3,2,Storm of Change,"Follow the changing winds, and the blessings of the Raven God can be earned amidst the tempest.",,,,,,wh3_main_effect_dae_tzeentch_points_percentage_multiplier_mod,Tzeentch glory gained: %+n%,,character_to_faction_unseen,8,campaign,1,true,tzeentch_points.png,tzeentch_points.png,,,,,,,,,,,,,,,,,,,,,,,character_skill_level_to_effects_junctions_tables,wh3_main_skill_dae_lord_campaign_tzeentch|wh3_main_effect_dae_tzeentch_points_percentage_multiplier_mod|2|character_to_faction_unseen
effect,warhammer_3,8.1.1,24237342,Daemons of Chaos,daemons_of_chaos,wh3_main_sc_dae_daemons,Daemon Prince,Daemon_Prince,legendary_lord,wh3_main_dae_daemon_prince,general,general,wh3_main_dae_daemon_prince|wh3_main_dae_daemons_qb1,true,false,true,true,false,true,,legendary_lords,wh3_main_skill_node_set_dae_daemon_prince,,1,general,false,false,,,,wh3_main_skill_node_dae_daemon_prince_glory_2,wh3_main_skill_dae_lord_campaign_tzeentch,Storm of Change,"Follow the changing winds, and the blessings of the Raven God can be earned amidst the tempest.",campaign_tzeentch_points.png,0,5,0,0,true,0,3,3,Storm of Change,"Follow the changing winds, and the blessings of the Raven God can be earned amidst the tempest.",,,,,,wh3_main_effect_dae_tzeentch_points_percentage_multiplier_mod,Tzeentch glory gained: %+n%,,character_to_faction_unseen,15,campaign,1,true,tzeentch_points.png,tzeentch_points.png,,,,,,,,,,,,,,,,,,,,,,,character_skill_level_to_effects_junctions_tables,wh3_main_skill_dae_lord_campaign_tzeentch|wh3_main_effect_dae_tzeentch_points_percentage_multiplier_mod|3|character_to_faction_unseen
node,warhammer_3,8.1.1,24237342,Daemons of Chaos,daemons_of_chaos,wh3_main_sc_dae_daemons,Daemon Prince,Daemon_Prince,legendary_lord,wh3_main_dae_daemon_prince,general,general,wh3_main_dae_daemon_prince|wh3_main_dae_daemons_qb1,true,false,true,true,false,true,,legendary_lords,wh3_main_skill_node_set_dae_daemon_prince,,1,general,false,false,,,,wh3_main_skill_node_dae_daemon_prince_innate_01,wh3_main_skill_innate_dae_daemon_prince,Undivided,"The Dark Gods empower me, so vengeance will be mine.",trait_daemons.png,0,6,1,0,false,0,1,,,,,,,,,,,,,,,,,,,,,,,,,,,,,,,,,,,,,,,,,character_skill_nodes_tables,wh3_main_skill_node_dae_daemon_prince_innate_01
effect,warhammer_3,8.1.1,24237342,Daemons of Chaos,daemons_of_chaos,wh3_main_sc_dae_daemons,Daemon Prince,Daemon_Prince,legendary_lord,wh3_main_dae_daemon_prince,general,general,wh3_main_dae_daemon_prince|wh3_main_dae_daemons_qb1,true,false,true,true,false,true,,legendary_lords,wh3_main_skill_node_set_dae_daemon_prince,,1,general,false,false,,,,wh3_main_skill_node_dae_daemon_prince_innate_01,wh3_main_skill_innate_dae_daemon_prince,Undivided,"The Dark Gods empower me, so vengeance will be mine.",trait_daemons.png,0,6,1,0,false,0,1,1,Undivided,"The Dark Gods empower me, so vengeance will be mine.",,,,,,wh3_main_effect_daemon_prince_lord_trait_dummy,Customisable via Daemonic Gifts: Equippable gifts are granted through servitude to the Chaos Gods,,character_to_faction_unseen,1,both,1,true,daemonic_gift.png,daemonic_gift.png,,,,,,,,,,,,,,,,,,,,,,,character_skill_level_to_effects_junctions_tables,wh3_main_skill_innate_dae_daemon_prince|wh3_main_effect_daemon_prince_lord_trait_dummy|1|character_to_faction_unseen
effect,warhammer_3,8.1.1,24237342,Daemons of Chaos,daemons_of_chaos,wh3_main_sc_dae_daemons,Daemon Prince,Daemon_Prince,legendary_lord,wh3_main_dae_daemon_prince,general,general,wh3_main_dae_daemon_prince|wh3_main_dae_daemons_qb1,true,false,true,true,false,true,,legendary_lords,wh3_main_skill_node_set_dae_daemon_prince,,1,general,false,false,,,,wh3_main_skill_node_dae_daemon_prince_innate_01,wh3_main_skill_innate_dae_daemon_prince,Undivided,"The Dark Gods empower me, so vengeance will be mine.",trait_daemons.png,0,6,1,0,false,0,1,1,Undivided,"The Dark Gods empower me, so vengeance will be mine.",,,,,,wh3_main_effect_daemon_prince_lord_trait_khorne_dummy,Access to gifts of Khorne: These gifts push your prowess in battle to take on any challenger foolish enough to meet you in combat,,character_to_faction_unseen,1,both,3,true,khorne_points.png,khorne_points.png,,,,,,,,,,,,,,,,,,,,,,,character_skill_level_to_effects_junctions_tables,wh3_main_skill_innate_dae_daemon_prince|wh3_main_effect_daemon_prince_lord_trait_khorne_dummy|1|character_to_faction_unseen
effect,warhammer_3,8.1.1,24237342,Daemons of Chaos,daemons_of_chaos,wh3_main_sc_dae_daemons,Daemon Prince,Daemon_Prince,legendary_lord,wh3_main_dae_daemon_prince,general,general,wh3_main_dae_daemon_prince|wh3_main_dae_daemons_qb1,true,false,true,true,false,true,,legendary_lords,wh3_main_skill_node_set_dae_daemon_prince,,1,general,false,false,,,,wh3_main_skill_node_dae_daemon_prince_innate_01,wh3_main_skill_innate_dae_daemon_prince,Undivided,"The Dark Gods empower me, so vengeance will be mine.",trait_daemons.png,0,6,1,0,false,0,1,1,Undivided,"The Dark Gods empower me, so vengeance will be mine.",,,,,,wh3_main_effect_daemon_prince_lord_trait_nurgle_dummy,"Access to gifts of Nurgle: These gifts allow you to spread pestilence, suffering and decay to all those who would seek to cause you harm",,character_to_faction_unseen,1,both,4,true,nurgle_points.png,nurgle_points.png,,,,,,,,,,,,,,,,,,,,,,,character_skill_level_to_effects_junctions_tables,wh3_main_skill_innate_dae_daemon_prince|wh3_main_effect_daemon_prince_lord_trait_nurgle_dummy|1|character_to_faction_unseen
effect,warhammer_3,8.1.1,24237342,Daemons of Chaos,daemons_of_chaos,wh3_main_sc_dae_daemons,Daemon Prince,Daemon_Prince,legendary_lord,wh3_main_dae_daemon_prince,general,general,wh3_main_dae_daemon_prince|wh3_main_dae_daemons_qb1,true,false,true,true,false,true,,legendary_lords,wh3_main_skill_node_set_dae_daemon_prince,,1,general,false,false,,,,wh3_main_skill_node_dae_daemon_prince_innate_01,wh3_main_skill_innate_dae_daemon_prince,Undivided,"The Dark Gods empower me, so vengeance will be mine.",trait_daemons.png,0,6,1,0,false,0,1,1,Undivided,"The Dark Gods empower me, so vengeance will be mine.",,,,,,wh3_main_effect_daemon_prince_lord_trait_slaanesh_dummy,Access to gifts of Slaanesh: These gifts enable you to become an agile hunter able to chase down any prey that chooses to turn its back on you,,character_to_faction_unseen,1,both,5,true,slaanesh_points.png,slaanesh_points.png,,,,,,,,,,,,,,,,,,,,,,,character_skill_level_to_effects_junctions_tables,wh3_main_skill_innate_dae_daemon_prince|wh3_main_effect_daemon_prince_lord_trait_slaanesh_dummy|1|character_to_faction_unseen
effect,warhammer_3,8.1.1,24237342,Daemons of Chaos,daemons_of_chaos,wh3_main_sc_dae_daemons,Daemon Prince,Daemon_Prince,legendary_lord,wh3_main_dae_daemon_prince,general,general,wh3_main_dae_daemon_prince|wh3_main_dae_daemons_qb1,true,false,true,true,false,true,,legendary_lords,wh3_main_skill_node_set_dae_daemon_prince,,1,general,false,false,,,,wh3_main_skill_node_dae_daemon_prince_innate_01,wh3_main_skill_innate_dae_daemon_prince,Undivided,"The Dark Gods empower me, so vengeance will be mine.",trait_daemons.png,0,6,1,0,false,0,1,1,Undivided,"The Dark Gods empower me, so vengeance will be mine.",,,,,,wh3_main_effect_daemon_prince_lord_trait_tzeentch_dummy,Access to gifts of Tzeentch: These gifts grant you the level of knowledge in the Winds of Magic required to change the tides of battle,,character_to_faction_unseen,1,both,6,true,tzeentch_points.png,tzeentch_points.png,,,,,,,,,,,,,,,,,,,,,,,character_skill_level_to_effects_junctions_tables,wh3_main_skill_innate_dae_daemon_prince|wh3_main_effect_daemon_prince_lord_trait_tzeentch_dummy|1|character_to_faction_unseen
effect,warhammer_3,8.1.1,24237342,Daemons of Chaos,daemons_of_chaos,wh3_main_sc_dae_daemons,Daemon Prince,Daemon_Prince,legendary_lord,wh3_main_dae_daemon_prince,general,general,wh3_main_dae_daemon_prince|wh3_main_dae_daemons_qb1,true,false,true,true,false,true,,legendary_lords,wh3_main_skill_node_set_dae_daemon_prince,,1,general,false,false,,,,wh3_main_skill_node_dae_daemon_prince_innate_01,wh3_main_skill_innate_dae_daemon_prince,Undivided,"The Dark Gods empower me, so vengeance will be mine.",trait_daemons.png,0,6,1,0,false,0,1,1,Undivided,"The Dark Gods empower me, so vengeance will be mine.",,,,,,wh3_main_effect_daemon_prince_lord_trait_undivided_dummy,Access to gifts of Chaos Undivided: These gifts are not directly influenced by any of the Chaos Gods to allow you to represent Chaos and all its glory,,character_to_faction_unseen,1,both,2,true,undivided_points.png,undivided_points.png,,,,,,,,,,,,,,,,,,,,,,,character_skill_level_to_effects_junctions_tables,wh3_main_skill_innate_dae_daemon_prince|wh3_main_effect_daemon_prince_lord_trait_undivided_dummy|1|character_to_faction_unseen
node,warhammer_3,8.1.1,24237342,Daemons of Chaos,daemons_of_chaos,wh3_main_sc_dae_daemons,Daemon Prince,Daemon_Prince,legendary_lord,wh3_main_dae_daemon_prince,general,general,wh3_main_dae_daemon_prince|wh3_main_dae_daemons_qb1,true,false,true,true,false,true,,legendary_lords,wh3_main_skill_node_set_dae_daemon_prince,,1,general,false,false,,,,wh3_main_agent_action_scaling,wh3_main_skill_agent_action_success_scaling,Agent action success modifer,Hidden skill that scales action success/defence chance,mount_hellsteed.png,0,99,0,0,false,0,49,,,,,,,,,,,,,,,,,,,,,,,,,,,,,,,,,,,,,,,,,character_skill_nodes_tables,wh3_main_agent_action_scaling
effect,warhammer_3,8.1.1,24237342,Daemons of Chaos,daemons_of_chaos,wh3_main_sc_dae_daemons,Daemon Prince,Daemon_Prince,legendary_lord,wh3_main_dae_daemon_prince,general,general,wh3_main_dae_daemon_prince|wh3_main_dae_daemons_qb1,true,false,true,true,false,true,,legendary_lords,wh3_main_skill_node_set_dae_daemon_prince,,1,general,false,false,,,,wh3_main_agent_action_scaling,wh3_main_skill_agent_action_success_scaling,Agent action success modifer,Hidden skill that scales action success/defence chance,mount_hellsteed.png,0,99,0,0,false,0,49,1,Agent action success modifer,Hidden skill that scales action success/defence chance,,,,,,wh_main_effect_agent_action_success_chance_enemy_skill,[HIDDEN] Enemy Hero action success chance: %+n% (from skill),,character_to_character_own,-1,campaign,0,true,,,,,,,,,,,,,,,,,,,,,,,,,character_skill_level_to_effects_junctions_tables,wh3_main_skill_agent_action_success_scaling|wh_main_effect_agent_action_success_chance_enemy_skill|1|character_to_character_own
effect,warhammer_3,8.1.1,24237342,Daemons of Chaos,daemons_of_chaos,wh3_main_sc_dae_daemons,Daemon Prince,Daemon_Prince,legendary_lord,wh3_main_dae_daemon_prince,general,general,wh3_main_dae_daemon_prince|wh3_main_dae_daemons_qb1,true,false,true,true,false,true,,legendary_lords,wh3_main_skill_node_set_dae_daemon_prince,,1,general,false,false,,,,wh3_main_agent_action_scaling,wh3_main_skill_agent_action_success_scaling,Agent action success modifer,Hidden skill that scales action success/defence chance,mount_hellsteed.png,0,99,0,0,false,0,49,1,Agent action success modifer,Hidden skill that scales action success/defence chance,,,,,,wh_main_effect_agent_action_success_chance_skill,[HIDDEN] Hero action success chance: %+n% (from skill),,character_to_character_own,1,campaign,0,true,,,,,,,,,,,,,,,,,,,,,,,,,character_skill_level_to_effects_junctions_tables,wh3_main_skill_agent_action_success_scaling|wh_main_effect_agent_action_success_chance_skill|1|character_to_character_own
effect,warhammer_3,8.1.1,24237342,Daemons of Chaos,daemons_of_chaos,wh3_main_sc_dae_daemons,Daemon Prince,Daemon_Prince,legendary_lord,wh3_main_dae_daemon_prince,general,general,wh3_main_dae_daemon_prince|wh3_main_dae_daemons_qb1,true,false,true,true,false,true,,legendary_lords,wh3_main_skill_node_set_dae_daemon_prince,,1,general,false,false,,,,wh3_main_agent_action_scaling,wh3_main_skill_agent_action_success_scaling,Agent action success modifer,Hidden skill that scales action success/defence chance,mount_hellsteed.png,0,99,0,0,false,0,49,2,Agent action success modifer,Hidden skill that scales action success/defence chance,,,,,,wh_main_effect_agent_action_success_chance_enemy_skill,[HIDDEN] Enemy Hero action success chance: %+n% (from skill),,character_to_character_own,-2,campaign,0,true,,,,,,,,,,,,,,,,,,,,,,,,,character_skill_level_to_effects_junctions_tables,wh3_main_skill_agent_action_success_scaling|wh_main_effect_agent_action_success_chance_enemy_skill|2|character_to_character_own
effect,warhammer_3,8.1.1,24237342,Daemons of Chaos,daemons_of_chaos,wh3_main_sc_dae_daemons,Daemon Prince,Daemon_Prince,legendary_lord,wh3_main_dae_daemon_prince,general,general,wh3_main_dae_daemon_prince|wh3_main_dae_daemons_qb1,true,false,true,true,false,true,,legendary_lords,wh3_main_skill_node_set_dae_daemon_prince,,1,general,false,false,,,,wh3_main_agent_action_scaling,wh3_main_skill_agent_action_success_scaling,Agent action success modifer,Hidden skill that scales action success/defence chance,mount_hellsteed.png,0,99,0,0,false,0,49,2,Agent action success modifer,Hidden skill that scales action success/defence chance,,,,,,wh_main_effect_agent_action_success_chance_skill,[HIDDEN] Hero action success chance: %+n% (from skill),,character_to_character_own,2,campaign,0,true,,,,,,,,,,,,,,,,,,,,,,,,,character_skill_level_to_effects_junctions_tables,wh3_main_skill_agent_action_success_scaling|wh_main_effect_agent_action_success_chance_skill|2|character_to_character_own
effect,warhammer_3,8.1.1,24237342,Daemons of Chaos,daemons_of_chaos,wh3_main_sc_dae_daemons,Daemon Prince,Daemon_Prince,legendary_lord,wh3_main_dae_daemon_prince,general,general,wh3_main_dae_daemon_prince|wh3_main_dae_daemons_qb1,true,false,true,true,false,true,,legendary_lords,wh3_main_skill_node_set_dae_daemon_prince,,1,general,false,false,,,,wh3_main_agent_action_scaling,wh3_main_skill_agent_action_success_scaling,Agent action success modifer,Hidden skill that scales action success/defence chance,mount_hellsteed.png,0,99,0,0,false,0,49,3,Agent action success modifer,Hidden skill that scales action success/defence chance,,,,,,wh_main_effect_agent_action_success_chance_enemy_skill,[HIDDEN] Enemy Hero action success chance: %+n% (from skill),,character_to_character_own,-3,campaign,0,true,,,,,,,,,,,,,,,,,,,,,,,,,character_skill_level_to_effects_junctions_tables,wh3_main_skill_agent_action_success_scaling|wh_main_effect_agent_action_success_chance_enemy_skill|3|character_to_character_own
effect,warhammer_3,8.1.1,24237342,Daemons of Chaos,daemons_of_chaos,wh3_main_sc_dae_daemons,Daemon Prince,Daemon_Prince,legendary_lord,wh3_main_dae_daemon_prince,general,general,wh3_main_dae_daemon_prince|wh3_main_dae_daemons_qb1,true,false,true,true,false,true,,legendary_lords,wh3_main_skill_node_set_dae_daemon_prince,,1,general,false,false,,,,wh3_main_agent_action_scaling,wh3_main_skill_agent_action_success_scaling,Agent action success modifer,Hidden skill that scales action success/defence chance,mount_hellsteed.png,0,99,0,0,false,0,49,3,Agent action success modifer,Hidden skill that scales action success/defence chance,,,,,,wh_main_effect_agent_action_success_chance_skill,[HIDDEN] Hero action success chance: %+n% (from skill),,character_to_character_own,3,campaign,0,true,,,,,,,,,,,,,,,,,,,,,,,,,character_skill_level_to_effects_junctions_tables,wh3_main_skill_agent_action_success_scaling|wh_main_effect_agent_action_success_chance_skill|3|character_to_character_own
effect,warhammer_3,8.1.1,24237342,Daemons of Chaos,daemons_of_chaos,wh3_main_sc_dae_daemons,Daemon Prince,Daemon_Prince,legendary_lord,wh3_main_dae_daemon_prince,general,general,wh3_main_dae_daemon_prince|wh3_main_dae_daemons_qb1,true,false,true,true,false,true,,legendary_lords,wh3_main_skill_node_set_dae_daemon_prince,,1,general,false,false,,,,wh3_main_agent_action_scaling,wh3_main_skill_agent_action_success_scaling,Agent action success modifer,Hidden skill that scales action success/defence chance,mount_hellsteed.png,0,99,0,0,false,0,49,4,Agent action success modifer,Hidden skill that scales action success/defence chance,,,,,,wh_main_effect_agent_action_success_chance_enemy_skill,[HIDDEN] Enemy Hero action success chance: %+n% (from skill),,character_to_character_own,-4,campaign,0,true,,,,,,,,,,,,,,,,,,,,,,,,,character_skill_level_to_effects_junctions_tables,wh3_main_skill_agent_action_success_scaling|wh_main_effect_agent_action_success_chance_enemy_skill|4|character_to_character_own
effect,warhammer_3,8.1.1,24237342,Daemons of Chaos,daemons_of_chaos,wh3_main_sc_dae_daemons,Daemon Prince,Daemon_Prince,legendary_lord,wh3_main_dae_daemon_prince,general,general,wh3_main_dae_daemon_prince|wh3_main_dae_daemons_qb1,true,false,true,true,false,true,,legendary_lords,wh3_main_skill_node_set_dae_daemon_prince,,1,general,false,false,,,,wh3_main_agent_action_scaling,wh3_main_skill_agent_action_success_scaling,Agent action success modifer,Hidden skill that scales action success/defence chance,mount_hellsteed.png,0,99,0,0,false,0,49,4,Agent action success modifer,Hidden skill that scales action success/defence chance,,,,,,wh_main_effect_agent_action_success_chance_skill,[HIDDEN] Hero action success chance: %+n% (from skill),,character_to_character_own,4,campaign,0,true,,,,,,,,,,,,,,,,,,,,,,,,,character_skill_level_to_effects_junctions_tables,wh3_main_skill_agent_action_success_scaling|wh_main_effect_agent_action_success_chance_skill|4|character_to_character_own
effect,warhammer_3,8.1.1,24237342,Daemons of Chaos,daemons_of_chaos,wh3_main_sc_dae_daemons,Daemon Prince,Daemon_Prince,legendary_lord,wh3_main_dae_daemon_prince,general,general,wh3_main_dae_daemon_prince|wh3_main_dae_daemons_qb1,true,false,true,true,false,true,,legendary_lords,wh3_main_skill_node_set_dae_daemon_prince,,1,general,false,false,,,,wh3_main_agent_action_scaling,wh3_main_skill_agent_action_success_scaling,Agent action success modifer,Hidden skill that scales action success/defence chance,mount_hellsteed.png,0,99,0,0,false,0,49,5,Agent action success modifer,Hidden skill that scales action success/defence chance,,,,,,wh_main_effect_agent_action_success_chance_enemy_skill,[HIDDEN] Enemy Hero action success chance: %+n% (from skill),,character_to_character_own,-5,campaign,0,true,,,,,,,,,,,,,,,,,,,,,,,,,character_skill_level_to_effects_junctions_tables,wh3_main_skill_agent_action_success_scaling|wh_main_effect_agent_action_success_chance_enemy_skill|5|character_to_character_own
effect,warhammer_3,8.1.1,24237342,Daemons of Chaos,daemons_of_chaos,wh3_main_sc_dae_daemons,Daemon Prince,Daemon_Prince,legendary_lord,wh3_main_dae_daemon_prince,general,general,wh3_main_dae_daemon_prince|wh3_main_dae_daemons_qb1,true,false,true,true,false,true,,legendary_lords,wh3_main_skill_node_set_dae_daemon_prince,,1,general,false,false,,,,wh3_main_agent_action_scaling,wh3_main_skill_agent_action_success_scaling,Agent action success modifer,Hidden skill that scales action success/defence chance,mount_hellsteed.png,0,99,0,0,false,0,49,5,Agent action success modifer,Hidden skill that scales action success/defence chance,,,,,,wh_main_effect_agent_action_success_chance_skill,[HIDDEN] Hero action success chance: %+n% (from skill),,character_to_character_own,5,campaign,0,true,,,,,,,,,,,,,,,,,,,,,,,,,character_skill_level_to_effects_junctions_tables,wh3_main_skill_agent_action_success_scaling|wh_main_effect_agent_action_success_chance_skill|5|character_to_character_own
effect,warhammer_3,8.1.1,24237342,Daemons of Chaos,daemons_of_chaos,wh3_main_sc_dae_daemons,Daemon Prince,Daemon_Prince,legendary_lord,wh3_main_dae_daemon_prince,general,general,wh3_main_dae_daemon_prince|wh3_main_dae_daemons_qb1,true,false,true,true,false,true,,legendary_lords,wh3_main_skill_node_set_dae_daemon_prince,,1,general,false,false,,,,wh3_main_agent_action_scaling,wh3_main_skill_agent_action_success_scaling,Agent action success modifer,Hidden skill that scales action success/defence chance,mount_hellsteed.png,0,99,0,0,false,0,49,6,Agent action success modifer,Hidden skill that scales action success/defence chance,,,,,,wh_main_effect_agent_action_success_chance_enemy_skill,[HIDDEN] Enemy Hero action success chance: %+n% (from skill),,character_to_character_own,-6,campaign,0,true,,,,,,,,,,,,,,,,,,,,,,,,,character_skill_level_to_effects_junctions_tables,wh3_main_skill_agent_action_success_scaling|wh_main_effect_agent_action_success_chance_enemy_skill|6|character_to_character_own
effect,warhammer_3,8.1.1,24237342,Daemons of Chaos,daemons_of_chaos,wh3_main_sc_dae_daemons,Daemon Prince,Daemon_Prince,legendary_lord,wh3_main_dae_daemon_prince,general,general,wh3_main_dae_daemon_prince|wh3_main_dae_daemons_qb1,true,false,true,true,false,true,,legendary_lords,wh3_main_skill_node_set_dae_daemon_prince,,1,general,false,false,,,,wh3_main_agent_action_scaling,wh3_main_skill_agent_action_success_scaling,Agent action success modifer,Hidden skill that scales action success/defence chance,mount_hellsteed.png,0,99,0,0,false,0,49,6,Agent action success modifer,Hidden skill that scales action success/defence chance,,,,,,wh_main_effect_agent_action_success_chance_skill,[HIDDEN] Hero action success chance: %+n% (from skill),,character_to_character_own,6,campaign,0,true,,,,,,,,,,,,,,,,,,,,,,,,,character_skill_level_to_effects_junctions_tables,wh3_main_skill_agent_action_success_scaling|wh_main_effect_agent_action_success_chance_skill|6|character_to_character_own
effect,warhammer_3,8.1.1,24237342,Daemons of Chaos,daemons_of_chaos,wh3_main_sc_dae_daemons,Daemon Prince,Daemon_Prince,legendary_lord,wh3_main_dae_daemon_prince,general,general,wh3_main_dae_daemon_prince|wh3_main_dae_daemons_qb1,true,false,true,true,false,true,,legendary_lords,wh3_main_skill_node_set_dae_daemon_prince,,1,general,false,false,,,,wh3_main_agent_action_scaling,wh3_main_skill_agent_action_success_scaling,Agent action success modifer,Hidden skill that scales action success/defence chance,mount_hellsteed.png,0,99,0,0,false,0,49,7,Agent action success modifer,Hidden skill that scales action success/defence chance,,,,,,wh_main_effect_agent_action_success_chance_enemy_skill,[HIDDEN] Enemy Hero action success chance: %+n% (from skill),,character_to_character_own,-7,campaign,0,true,,,,,,,,,,,,,,,,,,,,,,,,,character_skill_level_to_effects_junctions_tables,wh3_main_skill_agent_action_success_scaling|wh_main_effect_agent_action_success_chance_enemy_skill|7|character_to_character_own
effect,warhammer_3,8.1.1,24237342,Daemons of Chaos,daemons_of_chaos,wh3_main_sc_dae_daemons,Daemon Prince,Daemon_Prince,legendary_lord,wh3_main_dae_daemon_prince,general,general,wh3_main_dae_daemon_prince|wh3_main_dae_daemons_qb1,true,false,true,true,false,true,,legendary_lords,wh3_main_skill_node_set_dae_daemon_prince,,1,general,false,false,,,,wh3_main_agent_action_scaling,wh3_main_skill_agent_action_success_scaling,Agent action success modifer,Hidden skill that scales action success/defence chance,mount_hellsteed.png,0,99,0,0,false,0,49,7,Agent action success modifer,Hidden skill that scales action success/defence chance,,,,,,wh_main_effect_agent_action_success_chance_skill,[HIDDEN] Hero action success chance: %+n% (from skill),,character_to_character_own,7,campaign,0,true,,,,,,,,,,,,,,,,,,,,,,,,,character_skill_level_to_effects_junctions_tables,wh3_main_skill_agent_action_success_scaling|wh_main_effect_agent_action_success_chance_skill|7|character_to_character_own
effect,warhammer_3,8.1.1,24237342,Daemons of Chaos,daemons_of_chaos,wh3_main_sc_dae_daemons,Daemon Prince,Daemon_Prince,legendary_lord,wh3_main_dae_daemon_prince,general,general,wh3_main_dae_daemon_prince|wh3_main_dae_daemons_qb1,true,false,true,true,false,true,,legendary_lords,wh3_main_skill_node_set_dae_daemon_prince,,1,general,false,false,,,,wh3_main_agent_action_scaling,wh3_main_skill_agent_action_success_scaling,Agent action success modifer,Hidden skill that scales action success/defence chance,mount_hellsteed.png,0,99,0,0,false,0,49,8,Agent action success modifer,Hidden skill that scales action success/defence chance,,,,,,wh_main_effect_agent_action_success_chance_enemy_skill,[HIDDEN] Enemy Hero action success chance: %+n% (from skill),,character_to_character_own,-8,campaign,0,true,,,,,,,,,,,,,,,,,,,,,,,,,character_skill_level_to_effects_junctions_tables,wh3_main_skill_agent_action_success_scaling|wh_main_effect_agent_action_success_chance_enemy_skill|8|character_to_character_own
effect,warhammer_3,8.1.1,24237342,Daemons of Chaos,daemons_of_chaos,wh3_main_sc_dae_daemons,Daemon Prince,Daemon_Prince,legendary_lord,wh3_main_dae_daemon_prince,general,general,wh3_main_dae_daemon_prince|wh3_main_dae_daemons_qb1,true,false,true,true,false,true,,legendary_lords,wh3_main_skill_node_set_dae_daemon_prince,,1,general,false,false,,,,wh3_main_agent_action_scaling,wh3_main_skill_agent_action_success_scaling,Agent action success modifer,Hidden skill that scales action success/defence chance,mount_hellsteed.png,0,99,0,0,false,0,49,8,Agent action success modifer,Hidden skill that scales action success/defence chance,,,,,,wh_main_effect_agent_action_success_chance_skill,[HIDDEN] Hero action success chance: %+n% (from skill),,character_to_character_own,8,campaign,0,true,,,,,,,,,,,,,,,,,,,,,,,,,character_skill_level_to_effects_junctions_tables,wh3_main_skill_agent_action_success_scaling|wh_main_effect_agent_action_success_chance_skill|8|character_to_character_own
effect,warhammer_3,8.1.1,24237342,Daemons of Chaos,daemons_of_chaos,wh3_main_sc_dae_daemons,Daemon Prince,Daemon_Prince,legendary_lord,wh3_main_dae_daemon_prince,general,general,wh3_main_dae_daemon_prince|wh3_main_dae_daemons_qb1,true,false,true,true,false,true,,legendary_lords,wh3_main_skill_node_set_dae_daemon_prince,,1,general,false,false,,,,wh3_main_agent_action_scaling,wh3_main_skill_agent_action_success_scaling,Agent action success modifer,Hidden skill that scales action success/defence chance,mount_hellsteed.png,0,99,0,0,false,0,49,9,Agent action success modifer,Hidden skill that scales action success/defence chance,,,,,,wh_main_effect_agent_action_success_chance_enemy_skill,[HIDDEN] Enemy Hero action success chance: %+n% (from skill),,character_to_character_own,-9,campaign,0,true,,,,,,,,,,,,,,,,,,,,,,,,,character_skill_level_to_effects_junctions_tables,wh3_main_skill_agent_action_success_scaling|wh_main_effect_agent_action_success_chance_enemy_skill|9|character_to_character_own
effect,warhammer_3,8.1.1,24237342,Daemons of Chaos,daemons_of_chaos,wh3_main_sc_dae_daemons,Daemon Prince,Daemon_Prince,legendary_lord,wh3_main_dae_daemon_prince,general,general,wh3_main_dae_daemon_prince|wh3_main_dae_daemons_qb1,true,false,true,true,false,true,,legendary_lords,wh3_main_skill_node_set_dae_daemon_prince,,1,general,false,false,,,,wh3_main_agent_action_scaling,wh3_main_skill_agent_action_success_scaling,Agent action success modifer,Hidden skill that scales action success/defence chance,mount_hellsteed.png,0,99,0,0,false,0,49,9,Agent action success modifer,Hidden skill that scales action success/defence chance,,,,,,wh_main_effect_agent_action_success_chance_skill,[HIDDEN] Hero action success chance: %+n% (from skill),,character_to_character_own,9,campaign,0,true,,,,,,,,,,,,,,,,,,,,,,,,,character_skill_level_to_effects_junctions_tables,wh3_main_skill_agent_action_success_scaling|wh_main_effect_agent_action_success_chance_skill|9|character_to_character_own
effect,warhammer_3,8.1.1,24237342,Daemons of Chaos,daemons_of_chaos,wh3_main_sc_dae_daemons,Daemon Prince,Daemon_Prince,legendary_lord,wh3_main_dae_daemon_prince,general,general,wh3_main_dae_daemon_prince|wh3_main_dae_daemons_qb1,true,false,true,true,false,true,,legendary_lords,wh3_main_skill_node_set_dae_daemon_prince,,1,general,false,false,,,,wh3_main_agent_action_scaling,wh3_main_skill_agent_action_success_scaling,Agent action success modifer,Hidden skill that scales action success/defence chance,mount_hellsteed.png,0,99,0,0,false,0,49,10,Agent action success modifer,Hidden skill that scales action success/defence chance,,,,,,wh_main_effect_agent_action_success_chance_enemy_skill,[HIDDEN] Enemy Hero action success chance: %+n% (from skill),,character_to_character_own,-10,campaign,0,true,,,,,,,,,,,,,,,,,,,,,,,,,character_skill_level_to_effects_junctions_tables,wh3_main_skill_agent_action_success_scaling|wh_main_effect_agent_action_success_chance_enemy_skill|10|character_to_character_own
effect,warhammer_3,8.1.1,24237342,Daemons of Chaos,daemons_of_chaos,wh3_main_sc_dae_daemons,Daemon Prince,Daemon_Prince,legendary_lord,wh3_main_dae_daemon_prince,general,general,wh3_main_dae_daemon_prince|wh3_main_dae_daemons_qb1,true,false,true,true,false,true,,legendary_lords,wh3_main_skill_node_set_dae_daemon_prince,,1,general,false,false,,,,wh3_main_agent_action_scaling,wh3_main_skill_agent_action_success_scaling,Agent action success modifer,Hidden skill that scales action success/defence chance,mount_hellsteed.png,0,99,0,0,false,0,49,10,Agent action success modifer,Hidden skill that scales action success/defence chance,,,,,,wh_main_effect_agent_action_success_chance_skill,[HIDDEN] Hero action success chance: %+n% (from skill),,character_to_character_own,10,campaign,0,true,,,,,,,,,,,,,,,,,,,,,,,,,character_skill_level_to_effects_junctions_tables,wh3_main_skill_agent_action_success_scaling|wh_main_effect_agent_action_success_chance_skill|10|character_to_character_own
effect,warhammer_3,8.1.1,24237342,Daemons of Chaos,daemons_of_chaos,wh3_main_sc_dae_daemons,Daemon Prince,Daemon_Prince,legendary_lord,wh3_main_dae_daemon_prince,general,general,wh3_main_dae_daemon_prince|wh3_main_dae_daemons_qb1,true,false,true,true,false,true,,legendary_lords,wh3_main_skill_node_set_dae_daemon_prince,,1,general,false,false,,,,wh3_main_agent_action_scaling,wh3_main_skill_agent_action_success_scaling,Agent action success modifer,Hidden skill that scales action success/defence chance,mount_hellsteed.png,0,99,0,0,false,0,49,11,Agent action success modifer,Hidden skill that scales action success/defence chance,,,,,,wh_main_effect_agent_action_success_chance_enemy_skill,[HIDDEN] Enemy Hero action success chance: %+n% (from skill),,character_to_character_own,-11,campaign,0,true,,,,,,,,,,,,,,,,,,,,,,,,,character_skill_level_to_effects_junctions_tables,wh3_main_skill_agent_action_success_scaling|wh_main_effect_agent_action_success_chance_enemy_skill|11|character_to_character_own
effect,warhammer_3,8.1.1,24237342,Daemons of Chaos,daemons_of_chaos,wh3_main_sc_dae_daemons,Daemon Prince,Daemon_Prince,legendary_lord,wh3_main_dae_daemon_prince,general,general,wh3_main_dae_daemon_prince|wh3_main_dae_daemons_qb1,true,false,true,true,false,true,,legendary_lords,wh3_main_skill_node_set_dae_daemon_prince,,1,general,false,false,,,,wh3_main_agent_action_scaling,wh3_main_skill_agent_action_success_scaling,Agent action success modifer,Hidden skill that scales action success/defence chance,mount_hellsteed.png,0,99,0,0,false,0,49,11,Agent action success modifer,Hidden skill that scales action success/defence chance,,,,,,wh_main_effect_agent_action_success_chance_skill,[HIDDEN] Hero action success chance: %+n% (from skill),,character_to_character_own,11,campaign,0,true,,,,,,,,,,,,,,,,,,,,,,,,,character_skill_level_to_effects_junctions_tables,wh3_main_skill_agent_action_success_scaling|wh_main_effect_agent_action_success_chance_skill|11|character_to_character_own
effect,warhammer_3,8.1.1,24237342,Daemons of Chaos,daemons_of_chaos,wh3_main_sc_dae_daemons,Daemon Prince,Daemon_Prince,legendary_lord,wh3_main_dae_daemon_prince,general,general,wh3_main_dae_daemon_prince|wh3_main_dae_daemons_qb1,true,false,true,true,false,true,,legendary_lords,wh3_main_skill_node_set_dae_daemon_prince,,1,general,false,false,,,,wh3_main_agent_action_scaling,wh3_main_skill_agent_action_success_scaling,Agent action success modifer,Hidden skill that scales action success/defence chance,mount_hellsteed.png,0,99,0,0,false,0,49,12,Agent action success modifer,Hidden skill that scales action success/defence chance,,,,,,wh_main_effect_agent_action_success_chance_enemy_skill,[HIDDEN] Enemy Hero action success chance: %+n% (from skill),,character_to_character_own,-12,campaign,0,true,,,,,,,,,,,,,,,,,,,,,,,,,character_skill_level_to_effects_junctions_tables,wh3_main_skill_agent_action_success_scaling|wh_main_effect_agent_action_success_chance_enemy_skill|12|character_to_character_own
effect,warhammer_3,8.1.1,24237342,Daemons of Chaos,daemons_of_chaos,wh3_main_sc_dae_daemons,Daemon Prince,Daemon_Prince,legendary_lord,wh3_main_dae_daemon_prince,general,general,wh3_main_dae_daemon_prince|wh3_main_dae_daemons_qb1,true,false,true,true,false,true,,legendary_lords,wh3_main_skill_node_set_dae_daemon_prince,,1,general,false,false,,,,wh3_main_agent_action_scaling,wh3_main_skill_agent_action_success_scaling,Agent action success modifer,Hidden skill that scales action success/defence chance,mount_hellsteed.png,0,99,0,0,false,0,49,12,Agent action success modifer,Hidden skill that scales action success/defence chance,,,,,,wh_main_effect_agent_action_success_chance_skill,[HIDDEN] Hero action success chance: %+n% (from skill),,character_to_character_own,12,campaign,0,true,,,,,,,,,,,,,,,,,,,,,,,,,character_skill_level_to_effects_junctions_tables,wh3_main_skill_agent_action_success_scaling|wh_main_effect_agent_action_success_chance_skill|12|character_to_character_own
effect,warhammer_3,8.1.1,24237342,Daemons of Chaos,daemons_of_chaos,wh3_main_sc_dae_daemons,Daemon Prince,Daemon_Prince,legendary_lord,wh3_main_dae_daemon_prince,general,general,wh3_main_dae_daemon_prince|wh3_main_dae_daemons_qb1,true,false,true,true,false,true,,legendary_lords,wh3_main_skill_node_set_dae_daemon_prince,,1,general,false,false,,,,wh3_main_agent_action_scaling,wh3_main_skill_agent_action_success_scaling,Agent action success modifer,Hidden skill that scales action success/defence chance,mount_hellsteed.png,0,99,0,0,false,0,49,13,Agent action success modifer,Hidden skill that scales action success/defence chance,,,,,,wh_main_effect_agent_action_success_chance_enemy_skill,[HIDDEN] Enemy Hero action success chance: %+n% (from skill),,character_to_character_own,-13,campaign,0,true,,,,,,,,,,,,,,,,,,,,,,,,,character_skill_level_to_effects_junctions_tables,wh3_main_skill_agent_action_success_scaling|wh_main_effect_agent_action_success_chance_enemy_skill|13|character_to_character_own
effect,warhammer_3,8.1.1,24237342,Daemons of Chaos,daemons_of_chaos,wh3_main_sc_dae_daemons,Daemon Prince,Daemon_Prince,legendary_lord,wh3_main_dae_daemon_prince,general,general,wh3_main_dae_daemon_prince|wh3_main_dae_daemons_qb1,true,false,true,true,false,true,,legendary_lords,wh3_main_skill_node_set_dae_daemon_prince,,1,general,false,false,,,,wh3_main_agent_action_scaling,wh3_main_skill_agent_action_success_scaling,Agent action success modifer,Hidden skill that scales action success/defence chance,mount_hellsteed.png,0,99,0,0,false,0,49,13,Agent action success modifer,Hidden skill that scales action success/defence chance,,,,,,wh_main_effect_agent_action_success_chance_skill,[HIDDEN] Hero action success chance: %+n% (from skill),,character_to_character_own,13,campaign,0,true,,,,,,,,,,,,,,,,,,,,,,,,,character_skill_level_to_effects_junctions_tables,wh3_main_skill_agent_action_success_scaling|wh_main_effect_agent_action_success_chance_skill|13|character_to_character_own
effect,warhammer_3,8.1.1,24237342,Daemons of Chaos,daemons_of_chaos,wh3_main_sc_dae_daemons,Daemon Prince,Daemon_Prince,legendary_lord,wh3_main_dae_daemon_prince,general,general,wh3_main_dae_daemon_prince|wh3_main_dae_daemons_qb1,true,false,true,true,false,true,,legendary_lords,wh3_main_skill_node_set_dae_daemon_prince,,1,general,false,false,,,,wh3_main_agent_action_scaling,wh3_main_skill_agent_action_success_scaling,Agent action success modifer,Hidden skill that scales action success/defence chance,mount_hellsteed.png,0,99,0,0,false,0,49,14,Agent action success modifer,Hidden skill that scales action success/defence chance,,,,,,wh_main_effect_agent_action_success_chance_enemy_skill,[HIDDEN] Enemy Hero action success chance: %+n% (from skill),,character_to_character_own,-14,campaign,0,true,,,,,,,,,,,,,,,,,,,,,,,,,character_skill_level_to_effects_junctions_tables,wh3_main_skill_agent_action_success_scaling|wh_main_effect_agent_action_success_chance_enemy_skill|14|character_to_character_own
effect,warhammer_3,8.1.1,24237342,Daemons of Chaos,daemons_of_chaos,wh3_main_sc_dae_daemons,Daemon Prince,Daemon_Prince,legendary_lord,wh3_main_dae_daemon_prince,general,general,wh3_main_dae_daemon_prince|wh3_main_dae_daemons_qb1,true,false,true,true,false,true,,legendary_lords,wh3_main_skill_node_set_dae_daemon_prince,,1,general,false,false,,,,wh3_main_agent_action_scaling,wh3_main_skill_agent_action_success_scaling,Agent action success modifer,Hidden skill that scales action success/defence chance,mount_hellsteed.png,0,99,0,0,false,0,49,14,Agent action success modifer,Hidden skill that scales action success/defence chance,,,,,,wh_main_effect_agent_action_success_chance_skill,[HIDDEN] Hero action success chance: %+n% (from skill),,character_to_character_own,14,campaign,0,true,,,,,,,,,,,,,,,,,,,,,,,,,character_skill_level_to_effects_junctions_tables,wh3_main_skill_agent_action_success_scaling|wh_main_effect_agent_action_success_chance_skill|14|character_to_character_own
effect,warhammer_3,8.1.1,24237342,Daemons of Chaos,daemons_of_chaos,wh3_main_sc_dae_daemons,Daemon Prince,Daemon_Prince,legendary_lord,wh3_main_dae_daemon_prince,general,general,wh3_main_dae_daemon_prince|wh3_main_dae_daemons_qb1,true,false,true,true,false,true,,legendary_lords,wh3_main_skill_node_set_dae_daemon_prince,,1,general,false,false,,,,wh3_main_agent_action_scaling,wh3_main_skill_agent_action_success_scaling,Agent action success modifer,Hidden skill that scales action success/defence chance,mount_hellsteed.png,0,99,0,0,false,0,49,15,Agent action success modifer,Hidden skill that scales action success/defence chance,,,,,,wh_main_effect_agent_action_success_chance_enemy_skill,[HIDDEN] Enemy Hero action success chance: %+n% (from skill),,character_to_character_own,-15,campaign,0,true,,,,,,,,,,,,,,,,,,,,,,,,,character_skill_level_to_effects_junctions_tables,wh3_main_skill_agent_action_success_scaling|wh_main_effect_agent_action_success_chance_enemy_skill|15|character_to_character_own
effect,warhammer_3,8.1.1,24237342,Daemons of Chaos,daemons_of_chaos,wh3_main_sc_dae_daemons,Daemon Prince,Daemon_Prince,legendary_lord,wh3_main_dae_daemon_prince,general,general,wh3_main_dae_daemon_prince|wh3_main_dae_daemons_qb1,true,false,true,true,false,true,,legendary_lords,wh3_main_skill_node_set_dae_daemon_prince,,1,general,false,false,,,,wh3_main_agent_action_scaling,wh3_main_skill_agent_action_success_scaling,Agent action success modifer,Hidden skill that scales action success/defence chance,mount_hellsteed.png,0,99,0,0,false,0,49,15,Agent action success modifer,Hidden skill that scales action success/defence chance,,,,,,wh_main_effect_agent_action_success_chance_skill,[HIDDEN] Hero action success chance: %+n% (from skill),,character_to_character_own,15,campaign,0,true,,,,,,,,,,,,,,,,,,,,,,,,,character_skill_level_to_effects_junctions_tables,wh3_main_skill_agent_action_success_scaling|wh_main_effect_agent_action_success_chance_skill|15|character_to_character_own
effect,warhammer_3,8.1.1,24237342,Daemons of Chaos,daemons_of_chaos,wh3_main_sc_dae_daemons,Daemon Prince,Daemon_Prince,legendary_lord,wh3_main_dae_daemon_prince,general,general,wh3_main_dae_daemon_prince|wh3_main_dae_daemons_qb1,true,false,true,true,false,true,,legendary_lords,wh3_main_skill_node_set_dae_daemon_prince,,1,general,false,false,,,,wh3_main_agent_action_scaling,wh3_main_skill_agent_action_success_scaling,Agent action success modifer,Hidden skill that scales action success/defence chance,mount_hellsteed.png,0,99,0,0,false,0,49,16,Agent action success modifer,Hidden skill that scales action success/defence chance,,,,,,wh_main_effect_agent_action_success_chance_enemy_skill,[HIDDEN] Enemy Hero action success chance: %+n% (from skill),,character_to_character_own,-16,campaign,0,true,,,,,,,,,,,,,,,,,,,,,,,,,character_skill_level_to_effects_junctions_tables,wh3_main_skill_agent_action_success_scaling|wh_main_effect_agent_action_success_chance_enemy_skill|16|character_to_character_own
effect,warhammer_3,8.1.1,24237342,Daemons of Chaos,daemons_of_chaos,wh3_main_sc_dae_daemons,Daemon Prince,Daemon_Prince,legendary_lord,wh3_main_dae_daemon_prince,general,general,wh3_main_dae_daemon_prince|wh3_main_dae_daemons_qb1,true,false,true,true,false,true,,legendary_lords,wh3_main_skill_node_set_dae_daemon_prince,,1,general,false,false,,,,wh3_main_agent_action_scaling,wh3_main_skill_agent_action_success_scaling,Agent action success modifer,Hidden skill that scales action success/defence chance,mount_hellsteed.png,0,99,0,0,false,0,49,16,Agent action success modifer,Hidden skill that scales action success/defence chance,,,,,,wh_main_effect_agent_action_success_chance_skill,[HIDDEN] Hero action success chance: %+n% (from skill),,character_to_character_own,16,campaign,0,true,,,,,,,,,,,,,,,,,,,,,,,,,character_skill_level_to_effects_junctions_tables,wh3_main_skill_agent_action_success_scaling|wh_main_effect_agent_action_success_chance_skill|16|character_to_character_own
effect,warhammer_3,8.1.1,24237342,Daemons of Chaos,daemons_of_chaos,wh3_main_sc_dae_daemons,Daemon Prince,Daemon_Prince,legendary_lord,wh3_main_dae_daemon_prince,general,general,wh3_main_dae_daemon_prince|wh3_main_dae_daemons_qb1,true,false,true,true,false,true,,legendary_lords,wh3_main_skill_node_set_dae_daemon_prince,,1,general,false,false,,,,wh3_main_agent_action_scaling,wh3_main_skill_agent_action_success_scaling,Agent action success modifer,Hidden skill that scales action success/defence chance,mount_hellsteed.png,0,99,0,0,false,0,49,17,Agent action success modifer,Hidden skill that scales action success/defence chance,,,,,,wh_main_effect_agent_action_success_chance_enemy_skill,[HIDDEN] Enemy Hero action success chance: %+n% (from skill),,character_to_character_own,-17,campaign,0,true,,,,,,,,,,,,,,,,,,,,,,,,,character_skill_level_to_effects_junctions_tables,wh3_main_skill_agent_action_success_scaling|wh_main_effect_agent_action_success_chance_enemy_skill|17|character_to_character_own
effect,warhammer_3,8.1.1,24237342,Daemons of Chaos,daemons_of_chaos,wh3_main_sc_dae_daemons,Daemon Prince,Daemon_Prince,legendary_lord,wh3_main_dae_daemon_prince,general,general,wh3_main_dae_daemon_prince|wh3_main_dae_daemons_qb1,true,false,true,true,false,true,,legendary_lords,wh3_main_skill_node_set_dae_daemon_prince,,1,general,false,false,,,,wh3_main_agent_action_scaling,wh3_main_skill_agent_action_success_scaling,Agent action success modifer,Hidden skill that scales action success/defence chance,mount_hellsteed.png,0,99,0,0,false,0,49,17,Agent action success modifer,Hidden skill that scales action success/defence chance,,,,,,wh_main_effect_agent_action_success_chance_skill,[HIDDEN] Hero action success chance: %+n% (from skill),,character_to_character_own,17,campaign,0,true,,,,,,,,,,,,,,,,,,,,,,,,,character_skill_level_to_effects_junctions_tables,wh3_main_skill_agent_action_success_scaling|wh_main_effect_agent_action_success_chance_skill|17|character_to_character_own
effect,warhammer_3,8.1.1,24237342,Daemons of Chaos,daemons_of_chaos,wh3_main_sc_dae_daemons,Daemon Prince,Daemon_Prince,legendary_lord,wh3_main_dae_daemon_prince,general,general,wh3_main_dae_daemon_prince|wh3_main_dae_daemons_qb1,true,false,true,true,false,true,,legendary_lords,wh3_main_skill_node_set_dae_daemon_prince,,1,general,false,false,,,,wh3_main_agent_action_scaling,wh3_main_skill_agent_action_success_scaling,Agent action success modifer,Hidden skill that scales action success/defence chance,mount_hellsteed.png,0,99,0,0,false,0,49,18,Agent action success modifer,Hidden skill that scales action success/defence chance,,,,,,wh_main_effect_agent_action_success_chance_enemy_skill,[HIDDEN] Enemy Hero action success chance: %+n% (from skill),,character_to_character_own,-18,campaign,0,true,,,,,,,,,,,,,,,,,,,,,,,,,character_skill_level_to_effects_junctions_tables,wh3_main_skill_agent_action_success_scaling|wh_main_effect_agent_action_success_chance_enemy_skill|18|character_to_character_own
effect,warhammer_3,8.1.1,24237342,Daemons of Chaos,daemons_of_chaos,wh3_main_sc_dae_daemons,Daemon Prince,Daemon_Prince,legendary_lord,wh3_main_dae_daemon_prince,general,general,wh3_main_dae_daemon_prince|wh3_main_dae_daemons_qb1,true,false,true,true,false,true,,legendary_lords,wh3_main_skill_node_set_dae_daemon_prince,,1,general,false,false,,,,wh3_main_agent_action_scaling,wh3_main_skill_agent_action_success_scaling,Agent action success modifer,Hidden skill that scales action success/defence chance,mount_hellsteed.png,0,99,0,0,false,0,49,18,Agent action success modifer,Hidden skill that scales action success/defence chance,,,,,,wh_main_effect_agent_action_success_chance_skill,[HIDDEN] Hero action success chance: %+n% (from skill),,character_to_character_own,18,campaign,0,true,,,,,,,,,,,,,,,,,,,,,,,,,character_skill_level_to_effects_junctions_tables,wh3_main_skill_agent_action_success_scaling|wh_main_effect_agent_action_success_chance_skill|18|character_to_character_own
effect,warhammer_3,8.1.1,24237342,Daemons of Chaos,daemons_of_chaos,wh3_main_sc_dae_daemons,Daemon Prince,Daemon_Prince,legendary_lord,wh3_main_dae_daemon_prince,general,general,wh3_main_dae_daemon_prince|wh3_main_dae_daemons_qb1,true,false,true,true,false,true,,legendary_lords,wh3_main_skill_node_set_dae_daemon_prince,,1,general,false,false,,,,wh3_main_agent_action_scaling,wh3_main_skill_agent_action_success_scaling,Agent action success modifer,Hidden skill that scales action success/defence chance,mount_hellsteed.png,0,99,0,0,false,0,49,19,Agent action success modifer,Hidden skill that scales action success/defence chance,,,,,,wh_main_effect_agent_action_success_chance_enemy_skill,[HIDDEN] Enemy Hero action success chance: %+n% (from skill),,character_to_character_own,-19,campaign,0,true,,,,,,,,,,,,,,,,,,,,,,,,,character_skill_level_to_effects_junctions_tables,wh3_main_skill_agent_action_success_scaling|wh_main_effect_agent_action_success_chance_enemy_skill|19|character_to_character_own
effect,warhammer_3,8.1.1,24237342,Daemons of Chaos,daemons_of_chaos,wh3_main_sc_dae_daemons,Daemon Prince,Daemon_Prince,legendary_lord,wh3_main_dae_daemon_prince,general,general,wh3_main_dae_daemon_prince|wh3_main_dae_daemons_qb1,true,false,true,true,false,true,,legendary_lords,wh3_main_skill_node_set_dae_daemon_prince,,1,general,false,false,,,,wh3_main_agent_action_scaling,wh3_main_skill_agent_action_success_scaling,Agent action success modifer,Hidden skill that scales action success/defence chance,mount_hellsteed.png,0,99,0,0,false,0,49,19,Agent action success modifer,Hidden skill that scales action success/defence chance,,,,,,wh_main_effect_agent_action_success_chance_skill,[HIDDEN] Hero action success chance: %+n% (from skill),,character_to_character_own,19,campaign,0,true,,,,,,,,,,,,,,,,,,,,,,,,,character_skill_level_to_effects_junctions_tables,wh3_main_skill_agent_action_success_scaling|wh_main_effect_agent_action_success_chance_skill|19|character_to_character_own
effect,warhammer_3,8.1.1,24237342,Daemons of Chaos,daemons_of_chaos,wh3_main_sc_dae_daemons,Daemon Prince,Daemon_Prince,legendary_lord,wh3_main_dae_daemon_prince,general,general,wh3_main_dae_daemon_prince|wh3_main_dae_daemons_qb1,true,false,true,true,false,true,,legendary_lords,wh3_main_skill_node_set_dae_daemon_prince,,1,general,false,false,,,,wh3_main_agent_action_scaling,wh3_main_skill_agent_action_success_scaling,Agent action success modifer,Hidden skill that scales action success/defence chance,mount_hellsteed.png,0,99,0,0,false,0,49,20,Agent action success modifer,Hidden skill that scales action success/defence chance,,,,,,wh_main_effect_agent_action_success_chance_enemy_skill,[HIDDEN] Enemy Hero action success chance: %+n% (from skill),,character_to_character_own,-20,campaign,0,true,,,,,,,,,,,,,,,,,,,,,,,,,character_skill_level_to_effects_junctions_tables,wh3_main_skill_agent_action_success_scaling|wh_main_effect_agent_action_success_chance_enemy_skill|20|character_to_character_own
effect,warhammer_3,8.1.1,24237342,Daemons of Chaos,daemons_of_chaos,wh3_main_sc_dae_daemons,Daemon Prince,Daemon_Prince,legendary_lord,wh3_main_dae_daemon_prince,general,general,wh3_main_dae_daemon_prince|wh3_main_dae_daemons_qb1,true,false,true,true,false,true,,legendary_lords,wh3_main_skill_node_set_dae_daemon_prince,,1,general,false,false,,,,wh3_main_agent_action_scaling,wh3_main_skill_agent_action_success_scaling,Agent action success modifer,Hidden skill that scales action success/defence chance,mount_hellsteed.png,0,99,0,0,false,0,49,20,Agent action success modifer,Hidden skill that scales action success/defence chance,,,,,,wh_main_effect_agent_action_success_chance_skill,[HIDDEN] Hero action success chance: %+n% (from skill),,character_to_character_own,20,campaign,0,true,,,,,,,,,,,,,,,,,,,,,,,,,character_skill_level_to_effects_junctions_tables,wh3_main_skill_agent_action_success_scaling|wh_main_effect_agent_action_success_chance_skill|20|character_to_character_own
effect,warhammer_3,8.1.1,24237342,Daemons of Chaos,daemons_of_chaos,wh3_main_sc_dae_daemons,Daemon Prince,Daemon_Prince,legendary_lord,wh3_main_dae_daemon_prince,general,general,wh3_main_dae_daemon_prince|wh3_main_dae_daemons_qb1,true,false,true,true,false,true,,legendary_lords,wh3_main_skill_node_set_dae_daemon_prince,,1,general,false,false,,,,wh3_main_agent_action_scaling,wh3_main_skill_agent_action_success_scaling,Agent action success modifer,Hidden skill that scales action success/defence chance,mount_hellsteed.png,0,99,0,0,false,0,49,21,Agent action success modifer,Hidden skill that scales action success/defence chance,,,,,,wh_main_effect_agent_action_success_chance_enemy_skill,[HIDDEN] Enemy Hero action success chance: %+n% (from skill),,character_to_character_own,-21,campaign,0,true,,,,,,,,,,,,,,,,,,,,,,,,,character_skill_level_to_effects_junctions_tables,wh3_main_skill_agent_action_success_scaling|wh_main_effect_agent_action_success_chance_enemy_skill|21|character_to_character_own
effect,warhammer_3,8.1.1,24237342,Daemons of Chaos,daemons_of_chaos,wh3_main_sc_dae_daemons,Daemon Prince,Daemon_Prince,legendary_lord,wh3_main_dae_daemon_prince,general,general,wh3_main_dae_daemon_prince|wh3_main_dae_daemons_qb1,true,false,true,true,false,true,,legendary_lords,wh3_main_skill_node_set_dae_daemon_prince,,1,general,false,false,,,,wh3_main_agent_action_scaling,wh3_main_skill_agent_action_success_scaling,Agent action success modifer,Hidden skill that scales action success/defence chance,mount_hellsteed.png,0,99,0,0,false,0,49,21,Agent action success modifer,Hidden skill that scales action success/defence chance,,,,,,wh_main_effect_agent_action_success_chance_skill,[HIDDEN] Hero action success chance: %+n% (from skill),,character_to_character_own,21,campaign,0,true,,,,,,,,,,,,,,,,,,,,,,,,,character_skill_level_to_effects_junctions_tables,wh3_main_skill_agent_action_success_scaling|wh_main_effect_agent_action_success_chance_skill|21|character_to_character_own
effect,warhammer_3,8.1.1,24237342,Daemons of Chaos,daemons_of_chaos,wh3_main_sc_dae_daemons,Daemon Prince,Daemon_Prince,legendary_lord,wh3_main_dae_daemon_prince,general,general,wh3_main_dae_daemon_prince|wh3_main_dae_daemons_qb1,true,false,true,true,false,true,,legendary_lords,wh3_main_skill_node_set_dae_daemon_prince,,1,general,false,false,,,,wh3_main_agent_action_scaling,wh3_main_skill_agent_action_success_scaling,Agent action success modifer,Hidden skill that scales action success/defence chance,mount_hellsteed.png,0,99,0,0,false,0,49,22,Agent action success modifer,Hidden skill that scales action success/defence chance,,,,,,wh_main_effect_agent_action_success_chance_enemy_skill,[HIDDEN] Enemy Hero action success chance: %+n% (from skill),,character_to_character_own,-22,campaign,0,true,,,,,,,,,,,,,,,,,,,,,,,,,character_skill_level_to_effects_junctions_tables,wh3_main_skill_agent_action_success_scaling|wh_main_effect_agent_action_success_chance_enemy_skill|22|character_to_character_own
effect,warhammer_3,8.1.1,24237342,Daemons of Chaos,daemons_of_chaos,wh3_main_sc_dae_daemons,Daemon Prince,Daemon_Prince,legendary_lord,wh3_main_dae_daemon_prince,general,general,wh3_main_dae_daemon_prince|wh3_main_dae_daemons_qb1,true,false,true,true,false,true,,legendary_lords,wh3_main_skill_node_set_dae_daemon_prince,,1,general,false,false,,,,wh3_main_agent_action_scaling,wh3_main_skill_agent_action_success_scaling,Agent action success modifer,Hidden skill that scales action success/defence chance,mount_hellsteed.png,0,99,0,0,false,0,49,22,Agent action success modifer,Hidden skill that scales action success/defence chance,,,,,,wh_main_effect_agent_action_success_chance_skill,[HIDDEN] Hero action success chance: %+n% (from skill),,character_to_character_own,22,campaign,0,true,,,,,,,,,,,,,,,,,,,,,,,,,character_skill_level_to_effects_junctions_tables,wh3_main_skill_agent_action_success_scaling|wh_main_effect_agent_action_success_chance_skill|22|character_to_character_own
effect,warhammer_3,8.1.1,24237342,Daemons of Chaos,daemons_of_chaos,wh3_main_sc_dae_daemons,Daemon Prince,Daemon_Prince,legendary_lord,wh3_main_dae_daemon_prince,general,general,wh3_main_dae_daemon_prince|wh3_main_dae_daemons_qb1,true,false,true,true,false,true,,legendary_lords,wh3_main_skill_node_set_dae_daemon_prince,,1,general,false,false,,,,wh3_main_agent_action_scaling,wh3_main_skill_agent_action_success_scaling,Agent action success modifer,Hidden skill that scales action success/defence chance,mount_hellsteed.png,0,99,0,0,false,0,49,23,Agent action success modifer,Hidden skill that scales action success/defence chance,,,,,,wh_main_effect_agent_action_success_chance_enemy_skill,[HIDDEN] Enemy Hero action success chance: %+n% (from skill),,character_to_character_own,-23,campaign,0,true,,,,,,,,,,,,,,,,,,,,,,,,,character_skill_level_to_effects_junctions_tables,wh3_main_skill_agent_action_success_scaling|wh_main_effect_agent_action_success_chance_enemy_skill|23|character_to_character_own
effect,warhammer_3,8.1.1,24237342,Daemons of Chaos,daemons_of_chaos,wh3_main_sc_dae_daemons,Daemon Prince,Daemon_Prince,legendary_lord,wh3_main_dae_daemon_prince,general,general,wh3_main_dae_daemon_prince|wh3_main_dae_daemons_qb1,true,false,true,true,false,true,,legendary_lords,wh3_main_skill_node_set_dae_daemon_prince,,1,general,false,false,,,,wh3_main_agent_action_scaling,wh3_main_skill_agent_action_success_scaling,Agent action success modifer,Hidden skill that scales action success/defence chance,mount_hellsteed.png,0,99,0,0,false,0,49,23,Agent action success modifer,Hidden skill that scales action success/defence chance,,,,,,wh_main_effect_agent_action_success_chance_skill,[HIDDEN] Hero action success chance: %+n% (from skill),,character_to_character_own,23,campaign,0,true,,,,,,,,,,,,,,,,,,,,,,,,,character_skill_level_to_effects_junctions_tables,wh3_main_skill_agent_action_success_scaling|wh_main_effect_agent_action_success_chance_skill|23|character_to_character_own
effect,warhammer_3,8.1.1,24237342,Daemons of Chaos,daemons_of_chaos,wh3_main_sc_dae_daemons,Daemon Prince,Daemon_Prince,legendary_lord,wh3_main_dae_daemon_prince,general,general,wh3_main_dae_daemon_prince|wh3_main_dae_daemons_qb1,true,false,true,true,false,true,,legendary_lords,wh3_main_skill_node_set_dae_daemon_prince,,1,general,false,false,,,,wh3_main_agent_action_scaling,wh3_main_skill_agent_action_success_scaling,Agent action success modifer,Hidden skill that scales action success/defence chance,mount_hellsteed.png,0,99,0,0,false,0,49,24,Agent action success modifer,Hidden skill that scales action success/defence chance,,,,,,wh_main_effect_agent_action_success_chance_enemy_skill,[HIDDEN] Enemy Hero action success chance: %+n% (from skill),,character_to_character_own,-24,campaign,0,true,,,,,,,,,,,,,,,,,,,,,,,,,character_skill_level_to_effects_junctions_tables,wh3_main_skill_agent_action_success_scaling|wh_main_effect_agent_action_success_chance_enemy_skill|24|character_to_character_own
effect,warhammer_3,8.1.1,24237342,Daemons of Chaos,daemons_of_chaos,wh3_main_sc_dae_daemons,Daemon Prince,Daemon_Prince,legendary_lord,wh3_main_dae_daemon_prince,general,general,wh3_main_dae_daemon_prince|wh3_main_dae_daemons_qb1,true,false,true,true,false,true,,legendary_lords,wh3_main_skill_node_set_dae_daemon_prince,,1,general,false,false,,,,wh3_main_agent_action_scaling,wh3_main_skill_agent_action_success_scaling,Agent action success modifer,Hidden skill that scales action success/defence chance,mount_hellsteed.png,0,99,0,0,false,0,49,24,Agent action success modifer,Hidden skill that scales action success/defence chance,,,,,,wh_main_effect_agent_action_success_chance_skill,[HIDDEN] Hero action success chance: %+n% (from skill),,character_to_character_own,24,campaign,0,true,,,,,,,,,,,,,,,,,,,,,,,,,character_skill_level_to_effects_junctions_tables,wh3_main_skill_agent_action_success_scaling|wh_main_effect_agent_action_success_chance_skill|24|character_to_character_own
effect,warhammer_3,8.1.1,24237342,Daemons of Chaos,daemons_of_chaos,wh3_main_sc_dae_daemons,Daemon Prince,Daemon_Prince,legendary_lord,wh3_main_dae_daemon_prince,general,general,wh3_main_dae_daemon_prince|wh3_main_dae_daemons_qb1,true,false,true,true,false,true,,legendary_lords,wh3_main_skill_node_set_dae_daemon_prince,,1,general,false,false,,,,wh3_main_agent_action_scaling,wh3_main_skill_agent_action_success_scaling,Agent action success modifer,Hidden skill that scales action success/defence chance,mount_hellsteed.png,0,99,0,0,false,0,49,25,Agent action success modifer,Hidden skill that scales action success/defence chance,,,,,,wh_main_effect_agent_action_success_chance_enemy_skill,[HIDDEN] Enemy Hero action success chance: %+n% (from skill),,character_to_character_own,-25,campaign,0,true,,,,,,,,,,,,,,,,,,,,,,,,,character_skill_level_to_effects_junctions_tables,wh3_main_skill_agent_action_success_scaling|wh_main_effect_agent_action_success_chance_enemy_skill|25|character_to_character_own
effect,warhammer_3,8.1.1,24237342,Daemons of Chaos,daemons_of_chaos,wh3_main_sc_dae_daemons,Daemon Prince,Daemon_Prince,legendary_lord,wh3_main_dae_daemon_prince,general,general,wh3_main_dae_daemon_prince|wh3_main_dae_daemons_qb1,true,false,true,true,false,true,,legendary_lords,wh3_main_skill_node_set_dae_daemon_prince,,1,general,false,false,,,,wh3_main_agent_action_scaling,wh3_main_skill_agent_action_success_scaling,Agent action success modifer,Hidden skill that scales action success/defence chance,mount_hellsteed.png,0,99,0,0,false,0,49,25,Agent action success modifer,Hidden skill that scales action success/defence chance,,,,,,wh_main_effect_agent_action_success_chance_skill,[HIDDEN] Hero action success chance: %+n% (from skill),,character_to_character_own,25,campaign,0,true,,,,,,,,,,,,,,,,,,,,,,,,,character_skill_level_to_effects_junctions_tables,wh3_main_skill_agent_action_success_scaling|wh_main_effect_agent_action_success_chance_skill|25|character_to_character_own
effect,warhammer_3,8.1.1,24237342,Daemons of Chaos,daemons_of_chaos,wh3_main_sc_dae_daemons,Daemon Prince,Daemon_Prince,legendary_lord,wh3_main_dae_daemon_prince,general,general,wh3_main_dae_daemon_prince|wh3_main_dae_daemons_qb1,true,false,true,true,false,true,,legendary_lords,wh3_main_skill_node_set_dae_daemon_prince,,1,general,false,false,,,,wh3_main_agent_action_scaling,wh3_main_skill_agent_action_success_scaling,Agent action success modifer,Hidden skill that scales action success/defence chance,mount_hellsteed.png,0,99,0,0,false,0,49,26,Agent action success modifer,Hidden skill that scales action success/defence chance,,,,,,wh_main_effect_agent_action_success_chance_enemy_skill,[HIDDEN] Enemy Hero action success chance: %+n% (from skill),,character_to_character_own,-26,campaign,0,true,,,,,,,,,,,,,,,,,,,,,,,,,character_skill_level_to_effects_junctions_tables,wh3_main_skill_agent_action_success_scaling|wh_main_effect_agent_action_success_chance_enemy_skill|26|character_to_character_own
effect,warhammer_3,8.1.1,24237342,Daemons of Chaos,daemons_of_chaos,wh3_main_sc_dae_daemons,Daemon Prince,Daemon_Prince,legendary_lord,wh3_main_dae_daemon_prince,general,general,wh3_main_dae_daemon_prince|wh3_main_dae_daemons_qb1,true,false,true,true,false,true,,legendary_lords,wh3_main_skill_node_set_dae_daemon_prince,,1,general,false,false,,,,wh3_main_agent_action_scaling,wh3_main_skill_agent_action_success_scaling,Agent action success modifer,Hidden skill that scales action success/defence chance,mount_hellsteed.png,0,99,0,0,false,0,49,26,Agent action success modifer,Hidden skill that scales action success/defence chance,,,,,,wh_main_effect_agent_action_success_chance_skill,[HIDDEN] Hero action success chance: %+n% (from skill),,character_to_character_own,26,campaign,0,true,,,,,,,,,,,,,,,,,,,,,,,,,character_skill_level_to_effects_junctions_tables,wh3_main_skill_agent_action_success_scaling|wh_main_effect_agent_action_success_chance_skill|26|character_to_character_own
effect,warhammer_3,8.1.1,24237342,Daemons of Chaos,daemons_of_chaos,wh3_main_sc_dae_daemons,Daemon Prince,Daemon_Prince,legendary_lord,wh3_main_dae_daemon_prince,general,general,wh3_main_dae_daemon_prince|wh3_main_dae_daemons_qb1,true,false,true,true,false,true,,legendary_lords,wh3_main_skill_node_set_dae_daemon_prince,,1,general,false,false,,,,wh3_main_agent_action_scaling,wh3_main_skill_agent_action_success_scaling,Agent action success modifer,Hidden skill that scales action success/defence chance,mount_hellsteed.png,0,99,0,0,false,0,49,27,Agent action success modifer,Hidden skill that scales action success/defence chance,,,,,,wh_main_effect_agent_action_success_chance_enemy_skill,[HIDDEN] Enemy Hero action success chance: %+n% (from skill),,character_to_character_own,-27,campaign,0,true,,,,,,,,,,,,,,,,,,,,,,,,,character_skill_level_to_effects_junctions_tables,wh3_main_skill_agent_action_success_scaling|wh_main_effect_agent_action_success_chance_enemy_skill|27|character_to_character_own
effect,warhammer_3,8.1.1,24237342,Daemons of Chaos,daemons_of_chaos,wh3_main_sc_dae_daemons,Daemon Prince,Daemon_Prince,legendary_lord,wh3_main_dae_daemon_prince,general,general,wh3_main_dae_daemon_prince|wh3_main_dae_daemons_qb1,true,false,true,true,false,true,,legendary_lords,wh3_main_skill_node_set_dae_daemon_prince,,1,general,false,false,,,,wh3_main_agent_action_scaling,wh3_main_skill_agent_action_success_scaling,Agent action success modifer,Hidden skill that scales action success/defence chance,mount_hellsteed.png,0,99,0,0,false,0,49,27,Agent action success modifer,Hidden skill that scales action success/defence chance,,,,,,wh_main_effect_agent_action_success_chance_skill,[HIDDEN] Hero action success chance: %+n% (from skill),,character_to_character_own,27,campaign,0,true,,,,,,,,,,,,,,,,,,,,,,,,,character_skill_level_to_effects_junctions_tables,wh3_main_skill_agent_action_success_scaling|wh_main_effect_agent_action_success_chance_skill|27|character_to_character_own
effect,warhammer_3,8.1.1,24237342,Daemons of Chaos,daemons_of_chaos,wh3_main_sc_dae_daemons,Daemon Prince,Daemon_Prince,legendary_lord,wh3_main_dae_daemon_prince,general,general,wh3_main_dae_daemon_prince|wh3_main_dae_daemons_qb1,true,false,true,true,false,true,,legendary_lords,wh3_main_skill_node_set_dae_daemon_prince,,1,general,false,false,,,,wh3_main_agent_action_scaling,wh3_main_skill_agent_action_success_scaling,Agent action success modifer,Hidden skill that scales action success/defence chance,mount_hellsteed.png,0,99,0,0,false,0,49,28,Agent action success modifer,Hidden skill that scales action success/defence chance,,,,,,wh_main_effect_agent_action_success_chance_enemy_skill,[HIDDEN] Enemy Hero action success chance: %+n% (from skill),,character_to_character_own,-28,campaign,0,true,,,,,,,,,,,,,,,,,,,,,,,,,character_skill_level_to_effects_junctions_tables,wh3_main_skill_agent_action_success_scaling|wh_main_effect_agent_action_success_chance_enemy_skill|28|character_to_character_own
effect,warhammer_3,8.1.1,24237342,Daemons of Chaos,daemons_of_chaos,wh3_main_sc_dae_daemons,Daemon Prince,Daemon_Prince,legendary_lord,wh3_main_dae_daemon_prince,general,general,wh3_main_dae_daemon_prince|wh3_main_dae_daemons_qb1,true,false,true,true,false,true,,legendary_lords,wh3_main_skill_node_set_dae_daemon_prince,,1,general,false,false,,,,wh3_main_agent_action_scaling,wh3_main_skill_agent_action_success_scaling,Agent action success modifer,Hidden skill that scales action success/defence chance,mount_hellsteed.png,0,99,0,0,false,0,49,28,Agent action success modifer,Hidden skill that scales action success/defence chance,,,,,,wh_main_effect_agent_action_success_chance_skill,[HIDDEN] Hero action success chance: %+n% (from skill),,character_to_character_own,28,campaign,0,true,,,,,,,,,,,,,,,,,,,,,,,,,character_skill_level_to_effects_junctions_tables,wh3_main_skill_agent_action_success_scaling|wh_main_effect_agent_action_success_chance_skill|28|character_to_character_own
effect,warhammer_3,8.1.1,24237342,Daemons of Chaos,daemons_of_chaos,wh3_main_sc_dae_daemons,Daemon Prince,Daemon_Prince,legendary_lord,wh3_main_dae_daemon_prince,general,general,wh3_main_dae_daemon_prince|wh3_main_dae_daemons_qb1,true,false,true,true,false,true,,legendary_lords,wh3_main_skill_node_set_dae_daemon_prince,,1,general,false,false,,,,wh3_main_agent_action_scaling,wh3_main_skill_agent_action_success_scaling,Agent action success modifer,Hidden skill that scales action success/defence chance,mount_hellsteed.png,0,99,0,0,false,0,49,29,Agent action success modifer,Hidden skill that scales action success/defence chance,,,,,,wh_main_effect_agent_action_success_chance_enemy_skill,[HIDDEN] Enemy Hero action success chance: %+n% (from skill),,character_to_character_own,-29,campaign,0,true,,,,,,,,,,,,,,,,,,,,,,,,,character_skill_level_to_effects_junctions_tables,wh3_main_skill_agent_action_success_scaling|wh_main_effect_agent_action_success_chance_enemy_skill|29|character_to_character_own
effect,warhammer_3,8.1.1,24237342,Daemons of Chaos,daemons_of_chaos,wh3_main_sc_dae_daemons,Daemon Prince,Daemon_Prince,legendary_lord,wh3_main_dae_daemon_prince,general,general,wh3_main_dae_daemon_prince|wh3_main_dae_daemons_qb1,true,false,true,true,false,true,,legendary_lords,wh3_main_skill_node_set_dae_daemon_prince,,1,general,false,false,,,,wh3_main_agent_action_scaling,wh3_main_skill_agent_action_success_scaling,Agent action success modifer,Hidden skill that scales action success/defence chance,mount_hellsteed.png,0,99,0,0,false,0,49,29,Agent action success modifer,Hidden skill that scales action success/defence chance,,,,,,wh_main_effect_agent_action_success_chance_skill,[HIDDEN] Hero action success chance: %+n% (from skill),,character_to_character_own,29,campaign,0,true,,,,,,,,,,,,,,,,,,,,,,,,,character_skill_level_to_effects_junctions_tables,wh3_main_skill_agent_action_success_scaling|wh_main_effect_agent_action_success_chance_skill|29|character_to_character_own
effect,warhammer_3,8.1.1,24237342,Daemons of Chaos,daemons_of_chaos,wh3_main_sc_dae_daemons,Daemon Prince,Daemon_Prince,legendary_lord,wh3_main_dae_daemon_prince,general,general,wh3_main_dae_daemon_prince|wh3_main_dae_daemons_qb1,true,false,true,true,false,true,,legendary_lords,wh3_main_skill_node_set_dae_daemon_prince,,1,general,false,false,,,,wh3_main_agent_action_scaling,wh3_main_skill_agent_action_success_scaling,Agent action success modifer,Hidden skill that scales action success/defence chance,mount_hellsteed.png,0,99,0,0,false,0,49,30,Agent action success modifer,Hidden skill that scales action success/defence chance,,,,,,wh_main_effect_agent_action_success_chance_enemy_skill,[HIDDEN] Enemy Hero action success chance: %+n% (from skill),,character_to_character_own,-30,campaign,0,true,,,,,,,,,,,,,,,,,,,,,,,,,character_skill_level_to_effects_junctions_tables,wh3_main_skill_agent_action_success_scaling|wh_main_effect_agent_action_success_chance_enemy_skill|30|character_to_character_own
effect,warhammer_3,8.1.1,24237342,Daemons of Chaos,daemons_of_chaos,wh3_main_sc_dae_daemons,Daemon Prince,Daemon_Prince,legendary_lord,wh3_main_dae_daemon_prince,general,general,wh3_main_dae_daemon_prince|wh3_main_dae_daemons_qb1,true,false,true,true,false,true,,legendary_lords,wh3_main_skill_node_set_dae_daemon_prince,,1,general,false,false,,,,wh3_main_agent_action_scaling,wh3_main_skill_agent_action_success_scaling,Agent action success modifer,Hidden skill that scales action success/defence chance,mount_hellsteed.png,0,99,0,0,false,0,49,30,Agent action success modifer,Hidden skill that scales action success/defence chance,,,,,,wh_main_effect_agent_action_success_chance_skill,[HIDDEN] Hero action success chance: %+n% (from skill),,character_to_character_own,30,campaign,0,true,,,,,,,,,,,,,,,,,,,,,,,,,character_skill_level_to_effects_junctions_tables,wh3_main_skill_agent_action_success_scaling|wh_main_effect_agent_action_success_chance_skill|30|character_to_character_own
effect,warhammer_3,8.1.1,24237342,Daemons of Chaos,daemons_of_chaos,wh3_main_sc_dae_daemons,Daemon Prince,Daemon_Prince,legendary_lord,wh3_main_dae_daemon_prince,general,general,wh3_main_dae_daemon_prince|wh3_main_dae_daemons_qb1,true,false,true,true,false,true,,legendary_lords,wh3_main_skill_node_set_dae_daemon_prince,,1,general,false,false,,,,wh3_main_agent_action_scaling,wh3_main_skill_agent_action_success_scaling,Agent action success modifer,Hidden skill that scales action success/defence chance,mount_hellsteed.png,0,99,0,0,false,0,49,31,Agent action success modifer,Hidden skill that scales action success/defence chance,,,,,,wh_main_effect_agent_action_success_chance_enemy_skill,[HIDDEN] Enemy Hero action success chance: %+n% (from skill),,character_to_character_own,-31,campaign,0,true,,,,,,,,,,,,,,,,,,,,,,,,,character_skill_level_to_effects_junctions_tables,wh3_main_skill_agent_action_success_scaling|wh_main_effect_agent_action_success_chance_enemy_skill|31|character_to_character_own
effect,warhammer_3,8.1.1,24237342,Daemons of Chaos,daemons_of_chaos,wh3_main_sc_dae_daemons,Daemon Prince,Daemon_Prince,legendary_lord,wh3_main_dae_daemon_prince,general,general,wh3_main_dae_daemon_prince|wh3_main_dae_daemons_qb1,true,false,true,true,false,true,,legendary_lords,wh3_main_skill_node_set_dae_daemon_prince,,1,general,false,false,,,,wh3_main_agent_action_scaling,wh3_main_skill_agent_action_success_scaling,Agent action success modifer,Hidden skill that scales action success/defence chance,mount_hellsteed.png,0,99,0,0,false,0,49,31,Agent action success modifer,Hidden skill that scales action success/defence chance,,,,,,wh_main_effect_agent_action_success_chance_skill,[HIDDEN] Hero action success chance: %+n% (from skill),,character_to_character_own,31,campaign,0,true,,,,,,,,,,,,,,,,,,,,,,,,,character_skill_level_to_effects_junctions_tables,wh3_main_skill_agent_action_success_scaling|wh_main_effect_agent_action_success_chance_skill|31|character_to_character_own
effect,warhammer_3,8.1.1,24237342,Daemons of Chaos,daemons_of_chaos,wh3_main_sc_dae_daemons,Daemon Prince,Daemon_Prince,legendary_lord,wh3_main_dae_daemon_prince,general,general,wh3_main_dae_daemon_prince|wh3_main_dae_daemons_qb1,true,false,true,true,false,true,,legendary_lords,wh3_main_skill_node_set_dae_daemon_prince,,1,general,false,false,,,,wh3_main_agent_action_scaling,wh3_main_skill_agent_action_success_scaling,Agent action success modifer,Hidden skill that scales action success/defence chance,mount_hellsteed.png,0,99,0,0,false,0,49,32,Agent action success modifer,Hidden skill that scales action success/defence chance,,,,,,wh_main_effect_agent_action_success_chance_enemy_skill,[HIDDEN] Enemy Hero action success chance: %+n% (from skill),,character_to_character_own,-32,campaign,0,true,,,,,,,,,,,,,,,,,,,,,,,,,character_skill_level_to_effects_junctions_tables,wh3_main_skill_agent_action_success_scaling|wh_main_effect_agent_action_success_chance_enemy_skill|32|character_to_character_own
effect,warhammer_3,8.1.1,24237342,Daemons of Chaos,daemons_of_chaos,wh3_main_sc_dae_daemons,Daemon Prince,Daemon_Prince,legendary_lord,wh3_main_dae_daemon_prince,general,general,wh3_main_dae_daemon_prince|wh3_main_dae_daemons_qb1,true,false,true,true,false,true,,legendary_lords,wh3_main_skill_node_set_dae_daemon_prince,,1,general,false,false,,,,wh3_main_agent_action_scaling,wh3_main_skill_agent_action_success_scaling,Agent action success modifer,Hidden skill that scales action success/defence chance,mount_hellsteed.png,0,99,0,0,false,0,49,32,Agent action success modifer,Hidden skill that scales action success/defence chance,,,,,,wh_main_effect_agent_action_success_chance_skill,[HIDDEN] Hero action success chance: %+n% (from skill),,character_to_character_own,32,campaign,0,true,,,,,,,,,,,,,,,,,,,,,,,,,character_skill_level_to_effects_junctions_tables,wh3_main_skill_agent_action_success_scaling|wh_main_effect_agent_action_success_chance_skill|32|character_to_character_own
effect,warhammer_3,8.1.1,24237342,Daemons of Chaos,daemons_of_chaos,wh3_main_sc_dae_daemons,Daemon Prince,Daemon_Prince,legendary_lord,wh3_main_dae_daemon_prince,general,general,wh3_main_dae_daemon_prince|wh3_main_dae_daemons_qb1,true,false,true,true,false,true,,legendary_lords,wh3_main_skill_node_set_dae_daemon_prince,,1,general,false,false,,,,wh3_main_agent_action_scaling,wh3_main_skill_agent_action_success_scaling,Agent action success modifer,Hidden skill that scales action success/defence chance,mount_hellsteed.png,0,99,0,0,false,0,49,33,Agent action success modifer,Hidden skill that scales action success/defence chance,,,,,,wh_main_effect_agent_action_success_chance_enemy_skill,[HIDDEN] Enemy Hero action success chance: %+n% (from skill),,character_to_character_own,-33,campaign,0,true,,,,,,,,,,,,,,,,,,,,,,,,,character_skill_level_to_effects_junctions_tables,wh3_main_skill_agent_action_success_scaling|wh_main_effect_agent_action_success_chance_enemy_skill|33|character_to_character_own
effect,warhammer_3,8.1.1,24237342,Daemons of Chaos,daemons_of_chaos,wh3_main_sc_dae_daemons,Daemon Prince,Daemon_Prince,legendary_lord,wh3_main_dae_daemon_prince,general,general,wh3_main_dae_daemon_prince|wh3_main_dae_daemons_qb1,true,false,true,true,false,true,,legendary_lords,wh3_main_skill_node_set_dae_daemon_prince,,1,general,false,false,,,,wh3_main_agent_action_scaling,wh3_main_skill_agent_action_success_scaling,Agent action success modifer,Hidden skill that scales action success/defence chance,mount_hellsteed.png,0,99,0,0,false,0,49,33,Agent action success modifer,Hidden skill that scales action success/defence chance,,,,,,wh_main_effect_agent_action_success_chance_skill,[HIDDEN] Hero action success chance: %+n% (from skill),,character_to_character_own,33,campaign,0,true,,,,,,,,,,,,,,,,,,,,,,,,,character_skill_level_to_effects_junctions_tables,wh3_main_skill_agent_action_success_scaling|wh_main_effect_agent_action_success_chance_skill|33|character_to_character_own
effect,warhammer_3,8.1.1,24237342,Daemons of Chaos,daemons_of_chaos,wh3_main_sc_dae_daemons,Daemon Prince,Daemon_Prince,legendary_lord,wh3_main_dae_daemon_prince,general,general,wh3_main_dae_daemon_prince|wh3_main_dae_daemons_qb1,true,false,true,true,false,true,,legendary_lords,wh3_main_skill_node_set_dae_daemon_prince,,1,general,false,false,,,,wh3_main_agent_action_scaling,wh3_main_skill_agent_action_success_scaling,Agent action success modifer,Hidden skill that scales action success/defence chance,mount_hellsteed.png,0,99,0,0,false,0,49,34,Agent action success modifer,Hidden skill that scales action success/defence chance,,,,,,wh_main_effect_agent_action_success_chance_enemy_skill,[HIDDEN] Enemy Hero action success chance: %+n% (from skill),,character_to_character_own,-34,campaign,0,true,,,,,,,,,,,,,,,,,,,,,,,,,character_skill_level_to_effects_junctions_tables,wh3_main_skill_agent_action_success_scaling|wh_main_effect_agent_action_success_chance_enemy_skill|34|character_to_character_own
effect,warhammer_3,8.1.1,24237342,Daemons of Chaos,daemons_of_chaos,wh3_main_sc_dae_daemons,Daemon Prince,Daemon_Prince,legendary_lord,wh3_main_dae_daemon_prince,general,general,wh3_main_dae_daemon_prince|wh3_main_dae_daemons_qb1,true,false,true,true,false,true,,legendary_lords,wh3_main_skill_node_set_dae_daemon_prince,,1,general,false,false,,,,wh3_main_agent_action_scaling,wh3_main_skill_agent_action_success_scaling,Agent action success modifer,Hidden skill that scales action success/defence chance,mount_hellsteed.png,0,99,0,0,false,0,49,34,Agent action success modifer,Hidden skill that scales action success/defence chance,,,,,,wh_main_effect_agent_action_success_chance_skill,[HIDDEN] Hero action success chance: %+n% (from skill),,character_to_character_own,34,campaign,0,true,,,,,,,,,,,,,,,,,,,,,,,,,character_skill_level_to_effects_junctions_tables,wh3_main_skill_agent_action_success_scaling|wh_main_effect_agent_action_success_chance_skill|34|character_to_character_own
effect,warhammer_3,8.1.1,24237342,Daemons of Chaos,daemons_of_chaos,wh3_main_sc_dae_daemons,Daemon Prince,Daemon_Prince,legendary_lord,wh3_main_dae_daemon_prince,general,general,wh3_main_dae_daemon_prince|wh3_main_dae_daemons_qb1,true,false,true,true,false,true,,legendary_lords,wh3_main_skill_node_set_dae_daemon_prince,,1,general,false,false,,,,wh3_main_agent_action_scaling,wh3_main_skill_agent_action_success_scaling,Agent action success modifer,Hidden skill that scales action success/defence chance,mount_hellsteed.png,0,99,0,0,false,0,49,35,Agent action success modifer,Hidden skill that scales action success/defence chance,,,,,,wh_main_effect_agent_action_success_chance_enemy_skill,[HIDDEN] Enemy Hero action success chance: %+n% (from skill),,character_to_character_own,-35,campaign,0,true,,,,,,,,,,,,,,,,,,,,,,,,,character_skill_level_to_effects_junctions_tables,wh3_main_skill_agent_action_success_scaling|wh_main_effect_agent_action_success_chance_enemy_skill|35|character_to_character_own
effect,warhammer_3,8.1.1,24237342,Daemons of Chaos,daemons_of_chaos,wh3_main_sc_dae_daemons,Daemon Prince,Daemon_Prince,legendary_lord,wh3_main_dae_daemon_prince,general,general,wh3_main_dae_daemon_prince|wh3_main_dae_daemons_qb1,true,false,true,true,false,true,,legendary_lords,wh3_main_skill_node_set_dae_daemon_prince,,1,general,false,false,,,,wh3_main_agent_action_scaling,wh3_main_skill_agent_action_success_scaling,Agent action success modifer,Hidden skill that scales action success/defence chance,mount_hellsteed.png,0,99,0,0,false,0,49,35,Agent action success modifer,Hidden skill that scales action success/defence chance,,,,,,wh_main_effect_agent_action_success_chance_skill,[HIDDEN] Hero action success chance: %+n% (from skill),,character_to_character_own,35,campaign,0,true,,,,,,,,,,,,,,,,,,,,,,,,,character_skill_level_to_effects_junctions_tables,wh3_main_skill_agent_action_success_scaling|wh_main_effect_agent_action_success_chance_skill|35|character_to_character_own
effect,warhammer_3,8.1.1,24237342,Daemons of Chaos,daemons_of_chaos,wh3_main_sc_dae_daemons,Daemon Prince,Daemon_Prince,legendary_lord,wh3_main_dae_daemon_prince,general,general,wh3_main_dae_daemon_prince|wh3_main_dae_daemons_qb1,true,false,true,true,false,true,,legendary_lords,wh3_main_skill_node_set_dae_daemon_prince,,1,general,false,false,,,,wh3_main_agent_action_scaling,wh3_main_skill_agent_action_success_scaling,Agent action success modifer,Hidden skill that scales action success/defence chance,mount_hellsteed.png,0,99,0,0,false,0,49,36,Agent action success modifer,Hidden skill that scales action success/defence chance,,,,,,wh_main_effect_agent_action_success_chance_enemy_skill,[HIDDEN] Enemy Hero action success chance: %+n% (from skill),,character_to_character_own,-36,campaign,0,true,,,,,,,,,,,,,,,,,,,,,,,,,character_skill_level_to_effects_junctions_tables,wh3_main_skill_agent_action_success_scaling|wh_main_effect_agent_action_success_chance_enemy_skill|36|character_to_character_own
effect,warhammer_3,8.1.1,24237342,Daemons of Chaos,daemons_of_chaos,wh3_main_sc_dae_daemons,Daemon Prince,Daemon_Prince,legendary_lord,wh3_main_dae_daemon_prince,general,general,wh3_main_dae_daemon_prince|wh3_main_dae_daemons_qb1,true,false,true,true,false,true,,legendary_lords,wh3_main_skill_node_set_dae_daemon_prince,,1,general,false,false,,,,wh3_main_agent_action_scaling,wh3_main_skill_agent_action_success_scaling,Agent action success modifer,Hidden skill that scales action success/defence chance,mount_hellsteed.png,0,99,0,0,false,0,49,36,Agent action success modifer,Hidden skill that scales action success/defence chance,,,,,,wh_main_effect_agent_action_success_chance_skill,[HIDDEN] Hero action success chance: %+n% (from skill),,character_to_character_own,36,campaign,0,true,,,,,,,,,,,,,,,,,,,,,,,,,character_skill_level_to_effects_junctions_tables,wh3_main_skill_agent_action_success_scaling|wh_main_effect_agent_action_success_chance_skill|36|character_to_character_own
effect,warhammer_3,8.1.1,24237342,Daemons of Chaos,daemons_of_chaos,wh3_main_sc_dae_daemons,Daemon Prince,Daemon_Prince,legendary_lord,wh3_main_dae_daemon_prince,general,general,wh3_main_dae_daemon_prince|wh3_main_dae_daemons_qb1,true,false,true,true,false,true,,legendary_lords,wh3_main_skill_node_set_dae_daemon_prince,,1,general,false,false,,,,wh3_main_agent_action_scaling,wh3_main_skill_agent_action_success_scaling,Agent action success modifer,Hidden skill that scales action success/defence chance,mount_hellsteed.png,0,99,0,0,false,0,49,37,Agent action success modifer,Hidden skill that scales action success/defence chance,,,,,,wh_main_effect_agent_action_success_chance_enemy_skill,[HIDDEN] Enemy Hero action success chance: %+n% (from skill),,character_to_character_own,-37,campaign,0,true,,,,,,,,,,,,,,,,,,,,,,,,,character_skill_level_to_effects_junctions_tables,wh3_main_skill_agent_action_success_scaling|wh_main_effect_agent_action_success_chance_enemy_skill|37|character_to_character_own
effect,warhammer_3,8.1.1,24237342,Daemons of Chaos,daemons_of_chaos,wh3_main_sc_dae_daemons,Daemon Prince,Daemon_Prince,legendary_lord,wh3_main_dae_daemon_prince,general,general,wh3_main_dae_daemon_prince|wh3_main_dae_daemons_qb1,true,false,true,true,false,true,,legendary_lords,wh3_main_skill_node_set_dae_daemon_prince,,1,general,false,false,,,,wh3_main_agent_action_scaling,wh3_main_skill_agent_action_success_scaling,Agent action success modifer,Hidden skill that scales action success/defence chance,mount_hellsteed.png,0,99,0,0,false,0,49,37,Agent action success modifer,Hidden skill that scales action success/defence chance,,,,,,wh_main_effect_agent_action_success_chance_skill,[HIDDEN] Hero action success chance: %+n% (from skill),,character_to_character_own,37,campaign,0,true,,,,,,,,,,,,,,,,,,,,,,,,,character_skill_level_to_effects_junctions_tables,wh3_main_skill_agent_action_success_scaling|wh_main_effect_agent_action_success_chance_skill|37|character_to_character_own
effect,warhammer_3,8.1.1,24237342,Daemons of Chaos,daemons_of_chaos,wh3_main_sc_dae_daemons,Daemon Prince,Daemon_Prince,legendary_lord,wh3_main_dae_daemon_prince,general,general,wh3_main_dae_daemon_prince|wh3_main_dae_daemons_qb1,true,false,true,true,false,true,,legendary_lords,wh3_main_skill_node_set_dae_daemon_prince,,1,general,false,false,,,,wh3_main_agent_action_scaling,wh3_main_skill_agent_action_success_scaling,Agent action success modifer,Hidden skill that scales action success/defence chance,mount_hellsteed.png,0,99,0,0,false,0,49,38,Agent action success modifer,Hidden skill that scales action success/defence chance,,,,,,wh_main_effect_agent_action_success_chance_enemy_skill,[HIDDEN] Enemy Hero action success chance: %+n% (from skill),,character_to_character_own,-38,campaign,0,true,,,,,,,,,,,,,,,,,,,,,,,,,character_skill_level_to_effects_junctions_tables,wh3_main_skill_agent_action_success_scaling|wh_main_effect_agent_action_success_chance_enemy_skill|38|character_to_character_own
effect,warhammer_3,8.1.1,24237342,Daemons of Chaos,daemons_of_chaos,wh3_main_sc_dae_daemons,Daemon Prince,Daemon_Prince,legendary_lord,wh3_main_dae_daemon_prince,general,general,wh3_main_dae_daemon_prince|wh3_main_dae_daemons_qb1,true,false,true,true,false,true,,legendary_lords,wh3_main_skill_node_set_dae_daemon_prince,,1,general,false,false,,,,wh3_main_agent_action_scaling,wh3_main_skill_agent_action_success_scaling,Agent action success modifer,Hidden skill that scales action success/defence chance,mount_hellsteed.png,0,99,0,0,false,0,49,38,Agent action success modifer,Hidden skill that scales action success/defence chance,,,,,,wh_main_effect_agent_action_success_chance_skill,[HIDDEN] Hero action success chance: %+n% (from skill),,character_to_character_own,38,campaign,0,true,,,,,,,,,,,,,,,,,,,,,,,,,character_skill_level_to_effects_junctions_tables,wh3_main_skill_agent_action_success_scaling|wh_main_effect_agent_action_success_chance_skill|38|character_to_character_own
effect,warhammer_3,8.1.1,24237342,Daemons of Chaos,daemons_of_chaos,wh3_main_sc_dae_daemons,Daemon Prince,Daemon_Prince,legendary_lord,wh3_main_dae_daemon_prince,general,general,wh3_main_dae_daemon_prince|wh3_main_dae_daemons_qb1,true,false,true,true,false,true,,legendary_lords,wh3_main_skill_node_set_dae_daemon_prince,,1,general,false,false,,,,wh3_main_agent_action_scaling,wh3_main_skill_agent_action_success_scaling,Agent action success modifer,Hidden skill that scales action success/defence chance,mount_hellsteed.png,0,99,0,0,false,0,49,39,Agent action success modifer,Hidden skill that scales action success/defence chance,,,,,,wh_main_effect_agent_action_success_chance_enemy_skill,[HIDDEN] Enemy Hero action success chance: %+n% (from skill),,character_to_character_own,-39,campaign,0,true,,,,,,,,,,,,,,,,,,,,,,,,,character_skill_level_to_effects_junctions_tables,wh3_main_skill_agent_action_success_scaling|wh_main_effect_agent_action_success_chance_enemy_skill|39|character_to_character_own
effect,warhammer_3,8.1.1,24237342,Daemons of Chaos,daemons_of_chaos,wh3_main_sc_dae_daemons,Daemon Prince,Daemon_Prince,legendary_lord,wh3_main_dae_daemon_prince,general,general,wh3_main_dae_daemon_prince|wh3_main_dae_daemons_qb1,true,false,true,true,false,true,,legendary_lords,wh3_main_skill_node_set_dae_daemon_prince,,1,general,false,false,,,,wh3_main_agent_action_scaling,wh3_main_skill_agent_action_success_scaling,Agent action success modifer,Hidden skill that scales action success/defence chance,mount_hellsteed.png,0,99,0,0,false,0,49,39,Agent action success modifer,Hidden skill that scales action success/defence chance,,,,,,wh_main_effect_agent_action_success_chance_skill,[HIDDEN] Hero action success chance: %+n% (from skill),,character_to_character_own,39,campaign,0,true,,,,,,,,,,,,,,,,,,,,,,,,,character_skill_level_to_effects_junctions_tables,wh3_main_skill_agent_action_success_scaling|wh_main_effect_agent_action_success_chance_skill|39|character_to_character_own
effect,warhammer_3,8.1.1,24237342,Daemons of Chaos,daemons_of_chaos,wh3_main_sc_dae_daemons,Daemon Prince,Daemon_Prince,legendary_lord,wh3_main_dae_daemon_prince,general,general,wh3_main_dae_daemon_prince|wh3_main_dae_daemons_qb1,true,false,true,true,false,true,,legendary_lords,wh3_main_skill_node_set_dae_daemon_prince,,1,general,false,false,,,,wh3_main_agent_action_scaling,wh3_main_skill_agent_action_success_scaling,Agent action success modifer,Hidden skill that scales action success/defence chance,mount_hellsteed.png,0,99,0,0,false,0,49,40,Agent action success modifer,Hidden skill that scales action success/defence chance,,,,,,wh_main_effect_agent_action_success_chance_enemy_skill,[HIDDEN] Enemy Hero action success chance: %+n% (from skill),,character_to_character_own,-40,campaign,0,true,,,,,,,,,,,,,,,,,,,,,,,,,character_skill_level_to_effects_junctions_tables,wh3_main_skill_agent_action_success_scaling|wh_main_effect_agent_action_success_chance_enemy_skill|40|character_to_character_own
effect,warhammer_3,8.1.1,24237342,Daemons of Chaos,daemons_of_chaos,wh3_main_sc_dae_daemons,Daemon Prince,Daemon_Prince,legendary_lord,wh3_main_dae_daemon_prince,general,general,wh3_main_dae_daemon_prince|wh3_main_dae_daemons_qb1,true,false,true,true,false,true,,legendary_lords,wh3_main_skill_node_set_dae_daemon_prince,,1,general,false,false,,,,wh3_main_agent_action_scaling,wh3_main_skill_agent_action_success_scaling,Agent action success modifer,Hidden skill that scales action success/defence chance,mount_hellsteed.png,0,99,0,0,false,0,49,40,Agent action success modifer,Hidden skill that scales action success/defence chance,,,,,,wh_main_effect_agent_action_success_chance_skill,[HIDDEN] Hero action success chance: %+n% (from skill),,character_to_character_own,40,campaign,0,true,,,,,,,,,,,,,,,,,,,,,,,,,character_skill_level_to_effects_junctions_tables,wh3_main_skill_agent_action_success_scaling|wh_main_effect_agent_action_success_chance_skill|40|character_to_character_own
effect,warhammer_3,8.1.1,24237342,Daemons of Chaos,daemons_of_chaos,wh3_main_sc_dae_daemons,Daemon Prince,Daemon_Prince,legendary_lord,wh3_main_dae_daemon_prince,general,general,wh3_main_dae_daemon_prince|wh3_main_dae_daemons_qb1,true,false,true,true,false,true,,legendary_lords,wh3_main_skill_node_set_dae_daemon_prince,,1,general,false,false,,,,wh3_main_agent_action_scaling,wh3_main_skill_agent_action_success_scaling,Agent action success modifer,Hidden skill that scales action success/defence chance,mount_hellsteed.png,0,99,0,0,false,0,49,41,Agent action success modifer,Hidden skill that scales action success/defence chance,,,,,,wh_main_effect_agent_action_success_chance_enemy_skill,[HIDDEN] Enemy Hero action success chance: %+n% (from skill),,character_to_character_own,-41,campaign,0,true,,,,,,,,,,,,,,,,,,,,,,,,,character_skill_level_to_effects_junctions_tables,wh3_main_skill_agent_action_success_scaling|wh_main_effect_agent_action_success_chance_enemy_skill|41|character_to_character_own
effect,warhammer_3,8.1.1,24237342,Daemons of Chaos,daemons_of_chaos,wh3_main_sc_dae_daemons,Daemon Prince,Daemon_Prince,legendary_lord,wh3_main_dae_daemon_prince,general,general,wh3_main_dae_daemon_prince|wh3_main_dae_daemons_qb1,true,false,true,true,false,true,,legendary_lords,wh3_main_skill_node_set_dae_daemon_prince,,1,general,false,false,,,,wh3_main_agent_action_scaling,wh3_main_skill_agent_action_success_scaling,Agent action success modifer,Hidden skill that scales action success/defence chance,mount_hellsteed.png,0,99,0,0,false,0,49,41,Agent action success modifer,Hidden skill that scales action success/defence chance,,,,,,wh_main_effect_agent_action_success_chance_skill,[HIDDEN] Hero action success chance: %+n% (from skill),,character_to_character_own,41,campaign,0,true,,,,,,,,,,,,,,,,,,,,,,,,,character_skill_level_to_effects_junctions_tables,wh3_main_skill_agent_action_success_scaling|wh_main_effect_agent_action_success_chance_skill|41|character_to_character_own
effect,warhammer_3,8.1.1,24237342,Daemons of Chaos,daemons_of_chaos,wh3_main_sc_dae_daemons,Daemon Prince,Daemon_Prince,legendary_lord,wh3_main_dae_daemon_prince,general,general,wh3_main_dae_daemon_prince|wh3_main_dae_daemons_qb1,true,false,true,true,false,true,,legendary_lords,wh3_main_skill_node_set_dae_daemon_prince,,1,general,false,false,,,,wh3_main_agent_action_scaling,wh3_main_skill_agent_action_success_scaling,Agent action success modifer,Hidden skill that scales action success/defence chance,mount_hellsteed.png,0,99,0,0,false,0,49,42,Agent action success modifer,Hidden skill that scales action success/defence chance,,,,,,wh_main_effect_agent_action_success_chance_enemy_skill,[HIDDEN] Enemy Hero action success chance: %+n% (from skill),,character_to_character_own,-42,campaign,0,true,,,,,,,,,,,,,,,,,,,,,,,,,character_skill_level_to_effects_junctions_tables,wh3_main_skill_agent_action_success_scaling|wh_main_effect_agent_action_success_chance_enemy_skill|42|character_to_character_own
effect,warhammer_3,8.1.1,24237342,Daemons of Chaos,daemons_of_chaos,wh3_main_sc_dae_daemons,Daemon Prince,Daemon_Prince,legendary_lord,wh3_main_dae_daemon_prince,general,general,wh3_main_dae_daemon_prince|wh3_main_dae_daemons_qb1,true,false,true,true,false,true,,legendary_lords,wh3_main_skill_node_set_dae_daemon_prince,,1,general,false,false,,,,wh3_main_agent_action_scaling,wh3_main_skill_agent_action_success_scaling,Agent action success modifer,Hidden skill that scales action success/defence chance,mount_hellsteed.png,0,99,0,0,false,0,49,42,Agent action success modifer,Hidden skill that scales action success/defence chance,,,,,,wh_main_effect_agent_action_success_chance_skill,[HIDDEN] Hero action success chance: %+n% (from skill),,character_to_character_own,42,campaign,0,true,,,,,,,,,,,,,,,,,,,,,,,,,character_skill_level_to_effects_junctions_tables,wh3_main_skill_agent_action_success_scaling|wh_main_effect_agent_action_success_chance_skill|42|character_to_character_own
effect,warhammer_3,8.1.1,24237342,Daemons of Chaos,daemons_of_chaos,wh3_main_sc_dae_daemons,Daemon Prince,Daemon_Prince,legendary_lord,wh3_main_dae_daemon_prince,general,general,wh3_main_dae_daemon_prince|wh3_main_dae_daemons_qb1,true,false,true,true,false,true,,legendary_lords,wh3_main_skill_node_set_dae_daemon_prince,,1,general,false,false,,,,wh3_main_agent_action_scaling,wh3_main_skill_agent_action_success_scaling,Agent action success modifer,Hidden skill that scales action success/defence chance,mount_hellsteed.png,0,99,0,0,false,0,49,43,Agent action success modifer,Hidden skill that scales action success/defence chance,,,,,,wh_main_effect_agent_action_success_chance_enemy_skill,[HIDDEN] Enemy Hero action success chance: %+n% (from skill),,character_to_character_own,-43,campaign,0,true,,,,,,,,,,,,,,,,,,,,,,,,,character_skill_level_to_effects_junctions_tables,wh3_main_skill_agent_action_success_scaling|wh_main_effect_agent_action_success_chance_enemy_skill|43|character_to_character_own
effect,warhammer_3,8.1.1,24237342,Daemons of Chaos,daemons_of_chaos,wh3_main_sc_dae_daemons,Daemon Prince,Daemon_Prince,legendary_lord,wh3_main_dae_daemon_prince,general,general,wh3_main_dae_daemon_prince|wh3_main_dae_daemons_qb1,true,false,true,true,false,true,,legendary_lords,wh3_main_skill_node_set_dae_daemon_prince,,1,general,false,false,,,,wh3_main_agent_action_scaling,wh3_main_skill_agent_action_success_scaling,Agent action success modifer,Hidden skill that scales action success/defence chance,mount_hellsteed.png,0,99,0,0,false,0,49,43,Agent action success modifer,Hidden skill that scales action success/defence chance,,,,,,wh_main_effect_agent_action_success_chance_skill,[HIDDEN] Hero action success chance: %+n% (from skill),,character_to_character_own,43,campaign,0,true,,,,,,,,,,,,,,,,,,,,,,,,,character_skill_level_to_effects_junctions_tables,wh3_main_skill_agent_action_success_scaling|wh_main_effect_agent_action_success_chance_skill|43|character_to_character_own
effect,warhammer_3,8.1.1,24237342,Daemons of Chaos,daemons_of_chaos,wh3_main_sc_dae_daemons,Daemon Prince,Daemon_Prince,legendary_lord,wh3_main_dae_daemon_prince,general,general,wh3_main_dae_daemon_prince|wh3_main_dae_daemons_qb1,true,false,true,true,false,true,,legendary_lords,wh3_main_skill_node_set_dae_daemon_prince,,1,general,false,false,,,,wh3_main_agent_action_scaling,wh3_main_skill_agent_action_success_scaling,Agent action success modifer,Hidden skill that scales action success/defence chance,mount_hellsteed.png,0,99,0,0,false,0,49,44,Agent action success modifer,Hidden skill that scales action success/defence chance,,,,,,wh_main_effect_agent_action_success_chance_enemy_skill,[HIDDEN] Enemy Hero action success chance: %+n% (from skill),,character_to_character_own,-44,campaign,0,true,,,,,,,,,,,,,,,,,,,,,,,,,character_skill_level_to_effects_junctions_tables,wh3_main_skill_agent_action_success_scaling|wh_main_effect_agent_action_success_chance_enemy_skill|44|character_to_character_own
effect,warhammer_3,8.1.1,24237342,Daemons of Chaos,daemons_of_chaos,wh3_main_sc_dae_daemons,Daemon Prince,Daemon_Prince,legendary_lord,wh3_main_dae_daemon_prince,general,general,wh3_main_dae_daemon_prince|wh3_main_dae_daemons_qb1,true,false,true,true,false,true,,legendary_lords,wh3_main_skill_node_set_dae_daemon_prince,,1,general,false,false,,,,wh3_main_agent_action_scaling,wh3_main_skill_agent_action_success_scaling,Agent action success modifer,Hidden skill that scales action success/defence chance,mount_hellsteed.png,0,99,0,0,false,0,49,44,Agent action success modifer,Hidden skill that scales action success/defence chance,,,,,,wh_main_effect_agent_action_success_chance_skill,[HIDDEN] Hero action success chance: %+n% (from skill),,character_to_character_own,44,campaign,0,true,,,,,,,,,,,,,,,,,,,,,,,,,character_skill_level_to_effects_junctions_tables,wh3_main_skill_agent_action_success_scaling|wh_main_effect_agent_action_success_chance_skill|44|character_to_character_own
effect,warhammer_3,8.1.1,24237342,Daemons of Chaos,daemons_of_chaos,wh3_main_sc_dae_daemons,Daemon Prince,Daemon_Prince,legendary_lord,wh3_main_dae_daemon_prince,general,general,wh3_main_dae_daemon_prince|wh3_main_dae_daemons_qb1,true,false,true,true,false,true,,legendary_lords,wh3_main_skill_node_set_dae_daemon_prince,,1,general,false,false,,,,wh3_main_agent_action_scaling,wh3_main_skill_agent_action_success_scaling,Agent action success modifer,Hidden skill that scales action success/defence chance,mount_hellsteed.png,0,99,0,0,false,0,49,45,Agent action success modifer,Hidden skill that scales action success/defence chance,,,,,,wh_main_effect_agent_action_success_chance_enemy_skill,[HIDDEN] Enemy Hero action success chance: %+n% (from skill),,character_to_character_own,-45,campaign,0,true,,,,,,,,,,,,,,,,,,,,,,,,,character_skill_level_to_effects_junctions_tables,wh3_main_skill_agent_action_success_scaling|wh_main_effect_agent_action_success_chance_enemy_skill|45|character_to_character_own
effect,warhammer_3,8.1.1,24237342,Daemons of Chaos,daemons_of_chaos,wh3_main_sc_dae_daemons,Daemon Prince,Daemon_Prince,legendary_lord,wh3_main_dae_daemon_prince,general,general,wh3_main_dae_daemon_prince|wh3_main_dae_daemons_qb1,true,false,true,true,false,true,,legendary_lords,wh3_main_skill_node_set_dae_daemon_prince,,1,general,false,false,,,,wh3_main_agent_action_scaling,wh3_main_skill_agent_action_success_scaling,Agent action success modifer,Hidden skill that scales action success/defence chance,mount_hellsteed.png,0,99,0,0,false,0,49,45,Agent action success modifer,Hidden skill that scales action success/defence chance,,,,,,wh_main_effect_agent_action_success_chance_skill,[HIDDEN] Hero action success chance: %+n% (from skill),,character_to_character_own,45,campaign,0,true,,,,,,,,,,,,,,,,,,,,,,,,,character_skill_level_to_effects_junctions_tables,wh3_main_skill_agent_action_success_scaling|wh_main_effect_agent_action_success_chance_skill|45|character_to_character_own
effect,warhammer_3,8.1.1,24237342,Daemons of Chaos,daemons_of_chaos,wh3_main_sc_dae_daemons,Daemon Prince,Daemon_Prince,legendary_lord,wh3_main_dae_daemon_prince,general,general,wh3_main_dae_daemon_prince|wh3_main_dae_daemons_qb1,true,false,true,true,false,true,,legendary_lords,wh3_main_skill_node_set_dae_daemon_prince,,1,general,false,false,,,,wh3_main_agent_action_scaling,wh3_main_skill_agent_action_success_scaling,Agent action success modifer,Hidden skill that scales action success/defence chance,mount_hellsteed.png,0,99,0,0,false,0,49,46,Agent action success modifer,Hidden skill that scales action success/defence chance,,,,,,wh_main_effect_agent_action_success_chance_enemy_skill,[HIDDEN] Enemy Hero action success chance: %+n% (from skill),,character_to_character_own,-46,campaign,0,true,,,,,,,,,,,,,,,,,,,,,,,,,character_skill_level_to_effects_junctions_tables,wh3_main_skill_agent_action_success_scaling|wh_main_effect_agent_action_success_chance_enemy_skill|46|character_to_character_own
effect,warhammer_3,8.1.1,24237342,Daemons of Chaos,daemons_of_chaos,wh3_main_sc_dae_daemons,Daemon Prince,Daemon_Prince,legendary_lord,wh3_main_dae_daemon_prince,general,general,wh3_main_dae_daemon_prince|wh3_main_dae_daemons_qb1,true,false,true,true,false,true,,legendary_lords,wh3_main_skill_node_set_dae_daemon_prince,,1,general,false,false,,,,wh3_main_agent_action_scaling,wh3_main_skill_agent_action_success_scaling,Agent action success modifer,Hidden skill that scales action success/defence chance,mount_hellsteed.png,0,99,0,0,false,0,49,46,Agent action success modifer,Hidden skill that scales action success/defence chance,,,,,,wh_main_effect_agent_action_success_chance_skill,[HIDDEN] Hero action success chance: %+n% (from skill),,character_to_character_own,46,campaign,0,true,,,,,,,,,,,,,,,,,,,,,,,,,character_skill_level_to_effects_junctions_tables,wh3_main_skill_agent_action_success_scaling|wh_main_effect_agent_action_success_chance_skill|46|character_to_character_own
effect,warhammer_3,8.1.1,24237342,Daemons of Chaos,daemons_of_chaos,wh3_main_sc_dae_daemons,Daemon Prince,Daemon_Prince,legendary_lord,wh3_main_dae_daemon_prince,general,general,wh3_main_dae_daemon_prince|wh3_main_dae_daemons_qb1,true,false,true,true,false,true,,legendary_lords,wh3_main_skill_node_set_dae_daemon_prince,,1,general,false,false,,,,wh3_main_agent_action_scaling,wh3_main_skill_agent_action_success_scaling,Agent action success modifer,Hidden skill that scales action success/defence chance,mount_hellsteed.png,0,99,0,0,false,0,49,47,Agent action success modifer,Hidden skill that scales action success/defence chance,,,,,,wh_main_effect_agent_action_success_chance_enemy_skill,[HIDDEN] Enemy Hero action success chance: %+n% (from skill),,character_to_character_own,-47,campaign,0,true,,,,,,,,,,,,,,,,,,,,,,,,,character_skill_level_to_effects_junctions_tables,wh3_main_skill_agent_action_success_scaling|wh_main_effect_agent_action_success_chance_enemy_skill|47|character_to_character_own
effect,warhammer_3,8.1.1,24237342,Daemons of Chaos,daemons_of_chaos,wh3_main_sc_dae_daemons,Daemon Prince,Daemon_Prince,legendary_lord,wh3_main_dae_daemon_prince,general,general,wh3_main_dae_daemon_prince|wh3_main_dae_daemons_qb1,true,false,true,true,false,true,,legendary_lords,wh3_main_skill_node_set_dae_daemon_prince,,1,general,false,false,,,,wh3_main_agent_action_scaling,wh3_main_skill_agent_action_success_scaling,Agent action success modifer,Hidden skill that scales action success/defence chance,mount_hellsteed.png,0,99,0,0,false,0,49,47,Agent action success modifer,Hidden skill that scales action success/defence chance,,,,,,wh_main_effect_agent_action_success_chance_skill,[HIDDEN] Hero action success chance: %+n% (from skill),,character_to_character_own,47,campaign,0,true,,,,,,,,,,,,,,,,,,,,,,,,,character_skill_level_to_effects_junctions_tables,wh3_main_skill_agent_action_success_scaling|wh_main_effect_agent_action_success_chance_skill|47|character_to_character_own
effect,warhammer_3,8.1.1,24237342,Daemons of Chaos,daemons_of_chaos,wh3_main_sc_dae_daemons,Daemon Prince,Daemon_Prince,legendary_lord,wh3_main_dae_daemon_prince,general,general,wh3_main_dae_daemon_prince|wh3_main_dae_daemons_qb1,true,false,true,true,false,true,,legendary_lords,wh3_main_skill_node_set_dae_daemon_prince,,1,general,false,false,,,,wh3_main_agent_action_scaling,wh3_main_skill_agent_action_success_scaling,Agent action success modifer,Hidden skill that scales action success/defence chance,mount_hellsteed.png,0,99,0,0,false,0,49,48,Agent action success modifer,Hidden skill that scales action success/defence chance,,,,,,wh_main_effect_agent_action_success_chance_enemy_skill,[HIDDEN] Enemy Hero action success chance: %+n% (from skill),,character_to_character_own,-48,campaign,0,true,,,,,,,,,,,,,,,,,,,,,,,,,character_skill_level_to_effects_junctions_tables,wh3_main_skill_agent_action_success_scaling|wh_main_effect_agent_action_success_chance_enemy_skill|48|character_to_character_own
effect,warhammer_3,8.1.1,24237342,Daemons of Chaos,daemons_of_chaos,wh3_main_sc_dae_daemons,Daemon Prince,Daemon_Prince,legendary_lord,wh3_main_dae_daemon_prince,general,general,wh3_main_dae_daemon_prince|wh3_main_dae_daemons_qb1,true,false,true,true,false,true,,legendary_lords,wh3_main_skill_node_set_dae_daemon_prince,,1,general,false,false,,,,wh3_main_agent_action_scaling,wh3_main_skill_agent_action_success_scaling,Agent action success modifer,Hidden skill that scales action success/defence chance,mount_hellsteed.png,0,99,0,0,false,0,49,48,Agent action success modifer,Hidden skill that scales action success/defence chance,,,,,,wh_main_effect_agent_action_success_chance_skill,[HIDDEN] Hero action success chance: %+n% (from skill),,character_to_character_own,48,campaign,0,true,,,,,,,,,,,,,,,,,,,,,,,,,character_skill_level_to_effects_junctions_tables,wh3_main_skill_agent_action_success_scaling|wh_main_effect_agent_action_success_chance_skill|48|character_to_character_own
effect,warhammer_3,8.1.1,24237342,Daemons of Chaos,daemons_of_chaos,wh3_main_sc_dae_daemons,Daemon Prince,Daemon_Prince,legendary_lord,wh3_main_dae_daemon_prince,general,general,wh3_main_dae_daemon_prince|wh3_main_dae_daemons_qb1,true,false,true,true,false,true,,legendary_lords,wh3_main_skill_node_set_dae_daemon_prince,,1,general,false,false,,,,wh3_main_agent_action_scaling,wh3_main_skill_agent_action_success_scaling,Agent action success modifer,Hidden skill that scales action success/defence chance,mount_hellsteed.png,0,99,0,0,false,0,49,49,Agent action success modifer,Hidden skill that scales action success/defence chance,,,,,,wh_main_effect_agent_action_success_chance_enemy_skill,[HIDDEN] Enemy Hero action success chance: %+n% (from skill),,character_to_character_own,-49,campaign,0,true,,,,,,,,,,,,,,,,,,,,,,,,,character_skill_level_to_effects_junctions_tables,wh3_main_skill_agent_action_success_scaling|wh_main_effect_agent_action_success_chance_enemy_skill|49|character_to_character_own
effect,warhammer_3,8.1.1,24237342,Daemons of Chaos,daemons_of_chaos,wh3_main_sc_dae_daemons,Daemon Prince,Daemon_Prince,legendary_lord,wh3_main_dae_daemon_prince,general,general,wh3_main_dae_daemon_prince|wh3_main_dae_daemons_qb1,true,false,true,true,false,true,,legendary_lords,wh3_main_skill_node_set_dae_daemon_prince,,1,general,false,false,,,,wh3_main_agent_action_scaling,wh3_main_skill_agent_action_success_scaling,Agent action success modifer,Hidden skill that scales action success/defence chance,mount_hellsteed.png,0,99,0,0,false,0,49,49,Agent action success modifer,Hidden skill that scales action success/defence chance,,,,,,wh_main_effect_agent_action_success_chance_skill,[HIDDEN] Hero action success chance: %+n% (from skill),,character_to_character_own,49,campaign,0,true,,,,,,,,,,,,,,,,,,,,,,,,,character_skill_level_to_effects_junctions_tables,wh3_main_skill_agent_action_success_scaling|wh_main_effect_agent_action_success_chance_skill|49|character_to_character_own
node,warhammer_3,8.1.1,24237342,Daemons of Chaos,daemons_of_chaos,wh3_main_sc_dae_daemons,Daemon Prince,Daemon_Prince,legendary_lord,wh3_main_dae_daemon_prince,general,general,wh3_main_dae_daemon_prince|wh3_main_dae_daemons_qb1,true,false,true,true,false,true,,legendary_lords,wh3_main_skill_node_set_dae_daemon_prince,,1,general,false,false,,,,wh3_main_skill_node_dae_daemon_prince_undivided_1_1,wh3_main_skill_dae_undivided_campaign_corruption_buff,Infecting Presence,"The corruption of Chaos infects all it touches, stretching its dark tendrils out across the land.",campaign_chaos_corruption.png,1,1,0,0,true,0,3,,,,,,,,,,,,,,,,,,,,,,,,,,,,,,,,,,,,,,,,,character_skill_nodes_tables,wh3_main_skill_node_dae_daemon_prince_undivided_1_1
effect,warhammer_3,8.1.1,24237342,Daemons of Chaos,daemons_of_chaos,wh3_main_sc_dae_daemons,Daemon Prince,Daemon_Prince,legendary_lord,wh3_main_dae_daemon_prince,general,general,wh3_main_dae_daemon_prince|wh3_main_dae_daemons_qb1,true,false,true,true,false,true,,legendary_lords,wh3_main_skill_node_set_dae_daemon_prince,,1,general,false,false,,,,wh3_main_skill_node_dae_daemon_prince_undivided_1_1,wh3_main_skill_dae_undivided_campaign_corruption_buff,Infecting Presence,"The corruption of Chaos infects all it touches, stretching its dark tendrils out across the land.",campaign_chaos_corruption.png,1,1,0,0,true,0,3,1,Infecting Presence,"The corruption of Chaos infects all it touches, stretching its dark tendrils out across the land.",,,,,,wh3_main_effect_corruption_chaos_characters,Chaos Undivided corruption: %+n,,character_to_province_any,1,campaign,104,true,corruption_chaos.png,corruption_chaos.png,,,,,,,,,,,,,,,,,,,,,,,character_skill_level_to_effects_junctions_tables,wh3_main_skill_dae_undivided_campaign_corruption_buff|wh3_main_effect_corruption_chaos_characters|1|character_to_province_any
effect,warhammer_3,8.1.1,24237342,Daemons of Chaos,daemons_of_chaos,wh3_main_sc_dae_daemons,Daemon Prince,Daemon_Prince,legendary_lord,wh3_main_dae_daemon_prince,general,general,wh3_main_dae_daemon_prince|wh3_main_dae_daemons_qb1,true,false,true,true,false,true,,legendary_lords,wh3_main_skill_node_set_dae_daemon_prince,,1,general,false,false,,,,wh3_main_skill_node_dae_daemon_prince_undivided_1_1,wh3_main_skill_dae_undivided_campaign_corruption_buff,Infecting Presence,"The corruption of Chaos infects all it touches, stretching its dark tendrils out across the land.",campaign_chaos_corruption.png,1,1,0,0,true,0,3,2,Infecting Presence,"The corruption of Chaos infects all it touches, stretching its dark tendrils out across the land.",,,,,,wh3_main_effect_corruption_chaos_characters,Chaos Undivided corruption: %+n,,character_to_province_any,2,campaign,104,true,corruption_chaos.png,corruption_chaos.png,,,,,,,,,,,,,,,,,,,,,,,character_skill_level_to_effects_junctions_tables,wh3_main_skill_dae_undivided_campaign_corruption_buff|wh3_main_effect_corruption_chaos_characters|2|character_to_province_any
effect,warhammer_3,8.1.1,24237342,Daemons of Chaos,daemons_of_chaos,wh3_main_sc_dae_daemons,Daemon Prince,Daemon_Prince,legendary_lord,wh3_main_dae_daemon_prince,general,general,wh3_main_dae_daemon_prince|wh3_main_dae_daemons_qb1,true,false,true,true,false,true,,legendary_lords,wh3_main_skill_node_set_dae_daemon_prince,,1,general,false,false,,,,wh3_main_skill_node_dae_daemon_prince_undivided_1_1,wh3_main_skill_dae_undivided_campaign_corruption_buff,Infecting Presence,"The corruption of Chaos infects all it touches, stretching its dark tendrils out across the land.",campaign_chaos_corruption.png,1,1,0,0,true,0,3,3,Infecting Presence,"The corruption of Chaos infects all it touches, stretching its dark tendrils out across the land.",,,,,,wh3_main_effect_corruption_chaos_characters,Chaos Undivided corruption: %+n,,character_to_province_any,4,campaign,104,true,corruption_chaos.png,corruption_chaos.png,,,,,,,,,,,,,,,,,,,,,,,character_skill_level_to_effects_junctions_tables,wh3_main_skill_dae_undivided_campaign_corruption_buff|wh3_main_effect_corruption_chaos_characters|3|character_to_province_any
node,warhammer_3,8.1.1,24237342,Daemons of Chaos,daemons_of_chaos,wh3_main_sc_dae_daemons,Daemon Prince,Daemon_Prince,legendary_lord,wh3_main_dae_daemon_prince,general,general,wh3_main_dae_daemon_prince|wh3_main_dae_daemons_qb1,true,false,true,true,false,true,,legendary_lords,wh3_main_skill_node_set_dae_daemon_prince,,1,general,false,false,,,,wh3_main_skill_node_dae_daemon_prince_khorne_1_1,wh3_main_skill_dae_khorne_campaign_raiding_income,Wrathful Reaver,"The dead and the dying have no use for material goods, and the living do not deserve to keep what they could not protect.",campaign_military_spending.png,1,2,0,0,true,0,3,,,,,,,,,,,,,,,,,,,,,,,,,,,,,,,,,,,,,,,,,character_skill_nodes_tables,wh3_main_skill_node_dae_daemon_prince_khorne_1_1
effect,warhammer_3,8.1.1,24237342,Daemons of Chaos,daemons_of_chaos,wh3_main_sc_dae_daemons,Daemon Prince,Daemon_Prince,legendary_lord,wh3_main_dae_daemon_prince,general,general,wh3_main_dae_daemon_prince|wh3_main_dae_daemons_qb1,true,false,true,true,false,true,,legendary_lords,wh3_main_skill_node_set_dae_daemon_prince,,1,general,false,false,,,,wh3_main_skill_node_dae_daemon_prince_khorne_1_1,wh3_main_skill_dae_khorne_campaign_raiding_income,Wrathful Reaver,"The dead and the dying have no use for material goods, and the living do not deserve to keep what they could not protect.",campaign_military_spending.png,1,2,0,0,true,0,3,1,Wrathful Reaver,"The dead and the dying have no use for material goods, and the living do not deserve to keep what they could not protect.",,,,,,wh_main_effect_force_all_campaign_raid_income,Income from raiding: %+n%,,general_to_force_own,10,campaign,101,true,income.png,income.png,,,,,,,,,,,,,,,,,,,,,,,character_skill_level_to_effects_junctions_tables,wh3_main_skill_dae_khorne_campaign_raiding_income|wh_main_effect_force_all_campaign_raid_income|1|general_to_force_own
effect,warhammer_3,8.1.1,24237342,Daemons of Chaos,daemons_of_chaos,wh3_main_sc_dae_daemons,Daemon Prince,Daemon_Prince,legendary_lord,wh3_main_dae_daemon_prince,general,general,wh3_main_dae_daemon_prince|wh3_main_dae_daemons_qb1,true,false,true,true,false,true,,legendary_lords,wh3_main_skill_node_set_dae_daemon_prince,,1,general,false,false,,,,wh3_main_skill_node_dae_daemon_prince_khorne_1_1,wh3_main_skill_dae_khorne_campaign_raiding_income,Wrathful Reaver,"The dead and the dying have no use for material goods, and the living do not deserve to keep what they could not protect.",campaign_military_spending.png,1,2,0,0,true,0,3,2,Wrathful Reaver,"The dead and the dying have no use for material goods, and the living do not deserve to keep what they could not protect.",,,,,,wh_main_effect_force_all_campaign_raid_income,Income from raiding: %+n%,,general_to_force_own,20,campaign,101,true,income.png,income.png,,,,,,,,,,,,,,,,,,,,,,,character_skill_level_to_effects_junctions_tables,wh3_main_skill_dae_khorne_campaign_raiding_income|wh_main_effect_force_all_campaign_raid_income|2|general_to_force_own
effect,warhammer_3,8.1.1,24237342,Daemons of Chaos,daemons_of_chaos,wh3_main_sc_dae_daemons,Daemon Prince,Daemon_Prince,legendary_lord,wh3_main_dae_daemon_prince,general,general,wh3_main_dae_daemon_prince|wh3_main_dae_daemons_qb1,true,false,true,true,false,true,,legendary_lords,wh3_main_skill_node_set_dae_daemon_prince,,1,general,false,false,,,,wh3_main_skill_node_dae_daemon_prince_khorne_1_1,wh3_main_skill_dae_khorne_campaign_raiding_income,Wrathful Reaver,"The dead and the dying have no use for material goods, and the living do not deserve to keep what they could not protect.",campaign_military_spending.png,1,2,0,0,true,0,3,3,Wrathful Reaver,"The dead and the dying have no use for material goods, and the living do not deserve to keep what they could not protect.",,,,,,wh_main_effect_force_all_campaign_raid_income,Income from raiding: %+n%,,general_to_force_own,30,campaign,101,true,income.png,income.png,,,,,,,,,,,,,,,,,,,,,,,character_skill_level_to_effects_junctions_tables,wh3_main_skill_dae_khorne_campaign_raiding_income|wh_main_effect_force_all_campaign_raid_income|3|general_to_force_own
node,warhammer_3,8.1.1,24237342,Daemons of Chaos,daemons_of_chaos,wh3_main_sc_dae_daemons,Daemon Prince,Daemon_Prince,legendary_lord,wh3_main_dae_daemon_prince,general,general,wh3_main_dae_daemon_prince|wh3_main_dae_daemons_qb1,true,false,true,true,false,true,,legendary_lords,wh3_main_skill_node_set_dae_daemon_prince,,1,general,false,false,,,,wh3_main_skill_node_dae_daemon_prince_nurgle_1_1,wh3_main_skill_dae_nurgle_campaign_reduced_attrition,Grimy Terrain,The perils of passing through hostile terrain matter little when the Lord of Decay guides your path.,campaign_disaster.png,1,3,0,0,true,0,3,,,,,,,,,,,,,,,,,,,,,,,,,,,,,,,,,,,,,,,,,character_skill_nodes_tables,wh3_main_skill_node_dae_daemon_prince_nurgle_1_1
effect,warhammer_3,8.1.1,24237342,Daemons of Chaos,daemons_of_chaos,wh3_main_sc_dae_daemons,Daemon Prince,Daemon_Prince,legendary_lord,wh3_main_dae_daemon_prince,general,general,wh3_main_dae_daemon_prince|wh3_main_dae_daemons_qb1,true,false,true,true,false,true,,legendary_lords,wh3_main_skill_node_set_dae_daemon_prince,,1,general,false,false,,,,wh3_main_skill_node_dae_daemon_prince_nurgle_1_1,wh3_main_skill_dae_nurgle_campaign_reduced_attrition,Grimy Terrain,The perils of passing through hostile terrain matter little when the Lord of Decay guides your path.,campaign_disaster.png,1,3,0,0,true,0,3,1,Grimy Terrain,The perils of passing through hostile terrain matter little when the Lord of Decay guides your path.,,,,,,wh_main_effect_force_army_campaign_attrition_all_resistance,Attrition: %+n% casualties suffered from all attrition,,general_to_force_own,-10,campaign,100,false,attrition.png,attrition.png,,,,,,,,,,,,,,,,,,,,,,,character_skill_level_to_effects_junctions_tables,wh3_main_skill_dae_nurgle_campaign_reduced_attrition|wh_main_effect_force_army_campaign_attrition_all_resistance|1|general_to_force_own
effect,warhammer_3,8.1.1,24237342,Daemons of Chaos,daemons_of_chaos,wh3_main_sc_dae_daemons,Daemon Prince,Daemon_Prince,legendary_lord,wh3_main_dae_daemon_prince,general,general,wh3_main_dae_daemon_prince|wh3_main_dae_daemons_qb1,true,false,true,true,false,true,,legendary_lords,wh3_main_skill_node_set_dae_daemon_prince,,1,general,false,false,,,,wh3_main_skill_node_dae_daemon_prince_nurgle_1_1,wh3_main_skill_dae_nurgle_campaign_reduced_attrition,Grimy Terrain,The perils of passing through hostile terrain matter little when the Lord of Decay guides your path.,campaign_disaster.png,1,3,0,0,true,0,3,2,Grimy Terrain,The perils of passing through hostile terrain matter little when the Lord of Decay guides your path.,,,,,,wh_main_effect_force_army_campaign_attrition_all_resistance,Attrition: %+n% casualties suffered from all attrition,,general_to_force_own,-20,campaign,100,false,attrition.png,attrition.png,,,,,,,,,,,,,,,,,,,,,,,character_skill_level_to_effects_junctions_tables,wh3_main_skill_dae_nurgle_campaign_reduced_attrition|wh_main_effect_force_army_campaign_attrition_all_resistance|2|general_to_force_own
effect,warhammer_3,8.1.1,24237342,Daemons of Chaos,daemons_of_chaos,wh3_main_sc_dae_daemons,Daemon Prince,Daemon_Prince,legendary_lord,wh3_main_dae_daemon_prince,general,general,wh3_main_dae_daemon_prince|wh3_main_dae_daemons_qb1,true,false,true,true,false,true,,legendary_lords,wh3_main_skill_node_set_dae_daemon_prince,,1,general,false,false,,,,wh3_main_skill_node_dae_daemon_prince_nurgle_1_1,wh3_main_skill_dae_nurgle_campaign_reduced_attrition,Grimy Terrain,The perils of passing through hostile terrain matter little when the Lord of Decay guides your path.,campaign_disaster.png,1,3,0,0,true,0,3,3,Grimy Terrain,The perils of passing through hostile terrain matter little when the Lord of Decay guides your path.,,,,,,wh_main_effect_force_army_campaign_attrition_all_resistance,Attrition: %+n% casualties suffered from all attrition,,general_to_force_own,-30,campaign,100,false,attrition.png,attrition.png,,,,,,,,,,,,,,,,,,,,,,,character_skill_level_to_effects_junctions_tables,wh3_main_skill_dae_nurgle_campaign_reduced_attrition|wh_main_effect_force_army_campaign_attrition_all_resistance|3|general_to_force_own
node,warhammer_3,8.1.1,24237342,Daemons of Chaos,daemons_of_chaos,wh3_main_sc_dae_daemons,Daemon Prince,Daemon_Prince,legendary_lord,wh3_main_dae_daemon_prince,general,general,wh3_main_dae_daemon_prince|wh3_main_dae_daemons_qb1,true,false,true,true,false,true,,legendary_lords,wh3_main_skill_node_set_dae_daemon_prince,,1,general,false,false,,,,wh3_main_skill_node_dae_daemon_prince_slaanesh_1_1,wh3_main_skill_dae_slaanesh_campaign_recruitment_cost,Beguiling,Few need much persuasion to serve the Prince of Pleasure; the draw of pursuing one's every debased fantasy often proves too tempting to resist.,campaign_military_spending.png,1,4,0,0,true,0,3,,,,,,,,,,,,,,,,,,,,,,,,,,,,,,,,,,,,,,,,,character_skill_nodes_tables,wh3_main_skill_node_dae_daemon_prince_slaanesh_1_1
effect,warhammer_3,8.1.1,24237342,Daemons of Chaos,daemons_of_chaos,wh3_main_sc_dae_daemons,Daemon Prince,Daemon_Prince,legendary_lord,wh3_main_dae_daemon_prince,general,general,wh3_main_dae_daemon_prince|wh3_main_dae_daemons_qb1,true,false,true,true,false,true,,legendary_lords,wh3_main_skill_node_set_dae_daemon_prince,,1,general,false,false,,,,wh3_main_skill_node_dae_daemon_prince_slaanesh_1_1,wh3_main_skill_dae_slaanesh_campaign_recruitment_cost,Beguiling,Few need much persuasion to serve the Prince of Pleasure; the draw of pursuing one's every debased fantasy often proves too tempting to resist.,campaign_military_spending.png,1,4,0,0,true,0,3,1,Beguiling,Few need much persuasion to serve the Prince of Pleasure; the draw of pursuing one's every debased fantasy often proves too tempting to resist.,,,,,,wh_main_effect_force_all_campaign_recruitment_cost_all,Recruitment cost: %+n%,,general_to_force_own,-3,campaign,106,false,treasury.png,treasury.png,,,,,,,,,,,,,,,,,,,,,,,character_skill_level_to_effects_junctions_tables,wh3_main_skill_dae_slaanesh_campaign_recruitment_cost|wh_main_effect_force_all_campaign_recruitment_cost_all|1|general_to_force_own
effect,warhammer_3,8.1.1,24237342,Daemons of Chaos,daemons_of_chaos,wh3_main_sc_dae_daemons,Daemon Prince,Daemon_Prince,legendary_lord,wh3_main_dae_daemon_prince,general,general,wh3_main_dae_daemon_prince|wh3_main_dae_daemons_qb1,true,false,true,true,false,true,,legendary_lords,wh3_main_skill_node_set_dae_daemon_prince,,1,general,false,false,,,,wh3_main_skill_node_dae_daemon_prince_slaanesh_1_1,wh3_main_skill_dae_slaanesh_campaign_recruitment_cost,Beguiling,Few need much persuasion to serve the Prince of Pleasure; the draw of pursuing one's every debased fantasy often proves too tempting to resist.,campaign_military_spending.png,1,4,0,0,true,0,3,2,Beguiling,Few need much persuasion to serve the Prince of Pleasure; the draw of pursuing one's every debased fantasy often proves too tempting to resist.,,,,,,wh_main_effect_force_all_campaign_recruitment_cost_all,Recruitment cost: %+n%,,general_to_force_own,-8,campaign,106,false,treasury.png,treasury.png,,,,,,,,,,,,,,,,,,,,,,,character_skill_level_to_effects_junctions_tables,wh3_main_skill_dae_slaanesh_campaign_recruitment_cost|wh_main_effect_force_all_campaign_recruitment_cost_all|2|general_to_force_own
effect,warhammer_3,8.1.1,24237342,Daemons of Chaos,daemons_of_chaos,wh3_main_sc_dae_daemons,Daemon Prince,Daemon_Prince,legendary_lord,wh3_main_dae_daemon_prince,general,general,wh3_main_dae_daemon_prince|wh3_main_dae_daemons_qb1,true,false,true,true,false,true,,legendary_lords,wh3_main_skill_node_set_dae_daemon_prince,,1,general,false,false,,,,wh3_main_skill_node_dae_daemon_prince_slaanesh_1_1,wh3_main_skill_dae_slaanesh_campaign_recruitment_cost,Beguiling,Few need much persuasion to serve the Prince of Pleasure; the draw of pursuing one's every debased fantasy often proves too tempting to resist.,campaign_military_spending.png,1,4,0,0,true,0,3,3,Beguiling,Few need much persuasion to serve the Prince of Pleasure; the draw of pursuing one's every debased fantasy often proves too tempting to resist.,,,,,,wh_main_effect_force_all_campaign_recruitment_cost_all,Recruitment cost: %+n%,,general_to_force_own,-15,campaign,106,false,treasury.png,treasury.png,,,,,,,,,,,,,,,,,,,,,,,character_skill_level_to_effects_junctions_tables,wh3_main_skill_dae_slaanesh_campaign_recruitment_cost|wh_main_effect_force_all_campaign_recruitment_cost_all|3|general_to_force_own
node,warhammer_3,8.1.1,24237342,Daemons of Chaos,daemons_of_chaos,wh3_main_sc_dae_daemons,Daemon Prince,Daemon_Prince,legendary_lord,wh3_main_dae_daemon_prince,general,general,wh3_main_dae_daemon_prince|wh3_main_dae_daemons_qb1,true,false,true,true,false,true,,legendary_lords,wh3_main_skill_node_set_dae_daemon_prince,,1,general,false,false,,,,wh3_main_skill_node_dae_daemon_prince_tzeentch_1_1,wh3_main_skill_dae_tzeentch_campaign_delay_reinforcements,Reinforcer,"Allies of the Raven God lurk in every corner of the map, ready to change the tide of war from any direction.",campaign_army.png,1,5,0,0,true,0,3,,,,,,,,,,,,,,,,,,,,,,,,,,,,,,,,,,,,,,,,,character_skill_nodes_tables,wh3_main_skill_node_dae_daemon_prince_tzeentch_1_1
effect,warhammer_3,8.1.1,24237342,Daemons of Chaos,daemons_of_chaos,wh3_main_sc_dae_daemons,Daemon Prince,Daemon_Prince,legendary_lord,wh3_main_dae_daemon_prince,general,general,wh3_main_dae_daemon_prince|wh3_main_dae_daemons_qb1,true,false,true,true,false,true,,legendary_lords,wh3_main_skill_node_set_dae_daemon_prince,,1,general,false,false,,,,wh3_main_skill_node_dae_daemon_prince_tzeentch_1_1,wh3_main_skill_dae_tzeentch_campaign_delay_reinforcements,Reinforcer,"Allies of the Raven God lurk in every corner of the map, ready to change the tide of war from any direction.",campaign_army.png,1,5,0,0,true,0,3,1,Reinforcer,"Allies of the Raven God lurk in every corner of the map, ready to change the tide of war from any direction.",,,,,,wh3_main_skill_tze_kairos_reinforcements,Reinforcement marker move cost reduction: %+n%,,character_to_faction,-25,campaign,5,false,military.png,military.png,,,,,,,,,,,,,,,,,,,,,,,character_skill_level_to_effects_junctions_tables,wh3_main_skill_dae_tzeentch_campaign_delay_reinforcements|wh3_main_skill_tze_kairos_reinforcements|1|character_to_faction
effect,warhammer_3,8.1.1,24237342,Daemons of Chaos,daemons_of_chaos,wh3_main_sc_dae_daemons,Daemon Prince,Daemon_Prince,legendary_lord,wh3_main_dae_daemon_prince,general,general,wh3_main_dae_daemon_prince|wh3_main_dae_daemons_qb1,true,false,true,true,false,true,,legendary_lords,wh3_main_skill_node_set_dae_daemon_prince,,1,general,false,false,,,,wh3_main_skill_node_dae_daemon_prince_tzeentch_1_1,wh3_main_skill_dae_tzeentch_campaign_delay_reinforcements,Reinforcer,"Allies of the Raven God lurk in every corner of the map, ready to change the tide of war from any direction.",campaign_army.png,1,5,0,0,true,0,3,2,Reinforcer,"Allies of the Raven God lurk in every corner of the map, ready to change the tide of war from any direction.",,,,,,wh3_main_skill_tze_kairos_reinforcements,Reinforcement marker move cost reduction: %+n%,,character_to_faction,-50,campaign,5,false,military.png,military.png,,,,,,,,,,,,,,,,,,,,,,,character_skill_level_to_effects_junctions_tables,wh3_main_skill_dae_tzeentch_campaign_delay_reinforcements|wh3_main_skill_tze_kairos_reinforcements|2|character_to_faction
effect,warhammer_3,8.1.1,24237342,Daemons of Chaos,daemons_of_chaos,wh3_main_sc_dae_daemons,Daemon Prince,Daemon_Prince,legendary_lord,wh3_main_dae_daemon_prince,general,general,wh3_main_dae_daemon_prince|wh3_main_dae_daemons_qb1,true,false,true,true,false,true,,legendary_lords,wh3_main_skill_node_set_dae_daemon_prince,,1,general,false,false,,,,wh3_main_skill_node_dae_daemon_prince_tzeentch_1_1,wh3_main_skill_dae_tzeentch_campaign_delay_reinforcements,Reinforcer,"Allies of the Raven God lurk in every corner of the map, ready to change the tide of war from any direction.",campaign_army.png,1,5,0,0,true,0,3,3,Reinforcer,"Allies of the Raven God lurk in every corner of the map, ready to change the tide of war from any direction.",,,,,,wh3_main_skill_tze_kairos_reinforcements,Reinforcement marker move cost reduction: %+n%,,character_to_faction,-75,campaign,5,false,military.png,military.png,,,,,,,,,,,,,,,,,,,,,,,character_skill_level_to_effects_junctions_tables,wh3_main_skill_dae_tzeentch_campaign_delay_reinforcements|wh3_main_skill_tze_kairos_reinforcements|3|character_to_faction
node,warhammer_3,8.1.1,24237342,Daemons of Chaos,daemons_of_chaos,wh3_main_sc_dae_daemons,Daemon Prince,Daemon_Prince,legendary_lord,wh3_main_dae_daemon_prince,general,general,wh3_main_dae_daemon_prince|wh3_main_dae_daemons_qb1,true,false,true,true,false,true,,legendary_lords,wh3_main_skill_node_set_dae_daemon_prince,,1,general,false,false,,,,wh3_main_skill_node_dae_daemon_prince_undivided_1_2,wh3_main_skill_dae_undivided_campaign_growth,Growing Chaos,"The provinces shall bloat with wonderous corruption, expanding amidst the glory of success.",campaign_growth.png,2,1,0,0,true,0,3,,,,,,,,,,,,,,,,,,,,,,,,,,,,,,,,,,,,,,,,,character_skill_nodes_tables,wh3_main_skill_node_dae_daemon_prince_undivided_1_2
effect,warhammer_3,8.1.1,24237342,Daemons of Chaos,daemons_of_chaos,wh3_main_sc_dae_daemons,Daemon Prince,Daemon_Prince,legendary_lord,wh3_main_dae_daemon_prince,general,general,wh3_main_dae_daemon_prince|wh3_main_dae_daemons_qb1,true,false,true,true,false,true,,legendary_lords,wh3_main_skill_node_set_dae_daemon_prince,,1,general,false,false,,,,wh3_main_skill_node_dae_daemon_prince_undivided_1_2,wh3_main_skill_dae_undivided_campaign_growth,Growing Chaos,"The provinces shall bloat with wonderous corruption, expanding amidst the glory of success.",campaign_growth.png,2,1,0,0,true,0,3,1,Growing Chaos,"The provinces shall bloat with wonderous corruption, expanding amidst the glory of success.",,,,,,wh_main_effect_province_growth_characters,Growth: %+n,,character_to_province_own,8,campaign,30,true,growth.png,growth.png,,,,,,,,,,,,,,,,,,,,,,,character_skill_level_to_effects_junctions_tables,wh3_main_skill_dae_undivided_campaign_growth|wh_main_effect_province_growth_characters|1|character_to_province_own
effect,warhammer_3,8.1.1,24237342,Daemons of Chaos,daemons_of_chaos,wh3_main_sc_dae_daemons,Daemon Prince,Daemon_Prince,legendary_lord,wh3_main_dae_daemon_prince,general,general,wh3_main_dae_daemon_prince|wh3_main_dae_daemons_qb1,true,false,true,true,false,true,,legendary_lords,wh3_main_skill_node_set_dae_daemon_prince,,1,general,false,false,,,,wh3_main_skill_node_dae_daemon_prince_undivided_1_2,wh3_main_skill_dae_undivided_campaign_growth,Growing Chaos,"The provinces shall bloat with wonderous corruption, expanding amidst the glory of success.",campaign_growth.png,2,1,0,0,true,0,3,2,Growing Chaos,"The provinces shall bloat with wonderous corruption, expanding amidst the glory of success.",,,,,,wh_main_effect_province_growth_characters,Growth: %+n,,character_to_province_own,20,campaign,30,true,growth.png,growth.png,,,,,,,,,,,,,,,,,,,,,,,character_skill_level_to_effects_junctions_tables,wh3_main_skill_dae_undivided_campaign_growth|wh_main_effect_province_growth_characters|2|character_to_province_own
effect,warhammer_3,8.1.1,24237342,Daemons of Chaos,daemons_of_chaos,wh3_main_sc_dae_daemons,Daemon Prince,Daemon_Prince,legendary_lord,wh3_main_dae_daemon_prince,general,general,wh3_main_dae_daemon_prince|wh3_main_dae_daemons_qb1,true,false,true,true,false,true,,legendary_lords,wh3_main_skill_node_set_dae_daemon_prince,,1,general,false,false,,,,wh3_main_skill_node_dae_daemon_prince_undivided_1_2,wh3_main_skill_dae_undivided_campaign_growth,Growing Chaos,"The provinces shall bloat with wonderous corruption, expanding amidst the glory of success.",campaign_growth.png,2,1,0,0,true,0,3,3,Growing Chaos,"The provinces shall bloat with wonderous corruption, expanding amidst the glory of success.",,,,,,wh_main_effect_province_growth_characters,Growth: %+n,,character_to_province_own,36,campaign,30,true,growth.png,growth.png,,,,,,,,,,,,,,,,,,,,,,,character_skill_level_to_effects_junctions_tables,wh3_main_skill_dae_undivided_campaign_growth|wh_main_effect_province_growth_characters|3|character_to_province_own
node,warhammer_3,8.1.1,24237342,Daemons of Chaos,daemons_of_chaos,wh3_main_sc_dae_daemons,Daemon Prince,Daemon_Prince,legendary_lord,wh3_main_dae_daemon_prince,general,general,wh3_main_dae_daemon_prince|wh3_main_dae_daemons_qb1,true,false,true,true,false,true,,legendary_lords,wh3_main_skill_node_set_dae_daemon_prince,,1,general,false,false,,,,wh3_main_skill_node_dae_daemon_prince_khorne_1_2,wh3_main_skill_dae_khorne_campaign_razing_income,Destroyer,Khorne thrives in the wake of wanton destruction; let the towns and cities of his foes burn to the ground around them.,campaign_military_spending.png,2,2,0,0,true,0,3,,,,,,,,,,,,,,,,,,,,,,,,,,,,,,,,,,,,,,,,,character_skill_nodes_tables,wh3_main_skill_node_dae_daemon_prince_khorne_1_2
effect,warhammer_3,8.1.1,24237342,Daemons of Chaos,daemons_of_chaos,wh3_main_sc_dae_daemons,Daemon Prince,Daemon_Prince,legendary_lord,wh3_main_dae_daemon_prince,general,general,wh3_main_dae_daemon_prince|wh3_main_dae_daemons_qb1,true,false,true,true,false,true,,legendary_lords,wh3_main_skill_node_set_dae_daemon_prince,,1,general,false,false,,,,wh3_main_skill_node_dae_daemon_prince_khorne_1_2,wh3_main_skill_dae_khorne_campaign_razing_income,Destroyer,Khorne thrives in the wake of wanton destruction; let the towns and cities of his foes burn to the ground around them.,campaign_military_spending.png,2,2,0,0,true,0,3,1,Destroyer,Khorne thrives in the wake of wanton destruction; let the towns and cities of his foes burn to the ground around them.,,,,,,wh_main_effect_force_all_campaign_sacking_income,Income from sacking settlements: %+n%,,character_to_character_own_armytext,5,campaign,108,true,income.png,income.png,,,,,,,,,,,,,,,,,,,,,,,character_skill_level_to_effects_junctions_tables,wh3_main_skill_dae_khorne_campaign_razing_income|wh_main_effect_force_all_campaign_sacking_income|1|character_to_character_own_armytext
effect,warhammer_3,8.1.1,24237342,Daemons of Chaos,daemons_of_chaos,wh3_main_sc_dae_daemons,Daemon Prince,Daemon_Prince,legendary_lord,wh3_main_dae_daemon_prince,general,general,wh3_main_dae_daemon_prince|wh3_main_dae_daemons_qb1,true,false,true,true,false,true,,legendary_lords,wh3_main_skill_node_set_dae_daemon_prince,,1,general,false,false,,,,wh3_main_skill_node_dae_daemon_prince_khorne_1_2,wh3_main_skill_dae_khorne_campaign_razing_income,Destroyer,Khorne thrives in the wake of wanton destruction; let the towns and cities of his foes burn to the ground around them.,campaign_military_spending.png,2,2,0,0,true,0,3,2,Destroyer,Khorne thrives in the wake of wanton destruction; let the towns and cities of his foes burn to the ground around them.,,,,,,wh_main_effect_force_all_campaign_sacking_income,Income from sacking settlements: %+n%,,character_to_character_own_armytext,10,campaign,108,true,income.png,income.png,,,,,,,,,,,,,,,,,,,,,,,character_skill_level_to_effects_junctions_tables,wh3_main_skill_dae_khorne_campaign_razing_income|wh_main_effect_force_all_campaign_sacking_income|2|character_to_character_own_armytext
effect,warhammer_3,8.1.1,24237342,Daemons of Chaos,daemons_of_chaos,wh3_main_sc_dae_daemons,Daemon Prince,Daemon_Prince,legendary_lord,wh3_main_dae_daemon_prince,general,general,wh3_main_dae_daemon_prince|wh3_main_dae_daemons_qb1,true,false,true,true,false,true,,legendary_lords,wh3_main_skill_node_set_dae_daemon_prince,,1,general,false,false,,,,wh3_main_skill_node_dae_daemon_prince_khorne_1_2,wh3_main_skill_dae_khorne_campaign_razing_income,Destroyer,Khorne thrives in the wake of wanton destruction; let the towns and cities of his foes burn to the ground around them.,campaign_military_spending.png,2,2,0,0,true,0,3,3,Destroyer,Khorne thrives in the wake of wanton destruction; let the towns and cities of his foes burn to the ground around them.,,,,,,wh_main_effect_force_all_campaign_sacking_income,Income from sacking settlements: %+n%,,character_to_character_own_armytext,15,campaign,108,true,income.png,income.png,,,,,,,,,,,,,,,,,,,,,,,character_skill_level_to_effects_junctions_tables,wh3_main_skill_dae_khorne_campaign_razing_income|wh_main_effect_force_all_campaign_sacking_income|3|character_to_character_own_armytext
node,warhammer_3,8.1.1,24237342,Daemons of Chaos,daemons_of_chaos,wh3_main_sc_dae_daemons,Daemon Prince,Daemon_Prince,legendary_lord,wh3_main_dae_daemon_prince,general,general,wh3_main_dae_daemon_prince|wh3_main_dae_daemons_qb1,true,false,true,true,false,true,,legendary_lords,wh3_main_skill_node_set_dae_daemon_prince,,1,general,false,false,,,,wh3_main_skill_node_dae_daemon_prince_nurgle_1_2,wh3_main_skill_dae_nurgle_campaign_replenishment,Rotting Nourishment,"Disease and decay ravage the corpses littering every battlefield, reinforcing the blighted warriors of Nurgle.",campaign_replenishment.png,2,3,0,0,true,0,3,,,,,,,,,,,,,,,,,,,,,,,,,,,,,,,,,,,,,,,,,character_skill_nodes_tables,wh3_main_skill_node_dae_daemon_prince_nurgle_1_2
effect,warhammer_3,8.1.1,24237342,Daemons of Chaos,daemons_of_chaos,wh3_main_sc_dae_daemons,Daemon Prince,Daemon_Prince,legendary_lord,wh3_main_dae_daemon_prince,general,general,wh3_main_dae_daemon_prince|wh3_main_dae_daemons_qb1,true,false,true,true,false,true,,legendary_lords,wh3_main_skill_node_set_dae_daemon_prince,,1,general,false,false,,,,wh3_main_skill_node_dae_daemon_prince_nurgle_1_2,wh3_main_skill_dae_nurgle_campaign_replenishment,Rotting Nourishment,"Disease and decay ravage the corpses littering every battlefield, reinforcing the blighted warriors of Nurgle.",campaign_replenishment.png,2,3,0,0,true,0,3,1,Rotting Nourishment,"Disease and decay ravage the corpses littering every battlefield, reinforcing the blighted warriors of Nurgle.",,,,,,wh_main_effect_force_all_campaign_replenishment_rate,Casualty replenishment rate: %+n%,{{tr:replenishment_additional_tooltip}},general_to_force_own,2,campaign,101,true,replenishment.png,replenishment.png,,,,,,,,,,,,,,,,,,,,,,,character_skill_level_to_effects_junctions_tables,wh3_main_skill_dae_nurgle_campaign_replenishment|wh_main_effect_force_all_campaign_replenishment_rate|1|general_to_force_own
effect,warhammer_3,8.1.1,24237342,Daemons of Chaos,daemons_of_chaos,wh3_main_sc_dae_daemons,Daemon Prince,Daemon_Prince,legendary_lord,wh3_main_dae_daemon_prince,general,general,wh3_main_dae_daemon_prince|wh3_main_dae_daemons_qb1,true,false,true,true,false,true,,legendary_lords,wh3_main_skill_node_set_dae_daemon_prince,,1,general,false,false,,,,wh3_main_skill_node_dae_daemon_prince_nurgle_1_2,wh3_main_skill_dae_nurgle_campaign_replenishment,Rotting Nourishment,"Disease and decay ravage the corpses littering every battlefield, reinforcing the blighted warriors of Nurgle.",campaign_replenishment.png,2,3,0,0,true,0,3,1,Rotting Nourishment,"Disease and decay ravage the corpses littering every battlefield, reinforcing the blighted warriors of Nurgle.",,,,,,wh3_dlc26_effect_daemon_nur_post_battle_unit_saving_hp,Daemons Reforged: %+n% hit points for destroyed Daemons of Nurgle units restored after battle,,general_to_force_own,5,campaign,101,true,replenishment.png,replenishment.png,,,,,,,,,,,,,,,,,,,,,,,character_skill_level_to_effects_junctions_tables,wh3_main_skill_dae_nurgle_campaign_replenishment|wh3_dlc26_effect_daemon_nur_post_battle_unit_saving_hp|1|general_to_force_own
effect,warhammer_3,8.1.1,24237342,Daemons of Chaos,daemons_of_chaos,wh3_main_sc_dae_daemons,Daemon Prince,Daemon_Prince,legendary_lord,wh3_main_dae_daemon_prince,general,general,wh3_main_dae_daemon_prince|wh3_main_dae_daemons_qb1,true,false,true,true,false,true,,legendary_lords,wh3_main_skill_node_set_dae_daemon_prince,,1,general,false,false,,,,wh3_main_skill_node_dae_daemon_prince_nurgle_1_2,wh3_main_skill_dae_nurgle_campaign_replenishment,Rotting Nourishment,"Disease and decay ravage the corpses littering every battlefield, reinforcing the blighted warriors of Nurgle.",campaign_replenishment.png,2,3,0,0,true,0,3,2,Rotting Nourishment,"Disease and decay ravage the corpses littering every battlefield, reinforcing the blighted warriors of Nurgle.",,,,,,wh_main_effect_force_all_campaign_replenishment_rate,Casualty replenishment rate: %+n%,{{tr:replenishment_additional_tooltip}},general_to_force_own,4,campaign,101,true,replenishment.png,replenishment.png,,,,,,,,,,,,,,,,,,,,,,,character_skill_level_to_effects_junctions_tables,wh3_main_skill_dae_nurgle_campaign_replenishment|wh_main_effect_force_all_campaign_replenishment_rate|2|general_to_force_own
effect,warhammer_3,8.1.1,24237342,Daemons of Chaos,daemons_of_chaos,wh3_main_sc_dae_daemons,Daemon Prince,Daemon_Prince,legendary_lord,wh3_main_dae_daemon_prince,general,general,wh3_main_dae_daemon_prince|wh3_main_dae_daemons_qb1,true,false,true,true,false,true,,legendary_lords,wh3_main_skill_node_set_dae_daemon_prince,,1,general,false,false,,,,wh3_main_skill_node_dae_daemon_prince_nurgle_1_2,wh3_main_skill_dae_nurgle_campaign_replenishment,Rotting Nourishment,"Disease and decay ravage the corpses littering every battlefield, reinforcing the blighted warriors of Nurgle.",campaign_replenishment.png,2,3,0,0,true,0,3,2,Rotting Nourishment,"Disease and decay ravage the corpses littering every battlefield, reinforcing the blighted warriors of Nurgle.",,,,,,wh3_dlc26_effect_daemon_nur_post_battle_unit_saving_hp,Daemons Reforged: %+n% hit points for destroyed Daemons of Nurgle units restored after battle,,general_to_force_own,10,campaign,101,true,replenishment.png,replenishment.png,,,,,,,,,,,,,,,,,,,,,,,character_skill_level_to_effects_junctions_tables,wh3_main_skill_dae_nurgle_campaign_replenishment|wh3_dlc26_effect_daemon_nur_post_battle_unit_saving_hp|2|general_to_force_own
effect,warhammer_3,8.1.1,24237342,Daemons of Chaos,daemons_of_chaos,wh3_main_sc_dae_daemons,Daemon Prince,Daemon_Prince,legendary_lord,wh3_main_dae_daemon_prince,general,general,wh3_main_dae_daemon_prince|wh3_main_dae_daemons_qb1,true,false,true,true,false,true,,legendary_lords,wh3_main_skill_node_set_dae_daemon_prince,,1,general,false,false,,,,wh3_main_skill_node_dae_daemon_prince_nurgle_1_2,wh3_main_skill_dae_nurgle_campaign_replenishment,Rotting Nourishment,"Disease and decay ravage the corpses littering every battlefield, reinforcing the blighted warriors of Nurgle.",campaign_replenishment.png,2,3,0,0,true,0,3,3,Rotting Nourishment,"Disease and decay ravage the corpses littering every battlefield, reinforcing the blighted warriors of Nurgle.",,,,,,wh_main_effect_force_all_campaign_replenishment_rate,Casualty replenishment rate: %+n%,{{tr:replenishment_additional_tooltip}},general_to_force_own,6,campaign,101,true,replenishment.png,replenishment.png,,,,,,,,,,,,,,,,,,,,,,,character_skill_level_to_effects_junctions_tables,wh3_main_skill_dae_nurgle_campaign_replenishment|wh_main_effect_force_all_campaign_replenishment_rate|3|general_to_force_own
effect,warhammer_3,8.1.1,24237342,Daemons of Chaos,daemons_of_chaos,wh3_main_sc_dae_daemons,Daemon Prince,Daemon_Prince,legendary_lord,wh3_main_dae_daemon_prince,general,general,wh3_main_dae_daemon_prince|wh3_main_dae_daemons_qb1,true,false,true,true,false,true,,legendary_lords,wh3_main_skill_node_set_dae_daemon_prince,,1,general,false,false,,,,wh3_main_skill_node_dae_daemon_prince_nurgle_1_2,wh3_main_skill_dae_nurgle_campaign_replenishment,Rotting Nourishment,"Disease and decay ravage the corpses littering every battlefield, reinforcing the blighted warriors of Nurgle.",campaign_replenishment.png,2,3,0,0,true,0,3,3,Rotting Nourishment,"Disease and decay ravage the corpses littering every battlefield, reinforcing the blighted warriors of Nurgle.",,,,,,wh3_dlc26_effect_daemon_nur_post_battle_unit_saving_hp,Daemons Reforged: %+n% hit points for destroyed Daemons of Nurgle units restored after battle,,general_to_force_own,15,campaign,101,true,replenishment.png,replenishment.png,,,,,,,,,,,,,,,,,,,,,,,character_skill_level_to_effects_junctions_tables,wh3_main_skill_dae_nurgle_campaign_replenishment|wh3_dlc26_effect_daemon_nur_post_battle_unit_saving_hp|3|general_to_force_own
node,warhammer_3,8.1.1,24237342,Daemons of Chaos,daemons_of_chaos,wh3_main_sc_dae_daemons,Daemon Prince,Daemon_Prince,legendary_lord,wh3_main_dae_daemon_prince,general,general,wh3_main_dae_daemon_prince|wh3_main_dae_daemons_qb1,true,false,true,true,false,true,,legendary_lords,wh3_main_skill_node_set_dae_daemon_prince,,1,general,false,false,,,,wh3_main_skill_node_dae_daemon_prince_slaanesh_1_2,wh3_main_skill_dae_slaanesh_campaign_hero_success_chance,Grace & Guile,The Dark Prince rejoices to see such Chaos sown amongst his foes.,campaign_agent.png,2,4,0,0,true,0,3,,,,,,,,,,,,,,,,,,,,,,,,,,,,,,,,,,,,,,,,,character_skill_nodes_tables,wh3_main_skill_node_dae_daemon_prince_slaanesh_1_2
effect,warhammer_3,8.1.1,24237342,Daemons of Chaos,daemons_of_chaos,wh3_main_sc_dae_daemons,Daemon Prince,Daemon_Prince,legendary_lord,wh3_main_dae_daemon_prince,general,general,wh3_main_dae_daemon_prince|wh3_main_dae_daemons_qb1,true,false,true,true,false,true,,legendary_lords,wh3_main_skill_node_set_dae_daemon_prince,,1,general,false,false,,,,wh3_main_skill_node_dae_daemon_prince_slaanesh_1_2,wh3_main_skill_dae_slaanesh_campaign_hero_success_chance,Grace & Guile,The Dark Prince rejoices to see such Chaos sown amongst his foes.,campaign_agent.png,2,4,0,0,true,0,3,1,Grace & Guile,The Dark Prince rejoices to see such Chaos sown amongst his foes.,,,,,,wh_main_effect_agent_action_success_chance,Hero action success chance: %+n%,,character_to_character_own_factionwide_heroes,3,campaign,101,true,agent.png,agent.png,,,,,,,,,,,,,,,,,,,,,,,character_skill_level_to_effects_junctions_tables,wh3_main_skill_dae_slaanesh_campaign_hero_success_chance|wh_main_effect_agent_action_success_chance|1|character_to_character_own_factionwide_heroes
effect,warhammer_3,8.1.1,24237342,Daemons of Chaos,daemons_of_chaos,wh3_main_sc_dae_daemons,Daemon Prince,Daemon_Prince,legendary_lord,wh3_main_dae_daemon_prince,general,general,wh3_main_dae_daemon_prince|wh3_main_dae_daemons_qb1,true,false,true,true,false,true,,legendary_lords,wh3_main_skill_node_set_dae_daemon_prince,,1,general,false,false,,,,wh3_main_skill_node_dae_daemon_prince_slaanesh_1_2,wh3_main_skill_dae_slaanesh_campaign_hero_success_chance,Grace & Guile,The Dark Prince rejoices to see such Chaos sown amongst his foes.,campaign_agent.png,2,4,0,0,true,0,3,2,Grace & Guile,The Dark Prince rejoices to see such Chaos sown amongst his foes.,,,,,,wh_main_effect_agent_action_success_chance,Hero action success chance: %+n%,,character_to_character_own_factionwide_heroes,6,campaign,101,true,agent.png,agent.png,,,,,,,,,,,,,,,,,,,,,,,character_skill_level_to_effects_junctions_tables,wh3_main_skill_dae_slaanesh_campaign_hero_success_chance|wh_main_effect_agent_action_success_chance|2|character_to_character_own_factionwide_heroes
effect,warhammer_3,8.1.1,24237342,Daemons of Chaos,daemons_of_chaos,wh3_main_sc_dae_daemons,Daemon Prince,Daemon_Prince,legendary_lord,wh3_main_dae_daemon_prince,general,general,wh3_main_dae_daemon_prince|wh3_main_dae_daemons_qb1,true,false,true,true,false,true,,legendary_lords,wh3_main_skill_node_set_dae_daemon_prince,,1,general,false,false,,,,wh3_main_skill_node_dae_daemon_prince_slaanesh_1_2,wh3_main_skill_dae_slaanesh_campaign_hero_success_chance,Grace & Guile,The Dark Prince rejoices to see such Chaos sown amongst his foes.,campaign_agent.png,2,4,0,0,true,0,3,3,Grace & Guile,The Dark Prince rejoices to see such Chaos sown amongst his foes.,,,,,,wh_main_effect_agent_action_success_chance,Hero action success chance: %+n%,,character_to_character_own_factionwide_heroes,12,campaign,101,true,agent.png,agent.png,,,,,,,,,,,,,,,,,,,,,,,character_skill_level_to_effects_junctions_tables,wh3_main_skill_dae_slaanesh_campaign_hero_success_chance|wh_main_effect_agent_action_success_chance|3|character_to_character_own_factionwide_heroes
node,warhammer_3,8.1.1,24237342,Daemons of Chaos,daemons_of_chaos,wh3_main_sc_dae_daemons,Daemon Prince,Daemon_Prince,legendary_lord,wh3_main_dae_daemon_prince,general,general,wh3_main_dae_daemon_prince|wh3_main_dae_daemons_qb1,true,false,true,true,false,true,,legendary_lords,wh3_main_skill_node_set_dae_daemon_prince,,1,general,false,false,,,,wh3_main_skill_node_dae_daemon_prince_tzeentch_1_2,wh3_main_skill_dae_tzeentch_campaign_winds_of_magic,The Great Sorcerer,"The Winds of Magic dance around the Bringer of Change, swirling through the ranks of his Sorcerers, who draw power from its potent energies.",campaign_magic.png,2,5,0,0,true,0,3,,,,,,,,,,,,,,,,,,,,,,,,,,,,,,,,,,,,,,,,,character_skill_nodes_tables,wh3_main_skill_node_dae_daemon_prince_tzeentch_1_2
effect,warhammer_3,8.1.1,24237342,Daemons of Chaos,daemons_of_chaos,wh3_main_sc_dae_daemons,Daemon Prince,Daemon_Prince,legendary_lord,wh3_main_dae_daemon_prince,general,general,wh3_main_dae_daemon_prince|wh3_main_dae_daemons_qb1,true,false,true,true,false,true,,legendary_lords,wh3_main_skill_node_set_dae_daemon_prince,,1,general,false,false,,,,wh3_main_skill_node_dae_daemon_prince_tzeentch_1_2,wh3_main_skill_dae_tzeentch_campaign_winds_of_magic,The Great Sorcerer,"The Winds of Magic dance around the Bringer of Change, swirling through the ranks of his Sorcerers, who draw power from its potent energies.",campaign_magic.png,2,5,0,0,true,0,3,1,The Great Sorcerer,"The Winds of Magic dance around the Bringer of Change, swirling through the ranks of his Sorcerers, who draw power from its potent energies.",,,,,,wh3_main_effect_winds_of_magic_change_chance_mod,Chance of Winds of Magic changing in strength: %+n%,,character_to_region_any_local_province_text,5,campaign,101,true,magic_campaign.png,magic_campaign.png,,,,,,,,,,,,,,,,,,,,,,,character_skill_level_to_effects_junctions_tables,wh3_main_skill_dae_tzeentch_campaign_winds_of_magic|wh3_main_effect_winds_of_magic_change_chance_mod|1|character_to_region_any_local_province_text
effect,warhammer_3,8.1.1,24237342,Daemons of Chaos,daemons_of_chaos,wh3_main_sc_dae_daemons,Daemon Prince,Daemon_Prince,legendary_lord,wh3_main_dae_daemon_prince,general,general,wh3_main_dae_daemon_prince|wh3_main_dae_daemons_qb1,true,false,true,true,false,true,,legendary_lords,wh3_main_skill_node_set_dae_daemon_prince,,1,general,false,false,,,,wh3_main_skill_node_dae_daemon_prince_tzeentch_1_2,wh3_main_skill_dae_tzeentch_campaign_winds_of_magic,The Great Sorcerer,"The Winds of Magic dance around the Bringer of Change, swirling through the ranks of his Sorcerers, who draw power from its potent energies.",campaign_magic.png,2,5,0,0,true,0,3,1,The Great Sorcerer,"The Winds of Magic dance around the Bringer of Change, swirling through the ranks of his Sorcerers, who draw power from its potent energies.",,,,,,wh3_main_effect_winds_of_magic_increase_chance_mod,Chance of Winds of Magic increasing in strength when changing: %+n%,,character_to_region_any_local_province_text,5,campaign,102,true,magic_campaign.png,magic_campaign.png,,,,,,,,,,,,,,,,,,,,,,,character_skill_level_to_effects_junctions_tables,wh3_main_skill_dae_tzeentch_campaign_winds_of_magic|wh3_main_effect_winds_of_magic_increase_chance_mod|1|character_to_region_any_local_province_text
effect,warhammer_3,8.1.1,24237342,Daemons of Chaos,daemons_of_chaos,wh3_main_sc_dae_daemons,Daemon Prince,Daemon_Prince,legendary_lord,wh3_main_dae_daemon_prince,general,general,wh3_main_dae_daemon_prince|wh3_main_dae_daemons_qb1,true,false,true,true,false,true,,legendary_lords,wh3_main_skill_node_set_dae_daemon_prince,,1,general,false,false,,,,wh3_main_skill_node_dae_daemon_prince_tzeentch_1_2,wh3_main_skill_dae_tzeentch_campaign_winds_of_magic,The Great Sorcerer,"The Winds of Magic dance around the Bringer of Change, swirling through the ranks of his Sorcerers, who draw power from its potent energies.",campaign_magic.png,2,5,0,0,true,0,3,2,The Great Sorcerer,"The Winds of Magic dance around the Bringer of Change, swirling through the ranks of his Sorcerers, who draw power from its potent energies.",,,,,,wh3_main_effect_winds_of_magic_change_chance_mod,Chance of Winds of Magic changing in strength: %+n%,,character_to_region_any_local_province_text,10,campaign,101,true,magic_campaign.png,magic_campaign.png,,,,,,,,,,,,,,,,,,,,,,,character_skill_level_to_effects_junctions_tables,wh3_main_skill_dae_tzeentch_campaign_winds_of_magic|wh3_main_effect_winds_of_magic_change_chance_mod|2|character_to_region_any_local_province_text
effect,warhammer_3,8.1.1,24237342,Daemons of Chaos,daemons_of_chaos,wh3_main_sc_dae_daemons,Daemon Prince,Daemon_Prince,legendary_lord,wh3_main_dae_daemon_prince,general,general,wh3_main_dae_daemon_prince|wh3_main_dae_daemons_qb1,true,false,true,true,false,true,,legendary_lords,wh3_main_skill_node_set_dae_daemon_prince,,1,general,false,false,,,,wh3_main_skill_node_dae_daemon_prince_tzeentch_1_2,wh3_main_skill_dae_tzeentch_campaign_winds_of_magic,The Great Sorcerer,"The Winds of Magic dance around the Bringer of Change, swirling through the ranks of his Sorcerers, who draw power from its potent energies.",campaign_magic.png,2,5,0,0,true,0,3,2,The Great Sorcerer,"The Winds of Magic dance around the Bringer of Change, swirling through the ranks of his Sorcerers, who draw power from its potent energies.",,,,,,wh3_main_effect_winds_of_magic_increase_chance_mod,Chance of Winds of Magic increasing in strength when changing: %+n%,,character_to_region_any_local_province_text,10,campaign,102,true,magic_campaign.png,magic_campaign.png,,,,,,,,,,,,,,,,,,,,,,,character_skill_level_to_effects_junctions_tables,wh3_main_skill_dae_tzeentch_campaign_winds_of_magic|wh3_main_effect_winds_of_magic_increase_chance_mod|2|character_to_region_any_local_province_text
effect,warhammer_3,8.1.1,24237342,Daemons of Chaos,daemons_of_chaos,wh3_main_sc_dae_daemons,Daemon Prince,Daemon_Prince,legendary_lord,wh3_main_dae_daemon_prince,general,general,wh3_main_dae_daemon_prince|wh3_main_dae_daemons_qb1,true,false,true,true,false,true,,legendary_lords,wh3_main_skill_node_set_dae_daemon_prince,,1,general,false,false,,,,wh3_main_skill_node_dae_daemon_prince_tzeentch_1_2,wh3_main_skill_dae_tzeentch_campaign_winds_of_magic,The Great Sorcerer,"The Winds of Magic dance around the Bringer of Change, swirling through the ranks of his Sorcerers, who draw power from its potent energies.",campaign_magic.png,2,5,0,0,true,0,3,3,The Great Sorcerer,"The Winds of Magic dance around the Bringer of Change, swirling through the ranks of his Sorcerers, who draw power from its potent energies.",,,,,,wh3_main_effect_winds_of_magic_change_chance_mod,Chance of Winds of Magic changing in strength: %+n%,,character_to_region_any_local_province_text,15,campaign,101,true,magic_campaign.png,magic_campaign.png,,,,,,,,,,,,,,,,,,,,,,,character_skill_level_to_effects_junctions_tables,wh3_main_skill_dae_tzeentch_campaign_winds_of_magic|wh3_main_effect_winds_of_magic_change_chance_mod|3|character_to_region_any_local_province_text
effect,warhammer_3,8.1.1,24237342,Daemons of Chaos,daemons_of_chaos,wh3_main_sc_dae_daemons,Daemon Prince,Daemon_Prince,legendary_lord,wh3_main_dae_daemon_prince,general,general,wh3_main_dae_daemon_prince|wh3_main_dae_daemons_qb1,true,false,true,true,false,true,,legendary_lords,wh3_main_skill_node_set_dae_daemon_prince,,1,general,false,false,,,,wh3_main_skill_node_dae_daemon_prince_tzeentch_1_2,wh3_main_skill_dae_tzeentch_campaign_winds_of_magic,The Great Sorcerer,"The Winds of Magic dance around the Bringer of Change, swirling through the ranks of his Sorcerers, who draw power from its potent energies.",campaign_magic.png,2,5,0,0,true,0,3,3,The Great Sorcerer,"The Winds of Magic dance around the Bringer of Change, swirling through the ranks of his Sorcerers, who draw power from its potent energies.",,,,,,wh3_main_effect_winds_of_magic_increase_chance_mod,Chance of Winds of Magic increasing in strength when changing: %+n%,,character_to_region_any_local_province_text,15,campaign,102,true,magic_campaign.png,magic_campaign.png,,,,,,,,,,,,,,,,,,,,,,,character_skill_level_to_effects_junctions_tables,wh3_main_skill_dae_tzeentch_campaign_winds_of_magic|wh3_main_effect_winds_of_magic_increase_chance_mod|3|character_to_region_any_local_province_text
node,warhammer_3,8.1.1,24237342,Daemons of Chaos,daemons_of_chaos,wh3_main_sc_dae_daemons,Daemon Prince,Daemon_Prince,legendary_lord,wh3_main_dae_daemon_prince,general,general,wh3_main_dae_daemon_prince|wh3_main_dae_daemons_qb1,true,false,true,true,false,true,,legendary_lords,wh3_main_skill_node_set_dae_daemon_prince,,1,general,false,false,,,,wh3_main_skill_node_dae_daemon_prince_undivided_1_3,wh3_main_skill_dae_undivided_campaign_control,Unforgiving Rule,"Chaos grips the local populace with an iron fist, discouraging all disorder lest it tighten and choke.",campaign_public_order.png,3,1,0,0,true,0,3,,,,,,,,,,,,,,,,,,,,,,,,,,,,,,,,,,,,,,,,,character_skill_nodes_tables,wh3_main_skill_node_dae_daemon_prince_undivided_1_3
effect,warhammer_3,8.1.1,24237342,Daemons of Chaos,daemons_of_chaos,wh3_main_sc_dae_daemons,Daemon Prince,Daemon_Prince,legendary_lord,wh3_main_dae_daemon_prince,general,general,wh3_main_dae_daemon_prince|wh3_main_dae_daemons_qb1,true,false,true,true,false,true,,legendary_lords,wh3_main_skill_node_set_dae_daemon_prince,,1,general,false,false,,,,wh3_main_skill_node_dae_daemon_prince_undivided_1_3,wh3_main_skill_dae_undivided_campaign_control,Unforgiving Rule,"Chaos grips the local populace with an iron fist, discouraging all disorder lest it tighten and choke.",campaign_public_order.png,3,1,0,0,true,0,3,1,Unforgiving Rule,"Chaos grips the local populace with an iron fist, discouraging all disorder lest it tighten and choke.",,,,,,wh_main_effect_public_order_characters,{{tr:public_order_effect}}: %+n,,character_to_province_own,1,campaign,6,true,public_order.png,public_order.png,,,,,,,,,,,,,,,,,,,,,,,character_skill_level_to_effects_junctions_tables,wh3_main_skill_dae_undivided_campaign_control|wh_main_effect_public_order_characters|1|character_to_province_own
effect,warhammer_3,8.1.1,24237342,Daemons of Chaos,daemons_of_chaos,wh3_main_sc_dae_daemons,Daemon Prince,Daemon_Prince,legendary_lord,wh3_main_dae_daemon_prince,general,general,wh3_main_dae_daemon_prince|wh3_main_dae_daemons_qb1,true,false,true,true,false,true,,legendary_lords,wh3_main_skill_node_set_dae_daemon_prince,,1,general,false,false,,,,wh3_main_skill_node_dae_daemon_prince_undivided_1_3,wh3_main_skill_dae_undivided_campaign_control,Unforgiving Rule,"Chaos grips the local populace with an iron fist, discouraging all disorder lest it tighten and choke.",campaign_public_order.png,3,1,0,0,true,0,3,2,Unforgiving Rule,"Chaos grips the local populace with an iron fist, discouraging all disorder lest it tighten and choke.",,,,,,wh_main_effect_public_order_characters,{{tr:public_order_effect}}: %+n,,character_to_province_own,2,campaign,6,true,public_order.png,public_order.png,,,,,,,,,,,,,,,,,,,,,,,character_skill_level_to_effects_junctions_tables,wh3_main_skill_dae_undivided_campaign_control|wh_main_effect_public_order_characters|2|character_to_province_own
effect,warhammer_3,8.1.1,24237342,Daemons of Chaos,daemons_of_chaos,wh3_main_sc_dae_daemons,Daemon Prince,Daemon_Prince,legendary_lord,wh3_main_dae_daemon_prince,general,general,wh3_main_dae_daemon_prince|wh3_main_dae_daemons_qb1,true,false,true,true,false,true,,legendary_lords,wh3_main_skill_node_set_dae_daemon_prince,,1,general,false,false,,,,wh3_main_skill_node_dae_daemon_prince_undivided_1_3,wh3_main_skill_dae_undivided_campaign_control,Unforgiving Rule,"Chaos grips the local populace with an iron fist, discouraging all disorder lest it tighten and choke.",campaign_public_order.png,3,1,0,0,true,0,3,3,Unforgiving Rule,"Chaos grips the local populace with an iron fist, discouraging all disorder lest it tighten and choke.",,,,,,wh_main_effect_public_order_characters,{{tr:public_order_effect}}: %+n,,character_to_province_own,3,campaign,6,true,public_order.png,public_order.png,,,,,,,,,,,,,,,,,,,,,,,character_skill_level_to_effects_junctions_tables,wh3_main_skill_dae_undivided_campaign_control|wh_main_effect_public_order_characters|3|character_to_province_own
node,warhammer_3,8.1.1,24237342,Daemons of Chaos,daemons_of_chaos,wh3_main_sc_dae_daemons,Daemon Prince,Daemon_Prince,legendary_lord,wh3_main_dae_daemon_prince,general,general,wh3_main_dae_daemon_prince|wh3_main_dae_daemons_qb1,true,false,true,true,false,true,,legendary_lords,wh3_main_skill_node_set_dae_daemon_prince,,1,general,false,false,,,,wh3_main_skill_node_dae_daemon_prince_khorne_1_3,wh3_main_skill_dae_lord_army_buff_4_1,Unholy Terror Troopers,"When you strike a warrior of Khorne, strike hard and with more strength than you dare, for what doesn't kill them only makes them stronger, and angrier.",battle_armour.png,3,2,0,0,true,0,3,,,,,,,,,,,,,,,,,,,,,,,,,,,,,,,,,,,,,,,,,character_skill_nodes_tables,wh3_main_skill_node_dae_daemon_prince_khorne_1_3
effect,warhammer_3,8.1.1,24237342,Daemons of Chaos,daemons_of_chaos,wh3_main_sc_dae_daemons,Daemon Prince,Daemon_Prince,legendary_lord,wh3_main_dae_daemon_prince,general,general,wh3_main_dae_daemon_prince|wh3_main_dae_daemons_qb1,true,false,true,true,false,true,,legendary_lords,wh3_main_skill_node_set_dae_daemon_prince,,1,general,false,false,,,,wh3_main_skill_node_dae_daemon_prince_khorne_1_3,wh3_main_skill_dae_lord_army_buff_4_1,Unholy Terror Troopers,"When you strike a warrior of Khorne, strike hard and with more strength than you dare, for what doesn't kill them only makes them stronger, and angrier.",battle_armour.png,3,2,0,0,true,0,3,1,Unholy Terror Troopers,"When you strike a warrior of Khorne, strike hard and with more strength than you dare, for what doesn't kill them only makes them stronger, and angrier.",,,,,,wh3_main_effect_force_stat_armour_kho_chaos_warriors_bloodletters,"Armour: %+n for Bloodletters of Khorne, Exalted Bloodletters of Khorne, Marauders of Khorne, Forsaken of Khorne, Blood Shrine of Khorne, Skullreapers, Wrathmongers and Chaos Warriors of Khorne units",,general_to_force_own,6,battle,401,true,armour.png,armour.png,,,,,,,,,,,,,,,,,,,,,,,character_skill_level_to_effects_junctions_tables,wh3_main_skill_dae_lord_army_buff_4_1|wh3_main_effect_force_stat_armour_kho_chaos_warriors_bloodletters|1|general_to_force_own
effect,warhammer_3,8.1.1,24237342,Daemons of Chaos,daemons_of_chaos,wh3_main_sc_dae_daemons,Daemon Prince,Daemon_Prince,legendary_lord,wh3_main_dae_daemon_prince,general,general,wh3_main_dae_daemon_prince|wh3_main_dae_daemons_qb1,true,false,true,true,false,true,,legendary_lords,wh3_main_skill_node_set_dae_daemon_prince,,1,general,false,false,,,,wh3_main_skill_node_dae_daemon_prince_khorne_1_3,wh3_main_skill_dae_lord_army_buff_4_1,Unholy Terror Troopers,"When you strike a warrior of Khorne, strike hard and with more strength than you dare, for what doesn't kill them only makes them stronger, and angrier.",battle_armour.png,3,2,0,0,true,0,3,2,Unholy Terror Troopers,"When you strike a warrior of Khorne, strike hard and with more strength than you dare, for what doesn't kill them only makes them stronger, and angrier.",,,,,,wh3_main_effect_force_stat_armour_kho_chaos_warriors_bloodletters,"Armour: %+n for Bloodletters of Khorne, Exalted Bloodletters of Khorne, Marauders of Khorne, Forsaken of Khorne, Blood Shrine of Khorne, Skullreapers, Wrathmongers and Chaos Warriors of Khorne units",,general_to_force_own,6,battle,401,true,armour.png,armour.png,,,,,,,,,,,,,,,,,,,,,,,character_skill_level_to_effects_junctions_tables,wh3_main_skill_dae_lord_army_buff_4_1|wh3_main_effect_force_stat_armour_kho_chaos_warriors_bloodletters|2|general_to_force_own
effect,warhammer_3,8.1.1,24237342,Daemons of Chaos,daemons_of_chaos,wh3_main_sc_dae_daemons,Daemon Prince,Daemon_Prince,legendary_lord,wh3_main_dae_daemon_prince,general,general,wh3_main_dae_daemon_prince|wh3_main_dae_daemons_qb1,true,false,true,true,false,true,,legendary_lords,wh3_main_skill_node_set_dae_daemon_prince,,1,general,false,false,,,,wh3_main_skill_node_dae_daemon_prince_khorne_1_3,wh3_main_skill_dae_lord_army_buff_4_1,Unholy Terror Troopers,"When you strike a warrior of Khorne, strike hard and with more strength than you dare, for what doesn't kill them only makes them stronger, and angrier.",battle_armour.png,3,2,0,0,true,0,3,2,Unholy Terror Troopers,"When you strike a warrior of Khorne, strike hard and with more strength than you dare, for what doesn't kill them only makes them stronger, and angrier.",,,,,,wh3_main_effect_force_stat_melee_defence_kho_chaos_warriors_bloodletters,"Melee defence: %+n for Bloodletters of Khorne, Exalted Bloodletters of Khorne, Marauders of Khorne, Forsaken of Khorne, Blood Shrine of Khorne, Skullreapers, Wrathmongers and Chaos Warriors of Khorne units",,general_to_force_own,4,battle,451,true,defence.png,defence.png,,,,,,,,,,,,,,,,,,,,,,,character_skill_level_to_effects_junctions_tables,wh3_main_skill_dae_lord_army_buff_4_1|wh3_main_effect_force_stat_melee_defence_kho_chaos_warriors_bloodletters|2|general_to_force_own
effect,warhammer_3,8.1.1,24237342,Daemons of Chaos,daemons_of_chaos,wh3_main_sc_dae_daemons,Daemon Prince,Daemon_Prince,legendary_lord,wh3_main_dae_daemon_prince,general,general,wh3_main_dae_daemon_prince|wh3_main_dae_daemons_qb1,true,false,true,true,false,true,,legendary_lords,wh3_main_skill_node_set_dae_daemon_prince,,1,general,false,false,,,,wh3_main_skill_node_dae_daemon_prince_khorne_1_3,wh3_main_skill_dae_lord_army_buff_4_1,Unholy Terror Troopers,"When you strike a warrior of Khorne, strike hard and with more strength than you dare, for what doesn't kill them only makes them stronger, and angrier.",battle_armour.png,3,2,0,0,true,0,3,3,Unholy Terror Troopers,"When you strike a warrior of Khorne, strike hard and with more strength than you dare, for what doesn't kill them only makes them stronger, and angrier.",,,,,,wh3_main_effect_force_stat_armour_kho_chaos_warriors_bloodletters,"Armour: %+n for Bloodletters of Khorne, Exalted Bloodletters of Khorne, Marauders of Khorne, Forsaken of Khorne, Blood Shrine of Khorne, Skullreapers, Wrathmongers and Chaos Warriors of Khorne units",,general_to_force_own,8,battle,401,true,armour.png,armour.png,,,,,,,,,,,,,,,,,,,,,,,character_skill_level_to_effects_junctions_tables,wh3_main_skill_dae_lord_army_buff_4_1|wh3_main_effect_force_stat_armour_kho_chaos_warriors_bloodletters|3|general_to_force_own
effect,warhammer_3,8.1.1,24237342,Daemons of Chaos,daemons_of_chaos,wh3_main_sc_dae_daemons,Daemon Prince,Daemon_Prince,legendary_lord,wh3_main_dae_daemon_prince,general,general,wh3_main_dae_daemon_prince|wh3_main_dae_daemons_qb1,true,false,true,true,false,true,,legendary_lords,wh3_main_skill_node_set_dae_daemon_prince,,1,general,false,false,,,,wh3_main_skill_node_dae_daemon_prince_khorne_1_3,wh3_main_skill_dae_lord_army_buff_4_1,Unholy Terror Troopers,"When you strike a warrior of Khorne, strike hard and with more strength than you dare, for what doesn't kill them only makes them stronger, and angrier.",battle_armour.png,3,2,0,0,true,0,3,3,Unholy Terror Troopers,"When you strike a warrior of Khorne, strike hard and with more strength than you dare, for what doesn't kill them only makes them stronger, and angrier.",,,,,,wh3_main_effect_force_stat_melee_defence_kho_chaos_warriors_bloodletters,"Melee defence: %+n for Bloodletters of Khorne, Exalted Bloodletters of Khorne, Marauders of Khorne, Forsaken of Khorne, Blood Shrine of Khorne, Skullreapers, Wrathmongers and Chaos Warriors of Khorne units",,general_to_force_own,6,battle,451,true,defence.png,defence.png,,,,,,,,,,,,,,,,,,,,,,,character_skill_level_to_effects_junctions_tables,wh3_main_skill_dae_lord_army_buff_4_1|wh3_main_effect_force_stat_melee_defence_kho_chaos_warriors_bloodletters|3|general_to_force_own
node,warhammer_3,8.1.1,24237342,Daemons of Chaos,daemons_of_chaos,wh3_main_sc_dae_daemons,Daemon Prince,Daemon_Prince,legendary_lord,wh3_main_dae_daemon_prince,general,general,wh3_main_dae_daemon_prince|wh3_main_dae_daemons_qb1,true,false,true,true,false,true,,legendary_lords,wh3_main_skill_node_set_dae_daemon_prince,,1,general,false,false,,,,wh3_main_skill_node_dae_daemon_prince_nurgle_1_3,wh3_main_skill_dae_lord_army_buff_1_1,Plague Troopers,The putrid stench that emanates from the warriors of Nurgle is somehow not the most deadly thing about them.,battle_attack.png,3,3,0,0,true,0,3,,,,,,,,,,,,,,,,,,,,,,,,,,,,,,,,,,,,,,,,,character_skill_nodes_tables,wh3_main_skill_node_dae_daemon_prince_nurgle_1_3
effect,warhammer_3,8.1.1,24237342,Daemons of Chaos,daemons_of_chaos,wh3_main_sc_dae_daemons,Daemon Prince,Daemon_Prince,legendary_lord,wh3_main_dae_daemon_prince,general,general,wh3_main_dae_daemon_prince|wh3_main_dae_daemons_qb1,true,false,true,true,false,true,,legendary_lords,wh3_main_skill_node_set_dae_daemon_prince,,1,general,false,false,,,,wh3_main_skill_node_dae_daemon_prince_nurgle_1_3,wh3_main_skill_dae_lord_army_buff_1_1,Plague Troopers,The putrid stench that emanates from the warriors of Nurgle is somehow not the most deadly thing about them.,battle_attack.png,3,3,0,0,true,0,3,1,Plague Troopers,The putrid stench that emanates from the warriors of Nurgle is somehow not the most deadly thing about them.,,,,,,wh3_main_effect_force_stat_melee_attack_nur_nurglings_plaguebearers_forsaken,"Melee attack: %+n for Nurglings, Plaguebearers of Nurgle, Exalted Plaguebearers of Nurgle, Chaos Warriors of Nurgle, Marauders of Nurgle and Forsaken of Nurgle units",,general_to_force_own,4,campaign,431,true,melee.png,melee.png,,,,,,,,,,,,,,,,,,,,,,,character_skill_level_to_effects_junctions_tables,wh3_main_skill_dae_lord_army_buff_1_1|wh3_main_effect_force_stat_melee_attack_nur_nurglings_plaguebearers_forsaken|1|general_to_force_own
effect,warhammer_3,8.1.1,24237342,Daemons of Chaos,daemons_of_chaos,wh3_main_sc_dae_daemons,Daemon Prince,Daemon_Prince,legendary_lord,wh3_main_dae_daemon_prince,general,general,wh3_main_dae_daemon_prince|wh3_main_dae_daemons_qb1,true,false,true,true,false,true,,legendary_lords,wh3_main_skill_node_set_dae_daemon_prince,,1,general,false,false,,,,wh3_main_skill_node_dae_daemon_prince_nurgle_1_3,wh3_main_skill_dae_lord_army_buff_1_1,Plague Troopers,The putrid stench that emanates from the warriors of Nurgle is somehow not the most deadly thing about them.,battle_attack.png,3,3,0,0,true,0,3,2,Plague Troopers,The putrid stench that emanates from the warriors of Nurgle is somehow not the most deadly thing about them.,,,,,,wh3_main_effect_force_stat_melee_attack_nur_nurglings_plaguebearers_forsaken,"Melee attack: %+n for Nurglings, Plaguebearers of Nurgle, Exalted Plaguebearers of Nurgle, Chaos Warriors of Nurgle, Marauders of Nurgle and Forsaken of Nurgle units",,general_to_force_own,4,campaign,431,true,melee.png,melee.png,,,,,,,,,,,,,,,,,,,,,,,character_skill_level_to_effects_junctions_tables,wh3_main_skill_dae_lord_army_buff_1_1|wh3_main_effect_force_stat_melee_attack_nur_nurglings_plaguebearers_forsaken|2|general_to_force_own
effect,warhammer_3,8.1.1,24237342,Daemons of Chaos,daemons_of_chaos,wh3_main_sc_dae_daemons,Daemon Prince,Daemon_Prince,legendary_lord,wh3_main_dae_daemon_prince,general,general,wh3_main_dae_daemon_prince|wh3_main_dae_daemons_qb1,true,false,true,true,false,true,,legendary_lords,wh3_main_skill_node_set_dae_daemon_prince,,1,general,false,false,,,,wh3_main_skill_node_dae_daemon_prince_nurgle_1_3,wh3_main_skill_dae_lord_army_buff_1_1,Plague Troopers,The putrid stench that emanates from the warriors of Nurgle is somehow not the most deadly thing about them.,battle_attack.png,3,3,0,0,true,0,3,2,Plague Troopers,The putrid stench that emanates from the warriors of Nurgle is somehow not the most deadly thing about them.,,,,,,wh3_main_effect_force_stat_melee_defence_nur_nurglings_plaguebearers_forsaken,"Melee defence: %+n for Nurglings, Plaguebearers of Nurgle, Exalted Plaguebearers of Nurgle and Forsaken of Nurgle units",,general_to_force_own,4,battle,451,true,defence.png,defence.png,,,,,,,,,,,,,,,,,,,,,,,character_skill_level_to_effects_junctions_tables,wh3_main_skill_dae_lord_army_buff_1_1|wh3_main_effect_force_stat_melee_defence_nur_nurglings_plaguebearers_forsaken|2|general_to_force_own
effect,warhammer_3,8.1.1,24237342,Daemons of Chaos,daemons_of_chaos,wh3_main_sc_dae_daemons,Daemon Prince,Daemon_Prince,legendary_lord,wh3_main_dae_daemon_prince,general,general,wh3_main_dae_daemon_prince|wh3_main_dae_daemons_qb1,true,false,true,true,false,true,,legendary_lords,wh3_main_skill_node_set_dae_daemon_prince,,1,general,false,false,,,,wh3_main_skill_node_dae_daemon_prince_nurgle_1_3,wh3_main_skill_dae_lord_army_buff_1_1,Plague Troopers,The putrid stench that emanates from the warriors of Nurgle is somehow not the most deadly thing about them.,battle_attack.png,3,3,0,0,true,0,3,3,Plague Troopers,The putrid stench that emanates from the warriors of Nurgle is somehow not the most deadly thing about them.,,,,,,wh3_main_effect_force_stat_melee_attack_nur_nurglings_plaguebearers_forsaken,"Melee attack: %+n for Nurglings, Plaguebearers of Nurgle, Exalted Plaguebearers of Nurgle, Chaos Warriors of Nurgle, Marauders of Nurgle and Forsaken of Nurgle units",,general_to_force_own,6,campaign,431,true,melee.png,melee.png,,,,,,,,,,,,,,,,,,,,,,,character_skill_level_to_effects_junctions_tables,wh3_main_skill_dae_lord_army_buff_1_1|wh3_main_effect_force_stat_melee_attack_nur_nurglings_plaguebearers_forsaken|3|general_to_force_own
effect,warhammer_3,8.1.1,24237342,Daemons of Chaos,daemons_of_chaos,wh3_main_sc_dae_daemons,Daemon Prince,Daemon_Prince,legendary_lord,wh3_main_dae_daemon_prince,general,general,wh3_main_dae_daemon_prince|wh3_main_dae_daemons_qb1,true,false,true,true,false,true,,legendary_lords,wh3_main_skill_node_set_dae_daemon_prince,,1,general,false,false,,,,wh3_main_skill_node_dae_daemon_prince_nurgle_1_3,wh3_main_skill_dae_lord_army_buff_1_1,Plague Troopers,The putrid stench that emanates from the warriors of Nurgle is somehow not the most deadly thing about them.,battle_attack.png,3,3,0,0,true,0,3,3,Plague Troopers,The putrid stench that emanates from the warriors of Nurgle is somehow not the most deadly thing about them.,,,,,,wh3_main_effect_force_stat_melee_defence_nur_nurglings_plaguebearers_forsaken,"Melee defence: %+n for Nurglings, Plaguebearers of Nurgle, Exalted Plaguebearers of Nurgle and Forsaken of Nurgle units",,general_to_force_own,6,battle,451,true,defence.png,defence.png,,,,,,,,,,,,,,,,,,,,,,,character_skill_level_to_effects_junctions_tables,wh3_main_skill_dae_lord_army_buff_1_1|wh3_main_effect_force_stat_melee_defence_nur_nurglings_plaguebearers_forsaken|3|general_to_force_own
node,warhammer_3,8.1.1,24237342,Daemons of Chaos,daemons_of_chaos,wh3_main_sc_dae_daemons,Daemon Prince,Daemon_Prince,legendary_lord,wh3_main_dae_daemon_prince,general,general,wh3_main_dae_daemon_prince|wh3_main_dae_daemons_qb1,true,false,true,true,false,true,,legendary_lords,wh3_main_skill_node_set_dae_daemon_prince,,1,general,false,false,,,,wh3_main_skill_node_dae_daemon_prince_slaanesh_1_3,wh3_main_skill_dae_lord_army_buff_2_1,Temptation's Troopers,"Though fighting with a graceful elegance, every strike from the warriors of Slaanesh lands with devastating impact.",battle_damage.png,3,4,0,0,true,0,3,,,,,,,,,,,,,,,,,,,,,,,,,,,,,,,,,,,,,,,,,character_skill_nodes_tables,wh3_main_skill_node_dae_daemon_prince_slaanesh_1_3
effect,warhammer_3,8.1.1,24237342,Daemons of Chaos,daemons_of_chaos,wh3_main_sc_dae_daemons,Daemon Prince,Daemon_Prince,legendary_lord,wh3_main_dae_daemon_prince,general,general,wh3_main_dae_daemon_prince|wh3_main_dae_daemons_qb1,true,false,true,true,false,true,,legendary_lords,wh3_main_skill_node_set_dae_daemon_prince,,1,general,false,false,,,,wh3_main_skill_node_dae_daemon_prince_slaanesh_1_3,wh3_main_skill_dae_lord_army_buff_2_1,Temptation's Troopers,"Though fighting with a graceful elegance, every strike from the warriors of Slaanesh lands with devastating impact.",battle_damage.png,3,4,0,0,true,0,3,1,Temptation's Troopers,"Though fighting with a graceful elegance, every strike from the warriors of Slaanesh lands with devastating impact.",,,,,,wh3_main_effect_force_stat_weapon_strength_sla_infantry,"Weapon strength: %+n% for Daemonettes of Slaanesh, Exalted Daemonettes of Slaanesh, Chaos Warriors of Slaanesh, Forsaken of Slaanesh, Slaangors and Marauders of Slaanesh units",,general_to_force_own,5,battle,461,true,weapon_damage.png,weapon_damage.png,,,,,,,,,,,,,,,,,,,,,,,character_skill_level_to_effects_junctions_tables,wh3_main_skill_dae_lord_army_buff_2_1|wh3_main_effect_force_stat_weapon_strength_sla_infantry|1|general_to_force_own
effect,warhammer_3,8.1.1,24237342,Daemons of Chaos,daemons_of_chaos,wh3_main_sc_dae_daemons,Daemon Prince,Daemon_Prince,legendary_lord,wh3_main_dae_daemon_prince,general,general,wh3_main_dae_daemon_prince|wh3_main_dae_daemons_qb1,true,false,true,true,false,true,,legendary_lords,wh3_main_skill_node_set_dae_daemon_prince,,1,general,false,false,,,,wh3_main_skill_node_dae_daemon_prince_slaanesh_1_3,wh3_main_skill_dae_lord_army_buff_2_1,Temptation's Troopers,"Though fighting with a graceful elegance, every strike from the warriors of Slaanesh lands with devastating impact.",battle_damage.png,3,4,0,0,true,0,3,2,Temptation's Troopers,"Though fighting with a graceful elegance, every strike from the warriors of Slaanesh lands with devastating impact.",,,,,,wh3_main_effect_force_stat_melee_attack_sla_infantry,"Melee attack: %+n for Daemonettes of Slaanesh, Exalted Daemonettes of Slaanesh, Chaos Warriors of Slaanesh, Forsaken of Slaanesh, Slaangors and Marauders of Slaanesh units",,general_to_force_own,4,battle,431,true,melee.png,melee.png,,,,,,,,,,,,,,,,,,,,,,,character_skill_level_to_effects_junctions_tables,wh3_main_skill_dae_lord_army_buff_2_1|wh3_main_effect_force_stat_melee_attack_sla_infantry|2|general_to_force_own
effect,warhammer_3,8.1.1,24237342,Daemons of Chaos,daemons_of_chaos,wh3_main_sc_dae_daemons,Daemon Prince,Daemon_Prince,legendary_lord,wh3_main_dae_daemon_prince,general,general,wh3_main_dae_daemon_prince|wh3_main_dae_daemons_qb1,true,false,true,true,false,true,,legendary_lords,wh3_main_skill_node_set_dae_daemon_prince,,1,general,false,false,,,,wh3_main_skill_node_dae_daemon_prince_slaanesh_1_3,wh3_main_skill_dae_lord_army_buff_2_1,Temptation's Troopers,"Though fighting with a graceful elegance, every strike from the warriors of Slaanesh lands with devastating impact.",battle_damage.png,3,4,0,0,true,0,3,2,Temptation's Troopers,"Though fighting with a graceful elegance, every strike from the warriors of Slaanesh lands with devastating impact.",,,,,,wh3_main_effect_force_stat_weapon_strength_sla_infantry,"Weapon strength: %+n% for Daemonettes of Slaanesh, Exalted Daemonettes of Slaanesh, Chaos Warriors of Slaanesh, Forsaken of Slaanesh, Slaangors and Marauders of Slaanesh units",,general_to_force_own,5,battle,461,true,weapon_damage.png,weapon_damage.png,,,,,,,,,,,,,,,,,,,,,,,character_skill_level_to_effects_junctions_tables,wh3_main_skill_dae_lord_army_buff_2_1|wh3_main_effect_force_stat_weapon_strength_sla_infantry|2|general_to_force_own
effect,warhammer_3,8.1.1,24237342,Daemons of Chaos,daemons_of_chaos,wh3_main_sc_dae_daemons,Daemon Prince,Daemon_Prince,legendary_lord,wh3_main_dae_daemon_prince,general,general,wh3_main_dae_daemon_prince|wh3_main_dae_daemons_qb1,true,false,true,true,false,true,,legendary_lords,wh3_main_skill_node_set_dae_daemon_prince,,1,general,false,false,,,,wh3_main_skill_node_dae_daemon_prince_slaanesh_1_3,wh3_main_skill_dae_lord_army_buff_2_1,Temptation's Troopers,"Though fighting with a graceful elegance, every strike from the warriors of Slaanesh lands with devastating impact.",battle_damage.png,3,4,0,0,true,0,3,3,Temptation's Troopers,"Though fighting with a graceful elegance, every strike from the warriors of Slaanesh lands with devastating impact.",,,,,,wh3_main_effect_force_stat_melee_attack_sla_infantry,"Melee attack: %+n for Daemonettes of Slaanesh, Exalted Daemonettes of Slaanesh, Chaos Warriors of Slaanesh, Forsaken of Slaanesh, Slaangors and Marauders of Slaanesh units",,general_to_force_own,6,battle,431,true,melee.png,melee.png,,,,,,,,,,,,,,,,,,,,,,,character_skill_level_to_effects_junctions_tables,wh3_main_skill_dae_lord_army_buff_2_1|wh3_main_effect_force_stat_melee_attack_sla_infantry|3|general_to_force_own
effect,warhammer_3,8.1.1,24237342,Daemons of Chaos,daemons_of_chaos,wh3_main_sc_dae_daemons,Daemon Prince,Daemon_Prince,legendary_lord,wh3_main_dae_daemon_prince,general,general,wh3_main_dae_daemon_prince|wh3_main_dae_daemons_qb1,true,false,true,true,false,true,,legendary_lords,wh3_main_skill_node_set_dae_daemon_prince,,1,general,false,false,,,,wh3_main_skill_node_dae_daemon_prince_slaanesh_1_3,wh3_main_skill_dae_lord_army_buff_2_1,Temptation's Troopers,"Though fighting with a graceful elegance, every strike from the warriors of Slaanesh lands with devastating impact.",battle_damage.png,3,4,0,0,true,0,3,3,Temptation's Troopers,"Though fighting with a graceful elegance, every strike from the warriors of Slaanesh lands with devastating impact.",,,,,,wh3_main_effect_force_stat_weapon_strength_sla_infantry,"Weapon strength: %+n% for Daemonettes of Slaanesh, Exalted Daemonettes of Slaanesh, Chaos Warriors of Slaanesh, Forsaken of Slaanesh, Slaangors and Marauders of Slaanesh units",,general_to_force_own,8,battle,461,true,weapon_damage.png,weapon_damage.png,,,,,,,,,,,,,,,,,,,,,,,character_skill_level_to_effects_junctions_tables,wh3_main_skill_dae_lord_army_buff_2_1|wh3_main_effect_force_stat_weapon_strength_sla_infantry|3|general_to_force_own
node,warhammer_3,8.1.1,24237342,Daemons of Chaos,daemons_of_chaos,wh3_main_sc_dae_daemons,Daemon Prince,Daemon_Prince,legendary_lord,wh3_main_dae_daemon_prince,general,general,wh3_main_dae_daemon_prince|wh3_main_dae_daemons_qb1,true,false,true,true,false,true,,legendary_lords,wh3_main_skill_node_set_dae_daemon_prince,,1,general,false,false,,,,wh3_main_skill_node_dae_daemon_prince_tzeentch_1_3,wh3_main_skill_dae_lord_army_buff_3_1,Transition's Troopers,"Their loyalty to the Raven God grants the warriors of Tzeentch a staunch hardiness in battle, for what is change if not the ability to overcome?",battle_defence.png,3,5,0,0,true,0,3,,,,,,,,,,,,,,,,,,,,,,,,,,,,,,,,,,,,,,,,,character_skill_nodes_tables,wh3_main_skill_node_dae_daemon_prince_tzeentch_1_3
effect,warhammer_3,8.1.1,24237342,Daemons of Chaos,daemons_of_chaos,wh3_main_sc_dae_daemons,Daemon Prince,Daemon_Prince,legendary_lord,wh3_main_dae_daemon_prince,general,general,wh3_main_dae_daemon_prince|wh3_main_dae_daemons_qb1,true,false,true,true,false,true,,legendary_lords,wh3_main_skill_node_set_dae_daemon_prince,,1,general,false,false,,,,wh3_main_skill_node_dae_daemon_prince_tzeentch_1_3,wh3_main_skill_dae_lord_army_buff_3_1,Transition's Troopers,"Their loyalty to the Raven God grants the warriors of Tzeentch a staunch hardiness in battle, for what is change if not the ability to overcome?",battle_defence.png,3,5,0,0,true,0,3,1,Transition's Troopers,"Their loyalty to the Raven God grants the warriors of Tzeentch a staunch hardiness in battle, for what is change if not the ability to overcome?",,,,,,wh3_main_effect_force_stat_melee_defence_tze_horrors,"Melee defence: %+n for Marauders of Tzeentch, Tzaangor, Chaos Warriors of Tzeentch, Blue Horrors of Tzeentch, Pink Horrors of Tzeentch and Exalted Pink Horrors of Tzeentch units",,general_to_force_own,4,battle,451,true,defence.png,defence.png,,,,,,,,,,,,,,,,,,,,,,,character_skill_level_to_effects_junctions_tables,wh3_main_skill_dae_lord_army_buff_3_1|wh3_main_effect_force_stat_melee_defence_tze_horrors|1|general_to_force_own
effect,warhammer_3,8.1.1,24237342,Daemons of Chaos,daemons_of_chaos,wh3_main_sc_dae_daemons,Daemon Prince,Daemon_Prince,legendary_lord,wh3_main_dae_daemon_prince,general,general,wh3_main_dae_daemon_prince|wh3_main_dae_daemons_qb1,true,false,true,true,false,true,,legendary_lords,wh3_main_skill_node_set_dae_daemon_prince,,1,general,false,false,,,,wh3_main_skill_node_dae_daemon_prince_tzeentch_1_3,wh3_main_skill_dae_lord_army_buff_3_1,Transition's Troopers,"Their loyalty to the Raven God grants the warriors of Tzeentch a staunch hardiness in battle, for what is change if not the ability to overcome?",battle_defence.png,3,5,0,0,true,0,3,2,Transition's Troopers,"Their loyalty to the Raven God grants the warriors of Tzeentch a staunch hardiness in battle, for what is change if not the ability to overcome?",,,,,,wh3_main_effect_force_stat_damage_tze_horrors,"Barrier: %+n% for Marauders of Tzeentch, Tzaangor, Chaos Warriors of Tzeentch, Blue Horrors of Tzeentch, Pink Horrors of Tzeentch and Exalted Pink Horrors of Tzeentch units",,general_to_force_own,5,battle,5,true,barrier.png,barrier.png,,,,,,,,,,,,,,,,,,,,,,,character_skill_level_to_effects_junctions_tables,wh3_main_skill_dae_lord_army_buff_3_1|wh3_main_effect_force_stat_damage_tze_horrors|2|general_to_force_own
effect,warhammer_3,8.1.1,24237342,Daemons of Chaos,daemons_of_chaos,wh3_main_sc_dae_daemons,Daemon Prince,Daemon_Prince,legendary_lord,wh3_main_dae_daemon_prince,general,general,wh3_main_dae_daemon_prince|wh3_main_dae_daemons_qb1,true,false,true,true,false,true,,legendary_lords,wh3_main_skill_node_set_dae_daemon_prince,,1,general,false,false,,,,wh3_main_skill_node_dae_daemon_prince_tzeentch_1_3,wh3_main_skill_dae_lord_army_buff_3_1,Transition's Troopers,"Their loyalty to the Raven God grants the warriors of Tzeentch a staunch hardiness in battle, for what is change if not the ability to overcome?",battle_defence.png,3,5,0,0,true,0,3,2,Transition's Troopers,"Their loyalty to the Raven God grants the warriors of Tzeentch a staunch hardiness in battle, for what is change if not the ability to overcome?",,,,,,wh3_main_effect_force_stat_melee_defence_tze_horrors,"Melee defence: %+n for Marauders of Tzeentch, Tzaangor, Chaos Warriors of Tzeentch, Blue Horrors of Tzeentch, Pink Horrors of Tzeentch and Exalted Pink Horrors of Tzeentch units",,general_to_force_own,4,battle,451,true,defence.png,defence.png,,,,,,,,,,,,,,,,,,,,,,,character_skill_level_to_effects_junctions_tables,wh3_main_skill_dae_lord_army_buff_3_1|wh3_main_effect_force_stat_melee_defence_tze_horrors|2|general_to_force_own
effect,warhammer_3,8.1.1,24237342,Daemons of Chaos,daemons_of_chaos,wh3_main_sc_dae_daemons,Daemon Prince,Daemon_Prince,legendary_lord,wh3_main_dae_daemon_prince,general,general,wh3_main_dae_daemon_prince|wh3_main_dae_daemons_qb1,true,false,true,true,false,true,,legendary_lords,wh3_main_skill_node_set_dae_daemon_prince,,1,general,false,false,,,,wh3_main_skill_node_dae_daemon_prince_tzeentch_1_3,wh3_main_skill_dae_lord_army_buff_3_1,Transition's Troopers,"Their loyalty to the Raven God grants the warriors of Tzeentch a staunch hardiness in battle, for what is change if not the ability to overcome?",battle_defence.png,3,5,0,0,true,0,3,3,Transition's Troopers,"Their loyalty to the Raven God grants the warriors of Tzeentch a staunch hardiness in battle, for what is change if not the ability to overcome?",,,,,,wh3_main_effect_force_stat_damage_tze_horrors,"Barrier: %+n% for Marauders of Tzeentch, Tzaangor, Chaos Warriors of Tzeentch, Blue Horrors of Tzeentch, Pink Horrors of Tzeentch and Exalted Pink Horrors of Tzeentch units",,general_to_force_own,10,battle,5,true,barrier.png,barrier.png,,,,,,,,,,,,,,,,,,,,,,,character_skill_level_to_effects_junctions_tables,wh3_main_skill_dae_lord_army_buff_3_1|wh3_main_effect_force_stat_damage_tze_horrors|3|general_to_force_own
effect,warhammer_3,8.1.1,24237342,Daemons of Chaos,daemons_of_chaos,wh3_main_sc_dae_daemons,Daemon Prince,Daemon_Prince,legendary_lord,wh3_main_dae_daemon_prince,general,general,wh3_main_dae_daemon_prince|wh3_main_dae_daemons_qb1,true,false,true,true,false,true,,legendary_lords,wh3_main_skill_node_set_dae_daemon_prince,,1,general,false,false,,,,wh3_main_skill_node_dae_daemon_prince_tzeentch_1_3,wh3_main_skill_dae_lord_army_buff_3_1,Transition's Troopers,"Their loyalty to the Raven God grants the warriors of Tzeentch a staunch hardiness in battle, for what is change if not the ability to overcome?",battle_defence.png,3,5,0,0,true,0,3,3,Transition's Troopers,"Their loyalty to the Raven God grants the warriors of Tzeentch a staunch hardiness in battle, for what is change if not the ability to overcome?",,,,,,wh3_main_effect_force_stat_melee_defence_tze_horrors,"Melee defence: %+n for Marauders of Tzeentch, Tzaangor, Chaos Warriors of Tzeentch, Blue Horrors of Tzeentch, Pink Horrors of Tzeentch and Exalted Pink Horrors of Tzeentch units",,general_to_force_own,6,battle,451,true,defence.png,defence.png,,,,,,,,,,,,,,,,,,,,,,,character_skill_level_to_effects_junctions_tables,wh3_main_skill_dae_lord_army_buff_3_1|wh3_main_effect_force_stat_melee_defence_tze_horrors|3|general_to_force_own
node,warhammer_3,8.1.1,24237342,Daemons of Chaos,daemons_of_chaos,wh3_main_sc_dae_daemons,Daemon Prince,Daemon_Prince,legendary_lord,wh3_main_dae_daemon_prince,general,general,wh3_main_dae_daemon_prince|wh3_main_dae_daemons_qb1,true,false,true,true,false,true,,legendary_lords,wh3_main_skill_node_set_dae_daemon_prince,,1,general,false,false,,,,wh3_main_skill_node_dae_daemon_prince_khorne_1_4,wh3_main_skill_dae_khorne_reign_of_chaos_buff,Might of the Chosen,"The Blood God rewards the agents of His glory, for what strengthens the Lord of Murder so too bolsters his forces.",battle_morale.png,4,2,0,0,true,0,1,,,,,,,,,,,,,,,,,,,,,,,,,,,,,,,,,,,,,,,,,character_skill_nodes_tables,wh3_main_skill_node_dae_daemon_prince_khorne_1_4
effect,warhammer_3,8.1.1,24237342,Daemons of Chaos,daemons_of_chaos,wh3_main_sc_dae_daemons,Daemon Prince,Daemon_Prince,legendary_lord,wh3_main_dae_daemon_prince,general,general,wh3_main_dae_daemon_prince|wh3_main_dae_daemons_qb1,true,false,true,true,false,true,,legendary_lords,wh3_main_skill_node_set_dae_daemon_prince,,1,general,false,false,,,,wh3_main_skill_node_dae_daemon_prince_khorne_1_4,wh3_main_skill_dae_khorne_reign_of_chaos_buff,Might of the Chosen,"The Blood God rewards the agents of His glory, for what strengthens the Lord of Murder so too bolsters his forces.",battle_morale.png,4,2,0,0,true,0,1,1,Might of the Chosen,"The Blood God rewards the agents of His glory, for what strengthens the Lord of Murder so too bolsters his forces.",,,,,,wh3_main_effect_reign_of_chaos_khorne_outcome_additive,Reign of Chaos: additional chance for Khorne rewards %+n%,,character_to_character_own,5,battle,531,true,reign_of_chaos.png,reign_of_chaos.png,,,,,,,,,,,,,,,,,,,,,,,character_skill_level_to_effects_junctions_tables,wh3_main_skill_dae_khorne_reign_of_chaos_buff|wh3_main_effect_reign_of_chaos_khorne_outcome_additive|1|character_to_character_own
node,warhammer_3,8.1.1,24237342,Daemons of Chaos,daemons_of_chaos,wh3_main_sc_dae_daemons,Daemon Prince,Daemon_Prince,legendary_lord,wh3_main_dae_daemon_prince,general,general,wh3_main_dae_daemon_prince|wh3_main_dae_daemons_qb1,true,false,true,true,false,true,,legendary_lords,wh3_main_skill_node_set_dae_daemon_prince,,1,general,false,false,,,,wh3_main_skill_node_dae_daemon_prince_nurgle_1_4,wh3_main_skill_dae_nurgle_reign_of_chaos_buff,Noxious Abilities,"As Nurgle's withering decay spreads, plaguing the mortal realms, the power of His faithful followers only continues to grow.",battle_morale.png,4,3,0,0,true,0,1,,,,,,,,,,,,,,,,,,,,,,,,,,,,,,,,,,,,,,,,,character_skill_nodes_tables,wh3_main_skill_node_dae_daemon_prince_nurgle_1_4
effect,warhammer_3,8.1.1,24237342,Daemons of Chaos,daemons_of_chaos,wh3_main_sc_dae_daemons,Daemon Prince,Daemon_Prince,legendary_lord,wh3_main_dae_daemon_prince,general,general,wh3_main_dae_daemon_prince|wh3_main_dae_daemons_qb1,true,false,true,true,false,true,,legendary_lords,wh3_main_skill_node_set_dae_daemon_prince,,1,general,false,false,,,,wh3_main_skill_node_dae_daemon_prince_nurgle_1_4,wh3_main_skill_dae_nurgle_reign_of_chaos_buff,Noxious Abilities,"As Nurgle's withering decay spreads, plaguing the mortal realms, the power of His faithful followers only continues to grow.",battle_morale.png,4,3,0,0,true,0,1,1,Noxious Abilities,"As Nurgle's withering decay spreads, plaguing the mortal realms, the power of His faithful followers only continues to grow.",,,,,,wh3_main_effect_reign_of_chaos_nurgle_outcome_additive,Reign of Chaos: additional chance for Nurgle rewards %+n%,,character_to_character_own,5,battle,532,true,reign_of_chaos.png,reign_of_chaos.png,,,,,,,,,,,,,,,,,,,,,,,character_skill_level_to_effects_junctions_tables,wh3_main_skill_dae_nurgle_reign_of_chaos_buff|wh3_main_effect_reign_of_chaos_nurgle_outcome_additive|1|character_to_character_own
node,warhammer_3,8.1.1,24237342,Daemons of Chaos,daemons_of_chaos,wh3_main_sc_dae_daemons,Daemon Prince,Daemon_Prince,legendary_lord,wh3_main_dae_daemon_prince,general,general,wh3_main_dae_daemon_prince|wh3_main_dae_daemons_qb1,true,false,true,true,false,true,,legendary_lords,wh3_main_skill_node_set_dae_daemon_prince,,1,general,false,false,,,,wh3_main_skill_node_dae_daemon_prince_slaanesh_1_4,wh3_main_skill_dae_slaanesh_reign_of_chaos_buff,Seductive Promises,"The powers promised by Slaanesh are alluring indeed, and worth any price to acquire.",battle_morale.png,4,4,0,0,true,0,1,,,,,,,,,,,,,,,,,,,,,,,,,,,,,,,,,,,,,,,,,character_skill_nodes_tables,wh3_main_skill_node_dae_daemon_prince_slaanesh_1_4
effect,warhammer_3,8.1.1,24237342,Daemons of Chaos,daemons_of_chaos,wh3_main_sc_dae_daemons,Daemon Prince,Daemon_Prince,legendary_lord,wh3_main_dae_daemon_prince,general,general,wh3_main_dae_daemon_prince|wh3_main_dae_daemons_qb1,true,false,true,true,false,true,,legendary_lords,wh3_main_skill_node_set_dae_daemon_prince,,1,general,false,false,,,,wh3_main_skill_node_dae_daemon_prince_slaanesh_1_4,wh3_main_skill_dae_slaanesh_reign_of_chaos_buff,Seductive Promises,"The powers promised by Slaanesh are alluring indeed, and worth any price to acquire.",battle_morale.png,4,4,0,0,true,0,1,1,Seductive Promises,"The powers promised by Slaanesh are alluring indeed, and worth any price to acquire.",,,,,,wh3_main_effect_reign_of_chaos_slaanesh_outcome_additive,Reign of Chaos: additional chance for Slaanesh rewards %+n%,,character_to_character_own,5,battle,533,true,reign_of_chaos.png,reign_of_chaos.png,,,,,,,,,,,,,,,,,,,,,,,character_skill_level_to_effects_junctions_tables,wh3_main_skill_dae_slaanesh_reign_of_chaos_buff|wh3_main_effect_reign_of_chaos_slaanesh_outcome_additive|1|character_to_character_own
node,warhammer_3,8.1.1,24237342,Daemons of Chaos,daemons_of_chaos,wh3_main_sc_dae_daemons,Daemon Prince,Daemon_Prince,legendary_lord,wh3_main_dae_daemon_prince,general,general,wh3_main_dae_daemon_prince|wh3_main_dae_daemons_qb1,true,false,true,true,false,true,,legendary_lords,wh3_main_skill_node_set_dae_daemon_prince,,1,general,false,false,,,,wh3_main_skill_node_dae_daemon_prince_tzeentch_1_4,wh3_main_skill_dae_tzeentch_reign_of_chaos_buff,Tempest of Transmutation,"The tides of Change rise and fall, imbuing dark power on those who have proved themselves worthy.",battle_morale.png,4,5,0,0,true,0,1,,,,,,,,,,,,,,,,,,,,,,,,,,,,,,,,,,,,,,,,,character_skill_nodes_tables,wh3_main_skill_node_dae_daemon_prince_tzeentch_1_4
effect,warhammer_3,8.1.1,24237342,Daemons of Chaos,daemons_of_chaos,wh3_main_sc_dae_daemons,Daemon Prince,Daemon_Prince,legendary_lord,wh3_main_dae_daemon_prince,general,general,wh3_main_dae_daemon_prince|wh3_main_dae_daemons_qb1,true,false,true,true,false,true,,legendary_lords,wh3_main_skill_node_set_dae_daemon_prince,,1,general,false,false,,,,wh3_main_skill_node_dae_daemon_prince_tzeentch_1_4,wh3_main_skill_dae_tzeentch_reign_of_chaos_buff,Tempest of Transmutation,"The tides of Change rise and fall, imbuing dark power on those who have proved themselves worthy.",battle_morale.png,4,5,0,0,true,0,1,1,Tempest of Transmutation,"The tides of Change rise and fall, imbuing dark power on those who have proved themselves worthy.",,,,,,wh3_main_effect_reign_of_chaos_tzeentch_outcome_additive,Reign of Chaos: additional chance for Tzeentch rewards %+n%,,character_to_character_own,5,battle,535,true,reign_of_chaos.png,reign_of_chaos.png,,,,,,,,,,,,,,,,,,,,,,,character_skill_level_to_effects_junctions_tables,wh3_main_skill_dae_tzeentch_reign_of_chaos_buff|wh3_main_effect_reign_of_chaos_tzeentch_outcome_additive|1|character_to_character_own
node,warhammer_3,8.1.1,24237342,Daemons of Chaos,daemons_of_chaos,wh3_main_sc_dae_daemons,Daemon Prince,Daemon_Prince,legendary_lord,wh3_main_dae_daemon_prince,general,general,wh3_main_dae_daemon_prince|wh3_main_dae_daemons_qb1,true,false,true,true,false,true,,legendary_lords,wh3_main_skill_node_set_dae_daemon_prince,,1,general,false,false,,,,wh3_main_skill_node_dae_daemon_prince_undivided_1_4,wh3_main_skill_dae_undivided_campaign_diplomacy_bonus_norsca_chaos,Respect of the North,Many servants of Chaos are connected by a Ruinous web that joins their forces in common cause.,campaign_diplomacy.png,5,1,0,0,true,0,3,,,,,,,,,,,,,,,,,,,,,,,,,,,,,,,,,,,,,,,,,character_skill_nodes_tables,wh3_main_skill_node_dae_daemon_prince_undivided_1_4
effect,warhammer_3,8.1.1,24237342,Daemons of Chaos,daemons_of_chaos,wh3_main_sc_dae_daemons,Daemon Prince,Daemon_Prince,legendary_lord,wh3_main_dae_daemon_prince,general,general,wh3_main_dae_daemon_prince|wh3_main_dae_daemons_qb1,true,false,true,true,false,true,,legendary_lords,wh3_main_skill_node_set_dae_daemon_prince,,1,general,false,false,,,,wh3_main_skill_node_dae_daemon_prince_undivided_1_4,wh3_main_skill_dae_undivided_campaign_diplomacy_bonus_norsca_chaos,Respect of the North,Many servants of Chaos are connected by a Ruinous web that joins their forces in common cause.,campaign_diplomacy.png,5,1,0,0,true,0,3,1,Respect of the North,Many servants of Chaos are connected by a Ruinous web that joins their forces in common cause.,,,,,,wh2_dlc11_faction_political_diplomacy_mod_chaos_beastmen_norsca,"Diplomatic relations: %+n with Warriors of Chaos, Daemons of Chaos, Beastmen and Norsca",,character_to_faction_unseen,10,campaign,5,true,diplomacy.png,diplomacy.png,,,,,,,,,,,,,,,,,,,,,,,character_skill_level_to_effects_junctions_tables,wh3_main_skill_dae_undivided_campaign_diplomacy_bonus_norsca_chaos|wh2_dlc11_faction_political_diplomacy_mod_chaos_beastmen_norsca|1|character_to_faction_unseen
effect,warhammer_3,8.1.1,24237342,Daemons of Chaos,daemons_of_chaos,wh3_main_sc_dae_daemons,Daemon Prince,Daemon_Prince,legendary_lord,wh3_main_dae_daemon_prince,general,general,wh3_main_dae_daemon_prince|wh3_main_dae_daemons_qb1,true,false,true,true,false,true,,legendary_lords,wh3_main_skill_node_set_dae_daemon_prince,,1,general,false,false,,,,wh3_main_skill_node_dae_daemon_prince_undivided_1_4,wh3_main_skill_dae_undivided_campaign_diplomacy_bonus_norsca_chaos,Respect of the North,Many servants of Chaos are connected by a Ruinous web that joins their forces in common cause.,campaign_diplomacy.png,5,1,0,0,true,0,3,2,Respect of the North,Many servants of Chaos are connected by a Ruinous web that joins their forces in common cause.,,,,,,wh2_dlc11_faction_political_diplomacy_mod_chaos_beastmen_norsca,"Diplomatic relations: %+n with Warriors of Chaos, Daemons of Chaos, Beastmen and Norsca",,character_to_faction_unseen,20,campaign,5,true,diplomacy.png,diplomacy.png,,,,,,,,,,,,,,,,,,,,,,,character_skill_level_to_effects_junctions_tables,wh3_main_skill_dae_undivided_campaign_diplomacy_bonus_norsca_chaos|wh2_dlc11_faction_political_diplomacy_mod_chaos_beastmen_norsca|2|character_to_faction_unseen
effect,warhammer_3,8.1.1,24237342,Daemons of Chaos,daemons_of_chaos,wh3_main_sc_dae_daemons,Daemon Prince,Daemon_Prince,legendary_lord,wh3_main_dae_daemon_prince,general,general,wh3_main_dae_daemon_prince|wh3_main_dae_daemons_qb1,true,false,true,true,false,true,,legendary_lords,wh3_main_skill_node_set_dae_daemon_prince,,1,general,false,false,,,,wh3_main_skill_node_dae_daemon_prince_undivided_1_4,wh3_main_skill_dae_undivided_campaign_diplomacy_bonus_norsca_chaos,Respect of the North,Many servants of Chaos are connected by a Ruinous web that joins their forces in common cause.,campaign_diplomacy.png,5,1,0,0,true,0,3,3,Respect of the North,Many servants of Chaos are connected by a Ruinous web that joins their forces in common cause.,,,,,,wh2_dlc11_faction_political_diplomacy_mod_chaos_beastmen_norsca,"Diplomatic relations: %+n with Warriors of Chaos, Daemons of Chaos, Beastmen and Norsca",,character_to_faction_unseen,30,campaign,5,true,diplomacy.png,diplomacy.png,,,,,,,,,,,,,,,,,,,,,,,character_skill_level_to_effects_junctions_tables,wh3_main_skill_dae_undivided_campaign_diplomacy_bonus_norsca_chaos|wh2_dlc11_faction_political_diplomacy_mod_chaos_beastmen_norsca|3|character_to_faction_unseen
node,warhammer_3,8.1.1,24237342,Daemons of Chaos,daemons_of_chaos,wh3_main_sc_dae_daemons,Daemon Prince,Daemon_Prince,legendary_lord,wh3_main_dae_daemon_prince,general,general,wh3_main_dae_daemon_prince|wh3_main_dae_daemons_qb1,true,false,true,true,false,true,,legendary_lords,wh3_main_skill_node_set_dae_daemon_prince,,1,general,false,false,,,,wh3_main_skill_node_dae_daemon_prince_khorne_2,wh3_main_skill_dae_khorne_unit_upkeep,Endless March,"Warriors pledged to Khorne never tire of war, but are honed by battle fury into sharp instruments of violent rage.",campaign_military_spending.png,5,2,0,4,true,0,1,,,,,,,,,,,,,,,,,,,,,,,,,,,,,,,,,,,,,,,,,character_skill_nodes_tables,wh3_main_skill_node_dae_daemon_prince_khorne_2
effect,warhammer_3,8.1.1,24237342,Daemons of Chaos,daemons_of_chaos,wh3_main_sc_dae_daemons,Daemon Prince,Daemon_Prince,legendary_lord,wh3_main_dae_daemon_prince,general,general,wh3_main_dae_daemon_prince|wh3_main_dae_daemons_qb1,true,false,true,true,false,true,,legendary_lords,wh3_main_skill_node_set_dae_daemon_prince,,1,general,false,false,,,,wh3_main_skill_node_dae_daemon_prince_khorne_2,wh3_main_skill_dae_khorne_unit_upkeep,Endless March,"Warriors pledged to Khorne never tire of war, but are honed by battle fury into sharp instruments of violent rage.",campaign_military_spending.png,5,2,0,4,true,0,1,1,Endless March,"Warriors pledged to Khorne never tire of war, but are honed by battle fury into sharp instruments of violent rage.",,,,,,wh3_dlc26_effect_daemon_kho_post_battle_unit_saving_chance,Daemons Reforged: %+n% chance for destroyed Daemons of Khorne units to be restored after battle,,general_to_force_own,10,campaign,101,true,replenishment.png,replenishment.png,,,,,,,,,,,,,,,,,,,,,,,character_skill_level_to_effects_junctions_tables,wh3_main_skill_dae_khorne_unit_upkeep|wh3_dlc26_effect_daemon_kho_post_battle_unit_saving_chance|1|general_to_force_own
effect,warhammer_3,8.1.1,24237342,Daemons of Chaos,daemons_of_chaos,wh3_main_sc_dae_daemons,Daemon Prince,Daemon_Prince,legendary_lord,wh3_main_dae_daemon_prince,general,general,wh3_main_dae_daemon_prince|wh3_main_dae_daemons_qb1,true,false,true,true,false,true,,legendary_lords,wh3_main_skill_node_set_dae_daemon_prince,,1,general,false,false,,,,wh3_main_skill_node_dae_daemon_prince_khorne_2,wh3_main_skill_dae_khorne_unit_upkeep,Endless March,"Warriors pledged to Khorne never tire of war, but are honed by battle fury into sharp instruments of violent rage.",campaign_military_spending.png,5,2,0,4,true,0,1,1,Endless March,"Warriors pledged to Khorne never tire of war, but are honed by battle fury into sharp instruments of violent rage.",,,,,,wh3_main_effect_upkeep_kho_all,Upkeep: %+n% for Khorne units,,general_to_force_own,-15,campaign,105,false,military_spending.png,military_spending.png,,,,,,,,,,,,,,,,,,,,,,,character_skill_level_to_effects_junctions_tables,wh3_main_skill_dae_khorne_unit_upkeep|wh3_main_effect_upkeep_kho_all|1|general_to_force_own
node,warhammer_3,8.1.1,24237342,Daemons of Chaos,daemons_of_chaos,wh3_main_sc_dae_daemons,Daemon Prince,Daemon_Prince,legendary_lord,wh3_main_dae_daemon_prince,general,general,wh3_main_dae_daemon_prince|wh3_main_dae_daemons_qb1,true,false,true,true,false,true,,legendary_lords,wh3_main_skill_node_set_dae_daemon_prince,,1,general,false,false,,,,wh3_main_skill_node_dae_daemon_prince_nurgle_2,wh3_main_skill_dae_nurgle_campaign_unit_upkeep,Toxic Resolve,Those most devoted to Grandfather Nurgle's noxious cause sustain themselves wholly on the infectious virulence of their Lord.,campaign_military_spending.png,5,3,0,4,true,0,1,,,,,,,,,,,,,,,,,,,,,,,,,,,,,,,,,,,,,,,,,character_skill_nodes_tables,wh3_main_skill_node_dae_daemon_prince_nurgle_2
effect,warhammer_3,8.1.1,24237342,Daemons of Chaos,daemons_of_chaos,wh3_main_sc_dae_daemons,Daemon Prince,Daemon_Prince,legendary_lord,wh3_main_dae_daemon_prince,general,general,wh3_main_dae_daemon_prince|wh3_main_dae_daemons_qb1,true,false,true,true,false,true,,legendary_lords,wh3_main_skill_node_set_dae_daemon_prince,,1,general,false,false,,,,wh3_main_skill_node_dae_daemon_prince_nurgle_2,wh3_main_skill_dae_nurgle_campaign_unit_upkeep,Toxic Resolve,Those most devoted to Grandfather Nurgle's noxious cause sustain themselves wholly on the infectious virulence of their Lord.,campaign_military_spending.png,5,3,0,4,true,0,1,1,Toxic Resolve,Those most devoted to Grandfather Nurgle's noxious cause sustain themselves wholly on the infectious virulence of their Lord.,,,,,,wh3_dlc26_effect_daemon_nur_post_battle_unit_saving_chance,Daemons Reforged: %+n% chance for destroyed Daemons of Nurgle units to be restored after battle,,general_to_force_own,10,campaign,101,true,replenishment.png,replenishment.png,,,,,,,,,,,,,,,,,,,,,,,character_skill_level_to_effects_junctions_tables,wh3_main_skill_dae_nurgle_campaign_unit_upkeep|wh3_dlc26_effect_daemon_nur_post_battle_unit_saving_chance|1|general_to_force_own
effect,warhammer_3,8.1.1,24237342,Daemons of Chaos,daemons_of_chaos,wh3_main_sc_dae_daemons,Daemon Prince,Daemon_Prince,legendary_lord,wh3_main_dae_daemon_prince,general,general,wh3_main_dae_daemon_prince|wh3_main_dae_daemons_qb1,true,false,true,true,false,true,,legendary_lords,wh3_main_skill_node_set_dae_daemon_prince,,1,general,false,false,,,,wh3_main_skill_node_dae_daemon_prince_nurgle_2,wh3_main_skill_dae_nurgle_campaign_unit_upkeep,Toxic Resolve,Those most devoted to Grandfather Nurgle's noxious cause sustain themselves wholly on the infectious virulence of their Lord.,campaign_military_spending.png,5,3,0,4,true,0,1,1,Toxic Resolve,Those most devoted to Grandfather Nurgle's noxious cause sustain themselves wholly on the infectious virulence of their Lord.,,,,,,wh3_main_effect_upkeep_nur_all,Upkeep: %+n% for Nurgle units,,general_to_force_own,-15,campaign,105,false,military_spending.png,military_spending.png,,,,,,,,,,,,,,,,,,,,,,,character_skill_level_to_effects_junctions_tables,wh3_main_skill_dae_nurgle_campaign_unit_upkeep|wh3_main_effect_upkeep_nur_all|1|general_to_force_own
node,warhammer_3,8.1.1,24237342,Daemons of Chaos,daemons_of_chaos,wh3_main_sc_dae_daemons,Daemon Prince,Daemon_Prince,legendary_lord,wh3_main_dae_daemon_prince,general,general,wh3_main_dae_daemon_prince|wh3_main_dae_daemons_qb1,true,false,true,true,false,true,,legendary_lords,wh3_main_skill_node_set_dae_daemon_prince,,1,general,false,false,,,,wh3_main_skill_node_dae_daemon_prince_slaanesh_2,wh3_main_skill_dae_slaanesh_campaign_unit_upkeep,Battle Delight,The pleasures of battle are often all that is needed to sate a warrior's appetite.,campaign_military_spending.png,5,4,0,4,true,0,1,,,,,,,,,,,,,,,,,,,,,,,,,,,,,,,,,,,,,,,,,character_skill_nodes_tables,wh3_main_skill_node_dae_daemon_prince_slaanesh_2
effect,warhammer_3,8.1.1,24237342,Daemons of Chaos,daemons_of_chaos,wh3_main_sc_dae_daemons,Daemon Prince,Daemon_Prince,legendary_lord,wh3_main_dae_daemon_prince,general,general,wh3_main_dae_daemon_prince|wh3_main_dae_daemons_qb1,true,false,true,true,false,true,,legendary_lords,wh3_main_skill_node_set_dae_daemon_prince,,1,general,false,false,,,,wh3_main_skill_node_dae_daemon_prince_slaanesh_2,wh3_main_skill_dae_slaanesh_campaign_unit_upkeep,Battle Delight,The pleasures of battle are often all that is needed to sate a warrior's appetite.,campaign_military_spending.png,5,4,0,4,true,0,1,1,Battle Delight,The pleasures of battle are often all that is needed to sate a warrior's appetite.,,,,,,wh3_dlc26_effect_daemon_sla_post_battle_unit_saving_chance,Daemons Reforged: %+n% chance for destroyed Daemons of Slaanesh units to be restored after battle,,general_to_force_own,10,campaign,101,true,replenishment.png,replenishment.png,,,,,,,,,,,,,,,,,,,,,,,character_skill_level_to_effects_junctions_tables,wh3_main_skill_dae_slaanesh_campaign_unit_upkeep|wh3_dlc26_effect_daemon_sla_post_battle_unit_saving_chance|1|general_to_force_own
effect,warhammer_3,8.1.1,24237342,Daemons of Chaos,daemons_of_chaos,wh3_main_sc_dae_daemons,Daemon Prince,Daemon_Prince,legendary_lord,wh3_main_dae_daemon_prince,general,general,wh3_main_dae_daemon_prince|wh3_main_dae_daemons_qb1,true,false,true,true,false,true,,legendary_lords,wh3_main_skill_node_set_dae_daemon_prince,,1,general,false,false,,,,wh3_main_skill_node_dae_daemon_prince_slaanesh_2,wh3_main_skill_dae_slaanesh_campaign_unit_upkeep,Battle Delight,The pleasures of battle are often all that is needed to sate a warrior's appetite.,campaign_military_spending.png,5,4,0,4,true,0,1,1,Battle Delight,The pleasures of battle are often all that is needed to sate a warrior's appetite.,,,,,,wh3_main_effect_upkeep_sla_all,Upkeep: %+n% for Slaanesh units,,general_to_force_own,-15,campaign,105,false,military_spending.png,military_spending.png,,,,,,,,,,,,,,,,,,,,,,,character_skill_level_to_effects_junctions_tables,wh3_main_skill_dae_slaanesh_campaign_unit_upkeep|wh3_main_effect_upkeep_sla_all|1|general_to_force_own
node,warhammer_3,8.1.1,24237342,Daemons of Chaos,daemons_of_chaos,wh3_main_sc_dae_daemons,Daemon Prince,Daemon_Prince,legendary_lord,wh3_main_dae_daemon_prince,general,general,wh3_main_dae_daemon_prince|wh3_main_dae_daemons_qb1,true,false,true,true,false,true,,legendary_lords,wh3_main_skill_node_set_dae_daemon_prince,,1,general,false,false,,,,wh3_main_skill_node_dae_daemon_prince_tzeentch_2,wh3_main_skill_dae_tzeentch_campaign_unit_upkeep,Motivated,The warriors of Change are driven ever onward by motivations constantly in flux.,campaign_military_spending.png,5,5,0,4,true,0,1,,,,,,,,,,,,,,,,,,,,,,,,,,,,,,,,,,,,,,,,,character_skill_nodes_tables,wh3_main_skill_node_dae_daemon_prince_tzeentch_2
effect,warhammer_3,8.1.1,24237342,Daemons of Chaos,daemons_of_chaos,wh3_main_sc_dae_daemons,Daemon Prince,Daemon_Prince,legendary_lord,wh3_main_dae_daemon_prince,general,general,wh3_main_dae_daemon_prince|wh3_main_dae_daemons_qb1,true,false,true,true,false,true,,legendary_lords,wh3_main_skill_node_set_dae_daemon_prince,,1,general,false,false,,,,wh3_main_skill_node_dae_daemon_prince_tzeentch_2,wh3_main_skill_dae_tzeentch_campaign_unit_upkeep,Motivated,The warriors of Change are driven ever onward by motivations constantly in flux.,campaign_military_spending.png,5,5,0,4,true,0,1,1,Motivated,The warriors of Change are driven ever onward by motivations constantly in flux.,,,,,,wh3_dlc26_effect_daemon_tze_post_battle_unit_saving_chance,Daemons Reforged: %+n% chance for destroyed Daemons of Tzeentch units to be restored after battle,,general_to_force_own,10,campaign,101,true,replenishment.png,replenishment.png,,,,,,,,,,,,,,,,,,,,,,,character_skill_level_to_effects_junctions_tables,wh3_main_skill_dae_tzeentch_campaign_unit_upkeep|wh3_dlc26_effect_daemon_tze_post_battle_unit_saving_chance|1|general_to_force_own
effect,warhammer_3,8.1.1,24237342,Daemons of Chaos,daemons_of_chaos,wh3_main_sc_dae_daemons,Daemon Prince,Daemon_Prince,legendary_lord,wh3_main_dae_daemon_prince,general,general,wh3_main_dae_daemon_prince|wh3_main_dae_daemons_qb1,true,false,true,true,false,true,,legendary_lords,wh3_main_skill_node_set_dae_daemon_prince,,1,general,false,false,,,,wh3_main_skill_node_dae_daemon_prince_tzeentch_2,wh3_main_skill_dae_tzeentch_campaign_unit_upkeep,Motivated,The warriors of Change are driven ever onward by motivations constantly in flux.,campaign_military_spending.png,5,5,0,4,true,0,1,1,Motivated,The warriors of Change are driven ever onward by motivations constantly in flux.,,,,,,wh3_main_effect_upkeep_tze_all,Upkeep: %+n% for Tzeentch units,,general_to_force_own,-15,campaign,105,false,military_spending.png,military_spending.png,,,,,,,,,,,,,,,,,,,,,,,character_skill_level_to_effects_junctions_tables,wh3_main_skill_dae_tzeentch_campaign_unit_upkeep|wh3_main_effect_upkeep_tze_all|1|general_to_force_own
node,warhammer_3,8.1.1,24237342,Daemons of Chaos,daemons_of_chaos,wh3_main_sc_dae_daemons,Daemon Prince,Daemon_Prince,legendary_lord,wh3_main_dae_daemon_prince,general,general,wh3_main_dae_daemon_prince|wh3_main_dae_daemons_qb1,true,false,true,true,false,true,,legendary_lords,wh3_main_skill_node_set_dae_daemon_prince,,1,general,false,false,,,,wh3_main_skill_node_dae_daemon_prince_undivided_2,wh_main_skill_all_lord_campaign_route_marcher,Route Marcher,Those who know the land and its secrets will travel faster and further than the foes who don't.,campaign_movement.png,6,1,0,4,true,0,1,,,,,,,,,,,,,,,,,,,,,,,,,,,,,,,,,,,,,,,,,character_skill_nodes_tables,wh3_main_skill_node_dae_daemon_prince_undivided_2
effect,warhammer_3,8.1.1,24237342,Daemons of Chaos,daemons_of_chaos,wh3_main_sc_dae_daemons,Daemon Prince,Daemon_Prince,legendary_lord,wh3_main_dae_daemon_prince,general,general,wh3_main_dae_daemon_prince|wh3_main_dae_daemons_qb1,true,false,true,true,false,true,,legendary_lords,wh3_main_skill_node_set_dae_daemon_prince,,1,general,false,false,,,,wh3_main_skill_node_dae_daemon_prince_undivided_2,wh_main_skill_all_lord_campaign_route_marcher,Route Marcher,Those who know the land and its secrets will travel faster and further than the foes who don't.,campaign_movement.png,6,1,0,4,true,0,1,1,Route Marcher,Those who know the land and its secrets will travel faster and further than the foes who don't.,,,,,,wh_main_effect_agent_movement_range_mod,Campaign movement range: %+n%,{{tr:campaign_movement_range_additional_tooltip}},character_to_character_own,5,campaign,100,true,campaign_movement.png,campaign_movement.png,,,,,,,,,,,,,,,,,,,,,,,character_skill_level_to_effects_junctions_tables,wh_main_skill_all_lord_campaign_route_marcher|wh_main_effect_agent_movement_range_mod|1|character_to_character_own
node,warhammer_3,8.1.1,24237342,Daemons of Chaos,daemons_of_chaos,wh3_main_sc_dae_daemons,Daemon Prince,Daemon_Prince,legendary_lord,wh3_main_dae_daemon_prince,general,general,wh3_main_dae_daemon_prince|wh3_main_dae_daemons_qb1,true,false,true,true,false,true,,legendary_lords,wh3_main_skill_node_set_dae_daemon_prince,,1,general,false,false,,,,wh3_main_skill_node_dae_daemon_prince_khorne_3_1,wh_main_skill_all_lord_battle_inspiring_presence,Inspiring Presence,"There are Lords that radiate power, confidence and fear, inspiring their followers to great or terrible acts.",battle_morale.png,6,2,0,0,true,0,1,,,,,,,,,,,,,,,,,,,,,,,,,,,,,,,,,,,,,,,,,character_skill_nodes_tables,wh3_main_skill_node_dae_daemon_prince_khorne_3_1
effect,warhammer_3,8.1.1,24237342,Daemons of Chaos,daemons_of_chaos,wh3_main_sc_dae_daemons,Daemon Prince,Daemon_Prince,legendary_lord,wh3_main_dae_daemon_prince,general,general,wh3_main_dae_daemon_prince|wh3_main_dae_daemons_qb1,true,false,true,true,false,true,,legendary_lords,wh3_main_skill_node_set_dae_daemon_prince,,1,general,false,false,,,,wh3_main_skill_node_dae_daemon_prince_khorne_3_1,wh_main_skill_all_lord_battle_inspiring_presence,Inspiring Presence,"There are Lords that radiate power, confidence and fear, inspiring their followers to great or terrible acts.",battle_morale.png,6,2,0,0,true,0,1,1,Inspiring Presence,"There are Lords that radiate power, confidence and fear, inspiring their followers to great or terrible acts.",,,,,,wh_main_effect_agent_action_outcome_parent_army_xp_gain,Unit experience gain per turn: %+n,,general_to_force_own,75,campaign,10,true,experience.png,experience.png,,,,,,,,,,,,,,,,,,,,,,,character_skill_level_to_effects_junctions_tables,wh_main_skill_all_lord_battle_inspiring_presence|wh_main_effect_agent_action_outcome_parent_army_xp_gain|1|general_to_force_own
effect,warhammer_3,8.1.1,24237342,Daemons of Chaos,daemons_of_chaos,wh3_main_sc_dae_daemons,Daemon Prince,Daemon_Prince,legendary_lord,wh3_main_dae_daemon_prince,general,general,wh3_main_dae_daemon_prince|wh3_main_dae_daemons_qb1,true,false,true,true,false,true,,legendary_lords,wh3_main_skill_node_set_dae_daemon_prince,,1,general,false,false,,,,wh3_main_skill_node_dae_daemon_prince_khorne_3_1,wh_main_skill_all_lord_battle_inspiring_presence,Inspiring Presence,"There are Lords that radiate power, confidence and fear, inspiring their followers to great or terrible acts.",battle_morale.png,6,2,0,0,true,0,1,1,Inspiring Presence,"There are Lords that radiate power, confidence and fear, inspiring their followers to great or terrible acts.",,,,,,wh_main_effect_character_stat_aura_leadership_effect,Character's aura leadership effect: %+n,Aura. Any unit standing within this character's aura in battle will receive a [[img:icon_morale]][[/img]]leadership bonus.,character_to_character_own,5,battle,260,true,morale_character.png,morale_character.png,,,,,,,,,,,,,,,,,,,,,,,character_skill_level_to_effects_junctions_tables,wh_main_skill_all_lord_battle_inspiring_presence|wh_main_effect_character_stat_aura_leadership_effect|1|character_to_character_own
node,warhammer_3,8.1.1,24237342,Daemons of Chaos,daemons_of_chaos,wh3_main_sc_dae_daemons,Daemon Prince,Daemon_Prince,legendary_lord,wh3_main_dae_daemon_prince,general,general,wh3_main_dae_daemon_prince|wh3_main_dae_daemons_qb1,true,false,true,true,false,true,,legendary_lords,wh3_main_skill_node_set_dae_daemon_prince,,1,general,false,false,,,,wh3_main_skill_node_dae_daemon_prince_nurgle_3_1,wh_main_skill_chs_lord_campaign_unholy_resilience,Unholy Resilience,This willing servant of the Ruinous Powers has a resilience that is beyond any mortal measure.,campaign_wound_time.png,6,3,0,0,true,0,1,,,,,,,,,,,,,,,,,,,,,,,,,,,,,,,,,,,,,,,,,character_skill_nodes_tables,wh3_main_skill_node_dae_daemon_prince_nurgle_3_1
effect,warhammer_3,8.1.1,24237342,Daemons of Chaos,daemons_of_chaos,wh3_main_sc_dae_daemons,Daemon Prince,Daemon_Prince,legendary_lord,wh3_main_dae_daemon_prince,general,general,wh3_main_dae_daemon_prince|wh3_main_dae_daemons_qb1,true,false,true,true,false,true,,legendary_lords,wh3_main_skill_node_set_dae_daemon_prince,,1,general,false,false,,,,wh3_main_skill_node_dae_daemon_prince_nurgle_3_1,wh_main_skill_chs_lord_campaign_unholy_resilience,Unholy Resilience,This willing servant of the Ruinous Powers has a resilience that is beyond any mortal measure.,campaign_wound_time.png,6,3,0,0,true,0,1,1,Unholy Resilience,This willing servant of the Ruinous Powers has a resilience that is beyond any mortal measure.,,,,,,wh_main_effect_character_wound_recovery_time_mod,Wound recovery time: %+n turns,,character_to_character_own,-1,campaign,101,false,wound_time.png,wound_time.png,,,,,,,,,,,,,,,,,,,,,,,character_skill_level_to_effects_junctions_tables,wh_main_skill_chs_lord_campaign_unholy_resilience|wh_main_effect_character_wound_recovery_time_mod|1|character_to_character_own
effect,warhammer_3,8.1.1,24237342,Daemons of Chaos,daemons_of_chaos,wh3_main_sc_dae_daemons,Daemon Prince,Daemon_Prince,legendary_lord,wh3_main_dae_daemon_prince,general,general,wh3_main_dae_daemon_prince|wh3_main_dae_daemons_qb1,true,false,true,true,false,true,,legendary_lords,wh3_main_skill_node_set_dae_daemon_prince,,1,general,false,false,,,,wh3_main_skill_node_dae_daemon_prince_nurgle_3_1,wh_main_skill_chs_lord_campaign_unholy_resilience,Unholy Resilience,This willing servant of the Ruinous Powers has a resilience that is beyond any mortal measure.,campaign_wound_time.png,6,3,0,0,true,0,1,1,Unholy Resilience,This willing servant of the Ruinous Powers has a resilience that is beyond any mortal measure.,,,,,,wh2_main_effect_replenishment_lords,Casualty replenishment rate: %+n% for this [[img:icon_general]][[/img]]Lord,{{tr:replenishment_additional_tooltip}},general_to_force_own_unseen,30,campaign,1,true,replenishment.png,replenishment.png,,,,,,,,,,,,,,,,,,,,,,,character_skill_level_to_effects_junctions_tables,wh_main_skill_chs_lord_campaign_unholy_resilience|wh2_main_effect_replenishment_lords|1|general_to_force_own_unseen
node,warhammer_3,8.1.1,24237342,Daemons of Chaos,daemons_of_chaos,wh3_main_sc_dae_daemons,Daemon Prince,Daemon_Prince,legendary_lord,wh3_main_dae_daemon_prince,general,general,wh3_main_dae_daemon_prince|wh3_main_dae_daemons_qb1,true,false,true,true,false,true,,legendary_lords,wh3_main_skill_node_set_dae_daemon_prince,,1,general,false,false,,,,wh3_main_skill_node_dae_daemon_prince_slaanesh_3_1,wh3_main_skill_dae_slaanesh_campaign_ambush_success_chance,Devious Plotting,The expression of surprise on an ambushed foe's face is always a particularly delectable treat.,campaign_ambush.png,6,4,0,0,true,0,3,,,,,,,,,,,,,,,,,,,,,,,,,,,,,,,,,,,,,,,,,character_skill_nodes_tables,wh3_main_skill_node_dae_daemon_prince_slaanesh_3_1
effect,warhammer_3,8.1.1,24237342,Daemons of Chaos,daemons_of_chaos,wh3_main_sc_dae_daemons,Daemon Prince,Daemon_Prince,legendary_lord,wh3_main_dae_daemon_prince,general,general,wh3_main_dae_daemon_prince|wh3_main_dae_daemons_qb1,true,false,true,true,false,true,,legendary_lords,wh3_main_skill_node_set_dae_daemon_prince,,1,general,false,false,,,,wh3_main_skill_node_dae_daemon_prince_slaanesh_3_1,wh3_main_skill_dae_slaanesh_campaign_ambush_success_chance,Devious Plotting,The expression of surprise on an ambushed foe's face is always a particularly delectable treat.,campaign_ambush.png,6,4,0,0,true,0,3,1,Devious Plotting,The expression of surprise on an ambushed foe's face is always a particularly delectable treat.,,,,,,wh_main_effect_force_army_campaign_ambush_attack_success_chance,Ambush success chance: %+n%,,general_to_force_own,10,campaign,101,true,icon_effects_ambush.png,icon_effects_ambush.png,,,,,,,,,,,,,,,,,,,,,,,character_skill_level_to_effects_junctions_tables,wh3_main_skill_dae_slaanesh_campaign_ambush_success_chance|wh_main_effect_force_army_campaign_ambush_attack_success_chance|1|general_to_force_own
effect,warhammer_3,8.1.1,24237342,Daemons of Chaos,daemons_of_chaos,wh3_main_sc_dae_daemons,Daemon Prince,Daemon_Prince,legendary_lord,wh3_main_dae_daemon_prince,general,general,wh3_main_dae_daemon_prince|wh3_main_dae_daemons_qb1,true,false,true,true,false,true,,legendary_lords,wh3_main_skill_node_set_dae_daemon_prince,,1,general,false,false,,,,wh3_main_skill_node_dae_daemon_prince_slaanesh_3_1,wh3_main_skill_dae_slaanesh_campaign_ambush_success_chance,Devious Plotting,The expression of surprise on an ambushed foe's face is always a particularly delectable treat.,campaign_ambush.png,6,4,0,0,true,0,3,2,Devious Plotting,The expression of surprise on an ambushed foe's face is always a particularly delectable treat.,,,,,,wh_main_effect_force_army_campaign_ambush_attack_success_chance,Ambush success chance: %+n%,,general_to_force_own,20,campaign,101,true,icon_effects_ambush.png,icon_effects_ambush.png,,,,,,,,,,,,,,,,,,,,,,,character_skill_level_to_effects_junctions_tables,wh3_main_skill_dae_slaanesh_campaign_ambush_success_chance|wh_main_effect_force_army_campaign_ambush_attack_success_chance|2|general_to_force_own
effect,warhammer_3,8.1.1,24237342,Daemons of Chaos,daemons_of_chaos,wh3_main_sc_dae_daemons,Daemon Prince,Daemon_Prince,legendary_lord,wh3_main_dae_daemon_prince,general,general,wh3_main_dae_daemon_prince|wh3_main_dae_daemons_qb1,true,false,true,true,false,true,,legendary_lords,wh3_main_skill_node_set_dae_daemon_prince,,1,general,false,false,,,,wh3_main_skill_node_dae_daemon_prince_slaanesh_3_1,wh3_main_skill_dae_slaanesh_campaign_ambush_success_chance,Devious Plotting,The expression of surprise on an ambushed foe's face is always a particularly delectable treat.,campaign_ambush.png,6,4,0,0,true,0,3,3,Devious Plotting,The expression of surprise on an ambushed foe's face is always a particularly delectable treat.,,,,,,wh_main_effect_force_army_campaign_ambush_attack_success_chance,Ambush success chance: %+n%,,general_to_force_own,30,campaign,101,true,icon_effects_ambush.png,icon_effects_ambush.png,,,,,,,,,,,,,,,,,,,,,,,character_skill_level_to_effects_junctions_tables,wh3_main_skill_dae_slaanesh_campaign_ambush_success_chance|wh_main_effect_force_army_campaign_ambush_attack_success_chance|3|general_to_force_own
node,warhammer_3,8.1.1,24237342,Daemons of Chaos,daemons_of_chaos,wh3_main_sc_dae_daemons,Daemon Prince,Daemon_Prince,legendary_lord,wh3_main_dae_daemon_prince,general,general,wh3_main_dae_daemon_prince|wh3_main_dae_daemons_qb1,true,false,true,true,false,true,,legendary_lords,wh3_main_skill_node_set_dae_daemon_prince,,1,general,false,false,,,,wh3_main_skill_node_dae_daemon_prince_tzeentch_3_1,wh3_main_skill_dae_tzeentch_campaign_diplomacy,Knowing Diplomat,"Every being desires change in some form or another, and a point of common interest is where all successful negotiations begin.",campaign_diplomacy.png,6,5,0,0,true,0,3,,,,,,,,,,,,,,,,,,,,,,,,,,,,,,,,,,,,,,,,,character_skill_nodes_tables,wh3_main_skill_node_dae_daemon_prince_tzeentch_3_1
effect,warhammer_3,8.1.1,24237342,Daemons of Chaos,daemons_of_chaos,wh3_main_sc_dae_daemons,Daemon Prince,Daemon_Prince,legendary_lord,wh3_main_dae_daemon_prince,general,general,wh3_main_dae_daemon_prince|wh3_main_dae_daemons_qb1,true,false,true,true,false,true,,legendary_lords,wh3_main_skill_node_set_dae_daemon_prince,,1,general,false,false,,,,wh3_main_skill_node_dae_daemon_prince_tzeentch_3_1,wh3_main_skill_dae_tzeentch_campaign_diplomacy,Knowing Diplomat,"Every being desires change in some form or another, and a point of common interest is where all successful negotiations begin.",campaign_diplomacy.png,6,5,0,0,true,0,3,1,Knowing Diplomat,"Every being desires change in some form or another, and a point of common interest is where all successful negotiations begin.",,,,,,wh_main_faction_political_diplomacy_mod,Diplomatic relations: %+n with all factions,,character_to_faction_unseen,5,campaign,5,true,diplomacy.png,diplomacy.png,,,,,,,,,,,,,,,,,,,,,,,character_skill_level_to_effects_junctions_tables,wh3_main_skill_dae_tzeentch_campaign_diplomacy|wh_main_faction_political_diplomacy_mod|1|character_to_faction_unseen
effect,warhammer_3,8.1.1,24237342,Daemons of Chaos,daemons_of_chaos,wh3_main_sc_dae_daemons,Daemon Prince,Daemon_Prince,legendary_lord,wh3_main_dae_daemon_prince,general,general,wh3_main_dae_daemon_prince|wh3_main_dae_daemons_qb1,true,false,true,true,false,true,,legendary_lords,wh3_main_skill_node_set_dae_daemon_prince,,1,general,false,false,,,,wh3_main_skill_node_dae_daemon_prince_tzeentch_3_1,wh3_main_skill_dae_tzeentch_campaign_diplomacy,Knowing Diplomat,"Every being desires change in some form or another, and a point of common interest is where all successful negotiations begin.",campaign_diplomacy.png,6,5,0,0,true,0,3,2,Knowing Diplomat,"Every being desires change in some form or another, and a point of common interest is where all successful negotiations begin.",,,,,,wh_main_faction_political_diplomacy_mod,Diplomatic relations: %+n with all factions,,character_to_faction_unseen,10,campaign,5,true,diplomacy.png,diplomacy.png,,,,,,,,,,,,,,,,,,,,,,,character_skill_level_to_effects_junctions_tables,wh3_main_skill_dae_tzeentch_campaign_diplomacy|wh_main_faction_political_diplomacy_mod|2|character_to_faction_unseen
effect,warhammer_3,8.1.1,24237342,Daemons of Chaos,daemons_of_chaos,wh3_main_sc_dae_daemons,Daemon Prince,Daemon_Prince,legendary_lord,wh3_main_dae_daemon_prince,general,general,wh3_main_dae_daemon_prince|wh3_main_dae_daemons_qb1,true,false,true,true,false,true,,legendary_lords,wh3_main_skill_node_set_dae_daemon_prince,,1,general,false,false,,,,wh3_main_skill_node_dae_daemon_prince_tzeentch_3_1,wh3_main_skill_dae_tzeentch_campaign_diplomacy,Knowing Diplomat,"Every being desires change in some form or another, and a point of common interest is where all successful negotiations begin.",campaign_diplomacy.png,6,5,0,0,true,0,3,3,Knowing Diplomat,"Every being desires change in some form or another, and a point of common interest is where all successful negotiations begin.",,,,,,wh_main_faction_political_diplomacy_mod,Diplomatic relations: %+n with all factions,,character_to_faction_unseen,15,campaign,5,true,diplomacy.png,diplomacy.png,,,,,,,,,,,,,,,,,,,,,,,character_skill_level_to_effects_junctions_tables,wh3_main_skill_dae_tzeentch_campaign_diplomacy|wh_main_faction_political_diplomacy_mod|3|character_to_faction_unseen
node,warhammer_3,8.1.1,24237342,Daemons of Chaos,daemons_of_chaos,wh3_main_sc_dae_daemons,Daemon Prince,Daemon_Prince,legendary_lord,wh3_main_dae_daemon_prince,general,general,wh3_main_dae_daemon_prince|wh3_main_dae_daemons_qb1,true,false,true,true,false,true,,legendary_lords,wh3_main_skill_node_set_dae_daemon_prince,,1,general,false,false,,,,wh3_main_skill_node_dae_daemon_prince_undivided_3_1,wh_main_skill_all_lord_campaign_lightning_strike,Lightning Strike,The time to strike is now!,campaign_subterfuge.png,7,1,0,0,true,0,3,,,,,,,,,,,,,,,,,,,,,,,,,,,,,,,,,,,,,,,,,character_skill_nodes_tables,wh3_main_skill_node_dae_daemon_prince_undivided_3_1
effect,warhammer_3,8.1.1,24237342,Daemons of Chaos,daemons_of_chaos,wh3_main_sc_dae_daemons,Daemon Prince,Daemon_Prince,legendary_lord,wh3_main_dae_daemon_prince,general,general,wh3_main_dae_daemon_prince|wh3_main_dae_daemons_qb1,true,false,true,true,false,true,,legendary_lords,wh3_main_skill_node_set_dae_daemon_prince,,1,general,false,false,,,,wh3_main_skill_node_dae_daemon_prince_undivided_3_1,wh_main_skill_all_lord_campaign_lightning_strike,Lightning Strike,The time to strike is now!,campaign_subterfuge.png,7,1,0,0,true,0,3,1,Lightning Strike,The time to strike is now!,,,,,,wh3_main_effect_opposing_reinforcement_time_percentage_mod,Enemy battle reinforcement time: %+n%,,general_to_force_own_unseen,25,both,101,true,military.png,military.png,,,,,,,,,,,,,,,,,,,,,,,character_skill_level_to_effects_junctions_tables,wh_main_skill_all_lord_campaign_lightning_strike|wh3_main_effect_opposing_reinforcement_time_percentage_mod|1|general_to_force_own_unseen
effect,warhammer_3,8.1.1,24237342,Daemons of Chaos,daemons_of_chaos,wh3_main_sc_dae_daemons,Daemon Prince,Daemon_Prince,legendary_lord,wh3_main_dae_daemon_prince,general,general,wh3_main_dae_daemon_prince|wh3_main_dae_daemons_qb1,true,false,true,true,false,true,,legendary_lords,wh3_main_skill_node_set_dae_daemon_prince,,1,general,false,false,,,,wh3_main_skill_node_dae_daemon_prince_undivided_3_1,wh_main_skill_all_lord_campaign_lightning_strike,Lightning Strike,The time to strike is now!,campaign_subterfuge.png,7,1,0,0,true,0,3,1,Lightning Strike,The time to strike is now!,,,,,,wh3_main_effect_own_reinforcement_time_percentage_mod,Battle reinforcement time: %+n%,,general_to_force_own_unseen,-10,both,101,false,military.png,military.png,,,,,,,,,,,,,,,,,,,,,,,character_skill_level_to_effects_junctions_tables,wh_main_skill_all_lord_campaign_lightning_strike|wh3_main_effect_own_reinforcement_time_percentage_mod|1|general_to_force_own_unseen
effect,warhammer_3,8.1.1,24237342,Daemons of Chaos,daemons_of_chaos,wh3_main_sc_dae_daemons,Daemon Prince,Daemon_Prince,legendary_lord,wh3_main_dae_daemon_prince,general,general,wh3_main_dae_daemon_prince|wh3_main_dae_daemons_qb1,true,false,true,true,false,true,,legendary_lords,wh3_main_skill_node_set_dae_daemon_prince,,1,general,false,false,,,,wh3_main_skill_node_dae_daemon_prince_undivided_3_1,wh_main_skill_all_lord_campaign_lightning_strike,Lightning Strike,The time to strike is now!,campaign_subterfuge.png,7,1,0,0,true,0,3,1,Lightning Strike,The time to strike is now!,,,,,,wh3_main_effect_reinforcement_adjustment_budget,Reinforcements supporting this army can have their arrival point adjusted by %+n metres without incurring any time penalty,,general_to_force_own_unseen,250,campaign,101,true,military.png,military.png,,,,,,,,,,,,,,,,,,,,,,,character_skill_level_to_effects_junctions_tables,wh_main_skill_all_lord_campaign_lightning_strike|wh3_main_effect_reinforcement_adjustment_budget|1|general_to_force_own_unseen
effect,warhammer_3,8.1.1,24237342,Daemons of Chaos,daemons_of_chaos,wh3_main_sc_dae_daemons,Daemon Prince,Daemon_Prince,legendary_lord,wh3_main_dae_daemon_prince,general,general,wh3_main_dae_daemon_prince|wh3_main_dae_daemons_qb1,true,false,true,true,false,true,,legendary_lords,wh3_main_skill_node_set_dae_daemon_prince,,1,general,false,false,,,,wh3_main_skill_node_dae_daemon_prince_undivided_3_1,wh_main_skill_all_lord_campaign_lightning_strike,Lightning Strike,The time to strike is now!,campaign_subterfuge.png,7,1,0,0,true,0,3,2,Lightning Strike,The time to strike is now!,,,,,,wh3_main_effect_opposing_reinforcement_time_percentage_mod,Enemy battle reinforcement time: %+n%,,general_to_force_own_unseen,50,both,101,true,military.png,military.png,,,,,,,,,,,,,,,,,,,,,,,character_skill_level_to_effects_junctions_tables,wh_main_skill_all_lord_campaign_lightning_strike|wh3_main_effect_opposing_reinforcement_time_percentage_mod|2|general_to_force_own_unseen
effect,warhammer_3,8.1.1,24237342,Daemons of Chaos,daemons_of_chaos,wh3_main_sc_dae_daemons,Daemon Prince,Daemon_Prince,legendary_lord,wh3_main_dae_daemon_prince,general,general,wh3_main_dae_daemon_prince|wh3_main_dae_daemons_qb1,true,false,true,true,false,true,,legendary_lords,wh3_main_skill_node_set_dae_daemon_prince,,1,general,false,false,,,,wh3_main_skill_node_dae_daemon_prince_undivided_3_1,wh_main_skill_all_lord_campaign_lightning_strike,Lightning Strike,The time to strike is now!,campaign_subterfuge.png,7,1,0,0,true,0,3,2,Lightning Strike,The time to strike is now!,,,,,,wh3_main_effect_own_reinforcement_time_percentage_mod,Battle reinforcement time: %+n%,,general_to_force_own_unseen,-20,both,101,false,military.png,military.png,,,,,,,,,,,,,,,,,,,,,,,character_skill_level_to_effects_junctions_tables,wh_main_skill_all_lord_campaign_lightning_strike|wh3_main_effect_own_reinforcement_time_percentage_mod|2|general_to_force_own_unseen
effect,warhammer_3,8.1.1,24237342,Daemons of Chaos,daemons_of_chaos,wh3_main_sc_dae_daemons,Daemon Prince,Daemon_Prince,legendary_lord,wh3_main_dae_daemon_prince,general,general,wh3_main_dae_daemon_prince|wh3_main_dae_daemons_qb1,true,false,true,true,false,true,,legendary_lords,wh3_main_skill_node_set_dae_daemon_prince,,1,general,false,false,,,,wh3_main_skill_node_dae_daemon_prince_undivided_3_1,wh_main_skill_all_lord_campaign_lightning_strike,Lightning Strike,The time to strike is now!,campaign_subterfuge.png,7,1,0,0,true,0,3,2,Lightning Strike,The time to strike is now!,,,,,,wh3_main_effect_reinforcement_adjustment_budget,Reinforcements supporting this army can have their arrival point adjusted by %+n metres without incurring any time penalty,,general_to_force_own_unseen,600,campaign,101,true,military.png,military.png,,,,,,,,,,,,,,,,,,,,,,,character_skill_level_to_effects_junctions_tables,wh_main_skill_all_lord_campaign_lightning_strike|wh3_main_effect_reinforcement_adjustment_budget|2|general_to_force_own_unseen
effect,warhammer_3,8.1.1,24237342,Daemons of Chaos,daemons_of_chaos,wh3_main_sc_dae_daemons,Daemon Prince,Daemon_Prince,legendary_lord,wh3_main_dae_daemon_prince,general,general,wh3_main_dae_daemon_prince|wh3_main_dae_daemons_qb1,true,false,true,true,false,true,,legendary_lords,wh3_main_skill_node_set_dae_daemon_prince,,1,general,false,false,,,,wh3_main_skill_node_dae_daemon_prince_undivided_3_1,wh_main_skill_all_lord_campaign_lightning_strike,Lightning Strike,The time to strike is now!,campaign_subterfuge.png,7,1,0,0,true,0,3,3,Lightning Strike,The time to strike is now!,,,,,,wh_main_effect_conquest_enable_night_battles,Enables lightning strike battles when reinforcements are present,The option to carry out a lightning strike battle will appear on the Pre-Battle panel. Enabling this prevents reinforcements from joining the battle but will cause your troops to start the battle with reduced Vigour.,character_to_character_own,1,campaign,10,true,subterfuge.png,subterfuge.png,,,,,,,,,,,,,,,,,,,,,,,character_skill_level_to_effects_junctions_tables,wh_main_skill_all_lord_campaign_lightning_strike|wh_main_effect_conquest_enable_night_battles|3|character_to_character_own
effect,warhammer_3,8.1.1,24237342,Daemons of Chaos,daemons_of_chaos,wh3_main_sc_dae_daemons,Daemon Prince,Daemon_Prince,legendary_lord,wh3_main_dae_daemon_prince,general,general,wh3_main_dae_daemon_prince|wh3_main_dae_daemons_qb1,true,false,true,true,false,true,,legendary_lords,wh3_main_skill_node_set_dae_daemon_prince,,1,general,false,false,,,,wh3_main_skill_node_dae_daemon_prince_undivided_3_1,wh_main_skill_all_lord_campaign_lightning_strike,Lightning Strike,The time to strike is now!,campaign_subterfuge.png,7,1,0,0,true,0,3,3,Lightning Strike,The time to strike is now!,,,,,,wh3_main_effect_opposing_reinforcement_time_percentage_mod,Enemy battle reinforcement time: %+n%,,general_to_force_own_unseen,50,both,101,true,military.png,military.png,,,,,,,,,,,,,,,,,,,,,,,character_skill_level_to_effects_junctions_tables,wh_main_skill_all_lord_campaign_lightning_strike|wh3_main_effect_opposing_reinforcement_time_percentage_mod|3|general_to_force_own_unseen
effect,warhammer_3,8.1.1,24237342,Daemons of Chaos,daemons_of_chaos,wh3_main_sc_dae_daemons,Daemon Prince,Daemon_Prince,legendary_lord,wh3_main_dae_daemon_prince,general,general,wh3_main_dae_daemon_prince|wh3_main_dae_daemons_qb1,true,false,true,true,false,true,,legendary_lords,wh3_main_skill_node_set_dae_daemon_prince,,1,general,false,false,,,,wh3_main_skill_node_dae_daemon_prince_undivided_3_1,wh_main_skill_all_lord_campaign_lightning_strike,Lightning Strike,The time to strike is now!,campaign_subterfuge.png,7,1,0,0,true,0,3,3,Lightning Strike,The time to strike is now!,,,,,,wh3_main_effect_own_reinforcement_time_percentage_mod,Battle reinforcement time: %+n%,,general_to_force_own_unseen,-30,both,101,false,military.png,military.png,,,,,,,,,,,,,,,,,,,,,,,character_skill_level_to_effects_junctions_tables,wh_main_skill_all_lord_campaign_lightning_strike|wh3_main_effect_own_reinforcement_time_percentage_mod|3|general_to_force_own_unseen
effect,warhammer_3,8.1.1,24237342,Daemons of Chaos,daemons_of_chaos,wh3_main_sc_dae_daemons,Daemon Prince,Daemon_Prince,legendary_lord,wh3_main_dae_daemon_prince,general,general,wh3_main_dae_daemon_prince|wh3_main_dae_daemons_qb1,true,false,true,true,false,true,,legendary_lords,wh3_main_skill_node_set_dae_daemon_prince,,1,general,false,false,,,,wh3_main_skill_node_dae_daemon_prince_undivided_3_1,wh_main_skill_all_lord_campaign_lightning_strike,Lightning Strike,The time to strike is now!,campaign_subterfuge.png,7,1,0,0,true,0,3,3,Lightning Strike,The time to strike is now!,,,,,,wh3_main_effect_reinforcement_adjustment_budget,Reinforcements supporting this army can have their arrival point adjusted by %+n metres without incurring any time penalty,,general_to_force_own_unseen,1000,campaign,101,true,military.png,military.png,,,,,,,,,,,,,,,,,,,,,,,character_skill_level_to_effects_junctions_tables,wh_main_skill_all_lord_campaign_lightning_strike|wh3_main_effect_reinforcement_adjustment_budget|3|general_to_force_own_unseen
node,warhammer_3,8.1.1,24237342,Daemons of Chaos,daemons_of_chaos,wh3_main_sc_dae_daemons,Daemon Prince,Daemon_Prince,legendary_lord,wh3_main_dae_daemon_prince,general,general,wh3_main_dae_daemon_prince|wh3_main_dae_daemons_qb1,true,false,true,true,false,true,,legendary_lords,wh3_main_skill_node_set_dae_daemon_prince,,1,general,false,false,,,,wh3_main_skill_node_dae_daemon_prince_khorne_3_2,wh3_main_skill_dae_lord_army_buff_4_2,Riders of Doom,"Astride terrifying mounts and riding rattling chariots of bone, the forces of Khorne are a whirlwind of pure destruction on the charge.",battle_charge.png,7,2,0,0,true,0,3,,,,,,,,,,,,,,,,,,,,,,,,,,,,,,,,,,,,,,,,,character_skill_nodes_tables,wh3_main_skill_node_dae_daemon_prince_khorne_3_2
effect,warhammer_3,8.1.1,24237342,Daemons of Chaos,daemons_of_chaos,wh3_main_sc_dae_daemons,Daemon Prince,Daemon_Prince,legendary_lord,wh3_main_dae_daemon_prince,general,general,wh3_main_dae_daemon_prince|wh3_main_dae_daemons_qb1,true,false,true,true,false,true,,legendary_lords,wh3_main_skill_node_set_dae_daemon_prince,,1,general,false,false,,,,wh3_main_skill_node_dae_daemon_prince_khorne_3_2,wh3_main_skill_dae_lord_army_buff_4_2,Riders of Doom,"Astride terrifying mounts and riding rattling chariots of bone, the forces of Khorne are a whirlwind of pure destruction on the charge.",battle_charge.png,7,2,0,0,true,0,3,1,Riders of Doom,"Astride terrifying mounts and riding rattling chariots of bone, the forces of Khorne are a whirlwind of pure destruction on the charge.",,,,,,wh3_main_effect_force_stat_charge_bonus_pct_kho_gorebeast_crushers,"Charge bonus: %+n% for Gorebeast Chariot of Khorne, Skullcannon, Bloodcrushers of Khorne and Skullcrushers of Khorne units",,general_to_force_own,12,battle,501,true,charge.png,charge.png,,,,,,,,,,,,,,,,,,,,,,,character_skill_level_to_effects_junctions_tables,wh3_main_skill_dae_lord_army_buff_4_2|wh3_main_effect_force_stat_charge_bonus_pct_kho_gorebeast_crushers|1|general_to_force_own
effect,warhammer_3,8.1.1,24237342,Daemons of Chaos,daemons_of_chaos,wh3_main_sc_dae_daemons,Daemon Prince,Daemon_Prince,legendary_lord,wh3_main_dae_daemon_prince,general,general,wh3_main_dae_daemon_prince|wh3_main_dae_daemons_qb1,true,false,true,true,false,true,,legendary_lords,wh3_main_skill_node_set_dae_daemon_prince,,1,general,false,false,,,,wh3_main_skill_node_dae_daemon_prince_khorne_3_2,wh3_main_skill_dae_lord_army_buff_4_2,Riders of Doom,"Astride terrifying mounts and riding rattling chariots of bone, the forces of Khorne are a whirlwind of pure destruction on the charge.",battle_charge.png,7,2,0,0,true,0,3,2,Riders of Doom,"Astride terrifying mounts and riding rattling chariots of bone, the forces of Khorne are a whirlwind of pure destruction on the charge.",,,,,,wh3_main_effect_force_stat_charge_bonus_pct_kho_gorebeast_crushers,"Charge bonus: %+n% for Gorebeast Chariot of Khorne, Skullcannon, Bloodcrushers of Khorne and Skullcrushers of Khorne units",,general_to_force_own,15,battle,501,true,charge.png,charge.png,,,,,,,,,,,,,,,,,,,,,,,character_skill_level_to_effects_junctions_tables,wh3_main_skill_dae_lord_army_buff_4_2|wh3_main_effect_force_stat_charge_bonus_pct_kho_gorebeast_crushers|2|general_to_force_own
effect,warhammer_3,8.1.1,24237342,Daemons of Chaos,daemons_of_chaos,wh3_main_sc_dae_daemons,Daemon Prince,Daemon_Prince,legendary_lord,wh3_main_dae_daemon_prince,general,general,wh3_main_dae_daemon_prince|wh3_main_dae_daemons_qb1,true,false,true,true,false,true,,legendary_lords,wh3_main_skill_node_set_dae_daemon_prince,,1,general,false,false,,,,wh3_main_skill_node_dae_daemon_prince_khorne_3_2,wh3_main_skill_dae_lord_army_buff_4_2,Riders of Doom,"Astride terrifying mounts and riding rattling chariots of bone, the forces of Khorne are a whirlwind of pure destruction on the charge.",battle_charge.png,7,2,0,0,true,0,3,2,Riders of Doom,"Astride terrifying mounts and riding rattling chariots of bone, the forces of Khorne are a whirlwind of pure destruction on the charge.",,,,,,wh3_main_effect_force_stat_speed_pct_kho_gorebeast_crushers,"Speed: %+n% for Gorebeast Chariot of Khorne, Skullcannon, Bloodcrushers of Khorne and Skullcrushers of Khorne units",,general_to_force_own,5,battle,422,true,battle_movement.png,battle_movement.png,,,,,,,,,,,,,,,,,,,,,,,character_skill_level_to_effects_junctions_tables,wh3_main_skill_dae_lord_army_buff_4_2|wh3_main_effect_force_stat_speed_pct_kho_gorebeast_crushers|2|general_to_force_own
effect,warhammer_3,8.1.1,24237342,Daemons of Chaos,daemons_of_chaos,wh3_main_sc_dae_daemons,Daemon Prince,Daemon_Prince,legendary_lord,wh3_main_dae_daemon_prince,general,general,wh3_main_dae_daemon_prince|wh3_main_dae_daemons_qb1,true,false,true,true,false,true,,legendary_lords,wh3_main_skill_node_set_dae_daemon_prince,,1,general,false,false,,,,wh3_main_skill_node_dae_daemon_prince_khorne_3_2,wh3_main_skill_dae_lord_army_buff_4_2,Riders of Doom,"Astride terrifying mounts and riding rattling chariots of bone, the forces of Khorne are a whirlwind of pure destruction on the charge.",battle_charge.png,7,2,0,0,true,0,3,3,Riders of Doom,"Astride terrifying mounts and riding rattling chariots of bone, the forces of Khorne are a whirlwind of pure destruction on the charge.",,,,,,wh3_main_effect_force_stat_charge_bonus_pct_kho_gorebeast_crushers,"Charge bonus: %+n% for Gorebeast Chariot of Khorne, Skullcannon, Bloodcrushers of Khorne and Skullcrushers of Khorne units",,general_to_force_own,18,battle,501,true,charge.png,charge.png,,,,,,,,,,,,,,,,,,,,,,,character_skill_level_to_effects_junctions_tables,wh3_main_skill_dae_lord_army_buff_4_2|wh3_main_effect_force_stat_charge_bonus_pct_kho_gorebeast_crushers|3|general_to_force_own
effect,warhammer_3,8.1.1,24237342,Daemons of Chaos,daemons_of_chaos,wh3_main_sc_dae_daemons,Daemon Prince,Daemon_Prince,legendary_lord,wh3_main_dae_daemon_prince,general,general,wh3_main_dae_daemon_prince|wh3_main_dae_daemons_qb1,true,false,true,true,false,true,,legendary_lords,wh3_main_skill_node_set_dae_daemon_prince,,1,general,false,false,,,,wh3_main_skill_node_dae_daemon_prince_khorne_3_2,wh3_main_skill_dae_lord_army_buff_4_2,Riders of Doom,"Astride terrifying mounts and riding rattling chariots of bone, the forces of Khorne are a whirlwind of pure destruction on the charge.",battle_charge.png,7,2,0,0,true,0,3,3,Riders of Doom,"Astride terrifying mounts and riding rattling chariots of bone, the forces of Khorne are a whirlwind of pure destruction on the charge.",,,,,,wh3_main_effect_force_stat_speed_pct_kho_gorebeast_crushers,"Speed: %+n% for Gorebeast Chariot of Khorne, Skullcannon, Bloodcrushers of Khorne and Skullcrushers of Khorne units",,general_to_force_own,10,battle,422,true,battle_movement.png,battle_movement.png,,,,,,,,,,,,,,,,,,,,,,,character_skill_level_to_effects_junctions_tables,wh3_main_skill_dae_lord_army_buff_4_2|wh3_main_effect_force_stat_speed_pct_kho_gorebeast_crushers|3|general_to_force_own
node,warhammer_3,8.1.1,24237342,Daemons of Chaos,daemons_of_chaos,wh3_main_sc_dae_daemons,Daemon Prince,Daemon_Prince,legendary_lord,wh3_main_dae_daemon_prince,general,general,wh3_main_dae_daemon_prince|wh3_main_dae_daemons_qb1,true,false,true,true,false,true,,legendary_lords,wh3_main_skill_node_set_dae_daemon_prince,,1,general,false,false,,,,wh3_main_skill_node_dae_daemon_prince_nurgle_3_2,wh3_main_skill_dae_lord_army_buff_1_2,Plague Spreaders,"The pox-ridden plague sweeps down upon its victims, like all the best virulent diseases.",battle_speed.png,7,3,0,0,true,0,3,,,,,,,,,,,,,,,,,,,,,,,,,,,,,,,,,,,,,,,,,character_skill_nodes_tables,wh3_main_skill_node_dae_daemon_prince_nurgle_3_2
effect,warhammer_3,8.1.1,24237342,Daemons of Chaos,daemons_of_chaos,wh3_main_sc_dae_daemons,Daemon Prince,Daemon_Prince,legendary_lord,wh3_main_dae_daemon_prince,general,general,wh3_main_dae_daemon_prince|wh3_main_dae_daemons_qb1,true,false,true,true,false,true,,legendary_lords,wh3_main_skill_node_set_dae_daemon_prince,,1,general,false,false,,,,wh3_main_skill_node_dae_daemon_prince_nurgle_3_2,wh3_main_skill_dae_lord_army_buff_1_2,Plague Spreaders,"The pox-ridden plague sweeps down upon its victims, like all the best virulent diseases.",battle_speed.png,7,3,0,0,true,0,3,1,Plague Spreaders,"The pox-ridden plague sweeps down upon its victims, like all the best virulent diseases.",,,,,,wh3_main_effect_force_stat_speed_nur_furies_rot_flies_plague_drones,"Speed: %+n% for Chaos Furies, Rot Flies and Plague Drones of Nurgle units",,general_to_force_own,3,battle,582,true,battle_movement.png,battle_movement.png,,,,,,,,,,,,,,,,,,,,,,,character_skill_level_to_effects_junctions_tables,wh3_main_skill_dae_lord_army_buff_1_2|wh3_main_effect_force_stat_speed_nur_furies_rot_flies_plague_drones|1|general_to_force_own
effect,warhammer_3,8.1.1,24237342,Daemons of Chaos,daemons_of_chaos,wh3_main_sc_dae_daemons,Daemon Prince,Daemon_Prince,legendary_lord,wh3_main_dae_daemon_prince,general,general,wh3_main_dae_daemon_prince|wh3_main_dae_daemons_qb1,true,false,true,true,false,true,,legendary_lords,wh3_main_skill_node_set_dae_daemon_prince,,1,general,false,false,,,,wh3_main_skill_node_dae_daemon_prince_nurgle_3_2,wh3_main_skill_dae_lord_army_buff_1_2,Plague Spreaders,"The pox-ridden plague sweeps down upon its victims, like all the best virulent diseases.",battle_speed.png,7,3,0,0,true,0,3,2,Plague Spreaders,"The pox-ridden plague sweeps down upon its victims, like all the best virulent diseases.",,,,,,wh3_main_effect_force_stat_speed_nur_furies_rot_flies_plague_drones,"Speed: %+n% for Chaos Furies, Rot Flies and Plague Drones of Nurgle units",,general_to_force_own,6,battle,582,true,battle_movement.png,battle_movement.png,,,,,,,,,,,,,,,,,,,,,,,character_skill_level_to_effects_junctions_tables,wh3_main_skill_dae_lord_army_buff_1_2|wh3_main_effect_force_stat_speed_nur_furies_rot_flies_plague_drones|2|general_to_force_own
effect,warhammer_3,8.1.1,24237342,Daemons of Chaos,daemons_of_chaos,wh3_main_sc_dae_daemons,Daemon Prince,Daemon_Prince,legendary_lord,wh3_main_dae_daemon_prince,general,general,wh3_main_dae_daemon_prince|wh3_main_dae_daemons_qb1,true,false,true,true,false,true,,legendary_lords,wh3_main_skill_node_set_dae_daemon_prince,,1,general,false,false,,,,wh3_main_skill_node_dae_daemon_prince_nurgle_3_2,wh3_main_skill_dae_lord_army_buff_1_2,Plague Spreaders,"The pox-ridden plague sweeps down upon its victims, like all the best virulent diseases.",battle_speed.png,7,3,0,0,true,0,3,2,Plague Spreaders,"The pox-ridden plague sweeps down upon its victims, like all the best virulent diseases.",,,,,,wh3_main_effect_force_stat_weapon_strength_nur_furies_rot_flies_plague_drones,"Weapon strength: %n% for Chaos Furies, Rot Flies, Warhounds (poison) and Plague Drones of Nurgle units",,general_to_force_own,5,battle,582,true,weapon_damage.png,weapon_damage.png,,,,,,,,,,,,,,,,,,,,,,,character_skill_level_to_effects_junctions_tables,wh3_main_skill_dae_lord_army_buff_1_2|wh3_main_effect_force_stat_weapon_strength_nur_furies_rot_flies_plague_drones|2|general_to_force_own
effect,warhammer_3,8.1.1,24237342,Daemons of Chaos,daemons_of_chaos,wh3_main_sc_dae_daemons,Daemon Prince,Daemon_Prince,legendary_lord,wh3_main_dae_daemon_prince,general,general,wh3_main_dae_daemon_prince|wh3_main_dae_daemons_qb1,true,false,true,true,false,true,,legendary_lords,wh3_main_skill_node_set_dae_daemon_prince,,1,general,false,false,,,,wh3_main_skill_node_dae_daemon_prince_nurgle_3_2,wh3_main_skill_dae_lord_army_buff_1_2,Plague Spreaders,"The pox-ridden plague sweeps down upon its victims, like all the best virulent diseases.",battle_speed.png,7,3,0,0,true,0,3,3,Plague Spreaders,"The pox-ridden plague sweeps down upon its victims, like all the best virulent diseases.",,,,,,wh3_main_effect_force_stat_speed_nur_furies_rot_flies_plague_drones,"Speed: %+n% for Chaos Furies, Rot Flies and Plague Drones of Nurgle units",,general_to_force_own,9,battle,582,true,battle_movement.png,battle_movement.png,,,,,,,,,,,,,,,,,,,,,,,character_skill_level_to_effects_junctions_tables,wh3_main_skill_dae_lord_army_buff_1_2|wh3_main_effect_force_stat_speed_nur_furies_rot_flies_plague_drones|3|general_to_force_own
effect,warhammer_3,8.1.1,24237342,Daemons of Chaos,daemons_of_chaos,wh3_main_sc_dae_daemons,Daemon Prince,Daemon_Prince,legendary_lord,wh3_main_dae_daemon_prince,general,general,wh3_main_dae_daemon_prince|wh3_main_dae_daemons_qb1,true,false,true,true,false,true,,legendary_lords,wh3_main_skill_node_set_dae_daemon_prince,,1,general,false,false,,,,wh3_main_skill_node_dae_daemon_prince_nurgle_3_2,wh3_main_skill_dae_lord_army_buff_1_2,Plague Spreaders,"The pox-ridden plague sweeps down upon its victims, like all the best virulent diseases.",battle_speed.png,7,3,0,0,true,0,3,3,Plague Spreaders,"The pox-ridden plague sweeps down upon its victims, like all the best virulent diseases.",,,,,,wh3_main_effect_force_stat_weapon_strength_nur_furies_rot_flies_plague_drones,"Weapon strength: %n% for Chaos Furies, Rot Flies, Warhounds (poison) and Plague Drones of Nurgle units",,general_to_force_own,10,battle,582,true,weapon_damage.png,weapon_damage.png,,,,,,,,,,,,,,,,,,,,,,,character_skill_level_to_effects_junctions_tables,wh3_main_skill_dae_lord_army_buff_1_2|wh3_main_effect_force_stat_weapon_strength_nur_furies_rot_flies_plague_drones|3|general_to_force_own
node,warhammer_3,8.1.1,24237342,Daemons of Chaos,daemons_of_chaos,wh3_main_sc_dae_daemons,Daemon Prince,Daemon_Prince,legendary_lord,wh3_main_dae_daemon_prince,general,general,wh3_main_dae_daemon_prince|wh3_main_dae_daemons_qb1,true,false,true,true,false,true,,legendary_lords,wh3_main_skill_node_set_dae_daemon_prince,,1,general,false,false,,,,wh3_main_skill_node_dae_daemon_prince_slaanesh_3_2,wh3_main_skill_dae_lord_army_buff_2_3,Enticing Colossi,"Even the most monstrous creatures in the Dark Prince's armies possess a horrific sort of beauty, lulling their victims into the most fatal kind of complacency.",battle_armour.png,7,4,0,0,true,0,3,,,,,,,,,,,,,,,,,,,,,,,,,,,,,,,,,,,,,,,,,character_skill_nodes_tables,wh3_main_skill_node_dae_daemon_prince_slaanesh_3_2
effect,warhammer_3,8.1.1,24237342,Daemons of Chaos,daemons_of_chaos,wh3_main_sc_dae_daemons,Daemon Prince,Daemon_Prince,legendary_lord,wh3_main_dae_daemon_prince,general,general,wh3_main_dae_daemon_prince|wh3_main_dae_daemons_qb1,true,false,true,true,false,true,,legendary_lords,wh3_main_skill_node_set_dae_daemon_prince,,1,general,false,false,,,,wh3_main_skill_node_dae_daemon_prince_slaanesh_3_2,wh3_main_skill_dae_lord_army_buff_2_3,Enticing Colossi,"Even the most monstrous creatures in the Dark Prince's armies possess a horrific sort of beauty, lulling their victims into the most fatal kind of complacency.",battle_armour.png,7,4,0,0,true,0,3,1,Enticing Colossi,"Even the most monstrous creatures in the Dark Prince's armies possess a horrific sort of beauty, lulling their victims into the most fatal kind of complacency.",,,,,,wh3_main_effect_force_stat_armour_sla_marauders_furies_spawn_fiends,"Armour: %+n for Chaos Furies, Spawn of Slaanesh, Champions of Slaanesh and Fiends of Slaanesh units",,general_to_force_own,10,battle,401,true,armour.png,armour.png,,,,,,,,,,,,,,,,,,,,,,,character_skill_level_to_effects_junctions_tables,wh3_main_skill_dae_lord_army_buff_2_3|wh3_main_effect_force_stat_armour_sla_marauders_furies_spawn_fiends|1|general_to_force_own
effect,warhammer_3,8.1.1,24237342,Daemons of Chaos,daemons_of_chaos,wh3_main_sc_dae_daemons,Daemon Prince,Daemon_Prince,legendary_lord,wh3_main_dae_daemon_prince,general,general,wh3_main_dae_daemon_prince|wh3_main_dae_daemons_qb1,true,false,true,true,false,true,,legendary_lords,wh3_main_skill_node_set_dae_daemon_prince,,1,general,false,false,,,,wh3_main_skill_node_dae_daemon_prince_slaanesh_3_2,wh3_main_skill_dae_lord_army_buff_2_3,Enticing Colossi,"Even the most monstrous creatures in the Dark Prince's armies possess a horrific sort of beauty, lulling their victims into the most fatal kind of complacency.",battle_armour.png,7,4,0,0,true,0,3,2,Enticing Colossi,"Even the most monstrous creatures in the Dark Prince's armies possess a horrific sort of beauty, lulling their victims into the most fatal kind of complacency.",,,,,,wh3_main_effect_force_stat_armour_sla_marauders_furies_spawn_fiends,"Armour: %+n for Chaos Furies, Spawn of Slaanesh, Champions of Slaanesh and Fiends of Slaanesh units",,general_to_force_own,15,battle,401,true,armour.png,armour.png,,,,,,,,,,,,,,,,,,,,,,,character_skill_level_to_effects_junctions_tables,wh3_main_skill_dae_lord_army_buff_2_3|wh3_main_effect_force_stat_armour_sla_marauders_furies_spawn_fiends|2|general_to_force_own
effect,warhammer_3,8.1.1,24237342,Daemons of Chaos,daemons_of_chaos,wh3_main_sc_dae_daemons,Daemon Prince,Daemon_Prince,legendary_lord,wh3_main_dae_daemon_prince,general,general,wh3_main_dae_daemon_prince|wh3_main_dae_daemons_qb1,true,false,true,true,false,true,,legendary_lords,wh3_main_skill_node_set_dae_daemon_prince,,1,general,false,false,,,,wh3_main_skill_node_dae_daemon_prince_slaanesh_3_2,wh3_main_skill_dae_lord_army_buff_2_3,Enticing Colossi,"Even the most monstrous creatures in the Dark Prince's armies possess a horrific sort of beauty, lulling their victims into the most fatal kind of complacency.",battle_armour.png,7,4,0,0,true,0,3,2,Enticing Colossi,"Even the most monstrous creatures in the Dark Prince's armies possess a horrific sort of beauty, lulling their victims into the most fatal kind of complacency.",,,,,,wh3_main_effect_force_stat_melee_defence_sla_furies_spawn_fiends,"Melee Defence: %+n for Chaos Furies, Spawn of Slaanesh, Champions of Slaanesh and Fiends of Slaanesh units",,general_to_force_own,5,battle,451,true,defence.png,defence.png,,,,,,,,,,,,,,,,,,,,,,,character_skill_level_to_effects_junctions_tables,wh3_main_skill_dae_lord_army_buff_2_3|wh3_main_effect_force_stat_melee_defence_sla_furies_spawn_fiends|2|general_to_force_own
effect,warhammer_3,8.1.1,24237342,Daemons of Chaos,daemons_of_chaos,wh3_main_sc_dae_daemons,Daemon Prince,Daemon_Prince,legendary_lord,wh3_main_dae_daemon_prince,general,general,wh3_main_dae_daemon_prince|wh3_main_dae_daemons_qb1,true,false,true,true,false,true,,legendary_lords,wh3_main_skill_node_set_dae_daemon_prince,,1,general,false,false,,,,wh3_main_skill_node_dae_daemon_prince_slaanesh_3_2,wh3_main_skill_dae_lord_army_buff_2_3,Enticing Colossi,"Even the most monstrous creatures in the Dark Prince's armies possess a horrific sort of beauty, lulling their victims into the most fatal kind of complacency.",battle_armour.png,7,4,0,0,true,0,3,3,Enticing Colossi,"Even the most monstrous creatures in the Dark Prince's armies possess a horrific sort of beauty, lulling their victims into the most fatal kind of complacency.",,,,,,wh3_main_effect_force_stat_armour_sla_marauders_furies_spawn_fiends,"Armour: %+n for Chaos Furies, Spawn of Slaanesh, Champions of Slaanesh and Fiends of Slaanesh units",,general_to_force_own,20,battle,401,true,armour.png,armour.png,,,,,,,,,,,,,,,,,,,,,,,character_skill_level_to_effects_junctions_tables,wh3_main_skill_dae_lord_army_buff_2_3|wh3_main_effect_force_stat_armour_sla_marauders_furies_spawn_fiends|3|general_to_force_own
effect,warhammer_3,8.1.1,24237342,Daemons of Chaos,daemons_of_chaos,wh3_main_sc_dae_daemons,Daemon Prince,Daemon_Prince,legendary_lord,wh3_main_dae_daemon_prince,general,general,wh3_main_dae_daemon_prince|wh3_main_dae_daemons_qb1,true,false,true,true,false,true,,legendary_lords,wh3_main_skill_node_set_dae_daemon_prince,,1,general,false,false,,,,wh3_main_skill_node_dae_daemon_prince_slaanesh_3_2,wh3_main_skill_dae_lord_army_buff_2_3,Enticing Colossi,"Even the most monstrous creatures in the Dark Prince's armies possess a horrific sort of beauty, lulling their victims into the most fatal kind of complacency.",battle_armour.png,7,4,0,0,true,0,3,3,Enticing Colossi,"Even the most monstrous creatures in the Dark Prince's armies possess a horrific sort of beauty, lulling their victims into the most fatal kind of complacency.",,,,,,wh3_main_effect_force_stat_melee_defence_sla_furies_spawn_fiends,"Melee Defence: %+n for Chaos Furies, Spawn of Slaanesh, Champions of Slaanesh and Fiends of Slaanesh units",,general_to_force_own,10,battle,451,true,defence.png,defence.png,,,,,,,,,,,,,,,,,,,,,,,character_skill_level_to_effects_junctions_tables,wh3_main_skill_dae_lord_army_buff_2_3|wh3_main_effect_force_stat_melee_defence_sla_furies_spawn_fiends|3|general_to_force_own
node,warhammer_3,8.1.1,24237342,Daemons of Chaos,daemons_of_chaos,wh3_main_sc_dae_daemons,Daemon Prince,Daemon_Prince,legendary_lord,wh3_main_dae_daemon_prince,general,general,wh3_main_dae_daemon_prince|wh3_main_dae_daemons_qb1,true,false,true,true,false,true,,legendary_lords,wh3_main_skill_node_set_dae_daemon_prince,,1,general,false,false,,,,wh3_main_skill_node_dae_daemon_prince_tzeentch_3_2,wh3_main_skill_dae_lord_army_buff_3_2,Riders of Revision,"Racing into battle at great speed, the Tzeentchian cavalry put every bit of their momentum into each and every strike.",battle_damage.png,7,5,0,0,true,0,3,,,,,,,,,,,,,,,,,,,,,,,,,,,,,,,,,,,,,,,,,character_skill_nodes_tables,wh3_main_skill_node_dae_daemon_prince_tzeentch_3_2
effect,warhammer_3,8.1.1,24237342,Daemons of Chaos,daemons_of_chaos,wh3_main_sc_dae_daemons,Daemon Prince,Daemon_Prince,legendary_lord,wh3_main_dae_daemon_prince,general,general,wh3_main_dae_daemon_prince|wh3_main_dae_daemons_qb1,true,false,true,true,false,true,,legendary_lords,wh3_main_skill_node_set_dae_daemon_prince,,1,general,false,false,,,,wh3_main_skill_node_dae_daemon_prince_tzeentch_3_2,wh3_main_skill_dae_lord_army_buff_3_2,Riders of Revision,"Racing into battle at great speed, the Tzeentchian cavalry put every bit of their momentum into each and every strike.",battle_damage.png,7,5,0,0,true,0,3,1,Riders of Revision,"Racing into battle at great speed, the Tzeentchian cavalry put every bit of their momentum into each and every strike.",,,,,,wh3_main_effect_force_stat_weapon_strength_tze_cav_chariot,"Weapon strength: %+n% for Chaos Knights of Tzeentch, Doom Knights of Tzeentch and Burning Chariot of Tzeentch units",,general_to_force_own,5,battle,462,true,weapon_damage.png,weapon_damage.png,,,,,,,,,,,,,,,,,,,,,,,character_skill_level_to_effects_junctions_tables,wh3_main_skill_dae_lord_army_buff_3_2|wh3_main_effect_force_stat_weapon_strength_tze_cav_chariot|1|general_to_force_own
effect,warhammer_3,8.1.1,24237342,Daemons of Chaos,daemons_of_chaos,wh3_main_sc_dae_daemons,Daemon Prince,Daemon_Prince,legendary_lord,wh3_main_dae_daemon_prince,general,general,wh3_main_dae_daemon_prince|wh3_main_dae_daemons_qb1,true,false,true,true,false,true,,legendary_lords,wh3_main_skill_node_set_dae_daemon_prince,,1,general,false,false,,,,wh3_main_skill_node_dae_daemon_prince_tzeentch_3_2,wh3_main_skill_dae_lord_army_buff_3_2,Riders of Revision,"Racing into battle at great speed, the Tzeentchian cavalry put every bit of their momentum into each and every strike.",battle_damage.png,7,5,0,0,true,0,3,2,Riders of Revision,"Racing into battle at great speed, the Tzeentchian cavalry put every bit of their momentum into each and every strike.",,,,,,wh3_main_effect_force_stat_barrier_tze_cav_chariot,"Barrier: %+n% for Chaos Knights of Tzeentch, Doom Knights of Tzeentch and Burning Chariot of Tzeentch units",,general_to_force_own,10,battle,91,true,barrier.png,barrier.png,,,,,,,,,,,,,,,,,,,,,,,character_skill_level_to_effects_junctions_tables,wh3_main_skill_dae_lord_army_buff_3_2|wh3_main_effect_force_stat_barrier_tze_cav_chariot|2|general_to_force_own
effect,warhammer_3,8.1.1,24237342,Daemons of Chaos,daemons_of_chaos,wh3_main_sc_dae_daemons,Daemon Prince,Daemon_Prince,legendary_lord,wh3_main_dae_daemon_prince,general,general,wh3_main_dae_daemon_prince|wh3_main_dae_daemons_qb1,true,false,true,true,false,true,,legendary_lords,wh3_main_skill_node_set_dae_daemon_prince,,1,general,false,false,,,,wh3_main_skill_node_dae_daemon_prince_tzeentch_3_2,wh3_main_skill_dae_lord_army_buff_3_2,Riders of Revision,"Racing into battle at great speed, the Tzeentchian cavalry put every bit of their momentum into each and every strike.",battle_damage.png,7,5,0,0,true,0,3,2,Riders of Revision,"Racing into battle at great speed, the Tzeentchian cavalry put every bit of their momentum into each and every strike.",,,,,,wh3_main_effect_force_stat_weapon_strength_tze_cav_chariot,"Weapon strength: %+n% for Chaos Knights of Tzeentch, Doom Knights of Tzeentch and Burning Chariot of Tzeentch units",,general_to_force_own,8,battle,462,true,weapon_damage.png,weapon_damage.png,,,,,,,,,,,,,,,,,,,,,,,character_skill_level_to_effects_junctions_tables,wh3_main_skill_dae_lord_army_buff_3_2|wh3_main_effect_force_stat_weapon_strength_tze_cav_chariot|2|general_to_force_own
effect,warhammer_3,8.1.1,24237342,Daemons of Chaos,daemons_of_chaos,wh3_main_sc_dae_daemons,Daemon Prince,Daemon_Prince,legendary_lord,wh3_main_dae_daemon_prince,general,general,wh3_main_dae_daemon_prince|wh3_main_dae_daemons_qb1,true,false,true,true,false,true,,legendary_lords,wh3_main_skill_node_set_dae_daemon_prince,,1,general,false,false,,,,wh3_main_skill_node_dae_daemon_prince_tzeentch_3_2,wh3_main_skill_dae_lord_army_buff_3_2,Riders of Revision,"Racing into battle at great speed, the Tzeentchian cavalry put every bit of their momentum into each and every strike.",battle_damage.png,7,5,0,0,true,0,3,3,Riders of Revision,"Racing into battle at great speed, the Tzeentchian cavalry put every bit of their momentum into each and every strike.",,,,,,wh3_main_effect_force_stat_barrier_tze_cav_chariot,"Barrier: %+n% for Chaos Knights of Tzeentch, Doom Knights of Tzeentch and Burning Chariot of Tzeentch units",,general_to_force_own,15,battle,91,true,barrier.png,barrier.png,,,,,,,,,,,,,,,,,,,,,,,character_skill_level_to_effects_junctions_tables,wh3_main_skill_dae_lord_army_buff_3_2|wh3_main_effect_force_stat_barrier_tze_cav_chariot|3|general_to_force_own
effect,warhammer_3,8.1.1,24237342,Daemons of Chaos,daemons_of_chaos,wh3_main_sc_dae_daemons,Daemon Prince,Daemon_Prince,legendary_lord,wh3_main_dae_daemon_prince,general,general,wh3_main_dae_daemon_prince|wh3_main_dae_daemons_qb1,true,false,true,true,false,true,,legendary_lords,wh3_main_skill_node_set_dae_daemon_prince,,1,general,false,false,,,,wh3_main_skill_node_dae_daemon_prince_tzeentch_3_2,wh3_main_skill_dae_lord_army_buff_3_2,Riders of Revision,"Racing into battle at great speed, the Tzeentchian cavalry put every bit of their momentum into each and every strike.",battle_damage.png,7,5,0,0,true,0,3,3,Riders of Revision,"Racing into battle at great speed, the Tzeentchian cavalry put every bit of their momentum into each and every strike.",,,,,,wh3_main_effect_force_stat_weapon_strength_tze_cav_chariot,"Weapon strength: %+n% for Chaos Knights of Tzeentch, Doom Knights of Tzeentch and Burning Chariot of Tzeentch units",,general_to_force_own,12,battle,462,true,weapon_damage.png,weapon_damage.png,,,,,,,,,,,,,,,,,,,,,,,character_skill_level_to_effects_junctions_tables,wh3_main_skill_dae_lord_army_buff_3_2|wh3_main_effect_force_stat_weapon_strength_tze_cav_chariot|3|general_to_force_own
node,warhammer_3,8.1.1,24237342,Daemons of Chaos,daemons_of_chaos,wh3_main_sc_dae_daemons,Daemon Prince,Daemon_Prince,legendary_lord,wh3_main_dae_daemon_prince,general,general,wh3_main_dae_daemon_prince|wh3_main_dae_daemons_qb1,true,false,true,true,false,true,,legendary_lords,wh3_main_skill_node_set_dae_daemon_prince,,1,general,false,false,,,,wh3_main_skill_node_dae_daemon_prince_undivided_3_2,wh3_main_skill_dae_undivided_campaign_khorne_units,Vengeful Companions,"Raging and roaring in the cause of Chaos Undivided, the forces of Khorne bray for battle with even greater fury.",campaign_military_spending.png,8,1,0,0,true,0,3,,,,,,,,,,,,,,,,,,,,,,,,,,,,,,,,,,,,,,,,,character_skill_nodes_tables,wh3_main_skill_node_dae_daemon_prince_undivided_3_2
effect,warhammer_3,8.1.1,24237342,Daemons of Chaos,daemons_of_chaos,wh3_main_sc_dae_daemons,Daemon Prince,Daemon_Prince,legendary_lord,wh3_main_dae_daemon_prince,general,general,wh3_main_dae_daemon_prince|wh3_main_dae_daemons_qb1,true,false,true,true,false,true,,legendary_lords,wh3_main_skill_node_set_dae_daemon_prince,,1,general,false,false,,,,wh3_main_skill_node_dae_daemon_prince_undivided_3_2,wh3_main_skill_dae_undivided_campaign_khorne_units,Vengeful Companions,"Raging and roaring in the cause of Chaos Undivided, the forces of Khorne bray for battle with even greater fury.",campaign_military_spending.png,8,1,0,0,true,0,3,1,Vengeful Companions,"Raging and roaring in the cause of Chaos Undivided, the forces of Khorne bray for battle with even greater fury.",,,,,,wh3_main_effect_upkeep_kho_all,Upkeep: %+n% for Khorne units,,general_to_force_own,-3,campaign,105,false,military_spending.png,military_spending.png,,,,,,,,,,,,,,,,,,,,,,,character_skill_level_to_effects_junctions_tables,wh3_main_skill_dae_undivided_campaign_khorne_units|wh3_main_effect_upkeep_kho_all|1|general_to_force_own
effect,warhammer_3,8.1.1,24237342,Daemons of Chaos,daemons_of_chaos,wh3_main_sc_dae_daemons,Daemon Prince,Daemon_Prince,legendary_lord,wh3_main_dae_daemon_prince,general,general,wh3_main_dae_daemon_prince|wh3_main_dae_daemons_qb1,true,false,true,true,false,true,,legendary_lords,wh3_main_skill_node_set_dae_daemon_prince,,1,general,false,false,,,,wh3_main_skill_node_dae_daemon_prince_undivided_3_2,wh3_main_skill_dae_undivided_campaign_khorne_units,Vengeful Companions,"Raging and roaring in the cause of Chaos Undivided, the forces of Khorne bray for battle with even greater fury.",campaign_military_spending.png,8,1,0,0,true,0,3,2,Vengeful Companions,"Raging and roaring in the cause of Chaos Undivided, the forces of Khorne bray for battle with even greater fury.",,,,,,wh3_main_effect_upkeep_kho_all,Upkeep: %+n% for Khorne units,,general_to_force_own,-8,campaign,105,false,military_spending.png,military_spending.png,,,,,,,,,,,,,,,,,,,,,,,character_skill_level_to_effects_junctions_tables,wh3_main_skill_dae_undivided_campaign_khorne_units|wh3_main_effect_upkeep_kho_all|2|general_to_force_own
effect,warhammer_3,8.1.1,24237342,Daemons of Chaos,daemons_of_chaos,wh3_main_sc_dae_daemons,Daemon Prince,Daemon_Prince,legendary_lord,wh3_main_dae_daemon_prince,general,general,wh3_main_dae_daemon_prince|wh3_main_dae_daemons_qb1,true,false,true,true,false,true,,legendary_lords,wh3_main_skill_node_set_dae_daemon_prince,,1,general,false,false,,,,wh3_main_skill_node_dae_daemon_prince_undivided_3_2,wh3_main_skill_dae_undivided_campaign_khorne_units,Vengeful Companions,"Raging and roaring in the cause of Chaos Undivided, the forces of Khorne bray for battle with even greater fury.",campaign_military_spending.png,8,1,0,0,true,0,3,3,Vengeful Companions,"Raging and roaring in the cause of Chaos Undivided, the forces of Khorne bray for battle with even greater fury.",,,,,,wh3_main_effect_upkeep_kho_all,Upkeep: %+n% for Khorne units,,general_to_force_own,-15,campaign,105,false,military_spending.png,military_spending.png,,,,,,,,,,,,,,,,,,,,,,,character_skill_level_to_effects_junctions_tables,wh3_main_skill_dae_undivided_campaign_khorne_units|wh3_main_effect_upkeep_kho_all|3|general_to_force_own
node,warhammer_3,8.1.1,24237342,Daemons of Chaos,daemons_of_chaos,wh3_main_sc_dae_daemons,Daemon Prince,Daemon_Prince,legendary_lord,wh3_main_dae_daemon_prince,general,general,wh3_main_dae_daemon_prince|wh3_main_dae_daemons_qb1,true,false,true,true,false,true,,legendary_lords,wh3_main_skill_node_set_dae_daemon_prince,,1,general,false,false,,,,wh3_main_skill_node_dae_daemon_prince_khorne_3_3,wh3_main_skill_dae_lord_army_buff_4_3,Bloodthirsty Beasts,"The bestial minions of the Blood God charge the enemy, ripping and tearing at their flesh until no breath remains.",battle_attack.png,8,2,0,0,true,0,3,,,,,,,,,,,,,,,,,,,,,,,,,,,,,,,,,,,,,,,,,character_skill_nodes_tables,wh3_main_skill_node_dae_daemon_prince_khorne_3_3
effect,warhammer_3,8.1.1,24237342,Daemons of Chaos,daemons_of_chaos,wh3_main_sc_dae_daemons,Daemon Prince,Daemon_Prince,legendary_lord,wh3_main_dae_daemon_prince,general,general,wh3_main_dae_daemon_prince|wh3_main_dae_daemons_qb1,true,false,true,true,false,true,,legendary_lords,wh3_main_skill_node_set_dae_daemon_prince,,1,general,false,false,,,,wh3_main_skill_node_dae_daemon_prince_khorne_3_3,wh3_main_skill_dae_lord_army_buff_4_3,Bloodthirsty Beasts,"The bestial minions of the Blood God charge the enemy, ripping and tearing at their flesh until no breath remains.",battle_attack.png,8,2,0,0,true,0,3,1,Bloodthirsty Beasts,"The bestial minions of the Blood God charge the enemy, ripping and tearing at their flesh until no breath remains.",,,,,,wh3_main_effect_force_stat_melee_attack_add_kho_fleshhounds_warhounds_furies_spawn_minotaurs,"Melee attack: %+n for Flesh Hounds of Khorne, Chaos Warhounds, Chaos Furies, Spawn of Khorne, and Minotaurs of Khorne units",,general_to_force_own,4,battle,431,true,melee.png,melee.png,,,,,,,,,,,,,,,,,,,,,,,character_skill_level_to_effects_junctions_tables,wh3_main_skill_dae_lord_army_buff_4_3|wh3_main_effect_force_stat_melee_attack_add_kho_fleshhounds_warhounds_furies_spawn_minotaurs|1|general_to_force_own
effect,warhammer_3,8.1.1,24237342,Daemons of Chaos,daemons_of_chaos,wh3_main_sc_dae_daemons,Daemon Prince,Daemon_Prince,legendary_lord,wh3_main_dae_daemon_prince,general,general,wh3_main_dae_daemon_prince|wh3_main_dae_daemons_qb1,true,false,true,true,false,true,,legendary_lords,wh3_main_skill_node_set_dae_daemon_prince,,1,general,false,false,,,,wh3_main_skill_node_dae_daemon_prince_khorne_3_3,wh3_main_skill_dae_lord_army_buff_4_3,Bloodthirsty Beasts,"The bestial minions of the Blood God charge the enemy, ripping and tearing at their flesh until no breath remains.",battle_attack.png,8,2,0,0,true,0,3,2,Bloodthirsty Beasts,"The bestial minions of the Blood God charge the enemy, ripping and tearing at their flesh until no breath remains.",,,,,,wh3_main_effect_force_stat_charge_bonus_add_kho_fleshhounds_warhounds_furies_spawn_minotaurs,"Charge bonus: %+n for Flesh Hounds of Khorne, Chaos Warhounds, Chaos Furies, Spawn of Khorne, Khorngors and Minotaurs of Khorne units",,general_to_force_own,5,battle,501,true,charge.png,charge.png,,,,,,,,,,,,,,,,,,,,,,,character_skill_level_to_effects_junctions_tables,wh3_main_skill_dae_lord_army_buff_4_3|wh3_main_effect_force_stat_charge_bonus_add_kho_fleshhounds_warhounds_furies_spawn_minotaurs|2|general_to_force_own
effect,warhammer_3,8.1.1,24237342,Daemons of Chaos,daemons_of_chaos,wh3_main_sc_dae_daemons,Daemon Prince,Daemon_Prince,legendary_lord,wh3_main_dae_daemon_prince,general,general,wh3_main_dae_daemon_prince|wh3_main_dae_daemons_qb1,true,false,true,true,false,true,,legendary_lords,wh3_main_skill_node_set_dae_daemon_prince,,1,general,false,false,,,,wh3_main_skill_node_dae_daemon_prince_khorne_3_3,wh3_main_skill_dae_lord_army_buff_4_3,Bloodthirsty Beasts,"The bestial minions of the Blood God charge the enemy, ripping and tearing at their flesh until no breath remains.",battle_attack.png,8,2,0,0,true,0,3,2,Bloodthirsty Beasts,"The bestial minions of the Blood God charge the enemy, ripping and tearing at their flesh until no breath remains.",,,,,,wh3_main_effect_force_stat_melee_attack_add_kho_fleshhounds_warhounds_furies_spawn_minotaurs,"Melee attack: %+n for Flesh Hounds of Khorne, Chaos Warhounds, Chaos Furies, Spawn of Khorne, and Minotaurs of Khorne units",,general_to_force_own,6,battle,431,true,melee.png,melee.png,,,,,,,,,,,,,,,,,,,,,,,character_skill_level_to_effects_junctions_tables,wh3_main_skill_dae_lord_army_buff_4_3|wh3_main_effect_force_stat_melee_attack_add_kho_fleshhounds_warhounds_furies_spawn_minotaurs|2|general_to_force_own
effect,warhammer_3,8.1.1,24237342,Daemons of Chaos,daemons_of_chaos,wh3_main_sc_dae_daemons,Daemon Prince,Daemon_Prince,legendary_lord,wh3_main_dae_daemon_prince,general,general,wh3_main_dae_daemon_prince|wh3_main_dae_daemons_qb1,true,false,true,true,false,true,,legendary_lords,wh3_main_skill_node_set_dae_daemon_prince,,1,general,false,false,,,,wh3_main_skill_node_dae_daemon_prince_khorne_3_3,wh3_main_skill_dae_lord_army_buff_4_3,Bloodthirsty Beasts,"The bestial minions of the Blood God charge the enemy, ripping and tearing at their flesh until no breath remains.",battle_attack.png,8,2,0,0,true,0,3,3,Bloodthirsty Beasts,"The bestial minions of the Blood God charge the enemy, ripping and tearing at their flesh until no breath remains.",,,,,,wh3_main_effect_force_stat_charge_bonus_add_kho_fleshhounds_warhounds_furies_spawn_minotaurs,"Charge bonus: %+n for Flesh Hounds of Khorne, Chaos Warhounds, Chaos Furies, Spawn of Khorne, Khorngors and Minotaurs of Khorne units",,general_to_force_own,10,battle,501,true,charge.png,charge.png,,,,,,,,,,,,,,,,,,,,,,,character_skill_level_to_effects_junctions_tables,wh3_main_skill_dae_lord_army_buff_4_3|wh3_main_effect_force_stat_charge_bonus_add_kho_fleshhounds_warhounds_furies_spawn_minotaurs|3|general_to_force_own
effect,warhammer_3,8.1.1,24237342,Daemons of Chaos,daemons_of_chaos,wh3_main_sc_dae_daemons,Daemon Prince,Daemon_Prince,legendary_lord,wh3_main_dae_daemon_prince,general,general,wh3_main_dae_daemon_prince|wh3_main_dae_daemons_qb1,true,false,true,true,false,true,,legendary_lords,wh3_main_skill_node_set_dae_daemon_prince,,1,general,false,false,,,,wh3_main_skill_node_dae_daemon_prince_khorne_3_3,wh3_main_skill_dae_lord_army_buff_4_3,Bloodthirsty Beasts,"The bestial minions of the Blood God charge the enemy, ripping and tearing at their flesh until no breath remains.",battle_attack.png,8,2,0,0,true,0,3,3,Bloodthirsty Beasts,"The bestial minions of the Blood God charge the enemy, ripping and tearing at their flesh until no breath remains.",,,,,,wh3_main_effect_force_stat_melee_attack_add_kho_fleshhounds_warhounds_furies_spawn_minotaurs,"Melee attack: %+n for Flesh Hounds of Khorne, Chaos Warhounds, Chaos Furies, Spawn of Khorne, and Minotaurs of Khorne units",,general_to_force_own,8,battle,431,true,melee.png,melee.png,,,,,,,,,,,,,,,,,,,,,,,character_skill_level_to_effects_junctions_tables,wh3_main_skill_dae_lord_army_buff_4_3|wh3_main_effect_force_stat_melee_attack_add_kho_fleshhounds_warhounds_furies_spawn_minotaurs|3|general_to_force_own
node,warhammer_3,8.1.1,24237342,Daemons of Chaos,daemons_of_chaos,wh3_main_sc_dae_daemons,Daemon Prince,Daemon_Prince,legendary_lord,wh3_main_dae_daemon_prince,general,general,wh3_main_dae_daemon_prince|wh3_main_dae_daemons_qb1,true,false,true,true,false,true,,legendary_lords,wh3_main_skill_node_set_dae_daemon_prince,,1,general,false,false,,,,wh3_main_skill_node_dae_daemon_prince_nurgle_3_3,wh3_main_skill_dae_lord_army_buff_1_3,Rancid Menagerie,This macabre grotesquerie of rancid creatures in service to the Plague Lord are notoriously hard to kill.,battle_defence.png,8,3,0,0,true,0,3,,,,,,,,,,,,,,,,,,,,,,,,,,,,,,,,,,,,,,,,,character_skill_nodes_tables,wh3_main_skill_node_dae_daemon_prince_nurgle_3_3
effect,warhammer_3,8.1.1,24237342,Daemons of Chaos,daemons_of_chaos,wh3_main_sc_dae_daemons,Daemon Prince,Daemon_Prince,legendary_lord,wh3_main_dae_daemon_prince,general,general,wh3_main_dae_daemon_prince|wh3_main_dae_daemons_qb1,true,false,true,true,false,true,,legendary_lords,wh3_main_skill_node_set_dae_daemon_prince,,1,general,false,false,,,,wh3_main_skill_node_dae_daemon_prince_nurgle_3_3,wh3_main_skill_dae_lord_army_buff_1_3,Rancid Menagerie,This macabre grotesquerie of rancid creatures in service to the Plague Lord are notoriously hard to kill.,battle_defence.png,8,3,0,0,true,0,3,1,Rancid Menagerie,This macabre grotesquerie of rancid creatures in service to the Plague Lord are notoriously hard to kill.,,,,,,wh3_main_effect_force_stat_melee_defence_nur_plague_toads_pox_riders_beast_of_nurge_spawn_of_nurgle,"Melee defence: %+n for Plague Toad, Plague Ogres, Rot Knights, Pox Rider, Beast of Nurgle and Spawn of Nurgle units",,general_to_force_own,4,battle,451,true,defence.png,defence.png,,,,,,,,,,,,,,,,,,,,,,,character_skill_level_to_effects_junctions_tables,wh3_main_skill_dae_lord_army_buff_1_3|wh3_main_effect_force_stat_melee_defence_nur_plague_toads_pox_riders_beast_of_nurge_spawn_of_nurgle|1|general_to_force_own
effect,warhammer_3,8.1.1,24237342,Daemons of Chaos,daemons_of_chaos,wh3_main_sc_dae_daemons,Daemon Prince,Daemon_Prince,legendary_lord,wh3_main_dae_daemon_prince,general,general,wh3_main_dae_daemon_prince|wh3_main_dae_daemons_qb1,true,false,true,true,false,true,,legendary_lords,wh3_main_skill_node_set_dae_daemon_prince,,1,general,false,false,,,,wh3_main_skill_node_dae_daemon_prince_nurgle_3_3,wh3_main_skill_dae_lord_army_buff_1_3,Rancid Menagerie,This macabre grotesquerie of rancid creatures in service to the Plague Lord are notoriously hard to kill.,battle_defence.png,8,3,0,0,true,0,3,2,Rancid Menagerie,This macabre grotesquerie of rancid creatures in service to the Plague Lord are notoriously hard to kill.,,,,,,wh3_main_effect_force_stat_armour_nur_plague_toads_pox_riders_beast_of_nurge_spawn_of_nurgle,"Armour: %+n for Plague Toad, Plague Ogres, Rot Knights, Pox Rider, Beast of Nurgle and Spawn of Nurgle units",,general_to_force_own,6,battle,401,true,armour.png,armour.png,,,,,,,,,,,,,,,,,,,,,,,character_skill_level_to_effects_junctions_tables,wh3_main_skill_dae_lord_army_buff_1_3|wh3_main_effect_force_stat_armour_nur_plague_toads_pox_riders_beast_of_nurge_spawn_of_nurgle|2|general_to_force_own
effect,warhammer_3,8.1.1,24237342,Daemons of Chaos,daemons_of_chaos,wh3_main_sc_dae_daemons,Daemon Prince,Daemon_Prince,legendary_lord,wh3_main_dae_daemon_prince,general,general,wh3_main_dae_daemon_prince|wh3_main_dae_daemons_qb1,true,false,true,true,false,true,,legendary_lords,wh3_main_skill_node_set_dae_daemon_prince,,1,general,false,false,,,,wh3_main_skill_node_dae_daemon_prince_nurgle_3_3,wh3_main_skill_dae_lord_army_buff_1_3,Rancid Menagerie,This macabre grotesquerie of rancid creatures in service to the Plague Lord are notoriously hard to kill.,battle_defence.png,8,3,0,0,true,0,3,2,Rancid Menagerie,This macabre grotesquerie of rancid creatures in service to the Plague Lord are notoriously hard to kill.,,,,,,wh3_main_effect_force_stat_melee_defence_nur_plague_toads_pox_riders_beast_of_nurge_spawn_of_nurgle,"Melee defence: %+n for Plague Toad, Plague Ogres, Rot Knights, Pox Rider, Beast of Nurgle and Spawn of Nurgle units",,general_to_force_own,5,battle,451,true,defence.png,defence.png,,,,,,,,,,,,,,,,,,,,,,,character_skill_level_to_effects_junctions_tables,wh3_main_skill_dae_lord_army_buff_1_3|wh3_main_effect_force_stat_melee_defence_nur_plague_toads_pox_riders_beast_of_nurge_spawn_of_nurgle|2|general_to_force_own
effect,warhammer_3,8.1.1,24237342,Daemons of Chaos,daemons_of_chaos,wh3_main_sc_dae_daemons,Daemon Prince,Daemon_Prince,legendary_lord,wh3_main_dae_daemon_prince,general,general,wh3_main_dae_daemon_prince|wh3_main_dae_daemons_qb1,true,false,true,true,false,true,,legendary_lords,wh3_main_skill_node_set_dae_daemon_prince,,1,general,false,false,,,,wh3_main_skill_node_dae_daemon_prince_nurgle_3_3,wh3_main_skill_dae_lord_army_buff_1_3,Rancid Menagerie,This macabre grotesquerie of rancid creatures in service to the Plague Lord are notoriously hard to kill.,battle_defence.png,8,3,0,0,true,0,3,3,Rancid Menagerie,This macabre grotesquerie of rancid creatures in service to the Plague Lord are notoriously hard to kill.,,,,,,wh3_main_effect_force_stat_armour_nur_plague_toads_pox_riders_beast_of_nurge_spawn_of_nurgle,"Armour: %+n for Plague Toad, Plague Ogres, Rot Knights, Pox Rider, Beast of Nurgle and Spawn of Nurgle units",,general_to_force_own,8,battle,401,true,armour.png,armour.png,,,,,,,,,,,,,,,,,,,,,,,character_skill_level_to_effects_junctions_tables,wh3_main_skill_dae_lord_army_buff_1_3|wh3_main_effect_force_stat_armour_nur_plague_toads_pox_riders_beast_of_nurge_spawn_of_nurgle|3|general_to_force_own
effect,warhammer_3,8.1.1,24237342,Daemons of Chaos,daemons_of_chaos,wh3_main_sc_dae_daemons,Daemon Prince,Daemon_Prince,legendary_lord,wh3_main_dae_daemon_prince,general,general,wh3_main_dae_daemon_prince|wh3_main_dae_daemons_qb1,true,false,true,true,false,true,,legendary_lords,wh3_main_skill_node_set_dae_daemon_prince,,1,general,false,false,,,,wh3_main_skill_node_dae_daemon_prince_nurgle_3_3,wh3_main_skill_dae_lord_army_buff_1_3,Rancid Menagerie,This macabre grotesquerie of rancid creatures in service to the Plague Lord are notoriously hard to kill.,battle_defence.png,8,3,0,0,true,0,3,3,Rancid Menagerie,This macabre grotesquerie of rancid creatures in service to the Plague Lord are notoriously hard to kill.,,,,,,wh3_main_effect_force_stat_melee_defence_nur_plague_toads_pox_riders_beast_of_nurge_spawn_of_nurgle,"Melee defence: %+n for Plague Toad, Plague Ogres, Rot Knights, Pox Rider, Beast of Nurgle and Spawn of Nurgle units",,general_to_force_own,6,battle,451,true,defence.png,defence.png,,,,,,,,,,,,,,,,,,,,,,,character_skill_level_to_effects_junctions_tables,wh3_main_skill_dae_lord_army_buff_1_3|wh3_main_effect_force_stat_melee_defence_nur_plague_toads_pox_riders_beast_of_nurge_spawn_of_nurgle|3|general_to_force_own
node,warhammer_3,8.1.1,24237342,Daemons of Chaos,daemons_of_chaos,wh3_main_sc_dae_daemons,Daemon Prince,Daemon_Prince,legendary_lord,wh3_main_dae_daemon_prince,general,general,wh3_main_dae_daemon_prince|wh3_main_dae_daemons_qb1,true,false,true,true,false,true,,legendary_lords,wh3_main_skill_node_set_dae_daemon_prince,,1,general,false,false,,,,wh3_main_skill_node_dae_daemon_prince_slaanesh_3_3,wh3_main_skill_dae_lord_army_buff_2_2,Ravishing Cavalcade,"It is easy to be distracted by the beauty of Slaanesh's mounts, even as they close in to deliver your agonising death.",battle_charge.png,8,4,0,0,true,0,3,,,,,,,,,,,,,,,,,,,,,,,,,,,,,,,,,,,,,,,,,character_skill_nodes_tables,wh3_main_skill_node_dae_daemon_prince_slaanesh_3_3
effect,warhammer_3,8.1.1,24237342,Daemons of Chaos,daemons_of_chaos,wh3_main_sc_dae_daemons,Daemon Prince,Daemon_Prince,legendary_lord,wh3_main_dae_daemon_prince,general,general,wh3_main_dae_daemon_prince|wh3_main_dae_daemons_qb1,true,false,true,true,false,true,,legendary_lords,wh3_main_skill_node_set_dae_daemon_prince,,1,general,false,false,,,,wh3_main_skill_node_dae_daemon_prince_slaanesh_3_3,wh3_main_skill_dae_lord_army_buff_2_2,Ravishing Cavalcade,"It is easy to be distracted by the beauty of Slaanesh's mounts, even as they close in to deliver your agonising death.",battle_charge.png,8,4,0,0,true,0,3,1,Ravishing Cavalcade,"It is easy to be distracted by the beauty of Slaanesh's mounts, even as they close in to deliver your agonising death.",,,,,,wh3_main_effect_force_stat_charge_bonus_pct_sla_cavalry_chariots,"Charge bonus: %+n% for Seekers of Slaanesh, Heartseekers of Slaanesh, Pleasureseekers, Hellstriders of Slaanesh, Seeker Chariots, Exalted Seeker Chariot, Marauder Horsemen of Slaanesh and Hellflayers units",,general_to_force_own,12,battle,501,true,charge.png,charge.png,,,,,,,,,,,,,,,,,,,,,,,character_skill_level_to_effects_junctions_tables,wh3_main_skill_dae_lord_army_buff_2_2|wh3_main_effect_force_stat_charge_bonus_pct_sla_cavalry_chariots|1|general_to_force_own
effect,warhammer_3,8.1.1,24237342,Daemons of Chaos,daemons_of_chaos,wh3_main_sc_dae_daemons,Daemon Prince,Daemon_Prince,legendary_lord,wh3_main_dae_daemon_prince,general,general,wh3_main_dae_daemon_prince|wh3_main_dae_daemons_qb1,true,false,true,true,false,true,,legendary_lords,wh3_main_skill_node_set_dae_daemon_prince,,1,general,false,false,,,,wh3_main_skill_node_dae_daemon_prince_slaanesh_3_3,wh3_main_skill_dae_lord_army_buff_2_2,Ravishing Cavalcade,"It is easy to be distracted by the beauty of Slaanesh's mounts, even as they close in to deliver your agonising death.",battle_charge.png,8,4,0,0,true,0,3,2,Ravishing Cavalcade,"It is easy to be distracted by the beauty of Slaanesh's mounts, even as they close in to deliver your agonising death.",,,,,,wh3_main_effect_force_stat_charge_bonus_pct_sla_cavalry_chariots,"Charge bonus: %+n% for Seekers of Slaanesh, Heartseekers of Slaanesh, Pleasureseekers, Hellstriders of Slaanesh, Seeker Chariots, Exalted Seeker Chariot, Marauder Horsemen of Slaanesh and Hellflayers units",,general_to_force_own,15,battle,501,true,charge.png,charge.png,,,,,,,,,,,,,,,,,,,,,,,character_skill_level_to_effects_junctions_tables,wh3_main_skill_dae_lord_army_buff_2_2|wh3_main_effect_force_stat_charge_bonus_pct_sla_cavalry_chariots|2|general_to_force_own
effect,warhammer_3,8.1.1,24237342,Daemons of Chaos,daemons_of_chaos,wh3_main_sc_dae_daemons,Daemon Prince,Daemon_Prince,legendary_lord,wh3_main_dae_daemon_prince,general,general,wh3_main_dae_daemon_prince|wh3_main_dae_daemons_qb1,true,false,true,true,false,true,,legendary_lords,wh3_main_skill_node_set_dae_daemon_prince,,1,general,false,false,,,,wh3_main_skill_node_dae_daemon_prince_slaanesh_3_3,wh3_main_skill_dae_lord_army_buff_2_2,Ravishing Cavalcade,"It is easy to be distracted by the beauty of Slaanesh's mounts, even as they close in to deliver your agonising death.",battle_charge.png,8,4,0,0,true,0,3,2,Ravishing Cavalcade,"It is easy to be distracted by the beauty of Slaanesh's mounts, even as they close in to deliver your agonising death.",,,,,,wh3_main_effect_force_stat_speed_pct_sla_cavalry_chariots,"Speed: %+n% for Seekers of Slaanesh, Heartseekers of Slaanesh, Pleasureseekers, Hellstriders of Slaanesh, Seeker Chariots, Exalted Seeker Chariot, Marauder Horsemen of Slaanesh and Hellflayers units",,general_to_force_own,5,battle,421,true,battle_movement.png,battle_movement.png,,,,,,,,,,,,,,,,,,,,,,,character_skill_level_to_effects_junctions_tables,wh3_main_skill_dae_lord_army_buff_2_2|wh3_main_effect_force_stat_speed_pct_sla_cavalry_chariots|2|general_to_force_own
effect,warhammer_3,8.1.1,24237342,Daemons of Chaos,daemons_of_chaos,wh3_main_sc_dae_daemons,Daemon Prince,Daemon_Prince,legendary_lord,wh3_main_dae_daemon_prince,general,general,wh3_main_dae_daemon_prince|wh3_main_dae_daemons_qb1,true,false,true,true,false,true,,legendary_lords,wh3_main_skill_node_set_dae_daemon_prince,,1,general,false,false,,,,wh3_main_skill_node_dae_daemon_prince_slaanesh_3_3,wh3_main_skill_dae_lord_army_buff_2_2,Ravishing Cavalcade,"It is easy to be distracted by the beauty of Slaanesh's mounts, even as they close in to deliver your agonising death.",battle_charge.png,8,4,0,0,true,0,3,3,Ravishing Cavalcade,"It is easy to be distracted by the beauty of Slaanesh's mounts, even as they close in to deliver your agonising death.",,,,,,wh3_main_effect_force_stat_charge_bonus_pct_sla_cavalry_chariots,"Charge bonus: %+n% for Seekers of Slaanesh, Heartseekers of Slaanesh, Pleasureseekers, Hellstriders of Slaanesh, Seeker Chariots, Exalted Seeker Chariot, Marauder Horsemen of Slaanesh and Hellflayers units",,general_to_force_own,18,battle,501,true,charge.png,charge.png,,,,,,,,,,,,,,,,,,,,,,,character_skill_level_to_effects_junctions_tables,wh3_main_skill_dae_lord_army_buff_2_2|wh3_main_effect_force_stat_charge_bonus_pct_sla_cavalry_chariots|3|general_to_force_own
effect,warhammer_3,8.1.1,24237342,Daemons of Chaos,daemons_of_chaos,wh3_main_sc_dae_daemons,Daemon Prince,Daemon_Prince,legendary_lord,wh3_main_dae_daemon_prince,general,general,wh3_main_dae_daemon_prince|wh3_main_dae_daemons_qb1,true,false,true,true,false,true,,legendary_lords,wh3_main_skill_node_set_dae_daemon_prince,,1,general,false,false,,,,wh3_main_skill_node_dae_daemon_prince_slaanesh_3_3,wh3_main_skill_dae_lord_army_buff_2_2,Ravishing Cavalcade,"It is easy to be distracted by the beauty of Slaanesh's mounts, even as they close in to deliver your agonising death.",battle_charge.png,8,4,0,0,true,0,3,3,Ravishing Cavalcade,"It is easy to be distracted by the beauty of Slaanesh's mounts, even as they close in to deliver your agonising death.",,,,,,wh3_main_effect_force_stat_speed_pct_sla_cavalry_chariots,"Speed: %+n% for Seekers of Slaanesh, Heartseekers of Slaanesh, Pleasureseekers, Hellstriders of Slaanesh, Seeker Chariots, Exalted Seeker Chariot, Marauder Horsemen of Slaanesh and Hellflayers units",,general_to_force_own,10,battle,421,true,battle_movement.png,battle_movement.png,,,,,,,,,,,,,,,,,,,,,,,character_skill_level_to_effects_junctions_tables,wh3_main_skill_dae_lord_army_buff_2_2|wh3_main_effect_force_stat_speed_pct_sla_cavalry_chariots|3|general_to_force_own
node,warhammer_3,8.1.1,24237342,Daemons of Chaos,daemons_of_chaos,wh3_main_sc_dae_daemons,Daemon Prince,Daemon_Prince,legendary_lord,wh3_main_dae_daemon_prince,general,general,wh3_main_dae_daemon_prince|wh3_main_dae_daemons_qb1,true,false,true,true,false,true,,legendary_lords,wh3_main_skill_node_set_dae_daemon_prince,,1,general,false,false,,,,wh3_main_skill_node_dae_daemon_prince_tzeentch_3_3,wh3_main_skill_dae_lord_army_buff_3_3,Behemoths of Perpetual Conversion,"Creatures of all kinds serve the Wind Lord, whose magic imbues them with a strength and speed to transform living foes into dead ones.",battle_speed.png,8,5,0,0,true,0,3,,,,,,,,,,,,,,,,,,,,,,,,,,,,,,,,,,,,,,,,,character_skill_nodes_tables,wh3_main_skill_node_dae_daemon_prince_tzeentch_3_3
effect,warhammer_3,8.1.1,24237342,Daemons of Chaos,daemons_of_chaos,wh3_main_sc_dae_daemons,Daemon Prince,Daemon_Prince,legendary_lord,wh3_main_dae_daemon_prince,general,general,wh3_main_dae_daemon_prince|wh3_main_dae_daemons_qb1,true,false,true,true,false,true,,legendary_lords,wh3_main_skill_node_set_dae_daemon_prince,,1,general,false,false,,,,wh3_main_skill_node_dae_daemon_prince_tzeentch_3_3,wh3_main_skill_dae_lord_army_buff_3_3,Behemoths of Perpetual Conversion,"Creatures of all kinds serve the Wind Lord, whose magic imbues them with a strength and speed to transform living foes into dead ones.",battle_speed.png,8,5,0,0,true,0,3,1,Behemoths of Perpetual Conversion,"Creatures of all kinds serve the Wind Lord, whose magic imbues them with a strength and speed to transform living foes into dead ones.",,,,,,wh3_main_effect_force_stat_speed_tze_furies_screamers_spawn_flamers,"Speed: %+n% for Chaos Furies, Screamers of Tzeentch, Tzaangors, Centigors of Tzeentch, Cockatrice, Mutalith Vortex Beast, Forsaken of Tzeentch, Spawn of Tzeentch and Flamers of Tzeentch units",,general_to_force_own,5,battle,421,true,battle_movement.png,battle_movement.png,,,,,,,,,,,,,,,,,,,,,,,character_skill_level_to_effects_junctions_tables,wh3_main_skill_dae_lord_army_buff_3_3|wh3_main_effect_force_stat_speed_tze_furies_screamers_spawn_flamers|1|general_to_force_own
effect,warhammer_3,8.1.1,24237342,Daemons of Chaos,daemons_of_chaos,wh3_main_sc_dae_daemons,Daemon Prince,Daemon_Prince,legendary_lord,wh3_main_dae_daemon_prince,general,general,wh3_main_dae_daemon_prince|wh3_main_dae_daemons_qb1,true,false,true,true,false,true,,legendary_lords,wh3_main_skill_node_set_dae_daemon_prince,,1,general,false,false,,,,wh3_main_skill_node_dae_daemon_prince_tzeentch_3_3,wh3_main_skill_dae_lord_army_buff_3_3,Behemoths of Perpetual Conversion,"Creatures of all kinds serve the Wind Lord, whose magic imbues them with a strength and speed to transform living foes into dead ones.",battle_speed.png,8,5,0,0,true,0,3,2,Behemoths of Perpetual Conversion,"Creatures of all kinds serve the Wind Lord, whose magic imbues them with a strength and speed to transform living foes into dead ones.",,,,,,wh3_main_effect_force_stat_speed_tze_furies_screamers_spawn_flamers,"Speed: %+n% for Chaos Furies, Screamers of Tzeentch, Tzaangors, Centigors of Tzeentch, Cockatrice, Mutalith Vortex Beast, Forsaken of Tzeentch, Spawn of Tzeentch and Flamers of Tzeentch units",,general_to_force_own,8,battle,421,true,battle_movement.png,battle_movement.png,,,,,,,,,,,,,,,,,,,,,,,character_skill_level_to_effects_junctions_tables,wh3_main_skill_dae_lord_army_buff_3_3|wh3_main_effect_force_stat_speed_tze_furies_screamers_spawn_flamers|2|general_to_force_own
effect,warhammer_3,8.1.1,24237342,Daemons of Chaos,daemons_of_chaos,wh3_main_sc_dae_daemons,Daemon Prince,Daemon_Prince,legendary_lord,wh3_main_dae_daemon_prince,general,general,wh3_main_dae_daemon_prince|wh3_main_dae_daemons_qb1,true,false,true,true,false,true,,legendary_lords,wh3_main_skill_node_set_dae_daemon_prince,,1,general,false,false,,,,wh3_main_skill_node_dae_daemon_prince_tzeentch_3_3,wh3_main_skill_dae_lord_army_buff_3_3,Behemoths of Perpetual Conversion,"Creatures of all kinds serve the Wind Lord, whose magic imbues them with a strength and speed to transform living foes into dead ones.",battle_speed.png,8,5,0,0,true,0,3,2,Behemoths of Perpetual Conversion,"Creatures of all kinds serve the Wind Lord, whose magic imbues them with a strength and speed to transform living foes into dead ones.",,,,,,wh3_main_effect_force_stat_weapon_strength_tze_furies_screamers_spawn_flamers,"Weapon strength: %+n% for Chaos Furies, Screamers of Tzeentch, Tzaangors, Forsaken of Tzeentch, Spawn of Tzeentch and Flamers of Tzeentch units",,general_to_force_own,10,battle,461,true,weapon_damage.png,weapon_damage.png,,,,,,,,,,,,,,,,,,,,,,,character_skill_level_to_effects_junctions_tables,wh3_main_skill_dae_lord_army_buff_3_3|wh3_main_effect_force_stat_weapon_strength_tze_furies_screamers_spawn_flamers|2|general_to_force_own
effect,warhammer_3,8.1.1,24237342,Daemons of Chaos,daemons_of_chaos,wh3_main_sc_dae_daemons,Daemon Prince,Daemon_Prince,legendary_lord,wh3_main_dae_daemon_prince,general,general,wh3_main_dae_daemon_prince|wh3_main_dae_daemons_qb1,true,false,true,true,false,true,,legendary_lords,wh3_main_skill_node_set_dae_daemon_prince,,1,general,false,false,,,,wh3_main_skill_node_dae_daemon_prince_tzeentch_3_3,wh3_main_skill_dae_lord_army_buff_3_3,Behemoths of Perpetual Conversion,"Creatures of all kinds serve the Wind Lord, whose magic imbues them with a strength and speed to transform living foes into dead ones.",battle_speed.png,8,5,0,0,true,0,3,3,Behemoths of Perpetual Conversion,"Creatures of all kinds serve the Wind Lord, whose magic imbues them with a strength and speed to transform living foes into dead ones.",,,,,,wh3_main_effect_force_stat_speed_tze_furies_screamers_spawn_flamers,"Speed: %+n% for Chaos Furies, Screamers of Tzeentch, Tzaangors, Centigors of Tzeentch, Cockatrice, Mutalith Vortex Beast, Forsaken of Tzeentch, Spawn of Tzeentch and Flamers of Tzeentch units",,general_to_force_own,12,battle,421,true,battle_movement.png,battle_movement.png,,,,,,,,,,,,,,,,,,,,,,,character_skill_level_to_effects_junctions_tables,wh3_main_skill_dae_lord_army_buff_3_3|wh3_main_effect_force_stat_speed_tze_furies_screamers_spawn_flamers|3|general_to_force_own
effect,warhammer_3,8.1.1,24237342,Daemons of Chaos,daemons_of_chaos,wh3_main_sc_dae_daemons,Daemon Prince,Daemon_Prince,legendary_lord,wh3_main_dae_daemon_prince,general,general,wh3_main_dae_daemon_prince|wh3_main_dae_daemons_qb1,true,false,true,true,false,true,,legendary_lords,wh3_main_skill_node_set_dae_daemon_prince,,1,general,false,false,,,,wh3_main_skill_node_dae_daemon_prince_tzeentch_3_3,wh3_main_skill_dae_lord_army_buff_3_3,Behemoths of Perpetual Conversion,"Creatures of all kinds serve the Wind Lord, whose magic imbues them with a strength and speed to transform living foes into dead ones.",battle_speed.png,8,5,0,0,true,0,3,3,Behemoths of Perpetual Conversion,"Creatures of all kinds serve the Wind Lord, whose magic imbues them with a strength and speed to transform living foes into dead ones.",,,,,,wh3_main_effect_force_stat_weapon_strength_tze_furies_screamers_spawn_flamers,"Weapon strength: %+n% for Chaos Furies, Screamers of Tzeentch, Tzaangors, Forsaken of Tzeentch, Spawn of Tzeentch and Flamers of Tzeentch units",,general_to_force_own,15,battle,461,true,weapon_damage.png,weapon_damage.png,,,,,,,,,,,,,,,,,,,,,,,character_skill_level_to_effects_junctions_tables,wh3_main_skill_dae_lord_army_buff_3_3|wh3_main_effect_force_stat_weapon_strength_tze_furies_screamers_spawn_flamers|3|general_to_force_own
node,warhammer_3,8.1.1,24237342,Daemons of Chaos,daemons_of_chaos,wh3_main_sc_dae_daemons,Daemon Prince,Daemon_Prince,legendary_lord,wh3_main_dae_daemon_prince,general,general,wh3_main_dae_daemon_prince|wh3_main_dae_daemons_qb1,true,false,true,true,false,true,,legendary_lords,wh3_main_skill_node_set_dae_daemon_prince,,1,general,false,false,,,,wh3_main_skill_node_dae_daemon_prince_undivided_3_3,wh3_main_skill_dae_undivided_campaign_nurgle_units,Friends of Decay,"The unwholesome, decrepit warriors of Nurgle stand bolstered among the united forces of Chaos.",campaign_military_spending.png,9,1,0,0,true,0,3,,,,,,,,,,,,,,,,,,,,,,,,,,,,,,,,,,,,,,,,,character_skill_nodes_tables,wh3_main_skill_node_dae_daemon_prince_undivided_3_3
effect,warhammer_3,8.1.1,24237342,Daemons of Chaos,daemons_of_chaos,wh3_main_sc_dae_daemons,Daemon Prince,Daemon_Prince,legendary_lord,wh3_main_dae_daemon_prince,general,general,wh3_main_dae_daemon_prince|wh3_main_dae_daemons_qb1,true,false,true,true,false,true,,legendary_lords,wh3_main_skill_node_set_dae_daemon_prince,,1,general,false,false,,,,wh3_main_skill_node_dae_daemon_prince_undivided_3_3,wh3_main_skill_dae_undivided_campaign_nurgle_units,Friends of Decay,"The unwholesome, decrepit warriors of Nurgle stand bolstered among the united forces of Chaos.",campaign_military_spending.png,9,1,0,0,true,0,3,1,Friends of Decay,"The unwholesome, decrepit warriors of Nurgle stand bolstered among the united forces of Chaos.",,,,,,wh3_main_effect_upkeep_nur_all,Upkeep: %+n% for Nurgle units,,general_to_force_own,-3,campaign,105,false,military_spending.png,military_spending.png,,,,,,,,,,,,,,,,,,,,,,,character_skill_level_to_effects_junctions_tables,wh3_main_skill_dae_undivided_campaign_nurgle_units|wh3_main_effect_upkeep_nur_all|1|general_to_force_own
effect,warhammer_3,8.1.1,24237342,Daemons of Chaos,daemons_of_chaos,wh3_main_sc_dae_daemons,Daemon Prince,Daemon_Prince,legendary_lord,wh3_main_dae_daemon_prince,general,general,wh3_main_dae_daemon_prince|wh3_main_dae_daemons_qb1,true,false,true,true,false,true,,legendary_lords,wh3_main_skill_node_set_dae_daemon_prince,,1,general,false,false,,,,wh3_main_skill_node_dae_daemon_prince_undivided_3_3,wh3_main_skill_dae_undivided_campaign_nurgle_units,Friends of Decay,"The unwholesome, decrepit warriors of Nurgle stand bolstered among the united forces of Chaos.",campaign_military_spending.png,9,1,0,0,true,0,3,2,Friends of Decay,"The unwholesome, decrepit warriors of Nurgle stand bolstered among the united forces of Chaos.",,,,,,wh3_main_effect_upkeep_nur_all,Upkeep: %+n% for Nurgle units,,general_to_force_own,-8,campaign,105,false,military_spending.png,military_spending.png,,,,,,,,,,,,,,,,,,,,,,,character_skill_level_to_effects_junctions_tables,wh3_main_skill_dae_undivided_campaign_nurgle_units|wh3_main_effect_upkeep_nur_all|2|general_to_force_own
effect,warhammer_3,8.1.1,24237342,Daemons of Chaos,daemons_of_chaos,wh3_main_sc_dae_daemons,Daemon Prince,Daemon_Prince,legendary_lord,wh3_main_dae_daemon_prince,general,general,wh3_main_dae_daemon_prince|wh3_main_dae_daemons_qb1,true,false,true,true,false,true,,legendary_lords,wh3_main_skill_node_set_dae_daemon_prince,,1,general,false,false,,,,wh3_main_skill_node_dae_daemon_prince_undivided_3_3,wh3_main_skill_dae_undivided_campaign_nurgle_units,Friends of Decay,"The unwholesome, decrepit warriors of Nurgle stand bolstered among the united forces of Chaos.",campaign_military_spending.png,9,1,0,0,true,0,3,3,Friends of Decay,"The unwholesome, decrepit warriors of Nurgle stand bolstered among the united forces of Chaos.",,,,,,wh3_main_effect_upkeep_nur_all,Upkeep: %+n% for Nurgle units,,general_to_force_own,-15,campaign,105,false,military_spending.png,military_spending.png,,,,,,,,,,,,,,,,,,,,,,,character_skill_level_to_effects_junctions_tables,wh3_main_skill_dae_undivided_campaign_nurgle_units|wh3_main_effect_upkeep_nur_all|3|general_to_force_own
node,warhammer_3,8.1.1,24237342,Daemons of Chaos,daemons_of_chaos,wh3_main_sc_dae_daemons,Daemon Prince,Daemon_Prince,legendary_lord,wh3_main_dae_daemon_prince,general,general,wh3_main_dae_daemon_prince|wh3_main_dae_daemons_qb1,true,false,true,true,false,true,,legendary_lords,wh3_main_skill_node_set_dae_daemon_prince,,1,general,false,false,,,,wh3_main_skill_node_dae_daemon_prince_khorne_4,wh3_main_skill_dae_khorne_reign_of_chaos_buff_2,Raging Might,"Deliver rampant Chaos unto the unwary, and all manner of powers shall be awarded in Khorne's name.",battle_morale.png,9,2,0,3,true,0,1,,,,,,,,,,,,,,,,,,,,,,,,,,,,,,,,,,,,,,,,,character_skill_nodes_tables,wh3_main_skill_node_dae_daemon_prince_khorne_4
effect,warhammer_3,8.1.1,24237342,Daemons of Chaos,daemons_of_chaos,wh3_main_sc_dae_daemons,Daemon Prince,Daemon_Prince,legendary_lord,wh3_main_dae_daemon_prince,general,general,wh3_main_dae_daemon_prince|wh3_main_dae_daemons_qb1,true,false,true,true,false,true,,legendary_lords,wh3_main_skill_node_set_dae_daemon_prince,,1,general,false,false,,,,wh3_main_skill_node_dae_daemon_prince_khorne_4,wh3_main_skill_dae_khorne_reign_of_chaos_buff_2,Raging Might,"Deliver rampant Chaos unto the unwary, and all manner of powers shall be awarded in Khorne's name.",battle_morale.png,9,2,0,3,true,0,1,1,Raging Might,"Deliver rampant Chaos unto the unwary, and all manner of powers shall be awarded in Khorne's name.",,,,,,wh3_main_effect_reign_of_chaos_khorne_outcome_additive,Reign of Chaos: additional chance for Khorne rewards %+n%,,character_to_character_own,10,battle,531,true,reign_of_chaos.png,reign_of_chaos.png,,,,,,,,,,,,,,,,,,,,,,,character_skill_level_to_effects_junctions_tables,wh3_main_skill_dae_khorne_reign_of_chaos_buff_2|wh3_main_effect_reign_of_chaos_khorne_outcome_additive|1|character_to_character_own
node,warhammer_3,8.1.1,24237342,Daemons of Chaos,daemons_of_chaos,wh3_main_sc_dae_daemons,Daemon Prince,Daemon_Prince,legendary_lord,wh3_main_dae_daemon_prince,general,general,wh3_main_dae_daemon_prince|wh3_main_dae_daemons_qb1,true,false,true,true,false,true,,legendary_lords,wh3_main_skill_node_set_dae_daemon_prince,,1,general,false,false,,,,wh3_main_skill_node_dae_daemon_prince_nurgle_4,wh3_main_skill_dae_nurgle_reign_of_chaos_buff_2,Malignant Power,"Infect the weak, spread a plague or two, and let glorious Chaos sweep the land – these are the accomplishments that garner the Plague God's favour.",battle_morale.png,9,3,0,3,true,0,1,,,,,,,,,,,,,,,,,,,,,,,,,,,,,,,,,,,,,,,,,character_skill_nodes_tables,wh3_main_skill_node_dae_daemon_prince_nurgle_4
effect,warhammer_3,8.1.1,24237342,Daemons of Chaos,daemons_of_chaos,wh3_main_sc_dae_daemons,Daemon Prince,Daemon_Prince,legendary_lord,wh3_main_dae_daemon_prince,general,general,wh3_main_dae_daemon_prince|wh3_main_dae_daemons_qb1,true,false,true,true,false,true,,legendary_lords,wh3_main_skill_node_set_dae_daemon_prince,,1,general,false,false,,,,wh3_main_skill_node_dae_daemon_prince_nurgle_4,wh3_main_skill_dae_nurgle_reign_of_chaos_buff_2,Malignant Power,"Infect the weak, spread a plague or two, and let glorious Chaos sweep the land – these are the accomplishments that garner the Plague God's favour.",battle_morale.png,9,3,0,3,true,0,1,1,Malignant Power,"Infect the weak, spread a plague or two, and let glorious Chaos sweep the land – these are the accomplishments that garner the Plague God's favour.",,,,,,wh3_main_effect_reign_of_chaos_nurgle_outcome_additive,Reign of Chaos: additional chance for Nurgle rewards %+n%,,character_to_character_own,10,battle,532,true,reign_of_chaos.png,reign_of_chaos.png,,,,,,,,,,,,,,,,,,,,,,,character_skill_level_to_effects_junctions_tables,wh3_main_skill_dae_nurgle_reign_of_chaos_buff_2|wh3_main_effect_reign_of_chaos_nurgle_outcome_additive|1|character_to_character_own
node,warhammer_3,8.1.1,24237342,Daemons of Chaos,daemons_of_chaos,wh3_main_sc_dae_daemons,Daemon Prince,Daemon_Prince,legendary_lord,wh3_main_dae_daemon_prince,general,general,wh3_main_dae_daemon_prince|wh3_main_dae_daemons_qb1,true,false,true,true,false,true,,legendary_lords,wh3_main_skill_node_set_dae_daemon_prince,,1,general,false,false,,,,wh3_main_skill_node_dae_daemon_prince_slaanesh_4,wh3_main_skill_dae_slaanesh_reign_of_chaos_buff_2,Alluring Visions,"As the Dark Prince's malignant influence spreads, his followers are most delightfully rewarded with abilities beyond even their wildest dreams.",battle_morale.png,9,4,0,3,true,0,1,,,,,,,,,,,,,,,,,,,,,,,,,,,,,,,,,,,,,,,,,character_skill_nodes_tables,wh3_main_skill_node_dae_daemon_prince_slaanesh_4
effect,warhammer_3,8.1.1,24237342,Daemons of Chaos,daemons_of_chaos,wh3_main_sc_dae_daemons,Daemon Prince,Daemon_Prince,legendary_lord,wh3_main_dae_daemon_prince,general,general,wh3_main_dae_daemon_prince|wh3_main_dae_daemons_qb1,true,false,true,true,false,true,,legendary_lords,wh3_main_skill_node_set_dae_daemon_prince,,1,general,false,false,,,,wh3_main_skill_node_dae_daemon_prince_slaanesh_4,wh3_main_skill_dae_slaanesh_reign_of_chaos_buff_2,Alluring Visions,"As the Dark Prince's malignant influence spreads, his followers are most delightfully rewarded with abilities beyond even their wildest dreams.",battle_morale.png,9,4,0,3,true,0,1,1,Alluring Visions,"As the Dark Prince's malignant influence spreads, his followers are most delightfully rewarded with abilities beyond even their wildest dreams.",,,,,,wh3_main_effect_reign_of_chaos_slaanesh_outcome_additive,Reign of Chaos: additional chance for Slaanesh rewards %+n%,,character_to_character_own,10,battle,533,true,reign_of_chaos.png,reign_of_chaos.png,,,,,,,,,,,,,,,,,,,,,,,character_skill_level_to_effects_junctions_tables,wh3_main_skill_dae_slaanesh_reign_of_chaos_buff_2|wh3_main_effect_reign_of_chaos_slaanesh_outcome_additive|1|character_to_character_own
node,warhammer_3,8.1.1,24237342,Daemons of Chaos,daemons_of_chaos,wh3_main_sc_dae_daemons,Daemon Prince,Daemon_Prince,legendary_lord,wh3_main_dae_daemon_prince,general,general,wh3_main_dae_daemon_prince|wh3_main_dae_daemons_qb1,true,false,true,true,false,true,,legendary_lords,wh3_main_skill_node_set_dae_daemon_prince,,1,general,false,false,,,,wh3_main_skill_node_dae_daemon_prince_tzeentch_4,wh3_main_skill_dae_tzeentch_reign_of_chaos_buff_2,Tempting Truths,The Great Sorcerer grants many gifts to His most faithful Heralds of Change.,battle_morale.png,9,5,0,3,true,0,1,,,,,,,,,,,,,,,,,,,,,,,,,,,,,,,,,,,,,,,,,character_skill_nodes_tables,wh3_main_skill_node_dae_daemon_prince_tzeentch_4
effect,warhammer_3,8.1.1,24237342,Daemons of Chaos,daemons_of_chaos,wh3_main_sc_dae_daemons,Daemon Prince,Daemon_Prince,legendary_lord,wh3_main_dae_daemon_prince,general,general,wh3_main_dae_daemon_prince|wh3_main_dae_daemons_qb1,true,false,true,true,false,true,,legendary_lords,wh3_main_skill_node_set_dae_daemon_prince,,1,general,false,false,,,,wh3_main_skill_node_dae_daemon_prince_tzeentch_4,wh3_main_skill_dae_tzeentch_reign_of_chaos_buff_2,Tempting Truths,The Great Sorcerer grants many gifts to His most faithful Heralds of Change.,battle_morale.png,9,5,0,3,true,0,1,1,Tempting Truths,The Great Sorcerer grants many gifts to His most faithful Heralds of Change.,,,,,,wh3_main_effect_reign_of_chaos_tzeentch_outcome_additive,Reign of Chaos: additional chance for Tzeentch rewards %+n%,,character_to_character_own,10,battle,535,true,reign_of_chaos.png,reign_of_chaos.png,,,,,,,,,,,,,,,,,,,,,,,character_skill_level_to_effects_junctions_tables,wh3_main_skill_dae_tzeentch_reign_of_chaos_buff_2|wh3_main_effect_reign_of_chaos_tzeentch_outcome_additive|1|character_to_character_own
node,warhammer_3,8.1.1,24237342,Daemons of Chaos,daemons_of_chaos,wh3_main_sc_dae_daemons,Daemon Prince,Daemon_Prince,legendary_lord,wh3_main_dae_daemon_prince,general,general,wh3_main_dae_daemon_prince|wh3_main_dae_daemons_qb1,true,false,true,true,false,true,,legendary_lords,wh3_main_skill_node_set_dae_daemon_prince,,1,general,false,false,,,,wh3_main_skill_node_dae_daemon_prince_undivided_3_4,wh3_main_skill_dae_undivided_campaign_tzeentch_units,Acolytes of Change,"The unified forces of Chaos thrill the Lord of Change, who delights in seeing once-fierce enemies transformed into a weapon of untold annihilation.",campaign_military_spending.png,10,1,0,0,true,0,3,,,,,,,,,,,,,,,,,,,,,,,,,,,,,,,,,,,,,,,,,character_skill_nodes_tables,wh3_main_skill_node_dae_daemon_prince_undivided_3_4
effect,warhammer_3,8.1.1,24237342,Daemons of Chaos,daemons_of_chaos,wh3_main_sc_dae_daemons,Daemon Prince,Daemon_Prince,legendary_lord,wh3_main_dae_daemon_prince,general,general,wh3_main_dae_daemon_prince|wh3_main_dae_daemons_qb1,true,false,true,true,false,true,,legendary_lords,wh3_main_skill_node_set_dae_daemon_prince,,1,general,false,false,,,,wh3_main_skill_node_dae_daemon_prince_undivided_3_4,wh3_main_skill_dae_undivided_campaign_tzeentch_units,Acolytes of Change,"The unified forces of Chaos thrill the Lord of Change, who delights in seeing once-fierce enemies transformed into a weapon of untold annihilation.",campaign_military_spending.png,10,1,0,0,true,0,3,1,Acolytes of Change,"The unified forces of Chaos thrill the Lord of Change, who delights in seeing once-fierce enemies transformed into a weapon of untold annihilation.",,,,,,wh3_main_effect_upkeep_tze_all,Upkeep: %+n% for Tzeentch units,,general_to_force_own,-3,campaign,105,false,military_spending.png,military_spending.png,,,,,,,,,,,,,,,,,,,,,,,character_skill_level_to_effects_junctions_tables,wh3_main_skill_dae_undivided_campaign_tzeentch_units|wh3_main_effect_upkeep_tze_all|1|general_to_force_own
effect,warhammer_3,8.1.1,24237342,Daemons of Chaos,daemons_of_chaos,wh3_main_sc_dae_daemons,Daemon Prince,Daemon_Prince,legendary_lord,wh3_main_dae_daemon_prince,general,general,wh3_main_dae_daemon_prince|wh3_main_dae_daemons_qb1,true,false,true,true,false,true,,legendary_lords,wh3_main_skill_node_set_dae_daemon_prince,,1,general,false,false,,,,wh3_main_skill_node_dae_daemon_prince_undivided_3_4,wh3_main_skill_dae_undivided_campaign_tzeentch_units,Acolytes of Change,"The unified forces of Chaos thrill the Lord of Change, who delights in seeing once-fierce enemies transformed into a weapon of untold annihilation.",campaign_military_spending.png,10,1,0,0,true,0,3,2,Acolytes of Change,"The unified forces of Chaos thrill the Lord of Change, who delights in seeing once-fierce enemies transformed into a weapon of untold annihilation.",,,,,,wh3_main_effect_upkeep_tze_all,Upkeep: %+n% for Tzeentch units,,general_to_force_own,-8,campaign,105,false,military_spending.png,military_spending.png,,,,,,,,,,,,,,,,,,,,,,,character_skill_level_to_effects_junctions_tables,wh3_main_skill_dae_undivided_campaign_tzeentch_units|wh3_main_effect_upkeep_tze_all|2|general_to_force_own
effect,warhammer_3,8.1.1,24237342,Daemons of Chaos,daemons_of_chaos,wh3_main_sc_dae_daemons,Daemon Prince,Daemon_Prince,legendary_lord,wh3_main_dae_daemon_prince,general,general,wh3_main_dae_daemon_prince|wh3_main_dae_daemons_qb1,true,false,true,true,false,true,,legendary_lords,wh3_main_skill_node_set_dae_daemon_prince,,1,general,false,false,,,,wh3_main_skill_node_dae_daemon_prince_undivided_3_4,wh3_main_skill_dae_undivided_campaign_tzeentch_units,Acolytes of Change,"The unified forces of Chaos thrill the Lord of Change, who delights in seeing once-fierce enemies transformed into a weapon of untold annihilation.",campaign_military_spending.png,10,1,0,0,true,0,3,3,Acolytes of Change,"The unified forces of Chaos thrill the Lord of Change, who delights in seeing once-fierce enemies transformed into a weapon of untold annihilation.",,,,,,wh3_main_effect_upkeep_tze_all,Upkeep: %+n% for Tzeentch units,,general_to_force_own,-15,campaign,105,false,military_spending.png,military_spending.png,,,,,,,,,,,,,,,,,,,,,,,character_skill_level_to_effects_junctions_tables,wh3_main_skill_dae_undivided_campaign_tzeentch_units|wh3_main_effect_upkeep_tze_all|3|general_to_force_own
node,warhammer_3,8.1.1,24237342,Daemons of Chaos,daemons_of_chaos,wh3_main_sc_dae_daemons,Daemon Prince,Daemon_Prince,legendary_lord,wh3_main_dae_daemon_prince,general,general,wh3_main_dae_daemon_prince|wh3_main_dae_daemons_qb1,true,false,true,true,false,true,,legendary_lords,wh3_main_skill_node_set_dae_daemon_prince,,1,general,false,false,,,,wh3_main_skill_node_dae_daemon_prince_khorne_5_1,wh3_main_skill_dae_khorne_army_bloodthirster_damage,Forged in Fury,A weapon forged in a fire of searing hatred strikes harder than any average blade.,battle_damage.png,10,2,0,0,true,0,3,,,,,,,,,,,,,,,,,,,,,,,,,,,,,,,,,,,,,,,,,character_skill_nodes_tables,wh3_main_skill_node_dae_daemon_prince_khorne_5_1
effect,warhammer_3,8.1.1,24237342,Daemons of Chaos,daemons_of_chaos,wh3_main_sc_dae_daemons,Daemon Prince,Daemon_Prince,legendary_lord,wh3_main_dae_daemon_prince,general,general,wh3_main_dae_daemon_prince|wh3_main_dae_daemons_qb1,true,false,true,true,false,true,,legendary_lords,wh3_main_skill_node_set_dae_daemon_prince,,1,general,false,false,,,,wh3_main_skill_node_dae_daemon_prince_khorne_5_1,wh3_main_skill_dae_khorne_army_bloodthirster_damage,Forged in Fury,A weapon forged in a fire of searing hatred strikes harder than any average blade.,battle_damage.png,10,2,0,0,true,0,3,1,Forged in Fury,A weapon forged in a fire of searing hatred strikes harder than any average blade.,,,,,,wh3_main_effect_force_stat_weapon_strength_kho_bloodthirster,Weapon strength: %+n% for Bloodthirster units,,general_to_force_own,5,battle,461,true,weapon_damage.png,weapon_damage.png,,,,,,,,,,,,,,,,,,,,,,,character_skill_level_to_effects_junctions_tables,wh3_main_skill_dae_khorne_army_bloodthirster_damage|wh3_main_effect_force_stat_weapon_strength_kho_bloodthirster|1|general_to_force_own
effect,warhammer_3,8.1.1,24237342,Daemons of Chaos,daemons_of_chaos,wh3_main_sc_dae_daemons,Daemon Prince,Daemon_Prince,legendary_lord,wh3_main_dae_daemon_prince,general,general,wh3_main_dae_daemon_prince|wh3_main_dae_daemons_qb1,true,false,true,true,false,true,,legendary_lords,wh3_main_skill_node_set_dae_daemon_prince,,1,general,false,false,,,,wh3_main_skill_node_dae_daemon_prince_khorne_5_1,wh3_main_skill_dae_khorne_army_bloodthirster_damage,Forged in Fury,A weapon forged in a fire of searing hatred strikes harder than any average blade.,battle_damage.png,10,2,0,0,true,0,3,2,Forged in Fury,A weapon forged in a fire of searing hatred strikes harder than any average blade.,,,,,,wh3_main_effect_force_stat_weapon_strength_kho_bloodthirster,Weapon strength: %+n% for Bloodthirster units,,general_to_force_own,10,battle,461,true,weapon_damage.png,weapon_damage.png,,,,,,,,,,,,,,,,,,,,,,,character_skill_level_to_effects_junctions_tables,wh3_main_skill_dae_khorne_army_bloodthirster_damage|wh3_main_effect_force_stat_weapon_strength_kho_bloodthirster|2|general_to_force_own
effect,warhammer_3,8.1.1,24237342,Daemons of Chaos,daemons_of_chaos,wh3_main_sc_dae_daemons,Daemon Prince,Daemon_Prince,legendary_lord,wh3_main_dae_daemon_prince,general,general,wh3_main_dae_daemon_prince|wh3_main_dae_daemons_qb1,true,false,true,true,false,true,,legendary_lords,wh3_main_skill_node_set_dae_daemon_prince,,1,general,false,false,,,,wh3_main_skill_node_dae_daemon_prince_khorne_5_1,wh3_main_skill_dae_khorne_army_bloodthirster_damage,Forged in Fury,A weapon forged in a fire of searing hatred strikes harder than any average blade.,battle_damage.png,10,2,0,0,true,0,3,3,Forged in Fury,A weapon forged in a fire of searing hatred strikes harder than any average blade.,,,,,,wh3_main_effect_force_stat_weapon_strength_kho_bloodthirster,Weapon strength: %+n% for Bloodthirster units,,general_to_force_own,15,battle,461,true,weapon_damage.png,weapon_damage.png,,,,,,,,,,,,,,,,,,,,,,,character_skill_level_to_effects_junctions_tables,wh3_main_skill_dae_khorne_army_bloodthirster_damage|wh3_main_effect_force_stat_weapon_strength_kho_bloodthirster|3|general_to_force_own
node,warhammer_3,8.1.1,24237342,Daemons of Chaos,daemons_of_chaos,wh3_main_sc_dae_daemons,Daemon Prince,Daemon_Prince,legendary_lord,wh3_main_dae_daemon_prince,general,general,wh3_main_dae_daemon_prince|wh3_main_dae_daemons_qb1,true,false,true,true,false,true,,legendary_lords,wh3_main_skill_node_set_dae_daemon_prince,,1,general,false,false,,,,wh3_main_skill_node_dae_daemon_prince_nurgle_5_1,wh3_main_skill_dae_nurgle_army_great_unclean_defence,Corpulent Carapace,It is hard for any weapon to penetrate such an overflowing mass of bloated flesh.,battle_defence.png,10,3,0,0,true,0,3,,,,,,,,,,,,,,,,,,,,,,,,,,,,,,,,,,,,,,,,,character_skill_nodes_tables,wh3_main_skill_node_dae_daemon_prince_nurgle_5_1
effect,warhammer_3,8.1.1,24237342,Daemons of Chaos,daemons_of_chaos,wh3_main_sc_dae_daemons,Daemon Prince,Daemon_Prince,legendary_lord,wh3_main_dae_daemon_prince,general,general,wh3_main_dae_daemon_prince|wh3_main_dae_daemons_qb1,true,false,true,true,false,true,,legendary_lords,wh3_main_skill_node_set_dae_daemon_prince,,1,general,false,false,,,,wh3_main_skill_node_dae_daemon_prince_nurgle_5_1,wh3_main_skill_dae_nurgle_army_great_unclean_defence,Corpulent Carapace,It is hard for any weapon to penetrate such an overflowing mass of bloated flesh.,battle_defence.png,10,3,0,0,true,0,3,1,Corpulent Carapace,It is hard for any weapon to penetrate such an overflowing mass of bloated flesh.,,,,,,wh3_main_effect_force_stat_melee_defence_nur_great_unclean_one,Melee defence: %+n for Great Unclean One and Toad Dragon units,,general_to_force_own,4,battle,451,true,defence.png,defence.png,,,,,,,,,,,,,,,,,,,,,,,character_skill_level_to_effects_junctions_tables,wh3_main_skill_dae_nurgle_army_great_unclean_defence|wh3_main_effect_force_stat_melee_defence_nur_great_unclean_one|1|general_to_force_own
effect,warhammer_3,8.1.1,24237342,Daemons of Chaos,daemons_of_chaos,wh3_main_sc_dae_daemons,Daemon Prince,Daemon_Prince,legendary_lord,wh3_main_dae_daemon_prince,general,general,wh3_main_dae_daemon_prince|wh3_main_dae_daemons_qb1,true,false,true,true,false,true,,legendary_lords,wh3_main_skill_node_set_dae_daemon_prince,,1,general,false,false,,,,wh3_main_skill_node_dae_daemon_prince_nurgle_5_1,wh3_main_skill_dae_nurgle_army_great_unclean_defence,Corpulent Carapace,It is hard for any weapon to penetrate such an overflowing mass of bloated flesh.,battle_defence.png,10,3,0,0,true,0,3,2,Corpulent Carapace,It is hard for any weapon to penetrate such an overflowing mass of bloated flesh.,,,,,,wh3_main_effect_force_stat_melee_defence_nur_great_unclean_one,Melee defence: %+n for Great Unclean One and Toad Dragon units,,general_to_force_own,6,battle,451,true,defence.png,defence.png,,,,,,,,,,,,,,,,,,,,,,,character_skill_level_to_effects_junctions_tables,wh3_main_skill_dae_nurgle_army_great_unclean_defence|wh3_main_effect_force_stat_melee_defence_nur_great_unclean_one|2|general_to_force_own
effect,warhammer_3,8.1.1,24237342,Daemons of Chaos,daemons_of_chaos,wh3_main_sc_dae_daemons,Daemon Prince,Daemon_Prince,legendary_lord,wh3_main_dae_daemon_prince,general,general,wh3_main_dae_daemon_prince|wh3_main_dae_daemons_qb1,true,false,true,true,false,true,,legendary_lords,wh3_main_skill_node_set_dae_daemon_prince,,1,general,false,false,,,,wh3_main_skill_node_dae_daemon_prince_nurgle_5_1,wh3_main_skill_dae_nurgle_army_great_unclean_defence,Corpulent Carapace,It is hard for any weapon to penetrate such an overflowing mass of bloated flesh.,battle_defence.png,10,3,0,0,true,0,3,3,Corpulent Carapace,It is hard for any weapon to penetrate such an overflowing mass of bloated flesh.,,,,,,wh3_main_effect_force_stat_melee_defence_nur_great_unclean_one,Melee defence: %+n for Great Unclean One and Toad Dragon units,,general_to_force_own,8,battle,451,true,defence.png,defence.png,,,,,,,,,,,,,,,,,,,,,,,character_skill_level_to_effects_junctions_tables,wh3_main_skill_dae_nurgle_army_great_unclean_defence|wh3_main_effect_force_stat_melee_defence_nur_great_unclean_one|3|general_to_force_own
node,warhammer_3,8.1.1,24237342,Daemons of Chaos,daemons_of_chaos,wh3_main_sc_dae_daemons,Daemon Prince,Daemon_Prince,legendary_lord,wh3_main_dae_daemon_prince,general,general,wh3_main_dae_daemon_prince|wh3_main_dae_daemons_qb1,true,false,true,true,false,true,,legendary_lords,wh3_main_skill_node_set_dae_daemon_prince,,1,general,false,false,,,,wh3_main_skill_node_dae_daemon_prince_slaanesh_5_1,wh3_main_skill_dae_slaanesh_army_keeper_of_secrets_attack,Duality,"The art of combat is much like an intricate dance – fluid, graceful, and always building up to a killer finale.",battle_attack.png,10,4,0,0,true,0,3,,,,,,,,,,,,,,,,,,,,,,,,,,,,,,,,,,,,,,,,,character_skill_nodes_tables,wh3_main_skill_node_dae_daemon_prince_slaanesh_5_1
effect,warhammer_3,8.1.1,24237342,Daemons of Chaos,daemons_of_chaos,wh3_main_sc_dae_daemons,Daemon Prince,Daemon_Prince,legendary_lord,wh3_main_dae_daemon_prince,general,general,wh3_main_dae_daemon_prince|wh3_main_dae_daemons_qb1,true,false,true,true,false,true,,legendary_lords,wh3_main_skill_node_set_dae_daemon_prince,,1,general,false,false,,,,wh3_main_skill_node_dae_daemon_prince_slaanesh_5_1,wh3_main_skill_dae_slaanesh_army_keeper_of_secrets_attack,Duality,"The art of combat is much like an intricate dance – fluid, graceful, and always building up to a killer finale.",battle_attack.png,10,4,0,0,true,0,3,1,Duality,"The art of combat is much like an intricate dance – fluid, graceful, and always building up to a killer finale.",,,,,,wh3_main_effect_force_stat_melee_attack_sla_keeper_of_secrets,Melee attack: %+n for Keeper of Secrets units,,general_to_force_own,4,battle,431,true,melee.png,melee.png,,,,,,,,,,,,,,,,,,,,,,,character_skill_level_to_effects_junctions_tables,wh3_main_skill_dae_slaanesh_army_keeper_of_secrets_attack|wh3_main_effect_force_stat_melee_attack_sla_keeper_of_secrets|1|general_to_force_own
effect,warhammer_3,8.1.1,24237342,Daemons of Chaos,daemons_of_chaos,wh3_main_sc_dae_daemons,Daemon Prince,Daemon_Prince,legendary_lord,wh3_main_dae_daemon_prince,general,general,wh3_main_dae_daemon_prince|wh3_main_dae_daemons_qb1,true,false,true,true,false,true,,legendary_lords,wh3_main_skill_node_set_dae_daemon_prince,,1,general,false,false,,,,wh3_main_skill_node_dae_daemon_prince_slaanesh_5_1,wh3_main_skill_dae_slaanesh_army_keeper_of_secrets_attack,Duality,"The art of combat is much like an intricate dance – fluid, graceful, and always building up to a killer finale.",battle_attack.png,10,4,0,0,true,0,3,2,Duality,"The art of combat is much like an intricate dance – fluid, graceful, and always building up to a killer finale.",,,,,,wh3_main_effect_force_stat_melee_attack_sla_keeper_of_secrets,Melee attack: %+n for Keeper of Secrets units,,general_to_force_own,6,battle,431,true,melee.png,melee.png,,,,,,,,,,,,,,,,,,,,,,,character_skill_level_to_effects_junctions_tables,wh3_main_skill_dae_slaanesh_army_keeper_of_secrets_attack|wh3_main_effect_force_stat_melee_attack_sla_keeper_of_secrets|2|general_to_force_own
effect,warhammer_3,8.1.1,24237342,Daemons of Chaos,daemons_of_chaos,wh3_main_sc_dae_daemons,Daemon Prince,Daemon_Prince,legendary_lord,wh3_main_dae_daemon_prince,general,general,wh3_main_dae_daemon_prince|wh3_main_dae_daemons_qb1,true,false,true,true,false,true,,legendary_lords,wh3_main_skill_node_set_dae_daemon_prince,,1,general,false,false,,,,wh3_main_skill_node_dae_daemon_prince_slaanesh_5_1,wh3_main_skill_dae_slaanesh_army_keeper_of_secrets_attack,Duality,"The art of combat is much like an intricate dance – fluid, graceful, and always building up to a killer finale.",battle_attack.png,10,4,0,0,true,0,3,3,Duality,"The art of combat is much like an intricate dance – fluid, graceful, and always building up to a killer finale.",,,,,,wh3_main_effect_force_stat_melee_attack_sla_keeper_of_secrets,Melee attack: %+n for Keeper of Secrets units,,general_to_force_own,8,battle,431,true,melee.png,melee.png,,,,,,,,,,,,,,,,,,,,,,,character_skill_level_to_effects_junctions_tables,wh3_main_skill_dae_slaanesh_army_keeper_of_secrets_attack|wh3_main_effect_force_stat_melee_attack_sla_keeper_of_secrets|3|general_to_force_own
node,warhammer_3,8.1.1,24237342,Daemons of Chaos,daemons_of_chaos,wh3_main_sc_dae_daemons,Daemon Prince,Daemon_Prince,legendary_lord,wh3_main_dae_daemon_prince,general,general,wh3_main_dae_daemon_prince|wh3_main_dae_daemons_qb1,true,false,true,true,false,true,,legendary_lords,wh3_main_skill_node_set_dae_daemon_prince,,1,general,false,false,,,,wh3_main_skill_node_dae_daemon_prince_tzeentch_5_1,wh3_main_skill_dae_tzeentch_army_lord_of_change_barrier,Winged Warriors,"A cocoon of wing and feather provides protection to the Lords of Change, sheltering them from harm. ",tzeench_barrier_skill_army.png,10,5,0,0,true,0,3,,,,,,,,,,,,,,,,,,,,,,,,,,,,,,,,,,,,,,,,,character_skill_nodes_tables,wh3_main_skill_node_dae_daemon_prince_tzeentch_5_1
effect,warhammer_3,8.1.1,24237342,Daemons of Chaos,daemons_of_chaos,wh3_main_sc_dae_daemons,Daemon Prince,Daemon_Prince,legendary_lord,wh3_main_dae_daemon_prince,general,general,wh3_main_dae_daemon_prince|wh3_main_dae_daemons_qb1,true,false,true,true,false,true,,legendary_lords,wh3_main_skill_node_set_dae_daemon_prince,,1,general,false,false,,,,wh3_main_skill_node_dae_daemon_prince_tzeentch_5_1,wh3_main_skill_dae_tzeentch_army_lord_of_change_barrier,Winged Warriors,"A cocoon of wing and feather provides protection to the Lords of Change, sheltering them from harm. ",tzeench_barrier_skill_army.png,10,5,0,0,true,0,3,1,Winged Warriors,"A cocoon of wing and feather provides protection to the Lords of Change, sheltering them from harm. ",,,,,,wh3_main_effect_force_stat_barrier_tze_lord_of_change,Barrier: %+n% for Lord of Change units,,general_to_force_own,5,battle,91,true,barrier.png,barrier.png,,,,,,,,,,,,,,,,,,,,,,,character_skill_level_to_effects_junctions_tables,wh3_main_skill_dae_tzeentch_army_lord_of_change_barrier|wh3_main_effect_force_stat_barrier_tze_lord_of_change|1|general_to_force_own
effect,warhammer_3,8.1.1,24237342,Daemons of Chaos,daemons_of_chaos,wh3_main_sc_dae_daemons,Daemon Prince,Daemon_Prince,legendary_lord,wh3_main_dae_daemon_prince,general,general,wh3_main_dae_daemon_prince|wh3_main_dae_daemons_qb1,true,false,true,true,false,true,,legendary_lords,wh3_main_skill_node_set_dae_daemon_prince,,1,general,false,false,,,,wh3_main_skill_node_dae_daemon_prince_tzeentch_5_1,wh3_main_skill_dae_tzeentch_army_lord_of_change_barrier,Winged Warriors,"A cocoon of wing and feather provides protection to the Lords of Change, sheltering them from harm. ",tzeench_barrier_skill_army.png,10,5,0,0,true,0,3,2,Winged Warriors,"A cocoon of wing and feather provides protection to the Lords of Change, sheltering them from harm. ",,,,,,wh3_main_effect_force_stat_barrier_tze_lord_of_change,Barrier: %+n% for Lord of Change units,,general_to_force_own,10,battle,91,true,barrier.png,barrier.png,,,,,,,,,,,,,,,,,,,,,,,character_skill_level_to_effects_junctions_tables,wh3_main_skill_dae_tzeentch_army_lord_of_change_barrier|wh3_main_effect_force_stat_barrier_tze_lord_of_change|2|general_to_force_own
effect,warhammer_3,8.1.1,24237342,Daemons of Chaos,daemons_of_chaos,wh3_main_sc_dae_daemons,Daemon Prince,Daemon_Prince,legendary_lord,wh3_main_dae_daemon_prince,general,general,wh3_main_dae_daemon_prince|wh3_main_dae_daemons_qb1,true,false,true,true,false,true,,legendary_lords,wh3_main_skill_node_set_dae_daemon_prince,,1,general,false,false,,,,wh3_main_skill_node_dae_daemon_prince_tzeentch_5_1,wh3_main_skill_dae_tzeentch_army_lord_of_change_barrier,Winged Warriors,"A cocoon of wing and feather provides protection to the Lords of Change, sheltering them from harm. ",tzeench_barrier_skill_army.png,10,5,0,0,true,0,3,3,Winged Warriors,"A cocoon of wing and feather provides protection to the Lords of Change, sheltering them from harm. ",,,,,,wh3_main_effect_force_stat_barrier_tze_lord_of_change,Barrier: %+n% for Lord of Change units,,general_to_force_own,15,battle,91,true,barrier.png,barrier.png,,,,,,,,,,,,,,,,,,,,,,,character_skill_level_to_effects_junctions_tables,wh3_main_skill_dae_tzeentch_army_lord_of_change_barrier|wh3_main_effect_force_stat_barrier_tze_lord_of_change|3|general_to_force_own
node,warhammer_3,8.1.1,24237342,Daemons of Chaos,daemons_of_chaos,wh3_main_sc_dae_daemons,Daemon Prince,Daemon_Prince,legendary_lord,wh3_main_dae_daemon_prince,general,general,wh3_main_dae_daemon_prince|wh3_main_dae_daemons_qb1,true,false,true,true,false,true,,legendary_lords,wh3_main_skill_node_set_dae_daemon_prince,,1,general,false,false,,,,wh3_main_skill_node_dae_daemon_prince_undivided_3_5,wh3_main_skill_dae_undivided_campaign_slaanesh_units,Intimate Allies,"Merged under a single Ruinous banner, the servants of Slaanesh find new pleasures within this unholy alliance.",campaign_military_spending.png,11,1,0,0,true,0,3,,,,,,,,,,,,,,,,,,,,,,,,,,,,,,,,,,,,,,,,,character_skill_nodes_tables,wh3_main_skill_node_dae_daemon_prince_undivided_3_5
effect,warhammer_3,8.1.1,24237342,Daemons of Chaos,daemons_of_chaos,wh3_main_sc_dae_daemons,Daemon Prince,Daemon_Prince,legendary_lord,wh3_main_dae_daemon_prince,general,general,wh3_main_dae_daemon_prince|wh3_main_dae_daemons_qb1,true,false,true,true,false,true,,legendary_lords,wh3_main_skill_node_set_dae_daemon_prince,,1,general,false,false,,,,wh3_main_skill_node_dae_daemon_prince_undivided_3_5,wh3_main_skill_dae_undivided_campaign_slaanesh_units,Intimate Allies,"Merged under a single Ruinous banner, the servants of Slaanesh find new pleasures within this unholy alliance.",campaign_military_spending.png,11,1,0,0,true,0,3,1,Intimate Allies,"Merged under a single Ruinous banner, the servants of Slaanesh find new pleasures within this unholy alliance.",,,,,,wh3_main_effect_upkeep_sla_all,Upkeep: %+n% for Slaanesh units,,general_to_force_own,-3,campaign,105,false,military_spending.png,military_spending.png,,,,,,,,,,,,,,,,,,,,,,,character_skill_level_to_effects_junctions_tables,wh3_main_skill_dae_undivided_campaign_slaanesh_units|wh3_main_effect_upkeep_sla_all|1|general_to_force_own
effect,warhammer_3,8.1.1,24237342,Daemons of Chaos,daemons_of_chaos,wh3_main_sc_dae_daemons,Daemon Prince,Daemon_Prince,legendary_lord,wh3_main_dae_daemon_prince,general,general,wh3_main_dae_daemon_prince|wh3_main_dae_daemons_qb1,true,false,true,true,false,true,,legendary_lords,wh3_main_skill_node_set_dae_daemon_prince,,1,general,false,false,,,,wh3_main_skill_node_dae_daemon_prince_undivided_3_5,wh3_main_skill_dae_undivided_campaign_slaanesh_units,Intimate Allies,"Merged under a single Ruinous banner, the servants of Slaanesh find new pleasures within this unholy alliance.",campaign_military_spending.png,11,1,0,0,true,0,3,2,Intimate Allies,"Merged under a single Ruinous banner, the servants of Slaanesh find new pleasures within this unholy alliance.",,,,,,wh3_main_effect_upkeep_sla_all,Upkeep: %+n% for Slaanesh units,,general_to_force_own,-8,campaign,105,false,military_spending.png,military_spending.png,,,,,,,,,,,,,,,,,,,,,,,character_skill_level_to_effects_junctions_tables,wh3_main_skill_dae_undivided_campaign_slaanesh_units|wh3_main_effect_upkeep_sla_all|2|general_to_force_own
effect,warhammer_3,8.1.1,24237342,Daemons of Chaos,daemons_of_chaos,wh3_main_sc_dae_daemons,Daemon Prince,Daemon_Prince,legendary_lord,wh3_main_dae_daemon_prince,general,general,wh3_main_dae_daemon_prince|wh3_main_dae_daemons_qb1,true,false,true,true,false,true,,legendary_lords,wh3_main_skill_node_set_dae_daemon_prince,,1,general,false,false,,,,wh3_main_skill_node_dae_daemon_prince_undivided_3_5,wh3_main_skill_dae_undivided_campaign_slaanesh_units,Intimate Allies,"Merged under a single Ruinous banner, the servants of Slaanesh find new pleasures within this unholy alliance.",campaign_military_spending.png,11,1,0,0,true,0,3,3,Intimate Allies,"Merged under a single Ruinous banner, the servants of Slaanesh find new pleasures within this unholy alliance.",,,,,,wh3_main_effect_upkeep_sla_all,Upkeep: %+n% for Slaanesh units,,general_to_force_own,-15,campaign,105,false,military_spending.png,military_spending.png,,,,,,,,,,,,,,,,,,,,,,,character_skill_level_to_effects_junctions_tables,wh3_main_skill_dae_undivided_campaign_slaanesh_units|wh3_main_effect_upkeep_sla_all|3|general_to_force_own
node,warhammer_3,8.1.1,24237342,Daemons of Chaos,daemons_of_chaos,wh3_main_sc_dae_daemons,Daemon Prince,Daemon_Prince,legendary_lord,wh3_main_dae_daemon_prince,general,general,wh3_main_dae_daemon_prince|wh3_main_dae_daemons_qb1,true,false,true,true,false,true,,legendary_lords,wh3_main_skill_node_set_dae_daemon_prince,,1,general,false,false,,,,wh3_main_skill_node_dae_daemon_prince_khorne_5_2,wh3_main_skill_dae_khorne_army_soul_grinder_damage,Warpmetal Edge,"When the Harvesters of Doom take to the field, a violent ringing of metal echoes with every mechanical swing and thrust of their blades.",battle_damage.png,11,2,0,0,true,0,3,,,,,,,,,,,,,,,,,,,,,,,,,,,,,,,,,,,,,,,,,character_skill_nodes_tables,wh3_main_skill_node_dae_daemon_prince_khorne_5_2
effect,warhammer_3,8.1.1,24237342,Daemons of Chaos,daemons_of_chaos,wh3_main_sc_dae_daemons,Daemon Prince,Daemon_Prince,legendary_lord,wh3_main_dae_daemon_prince,general,general,wh3_main_dae_daemon_prince|wh3_main_dae_daemons_qb1,true,false,true,true,false,true,,legendary_lords,wh3_main_skill_node_set_dae_daemon_prince,,1,general,false,false,,,,wh3_main_skill_node_dae_daemon_prince_khorne_5_2,wh3_main_skill_dae_khorne_army_soul_grinder_damage,Warpmetal Edge,"When the Harvesters of Doom take to the field, a violent ringing of metal echoes with every mechanical swing and thrust of their blades.",battle_damage.png,11,2,0,0,true,0,3,1,Warpmetal Edge,"When the Harvesters of Doom take to the field, a violent ringing of metal echoes with every mechanical swing and thrust of their blades.",,,,,,wh3_main_effect_force_stat_weapon_strength_kho_soul_grinder,Weapon strength: %+n% for Soul Grinder (Khorne) units,,general_to_force_own,5,battle,461,true,weapon_damage.png,weapon_damage.png,,,,,,,,,,,,,,,,,,,,,,,character_skill_level_to_effects_junctions_tables,wh3_main_skill_dae_khorne_army_soul_grinder_damage|wh3_main_effect_force_stat_weapon_strength_kho_soul_grinder|1|general_to_force_own
effect,warhammer_3,8.1.1,24237342,Daemons of Chaos,daemons_of_chaos,wh3_main_sc_dae_daemons,Daemon Prince,Daemon_Prince,legendary_lord,wh3_main_dae_daemon_prince,general,general,wh3_main_dae_daemon_prince|wh3_main_dae_daemons_qb1,true,false,true,true,false,true,,legendary_lords,wh3_main_skill_node_set_dae_daemon_prince,,1,general,false,false,,,,wh3_main_skill_node_dae_daemon_prince_khorne_5_2,wh3_main_skill_dae_khorne_army_soul_grinder_damage,Warpmetal Edge,"When the Harvesters of Doom take to the field, a violent ringing of metal echoes with every mechanical swing and thrust of their blades.",battle_damage.png,11,2,0,0,true,0,3,2,Warpmetal Edge,"When the Harvesters of Doom take to the field, a violent ringing of metal echoes with every mechanical swing and thrust of their blades.",,,,,,wh3_main_effect_force_stat_weapon_strength_kho_soul_grinder,Weapon strength: %+n% for Soul Grinder (Khorne) units,,general_to_force_own,10,battle,461,true,weapon_damage.png,weapon_damage.png,,,,,,,,,,,,,,,,,,,,,,,character_skill_level_to_effects_junctions_tables,wh3_main_skill_dae_khorne_army_soul_grinder_damage|wh3_main_effect_force_stat_weapon_strength_kho_soul_grinder|2|general_to_force_own
effect,warhammer_3,8.1.1,24237342,Daemons of Chaos,daemons_of_chaos,wh3_main_sc_dae_daemons,Daemon Prince,Daemon_Prince,legendary_lord,wh3_main_dae_daemon_prince,general,general,wh3_main_dae_daemon_prince|wh3_main_dae_daemons_qb1,true,false,true,true,false,true,,legendary_lords,wh3_main_skill_node_set_dae_daemon_prince,,1,general,false,false,,,,wh3_main_skill_node_dae_daemon_prince_khorne_5_2,wh3_main_skill_dae_khorne_army_soul_grinder_damage,Warpmetal Edge,"When the Harvesters of Doom take to the field, a violent ringing of metal echoes with every mechanical swing and thrust of their blades.",battle_damage.png,11,2,0,0,true,0,3,3,Warpmetal Edge,"When the Harvesters of Doom take to the field, a violent ringing of metal echoes with every mechanical swing and thrust of their blades.",,,,,,wh3_main_effect_force_stat_weapon_strength_kho_soul_grinder,Weapon strength: %+n% for Soul Grinder (Khorne) units,,general_to_force_own,15,battle,461,true,weapon_damage.png,weapon_damage.png,,,,,,,,,,,,,,,,,,,,,,,character_skill_level_to_effects_junctions_tables,wh3_main_skill_dae_khorne_army_soul_grinder_damage|wh3_main_effect_force_stat_weapon_strength_kho_soul_grinder|3|general_to_force_own
node,warhammer_3,8.1.1,24237342,Daemons of Chaos,daemons_of_chaos,wh3_main_sc_dae_daemons,Daemon Prince,Daemon_Prince,legendary_lord,wh3_main_dae_daemon_prince,general,general,wh3_main_dae_daemon_prince|wh3_main_dae_daemons_qb1,true,false,true,true,false,true,,legendary_lords,wh3_main_skill_node_set_dae_daemon_prince,,1,general,false,false,,,,wh3_main_skill_node_dae_daemon_prince_nurgle_5_2,wh3_main_skill_dae_nurgle_army_great_unclean_armour,Foul Miasma,What better protection is there than a stench so stomach-churningly revolting that it repels every creature in its wake?,battle_armour.png,11,3,0,0,true,0,3,,,,,,,,,,,,,,,,,,,,,,,,,,,,,,,,,,,,,,,,,character_skill_nodes_tables,wh3_main_skill_node_dae_daemon_prince_nurgle_5_2
effect,warhammer_3,8.1.1,24237342,Daemons of Chaos,daemons_of_chaos,wh3_main_sc_dae_daemons,Daemon Prince,Daemon_Prince,legendary_lord,wh3_main_dae_daemon_prince,general,general,wh3_main_dae_daemon_prince|wh3_main_dae_daemons_qb1,true,false,true,true,false,true,,legendary_lords,wh3_main_skill_node_set_dae_daemon_prince,,1,general,false,false,,,,wh3_main_skill_node_dae_daemon_prince_nurgle_5_2,wh3_main_skill_dae_nurgle_army_great_unclean_armour,Foul Miasma,What better protection is there than a stench so stomach-churningly revolting that it repels every creature in its wake?,battle_armour.png,11,3,0,0,true,0,3,1,Foul Miasma,What better protection is there than a stench so stomach-churningly revolting that it repels every creature in its wake?,,,,,,wh3_main_effect_force_stat_armour_nur_great_unclean_one,Armour: %+n for Great Unclean One and Chaos Giant units,,general_to_force_own,5,battle,401,true,armour.png,armour.png,,,,,,,,,,,,,,,,,,,,,,,character_skill_level_to_effects_junctions_tables,wh3_main_skill_dae_nurgle_army_great_unclean_armour|wh3_main_effect_force_stat_armour_nur_great_unclean_one|1|general_to_force_own
effect,warhammer_3,8.1.1,24237342,Daemons of Chaos,daemons_of_chaos,wh3_main_sc_dae_daemons,Daemon Prince,Daemon_Prince,legendary_lord,wh3_main_dae_daemon_prince,general,general,wh3_main_dae_daemon_prince|wh3_main_dae_daemons_qb1,true,false,true,true,false,true,,legendary_lords,wh3_main_skill_node_set_dae_daemon_prince,,1,general,false,false,,,,wh3_main_skill_node_dae_daemon_prince_nurgle_5_2,wh3_main_skill_dae_nurgle_army_great_unclean_armour,Foul Miasma,What better protection is there than a stench so stomach-churningly revolting that it repels every creature in its wake?,battle_armour.png,11,3,0,0,true,0,3,2,Foul Miasma,What better protection is there than a stench so stomach-churningly revolting that it repels every creature in its wake?,,,,,,wh3_main_effect_force_stat_armour_nur_great_unclean_one,Armour: %+n for Great Unclean One and Chaos Giant units,,general_to_force_own,10,battle,401,true,armour.png,armour.png,,,,,,,,,,,,,,,,,,,,,,,character_skill_level_to_effects_junctions_tables,wh3_main_skill_dae_nurgle_army_great_unclean_armour|wh3_main_effect_force_stat_armour_nur_great_unclean_one|2|general_to_force_own
effect,warhammer_3,8.1.1,24237342,Daemons of Chaos,daemons_of_chaos,wh3_main_sc_dae_daemons,Daemon Prince,Daemon_Prince,legendary_lord,wh3_main_dae_daemon_prince,general,general,wh3_main_dae_daemon_prince|wh3_main_dae_daemons_qb1,true,false,true,true,false,true,,legendary_lords,wh3_main_skill_node_set_dae_daemon_prince,,1,general,false,false,,,,wh3_main_skill_node_dae_daemon_prince_nurgle_5_2,wh3_main_skill_dae_nurgle_army_great_unclean_armour,Foul Miasma,What better protection is there than a stench so stomach-churningly revolting that it repels every creature in its wake?,battle_armour.png,11,3,0,0,true,0,3,3,Foul Miasma,What better protection is there than a stench so stomach-churningly revolting that it repels every creature in its wake?,,,,,,wh3_main_effect_force_stat_armour_nur_great_unclean_one,Armour: %+n for Great Unclean One and Chaos Giant units,,general_to_force_own,15,battle,401,true,armour.png,armour.png,,,,,,,,,,,,,,,,,,,,,,,character_skill_level_to_effects_junctions_tables,wh3_main_skill_dae_nurgle_army_great_unclean_armour|wh3_main_effect_force_stat_armour_nur_great_unclean_one|3|general_to_force_own
node,warhammer_3,8.1.1,24237342,Daemons of Chaos,daemons_of_chaos,wh3_main_sc_dae_daemons,Daemon Prince,Daemon_Prince,legendary_lord,wh3_main_dae_daemon_prince,general,general,wh3_main_dae_daemon_prince|wh3_main_dae_daemons_qb1,true,false,true,true,false,true,,legendary_lords,wh3_main_skill_node_set_dae_daemon_prince,,1,general,false,false,,,,wh3_main_skill_node_dae_daemon_prince_slaanesh_5_2,wh3_main_skill_dae_slaanesh_army_keeper_of_secrets_damage,A Fine Edge,"Weapons should be as finely honed as the body, and both should be capable of inflicting the most wicked harm in Slaanesh's name.",battle_damage.png,11,4,0,0,true,0,3,,,,,,,,,,,,,,,,,,,,,,,,,,,,,,,,,,,,,,,,,character_skill_nodes_tables,wh3_main_skill_node_dae_daemon_prince_slaanesh_5_2
effect,warhammer_3,8.1.1,24237342,Daemons of Chaos,daemons_of_chaos,wh3_main_sc_dae_daemons,Daemon Prince,Daemon_Prince,legendary_lord,wh3_main_dae_daemon_prince,general,general,wh3_main_dae_daemon_prince|wh3_main_dae_daemons_qb1,true,false,true,true,false,true,,legendary_lords,wh3_main_skill_node_set_dae_daemon_prince,,1,general,false,false,,,,wh3_main_skill_node_dae_daemon_prince_slaanesh_5_2,wh3_main_skill_dae_slaanesh_army_keeper_of_secrets_damage,A Fine Edge,"Weapons should be as finely honed as the body, and both should be capable of inflicting the most wicked harm in Slaanesh's name.",battle_damage.png,11,4,0,0,true,0,3,1,A Fine Edge,"Weapons should be as finely honed as the body, and both should be capable of inflicting the most wicked harm in Slaanesh's name.",,,,,,wh3_main_effect_force_stat_weapon_strength_sla_keeper_of_secrets,Weapon strength: %+n% for Keeper of Secrets units,,general_to_force_own,5,battle,461,true,weapon_damage.png,weapon_damage.png,,,,,,,,,,,,,,,,,,,,,,,character_skill_level_to_effects_junctions_tables,wh3_main_skill_dae_slaanesh_army_keeper_of_secrets_damage|wh3_main_effect_force_stat_weapon_strength_sla_keeper_of_secrets|1|general_to_force_own
effect,warhammer_3,8.1.1,24237342,Daemons of Chaos,daemons_of_chaos,wh3_main_sc_dae_daemons,Daemon Prince,Daemon_Prince,legendary_lord,wh3_main_dae_daemon_prince,general,general,wh3_main_dae_daemon_prince|wh3_main_dae_daemons_qb1,true,false,true,true,false,true,,legendary_lords,wh3_main_skill_node_set_dae_daemon_prince,,1,general,false,false,,,,wh3_main_skill_node_dae_daemon_prince_slaanesh_5_2,wh3_main_skill_dae_slaanesh_army_keeper_of_secrets_damage,A Fine Edge,"Weapons should be as finely honed as the body, and both should be capable of inflicting the most wicked harm in Slaanesh's name.",battle_damage.png,11,4,0,0,true,0,3,2,A Fine Edge,"Weapons should be as finely honed as the body, and both should be capable of inflicting the most wicked harm in Slaanesh's name.",,,,,,wh3_main_effect_force_stat_weapon_strength_sla_keeper_of_secrets,Weapon strength: %+n% for Keeper of Secrets units,,general_to_force_own,10,battle,461,true,weapon_damage.png,weapon_damage.png,,,,,,,,,,,,,,,,,,,,,,,character_skill_level_to_effects_junctions_tables,wh3_main_skill_dae_slaanesh_army_keeper_of_secrets_damage|wh3_main_effect_force_stat_weapon_strength_sla_keeper_of_secrets|2|general_to_force_own
effect,warhammer_3,8.1.1,24237342,Daemons of Chaos,daemons_of_chaos,wh3_main_sc_dae_daemons,Daemon Prince,Daemon_Prince,legendary_lord,wh3_main_dae_daemon_prince,general,general,wh3_main_dae_daemon_prince|wh3_main_dae_daemons_qb1,true,false,true,true,false,true,,legendary_lords,wh3_main_skill_node_set_dae_daemon_prince,,1,general,false,false,,,,wh3_main_skill_node_dae_daemon_prince_slaanesh_5_2,wh3_main_skill_dae_slaanesh_army_keeper_of_secrets_damage,A Fine Edge,"Weapons should be as finely honed as the body, and both should be capable of inflicting the most wicked harm in Slaanesh's name.",battle_damage.png,11,4,0,0,true,0,3,3,A Fine Edge,"Weapons should be as finely honed as the body, and both should be capable of inflicting the most wicked harm in Slaanesh's name.",,,,,,wh3_main_effect_force_stat_weapon_strength_sla_keeper_of_secrets,Weapon strength: %+n% for Keeper of Secrets units,,general_to_force_own,15,battle,461,true,weapon_damage.png,weapon_damage.png,,,,,,,,,,,,,,,,,,,,,,,character_skill_level_to_effects_junctions_tables,wh3_main_skill_dae_slaanesh_army_keeper_of_secrets_damage|wh3_main_effect_force_stat_weapon_strength_sla_keeper_of_secrets|3|general_to_force_own
node,warhammer_3,8.1.1,24237342,Daemons of Chaos,daemons_of_chaos,wh3_main_sc_dae_daemons,Daemon Prince,Daemon_Prince,legendary_lord,wh3_main_dae_daemon_prince,general,general,wh3_main_dae_daemon_prince|wh3_main_dae_daemons_qb1,true,false,true,true,false,true,,legendary_lords,wh3_main_skill_node_set_dae_daemon_prince,,1,general,false,false,,,,wh3_main_skill_node_dae_daemon_prince_tzeentch_5_2,wh3_main_skill_dae_tzeentch_army_soul_grinder_barrier,Protective Shell,"Encased in Daemonic Warpmetal, the Soul Grinders of Tzeentch feel no pain but the agonising thirst to finally be free.",tzeench_barrier_skill_army.png,11,5,0,0,true,0,3,,,,,,,,,,,,,,,,,,,,,,,,,,,,,,,,,,,,,,,,,character_skill_nodes_tables,wh3_main_skill_node_dae_daemon_prince_tzeentch_5_2
effect,warhammer_3,8.1.1,24237342,Daemons of Chaos,daemons_of_chaos,wh3_main_sc_dae_daemons,Daemon Prince,Daemon_Prince,legendary_lord,wh3_main_dae_daemon_prince,general,general,wh3_main_dae_daemon_prince|wh3_main_dae_daemons_qb1,true,false,true,true,false,true,,legendary_lords,wh3_main_skill_node_set_dae_daemon_prince,,1,general,false,false,,,,wh3_main_skill_node_dae_daemon_prince_tzeentch_5_2,wh3_main_skill_dae_tzeentch_army_soul_grinder_barrier,Protective Shell,"Encased in Daemonic Warpmetal, the Soul Grinders of Tzeentch feel no pain but the agonising thirst to finally be free.",tzeench_barrier_skill_army.png,11,5,0,0,true,0,3,1,Protective Shell,"Encased in Daemonic Warpmetal, the Soul Grinders of Tzeentch feel no pain but the agonising thirst to finally be free.",,,,,,wh3_main_effect_force_stat_barrier_tze_soul_grinder,Barrier: %+n% for Soul Grinder (Tzeentch) units,,general_to_force_own,5,battle,91,true,barrier.png,barrier.png,,,,,,,,,,,,,,,,,,,,,,,character_skill_level_to_effects_junctions_tables,wh3_main_skill_dae_tzeentch_army_soul_grinder_barrier|wh3_main_effect_force_stat_barrier_tze_soul_grinder|1|general_to_force_own
effect,warhammer_3,8.1.1,24237342,Daemons of Chaos,daemons_of_chaos,wh3_main_sc_dae_daemons,Daemon Prince,Daemon_Prince,legendary_lord,wh3_main_dae_daemon_prince,general,general,wh3_main_dae_daemon_prince|wh3_main_dae_daemons_qb1,true,false,true,true,false,true,,legendary_lords,wh3_main_skill_node_set_dae_daemon_prince,,1,general,false,false,,,,wh3_main_skill_node_dae_daemon_prince_tzeentch_5_2,wh3_main_skill_dae_tzeentch_army_soul_grinder_barrier,Protective Shell,"Encased in Daemonic Warpmetal, the Soul Grinders of Tzeentch feel no pain but the agonising thirst to finally be free.",tzeench_barrier_skill_army.png,11,5,0,0,true,0,3,2,Protective Shell,"Encased in Daemonic Warpmetal, the Soul Grinders of Tzeentch feel no pain but the agonising thirst to finally be free.",,,,,,wh3_main_effect_force_stat_barrier_tze_soul_grinder,Barrier: %+n% for Soul Grinder (Tzeentch) units,,general_to_force_own,10,battle,91,true,barrier.png,barrier.png,,,,,,,,,,,,,,,,,,,,,,,character_skill_level_to_effects_junctions_tables,wh3_main_skill_dae_tzeentch_army_soul_grinder_barrier|wh3_main_effect_force_stat_barrier_tze_soul_grinder|2|general_to_force_own
effect,warhammer_3,8.1.1,24237342,Daemons of Chaos,daemons_of_chaos,wh3_main_sc_dae_daemons,Daemon Prince,Daemon_Prince,legendary_lord,wh3_main_dae_daemon_prince,general,general,wh3_main_dae_daemon_prince|wh3_main_dae_daemons_qb1,true,false,true,true,false,true,,legendary_lords,wh3_main_skill_node_set_dae_daemon_prince,,1,general,false,false,,,,wh3_main_skill_node_dae_daemon_prince_tzeentch_5_2,wh3_main_skill_dae_tzeentch_army_soul_grinder_barrier,Protective Shell,"Encased in Daemonic Warpmetal, the Soul Grinders of Tzeentch feel no pain but the agonising thirst to finally be free.",tzeench_barrier_skill_army.png,11,5,0,0,true,0,3,3,Protective Shell,"Encased in Daemonic Warpmetal, the Soul Grinders of Tzeentch feel no pain but the agonising thirst to finally be free.",,,,,,wh3_main_effect_force_stat_barrier_tze_soul_grinder,Barrier: %+n% for Soul Grinder (Tzeentch) units,,general_to_force_own,15,battle,91,true,barrier.png,barrier.png,,,,,,,,,,,,,,,,,,,,,,,character_skill_level_to_effects_junctions_tables,wh3_main_skill_dae_tzeentch_army_soul_grinder_barrier|wh3_main_effect_force_stat_barrier_tze_soul_grinder|3|general_to_force_own
node,warhammer_3,8.1.1,24237342,Daemons of Chaos,daemons_of_chaos,wh3_main_sc_dae_daemons,Daemon Prince,Daemon_Prince,legendary_lord,wh3_main_dae_daemon_prince,general,general,wh3_main_dae_daemon_prince|wh3_main_dae_daemons_qb1,true,false,true,true,false,true,,legendary_lords,wh3_main_skill_node_set_dae_daemon_prince,,1,general,false,false,,,,wh3_main_skill_node_dae_daemon_prince_khorne_5_3,wh3_main_skill_dae_khorne_army_bloodthirster_attack,Spilling the Blood,There is no greater embodiment of Khorne's all-encompassing wrath than spilling the blood of a weak and pitiful enemy.,battle_attack.png,12,2,0,0,true,0,3,,,,,,,,,,,,,,,,,,,,,,,,,,,,,,,,,,,,,,,,,character_skill_nodes_tables,wh3_main_skill_node_dae_daemon_prince_khorne_5_3
effect,warhammer_3,8.1.1,24237342,Daemons of Chaos,daemons_of_chaos,wh3_main_sc_dae_daemons,Daemon Prince,Daemon_Prince,legendary_lord,wh3_main_dae_daemon_prince,general,general,wh3_main_dae_daemon_prince|wh3_main_dae_daemons_qb1,true,false,true,true,false,true,,legendary_lords,wh3_main_skill_node_set_dae_daemon_prince,,1,general,false,false,,,,wh3_main_skill_node_dae_daemon_prince_khorne_5_3,wh3_main_skill_dae_khorne_army_bloodthirster_attack,Spilling the Blood,There is no greater embodiment of Khorne's all-encompassing wrath than spilling the blood of a weak and pitiful enemy.,battle_attack.png,12,2,0,0,true,0,3,1,Spilling the Blood,There is no greater embodiment of Khorne's all-encompassing wrath than spilling the blood of a weak and pitiful enemy.,,,,,,wh3_main_effect_force_stat_melee_attack_kho_bloodthirster,Melee attack: %+n for Bloodthirster and Chaos Warshrine of Khorne units,,general_to_force_own,4,battle,431,true,melee.png,melee.png,,,,,,,,,,,,,,,,,,,,,,,character_skill_level_to_effects_junctions_tables,wh3_main_skill_dae_khorne_army_bloodthirster_attack|wh3_main_effect_force_stat_melee_attack_kho_bloodthirster|1|general_to_force_own
effect,warhammer_3,8.1.1,24237342,Daemons of Chaos,daemons_of_chaos,wh3_main_sc_dae_daemons,Daemon Prince,Daemon_Prince,legendary_lord,wh3_main_dae_daemon_prince,general,general,wh3_main_dae_daemon_prince|wh3_main_dae_daemons_qb1,true,false,true,true,false,true,,legendary_lords,wh3_main_skill_node_set_dae_daemon_prince,,1,general,false,false,,,,wh3_main_skill_node_dae_daemon_prince_khorne_5_3,wh3_main_skill_dae_khorne_army_bloodthirster_attack,Spilling the Blood,There is no greater embodiment of Khorne's all-encompassing wrath than spilling the blood of a weak and pitiful enemy.,battle_attack.png,12,2,0,0,true,0,3,2,Spilling the Blood,There is no greater embodiment of Khorne's all-encompassing wrath than spilling the blood of a weak and pitiful enemy.,,,,,,wh3_main_effect_force_stat_melee_attack_kho_bloodthirster,Melee attack: %+n for Bloodthirster and Chaos Warshrine of Khorne units,,general_to_force_own,6,battle,431,true,melee.png,melee.png,,,,,,,,,,,,,,,,,,,,,,,character_skill_level_to_effects_junctions_tables,wh3_main_skill_dae_khorne_army_bloodthirster_attack|wh3_main_effect_force_stat_melee_attack_kho_bloodthirster|2|general_to_force_own
effect,warhammer_3,8.1.1,24237342,Daemons of Chaos,daemons_of_chaos,wh3_main_sc_dae_daemons,Daemon Prince,Daemon_Prince,legendary_lord,wh3_main_dae_daemon_prince,general,general,wh3_main_dae_daemon_prince|wh3_main_dae_daemons_qb1,true,false,true,true,false,true,,legendary_lords,wh3_main_skill_node_set_dae_daemon_prince,,1,general,false,false,,,,wh3_main_skill_node_dae_daemon_prince_khorne_5_3,wh3_main_skill_dae_khorne_army_bloodthirster_attack,Spilling the Blood,There is no greater embodiment of Khorne's all-encompassing wrath than spilling the blood of a weak and pitiful enemy.,battle_attack.png,12,2,0,0,true,0,3,3,Spilling the Blood,There is no greater embodiment of Khorne's all-encompassing wrath than spilling the blood of a weak and pitiful enemy.,,,,,,wh3_main_effect_force_stat_melee_attack_kho_bloodthirster,Melee attack: %+n for Bloodthirster and Chaos Warshrine of Khorne units,,general_to_force_own,8,battle,431,true,melee.png,melee.png,,,,,,,,,,,,,,,,,,,,,,,character_skill_level_to_effects_junctions_tables,wh3_main_skill_dae_khorne_army_bloodthirster_attack|wh3_main_effect_force_stat_melee_attack_kho_bloodthirster|3|general_to_force_own
node,warhammer_3,8.1.1,24237342,Daemons of Chaos,daemons_of_chaos,wh3_main_sc_dae_daemons,Daemon Prince,Daemon_Prince,legendary_lord,wh3_main_dae_daemon_prince,general,general,wh3_main_dae_daemon_prince|wh3_main_dae_daemons_qb1,true,false,true,true,false,true,,legendary_lords,wh3_main_skill_node_set_dae_daemon_prince,,1,general,false,false,,,,wh3_main_skill_node_dae_daemon_prince_nurgle_5_3,wh3_main_skill_dae_nurgle_army_soul_grinder_defence,Warpmetal Panoply,"Thick plates of filth-ridden, Daemonic metal deflect all but the most grievous of blows.",battle_defence.png,12,3,0,0,true,0,3,,,,,,,,,,,,,,,,,,,,,,,,,,,,,,,,,,,,,,,,,character_skill_nodes_tables,wh3_main_skill_node_dae_daemon_prince_nurgle_5_3
effect,warhammer_3,8.1.1,24237342,Daemons of Chaos,daemons_of_chaos,wh3_main_sc_dae_daemons,Daemon Prince,Daemon_Prince,legendary_lord,wh3_main_dae_daemon_prince,general,general,wh3_main_dae_daemon_prince|wh3_main_dae_daemons_qb1,true,false,true,true,false,true,,legendary_lords,wh3_main_skill_node_set_dae_daemon_prince,,1,general,false,false,,,,wh3_main_skill_node_dae_daemon_prince_nurgle_5_3,wh3_main_skill_dae_nurgle_army_soul_grinder_defence,Warpmetal Panoply,"Thick plates of filth-ridden, Daemonic metal deflect all but the most grievous of blows.",battle_defence.png,12,3,0,0,true,0,3,1,Warpmetal Panoply,"Thick plates of filth-ridden, Daemonic metal deflect all but the most grievous of blows.",,,,,,wh3_main_effect_force_stat_melee_defence_nur_soul_grinder,Melee defence: %+n for Soul Grinder (Nurgle) and Chaos Warshrine of Nurgle units,,general_to_force_own,4,battle,451,true,defence.png,defence.png,,,,,,,,,,,,,,,,,,,,,,,character_skill_level_to_effects_junctions_tables,wh3_main_skill_dae_nurgle_army_soul_grinder_defence|wh3_main_effect_force_stat_melee_defence_nur_soul_grinder|1|general_to_force_own
effect,warhammer_3,8.1.1,24237342,Daemons of Chaos,daemons_of_chaos,wh3_main_sc_dae_daemons,Daemon Prince,Daemon_Prince,legendary_lord,wh3_main_dae_daemon_prince,general,general,wh3_main_dae_daemon_prince|wh3_main_dae_daemons_qb1,true,false,true,true,false,true,,legendary_lords,wh3_main_skill_node_set_dae_daemon_prince,,1,general,false,false,,,,wh3_main_skill_node_dae_daemon_prince_nurgle_5_3,wh3_main_skill_dae_nurgle_army_soul_grinder_defence,Warpmetal Panoply,"Thick plates of filth-ridden, Daemonic metal deflect all but the most grievous of blows.",battle_defence.png,12,3,0,0,true,0,3,2,Warpmetal Panoply,"Thick plates of filth-ridden, Daemonic metal deflect all but the most grievous of blows.",,,,,,wh3_main_effect_force_stat_melee_defence_nur_soul_grinder,Melee defence: %+n for Soul Grinder (Nurgle) and Chaos Warshrine of Nurgle units,,general_to_force_own,6,battle,451,true,defence.png,defence.png,,,,,,,,,,,,,,,,,,,,,,,character_skill_level_to_effects_junctions_tables,wh3_main_skill_dae_nurgle_army_soul_grinder_defence|wh3_main_effect_force_stat_melee_defence_nur_soul_grinder|2|general_to_force_own
effect,warhammer_3,8.1.1,24237342,Daemons of Chaos,daemons_of_chaos,wh3_main_sc_dae_daemons,Daemon Prince,Daemon_Prince,legendary_lord,wh3_main_dae_daemon_prince,general,general,wh3_main_dae_daemon_prince|wh3_main_dae_daemons_qb1,true,false,true,true,false,true,,legendary_lords,wh3_main_skill_node_set_dae_daemon_prince,,1,general,false,false,,,,wh3_main_skill_node_dae_daemon_prince_nurgle_5_3,wh3_main_skill_dae_nurgle_army_soul_grinder_defence,Warpmetal Panoply,"Thick plates of filth-ridden, Daemonic metal deflect all but the most grievous of blows.",battle_defence.png,12,3,0,0,true,0,3,3,Warpmetal Panoply,"Thick plates of filth-ridden, Daemonic metal deflect all but the most grievous of blows.",,,,,,wh3_main_effect_force_stat_melee_defence_nur_soul_grinder,Melee defence: %+n for Soul Grinder (Nurgle) and Chaos Warshrine of Nurgle units,,general_to_force_own,8,battle,451,true,defence.png,defence.png,,,,,,,,,,,,,,,,,,,,,,,character_skill_level_to_effects_junctions_tables,wh3_main_skill_dae_nurgle_army_soul_grinder_defence|wh3_main_effect_force_stat_melee_defence_nur_soul_grinder|3|general_to_force_own
node,warhammer_3,8.1.1,24237342,Daemons of Chaos,daemons_of_chaos,wh3_main_sc_dae_daemons,Daemon Prince,Daemon_Prince,legendary_lord,wh3_main_dae_daemon_prince,general,general,wh3_main_dae_daemon_prince|wh3_main_dae_daemons_qb1,true,false,true,true,false,true,,legendary_lords,wh3_main_skill_node_set_dae_daemon_prince,,1,general,false,false,,,,wh3_main_skill_node_dae_daemon_prince_slaanesh_5_3,wh3_main_skill_dae_slaanesh_army_soul_grinder_attack,Engineered for Destruction,"Though being trapped in a prison of hellish Warpmetal is torturous for a soul inclined to freedom, the raw power it grants somewhat eases its burden.",battle_attack.png,12,4,0,0,true,0,3,,,,,,,,,,,,,,,,,,,,,,,,,,,,,,,,,,,,,,,,,character_skill_nodes_tables,wh3_main_skill_node_dae_daemon_prince_slaanesh_5_3
effect,warhammer_3,8.1.1,24237342,Daemons of Chaos,daemons_of_chaos,wh3_main_sc_dae_daemons,Daemon Prince,Daemon_Prince,legendary_lord,wh3_main_dae_daemon_prince,general,general,wh3_main_dae_daemon_prince|wh3_main_dae_daemons_qb1,true,false,true,true,false,true,,legendary_lords,wh3_main_skill_node_set_dae_daemon_prince,,1,general,false,false,,,,wh3_main_skill_node_dae_daemon_prince_slaanesh_5_3,wh3_main_skill_dae_slaanesh_army_soul_grinder_attack,Engineered for Destruction,"Though being trapped in a prison of hellish Warpmetal is torturous for a soul inclined to freedom, the raw power it grants somewhat eases its burden.",battle_attack.png,12,4,0,0,true,0,3,1,Engineered for Destruction,"Though being trapped in a prison of hellish Warpmetal is torturous for a soul inclined to freedom, the raw power it grants somewhat eases its burden.",,,,,,wh3_main_effect_force_stat_melee_attack_sla_soul_grinder,Melee attack: %+n for Soul Grinder (Slaanesh) and Chaos Warshrine of Slaanesh units,,general_to_force_own,4,battle,431,true,melee.png,melee.png,,,,,,,,,,,,,,,,,,,,,,,character_skill_level_to_effects_junctions_tables,wh3_main_skill_dae_slaanesh_army_soul_grinder_attack|wh3_main_effect_force_stat_melee_attack_sla_soul_grinder|1|general_to_force_own
effect,warhammer_3,8.1.1,24237342,Daemons of Chaos,daemons_of_chaos,wh3_main_sc_dae_daemons,Daemon Prince,Daemon_Prince,legendary_lord,wh3_main_dae_daemon_prince,general,general,wh3_main_dae_daemon_prince|wh3_main_dae_daemons_qb1,true,false,true,true,false,true,,legendary_lords,wh3_main_skill_node_set_dae_daemon_prince,,1,general,false,false,,,,wh3_main_skill_node_dae_daemon_prince_slaanesh_5_3,wh3_main_skill_dae_slaanesh_army_soul_grinder_attack,Engineered for Destruction,"Though being trapped in a prison of hellish Warpmetal is torturous for a soul inclined to freedom, the raw power it grants somewhat eases its burden.",battle_attack.png,12,4,0,0,true,0,3,2,Engineered for Destruction,"Though being trapped in a prison of hellish Warpmetal is torturous for a soul inclined to freedom, the raw power it grants somewhat eases its burden.",,,,,,wh3_main_effect_force_stat_melee_attack_sla_soul_grinder,Melee attack: %+n for Soul Grinder (Slaanesh) and Chaos Warshrine of Slaanesh units,,general_to_force_own,8,battle,431,true,melee.png,melee.png,,,,,,,,,,,,,,,,,,,,,,,character_skill_level_to_effects_junctions_tables,wh3_main_skill_dae_slaanesh_army_soul_grinder_attack|wh3_main_effect_force_stat_melee_attack_sla_soul_grinder|2|general_to_force_own
effect,warhammer_3,8.1.1,24237342,Daemons of Chaos,daemons_of_chaos,wh3_main_sc_dae_daemons,Daemon Prince,Daemon_Prince,legendary_lord,wh3_main_dae_daemon_prince,general,general,wh3_main_dae_daemon_prince|wh3_main_dae_daemons_qb1,true,false,true,true,false,true,,legendary_lords,wh3_main_skill_node_set_dae_daemon_prince,,1,general,false,false,,,,wh3_main_skill_node_dae_daemon_prince_slaanesh_5_3,wh3_main_skill_dae_slaanesh_army_soul_grinder_attack,Engineered for Destruction,"Though being trapped in a prison of hellish Warpmetal is torturous for a soul inclined to freedom, the raw power it grants somewhat eases its burden.",battle_attack.png,12,4,0,0,true,0,3,3,Engineered for Destruction,"Though being trapped in a prison of hellish Warpmetal is torturous for a soul inclined to freedom, the raw power it grants somewhat eases its burden.",,,,,,wh3_main_effect_force_stat_melee_attack_sla_soul_grinder,Melee attack: %+n for Soul Grinder (Slaanesh) and Chaos Warshrine of Slaanesh units,,general_to_force_own,12,battle,431,true,melee.png,melee.png,,,,,,,,,,,,,,,,,,,,,,,character_skill_level_to_effects_junctions_tables,wh3_main_skill_dae_slaanesh_army_soul_grinder_attack|wh3_main_effect_force_stat_melee_attack_sla_soul_grinder|3|general_to_force_own
node,warhammer_3,8.1.1,24237342,Daemons of Chaos,daemons_of_chaos,wh3_main_sc_dae_daemons,Daemon Prince,Daemon_Prince,legendary_lord,wh3_main_dae_daemon_prince,general,general,wh3_main_dae_daemon_prince|wh3_main_dae_daemons_qb1,true,false,true,true,false,true,,legendary_lords,wh3_main_skill_node_set_dae_daemon_prince,,1,general,false,false,,,,wh3_main_skill_node_dae_daemon_prince_tzeentch_5_3,wh3_main_skill_dae_tzeentch_army_exalted_flamers_barrier,Barrier of Flame,A wall of perilous flame lets nothing pass through it without burning the intruder to cinders.,tzeench_barrier_skill_army.png,12,5,0,0,true,0,3,,,,,,,,,,,,,,,,,,,,,,,,,,,,,,,,,,,,,,,,,character_skill_nodes_tables,wh3_main_skill_node_dae_daemon_prince_tzeentch_5_3
effect,warhammer_3,8.1.1,24237342,Daemons of Chaos,daemons_of_chaos,wh3_main_sc_dae_daemons,Daemon Prince,Daemon_Prince,legendary_lord,wh3_main_dae_daemon_prince,general,general,wh3_main_dae_daemon_prince|wh3_main_dae_daemons_qb1,true,false,true,true,false,true,,legendary_lords,wh3_main_skill_node_set_dae_daemon_prince,,1,general,false,false,,,,wh3_main_skill_node_dae_daemon_prince_tzeentch_5_3,wh3_main_skill_dae_tzeentch_army_exalted_flamers_barrier,Barrier of Flame,A wall of perilous flame lets nothing pass through it without burning the intruder to cinders.,tzeench_barrier_skill_army.png,12,5,0,0,true,0,3,1,Barrier of Flame,A wall of perilous flame lets nothing pass through it without burning the intruder to cinders.,,,,,,wh3_main_effect_force_stat_barrier_tze_exalted_flamers_changebringers,Barrier: %+n% for Exalted Flamer of Tzeentch and Changebringers units,,general_to_force_own,5,battle,91,true,barrier.png,barrier.png,,,,,,,,,,,,,,,,,,,,,,,character_skill_level_to_effects_junctions_tables,wh3_main_skill_dae_tzeentch_army_exalted_flamers_barrier|wh3_main_effect_force_stat_barrier_tze_exalted_flamers_changebringers|1|general_to_force_own
effect,warhammer_3,8.1.1,24237342,Daemons of Chaos,daemons_of_chaos,wh3_main_sc_dae_daemons,Daemon Prince,Daemon_Prince,legendary_lord,wh3_main_dae_daemon_prince,general,general,wh3_main_dae_daemon_prince|wh3_main_dae_daemons_qb1,true,false,true,true,false,true,,legendary_lords,wh3_main_skill_node_set_dae_daemon_prince,,1,general,false,false,,,,wh3_main_skill_node_dae_daemon_prince_tzeentch_5_3,wh3_main_skill_dae_tzeentch_army_exalted_flamers_barrier,Barrier of Flame,A wall of perilous flame lets nothing pass through it without burning the intruder to cinders.,tzeench_barrier_skill_army.png,12,5,0,0,true,0,3,2,Barrier of Flame,A wall of perilous flame lets nothing pass through it without burning the intruder to cinders.,,,,,,wh3_main_effect_force_stat_barrier_tze_exalted_flamers_changebringers,Barrier: %+n% for Exalted Flamer of Tzeentch and Changebringers units,,general_to_force_own,10,battle,91,true,barrier.png,barrier.png,,,,,,,,,,,,,,,,,,,,,,,character_skill_level_to_effects_junctions_tables,wh3_main_skill_dae_tzeentch_army_exalted_flamers_barrier|wh3_main_effect_force_stat_barrier_tze_exalted_flamers_changebringers|2|general_to_force_own
effect,warhammer_3,8.1.1,24237342,Daemons of Chaos,daemons_of_chaos,wh3_main_sc_dae_daemons,Daemon Prince,Daemon_Prince,legendary_lord,wh3_main_dae_daemon_prince,general,general,wh3_main_dae_daemon_prince|wh3_main_dae_daemons_qb1,true,false,true,true,false,true,,legendary_lords,wh3_main_skill_node_set_dae_daemon_prince,,1,general,false,false,,,,wh3_main_skill_node_dae_daemon_prince_tzeentch_5_3,wh3_main_skill_dae_tzeentch_army_exalted_flamers_barrier,Barrier of Flame,A wall of perilous flame lets nothing pass through it without burning the intruder to cinders.,tzeench_barrier_skill_army.png,12,5,0,0,true,0,3,3,Barrier of Flame,A wall of perilous flame lets nothing pass through it without burning the intruder to cinders.,,,,,,wh3_main_effect_force_stat_barrier_tze_exalted_flamers_changebringers,Barrier: %+n% for Exalted Flamer of Tzeentch and Changebringers units,,general_to_force_own,15,battle,91,true,barrier.png,barrier.png,,,,,,,,,,,,,,,,,,,,,,,character_skill_level_to_effects_junctions_tables,wh3_main_skill_dae_tzeentch_army_exalted_flamers_barrier|wh3_main_effect_force_stat_barrier_tze_exalted_flamers_changebringers|3|general_to_force_own
node,warhammer_3,8.1.1,24237342,Daemons of Chaos,daemons_of_chaos,wh3_main_sc_dae_daemons,Daemon Prince,Daemon_Prince,legendary_lord,wh3_main_dae_daemon_prince,general,general,wh3_main_dae_daemon_prince|wh3_main_dae_daemons_qb1,true,false,true,true,false,true,,legendary_lords,wh3_main_skill_node_set_dae_daemon_prince,,1,general,false,false,,,,wh3_main_skill_node_dae_daemon_prince_khorne_5_4,wh3_main_skill_dae_khorne_army_soul_grinder_attack,Rage Within the Machine,"Emerging from the Forge of Souls trapped in a prison of metal and gears, the heavy machinery of the Clinkerspawn possesses an undeniably brutal strength.",battle_attack.png,13,2,0,0,true,0,3,,,,,,,,,,,,,,,,,,,,,,,,,,,,,,,,,,,,,,,,,character_skill_nodes_tables,wh3_main_skill_node_dae_daemon_prince_khorne_5_4
effect,warhammer_3,8.1.1,24237342,Daemons of Chaos,daemons_of_chaos,wh3_main_sc_dae_daemons,Daemon Prince,Daemon_Prince,legendary_lord,wh3_main_dae_daemon_prince,general,general,wh3_main_dae_daemon_prince|wh3_main_dae_daemons_qb1,true,false,true,true,false,true,,legendary_lords,wh3_main_skill_node_set_dae_daemon_prince,,1,general,false,false,,,,wh3_main_skill_node_dae_daemon_prince_khorne_5_4,wh3_main_skill_dae_khorne_army_soul_grinder_attack,Rage Within the Machine,"Emerging from the Forge of Souls trapped in a prison of metal and gears, the heavy machinery of the Clinkerspawn possesses an undeniably brutal strength.",battle_attack.png,13,2,0,0,true,0,3,1,Rage Within the Machine,"Emerging from the Forge of Souls trapped in a prison of metal and gears, the heavy machinery of the Clinkerspawn possesses an undeniably brutal strength.",,,,,,wh3_main_effect_force_stat_melee_attack_kho_soul_grinder,Melee attack: %+n for Soul Grinder (Khorne) units,,general_to_force_own,4,battle,431,true,melee.png,melee.png,,,,,,,,,,,,,,,,,,,,,,,character_skill_level_to_effects_junctions_tables,wh3_main_skill_dae_khorne_army_soul_grinder_attack|wh3_main_effect_force_stat_melee_attack_kho_soul_grinder|1|general_to_force_own
effect,warhammer_3,8.1.1,24237342,Daemons of Chaos,daemons_of_chaos,wh3_main_sc_dae_daemons,Daemon Prince,Daemon_Prince,legendary_lord,wh3_main_dae_daemon_prince,general,general,wh3_main_dae_daemon_prince|wh3_main_dae_daemons_qb1,true,false,true,true,false,true,,legendary_lords,wh3_main_skill_node_set_dae_daemon_prince,,1,general,false,false,,,,wh3_main_skill_node_dae_daemon_prince_khorne_5_4,wh3_main_skill_dae_khorne_army_soul_grinder_attack,Rage Within the Machine,"Emerging from the Forge of Souls trapped in a prison of metal and gears, the heavy machinery of the Clinkerspawn possesses an undeniably brutal strength.",battle_attack.png,13,2,0,0,true,0,3,2,Rage Within the Machine,"Emerging from the Forge of Souls trapped in a prison of metal and gears, the heavy machinery of the Clinkerspawn possesses an undeniably brutal strength.",,,,,,wh3_main_effect_force_stat_melee_attack_kho_soul_grinder,Melee attack: %+n for Soul Grinder (Khorne) units,,general_to_force_own,6,battle,431,true,melee.png,melee.png,,,,,,,,,,,,,,,,,,,,,,,character_skill_level_to_effects_junctions_tables,wh3_main_skill_dae_khorne_army_soul_grinder_attack|wh3_main_effect_force_stat_melee_attack_kho_soul_grinder|2|general_to_force_own
effect,warhammer_3,8.1.1,24237342,Daemons of Chaos,daemons_of_chaos,wh3_main_sc_dae_daemons,Daemon Prince,Daemon_Prince,legendary_lord,wh3_main_dae_daemon_prince,general,general,wh3_main_dae_daemon_prince|wh3_main_dae_daemons_qb1,true,false,true,true,false,true,,legendary_lords,wh3_main_skill_node_set_dae_daemon_prince,,1,general,false,false,,,,wh3_main_skill_node_dae_daemon_prince_khorne_5_4,wh3_main_skill_dae_khorne_army_soul_grinder_attack,Rage Within the Machine,"Emerging from the Forge of Souls trapped in a prison of metal and gears, the heavy machinery of the Clinkerspawn possesses an undeniably brutal strength.",battle_attack.png,13,2,0,0,true,0,3,3,Rage Within the Machine,"Emerging from the Forge of Souls trapped in a prison of metal and gears, the heavy machinery of the Clinkerspawn possesses an undeniably brutal strength.",,,,,,wh3_main_effect_force_stat_melee_attack_kho_soul_grinder,Melee attack: %+n for Soul Grinder (Khorne) units,,general_to_force_own,8,battle,431,true,melee.png,melee.png,,,,,,,,,,,,,,,,,,,,,,,character_skill_level_to_effects_junctions_tables,wh3_main_skill_dae_khorne_army_soul_grinder_attack|wh3_main_effect_force_stat_melee_attack_kho_soul_grinder|3|general_to_force_own
node,warhammer_3,8.1.1,24237342,Daemons of Chaos,daemons_of_chaos,wh3_main_sc_dae_daemons,Daemon Prince,Daemon_Prince,legendary_lord,wh3_main_dae_daemon_prince,general,general,wh3_main_dae_daemon_prince|wh3_main_dae_daemons_qb1,true,false,true,true,false,true,,legendary_lords,wh3_main_skill_node_set_dae_daemon_prince,,1,general,false,false,,,,wh3_main_skill_node_dae_daemon_prince_nurgle_5_4,wh3_main_skill_dae_nurgle_army_soul_grinder_range,Mechanical Range,"With the mechanical whirr of heavy gears, the Soul Grinders of Nurgle launch foul projectiles over impossible distances.",battle_range.png,13,3,0,0,true,0,3,,,,,,,,,,,,,,,,,,,,,,,,,,,,,,,,,,,,,,,,,character_skill_nodes_tables,wh3_main_skill_node_dae_daemon_prince_nurgle_5_4
effect,warhammer_3,8.1.1,24237342,Daemons of Chaos,daemons_of_chaos,wh3_main_sc_dae_daemons,Daemon Prince,Daemon_Prince,legendary_lord,wh3_main_dae_daemon_prince,general,general,wh3_main_dae_daemon_prince|wh3_main_dae_daemons_qb1,true,false,true,true,false,true,,legendary_lords,wh3_main_skill_node_set_dae_daemon_prince,,1,general,false,false,,,,wh3_main_skill_node_dae_daemon_prince_nurgle_5_4,wh3_main_skill_dae_nurgle_army_soul_grinder_range,Mechanical Range,"With the mechanical whirr of heavy gears, the Soul Grinders of Nurgle launch foul projectiles over impossible distances.",battle_range.png,13,3,0,0,true,0,3,1,Mechanical Range,"With the mechanical whirr of heavy gears, the Soul Grinders of Nurgle launch foul projectiles over impossible distances.",,,,,,wh3_main_effect_force_stat_range_nur_soul_grinder,Range: %+n% for Soul Grinder (Nurgle) units,,general_to_force_own,5,battle,531,true,accuracy.png,accuracy.png,,,,,,,,,,,,,,,,,,,,,,,character_skill_level_to_effects_junctions_tables,wh3_main_skill_dae_nurgle_army_soul_grinder_range|wh3_main_effect_force_stat_range_nur_soul_grinder|1|general_to_force_own
effect,warhammer_3,8.1.1,24237342,Daemons of Chaos,daemons_of_chaos,wh3_main_sc_dae_daemons,Daemon Prince,Daemon_Prince,legendary_lord,wh3_main_dae_daemon_prince,general,general,wh3_main_dae_daemon_prince|wh3_main_dae_daemons_qb1,true,false,true,true,false,true,,legendary_lords,wh3_main_skill_node_set_dae_daemon_prince,,1,general,false,false,,,,wh3_main_skill_node_dae_daemon_prince_nurgle_5_4,wh3_main_skill_dae_nurgle_army_soul_grinder_range,Mechanical Range,"With the mechanical whirr of heavy gears, the Soul Grinders of Nurgle launch foul projectiles over impossible distances.",battle_range.png,13,3,0,0,true,0,3,2,Mechanical Range,"With the mechanical whirr of heavy gears, the Soul Grinders of Nurgle launch foul projectiles over impossible distances.",,,,,,wh3_main_effect_force_stat_range_nur_soul_grinder,Range: %+n% for Soul Grinder (Nurgle) units,,general_to_force_own,10,battle,531,true,accuracy.png,accuracy.png,,,,,,,,,,,,,,,,,,,,,,,character_skill_level_to_effects_junctions_tables,wh3_main_skill_dae_nurgle_army_soul_grinder_range|wh3_main_effect_force_stat_range_nur_soul_grinder|2|general_to_force_own
effect,warhammer_3,8.1.1,24237342,Daemons of Chaos,daemons_of_chaos,wh3_main_sc_dae_daemons,Daemon Prince,Daemon_Prince,legendary_lord,wh3_main_dae_daemon_prince,general,general,wh3_main_dae_daemon_prince|wh3_main_dae_daemons_qb1,true,false,true,true,false,true,,legendary_lords,wh3_main_skill_node_set_dae_daemon_prince,,1,general,false,false,,,,wh3_main_skill_node_dae_daemon_prince_nurgle_5_4,wh3_main_skill_dae_nurgle_army_soul_grinder_range,Mechanical Range,"With the mechanical whirr of heavy gears, the Soul Grinders of Nurgle launch foul projectiles over impossible distances.",battle_range.png,13,3,0,0,true,0,3,3,Mechanical Range,"With the mechanical whirr of heavy gears, the Soul Grinders of Nurgle launch foul projectiles over impossible distances.",,,,,,wh3_main_effect_force_stat_range_nur_soul_grinder,Range: %+n% for Soul Grinder (Nurgle) units,,general_to_force_own,15,battle,531,true,accuracy.png,accuracy.png,,,,,,,,,,,,,,,,,,,,,,,character_skill_level_to_effects_junctions_tables,wh3_main_skill_dae_nurgle_army_soul_grinder_range|wh3_main_effect_force_stat_range_nur_soul_grinder|3|general_to_force_own
node,warhammer_3,8.1.1,24237342,Daemons of Chaos,daemons_of_chaos,wh3_main_sc_dae_daemons,Daemon Prince,Daemon_Prince,legendary_lord,wh3_main_dae_daemon_prince,general,general,wh3_main_dae_daemon_prince|wh3_main_dae_daemons_qb1,true,false,true,true,false,true,,legendary_lords,wh3_main_skill_node_set_dae_daemon_prince,,1,general,false,false,,,,wh3_main_skill_node_dae_daemon_prince_slaanesh_5_4,wh3_main_skill_dae_slaanesh_army_soul_grinder_damage,Powerful Prison,"Capturing the beauty of battle is impossible from inside a mechanical tomb, yet the pleasure of the kill is no less enticing.",battle_damage.png,13,4,0,0,true,0,3,,,,,,,,,,,,,,,,,,,,,,,,,,,,,,,,,,,,,,,,,character_skill_nodes_tables,wh3_main_skill_node_dae_daemon_prince_slaanesh_5_4
effect,warhammer_3,8.1.1,24237342,Daemons of Chaos,daemons_of_chaos,wh3_main_sc_dae_daemons,Daemon Prince,Daemon_Prince,legendary_lord,wh3_main_dae_daemon_prince,general,general,wh3_main_dae_daemon_prince|wh3_main_dae_daemons_qb1,true,false,true,true,false,true,,legendary_lords,wh3_main_skill_node_set_dae_daemon_prince,,1,general,false,false,,,,wh3_main_skill_node_dae_daemon_prince_slaanesh_5_4,wh3_main_skill_dae_slaanesh_army_soul_grinder_damage,Powerful Prison,"Capturing the beauty of battle is impossible from inside a mechanical tomb, yet the pleasure of the kill is no less enticing.",battle_damage.png,13,4,0,0,true,0,3,1,Powerful Prison,"Capturing the beauty of battle is impossible from inside a mechanical tomb, yet the pleasure of the kill is no less enticing.",,,,,,wh3_main_effect_force_stat_weapon_strength_sla_soul_grinder,Weapon strength: %+n% for Soul Grinder (Slaanesh) units,,general_to_force_own,5,battle,461,true,weapon_damage.png,weapon_damage.png,,,,,,,,,,,,,,,,,,,,,,,character_skill_level_to_effects_junctions_tables,wh3_main_skill_dae_slaanesh_army_soul_grinder_damage|wh3_main_effect_force_stat_weapon_strength_sla_soul_grinder|1|general_to_force_own
effect,warhammer_3,8.1.1,24237342,Daemons of Chaos,daemons_of_chaos,wh3_main_sc_dae_daemons,Daemon Prince,Daemon_Prince,legendary_lord,wh3_main_dae_daemon_prince,general,general,wh3_main_dae_daemon_prince|wh3_main_dae_daemons_qb1,true,false,true,true,false,true,,legendary_lords,wh3_main_skill_node_set_dae_daemon_prince,,1,general,false,false,,,,wh3_main_skill_node_dae_daemon_prince_slaanesh_5_4,wh3_main_skill_dae_slaanesh_army_soul_grinder_damage,Powerful Prison,"Capturing the beauty of battle is impossible from inside a mechanical tomb, yet the pleasure of the kill is no less enticing.",battle_damage.png,13,4,0,0,true,0,3,2,Powerful Prison,"Capturing the beauty of battle is impossible from inside a mechanical tomb, yet the pleasure of the kill is no less enticing.",,,,,,wh3_main_effect_force_stat_weapon_strength_sla_soul_grinder,Weapon strength: %+n% for Soul Grinder (Slaanesh) units,,general_to_force_own,10,battle,461,true,weapon_damage.png,weapon_damage.png,,,,,,,,,,,,,,,,,,,,,,,character_skill_level_to_effects_junctions_tables,wh3_main_skill_dae_slaanesh_army_soul_grinder_damage|wh3_main_effect_force_stat_weapon_strength_sla_soul_grinder|2|general_to_force_own
effect,warhammer_3,8.1.1,24237342,Daemons of Chaos,daemons_of_chaos,wh3_main_sc_dae_daemons,Daemon Prince,Daemon_Prince,legendary_lord,wh3_main_dae_daemon_prince,general,general,wh3_main_dae_daemon_prince|wh3_main_dae_daemons_qb1,true,false,true,true,false,true,,legendary_lords,wh3_main_skill_node_set_dae_daemon_prince,,1,general,false,false,,,,wh3_main_skill_node_dae_daemon_prince_slaanesh_5_4,wh3_main_skill_dae_slaanesh_army_soul_grinder_damage,Powerful Prison,"Capturing the beauty of battle is impossible from inside a mechanical tomb, yet the pleasure of the kill is no less enticing.",battle_damage.png,13,4,0,0,true,0,3,3,Powerful Prison,"Capturing the beauty of battle is impossible from inside a mechanical tomb, yet the pleasure of the kill is no less enticing.",,,,,,wh3_main_effect_force_stat_weapon_strength_sla_soul_grinder,Weapon strength: %+n% for Soul Grinder (Slaanesh) units,,general_to_force_own,15,battle,461,true,weapon_damage.png,weapon_damage.png,,,,,,,,,,,,,,,,,,,,,,,character_skill_level_to_effects_junctions_tables,wh3_main_skill_dae_slaanesh_army_soul_grinder_damage|wh3_main_effect_force_stat_weapon_strength_sla_soul_grinder|3|general_to_force_own
node,warhammer_3,8.1.1,24237342,Daemons of Chaos,daemons_of_chaos,wh3_main_sc_dae_daemons,Daemon Prince,Daemon_Prince,legendary_lord,wh3_main_dae_daemon_prince,general,general,wh3_main_dae_daemon_prince|wh3_main_dae_daemons_qb1,true,false,true,true,false,true,,legendary_lords,wh3_main_skill_node_set_dae_daemon_prince,,1,general,false,false,,,,wh3_main_skill_node_dae_daemon_prince_tzeentch_5_4,wh3_main_skill_dae_tzeentch_army_single_entities_leadership,Commanding Change,Amidst the storm of Change stand those chosen by T'char to lead the realms into the heart of its churning maelstrom.,battle_morale.png,13,5,0,0,true,0,3,,,,,,,,,,,,,,,,,,,,,,,,,,,,,,,,,,,,,,,,,character_skill_nodes_tables,wh3_main_skill_node_dae_daemon_prince_tzeentch_5_4
effect,warhammer_3,8.1.1,24237342,Daemons of Chaos,daemons_of_chaos,wh3_main_sc_dae_daemons,Daemon Prince,Daemon_Prince,legendary_lord,wh3_main_dae_daemon_prince,general,general,wh3_main_dae_daemon_prince|wh3_main_dae_daemons_qb1,true,false,true,true,false,true,,legendary_lords,wh3_main_skill_node_set_dae_daemon_prince,,1,general,false,false,,,,wh3_main_skill_node_dae_daemon_prince_tzeentch_5_4,wh3_main_skill_dae_tzeentch_army_single_entities_leadership,Commanding Change,Amidst the storm of Change stand those chosen by T'char to lead the realms into the heart of its churning maelstrom.,battle_morale.png,13,5,0,0,true,0,3,1,Commanding Change,Amidst the storm of Change stand those chosen by T'char to lead the realms into the heart of its churning maelstrom.,,,,,,wh3_dlc20_effect_force_stat_barrier_tze_warshrine,Barrier: %+n% for Chaos Warshrine of Tzeentch units,,general_to_force_own,4,battle,5,true,barrier.png,barrier.png,,,,,,,,,,,,,,,,,,,,,,,character_skill_level_to_effects_junctions_tables,wh3_main_skill_dae_tzeentch_army_single_entities_leadership|wh3_dlc20_effect_force_stat_barrier_tze_warshrine|1|general_to_force_own
effect,warhammer_3,8.1.1,24237342,Daemons of Chaos,daemons_of_chaos,wh3_main_sc_dae_daemons,Daemon Prince,Daemon_Prince,legendary_lord,wh3_main_dae_daemon_prince,general,general,wh3_main_dae_daemon_prince|wh3_main_dae_daemons_qb1,true,false,true,true,false,true,,legendary_lords,wh3_main_skill_node_set_dae_daemon_prince,,1,general,false,false,,,,wh3_main_skill_node_dae_daemon_prince_tzeentch_5_4,wh3_main_skill_dae_tzeentch_army_single_entities_leadership,Commanding Change,Amidst the storm of Change stand those chosen by T'char to lead the realms into the heart of its churning maelstrom.,battle_morale.png,13,5,0,0,true,0,3,1,Commanding Change,Amidst the storm of Change stand those chosen by T'char to lead the realms into the heart of its churning maelstrom.,,,,,,wh3_main_effect_force_stat_leadership_tze_exalted_flamers_lord_of_change_soul_grinder,"Leadership: %+n for Lord of Change, Soul Grinder (Tzeentch), Changebringers and Exalted Flamer of Tzeentch units",,general_to_force_own,4,battle,412,true,morale.png,morale.png,,,,,,,,,,,,,,,,,,,,,,,character_skill_level_to_effects_junctions_tables,wh3_main_skill_dae_tzeentch_army_single_entities_leadership|wh3_main_effect_force_stat_leadership_tze_exalted_flamers_lord_of_change_soul_grinder|1|general_to_force_own
effect,warhammer_3,8.1.1,24237342,Daemons of Chaos,daemons_of_chaos,wh3_main_sc_dae_daemons,Daemon Prince,Daemon_Prince,legendary_lord,wh3_main_dae_daemon_prince,general,general,wh3_main_dae_daemon_prince|wh3_main_dae_daemons_qb1,true,false,true,true,false,true,,legendary_lords,wh3_main_skill_node_set_dae_daemon_prince,,1,general,false,false,,,,wh3_main_skill_node_dae_daemon_prince_tzeentch_5_4,wh3_main_skill_dae_tzeentch_army_single_entities_leadership,Commanding Change,Amidst the storm of Change stand those chosen by T'char to lead the realms into the heart of its churning maelstrom.,battle_morale.png,13,5,0,0,true,0,3,2,Commanding Change,Amidst the storm of Change stand those chosen by T'char to lead the realms into the heart of its churning maelstrom.,,,,,,wh3_dlc20_effect_force_stat_barrier_tze_warshrine,Barrier: %+n% for Chaos Warshrine of Tzeentch units,,general_to_force_own,6,battle,5,true,barrier.png,barrier.png,,,,,,,,,,,,,,,,,,,,,,,character_skill_level_to_effects_junctions_tables,wh3_main_skill_dae_tzeentch_army_single_entities_leadership|wh3_dlc20_effect_force_stat_barrier_tze_warshrine|2|general_to_force_own
effect,warhammer_3,8.1.1,24237342,Daemons of Chaos,daemons_of_chaos,wh3_main_sc_dae_daemons,Daemon Prince,Daemon_Prince,legendary_lord,wh3_main_dae_daemon_prince,general,general,wh3_main_dae_daemon_prince|wh3_main_dae_daemons_qb1,true,false,true,true,false,true,,legendary_lords,wh3_main_skill_node_set_dae_daemon_prince,,1,general,false,false,,,,wh3_main_skill_node_dae_daemon_prince_tzeentch_5_4,wh3_main_skill_dae_tzeentch_army_single_entities_leadership,Commanding Change,Amidst the storm of Change stand those chosen by T'char to lead the realms into the heart of its churning maelstrom.,battle_morale.png,13,5,0,0,true,0,3,2,Commanding Change,Amidst the storm of Change stand those chosen by T'char to lead the realms into the heart of its churning maelstrom.,,,,,,wh3_main_effect_force_stat_leadership_tze_exalted_flamers_lord_of_change_soul_grinder,"Leadership: %+n for Lord of Change, Soul Grinder (Tzeentch), Changebringers and Exalted Flamer of Tzeentch units",,general_to_force_own,6,battle,412,true,morale.png,morale.png,,,,,,,,,,,,,,,,,,,,,,,character_skill_level_to_effects_junctions_tables,wh3_main_skill_dae_tzeentch_army_single_entities_leadership|wh3_main_effect_force_stat_leadership_tze_exalted_flamers_lord_of_change_soul_grinder|2|general_to_force_own
effect,warhammer_3,8.1.1,24237342,Daemons of Chaos,daemons_of_chaos,wh3_main_sc_dae_daemons,Daemon Prince,Daemon_Prince,legendary_lord,wh3_main_dae_daemon_prince,general,general,wh3_main_dae_daemon_prince|wh3_main_dae_daemons_qb1,true,false,true,true,false,true,,legendary_lords,wh3_main_skill_node_set_dae_daemon_prince,,1,general,false,false,,,,wh3_main_skill_node_dae_daemon_prince_tzeentch_5_4,wh3_main_skill_dae_tzeentch_army_single_entities_leadership,Commanding Change,Amidst the storm of Change stand those chosen by T'char to lead the realms into the heart of its churning maelstrom.,battle_morale.png,13,5,0,0,true,0,3,3,Commanding Change,Amidst the storm of Change stand those chosen by T'char to lead the realms into the heart of its churning maelstrom.,,,,,,wh3_dlc20_effect_force_stat_barrier_tze_warshrine,Barrier: %+n% for Chaos Warshrine of Tzeentch units,,general_to_force_own,10,battle,5,true,barrier.png,barrier.png,,,,,,,,,,,,,,,,,,,,,,,character_skill_level_to_effects_junctions_tables,wh3_main_skill_dae_tzeentch_army_single_entities_leadership|wh3_dlc20_effect_force_stat_barrier_tze_warshrine|3|general_to_force_own
effect,warhammer_3,8.1.1,24237342,Daemons of Chaos,daemons_of_chaos,wh3_main_sc_dae_daemons,Daemon Prince,Daemon_Prince,legendary_lord,wh3_main_dae_daemon_prince,general,general,wh3_main_dae_daemon_prince|wh3_main_dae_daemons_qb1,true,false,true,true,false,true,,legendary_lords,wh3_main_skill_node_set_dae_daemon_prince,,1,general,false,false,,,,wh3_main_skill_node_dae_daemon_prince_tzeentch_5_4,wh3_main_skill_dae_tzeentch_army_single_entities_leadership,Commanding Change,Amidst the storm of Change stand those chosen by T'char to lead the realms into the heart of its churning maelstrom.,battle_morale.png,13,5,0,0,true,0,3,3,Commanding Change,Amidst the storm of Change stand those chosen by T'char to lead the realms into the heart of its churning maelstrom.,,,,,,wh3_main_effect_force_stat_leadership_tze_exalted_flamers_lord_of_change_soul_grinder,"Leadership: %+n for Lord of Change, Soul Grinder (Tzeentch), Changebringers and Exalted Flamer of Tzeentch units",,general_to_force_own,8,battle,412,true,morale.png,morale.png,,,,,,,,,,,,,,,,,,,,,,,character_skill_level_to_effects_junctions_tables,wh3_main_skill_dae_tzeentch_army_single_entities_leadership|wh3_main_effect_force_stat_leadership_tze_exalted_flamers_lord_of_change_soul_grinder|3|general_to_force_own
node,warhammer_3,8.1.1,24237342,Daemons of Chaos,daemons_of_chaos,wh3_main_sc_dae_daemons,Daemon Prince,Daemon_Prince,legendary_lord,wh3_main_dae_daemon_prince,general,general,wh3_main_dae_daemon_prince|wh3_main_dae_daemons_qb1,true,false,true,true,false,true,,legendary_lords,wh3_main_skill_node_set_dae_daemon_prince,,1,general,false,false,,,,wh3_dlc24_skill_node_all_mentor_lord,wh3_main_skill_all_mentor_lord,Mentor,"Having learned much in their long years of service, this character now turns their attention to training others.",character_experience.png,30,0,0,0,true,0,3,,,,,,,,,,,,,,,,,,,,,,,,,,,,,,,,,,,,,,,,,character_skill_nodes_tables,wh3_dlc24_skill_node_all_mentor_lord
skill_level,warhammer_3,8.1.1,24237342,Daemons of Chaos,daemons_of_chaos,wh3_main_sc_dae_daemons,Daemon Prince,Daemon_Prince,legendary_lord,wh3_main_dae_daemon_prince,general,general,wh3_main_dae_daemon_prince|wh3_main_dae_daemons_qb1,true,false,true,true,false,true,,legendary_lords,wh3_main_skill_node_set_dae_daemon_prince,,1,general,false,false,,,,wh3_dlc24_skill_node_all_mentor_lord,wh3_main_skill_all_mentor_lord,Mentor,"Having learned much in their long years of service, this character now turns their attention to training others.",character_experience.png,30,0,0,0,true,0,3,1,Mentor,"Having learned much in their long years of service, this character now turns their attention to training others.",29,x,,,,,,,,,,,,,,,,,,,,,,,,,,,,,,,,,,,,character_skill_level_details_tables,wh3_main_skill_all_mentor_lord|1|||
skill_level,warhammer_3,8.1.1,24237342,Daemons of Chaos,daemons_of_chaos,wh3_main_sc_dae_daemons,Daemon Prince,Daemon_Prince,legendary_lord,wh3_main_dae_daemon_prince,general,general,wh3_main_dae_daemon_prince|wh3_main_dae_daemons_qb1,true,false,true,true,false,true,,legendary_lords,wh3_main_skill_node_set_dae_daemon_prince,,1,general,false,false,,,,wh3_dlc24_skill_node_all_mentor_lord,wh3_main_skill_all_mentor_lord,Mentor,"Having learned much in their long years of service, this character now turns their attention to training others.",character_experience.png,30,0,0,0,true,0,3,2,Mentor,"Having learned much in their long years of service, this character now turns their attention to training others.",39,x,,,,,,,,,,,,,,,,,,,,,,,,,,,,,,,,,,,,character_skill_level_details_tables,wh3_main_skill_all_mentor_lord|2|||
skill_level,warhammer_3,8.1.1,24237342,Daemons of Chaos,daemons_of_chaos,wh3_main_sc_dae_daemons,Daemon Prince,Daemon_Prince,legendary_lord,wh3_main_dae_daemon_prince,general,general,wh3_main_dae_daemon_prince|wh3_main_dae_daemons_qb1,true,false,true,true,false,true,,legendary_lords,wh3_main_skill_node_set_dae_daemon_prince,,1,general,false,false,,,,wh3_dlc24_skill_node_all_mentor_lord,wh3_main_skill_all_mentor_lord,Mentor,"Having learned much in their long years of service, this character now turns their attention to training others.",character_experience.png,30,0,0,0,true,0,3,3,Mentor,"Having learned much in their long years of service, this character now turns their attention to training others.",49,x,,,,,,,,,,,,,,,,,,,,,,,,,,,,,,,,,,,,character_skill_level_details_tables,wh3_main_skill_all_mentor_lord|3|||
effect,warhammer_3,8.1.1,24237342,Daemons of Chaos,daemons_of_chaos,wh3_main_sc_dae_daemons,Daemon Prince,Daemon_Prince,legendary_lord,wh3_main_dae_daemon_prince,general,general,wh3_main_dae_daemon_prince|wh3_main_dae_daemons_qb1,true,false,true,true,false,true,,legendary_lords,wh3_main_skill_node_set_dae_daemon_prince,,1,general,false,false,,,,wh3_dlc24_skill_node_all_mentor_lord,wh3_main_skill_all_mentor_lord,Mentor,"Having learned much in their long years of service, this character now turns their attention to training others.",character_experience.png,30,0,0,0,true,0,3,1,Mentor,"Having learned much in their long years of service, this character now turns their attention to training others.",,,,,,wh3_main_effect_character_campaign_experience_mod,Character experience gain: %+n%,,general_to_character_own_forcewide_heroes_only,20,campaign,14,true,experience.png,experience.png,,,,,,,,,,,,,,,,,,,,,,,character_skill_level_to_effects_junctions_tables,wh3_main_skill_all_mentor_lord|wh3_main_effect_character_campaign_experience_mod|1|general_to_character_own_forcewide_heroes_only
effect,warhammer_3,8.1.1,24237342,Daemons of Chaos,daemons_of_chaos,wh3_main_sc_dae_daemons,Daemon Prince,Daemon_Prince,legendary_lord,wh3_main_dae_daemon_prince,general,general,wh3_main_dae_daemon_prince|wh3_main_dae_daemons_qb1,true,false,true,true,false,true,,legendary_lords,wh3_main_skill_node_set_dae_daemon_prince,,1,general,false,false,,,,wh3_dlc24_skill_node_all_mentor_lord,wh3_main_skill_all_mentor_lord,Mentor,"Having learned much in their long years of service, this character now turns their attention to training others.",character_experience.png,30,0,0,0,true,0,3,1,Mentor,"Having learned much in their long years of service, this character now turns their attention to training others.",,,,,,wh3_main_effect_character_xp_share_generic_lordtext,Character will share %+n% of experience earned between all other active [[img:icon_general]][[/img]]Lords,,character_to_character_own,15,campaign,10,true,experience.png,experience.png,,,,,,,,,,,,,,,,,,,,,,,character_skill_level_to_effects_junctions_tables,wh3_main_skill_all_mentor_lord|wh3_main_effect_character_xp_share_generic_lordtext|1|character_to_character_own
effect,warhammer_3,8.1.1,24237342,Daemons of Chaos,daemons_of_chaos,wh3_main_sc_dae_daemons,Daemon Prince,Daemon_Prince,legendary_lord,wh3_main_dae_daemon_prince,general,general,wh3_main_dae_daemon_prince|wh3_main_dae_daemons_qb1,true,false,true,true,false,true,,legendary_lords,wh3_main_skill_node_set_dae_daemon_prince,,1,general,false,false,,,,wh3_dlc24_skill_node_all_mentor_lord,wh3_main_skill_all_mentor_lord,Mentor,"Having learned much in their long years of service, this character now turns their attention to training others.",character_experience.png,30,0,0,0,true,0,3,2,Mentor,"Having learned much in their long years of service, this character now turns their attention to training others.",,,,,,wh3_main_effect_character_campaign_experience_mod,Character experience gain: %+n%,,general_to_character_own_forcewide_heroes_only,35,campaign,14,true,experience.png,experience.png,,,,,,,,,,,,,,,,,,,,,,,character_skill_level_to_effects_junctions_tables,wh3_main_skill_all_mentor_lord|wh3_main_effect_character_campaign_experience_mod|2|general_to_character_own_forcewide_heroes_only
effect,warhammer_3,8.1.1,24237342,Daemons of Chaos,daemons_of_chaos,wh3_main_sc_dae_daemons,Daemon Prince,Daemon_Prince,legendary_lord,wh3_main_dae_daemon_prince,general,general,wh3_main_dae_daemon_prince|wh3_main_dae_daemons_qb1,true,false,true,true,false,true,,legendary_lords,wh3_main_skill_node_set_dae_daemon_prince,,1,general,false,false,,,,wh3_dlc24_skill_node_all_mentor_lord,wh3_main_skill_all_mentor_lord,Mentor,"Having learned much in their long years of service, this character now turns their attention to training others.",character_experience.png,30,0,0,0,true,0,3,2,Mentor,"Having learned much in their long years of service, this character now turns their attention to training others.",,,,,,wh3_main_effect_character_xp_share_generic_lordtext,Character will share %+n% of experience earned between all other active [[img:icon_general]][[/img]]Lords,,character_to_character_own,30,campaign,10,true,experience.png,experience.png,,,,,,,,,,,,,,,,,,,,,,,character_skill_level_to_effects_junctions_tables,wh3_main_skill_all_mentor_lord|wh3_main_effect_character_xp_share_generic_lordtext|2|character_to_character_own
effect,warhammer_3,8.1.1,24237342,Daemons of Chaos,daemons_of_chaos,wh3_main_sc_dae_daemons,Daemon Prince,Daemon_Prince,legendary_lord,wh3_main_dae_daemon_prince,general,general,wh3_main_dae_daemon_prince|wh3_main_dae_daemons_qb1,true,false,true,true,false,true,,legendary_lords,wh3_main_skill_node_set_dae_daemon_prince,,1,general,false,false,,,,wh3_dlc24_skill_node_all_mentor_lord,wh3_main_skill_all_mentor_lord,Mentor,"Having learned much in their long years of service, this character now turns their attention to training others.",character_experience.png,30,0,0,0,true,0,3,3,Mentor,"Having learned much in their long years of service, this character now turns their attention to training others.",,,,,,wh3_main_effect_character_campaign_experience_mod,Character experience gain: %+n%,,general_to_character_own_forcewide_heroes_only,50,campaign,14,true,experience.png,experience.png,,,,,,,,,,,,,,,,,,,,,,,character_skill_level_to_effects_junctions_tables,wh3_main_skill_all_mentor_lord|wh3_main_effect_character_campaign_experience_mod|3|general_to_character_own_forcewide_heroes_only
effect,warhammer_3,8.1.1,24237342,Daemons of Chaos,daemons_of_chaos,wh3_main_sc_dae_daemons,Daemon Prince,Daemon_Prince,legendary_lord,wh3_main_dae_daemon_prince,general,general,wh3_main_dae_daemon_prince|wh3_main_dae_daemons_qb1,true,false,true,true,false,true,,legendary_lords,wh3_main_skill_node_set_dae_daemon_prince,,1,general,false,false,,,,wh3_dlc24_skill_node_all_mentor_lord,wh3_main_skill_all_mentor_lord,Mentor,"Having learned much in their long years of service, this character now turns their attention to training others.",character_experience.png,30,0,0,0,true,0,3,3,Mentor,"Having learned much in their long years of service, this character now turns their attention to training others.",,,,,,wh3_main_effect_character_xp_share_generic_lordtext,Character will share %+n% of experience earned between all other active [[img:icon_general]][[/img]]Lords,,character_to_character_own,50,campaign,10,true,experience.png,experience.png,,,,,,,,,,,,,,,,,,,,,,,character_skill_level_to_effects_junctions_tables,wh3_main_skill_all_mentor_lord|wh3_main_effect_character_xp_share_generic_lordtext|3|character_to_character_own
prerequisite,warhammer_3,8.1.1,24237342,Daemons of Chaos,daemons_of_chaos,wh3_main_sc_dae_daemons,Daemon Prince,Daemon_Prince,legendary_lord,wh3_main_dae_daemon_prince,general,general,wh3_main_dae_daemon_prince|wh3_main_dae_daemons_qb1,true,false,true,true,false,true,,legendary_lords,wh3_main_skill_node_set_dae_daemon_prince,,1,general,false,false,,,,wh3_main_skill_node_dae_daemon_prince_khorne_1_1,wh3_main_skill_dae_khorne_campaign_raiding_income,Wrathful Reaver,,,,,,,,,,,,,,,,,,,,,,,,,,,,wh3_main_skill_node_dae_daemon_prince_glory_1,wh3_main_skill_dae_lord_campaign_khorne,Fury of the Faithful,wh3_main_skill_node_dae_daemon_prince_khorne_1_1,wh3_main_skill_dae_khorne_campaign_raiding_income,Wrathful Reaver,REQUIRED,0,0,0,0,0,,,,,,,,,,,character_skill_node_links_tables,wh3_main_skill_node_dae_daemon_prince_glory_1|wh3_main_skill_node_dae_daemon_prince_khorne_1_1|REQUIRED
prerequisite,warhammer_3,8.1.1,24237342,Daemons of Chaos,daemons_of_chaos,wh3_main_sc_dae_daemons,Daemon Prince,Daemon_Prince,legendary_lord,wh3_main_dae_daemon_prince,general,general,wh3_main_dae_daemon_prince|wh3_main_dae_daemons_qb1,true,false,true,true,false,true,,legendary_lords,wh3_main_skill_node_set_dae_daemon_prince,,1,general,false,false,,,,wh3_main_skill_node_dae_daemon_prince_khorne_1_2,wh3_main_skill_dae_khorne_campaign_razing_income,Destroyer,,,,,,,,,,,,,,,,,,,,,,,,,,,,wh3_main_skill_node_dae_daemon_prince_glory_1,wh3_main_skill_dae_lord_campaign_khorne,Fury of the Faithful,wh3_main_skill_node_dae_daemon_prince_khorne_1_2,wh3_main_skill_dae_khorne_campaign_razing_income,Destroyer,REQUIRED,0,0,0,0,0,,,,,,,,,,,character_skill_node_links_tables,wh3_main_skill_node_dae_daemon_prince_glory_1|wh3_main_skill_node_dae_daemon_prince_khorne_1_2|REQUIRED
prerequisite,warhammer_3,8.1.1,24237342,Daemons of Chaos,daemons_of_chaos,wh3_main_sc_dae_daemons,Daemon Prince,Daemon_Prince,legendary_lord,wh3_main_dae_daemon_prince,general,general,wh3_main_dae_daemon_prince|wh3_main_dae_daemons_qb1,true,false,true,true,false,true,,legendary_lords,wh3_main_skill_node_set_dae_daemon_prince,,1,general,false,false,,,,wh3_main_skill_node_dae_daemon_prince_khorne_1_3,wh3_main_skill_dae_lord_army_buff_4_1,Unholy Terror Troopers,,,,,,,,,,,,,,,,,,,,,,,,,,,,wh3_main_skill_node_dae_daemon_prince_glory_1,wh3_main_skill_dae_lord_campaign_khorne,Fury of the Faithful,wh3_main_skill_node_dae_daemon_prince_khorne_1_3,wh3_main_skill_dae_lord_army_buff_4_1,Unholy Terror Troopers,REQUIRED,0,0,0,0,0,,,,,,,,,,,character_skill_node_links_tables,wh3_main_skill_node_dae_daemon_prince_glory_1|wh3_main_skill_node_dae_daemon_prince_khorne_1_3|REQUIRED
prerequisite,warhammer_3,8.1.1,24237342,Daemons of Chaos,daemons_of_chaos,wh3_main_sc_dae_daemons,Daemon Prince,Daemon_Prince,legendary_lord,wh3_main_dae_daemon_prince,general,general,wh3_main_dae_daemon_prince|wh3_main_dae_daemons_qb1,true,false,true,true,false,true,,legendary_lords,wh3_main_skill_node_set_dae_daemon_prince,,1,general,false,false,,,,wh3_main_skill_node_dae_daemon_prince_khorne_1_4,wh3_main_skill_dae_khorne_reign_of_chaos_buff,Might of the Chosen,,,,,,,,,,,,,,,,,,,,,,,,,,,,wh3_main_skill_node_dae_daemon_prince_glory_1,wh3_main_skill_dae_lord_campaign_khorne,Fury of the Faithful,wh3_main_skill_node_dae_daemon_prince_khorne_1_4,wh3_main_skill_dae_khorne_reign_of_chaos_buff,Might of the Chosen,REQUIRED,0,0,0,0,0,,,,,,,,,,,character_skill_node_links_tables,wh3_main_skill_node_dae_daemon_prince_glory_1|wh3_main_skill_node_dae_daemon_prince_khorne_1_4|REQUIRED
prerequisite,warhammer_3,8.1.1,24237342,Daemons of Chaos,daemons_of_chaos,wh3_main_sc_dae_daemons,Daemon Prince,Daemon_Prince,legendary_lord,wh3_main_dae_daemon_prince,general,general,wh3_main_dae_daemon_prince|wh3_main_dae_daemons_qb1,true,false,true,true,false,true,,legendary_lords,wh3_main_skill_node_set_dae_daemon_prince,,1,general,false,false,,,,wh3_main_skill_node_dae_daemon_prince_khorne_2,wh3_main_skill_dae_khorne_unit_upkeep,Endless March,,,,,,,,,,,,,,,,,,,,,,,,,,,,wh3_main_skill_node_dae_daemon_prince_khorne_1_1,wh3_main_skill_dae_khorne_campaign_raiding_income,Wrathful Reaver,wh3_main_skill_node_dae_daemon_prince_khorne_2,wh3_main_skill_dae_khorne_unit_upkeep,Endless March,SUBSET_REQUIRED,0,0,0,0,0,,,,,,,,,,,character_skill_node_links_tables,wh3_main_skill_node_dae_daemon_prince_khorne_1_1|wh3_main_skill_node_dae_daemon_prince_khorne_2|SUBSET_REQUIRED
prerequisite,warhammer_3,8.1.1,24237342,Daemons of Chaos,daemons_of_chaos,wh3_main_sc_dae_daemons,Daemon Prince,Daemon_Prince,legendary_lord,wh3_main_dae_daemon_prince,general,general,wh3_main_dae_daemon_prince|wh3_main_dae_daemons_qb1,true,false,true,true,false,true,,legendary_lords,wh3_main_skill_node_set_dae_daemon_prince,,1,general,false,false,,,,wh3_main_skill_node_dae_daemon_prince_khorne_2,wh3_main_skill_dae_khorne_unit_upkeep,Endless March,,,,,,,,,,,,,,,,,,,,,,,,,,,,wh3_main_skill_node_dae_daemon_prince_khorne_1_2,wh3_main_skill_dae_khorne_campaign_razing_income,Destroyer,wh3_main_skill_node_dae_daemon_prince_khorne_2,wh3_main_skill_dae_khorne_unit_upkeep,Endless March,SUBSET_REQUIRED,0,0,0,0,0,,,,,,,,,,,character_skill_node_links_tables,wh3_main_skill_node_dae_daemon_prince_khorne_1_2|wh3_main_skill_node_dae_daemon_prince_khorne_2|SUBSET_REQUIRED
prerequisite,warhammer_3,8.1.1,24237342,Daemons of Chaos,daemons_of_chaos,wh3_main_sc_dae_daemons,Daemon Prince,Daemon_Prince,legendary_lord,wh3_main_dae_daemon_prince,general,general,wh3_main_dae_daemon_prince|wh3_main_dae_daemons_qb1,true,false,true,true,false,true,,legendary_lords,wh3_main_skill_node_set_dae_daemon_prince,,1,general,false,false,,,,wh3_main_skill_node_dae_daemon_prince_khorne_2,wh3_main_skill_dae_khorne_unit_upkeep,Endless March,,,,,,,,,,,,,,,,,,,,,,,,,,,,wh3_main_skill_node_dae_daemon_prince_khorne_1_3,wh3_main_skill_dae_lord_army_buff_4_1,Unholy Terror Troopers,wh3_main_skill_node_dae_daemon_prince_khorne_2,wh3_main_skill_dae_khorne_unit_upkeep,Endless March,SUBSET_REQUIRED,0,0,0,0,0,,,,,,,,,,,character_skill_node_links_tables,wh3_main_skill_node_dae_daemon_prince_khorne_1_3|wh3_main_skill_node_dae_daemon_prince_khorne_2|SUBSET_REQUIRED
prerequisite,warhammer_3,8.1.1,24237342,Daemons of Chaos,daemons_of_chaos,wh3_main_sc_dae_daemons,Daemon Prince,Daemon_Prince,legendary_lord,wh3_main_dae_daemon_prince,general,general,wh3_main_dae_daemon_prince|wh3_main_dae_daemons_qb1,true,false,true,true,false,true,,legendary_lords,wh3_main_skill_node_set_dae_daemon_prince,,1,general,false,false,,,,wh3_main_skill_node_dae_daemon_prince_khorne_2,wh3_main_skill_dae_khorne_unit_upkeep,Endless March,,,,,,,,,,,,,,,,,,,,,,,,,,,,wh3_main_skill_node_dae_daemon_prince_khorne_1_4,wh3_main_skill_dae_khorne_reign_of_chaos_buff,Might of the Chosen,wh3_main_skill_node_dae_daemon_prince_khorne_2,wh3_main_skill_dae_khorne_unit_upkeep,Endless March,SUBSET_REQUIRED,0,0,0,0,0,,,,,,,,,,,character_skill_node_links_tables,wh3_main_skill_node_dae_daemon_prince_khorne_1_4|wh3_main_skill_node_dae_daemon_prince_khorne_2|SUBSET_REQUIRED
prerequisite,warhammer_3,8.1.1,24237342,Daemons of Chaos,daemons_of_chaos,wh3_main_sc_dae_daemons,Daemon Prince,Daemon_Prince,legendary_lord,wh3_main_dae_daemon_prince,general,general,wh3_main_dae_daemon_prince|wh3_main_dae_daemons_qb1,true,false,true,true,false,true,,legendary_lords,wh3_main_skill_node_set_dae_daemon_prince,,1,general,false,false,,,,wh3_main_skill_node_dae_daemon_prince_khorne_3_1,wh_main_skill_all_lord_battle_inspiring_presence,Inspiring Presence,,,,,,,,,,,,,,,,,,,,,,,,,,,,wh3_main_skill_node_dae_daemon_prince_khorne_2,wh3_main_skill_dae_khorne_unit_upkeep,Endless March,wh3_main_skill_node_dae_daemon_prince_khorne_3_1,wh_main_skill_all_lord_battle_inspiring_presence,Inspiring Presence,REQUIRED,0,0,0,0,0,,,,,,,,,,,character_skill_node_links_tables,wh3_main_skill_node_dae_daemon_prince_khorne_2|wh3_main_skill_node_dae_daemon_prince_khorne_3_1|REQUIRED
prerequisite,warhammer_3,8.1.1,24237342,Daemons of Chaos,daemons_of_chaos,wh3_main_sc_dae_daemons,Daemon Prince,Daemon_Prince,legendary_lord,wh3_main_dae_daemon_prince,general,general,wh3_main_dae_daemon_prince|wh3_main_dae_daemons_qb1,true,false,true,true,false,true,,legendary_lords,wh3_main_skill_node_set_dae_daemon_prince,,1,general,false,false,,,,wh3_main_skill_node_dae_daemon_prince_khorne_3_2,wh3_main_skill_dae_lord_army_buff_4_2,Riders of Doom,,,,,,,,,,,,,,,,,,,,,,,,,,,,wh3_main_skill_node_dae_daemon_prince_khorne_2,wh3_main_skill_dae_khorne_unit_upkeep,Endless March,wh3_main_skill_node_dae_daemon_prince_khorne_3_2,wh3_main_skill_dae_lord_army_buff_4_2,Riders of Doom,REQUIRED,0,0,0,0,0,,,,,,,,,,,character_skill_node_links_tables,wh3_main_skill_node_dae_daemon_prince_khorne_2|wh3_main_skill_node_dae_daemon_prince_khorne_3_2|REQUIRED
prerequisite,warhammer_3,8.1.1,24237342,Daemons of Chaos,daemons_of_chaos,wh3_main_sc_dae_daemons,Daemon Prince,Daemon_Prince,legendary_lord,wh3_main_dae_daemon_prince,general,general,wh3_main_dae_daemon_prince|wh3_main_dae_daemons_qb1,true,false,true,true,false,true,,legendary_lords,wh3_main_skill_node_set_dae_daemon_prince,,1,general,false,false,,,,wh3_main_skill_node_dae_daemon_prince_khorne_3_3,wh3_main_skill_dae_lord_army_buff_4_3,Bloodthirsty Beasts,,,,,,,,,,,,,,,,,,,,,,,,,,,,wh3_main_skill_node_dae_daemon_prince_khorne_2,wh3_main_skill_dae_khorne_unit_upkeep,Endless March,wh3_main_skill_node_dae_daemon_prince_khorne_3_3,wh3_main_skill_dae_lord_army_buff_4_3,Bloodthirsty Beasts,REQUIRED,0,0,0,0,0,,,,,,,,,,,character_skill_node_links_tables,wh3_main_skill_node_dae_daemon_prince_khorne_2|wh3_main_skill_node_dae_daemon_prince_khorne_3_3|REQUIRED
prerequisite,warhammer_3,8.1.1,24237342,Daemons of Chaos,daemons_of_chaos,wh3_main_sc_dae_daemons,Daemon Prince,Daemon_Prince,legendary_lord,wh3_main_dae_daemon_prince,general,general,wh3_main_dae_daemon_prince|wh3_main_dae_daemons_qb1,true,false,true,true,false,true,,legendary_lords,wh3_main_skill_node_set_dae_daemon_prince,,1,general,false,false,,,,wh3_main_skill_node_dae_daemon_prince_khorne_4,wh3_main_skill_dae_khorne_reign_of_chaos_buff_2,Raging Might,,,,,,,,,,,,,,,,,,,,,,,,,,,,wh3_main_skill_node_dae_daemon_prince_khorne_3_1,wh_main_skill_all_lord_battle_inspiring_presence,Inspiring Presence,wh3_main_skill_node_dae_daemon_prince_khorne_4,wh3_main_skill_dae_khorne_reign_of_chaos_buff_2,Raging Might,SUBSET_REQUIRED,0,0,0,0,0,,,,,,,,,,,character_skill_node_links_tables,wh3_main_skill_node_dae_daemon_prince_khorne_3_1|wh3_main_skill_node_dae_daemon_prince_khorne_4|SUBSET_REQUIRED
prerequisite,warhammer_3,8.1.1,24237342,Daemons of Chaos,daemons_of_chaos,wh3_main_sc_dae_daemons,Daemon Prince,Daemon_Prince,legendary_lord,wh3_main_dae_daemon_prince,general,general,wh3_main_dae_daemon_prince|wh3_main_dae_daemons_qb1,true,false,true,true,false,true,,legendary_lords,wh3_main_skill_node_set_dae_daemon_prince,,1,general,false,false,,,,wh3_main_skill_node_dae_daemon_prince_khorne_4,wh3_main_skill_dae_khorne_reign_of_chaos_buff_2,Raging Might,,,,,,,,,,,,,,,,,,,,,,,,,,,,wh3_main_skill_node_dae_daemon_prince_khorne_3_2,wh3_main_skill_dae_lord_army_buff_4_2,Riders of Doom,wh3_main_skill_node_dae_daemon_prince_khorne_4,wh3_main_skill_dae_khorne_reign_of_chaos_buff_2,Raging Might,SUBSET_REQUIRED,0,0,0,0,0,,,,,,,,,,,character_skill_node_links_tables,wh3_main_skill_node_dae_daemon_prince_khorne_3_2|wh3_main_skill_node_dae_daemon_prince_khorne_4|SUBSET_REQUIRED
prerequisite,warhammer_3,8.1.1,24237342,Daemons of Chaos,daemons_of_chaos,wh3_main_sc_dae_daemons,Daemon Prince,Daemon_Prince,legendary_lord,wh3_main_dae_daemon_prince,general,general,wh3_main_dae_daemon_prince|wh3_main_dae_daemons_qb1,true,false,true,true,false,true,,legendary_lords,wh3_main_skill_node_set_dae_daemon_prince,,1,general,false,false,,,,wh3_main_skill_node_dae_daemon_prince_khorne_4,wh3_main_skill_dae_khorne_reign_of_chaos_buff_2,Raging Might,,,,,,,,,,,,,,,,,,,,,,,,,,,,wh3_main_skill_node_dae_daemon_prince_khorne_3_3,wh3_main_skill_dae_lord_army_buff_4_3,Bloodthirsty Beasts,wh3_main_skill_node_dae_daemon_prince_khorne_4,wh3_main_skill_dae_khorne_reign_of_chaos_buff_2,Raging Might,SUBSET_REQUIRED,0,0,0,0,0,,,,,,,,,,,character_skill_node_links_tables,wh3_main_skill_node_dae_daemon_prince_khorne_3_3|wh3_main_skill_node_dae_daemon_prince_khorne_4|SUBSET_REQUIRED
prerequisite,warhammer_3,8.1.1,24237342,Daemons of Chaos,daemons_of_chaos,wh3_main_sc_dae_daemons,Daemon Prince,Daemon_Prince,legendary_lord,wh3_main_dae_daemon_prince,general,general,wh3_main_dae_daemon_prince|wh3_main_dae_daemons_qb1,true,false,true,true,false,true,,legendary_lords,wh3_main_skill_node_set_dae_daemon_prince,,1,general,false,false,,,,wh3_main_skill_node_dae_daemon_prince_khorne_5_1,wh3_main_skill_dae_khorne_army_bloodthirster_damage,Forged in Fury,,,,,,,,,,,,,,,,,,,,,,,,,,,,wh3_main_skill_node_dae_daemon_prince_khorne_4,wh3_main_skill_dae_khorne_reign_of_chaos_buff_2,Raging Might,wh3_main_skill_node_dae_daemon_prince_khorne_5_1,wh3_main_skill_dae_khorne_army_bloodthirster_damage,Forged in Fury,REQUIRED,0,0,0,0,0,,,,,,,,,,,character_skill_node_links_tables,wh3_main_skill_node_dae_daemon_prince_khorne_4|wh3_main_skill_node_dae_daemon_prince_khorne_5_1|REQUIRED
prerequisite,warhammer_3,8.1.1,24237342,Daemons of Chaos,daemons_of_chaos,wh3_main_sc_dae_daemons,Daemon Prince,Daemon_Prince,legendary_lord,wh3_main_dae_daemon_prince,general,general,wh3_main_dae_daemon_prince|wh3_main_dae_daemons_qb1,true,false,true,true,false,true,,legendary_lords,wh3_main_skill_node_set_dae_daemon_prince,,1,general,false,false,,,,wh3_main_skill_node_dae_daemon_prince_khorne_5_2,wh3_main_skill_dae_khorne_army_soul_grinder_damage,Warpmetal Edge,,,,,,,,,,,,,,,,,,,,,,,,,,,,wh3_main_skill_node_dae_daemon_prince_khorne_4,wh3_main_skill_dae_khorne_reign_of_chaos_buff_2,Raging Might,wh3_main_skill_node_dae_daemon_prince_khorne_5_2,wh3_main_skill_dae_khorne_army_soul_grinder_damage,Warpmetal Edge,REQUIRED,0,0,0,0,0,,,,,,,,,,,character_skill_node_links_tables,wh3_main_skill_node_dae_daemon_prince_khorne_4|wh3_main_skill_node_dae_daemon_prince_khorne_5_2|REQUIRED
prerequisite,warhammer_3,8.1.1,24237342,Daemons of Chaos,daemons_of_chaos,wh3_main_sc_dae_daemons,Daemon Prince,Daemon_Prince,legendary_lord,wh3_main_dae_daemon_prince,general,general,wh3_main_dae_daemon_prince|wh3_main_dae_daemons_qb1,true,false,true,true,false,true,,legendary_lords,wh3_main_skill_node_set_dae_daemon_prince,,1,general,false,false,,,,wh3_main_skill_node_dae_daemon_prince_khorne_5_3,wh3_main_skill_dae_khorne_army_bloodthirster_attack,Spilling the Blood,,,,,,,,,,,,,,,,,,,,,,,,,,,,wh3_main_skill_node_dae_daemon_prince_khorne_4,wh3_main_skill_dae_khorne_reign_of_chaos_buff_2,Raging Might,wh3_main_skill_node_dae_daemon_prince_khorne_5_3,wh3_main_skill_dae_khorne_army_bloodthirster_attack,Spilling the Blood,REQUIRED,0,0,0,0,0,,,,,,,,,,,character_skill_node_links_tables,wh3_main_skill_node_dae_daemon_prince_khorne_4|wh3_main_skill_node_dae_daemon_prince_khorne_5_3|REQUIRED
prerequisite,warhammer_3,8.1.1,24237342,Daemons of Chaos,daemons_of_chaos,wh3_main_sc_dae_daemons,Daemon Prince,Daemon_Prince,legendary_lord,wh3_main_dae_daemon_prince,general,general,wh3_main_dae_daemon_prince|wh3_main_dae_daemons_qb1,true,false,true,true,false,true,,legendary_lords,wh3_main_skill_node_set_dae_daemon_prince,,1,general,false,false,,,,wh3_main_skill_node_dae_daemon_prince_khorne_5_4,wh3_main_skill_dae_khorne_army_soul_grinder_attack,Rage Within the Machine,,,,,,,,,,,,,,,,,,,,,,,,,,,,wh3_main_skill_node_dae_daemon_prince_khorne_4,wh3_main_skill_dae_khorne_reign_of_chaos_buff_2,Raging Might,wh3_main_skill_node_dae_daemon_prince_khorne_5_4,wh3_main_skill_dae_khorne_army_soul_grinder_attack,Rage Within the Machine,REQUIRED,0,0,0,0,0,,,,,,,,,,,character_skill_node_links_tables,wh3_main_skill_node_dae_daemon_prince_khorne_4|wh3_main_skill_node_dae_daemon_prince_khorne_5_4|REQUIRED
prerequisite,warhammer_3,8.1.1,24237342,Daemons of Chaos,daemons_of_chaos,wh3_main_sc_dae_daemons,Daemon Prince,Daemon_Prince,legendary_lord,wh3_main_dae_daemon_prince,general,general,wh3_main_dae_daemon_prince|wh3_main_dae_daemons_qb1,true,false,true,true,false,true,,legendary_lords,wh3_main_skill_node_set_dae_daemon_prince,,1,general,false,false,,,,wh3_main_skill_node_dae_daemon_prince_nurgle_1_1,wh3_main_skill_dae_nurgle_campaign_reduced_attrition,Grimy Terrain,,,,,,,,,,,,,,,,,,,,,,,,,,,,wh3_main_skill_node_dae_daemon_prince_glory_3,wh3_main_skill_dae_lord_campaign_nurgle,Impure Prayer,wh3_main_skill_node_dae_daemon_prince_nurgle_1_1,wh3_main_skill_dae_nurgle_campaign_reduced_attrition,Grimy Terrain,REQUIRED,0,0,0,0,0,,,,,,,,,,,character_skill_node_links_tables,wh3_main_skill_node_dae_daemon_prince_glory_3|wh3_main_skill_node_dae_daemon_prince_nurgle_1_1|REQUIRED
prerequisite,warhammer_3,8.1.1,24237342,Daemons of Chaos,daemons_of_chaos,wh3_main_sc_dae_daemons,Daemon Prince,Daemon_Prince,legendary_lord,wh3_main_dae_daemon_prince,general,general,wh3_main_dae_daemon_prince|wh3_main_dae_daemons_qb1,true,false,true,true,false,true,,legendary_lords,wh3_main_skill_node_set_dae_daemon_prince,,1,general,false,false,,,,wh3_main_skill_node_dae_daemon_prince_nurgle_1_2,wh3_main_skill_dae_nurgle_campaign_replenishment,Rotting Nourishment,,,,,,,,,,,,,,,,,,,,,,,,,,,,wh3_main_skill_node_dae_daemon_prince_glory_3,wh3_main_skill_dae_lord_campaign_nurgle,Impure Prayer,wh3_main_skill_node_dae_daemon_prince_nurgle_1_2,wh3_main_skill_dae_nurgle_campaign_replenishment,Rotting Nourishment,REQUIRED,0,0,0,0,0,,,,,,,,,,,character_skill_node_links_tables,wh3_main_skill_node_dae_daemon_prince_glory_3|wh3_main_skill_node_dae_daemon_prince_nurgle_1_2|REQUIRED
prerequisite,warhammer_3,8.1.1,24237342,Daemons of Chaos,daemons_of_chaos,wh3_main_sc_dae_daemons,Daemon Prince,Daemon_Prince,legendary_lord,wh3_main_dae_daemon_prince,general,general,wh3_main_dae_daemon_prince|wh3_main_dae_daemons_qb1,true,false,true,true,false,true,,legendary_lords,wh3_main_skill_node_set_dae_daemon_prince,,1,general,false,false,,,,wh3_main_skill_node_dae_daemon_prince_nurgle_1_3,wh3_main_skill_dae_lord_army_buff_1_1,Plague Troopers,,,,,,,,,,,,,,,,,,,,,,,,,,,,wh3_main_skill_node_dae_daemon_prince_glory_3,wh3_main_skill_dae_lord_campaign_nurgle,Impure Prayer,wh3_main_skill_node_dae_daemon_prince_nurgle_1_3,wh3_main_skill_dae_lord_army_buff_1_1,Plague Troopers,REQUIRED,0,0,0,0,0,,,,,,,,,,,character_skill_node_links_tables,wh3_main_skill_node_dae_daemon_prince_glory_3|wh3_main_skill_node_dae_daemon_prince_nurgle_1_3|REQUIRED
prerequisite,warhammer_3,8.1.1,24237342,Daemons of Chaos,daemons_of_chaos,wh3_main_sc_dae_daemons,Daemon Prince,Daemon_Prince,legendary_lord,wh3_main_dae_daemon_prince,general,general,wh3_main_dae_daemon_prince|wh3_main_dae_daemons_qb1,true,false,true,true,false,true,,legendary_lords,wh3_main_skill_node_set_dae_daemon_prince,,1,general,false,false,,,,wh3_main_skill_node_dae_daemon_prince_nurgle_1_4,wh3_main_skill_dae_nurgle_reign_of_chaos_buff,Noxious Abilities,,,,,,,,,,,,,,,,,,,,,,,,,,,,wh3_main_skill_node_dae_daemon_prince_glory_3,wh3_main_skill_dae_lord_campaign_nurgle,Impure Prayer,wh3_main_skill_node_dae_daemon_prince_nurgle_1_4,wh3_main_skill_dae_nurgle_reign_of_chaos_buff,Noxious Abilities,REQUIRED,0,0,0,0,0,,,,,,,,,,,character_skill_node_links_tables,wh3_main_skill_node_dae_daemon_prince_glory_3|wh3_main_skill_node_dae_daemon_prince_nurgle_1_4|REQUIRED
prerequisite,warhammer_3,8.1.1,24237342,Daemons of Chaos,daemons_of_chaos,wh3_main_sc_dae_daemons,Daemon Prince,Daemon_Prince,legendary_lord,wh3_main_dae_daemon_prince,general,general,wh3_main_dae_daemon_prince|wh3_main_dae_daemons_qb1,true,false,true,true,false,true,,legendary_lords,wh3_main_skill_node_set_dae_daemon_prince,,1,general,false,false,,,,wh3_main_skill_node_dae_daemon_prince_nurgle_2,wh3_main_skill_dae_nurgle_campaign_unit_upkeep,Toxic Resolve,,,,,,,,,,,,,,,,,,,,,,,,,,,,wh3_main_skill_node_dae_daemon_prince_nurgle_1_1,wh3_main_skill_dae_nurgle_campaign_reduced_attrition,Grimy Terrain,wh3_main_skill_node_dae_daemon_prince_nurgle_2,wh3_main_skill_dae_nurgle_campaign_unit_upkeep,Toxic Resolve,SUBSET_REQUIRED,0,0,0,0,0,,,,,,,,,,,character_skill_node_links_tables,wh3_main_skill_node_dae_daemon_prince_nurgle_1_1|wh3_main_skill_node_dae_daemon_prince_nurgle_2|SUBSET_REQUIRED
prerequisite,warhammer_3,8.1.1,24237342,Daemons of Chaos,daemons_of_chaos,wh3_main_sc_dae_daemons,Daemon Prince,Daemon_Prince,legendary_lord,wh3_main_dae_daemon_prince,general,general,wh3_main_dae_daemon_prince|wh3_main_dae_daemons_qb1,true,false,true,true,false,true,,legendary_lords,wh3_main_skill_node_set_dae_daemon_prince,,1,general,false,false,,,,wh3_main_skill_node_dae_daemon_prince_nurgle_2,wh3_main_skill_dae_nurgle_campaign_unit_upkeep,Toxic Resolve,,,,,,,,,,,,,,,,,,,,,,,,,,,,wh3_main_skill_node_dae_daemon_prince_nurgle_1_2,wh3_main_skill_dae_nurgle_campaign_replenishment,Rotting Nourishment,wh3_main_skill_node_dae_daemon_prince_nurgle_2,wh3_main_skill_dae_nurgle_campaign_unit_upkeep,Toxic Resolve,SUBSET_REQUIRED,0,0,0,0,0,,,,,,,,,,,character_skill_node_links_tables,wh3_main_skill_node_dae_daemon_prince_nurgle_1_2|wh3_main_skill_node_dae_daemon_prince_nurgle_2|SUBSET_REQUIRED
prerequisite,warhammer_3,8.1.1,24237342,Daemons of Chaos,daemons_of_chaos,wh3_main_sc_dae_daemons,Daemon Prince,Daemon_Prince,legendary_lord,wh3_main_dae_daemon_prince,general,general,wh3_main_dae_daemon_prince|wh3_main_dae_daemons_qb1,true,false,true,true,false,true,,legendary_lords,wh3_main_skill_node_set_dae_daemon_prince,,1,general,false,false,,,,wh3_main_skill_node_dae_daemon_prince_nurgle_2,wh3_main_skill_dae_nurgle_campaign_unit_upkeep,Toxic Resolve,,,,,,,,,,,,,,,,,,,,,,,,,,,,wh3_main_skill_node_dae_daemon_prince_nurgle_1_3,wh3_main_skill_dae_lord_army_buff_1_1,Plague Troopers,wh3_main_skill_node_dae_daemon_prince_nurgle_2,wh3_main_skill_dae_nurgle_campaign_unit_upkeep,Toxic Resolve,SUBSET_REQUIRED,0,0,0,0,0,,,,,,,,,,,character_skill_node_links_tables,wh3_main_skill_node_dae_daemon_prince_nurgle_1_3|wh3_main_skill_node_dae_daemon_prince_nurgle_2|SUBSET_REQUIRED
prerequisite,warhammer_3,8.1.1,24237342,Daemons of Chaos,daemons_of_chaos,wh3_main_sc_dae_daemons,Daemon Prince,Daemon_Prince,legendary_lord,wh3_main_dae_daemon_prince,general,general,wh3_main_dae_daemon_prince|wh3_main_dae_daemons_qb1,true,false,true,true,false,true,,legendary_lords,wh3_main_skill_node_set_dae_daemon_prince,,1,general,false,false,,,,wh3_main_skill_node_dae_daemon_prince_nurgle_2,wh3_main_skill_dae_nurgle_campaign_unit_upkeep,Toxic Resolve,,,,,,,,,,,,,,,,,,,,,,,,,,,,wh3_main_skill_node_dae_daemon_prince_nurgle_1_4,wh3_main_skill_dae_nurgle_reign_of_chaos_buff,Noxious Abilities,wh3_main_skill_node_dae_daemon_prince_nurgle_2,wh3_main_skill_dae_nurgle_campaign_unit_upkeep,Toxic Resolve,SUBSET_REQUIRED,0,0,0,0,0,,,,,,,,,,,character_skill_node_links_tables,wh3_main_skill_node_dae_daemon_prince_nurgle_1_4|wh3_main_skill_node_dae_daemon_prince_nurgle_2|SUBSET_REQUIRED
prerequisite,warhammer_3,8.1.1,24237342,Daemons of Chaos,daemons_of_chaos,wh3_main_sc_dae_daemons,Daemon Prince,Daemon_Prince,legendary_lord,wh3_main_dae_daemon_prince,general,general,wh3_main_dae_daemon_prince|wh3_main_dae_daemons_qb1,true,false,true,true,false,true,,legendary_lords,wh3_main_skill_node_set_dae_daemon_prince,,1,general,false,false,,,,wh3_main_skill_node_dae_daemon_prince_nurgle_3_1,wh_main_skill_chs_lord_campaign_unholy_resilience,Unholy Resilience,,,,,,,,,,,,,,,,,,,,,,,,,,,,wh3_main_skill_node_dae_daemon_prince_nurgle_2,wh3_main_skill_dae_nurgle_campaign_unit_upkeep,Toxic Resolve,wh3_main_skill_node_dae_daemon_prince_nurgle_3_1,wh_main_skill_chs_lord_campaign_unholy_resilience,Unholy Resilience,REQUIRED,0,0,0,0,0,,,,,,,,,,,character_skill_node_links_tables,wh3_main_skill_node_dae_daemon_prince_nurgle_2|wh3_main_skill_node_dae_daemon_prince_nurgle_3_1|REQUIRED
prerequisite,warhammer_3,8.1.1,24237342,Daemons of Chaos,daemons_of_chaos,wh3_main_sc_dae_daemons,Daemon Prince,Daemon_Prince,legendary_lord,wh3_main_dae_daemon_prince,general,general,wh3_main_dae_daemon_prince|wh3_main_dae_daemons_qb1,true,false,true,true,false,true,,legendary_lords,wh3_main_skill_node_set_dae_daemon_prince,,1,general,false,false,,,,wh3_main_skill_node_dae_daemon_prince_nurgle_3_2,wh3_main_skill_dae_lord_army_buff_1_2,Plague Spreaders,,,,,,,,,,,,,,,,,,,,,,,,,,,,wh3_main_skill_node_dae_daemon_prince_nurgle_2,wh3_main_skill_dae_nurgle_campaign_unit_upkeep,Toxic Resolve,wh3_main_skill_node_dae_daemon_prince_nurgle_3_2,wh3_main_skill_dae_lord_army_buff_1_2,Plague Spreaders,REQUIRED,0,0,0,0,0,,,,,,,,,,,character_skill_node_links_tables,wh3_main_skill_node_dae_daemon_prince_nurgle_2|wh3_main_skill_node_dae_daemon_prince_nurgle_3_2|REQUIRED
prerequisite,warhammer_3,8.1.1,24237342,Daemons of Chaos,daemons_of_chaos,wh3_main_sc_dae_daemons,Daemon Prince,Daemon_Prince,legendary_lord,wh3_main_dae_daemon_prince,general,general,wh3_main_dae_daemon_prince|wh3_main_dae_daemons_qb1,true,false,true,true,false,true,,legendary_lords,wh3_main_skill_node_set_dae_daemon_prince,,1,general,false,false,,,,wh3_main_skill_node_dae_daemon_prince_nurgle_3_3,wh3_main_skill_dae_lord_army_buff_1_3,Rancid Menagerie,,,,,,,,,,,,,,,,,,,,,,,,,,,,wh3_main_skill_node_dae_daemon_prince_nurgle_2,wh3_main_skill_dae_nurgle_campaign_unit_upkeep,Toxic Resolve,wh3_main_skill_node_dae_daemon_prince_nurgle_3_3,wh3_main_skill_dae_lord_army_buff_1_3,Rancid Menagerie,REQUIRED,0,0,0,0,0,,,,,,,,,,,character_skill_node_links_tables,wh3_main_skill_node_dae_daemon_prince_nurgle_2|wh3_main_skill_node_dae_daemon_prince_nurgle_3_3|REQUIRED
prerequisite,warhammer_3,8.1.1,24237342,Daemons of Chaos,daemons_of_chaos,wh3_main_sc_dae_daemons,Daemon Prince,Daemon_Prince,legendary_lord,wh3_main_dae_daemon_prince,general,general,wh3_main_dae_daemon_prince|wh3_main_dae_daemons_qb1,true,false,true,true,false,true,,legendary_lords,wh3_main_skill_node_set_dae_daemon_prince,,1,general,false,false,,,,wh3_main_skill_node_dae_daemon_prince_nurgle_4,wh3_main_skill_dae_nurgle_reign_of_chaos_buff_2,Malignant Power,,,,,,,,,,,,,,,,,,,,,,,,,,,,wh3_main_skill_node_dae_daemon_prince_nurgle_3_1,wh_main_skill_chs_lord_campaign_unholy_resilience,Unholy Resilience,wh3_main_skill_node_dae_daemon_prince_nurgle_4,wh3_main_skill_dae_nurgle_reign_of_chaos_buff_2,Malignant Power,SUBSET_REQUIRED,0,0,0,0,0,,,,,,,,,,,character_skill_node_links_tables,wh3_main_skill_node_dae_daemon_prince_nurgle_3_1|wh3_main_skill_node_dae_daemon_prince_nurgle_4|SUBSET_REQUIRED
prerequisite,warhammer_3,8.1.1,24237342,Daemons of Chaos,daemons_of_chaos,wh3_main_sc_dae_daemons,Daemon Prince,Daemon_Prince,legendary_lord,wh3_main_dae_daemon_prince,general,general,wh3_main_dae_daemon_prince|wh3_main_dae_daemons_qb1,true,false,true,true,false,true,,legendary_lords,wh3_main_skill_node_set_dae_daemon_prince,,1,general,false,false,,,,wh3_main_skill_node_dae_daemon_prince_nurgle_4,wh3_main_skill_dae_nurgle_reign_of_chaos_buff_2,Malignant Power,,,,,,,,,,,,,,,,,,,,,,,,,,,,wh3_main_skill_node_dae_daemon_prince_nurgle_3_2,wh3_main_skill_dae_lord_army_buff_1_2,Plague Spreaders,wh3_main_skill_node_dae_daemon_prince_nurgle_4,wh3_main_skill_dae_nurgle_reign_of_chaos_buff_2,Malignant Power,SUBSET_REQUIRED,0,0,0,0,0,,,,,,,,,,,character_skill_node_links_tables,wh3_main_skill_node_dae_daemon_prince_nurgle_3_2|wh3_main_skill_node_dae_daemon_prince_nurgle_4|SUBSET_REQUIRED
prerequisite,warhammer_3,8.1.1,24237342,Daemons of Chaos,daemons_of_chaos,wh3_main_sc_dae_daemons,Daemon Prince,Daemon_Prince,legendary_lord,wh3_main_dae_daemon_prince,general,general,wh3_main_dae_daemon_prince|wh3_main_dae_daemons_qb1,true,false,true,true,false,true,,legendary_lords,wh3_main_skill_node_set_dae_daemon_prince,,1,general,false,false,,,,wh3_main_skill_node_dae_daemon_prince_nurgle_4,wh3_main_skill_dae_nurgle_reign_of_chaos_buff_2,Malignant Power,,,,,,,,,,,,,,,,,,,,,,,,,,,,wh3_main_skill_node_dae_daemon_prince_nurgle_3_3,wh3_main_skill_dae_lord_army_buff_1_3,Rancid Menagerie,wh3_main_skill_node_dae_daemon_prince_nurgle_4,wh3_main_skill_dae_nurgle_reign_of_chaos_buff_2,Malignant Power,SUBSET_REQUIRED,0,0,0,0,0,,,,,,,,,,,character_skill_node_links_tables,wh3_main_skill_node_dae_daemon_prince_nurgle_3_3|wh3_main_skill_node_dae_daemon_prince_nurgle_4|SUBSET_REQUIRED
prerequisite,warhammer_3,8.1.1,24237342,Daemons of Chaos,daemons_of_chaos,wh3_main_sc_dae_daemons,Daemon Prince,Daemon_Prince,legendary_lord,wh3_main_dae_daemon_prince,general,general,wh3_main_dae_daemon_prince|wh3_main_dae_daemons_qb1,true,false,true,true,false,true,,legendary_lords,wh3_main_skill_node_set_dae_daemon_prince,,1,general,false,false,,,,wh3_main_skill_node_dae_daemon_prince_nurgle_5_1,wh3_main_skill_dae_nurgle_army_great_unclean_defence,Corpulent Carapace,,,,,,,,,,,,,,,,,,,,,,,,,,,,wh3_main_skill_node_dae_daemon_prince_nurgle_4,wh3_main_skill_dae_nurgle_reign_of_chaos_buff_2,Malignant Power,wh3_main_skill_node_dae_daemon_prince_nurgle_5_1,wh3_main_skill_dae_nurgle_army_great_unclean_defence,Corpulent Carapace,REQUIRED,0,0,0,0,0,,,,,,,,,,,character_skill_node_links_tables,wh3_main_skill_node_dae_daemon_prince_nurgle_4|wh3_main_skill_node_dae_daemon_prince_nurgle_5_1|REQUIRED
prerequisite,warhammer_3,8.1.1,24237342,Daemons of Chaos,daemons_of_chaos,wh3_main_sc_dae_daemons,Daemon Prince,Daemon_Prince,legendary_lord,wh3_main_dae_daemon_prince,general,general,wh3_main_dae_daemon_prince|wh3_main_dae_daemons_qb1,true,false,true,true,false,true,,legendary_lords,wh3_main_skill_node_set_dae_daemon_prince,,1,general,false,false,,,,wh3_main_skill_node_dae_daemon_prince_nurgle_5_2,wh3_main_skill_dae_nurgle_army_great_unclean_armour,Foul Miasma,,,,,,,,,,,,,,,,,,,,,,,,,,,,wh3_main_skill_node_dae_daemon_prince_nurgle_4,wh3_main_skill_dae_nurgle_reign_of_chaos_buff_2,Malignant Power,wh3_main_skill_node_dae_daemon_prince_nurgle_5_2,wh3_main_skill_dae_nurgle_army_great_unclean_armour,Foul Miasma,REQUIRED,0,0,0,0,0,,,,,,,,,,,character_skill_node_links_tables,wh3_main_skill_node_dae_daemon_prince_nurgle_4|wh3_main_skill_node_dae_daemon_prince_nurgle_5_2|REQUIRED
prerequisite,warhammer_3,8.1.1,24237342,Daemons of Chaos,daemons_of_chaos,wh3_main_sc_dae_daemons,Daemon Prince,Daemon_Prince,legendary_lord,wh3_main_dae_daemon_prince,general,general,wh3_main_dae_daemon_prince|wh3_main_dae_daemons_qb1,true,false,true,true,false,true,,legendary_lords,wh3_main_skill_node_set_dae_daemon_prince,,1,general,false,false,,,,wh3_main_skill_node_dae_daemon_prince_nurgle_5_3,wh3_main_skill_dae_nurgle_army_soul_grinder_defence,Warpmetal Panoply,,,,,,,,,,,,,,,,,,,,,,,,,,,,wh3_main_skill_node_dae_daemon_prince_nurgle_4,wh3_main_skill_dae_nurgle_reign_of_chaos_buff_2,Malignant Power,wh3_main_skill_node_dae_daemon_prince_nurgle_5_3,wh3_main_skill_dae_nurgle_army_soul_grinder_defence,Warpmetal Panoply,REQUIRED,0,0,0,0,0,,,,,,,,,,,character_skill_node_links_tables,wh3_main_skill_node_dae_daemon_prince_nurgle_4|wh3_main_skill_node_dae_daemon_prince_nurgle_5_3|REQUIRED
prerequisite,warhammer_3,8.1.1,24237342,Daemons of Chaos,daemons_of_chaos,wh3_main_sc_dae_daemons,Daemon Prince,Daemon_Prince,legendary_lord,wh3_main_dae_daemon_prince,general,general,wh3_main_dae_daemon_prince|wh3_main_dae_daemons_qb1,true,false,true,true,false,true,,legendary_lords,wh3_main_skill_node_set_dae_daemon_prince,,1,general,false,false,,,,wh3_main_skill_node_dae_daemon_prince_nurgle_5_4,wh3_main_skill_dae_nurgle_army_soul_grinder_range,Mechanical Range,,,,,,,,,,,,,,,,,,,,,,,,,,,,wh3_main_skill_node_dae_daemon_prince_nurgle_4,wh3_main_skill_dae_nurgle_reign_of_chaos_buff_2,Malignant Power,wh3_main_skill_node_dae_daemon_prince_nurgle_5_4,wh3_main_skill_dae_nurgle_army_soul_grinder_range,Mechanical Range,REQUIRED,0,0,0,0,0,,,,,,,,,,,character_skill_node_links_tables,wh3_main_skill_node_dae_daemon_prince_nurgle_4|wh3_main_skill_node_dae_daemon_prince_nurgle_5_4|REQUIRED
prerequisite,warhammer_3,8.1.1,24237342,Daemons of Chaos,daemons_of_chaos,wh3_main_sc_dae_daemons,Daemon Prince,Daemon_Prince,legendary_lord,wh3_main_dae_daemon_prince,general,general,wh3_main_dae_daemon_prince|wh3_main_dae_daemons_qb1,true,false,true,true,false,true,,legendary_lords,wh3_main_skill_node_set_dae_daemon_prince,,1,general,false,false,,,,wh3_main_skill_node_dae_daemon_prince_slaanesh_1_1,wh3_main_skill_dae_slaanesh_campaign_recruitment_cost,Beguiling,,,,,,,,,,,,,,,,,,,,,,,,,,,,wh3_main_skill_node_dae_daemon_prince_glory_4,wh3_main_skill_dae_lord_campaign_slaanesh,Unholy Worship,wh3_main_skill_node_dae_daemon_prince_slaanesh_1_1,wh3_main_skill_dae_slaanesh_campaign_recruitment_cost,Beguiling,REQUIRED,0,0,0,0,0,,,,,,,,,,,character_skill_node_links_tables,wh3_main_skill_node_dae_daemon_prince_glory_4|wh3_main_skill_node_dae_daemon_prince_slaanesh_1_1|REQUIRED
prerequisite,warhammer_3,8.1.1,24237342,Daemons of Chaos,daemons_of_chaos,wh3_main_sc_dae_daemons,Daemon Prince,Daemon_Prince,legendary_lord,wh3_main_dae_daemon_prince,general,general,wh3_main_dae_daemon_prince|wh3_main_dae_daemons_qb1,true,false,true,true,false,true,,legendary_lords,wh3_main_skill_node_set_dae_daemon_prince,,1,general,false,false,,,,wh3_main_skill_node_dae_daemon_prince_slaanesh_1_2,wh3_main_skill_dae_slaanesh_campaign_hero_success_chance,Grace & Guile,,,,,,,,,,,,,,,,,,,,,,,,,,,,wh3_main_skill_node_dae_daemon_prince_glory_4,wh3_main_skill_dae_lord_campaign_slaanesh,Unholy Worship,wh3_main_skill_node_dae_daemon_prince_slaanesh_1_2,wh3_main_skill_dae_slaanesh_campaign_hero_success_chance,Grace & Guile,REQUIRED,0,0,0,0,0,,,,,,,,,,,character_skill_node_links_tables,wh3_main_skill_node_dae_daemon_prince_glory_4|wh3_main_skill_node_dae_daemon_prince_slaanesh_1_2|REQUIRED
prerequisite,warhammer_3,8.1.1,24237342,Daemons of Chaos,daemons_of_chaos,wh3_main_sc_dae_daemons,Daemon Prince,Daemon_Prince,legendary_lord,wh3_main_dae_daemon_prince,general,general,wh3_main_dae_daemon_prince|wh3_main_dae_daemons_qb1,true,false,true,true,false,true,,legendary_lords,wh3_main_skill_node_set_dae_daemon_prince,,1,general,false,false,,,,wh3_main_skill_node_dae_daemon_prince_slaanesh_1_3,wh3_main_skill_dae_lord_army_buff_2_1,Temptation's Troopers,,,,,,,,,,,,,,,,,,,,,,,,,,,,wh3_main_skill_node_dae_daemon_prince_glory_4,wh3_main_skill_dae_lord_campaign_slaanesh,Unholy Worship,wh3_main_skill_node_dae_daemon_prince_slaanesh_1_3,wh3_main_skill_dae_lord_army_buff_2_1,Temptation's Troopers,REQUIRED,0,0,0,0,0,,,,,,,,,,,character_skill_node_links_tables,wh3_main_skill_node_dae_daemon_prince_glory_4|wh3_main_skill_node_dae_daemon_prince_slaanesh_1_3|REQUIRED
prerequisite,warhammer_3,8.1.1,24237342,Daemons of Chaos,daemons_of_chaos,wh3_main_sc_dae_daemons,Daemon Prince,Daemon_Prince,legendary_lord,wh3_main_dae_daemon_prince,general,general,wh3_main_dae_daemon_prince|wh3_main_dae_daemons_qb1,true,false,true,true,false,true,,legendary_lords,wh3_main_skill_node_set_dae_daemon_prince,,1,general,false,false,,,,wh3_main_skill_node_dae_daemon_prince_slaanesh_1_4,wh3_main_skill_dae_slaanesh_reign_of_chaos_buff,Seductive Promises,,,,,,,,,,,,,,,,,,,,,,,,,,,,wh3_main_skill_node_dae_daemon_prince_glory_4,wh3_main_skill_dae_lord_campaign_slaanesh,Unholy Worship,wh3_main_skill_node_dae_daemon_prince_slaanesh_1_4,wh3_main_skill_dae_slaanesh_reign_of_chaos_buff,Seductive Promises,REQUIRED,0,0,0,0,0,,,,,,,,,,,character_skill_node_links_tables,wh3_main_skill_node_dae_daemon_prince_glory_4|wh3_main_skill_node_dae_daemon_prince_slaanesh_1_4|REQUIRED
prerequisite,warhammer_3,8.1.1,24237342,Daemons of Chaos,daemons_of_chaos,wh3_main_sc_dae_daemons,Daemon Prince,Daemon_Prince,legendary_lord,wh3_main_dae_daemon_prince,general,general,wh3_main_dae_daemon_prince|wh3_main_dae_daemons_qb1,true,false,true,true,false,true,,legendary_lords,wh3_main_skill_node_set_dae_daemon_prince,,1,general,false,false,,,,wh3_main_skill_node_dae_daemon_prince_slaanesh_2,wh3_main_skill_dae_slaanesh_campaign_unit_upkeep,Battle Delight,,,,,,,,,,,,,,,,,,,,,,,,,,,,wh3_main_skill_node_dae_daemon_prince_slaanesh_1_1,wh3_main_skill_dae_slaanesh_campaign_recruitment_cost,Beguiling,wh3_main_skill_node_dae_daemon_prince_slaanesh_2,wh3_main_skill_dae_slaanesh_campaign_unit_upkeep,Battle Delight,SUBSET_REQUIRED,0,0,0,0,0,,,,,,,,,,,character_skill_node_links_tables,wh3_main_skill_node_dae_daemon_prince_slaanesh_1_1|wh3_main_skill_node_dae_daemon_prince_slaanesh_2|SUBSET_REQUIRED
prerequisite,warhammer_3,8.1.1,24237342,Daemons of Chaos,daemons_of_chaos,wh3_main_sc_dae_daemons,Daemon Prince,Daemon_Prince,legendary_lord,wh3_main_dae_daemon_prince,general,general,wh3_main_dae_daemon_prince|wh3_main_dae_daemons_qb1,true,false,true,true,false,true,,legendary_lords,wh3_main_skill_node_set_dae_daemon_prince,,1,general,false,false,,,,wh3_main_skill_node_dae_daemon_prince_slaanesh_2,wh3_main_skill_dae_slaanesh_campaign_unit_upkeep,Battle Delight,,,,,,,,,,,,,,,,,,,,,,,,,,,,wh3_main_skill_node_dae_daemon_prince_slaanesh_1_2,wh3_main_skill_dae_slaanesh_campaign_hero_success_chance,Grace & Guile,wh3_main_skill_node_dae_daemon_prince_slaanesh_2,wh3_main_skill_dae_slaanesh_campaign_unit_upkeep,Battle Delight,SUBSET_REQUIRED,0,0,0,0,0,,,,,,,,,,,character_skill_node_links_tables,wh3_main_skill_node_dae_daemon_prince_slaanesh_1_2|wh3_main_skill_node_dae_daemon_prince_slaanesh_2|SUBSET_REQUIRED
prerequisite,warhammer_3,8.1.1,24237342,Daemons of Chaos,daemons_of_chaos,wh3_main_sc_dae_daemons,Daemon Prince,Daemon_Prince,legendary_lord,wh3_main_dae_daemon_prince,general,general,wh3_main_dae_daemon_prince|wh3_main_dae_daemons_qb1,true,false,true,true,false,true,,legendary_lords,wh3_main_skill_node_set_dae_daemon_prince,,1,general,false,false,,,,wh3_main_skill_node_dae_daemon_prince_slaanesh_2,wh3_main_skill_dae_slaanesh_campaign_unit_upkeep,Battle Delight,,,,,,,,,,,,,,,,,,,,,,,,,,,,wh3_main_skill_node_dae_daemon_prince_slaanesh_1_3,wh3_main_skill_dae_lord_army_buff_2_1,Temptation's Troopers,wh3_main_skill_node_dae_daemon_prince_slaanesh_2,wh3_main_skill_dae_slaanesh_campaign_unit_upkeep,Battle Delight,SUBSET_REQUIRED,0,0,0,0,0,,,,,,,,,,,character_skill_node_links_tables,wh3_main_skill_node_dae_daemon_prince_slaanesh_1_3|wh3_main_skill_node_dae_daemon_prince_slaanesh_2|SUBSET_REQUIRED
prerequisite,warhammer_3,8.1.1,24237342,Daemons of Chaos,daemons_of_chaos,wh3_main_sc_dae_daemons,Daemon Prince,Daemon_Prince,legendary_lord,wh3_main_dae_daemon_prince,general,general,wh3_main_dae_daemon_prince|wh3_main_dae_daemons_qb1,true,false,true,true,false,true,,legendary_lords,wh3_main_skill_node_set_dae_daemon_prince,,1,general,false,false,,,,wh3_main_skill_node_dae_daemon_prince_slaanesh_2,wh3_main_skill_dae_slaanesh_campaign_unit_upkeep,Battle Delight,,,,,,,,,,,,,,,,,,,,,,,,,,,,wh3_main_skill_node_dae_daemon_prince_slaanesh_1_4,wh3_main_skill_dae_slaanesh_reign_of_chaos_buff,Seductive Promises,wh3_main_skill_node_dae_daemon_prince_slaanesh_2,wh3_main_skill_dae_slaanesh_campaign_unit_upkeep,Battle Delight,SUBSET_REQUIRED,0,0,0,0,0,,,,,,,,,,,character_skill_node_links_tables,wh3_main_skill_node_dae_daemon_prince_slaanesh_1_4|wh3_main_skill_node_dae_daemon_prince_slaanesh_2|SUBSET_REQUIRED
prerequisite,warhammer_3,8.1.1,24237342,Daemons of Chaos,daemons_of_chaos,wh3_main_sc_dae_daemons,Daemon Prince,Daemon_Prince,legendary_lord,wh3_main_dae_daemon_prince,general,general,wh3_main_dae_daemon_prince|wh3_main_dae_daemons_qb1,true,false,true,true,false,true,,legendary_lords,wh3_main_skill_node_set_dae_daemon_prince,,1,general,false,false,,,,wh3_main_skill_node_dae_daemon_prince_slaanesh_3_1,wh3_main_skill_dae_slaanesh_campaign_ambush_success_chance,Devious Plotting,,,,,,,,,,,,,,,,,,,,,,,,,,,,wh3_main_skill_node_dae_daemon_prince_slaanesh_2,wh3_main_skill_dae_slaanesh_campaign_unit_upkeep,Battle Delight,wh3_main_skill_node_dae_daemon_prince_slaanesh_3_1,wh3_main_skill_dae_slaanesh_campaign_ambush_success_chance,Devious Plotting,REQUIRED,0,0,0,0,0,,,,,,,,,,,character_skill_node_links_tables,wh3_main_skill_node_dae_daemon_prince_slaanesh_2|wh3_main_skill_node_dae_daemon_prince_slaanesh_3_1|REQUIRED
prerequisite,warhammer_3,8.1.1,24237342,Daemons of Chaos,daemons_of_chaos,wh3_main_sc_dae_daemons,Daemon Prince,Daemon_Prince,legendary_lord,wh3_main_dae_daemon_prince,general,general,wh3_main_dae_daemon_prince|wh3_main_dae_daemons_qb1,true,false,true,true,false,true,,legendary_lords,wh3_main_skill_node_set_dae_daemon_prince,,1,general,false,false,,,,wh3_main_skill_node_dae_daemon_prince_slaanesh_3_2,wh3_main_skill_dae_lord_army_buff_2_3,Enticing Colossi,,,,,,,,,,,,,,,,,,,,,,,,,,,,wh3_main_skill_node_dae_daemon_prince_slaanesh_2,wh3_main_skill_dae_slaanesh_campaign_unit_upkeep,Battle Delight,wh3_main_skill_node_dae_daemon_prince_slaanesh_3_2,wh3_main_skill_dae_lord_army_buff_2_3,Enticing Colossi,REQUIRED,0,0,0,0,0,,,,,,,,,,,character_skill_node_links_tables,wh3_main_skill_node_dae_daemon_prince_slaanesh_2|wh3_main_skill_node_dae_daemon_prince_slaanesh_3_2|REQUIRED
prerequisite,warhammer_3,8.1.1,24237342,Daemons of Chaos,daemons_of_chaos,wh3_main_sc_dae_daemons,Daemon Prince,Daemon_Prince,legendary_lord,wh3_main_dae_daemon_prince,general,general,wh3_main_dae_daemon_prince|wh3_main_dae_daemons_qb1,true,false,true,true,false,true,,legendary_lords,wh3_main_skill_node_set_dae_daemon_prince,,1,general,false,false,,,,wh3_main_skill_node_dae_daemon_prince_slaanesh_3_3,wh3_main_skill_dae_lord_army_buff_2_2,Ravishing Cavalcade,,,,,,,,,,,,,,,,,,,,,,,,,,,,wh3_main_skill_node_dae_daemon_prince_slaanesh_2,wh3_main_skill_dae_slaanesh_campaign_unit_upkeep,Battle Delight,wh3_main_skill_node_dae_daemon_prince_slaanesh_3_3,wh3_main_skill_dae_lord_army_buff_2_2,Ravishing Cavalcade,REQUIRED,0,0,0,0,0,,,,,,,,,,,character_skill_node_links_tables,wh3_main_skill_node_dae_daemon_prince_slaanesh_2|wh3_main_skill_node_dae_daemon_prince_slaanesh_3_3|REQUIRED
prerequisite,warhammer_3,8.1.1,24237342,Daemons of Chaos,daemons_of_chaos,wh3_main_sc_dae_daemons,Daemon Prince,Daemon_Prince,legendary_lord,wh3_main_dae_daemon_prince,general,general,wh3_main_dae_daemon_prince|wh3_main_dae_daemons_qb1,true,false,true,true,false,true,,legendary_lords,wh3_main_skill_node_set_dae_daemon_prince,,1,general,false,false,,,,wh3_main_skill_node_dae_daemon_prince_slaanesh_4,wh3_main_skill_dae_slaanesh_reign_of_chaos_buff_2,Alluring Visions,,,,,,,,,,,,,,,,,,,,,,,,,,,,wh3_main_skill_node_dae_daemon_prince_slaanesh_3_1,wh3_main_skill_dae_slaanesh_campaign_ambush_success_chance,Devious Plotting,wh3_main_skill_node_dae_daemon_prince_slaanesh_4,wh3_main_skill_dae_slaanesh_reign_of_chaos_buff_2,Alluring Visions,SUBSET_REQUIRED,0,0,0,0,0,,,,,,,,,,,character_skill_node_links_tables,wh3_main_skill_node_dae_daemon_prince_slaanesh_3_1|wh3_main_skill_node_dae_daemon_prince_slaanesh_4|SUBSET_REQUIRED
prerequisite,warhammer_3,8.1.1,24237342,Daemons of Chaos,daemons_of_chaos,wh3_main_sc_dae_daemons,Daemon Prince,Daemon_Prince,legendary_lord,wh3_main_dae_daemon_prince,general,general,wh3_main_dae_daemon_prince|wh3_main_dae_daemons_qb1,true,false,true,true,false,true,,legendary_lords,wh3_main_skill_node_set_dae_daemon_prince,,1,general,false,false,,,,wh3_main_skill_node_dae_daemon_prince_slaanesh_4,wh3_main_skill_dae_slaanesh_reign_of_chaos_buff_2,Alluring Visions,,,,,,,,,,,,,,,,,,,,,,,,,,,,wh3_main_skill_node_dae_daemon_prince_slaanesh_3_2,wh3_main_skill_dae_lord_army_buff_2_3,Enticing Colossi,wh3_main_skill_node_dae_daemon_prince_slaanesh_4,wh3_main_skill_dae_slaanesh_reign_of_chaos_buff_2,Alluring Visions,SUBSET_REQUIRED,0,0,0,0,0,,,,,,,,,,,character_skill_node_links_tables,wh3_main_skill_node_dae_daemon_prince_slaanesh_3_2|wh3_main_skill_node_dae_daemon_prince_slaanesh_4|SUBSET_REQUIRED
prerequisite,warhammer_3,8.1.1,24237342,Daemons of Chaos,daemons_of_chaos,wh3_main_sc_dae_daemons,Daemon Prince,Daemon_Prince,legendary_lord,wh3_main_dae_daemon_prince,general,general,wh3_main_dae_daemon_prince|wh3_main_dae_daemons_qb1,true,false,true,true,false,true,,legendary_lords,wh3_main_skill_node_set_dae_daemon_prince,,1,general,false,false,,,,wh3_main_skill_node_dae_daemon_prince_slaanesh_4,wh3_main_skill_dae_slaanesh_reign_of_chaos_buff_2,Alluring Visions,,,,,,,,,,,,,,,,,,,,,,,,,,,,wh3_main_skill_node_dae_daemon_prince_slaanesh_3_3,wh3_main_skill_dae_lord_army_buff_2_2,Ravishing Cavalcade,wh3_main_skill_node_dae_daemon_prince_slaanesh_4,wh3_main_skill_dae_slaanesh_reign_of_chaos_buff_2,Alluring Visions,SUBSET_REQUIRED,0,0,0,0,0,,,,,,,,,,,character_skill_node_links_tables,wh3_main_skill_node_dae_daemon_prince_slaanesh_3_3|wh3_main_skill_node_dae_daemon_prince_slaanesh_4|SUBSET_REQUIRED
prerequisite,warhammer_3,8.1.1,24237342,Daemons of Chaos,daemons_of_chaos,wh3_main_sc_dae_daemons,Daemon Prince,Daemon_Prince,legendary_lord,wh3_main_dae_daemon_prince,general,general,wh3_main_dae_daemon_prince|wh3_main_dae_daemons_qb1,true,false,true,true,false,true,,legendary_lords,wh3_main_skill_node_set_dae_daemon_prince,,1,general,false,false,,,,wh3_main_skill_node_dae_daemon_prince_slaanesh_5_1,wh3_main_skill_dae_slaanesh_army_keeper_of_secrets_attack,Duality,,,,,,,,,,,,,,,,,,,,,,,,,,,,wh3_main_skill_node_dae_daemon_prince_slaanesh_4,wh3_main_skill_dae_slaanesh_reign_of_chaos_buff_2,Alluring Visions,wh3_main_skill_node_dae_daemon_prince_slaanesh_5_1,wh3_main_skill_dae_slaanesh_army_keeper_of_secrets_attack,Duality,REQUIRED,0,0,0,0,0,,,,,,,,,,,character_skill_node_links_tables,wh3_main_skill_node_dae_daemon_prince_slaanesh_4|wh3_main_skill_node_dae_daemon_prince_slaanesh_5_1|REQUIRED
prerequisite,warhammer_3,8.1.1,24237342,Daemons of Chaos,daemons_of_chaos,wh3_main_sc_dae_daemons,Daemon Prince,Daemon_Prince,legendary_lord,wh3_main_dae_daemon_prince,general,general,wh3_main_dae_daemon_prince|wh3_main_dae_daemons_qb1,true,false,true,true,false,true,,legendary_lords,wh3_main_skill_node_set_dae_daemon_prince,,1,general,false,false,,,,wh3_main_skill_node_dae_daemon_prince_slaanesh_5_2,wh3_main_skill_dae_slaanesh_army_keeper_of_secrets_damage,A Fine Edge,,,,,,,,,,,,,,,,,,,,,,,,,,,,wh3_main_skill_node_dae_daemon_prince_slaanesh_4,wh3_main_skill_dae_slaanesh_reign_of_chaos_buff_2,Alluring Visions,wh3_main_skill_node_dae_daemon_prince_slaanesh_5_2,wh3_main_skill_dae_slaanesh_army_keeper_of_secrets_damage,A Fine Edge,REQUIRED,0,0,0,0,0,,,,,,,,,,,character_skill_node_links_tables,wh3_main_skill_node_dae_daemon_prince_slaanesh_4|wh3_main_skill_node_dae_daemon_prince_slaanesh_5_2|REQUIRED
prerequisite,warhammer_3,8.1.1,24237342,Daemons of Chaos,daemons_of_chaos,wh3_main_sc_dae_daemons,Daemon Prince,Daemon_Prince,legendary_lord,wh3_main_dae_daemon_prince,general,general,wh3_main_dae_daemon_prince|wh3_main_dae_daemons_qb1,true,false,true,true,false,true,,legendary_lords,wh3_main_skill_node_set_dae_daemon_prince,,1,general,false,false,,,,wh3_main_skill_node_dae_daemon_prince_slaanesh_5_3,wh3_main_skill_dae_slaanesh_army_soul_grinder_attack,Engineered for Destruction,,,,,,,,,,,,,,,,,,,,,,,,,,,,wh3_main_skill_node_dae_daemon_prince_slaanesh_4,wh3_main_skill_dae_slaanesh_reign_of_chaos_buff_2,Alluring Visions,wh3_main_skill_node_dae_daemon_prince_slaanesh_5_3,wh3_main_skill_dae_slaanesh_army_soul_grinder_attack,Engineered for Destruction,REQUIRED,0,0,0,0,0,,,,,,,,,,,character_skill_node_links_tables,wh3_main_skill_node_dae_daemon_prince_slaanesh_4|wh3_main_skill_node_dae_daemon_prince_slaanesh_5_3|REQUIRED
prerequisite,warhammer_3,8.1.1,24237342,Daemons of Chaos,daemons_of_chaos,wh3_main_sc_dae_daemons,Daemon Prince,Daemon_Prince,legendary_lord,wh3_main_dae_daemon_prince,general,general,wh3_main_dae_daemon_prince|wh3_main_dae_daemons_qb1,true,false,true,true,false,true,,legendary_lords,wh3_main_skill_node_set_dae_daemon_prince,,1,general,false,false,,,,wh3_main_skill_node_dae_daemon_prince_slaanesh_5_4,wh3_main_skill_dae_slaanesh_army_soul_grinder_damage,Powerful Prison,,,,,,,,,,,,,,,,,,,,,,,,,,,,wh3_main_skill_node_dae_daemon_prince_slaanesh_4,wh3_main_skill_dae_slaanesh_reign_of_chaos_buff_2,Alluring Visions,wh3_main_skill_node_dae_daemon_prince_slaanesh_5_4,wh3_main_skill_dae_slaanesh_army_soul_grinder_damage,Powerful Prison,REQUIRED,0,0,0,0,0,,,,,,,,,,,character_skill_node_links_tables,wh3_main_skill_node_dae_daemon_prince_slaanesh_4|wh3_main_skill_node_dae_daemon_prince_slaanesh_5_4|REQUIRED
prerequisite,warhammer_3,8.1.1,24237342,Daemons of Chaos,daemons_of_chaos,wh3_main_sc_dae_daemons,Daemon Prince,Daemon_Prince,legendary_lord,wh3_main_dae_daemon_prince,general,general,wh3_main_dae_daemon_prince|wh3_main_dae_daemons_qb1,true,false,true,true,false,true,,legendary_lords,wh3_main_skill_node_set_dae_daemon_prince,,1,general,false,false,,,,wh3_main_skill_node_dae_daemon_prince_tzeentch_1_1,wh3_main_skill_dae_tzeentch_campaign_delay_reinforcements,Reinforcer,,,,,,,,,,,,,,,,,,,,,,,,,,,,wh3_main_skill_node_dae_daemon_prince_glory_2,wh3_main_skill_dae_lord_campaign_tzeentch,Storm of Change,wh3_main_skill_node_dae_daemon_prince_tzeentch_1_1,wh3_main_skill_dae_tzeentch_campaign_delay_reinforcements,Reinforcer,REQUIRED,0,0,0,0,0,,,,,,,,,,,character_skill_node_links_tables,wh3_main_skill_node_dae_daemon_prince_glory_2|wh3_main_skill_node_dae_daemon_prince_tzeentch_1_1|REQUIRED
prerequisite,warhammer_3,8.1.1,24237342,Daemons of Chaos,daemons_of_chaos,wh3_main_sc_dae_daemons,Daemon Prince,Daemon_Prince,legendary_lord,wh3_main_dae_daemon_prince,general,general,wh3_main_dae_daemon_prince|wh3_main_dae_daemons_qb1,true,false,true,true,false,true,,legendary_lords,wh3_main_skill_node_set_dae_daemon_prince,,1,general,false,false,,,,wh3_main_skill_node_dae_daemon_prince_tzeentch_1_2,wh3_main_skill_dae_tzeentch_campaign_winds_of_magic,The Great Sorcerer,,,,,,,,,,,,,,,,,,,,,,,,,,,,wh3_main_skill_node_dae_daemon_prince_glory_2,wh3_main_skill_dae_lord_campaign_tzeentch,Storm of Change,wh3_main_skill_node_dae_daemon_prince_tzeentch_1_2,wh3_main_skill_dae_tzeentch_campaign_winds_of_magic,The Great Sorcerer,REQUIRED,0,0,0,0,0,,,,,,,,,,,character_skill_node_links_tables,wh3_main_skill_node_dae_daemon_prince_glory_2|wh3_main_skill_node_dae_daemon_prince_tzeentch_1_2|REQUIRED
prerequisite,warhammer_3,8.1.1,24237342,Daemons of Chaos,daemons_of_chaos,wh3_main_sc_dae_daemons,Daemon Prince,Daemon_Prince,legendary_lord,wh3_main_dae_daemon_prince,general,general,wh3_main_dae_daemon_prince|wh3_main_dae_daemons_qb1,true,false,true,true,false,true,,legendary_lords,wh3_main_skill_node_set_dae_daemon_prince,,1,general,false,false,,,,wh3_main_skill_node_dae_daemon_prince_tzeentch_1_3,wh3_main_skill_dae_lord_army_buff_3_1,Transition's Troopers,,,,,,,,,,,,,,,,,,,,,,,,,,,,wh3_main_skill_node_dae_daemon_prince_glory_2,wh3_main_skill_dae_lord_campaign_tzeentch,Storm of Change,wh3_main_skill_node_dae_daemon_prince_tzeentch_1_3,wh3_main_skill_dae_lord_army_buff_3_1,Transition's Troopers,REQUIRED,0,0,0,0,0,,,,,,,,,,,character_skill_node_links_tables,wh3_main_skill_node_dae_daemon_prince_glory_2|wh3_main_skill_node_dae_daemon_prince_tzeentch_1_3|REQUIRED
prerequisite,warhammer_3,8.1.1,24237342,Daemons of Chaos,daemons_of_chaos,wh3_main_sc_dae_daemons,Daemon Prince,Daemon_Prince,legendary_lord,wh3_main_dae_daemon_prince,general,general,wh3_main_dae_daemon_prince|wh3_main_dae_daemons_qb1,true,false,true,true,false,true,,legendary_lords,wh3_main_skill_node_set_dae_daemon_prince,,1,general,false,false,,,,wh3_main_skill_node_dae_daemon_prince_tzeentch_1_4,wh3_main_skill_dae_tzeentch_reign_of_chaos_buff,Tempest of Transmutation,,,,,,,,,,,,,,,,,,,,,,,,,,,,wh3_main_skill_node_dae_daemon_prince_glory_2,wh3_main_skill_dae_lord_campaign_tzeentch,Storm of Change,wh3_main_skill_node_dae_daemon_prince_tzeentch_1_4,wh3_main_skill_dae_tzeentch_reign_of_chaos_buff,Tempest of Transmutation,REQUIRED,0,0,0,0,0,,,,,,,,,,,character_skill_node_links_tables,wh3_main_skill_node_dae_daemon_prince_glory_2|wh3_main_skill_node_dae_daemon_prince_tzeentch_1_4|REQUIRED
prerequisite,warhammer_3,8.1.1,24237342,Daemons of Chaos,daemons_of_chaos,wh3_main_sc_dae_daemons,Daemon Prince,Daemon_Prince,legendary_lord,wh3_main_dae_daemon_prince,general,general,wh3_main_dae_daemon_prince|wh3_main_dae_daemons_qb1,true,false,true,true,false,true,,legendary_lords,wh3_main_skill_node_set_dae_daemon_prince,,1,general,false,false,,,,wh3_main_skill_node_dae_daemon_prince_tzeentch_2,wh3_main_skill_dae_tzeentch_campaign_unit_upkeep,Motivated,,,,,,,,,,,,,,,,,,,,,,,,,,,,wh3_main_skill_node_dae_daemon_prince_tzeentch_1_1,wh3_main_skill_dae_tzeentch_campaign_delay_reinforcements,Reinforcer,wh3_main_skill_node_dae_daemon_prince_tzeentch_2,wh3_main_skill_dae_tzeentch_campaign_unit_upkeep,Motivated,SUBSET_REQUIRED,0,0,0,0,0,,,,,,,,,,,character_skill_node_links_tables,wh3_main_skill_node_dae_daemon_prince_tzeentch_1_1|wh3_main_skill_node_dae_daemon_prince_tzeentch_2|SUBSET_REQUIRED
prerequisite,warhammer_3,8.1.1,24237342,Daemons of Chaos,daemons_of_chaos,wh3_main_sc_dae_daemons,Daemon Prince,Daemon_Prince,legendary_lord,wh3_main_dae_daemon_prince,general,general,wh3_main_dae_daemon_prince|wh3_main_dae_daemons_qb1,true,false,true,true,false,true,,legendary_lords,wh3_main_skill_node_set_dae_daemon_prince,,1,general,false,false,,,,wh3_main_skill_node_dae_daemon_prince_tzeentch_2,wh3_main_skill_dae_tzeentch_campaign_unit_upkeep,Motivated,,,,,,,,,,,,,,,,,,,,,,,,,,,,wh3_main_skill_node_dae_daemon_prince_tzeentch_1_2,wh3_main_skill_dae_tzeentch_campaign_winds_of_magic,The Great Sorcerer,wh3_main_skill_node_dae_daemon_prince_tzeentch_2,wh3_main_skill_dae_tzeentch_campaign_unit_upkeep,Motivated,SUBSET_REQUIRED,0,0,0,0,0,,,,,,,,,,,character_skill_node_links_tables,wh3_main_skill_node_dae_daemon_prince_tzeentch_1_2|wh3_main_skill_node_dae_daemon_prince_tzeentch_2|SUBSET_REQUIRED
prerequisite,warhammer_3,8.1.1,24237342,Daemons of Chaos,daemons_of_chaos,wh3_main_sc_dae_daemons,Daemon Prince,Daemon_Prince,legendary_lord,wh3_main_dae_daemon_prince,general,general,wh3_main_dae_daemon_prince|wh3_main_dae_daemons_qb1,true,false,true,true,false,true,,legendary_lords,wh3_main_skill_node_set_dae_daemon_prince,,1,general,false,false,,,,wh3_main_skill_node_dae_daemon_prince_tzeentch_2,wh3_main_skill_dae_tzeentch_campaign_unit_upkeep,Motivated,,,,,,,,,,,,,,,,,,,,,,,,,,,,wh3_main_skill_node_dae_daemon_prince_tzeentch_1_3,wh3_main_skill_dae_lord_army_buff_3_1,Transition's Troopers,wh3_main_skill_node_dae_daemon_prince_tzeentch_2,wh3_main_skill_dae_tzeentch_campaign_unit_upkeep,Motivated,SUBSET_REQUIRED,0,0,0,0,0,,,,,,,,,,,character_skill_node_links_tables,wh3_main_skill_node_dae_daemon_prince_tzeentch_1_3|wh3_main_skill_node_dae_daemon_prince_tzeentch_2|SUBSET_REQUIRED
prerequisite,warhammer_3,8.1.1,24237342,Daemons of Chaos,daemons_of_chaos,wh3_main_sc_dae_daemons,Daemon Prince,Daemon_Prince,legendary_lord,wh3_main_dae_daemon_prince,general,general,wh3_main_dae_daemon_prince|wh3_main_dae_daemons_qb1,true,false,true,true,false,true,,legendary_lords,wh3_main_skill_node_set_dae_daemon_prince,,1,general,false,false,,,,wh3_main_skill_node_dae_daemon_prince_tzeentch_2,wh3_main_skill_dae_tzeentch_campaign_unit_upkeep,Motivated,,,,,,,,,,,,,,,,,,,,,,,,,,,,wh3_main_skill_node_dae_daemon_prince_tzeentch_1_4,wh3_main_skill_dae_tzeentch_reign_of_chaos_buff,Tempest of Transmutation,wh3_main_skill_node_dae_daemon_prince_tzeentch_2,wh3_main_skill_dae_tzeentch_campaign_unit_upkeep,Motivated,SUBSET_REQUIRED,0,0,0,0,0,,,,,,,,,,,character_skill_node_links_tables,wh3_main_skill_node_dae_daemon_prince_tzeentch_1_4|wh3_main_skill_node_dae_daemon_prince_tzeentch_2|SUBSET_REQUIRED
prerequisite,warhammer_3,8.1.1,24237342,Daemons of Chaos,daemons_of_chaos,wh3_main_sc_dae_daemons,Daemon Prince,Daemon_Prince,legendary_lord,wh3_main_dae_daemon_prince,general,general,wh3_main_dae_daemon_prince|wh3_main_dae_daemons_qb1,true,false,true,true,false,true,,legendary_lords,wh3_main_skill_node_set_dae_daemon_prince,,1,general,false,false,,,,wh3_main_skill_node_dae_daemon_prince_tzeentch_3_1,wh3_main_skill_dae_tzeentch_campaign_diplomacy,Knowing Diplomat,,,,,,,,,,,,,,,,,,,,,,,,,,,,wh3_main_skill_node_dae_daemon_prince_tzeentch_2,wh3_main_skill_dae_tzeentch_campaign_unit_upkeep,Motivated,wh3_main_skill_node_dae_daemon_prince_tzeentch_3_1,wh3_main_skill_dae_tzeentch_campaign_diplomacy,Knowing Diplomat,REQUIRED,0,0,0,0,0,,,,,,,,,,,character_skill_node_links_tables,wh3_main_skill_node_dae_daemon_prince_tzeentch_2|wh3_main_skill_node_dae_daemon_prince_tzeentch_3_1|REQUIRED
prerequisite,warhammer_3,8.1.1,24237342,Daemons of Chaos,daemons_of_chaos,wh3_main_sc_dae_daemons,Daemon Prince,Daemon_Prince,legendary_lord,wh3_main_dae_daemon_prince,general,general,wh3_main_dae_daemon_prince|wh3_main_dae_daemons_qb1,true,false,true,true,false,true,,legendary_lords,wh3_main_skill_node_set_dae_daemon_prince,,1,general,false,false,,,,wh3_main_skill_node_dae_daemon_prince_tzeentch_3_2,wh3_main_skill_dae_lord_army_buff_3_2,Riders of Revision,,,,,,,,,,,,,,,,,,,,,,,,,,,,wh3_main_skill_node_dae_daemon_prince_tzeentch_2,wh3_main_skill_dae_tzeentch_campaign_unit_upkeep,Motivated,wh3_main_skill_node_dae_daemon_prince_tzeentch_3_2,wh3_main_skill_dae_lord_army_buff_3_2,Riders of Revision,REQUIRED,0,0,0,0,0,,,,,,,,,,,character_skill_node_links_tables,wh3_main_skill_node_dae_daemon_prince_tzeentch_2|wh3_main_skill_node_dae_daemon_prince_tzeentch_3_2|REQUIRED
prerequisite,warhammer_3,8.1.1,24237342,Daemons of Chaos,daemons_of_chaos,wh3_main_sc_dae_daemons,Daemon Prince,Daemon_Prince,legendary_lord,wh3_main_dae_daemon_prince,general,general,wh3_main_dae_daemon_prince|wh3_main_dae_daemons_qb1,true,false,true,true,false,true,,legendary_lords,wh3_main_skill_node_set_dae_daemon_prince,,1,general,false,false,,,,wh3_main_skill_node_dae_daemon_prince_tzeentch_3_3,wh3_main_skill_dae_lord_army_buff_3_3,Behemoths of Perpetual Conversion,,,,,,,,,,,,,,,,,,,,,,,,,,,,wh3_main_skill_node_dae_daemon_prince_tzeentch_2,wh3_main_skill_dae_tzeentch_campaign_unit_upkeep,Motivated,wh3_main_skill_node_dae_daemon_prince_tzeentch_3_3,wh3_main_skill_dae_lord_army_buff_3_3,Behemoths of Perpetual Conversion,REQUIRED,0,0,0,0,0,,,,,,,,,,,character_skill_node_links_tables,wh3_main_skill_node_dae_daemon_prince_tzeentch_2|wh3_main_skill_node_dae_daemon_prince_tzeentch_3_3|REQUIRED
prerequisite,warhammer_3,8.1.1,24237342,Daemons of Chaos,daemons_of_chaos,wh3_main_sc_dae_daemons,Daemon Prince,Daemon_Prince,legendary_lord,wh3_main_dae_daemon_prince,general,general,wh3_main_dae_daemon_prince|wh3_main_dae_daemons_qb1,true,false,true,true,false,true,,legendary_lords,wh3_main_skill_node_set_dae_daemon_prince,,1,general,false,false,,,,wh3_main_skill_node_dae_daemon_prince_tzeentch_4,wh3_main_skill_dae_tzeentch_reign_of_chaos_buff_2,Tempting Truths,,,,,,,,,,,,,,,,,,,,,,,,,,,,wh3_main_skill_node_dae_daemon_prince_tzeentch_3_1,wh3_main_skill_dae_tzeentch_campaign_diplomacy,Knowing Diplomat,wh3_main_skill_node_dae_daemon_prince_tzeentch_4,wh3_main_skill_dae_tzeentch_reign_of_chaos_buff_2,Tempting Truths,SUBSET_REQUIRED,0,0,0,0,0,,,,,,,,,,,character_skill_node_links_tables,wh3_main_skill_node_dae_daemon_prince_tzeentch_3_1|wh3_main_skill_node_dae_daemon_prince_tzeentch_4|SUBSET_REQUIRED
prerequisite,warhammer_3,8.1.1,24237342,Daemons of Chaos,daemons_of_chaos,wh3_main_sc_dae_daemons,Daemon Prince,Daemon_Prince,legendary_lord,wh3_main_dae_daemon_prince,general,general,wh3_main_dae_daemon_prince|wh3_main_dae_daemons_qb1,true,false,true,true,false,true,,legendary_lords,wh3_main_skill_node_set_dae_daemon_prince,,1,general,false,false,,,,wh3_main_skill_node_dae_daemon_prince_tzeentch_4,wh3_main_skill_dae_tzeentch_reign_of_chaos_buff_2,Tempting Truths,,,,,,,,,,,,,,,,,,,,,,,,,,,,wh3_main_skill_node_dae_daemon_prince_tzeentch_3_2,wh3_main_skill_dae_lord_army_buff_3_2,Riders of Revision,wh3_main_skill_node_dae_daemon_prince_tzeentch_4,wh3_main_skill_dae_tzeentch_reign_of_chaos_buff_2,Tempting Truths,SUBSET_REQUIRED,0,0,0,0,0,,,,,,,,,,,character_skill_node_links_tables,wh3_main_skill_node_dae_daemon_prince_tzeentch_3_2|wh3_main_skill_node_dae_daemon_prince_tzeentch_4|SUBSET_REQUIRED
prerequisite,warhammer_3,8.1.1,24237342,Daemons of Chaos,daemons_of_chaos,wh3_main_sc_dae_daemons,Daemon Prince,Daemon_Prince,legendary_lord,wh3_main_dae_daemon_prince,general,general,wh3_main_dae_daemon_prince|wh3_main_dae_daemons_qb1,true,false,true,true,false,true,,legendary_lords,wh3_main_skill_node_set_dae_daemon_prince,,1,general,false,false,,,,wh3_main_skill_node_dae_daemon_prince_tzeentch_4,wh3_main_skill_dae_tzeentch_reign_of_chaos_buff_2,Tempting Truths,,,,,,,,,,,,,,,,,,,,,,,,,,,,wh3_main_skill_node_dae_daemon_prince_tzeentch_3_3,wh3_main_skill_dae_lord_army_buff_3_3,Behemoths of Perpetual Conversion,wh3_main_skill_node_dae_daemon_prince_tzeentch_4,wh3_main_skill_dae_tzeentch_reign_of_chaos_buff_2,Tempting Truths,SUBSET_REQUIRED,0,0,0,0,0,,,,,,,,,,,character_skill_node_links_tables,wh3_main_skill_node_dae_daemon_prince_tzeentch_3_3|wh3_main_skill_node_dae_daemon_prince_tzeentch_4|SUBSET_REQUIRED
prerequisite,warhammer_3,8.1.1,24237342,Daemons of Chaos,daemons_of_chaos,wh3_main_sc_dae_daemons,Daemon Prince,Daemon_Prince,legendary_lord,wh3_main_dae_daemon_prince,general,general,wh3_main_dae_daemon_prince|wh3_main_dae_daemons_qb1,true,false,true,true,false,true,,legendary_lords,wh3_main_skill_node_set_dae_daemon_prince,,1,general,false,false,,,,wh3_main_skill_node_dae_daemon_prince_tzeentch_5_1,wh3_main_skill_dae_tzeentch_army_lord_of_change_barrier,Winged Warriors,,,,,,,,,,,,,,,,,,,,,,,,,,,,wh3_main_skill_node_dae_daemon_prince_tzeentch_4,wh3_main_skill_dae_tzeentch_reign_of_chaos_buff_2,Tempting Truths,wh3_main_skill_node_dae_daemon_prince_tzeentch_5_1,wh3_main_skill_dae_tzeentch_army_lord_of_change_barrier,Winged Warriors,REQUIRED,0,0,0,0,0,,,,,,,,,,,character_skill_node_links_tables,wh3_main_skill_node_dae_daemon_prince_tzeentch_4|wh3_main_skill_node_dae_daemon_prince_tzeentch_5_1|REQUIRED
prerequisite,warhammer_3,8.1.1,24237342,Daemons of Chaos,daemons_of_chaos,wh3_main_sc_dae_daemons,Daemon Prince,Daemon_Prince,legendary_lord,wh3_main_dae_daemon_prince,general,general,wh3_main_dae_daemon_prince|wh3_main_dae_daemons_qb1,true,false,true,true,false,true,,legendary_lords,wh3_main_skill_node_set_dae_daemon_prince,,1,general,false,false,,,,wh3_main_skill_node_dae_daemon_prince_tzeentch_5_2,wh3_main_skill_dae_tzeentch_army_soul_grinder_barrier,Protective Shell,,,,,,,,,,,,,,,,,,,,,,,,,,,,wh3_main_skill_node_dae_daemon_prince_tzeentch_4,wh3_main_skill_dae_tzeentch_reign_of_chaos_buff_2,Tempting Truths,wh3_main_skill_node_dae_daemon_prince_tzeentch_5_2,wh3_main_skill_dae_tzeentch_army_soul_grinder_barrier,Protective Shell,REQUIRED,0,0,0,0,0,,,,,,,,,,,character_skill_node_links_tables,wh3_main_skill_node_dae_daemon_prince_tzeentch_4|wh3_main_skill_node_dae_daemon_prince_tzeentch_5_2|REQUIRED
prerequisite,warhammer_3,8.1.1,24237342,Daemons of Chaos,daemons_of_chaos,wh3_main_sc_dae_daemons,Daemon Prince,Daemon_Prince,legendary_lord,wh3_main_dae_daemon_prince,general,general,wh3_main_dae_daemon_prince|wh3_main_dae_daemons_qb1,true,false,true,true,false,true,,legendary_lords,wh3_main_skill_node_set_dae_daemon_prince,,1,general,false,false,,,,wh3_main_skill_node_dae_daemon_prince_tzeentch_5_3,wh3_main_skill_dae_tzeentch_army_exalted_flamers_barrier,Barrier of Flame,,,,,,,,,,,,,,,,,,,,,,,,,,,,wh3_main_skill_node_dae_daemon_prince_tzeentch_4,wh3_main_skill_dae_tzeentch_reign_of_chaos_buff_2,Tempting Truths,wh3_main_skill_node_dae_daemon_prince_tzeentch_5_3,wh3_main_skill_dae_tzeentch_army_exalted_flamers_barrier,Barrier of Flame,REQUIRED,0,0,0,0,0,,,,,,,,,,,character_skill_node_links_tables,wh3_main_skill_node_dae_daemon_prince_tzeentch_4|wh3_main_skill_node_dae_daemon_prince_tzeentch_5_3|REQUIRED
prerequisite,warhammer_3,8.1.1,24237342,Daemons of Chaos,daemons_of_chaos,wh3_main_sc_dae_daemons,Daemon Prince,Daemon_Prince,legendary_lord,wh3_main_dae_daemon_prince,general,general,wh3_main_dae_daemon_prince|wh3_main_dae_daemons_qb1,true,false,true,true,false,true,,legendary_lords,wh3_main_skill_node_set_dae_daemon_prince,,1,general,false,false,,,,wh3_main_skill_node_dae_daemon_prince_tzeentch_5_4,wh3_main_skill_dae_tzeentch_army_single_entities_leadership,Commanding Change,,,,,,,,,,,,,,,,,,,,,,,,,,,,wh3_main_skill_node_dae_daemon_prince_tzeentch_4,wh3_main_skill_dae_tzeentch_reign_of_chaos_buff_2,Tempting Truths,wh3_main_skill_node_dae_daemon_prince_tzeentch_5_4,wh3_main_skill_dae_tzeentch_army_single_entities_leadership,Commanding Change,REQUIRED,0,0,0,0,0,,,,,,,,,,,character_skill_node_links_tables,wh3_main_skill_node_dae_daemon_prince_tzeentch_4|wh3_main_skill_node_dae_daemon_prince_tzeentch_5_4|REQUIRED
prerequisite,warhammer_3,8.1.1,24237342,Daemons of Chaos,daemons_of_chaos,wh3_main_sc_dae_daemons,Daemon Prince,Daemon_Prince,legendary_lord,wh3_main_dae_daemon_prince,general,general,wh3_main_dae_daemon_prince|wh3_main_dae_daemons_qb1,true,false,true,true,false,true,,legendary_lords,wh3_main_skill_node_set_dae_daemon_prince,,1,general,false,false,,,,wh3_main_skill_node_dae_daemon_prince_undivided_1_1,wh3_main_skill_dae_undivided_campaign_corruption_buff,Infecting Presence,,,,,,,,,,,,,,,,,,,,,,,,,,,,wh3_main_skill_node_dae_daemon_prince_glory_5,wh3_main_skill_dae_lord_campaign_undivided,Glorious Warfare,wh3_main_skill_node_dae_daemon_prince_undivided_1_1,wh3_main_skill_dae_undivided_campaign_corruption_buff,Infecting Presence,REQUIRED,0,0,0,0,0,,,,,,,,,,,character_skill_node_links_tables,wh3_main_skill_node_dae_daemon_prince_glory_5|wh3_main_skill_node_dae_daemon_prince_undivided_1_1|REQUIRED
prerequisite,warhammer_3,8.1.1,24237342,Daemons of Chaos,daemons_of_chaos,wh3_main_sc_dae_daemons,Daemon Prince,Daemon_Prince,legendary_lord,wh3_main_dae_daemon_prince,general,general,wh3_main_dae_daemon_prince|wh3_main_dae_daemons_qb1,true,false,true,true,false,true,,legendary_lords,wh3_main_skill_node_set_dae_daemon_prince,,1,general,false,false,,,,wh3_main_skill_node_dae_daemon_prince_undivided_1_2,wh3_main_skill_dae_undivided_campaign_growth,Growing Chaos,,,,,,,,,,,,,,,,,,,,,,,,,,,,wh3_main_skill_node_dae_daemon_prince_glory_5,wh3_main_skill_dae_lord_campaign_undivided,Glorious Warfare,wh3_main_skill_node_dae_daemon_prince_undivided_1_2,wh3_main_skill_dae_undivided_campaign_growth,Growing Chaos,REQUIRED,0,0,0,0,0,,,,,,,,,,,character_skill_node_links_tables,wh3_main_skill_node_dae_daemon_prince_glory_5|wh3_main_skill_node_dae_daemon_prince_undivided_1_2|REQUIRED
prerequisite,warhammer_3,8.1.1,24237342,Daemons of Chaos,daemons_of_chaos,wh3_main_sc_dae_daemons,Daemon Prince,Daemon_Prince,legendary_lord,wh3_main_dae_daemon_prince,general,general,wh3_main_dae_daemon_prince|wh3_main_dae_daemons_qb1,true,false,true,true,false,true,,legendary_lords,wh3_main_skill_node_set_dae_daemon_prince,,1,general,false,false,,,,wh3_main_skill_node_dae_daemon_prince_undivided_1_3,wh3_main_skill_dae_undivided_campaign_control,Unforgiving Rule,,,,,,,,,,,,,,,,,,,,,,,,,,,,wh3_main_skill_node_dae_daemon_prince_glory_5,wh3_main_skill_dae_lord_campaign_undivided,Glorious Warfare,wh3_main_skill_node_dae_daemon_prince_undivided_1_3,wh3_main_skill_dae_undivided_campaign_control,Unforgiving Rule,REQUIRED,0,0,0,0,0,,,,,,,,,,,character_skill_node_links_tables,wh3_main_skill_node_dae_daemon_prince_glory_5|wh3_main_skill_node_dae_daemon_prince_undivided_1_3|REQUIRED
prerequisite,warhammer_3,8.1.1,24237342,Daemons of Chaos,daemons_of_chaos,wh3_main_sc_dae_daemons,Daemon Prince,Daemon_Prince,legendary_lord,wh3_main_dae_daemon_prince,general,general,wh3_main_dae_daemon_prince|wh3_main_dae_daemons_qb1,true,false,true,true,false,true,,legendary_lords,wh3_main_skill_node_set_dae_daemon_prince,,1,general,false,false,,,,wh3_main_skill_node_dae_daemon_prince_undivided_1_4,wh3_main_skill_dae_undivided_campaign_diplomacy_bonus_norsca_chaos,Respect of the North,,,,,,,,,,,,,,,,,,,,,,,,,,,,wh3_main_skill_node_dae_daemon_prince_glory_5,wh3_main_skill_dae_lord_campaign_undivided,Glorious Warfare,wh3_main_skill_node_dae_daemon_prince_undivided_1_4,wh3_main_skill_dae_undivided_campaign_diplomacy_bonus_norsca_chaos,Respect of the North,REQUIRED,0,0,0,0,0,,,,,,,,,,,character_skill_node_links_tables,wh3_main_skill_node_dae_daemon_prince_glory_5|wh3_main_skill_node_dae_daemon_prince_undivided_1_4|REQUIRED
prerequisite,warhammer_3,8.1.1,24237342,Daemons of Chaos,daemons_of_chaos,wh3_main_sc_dae_daemons,Daemon Prince,Daemon_Prince,legendary_lord,wh3_main_dae_daemon_prince,general,general,wh3_main_dae_daemon_prince|wh3_main_dae_daemons_qb1,true,false,true,true,false,true,,legendary_lords,wh3_main_skill_node_set_dae_daemon_prince,,1,general,false,false,,,,wh3_main_skill_node_dae_daemon_prince_undivided_2,wh_main_skill_all_lord_campaign_route_marcher,Route Marcher,,,,,,,,,,,,,,,,,,,,,,,,,,,,wh3_main_skill_node_dae_daemon_prince_undivided_1_1,wh3_main_skill_dae_undivided_campaign_corruption_buff,Infecting Presence,wh3_main_skill_node_dae_daemon_prince_undivided_2,wh_main_skill_all_lord_campaign_route_marcher,Route Marcher,SUBSET_REQUIRED,0,0,0,0,0,,,,,,,,,,,character_skill_node_links_tables,wh3_main_skill_node_dae_daemon_prince_undivided_1_1|wh3_main_skill_node_dae_daemon_prince_undivided_2|SUBSET_REQUIRED
prerequisite,warhammer_3,8.1.1,24237342,Daemons of Chaos,daemons_of_chaos,wh3_main_sc_dae_daemons,Daemon Prince,Daemon_Prince,legendary_lord,wh3_main_dae_daemon_prince,general,general,wh3_main_dae_daemon_prince|wh3_main_dae_daemons_qb1,true,false,true,true,false,true,,legendary_lords,wh3_main_skill_node_set_dae_daemon_prince,,1,general,false,false,,,,wh3_main_skill_node_dae_daemon_prince_undivided_2,wh_main_skill_all_lord_campaign_route_marcher,Route Marcher,,,,,,,,,,,,,,,,,,,,,,,,,,,,wh3_main_skill_node_dae_daemon_prince_undivided_1_2,wh3_main_skill_dae_undivided_campaign_growth,Growing Chaos,wh3_main_skill_node_dae_daemon_prince_undivided_2,wh_main_skill_all_lord_campaign_route_marcher,Route Marcher,SUBSET_REQUIRED,0,0,0,0,0,,,,,,,,,,,character_skill_node_links_tables,wh3_main_skill_node_dae_daemon_prince_undivided_1_2|wh3_main_skill_node_dae_daemon_prince_undivided_2|SUBSET_REQUIRED
prerequisite,warhammer_3,8.1.1,24237342,Daemons of Chaos,daemons_of_chaos,wh3_main_sc_dae_daemons,Daemon Prince,Daemon_Prince,legendary_lord,wh3_main_dae_daemon_prince,general,general,wh3_main_dae_daemon_prince|wh3_main_dae_daemons_qb1,true,false,true,true,false,true,,legendary_lords,wh3_main_skill_node_set_dae_daemon_prince,,1,general,false,false,,,,wh3_main_skill_node_dae_daemon_prince_undivided_2,wh_main_skill_all_lord_campaign_route_marcher,Route Marcher,,,,,,,,,,,,,,,,,,,,,,,,,,,,wh3_main_skill_node_dae_daemon_prince_undivided_1_3,wh3_main_skill_dae_undivided_campaign_control,Unforgiving Rule,wh3_main_skill_node_dae_daemon_prince_undivided_2,wh_main_skill_all_lord_campaign_route_marcher,Route Marcher,SUBSET_REQUIRED,0,0,0,0,0,,,,,,,,,,,character_skill_node_links_tables,wh3_main_skill_node_dae_daemon_prince_undivided_1_3|wh3_main_skill_node_dae_daemon_prince_undivided_2|SUBSET_REQUIRED
prerequisite,warhammer_3,8.1.1,24237342,Daemons of Chaos,daemons_of_chaos,wh3_main_sc_dae_daemons,Daemon Prince,Daemon_Prince,legendary_lord,wh3_main_dae_daemon_prince,general,general,wh3_main_dae_daemon_prince|wh3_main_dae_daemons_qb1,true,false,true,true,false,true,,legendary_lords,wh3_main_skill_node_set_dae_daemon_prince,,1,general,false,false,,,,wh3_main_skill_node_dae_daemon_prince_undivided_2,wh_main_skill_all_lord_campaign_route_marcher,Route Marcher,,,,,,,,,,,,,,,,,,,,,,,,,,,,wh3_main_skill_node_dae_daemon_prince_undivided_1_4,wh3_main_skill_dae_undivided_campaign_diplomacy_bonus_norsca_chaos,Respect of the North,wh3_main_skill_node_dae_daemon_prince_undivided_2,wh_main_skill_all_lord_campaign_route_marcher,Route Marcher,SUBSET_REQUIRED,0,0,0,0,0,,,,,,,,,,,character_skill_node_links_tables,wh3_main_skill_node_dae_daemon_prince_undivided_1_4|wh3_main_skill_node_dae_daemon_prince_undivided_2|SUBSET_REQUIRED
prerequisite,warhammer_3,8.1.1,24237342,Daemons of Chaos,daemons_of_chaos,wh3_main_sc_dae_daemons,Daemon Prince,Daemon_Prince,legendary_lord,wh3_main_dae_daemon_prince,general,general,wh3_main_dae_daemon_prince|wh3_main_dae_daemons_qb1,true,false,true,true,false,true,,legendary_lords,wh3_main_skill_node_set_dae_daemon_prince,,1,general,false,false,,,,wh3_main_skill_node_dae_daemon_prince_undivided_3_1,wh_main_skill_all_lord_campaign_lightning_strike,Lightning Strike,,,,,,,,,,,,,,,,,,,,,,,,,,,,wh3_main_skill_node_dae_daemon_prince_undivided_2,wh_main_skill_all_lord_campaign_route_marcher,Route Marcher,wh3_main_skill_node_dae_daemon_prince_undivided_3_1,wh_main_skill_all_lord_campaign_lightning_strike,Lightning Strike,REQUIRED,0,0,0,0,0,,,,,,,,,,,character_skill_node_links_tables,wh3_main_skill_node_dae_daemon_prince_undivided_2|wh3_main_skill_node_dae_daemon_prince_undivided_3_1|REQUIRED
prerequisite,warhammer_3,8.1.1,24237342,Daemons of Chaos,daemons_of_chaos,wh3_main_sc_dae_daemons,Daemon Prince,Daemon_Prince,legendary_lord,wh3_main_dae_daemon_prince,general,general,wh3_main_dae_daemon_prince|wh3_main_dae_daemons_qb1,true,false,true,true,false,true,,legendary_lords,wh3_main_skill_node_set_dae_daemon_prince,,1,general,false,false,,,,wh3_main_skill_node_dae_daemon_prince_undivided_3_2,wh3_main_skill_dae_undivided_campaign_khorne_units,Vengeful Companions,,,,,,,,,,,,,,,,,,,,,,,,,,,,wh3_main_skill_node_dae_daemon_prince_undivided_2,wh_main_skill_all_lord_campaign_route_marcher,Route Marcher,wh3_main_skill_node_dae_daemon_prince_undivided_3_2,wh3_main_skill_dae_undivided_campaign_khorne_units,Vengeful Companions,REQUIRED,0,0,0,0,0,,,,,,,,,,,character_skill_node_links_tables,wh3_main_skill_node_dae_daemon_prince_undivided_2|wh3_main_skill_node_dae_daemon_prince_undivided_3_2|REQUIRED
prerequisite,warhammer_3,8.1.1,24237342,Daemons of Chaos,daemons_of_chaos,wh3_main_sc_dae_daemons,Daemon Prince,Daemon_Prince,legendary_lord,wh3_main_dae_daemon_prince,general,general,wh3_main_dae_daemon_prince|wh3_main_dae_daemons_qb1,true,false,true,true,false,true,,legendary_lords,wh3_main_skill_node_set_dae_daemon_prince,,1,general,false,false,,,,wh3_main_skill_node_dae_daemon_prince_undivided_3_3,wh3_main_skill_dae_undivided_campaign_nurgle_units,Friends of Decay,,,,,,,,,,,,,,,,,,,,,,,,,,,,wh3_main_skill_node_dae_daemon_prince_undivided_2,wh_main_skill_all_lord_campaign_route_marcher,Route Marcher,wh3_main_skill_node_dae_daemon_prince_undivided_3_3,wh3_main_skill_dae_undivided_campaign_nurgle_units,Friends of Decay,REQUIRED,0,0,0,0,0,,,,,,,,,,,character_skill_node_links_tables,wh3_main_skill_node_dae_daemon_prince_undivided_2|wh3_main_skill_node_dae_daemon_prince_undivided_3_3|REQUIRED
prerequisite,warhammer_3,8.1.1,24237342,Daemons of Chaos,daemons_of_chaos,wh3_main_sc_dae_daemons,Daemon Prince,Daemon_Prince,legendary_lord,wh3_main_dae_daemon_prince,general,general,wh3_main_dae_daemon_prince|wh3_main_dae_daemons_qb1,true,false,true,true,false,true,,legendary_lords,wh3_main_skill_node_set_dae_daemon_prince,,1,general,false,false,,,,wh3_main_skill_node_dae_daemon_prince_undivided_3_4,wh3_main_skill_dae_undivided_campaign_tzeentch_units,Acolytes of Change,,,,,,,,,,,,,,,,,,,,,,,,,,,,wh3_main_skill_node_dae_daemon_prince_undivided_2,wh_main_skill_all_lord_campaign_route_marcher,Route Marcher,wh3_main_skill_node_dae_daemon_prince_undivided_3_4,wh3_main_skill_dae_undivided_campaign_tzeentch_units,Acolytes of Change,REQUIRED,0,0,0,0,0,,,,,,,,,,,character_skill_node_links_tables,wh3_main_skill_node_dae_daemon_prince_undivided_2|wh3_main_skill_node_dae_daemon_prince_undivided_3_4|REQUIRED
prerequisite,warhammer_3,8.1.1,24237342,Daemons of Chaos,daemons_of_chaos,wh3_main_sc_dae_daemons,Daemon Prince,Daemon_Prince,legendary_lord,wh3_main_dae_daemon_prince,general,general,wh3_main_dae_daemon_prince|wh3_main_dae_daemons_qb1,true,false,true,true,false,true,,legendary_lords,wh3_main_skill_node_set_dae_daemon_prince,,1,general,false,false,,,,wh3_main_skill_node_dae_daemon_prince_undivided_3_5,wh3_main_skill_dae_undivided_campaign_slaanesh_units,Intimate Allies,,,,,,,,,,,,,,,,,,,,,,,,,,,,wh3_main_skill_node_dae_daemon_prince_undivided_2,wh_main_skill_all_lord_campaign_route_marcher,Route Marcher,wh3_main_skill_node_dae_daemon_prince_undivided_3_5,wh3_main_skill_dae_undivided_campaign_slaanesh_units,Intimate Allies,REQUIRED,0,0,0,0,0,,,,,,,,,,,character_skill_node_links_tables,wh3_main_skill_node_dae_daemon_prince_undivided_2|wh3_main_skill_node_dae_daemon_prince_undivided_3_5|REQUIRED
